No,Date,Ticker,Reference,Open_price,Close_price,Highest_price,Lowest_price,Average,Change,Change_percent,Matched_volume,Matched_value,Negotiated_volume,Negotiated_value,Total_volume,Total_value,Market_cap
1,28/08/2026,BSR,"26,500","26,550","26,600","26,950","26,500","26,738",100,0.38,5.99,159.96,0.00,0.00,5.99,159.96,"133,194.17"
2,27/08/2026,BSR,"26,850","26,900","26,500","26,900","26,400","26,567",-350,-1.30,6.28,166.89,0.00,0.00,6.28,166.89,"132,693.44"
3,26/08/2026,BSR,"26,700","26,650","26,850","27,400","26,650","26,985",150,0.56,7.54,203.49,0.02,0.56,7.56,204.05,"134,446.00"
4,25/08/2026,BSR,"27,400","27,200","26,700","27,300","26,600","26,855",-700,-2.55,10.59,284.50,0.20,5.35,10.79,289.85,"133,694.90"
5,24/08/2026,BSR,"26,850","27,000","27,400","27,900","26,850","27,390",550,2.05,14.14,386.90,0.14,3.69,14.27,390.59,"137,200.01"
6,21/08/2026,BSR,"27,000","27,200","26,850","27,200","26,700","26,931",-150,-0.56,8.85,238.50,0.00,0.00,8.85,238.50,"134,446.00"
7,20/08/2026,BSR,"26,700","26,850","27,000","27,050","26,350","26,719",300,1.12,8.28,221.25,0.00,0.00,8.28,221.25,"135,197.09"
8,19/08/2026,BSR,"27,200","27,150","26,700","27,450","26,550","26,862",-500,-1.84,7.31,196.47,0.00,0.00,7.31,196.47,"133,694.90"
9,18/08/2026,BSR,"26,000","26,200","27,200","27,650","26,200","27,177","1,200",4.62,20.59,559.71,0.00,0.00,20.59,559.71,"136,198.55"
10,17/08/2026,BSR,"25,350","25,400","26,000","26,200","24,900","25,561",650,2.56,7.17,183.68,0.00,0.00,7.17,183.68,"130,189.79"
11,14/08/2026,BSR,"26,500","26,450","25,350","26,700","25,350","25,903","-1,150",-4.34,9.79,253.29,0.00,0.00,9.79,253.29,"126,935.05"
12,13/08/2026,BSR,"26,500","26,600","26,500","27,200","26,250","26,726",0,0.00,9.70,259.27,0.00,0.00,9.70,259.27,"132,693.44"
13,12/08/2026,BSR,"26,050","26,150","26,500","26,750","25,900","26,365",450,1.73,7.41,195.42,0.00,0.00,7.41,195.42,"132,693.44"
14,11/08/2026,BSR,"26,600","26,950","26,050","27,150","26,050","26,385",-550,-2.07,8.48,223.62,0.00,0.00,8.48,223.62,"130,440.16"
15,10/08/2026,BSR,"26,200","26,700","26,900","27,550","26,050","26,794",700,2.67,13.08,350.70,0.00,0.00,13.08,350.70,"134,696.36"
16,07/08/2026,BSR,"25,050","25,250","26,200","26,700","25,100","26,203","1,150",4.59,19.09,500.05,0.00,0.00,19.09,500.05,"131,191.25"
17,06/08/2026,BSR,"25,150","25,400","25,050","25,800","24,900","25,308",-100,-0.40,4.80,121.40,0.00,0.00,4.80,121.40,"125,432.86"
18,05/08/2026,BSR,"25,000","25,000","25,150","25,200","24,350","24,602",150,0.60,10.60,261.31,0.00,0.00,10.60,261.31,"125,933.59"
19,04/08/2026,BSR,"25,500","25,550","25,000","25,550","24,900","25,059",-500,-1.96,5.82,145.88,0.07,1.77,5.89,147.66,"125,182.49"
20,03/08/2026,BSR,"25,350","25,000","25,500","25,700","24,950","25,400",150,0.59,5.60,142.16,0.00,0.00,5.60,142.16,"127,686.14"
21,31/07/2026,BSR,"25,700","26,300","25,350","26,450","25,350","25,844",-350,-1.36,11.09,286.47,0.00,0.00,11.09,286.47,"126,935.05"
22,30/07/2026,BSR,"24,800","25,100","25,700","25,700","24,750","25,395",900,3.63,7.28,184.94,0.00,0.00,7.28,184.94,"128,687.60"
23,29/07/2026,BSR,"24,250","24,500","24,800","25,100","24,250","24,735",550,2.27,7.13,176.55,0.00,0.00,7.13,176.55,"124,181.03"
24,28/07/2026,BSR,"23,700","23,500","24,250","24,400","23,500","24,138",550,2.32,7.22,174.29,0.00,0.00,7.22,174.29,"121,427.02"
25,27/07/2026,BSR,"24,000","23,650","23,700","24,700","23,300","23,969",-300,-1.25,8.55,204.83,0.00,0.00,8.55,204.83,"118,673.00"
26,24/07/2026,BSR,"23,350","23,700","24,000","24,750","23,650","24,196",650,2.78,10.13,245.09,0.00,0.00,10.13,245.09,"120,175.19"
27,23/07/2026,BSR,"23,000","23,500","23,350","23,650","22,950","23,306",350,1.52,5.80,135.20,0.00,0.00,5.80,135.20,"116,920.45"
28,22/07/2026,BSR,"23,050","23,150","23,000","23,700","22,600","23,065",-50,-0.22,7.63,176.12,0.00,0.00,7.63,176.12,"115,167.89"
29,21/07/2026,BSR,"24,650","24,150","23,050","24,700","22,950","23,578","-1,600",-6.49,14.60,343.66,0.00,0.00,14.60,343.66,"115,418.26"
30,20/07/2026,BSR,"24,900","25,500","24,650","25,550","24,500","25,045",-250,-1.00,8.08,202.36,0.00,0.00,8.08,202.36,"123,429.94"
31,17/07/2026,BSR,"26,000","26,050","24,900","26,050","24,800","25,132","-1,100",-4.23,7.35,184.53,0.00,0.00,7.35,184.53,"124,681.76"
32,16/07/2026,BSR,"26,300","26,300","26,000","26,550","24,650","25,521",-300,-1.14,9.47,241.21,0.00,0.00,9.47,241.21,"130,189.79"
33,15/07/2026,BSR,"27,200","27,100","26,300","27,150","26,050","26,469",-900,-3.31,9.27,245.40,0.00,0.00,9.27,245.40,"131,691.98"
34,14/07/2026,BSR,"25,750","26,350","27,200","27,450","26,200","27,051","1,450",5.63,18.61,499.49,0.00,0.00,18.61,499.49,"136,198.55"
35,13/07/2026,BSR,"25,500","26,200","25,750","26,550","25,450","25,979",250,0.98,8.51,221.15,0.00,0.00,8.51,221.15,"128,937.97"
36,10/07/2026,BSR,"26,350","26,450","25,500","26,450","25,500","25,828",-850,-3.23,7.83,202.30,0.00,0.00,7.83,202.30,"127,686.14"
37,09/07/2026,BSR,"25,100","25,300","26,350","26,650","25,300","26,184","1,250",4.98,21.21,554.90,0.02,0.50,21.23,555.40,"131,942.35"
38,08/07/2026,BSR,"24,250","25,000","25,100","25,600","24,850","25,139",850,3.51,12.72,320.06,0.00,0.00,12.72,320.06,"125,683.22"
39,07/07/2026,BSR,"23,500","23,900","24,250","24,250","23,350","23,803",750,3.19,6.98,166.31,0.00,0.00,6.98,166.31,"121,427.02"
40,06/07/2026,BSR,"24,700","24,700","23,500","24,850","23,500","24,079","-1,200",-4.86,10.58,254.34,0.02,0.52,10.60,254.86,"117,671.54"
41,03/07/2026,BSR,"24,900","24,900","24,700","25,350","24,550","24,878",-200,-0.80,4.94,122.89,0.00,0.00,4.94,122.89,"123,680.30"
42,02/07/2026,BSR,"25,450","25,300","24,900","25,400","24,900","25,044",-550,-2.16,5.27,132.07,0.07,1.82,5.34,133.89,"124,681.76"
43,01/07/2026,BSR,"24,150","24,250","25,450","25,800","24,250","25,253","1,300",5.38,11.72,296.14,0.00,0.00,11.72,296.14,"127,435.78"
44,30/06/2026,BSR,"24,400","24,600","24,150","24,650","24,100","24,301",-250,-1.02,6.22,151.18,0.00,0.00,6.22,151.18,"120,926.29"
45,29/06/2026,BSR,"24,250","24,500","24,400","24,850","24,150","24,414",150,0.62,9.41,229.77,0.00,0.00,9.41,229.77,"122,178.11"
46,26/06/2026,BSR,"24,600","24,700","24,250","24,900","24,250","24,476",-350,-1.42,5.81,142.33,0.00,0.00,5.81,142.33,"121,427.02"
47,25/06/2026,BSR,"25,550","25,450","24,600","25,450","24,600","24,798",-950,-3.72,8.79,217.94,0.00,0.00,8.79,217.94,"123,179.57"
48,24/06/2026,BSR,"25,100","25,300","25,550","25,750","24,300","24,946",450,1.79,13.36,333.29,0.00,0.00,13.36,333.29,"127,936.51"
49,23/06/2026,BSR,"26,400","26,550","25,100","26,550","25,100","25,687","-1,300",-4.92,15.25,391.03,0.00,0.00,15.25,391.03,"125,683.22"
50,22/06/2026,BSR,"26,050","26,400","26,400","26,850","26,250","26,508",350,1.34,6.72,178.28,0.00,0.00,6.72,178.28,"132,192.71"
51,19/06/2026,BSR,"26,400","26,600","26,050","26,650","26,000","26,214",-350,-1.33,7.75,203.17,0.11,3.16,7.86,206.33,"130,440.16"
52,18/06/2026,BSR,"26,350","26,300","26,400","27,000","26,300","26,556",50,0.19,7.94,210.98,0.00,0.00,7.94,210.98,"132,192.71"
53,17/06/2026,BSR,"26,800","26,450","26,350","27,100","26,300","26,504",-450,-1.68,8.23,218.22,0.00,0.00,8.23,218.22,"131,942.35"
54,16/06/2026,BSR,"26,500","26,450","26,800","27,000","26,200","26,509",300,1.13,6.80,180.32,0.00,0.00,6.80,180.32,"134,195.63"
55,15/06/2026,BSR,"28,100","26,800","26,500","27,800","26,200","26,732","-1,600",-5.69,14.67,392.00,0.10,3.00,14.77,395.00,"132,693.44"
56,12/06/2026,BSR,"28,050","28,000","28,100","28,600","27,750","28,128",50,0.18,6.63,186.60,0.18,4.93,6.81,191.54,"140,705.12"
57,11/06/2026,BSR,"27,950","28,300","28,050","28,700","28,050","28,333",100,0.36,4.47,126.72,0.12,3.21,4.59,129.93,"140,454.76"
58,10/06/2026,BSR,"28,050","28,150","27,950","28,450","27,900","28,048",-100,-0.36,4.45,124.93,0.20,5.55,4.66,130.49,"139,954.03"
59,09/06/2026,BSR,"28,600","28,800","28,050","28,800","28,050","28,261",-550,-1.92,5.08,143.57,0.12,3.22,5.19,146.79,"140,454.76"
60,08/06/2026,BSR,"28,500","28,450","28,600","29,100","28,300","28,668",100,0.35,7.42,212.75,0.14,4.02,7.57,216.77,"143,208.77"
61,05/06/2026,BSR,"28,900","28,800","28,500","29,400","28,300","28,681",-400,-1.38,6.09,175.02,0.02,0.61,6.11,175.63,"142,708.04"
62,04/06/2026,BSR,"27,850","28,300","28,900","29,500","28,250","28,871","1,050",3.77,7.15,206.53,0.25,7.01,7.40,213.55,"144,710.96"
63,03/06/2026,BSR,"27,700","28,000","27,850","28,350","27,700","27,991",150,0.54,4.90,137.10,0.00,0.00,4.90,137.10,"139,453.30"
64,02/06/2026,BSR,"28,600","28,900","27,700","29,100","27,450","28,341",-900,-3.15,10.55,298.81,0.00,0.00,10.55,298.81,"138,702.20"
65,01/06/2026,BSR,"29,750","29,800","28,600","29,850","28,500","29,096","-1,150",-3.87,9.00,261.84,0.00,0.00,9.00,261.84,"143,208.77"
66,29/05/2026,BSR,"28,500","28,400","29,750","29,950","28,000","28,923","1,250",4.39,14.39,417.76,0.00,0.00,14.39,417.76,"148,967.17"
67,28/05/2026,BSR,"28,250","28,250","28,500","29,250","27,500","28,483",250,0.88,14.15,403.73,0.00,0.00,14.15,403.73,"142,708.04"
68,27/05/2026,BSR,"28,500","28,800","28,250","29,150","28,200","28,544",-250,-0.88,7.03,200.55,0.00,0.00,7.03,200.55,"141,456.22"
69,26/05/2026,BSR,"28,200","28,700","28,500","29,250","28,300","28,613",300,1.06,7.75,221.91,0.00,0.00,7.75,221.91,"142,708.04"
70,25/05/2026,BSR,"29,700","28,500","28,200","29,200","28,050","28,401","-1,500",-5.05,15.12,429.23,0.00,0.00,15.12,429.23,"141,205.85"
71,22/05/2026,BSR,"30,700","30,950","29,700","31,100","29,600","30,162","-1,000",-3.26,12.25,370.00,0.00,0.00,12.25,370.00,"148,716.80"
72,21/05/2026,BSR,"31,800","31,500","30,700","31,550","30,350","30,766","-1,100",-3.46,8.31,255.76,0.00,0.00,8.31,255.76,"153,724.10"
73,20/05/2026,BSR,"31,150","30,350","31,800","32,300","29,000","30,509",650,2.09,27.30,832.24,0.00,0.00,27.30,832.24,"159,232.13"
74,19/05/2026,BSR,"33,450","33,450","31,150","33,850","31,150","32,045","-2,300",-6.88,31.73,"1,012.03",0.00,0.00,31.73,"1,012.03","155,977.39"
75,18/05/2026,BSR,"31,750","32,000","33,450","33,950","31,950","32,968","1,700",5.35,20.89,689.28,0.00,0.00,20.89,689.28,"167,494.17"
76,15/05/2026,BSR,"30,250","29,900","31,750","31,900","29,900","30,916","1,500",4.96,19.69,608.92,0.50,15.48,20.19,624.40,"158,981.77"
77,14/05/2026,BSR,"30,200","30,500","30,250","31,100","29,650","30,389",50,0.17,15.95,485.00,0.00,0.00,15.95,485.00,"151,470.82"
78,13/05/2026,BSR,"29,100","29,300","30,200","31,100","28,600","30,267","1,100",3.78,31.37,951.17,0.00,0.00,31.37,951.17,"151,220.45"
79,12/05/2026,BSR,"27,750","28,200","29,100","29,450","27,550","28,560","1,350",4.86,27.10,774.18,0.00,0.00,27.10,774.18,"145,712.42"
80,11/05/2026,BSR,"25,950","26,350","27,750","27,750","25,800","27,138","1,800",6.94,27.08,737.15,0.00,0.00,27.08,737.15,"138,952.57"
81,08/05/2026,BSR,"25,500","26,300","25,950","26,400","25,550","25,988",450,1.76,10.02,260.49,0.00,0.00,10.02,260.49,"129,939.43"
82,07/05/2026,BSR,"26,700","26,500","25,500","26,650","25,450","25,869","-1,200",-4.49,15.91,411.25,0.00,0.00,15.91,411.25,"127,686.14"
83,06/05/2026,BSR,"26,750","26,650","26,700","27,500","26,100","26,961",-50,-0.19,19.35,521.96,0.00,0.00,19.35,521.96,"133,694.90"
84,05/05/2026,BSR,"25,250","25,950","26,750","27,000","25,500","26,239","1,500",5.94,24.54,643.87,0.20,5.00,24.74,648.87,"133,945.27"
85,04/05/2026,BSR,"23,600","25,250","25,250","25,250","24,750","25,189","1,650",6.99,8.11,204.40,0.00,0.00,8.11,204.40,"126,434.32"
86,29/04/2026,BSR,"23,400","23,200","23,600","23,900","23,150","23,499",200,0.85,9.69,227.76,0.00,0.00,9.69,227.76,"118,172.27"
87,28/04/2026,BSR,"25,000","24,800","23,400","25,000","23,300","23,859","-1,600",-6.40,20.26,482.39,0.00,0.00,20.26,482.39,"117,170.81"
88,24/04/2026,BSR,"25,000","25,300","25,000","25,800","24,900","25,241",0,0.00,7.70,194.26,0.06,1.57,7.76,195.83,"125,182.49"
89,23/04/2026,BSR,"25,950","26,250","25,000","26,250","24,450","25,310",-950,-3.66,16.83,424.98,0.00,0.00,16.83,424.98,"125,182.49"
90,22/04/2026,BSR,"26,100","26,350","25,950","26,500","25,950","26,155",-150,-0.57,5.46,142.76,0.06,1.59,5.52,144.34,"129,939.43"
91,21/04/2026,BSR,"26,150","26,200","26,100","26,700","25,900","26,220",-50,-0.19,9.31,244.38,0.00,0.00,9.31,244.38,"130,690.52"
92,20/04/2026,BSR,"26,700","26,750","26,150","26,850","26,000","26,315",-550,-2.06,7.86,207.06,0.16,4.17,8.02,211.23,"130,940.89"
93,17/04/2026,BSR,"25,800","26,300","26,700","26,900","25,800","26,324",900,3.49,10.43,274.68,0.00,0.00,10.43,274.68,"133,694.90"
94,16/04/2026,BSR,"26,150","26,100","25,800","26,500","25,800","26,057",-350,-1.34,9.60,250.21,0.10,2.78,9.70,252.99,"129,188.33"
95,15/04/2026,BSR,"26,300","26,300","26,150","26,950","25,900","26,272",-150,-0.57,11.32,297.47,0.00,0.00,11.32,297.47,"130,940.89"
96,14/04/2026,BSR,"27,350","27,900","26,300","27,900","26,100","26,733","-1,050",-3.84,16.98,453.21,0.10,2.82,17.08,456.03,"131,691.98"
97,13/04/2026,BSR,"26,750","27,250","27,350","27,850","26,800","27,340",600,2.24,13.43,367.37,0.00,0.00,13.43,367.37,"136,949.65"
98,10/04/2026,BSR,"25,000","25,400","26,750","26,750","25,100","26,147","1,750",7.00,20.10,528.07,0.06,1.58,20.16,529.65,"133,945.27"
99,09/04/2026,BSR,"25,700","25,800","25,000","26,000","25,000","25,320",-700,-2.72,8.89,224.99,0.00,0.00,8.89,224.99,"125,182.49"
100,08/04/2026,BSR,"25,150","25,600","25,700","25,900","24,950","25,428",550,2.19,14.57,370.86,0.06,1.58,14.63,372.44,"128,687.60"
101,07/04/2026,BSR,"25,100","25,300","25,150","26,200","24,600","25,236",50,0.20,10.89,274.81,0.00,0.00,10.89,274.81,"125,933.59"
102,06/04/2026,BSR,"26,350","26,400","25,100","26,500","25,000","25,599","-1,250",-4.74,9.93,253.99,0.06,1.66,9.99,255.65,"125,683.22"
103,03/04/2026,BSR,"25,900","26,400","26,350","27,100","26,300","26,604",450,1.74,9.86,262.46,0.00,0.00,9.86,262.46,"131,942.35"
104,02/04/2026,BSR,"26,300","26,350","25,900","27,250","25,350","25,996",-400,-1.52,16.03,416.54,0.06,1.61,16.09,418.16,"129,689.06"
105,01/04/2026,BSR,"27,650","27,650","26,300","28,000","26,100","26,969","-1,350",-4.88,23.34,629.45,0.00,0.00,23.34,629.45,"131,691.98"
106,31/03/2026,BSR,"29,150","29,600","27,650","29,650","27,650","28,250","-1,500",-5.15,20.46,578.18,0.00,0.00,20.46,578.18,"138,451.84"
107,30/03/2026,BSR,"27,600","28,450","29,150","29,300","28,100","28,764","1,550",5.62,19.70,566.64,0.00,0.00,19.70,566.64,"145,962.79"
108,27/03/2026,BSR,"27,250","27,350","27,600","27,750","27,000","27,379",350,1.28,10.86,297.53,0.00,0.00,10.86,297.53,"138,201.47"
109,26/03/2026,BSR,"27,500","27,750","27,250","27,800","26,500","26,992",-250,-0.91,9.55,257.88,0.00,0.00,9.55,257.88,"136,448.92"
110,25/03/2026,BSR,"26,400","26,950","27,500","28,200","26,800","27,549","1,100",4.17,16.95,468.97,0.00,0.00,16.95,468.97,"137,700.74"
111,24/03/2026,BSR,"26,100","26,750","26,400","27,450","24,650","26,184",300,1.15,20.13,526.98,0.00,0.00,20.13,526.98,"132,192.71"
112,23/03/2026,BSR,"28,050","27,100","26,100","29,000","26,100","27,874","-1,950",-6.95,25.17,695.14,0.00,0.00,25.17,695.14,"130,690.52"
113,20/03/2026,BSR,"29,300","29,000","28,050","29,950","27,250","28,047","-1,250",-4.27,34.03,951.32,0.00,0.00,34.03,951.32,"140,454.76"
114,19/03/2026,BSR,"30,650","31,900","29,300","32,000","29,300","30,711","-1,350",-4.40,16.05,488.65,0.00,0.00,16.05,488.65,"146,713.88"
115,18/03/2026,BSR,"30,500","28,450","30,650","32,600","28,450","30,521",150,0.49,37.08,"1,130.07",0.00,0.00,37.08,"1,130.07","153,473.74"
116,17/03/2026,BSR,"32,750","31,900","30,500","32,750","30,500","31,065","-2,250",-6.87,16.52,513.55,0.40,12.20,16.92,525.75,"152,722.64"
117,16/03/2026,BSR,"35,200","35,050","32,750","35,050","32,750","32,988","-2,450",-6.96,18.03,593.77,0.00,0.00,18.03,593.77,"163,989.06"
118,13/03/2026,BSR,"37,800","38,250","35,200","39,500","35,200","36,469","-2,600",-6.88,35.61,"1,297.56",0.00,0.00,35.61,"1,297.56","176,256.95"
119,12/03/2026,BSR,"36,150","37,300","37,800","38,000","36,500","37,365","1,650",4.56,17.24,643.87,0.00,0.00,17.24,643.87,"189,275.93"
120,11/03/2026,BSR,"33,800","33,500","36,150","36,150","32,950","34,284","2,350",6.95,19.02,653.46,0.00,0.00,19.02,653.46,"181,013.88"
121,10/03/2026,BSR,"36,100","35,450","33,800","37,900","33,700","35,328","-2,300",-6.37,31.75,"1,127.19",0.00,0.00,31.75,"1,127.19","169,246.73"
122,09/03/2026,BSR,"37,050","39,600","36,100","39,600","36,100","38,229",-950,-2.56,35.55,"1,364.52",0.06,2.34,35.61,"1,366.86","180,763.52"
123,06/03/2026,BSR,"35,600","35,800","37,050","37,800","35,700","37,002","1,450",4.07,21.56,797.46,0.00,0.00,21.56,797.46,"185,520.45"
124,05/03/2026,BSR,"37,850","37,850","35,600","38,450","35,600","36,797","-2,250",-5.94,27.39,"1,010.67",0.00,0.00,27.39,"1,010.67","178,259.87"
125,04/03/2026,BSR,"35,650","36,100","37,850","37,950","34,100","35,901","2,200",6.17,27.43,989.52,0.00,0.00,27.43,989.52,"189,526.29"
126,03/03/2026,BSR,"33,350","35,650","35,650","35,650","32,050","34,788","2,300",6.90,49.02,"1,711.08",0.00,0.00,49.02,"1,711.08","178,510.23"
127,02/03/2026,BSR,"31,200","33,350","33,350","33,350","33,350","33,350","2,150",6.89,4.10,136.65,0.00,0.00,4.10,136.65,"166,993.44"
128,27/02/2026,BSR,"30,000","30,550","31,200","32,000","30,200","31,150","1,200",4.00,18.19,567.09,0.00,0.00,18.19,567.09,"156,227.75"
129,26/02/2026,BSR,"29,350","29,300","30,000","30,000","28,350","29,356",650,2.21,23.27,683.58,0.00,0.00,23.27,683.58,"150,218.99"
130,25/02/2026,BSR,"28,000","28,700","29,350","29,950","27,500","29,064","1,350",4.82,26.34,767.17,0.00,0.00,26.34,767.17,"146,964.25"
131,24/02/2026,BSR,"26,200","26,850","28,000","28,000","26,800","27,667","1,800",6.87,31.80,879.83,0.00,0.00,31.80,879.83,"140,204.39"
132,23/02/2026,BSR,"24,500","25,300","26,200","26,200","25,100","25,983","1,700",6.94,14.42,374.48,0.00,0.00,14.42,374.48,"131,191.25"
133,13/02/2026,BSR,"23,900","23,950","24,500","24,800","23,700","24,183",600,2.51,13.36,323.84,0.00,0.00,13.36,323.84,"122,678.84"
134,12/02/2026,BSR,"23,450","23,800","23,900","24,400","23,800","24,011",450,1.92,10.94,262.79,0.00,0.00,10.94,262.79,"119,674.46"
135,11/02/2026,BSR,"23,100","23,100","23,450","23,700","22,400","23,200",350,1.52,13.78,320.31,0.00,0.00,13.78,320.31,"117,421.18"
136,10/02/2026,BSR,"24,650","24,600","23,100","25,150","22,950","23,724","-1,550",-6.29,37.26,884.11,0.00,0.00,37.26,884.11,"115,668.62"
137,09/02/2026,BSR,"24,550","25,000","24,650","25,100","24,400","24,781",100,0.41,10.41,258.00,0.00,0.00,10.41,258.00,"123,429.94"
138,06/02/2026,BSR,"24,400","23,800","24,550","25,450","23,200","24,213",150,0.61,31.34,762.24,0.00,0.00,31.34,762.24,"122,929.21"
139,05/02/2026,BSR,"24,050","24,550","24,400","25,150","24,150","24,680",350,1.46,24.53,606.07,0.00,0.00,24.53,606.07,"122,178.11"
140,04/02/2026,BSR,"23,900","23,800","24,050","24,500","23,400","23,862",150,0.63,18.17,434.04,0.00,0.00,18.17,434.04,"120,425.56"
141,03/02/2026,BSR,"23,900","24,300","23,900","24,800","23,900","24,354",0,0.00,23.66,576.57,0.31,6.89,23.96,583.46,"119,674.46"
142,02/02/2026,BSR,"22,400","22,700","23,900","23,900","22,400","23,331","1,500",6.70,32.54,759.70,0.00,0.00,32.54,759.70,"119,674.46"
143,30/01/2026,BSR,"21,850","22,500","22,400","22,900","22,050","22,502",550,2.52,22.20,499.49,0.00,0.00,22.20,499.49,"112,163.51"
144,29/01/2026,BSR,"21,900","22,000","21,850","22,050","21,100","21,489",-50,-0.23,16.71,358.96,0.00,0.00,16.71,358.96,"109,409.50"
145,28/01/2026,BSR,"21,500","22,000","21,900","23,000","21,500","22,269",400,1.86,41.66,929.34,0.00,0.00,41.66,929.34,"109,659.86"
146,27/01/2026,BSR,"20,850","20,900","21,500","22,000","20,650","21,201",650,3.12,22.59,480.38,0.00,0.00,22.59,480.38,"107,656.94"
147,26/01/2026,BSR,"20,650","20,900","20,850","21,550","20,550","21,014",200,0.97,24.33,511.79,0.12,2.35,24.45,514.14,"104,402.20"
148,23/01/2026,BSR,"22,200","22,250","20,650","22,350","20,650","21,229","-1,550",-6.98,40.73,863.88,0.00,0.00,40.73,863.88,"103,400.74"
149,22/01/2026,BSR,"22,200","23,150","22,200","23,200","22,000","22,730",0,0.00,31.66,720.01,0.00,0.00,31.66,720.01,"111,162.05"
150,21/01/2026,BSR,"20,750","20,450","22,200","22,200","20,300","21,295","1,450",6.99,40.78,868.57,0.00,0.00,40.78,868.57,"111,162.05"
151,20/01/2026,BSR,"20,800","21,000","20,750","21,250","20,700","20,958",-50,-0.24,23.61,494.80,0.00,0.00,23.61,494.80,"103,901.47"
152,19/01/2026,BSR,"20,150","20,250","20,800","21,100","20,050","20,600",650,3.23,22.52,464.48,0.05,1.06,22.57,465.54,"104,151.83"
153,16/01/2026,BSR,"20,700","20,850","20,150","21,650","20,000","20,672",-550,-2.66,32.24,668.13,0.00,0.00,32.24,668.13,"100,897.09"
154,15/01/2026,BSR,"21,400","21,000","20,700","21,600","20,500","20,908",-700,-3.27,29.70,621.24,0.00,0.00,29.70,621.24,"103,651.10"
155,14/01/2026,BSR,"20,950","21,600","21,400","21,900","20,400","21,390",450,2.15,38.29,819.80,0.00,0.00,38.29,819.80,"107,156.21"
156,13/01/2026,BSR,"19,600","19,650","20,950","20,950","19,500","20,863","1,350",6.89,46.66,949.51,0.00,0.00,46.66,949.51,"104,902.93"
157,12/01/2026,BSR,"19,700","20,100","19,600","20,850","19,050","19,736",-100,-0.51,34.09,672.39,0.00,0.00,34.09,672.39,"98,143.07"
158,09/01/2026,BSR,"18,600","18,700","19,700","19,900","18,700","19,667","1,100",5.91,38.81,764.07,0.00,0.00,38.81,764.07,"98,643.80"
159,08/01/2026,BSR,"17,950","18,850","18,600","19,200","18,250","18,868",650,3.62,44.57,842.46,0.00,0.00,44.57,842.46,"93,135.77"
160,07/01/2026,BSR,"16,800","16,900","17,950","17,950","16,750","17,517","1,150",6.85,31.37,551.25,0.00,0.00,31.37,551.25,"89,881.03"
161,06/01/2026,BSR,"16,250","16,200","16,800","17,100","16,200","16,817",550,3.38,20.49,344.40,0.00,0.00,20.49,344.40,"84,122.63"
162,05/01/2026,BSR,"16,100","16,600","16,250","16,950","16,150","16,544",150,0.93,16.54,273.61,0.00,0.00,16.54,273.61,"81,368.62"
163,31/12/2025,BSR,"16,200","16,300","16,100","16,350","16,100","16,193",-100,-0.62,5.36,86.83,0.00,0.00,5.36,86.83,"80,617.52"
164,30/12/2025,BSR,"16,700","16,900","16,200","16,900","16,200","16,481",-500,-2.99,7.35,121.21,0.00,0.00,7.35,121.21,"81,118.25"
165,29/12/2025,BSR,"16,250","16,400","16,700","17,150","16,250","16,727",450,2.77,17.51,292.86,0.00,0.00,17.51,292.86,"83,621.90"
166,26/12/2025,BSR,"15,900","15,900","16,250","16,300","15,700","16,071",350,2.20,11.69,187.80,0.00,0.00,11.69,187.80,"81,368.62"
167,25/12/2025,BSR,"16,150","16,150","15,900","16,250","15,850","16,029",-250,-1.55,5.37,86.14,0.00,0.00,5.37,86.14,"79,616.07"
168,24/12/2025,BSR,"16,200","16,250","16,150","16,500","16,000","16,211",-50,-0.31,6.62,107.40,0.00,0.00,6.62,107.40,"80,867.89"
169,23/12/2025,BSR,"16,450","16,400","16,200","16,650","16,050","16,335",-250,-1.52,9.96,162.71,0.00,0.00,9.96,162.71,"81,118.25"
170,22/12/2025,BSR,"15,950","15,850","16,450","16,450","15,600","16,114",500,3.13,13.33,215.07,0.21,3.36,13.54,218.43,"82,370.08"
171,19/12/2025,BSR,"14,950","15,150","15,950","15,950","14,800","15,343","1,000",6.69,24.80,391.08,0.00,0.00,24.80,391.08,"79,866.43"
172,18/12/2025,BSR,"15,250","15,300","14,950","15,600","14,700","15,114",-300,-1.97,7.42,111.92,0.00,0.00,7.42,111.92,"74,859.13"
173,17/12/2025,BSR,"15,400","15,550","15,250","15,800","15,100","15,384",-150,-0.97,7.11,109.46,0.00,0.00,7.11,109.46,"76,361.32"
174,16/12/2025,BSR,"14,400","14,600","15,400","15,400","14,500","15,121","1,000",6.94,16.69,252.31,0.00,0.00,16.69,252.31,"77,112.42"
175,15/12/2025,BSR,"13,500","13,500","14,400","14,400","13,500","14,020",900,6.67,11.54,161.87,0.00,0.00,11.54,161.87,"72,105.12"
176,12/12/2025,BSR,"14,250","14,250","13,500","14,350","13,500","13,934",-750,-5.26,6.88,95.56,0.00,0.00,6.88,95.56,"67,598.55"
177,11/12/2025,BSR,"14,400","14,500","14,250","14,600","14,200","14,354",-150,-1.04,2.84,40.74,0.00,0.00,2.84,40.74,"71,354.02"
178,10/12/2025,BSR,"14,450","14,450","14,400","14,550","14,300","14,413",-50,-0.35,3.51,50.59,0.00,0.00,3.51,50.59,"72,105.12"
179,09/12/2025,BSR,"14,900","14,900","14,450","14,900","14,300","14,498",-450,-3.02,8.99,130.42,0.20,2.78,9.19,133.20,"72,355.48"
180,08/12/2025,BSR,"15,200","15,100","14,900","15,200","14,850","15,012",-300,-1.97,8.54,128.16,0.00,0.00,8.54,128.16,"74,608.77"
181,05/12/2025,BSR,"15,450","15,500","15,200","15,500","15,200","15,297",-250,-1.62,2.15,32.86,0.47,7.19,2.62,40.05,"76,110.96"
182,04/12/2025,BSR,"15,300","15,350","15,450","15,500","15,300","15,403",150,0.98,2.92,44.96,0.00,0.00,2.92,44.96,"77,362.78"
183,03/12/2025,BSR,"15,250","15,300","15,300","15,400","15,100","15,249",50,0.33,2.75,41.92,0.00,0.00,2.75,41.92,"76,611.69"
184,02/12/2025,BSR,"15,400","15,400","15,250","15,450","14,900","15,114",-150,-0.97,5.15,77.84,0.00,0.00,5.15,77.84,"76,361.32"
185,01/12/2025,BSR,"15,500","15,550","15,400","15,650","15,400","15,463",-100,-0.65,2.21,34.22,0.00,0.00,2.21,34.22,"77,112.42"
186,28/11/2025,BSR,"15,500","15,600","15,500","15,800","15,500","15,618",0,0.00,2.41,37.70,0.00,0.00,2.41,37.70,"77,613.15"
187,27/11/2025,BSR,"15,700","15,850","15,500","15,900","15,500","15,630",-200,-1.27,3.20,49.96,0.00,0.00,3.20,49.96,"77,613.15"
188,26/11/2025,BSR,"15,400","15,550","15,700","15,950","15,500","15,681",300,1.95,3.23,50.61,0.00,0.00,3.23,50.61,"78,614.61"
189,25/11/2025,BSR,"15,550","15,750","15,400","15,850","15,400","15,589",-150,-0.96,3.93,61.25,0.00,0.00,3.93,61.25,"77,112.42"
190,24/11/2025,BSR,"15,800","15,800","15,550","15,950","15,550","15,710",-250,-1.58,3.11,48.85,0.00,0.00,3.11,48.85,"77,863.51"
191,21/11/2025,BSR,"16,050","16,000","15,800","16,000","15,700","15,828",-250,-1.56,2.92,46.21,0.00,0.00,2.92,46.21,"79,115.34"
192,20/11/2025,BSR,"16,200","16,300","16,050","16,300","15,900","16,056",-150,-0.93,2.15,34.50,0.00,0.00,2.15,34.50,"80,367.16"
193,19/11/2025,BSR,"16,300","16,300","16,200","16,500","16,000","16,247",-100,-0.61,3.35,54.50,0.00,0.00,3.35,54.50,"81,118.25"
194,18/11/2025,BSR,"16,450","16,550","16,300","16,550","16,200","16,373",-150,-0.91,3.17,51.83,0.00,0.00,3.17,51.83,"81,618.98"
195,17/11/2025,BSR,"16,000","16,200","16,450","16,450","16,000","16,253",450,2.81,4.62,75.07,0.00,0.00,4.62,75.07,"82,370.08"
196,14/11/2025,BSR,"16,050","16,000","16,000","16,200","16,000","16,055",-50,-0.31,3.08,49.47,0.00,0.00,3.08,49.47,"80,116.79"
197,13/11/2025,BSR,"15,800","15,800","16,050","16,550","15,700","16,140",250,1.58,5.69,92.04,0.00,0.00,5.69,92.04,"49,763.02"
198,12/11/2025,BSR,"15,600","15,650","15,800","15,950","15,650","15,772",200,1.28,3.27,51.61,0.00,0.00,3.27,51.61,"48,987.89"
199,11/11/2025,BSR,"15,550","15,700","15,600","15,800","15,400","15,526",50,0.32,2.80,43.53,0.00,0.00,2.80,43.53,"48,367.79"
200,10/11/2025,BSR,"15,950","15,950","15,550","16,150","15,450","15,718",-400,-2.51,3.59,56.46,0.00,0.00,3.59,56.46,"48,212.77"
201,07/11/2025,BSR,"16,500","16,500","15,950","16,650","15,850","16,216",-550,-3.33,4.68,75.88,0.00,0.00,4.68,75.88,"49,452.97"
202,06/11/2025,BSR,"16,800","16,950","16,500","16,950","16,400","16,563",-300,-1.79,3.85,63.66,0.00,0.00,3.85,63.66,"51,158.24"
203,05/11/2025,BSR,"16,300","16,350","16,800","17,150","16,150","16,777",500,3.07,10.75,180.58,0.00,0.00,10.75,180.58,"52,088.39"
204,04/11/2025,BSR,"16,000","15,950","16,300","16,450","15,100","15,615",300,1.88,9.46,147.70,0.00,0.00,9.46,147.70,"50,538.14"
205,03/11/2025,BSR,"16,650","16,800","16,000","16,800","16,000","16,359",-650,-3.90,5.00,81.79,0.00,0.00,5.00,81.79,"49,607.99"
206,31/10/2025,BSR,"16,600","16,600","16,650","17,150","16,550","16,827",50,0.30,6.82,114.79,0.00,0.00,6.82,114.79,"51,623.32"
207,30/10/2025,BSR,"17,200","17,450","16,600","17,450","16,600","16,958",-600,-3.49,11.94,202.45,0.00,0.00,11.94,202.45,"51,468.29"
208,29/10/2025,BSR,"16,100","17,200","17,200","17,200","17,200","17,200","1,100",6.83,4.40,75.73,0.00,0.00,4.40,75.73,"53,328.59"
209,28/10/2025,BSR,"26,350","26,150","26,000","26,450","25,450","25,839",-350,-1.33,12.88,332.90,0.00,0.00,12.88,332.90,"80,612.99"
210,27/10/2025,BSR,"27,300","27,600","26,350","27,700","26,350","26,763",-950,-3.48,7.73,206.78,0.00,0.00,7.73,206.78,"81,698.16"
211,24/10/2025,BSR,"27,600","27,900","27,300","28,400","27,050","27,524",-300,-1.09,7.77,214.05,0.00,0.00,7.77,214.05,"84,643.64"
212,23/10/2025,BSR,"27,300","27,800","27,600","28,050","27,500","27,765",300,1.10,6.77,188.00,0.00,0.00,6.77,188.00,"85,573.79"
213,22/10/2025,BSR,"26,300","26,700","27,300","27,300","26,400","26,825","1,000",3.80,6.04,161.88,0.00,0.00,6.04,161.88,"84,643.64"
214,21/10/2025,BSR,"25,800","25,900","26,300","26,600","25,150","25,914",500,1.94,8.83,229.01,0.00,0.00,8.83,229.01,"81,543.14"
215,20/10/2025,BSR,"27,700","27,850","25,800","28,250","25,800","27,037","-1,900",-6.86,13.28,358.25,0.00,0.00,13.28,358.25,"79,992.89"
216,17/10/2025,BSR,"28,050","28,100","27,700","28,700","27,700","28,115",-350,-1.25,8.95,251.66,0.00,0.00,8.95,251.66,"85,883.84"
217,16/10/2025,BSR,"28,300","28,650","28,050","28,650","27,950","28,202",-250,-0.88,7.40,208.71,0.00,0.00,7.40,208.71,"86,969.01"
218,15/10/2025,BSR,"28,000","28,050","28,300","28,700","28,050","28,315",300,1.07,6.71,189.97,0.00,0.00,6.71,189.97,"87,744.14"
219,14/10/2025,BSR,"28,850","28,900","28,000","28,900","28,000","28,380",-850,-2.95,17.64,500.56,0.00,0.00,17.64,500.56,"86,813.99"
220,13/10/2025,BSR,"29,200","28,700","28,850","29,550","28,700","29,144",-350,-1.20,13.74,400.36,0.00,0.00,13.74,400.36,"89,449.41"
221,10/10/2025,BSR,"28,450","29,400","29,200","29,900","29,000","29,360",750,2.64,15.13,444.00,0.00,0.00,15.13,444.00,"90,534.59"
222,09/10/2025,BSR,"26,600","27,000","28,450","28,450","27,000","27,823","1,850",6.95,21.02,585.33,0.00,0.00,21.02,585.33,"88,209.21"
223,08/10/2025,BSR,"26,400","26,550","26,600","26,850","26,100","26,454",200,0.76,5.70,150.88,0.00,0.00,5.70,150.88,"82,473.29"
224,07/10/2025,BSR,"27,250","27,350","26,400","27,350","26,400","26,765",-850,-3.12,4.79,128.04,0.00,0.00,4.79,128.04,"81,853.19"
225,06/10/2025,BSR,"26,050","26,500","27,250","27,300","26,100","26,833","1,200",4.61,5.05,135.59,0.00,0.00,5.05,135.59,"84,488.61"
226,03/10/2025,BSR,"26,600","26,750","26,050","26,750","26,000","26,220",-550,-2.07,5.55,145.56,0.00,0.00,5.55,145.56,"80,768.01"
227,02/10/2025,BSR,"26,550","26,850","26,600","27,200","26,400","26,761",50,0.19,4.63,123.71,0.00,0.00,4.63,123.71,"82,473.29"
228,01/10/2025,BSR,"26,200","26,250","26,550","26,750","26,250","26,583",350,1.34,2.11,55.97,0.00,0.00,2.11,55.97,"82,318.26"
229,30/09/2025,BSR,"26,900","27,000","26,200","27,000","26,000","26,381",-700,-2.60,6.88,181.34,0.00,0.00,6.88,181.34,"81,233.09"
230,29/09/2025,BSR,"27,500","27,550","26,900","27,850","26,800","27,246",-600,-2.18,5.68,154.69,0.00,0.00,5.68,154.69,"83,403.44"
231,26/09/2025,BSR,"27,950","28,000","27,500","28,800","27,500","28,005",-450,-1.61,10.70,299.79,0.00,0.00,10.70,299.79,"85,263.74"
232,25/09/2025,BSR,"27,000","27,250","27,950","28,300","27,100","27,838",950,3.52,14.59,406.25,0.02,0.54,14.61,406.80,"86,658.96"
233,24/09/2025,BSR,"26,900","26,800","27,000","27,000","26,450","26,705",100,0.37,3.94,105.23,0.00,0.00,3.94,105.23,"83,713.49"
234,23/09/2025,BSR,"26,800","26,600","26,900","26,900","26,300","26,636",100,0.37,4.46,118.92,0.00,0.00,4.46,118.92,"83,403.44"
235,22/09/2025,BSR,"26,000","26,200","26,800","26,800","25,550","26,012",800,3.08,9.62,250.93,0.00,0.00,9.62,250.93,"83,093.39"
236,19/09/2025,BSR,"26,850","27,000","26,000","27,000","26,000","26,465",-850,-3.17,5.92,156.26,0.00,0.00,5.92,156.26,"80,612.99"
237,18/09/2025,BSR,"27,100","27,250","26,850","27,300","26,550","26,783",-250,-0.92,7.07,189.49,0.00,0.00,7.07,189.49,"83,248.41"
238,17/09/2025,BSR,"27,450","27,400","27,100","27,900","27,100","27,504",-350,-1.28,7.38,202.95,0.00,0.00,7.38,202.95,"84,023.54"
239,16/09/2025,BSR,"28,100","28,350","27,450","28,350","27,350","27,797",-650,-2.31,9.66,268.53,0.00,0.00,9.66,268.53,"85,108.71"
240,15/09/2025,BSR,"27,200","27,550","28,100","28,300","27,200","27,845",900,3.31,11.86,330.73,0.00,0.00,11.86,330.73,"87,124.04"
241,12/09/2025,BSR,"27,000","27,250","27,200","28,000","27,150","27,518",200,0.74,9.62,264.61,0.00,0.00,9.62,264.61,"84,333.59"
242,11/09/2025,BSR,"27,100","27,200","27,000","27,400","26,300","26,845",-100,-0.37,9.57,256.92,0.00,0.00,9.57,256.92,"83,713.49"
243,10/09/2025,BSR,"25,850","26,350","27,100","27,450","25,900","26,693","1,250",4.84,14.42,384.97,0.00,0.00,14.42,384.97,"84,023.54"
244,09/09/2025,BSR,"25,450","25,950","25,850","25,950","25,000","25,421",400,1.57,7.85,199.39,0.00,0.00,7.85,199.39,"80,147.92"
245,08/09/2025,BSR,"27,250","27,100","25,450","27,650","25,450","26,310","-1,800",-6.61,15.25,400.96,0.00,0.00,15.25,400.96,"78,907.72"
246,05/09/2025,BSR,"27,350","27,600","27,250","28,750","27,150","27,938",-100,-0.37,16.51,461.05,0.00,0.00,16.51,461.05,"84,488.61"
247,04/09/2025,BSR,"27,550","27,850","27,350","28,000","27,150","27,461",-200,-0.73,10.76,295.59,0.00,0.00,10.76,295.59,"84,798.66"
248,03/09/2025,BSR,"26,500","26,900","27,550","28,000","26,600","27,488","1,050",3.96,11.41,313.71,0.02,0.53,11.43,314.24,"85,418.76"
249,29/08/2025,BSR,"27,150","27,500","26,500","27,500","26,500","26,759",-650,-2.39,16.05,429.71,0.02,0.56,16.07,430.27,"82,163.24"
250,28/08/2025,BSR,"26,500","26,800","27,150","27,300","26,400","26,858",650,2.45,8.11,217.97,0.00,0.00,8.11,217.97,"84,178.56"
251,27/08/2025,BSR,"27,450","27,700","26,500","27,700","26,450","26,754",-950,-3.46,18.94,507.15,0.00,0.00,18.94,507.15,"82,163.24"
252,26/08/2025,BSR,"25,950","25,550","27,450","27,450","25,550","26,779","1,500",5.78,13.99,374.58,0.00,0.00,13.99,374.58,"85,108.71"
253,25/08/2025,BSR,"27,850","28,100","25,950","28,100","25,950","26,734","-1,900",-6.82,26.39,704.17,0.00,0.00,26.39,704.17,"80,457.97"
254,22/08/2025,BSR,"29,900","28,800","27,850","29,950","27,850","28,331","-2,050",-6.86,37.06,"1,047.93",0.00,0.00,37.06,"1,047.93","86,348.91"
255,21/08/2025,BSR,"29,700","31,450","29,900","31,450","29,550","30,357",200,0.67,17.37,527.71,0.02,0.56,17.39,528.27,"92,704.94"
256,20/08/2025,BSR,"27,800","28,600","29,700","29,700","26,800","28,389","1,900",6.83,60.03,"1,705.98",0.00,0.00,60.03,"1,705.98","92,084.84"
257,19/08/2025,BSR,"26,000","27,800","27,800","27,800","27,800","27,800","1,800",6.92,6.04,168.00,0.00,0.00,6.04,168.00,"86,193.89"
258,18/08/2025,BSR,"24,300","26,000","26,000","26,000","25,850","25,989","1,700",7.00,11.91,309.49,0.00,0.00,11.91,309.49,"80,612.99"
259,15/08/2025,BSR,"22,750","23,050","24,300","24,300","23,000","23,976","1,550",6.81,35.20,845.12,0.05,1.17,35.25,846.28,"75,342.14"
260,14/08/2025,BSR,"22,500","22,750","22,750","22,800","22,200","22,476",250,1.11,13.99,314.51,0.10,2.10,14.09,316.61,"70,536.37"
261,13/08/2025,BSR,"22,950","22,650","22,500","23,150","22,200","22,539",-450,-1.96,15.38,346.63,0.00,0.00,15.38,346.63,"69,761.24"
262,12/08/2025,BSR,"22,150","22,400","22,950","22,950","22,100","22,495",800,3.61,18.17,408.99,0.00,0.00,18.17,408.99,"71,156.47"
263,11/08/2025,BSR,"22,500","22,800","22,150","22,800","22,050","22,271",-350,-1.56,13.86,309.01,0.00,0.00,13.86,309.01,"68,676.07"
264,08/08/2025,BSR,"21,900","21,950","22,500","22,850","21,750","22,270",600,2.74,24.58,547.15,0.20,4.09,24.78,551.24,"69,761.24"
265,07/08/2025,BSR,"21,800","22,500","21,900","22,500","21,550","21,884",100,0.46,16.10,352.29,0.00,0.00,16.10,352.29,"67,900.94"
266,06/08/2025,BSR,"20,400","20,650","21,800","21,800","20,250","21,239","1,400",6.86,27.53,584.45,0.00,0.00,27.53,584.45,"67,590.89"
267,05/08/2025,BSR,"20,500","20,700","20,400","20,900","19,900","20,530",-100,-0.49,28.02,575.64,0.00,0.00,28.02,575.64,"63,250.19"
268,04/08/2025,BSR,"20,700","20,500","20,500","21,050","20,350","20,577",-200,-0.97,13.16,270.76,0.93,19.34,14.09,290.11,"63,560.24"
269,01/08/2025,BSR,"20,400","21,150","20,700","21,500","20,500","20,971",300,1.47,18.69,392.22,0.00,0.00,18.69,392.22,"64,180.34"
270,31/07/2025,BSR,"19,650","20,000","20,400","20,400","19,550","19,869",750,3.82,15.23,302.19,0.20,3.98,15.43,306.17,"63,250.19"
271,30/07/2025,BSR,"19,900","20,300","19,650","20,400","19,450","19,771",-250,-1.26,13.00,257.11,0.00,0.00,13.00,257.11,"60,924.82"
272,29/07/2025,BSR,"19,800","20,000","19,900","20,800","19,650","20,382",100,0.51,22.08,449.66,0.00,0.00,22.08,449.66,"61,699.94"
273,28/07/2025,BSR,"19,800","20,100","19,800","20,100","19,650","19,820",0,0.00,15.24,302.18,0.00,0.00,15.24,302.18,"61,389.89"
274,25/07/2025,BSR,"19,400","19,650","19,800","20,200","19,600","19,925",400,2.06,16.04,319.69,0.00,0.00,16.04,319.69,"61,389.89"
275,24/07/2025,BSR,"18,650","18,900","19,400","19,400","18,650","19,160",750,4.02,13.90,266.22,0.00,0.00,13.90,266.22,"60,149.69"
276,23/07/2025,BSR,"18,600","18,650","18,650","19,000","18,550","18,707",50,0.27,7.30,136.62,0.00,0.00,7.30,136.62,"57,824.32"
277,22/07/2025,BSR,"18,600","18,600","18,600","18,600","18,450","18,511",0,0.00,3.60,66.71,0.00,0.00,3.60,66.71,"57,669.29"
278,21/07/2025,BSR,"19,000","19,150","18,600","19,150","18,550","18,789",-400,-2.11,4.27,80.19,0.00,0.00,4.27,80.19,"57,669.29"
279,18/07/2025,BSR,"18,650","18,700","19,000","19,250","18,500","18,863",350,1.88,9.33,175.99,0.00,0.00,9.33,175.99,"58,909.49"
280,17/07/2025,BSR,"18,550","18,550","18,650","18,750","18,500","18,614",100,0.54,5.03,93.67,0.00,0.00,5.03,93.67,"57,824.32"
281,16/07/2025,BSR,"18,450","18,450","18,550","18,600","18,400","18,486",100,0.54,2.81,51.95,0.00,0.00,2.81,51.95,"57,514.27"
282,15/07/2025,BSR,"18,500","18,500","18,450","18,800","18,400","18,587",-50,-0.27,4.98,92.55,0.00,0.00,4.98,92.55,"57,204.22"
283,14/07/2025,BSR,"18,450","18,600","18,500","18,600","18,200","18,400",50,0.27,3.95,72.64,0.00,0.00,3.95,72.64,"57,359.24"
284,11/07/2025,BSR,"18,750","18,750","18,450","18,800","18,400","18,523",-300,-1.60,3.71,68.68,0.00,0.00,3.71,68.68,"57,204.22"
285,10/07/2025,BSR,"18,250","18,500","18,750","18,900","18,300","18,598",500,2.74,7.59,141.11,0.00,0.00,7.59,141.11,"58,134.37"
286,09/07/2025,BSR,"18,250","18,400","18,250","18,400","18,200","18,274",0,0.00,3.82,69.81,0.00,0.00,3.82,69.81,"56,584.12"
287,08/07/2025,BSR,"17,950","18,050","18,250","18,300","17,950","18,078",300,1.67,4.96,89.67,0.00,0.00,4.96,89.67,"56,584.12"
288,07/07/2025,BSR,"17,950","17,950","17,950","18,100","17,900","17,962",0,0.00,2.59,46.47,0.00,0.00,2.59,46.47,"55,653.97"
289,04/07/2025,BSR,"17,850","18,000","17,950","18,200","17,900","18,024",100,0.56,2.62,47.24,0.00,0.00,2.62,47.24,"55,653.97"
290,03/07/2025,BSR,"17,800","17,850","17,850","18,100","17,800","17,942",50,0.28,2.63,47.26,0.00,0.00,2.63,47.26,"55,343.92"
291,02/07/2025,BSR,"17,800","17,800","17,800","17,800","17,700","17,766",0,0.00,1.58,28.11,0.00,0.00,1.58,28.11,"55,188.89"
292,01/07/2025,BSR,"17,850","17,900","17,800","17,900","17,700","17,772",-50,-0.28,2.10,37.26,0.00,0.00,2.10,37.26,"55,188.89"
293,30/06/2025,BSR,"17,750","17,750","17,850","17,850","17,700","17,776",100,0.56,2.51,44.56,0.00,0.00,2.51,44.56,"55,343.92"
294,27/06/2025,BSR,"17,800","17,850","17,750","17,900","17,700","17,777",-50,-0.28,2.90,51.56,0.00,0.00,2.90,51.56,"55,033.87"
295,26/06/2025,BSR,"17,750","17,800","17,800","17,850","17,650","17,721",50,0.28,1.74,30.78,0.00,0.00,1.74,30.78,"55,188.89"
296,25/06/2025,BSR,"17,900","17,900","17,750","18,000","17,700","17,829",-150,-0.84,2.82,50.21,0.00,0.00,2.82,50.21,"55,033.87"
297,24/06/2025,BSR,"18,800","18,000","17,900","18,300","17,900","18,054",-900,-4.79,6.98,125.98,0.00,0.00,6.98,125.98,"55,498.94"
298,23/06/2025,BSR,"18,400","19,550","18,800","19,550","18,750","19,053",400,2.17,8.90,169.60,0.00,0.00,8.90,169.60,"58,289.39"
299,20/06/2025,BSR,"18,800","18,900","18,400","18,950","18,300","18,499",-400,-2.13,5.14,95.08,0.00,0.00,5.14,95.08,"57,049.19"
300,19/06/2025,BSR,"19,050","19,200","18,800","19,200","18,550","18,740",-250,-1.31,4.26,79.75,0.00,0.00,4.26,79.75,"58,289.39"
301,18/06/2025,BSR,"19,000","19,350","19,050","19,400","18,900","19,100",50,0.26,4.58,87.32,0.00,0.00,4.58,87.32,"59,064.52"
302,17/06/2025,BSR,"19,500","19,400","19,000","19,400","18,600","18,884",-500,-2.56,6.32,119.35,0.00,0.00,6.32,119.35,"58,909.49"
303,16/06/2025,BSR,"18,500","19,350","19,500","19,550","19,150","19,386","1,000",5.41,8.79,170.58,0.00,0.00,8.79,170.58,"60,459.74"
304,13/06/2025,BSR,"17,550","18,500","18,500","18,500","18,150","18,459",950,5.41,11.03,202.87,0.00,0.00,11.03,202.87,"57,359.24"
305,12/06/2025,BSR,"17,350","17,750","17,550","17,750","17,450","17,562",200,1.15,1.84,32.42,0.00,0.00,1.84,32.42,"54,413.77"
306,11/06/2025,BSR,"17,400","17,500","17,350","17,550","17,250","17,337",-50,-0.29,1.91,33.04,0.00,0.00,1.91,33.04,"53,793.67"
307,10/06/2025,BSR,"17,600","17,600","17,400","17,750","17,400","17,546",-200,-1.14,2.28,40.05,0.00,0.00,2.28,40.05,"53,948.69"
308,09/06/2025,BSR,"17,950","18,000","17,600","18,100","17,600","17,728",-350,-1.95,2.08,36.94,0.94,17.73,3.02,54.67,"54,568.79"
309,06/06/2025,BSR,"17,950","18,150","17,950","18,300","17,950","18,114",0,0.00,4.84,87.74,0.00,0.00,4.84,87.74,"55,653.97"
310,05/06/2025,BSR,"17,950","18,000","17,950","18,250","17,800","17,953",0,0.00,2.96,53.09,0.00,0.00,2.96,53.09,"55,653.97"
311,04/06/2025,BSR,"17,700","17,800","17,950","18,250","17,750","17,881",300,1.69,4.25,76.52,0.00,0.00,4.25,76.52,"55,653.97"
312,03/06/2025,BSR,"17,900","18,000","17,700","18,150","17,650","17,907",-200,-1.12,2.33,41.81,0.00,0.00,2.33,41.81,"54,878.84"
313,02/06/2025,BSR,"17,300","17,250","17,900","17,950","17,150","17,505",600,3.47,2.99,52.39,0.00,0.00,2.99,52.39,"55,498.94"
314,30/05/2025,BSR,"17,800","17,750","17,300","18,050","17,250","17,525",-500,-2.81,3.29,57.70,0.00,0.00,3.29,57.70,"53,638.64"
315,29/05/2025,BSR,"18,150","18,150","17,800","18,250","17,750","17,938",-350,-1.93,1.83,32.76,0.00,0.00,1.83,32.76,"55,188.89"
316,28/05/2025,BSR,"17,650","18,100","18,150","18,450","18,000","18,195",500,2.83,5.64,102.62,0.00,0.00,5.64,102.62,"56,274.07"
317,27/05/2025,BSR,"17,600","17,650","17,650","17,800","17,550","17,626",50,0.28,2.10,37.11,0.00,0.00,2.10,37.11,"54,723.82"
318,26/05/2025,BSR,"17,550","17,400","17,600","17,700","17,050","17,418",50,0.28,2.32,40.57,0.00,0.00,2.32,40.57,"54,568.79"
319,23/05/2025,BSR,"17,350","17,400","17,550","17,700","17,200","17,471",200,1.15,1.41,24.63,0.00,0.00,1.41,24.63,"54,413.77"
320,22/05/2025,BSR,"17,200","17,200","17,350","17,700","16,950","17,298",150,0.87,2.68,46.48,0.00,0.00,2.68,46.48,"53,793.67"
321,21/05/2025,BSR,"17,450","17,550","17,200","17,550","17,100","17,275",-250,-1.43,1.94,33.50,0.00,0.00,1.94,33.50,"53,328.59"
322,20/05/2025,BSR,"17,450","17,650","17,450","17,650","17,400","17,457",0,0.00,1.20,21.02,0.00,0.00,1.20,21.02,"54,103.72"
323,19/05/2025,BSR,"17,750","17,650","17,450","17,950","17,450","17,620",-300,-1.69,2.20,38.81,0.00,0.00,2.20,38.81,"54,103.72"
324,16/05/2025,BSR,"18,000","18,000","17,750","18,000","17,700","17,831",-250,-1.39,1.97,35.17,0.00,0.00,1.97,35.17,"55,033.87"
325,15/05/2025,BSR,"18,150","18,150","18,000","18,200","17,650","17,880",-150,-0.83,3.84,68.67,0.00,0.00,3.84,68.67,"55,808.99"
326,14/05/2025,BSR,"18,150","18,200","18,150","18,300","18,000","18,111",0,0.00,2.46,44.59,0.00,0.00,2.46,44.59,"56,274.07"
327,13/05/2025,BSR,"18,150","18,300","18,150","18,350","18,050","18,177",0,0.00,2.75,50.01,0.00,0.00,2.75,50.01,"56,274.07"
328,12/05/2025,BSR,"18,000","18,000","18,150","18,200","17,900","18,065",150,0.83,2.23,40.32,0.00,0.00,2.23,40.32,"56,274.07"
329,09/05/2025,BSR,"17,950","18,000","18,000","18,250","17,800","17,962",50,0.28,2.78,49.89,0.00,0.00,2.78,49.89,"55,808.99"
330,08/05/2025,BSR,"17,650","18,150","17,950","18,300","17,950","18,089",300,1.70,4.45,80.52,0.00,0.00,4.45,80.52,"55,653.97"
331,07/05/2025,BSR,"16,500","16,500","17,650","17,650","16,500","17,280","1,150",6.97,6.78,117.24,0.00,0.00,6.78,117.24,"54,723.82"
332,06/05/2025,BSR,"16,100","16,150","16,500","16,700","16,150","16,496",400,2.48,3.39,55.94,0.00,0.00,3.39,55.94,"51,158.24"
333,05/05/2025,BSR,"16,050","15,900","16,100","16,100","15,900","16,011",50,0.31,1.92,30.68,0.00,0.00,1.92,30.68,"49,918.04"
334,29/04/2025,BSR,"16,150","16,150","16,050","16,150","15,900","16,028",-100,-0.62,1.62,25.94,0.00,0.00,1.62,25.94,"49,763.02"
335,28/04/2025,BSR,"16,050","16,100","16,150","16,150","15,950","16,060",100,0.62,1.45,23.36,0.00,0.00,1.45,23.36,"50,073.07"
336,25/04/2025,BSR,"15,700","15,750","16,050","16,350","15,750","16,138",350,2.23,3.50,56.42,0.81,12.79,4.31,69.21,"49,763.02"
337,24/04/2025,BSR,"15,400","15,600","15,700","15,950","15,550","15,754",300,1.95,2.11,33.31,0.00,0.00,2.11,33.31,"48,677.84"
338,23/04/2025,BSR,"15,000","15,650","15,400","15,650","15,300","15,452",400,2.67,1.32,20.43,0.81,12.79,2.14,33.23,"47,747.69"
339,22/04/2025,BSR,"15,700","15,700","15,000","15,700","14,650","14,890",-700,-4.46,4.81,71.56,0.00,0.00,4.81,71.56,"46,507.49"
340,21/04/2025,BSR,"15,950","16,050","15,700","16,050","15,700","15,842",-250,-1.57,1.40,22.26,0.00,0.00,1.40,22.26,"48,677.84"
341,18/04/2025,BSR,"15,750","15,900","15,950","16,150","15,900","16,027",200,1.27,2.23,35.68,0.00,0.00,2.23,35.68,"49,452.97"
342,17/04/2025,BSR,"15,600","15,350","15,750","15,750","15,300","15,474",150,0.96,1.63,25.27,0.00,0.00,1.63,25.27,"48,832.87"
343,16/04/2025,BSR,"15,950","15,700","15,600","15,950","15,600","15,783",-350,-2.19,3.04,48.01,0.00,0.00,3.04,48.01,"48,367.79"
344,15/04/2025,BSR,"16,650","16,300","15,950","16,500","15,800","16,132",-700,-4.20,3.76,60.70,0.00,0.00,3.76,60.70,"49,452.97"
345,14/04/2025,BSR,"16,150","16,400","16,650","16,800","16,100","16,302",500,3.10,4.02,65.47,0.00,0.00,4.02,65.47,"51,623.32"
346,11/04/2025,BSR,"15,550","15,900","16,150","16,200","15,050","15,672",600,3.86,7.79,122.08,0.00,0.00,7.79,122.08,"50,073.07"
347,10/04/2025,BSR,"14,550","15,550","15,550","15,550","15,550","15,549","1,000",6.87,0.77,12.04,0.00,0.00,0.77,12.04,"48,212.77"
348,09/04/2025,BSR,"15,600","14,550","14,550","15,000","14,550","14,562","-1,050",-6.73,9.40,136.84,0.00,0.00,9.40,136.84,"45,112.27"
349,08/04/2025,BSR,"16,750","15,600","15,600","16,000","15,600","15,613","-1,150",-6.87,2.46,38.34,0.00,0.00,2.46,38.34,"48,367.79"
350,04/04/2025,BSR,"18,000","16,750","16,750","17,000","16,750","16,770","-1,250",-6.94,9.21,154.54,0.00,0.00,9.21,154.54,"51,933.37"
351,03/04/2025,BSR,"19,350","18,450","18,000","18,700","18,000","18,184","-1,350",-6.98,5.26,95.66,0.00,0.00,5.26,95.66,"55,808.99"
352,02/04/2025,BSR,"19,450","19,450","19,350","19,500","19,250","19,348",-100,-0.51,0.93,18.01,0.00,0.00,0.93,18.01,"59,994.67"
353,01/04/2025,BSR,"18,950","19,300","19,450","19,600","19,250","19,405",500,2.64,1.36,26.30,0.00,0.00,1.36,26.30,"60,304.72"
354,31/03/2025,BSR,"19,200","19,150","18,950","19,200","18,900","19,018",-250,-1.30,1.94,36.89,0.00,0.00,1.94,36.89,"58,754.47"
355,28/03/2025,BSR,"19,550","19,500","19,200","19,650","19,200","19,351",-350,-1.79,2.37,45.93,0.00,0.00,2.37,45.93,"59,529.59"
356,27/03/2025,BSR,"19,650","19,700","19,550","19,750","19,550","19,633",-100,-0.51,1.06,20.90,0.00,0.00,1.06,20.90,"60,614.77"
357,26/03/2025,BSR,"19,450","19,500","19,650","19,850","19,500","19,729",200,1.03,2.32,45.72,0.00,0.00,2.32,45.72,"60,924.82"
358,25/03/2025,BSR,"19,350","19,450","19,450","19,650","19,450","19,505",100,0.52,1.21,23.59,0.00,0.00,1.21,23.59,"60,304.72"
359,24/03/2025,BSR,"19,500","19,500","19,350","19,500","19,250","19,342",-150,-0.77,1.62,31.35,0.00,0.00,1.62,31.35,"59,994.67"
360,21/03/2025,BSR,"19,600","19,700","19,500","19,800","19,500","19,608",-100,-0.51,1.74,34.17,0.00,0.00,1.74,34.17,"60,459.74"
361,20/03/2025,BSR,"19,700","19,700","19,600","19,750","19,400","19,599",-100,-0.51,2.61,51.11,0.00,0.00,2.61,51.11,"60,769.79"
362,19/03/2025,BSR,"19,900","20,150","19,700","20,150","19,700","19,832",-200,-1.01,2.79,55.40,0.00,0.00,2.79,55.40,"61,079.84"
363,18/03/2025,BSR,"19,300","19,500","19,900","20,250","19,400","19,913",600,3.11,6.49,129.24,0.00,0.00,6.49,129.24,"61,699.94"
364,17/03/2025,BSR,"18,950","18,900","19,300","19,350","18,900","19,208",350,1.85,2.54,48.83,0.00,0.00,2.54,48.83,"59,839.64"
365,14/03/2025,BSR,"19,300","19,300","18,950","19,300","18,900","19,050",-350,-1.81,5.31,101.20,0.00,0.00,5.31,101.20,"58,754.47"
366,13/03/2025,BSR,"19,600","19,500","19,300","19,650","19,300","19,418",-300,-1.53,2.87,55.68,0.00,0.00,2.87,55.68,"59,839.64"
367,12/03/2025,BSR,"19,450","19,550","19,600","19,750","19,450","19,591",150,0.77,3.05,59.80,0.00,0.00,3.05,59.80,"60,769.79"
368,11/03/2025,BSR,"19,750","19,550","19,450","19,600","19,300","19,426",-300,-1.52,3.96,76.91,0.00,0.00,3.96,76.91,"60,304.72"
369,10/03/2025,BSR,"19,900","19,950","19,750","20,000","19,700","19,813",-150,-0.75,2.63,52.14,0.00,0.00,2.63,52.14,"61,234.87"
370,07/03/2025,BSR,"19,800","19,800","19,900","20,050","19,500","19,733",100,0.51,5.03,99.22,0.00,0.00,5.03,99.22,"61,699.94"
371,06/03/2025,BSR,"20,050","20,050","19,800","20,150","19,600","19,834",-250,-1.25,6.59,130.68,0.00,0.00,6.59,130.68,"61,389.89"
372,05/03/2025,BSR,"20,350","20,350","20,050","20,400","20,050","20,222",-300,-1.47,3.30,66.71,0.00,0.00,3.30,66.71,"62,165.02"
373,04/03/2025,BSR,"20,600","20,600","20,350","20,600","20,300","20,396",-250,-1.21,2.52,51.32,0.00,0.00,2.52,51.32,"63,095.17"
374,03/03/2025,BSR,"20,450","20,400","20,600","20,650","20,400","20,539",150,0.73,2.32,47.63,0.00,0.00,2.32,47.63,"63,870.29"
375,28/02/2025,BSR,"20,250","20,400","20,450","20,750","20,350","20,572",200,0.99,5.28,108.59,0.00,0.00,5.28,108.59,"63,405.22"
376,27/02/2025,BSR,"20,250","20,200","20,250","20,250","20,100","20,148",0,0.00,2.23,44.93,0.00,0.00,2.23,44.93,"62,785.12"
377,26/02/2025,BSR,"20,450","20,450","20,250","20,500","20,250","20,333",-200,-0.98,1.83,37.21,0.00,0.00,1.83,37.21,"62,785.12"
378,25/02/2025,BSR,"20,150","20,250","20,450","20,500","20,150","20,395",300,1.49,3.73,76.07,0.00,0.00,3.73,76.07,"63,405.22"
379,24/02/2025,BSR,"20,150","20,050","20,150","20,150","20,000","20,053",0,0.00,2.10,42.15,0.00,0.00,2.10,42.15,"62,475.07"
380,21/02/2025,BSR,"20,250","20,250","20,150","20,300","20,050","20,150",-100,-0.49,2.44,49.13,0.00,0.00,2.44,49.13,"62,475.07"
381,20/02/2025,BSR,"20,400","20,400","20,250","20,500","20,250","20,346",-150,-0.74,1.98,40.22,0.00,0.00,1.98,40.22,"62,785.12"
382,19/02/2025,BSR,"20,050","20,100","20,400","20,500","20,050","20,270",350,1.75,3.25,65.82,0.00,0.00,3.25,65.82,"63,250.19"
383,18/02/2025,BSR,"20,100","20,250","20,050","20,250","20,000","20,066",-50,-0.25,2.04,40.87,0.00,0.00,2.04,40.87,"62,165.02"
384,17/02/2025,BSR,"20,100","20,150","20,100","20,200","19,950","20,067",0,0.00,2.24,44.95,0.00,0.00,2.24,44.95,"62,320.04"
385,14/02/2025,BSR,"19,850","19,900","20,100","20,400","19,900","20,117",250,1.26,3.06,61.53,0.00,0.00,3.06,61.53,"62,320.04"
386,13/02/2025,BSR,"20,150","20,200","19,850","20,200","19,750","19,895",-300,-1.49,3.54,70.35,0.00,0.00,3.54,70.35,"61,544.92"
387,12/02/2025,BSR,"20,200","20,200","20,150","20,300","20,100","20,182",-50,-0.25,1.90,38.29,0.00,0.00,1.90,38.29,"62,475.07"
388,11/02/2025,BSR,"20,400","20,400","20,200","20,450","20,050","20,259",-200,-0.98,2.87,58.04,0.00,0.00,2.87,58.04,"62,630.09"
389,10/02/2025,BSR,"20,350","20,350","20,400","20,600","20,200","20,393",50,0.25,1.94,39.48,0.00,0.00,1.94,39.48,"63,250.19"
390,07/02/2025,BSR,"20,500","20,500","20,350","20,650","20,300","20,390",-150,-0.73,2.53,51.61,0.00,0.00,2.53,51.61,"63,095.17"
391,06/02/2025,BSR,"20,750","20,750","20,500","20,800","20,400","20,547",-250,-1.20,2.05,42.18,0.00,0.00,2.05,42.18,"63,560.24"
392,05/02/2025,BSR,"20,850","20,950","20,750","20,950","20,700","20,804",-100,-0.48,1.35,28.04,0.00,0.00,1.35,28.04,"64,335.37"
393,04/02/2025,BSR,"20,700","20,750","20,850","20,900","20,700","20,810",150,0.72,2.20,45.86,0.00,0.00,2.20,45.86,"64,645.42"
394,03/02/2025,BSR,"20,300","20,200","20,700","20,700","20,050","20,359",400,1.97,2.03,41.36,0.00,0.00,2.03,41.36,"64,180.34"
395,24/01/2025,BSR,"20,500","20,400","20,300","20,450","20,200","20,326",-200,-0.98,3.06,62.12,0.00,0.00,3.06,62.12,"62,940.14"
396,23/01/2025,BSR,"20,550","20,450","20,500","20,750","20,400","20,602",-50,-0.24,1.81,37.22,0.00,0.00,1.81,37.22,"63,560.24"
397,22/01/2025,BSR,"20,250","20,100","20,550","20,650","20,000","20,412",300,1.48,2.78,56.72,0.00,0.00,2.78,56.72,"63,715.27"
398,21/01/2025,BSR,"21,050","21,000","20,250","21,000","20,250","20,635",-800,-3.80,7.43,153.29,0.00,0.00,7.43,153.29,"62,785.12"
399,20/01/2025,BSR,"21,600","21,600","21,050","21,650","21,000","21,149",-550,-2.55,3.74,79.11,0.00,0.00,3.74,79.11,"65,265.52"
400,17/01/2025,BSR,"21,300","22,500","21,600","22,500","21,600","22,005",300,1.41,6.05,133.10,0.00,0.00,6.05,133.10,"66,970.79"
401,06/01/2025,BSR,"22,300","22,400","21,900","22,800","21,600","22,035",-400,-1.79,4.68,103.18,0.00,0.00,4.68,103.18,"67,900.94"
402,03/01/2025,BSR,"22,700","22,600","22,100","22,700","22,100","22,305",-600,-2.64,5.02,112.06,0.00,0.00,5.02,112.06,"68,521.04"
403,02/01/2025,BSR,"22,800","22,800","22,700","23,000","22,500","22,743",-100,-0.44,3.33,75.78,0.00,0.00,3.33,75.78,"70,381.34"
404,31/12/2024,BSR,"22,400","22,600","22,800","23,000","22,500","22,777",400,1.79,5.59,127.35,0.00,0.00,5.59,127.35,"70,691.39"
405,30/12/2024,BSR,"22,400","22,300","22,500","22,600","22,200","22,384",100,0.45,2.54,56.91,0.00,0.00,2.54,56.91,"69,761.24"
406,27/12/2024,BSR,"22,700","22,700","22,300","22,800","22,200","22,389",-400,-1.76,4.18,93.57,0.00,0.00,4.18,93.57,"69,141.14"
407,26/12/2024,BSR,"22,300","22,400","22,600","23,000","22,300","22,695",300,1.35,5.21,118.17,0.00,0.00,5.21,118.17,"70,071.29"
408,25/12/2024,BSR,"22,200","22,200","22,400","22,500","22,200","22,284",200,0.90,3.00,66.94,0.00,0.00,3.00,66.94,"69,451.19"
409,24/12/2024,BSR,"22,300","22,300","22,300","22,400","22,000","22,173",0,0.00,3.08,68.34,0.00,0.00,3.08,68.34,"69,141.14"
410,23/12/2024,BSR,"22,300","22,400","22,300","22,600","22,100","22,322",0,0.00,2.96,66.17,0.00,0.00,2.96,66.17,"69,141.14"
411,20/12/2024,BSR,"21,900","21,700","22,400","22,400","21,700","22,257",500,2.28,3.58,79.60,0.01,0.13,3.58,79.72,"69,451.19"
412,19/12/2024,BSR,"22,100","22,100","22,100","22,300","20,500","21,873",0,0.00,5.53,120.96,0.00,0.00,5.53,120.96,"68,521.04"
413,18/12/2024,BSR,"21,800","21,800","22,300","22,400","21,700","22,106",500,2.29,3.65,80.66,0.00,0.00,3.65,80.66,"69,141.14"
414,17/12/2024,BSR,"22,000","22,000","21,800","22,100","21,600","21,776",-200,-0.91,3.03,65.99,0.02,0.32,3.05,66.31,"67,590.89"
415,16/12/2024,BSR,"22,500","22,500","22,000","22,800","21,800","22,019",-500,-2.22,4.41,97.16,0.01,0.25,4.43,97.40,"68,210.99"
416,13/12/2024,BSR,"21,500","21,800","22,500","22,900","21,700","22,494","1,000",4.65,11.40,256.40,0.00,0.00,11.40,256.40,"69,761.24"
417,12/12/2024,BSR,"21,100","21,100","21,500","21,700","21,000","21,528",400,1.90,3.28,70.62,0.03,0.59,3.31,71.21,"66,660.74"
418,11/12/2024,BSR,"21,200","21,100","21,300","21,400","21,000","21,137",100,0.47,3.66,77.26,0.01,0.32,3.67,77.58,"66,040.64"
419,10/12/2024,BSR,"21,200","21,200","21,300","21,400","21,100","21,216",100,0.47,4.51,95.68,0.00,0.00,4.51,95.68,"66,040.64"
420,09/12/2024,BSR,"20,600","21,000","21,200","21,400","20,800","21,194",600,2.91,5.70,120.87,0.31,7.17,6.01,128.04,"65,730.59"
421,06/12/2024,BSR,"19,700","20,000","21,000","21,000","20,000","20,602","1,300",6.60,9.39,193.54,0.00,0.00,9.39,193.54,"65,110.49"
422,05/12/2024,BSR,"19,400","19,600","20,000","20,100","19,300","19,703",600,3.09,5.60,110.39,0.02,0.45,5.62,110.83,"62,009.99"
423,04/12/2024,BSR,"19,300","19,300","19,500","19,600","19,300","19,441",200,1.04,2.70,52.52,0.00,0.00,2.70,52.52,"60,459.74"
424,03/12/2024,BSR,"19,500","19,400","19,400","19,500","19,200","19,310",-100,-0.51,1.75,33.83,0.00,0.00,1.75,33.83,"60,149.69"
425,02/12/2024,BSR,"19,600","19,700","19,400","19,700","19,400","19,468",-200,-1.02,1.27,24.73,0.00,0.00,1.27,24.73,"60,149.69"
426,29/11/2024,BSR,"19,600","19,600","19,700","19,700","19,500","19,588",100,0.51,1.42,27.74,0.00,0.00,1.42,27.74,"61,079.84"
427,28/11/2024,BSR,"19,300","19,300","19,600","19,900","19,300","19,580",300,1.55,3.19,62.50,0.00,0.00,3.19,62.50,"60,769.79"
428,27/11/2024,BSR,"19,500","19,600","19,300","19,600","19,200","19,329",-200,-1.03,1.70,32.86,0.00,0.00,1.70,32.86,"59,839.64"
429,26/11/2024,BSR,"19,400","19,500","19,600","19,700","19,400","19,514",200,1.03,2.36,46.12,0.00,0.03,2.37,46.15,"60,769.79"
430,25/11/2024,BSR,"19,300","19,400","19,500","19,500","19,200","19,363",200,1.04,2.06,39.96,0.00,0.00,2.06,39.96,"60,459.74"
431,22/11/2024,BSR,"19,300","19,300","19,400","19,600","19,200","19,338",100,0.52,2.56,49.43,0.00,0.00,2.56,49.43,"60,149.69"
432,21/11/2024,BSR,"19,200","19,400","19,400","19,500","19,200","19,292",200,1.04,1.57,30.21,0.00,0.00,1.57,30.21,"60,149.69"
433,20/11/2024,BSR,"19,000","19,000","19,400","19,400","18,800","19,206",400,2.11,2.92,56.04,0.00,0.00,2.92,56.04,"60,149.69"
434,19/11/2024,BSR,"18,800","18,800","19,000","19,200","18,700","18,997",200,1.06,1.66,31.54,0.02,0.32,1.68,31.86,"58,909.49"
435,18/11/2024,BSR,"19,100","18,900","19,000","19,200","18,600","18,834",-100,-0.52,3.42,64.39,0.00,0.00,3.42,64.39,"58,909.49"
436,15/11/2024,BSR,"19,700","19,500","18,900","19,600","18,900","19,112",-800,-4.06,5.01,95.70,0.00,0.00,5.01,95.70,"58,599.44"
437,14/11/2024,BSR,"20,200","20,100","19,500","20,200","19,500","19,740",-700,-3.47,5.67,111.94,0.00,0.00,5.67,111.94,"60,459.74"
438,13/11/2024,BSR,"20,700","20,600","20,100","20,600","20,000","20,161",-600,-2.90,5.54,111.78,0.00,0.00,5.54,111.78,"62,320.04"
439,12/11/2024,BSR,"20,900","20,900","20,600","21,000","20,500","20,723",-300,-1.44,3.20,66.23,0.00,0.00,3.20,66.23,"63,870.29"
440,11/11/2024,BSR,"21,200","21,200","20,900","21,200","20,800","20,933",-300,-1.42,3.23,67.69,0.00,0.00,3.23,67.69,"64,800.44"
441,08/11/2024,BSR,"21,300","21,300","21,200","21,400","21,100","21,181",-100,-0.47,2.15,45.49,0.00,0.00,2.15,45.49,"65,730.59"
442,07/11/2024,BSR,"21,100","21,500","21,300","21,500","21,200","21,344",200,0.95,2.08,44.30,0.00,0.00,2.08,44.30,"66,040.64"
443,06/11/2024,BSR,"20,900","21,000","21,400","21,400","20,900","21,141",500,2.39,2.36,49.86,0.00,0.00,2.36,49.86,"66,350.69"
444,05/11/2024,BSR,"20,800","20,900","20,900","21,000","20,800","20,903",100,0.48,1.39,29.09,0.00,0.00,1.39,29.09,"64,800.44"
445,04/11/2024,BSR,"21,000","20,900","20,900","21,100","20,700","20,834",-100,-0.48,2.24,46.64,0.00,0.00,2.24,46.64,"64,800.44"
446,01/11/2024,BSR,"21,000","21,100","20,900","21,200","20,900","21,033",-100,-0.48,2.18,45.86,0.00,0.00,2.18,45.86,"64,800.44"
447,31/10/2024,BSR,"21,500","21,300","21,200","21,300","20,500","20,995",-300,-1.40,7.03,147.61,0.00,0.00,7.03,147.61,"65,730.59"
448,30/10/2024,BSR,"21,400","21,500","21,500","21,700","21,400","21,499",100,0.47,1.49,31.93,0.00,0.00,1.49,31.93,"66,660.74"
449,29/10/2024,BSR,"21,300","21,300","21,500","21,500","21,200","21,352",200,0.94,2.22,47.51,0.00,0.00,2.22,47.51,"66,660.74"
450,28/10/2024,BSR,"21,400","21,900","21,400","21,900","21,100","21,278",0,0.00,1.97,41.82,0.00,0.00,1.97,41.82,"66,350.69"
451,25/10/2024,BSR,"21,600","21,600","21,400","21,700","21,300","21,386",-200,-0.93,2.68,57.24,0.00,0.00,2.68,57.24,"66,350.69"
452,24/10/2024,BSR,"21,600","21,600","21,600","21,800","21,500","21,602",0,0.00,2.66,57.44,0.00,0.00,2.66,57.44,"66,970.79"
453,23/10/2024,BSR,"21,600","21,300","21,500","21,800","21,300","21,575",-100,-0.46,2.26,48.77,0.00,0.00,2.26,48.77,"66,660.74"
454,22/10/2024,BSR,"22,100","21,900","21,300","22,100","21,300","21,561",-800,-3.62,8.78,189.29,0.00,0.00,8.78,189.29,"66,040.64"
455,21/10/2024,BSR,"22,400","22,700","21,900","22,700","21,800","22,105",-500,-2.23,4.49,99.23,0.00,0.00,4.49,99.23,"67,900.94"
456,18/10/2024,BSR,"22,400","22,700","22,500","22,800","22,300","22,417",100,0.45,3.17,71.12,0.00,0.00,3.17,71.12,"69,761.24"
457,17/10/2024,BSR,"22,700","22,600","22,700","22,800","22,200","22,434",0,0.00,5.61,125.92,0.00,0.00,5.61,125.92,"70,381.34"
458,16/10/2024,BSR,"23,000","22,800","22,700","23,000","22,500","22,655",-300,-1.30,3.78,85.57,0.00,0.00,3.78,85.57,"70,381.34"
459,15/10/2024,BSR,"23,600","23,500","22,800","23,500","22,700","22,960",-800,-3.39,10.72,246.04,0.00,0.00,10.72,246.04,"70,691.39"
460,14/10/2024,BSR,"23,700","24,200","23,600","24,200","23,400","23,614",-100,-0.42,3.51,82.90,0.00,0.00,3.51,82.90,"73,171.79"
461,11/10/2024,BSR,"24,200","24,300","24,400","24,700","24,200","24,401",200,0.83,6.89,168.03,0.00,0.00,6.89,168.03,"75,652.19"
462,10/10/2024,BSR,"24,200","24,200","24,300","24,400","24,100","24,216",100,0.41,5.69,137.84,0.00,0.00,5.69,137.84,"75,342.14"
463,09/10/2024,BSR,"24,400","24,300","24,300","24,400","24,000","24,191",-100,-0.41,5.39,130.48,0.00,0.00,5.39,130.48,"75,342.14"
464,08/10/2024,BSR,"24,100","24,300","24,400","24,700","24,200","24,393",300,1.24,6.34,154.74,0.00,0.00,6.34,154.74,"75,652.19"
465,07/10/2024,BSR,"24,100","24,000","24,300","24,300","23,900","24,128",200,0.83,3.21,77.37,9.40,231.24,12.61,308.61,"75,342.14"
466,04/10/2024,BSR,"24,100","24,100","24,000","24,400","23,800","24,083",-100,-0.41,4.95,119.31,0.00,0.00,4.95,119.31,"74,411.99"
467,03/10/2024,BSR,"24,300","24,300","23,900","24,400","23,800","24,056",-400,-1.65,7.26,174.64,0.00,0.00,7.26,174.64,"74,101.94"
468,02/10/2024,BSR,"24,200","23,900","24,300","24,600","23,000","24,320",100,0.41,7.43,180.75,0.16,4.42,7.59,185.16,"75,342.14"
469,01/10/2024,BSR,"24,200","24,100","24,000","24,400","23,900","24,173",-200,-0.83,7.46,180.22,0.00,0.00,7.46,180.22,"74,411.99"
470,30/09/2024,BSR,"24,600","24,600","24,100","24,600","24,000","24,233",-500,-2.03,8.01,194.20,0.00,0.00,8.01,194.20,"74,722.04"
471,27/09/2024,BSR,"24,800","24,800","24,500","24,900","24,300","24,555",-300,-1.21,5.81,142.59,0.00,0.07,5.81,142.66,"75,962.24"
472,26/09/2024,BSR,"24,000","24,200","24,800","25,300","24,100","24,772",800,3.33,16.14,399.91,0.20,4.20,16.34,404.11,"76,892.39"
473,25/09/2024,BSR,"23,900","24,000","24,100","24,300","23,900","24,033",200,0.84,5.81,139.74,0.00,0.00,5.81,139.74,"74,722.04"
474,24/09/2024,BSR,"23,900","23,900","24,000","24,100","23,700","23,891",100,0.42,4.83,115.50,9.40,233.12,14.23,348.62,"74,411.99"
475,23/09/2024,BSR,"23,800","23,900","23,900","24,200","23,800","23,894",100,0.42,3.37,80.55,0.00,0.00,3.37,80.55,"74,101.94"
476,20/09/2024,BSR,"23,400","23,500","23,900","24,200","23,400","23,812",500,2.14,10.81,257.48,0.16,3.14,10.97,260.61,"74,101.94"
477,19/09/2024,BSR,"23,600","23,600","23,500","23,700","23,300","23,428",-100,-0.42,3.58,83.85,0.00,0.00,3.58,83.85,"72,861.74"
478,18/09/2024,BSR,"23,400","23,900","23,600","23,900","23,400","23,600",200,0.85,3.78,89.13,0.00,0.00,3.78,89.13,"73,171.79"
479,17/09/2024,BSR,"23,200","23,200","23,700","23,800","23,100","23,410",500,2.16,5.27,123.31,0.16,4.12,5.42,127.43,"73,481.84"
480,16/09/2024,BSR,"23,200","23,100","23,200","23,300","23,100","23,192",0,0.00,3.62,83.98,0.00,0.00,3.62,83.98,"71,931.59"
481,13/09/2024,BSR,"23,300","23,400","23,200","23,500","23,000","23,187",-100,-0.43,5.16,119.71,0.00,0.00,5.16,119.71,"71,931.59"
482,12/09/2024,BSR,"23,100","23,300","23,400","23,400","23,200","23,308",300,1.30,3.59,83.67,0.00,0.00,3.59,83.67,"72,551.69"
483,11/09/2024,BSR,"23,300","23,200","23,300","23,300","22,900","23,073",0,0.00,4.87,112.38,0.00,0.00,4.87,112.38,"72,241.64"
484,10/09/2024,BSR,"23,300","23,500","23,300","23,600","23,000","23,274",0,0.00,5.46,127.02,0.00,0.00,5.46,127.02,"72,241.64"
485,09/09/2024,BSR,"22,900","23,100","23,400","23,500","22,900","23,288",500,2.18,6.41,149.35,0.00,0.00,6.41,149.35,"72,551.69"
486,06/09/2024,BSR,"23,200","23,100","23,100","23,300","22,700","22,937",-100,-0.43,5.17,118.62,0.00,0.00,5.17,118.62,"71,621.54"
487,05/09/2024,BSR,"23,400","23,400","23,100","23,600","22,800","23,219",-300,-1.28,7.49,173.91,0.00,0.00,7.49,173.91,"71,621.54"
488,04/09/2024,BSR,"23,900","23,700","23,300","23,900","23,300","23,445",-600,-2.51,8.18,191.80,0.03,0.51,8.21,192.32,"72,241.64"
489,30/08/2024,BSR,"24,000","23,900","23,900","24,100","23,800","23,894",-100,-0.42,4.11,98.24,0.12,3.30,4.23,101.54,"74,101.94"
490,29/08/2024,BSR,"24,200","24,100","23,900","24,200","23,800","23,959",-300,-1.24,3.47,83.02,0.00,0.00,3.47,83.02,"74,101.94"
491,28/08/2024,BSR,"24,000","24,300","24,100","24,500","24,000","24,173",100,0.42,5.75,138.90,0.05,1.22,5.80,140.12,"74,722.04"
492,27/08/2024,BSR,"24,000","24,000","24,300","24,300","23,800","24,025",300,1.25,7.65,183.91,0.00,0.00,7.65,183.91,"75,342.14"
493,26/08/2024,BSR,"23,900","24,000","23,900","24,400","23,800","23,985",0,0.00,7.88,188.92,0.36,7.28,8.23,196.19,"74,101.94"
494,23/08/2024,BSR,"24,200","24,200","24,000","24,300","23,800","23,940",-200,-0.83,7.06,169.13,0.00,0.00,7.06,169.13,"74,411.99"
495,22/08/2024,BSR,"24,300","24,300","24,300","24,600","24,000","24,165",0,0.00,5.83,140.84,0.00,0.00,5.83,140.84,"75,342.14"
496,21/08/2024,BSR,"24,000","24,300","24,300","24,800","24,000","24,303",300,1.25,14.97,363.78,0.00,0.00,14.97,363.78,"75,342.14"
497,20/08/2024,BSR,"24,300","24,100","24,100","24,300","23,800","24,013",-200,-0.82,11.82,283.78,0.36,9.83,12.17,293.61,"74,722.04"
498,19/08/2024,BSR,"23,800","24,000","24,100","24,800","24,000","24,326",300,1.26,9.77,237.56,0.00,0.00,9.77,237.56,"74,722.04"
499,16/08/2024,BSR,"22,900","22,900","24,100","24,300","22,900","23,833","1,200",5.24,19.06,454.17,0.00,0.00,19.06,454.17,"74,722.04"
500,15/08/2024,BSR,"23,200","23,000","22,900","23,200","22,800","22,935",-300,-1.29,5.42,124.34,0.00,0.00,5.42,124.34,"71,001.44"
501,14/08/2024,BSR,"23,600","23,600","23,100","23,600","22,900","23,206",-500,-2.12,9.09,210.98,0.00,0.00,9.09,210.98,"71,621.54"
502,13/08/2024,BSR,"23,400","23,600","23,500","24,100","23,200","23,550",100,0.43,13.73,323.39,0.00,0.00,13.73,323.39,"72,861.74"
503,12/08/2024,BSR,"22,900","23,200","23,200","23,800","23,100","23,408",300,1.31,7.65,179.05,0.00,0.00,7.65,179.05,"71,931.59"
504,09/08/2024,BSR,"22,900","22,900","23,200","23,200","22,600","22,927",300,1.31,7.84,179.82,0.00,0.00,7.84,179.82,"71,931.59"
505,08/08/2024,BSR,"22,500","22,700","22,900","23,300","22,500","22,894",400,1.78,12.47,285.39,0.00,0.00,12.47,285.39,"71,001.44"
506,07/08/2024,BSR,"22,000","22,200","22,700","22,900","22,000","22,465",700,3.18,10.93,245.64,0.00,0.00,10.93,245.64,"70,381.34"
507,06/08/2024,BSR,"22,000","21,700","22,200","22,300","21,700","22,027",200,0.91,5.43,119.52,0.00,0.00,5.43,119.52,"68,831.09"
508,05/08/2024,BSR,"22,100","22,000","21,700","22,800","21,500","21,974",-400,-1.81,11.92,261.89,0.00,0.00,11.92,261.89,"67,280.84"
509,02/08/2024,BSR,"22,600","22,400","22,400","22,500","21,700","22,095",-200,-0.88,9.20,203.22,0.00,0.00,9.20,203.22,"69,451.19"
510,01/08/2024,BSR,"22,700","23,000","22,400","23,300","22,100","22,571",-300,-1.32,8.71,196.65,0.00,0.00,8.71,196.65,"69,451.19"
511,31/07/2024,BSR,"21,700","21,900","22,800","23,200","21,500","22,718","1,100",5.07,16.42,373.00,0.00,0.00,16.42,373.00,"70,691.39"
512,30/07/2024,BSR,"22,000","21,400","21,600","22,000","20,500","21,671",-400,-1.82,5.91,128.09,0.00,0.00,5.91,128.09,"66,970.79"
513,29/07/2024,BSR,"21,800","22,200","22,000","22,300","21,800","22,033",200,0.92,3.35,73.88,0.00,0.00,3.35,73.88,"68,210.99"
514,26/07/2024,BSR,"21,700","21,500","22,000","22,100","21,500","21,800",300,1.38,4.21,91.68,0.00,0.00,4.21,91.68,"68,210.99"
515,25/07/2024,BSR,"21,300","21,300","21,700","22,100","21,200","21,691",400,1.88,5.27,114.20,0.09,2.18,5.36,116.38,"67,280.84"
516,24/07/2024,BSR,"21,800","21,000","21,500","21,700","20,800","21,253",-300,-1.38,7.43,157.99,0.00,0.00,7.43,157.99,"66,660.74"
517,23/07/2024,BSR,"22,400","22,300","21,300","22,400","21,200","21,783","-1,100",-4.91,12.59,274.25,0.00,0.00,12.59,274.25,"66,040.64"
518,22/07/2024,BSR,"22,900","22,700","22,200","22,900","22,000","22,365",-700,-3.06,8.68,194.06,0.00,0.00,8.68,194.06,"68,831.09"
519,19/07/2024,BSR,"22,800","23,100","22,700","23,300","22,500","22,893",-100,-0.44,6.82,156.07,0.00,0.00,6.82,156.07,"70,381.34"
520,18/07/2024,BSR,"22,900","22,900","23,000","23,200","22,400","22,753",100,0.44,8.29,188.60,0.00,0.00,8.29,188.60,"71,311.49"
521,17/07/2024,BSR,"23,800","23,600","22,600","23,700","21,800","22,879","-1,200",-5.04,17.21,393.80,0.00,0.00,17.21,393.80,"70,071.29"
522,16/07/2024,BSR,"24,100","24,200","23,600","24,300","23,500","23,820",-500,-2.07,8.65,206.03,0.00,0.00,8.65,206.03,"73,171.79"
523,15/07/2024,BSR,"23,600","23,900","24,200","24,400","23,800","24,094",600,2.54,10.30,248.11,0.00,0.00,10.30,248.11,"75,032.09"
524,12/07/2024,BSR,"23,500","23,400","23,900","24,000","23,300","23,637",400,1.70,10.66,251.92,0.00,0.00,10.66,251.92,"74,101.94"
525,11/07/2024,BSR,"23,800","23,600","23,400","23,900","23,200","23,496",-400,-1.68,7.68,180.55,0.00,0.00,7.68,180.55,"72,551.69"
526,10/07/2024,BSR,"23,600","23,800","23,600","24,300","23,400","23,830",0,0.00,9.98,237.71,0.00,0.00,9.98,237.71,"73,171.79"
527,09/07/2024,BSR,"23,000","23,300","23,900","24,000","23,100","23,577",900,3.91,15.11,356.34,0.00,0.00,15.11,356.34,"74,101.94"
528,08/07/2024,BSR,"22,600","23,000","23,200","23,300","22,600","23,007",600,2.65,9.56,219.94,0.00,0.00,9.56,219.94,"71,931.59"
529,05/07/2024,BSR,"22,700","22,800","22,800","22,900","22,500","22,648",100,0.44,4.60,104.18,0.00,0.00,4.60,104.18,"70,691.39"
530,04/07/2024,BSR,"22,100","22,100","22,800","23,000","22,100","22,653",700,3.17,10.83,245.37,0.02,0.28,10.85,245.65,"70,691.39"
531,03/07/2024,BSR,"22,100","22,200","22,100","22,400","21,900","22,114",0,0.00,5.60,123.83,0.00,0.00,5.60,123.83,"68,521.04"
532,02/07/2024,BSR,"21,800","22,200","22,200","22,800","21,900","22,135",400,1.83,5.53,122.34,0.00,0.00,5.53,122.34,"68,831.09"
533,01/07/2024,BSR,"22,000","21,900","22,100","22,100","21,500","21,778",100,0.45,7.75,168.68,0.05,1.23,7.80,169.91,"68,521.04"
534,28/06/2024,BSR,"22,600","22,100","21,700","22,700","20,500","21,973",-900,-3.98,12.87,282.72,0.00,0.00,12.87,282.72,"67,280.84"
535,27/06/2024,BSR,"22,900","23,100","22,600","23,100","22,400","22,605",-300,-1.31,7.54,170.43,0.00,0.00,7.54,170.43,"70,071.29"
536,26/06/2024,BSR,"22,600","22,800","23,100","23,300","22,600","22,914",500,2.21,6.28,144.00,0.11,2.62,6.39,146.62,"71,621.54"
537,25/06/2024,BSR,"23,200","23,000","22,800","23,100","22,300","22,637",-400,-1.72,11.50,260.23,0.00,0.00,11.50,260.23,"70,691.39"
538,24/06/2024,BSR,"24,100","24,000","23,000","24,000","22,700","23,186","-1,100",-4.56,17.72,410.82,0.00,0.00,17.72,410.82,"71,311.49"
539,21/06/2024,BSR,"24,500","24,500","24,100","24,800","23,700","24,146",-400,-1.63,13.33,321.96,0.00,0.00,13.33,321.96,"74,722.04"
540,20/06/2024,BSR,"24,100","24,400","24,500","24,900","24,100","24,489",400,1.66,11.16,273.25,0.00,0.00,11.16,273.25,"75,962.24"
541,19/06/2024,BSR,"24,100","24,300","24,400","24,600","23,800","24,137",300,1.24,10.82,261.13,0.00,0.00,10.82,261.13,"75,652.19"
542,18/06/2024,BSR,"23,100","23,300","24,300","24,500","23,200","24,087","1,200",5.19,21.65,521.40,0.01,0.23,21.66,521.63,"75,342.14"
543,17/06/2024,BSR,"23,100","22,800","23,300","23,300","22,700","23,091",200,0.87,8.48,195.77,0.00,0.00,8.48,195.77,"72,241.64"
544,14/06/2024,BSR,"23,200","23,100","22,800","23,700","22,700","23,096",-400,-1.72,13.43,310.08,0.06,1.38,13.49,311.45,"70,691.39"
545,13/06/2024,BSR,"23,000","23,400","23,200","23,900","23,000","23,173",200,0.87,6.05,140.11,0.00,0.00,6.05,140.11,"71,931.59"
546,12/06/2024,BSR,"23,200","23,000","23,200","23,300","22,800","23,037",0,0.00,8.48,195.40,0.06,1.41,8.54,196.81,"71,931.59"
547,11/06/2024,BSR,"23,600","23,600","23,200","23,700","22,900","23,216",-400,-1.69,10.52,244.23,0.00,0.00,10.52,244.23,"71,931.59"
548,10/06/2024,BSR,"23,600","23,800","23,400","24,000","23,300","23,616",-200,-0.85,5.94,140.37,0.00,0.00,5.94,140.37,"72,551.69"
549,07/06/2024,BSR,"23,800","23,700","23,700","24,100","23,400","23,603",-100,-0.42,6.49,153.10,0.00,0.00,6.49,153.10,"73,481.84"
550,06/06/2024,BSR,"23,200","23,300","23,700","24,300","23,200","23,799",500,2.16,14.45,343.94,0.00,0.00,14.45,343.94,"73,481.84"
551,05/06/2024,BSR,"23,300","23,300","23,300","23,600","22,900","23,249",0,0.00,9.32,216.59,0.00,0.00,9.32,216.59,"72,241.64"
552,04/06/2024,BSR,"23,100","23,200","23,300","23,800","22,800","23,322",200,0.87,12.94,301.73,0.00,0.00,12.94,301.73,"72,241.64"
553,03/06/2024,BSR,"22,700","22,800","23,100","23,400","22,800","23,063",400,1.76,7.14,164.62,0.00,0.00,7.14,164.62,"71,621.54"
554,31/05/2024,BSR,"22,800","22,900","22,800","23,000","22,500","22,735",0,0.00,5.05,114.87,0.00,0.00,5.05,114.87,"70,691.39"
555,30/05/2024,BSR,"23,500","23,100","23,000","23,300","22,300","22,779",-500,-2.13,15.81,360.13,0.00,0.00,15.81,360.13,"71,311.49"
556,29/05/2024,BSR,"23,100","23,400","23,100","24,100","23,000","23,509",0,0.00,14.75,346.84,0.20,4.01,14.96,350.86,"71,621.54"
557,28/05/2024,BSR,"22,500","22,600","23,300","23,400","22,600","23,056",800,3.56,11.74,270.73,0.00,0.00,11.74,270.73,"72,241.64"
558,27/05/2024,BSR,"22,600","22,600","22,600","23,000","22,100","22,530",0,0.00,8.22,185.16,0.15,3.39,8.37,188.55,"70,071.29"
559,24/05/2024,BSR,"22,400","22,700","22,600","23,400","22,000","22,644",200,0.89,23.01,521.00,1.20,22.92,24.21,543.92,"70,071.29"
560,23/05/2024,BSR,"21,100","21,600","22,500","23,000","21,500","22,353","1,400",6.64,18.97,423.99,0.00,0.00,18.97,423.99,"69,761.24"
561,22/05/2024,BSR,"19,800","19,900","21,600","22,000","19,900","21,104","1,800",9.09,28.92,610.37,0.03,0.53,28.95,610.90,"66,970.79"
562,21/05/2024,BSR,"19,900","19,900","20,000","20,000","19,600","19,788",100,0.50,6.69,132.35,0.00,0.00,6.69,132.35,"62,009.99"
563,20/05/2024,BSR,"19,600","19,700","19,900","20,200","19,600","19,899",300,1.53,8.48,168.77,1.03,17.39,9.51,186.17,"61,699.94"
564,17/05/2024,BSR,"19,400","19,500","19,600","19,700","19,500","19,589",200,1.03,6.80,133.27,0.04,0.68,6.84,133.95,"60,769.79"
565,16/05/2024,BSR,"19,000","19,100","19,500","19,700","19,000","19,383",500,2.63,11.63,225.45,0.00,0.00,11.63,225.45,"60,459.74"
566,15/05/2024,BSR,"19,000","19,000","19,000","19,100","18,900","18,971",0,0.00,2.93,55.57,0.04,0.89,2.97,56.46,"58,909.49"
567,14/05/2024,BSR,"18,900","18,800","19,000","19,200","18,700","18,962",100,0.53,3.39,64.37,0.06,0.91,3.45,65.28,"58,909.49"
568,13/05/2024,BSR,"18,900","19,000","18,800","19,100","18,700","18,863",-100,-0.53,3.65,68.92,0.00,0.00,3.65,68.92,"58,289.39"
569,10/05/2024,BSR,"19,200","19,100","19,000","19,200","18,700","18,936",-200,-1.04,4.97,94.09,0.02,0.44,4.99,94.53,"58,909.49"
570,09/05/2024,BSR,"19,200","19,300","19,100","19,400","19,000","19,157",-100,-0.52,4.07,77.88,0.04,0.79,4.10,78.66,"59,219.54"
571,08/05/2024,BSR,"18,900","19,000","19,300","19,500","18,700","19,186",400,2.12,7.57,145.14,0.07,1.14,7.64,146.28,"59,839.64"
572,07/05/2024,BSR,"18,600","18,800","18,900","19,100","18,700","18,896",300,1.61,6.11,115.43,0.00,0.00,6.11,115.43,"58,599.44"
573,06/05/2024,BSR,"18,100","18,200","18,800","18,900","18,200","18,571",700,3.87,9.20,170.90,0.01,0.08,9.21,170.98,"58,289.39"
574,03/05/2024,BSR,"18,000","18,100","18,200","18,300","18,000","18,093",200,1.11,4.11,74.32,0.00,0.00,4.11,74.32,"56,429.09"
575,02/05/2024,BSR,"18,100","18,000","18,100","18,100","17,800","17,989",0,0.00,2.83,50.90,0.00,0.00,2.83,50.90,"56,119.04"
576,26/04/2024,BSR,"18,100","18,000","18,100","18,200","17,900","18,085",0,0.00,2.65,47.89,0.00,0.00,2.65,47.89,"56,119.04"
577,25/04/2024,BSR,"18,200","18,400","18,200","18,400","17,900","18,095",0,0.00,4.49,81.30,0.00,0.00,4.49,81.30,"56,429.09"
578,24/04/2024,BSR,"18,100","18,100","18,300","18,400","18,000","18,240",200,1.10,3.83,69.86,0.05,1.05,3.88,70.91,"56,739.14"
579,23/04/2024,BSR,"18,300","18,200","18,100","18,500","17,900","18,112",-200,-1.09,3.40,61.56,0.00,0.00,3.40,61.56,"56,119.04"
580,22/04/2024,BSR,"18,300","18,100","18,200","18,400","18,000","18,257",-100,-0.55,5.16,94.29,0.05,0.71,5.21,94.99,"56,429.09"
581,19/04/2024,BSR,"18,600","18,600","18,000","18,900","18,000","18,332",-600,-3.23,9.49,173.97,0.00,0.00,9.49,173.97,"55,808.99"
582,17/04/2024,BSR,"18,900","19,000","18,600","19,100","18,400","18,638",-300,-1.59,7.50,139.86,0.06,0.98,7.56,140.85,"57,669.29"
583,16/04/2024,BSR,"19,600","18,800","19,200","19,200","18,500","18,928",-400,-2.04,6.98,132.10,0.05,1.01,7.02,133.11,"59,529.59"
584,15/04/2024,BSR,"19,500","19,700","18,900","20,200","18,900","19,629",-600,-3.08,17.18,337.31,0.06,1.24,17.24,338.55,"58,599.44"
585,12/04/2024,BSR,"19,600","19,800","19,700","19,800","19,400","19,549",100,0.51,4.70,91.97,0.00,0.00,4.70,91.97,"61,079.84"
586,11/04/2024,BSR,"19,600","19,500","19,700","19,700","19,300","19,554",100,0.51,5.18,101.27,0.07,1.21,5.25,102.48,"61,079.84"
587,10/04/2024,BSR,"19,800","19,900","19,500","19,900","19,400","19,568",-300,-1.52,7.41,145.03,0.07,1.22,7.48,146.25,"60,459.74"
588,09/04/2024,BSR,"19,800","19,800","19,900","20,000","19,700","19,795",100,0.51,7.99,158.20,0.04,0.97,8.03,159.17,"61,699.94"
589,08/04/2024,BSR,"20,000","19,900","19,800","20,000","19,700","19,841",-200,-1.00,6.59,130.85,0.00,0.00,6.59,130.85,"61,389.89"
590,05/04/2024,BSR,"19,500","19,400","19,900","20,400","19,300","19,990",400,2.05,23.95,478.73,0.00,0.00,23.95,478.73,"61,699.94"
591,04/04/2024,BSR,"19,900","19,700","19,400","19,900","19,400","19,535",-500,-2.51,8.10,158.25,0.08,1.86,8.18,160.11,"60,149.69"
592,03/04/2024,BSR,"19,400","19,700","19,800","20,200","19,600","19,892",400,2.06,13.64,271.28,0.00,0.00,13.64,271.28,"61,389.89"
593,02/04/2024,BSR,"19,300","19,300","19,700","19,700","19,100","19,439",400,2.07,10.26,199.53,0.00,0.00,10.26,199.53,"61,079.84"
594,01/04/2024,BSR,"19,300","19,400","19,300","19,500","19,100","19,276",0,0.00,4.87,93.95,0.05,0.83,4.92,94.78,"59,839.64"
595,29/03/2024,BSR,"19,200","19,200","19,300","19,500","19,000","19,335",100,0.52,4.77,92.18,0.54,10.39,5.30,102.57,"59,839.64"
596,28/03/2024,BSR,"19,300","19,400","19,400","19,400","19,100","19,199",100,0.52,3.69,70.91,0.05,1.10,3.74,72.01,"60,149.69"
597,27/03/2024,BSR,"19,300","19,400","19,400","19,600","19,200","19,328",100,0.52,4.57,88.27,0.00,0.00,4.57,88.27,"60,149.69"
598,26/03/2024,BSR,"19,300","19,200","19,400","19,400","19,100","19,251",100,0.52,4.41,84.82,0.19,3.65,4.60,88.47,"60,149.69"
599,25/03/2024,BSR,"19,200","19,300","19,200","19,600","19,000","19,291",0,0.00,6.29,121.37,0.30,5.76,6.59,127.13,"59,529.59"
600,22/03/2024,BSR,"19,200","19,300","19,300","19,300","19,000","19,211",100,0.52,6.76,129.83,0.00,0.00,6.76,129.83,"59,839.64"
601,21/03/2024,BSR,"19,000","19,200","19,200","19,300","19,000","19,164",200,1.05,4.76,91.17,0.00,0.00,4.76,91.17,"59,529.59"
602,20/03/2024,BSR,"18,900","19,100","19,200","19,200","18,800","18,968",300,1.59,4.70,89.20,0.00,0.00,4.70,89.20,"59,529.59"
603,19/03/2024,BSR,"18,800","18,900","19,000","19,000","18,700","18,868",200,1.06,4.40,82.97,0.00,0.00,4.40,82.97,"58,909.49"
604,18/03/2024,BSR,"19,300","19,400","18,800","19,500","18,400","18,798",-500,-2.59,9.55,179.57,0.00,0.00,9.55,179.57,"58,289.39"
605,15/03/2024,BSR,"19,400","19,500","19,400","19,600","19,100","19,313",0,0.00,5.27,101.69,0.00,0.00,5.27,101.69,"60,149.69"
606,14/03/2024,BSR,"19,000","19,300","19,400","19,600","19,100","19,381",400,2.11,8.19,158.67,0.00,0.00,8.19,158.67,"60,149.69"
607,13/03/2024,BSR,"19,100","19,000","19,300","19,300","18,900","19,033",200,1.05,5.97,113.69,0.00,0.00,5.97,113.69,"59,839.64"
608,12/03/2024,BSR,"19,200","19,200","18,900","19,300","18,900","19,072",-300,-1.56,5.85,111.51,0.00,0.00,5.85,111.51,"58,599.44"
609,11/03/2024,BSR,"19,500","19,400","19,200","19,500","19,100","19,218",-300,-1.54,4.05,77.91,0.00,0.00,4.05,77.91,"59,529.59"
610,08/03/2024,BSR,"19,600","19,800","19,400","20,000","19,300","19,539",-200,-1.02,5.84,114.02,0.00,0.00,5.84,114.02,"60,149.69"
611,07/03/2024,BSR,"19,500","19,600","19,800","19,800","19,400","19,619",300,1.54,5.12,100.50,0.00,0.00,5.12,100.50,"61,389.89"
612,06/03/2024,BSR,"19,700","19,700","19,600","19,900","19,300","19,515",-100,-0.51,6.56,127.94,0.00,0.00,6.56,127.94,"60,769.79"
613,05/03/2024,BSR,"20,000","20,000","19,900","20,000","19,600","19,729",-100,-0.50,5.00,98.71,0.01,0.12,5.01,98.83,"61,699.94"
614,04/03/2024,BSR,"19,800","20,000","19,900","20,300","19,800","19,978",100,0.51,6.29,125.59,0.00,0.00,6.29,125.59,"61,699.94"
615,01/03/2024,BSR,"19,900","20,000","20,000","20,000","19,600","19,790",100,0.50,5.35,105.82,0.00,0.00,5.35,105.82,"62,009.99"
616,29/02/2024,BSR,"20,100","20,200","19,900","20,300","19,600","19,860",-200,-1.00,6.28,124.62,0.00,0.00,6.28,124.62,"61,699.94"
617,28/02/2024,BSR,"19,500","19,700","20,200","20,500","19,700","20,147",700,3.59,13.63,274.57,0.00,0.00,13.63,274.57,"62,630.09"
618,27/02/2024,BSR,"19,100","19,100","19,700","19,900","19,100","19,530",600,3.14,10.92,213.20,0.00,0.00,10.92,213.20,"61,079.84"
619,26/02/2024,BSR,"19,400","19,300","19,200","19,400","18,900","19,086",-200,-1.03,5.73,109.29,0.00,0.00,5.73,109.29,"59,529.59"
620,23/02/2024,BSR,"19,700","19,700","19,300","19,700","19,000","19,383",-400,-2.03,7.90,153.06,0.00,0.00,7.90,153.06,"59,839.64"
621,22/02/2024,BSR,"19,600","19,600","19,700","20,000","19,500","19,728",100,0.51,6.40,126.36,0.00,0.00,6.40,126.36,"61,079.84"
622,21/02/2024,BSR,"19,800","19,800","19,600","19,800","19,400","19,554",-200,-1.01,6.04,118.19,0.00,0.00,6.04,118.19,"60,769.79"
623,20/02/2024,BSR,"19,600","20,000","19,700","20,100","19,600","19,835",100,0.51,5.25,104.11,0.08,1.50,5.32,105.61,"61,079.84"
624,19/02/2024,BSR,"18,900","18,900","20,000","20,000","18,900","19,590","1,100",5.82,21.85,428.02,0.00,0.00,21.85,428.02,"62,009.99"
625,16/02/2024,BSR,"18,800","18,900","18,900","19,000","18,700","18,851",100,0.53,2.72,51.20,0.00,0.00,2.72,51.20,"58,599.44"
626,15/02/2024,BSR,"18,500","18,600","18,800","19,000","18,600","18,806",300,1.62,5.43,102.12,0.00,0.00,5.43,102.12,"58,289.39"
627,07/02/2024,BSR,"18,500","18,600","18,600","18,700","18,400","18,537",100,0.54,3.54,65.58,0.00,0.00,3.54,65.58,"57,669.29"
628,06/02/2024,BSR,"18,500","18,500","18,600","18,600","18,400","18,509",100,0.54,2.86,52.88,0.00,0.00,2.86,52.88,"57,669.29"
629,05/02/2024,BSR,"18,600","18,600","18,500","18,700","18,300","18,463",-100,-0.54,4.44,81.89,0.00,0.00,4.44,81.89,"57,359.24"
630,02/02/2024,BSR,"18,600","18,700","18,600","18,700","18,500","18,569",0,0.00,3.06,56.75,0.01,0.08,3.06,56.83,"57,669.29"
631,01/02/2024,BSR,"18,800","18,700","18,600","18,800","18,500","18,625",-200,-1.06,4.43,82.55,0.00,0.00,4.43,82.55,"57,669.29"
632,31/01/2024,BSR,"19,000","19,000","18,700","19,200","18,700","18,819",-300,-1.58,3.98,74.96,0.00,0.00,3.98,74.96,"57,979.34"
633,30/01/2024,BSR,"19,100","19,100","19,100","19,100","18,800","18,988",0,0.00,3.45,65.45,1.50,29.18,4.95,94.63,"59,219.54"
634,29/01/2024,BSR,"19,000","19,000","19,100","19,200","18,900","19,075",100,0.53,3.55,67.73,0.00,0.00,3.55,67.73,"59,219.54"
635,26/01/2024,BSR,"18,800","18,900","19,000","19,100","18,800","18,997",200,1.06,6.69,127.01,2.50,48.93,9.19,175.94,"58,909.49"
636,25/01/2024,BSR,"18,800","18,900","18,800","19,000","18,600","18,768",0,0.00,1.94,36.50,0.00,0.00,1.94,36.50,"58,289.39"
637,24/01/2024,BSR,"18,700","18,800","18,900","19,000","18,600","18,820",200,1.07,6.58,123.80,2.50,47.81,9.08,171.61,"58,599.44"
638,23/01/2024,BSR,"18,700","18,600","18,800","18,900","18,600","18,703",100,0.53,2.50,46.79,0.00,0.00,2.50,46.79,"58,289.39"
639,22/01/2024,BSR,"18,700","18,700","18,800","18,800","18,500","18,675",100,0.53,4.20,78.38,2.51,47.56,6.70,125.95,"58,289.39"
640,19/01/2024,BSR,"18,500","18,500","18,700","18,800","18,500","18,718",200,1.08,5.23,97.86,0.00,0.00,5.23,97.86,"57,979.34"
641,18/01/2024,BSR,"18,400","18,400","18,600","18,700","18,300","18,506",200,1.09,5.25,97.15,0.00,0.00,5.25,97.15,"57,669.29"
642,17/01/2024,BSR,"18,300","18,400","18,400","18,500","18,200","18,359",100,0.55,2.95,54.16,0.00,0.00,2.95,54.16,"57,049.19"
643,16/01/2024,BSR,"18,400","18,400","18,400","18,400","18,200","18,291",0,0.00,2.56,46.77,0.00,0.00,2.56,46.77,"57,049.19"
644,15/01/2024,BSR,"18,400","18,400","18,400","18,500","18,300","18,360",0,0.00,2.21,40.48,0.00,0.00,2.21,40.48,"57,049.19"
645,12/01/2024,BSR,"18,400","18,400","18,400","18,600","18,200","18,373",0,0.00,5.93,108.95,0.00,0.00,5.93,108.95,"57,049.19"
646,11/01/2024,BSR,"18,400","18,400","18,500","18,500","18,200","18,352",100,0.54,4.68,85.82,0.00,0.00,4.68,85.82,"57,359.24"
647,10/01/2024,BSR,"18,500","18,500","18,400","18,600","18,200","18,381",-100,-0.54,4.96,91.16,0.00,0.00,4.96,91.16,"57,049.19"
648,09/01/2024,BSR,"18,900","18,900","18,400","18,900","18,400","18,547",-500,-2.65,9.34,173.32,0.00,0.00,9.34,173.32,"57,049.19"
649,08/01/2024,BSR,"18,900","18,900","18,800","19,100","18,700","18,868",-100,-0.53,4.13,77.95,0.00,0.00,4.13,77.95,"58,289.39"
650,05/01/2024,BSR,"18,800","18,700","18,900","19,100","18,700","18,928",100,0.53,4.18,79.17,0.00,0.00,4.18,79.17,"58,599.44"
651,04/01/2024,BSR,"18,600","18,700","18,800","19,000","18,600","18,822",200,1.08,9.77,183.86,0.00,0.00,9.77,183.86,"58,289.39"
652,03/01/2024,BSR,"18,700","18,600","18,700","18,700","18,500","18,583",0,0.00,3.45,64.17,0.00,0.00,3.45,64.17,"57,979.34"
653,02/01/2024,BSR,"18,500","18,600","18,600","18,900","18,500","18,691",100,0.54,5.24,97.92,0.00,0.00,5.24,97.92,"57,669.29"
654,29/12/2023,BSR,"18,500","18,500","18,600","18,600","18,400","18,483",100,0.54,3.25,59.98,0.00,0.00,3.25,59.98,"57,669.29"
655,28/12/2023,BSR,"18,600","18,600","18,500","18,600","18,400","18,487",-100,-0.54,3.09,57.19,0.00,0.00,3.09,57.19,"57,359.24"
656,27/12/2023,BSR,"18,500","18,500","18,600","18,800","18,500","18,620",100,0.54,2.14,39.80,0.00,0.00,2.14,39.80,"57,669.29"
657,26/12/2023,BSR,"18,500","18,600","18,600","18,700","18,400","18,543",100,0.54,2.39,44.39,0.00,0.00,2.39,44.39,"57,669.29"
658,25/12/2023,BSR,"18,400","18,400","18,600","18,700","18,400","18,533",200,1.09,3.11,57.57,0.00,0.00,3.11,57.57,"57,669.29"
659,22/12/2023,BSR,"18,400","18,400","18,300","18,600","18,300","18,436",-100,-0.54,2.76,50.79,0.00,0.00,2.76,50.79,"56,739.14"
660,21/12/2023,BSR,"18,500","18,600","18,500","18,600","18,300","18,424",0,0.00,1.73,31.87,0.90,14.40,2.63,46.27,"57,359.24"
661,20/12/2023,BSR,"18,300","18,400","18,600","18,600","18,400","18,486",300,1.64,2.45,45.36,0.00,0.00,2.45,45.36,"57,669.29"
662,19/12/2023,BSR,"18,300","18,300","18,400","18,400","18,100","18,283",100,0.55,3.00,54.93,0.90,18.72,3.90,73.65,"57,049.19"
663,18/12/2023,BSR,"18,500","18,500","18,200","18,600","18,100","18,315",-300,-1.62,3.25,59.56,0.00,0.00,3.25,59.56,"56,429.09"
664,15/12/2023,BSR,"18,600","18,400","18,500","18,600","18,400","18,493",-100,-0.54,4.16,76.89,0.00,0.00,4.16,76.89,"57,359.24"
665,14/12/2023,BSR,"18,800","18,800","18,400","18,900","18,300","18,576",-400,-2.13,5.15,95.68,0.00,0.00,5.15,95.68,"57,049.19"
666,13/12/2023,BSR,"19,000","19,100","18,700","19,100","18,600","18,770",-300,-1.58,6.43,120.77,0.00,0.00,6.43,120.77,"57,979.34"
667,12/12/2023,BSR,"18,900","18,800","19,100","19,100","18,800","18,955",200,1.06,4.33,82.09,0.00,0.00,4.33,82.09,"59,219.54"
668,11/12/2023,BSR,"18,900","18,900","19,000","19,100","18,800","18,899",100,0.53,2.80,52.91,0.00,0.00,2.80,52.91,"58,909.49"
669,08/12/2023,BSR,"19,000","18,900","19,000","19,000","18,800","18,891",0,0.00,3.87,73.17,0.00,0.00,3.87,73.17,"58,909.49"
670,07/12/2023,BSR,"19,300","19,300","18,900","19,400","18,700","18,963",-400,-2.07,10.65,202.05,0.00,0.00,10.65,202.05,"58,599.44"
671,06/12/2023,BSR,"19,500","19,400","19,400","19,500","19,100","19,299",-100,-0.51,5.51,106.34,0.00,0.00,5.51,106.34,"60,149.69"
672,05/12/2023,BSR,"19,200","19,300","19,300","19,700","19,200","19,464",100,0.52,11.25,218.96,0.00,0.00,11.25,218.96,"59,839.64"
673,04/12/2023,BSR,"18,900","18,900","19,300","19,500","18,900","19,195",400,2.12,13.31,255.46,0.00,0.00,13.31,255.46,"59,839.64"
674,01/12/2023,BSR,"18,900","18,900","19,000","19,000","18,700","18,851",100,0.53,3.48,65.69,0.00,0.00,3.48,65.69,"58,909.49"
675,30/11/2023,BSR,"18,900","19,000","18,800","19,200","18,800","18,942",-100,-0.53,5.58,105.66,0.00,0.00,5.58,105.66,"58,289.39"
676,29/11/2023,BSR,"18,600","18,700","19,000","19,100","18,700","18,906",400,2.15,6.43,121.59,0.50,8.25,6.93,129.84,"58,909.49"
677,28/11/2023,BSR,"18,800","18,800","18,600","19,000","18,300","18,580",-200,-1.06,5.13,95.36,0.00,0.00,5.13,95.36,"57,669.29"
678,27/11/2023,BSR,"18,700","18,800","18,700","19,000","18,600","18,773",0,0.00,3.43,64.38,0.00,0.00,3.43,64.38,"57,979.34"
679,24/11/2023,BSR,"19,200","19,000","19,000","19,100","18,400","18,747",-200,-1.04,6.83,128.11,0.00,0.00,6.83,128.11,"58,909.49"
680,23/11/2023,BSR,"19,100","19,100","18,800","19,500","18,700","19,194",-300,-1.57,13.35,256.33,0.17,3.72,13.52,260.05,"58,289.39"
681,22/11/2023,BSR,"19,000","19,300","19,200","19,400","18,900","19,117",200,1.05,6.45,123.34,0.34,5.55,6.79,128.89,"59,529.59"
682,21/11/2023,BSR,"18,600","18,700","19,200","19,200","18,700","19,047",600,3.23,7.58,144.38,0.00,0.00,7.58,144.38,"59,529.59"
683,20/11/2023,BSR,"18,800","18,500","18,700","18,700","18,300","18,584",-100,-0.53,5.29,98.25,0.34,7.32,5.63,105.57,"57,979.34"
684,17/11/2023,BSR,"19,100","19,200","18,600","19,400","18,500","18,818",-500,-2.62,12.44,234.06,0.33,7.23,12.77,241.29,"57,669.29"
685,16/11/2023,BSR,"19,400","19,300","19,400","19,400","18,900","19,112",0,0.00,6.89,131.65,0.00,0.00,6.89,131.65,"60,149.69"
686,15/11/2023,BSR,"19,200","19,400","19,300","19,600","19,100","19,368",100,0.52,7.03,136.19,0.00,0.00,7.03,136.19,"59,839.64"
687,14/11/2023,BSR,"18,800","19,000","19,200","19,400","18,900","19,182",400,2.13,6.25,119.96,0.00,0.00,6.25,119.96,"59,529.59"
688,13/11/2023,BSR,"18,800","18,700","19,000","19,100","18,600","18,828",200,1.06,6.09,114.68,0.00,0.00,6.09,114.68,"58,909.49"
689,10/11/2023,BSR,"19,000","19,000","18,700","19,100","18,700","18,834",-300,-1.58,7.61,143.38,0.00,0.00,7.61,143.38,"57,979.34"
690,09/11/2023,BSR,"18,800","19,300","19,100","19,300","18,900","19,049",300,1.60,6.94,132.16,0.00,0.00,6.94,132.16,"59,219.54"
691,08/11/2023,BSR,"18,800","18,500","19,200","19,300","18,300","18,781",400,2.13,12.96,243.32,0.00,0.00,12.96,243.32,"59,529.59"
692,07/11/2023,BSR,"18,500","18,600","18,600","19,200","18,400","18,810",100,0.54,8.80,165.62,0.00,0.00,8.80,165.62,"57,669.29"
693,06/11/2023,BSR,"18,600","18,600","18,600","18,700","18,300","18,512",0,0.00,4.93,91.33,0.00,0.00,4.93,91.33,"57,669.29"
694,03/11/2023,BSR,"18,500","18,900","18,600","18,900","18,400","18,571",100,0.54,6.80,126.34,0.00,0.00,6.80,126.34,"57,669.29"
695,02/11/2023,BSR,"17,700","18,100","18,700","18,800","18,000","18,493","1,000",5.65,10.62,196.38,0.00,0.00,10.62,196.38,"57,979.34"
696,01/11/2023,BSR,"17,700","17,300","18,000","18,100","17,200","17,654",300,1.69,7.00,123.58,0.00,0.00,7.00,123.58,"55,808.99"
697,31/10/2023,BSR,"18,200","17,800","17,400","18,300","17,200","17,682",-800,-4.40,10.41,184.06,0.33,5.12,10.74,189.17,"53,948.69"
698,30/10/2023,BSR,"18,300","18,500","17,800","18,600","17,800","18,214",-500,-2.73,5.29,96.42,0.00,0.00,5.29,96.42,"55,188.89"
699,27/10/2023,BSR,"18,300","18,100","18,600","18,600","17,900","18,257",300,1.64,6.78,123.87,0.42,6.59,7.20,130.45,"57,669.29"
700,26/10/2023,BSR,"19,700","19,400","18,100","19,600","17,700","18,292","-1,600",-8.12,16.62,304.04,0.00,0.00,16.62,304.04,"56,119.04"
701,25/10/2023,BSR,"20,000","20,000","19,400","20,100","19,300","19,665",-600,-3.00,11.35,223.12,0.00,0.00,11.35,223.12,"60,149.69"
702,24/10/2023,BSR,"20,400","20,300","20,100","20,400","19,700","19,969",-300,-1.47,6.98,139.31,0.40,9.32,7.38,148.63,"62,320.04"
703,23/10/2023,BSR,"20,400","20,500","20,300","20,800","19,900","20,415",-100,-0.49,5.23,106.83,0.33,7.72,5.56,114.55,"62,940.14"
704,20/10/2023,BSR,"20,200","20,100","20,700","20,800","20,000","20,400",500,2.48,6.49,132.46,0.09,1.56,6.58,134.01,"64,180.34"
705,19/10/2023,BSR,"20,600","20,700","20,200","20,800","19,900","20,238",-400,-1.94,7.20,145.77,0.00,0.00,7.20,145.77,"62,630.09"
706,18/10/2023,BSR,"21,100","20,900","20,700","21,100","20,000","20,607",-400,-1.90,11.90,245.31,0.00,0.00,11.90,245.31,"64,180.34"
707,17/10/2023,BSR,"21,700","21,700","20,800","21,700","20,400","21,135",-900,-4.15,11.43,241.58,0.00,0.00,11.43,241.58,"64,490.39"
708,16/10/2023,BSR,"21,000","21,500","21,500","22,000","21,400","21,685",500,2.38,12.56,272.32,0.00,0.00,12.56,272.32,"66,660.74"
709,13/10/2023,BSR,"20,900","20,800","21,200","21,400","20,600","21,018",300,1.44,8.07,169.68,0.10,2.12,8.17,171.80,"65,730.59"
710,12/10/2023,BSR,"21,200","21,200","20,900","21,200","20,700","20,912",-300,-1.42,6.99,146.08,0.00,0.00,6.99,146.08,"64,800.44"
711,11/10/2023,BSR,"20,900","20,900","21,300","21,600","20,700","21,194",400,1.91,10.69,226.61,0.00,0.00,10.69,226.61,"66,040.64"
712,10/10/2023,BSR,"20,500","20,700","20,700","21,100","20,600","20,886",200,0.98,11.11,232.03,0.00,0.00,11.11,232.03,"64,180.34"
713,09/10/2023,BSR,"19,600","20,300","20,600","20,800","20,300","20,545","1,000",5.10,10.61,217.96,0.00,0.00,10.61,217.96,"63,870.29"
714,06/10/2023,BSR,"20,000","20,000","19,900","20,000","19,300","19,566",-100,-0.50,9.79,191.56,0.05,1.07,9.84,192.63,"61,699.94"
715,05/10/2023,BSR,"20,500","20,400","19,900","20,400","19,700","20,031",-600,-2.93,14.26,285.70,1.00,20.40,15.26,306.10,"61,699.94"
716,04/10/2023,BSR,"20,700","20,500","20,700","20,900","20,100","20,502",0,0.00,8.57,175.72,0.00,0.00,8.57,175.72,"64,180.34"
717,03/10/2023,BSR,"21,700","21,400","20,600","21,400","20,300","20,690","-1,100",-5.07,19.96,412.87,3.05,65.93,23.00,478.80,"63,870.29"
718,02/10/2023,BSR,"21,800","21,700","21,600","21,900","21,300","21,706",-200,-0.92,8.27,179.43,0.00,0.00,8.27,179.43,"66,970.79"
719,29/09/2023,BSR,"22,000","22,100","21,800","22,300","21,600","21,832",-200,-0.91,8.85,193.25,0.05,1.14,8.90,194.39,"67,590.89"
720,28/09/2023,BSR,"21,100","21,600","22,400","22,400","21,600","21,962","1,300",6.16,15.85,348.05,0.00,0.00,15.85,348.05,"69,451.19"
721,27/09/2023,BSR,"20,800","20,700","21,600","21,600","20,300","21,078",800,3.85,13.20,278.18,0.03,0.53,13.23,278.71,"66,970.79"
722,26/09/2023,BSR,"21,200","21,300","20,600","21,300","20,400","20,808",-600,-2.83,9.52,198.04,0.00,0.00,9.52,198.04,"63,870.29"
723,25/09/2023,BSR,"21,000","20,500","21,200","21,700","20,500","21,163",200,0.95,15.51,328.17,0.00,0.00,15.51,328.17,"65,730.59"
724,22/09/2023,BSR,"21,800","21,600","20,900","21,700","20,500","20,954",-900,-4.13,14.92,312.55,0.03,0.75,14.95,313.30,"64,800.44"
725,21/09/2023,BSR,"21,700","21,800","21,400","22,200","21,400","21,777",-300,-1.38,11.00,239.63,0.00,0.00,11.00,239.63,"66,350.69"
726,20/09/2023,BSR,"21,600","21,800","21,800","22,000","21,600","21,693",200,0.93,7.64,165.84,0.50,11.00,8.14,176.84,"67,590.89"
727,19/09/2023,BSR,"21,800","21,800","21,900","22,000","21,300","21,628",100,0.46,7.29,157.67,0.00,0.00,7.29,157.67,"67,900.94"
728,18/09/2023,BSR,"22,300","22,500","21,800","22,500","21,500","21,814",-500,-2.24,8.87,193.44,0.75,15.75,9.62,209.19,"67,590.89"
729,15/09/2023,BSR,"21,700","21,900","22,100","22,700","21,700","22,264",400,1.84,11.40,253.90,0.00,0.00,11.40,253.90,"68,521.04"
730,14/09/2023,BSR,"22,000","22,200","21,500","22,400","21,300","21,732",-500,-2.27,13.37,290.53,0.00,0.00,13.37,290.53,"66,660.74"
731,13/09/2023,BSR,"21,100","21,400","22,200","22,500","21,300","21,989","1,100",5.21,20.26,445.47,0.00,0.00,20.26,445.47,"68,831.09"
732,12/09/2023,BSR,"21,200","21,200","21,400","21,400","20,700","21,075",200,0.94,10.11,212.97,0.00,0.00,10.11,212.97,"66,350.69"
733,11/09/2023,BSR,"21,000","21,400","20,800","21,900","20,700","21,168",-200,-0.95,12.97,274.53,0.00,0.00,12.97,274.53,"64,490.39"
734,08/09/2023,BSR,"20,700","20,700","21,400","21,500","20,500","20,988",700,3.38,12.90,270.69,0.01,0.10,12.90,270.79,"66,350.69"
735,07/09/2023,BSR,"20,500","20,700","20,700","20,900","20,500","20,717",200,0.98,8.68,179.77,0.00,0.00,8.68,179.77,"64,180.34"
736,06/09/2023,BSR,"20,000","20,100","20,700","20,700","20,100","20,508",700,3.50,14.87,304.99,0.00,0.00,14.87,304.99,"64,180.34"
737,05/09/2023,BSR,"19,400","19,700","20,100","20,200","19,700","20,007",700,3.61,10.25,205.11,0.00,0.00,10.25,205.11,"62,320.04"
738,31/08/2023,BSR,"19,200","19,400","19,600","19,600","19,300","19,449",400,2.08,6.86,133.47,0.00,0.00,6.86,133.47,"60,769.79"
739,30/08/2023,BSR,"19,200","19,300","19,400","19,500","19,100","19,240",200,1.04,5.93,114.06,0.00,0.00,5.93,114.06,"60,149.69"
740,29/08/2023,BSR,"18,700","19,100","19,300","19,400","18,900","19,171",600,3.21,8.25,158.07,0.00,0.00,8.25,158.07,"59,839.64"
741,28/08/2023,BSR,"18,600","18,500","19,000","19,100","18,400","18,735",400,2.15,7.40,138.64,0.00,0.00,7.40,138.64,"58,909.49"
742,25/08/2023,BSR,"18,300","18,500","18,600","18,800","18,300","18,598",300,1.64,6.69,124.48,0.00,0.00,6.69,124.48,"57,669.29"
743,24/08/2023,BSR,"18,400","18,300","18,500","18,500","18,100","18,274",100,0.54,4.93,90.15,0.00,0.00,4.93,90.15,"57,359.24"
744,23/08/2023,BSR,"18,200","18,500","18,300","18,600","18,300","18,421",100,0.55,5.44,100.26,0.00,0.00,5.44,100.26,"56,739.14"
745,22/08/2023,BSR,"18,200","18,800","18,500","18,800","17,700","18,172",300,1.65,7.18,130.48,0.40,7.28,7.58,137.76,"57,359.24"
746,21/08/2023,BSR,"19,300","19,300","19,200","19,300","18,600","18,944",-100,-0.52,8.26,156.49,0.00,0.00,8.26,156.49,"59,529.59"
747,18/08/2023,BSR,"20,200","20,200","18,800","20,300","18,400","19,334","-1,400",-6.93,18.08,349.60,0.00,0.00,18.08,349.60,"58,289.39"
748,17/08/2023,BSR,"20,300","20,300","20,200","20,300","20,100","20,164",-100,-0.49,8.27,166.83,0.00,0.00,8.27,166.83,"62,630.09"
749,16/08/2023,BSR,"20,700","20,500","20,200","20,600","20,100","20,333",-500,-2.42,12.19,247.92,0.00,0.00,12.19,247.92,"62,630.09"
750,15/08/2023,BSR,"20,700","20,900","20,600","21,000","20,300","20,659",-100,-0.48,11.72,242.13,0.00,0.00,11.72,242.13,"63,870.29"
751,14/08/2023,BSR,"20,800","20,900","20,800","20,900","20,600","20,709",0,0.00,7.13,147.61,0.00,0.00,7.13,147.61,"64,490.39"
752,11/08/2023,BSR,"20,800","20,800","20,800","21,200","20,500","20,759",0,0.00,11.04,229.13,0.03,0.53,11.07,229.66,"64,490.39"
753,10/08/2023,BSR,"20,500","20,600","20,800","21,100","20,500","20,848",300,1.46,13.47,280.74,0.00,0.00,13.47,280.74,"64,490.39"
754,09/08/2023,BSR,"20,400","20,500","20,500","20,800","20,200","20,507",100,0.49,8.03,164.75,0.00,0.00,8.03,164.75,"63,560.24"
755,08/08/2023,BSR,"20,500","20,500","20,400","20,700","20,200","20,388",-100,-0.49,8.12,165.62,0.00,0.00,8.12,165.62,"63,250.19"
756,07/08/2023,BSR,"20,300","20,500","20,500","20,900","20,300","20,507",200,0.99,7.00,143.50,0.00,0.00,7.00,143.50,"63,560.24"
757,04/08/2023,BSR,"20,200","20,200","20,400","20,500","20,100","20,296",200,0.99,8.21,166.71,0.00,0.00,8.21,166.71,"63,250.19"
758,03/08/2023,BSR,"20,100","20,100","20,100","20,600","19,800","20,195",0,0.00,13.08,264.17,0.00,0.00,13.08,264.17,"62,320.04"
759,02/08/2023,BSR,"19,700","19,500","20,300","20,700","19,300","20,091",600,3.05,19.08,383.38,0.00,0.00,19.08,383.38,"62,940.14"
760,01/08/2023,BSR,"19,200","19,300","19,400","20,000","19,300","19,658",200,1.04,14.06,276.43,0.00,0.00,14.06,276.43,"60,149.69"
761,31/07/2023,BSR,"18,500","18,800","19,600","19,700","18,600","19,238","1,100",5.95,21.69,417.26,0.00,0.00,21.69,417.26,"60,769.79"
762,28/07/2023,BSR,"18,300","18,300","18,600","18,700","18,300","18,527",300,1.64,9.77,181.06,0.00,0.00,9.77,181.06,"57,669.29"
763,27/07/2023,BSR,"18,300","18,400","18,400","18,500","18,100","18,306",100,0.55,7.55,138.13,0.00,0.00,7.55,138.13,"57,049.19"
764,26/07/2023,BSR,"18,500","18,500","18,300","18,500","18,200","18,316",-200,-1.08,6.45,118.18,0.00,0.00,6.45,118.18,"56,739.14"
765,25/07/2023,BSR,"18,300","18,500","18,400","18,800","18,300","18,498",100,0.55,9.06,167.61,0.00,0.00,9.06,167.61,"57,049.19"
766,24/07/2023,BSR,"18,000","18,100","18,500","18,500","18,100","18,335",500,2.78,8.98,164.65,0.00,0.00,8.98,164.65,"57,359.24"
767,21/07/2023,BSR,"18,000","18,100","18,200","18,200","17,900","18,042",200,1.11,5.52,99.52,0.00,0.00,5.52,99.52,"56,429.09"
768,20/07/2023,BSR,"18,000","17,900","18,100","18,200","17,800","17,953",100,0.56,5.50,98.67,0.00,0.00,5.50,98.67,"56,119.04"
769,19/07/2023,BSR,"18,200","18,100","17,900","18,400","17,800","18,029",-300,-1.65,8.50,153.25,0.00,0.00,8.50,153.25,"55,498.94"
770,18/07/2023,BSR,"18,200","18,300","18,200","18,400","18,100","18,230",0,0.00,5.19,94.53,0.05,0.91,5.24,95.44,"56,429.09"
771,17/07/2023,BSR,"18,300","18,200","18,300","18,300","18,000","18,162",0,0.00,7.13,129.50,0.00,0.00,7.13,129.50,"56,739.14"
772,14/07/2023,BSR,"18,500","18,500","18,200","18,600","18,000","18,252",-300,-1.62,8.64,157.69,0.00,0.00,8.64,157.69,"56,429.09"
773,13/07/2023,BSR,"18,100","18,200","18,400","18,700","18,200","18,455",300,1.66,9.43,173.94,0.00,0.00,9.43,173.94,"57,049.19"
774,12/07/2023,BSR,"18,000","18,000","18,200","18,300","17,900","18,105",200,1.11,12.30,222.71,0.00,0.00,12.30,222.71,"56,429.09"
775,11/07/2023,BSR,"17,900","18,000","18,000","18,200","17,800","17,994",100,0.56,7.64,137.45,0.00,0.00,7.64,137.45,"55,808.99"
776,10/07/2023,BSR,"17,300","17,500","18,100","18,200","17,500","17,893",800,4.62,20.62,368.98,0.00,0.00,20.62,368.98,"56,119.04"
777,07/07/2023,BSR,"17,400","17,500","17,500","17,500","17,200","17,342",100,0.57,5.78,100.30,0.00,0.00,5.78,100.30,"54,258.74"
778,06/07/2023,BSR,"17,600","17,700","17,400","17,800","17,200","17,448",-200,-1.14,8.46,147.67,0.00,0.00,8.46,147.67,"53,948.69"
779,05/07/2023,BSR,"17,600","17,700","17,600","17,900","17,500","17,647",0,0.00,5.44,95.92,0.00,0.00,5.44,95.92,"54,568.79"
780,04/07/2023,BSR,"17,300","17,400","17,700","17,800","17,300","17,599",400,2.31,10.99,193.50,0.00,0.00,10.99,193.50,"54,878.84"
781,03/07/2023,BSR,"17,300","17,300","17,400","17,500","17,200","17,345",100,0.58,3.77,65.33,0.00,0.00,3.77,65.33,"53,948.69"
782,30/06/2023,BSR,"17,500","17,400","17,300","17,500","17,200","17,308",-200,-1.14,6.28,108.78,0.00,0.00,6.28,108.78,"53,638.64"
783,29/06/2023,BSR,"17,500","17,500","17,400","17,800","17,300","17,532",-100,-0.57,8.95,156.88,0.00,0.00,8.95,156.88,"53,948.69"
784,28/06/2023,BSR,"17,600","17,600","17,500","17,600","17,300","17,463",-100,-0.57,6.52,113.82,0.00,0.00,6.52,113.82,"54,258.74"
785,27/06/2023,BSR,"17,400","17,500","17,500","17,800","17,400","17,554",100,0.57,7.19,126.16,0.00,0.00,7.19,126.16,"54,258.74"
786,26/06/2023,BSR,"17,500","17,300","17,500","17,600","17,200","17,386",0,0.00,8.86,154.10,0.50,8.80,9.36,162.90,"54,258.74"
787,23/06/2023,BSR,"17,900","17,800","17,500","17,800","17,400","17,547",-400,-2.23,11.71,205.53,0.02,0.35,11.74,205.88,"54,258.74"
788,22/06/2023,BSR,"17,500","17,700","17,900","18,200","17,600","17,903",400,2.29,15.42,276.06,0.00,0.00,15.42,276.06,"55,498.94"
789,21/06/2023,BSR,"17,300","17,400","17,600","17,600","17,300","17,469",300,1.73,10.60,185.18,0.02,0.45,10.62,185.63,"54,568.79"
790,20/06/2023,BSR,"17,200","17,200","17,500","17,500","17,100","17,317",300,1.74,6.64,115.01,0.08,1.27,6.72,116.29,"54,258.74"
791,19/06/2023,BSR,"17,400","17,300","17,200","17,400","17,100","17,206",-200,-1.15,4.04,69.59,0.00,0.00,4.04,69.59,"53,328.59"
792,16/06/2023,BSR,"17,300","17,500","17,300","17,700","17,200","17,424",0,0.00,9.06,157.86,0.00,0.00,9.06,157.86,"53,638.64"
793,15/06/2023,BSR,"17,300","17,100","17,500","17,600","17,100","17,303",200,1.16,8.87,153.39,0.00,0.00,8.87,153.39,"54,258.74"
794,14/06/2023,BSR,"17,200","17,300","17,200","17,500","17,100","17,303",0,0.00,8.35,144.43,0.00,0.00,8.35,144.43,"53,328.59"
795,13/06/2023,BSR,"17,100","17,100","17,300","17,300","16,900","17,150",200,1.17,6.21,106.57,0.00,0.00,6.21,106.57,"53,638.64"
796,12/06/2023,BSR,"17,200","17,400","17,200","17,400","16,900","17,088",0,0.00,7.02,119.94,0.00,0.00,7.02,119.94,"53,328.59"
797,09/06/2023,BSR,"17,700","17,400","17,400","17,500","17,000","17,188",-300,-1.69,10.75,184.72,0.00,0.00,10.75,184.72,"53,948.69"
798,08/06/2023,BSR,"17,500","17,600","17,300","18,100","17,300","17,675",-200,-1.14,14.02,247.83,0.82,14.26,14.84,262.09,"53,638.64"
799,07/06/2023,BSR,"17,400","17,500","17,600","17,700","17,400","17,471",200,1.15,8.99,157.03,0.01,0.07,8.99,157.11,"54,568.79"
800,06/06/2023,BSR,"17,600","17,600","17,600","17,700","17,300","17,447",0,0.00,8.29,144.58,0.00,0.00,8.29,144.58,"54,568.79"
801,05/06/2023,BSR,"17,100","17,300","17,600","17,900","17,300","17,602",500,2.92,14.98,263.65,0.00,0.00,14.98,263.65,"54,568.79"
802,02/06/2023,BSR,"16,900","17,000","17,200","17,300","16,900","17,060",300,1.78,11.36,193.77,0.11,1.98,11.47,195.75,"53,328.59"
803,01/06/2023,BSR,"17,200","17,100","17,000","17,100","16,800","16,925",-200,-1.16,9.10,153.98,0.00,0.00,9.10,153.98,"52,708.49"
804,31/05/2023,BSR,"17,300","17,400","17,000","17,400","17,000","17,165",-300,-1.73,9.52,163.34,0.00,0.00,9.52,163.34,"52,708.49"
805,30/05/2023,BSR,"17,100","17,300","17,400","17,500","17,100","17,306",300,1.75,12.35,213.78,0.00,0.00,12.35,213.78,"53,948.69"
806,29/05/2023,BSR,"17,100","17,200","17,200","17,300","17,000","17,110",100,0.58,6.27,107.25,0.00,0.00,6.27,107.25,"53,328.59"
807,26/05/2023,BSR,"16,500","16,600","17,200","17,400","16,400","17,101",700,4.24,22.88,391.32,0.00,0.00,22.88,391.32,"53,328.59"
808,25/05/2023,BSR,"16,600","16,500","16,600","16,700","16,300","16,503",0,0.00,5.50,90.73,0.00,0.00,5.50,90.73,"51,468.29"
809,24/05/2023,BSR,"16,600","16,700","16,500","16,800","16,400","16,557",-100,-0.60,3.76,62.28,0.00,0.00,3.76,62.28,"51,158.24"
810,23/05/2023,BSR,"16,600","16,800","16,700","16,900","16,400","16,600",100,0.60,7.11,118.16,0.10,1.66,7.21,119.82,"51,778.34"
811,22/05/2023,BSR,"16,600","16,700","16,700","16,900","16,500","16,626",100,0.60,5.64,93.71,0.00,0.00,5.64,93.71,"51,778.34"
812,19/05/2023,BSR,"16,200","16,300","16,600","16,800","16,200","16,559",400,2.47,10.07,166.67,0.00,0.00,10.07,166.67,"51,468.29"
813,18/05/2023,BSR,"16,400","16,400","16,300","16,400","16,100","16,248",-100,-0.61,4.60,74.72,0.00,0.00,4.60,74.72,"50,538.14"
814,17/05/2023,BSR,"16,700","16,700","16,300","16,800","16,100","16,350",-400,-2.40,7.31,119.56,0.00,0.00,7.31,119.56,"50,538.14"
815,16/05/2023,BSR,"16,600","16,600","16,700","16,900","16,600","16,738",100,0.60,6.28,105.14,0.00,0.00,6.28,105.14,"51,778.34"
816,15/05/2023,BSR,"16,500","16,500","16,600","16,800","16,400","16,639",100,0.61,11.90,197.93,0.00,0.00,11.90,197.93,"51,468.29"
817,12/05/2023,BSR,"16,500","16,500","16,500","16,600","16,300","16,476",0,0.00,6.24,102.80,0.05,0.94,6.29,103.74,"51,158.24"
818,11/05/2023,BSR,"16,300","16,400","16,500","16,700","16,300","16,485",200,1.23,6.27,103.42,1.60,29.92,7.87,133.34,"51,158.24"
819,10/05/2023,BSR,"16,500","16,500","16,400","16,500","16,200","16,337",-100,-0.61,4.14,67.69,0.00,0.00,4.14,67.69,"50,848.19"
820,09/05/2023,BSR,"16,300","16,300","16,400","16,700","16,300","16,460",100,0.61,5.96,98.10,0.00,0.00,5.96,98.10,"50,848.19"
821,08/05/2023,BSR,"15,800","16,000","16,400","16,400","15,900","16,284",600,3.80,6.20,100.91,0.00,0.00,6.20,100.91,"50,848.19"
822,05/05/2023,BSR,"15,700","15,800","15,900","15,900","15,700","15,804",200,1.27,3.73,58.93,0.00,0.00,3.73,58.93,"49,297.94"
823,04/05/2023,BSR,"16,000","15,800","15,900","15,900","15,600","15,737",-100,-0.63,6.14,96.68,0.00,0.00,6.14,96.68,"49,297.94"
824,28/04/2023,BSR,"15,900","15,900","16,100","16,100","15,800","15,971",200,1.26,2.91,46.45,0.40,6.50,3.31,52.95,"49,918.04"
825,27/04/2023,BSR,"15,800","16,100","16,000","16,100","15,800","15,925",200,1.27,2.67,42.59,0.47,7.72,3.14,50.31,"49,607.99"
826,26/04/2023,BSR,"15,800","15,600","16,100","16,100","15,600","15,786",300,1.90,3.35,52.84,0.00,0.00,3.35,52.84,"49,918.04"
827,25/04/2023,BSR,"15,700","15,800","15,800","15,900","15,600","15,776",100,0.64,2.84,44.85,0.00,0.00,2.84,44.85,"48,987.89"
828,24/04/2023,BSR,"15,900","15,800","15,700","15,900","15,500","15,691",-200,-1.26,3.66,57.42,0.00,0.00,3.66,57.42,"48,677.84"
829,21/04/2023,BSR,"16,000","16,000","15,700","16,000","15,700","15,855",-300,-1.88,4.44,70.40,0.01,0.24,4.45,70.64,"48,677.84"
830,20/04/2023,BSR,"16,300","16,200","16,000","16,200","15,900","16,002",-300,-1.84,6.59,105.39,0.00,0.00,6.59,105.39,"49,607.99"
831,19/04/2023,BSR,"16,300","16,500","16,200","16,500","16,100","16,278",-100,-0.61,4.18,67.99,0.01,0.18,4.19,68.18,"50,228.09"
832,18/04/2023,BSR,"16,300","16,300","16,500","16,500","16,100","16,289",200,1.23,3.98,64.82,0.00,0.00,3.98,64.82,"51,158.24"
833,17/04/2023,BSR,"16,600","16,500","16,400","16,600","16,200","16,328",-200,-1.20,4.87,79.46,0.00,0.00,4.87,79.46,"50,848.19"
834,14/04/2023,BSR,"17,000","17,000","16,300","17,300","16,300","16,624",-700,-4.12,7.36,122.34,0.00,0.00,7.36,122.34,"50,538.14"
835,13/04/2023,BSR,"16,700","16,600","17,000","17,300","16,600","16,992",300,1.80,18.21,309.35,0.00,0.00,18.21,309.35,"52,708.49"
836,12/04/2023,BSR,"16,500","16,600","16,600","16,900","16,500","16,650",100,0.61,5.85,97.35,0.00,0.00,5.85,97.35,"51,468.29"
837,11/04/2023,BSR,"16,200","16,000","16,600","16,700","16,000","16,508",400,2.47,14.69,242.47,0.00,0.00,14.69,242.47,"51,468.29"
838,10/04/2023,BSR,"16,100","16,300","16,200","16,400","16,000","16,183",100,0.62,5.89,95.24,0.00,0.00,5.89,95.24,"50,228.09"
839,07/04/2023,BSR,"16,300","16,100","16,200","16,300","15,900","16,085",-100,-0.61,6.50,104.47,0.00,0.00,6.50,104.47,"50,228.09"
840,06/04/2023,BSR,"16,500","16,300","16,100","16,700","16,100","16,316",-400,-2.42,7.75,126.51,0.00,0.00,7.75,126.51,"49,918.04"
841,05/04/2023,BSR,"16,400","16,500","16,600","16,800","16,200","16,501",200,1.22,9.13,150.66,0.00,0.00,9.13,150.66,"51,468.29"
842,04/04/2023,BSR,"16,100","16,400","16,300","16,600","16,200","16,360",200,1.24,6.16,100.74,0.00,0.00,6.16,100.74,"50,538.14"
843,03/04/2023,BSR,"15,400","15,600","16,400","16,400","15,600","16,070","1,000",6.49,14.55,233.87,0.00,0.00,14.55,233.87,"50,848.19"
844,31/03/2023,BSR,"15,400","15,600","15,500","15,600","15,200","15,357",100,0.65,5.12,78.56,0.00,0.00,5.12,78.56,"48,057.74"
845,30/03/2023,BSR,"15,500","15,700","15,300","15,700","15,200","15,410",-200,-1.29,4.51,69.43,0.00,0.00,4.51,69.43,"47,437.64"
846,29/03/2023,BSR,"15,600","15,700","15,500","15,700","15,300","15,460",-100,-0.64,3.09,47.75,0.00,0.00,3.09,47.75,"48,057.74"
847,28/03/2023,BSR,"15,400","15,500","15,600","15,800","15,500","15,618",200,1.30,4.07,63.56,0.00,0.00,4.07,63.56,"48,367.79"
848,27/03/2023,BSR,"15,300","15,300","15,500","15,500","15,300","15,378",200,1.31,2.50,38.46,0.00,0.00,2.50,38.46,"48,057.74"
849,24/03/2023,BSR,"15,100","15,000","15,200","15,500","15,000","15,278",100,0.66,5.64,86.13,0.00,0.00,5.64,86.13,"47,127.59"
850,23/03/2023,BSR,"15,100","15,100","15,100","15,200","14,900","15,090",0,0.00,2.36,35.57,0.00,0.00,2.36,35.57,"46,817.54"
851,22/03/2023,BSR,"14,800","14,900","15,100","15,200","14,900","15,069",300,2.03,3.46,52.10,0.09,1.55,3.55,53.64,"46,817.54"
852,21/03/2023,BSR,"15,200","15,100","14,900","15,200","14,500","14,824",-300,-1.97,6.78,100.54,0.00,0.00,6.78,100.54,"46,197.44"
853,20/03/2023,BSR,"15,800","15,700","14,900","15,800","14,800","15,167",-900,-5.70,10.33,156.67,0.00,0.00,10.33,156.67,"46,197.44"
854,17/03/2023,BSR,"15,700","15,700","15,800","16,000","15,600","15,753",100,0.64,3.64,57.30,0.00,0.00,3.64,57.30,"48,987.89"
855,16/03/2023,BSR,"16,100","16,000","15,600","16,000","15,500","15,652",-500,-3.11,8.90,139.32,0.00,0.00,8.90,139.32,"48,367.79"
856,15/03/2023,BSR,"15,800","15,800","16,200","16,300","15,700","16,065",400,2.53,7.73,124.16,0.00,0.00,7.73,124.16,"50,228.09"
857,14/03/2023,BSR,"16,100","16,100","15,600","16,100","15,600","15,784",-500,-3.11,7.23,114.11,0.00,0.00,7.23,114.11,"48,367.79"
858,13/03/2023,BSR,"16,400","16,300","16,100","16,300","16,000","16,128",-300,-1.83,5.72,92.24,0.00,0.00,5.72,92.24,"49,918.04"
859,10/03/2023,BSR,"16,800","16,700","16,400","16,700","16,300","16,440",-400,-2.38,6.58,108.12,0.00,0.00,6.58,108.12,"50,848.19"
860,09/03/2023,BSR,"16,600","16,600","16,800","16,900","16,600","16,784",200,1.20,5.51,92.40,0.00,0.00,5.51,92.40,"52,088.39"
861,08/03/2023,BSR,"16,600","16,500","16,700","16,800","16,300","16,570",100,0.60,7.27,120.39,0.00,0.00,7.27,120.39,"51,778.34"
862,07/03/2023,BSR,"16,400","16,500","16,700","16,800","16,400","16,565",300,1.83,5.00,82.82,0.00,0.00,5.00,82.82,"51,778.34"
863,06/03/2023,BSR,"16,400","16,300","16,500","16,600","16,100","16,392",100,0.61,4.22,69.11,0.03,0.56,4.25,69.67,"51,158.24"
864,03/03/2023,BSR,"16,100","16,100","16,200","16,700","16,100","16,370",100,0.62,7.45,121.97,0.00,0.00,7.45,121.97,"50,228.09"
865,02/03/2023,BSR,"16,000","16,300","16,100","16,300","15,900","16,052",100,0.63,3.00,48.16,0.00,0.00,3.00,48.16,"49,918.04"
866,01/03/2023,BSR,"15,800","15,700","16,200","16,300","15,500","15,995",400,2.53,5.42,86.63,0.00,0.00,5.42,86.63,"50,228.09"
867,28/02/2023,BSR,"15,800","15,600","15,700","16,000","15,600","15,799",-100,-0.63,3.61,56.98,0.00,0.00,3.61,56.98,"48,677.84"
868,27/02/2023,BSR,"16,300","16,300","15,600","16,300","15,500","15,770",-700,-4.29,8.11,127.96,0.42,5.84,8.53,133.80,"48,367.79"
869,24/02/2023,BSR,"16,400","16,600","16,200","16,800","16,000","16,307",-200,-1.22,6.97,113.72,0.00,0.00,6.97,113.72,"50,228.09"
870,23/02/2023,BSR,"17,000","16,500","16,700","16,800","16,100","16,438",-300,-1.76,11.37,186.97,0.15,2.17,11.52,189.15,"51,778.34"
871,22/02/2023,BSR,"17,100","16,800","16,600","17,700","16,400","17,004",-500,-2.92,21.08,358.45,0.13,2.55,21.21,361.00,"51,468.29"
872,21/02/2023,BSR,"16,800","17,200","16,900","17,300","16,800","17,067",100,0.60,10.98,187.38,0.28,5.40,11.26,192.78,"52,398.44"
873,20/02/2023,BSR,"16,400","16,300","17,100","17,100","16,200","16,776",700,4.27,12.29,206.19,0.00,0.00,12.29,206.19,"53,018.54"
874,17/02/2023,BSR,"16,300","16,600","16,400","16,600","16,200","16,353",100,0.61,4.48,73.31,0.00,0.00,4.48,73.31,"50,848.19"
875,16/02/2023,BSR,"15,700","15,800","16,600","16,600","15,600","16,344",900,5.73,11.29,184.52,0.00,0.00,11.29,184.52,"51,468.29"
876,15/02/2023,BSR,"15,600","15,600","15,800","15,900","15,300","15,655",200,1.28,4.24,66.30,0.25,4.03,4.49,70.33,"48,987.89"
877,14/02/2023,BSR,"15,800","15,700","15,600","16,000","15,300","15,557",-200,-1.27,4.99,77.64,0.00,0.00,4.99,77.64,"48,367.79"
878,13/02/2023,BSR,"16,400","16,300","15,800","16,500","15,300","15,778",-600,-3.66,12.70,200.35,0.00,0.00,12.70,200.35,"48,987.89"
879,10/02/2023,BSR,"16,600","16,700","16,300","16,800","16,200","16,409",-300,-1.81,5.21,85.57,0.00,0.00,5.21,85.57,"50,538.14"
880,09/02/2023,BSR,"16,100","16,100","16,600","17,000","16,000","16,553",500,3.11,18.08,299.21,0.00,0.00,18.08,299.21,"51,468.29"
881,08/02/2023,BSR,"16,200","16,200","16,100","16,300","15,800","16,083",-100,-0.62,4.95,79.61,0.00,0.00,4.95,79.61,"49,918.04"
882,07/02/2023,BSR,"15,900","16,100","16,000","16,500","15,900","16,201",100,0.63,8.17,132.29,0.00,0.00,8.17,132.29,"49,607.99"
883,06/02/2023,BSR,"16,000","16,100","16,100","16,100","15,600","15,869",100,0.63,5.41,85.91,0.10,1.66,5.51,87.57,"49,918.04"
884,03/02/2023,BSR,"16,000","16,200","16,100","16,200","15,800","16,002",100,0.63,4.73,75.70,0.00,0.00,4.73,75.70,"49,918.04"
885,02/02/2023,BSR,"16,700","16,200","16,200","16,400","15,700","16,033",-500,-2.99,11.03,176.91,0.10,1.66,11.13,178.57,"50,228.09"
886,01/02/2023,BSR,"16,600","17,000","16,200","17,400","16,000","16,665",-400,-2.41,13.59,226.43,0.00,0.00,13.59,226.43,"50,228.09"
887,31/01/2023,BSR,"17,000","16,800","16,900","17,000","16,400","16,649",-100,-0.59,10.49,174.57,0.00,0.00,10.49,174.57,"52,398.44"
888,30/01/2023,BSR,"17,000","17,200","16,700","17,300","16,600","16,986",-300,-1.76,12.31,209.07,0.70,11.04,13.01,220.11,"51,778.34"
889,27/01/2023,BSR,"15,900","16,300","17,000","17,500","16,200","17,015","1,100",6.92,13.98,237.88,0.00,0.00,13.98,237.88,"52,708.49"
890,19/01/2023,BSR,"15,400","15,500","16,000","16,100","15,400","15,882",600,3.90,10.46,166.16,0.03,0.45,10.49,166.61,"49,607.99"
891,18/01/2023,BSR,"14,800","14,900","15,700","15,800","14,900","15,404",900,6.08,17.58,270.76,0.00,0.00,17.58,270.76,"48,677.84"
892,17/01/2023,BSR,"14,800","14,700","14,900","15,000","14,700","14,830",100,0.68,6.17,91.51,0.00,0.00,6.17,91.51,"46,197.44"
893,16/01/2023,BSR,"15,000","15,200","14,700","15,200","14,600","14,791",-300,-2.00,5.53,81.80,0.00,0.00,5.53,81.80,"45,577.34"
894,13/01/2023,BSR,"14,800","15,000","15,000","15,300","14,700","14,968",200,1.35,7.59,113.59,0.00,0.00,7.59,113.59,"46,507.49"
895,12/01/2023,BSR,"14,500","14,500","15,000","15,000","14,500","14,807",500,3.45,12.39,183.49,0.00,0.00,12.39,183.49,"46,507.49"
896,11/01/2023,BSR,"14,400","14,400","14,500","14,700","14,400","14,537",100,0.69,4.52,65.66,0.00,0.00,4.52,65.66,"44,957.24"
897,10/01/2023,BSR,"14,600","14,600","14,500","14,700","14,100","14,363",-100,-0.68,7.00,100.53,0.00,0.00,7.00,100.53,"44,957.24"
898,09/01/2023,BSR,"14,600","14,700","14,600","14,900","14,400","14,587",0,0.00,4.83,70.41,0.00,0.00,4.83,70.41,"45,267.29"
899,06/01/2023,BSR,"14,200","14,300","14,600","14,900","14,200","14,630",400,2.82,14.04,205.46,0.00,0.00,14.04,205.46,"45,267.29"
900,05/01/2023,BSR,"14,300","14,300","14,300","14,400","14,000","14,202",0,0.00,7.18,102.02,0.00,0.00,7.18,102.02,"44,337.14"
901,04/01/2023,BSR,"13,900","14,100","14,300","14,600","13,900","14,326",400,2.88,9.39,134.52,0.00,0.00,9.39,134.52,"44,337.14"
902,03/01/2023,BSR,"13,200","13,300","14,100","14,200","13,300","13,876",900,6.82,9.93,137.75,0.00,0.00,9.93,137.75,"43,717.04"
903,30/12/2022,BSR,"13,400","13,400","13,300","13,500","13,100","13,248",-100,-0.75,2.97,39.30,0.00,0.00,2.97,39.30,"41,236.64"
904,29/12/2022,BSR,"13,600","13,500","13,300","13,500","13,200","13,359",-300,-2.21,2.83,37.75,0.00,0.00,2.83,37.75,"41,236.64"
905,28/12/2022,BSR,"13,400","13,500","13,500","13,700","13,400","13,573",100,0.75,3.51,47.65,0.00,0.00,3.51,47.65,"41,856.74"
906,27/12/2022,BSR,"13,600","13,400","13,700","13,700","13,100","13,426",100,0.74,4.79,64.31,0.26,4.06,5.05,68.36,"42,476.84"
907,26/12/2022,BSR,"13,800","13,800","13,400","14,200","13,200","13,634",-400,-2.90,5.14,70.05,0.00,0.00,5.14,70.05,"41,546.69"
908,23/12/2022,BSR,"13,500","13,200","13,800","14,100","13,200","13,753",300,2.22,10.30,141.61,0.00,0.00,10.30,141.61,"42,786.89"
909,22/12/2022,BSR,"13,300","13,500","13,500","13,800","13,100","13,463",200,1.50,3.59,48.37,0.00,0.00,3.59,48.37,"41,856.74"
910,21/12/2022,BSR,"13,800","13,900","13,300","13,900","12,900","13,312",-500,-3.62,9.07,120.71,0.00,0.00,9.07,120.71,"41,236.64"
911,20/12/2022,BSR,"14,600","14,200","13,700","14,400","13,400","13,756",-900,-6.16,14.51,199.62,0.00,0.00,14.51,199.62,"42,476.84"
912,19/12/2022,BSR,"14,700","14,700","14,200","15,100","14,100","14,573",-500,-3.40,8.66,126.27,0.07,0.98,8.73,127.25,"44,027.09"
913,16/12/2022,BSR,"15,100","14,900","14,800","14,900","14,500","14,749",-300,-1.99,7.01,103.33,0.00,0.04,7.01,103.37,"45,887.39"
914,15/12/2022,BSR,"14,700","14,900","14,900","15,400","14,700","15,063",200,1.36,8.78,132.19,0.16,2.43,8.93,134.62,"46,197.44"
915,14/12/2022,BSR,"14,100","14,300","14,800","15,000","14,300","14,694",700,4.96,11.04,162.16,0.00,0.00,11.04,162.16,"45,887.39"
916,13/12/2022,BSR,"14,300","14,100","14,300","14,400","13,900","14,081",0,0.00,6.21,87.39,0.00,0.00,6.21,87.39,"44,337.14"
917,12/12/2022,BSR,"14,100","14,100","14,100","14,600","14,000","14,292",0,0.00,8.17,116.75,0.00,0.00,8.17,116.75,"43,717.04"
918,09/12/2022,BSR,"14,400","14,500","14,100","14,500","13,900","14,079",-300,-2.08,6.31,88.79,0.00,0.00,6.31,88.79,"43,717.04"
919,08/12/2022,BSR,"14,200","14,200","14,400","14,900","13,900","14,417",200,1.41,7.77,112.08,0.08,1.24,7.85,113.32,"44,647.19"
920,07/12/2022,BSR,"14,900","14,300","14,200","14,500","13,900","14,152",-700,-4.70,10.52,148.93,0.00,0.00,10.52,148.93,"44,027.09"
921,06/12/2022,BSR,"15,700","15,700","14,400","15,700","14,300","14,894","-1,300",-8.28,16.53,246.19,0.00,0.00,16.53,246.19,"44,647.19"
922,05/12/2022,BSR,"15,000","15,700","15,800","16,200","15,500","15,740",800,5.33,7.82,123.04,0.00,0.00,7.82,123.04,"48,987.89"
923,02/12/2022,BSR,"15,000","14,500","15,700","15,900","14,000","15,023",700,4.67,19.33,290.46,0.01,0.09,19.34,290.55,"48,677.84"
924,01/12/2022,BSR,"14,600","14,900","14,400","15,500","14,300","14,975",-200,-1.37,12.54,187.84,0.00,0.00,12.54,187.84,"44,647.19"
925,30/11/2022,BSR,"14,300","14,700","14,800","14,800","14,300","14,604",500,3.50,7.00,102.22,0.00,0.00,7.00,102.22,"45,887.39"
926,29/11/2022,BSR,"13,900","14,100","14,500","14,700","13,600","14,253",600,4.32,10.54,150.23,0.00,0.00,10.54,150.23,"44,957.24"
927,28/11/2022,BSR,"13,200","13,700","14,200","14,200","13,200","13,888","1,000",7.58,7.80,108.33,0.00,0.00,7.80,108.33,"44,027.09"
928,25/11/2022,BSR,"12,800","13,100","13,500","13,600","12,900","13,215",700,5.47,5.04,66.55,0.00,0.00,5.04,66.55,"41,856.74"
929,24/11/2022,BSR,"13,600","13,100","13,100","13,400","12,300","12,832",-500,-3.68,8.43,108.15,0.00,0.00,8.43,108.15,"40,616.54"
930,23/11/2022,BSR,"14,000","14,000","13,100","14,200","13,100","13,568",-900,-6.43,5.41,73.41,0.00,0.00,5.41,73.41,"40,616.54"
931,22/11/2022,BSR,"12,900","12,700","13,900","14,700","12,600","13,954","1,000",7.75,12.73,177.67,0.00,0.00,12.73,177.67,"43,096.94"
932,21/11/2022,BSR,"12,600","12,900","12,800","13,100","12,600","12,854",200,1.59,5.53,71.14,0.00,0.00,5.53,71.14,"39,686.40"
933,18/11/2022,BSR,"12,500","12,700","12,900","13,200","11,700","12,645",400,3.20,14.69,185.75,0.00,0.00,14.69,185.75,"39,996.45"
934,17/11/2022,BSR,"11,000","12,200","12,600","12,600","11,700","12,545","1,600",14.55,6.35,79.65,0.00,0.00,6.35,79.65,"39,066.30"
935,16/11/2022,BSR,"11,600","9,900","12,200","12,800","9,900","10,991",600,5.17,23.02,253.06,0.00,0.00,23.02,253.06,"37,826.10"
936,15/11/2022,BSR,"13,500","13,600","11,500","13,600","11,500","11,561","-2,000",-14.81,9.26,107.04,0.50,5.75,9.76,112.79,"35,655.75"
937,14/11/2022,BSR,"15,500","15,300","13,200","15,400","13,200","13,524","-2,300",-14.84,11.56,156.35,0.00,0.00,11.56,156.35,"40,926.59"
938,11/11/2022,BSR,"16,000","15,300","15,000","16,400","14,800","15,466","-1,000",-6.25,6.00,92.77,0.50,9.20,6.50,101.97,"46,507.49"
939,10/11/2022,BSR,"17,200","17,200","15,300","17,200","14,800","15,995","-1,900",-11.05,10.48,167.64,0.00,0.00,10.48,167.64,"47,437.64"
940,09/11/2022,BSR,"17,000","17,100","17,300","17,300","17,000","17,165",300,1.76,3.33,57.23,0.00,0.00,3.33,57.23,"53,638.64"
941,08/11/2022,BSR,"17,200","17,100","17,300","17,300","16,700","17,002",100,0.58,4.58,77.95,0.00,0.00,4.58,77.95,"53,638.64"
942,07/11/2022,BSR,"17,100","17,400","16,900","17,600","16,900","17,217",-200,-1.17,4.35,74.89,0.20,2.92,4.55,77.81,"52,398.44"
943,04/11/2022,BSR,"17,800","17,900","17,200","17,900","16,800","17,141",-600,-3.37,6.75,115.63,0.25,3.72,6.99,119.36,"53,328.59"
944,03/11/2022,BSR,"18,000","18,100","17,800","18,100","17,700","17,845",-200,-1.11,2.64,47.04,0.20,4.14,2.84,51.18,"55,188.89"
945,02/11/2022,BSR,"17,800","18,000","18,100","18,300","17,700","18,024",300,1.69,5.10,91.99,0.25,5.00,5.35,96.99,"56,119.04"
946,01/11/2022,BSR,"17,500","17,800","17,800","18,000","17,600","17,774",300,1.71,2.92,51.99,0.00,0.00,2.92,51.99,"55,188.89"
947,31/10/2022,BSR,"18,200","18,100","17,700","18,200","17,100","17,535",-500,-2.75,4.47,78.42,0.00,0.00,4.47,78.42,"54,878.84"
948,28/10/2022,BSR,"17,900","18,400","17,900","18,700","17,800","18,163",0,0.00,5.71,103.73,0.00,0.00,5.71,103.73,"55,498.94"
949,27/10/2022,BSR,"17,500","17,400","18,300","18,300","17,300","17,920",800,4.57,4.76,85.33,0.00,0.00,4.76,85.33,"56,739.14"
950,26/10/2022,BSR,"17,500","17,700","17,400","18,100","17,100","17,518",-100,-0.57,2.64,46.32,0.00,0.00,2.64,46.32,"53,948.69"
951,25/10/2022,BSR,"18,000","17,400","17,700","18,500","16,300","17,499",-300,-1.67,9.03,158.02,0.00,0.00,9.03,158.02,"54,878.84"
952,24/10/2022,BSR,"19,600","19,100","17,100","19,500","16,800","17,977","-2,500",-12.76,9.83,176.68,0.22,3.79,10.05,180.47,"53,018.54"
953,21/10/2022,BSR,"20,600","20,600","19,000","20,900","18,600","19,578","-1,600",-7.77,12.78,250.18,0.00,0.00,12.78,250.18,"58,909.49"
954,20/10/2022,BSR,"20,700","20,700","20,600","21,000","20,400","20,610",-100,-0.48,3.68,75.80,0.21,4.89,3.89,80.69,"63,870.29"
955,19/10/2022,BSR,"20,300","20,000","20,800","21,200","19,900","20,674",500,2.46,10.42,215.48,0.02,0.27,10.44,215.76,"64,490.39"
956,18/10/2022,BSR,"20,000","20,400","20,100","20,700","20,100","20,327",100,0.50,4.80,97.51,0.08,1.34,4.87,98.85,"62,320.04"
957,17/10/2022,BSR,"20,000","20,000","20,300","20,500","19,500","19,977",300,1.50,6.17,123.16,0.00,0.00,6.17,123.16,"62,940.14"
958,14/10/2022,BSR,"19,500","19,700","20,100","20,400","19,700","20,035",600,3.08,7.30,146.19,0.00,0.00,7.30,146.19,"62,320.04"
959,13/10/2022,BSR,"19,900","20,000","19,700","20,000","19,300","19,536",-200,-1.01,4.90,95.80,0.00,0.00,4.90,95.80,"61,079.84"
960,12/10/2022,BSR,"19,900","19,600","19,900","20,400","19,300","19,870",0,0.00,4.83,95.92,0.00,0.00,4.83,95.92,"61,699.94"
961,11/10/2022,BSR,"20,000","20,200","19,300","20,700","19,200","19,904",-700,-3.50,9.81,195.19,0.00,0.00,9.81,195.19,"59,839.64"
962,10/10/2022,BSR,"19,300","19,300","20,400","20,400","19,300","19,964","1,100",5.70,6.65,132.85,0.00,0.00,6.65,132.85,"63,250.19"
963,07/10/2022,BSR,"20,200","20,000","19,300","20,200","18,600","19,307",-900,-4.46,7.88,152.18,0.00,0.00,7.88,152.18,"59,839.64"
964,06/10/2022,BSR,"20,000","20,200","20,000","20,900","19,600","20,234",0,0.00,8.09,163.63,0.00,0.00,8.09,163.63,"62,009.99"
965,05/10/2022,BSR,"19,600","19,800","20,100","20,300","19,600","19,966",500,2.55,6.79,135.63,0.00,0.00,6.79,135.63,"62,320.04"
966,04/10/2022,BSR,"19,600","19,200","19,300","20,100","19,100","19,564",-300,-1.53,6.90,134.99,0.00,0.00,6.90,134.99,"59,839.64"
967,03/10/2022,BSR,"19,800","20,000","19,000","20,400","18,900","19,629",-800,-4.04,5.64,110.78,0.00,0.00,5.64,110.78,"58,909.49"
968,30/09/2022,BSR,"20,700","20,300","20,100","21,000","19,200","19,770",-600,-2.90,7.40,146.35,0.00,0.00,7.40,146.35,"62,320.04"
969,29/09/2022,BSR,"20,900","21,000","20,300","21,400","20,100","20,675",-600,-2.87,5.25,108.63,0.00,0.00,5.25,108.63,"62,940.14"
970,28/09/2022,BSR,"21,700","21,600","20,400","21,700","20,100","20,850","-1,300",-5.99,8.25,171.93,0.00,0.00,8.25,171.93,"63,250.19"
971,27/09/2022,BSR,"22,000","21,900","21,600","22,100","21,400","21,732",-400,-1.82,4.74,103.00,0.00,0.00,4.74,103.00,"66,970.79"
972,26/09/2022,BSR,"23,000","22,700","21,900","22,700","21,500","21,975","-1,100",-4.78,8.06,177.01,0.00,0.00,8.06,177.01,"67,900.94"
973,23/09/2022,BSR,"22,200","22,600","22,800","23,700","22,400","23,039",600,2.70,8.66,199.50,0.00,0.00,8.66,199.50,"70,691.39"
974,22/09/2022,BSR,"22,400","22,300","22,500","22,500","21,800","22,191",100,0.45,5.91,131.25,0.00,0.00,5.91,131.25,"69,761.24"
975,21/09/2022,BSR,"22,400","22,600","22,700","22,700","22,100","22,394",300,1.34,3.54,79.25,0.00,0.00,3.54,79.25,"70,381.34"
976,20/09/2022,BSR,"22,800","22,800","22,600","22,800","21,900","22,363",-200,-0.88,5.78,129.26,0.00,0.00,5.78,129.26,"70,071.29"
977,19/09/2022,BSR,"23,600","23,500","22,300","23,600","22,200","22,764","-1,300",-5.51,9.43,214.71,0.00,0.00,9.43,214.71,"69,141.14"
978,16/09/2022,BSR,"24,000","24,000","23,500","24,000","23,300","23,558",-500,-2.08,7.38,173.93,0.00,0.00,7.38,173.93,"72,861.74"
979,15/09/2022,BSR,"23,800","24,000","24,200","24,300","23,800","24,004",400,1.68,3.10,74.41,0.00,0.00,3.10,74.41,"75,032.09"
980,14/09/2022,BSR,"24,200","24,100","24,000","24,100","23,100","23,808",-200,-0.83,8.10,192.94,0.00,0.00,8.10,192.94,"74,411.99"
981,13/09/2022,BSR,"24,400","24,300","24,300","24,500","23,900","24,166",-100,-0.41,4.33,104.75,0.00,0.00,4.33,104.75,"75,342.14"
982,12/09/2022,BSR,"24,100","24,500","24,300","24,900","24,200","24,445",200,0.83,5.11,124.98,0.00,0.00,5.11,124.98,"75,342.14"
983,09/09/2022,BSR,"24,000","23,800","24,500","24,600","23,800","24,142",500,2.08,6.49,156.72,0.06,1.29,6.55,158.01,"75,962.24"
984,08/09/2022,BSR,"24,600","24,300","23,900","24,300","23,800","23,960",-700,-2.85,9.96,238.56,0.00,0.00,9.96,238.56,"74,101.94"
985,07/09/2022,BSR,"25,700","25,400","24,200","25,400","23,700","24,630","-1,500",-5.84,19.71,485.39,0.00,0.00,19.71,485.39,"75,032.09"
986,06/09/2022,BSR,"25,500","25,800","25,500","26,100","25,400","25,676",0,0.00,4.88,125.30,0.00,0.00,4.88,125.30,"79,062.74"
987,05/09/2022,BSR,"25,700","25,700","25,800","25,800","25,200","25,478",100,0.39,6.88,175.19,0.00,0.00,6.88,175.19,"79,992.89"
988,31/08/2022,BSR,"26,200","25,900","25,700","25,900","25,400","25,663",-500,-1.91,9.19,235.76,0.00,0.00,9.19,235.76,"79,682.84"
989,30/08/2022,BSR,"25,500","26,400","26,100","26,700","25,800","26,178",600,2.35,9.48,248.25,0.00,0.00,9.48,248.25,"80,923.04"
990,29/08/2022,BSR,"25,600","25,400","26,100","26,200","24,700","25,468",500,1.95,17.65,449.45,0.00,0.00,17.65,449.45,"80,923.04"
991,26/08/2022,BSR,"26,100","26,000","25,600","26,000","25,400","25,633",-500,-1.92,9.99,255.99,0.00,0.00,9.99,255.99,"79,372.79"
992,25/08/2022,BSR,"25,900","26,000","26,000","26,500","25,800","26,094",100,0.39,7.62,198.77,0.00,0.00,7.62,198.77,"80,612.99"
993,24/08/2022,BSR,"25,000","25,300","26,000","26,100","25,300","25,902","1,000",4.00,15.99,414.09,0.00,0.00,15.99,414.09,"80,612.99"
994,23/08/2022,BSR,"24,400","24,200","25,300","25,300","24,200","24,983",900,3.69,16.44,410.61,0.00,0.00,16.44,410.61,"78,442.64"
995,22/08/2022,BSR,"24,800","24,600","24,200","24,800","24,100","24,405",-600,-2.42,5.98,146.05,0.25,5.17,6.23,151.22,"75,032.09"
996,19/08/2022,BSR,"24,400","24,500","24,700","25,200","24,300","24,759",300,1.23,7.57,187.34,0.00,0.00,7.57,187.34,"76,582.34"
997,18/08/2022,BSR,"24,400","24,300","24,300","24,700","24,100","24,354",-100,-0.41,5.71,139.15,0.00,0.00,5.71,139.15,"75,342.14"
998,17/08/2022,BSR,"24,900","24,700","24,200","24,900","24,100","24,373",-700,-2.81,13.21,321.92,0.25,7.01,13.45,328.93,"75,032.09"
999,16/08/2022,BSR,"25,500","25,400","24,900","25,500","24,600","24,909",-600,-2.35,12.50,311.37,0.00,0.00,12.50,311.37,"77,202.44"
1000,15/08/2022,BSR,"25,500","25,600","25,500","25,800","25,300","25,455",0,0.00,6.84,174.13,0.00,0.00,6.84,174.13,"79,062.74"
1001,12/08/2022,BSR,"25,500","25,500","25,600","25,700","25,200","25,465",100,0.39,6.79,173.01,0.22,4.77,7.01,177.78,"79,372.79"
1002,11/08/2022,BSR,"25,000","25,100","25,300","25,900","25,000","25,500",300,1.20,15.00,382.48,0.00,0.00,15.00,382.48,"78,442.64"
1003,10/08/2022,BSR,"25,100","25,000","25,000","25,400","24,800","24,998",-100,-0.40,9.52,237.97,0.00,0.00,9.52,237.97,"77,512.49"
1004,09/08/2022,BSR,"24,800","25,000","24,900","25,500","24,800","25,120",100,0.40,6.06,152.14,0.22,6.27,6.28,158.41,"77,202.44"
1005,08/08/2022,BSR,"24,300","24,300","25,000","25,200","24,300","24,833",700,2.88,9.68,240.35,0.00,0.00,9.68,240.35,"77,512.49"
1006,05/08/2022,BSR,"24,400","24,200","24,500","25,100","23,600","24,338",100,0.41,14.66,356.84,0.00,0.00,14.66,356.84,"75,962.24"
1007,04/08/2022,BSR,"24,700","24,500","24,300","24,800","24,200","24,449",-400,-1.62,9.99,244.14,0.00,0.00,9.99,244.14,"75,342.14"
1008,03/08/2022,BSR,"24,300","24,500","24,700","24,900","24,000","24,680",400,1.65,7.03,173.47,0.00,0.00,7.03,173.47,"76,582.34"
1009,02/08/2022,BSR,"24,100","24,100","24,600","24,700","23,700","24,263",500,2.07,9.45,229.19,0.00,0.00,9.45,229.19,"76,272.29"
1010,01/08/2022,BSR,"24,600","24,700","24,400","24,800","23,700","24,120",-200,-0.81,14.74,355.64,0.54,11.32,15.28,366.96,"75,652.19"
1011,29/07/2022,BSR,"25,000","24,800","24,500","25,000","24,300","24,627",-500,-2.00,10.22,251.57,0.00,0.00,10.22,251.57,"75,962.24"
1012,28/07/2022,BSR,"24,300","24,900","24,800","25,300","24,700","24,970",500,2.06,9.98,249.27,0.00,0.00,9.98,249.27,"76,892.39"
1013,27/07/2022,BSR,"24,600","24,400","24,500","24,500","24,000","24,276",-100,-0.41,3.76,91.22,0.54,15.15,4.30,106.36,"75,962.24"
1014,26/07/2022,BSR,"24,000","24,100","24,300","25,400","24,100","24,570",300,1.25,16.87,414.43,0.00,0.00,16.87,414.43,"75,342.14"
1015,25/07/2022,BSR,"25,200","25,000","24,100","25,000","23,800","24,285","-1,100",-4.37,10.00,242.89,0.00,0.00,10.00,242.89,"74,722.04"
1016,22/07/2022,BSR,"24,500","24,800","25,000","25,700","24,600","25,157",500,2.04,14.89,374.53,0.00,0.00,14.89,374.53,"77,512.49"
1017,21/07/2022,BSR,"24,500","24,500","24,800","25,100","24,000","24,521",300,1.22,12.33,302.44,0.00,0.00,12.33,302.44,"76,892.39"
1018,20/07/2022,BSR,"24,200","24,500","24,700","24,900","24,000","24,509",500,2.07,12.72,311.71,0.15,3.41,12.87,315.12,"76,582.34"
1019,19/07/2022,BSR,"23,100","23,700","24,100","24,700","23,600","24,156","1,000",4.33,12.56,303.30,0.34,7.37,12.89,310.67,"74,722.04"
1020,18/07/2022,BSR,"22,900","23,000","23,600","23,800","22,800","23,140",700,3.06,8.10,187.40,0.00,0.00,8.10,187.40,"73,171.79"
1021,15/07/2022,BSR,"23,100","23,000","22,800","23,300","22,600","22,876",-300,-1.30,8.02,183.50,0.00,0.00,8.02,183.50,"70,691.39"
1022,14/07/2022,BSR,"22,400","22,500","23,100","23,400","22,300","23,057",700,3.13,8.12,187.32,0.00,0.00,8.12,187.32,"71,621.54"
1023,13/07/2022,BSR,"23,100","23,000","22,600","23,000","21,500","22,441",-500,-2.16,8.49,190.44,0.00,0.00,8.49,190.44,"70,071.29"
1024,12/07/2022,BSR,"22,500","22,400","23,500","23,700","21,900","23,126","1,000",4.44,9.77,225.84,0.00,0.00,9.77,225.84,"72,861.74"
1025,11/07/2022,BSR,"23,500","23,500","22,500","23,500","22,100","22,519","-1,000",-4.26,9.41,211.98,0.00,0.00,9.41,211.98,"69,761.24"
1026,08/07/2022,BSR,"22,300","22,500","23,500","24,000","22,500","23,482","1,200",5.38,6.53,153.34,0.00,0.00,6.53,153.34,"72,861.74"
1027,07/07/2022,BSR,"23,700","22,000","22,500","23,000","21,600","22,289","-1,200",-5.06,11.64,259.33,0.00,0.00,11.64,259.33,"69,761.24"
1028,06/07/2022,BSR,"26,800","25,300","22,900","25,500","22,800","23,687","-3,900",-14.55,33.95,804.16,0.00,0.00,33.95,804.16,"71,001.44"
1029,05/07/2022,BSR,"27,700","27,500","26,000","28,400","25,900","26,794","-1,700",-6.14,15.09,404.44,0.00,0.00,15.09,404.44,"80,612.99"
1030,04/07/2022,BSR,"27,100","27,500","27,300","28,300","27,100","27,661",200,0.74,6.52,180.29,0.00,0.00,6.52,180.29,"84,643.64"
1031,01/07/2022,BSR,"28,600","28,000","27,500","28,100","26,100","27,089","-1,100",-3.85,19.22,520.52,0.00,0.00,19.22,520.52,"85,263.74"
1032,30/06/2022,BSR,"28,800","28,700","28,500","29,300","28,000","28,617",-300,-1.04,8.09,231.44,0.00,0.00,8.09,231.44,"88,364.24"
1033,29/06/2022,BSR,"29,800","29,800","28,700","30,000","28,200","28,807","-1,100",-3.69,12.03,346.51,0.50,13.91,12.53,360.41,"88,984.34"
1034,28/06/2022,BSR,"29,000","29,000","29,800","30,400","28,800","29,819",800,2.76,12.31,367.10,0.06,1.56,12.37,368.66,"92,394.89"
1035,27/06/2022,BSR,"28,100","28,000","28,700","29,500","28,000","28,954",600,2.14,12.24,354.44,0.01,0.29,12.25,354.73,"88,984.34"
1036,24/06/2022,BSR,"27,400","28,000","28,000","28,600","27,600","28,087",600,2.19,8.62,242.18,1.05,29.93,9.67,272.11,"86,813.99"
1037,23/06/2022,BSR,"26,700","25,500","27,900","28,600","25,200","27,414","1,200",4.49,15.23,417.43,1.85,49.40,17.08,466.83,"86,503.94"
1038,22/06/2022,BSR,"29,100","28,000","25,600","28,500","25,400","26,664","-3,500",-12.03,27.41,730.78,0.00,0.00,27.41,730.78,"79,372.79"
1039,21/06/2022,BSR,"30,400","30,400","28,000","31,100","27,000","29,064","-2,400",-7.89,23.86,693.42,0.00,0.00,23.86,693.42,"86,813.99"
1040,20/06/2022,BSR,"31,900","31,100","30,300","31,600","29,500","30,354","-1,600",-5.02,26.73,811.36,1.00,30.30,27.73,841.66,"93,945.14"
1041,17/06/2022,BSR,"32,300","31,800","32,700","32,900","31,100","31,905",400,1.24,19.99,637.80,0.50,16.15,20.49,653.95,"101,386.34"
1042,16/06/2022,BSR,"31,100","31,200","32,200","33,500","30,800","32,339","1,100",3.54,26.58,859.55,0.00,0.00,26.58,859.55,"99,836.09"
1043,15/06/2022,BSR,"31,100","31,900","31,300","32,000","30,500","31,142",200,0.64,22.52,701.23,0.00,0.00,22.52,701.23,"97,045.64"
1044,14/06/2022,BSR,"29,600","28,800","31,900","32,000","28,800","31,074","2,300",7.77,22.79,708.27,0.00,0.00,22.79,708.27,"98,905.94"
1045,13/06/2022,BSR,"31,000","29,800","29,000","30,700","28,500","29,571","-2,000",-6.45,28.10,830.91,0.00,0.00,28.10,830.91,"89,914.49"
1046,10/06/2022,BSR,"32,100","32,200","30,300","32,500","29,900","31,011","-1,800",-5.61,32.66,"1,012.82",0.03,0.87,32.69,"1,013.69","93,945.14"
1047,09/06/2022,BSR,"31,400","31,800","32,200","32,700","31,400","32,140",800,2.55,18.25,586.62,0.02,0.64,18.27,587.25,"99,836.09"
1048,08/06/2022,BSR,"30,600","31,600","31,200","32,500","30,700","31,350",600,1.96,13.75,431.07,0.00,0.00,13.75,431.07,"96,735.59"
1049,07/06/2022,BSR,"30,000","30,500","31,700","31,900","29,200","30,584","1,700",5.67,27.58,843.45,0.04,1.12,27.62,844.57,"98,285.84"
1050,06/06/2022,BSR,"27,600","27,500","30,400","31,400","27,500","29,982","2,800",10.14,38.29,"1,147.99",1.09,32.91,39.38,"1,180.90","94,255.19"
1051,03/06/2022,BSR,"27,700","27,000","27,700","28,200","27,000","27,600",0,0.00,16.94,467.59,0.00,0.00,16.94,467.59,"85,883.84"
1052,02/06/2022,BSR,"27,100","27,600","27,100","28,600","27,000","27,686",0,0.00,18.68,517.23,0.11,2.91,18.79,520.14,"84,023.54"
1053,01/06/2022,BSR,"26,200","26,500","27,600","27,800","25,900","27,095","1,400",5.34,15.61,422.87,0.00,0.00,15.61,422.87,"85,573.79"
1054,31/05/2022,BSR,"25,000","25,000","26,600","27,200","24,800","26,236","1,600",6.40,22.26,584.15,0.00,0.00,22.26,584.15,"82,473.29"
1055,30/05/2022,BSR,"24,000","24,200","24,800","25,500","23,900","24,952",800,3.33,11.41,284.66,0.11,2.57,11.52,287.22,"76,892.39"
1056,27/05/2022,BSR,"24,100","23,800","23,900","24,500","23,500","23,969",-200,-0.83,7.95,190.56,0.00,0.00,7.95,190.56,"74,101.94"
1057,26/05/2022,BSR,"24,400","24,600","23,800","25,000","23,500","24,131",-600,-2.46,8.26,199.32,0.00,0.00,8.26,199.32,"73,791.89"
1058,25/05/2022,BSR,"23,400","23,500","24,900","25,000","23,500","24,376","1,500",6.41,10.36,252.60,0.00,0.00,10.36,252.60,"77,202.44"
1059,24/05/2022,BSR,"24,000","24,000","23,900","24,100","22,700","23,356",-100,-0.42,14.09,329.08,0.00,0.00,14.09,329.08,"74,101.94"
1060,23/05/2022,BSR,"23,500","23,400","24,100","24,600","23,000","24,025",600,2.55,10.45,251.04,0.00,0.00,10.45,251.04,"74,722.04"
1061,20/05/2022,BSR,"22,300","22,800","23,400","24,000","22,600","23,504","1,100",4.93,9.88,232.19,0.26,4.94,10.14,237.13,"72,551.69"
1062,19/05/2022,BSR,"21,700","21,400","22,800","23,300","20,700","22,281","1,100",5.07,12.40,276.22,0.00,0.00,12.40,276.22,"70,691.39"
1063,18/05/2022,BSR,"20,700","21,200","21,700","22,100","21,100","21,674","1,000",4.83,7.88,170.78,0.03,0.48,7.90,171.26,"67,280.84"
1064,17/05/2022,BSR,"19,700","19,700","21,200","21,400","19,500","20,677","1,500",7.61,9.36,193.55,0.00,0.00,9.36,193.55,"65,730.59"
1065,16/05/2022,BSR,"18,900","18,700","19,300","20,300","18,500","19,667",400,2.12,4.07,80.04,0.10,1.61,4.17,81.65,"59,839.64"
1066,13/05/2022,BSR,"19,900","19,200","18,500","19,800","18,100","18,851","-1,400",-7.04,8.62,162.44,0.00,0.00,8.62,162.44,"57,359.24"
1067,12/05/2022,BSR,"20,500","20,500","19,200","20,900","19,000","19,891","-1,300",-6.34,4.56,90.80,0.00,0.00,4.56,90.80,"59,529.59"
1068,11/05/2022,BSR,"19,900","20,600","20,500","20,900","20,300","20,474",600,3.02,1.61,32.98,0.00,0.00,1.61,32.98,"63,560.24"
1069,10/05/2022,BSR,"20,500","18,400","20,600","20,700","17,500","19,851",100,0.49,5.69,113.00,0.00,0.00,5.69,113.00,"63,870.29"
1070,09/05/2022,BSR,"21,600","21,600","20,200","21,600","19,800","20,473","-1,400",-6.48,7.24,148.22,0.00,0.00,7.24,148.22,"62,630.09"
1071,06/05/2022,BSR,"22,100","22,000","21,500","22,000","21,200","21,612",-600,-2.71,4.44,95.93,0.00,0.00,4.44,95.93,"66,660.74"
1072,05/05/2022,BSR,"21,800","22,100","21,900","22,700","21,500","22,116",100,0.46,7.16,158.39,0.00,0.00,7.16,158.39,"67,900.94"
1073,04/05/2022,BSR,"21,600","21,700","21,900","22,100","21,500","21,780",300,1.39,4.91,106.99,0.00,0.00,4.91,106.99,"67,900.94"
1074,29/04/2022,BSR,"21,500","21,300","21,700","21,800","21,200","21,610",200,0.93,4.04,87.35,0.00,0.00,4.04,87.35,"67,280.84"
1075,28/04/2022,BSR,"21,200","21,500","21,500","21,900","21,200","21,515",300,1.42,3.57,76.73,0.00,0.00,3.57,76.73,"66,660.74"
1076,27/04/2022,BSR,"20,200","21,400","21,500","21,600","20,800","21,228","1,300",6.44,4.18,88.76,0.00,0.00,4.18,88.76,"66,660.74"
1077,26/04/2022,BSR,"20,900","20,900","21,300","22,500","18,800","20,160",400,1.91,9.21,185.76,0.00,0.00,9.21,185.76,"66,040.64"
1078,25/04/2022,BSR,"22,000","22,300","19,800","22,500","19,600","20,880","-2,200",-10.00,7.87,164.32,0.00,0.00,7.87,164.32,"61,389.89"
1079,22/04/2022,BSR,"22,400","22,400","22,300","23,200","20,800","21,989",-100,-0.45,8.57,188.34,0.00,0.00,8.57,188.34,"69,141.14"
1080,21/04/2022,BSR,"24,400","23,900","22,100","24,000","21,100","22,403","-2,300",-9.43,9.75,218.33,0.00,0.00,9.75,218.33,"68,521.04"
1081,20/04/2022,BSR,"25,500","25,500","23,400","25,500","22,900","24,356","-2,100",-8.24,11.86,288.94,0.00,0.00,11.86,288.94,"72,551.69"
1082,19/04/2022,BSR,"25,700","25,300","25,400","25,900","25,000","25,463",-300,-1.17,4.97,126.55,0.00,0.00,4.97,126.55,"78,752.69"
1083,18/04/2022,BSR,"25,900","25,800","25,300","26,200","25,200","25,661",-600,-2.32,5.39,138.30,0.00,0.00,5.39,138.30,"78,442.64"
1084,15/04/2022,BSR,"25,800","25,600","25,800","26,300","25,600","25,948",0,0.00,4.61,119.74,0.00,0.00,4.61,119.74,"79,992.89"
1085,14/04/2022,BSR,"25,400","25,900","25,800","26,100","25,500","25,791",400,1.57,2.53,65.24,0.00,0.00,2.53,65.24,"79,992.89"
1086,13/04/2022,BSR,"25,700","25,700","25,700","25,800","25,000","25,418",0,0.00,3.97,100.97,0.01,0.14,3.98,101.10,"79,682.84"
1087,12/04/2022,BSR,"26,600","26,400","25,200","26,600","25,000","25,651","-1,400",-5.26,7.46,191.47,0.00,0.00,7.46,191.47,"78,132.59"
1088,08/04/2022,BSR,"26,900","26,900","26,400","27,000","26,300","26,639",-500,-1.86,5.90,157.17,0.02,0.55,5.92,157.73,"81,853.19"
1089,07/04/2022,BSR,"26,600","26,800","27,000","27,300","26,300","26,873",400,1.50,8.19,220.09,0.00,0.00,8.19,220.09,"83,713.49"
1090,06/04/2022,BSR,"26,800","26,800","26,800","26,800","26,400","26,589",0,0.00,3.57,94.80,0.00,0.00,3.57,94.80,"83,093.39"
1091,05/04/2022,BSR,"26,300","26,400","26,800","27,100","26,400","26,820",500,1.90,7.34,196.82,0.00,0.00,7.34,196.82,"83,093.39"
1092,04/04/2022,BSR,"25,900","26,000","26,200","26,600","26,000","26,268",300,1.16,4.51,118.47,0.00,0.00,4.51,118.47,"81,233.09"
1093,01/04/2022,BSR,"26,300","26,100","26,000","26,300","25,600","25,932",-300,-1.14,5.76,149.31,0.00,0.00,5.76,149.31,"80,612.99"
1094,31/03/2022,BSR,"26,700","26,600","26,100","26,700","26,000","26,309",-600,-2.25,4.70,123.61,0.00,0.00,4.70,123.61,"80,923.04"
1095,30/03/2022,BSR,"26,900","26,900","26,600","27,100","26,300","26,651",-300,-1.12,7.11,189.44,0.00,0.00,7.11,189.44,"82,473.29"
1096,29/03/2022,BSR,"26,700","26,600","27,000","27,200","26,500","26,894",300,1.12,6.31,169.62,0.00,0.02,6.31,169.64,"83,713.49"
1097,28/03/2022,BSR,"26,700","26,700","27,000","27,000","26,400","26,662",300,1.12,7.07,188.48,0.00,0.00,7.07,188.48,"83,713.49"
1098,25/03/2022,BSR,"27,100","27,000","26,700","27,000","26,600","26,742",-400,-1.48,4.41,117.96,0.00,0.00,4.41,117.96,"82,783.34"
1099,24/03/2022,BSR,"26,800","27,000","27,000","27,400","26,900","27,116",200,0.75,4.24,114.98,0.00,0.00,4.24,114.98,"83,713.49"
1100,23/03/2022,BSR,"27,100","27,100","26,800","27,200","26,600","26,832",-300,-1.11,6.80,182.57,0.00,0.00,6.80,182.57,"83,093.39"
1101,22/03/2022,BSR,"26,500","26,800","27,000","27,400","26,800","27,117",500,1.89,6.22,168.65,0.00,0.00,6.22,168.65,"83,713.49"
1102,21/03/2022,BSR,"26,400","26,400","26,800","26,800","26,200","26,493",400,1.52,7.02,185.91,0.00,0.00,7.02,185.91,"83,093.39"
1103,18/03/2022,BSR,"25,600","25,800","26,400","26,600","25,700","26,389",800,3.13,7.20,190.01,0.00,0.00,7.20,190.01,"81,853.19"
1104,17/03/2022,BSR,"25,700","25,900","25,700","26,000","25,300","25,594",0,0.00,5.26,134.50,0.00,0.00,5.26,134.50,"79,682.84"
1105,16/03/2022,BSR,"25,300","25,600","25,900","25,900","25,300","25,653",600,2.37,5.34,136.94,0.00,0.00,5.34,136.94,"80,302.94"
1106,15/03/2022,BSR,"26,300","25,800","25,700","25,900","24,900","25,278",-600,-2.28,12.13,306.53,0.00,0.00,12.13,306.53,"79,682.84"
1107,14/03/2022,BSR,"27,700","27,600","25,800","27,800","25,700","26,277","-1,900",-6.86,23.00,604.46,0.00,0.00,23.00,604.46,"79,992.89"
1108,11/03/2022,BSR,"28,200","28,700","27,600","29,500","27,300","27,728",-600,-2.13,14.70,407.68,0.03,0.88,14.73,408.56,"85,573.79"
1109,10/03/2022,BSR,"29,000","29,000","28,500","29,000","26,600","28,217",-500,-1.72,14.68,414.12,0.12,3.28,14.79,417.40,"88,364.24"
1110,09/03/2022,BSR,"28,700","28,700","29,100","29,600","28,300","29,015",400,1.39,14.68,426.08,0.00,0.00,14.68,426.08,"90,224.54"
1111,08/03/2022,BSR,"29,200","29,500","28,400","29,500","28,200","28,744",-800,-2.74,13.65,392.34,0.00,0.00,13.65,392.34,"88,054.19"
1112,07/03/2022,BSR,"27,900","28,900","29,500","29,900","28,400","29,194","1,600",5.73,23.42,683.67,0.00,0.00,23.42,683.67,"91,464.74"
1113,04/03/2022,BSR,"28,300","28,200","27,800","28,500","27,700","27,864",-500,-1.77,10.99,306.33,0.00,0.00,10.99,306.33,"86,193.89"
1114,03/03/2022,BSR,"28,800","28,600","28,400","29,100","27,900","28,312",-400,-1.39,15.28,432.54,0.00,0.00,15.28,432.54,"88,054.19"
1115,02/03/2022,BSR,"27,800","28,300","28,600","29,400","28,300","28,769",800,2.88,14.74,424.08,0.00,0.00,14.74,424.08,"88,674.29"
1116,01/03/2022,BSR,"27,900","28,300","27,900","28,300","27,500","27,765",0,0.00,11.80,327.69,0.00,0.00,11.80,327.69,"86,503.94"
1117,28/02/2022,BSR,"27,900","27,800","28,000","28,300","27,500","27,883",100,0.36,13.52,376.91,0.00,0.00,13.52,376.91,"86,813.99"
1118,25/02/2022,BSR,"28,500","28,900","27,500","28,900","27,400","27,923","-1,000",-3.51,14.18,396.03,0.00,0.00,14.18,396.03,"85,263.74"
1119,24/02/2022,BSR,"27,800","27,900","28,500","29,400","27,400","28,463",700,2.52,24.65,701.69,0.00,0.00,24.65,701.69,"88,364.24"
1120,23/02/2022,BSR,"26,700","26,800","27,900","28,500","26,600","27,819","1,200",4.49,23.70,659.28,0.00,0.00,23.70,659.28,"86,503.94"
1121,22/02/2022,BSR,"26,400","26,700","26,800","27,000","26,400","26,729",400,1.52,12.29,328.39,0.00,0.00,12.29,328.39,"83,093.39"
1122,21/02/2022,BSR,"26,300","27,200","26,300","28,300","26,000","26,421",0,0.00,9.78,258.42,0.00,0.00,9.78,258.42,"81,543.14"
1123,18/02/2022,BSR,"26,300","26,400","26,400","26,500","25,900","26,269",100,0.38,7.40,194.28,0.00,0.00,7.40,194.28,"81,853.19"
1124,17/02/2022,BSR,"26,200","26,400","26,400","26,600","26,000","26,310",200,0.76,6.49,170.78,0.00,0.00,6.49,170.78,"81,853.19"
1125,16/02/2022,BSR,"27,000","26,500","26,400","26,600","25,800","26,174",-600,-2.22,19.91,521.01,0.00,0.00,19.91,521.01,"81,853.19"
1126,15/02/2022,BSR,"27,900","27,500","26,800","27,700","26,600","27,008","-1,100",-3.94,16.44,444.00,0.18,4.97,16.62,448.96,"83,093.39"
1127,14/02/2022,BSR,"27,600","27,500","27,500","28,300","27,400","27,873",-100,-0.36,16.64,463.89,0.30,8.04,16.94,471.93,"85,263.74"
1128,11/02/2022,BSR,"26,800","27,300","27,200","28,100","27,100","27,553",400,1.49,16.05,442.27,0.10,2.68,16.15,444.95,"84,333.59"
1129,10/02/2022,BSR,"26,500","26,500","27,300","27,400","26,300","26,786",800,3.02,14.87,398.39,0.00,0.00,14.87,398.39,"84,643.64"
1130,09/02/2022,BSR,"26,700","26,700","26,400","27,000","26,100","26,547",-300,-1.12,10.02,265.88,0.00,0.00,10.02,265.88,"81,853.19"
1131,08/02/2022,BSR,"26,600","27,000","26,500","27,100","26,400","26,665",-100,-0.38,8.36,222.82,0.00,0.00,8.36,222.82,"82,163.24"
1132,07/02/2022,BSR,"24,800","25,200","27,000","27,300","25,200","26,617","2,200",8.87,18.64,496.07,0.00,0.00,18.64,496.07,"83,713.49"
1133,28/01/2022,BSR,"25,700","25,500","24,500","25,900","24,100","24,796","-1,200",-4.67,19.95,494.78,0.00,0.00,19.95,494.78,"75,962.24"
1134,27/01/2022,BSR,"25,500","25,700","25,500","26,200","25,200","25,652",0,0.00,9.22,236.60,0.00,0.00,9.22,236.60,"79,062.74"
1135,26/01/2022,BSR,"24,700","25,000","25,400","25,800","25,000","25,453",700,2.83,11.67,297.12,0.20,4.10,11.87,301.21,"78,752.69"
1136,25/01/2022,BSR,"24,800","24,600","25,000","25,200","24,000","24,696",200,0.81,10.52,259.81,0.00,0.00,10.52,259.81,"77,512.49"
1137,24/01/2022,BSR,"24,500","24,500","24,600","25,300","24,300","24,824",100,0.41,11.11,275.82,0.00,0.00,11.11,275.82,"76,272.29"
1138,21/01/2022,BSR,"23,500","23,700","25,000","25,400","23,500","24,493","1,500",6.38,32.00,783.70,0.12,3.24,32.12,786.94,"77,512.49"
1139,20/01/2022,BSR,"23,700","23,700","23,800","23,800","23,200","23,467",100,0.42,5.31,124.64,0.00,0.00,5.31,124.64,"73,791.89"
1140,19/01/2022,BSR,"23,500","23,700","23,400","24,300","23,400","23,748",-100,-0.43,6.71,159.46,0.00,0.00,6.71,159.46,"72,551.69"
1141,18/01/2022,BSR,"23,600","23,500","23,500","23,900","22,900","23,457",-100,-0.42,9.61,225.49,0.00,0.00,9.61,225.49,"72,861.74"
1142,17/01/2022,BSR,"23,300","23,400","23,100","24,200","23,000","23,620",-200,-0.86,10.91,257.65,0.12,2.40,11.03,260.05,"71,621.54"
1143,14/01/2022,BSR,"23,800","23,400","23,200","23,600","22,900","23,256",-600,-2.52,6.12,142.35,0.04,0.96,6.16,143.31,"71,931.59"
1144,13/01/2022,BSR,"23,700","23,800","23,400","24,400","23,000","23,795",-300,-1.27,9.55,227.23,0.00,0.00,9.55,227.23,"72,551.69"
1145,12/01/2022,BSR,"23,100","23,200","23,800","24,300","23,100","23,733",700,3.03,11.89,282.27,0.00,0.00,11.89,282.27,"73,791.89"
1146,11/01/2022,BSR,"23,700","23,300","23,000","23,500","22,800","23,140",-700,-2.95,7.80,180.53,0.00,0.00,7.80,180.53,"71,311.49"
1147,10/01/2022,BSR,"24,400","24,400","23,200","24,400","23,000","23,677","-1,200",-4.92,14.21,336.55,0.00,0.00,14.21,336.55,"71,931.59"
1148,07/01/2022,BSR,"24,000","24,400","24,300","24,700","24,100","24,372",300,1.25,10.55,257.21,0.00,0.00,10.55,257.21,"75,342.14"
1149,06/01/2022,BSR,"24,000","23,900","24,100","24,400","23,500","23,953",100,0.42,12.96,310.40,0.00,0.00,12.96,310.40,"74,722.04"
1150,05/01/2022,BSR,"23,700","24,100","23,900","24,500","23,700","24,034",200,0.84,9.97,239.61,0.00,0.00,9.97,239.61,"74,101.94"
1151,04/01/2022,BSR,"23,100","23,100","24,000","24,100","23,000","23,717",900,3.90,15.56,368.94,0.00,0.00,15.56,368.94,"74,411.99"
1152,31/12/2021,BSR,"23,500","23,500","23,100","23,600","22,800","23,149",-400,-1.70,7.99,184.85,0.22,4.40,8.21,189.25,"71,621.54"
1153,30/12/2021,BSR,"23,400","23,500","23,300","23,800","23,200","23,465",-100,-0.43,6.30,147.94,0.04,0.80,6.34,148.74,"72,241.64"
1154,29/12/2021,BSR,"23,600","23,600","23,300","23,800","23,100","23,373",-300,-1.27,7.58,177.18,0.14,2.75,7.72,179.93,"72,241.64"
1155,28/12/2021,BSR,"23,300","23,600","23,300","23,900","23,200","23,603",0,0.00,11.83,279.14,0.22,5.87,12.05,285.01,"72,241.64"
1156,27/12/2021,BSR,"23,000","23,000","23,300","23,900","23,000","23,331",300,1.30,8.01,186.80,0.45,8.82,8.46,195.62,"72,241.64"
1157,24/12/2021,BSR,"22,500","23,000","23,000","23,400","22,700","23,030",500,2.22,7.18,165.42,0.14,3.53,7.32,168.95,"71,311.49"
1158,23/12/2021,BSR,"22,000","22,000","22,900","23,400","21,700","22,510",900,4.09,21.65,487.27,0.63,13.41,22.27,500.69,"71,001.44"
1159,22/12/2021,BSR,"21,900","22,000","21,900","22,500","21,700","21,966",0,0.00,6.06,133.21,0.00,0.00,6.06,133.21,"67,900.94"
1160,21/12/2021,BSR,"21,800","21,800","21,900","22,200","21,500","21,867",100,0.46,5.68,124.25,0.04,1.02,5.72,125.27,"67,900.94"
1161,20/12/2021,BSR,"22,500","22,400","21,700","22,400","21,600","21,827",-800,-3.56,7.91,172.57,0.63,16.17,8.53,188.74,"67,280.84"
1162,17/12/2021,BSR,"21,700","22,100","22,500","22,800","22,000","22,498",800,3.69,11.63,261.74,0.05,0.93,11.68,262.66,"69,761.24"
1163,16/12/2021,BSR,"21,500","21,500","22,100","22,100","21,400","21,665",600,2.79,6.89,149.22,0.01,0.12,6.89,149.35,"68,521.04"
1164,15/12/2021,BSR,"21,800","21,700","21,300","21,800","21,200","21,481",-500,-2.29,7.17,154.00,0.58,10.73,7.75,164.73,"66,040.64"
1165,14/12/2021,BSR,"22,000","22,000","21,700","22,000","21,500","21,770",-300,-1.36,6.37,138.61,0.00,0.00,6.37,138.61,"67,280.84"
1166,13/12/2021,BSR,"21,700","22,000","22,100","22,200","21,600","21,998",400,1.84,6.24,137.27,0.00,0.00,6.24,137.27,"68,521.04"
1167,10/12/2021,BSR,"21,900","22,100","21,600","22,100","21,500","21,713",-300,-1.37,6.58,142.77,0.58,14.48,7.15,157.25,"66,970.79"
1168,09/12/2021,BSR,"21,800","21,800","22,100","22,400","21,400","21,909",300,1.38,8.10,177.45,0.00,0.00,8.10,177.45,"68,521.04"
1169,08/12/2021,BSR,"21,300","21,800","21,600","22,300","21,500","21,816",300,1.41,6.16,134.36,0.00,0.00,6.16,134.36,"66,970.79"
1170,07/12/2021,BSR,"20,700","20,500","21,700","21,800","20,500","21,339","1,000",4.83,11.97,255.34,0.00,0.00,11.97,255.34,"67,280.84"
1171,06/12/2021,BSR,"21,100","20,800","20,400","21,100","20,100","20,658",-700,-3.32,8.29,171.31,0.00,0.00,8.29,171.31,"63,250.19"
1172,03/12/2021,BSR,"21,300","21,400","20,800","21,700","20,700","21,143",-500,-2.35,7.30,154.31,0.01,0.10,7.30,154.41,"64,490.39"
1173,02/12/2021,BSR,"21,100","21,100","21,400","21,800","20,800","21,315",300,1.42,7.57,161.39,0.00,0.07,7.57,161.46,"66,350.69"
1174,01/12/2021,BSR,"21,000","20,800","21,400","21,500","20,300","21,090",400,1.90,6.93,146.13,0.00,0.00,6.93,146.13,"66,350.69"
1175,30/11/2021,BSR,"20,300","20,800","21,000","21,700","20,700","21,047",700,3.45,10.67,224.65,0.00,0.01,10.67,224.66,"65,110.49"
1176,29/11/2021,BSR,"21,300","20,500","20,700","20,800","19,600","20,279",-600,-2.82,14.10,285.92,0.00,0.00,14.10,285.92,"64,180.34"
1177,26/11/2021,BSR,"22,000","22,000","21,100","22,000","20,900","21,311",-900,-4.09,13.38,285.23,0.07,1.53,13.46,286.76,"65,420.54"
1178,25/11/2021,BSR,"21,900","21,600","22,000","22,300","21,600","21,980",100,0.46,7.80,171.54,0.00,0.00,7.80,171.54,"68,210.99"
1179,24/11/2021,BSR,"21,300","21,900","21,800","22,400","21,500","21,939",500,2.35,8.99,197.23,0.00,0.00,8.99,197.23,"67,590.89"
1180,23/11/2021,BSR,"20,900","20,500","21,700","21,900","20,300","21,326",800,3.83,7.45,158.84,0.07,1.53,7.52,160.37,"67,280.84"
1181,22/11/2021,BSR,"22,200","21,600","20,500","21,600","20,300","20,867","-1,700",-7.66,14.18,295.99,0.00,0.00,14.18,295.99,"63,560.24"
1182,19/11/2021,BSR,"23,500","23,100","21,700","23,100","21,100","22,236","-1,800",-7.66,32.11,714.10,0.00,0.00,32.11,714.10,"67,280.84"
1183,18/11/2021,BSR,"24,200","24,200","23,100","24,200","23,000","23,470","-1,100",-4.55,23.38,548.79,0.00,0.00,23.38,548.79,"71,621.54"
1184,17/11/2021,BSR,"24,200","24,200","24,400","24,700","23,800","24,178",200,0.83,11.80,285.25,0.00,0.00,11.80,285.25,"75,652.19"
1185,16/11/2021,BSR,"24,100","24,000","24,200","24,500","24,000","24,193",100,0.41,8.26,199.76,0.00,0.00,8.26,199.76,"75,032.09"
1186,15/11/2021,BSR,"24,600","24,600","24,100","24,700","23,800","24,130",-500,-2.03,20.73,500.28,0.00,0.00,20.73,500.28,"74,722.04"
1187,12/11/2021,BSR,"25,100","25,000","24,700","25,000","24,300","24,570",-400,-1.59,11.57,284.30,0.00,0.00,11.57,284.30,"76,582.34"
1188,11/11/2021,BSR,"25,300","26,000","24,800","26,000","24,600","25,126",-500,-1.98,11.52,289.37,0.10,2.90,11.62,292.27,"76,892.39"
1189,10/11/2021,BSR,"24,300","24,400","25,500","25,800","24,400","25,317","1,200",4.94,20.42,516.95,0.00,0.00,20.42,516.95,"79,062.74"
1190,09/11/2021,BSR,"24,400","24,600","24,400","24,600","24,000","24,319",0,0.00,11.84,287.86,0.00,0.00,11.84,287.86,"75,652.19"
1191,08/11/2021,BSR,"24,100","24,400","24,400","24,700","24,100","24,387",300,1.24,7.26,177.04,0.10,2.05,7.36,179.09,"75,652.19"
1192,05/11/2021,BSR,"23,700","24,000","24,200","24,400","23,600","24,068",500,2.11,11.86,285.43,0.00,0.00,11.86,285.43,"75,032.09"
1193,04/11/2021,BSR,"24,500","23,500","23,800","24,000","23,500","23,746",-700,-2.86,14.30,339.64,0.00,0.00,14.30,339.64,"73,791.89"
1194,03/11/2021,BSR,"24,800","25,200","24,200","25,300","24,100","24,519",-600,-2.42,12.65,310.06,0.00,0.00,12.65,310.06,"75,032.09"
1195,02/11/2021,BSR,"24,800","24,800","25,200","25,400","24,300","24,777",400,1.61,12.79,316.96,0.00,0.00,12.79,316.96,"78,132.59"
1196,01/11/2021,BSR,"24,600","24,700","24,500","25,500","24,000","24,811",-100,-0.41,13.34,331.05,0.03,0.53,13.37,331.58,"75,962.24"
1197,29/10/2021,BSR,"24,400","24,300","24,800","24,900","24,300","24,603",400,1.64,12.29,302.30,0.11,2.59,12.39,304.88,"76,892.39"
1198,28/10/2021,BSR,"24,400","24,500","24,400","24,600","24,100","24,352",0,0.00,11.81,287.51,0.00,0.00,11.81,287.51,"75,652.19"
1199,27/10/2021,BSR,"23,200","23,500","24,700","24,900","23,500","24,357","1,500",6.47,19.57,476.68,0.05,0.89,19.62,477.57,"76,582.34"
1200,26/10/2021,BSR,"23,400","23,300","23,400","23,500","22,900","23,192",0,0.00,8.60,199.50,0.00,0.00,8.60,199.50,"72,551.69"
1201,25/10/2021,BSR,"23,100","23,400","23,200","23,800","23,100","23,425",100,0.43,10.00,234.36,0.00,0.00,10.00,234.36,"71,931.59"
1202,22/10/2021,BSR,"23,500","23,500","23,100","23,500","22,800","23,093",-400,-1.70,16.95,391.35,0.00,0.00,16.95,391.35,"71,621.54"
1203,21/10/2021,BSR,"23,500","23,500","23,400","23,900","23,100","23,493",-100,-0.43,12.02,282.42,0.05,1.22,12.07,283.64,"72,551.69"
1204,20/10/2021,BSR,"23,500","23,700","23,500","24,100","23,000","23,547",0,0.00,14.56,342.74,0.00,0.00,14.56,342.74,"72,861.74"
1205,19/10/2021,BSR,"23,800","23,700","23,700","23,800","23,300","23,543",-100,-0.42,10.40,244.83,0.00,0.00,10.40,244.83,"73,481.84"
1206,18/10/2021,BSR,"22,900","23,500","23,800","24,300","23,200","23,792",900,3.93,18.07,429.93,0.00,0.00,18.07,429.93,"73,791.89"
1207,15/10/2021,BSR,"22,700","22,700","23,000","23,200","22,600","22,903",300,1.32,13.72,314.19,0.02,0.30,13.73,314.49,"71,311.49"
1208,14/10/2021,BSR,"22,400","22,400","22,700","23,000","22,400","22,730",300,1.34,8.39,190.68,0.00,0.00,8.39,190.68,"70,381.34"
1209,13/10/2021,BSR,"22,400","22,700","22,600","22,800","22,300","22,446",200,0.89,11.76,264.04,0.00,0.00,11.76,264.04,"70,071.29"
1210,12/10/2021,BSR,"21,800","21,800","22,700","22,900","21,600","22,423",900,4.13,24.72,554.25,0.00,0.00,24.72,554.25,"70,381.34"
1211,11/10/2021,BSR,"21,000","21,300","21,800","22,100","21,200","21,799",800,3.81,14.63,319.02,0.00,0.00,14.63,319.02,"67,590.89"
1212,08/10/2021,BSR,"20,700","20,500","21,200","21,200","20,500","20,960",500,2.42,14.09,295.41,0.00,0.00,14.09,295.41,"65,730.59"
1213,07/10/2021,BSR,"21,200","21,100","20,500","21,200","20,400","20,726",-700,-3.30,19.13,396.53,0.00,0.00,19.13,396.53,"63,560.24"
1214,06/10/2021,BSR,"21,000","21,400","21,200","21,600","20,900","21,159",200,0.95,12.58,266.08,0.00,0.00,12.58,266.08,"65,730.59"
1215,05/10/2021,BSR,"20,900","20,900","21,200","21,500","20,700","21,043",300,1.44,16.26,342.18,0.00,0.00,16.26,342.18,"65,730.59"
1216,04/10/2021,BSR,"20,100","20,500","20,600","21,400","20,200","20,928",500,2.49,23.41,489.98,0.00,0.00,23.41,489.98,"63,870.29"
1217,01/10/2021,BSR,"19,700","19,800","20,200","20,400","19,500","20,140",500,2.54,22.39,450.91,0.00,0.00,22.39,450.91,"62,630.09"
1218,30/09/2021,BSR,"19,600","19,600","19,800","20,200","19,400","19,744",200,1.02,13.54,267.39,0.00,0.00,13.54,267.39,"61,389.89"
1219,29/09/2021,BSR,"19,600","19,900","19,600","20,000","19,300","19,555",0,0.00,10.82,211.58,0.00,0.00,10.82,211.58,"60,769.79"
1220,28/09/2021,BSR,"19,000","18,500","19,900","20,200","18,500","19,574",900,4.74,29.68,581.02,0.00,0.00,29.68,581.02,"61,699.94"
1221,27/09/2021,BSR,"18,800","18,800","18,500","19,300","18,500","18,950",-300,-1.60,14.11,267.35,0.00,0.00,14.11,267.35,"57,359.24"
1222,24/09/2021,BSR,"18,700","18,700","18,700","19,100","18,400","18,787",0,0.00,9.22,173.20,0.00,0.00,9.22,173.20,"57,979.34"
1223,23/09/2021,BSR,"18,500","18,700","18,600","19,000","18,400","18,669",100,0.54,7.71,143.89,0.00,0.00,7.71,143.89,"57,669.29"
1224,22/09/2021,BSR,"18,000","18,400","18,600","18,900","18,100","18,509",600,3.33,7.89,146.00,0.00,0.00,7.89,146.00,"57,669.29"
1225,21/09/2021,BSR,"18,600","18,600","18,400","18,600","17,600","18,031",-200,-1.08,11.18,201.66,0.00,0.00,11.18,201.66,"57,049.19"
1226,20/09/2021,BSR,"19,000","19,000","18,200","19,100","18,200","18,599",-800,-4.21,16.80,312.38,0.00,0.00,16.80,312.38,"56,429.09"
1227,17/09/2021,BSR,"19,200","19,100","19,000","19,200","18,900","19,048",-200,-1.04,7.94,151.30,0.00,0.00,7.94,151.30,"58,909.49"
1228,16/09/2021,BSR,"18,800","19,400","19,100","19,700","18,900","19,151",300,1.60,7.11,136.09,0.00,0.00,7.11,136.09,"59,219.54"
1229,15/09/2021,BSR,"18,500","18,400","19,200","19,400","18,100","18,829",700,3.78,18.40,346.51,0.00,0.00,18.40,346.51,"59,529.59"
1230,14/09/2021,BSR,"18,500","18,500","18,300","18,800","18,200","18,461",-200,-1.08,6.58,121.43,0.22,4.64,6.80,126.08,"56,739.14"
1231,13/09/2021,BSR,"17,900","18,000","18,500","18,700","18,000","18,467",600,3.35,13.94,257.45,0.00,0.00,13.94,257.45,"57,359.24"
1232,10/09/2021,BSR,"17,900","18,000","18,000","18,200","17,800","17,925",100,0.56,4.72,84.67,0.00,0.00,4.72,84.67,"55,808.99"
1233,09/09/2021,BSR,"17,900","17,700","18,100","18,200","17,700","17,946",200,1.12,5.80,104.10,0.00,0.00,5.80,104.10,"56,119.04"
1234,08/09/2021,BSR,"18,300","18,100","17,700","18,200","17,600","17,926",-600,-3.28,7.99,143.20,0.00,0.00,7.99,143.20,"54,878.84"
1235,07/09/2021,BSR,"18,400","18,500","18,100","18,700","18,000","18,325",-300,-1.63,7.18,131.66,0.00,0.00,7.18,131.66,"56,119.04"
1236,06/09/2021,BSR,"18,200","18,300","18,600","18,800","18,000","18,434",400,2.20,9.65,177.90,0.00,0.00,9.65,177.90,"57,669.29"
1237,01/09/2021,BSR,"18,300","18,300","18,300","18,400","18,100","18,235",0,0.00,6.10,111.18,0.00,0.00,6.10,111.18,"56,739.14"
1238,31/08/2021,BSR,"17,900","18,200","18,400","18,600","18,100","18,336",500,2.79,8.34,152.84,0.00,0.00,8.34,152.84,"57,049.19"
1239,30/08/2021,BSR,"17,300","17,700","18,200","18,300","17,700","17,921",900,5.20,6.70,120.06,0.00,0.00,6.70,120.06,"56,429.09"
1240,27/08/2021,BSR,"17,500","17,400","17,600","17,700","17,000","17,334",100,0.57,7.82,135.49,0.00,0.00,7.82,135.49,"54,568.79"
1241,26/08/2021,BSR,"17,600","17,800","17,400","17,800","17,300","17,516",-200,-1.14,6.93,121.35,0.00,0.00,6.93,121.35,"53,948.69"
1242,25/08/2021,BSR,"17,500","17,600","17,700","17,800","17,400","17,615",200,1.14,5.85,103.10,0.17,2.53,6.02,105.64,"54,878.84"
1243,24/08/2021,BSR,"17,300","17,100","17,600","17,800","17,000","17,500",300,1.73,8.76,153.27,0.00,0.00,8.76,153.27,"54,568.79"
1244,23/08/2021,BSR,"18,300","17,800","17,100","17,900","17,000","17,331","-1,200",-6.56,15.02,260.22,0.00,0.00,15.02,260.22,"53,018.54"
1245,20/08/2021,BSR,"19,100","19,000","17,800","19,100","17,000","18,307","-1,300",-6.81,27.07,495.53,0.17,3.72,27.24,499.26,"55,188.89"
1246,19/08/2021,BSR,"19,400","19,300","19,100","19,400","19,000","19,138",-300,-1.55,10.60,202.89,0.01,0.16,10.61,203.04,"59,219.54"
1247,18/08/2021,BSR,"19,400","19,400","19,400","19,600","19,200","19,418",0,0.00,8.37,162.49,0.00,0.00,8.37,162.49,"60,149.69"
1248,17/08/2021,BSR,"19,100","19,200","19,600","19,800","19,000","19,369",500,2.62,10.47,202.77,0.00,0.00,10.47,202.77,"60,769.79"
1249,16/08/2021,BSR,"18,900","19,100","19,200","19,500","18,900","19,118",300,1.59,10.67,203.91,0.30,4.83,10.97,208.74,"59,529.59"
1250,13/08/2021,BSR,"19,900","19,600","19,200","19,600","18,400","18,895",-700,-3.52,39.60,748.27,0.00,0.00,39.60,748.27,"59,529.59"
1251,12/08/2021,BSR,"20,400","20,000","19,700","20,300","19,600","19,936",-700,-3.43,16.63,331.46,0.00,0.00,16.63,331.46,"61,079.84"
1252,11/08/2021,BSR,"20,100","20,500","20,100","20,800","20,100","20,431",0,0.00,11.30,230.90,0.00,0.00,11.30,230.90,"62,320.04"
1253,10/08/2021,BSR,"19,300","19,300","20,500","20,700","19,300","20,056","1,200",6.22,28.07,563.01,0.30,4.95,28.37,567.96,"63,560.24"
1254,09/08/2021,BSR,"19,700","19,000","19,400","19,600","19,000","19,282",-300,-1.52,17.34,334.34,0.30,6.78,17.64,341.12,"60,149.69"
1255,06/08/2021,BSR,"19,300","19,500","19,400","20,000","19,400","19,664",100,0.52,12.93,254.17,0.01,0.15,12.93,254.32,"60,149.69"
1256,05/08/2021,BSR,"19,400","19,000","19,600","19,600","19,000","19,344",200,1.03,9.37,181.33,0.30,6.69,9.67,188.02,"60,769.79"
1257,04/08/2021,BSR,"18,900","18,900","19,500","19,800","18,800","19,422",600,3.17,15.04,292.06,0.00,0.00,15.04,292.06,"60,459.74"
1258,03/08/2021,BSR,"19,200","19,000","19,100","19,300","18,500","18,878",-100,-0.52,17.42,328.84,0.00,0.00,17.42,328.84,"59,219.54"
1259,02/08/2021,BSR,"19,100","19,100","19,200","19,700","18,700","19,189",100,0.52,14.55,279.27,0.15,2.44,14.70,281.71,"59,529.59"
1260,30/07/2021,BSR,"18,900","19,400","19,100","19,400","18,900","19,057",200,1.06,9.71,185.08,0.00,0.00,9.71,185.08,"59,219.54"
1261,29/07/2021,BSR,"18,900","18,900","19,300","19,300","18,600","18,949",400,2.12,10.70,202.74,0.00,0.00,10.70,202.74,"59,839.64"
1262,28/07/2021,BSR,"18,500","19,000","18,800","19,200","18,600","18,939",300,1.62,11.91,225.58,0.15,3.18,12.06,228.76,"58,289.39"
1263,27/07/2021,BSR,"17,300","17,600","18,700","18,900","17,600","18,485","1,400",8.09,24.54,453.58,0.00,0.00,24.54,453.58,"57,979.34"
1264,26/07/2021,BSR,"17,600","17,200","17,600","17,700","17,000","17,343",0,0.00,8.13,141.00,0.00,0.00,8.13,141.00,"54,568.79"
1265,23/07/2021,BSR,"17,400","17,700","17,200","17,900","17,200","17,560",-200,-1.15,12.14,213.17,0.00,0.00,12.14,213.17,"53,328.59"
1266,22/07/2021,BSR,"16,800","16,800","17,700","17,800","16,800","17,381",900,5.36,10.27,178.53,0.00,0.00,10.27,178.53,"54,878.84"
1267,21/07/2021,BSR,"16,400","16,900","16,800","17,100","16,500","16,794",400,2.44,5.27,88.45,0.00,0.02,5.27,88.48,"52,088.39"
1268,20/07/2021,BSR,"16,800","16,000","16,900","16,900","16,000","16,407",100,0.60,11.66,191.24,0.00,0.00,11.66,191.24,"52,398.44"
1269,19/07/2021,BSR,"18,000","17,700","16,700","17,700","16,300","16,793","-1,300",-7.22,16.54,277.68,0.00,0.00,16.54,277.68,"51,778.34"
1270,16/07/2021,BSR,"17,500","17,800","17,900","18,300","17,500","17,954",400,2.29,10.72,192.42,0.00,0.00,10.72,192.42,"55,498.94"
1271,15/07/2021,BSR,"17,600","17,300","17,700","18,000","17,100","17,524",100,0.57,10.28,180.21,0.00,0.00,10.28,180.21,"54,878.84"
1272,14/07/2021,BSR,"17,300","17,900","17,600","18,000","17,100","17,645",300,1.73,11.18,197.26,0.00,0.00,11.18,197.26,"54,568.79"
1273,13/07/2021,BSR,"16,700","16,900","17,900","17,900","16,500","17,266","1,200",7.19,13.62,235.08,0.00,0.00,13.62,235.08,"55,498.94"
1274,12/07/2021,BSR,"17,800","17,500","16,900","17,700","16,000","16,724",-900,-5.06,21.15,353.64,0.00,0.00,21.15,353.64,"52,398.44"
1275,09/07/2021,BSR,"18,400","18,300","17,300","18,300","17,000","17,750","-1,100",-5.98,18.09,321.07,0.00,0.00,18.09,321.07,"53,638.64"
1276,08/07/2021,BSR,"18,500","18,500","18,300","18,900","18,100","18,444",-200,-1.08,10.05,185.39,0.00,0.00,10.05,185.39,"56,739.14"
1277,07/07/2021,BSR,"19,800","18,900","18,800","19,100","18,100","18,473","-1,000",-5.05,20.33,375.58,0.00,0.00,20.33,375.58,"58,289.39"
1278,06/07/2021,BSR,"20,200","20,300","18,900","20,700","18,600","19,800","-1,300",-6.44,20.81,412.02,0.05,0.86,20.86,412.88,"58,599.44"
1279,05/07/2021,BSR,"21,000","20,900","20,100","21,000","19,800","20,185",-900,-4.29,19.73,398.30,0.05,0.94,19.78,399.24,"62,320.04"
1280,02/07/2021,BSR,"20,500","21,000","20,900","21,500","20,700","21,019",400,1.95,12.62,265.29,0.00,0.00,12.62,265.29,"64,800.44"
1281,01/07/2021,BSR,"21,200","21,000","20,800","21,200","20,000","20,540",-400,-1.89,29.39,603.65,0.00,0.00,29.39,603.65,"64,490.39"
1282,30/06/2021,BSR,"21,200","21,200","21,000","21,600","21,000","21,216",-200,-0.94,13.85,293.89,0.05,0.91,13.90,294.79,"65,110.49"
1283,29/06/2021,BSR,"21,800","21,600","21,300","21,600","21,000","21,245",-500,-2.29,18.23,387.30,0.10,2.04,18.33,389.34,"66,040.64"
1284,28/06/2021,BSR,"21,100","21,400","21,600","22,100","21,400","21,769",500,2.37,14.00,304.74,0.14,3.39,14.14,308.13,"66,970.79"
1285,25/06/2021,BSR,"21,100","20,900","21,400","21,400","20,700","21,069",300,1.42,13.38,281.89,0.05,1.21,13.43,283.10,"66,350.69"
1286,24/06/2021,BSR,"21,200","21,300","20,900","21,500","20,800","21,093",-300,-1.42,12.25,258.44,0.00,0.00,12.25,258.44,"64,800.44"
1287,23/06/2021,BSR,"21,800","21,700","21,100","21,800","20,800","21,218",-700,-3.21,22.87,485.20,0.00,0.00,22.87,485.20,"65,420.54"
1288,22/06/2021,BSR,"21,300","21,600","21,500","22,200","21,400","21,807",200,0.94,18.25,397.90,0.10,1.82,18.35,399.72,"66,660.74"
1289,21/06/2021,BSR,"20,900","21,000","21,300","21,800","20,800","21,312",400,1.91,17.88,381.02,0.10,1.78,17.98,382.80,"66,040.64"
1290,18/06/2021,BSR,"21,100","21,300","21,000","21,300","20,400","20,924",-100,-0.47,17.24,360.76,0.04,0.80,17.28,361.56,"65,110.49"
1291,17/06/2021,BSR,"21,200","21,000","21,300","21,600","20,000","21,059",100,0.47,21.34,449.38,0.10,2.43,21.44,451.81,"66,040.64"
1292,16/06/2021,BSR,"20,300","20,500","21,000","21,800","20,300","21,218",700,3.45,31.31,664.40,0.00,0.02,31.31,664.42,"65,110.49"
1293,15/06/2021,BSR,"20,200","20,200","20,000","20,900","19,900","20,316",-200,-0.99,20.85,423.68,0.12,2.63,20.97,426.31,"62,009.99"
1294,14/06/2021,BSR,"19,000","19,300","20,300","20,700","19,300","20,178","1,300",6.84,27.61,557.11,0.00,0.00,27.61,557.11,"62,940.14"
1295,11/06/2021,BSR,"18,600","18,500","19,300","19,600","18,400","19,004",700,3.76,20.01,380.31,0.10,1.59,20.11,381.90,"59,839.64"
1296,10/06/2021,BSR,"19,100","19,300","18,400","19,300","18,200","18,583",-700,-3.66,14.82,275.31,0.00,0.00,14.82,275.31,"57,049.19"
1297,09/06/2021,BSR,"19,100","18,400","19,300","19,800","18,100","19,053",200,1.05,30.05,572.50,0.10,1.63,30.15,574.13,"59,839.64"
1298,08/06/2021,BSR,"20,500","19,900","18,400","20,400","17,700","19,059","-2,100",-10.24,35.67,679.84,0.10,2.35,35.77,682.19,"57,049.19"
1299,07/06/2021,BSR,"19,200","20,400","20,300","21,200","19,500","20,451","1,100",5.73,26.00,531.73,0.03,0.49,26.03,532.22,"62,940.14"
1300,04/06/2021,BSR,"18,600","18,300","20,400","21,000","18,000","19,244","1,800",9.68,41.88,805.94,0.00,0.00,41.88,805.94,"63,250.19"
1301,03/06/2021,BSR,"18,100","18,500","18,300","19,000","18,000","18,560",200,1.10,25.59,474.90,0.29,5.05,25.87,479.95,"56,739.14"
1302,02/06/2021,BSR,"17,600","17,400","18,300","18,400","17,400","18,133",700,3.98,27.54,499.31,0.10,1.50,27.64,500.81,"56,739.14"
1303,01/06/2021,BSR,"16,400","17,300","17,600","17,900","17,200","17,584","1,200",7.32,20.89,367.35,0.00,0.00,20.89,367.35,"54,568.79"
1304,31/05/2021,BSR,"15,600","15,700","17,200","17,400","15,400","16,439","1,600",10.26,35.55,584.40,0.10,1.33,35.65,585.73,"53,328.59"
1305,28/05/2021,BSR,"15,100","15,100","15,700","15,900","15,100","15,583",600,3.97,21.87,340.83,0.10,1.73,21.97,342.56,"48,677.84"
1306,27/05/2021,BSR,"15,400","15,400","15,100","15,600","14,800","15,091",-300,-1.95,10.57,159.46,0.00,0.00,10.57,159.46,"46,817.54"
1307,26/05/2021,BSR,"15,800","15,800","15,500","15,800","15,200","15,396",-300,-1.90,11.11,171.02,0.10,1.81,11.21,172.83,"48,057.74"
1308,25/05/2021,BSR,"15,300","15,500","15,700","16,000","15,500","15,819",400,2.61,15.44,244.32,0.10,1.31,15.54,245.63,"48,677.84"
1309,24/05/2021,BSR,"14,800","15,000","15,400","15,500","15,000","15,277",600,4.05,8.52,130.15,0.00,0.00,8.52,130.15,"47,747.69"
1310,21/05/2021,BSR,"14,700","14,600","15,000","15,400","14,200","14,774",300,2.04,18.82,278.05,0.10,1.25,18.92,279.30,"46,507.49"
1311,20/05/2021,BSR,"15,100","15,000","14,600","15,100","14,500","14,659",-500,-3.31,13.16,192.87,0.10,1.73,13.26,194.60,"45,267.29"
1312,19/05/2021,BSR,"15,200","15,400","15,100","15,500","14,900","15,098",-100,-0.66,7.01,105.82,0.00,0.00,7.01,105.82,"46,817.54"
1313,18/05/2021,BSR,"15,600","15,300","15,500","15,700","14,600","15,194",-100,-0.64,13.70,208.10,0.10,1.79,13.80,209.89,"48,057.74"
1314,17/05/2021,BSR,"15,500","15,600","15,300","16,000","15,200","15,550",-200,-1.29,10.04,156.09,0.10,1.32,10.14,157.41,"47,437.64"
1315,14/05/2021,BSR,"15,900","15,500","15,500","15,700","15,300","15,470",-400,-2.52,10.33,159.86,0.00,0.00,10.33,159.86,"48,057.74"
1316,13/05/2021,BSR,"15,900","16,000","15,600","16,300","15,500","15,914",-300,-1.89,12.82,203.95,0.10,1.36,12.92,205.31,"48,367.79"
1317,12/05/2021,BSR,"15,400","15,500","15,900","16,100","15,400","15,851",500,3.25,16.83,266.79,0.00,0.00,16.83,266.79,"49,297.94"
1318,11/05/2021,BSR,"15,100","15,200","15,400","15,900","15,100","15,434",300,1.99,10.83,167.19,0.00,0.00,10.83,167.19,"47,747.69"
1319,10/05/2021,BSR,"15,100","14,900","15,300","15,500","14,700","15,067",200,1.32,10.26,154.55,0.10,1.73,10.36,156.28,"47,437.64"
1320,07/05/2021,BSR,"15,700","15,300","14,900","15,500","14,700","15,085",-800,-5.10,12.27,185.10,0.10,1.80,12.37,186.90,"46,197.44"
1321,06/05/2021,BSR,"15,600","15,700","15,400","16,200","15,300","15,710",-200,-1.28,10.34,162.46,0.00,0.00,10.34,162.46,"47,747.69"
1322,05/05/2021,BSR,"14,300","14,400","16,000","16,400","14,400","15,620","1,700",11.89,19.54,305.14,0.05,0.61,19.59,305.75,"49,607.99"
1323,04/05/2021,BSR,"14,800","14,600","14,300","14,600","14,100","14,312",-500,-3.38,6.98,99.93,0.00,0.00,6.98,99.93,"44,337.14"
1324,29/04/2021,BSR,"14,300","14,400","14,700","15,200","14,300","14,785",400,2.80,9.38,138.62,0.25,3.05,9.63,141.67,"45,577.34"
1325,28/04/2021,BSR,"14,400","14,400","14,300","14,600","13,800","14,257",-100,-0.69,7.26,103.55,0.00,0.00,7.26,103.55,"44,337.14"
1326,27/04/2021,BSR,"15,100","15,000","14,000","15,000","13,800","14,376","-1,100",-7.28,11.16,160.49,0.05,0.87,11.21,161.36,"43,406.99"
1327,26/04/2021,BSR,"15,200","15,500","14,900","15,700","14,700","15,200",-300,-1.97,7.20,108.90,0.00,0.00,7.20,108.90,"46,197.44"
1328,23/04/2021,BSR,"15,600","14,900","15,400","15,600","14,700","15,177",-200,-1.28,10.95,166.24,0.25,4.47,11.20,170.72,"47,747.69"
1329,22/04/2021,BSR,"16,500","16,500","14,900","16,500","14,900","15,616","-1,600",-9.70,17.70,276.35,0.00,0.00,17.70,276.35,"46,197.44"
1330,20/04/2021,BSR,"16,200","16,500","16,500","16,800","16,200","16,455",300,1.85,8.72,143.55,0.15,2.07,8.87,145.62,"51,158.24"
1331,19/04/2021,BSR,"16,500","16,300","16,300","16,800","16,000","16,246",-200,-1.21,8.13,132.08,0.15,2.12,8.28,134.20,"50,538.14"
1332,16/04/2021,BSR,"17,100","16,800","16,700","17,000","16,100","16,480",-400,-2.34,13.48,222.20,0.00,0.00,13.48,222.20,"51,778.34"
1333,15/04/2021,BSR,"16,800","17,400","16,800","17,700","16,800","17,100",0,0.00,10.30,176.89,0.15,2.90,10.45,179.79,"52,088.39"
1334,14/04/2021,BSR,"17,000","16,800","17,100","17,300","16,400","16,823",100,0.59,10.30,173.25,0.15,2.93,10.45,176.18,"53,018.54"
1335,13/04/2021,BSR,"17,500","17,600","16,700","17,600","15,500","16,975",-800,-4.57,26.00,441.39,0.00,0.00,26.00,441.39,"51,778.34"
1336,12/04/2021,BSR,"17,700","17,700","17,500","17,900","17,400","17,525",-200,-1.13,13.36,234.14,0.00,0.00,13.36,234.14,"54,258.74"
1337,09/04/2021,BSR,"17,800","17,800","17,800","17,900","17,500","17,703",0,0.00,7.04,124.45,0.30,4.56,7.34,129.01,"55,188.89"
1338,08/04/2021,BSR,"18,200","18,200","17,800","18,200","17,600","17,808",-400,-2.20,18.33,326.41,0.00,0.00,18.33,326.41,"55,188.89"
1339,07/04/2021,BSR,"18,000","18,300","18,100","18,400","18,000","18,225",100,0.56,8.86,161.52,0.00,0.00,8.86,161.52,"56,119.04"
1340,06/04/2021,BSR,"17,800","17,800","18,200","18,300","17,600","17,984",400,2.25,17.50,314.73,0.00,0.00,17.50,314.73,"56,429.09"
1341,05/04/2021,BSR,"17,900","17,900","18,000","18,300","17,500","17,814",100,0.56,18.84,335.53,0.30,6.15,19.14,341.68,"55,808.99"
1342,02/04/2021,BSR,"17,800","18,000","17,800","18,300","17,700","17,933",0,0.00,9.08,162.89,0.00,0.00,9.08,162.89,"55,188.89"
1343,01/04/2021,BSR,"17,100","17,700","18,000","18,100","17,300","17,804",900,5.26,16.83,299.61,0.00,0.00,16.83,299.61,"55,808.99"
1344,31/03/2021,BSR,"16,500","16,500","17,700","17,700","16,200","17,063","1,200",7.27,34.89,595.40,0.00,0.00,34.89,595.40,"54,878.84"
1345,30/03/2021,BSR,"16,700","16,600","16,500","16,800","16,300","16,516",-200,-1.20,10.00,165.13,0.00,0.00,10.00,165.13,"51,158.24"
1346,29/03/2021,BSR,"16,100","16,600","16,600","17,200","16,400","16,671",500,3.11,13.49,224.93,0.00,0.00,13.49,224.93,"51,468.29"
1347,26/03/2021,BSR,"16,400","16,300","16,300","16,400","15,600","16,053",-100,-0.61,16.01,257.06,0.00,0.00,16.01,257.06,"50,538.14"
1348,25/03/2021,BSR,"16,200","16,500","16,400","16,600","16,100","16,367",200,1.23,9.57,156.55,0.00,0.00,9.57,156.55,"50,848.19"
1349,24/03/2021,BSR,"16,600","16,400","16,400","16,500","15,800","16,214",-200,-1.20,19.98,323.91,0.00,0.00,19.98,323.91,"50,848.19"
1350,23/03/2021,BSR,"16,900","16,800","16,700","16,900","16,300","16,598",-200,-1.18,9.93,164.88,0.00,0.00,9.93,164.88,"51,778.34"
1351,22/03/2021,BSR,"16,200","16,800","16,800","17,400","16,700","16,922",600,3.70,13.73,232.37,0.00,0.00,13.73,232.37,"52,088.39"
1352,19/03/2021,BSR,"16,300","16,300","16,700","16,900","15,400","16,203",400,2.45,23.50,380.78,0.18,2.46,23.68,383.24,"51,778.34"
1353,18/03/2021,BSR,"16,200","16,400","16,400","16,600","16,100","16,255",200,1.23,8.31,135.05,0.00,0.00,8.31,135.05,"50,848.19"
1354,17/03/2021,BSR,"16,000","16,000","16,500","16,600","15,800","16,227",500,3.13,11.29,183.20,0.00,0.00,11.29,183.21,"51,158.24"
1355,16/03/2021,BSR,"16,400","16,200","16,000","16,300","15,700","15,974",-400,-2.44,13.18,210.50,4.44,71.04,17.62,281.54,"49,607.99"
1356,15/03/2021,BSR,"16,700","16,700","16,400","16,700","16,100","16,383",-300,-1.80,9.72,159.22,0.00,0.00,9.72,159.22,"50,848.19"
1357,12/03/2021,BSR,"16,500","16,800","16,500","17,100","16,400","16,656",100,0.61,10.64,177.23,0.00,0.00,10.64,177.23,"51,158.24"
1358,11/03/2021,BSR,"15,700","16,200","16,800","16,800","16,100","16,546","1,100",7.01,11.43,189.15,0.00,0.00,11.43,189.15,"52,088.39"
1359,10/03/2021,BSR,"15,800","16,000","16,100","16,200","15,400","15,726",300,1.90,14.48,227.68,0.00,0.00,14.48,227.68,"49,918.04"
1360,09/03/2021,BSR,"16,600","16,400","15,600","16,400","15,400","15,768","-1,000",-6.02,27.60,435.24,0.00,0.00,27.60,435.24,"48,367.79"
1361,08/03/2021,BSR,"15,900","16,500","16,400","17,100","16,300","16,623",500,3.14,19.10,317.46,0.00,0.00,19.10,317.46,"50,848.19"
1362,05/03/2021,BSR,"14,800","15,700","16,100","16,300","15,400","15,913","1,300",8.78,21.47,341.67,0.00,0.00,21.47,341.67,"49,918.04"
1363,04/03/2021,BSR,"14,000","14,000","15,500","15,600","14,000","14,846","1,500",10.71,36.63,543.78,0.00,0.00,36.63,543.78,"48,057.74"
1364,03/03/2021,BSR,"13,900","13,800","14,000","14,300","13,600","13,956",100,0.72,11.21,156.44,0.00,0.00,11.21,156.44,"43,406.99"
1365,02/03/2021,BSR,"13,200","13,800","13,900","14,300","13,600","13,870",700,5.30,18.36,254.58,0.00,0.00,18.36,254.58,"43,096.94"
1366,01/03/2021,BSR,"12,300","12,300","13,900","14,000","12,300","13,222","1,600",13.01,36.72,485.55,0.00,0.00,36.72,485.55,"43,096.94"
1367,26/02/2021,BSR,"12,200","12,200","12,300","12,400","12,000","12,274",100,0.82,10.97,134.70,0.00,0.00,10.97,134.70,"38,136.15"
1368,25/02/2021,BSR,"12,100","12,300","12,400","12,500","12,100","12,245",300,2.48,10.13,124.03,0.00,0.00,10.13,124.03,"38,446.20"
1369,24/02/2021,BSR,"12,500","12,500","12,100","12,500","11,900","12,130",-400,-3.20,16.70,202.55,0.00,0.00,16.70,202.55,"37,516.05"
1370,23/02/2021,BSR,"12,100","12,200","12,500","12,700","12,200","12,497",400,3.31,16.06,200.72,0.00,0.00,16.06,200.72,"38,756.25"
1371,22/02/2021,BSR,"12,100","12,100","12,200","12,300","11,900","12,091",100,0.83,10.70,129.38,0.00,0.00,10.70,129.38,"37,826.10"
1372,19/02/2021,BSR,"12,500","12,200","12,100","12,400","11,900","12,063",-400,-3.20,17.61,212.37,0.00,0.00,17.61,212.37,"37,516.05"
1373,18/02/2021,BSR,"12,100","12,600","12,400","13,000","12,200","12,506",300,2.48,23.10,288.90,0.00,0.00,23.10,288.90,"38,446.20"
1374,17/02/2021,BSR,"11,200","11,000","12,300","12,400","11,000","12,103","1,100",9.82,18.92,228.99,0.00,0.00,18.92,228.99,"38,136.15"
1375,09/02/2021,BSR,"11,000","11,000","11,400","11,400","11,000","11,215",400,3.64,8.73,97.90,0.00,0.00,8.73,97.90,"35,345.70"
1376,08/02/2021,BSR,"11,000","11,000","11,000","11,400","10,700","10,989",0,0.00,13.85,152.24,0.00,0.00,13.85,152.24,"34,105.50"
1377,05/02/2021,BSR,"10,900","11,000","11,000","11,200","10,800","10,995",100,0.92,6.67,73.38,0.00,0.00,6.67,73.38,"34,105.50"
1378,04/02/2021,BSR,"10,300","10,600","10,900","11,100","10,600","10,927",600,5.83,9.14,99.83,0.00,0.00,9.14,99.83,"33,795.45"
1379,03/02/2021,BSR,"9,300","9,600","10,600","10,600","9,600","10,294","1,300",13.98,10.95,112.74,0.00,0.00,10.95,112.74,"32,865.30"
1380,02/02/2021,BSR,"9,100","8,900","9,500","9,600","8,900","9,301",400,4.40,5.36,49.88,0.00,0.00,5.36,49.88,"29,454.75"
1381,01/02/2021,BSR,"9,200","9,700","9,000","9,700","8,600","9,148",-200,-2.17,5.94,54.30,0.00,0.00,5.94,54.30,"27,904.50"
1382,29/01/2021,BSR,"9,100","8,500","9,600","10,000","7,800","9,200",500,5.49,9.89,91.15,0.00,0.00,9.89,91.15,"29,764.80"
1383,28/01/2021,BSR,"10,400","8,900","8,900","10,200","8,900","9,149","-1,500",-14.42,10.03,91.73,0.20,2.00,10.23,93.73,"27,594.45"
1384,27/01/2021,BSR,"11,000","11,000","10,200","11,000","10,000","10,409",-800,-7.27,9.15,95.28,0.00,0.00,9.15,95.28,"31,625.10"
1385,26/01/2021,BSR,"11,600","11,600","11,000","11,600","10,600","11,015",-600,-5.17,11.77,129.66,0.00,0.00,11.77,129.66,"34,105.50"
1386,25/01/2021,BSR,"11,900","11,700","11,500","11,800","11,400","11,569",-400,-3.36,7.42,85.87,0.00,0.00,7.42,85.87,"35,655.75"
1387,22/01/2021,BSR,"12,000","12,100","11,900","12,200","11,800","11,945",-100,-0.83,7.80,93.20,0.00,0.00,7.80,93.20,"36,895.95"
1388,21/01/2021,BSR,"11,400","11,800","12,100","12,300","11,800","12,043",700,6.14,6.41,77.22,0.00,0.00,6.41,77.22,"37,516.05"
1389,20/01/2021,BSR,"11,400","11,300","11,800","11,900","10,600","11,361",400,3.51,11.32,128.62,0.00,0.00,11.32,128.62,"36,585.90"
1390,19/01/2021,BSR,"12,300","12,200","11,300","12,400","10,500","11,357","-1,000",-8.13,16.64,188.93,0.00,0.00,16.64,188.93,"35,035.65"
1391,18/01/2021,BSR,"12,600","12,400","12,300","12,600","12,100","12,317",-300,-2.38,9.42,116.00,0.00,0.00,9.42,116.00,"38,136.15"
1392,15/01/2021,BSR,"12,400","12,500","12,600","12,800","12,400","12,600",200,1.61,8.07,101.70,0.03,0.31,8.10,102.01,"39,066.30"
1393,14/01/2021,BSR,"12,600","12,400","12,500","12,600","12,200","12,383",-100,-0.79,7.76,96.15,0.00,0.00,7.76,96.15,"38,756.25"
1394,13/01/2021,BSR,"12,300","12,600","12,400","13,000","12,300","12,604",100,0.81,10.98,138.41,0.00,0.00,10.98,138.41,"38,446.20"
1395,12/01/2021,BSR,"12,100","12,200","12,600","12,600","12,000","12,300",500,4.13,13.53,166.85,0.00,0.00,13.53,166.85,"39,066.30"
1396,11/01/2021,BSR,"11,200","11,200","12,400","12,500","11,200","12,114","1,200",10.71,12.66,153.36,0.01,0.09,12.67,153.45,"38,446.20"
1397,08/01/2021,BSR,"10,600","10,900","11,400","11,500","10,700","11,193",800,7.55,9.55,106.89,0.00,0.00,9.55,106.89,"35,345.70"
1398,07/01/2021,BSR,"10,400","10,500","10,900","10,900","10,300","10,558",500,4.81,14.18,149.69,0.00,0.00,14.18,149.69,"33,795.45"
1399,06/01/2021,BSR,"10,000","10,100","10,400","10,700","10,100","10,400",400,4.00,11.45,119.03,0.01,0.07,11.45,119.10,"32,245.20"
1400,05/01/2021,BSR,"10,100","10,100","10,000","10,100","9,900","10,002",-100,-0.99,7.05,70.48,0.00,0.00,7.05,70.48,"31,005.00"
1401,04/01/2021,BSR,"9,900","10,000","10,200","10,300","9,900","10,069",300,3.03,7.33,73.78,0.00,0.00,7.33,73.78,"31,625.10"
1402,31/12/2020,BSR,"10,000","10,000","9,900","10,100","9,700","9,910",-100,-1.00,6.57,65.14,0.05,0.43,6.62,65.56,"30,694.95"
1403,30/12/2020,BSR,"10,200","10,300","10,100","10,500","9,900","10,000",-100,-0.98,5.23,52.39,0.00,0.00,5.23,52.39,"31,315.05"
1404,29/12/2020,BSR,"9,900","10,200","10,100","10,400","9,900","10,150",200,2.02,9.12,92.55,0.00,0.00,9.12,92.55,"31,315.05"
1405,28/12/2020,BSR,"9,400","9,500","10,200","10,400","9,400","9,945",800,8.51,14.33,142.52,0.05,0.54,14.38,143.06,"31,625.10"
1406,25/12/2020,BSR,"9,200","9,300","9,600","9,600","9,100","9,364",400,4.35,6.84,64.04,0.00,0.00,6.84,64.04,"29,764.80"
1407,24/12/2020,BSR,"9,600","9,600","9,400","9,700","8,800","9,194",-200,-2.08,13.12,120.65,0.00,0.00,13.12,120.65,"29,144.70"
1408,23/12/2020,BSR,"9,700","9,700","9,600","9,900","9,200","9,623",-100,-1.03,10.34,99.47,0.00,0.00,10.34,99.47,"29,764.80"
1409,22/12/2020,BSR,"9,700","9,700","9,800","9,800","9,500","9,704",100,1.03,9.21,89.39,0.00,0.00,9.21,89.39,"30,384.90"
1410,21/12/2020,BSR,"9,200","9,300","9,800","10,100","9,200","9,653",600,6.52,13.84,133.58,0.00,0.00,13.84,133.58,"30,384.90"
1420,07/12/2020,BSR,"7,500","7,600","7,800","7,800","7,500","7,712",300,4.00,7.18,55.38,0.00,0.00,7.18,55.38,"24,183.90"
1411,18/12/2020,BSR,"8,800","8,800","9,200","9,400","8,800","9,200",400,4.55,6.19,56.73,0.00,0.00,6.19,56.73,"28,524.60"
1412,17/12/2020,BSR,"8,600","8,700","8,800","9,000","8,500","8,764",200,2.33,8.48,74.31,0.30,2.63,8.78,76.94,"27,284.40"
1413,16/12/2020,BSR,"8,700","8,700","8,600","8,700","8,500","8,619",-100,-1.15,4.97,42.86,0.15,1.50,5.12,44.36,"26,664.30"
1414,15/12/2020,BSR,"8,600","8,700","8,600","8,800","8,500","8,670",0,0.00,9.90,85.86,0.00,0.00,9.90,85.86,"26,664.30"
1415,14/12/2020,BSR,"8,200","8,300","8,800","8,800","8,200","8,580",600,7.32,10.78,92.52,0.28,1.96,11.06,94.48,"27,284.40"
1416,11/12/2020,BSR,"8,100","8,200","8,300","8,400","8,100","8,231",200,2.47,4.04,33.24,0.00,0.00,4.04,33.24,"25,734.15"
1417,10/12/2020,BSR,"8,000","8,100","8,100","8,400","8,000","8,128",100,1.25,7.13,57.97,0.00,0.00,7.13,57.97,"25,114.05"
1418,09/12/2020,BSR,"7,800","7,800","8,200","8,400","7,700","8,035",400,5.13,17.24,138.48,0.00,0.00,17.24,138.48,"25,424.10"
1419,08/12/2020,BSR,"7,700","7,800","7,800","7,900","7,600","7,764",100,1.30,8.88,68.93,0.29,2.44,9.17,71.38,"24,183.90"
1421,04/12/2020,BSR,"7,300","7,400","7,600","7,600","7,300","7,460",300,4.11,7.96,59.39,0.50,3.15,8.46,62.54,"23,563.80"
1422,03/12/2020,BSR,"7,100","7,200","7,400","7,400","7,100","7,255",300,4.23,6.25,45.36,0.05,0.41,6.30,45.77,"22,943.70"
1423,02/12/2020,BSR,"7,100","7,200","7,200","7,200","7,000","7,106",100,1.41,2.23,15.86,0.00,0.00,2.23,15.86,"22,323.60"
1424,01/12/2020,BSR,"7,200","7,100","7,200","7,200","7,000","7,061",0,0.00,5.69,40.17,0.31,2.12,6.00,42.29,"22,323.60"
1425,30/11/2020,BSR,"7,300","7,300","7,100","7,400","7,100","7,196",-200,-2.74,4.07,29.32,0.06,0.44,4.14,29.76,"22,013.55"
1426,27/11/2020,BSR,"7,300","7,300","7,300","7,400","7,100","7,257",0,0.00,4.69,34.06,0.00,0.00,4.69,34.06,"22,633.65"
1427,26/11/2020,BSR,"7,700","7,500","7,300","7,600","7,200","7,321",-400,-5.19,10.00,73.22,0.00,0.00,10.00,73.22,"22,633.65"
1428,25/11/2020,BSR,"7,600","7,600","7,600","8,000","7,500","7,695",0,0.00,9.08,69.90,0.00,0.00,9.08,69.90,"23,563.80"
1429,24/11/2020,BSR,"7,600","7,700","7,600","7,800","7,500","7,630",0,0.00,4.23,32.27,0.00,0.00,4.23,32.27,"23,563.80"
1430,23/11/2020,BSR,"7,300","7,300","7,700","7,800","7,300","7,600",400,5.48,8.12,61.35,0.10,0.63,8.22,61.98,"23,873.85"
1431,20/11/2020,BSR,"7,400","7,400","7,300","7,500","7,200","7,300",-100,-1.35,3.02,22.14,0.00,0.00,3.02,22.14,"22,633.65"
1432,19/11/2020,BSR,"7,300","7,400","7,500","7,500","7,200","7,405",200,2.74,5.25,38.90,0.00,0.00,5.25,38.90,"23,253.75"
1433,18/11/2020,BSR,"7,200","7,300","7,300","7,400","7,200","7,299",100,1.39,2.98,21.79,0.05,0.41,3.03,22.20,"22,633.65"
1434,17/11/2020,BSR,"6,900","7,000","7,300","7,400","6,900","7,199",400,5.80,8.67,62.45,0.00,0.00,8.67,62.45,"22,633.65"
1435,16/11/2020,BSR,"6,900","7,000","7,000","7,100","6,900","6,942",100,1.45,2.96,20.56,0.00,0.00,2.96,20.56,"21,703.50"
1436,13/11/2020,BSR,"7,000","7,000","7,000","7,000","6,900","6,937",0,0.00,0.89,6.19,0.05,0.30,0.94,6.49,"21,703.50"
1437,12/11/2020,BSR,"7,000","7,000","7,000","7,100","6,900","6,997",0,0.00,1.31,9.17,0.00,0.00,1.31,9.17,"21,703.50"
1438,11/11/2020,BSR,"7,000","7,000","7,000","7,100","6,900","7,002",0,0.00,1.57,10.99,0.00,0.00,1.57,10.99,"21,703.50"
1439,10/11/2020,BSR,"6,800","6,900","6,900","7,100","6,900","7,003",100,1.47,3.80,26.63,0.05,0.39,3.85,27.02,"21,393.45"
1440,09/11/2020,BSR,"6,800","6,700","6,800","6,800","6,700","6,800",0,0.00,1.31,8.89,0.00,0.00,1.31,8.89,"21,083.40"
1441,06/11/2020,BSR,"6,800","6,800","6,800","6,800","6,700","6,765",0,0.00,0.34,2.32,0.00,0.00,0.34,2.32,"21,083.40"
1442,05/11/2020,BSR,"6,800","6,800","6,800","6,900","6,700","6,795",0,0.00,0.57,3.84,0.05,0.29,0.62,4.13,"21,083.40"
1443,04/11/2020,BSR,"6,800","6,800","6,900","6,900","6,700","6,809",100,1.47,1.13,7.67,0.00,0.00,1.13,7.67,"21,393.45"
1444,03/11/2020,BSR,"6,700","6,800","6,800","6,800","6,700","6,750",100,1.49,0.50,3.35,0.00,0.00,0.50,3.35,"21,083.40"
1445,02/11/2020,BSR,"6,700","6,700","6,800","6,800","6,600","6,719",100,1.49,0.86,5.80,0.05,0.39,0.91,6.18,"21,083.40"
1446,30/10/2020,BSR,"6,600","6,700","6,700","6,800","6,600","6,695",100,1.52,1.93,12.93,0.00,0.00,1.93,12.93,"20,773.35"
1447,29/10/2020,BSR,"6,700","6,600","6,700","6,700","6,500","6,600",0,0.00,1.46,9.66,0.00,0.00,1.46,9.66,"20,773.35"
1448,28/10/2020,BSR,"6,900","6,900","6,700","6,900","6,600","6,711",-200,-2.90,4.76,31.92,0.27,1.82,5.03,33.74,"20,773.35"
1449,27/10/2020,BSR,"7,000","7,000","6,900","7,000","6,800","6,890",-100,-1.43,2.03,13.95,0.03,0.18,2.06,14.13,"21,393.45"
1450,26/10/2020,BSR,"7,100","7,100","6,900","7,100","6,900","6,997",-200,-2.82,3.13,21.91,0.01,0.07,3.14,21.98,"21,393.45"
1451,23/10/2020,BSR,"7,100","7,100","7,000","7,200","7,000","7,113",-100,-1.41,1.62,11.55,0.02,0.16,1.64,11.71,"21,703.50"
1452,22/10/2020,BSR,"7,100","7,100","7,100","7,200","7,000","7,128",0,0.00,2.11,15.01,0.03,0.24,2.14,15.25,"22,013.55"
1453,21/10/2020,BSR,"7,200","7,300","7,100","7,300","7,100","7,149",-100,-1.39,2.05,14.65,0.00,0.00,2.05,14.65,"22,013.55"
1454,20/10/2020,BSR,"7,000","6,900","7,300","7,500","6,900","7,245",300,4.29,5.26,38.10,0.00,0.00,5.26,38.10,"22,633.65"
1455,19/10/2020,BSR,"7,000","7,000","7,000","7,100","6,900","7,004",0,0.00,1.06,7.44,0.01,0.07,1.07,7.51,"21,703.50"
1456,16/10/2020,BSR,"7,000","7,000","7,100","7,100","6,900","6,976",100,1.43,1.89,13.21,0.00,0.00,1.89,13.21,"22,013.55"
1457,15/10/2020,BSR,"7,100","7,100","7,000","7,200","6,900","7,014",-100,-1.41,3.97,27.88,0.00,0.00,3.97,27.88,"21,703.50"
1458,14/10/2020,BSR,"7,100","7,200","7,100","7,200","7,000","7,099",0,0.00,1.99,14.12,0.00,0.00,1.99,14.12,"22,013.55"
1459,13/10/2020,BSR,"7,300","7,300","7,200","7,300","7,100","7,117",-100,-1.37,1.50,10.67,0.00,0.00,1.50,10.67,"22,323.60"
1460,12/10/2020,BSR,"7,200","7,300","7,300","7,400","7,100","7,250",100,1.39,3.50,25.38,0.00,0.00,3.50,25.38,"22,633.65"
1461,09/10/2020,BSR,"7,200","7,200","7,300","7,300","7,100","7,233",100,1.39,3.38,24.46,0.00,0.00,3.38,24.46,"22,633.65"
1462,08/10/2020,BSR,"7,200","7,200","7,200","7,200","7,100","7,167",0,0.00,1.20,8.57,0.00,0.00,1.20,8.57,"22,323.60"
1463,07/10/2020,BSR,"7,300","7,300","7,200","7,300","7,100","7,201",-100,-1.37,1.80,12.96,0.00,0.00,1.80,12.96,"22,323.60"
1464,06/10/2020,BSR,"7,200","7,400","7,300","7,400","7,100","7,300",100,1.39,3.91,28.38,0.00,0.00,3.91,28.38,"22,633.65"
1465,05/10/2020,BSR,"7,000","7,100","7,300","7,300","7,000","7,200",300,4.29,3.66,26.35,0.00,0.00,3.66,26.35,"22,633.65"
1466,02/10/2020,BSR,"7,200","7,200","7,000","7,200","6,900","7,041",-200,-2.78,5.29,37.24,0.00,0.00,5.29,37.24,"21,703.50"
1467,01/10/2020,BSR,"7,200","7,200","7,300","7,300","7,100","7,200",100,1.39,2.88,20.74,0.00,0.00,2.88,20.74,"22,633.65"
1468,30/09/2020,BSR,"7,300","7,300","7,100","7,300","7,100","7,167",-200,-2.74,1.61,11.51,0.00,0.00,1.61,11.51,"22,013.55"
1469,29/09/2020,BSR,"7,200","7,300","7,300","7,400","7,100","7,276",100,1.39,5.56,40.43,0.00,0.00,5.56,40.43,"22,633.65"
1470,28/09/2020,BSR,"6,800","6,900","7,300","7,300","6,800","7,164",500,7.35,6.48,46.40,0.00,0.00,6.48,46.40,"22,633.65"
1471,25/09/2020,BSR,"6,800","6,800","6,800","6,900","6,700","6,796",0,0.00,0.96,6.52,0.00,0.00,0.96,6.52,"21,083.40"
1472,24/09/2020,BSR,"6,800","6,800","6,700","6,900","6,700","6,798",-100,-1.47,1.98,13.44,0.00,0.00,1.98,13.44,"20,773.35"
1473,23/09/2020,BSR,"6,800","6,900","6,900","6,900","6,800","6,826",100,1.47,1.54,10.53,0.00,0.00,1.54,10.53,"21,393.45"
1474,22/09/2020,BSR,"6,900","6,800","6,800","6,900","6,700","6,810",-100,-1.45,1.88,12.77,0.00,0.00,1.88,12.77,"21,083.40"
1475,21/09/2020,BSR,"6,800","6,800","6,900","7,000","6,800","6,889",100,1.47,2.42,16.65,0.00,0.00,2.42,16.65,"21,393.45"
1476,18/09/2020,BSR,"6,800","6,800","6,900","6,900","6,700","6,797",100,1.47,0.89,6.02,0.00,0.00,0.89,6.02,"21,393.45"
1477,17/09/2020,BSR,"6,800","6,700","6,800","6,900","6,700","6,794",0,0.00,1.08,7.34,0.00,0.00,1.08,7.34,"21,083.40"
1478,16/09/2020,BSR,"6,800","6,800","6,800","6,900","6,700","6,813",0,0.00,1.94,13.19,0.00,0.00,1.94,13.19,"21,083.40"
1479,15/09/2020,BSR,"6,800","6,800","6,800","6,900","6,700","6,800",0,0.00,1.78,12.10,0.00,0.00,1.78,12.10,"21,083.40"
1480,14/09/2020,BSR,"6,700","6,700","6,800","6,800","6,600","6,750",100,1.49,3.06,20.68,0.00,0.00,3.06,20.68,"21,083.40"
1481,11/09/2020,BSR,"6,600","6,600","6,700","6,700","6,600","6,672",100,1.52,2.18,14.54,0.00,0.00,2.18,14.54,"20,773.35"
1482,10/09/2020,BSR,"6,500","6,500","6,600","6,700","6,500","6,618",118,1.82,1.63,10.79,0.00,0.00,1.63,10.79,"20,463.30"
1483,09/09/2020,BSR,"6,600","6,500","6,600","6,600","6,400","6,483",0,0.00,1.55,10.05,0.00,0.00,1.55,10.05,"20,463.30"
1484,08/09/2020,BSR,"6,600","6,500","6,600","6,600","6,500","6,571",0,0.00,0.73,4.80,0.00,0.00,0.73,4.80,"20,463.30"
1485,07/09/2020,BSR,"6,600","6,700","6,600","6,700","6,500","6,582",0,0.00,1.74,11.44,0.06,0.44,1.80,11.88,"20,463.30"
1486,04/09/2020,BSR,"6,700","6,700","6,700","6,700","6,500","6,615",0,0.00,1.81,11.97,0.00,0.00,1.81,11.97,"20,773.35"
1487,03/09/2020,BSR,"6,600","6,700","6,700","6,800","6,600","6,689",100,1.52,1.44,9.60,0.00,0.00,1.44,9.60,"20,773.35"
1488,01/09/2020,BSR,"6,600","6,600","6,700","6,700","6,500","6,591",100,1.52,1.27,8.37,0.00,0.00,1.27,8.37,"20,773.35"
1489,31/08/2020,BSR,"6,700","6,600","6,500","6,700","6,500","6,601",-200,-2.99,2.10,13.89,0.00,0.00,2.10,13.89,"20,153.25"
1490,28/08/2020,BSR,"6,700","6,700","6,600","6,800","6,600","6,674",-100,-1.49,1.65,11.00,0.00,0.00,1.65,11.00,"20,463.30"
1491,27/08/2020,BSR,"6,800","6,800","6,600","6,800","6,600","6,710",-200,-2.94,1.40,9.38,0.00,0.00,1.40,9.38,"20,463.30"
1492,26/08/2020,BSR,"6,600","6,600","6,800","6,900","6,600","6,754",200,3.03,2.37,15.99,0.00,0.00,2.37,15.99,"21,083.40"
1493,25/08/2020,BSR,"6,500","6,600","6,600","6,700","6,500","6,600",100,1.54,2.70,17.82,0.01,0.06,2.71,17.89,"20,463.30"
1494,24/08/2020,BSR,"6,400","6,500","6,500","6,600","6,400","6,511",100,1.56,2.62,17.05,0.00,0.00,2.62,17.05,"20,153.25"
1495,21/08/2020,BSR,"6,400","6,400","6,500","6,500","6,300","6,396",100,1.56,0.78,5.02,0.00,0.00,0.78,5.02,"20,153.25"
1496,20/08/2020,BSR,"6,400","6,400","6,400","6,500","6,300","6,399",0,0.00,1.41,9.05,0.00,0.00,1.41,9.05,"19,843.20"
1497,19/08/2020,BSR,"6,300","6,300","6,400","6,500","6,300","6,372",100,1.59,1.58,10.10,0.00,0.00,1.58,10.10,"19,843.20"
1498,18/08/2020,BSR,"6,300","6,400","6,300","6,400","6,300","6,312",0,0.00,1.38,8.72,0.07,0.49,1.45,9.21,"19,533.15"
1499,17/08/2020,BSR,"6,400","6,400","6,400","6,400","6,200","6,342",0,0.00,1.34,8.52,0.00,0.00,1.34,8.52,"19,843.20"
1500,14/08/2020,BSR,"6,500","6,500","6,300","6,500","6,300","6,380",-200,-3.08,1.74,11.11,0.00,0.00,1.74,11.11,"19,533.15"
1501,13/08/2020,BSR,"6,400","6,500","6,500","6,600","6,400","6,498",100,1.56,1.99,12.93,0.00,0.00,1.99,12.93,"20,153.25"
1502,12/08/2020,BSR,"6,300","6,300","6,400","6,500","6,200","6,405",100,1.59,3.08,19.72,0.00,0.00,3.08,19.72,"19,843.20"
1503,11/08/2020,BSR,"6,300","6,300","6,300","6,400","6,200","6,294",0,0.00,1.68,10.57,0.00,0.00,1.68,10.57,"19,533.15"
1504,10/08/2020,BSR,"6,200","6,300","6,300","6,300","6,200","6,286",100,1.61,1.19,7.50,0.00,0.00,1.19,7.50,"19,533.15"
1505,07/08/2020,BSR,"6,300","6,400","6,200","6,400","6,100","6,225",-100,-1.59,1.25,7.76,0.00,0.00,1.25,7.76,"19,223.10"
1506,06/08/2020,BSR,"6,200","6,300","6,400","6,400","6,200","6,295",200,3.23,2.89,18.19,0.08,0.54,2.97,18.73,"19,843.20"
1507,05/08/2020,BSR,"6,200","6,200","6,200","6,300","6,100","6,221",0,0.00,1.12,6.98,0.00,0.00,1.12,6.98,"19,223.10"
1508,04/08/2020,BSR,"6,000","6,100","6,200","6,300","6,100","6,195",200,3.33,2.71,16.79,0.00,0.00,2.71,16.79,"19,223.10"
1509,03/08/2020,BSR,"6,000","6,000","6,100","6,100","5,900","6,003",100,1.67,1.78,10.69,0.00,0.00,1.78,10.69,"18,913.05"
1510,31/07/2020,BSR,"5,900","5,800","5,900","6,100","5,700","5,957",0,0.00,1.86,11.05,0.00,0.00,1.86,11.05,"18,292.95"
1511,30/07/2020,BSR,"5,800","5,800","5,900","6,000","5,800","5,903",100,1.72,1.36,8.01,0.00,0.00,1.36,8.01,"18,292.95"
1512,29/07/2020,BSR,"6,000","6,200","5,800","6,200","5,600","5,782",-200,-3.33,3.25,18.78,0.00,0.00,3.25,18.78,"17,982.90"
1513,28/07/2020,BSR,"5,900","5,700","6,200","6,200","5,600","6,020",300,5.08,2.89,17.39,0.00,0.00,2.89,17.39,"19,223.10"
1514,27/07/2020,BSR,"6,500","6,300","5,700","6,300","5,600","5,865",-800,-12.31,6.83,40.05,0.00,0.00,6.83,40.05,"17,672.85"
1515,24/07/2020,BSR,"6,800","6,800","6,400","6,800","6,200","6,462",-400,-5.88,4.78,30.90,0.00,0.00,4.78,30.90,"19,843.20"
1516,23/07/2020,BSR,"6,800","6,700","6,900","6,900","6,700","6,753",100,1.47,1.45,9.77,0.00,0.00,1.45,9.77,"21,393.45"
1517,22/07/2020,BSR,"6,800","6,800","6,800","7,800","6,700","6,808",0,0.00,1.52,10.37,0.09,0.70,1.61,11.07,"21,083.40"
1518,21/07/2020,BSR,"7,000","6,900","6,900","7,000","6,700","6,819",-100,-1.43,5.25,35.78,0.00,0.00,5.25,35.78,"21,393.45"
1519,20/07/2020,BSR,"7,100","7,000","6,900","7,100","6,500","6,976",-200,-2.82,1.73,12.09,0.15,0.98,1.88,13.06,"21,393.45"
1520,17/07/2020,BSR,"7,100","7,100","7,100","7,100","7,000","7,054",0,0.00,0.96,6.76,0.00,0.00,0.96,6.76,"22,013.55"
1521,16/07/2020,BSR,"7,100","7,100","7,000","7,200","7,000","7,131",-100,-1.41,1.75,12.47,0.00,0.00,1.75,12.47,"21,703.50"
1522,15/07/2020,BSR,"7,000","7,100","7,100","7,200","7,000","7,086",100,1.43,1.69,11.98,0.00,0.00,1.69,11.98,"22,013.55"
1523,14/07/2020,BSR,"7,100","7,100","7,100","7,100","7,000","7,002",0,0.00,1.53,10.72,0.00,0.00,1.53,10.72,"22,013.55"
1524,13/07/2020,BSR,"7,100","7,100","7,100","8,100","7,000","7,064",0,0.00,1.92,13.53,0.10,0.81,2.01,14.34,"22,013.55"
1525,10/07/2020,BSR,"7,300","7,200","7,100","7,300","7,100","7,141",-200,-2.74,2.41,17.23,0.00,0.00,2.41,17.23,"22,013.55"
1526,09/07/2020,BSR,"7,000","7,100","7,300","7,400","7,100","7,251",300,4.29,5.09,36.92,0.00,0.00,5.09,36.92,"22,633.65"
1527,08/07/2020,BSR,"7,100","7,000","7,100","7,100","7,000","7,047",0,0.00,1.35,9.54,0.00,0.00,1.35,9.54,"22,013.55"
1528,07/07/2020,BSR,"7,000","7,100","7,000","7,200","7,000","7,088",88,1.26,1.48,10.52,0.00,0.00,1.48,10.52,"21,703.50"
1529,06/07/2020,BSR,"7,000","7,000","7,100","7,100","6,900","6,998",100,1.43,1.83,12.78,0.00,0.00,1.83,12.78,"22,013.55"
1530,03/07/2020,BSR,"7,000","7,000","6,900","7,100","6,900","6,980",-100,-1.43,1.13,7.92,0.00,0.00,1.13,7.92,"21,393.45"
1531,02/07/2020,BSR,"6,900","7,000","7,000","7,100","6,900","7,002",100,1.45,1.88,13.18,0.00,0.00,1.88,13.18,"21,703.50"
1532,01/07/2020,BSR,"6,800","6,800","7,000","7,100","6,800","6,914",200,2.94,2.02,13.98,0.00,0.00,2.02,13.98,"21,703.50"
1533,30/06/2020,BSR,"6,900","6,900","6,900","7,000","6,700","6,837",0,0.00,2.25,15.40,0.00,0.00,2.25,15.40,"21,393.45"
1534,29/06/2020,BSR,"7,100","7,100","6,800","7,100","6,700","6,878",-300,-4.23,5.45,37.51,0.00,0.00,5.45,37.51,"21,083.40"
1535,26/06/2020,BSR,"7,100","7,200","7,200","7,300","7,000","7,126",100,1.41,2.23,15.86,0.00,0.00,2.23,15.86,"22,323.60"
1536,25/06/2020,BSR,"7,300","7,100","7,200","7,200","7,000","7,092",-100,-1.37,2.35,16.64,0.00,0.00,2.35,16.64,"22,323.60"
1537,24/06/2020,BSR,"7,400","7,300","7,200","7,400","7,100","7,277",-200,-2.70,3.92,28.55,0.00,0.00,3.92,28.55,"22,323.60"
1538,23/06/2020,BSR,"7,400","7,400","7,300","7,500","6,300","7,361",-100,-1.35,3.00,22.06,0.01,0.07,3.01,22.13,"22,633.65"
1539,22/06/2020,BSR,"7,400","7,400","7,400","7,600","7,300","7,413",0,0.00,3.34,24.80,0.00,0.00,3.34,24.80,"22,943.70"
1540,19/06/2020,BSR,"7,000","7,100","7,400","7,500","7,100","7,367",400,5.71,6.59,48.54,0.00,0.00,6.59,48.54,"22,943.70"
1541,18/06/2020,BSR,"7,000","7,100","7,100","7,200","6,900","6,970",100,1.43,1.67,11.63,0.00,0.00,1.67,11.63,"22,013.55"
1542,17/06/2020,BSR,"7,100","7,400","7,100","7,800","6,900","7,023",0,0.00,2.33,16.37,0.00,0.00,2.33,16.37,"22,013.55"
1543,16/06/2020,BSR,"6,900","6,700","7,100","7,200","6,700","7,052",200,2.90,3.22,22.74,0.00,0.00,3.22,22.74,"22,013.55"
1544,15/06/2020,BSR,"6,900","7,000","6,900","7,100","6,700","6,884",0,0.00,4.73,32.57,0.00,0.00,4.73,32.57,"21,393.45"
1545,12/06/2020,BSR,"7,400","7,000","7,000","7,400","6,600","6,895",-400,-5.41,7.07,48.69,0.10,0.71,7.16,49.40,"21,703.50"
1546,11/06/2020,BSR,"7,600","7,800","7,200","7,800","7,000","7,429",-400,-5.26,8.88,65.99,0.00,0.00,8.88,65.99,"22,323.60"
1547,10/06/2020,BSR,"7,700","7,700","7,700","7,800","7,500","7,619",0,0.00,5.81,44.23,0.00,0.00,5.81,44.23,"23,873.85"
1548,09/06/2020,BSR,"7,900","7,900","7,600","8,000","7,500","7,740",-300,-3.80,10.12,78.30,0.00,0.00,10.12,78.30,"23,563.80"
1549,08/06/2020,BSR,"7,700","7,900","7,900","8,100","7,800","7,922",200,2.60,9.70,76.85,0.00,0.00,9.70,76.85,"24,493.95"
1550,05/06/2020,BSR,"7,600","7,800","7,800","7,900","7,600","7,702",200,2.63,7.52,57.89,0.00,0.00,7.52,57.89,"24,183.90"
1551,04/06/2020,BSR,"7,100","7,300","7,800","8,000","7,200","7,634",700,9.86,13.82,105.53,0.00,0.00,13.82,105.53,"24,183.90"
1552,03/06/2020,BSR,"6,700","6,700","7,300","7,400","6,700","7,129",600,8.96,12.10,86.25,0.00,0.00,12.10,86.25,"22,633.65"
1553,02/06/2020,BSR,"6,300","6,300","6,600","7,100","6,200","6,666",300,4.76,12.35,82.36,0.00,0.00,12.35,82.36,"20,463.30"
1554,01/06/2020,BSR,"6,300","6,300","6,300","6,400","6,300","6,338",0,0.00,4.34,27.49,0.00,0.00,4.34,27.49,"19,533.15"
1555,29/05/2020,BSR,"6,300","6,300","6,200","6,400","6,200","6,289",-100,-1.59,1.67,10.47,0.00,0.00,1.67,10.47,"19,223.10"
1556,28/05/2020,BSR,"6,400","6,400","6,400","6,400","6,200","6,305",0,0.00,2.43,15.31,0.00,0.00,2.43,15.31,"19,843.20"
1557,27/05/2020,BSR,"6,300","6,400","6,400","6,500","6,300","6,372",100,1.59,4.02,25.58,0.00,0.00,4.02,25.58,"19,843.20"
1558,26/05/2020,BSR,"6,300","6,300","6,400","7,200","6,200","6,304",100,1.59,4.08,25.71,0.11,0.79,4.19,26.50,"19,843.20"
1559,25/05/2020,BSR,"6,400","6,400","6,400","6,400","6,200","6,282",0,0.00,3.99,25.09,0.00,0.00,3.99,25.09,"19,843.20"
1560,22/05/2020,BSR,"6,500","6,500","6,400","6,600","6,200","6,362",-100,-1.54,5.81,36.99,0.00,0.00,5.81,36.99,"19,843.20"
1561,21/05/2020,BSR,"6,500","6,500","6,500","6,600","6,400","6,499",0,0.00,3.04,19.77,0.00,0.00,3.04,19.77,"20,153.25"
1562,20/05/2020,BSR,"6,600","6,500","6,500","6,600","6,400","6,490",-100,-1.52,2.20,14.28,0.00,0.00,2.20,14.28,"20,153.25"
1563,19/05/2020,BSR,"6,400","6,500","6,500","6,800","6,400","6,597",100,1.56,5.61,36.99,0.00,0.00,5.61,36.99,"20,153.25"
1564,18/05/2020,BSR,"6,500","6,500","6,500","6,500","6,300","6,402",0,0.00,2.90,18.56,0.00,0.00,2.90,18.56,"20,153.25"
1565,15/05/2020,BSR,"6,500","6,600","6,500","6,700","6,300","6,484",0,0.00,6.80,44.11,0.00,0.00,6.80,44.11,"20,153.25"
1566,14/05/2020,BSR,"6,300","6,400","6,500","6,600","6,300","6,463",200,3.17,6.66,43.06,0.00,0.00,6.66,43.06,"20,153.25"
1567,13/05/2020,BSR,"6,300","6,400","6,400","6,500","6,200","6,344",100,1.59,5.36,34.03,0.00,0.00,5.36,34.03,"19,843.20"
1568,12/05/2020,BSR,"6,200","6,300","6,400","6,400","6,200","6,264",200,3.23,5.12,32.06,0.00,0.00,5.12,32.06,"19,843.20"
1569,11/05/2020,BSR,"6,100","6,100","6,300","6,400","6,000","6,225",200,3.28,7.93,49.39,0.00,0.00,7.93,49.39,"19,533.15"
1570,08/05/2020,BSR,"6,000","6,000","6,100","6,200","6,000","6,094",100,1.67,4.94,30.13,0.00,0.00,4.94,30.13,"18,913.05"
1571,07/05/2020,BSR,"6,000","6,000","6,000","6,100","5,900","5,985",0,0.00,1.70,10.17,0.00,0.00,1.70,10.17,"18,603.00"
1572,06/05/2020,BSR,"5,900","6,000","6,000","6,200","5,900","6,030",100,1.69,4.97,29.98,0.00,0.00,4.97,29.98,"18,603.00"
1573,05/05/2020,BSR,"5,900","5,900","6,000","6,000","5,800","5,928",100,1.69,1.75,10.40,0.00,0.00,1.75,10.40,"18,603.00"
1574,04/05/2020,BSR,"5,900","6,000","5,900","6,100","5,800","5,914",0,0.00,1.79,10.56,0.00,0.00,1.79,10.56,"18,292.95"
1575,29/04/2020,BSR,"5,800","5,800","6,000","6,000","5,800","5,850",200,3.45,2.21,12.90,0.00,0.00,2.21,12.90,"18,603.00"
1576,28/04/2020,BSR,"5,900","5,800","5,800","5,900","5,700","5,779",-100,-1.69,2.04,11.80,0.00,0.00,2.04,11.80,"17,982.90"
1577,27/04/2020,BSR,"6,000","6,100","5,800","6,100","5,700","5,856",-200,-3.33,2.42,14.20,0.00,0.00,2.42,14.20,"17,982.90"
1578,24/04/2020,BSR,"5,900","6,000","6,100","6,300","6,000","6,045",200,3.39,4.11,24.83,0.00,0.00,4.11,24.83,"18,913.05"
1579,23/04/2020,BSR,"5,600","5,900","6,000","6,100","5,700","5,949",400,7.14,3.42,20.34,0.00,0.00,3.42,20.34,"18,603.00"
1580,22/04/2020,BSR,"5,800","5,500","5,800","5,800","5,300","5,603",0,0.00,4.84,27.10,0.00,0.00,4.84,27.10,"17,982.90"
1581,21/04/2020,BSR,"6,500","6,300","5,800","6,300","5,700","5,816",-700,-10.77,7.44,43.26,0.00,0.00,7.44,43.26,"17,982.90"
1582,20/04/2020,BSR,"6,200","6,500","6,300","6,800","6,200","6,456",100,1.61,9.75,62.95,0.00,0.00,9.75,62.95,"19,533.15"
1583,17/04/2020,BSR,"5,600","5,700","6,300","6,400","5,700","6,196",700,12.50,14.31,88.64,0.00,0.00,14.31,88.64,"19,533.15"
1584,16/04/2020,BSR,"5,700","5,700","5,700","5,800","5,500","5,644",0,0.00,3.55,20.05,0.00,0.00,3.55,20.05,"17,672.85"
1585,15/04/2020,BSR,"5,600","5,600","5,700","5,800","5,500","5,662",100,1.79,2.50,14.16,0.00,0.00,2.50,14.16,"17,672.85"
1586,14/04/2020,BSR,"5,800","5,900","5,600","5,900","5,500","5,585",-200,-3.45,3.49,19.47,0.00,0.00,3.49,19.47,"17,362.80"
1587,13/04/2020,BSR,"5,800","5,900","5,800","6,000","5,700","5,823",0,0.00,3.11,18.12,0.00,0.00,3.11,18.12,"17,982.90"
1588,10/04/2020,BSR,"5,800","5,700","5,800","5,900","5,700","5,802",0,0.00,4.94,28.63,0.00,0.00,4.94,28.63,"17,982.90"
1589,09/04/2020,BSR,"5,600","5,700","5,800","5,900","5,700","5,813",200,3.57,3.91,22.76,0.00,0.00,3.91,22.76,"17,982.90"
1590,08/04/2020,BSR,"5,700","5,800","5,700","5,800","5,400","5,568",0,0.00,2.96,16.46,0.00,0.00,2.96,16.46,"17,672.85"
1591,07/04/2020,BSR,"5,900","6,100","5,700","6,100","5,600","5,742",-200,-3.39,4.01,23.05,0.00,0.00,4.01,23.05,"17,672.85"
1592,06/04/2020,BSR,"5,500","5,600","6,100","6,100","5,500","5,875",600,10.91,4.76,27.98,0.00,0.00,4.76,27.98,"18,913.05"
1593,03/04/2020,BSR,"5,000","5,200","5,600","5,600","5,000","5,504",600,12.00,4.01,22.05,0.00,0.00,4.01,22.05,"17,362.80"
1594,01/04/2020,BSR,"4,900","4,700","5,000","5,100","4,600","4,954",100,2.04,2.09,10.37,0.00,0.00,2.09,10.37,"15,502.50"
1595,31/03/2020,BSR,"4,900","4,700","4,800","5,100","4,700","4,879",-100,-2.04,2.20,10.75,0.00,0.00,2.20,10.75,"14,882.40"
1596,30/03/2020,BSR,"5,500","5,300","4,900","6,300","4,700","4,910",-600,-10.91,2.16,10.60,0.02,0.15,2.18,10.75,"15,192.45"
1597,27/03/2020,BSR,"5,500","5,500","5,500","5,600","5,400","5,477",0,0.00,0.99,5.43,0.00,0.00,0.99,5.43,"17,052.75"
1598,26/03/2020,BSR,"5,700","5,700","5,500","5,700","4,900","5,505",-200,-3.51,1.52,8.36,0.05,0.25,1.57,8.60,"17,052.75"
1599,25/03/2020,BSR,"5,600","5,700","5,700","5,900","5,600","5,719",100,1.79,2.70,15.46,0.00,0.00,2.70,15.46,"17,672.85"
1600,24/03/2020,BSR,"5,500","6,100","5,700","6,100","5,100","5,585",200,3.64,1.47,8.21,0.00,0.00,1.47,8.21,"17,672.85"
1601,23/03/2020,BSR,"6,300","6,100","5,400","7,200","5,400","5,497",-900,-14.29,7.33,40.28,0.05,0.36,7.38,40.64,"16,742.70"
1602,20/03/2020,BSR,"6,300","6,400","6,200","6,500","6,100","6,275",-100,-1.59,5.54,34.76,0.00,0.00,5.54,34.76,"19,223.10"
1603,19/03/2020,BSR,"6,700","6,500","6,400","6,600","6,200","6,321",-300,-4.48,3.18,20.11,0.00,0.00,3.18,20.11,"19,843.20"
1604,18/03/2020,BSR,"6,900","7,000","6,500","7,000","5,900","6,729",-400,-5.80,5.27,35.46,0.05,0.30,5.32,35.76,"20,153.25"
1605,17/03/2020,BSR,"6,900","6,800","7,000","7,000","6,700","6,856",100,1.45,1.25,8.57,0.00,0.00,1.25,8.57,"21,703.50"
1606,16/03/2020,BSR,"6,700","6,800","6,900","7,100","6,700","6,864",200,2.99,2.84,19.49,0.00,0.00,2.84,19.49,"21,393.45"
1607,13/03/2020,BSR,"6,800","6,800","6,800","7,800","6,400","6,672",0,0.00,2.00,13.37,0.05,0.39,2.05,13.76,"21,083.40"
1608,12/03/2020,BSR,"7,100","7,000","6,800","7,000","6,700","6,830",-300,-4.23,5.07,34.60,0.00,0.00,5.07,34.60,"21,083.40"
1609,11/03/2020,BSR,"7,000","7,100","7,100","7,400","6,900","7,093",100,1.43,4.07,28.89,0.00,0.00,4.07,28.89,"22,013.55"
1610,10/03/2020,BSR,"7,000","6,500","7,200","7,300","6,000","7,027",200,2.86,2.52,17.72,0.05,0.30,2.57,18.02,"22,323.60"
1611,09/03/2020,BSR,"8,000","7,800","7,000","7,800","6,800","7,010","-1,000",-12.50,6.94,48.65,0.00,0.00,6.94,48.65,"21,703.50"
1612,06/03/2020,BSR,"8,300","8,200","8,100","8,300","7,900","8,005",-200,-2.41,1.85,14.83,0.01,0.08,1.86,14.91,"25,114.05"
1613,05/03/2020,BSR,"8,000","8,100","8,300","9,200","6,800","8,265",300,3.75,2.91,24.06,1.06,7.32,3.97,31.38,"25,734.15"
1614,04/03/2020,BSR,"8,000","8,000","8,100","8,100","6,800","7,963",100,1.25,1.68,13.36,0.53,3.60,2.21,16.97,"25,114.05"
1615,03/03/2020,BSR,"7,500","7,600","7,900","8,200","7,600","7,968",468,6.24,4.88,38.86,0.00,0.00,4.88,38.86,"24,493.95"
1616,02/03/2020,BSR,"7,300","7,400","7,600","7,700","6,300","7,463",300,4.11,2.93,21.86,0.05,0.32,2.98,22.17,"23,563.80"
1617,28/02/2020,BSR,"7,400","7,400","7,400","7,500","7,200","7,296",0,0.00,2.43,17.74,0.00,0.00,2.43,17.74,"22,943.70"
1618,27/02/2020,BSR,"7,300","7,400","7,400","7,500","7,300","7,376",100,1.37,0.79,5.84,0.00,0.00,0.79,5.84,"22,943.70"
1619,26/02/2020,BSR,"7,200","7,300","7,400","8,200","7,100","7,310",200,2.78,1.51,11.01,0.05,0.41,1.56,11.42,"22,943.70"
1620,25/02/2020,BSR,"7,400","7,300","7,400","7,400","7,100","7,218",0,0.00,1.90,13.68,0.00,0.00,1.90,13.68,"22,943.70"
1621,24/02/2020,BSR,"7,700","7,700","7,300","7,700","7,200","7,374",-400,-5.19,2.08,15.31,0.00,0.00,2.08,15.31,"22,633.65"
1622,21/02/2020,BSR,"7,800","7,800","7,700","7,900","7,600","7,719",-100,-1.28,1.07,8.24,0.07,0.54,1.14,8.78,"23,873.85"
1623,20/02/2020,BSR,"7,700","7,700","7,800","7,900","6,600","7,791",91,1.18,0.76,5.95,0.04,0.27,0.80,6.22,"24,183.90"
1624,19/02/2020,BSR,"7,600","7,600","7,700","7,800","7,600","7,652",100,1.32,0.52,3.99,0.00,0.00,0.52,3.99,"23,873.85"
1625,18/02/2020,BSR,"7,800","7,800","7,700","7,800","7,700","7,630",-100,-1.28,0.94,7.18,0.00,0.00,0.94,7.18,"23,873.85"
1626,17/02/2020,BSR,"7,800","7,800","7,800","8,600","7,700","7,784",0,0.00,0.90,7.02,0.15,1.29,1.05,8.31,"24,183.90"
1627,14/02/2020,BSR,"7,800","7,800","7,800","7,900","7,700","7,791",0,0.00,0.57,4.40,0.00,0.00,0.57,4.40,"24,183.90"
1628,13/02/2020,BSR,"7,700","7,800","7,800","7,900","7,700","7,779",79,1.03,0.82,6.42,0.00,0.00,0.82,6.42,"24,183.90"
1629,12/02/2020,BSR,"7,600","7,600","7,800","7,900","7,600","7,734",200,2.63,1.45,11.24,0.00,0.00,1.45,11.24,"24,183.90"
1630,11/02/2020,BSR,"7,500","7,500","7,600","7,600","7,400","7,552",52,0.69,0.55,4.16,0.00,0.00,0.55,4.16,"23,563.80"
1631,10/02/2020,BSR,"7,700","7,600","7,500","7,600","7,400","7,500",-200,-2.60,1.08,8.11,0.00,0.00,1.08,8.11,"23,253.75"
1632,07/02/2020,BSR,"7,700","7,800","7,600","7,800","6,600","7,698",-100,-1.30,1.14,8.74,1.55,10.23,2.69,18.97,"23,563.80"
1633,06/02/2020,BSR,"7,500","7,500","7,800","8,000","7,500","7,708",208,2.77,1.83,14.08,0.19,1.50,2.01,15.58,"24,183.90"
1634,05/02/2020,BSR,"7,500","7,600","7,600","7,700","7,400","7,504",100,1.33,0.92,6.93,0.00,0.00,0.92,6.93,"23,563.80"
1635,04/02/2020,BSR,"7,300","7,300","7,700","7,700","7,300","7,547",247,3.38,2.44,18.44,0.00,0.00,2.44,18.44,"23,873.85"
1636,03/02/2020,BSR,"7,800","7,600","7,400","7,600","6,800","7,250",-400,-5.13,3.75,27.17,0.00,0.00,3.75,27.17,"22,943.70"
1637,31/01/2020,BSR,"8,100","8,100","7,600","8,100","7,500","7,817",-500,-6.17,2.82,22.06,0.00,0.00,2.82,22.06,"23,563.80"
1638,30/01/2020,BSR,"8,400","8,500","8,200","8,500","7,900","8,083",-200,-2.38,2.74,22.18,0.86,6.94,3.60,29.11,"25,424.10"
1639,22/01/2020,BSR,"8,100","8,600","8,400","8,600","8,300","8,422",200,2.47,2.28,19.22,0.00,0.00,2.28,19.22,"26,044.20"
1640,21/01/2020,BSR,"7,400","7,500","8,500","8,500","7,500","8,140","1,100",14.86,9.88,80.42,0.00,0.00,9.88,80.42,"26,354.25"
1641,20/01/2020,BSR,"7,300","7,300","7,500","7,500","7,200","7,355",55,0.75,1.13,8.28,0.00,0.00,1.13,8.28,"23,253.75"
1642,17/01/2020,BSR,"7,400","7,400","7,300","8,500","7,200","7,284",-100,-1.35,1.18,8.60,0.04,0.30,1.22,8.91,"22,633.65"
1643,16/01/2020,BSR,"7,300","7,300","7,400","7,600","7,200","7,392",100,1.37,2.90,21.46,0.00,0.00,2.90,21.46,"22,943.70"
1644,15/01/2020,BSR,"7,400","7,400","7,300","7,500","7,200","7,283",-100,-1.35,0.93,6.81,0.00,0.00,0.93,6.81,"22,633.65"
1645,14/01/2020,BSR,"7,500","7,500","7,400","7,500","7,200","7,380",-100,-1.33,1.69,12.47,0.00,0.00,1.69,12.47,"22,943.70"
1646,13/01/2020,BSR,"7,700","7,700","7,500","7,700","7,300","7,479",-200,-2.60,2.76,20.63,0.00,0.00,2.76,20.63,"23,253.75"
1647,10/01/2020,BSR,"8,000","7,900","7,700","7,900","7,600","7,704",-300,-3.75,2.14,16.46,0.00,0.00,2.14,16.46,"23,873.85"
1648,09/01/2020,BSR,"8,200","8,100","7,900","8,100","7,900","7,959",-300,-3.66,2.65,21.11,0.00,0.00,2.65,21.11,"24,493.95"
1649,08/01/2020,BSR,"8,300","8,400","8,100","8,400","8,000","8,196",-200,-2.41,3.33,27.26,0.00,0.00,3.33,27.26,"25,114.05"
1650,07/01/2020,BSR,"8,400","8,500","8,300","8,500","8,200","8,299",-100,-1.19,1.38,11.44,0.00,0.00,1.38,11.44,"25,734.15"
1651,06/01/2020,BSR,"8,200","8,300","8,500","8,500","8,200","8,405",200,2.44,3.84,32.25,0.00,0.00,3.84,32.25,"26,354.25"
1652,03/01/2020,BSR,"8,100","8,200","8,100","8,300","8,000","8,178",0,0.00,2.02,16.56,0.00,0.00,2.02,16.56,"25,114.05"
1653,02/01/2020,BSR,"8,100","8,200","8,200","8,200","8,000","8,086",100,1.23,1.23,9.96,0.00,0.00,1.23,9.96,"25,424.10"
1654,31/12/2019,BSR,"8,000","8,100","8,200","9,200","8,000","8,166",200,2.50,0.77,6.23,0.04,0.33,0.80,6.56,"25,424.10"
1655,30/12/2019,BSR,"8,100","8,200","8,100","8,200","8,000","8,105",0,0.00,0.88,7.04,0.00,0.00,0.88,7.04,"25,114.05"
1656,27/12/2019,BSR,"8,100","8,100","8,200","8,200","8,000","8,125",100,1.23,1.46,11.89,0.00,0.00,1.46,11.89,"25,424.10"
1657,26/12/2019,BSR,"8,300","8,300","8,100","8,300","7,100","8,125",-200,-2.41,1.54,12.48,0.05,0.36,1.59,12.84,"25,114.05"
1658,25/12/2019,BSR,"8,300","8,300","8,300","8,400","8,200","8,301",0,0.00,0.51,4.20,0.08,0.64,0.58,4.85,"25,734.15"
1659,24/12/2019,BSR,"8,300","8,400","8,300","8,400","8,200","8,330",0,0.00,0.83,6.91,10.10,83.85,10.93,90.76,"25,734.15"
1660,23/12/2019,BSR,"8,100","8,100","8,400","9,300","6,900","8,337",237,2.93,2.04,17.01,0.23,1.88,2.27,18.89,"26,044.20"
1661,20/12/2019,BSR,"8,100","8,100","8,100","8,200","8,000","8,095",0,0.00,0.89,7.23,0.00,0.00,0.89,7.23,"25,114.05"
1662,19/12/2019,BSR,"8,300","8,200","8,100","8,300","8,000","8,084",-200,-2.41,1.24,10.03,0.00,0.00,1.24,10.03,"25,114.05"
1663,18/12/2019,BSR,"8,500","8,500","8,200","9,500","7,300","8,350",-300,-3.53,1.78,14.67,0.23,2.08,2.01,16.75,"25,424.10"
1664,17/12/2019,BSR,"8,700","8,700","8,500","8,700","8,600","8,683",-200,-2.30,2.71,23.03,0.00,0.00,2.71,23.03,"26,354.25"
1665,16/12/2019,BSR,"8,800","8,800","8,700","8,800","8,700","8,714",-100,-1.14,0.51,4.41,0.00,0.00,0.51,4.41,"26,974.35"
1666,13/12/2019,BSR,"8,700","8,900","8,800","10,000","8,700","8,792",92,1.06,1.01,8.84,0.05,0.50,1.06,9.34,"27,284.40"
1667,12/12/2019,BSR,"8,700","8,700","8,700","8,800","8,000","8,730",0,0.00,1.05,9.19,0.18,1.44,1.23,10.63,"26,974.35"
1668,11/12/2019,BSR,"9,000","8,900","8,700","8,900","8,500","8,703",-300,-3.33,2.49,21.64,0.00,0.00,2.49,21.64,"26,974.35"
1669,10/12/2019,BSR,"9,100","9,100","9,000","9,100","7,800","8,802",-100,-1.10,1.46,13.09,0.25,1.95,1.71,15.04,"27,904.50"
1670,09/12/2019,BSR,"9,100","9,200","9,100","9,200","9,000","9,119",0,0.00,0.83,7.53,0.00,0.00,0.83,7.53,"28,214.55"
1671,06/12/2019,BSR,"9,200","9,200","9,200","9,200","9,000","9,102",0,0.00,0.88,8.04,0.00,0.00,0.88,8.04,"28,524.60"
1672,05/12/2019,BSR,"9,200","9,300","9,100","9,400","9,100","9,253",-100,-1.09,1.88,17.24,0.55,5.63,2.42,22.88,"28,214.55"
1673,04/12/2019,BSR,"9,000","9,000","9,200","9,300","9,000","9,192",192,2.13,1.90,17.50,0.00,0.00,1.90,17.50,"28,524.60"
1674,03/12/2019,BSR,"9,100","9,200","9,000","9,200","8,900","9,021",-100,-1.10,1.49,13.48,0.00,0.00,1.49,13.48,"27,904.50"
1675,02/12/2019,BSR,"9,400","9,400","9,100","9,400","8,000",0,-300,-3.19,2.30,21.05,0.05,0.40,2.35,21.45,"28,214.55"
1676,29/11/2019,BSR,"9,400","9,500","9,400","9,500","9,300","9,394",0,0.00,0.64,6.00,0.00,0.00,0.64,6.00,"29,144.70"
1677,28/11/2019,BSR,"9,500","9,500","9,400","9,600","9,300","9,413",-100,-1.05,1.61,15.16,0.00,0.00,1.61,15.16,"29,144.70"
1678,27/11/2019,BSR,"9,500","9,600","9,500","10,900","9,400","9,569",0,0.00,2.17,20.72,0.05,0.55,2.22,21.26,"29,454.75"
1679,26/11/2019,BSR,"9,600","9,700","9,600","9,700","9,500","9,533",0,0.00,1.26,12.04,0.00,0.00,1.26,12.04,"29,764.80"
1680,25/11/2019,BSR,"9,700","9,700","9,600","9,800","9,500","9,615",-100,-1.03,1.30,12.52,0.00,0.00,1.30,12.52,"29,764.80"
1681,22/11/2019,BSR,"10,000","10,000","9,700","10,000","8,600","9,697",-300,-3.00,3.18,31.05,0.15,1.29,3.33,32.34,"30,074.85"
1682,21/11/2019,BSR,"10,100","10,100","10,000","10,200","9,900","9,967",-100,-0.99,1.26,12.59,0.00,0.00,1.26,12.59,"31,005.00"
1683,20/11/2019,BSR,"10,200","10,200","10,100","10,200","10,000","10,071",-100,-0.98,0.88,8.90,0.00,0.00,0.88,8.90,"31,315.05"
1684,19/11/2019,BSR,"10,200","10,200","10,200","11,600","10,100","10,211",0,0.00,3.34,34.14,0.69,7.27,4.03,41.41,"31,625.10"
1685,18/11/2019,BSR,"10,000","10,100","10,200","10,400","10,100","10,182",200,2.00,1.59,16.16,0.00,0.00,1.59,16.16,"31,625.10"
1686,15/11/2019,BSR,"10,000","10,100","10,200","11,500","9,900","10,048",200,2.00,3.08,30.93,0.96,10.21,4.04,41.14,"31,625.10"
1687,14/11/2019,BSR,"10,100","10,100","10,100","10,100","9,900","10,013",0,0.00,2.99,29.89,0.00,0.00,2.99,29.89,"31,315.05"
1688,13/11/2019,BSR,"10,000","10,100","10,000","10,300","8,500","10,074",0,0.00,2.28,22.94,0.50,5.03,2.78,27.98,"31,005.00"
1689,12/11/2019,BSR,"9,900","9,900","10,100","10,100","8,600","10,006",200,2.02,2.17,21.71,1.65,16.29,3.82,38.00,"31,315.05"
1690,11/11/2019,BSR,"10,000","10,000","9,900","10,100","9,800","9,912",-100,-1.00,1.14,11.32,0.00,0.00,1.14,11.32,"30,694.95"
1691,08/11/2019,BSR,"9,900","10,000","10,000","10,200","9,900","10,012",100,1.01,1.37,13.73,0.00,0.00,1.37,13.73,"31,005.00"
1692,07/11/2019,BSR,"10,100","10,000","10,000","11,500","9,800","9,907",-100,-0.99,1.43,14.16,0.15,1.73,1.58,15.88,"31,005.00"
1693,06/11/2019,BSR,"10,000","10,000","10,000","10,200","9,900","10,065",0,0.00,2.73,27.52,0.00,0.00,2.73,27.52,"31,005.00"
1694,05/11/2019,BSR,"10,000","10,000","10,000","10,100","9,900","10,000",0,0.00,2.14,21.42,0.00,0.00,2.14,21.42,"31,005.00"
1695,04/11/2019,BSR,"9,700","9,800","10,000","10,200","8,400","10,001",300,3.09,4.81,48.07,0.27,2.46,5.08,50.53,"31,005.00"
1696,01/11/2019,BSR,"9,800","9,700","9,800","9,800","9,600","9,722",0,0.00,1.43,13.90,0.00,0.00,1.43,13.90,"30,384.90"
1697,31/10/2019,BSR,"9,600","9,700","9,700","10,000","9,600","9,816",100,1.04,2.90,28.47,0.00,0.00,2.90,28.47,"30,074.85"
1698,30/10/2019,BSR,"9,700","9,700","9,600","11,000","9,500","9,609",-100,-1.03,1.32,12.72,0.15,1.65,1.47,14.37,"29,764.80"
1699,29/10/2019,BSR,"9,900","9,700","9,700","9,900","9,600","9,703",-200,-2.02,0.73,7.13,0.00,0.00,0.73,7.13,"30,074.85"
1700,28/10/2019,BSR,"9,900","9,900","9,700","10,000","9,700","9,855",-200,-2.02,0.80,7.86,0.00,0.00,0.80,7.86,"30,074.85"
1701,25/10/2019,BSR,"9,600","9,600","9,900","10,200","8,300","9,876",300,3.13,4.68,46.26,0.18,1.59,4.87,47.85,"30,694.95"
1702,24/10/2019,BSR,"9,600","9,600","9,600","9,700","9,500","9,598",0,0.00,2.42,23.20,0.00,0.00,2.42,23.20,"29,764.80"
1703,23/10/2019,BSR,"9,400","9,500","9,600","9,700","9,500","9,616",200,2.13,1.52,14.61,0.00,0.00,1.52,14.61,"29,764.80"
1704,22/10/2019,BSR,"9,500","9,500","9,500","10,800","9,300","9,443",0,0.00,2.16,20.59,0.15,1.62,2.31,22.21,"29,454.75"
1705,21/10/2019,BSR,"9,500","9,600","9,500","9,600","9,400","9,488",0,0.00,1.49,14.12,0.00,0.00,1.49,14.12,"29,454.75"
1706,18/10/2019,BSR,"9,500","9,500","9,600","9,600","9,400","9,502",100,1.05,1.03,9.80,0.00,0.00,1.03,9.80,"29,764.80"
1707,17/10/2019,BSR,"9,600","9,700","9,500","9,700","9,400","9,494",-100,-1.04,1.18,11.19,0.00,0.00,1.18,11.19,"29,454.75"
1708,16/10/2019,BSR,"9,600","9,700","9,700","9,700","8,500","9,607",100,1.04,1.50,14.22,0.18,1.53,1.68,15.75,"30,074.85"
1709,15/10/2019,BSR,"9,800","9,700","9,600","9,700","9,500","9,614",-200,-2.04,1.31,12.56,0.00,0.00,1.31,12.56,"29,764.80"
1710,14/10/2019,BSR,"9,900","9,900","9,700","10,000","9,800","9,850",-200,-2.02,0.59,5.82,0.00,0.00,0.59,5.82,"30,074.85"
1711,11/10/2019,BSR,"9,600","9,700","9,900","10,100","9,700","9,897",300,3.13,3.41,33.79,0.00,0.00,3.41,33.79,"30,694.95"
1712,10/10/2019,BSR,"9,600","9,600","9,700","11,000","9,500","9,604",100,1.04,1.51,14.74,0.18,1.98,1.69,16.72,"30,074.85"
1713,09/10/2019,BSR,"9,700","9,700","9,700","9,800","9,500","9,647",0,0.00,1.24,11.99,0.00,0.00,1.24,11.99,"30,074.85"
1714,08/10/2019,BSR,"9,300","9,300","9,700","10,100","9,300","9,744",444,4.77,4.10,39.90,0.00,0.00,4.10,39.90,"30,074.85"
1715,07/10/2019,BSR,"9,200","9,100","9,300","10,500","7,900","9,259",59,0.64,1.29,12.08,0.15,1.54,1.44,13.61,"28,834.65"
1716,04/10/2019,BSR,"9,200","9,200","9,100","9,300","9,100","9,222",-100,-1.09,1.02,9.38,0.00,0.00,1.02,9.38,"28,214.55"
1717,03/10/2019,BSR,"9,400","9,300","9,200","9,300","8,400","9,233",-200,-2.13,1.27,11.72,0.00,0.00,1.27,11.72,"28,524.60"
1718,02/10/2019,BSR,"9,600","9,600","9,400","9,600","9,300","9,414",-200,-2.08,1.14,10.73,0.00,0.00,1.14,10.73,"29,144.70"
1719,01/10/2019,BSR,"9,600","9,600","9,500","9,700","9,500","9,610",-100,-1.04,1.36,13.07,0.00,0.00,1.36,13.07,"29,454.75"
1720,30/09/2019,BSR,"9,300","9,300","9,600","9,800","9,200","9,624",300,3.23,4.43,42.63,0.00,0.00,4.43,42.63,"29,764.80"
1721,27/09/2019,BSR,"9,300","9,400","9,300","9,500","9,200","9,318",0,0.00,1.34,12.44,0.00,0.00,1.34,12.44,"28,834.65"
1722,26/09/2019,BSR,"9,200","9,400","9,400","9,500","9,200","9,326",126,1.37,0.87,8.16,0.00,0.00,0.87,8.16,"29,144.70"
1723,25/09/2019,BSR,"9,300","9,300","9,200","9,300","9,100","9,187",-100,-1.08,0.81,7.44,0.00,0.00,0.81,7.44,"28,524.60"
1724,24/09/2019,BSR,"9,500","9,500","9,300","10,900","9,200","9,311",-200,-2.11,2.41,22.42,0.01,0.09,2.41,22.51,"28,834.65"
1725,23/09/2019,BSR,"9,700","9,500","9,400","9,700","9,300","9,490",-300,-3.09,1.89,17.91,0.00,0.00,1.89,17.91,"29,144.70"
1726,20/09/2019,BSR,"9,900","9,800","9,600","9,900","9,600","9,716",-300,-3.03,1.37,13.31,0.00,0.00,1.37,13.31,"29,764.80"
1727,19/09/2019,BSR,"10,100","10,100","9,900","10,200","9,700","9,898",-200,-1.98,2.41,23.88,0.03,0.34,2.45,24.22,"30,694.95"
1728,18/09/2019,BSR,"9,300","9,400","10,115","10,600","9,300","10,115",815,8.76,7.27,73.54,0.00,0.00,7.27,73.54,"31,361.55"
1729,17/09/2019,BSR,"9,200","9,400","9,200","9,400","9,200","9,295",0,0.00,0.99,9.22,0.00,0.00,0.99,9.22,"28,524.60"
1730,16/09/2019,BSR,"8,800","9,000","9,300","9,400","9,000","9,216",500,5.68,3.75,34.59,0.00,0.00,3.75,34.59,"28,834.65"
1731,13/09/2019,BSR,"8,800","8,800","8,900","8,900","8,700","8,810",100,1.14,0.66,5.79,0.00,0.00,0.66,5.79,"27,594.45"
1732,12/09/2019,BSR,"8,700","8,700","8,700","8,900","8,700","8,781",0,0.00,0.47,4.12,0.00,0.00,0.47,4.12,"26,974.35"
1733,11/09/2019,BSR,"8,900","8,900","8,700","8,900","8,600","8,699",-200,-2.25,1.44,12.49,0.00,0.00,1.44,12.49,"26,974.35"
1734,10/09/2019,BSR,"9,000","9,100","8,900","9,100","8,800","8,904",-100,-1.11,1.24,11.02,0.00,0.00,1.24,11.02,"27,594.45"
1735,09/09/2019,BSR,"9,100","9,100","9,000","9,200","9,000","9,024",-100,-1.10,0.67,6.01,0.00,0.00,0.67,6.01,"27,904.50"
1736,06/09/2019,BSR,"9,200","9,200","9,100","9,200","9,000","9,081",-100,-1.09,0.50,4.52,0.00,0.00,0.50,4.52,"28,214.55"
1737,05/09/2019,BSR,"9,200","9,200","9,200","9,400","9,000","9,164",0,0.00,1.15,10.52,0.00,0.00,1.15,10.52,"28,524.60"
1738,04/09/2019,BSR,"9,400","9,400","9,100","9,400","9,100","9,166",-300,-3.19,0.83,7.57,0.00,0.00,0.83,7.57,"28,214.55"
1739,03/09/2019,BSR,"9,500","9,500","9,400","9,600","9,200","9,373",-100,-1.05,1.09,10.17,0.00,0.00,1.09,10.17,"29,144.70"
1740,30/08/2019,BSR,"9,100","9,200","9,500","9,700","9,100","9,458",400,4.40,2.11,19.96,0.00,0.00,2.11,19.96,"29,454.75"
1741,29/08/2019,BSR,"9,200","9,200","9,100","9,300","9,000","9,133",-100,-1.09,0.63,5.75,0.00,0.00,0.63,5.75,"28,214.55"
1742,28/08/2019,BSR,"9,200","9,200","9,200","9,400","9,100","9,240",0,0.00,1.16,10.76,0.20,2.10,1.36,12.86,"28,524.60"
1743,27/08/2019,BSR,"9,200","9,200","9,200","9,300","9,100","9,182",0,0.00,1.14,10.49,0.00,0.00,1.14,10.49,"28,524.60"
1744,26/08/2019,BSR,"9,400","9,300","9,300","9,300","9,000","9,165",-100,-1.06,1.85,16.92,0.00,0.00,1.85,16.92,"28,834.65"
1745,23/08/2019,BSR,"9,300","9,300","9,300","9,600","9,100","9,351",0,0.00,2.02,18.87,0.00,0.00,2.02,18.87,"28,834.65"
1746,22/08/2019,BSR,"9,500","9,400","9,300","9,500","9,100","9,298",-200,-2.11,1.85,17.16,0.00,0.00,1.85,17.16,"28,834.65"
1747,21/08/2019,BSR,"9,500","9,500","9,500","9,600","9,400","9,463",0,0.00,1.28,12.14,0.00,0.00,1.28,12.14,"29,454.75"
1748,20/08/2019,BSR,"9,700","9,700","9,500","9,700","9,400","9,529",-200,-2.06,1.71,16.27,0.00,0.00,1.71,16.27,"29,454.75"
1749,19/08/2019,BSR,"9,600","9,700","9,700","9,900","9,600","9,612",100,1.04,1.06,10.32,0.09,0.74,1.15,11.06,"30,074.85"
1750,16/08/2019,BSR,"9,600","9,600","9,700","9,700","9,500","9,608",100,1.04,1.25,12.02,0.00,0.00,1.25,12.02,"30,074.85"
1751,15/08/2019,BSR,"9,900","9,800","9,600","9,800","9,600","9,629",-300,-3.03,1.44,13.88,0.06,0.47,1.50,14.35,"29,764.80"
1752,14/08/2019,BSR,"9,900","9,900","9,800","10,100","9,700","9,857",-100,-1.01,1.51,14.85,0.00,0.00,1.51,14.85,"30,384.90"
1753,13/08/2019,BSR,"10,100","10,100","9,900","10,100","9,800","9,880",-200,-1.98,1.01,9.98,0.00,0.00,1.01,9.98,"30,694.95"
1754,12/08/2019,BSR,"10,000","10,000","10,100","10,300","10,000","10,134",100,1.00,1.20,12.20,0.00,0.00,1.20,12.20,"31,315.05"
1755,09/08/2019,BSR,"9,800","9,800","9,900","10,100","9,800","9,953",100,1.02,1.01,10.05,0.00,0.00,1.01,10.05,"30,694.95"
1756,08/08/2019,BSR,"10,000","10,000","9,800","10,200","9,700","9,825",-200,-2.00,1.66,16.32,0.08,0.76,1.74,17.08,"30,384.90"
1757,07/08/2019,BSR,"10,000","10,000","9,900","10,100","9,900","9,996",-100,-1.00,1.17,11.68,0.00,0.00,1.17,11.68,"30,694.95"
1758,06/08/2019,BSR,"10,400","10,200","10,000","10,200","9,900","9,974",-400,-3.85,2.65,26.43,0.00,0.00,2.65,26.43,"31,005.00"
1759,05/08/2019,BSR,"10,900","10,900","10,200","10,900","10,200","10,440",-700,-6.42,2.99,31.25,0.00,0.00,2.99,31.25,"31,625.10"
1760,02/08/2019,BSR,"11,000","11,000","10,900","11,000","10,700","10,852",-100,-0.91,1.25,13.56,0.00,0.00,1.25,13.56,"33,795.45"
1761,01/08/2019,BSR,"10,900","10,900","11,000","11,100","10,900","11,005",100,0.92,0.57,6.26,0.11,1.22,0.68,7.48,"34,105.50"
1762,31/07/2019,BSR,"11,000","11,000","10,900","11,000","10,800","10,893",-100,-0.91,1.55,16.84,0.00,0.00,1.55,16.84,"33,795.45"
1763,30/07/2019,BSR,"11,300","11,300","10,900","11,300","10,900","11,036",-400,-3.54,1.27,14.04,0.00,0.00,1.27,14.04,"33,795.45"
1764,29/07/2019,BSR,"11,500","11,500","11,200","11,500","11,200","11,265",-300,-2.61,0.90,10.19,0.00,0.00,0.90,10.19,"34,725.60"
1765,26/07/2019,BSR,"11,200","11,400","11,500","11,600","11,200","11,433",300,2.68,1.91,21.94,0.06,0.53,1.97,22.47,"35,655.75"
1766,25/07/2019,BSR,"11,000","10,900","11,400","11,500","10,800","11,242",400,3.64,2.47,27.76,0.00,0.00,2.47,27.76,"35,345.70"
1767,24/07/2019,BSR,"11,200","11,100","10,900","11,200","10,800","10,960",-300,-2.68,2.21,24.18,0.08,0.79,2.29,24.97,"33,795.45"
1768,23/07/2019,BSR,"11,400","11,400","11,100","11,400","11,000","11,164",-300,-2.63,1.62,18.14,0.00,0.00,1.62,18.14,"34,415.55"
1769,22/07/2019,BSR,"11,700","11,500","11,400","11,600","11,200","11,510",-300,-2.56,1.84,20.95,0.10,1.34,1.94,22.29,"35,345.70"
1770,19/07/2019,BSR,"11,800","11,900","11,600","11,900","11,500","11,655",-200,-1.69,1.85,21.51,0.01,0.10,1.86,21.61,"35,965.80"
1771,18/07/2019,BSR,"11,800","11,800","11,800","12,000","11,700","11,821",0,0.00,0.78,9.18,0.10,1.35,0.88,10.53,"36,585.90"
1772,17/07/2019,BSR,"12,000","11,900","11,800","12,000","11,700","11,838",-200,-1.67,1.23,14.53,0.00,0.00,1.23,14.53,"36,585.90"
1773,16/07/2019,BSR,"12,100","12,100","11,900","12,100","11,900","12,085",-200,-1.65,1.26,15.14,0.00,0.00,1.26,15.14,"36,895.95"
1774,15/07/2019,BSR,"12,200","12,200","12,100","12,200","12,000","12,071",-100,-0.82,0.47,5.64,0.00,0.00,0.47,5.64,"37,516.05"
1775,12/07/2019,BSR,"12,200","12,300","12,200","12,300","12,200","12,206",0,0.00,0.66,8.01,0.00,0.00,0.66,8.01,"37,826.10"
1776,11/07/2019,BSR,"12,200","12,300","12,300","12,400","12,100","12,216",100,0.82,0.80,9.77,0.00,0.00,0.80,9.77,"38,136.15"
1777,10/07/2019,BSR,"12,000","12,000","12,300","12,400","12,000","12,236",300,2.50,1.49,18.25,0.00,0.00,1.49,18.25,"38,136.15"
1778,09/07/2019,BSR,"12,200","12,200","12,000","12,200","12,000","12,049",-200,-1.64,1.12,13.46,0.01,0.05,1.12,13.51,"37,206.00"
1779,08/07/2019,BSR,"12,100","12,200","12,100","12,300","12,100","12,183",83,0.69,0.64,7.80,0.00,0.00,0.64,7.80,"37,516.05"
1780,05/07/2019,BSR,"12,300","12,300","12,100","12,300","12,000","12,138",-200,-1.63,1.11,13.42,0.00,0.00,1.11,13.42,"37,516.05"
1781,04/07/2019,BSR,"12,400","12,400","12,300","12,500","12,200","12,279",-100,-0.81,1.13,13.93,0.01,0.07,1.14,14.00,"38,136.15"
1782,03/07/2019,BSR,"12,400","12,400","12,400","12,500","12,300","12,357",0,0.00,0.89,10.95,0.00,0.04,0.89,10.99,"38,446.20"
1783,02/07/2019,BSR,"12,500","12,500","12,500","12,500","12,400","12,413",0,0.00,0.55,6.83,0.00,0.00,0.55,6.83,"38,756.25"
1784,01/07/2019,BSR,"12,500","12,600","12,500","12,800","12,400","12,511",0,0.00,1.19,14.88,0.01,0.06,1.19,14.95,"38,756.25"
1785,28/06/2019,BSR,"12,500","12,500","12,900","12,900","12,300","12,477",400,3.20,1.49,18.55,0.00,0.00,1.49,18.55,"39,996.45"
1786,27/06/2019,BSR,"12,800","12,800","12,400","12,900","12,300","12,531",-400,-3.13,2.89,36.27,0.00,0.00,2.89,36.27,"38,446.20"
1787,26/06/2019,BSR,"12,800","12,800","12,700","13,000","12,700","12,799",-100,-0.78,1.20,15.32,0.01,0.09,1.20,15.41,"39,376.35"
1788,25/06/2019,BSR,"12,900","12,800","12,800","12,900","12,700","12,761",-100,-0.78,0.55,6.99,0.03,0.38,0.58,7.37,"39,686.40"
1789,24/06/2019,BSR,"13,000","13,000","12,900","13,000","12,800","12,861",-100,-0.77,0.63,8.12,0.00,0.00,0.63,8.12,"39,996.45"
1790,21/06/2019,BSR,"12,900","13,100","13,000","13,200","12,800","12,994",100,0.78,0.89,11.56,0.01,0.09,0.90,11.65,"40,306.50"
1791,20/06/2019,BSR,"12,900","12,500","12,800","13,000","12,400","12,874",-100,-0.78,1.57,20.22,0.05,0.55,1.62,20.77,"39,686.40"
1792,19/06/2019,BSR,"12,800","13,000","12,800","13,100","12,700","12,856",56,0.44,0.84,10.74,0.00,0.00,0.84,10.74,"39,686.40"
1793,18/06/2019,BSR,"13,000","12,900","12,800","13,000","12,600","12,773",-200,-1.54,1.66,21.19,0.01,0.13,1.67,21.32,"39,686.40"
1794,17/06/2019,BSR,"13,000","13,000","13,000","13,100","12,900","12,960",0,0.00,0.41,5.25,0.00,0.00,0.41,5.25,"40,306.50"
1795,14/06/2019,BSR,"12,900","13,000","13,000","13,100","12,900","12,968",100,0.78,1.23,15.93,0.00,0.00,1.23,15.93,"40,306.50"
1796,13/06/2019,BSR,"12,900","12,900","13,000","13,000","12,800","12,911",100,0.78,0.83,10.70,0.01,0.08,0.83,10.77,"40,306.50"
1797,12/06/2019,BSR,"13,100","13,000","12,900","13,100","12,800","12,915",-200,-1.53,1.05,13.52,0.09,1.15,1.13,14.67,"39,996.45"
1798,11/06/2019,BSR,"13,300","13,200","13,100","13,200","13,000","13,087",-200,-1.50,0.72,9.44,0.00,0.00,0.72,9.44,"40,616.54"
1799,10/06/2019,BSR,"13,200","13,400","13,200","13,500","13,200","13,308",82,0.62,0.60,8.02,0.01,0.13,0.61,8.16,"40,926.59"
1800,07/06/2019,BSR,"12,900","13,100","13,400","13,400","13,100","13,240",500,3.88,0.78,10.34,0.00,0.00,0.78,10.34,"41,546.69"
1801,06/06/2019,BSR,"13,200","13,000","13,200","13,200","12,900","12,939",0,0.00,1.25,16.20,0.00,0.00,1.25,16.20,"40,926.59"
1802,05/06/2019,BSR,"13,100","13,300","13,100","13,300","13,000","13,184",84,0.64,0.75,9.95,0.01,0.10,0.76,10.04,"40,616.54"
1803,04/06/2019,BSR,"13,100","13,000","13,200","13,300","12,900","13,086",100,0.76,1.55,20.27,0.00,0.00,1.55,20.27,"40,926.59"
1804,03/06/2019,BSR,"13,600","13,400","12,900","13,400","12,800","13,082",-700,-5.15,2.28,29.82,0.00,0.00,2.28,29.82,"39,996.45"
1805,31/05/2019,BSR,"13,800","13,800","13,500","13,800","13,400","13,574",-300,-2.17,1.62,22.01,0.01,0.13,1.63,22.15,"41,856.74"
1806,30/05/2019,BSR,"13,800","13,700","13,800","13,900","13,700","13,836",0,0.00,0.78,10.80,0.00,0.00,0.78,10.80,"42,786.89"
1807,29/05/2019,BSR,"13,800","13,800","13,700","13,900","13,700","13,800",-100,-0.72,0.98,13.59,0.00,0.00,0.98,13.59,"42,476.84"
1808,28/05/2019,BSR,"13,600","13,600","13,900","13,900","13,600","13,610",300,2.21,2.00,27.57,0.26,3.10,2.25,30.67,"43,096.94"
1809,27/05/2019,BSR,"13,600","13,600","13,600","13,700","13,500","13,603",0,0.00,1.01,13.81,0.00,0.00,1.01,13.81,"42,166.79"
1810,24/05/2019,BSR,"13,800","13,800","13,600","13,800","13,500","13,619",-200,-1.45,2.43,33.12,0.00,0.00,2.43,33.12,"42,166.79"
1811,23/05/2019,BSR,"14,000","13,900","14,000","14,000","13,600","13,778",0,0.00,2.21,30.47,0.01,0.13,2.22,30.60,"43,406.99"
1812,22/05/2019,BSR,"14,200","14,000","13,900","14,100","13,800","13,967",-300,-2.11,1.97,27.58,0.00,0.00,1.97,27.58,"43,096.94"
1813,21/05/2019,BSR,"14,400","14,300","14,100","14,400","14,000","14,307",-300,-2.08,1.58,22.38,0.25,3.80,1.83,26.18,"43,717.04"
1814,20/05/2019,BSR,"14,300","14,300","14,300","14,500","14,300","14,371",79,0.55,1.90,27.28,0.01,0.09,1.90,27.37,"44,337.14"
1815,17/05/2019,BSR,"14,000","14,000","14,200","14,500","14,000","14,281",200,1.43,4.34,62.00,0.00,0.00,4.34,62.00,"44,027.09"
1816,16/05/2019,BSR,"14,100","14,000","14,000","14,100","13,900","14,013",-100,-0.71,1.97,27.61,0.00,0.00,1.97,27.61,"43,406.99"
1817,15/05/2019,BSR,"13,900","14,000","14,000","14,200","13,900","14,073",100,0.72,2.63,37.00,0.01,0.11,2.64,37.11,"43,406.99"
1818,14/05/2019,BSR,"13,700","13,700","14,000","14,100","13,600","13,879",300,2.19,3.37,46.71,0.00,0.00,3.37,46.71,"43,406.99"
1819,13/05/2019,BSR,"13,500","13,500","13,800","14,000","13,400","13,719",300,2.22,2.27,31.09,0.00,0.00,2.27,31.09,"42,786.89"
1820,10/05/2019,BSR,"13,200","13,000","13,400","13,700","13,000","13,476",200,1.52,2.65,35.68,0.00,0.00,2.65,35.68,"41,546.69"
1821,09/05/2019,BSR,"13,300","13,400","13,100","13,500","13,100","13,218",-200,-1.50,1.09,14.35,0.00,0.00,1.09,14.35,"40,616.54"
1822,08/05/2019,BSR,"13,300","13,300","13,500","13,500","13,100","13,254",200,1.50,2.03,26.86,0.00,0.00,2.03,26.86,"41,856.74"
1823,07/05/2019,BSR,"13,300","13,300","13,400","13,500","13,200","13,331",100,0.75,1.11,14.82,0.00,0.00,1.11,14.82,"41,546.69"
1824,06/05/2019,BSR,"13,800","13,600","13,300","13,600","13,100","13,332",-500,-3.62,2.34,31.18,0.00,0.00,2.34,31.18,"41,236.64"
1825,03/05/2019,BSR,"13,900","13,900","13,700","13,900","13,600","13,759",-200,-1.44,2.08,28.63,0.00,0.00,2.08,28.63,"42,476.84"
1826,02/05/2019,BSR,"14,000","14,000","14,000","14,100","13,800","13,815",0,0.00,2.09,29.14,0.15,1.80,2.24,30.94,"43,406.99"
1827,26/04/2019,BSR,"14,000","14,000","14,100","14,200","13,900","14,008",100,0.71,2.12,29.76,0.00,0.00,2.12,29.76,"43,717.04"
1828,25/04/2019,BSR,"13,600","14,000","14,100","14,300","13,700","14,034",500,3.68,3.29,46.18,0.00,0.00,3.29,46.18,"43,717.04"
1829,24/04/2019,BSR,"13,000","13,100","13,900","14,000","13,100","13,608",900,6.92,5.86,79.70,0.52,6.92,6.38,86.62,"43,096.94"
1830,23/04/2019,BSR,"12,900","13,000","13,100","13,100","12,900","12,977",200,1.55,1.36,17.64,0.15,1.98,1.51,19.62,"40,616.54"
1831,22/04/2019,BSR,"12,800","12,800","13,000","13,100","12,800","12,914",200,1.56,1.23,15.84,0.00,0.00,1.23,15.84,"40,306.50"
1832,19/04/2019,BSR,"12,800","12,700","12,800","13,000","12,700","12,821",0,0.00,0.93,11.94,0.00,0.00,0.93,11.94,"39,686.40"
1833,18/04/2019,BSR,"13,000","12,900","12,700","13,000","12,700","12,813",-300,-2.31,1.32,16.92,0.01,0.07,1.33,17.00,"39,376.35"
1834,17/04/2019,BSR,"12,800","12,800","12,900","13,100","12,800","12,957",100,0.78,1.40,18.20,0.00,0.01,1.41,18.21,"39,996.45"
1835,16/04/2019,BSR,"12,900","12,900","13,000","13,100","12,700","12,846",100,0.78,1.27,16.35,0.00,0.00,1.27,16.35,"40,306.50"
1836,12/04/2019,BSR,"13,000","13,000","13,100","13,100","12,800","12,940",100,0.77,1.72,22.27,0.00,0.00,1.72,22.27,"40,616.54"
1837,11/04/2019,BSR,"13,000","13,000","13,000","13,100","13,000","13,024",0,0.00,0.80,10.39,0.00,0.00,0.80,10.39,"40,306.50"
1838,10/04/2019,BSR,"13,400","13,200","13,000","13,200","12,900","13,036",-400,-2.99,1.35,17.62,0.00,0.00,1.35,17.62,"40,306.50"
1839,09/04/2019,BSR,"13,200","13,300","13,300","13,500","13,200","13,365",100,0.76,2.04,27.24,0.00,0.00,2.04,27.24,"41,236.64"
1840,08/04/2019,BSR,"13,000","13,100","13,300","13,400","13,000","13,205",300,2.31,1.53,20.22,0.10,1.35,1.63,21.57,"41,236.64"
1841,05/04/2019,BSR,"13,200","13,100","13,000","13,200","12,900","13,017",-200,-1.52,1.14,14.90,0.00,0.00,1.14,14.90,"40,306.50"
1842,04/04/2019,BSR,"12,900","13,000","13,200","13,400","13,000","13,232",300,2.33,2.33,30.86,0.00,0.00,2.33,30.86,"40,926.59"
1843,03/04/2019,BSR,"12,800","12,800","13,100","13,100","12,700","12,846",300,2.34,1.73,22.18,0.20,2.56,1.93,24.74,"40,616.54"
1844,02/04/2019,BSR,"12,600","12,700","12,700","13,000","12,600","12,764",100,0.79,1.84,23.51,0.00,0.00,1.84,23.51,"39,376.35"
1845,01/04/2019,BSR,"12,700","12,700","12,700","12,900","12,400","12,581",0,0.00,2.22,27.99,0.00,0.00,2.22,27.99,"39,376.35"
1846,29/03/2019,BSR,"12,900","12,800","12,700","12,900","12,500","12,724",-200,-1.55,2.30,29.26,0.00,0.00,2.30,29.26,"39,376.35"
1847,28/03/2019,BSR,"13,100","13,100","12,800","13,200","11,500","12,917",-300,-2.29,1.69,21.79,0.00,0.00,1.69,21.79,"39,686.40"
1848,27/03/2019,BSR,"12,900","13,000","13,200","13,400","12,900","13,149",300,2.33,1.94,25.45,0.36,4.04,2.30,29.49,"40,926.59"
1849,26/03/2019,BSR,"12,900","12,900","12,900","13,100","12,700","12,855",0,0.00,1.33,17.10,0.00,0.01,1.33,17.11,"39,996.45"
1850,25/03/2019,BSR,"13,200","13,000","12,900","13,000","12,700","12,872",-300,-2.27,2.49,31.99,0.00,0.00,2.49,31.99,"39,996.45"
1851,22/03/2019,BSR,"13,500","13,400","13,200","13,400","13,000","13,197",-300,-2.22,1.31,17.33,0.00,0.00,1.31,17.33,"40,926.59"
1852,21/03/2019,BSR,"13,500","13,500","13,300","13,900","13,200","13,481",-200,-1.48,2.25,30.39,0.00,0.01,2.26,30.40,"41,236.64"
1853,20/03/2019,BSR,"13,800","13,700","13,600","13,700","13,200","13,451",-200,-1.45,2.15,28.90,0.00,0.00,2.15,28.90,"42,166.79"
1854,19/03/2019,BSR,"13,900","13,900","13,700","14,000","13,600","13,776",-200,-1.44,2.54,35.05,0.00,0.00,2.54,35.05,"42,476.84"
1855,18/03/2019,BSR,"14,000","14,000","13,800","14,100","13,800","13,894",-200,-1.43,2.04,28.41,0.00,0.00,2.04,28.41,"42,786.89"
1856,15/03/2019,BSR,"13,900","14,000","14,100","14,200","13,800","13,996",96,0.69,1.75,24.43,0.00,0.00,1.75,24.43,"43,717.04"
1857,14/03/2019,BSR,"13,900","13,900","14,000","14,100","13,700","13,872",100,0.72,1.66,23.00,0.00,0.00,1.66,23.00,"43,406.99"
1858,13/03/2019,BSR,"14,100","14,000","13,900","14,100","13,800","13,891",-200,-1.42,3.00,41.62,0.00,0.00,3.00,41.62,"43,096.94"
1859,12/03/2019,BSR,"14,100","14,200","14,000","14,300","13,900","14,051",-100,-0.71,1.96,27.53,0.00,0.00,1.96,27.53,"43,406.99"
1860,11/03/2019,BSR,"14,200","14,200","14,100","14,200","13,900","14,054",-100,-0.70,1.23,17.27,0.00,0.00,1.23,17.27,"43,717.04"
1861,08/03/2019,BSR,"14,600","14,500","14,200","14,500","14,100","14,221",-400,-2.74,1.30,18.42,0.00,0.00,1.30,18.42,"44,027.09"
1862,07/03/2019,BSR,"14,300","14,400","14,400","14,800","14,400","14,552",252,1.76,2.99,43.57,0.00,0.00,2.99,43.57,"44,647.19"
1863,06/03/2019,BSR,"14,400","14,600","14,500","14,600","14,100","14,301",100,0.69,1.20,17.12,0.00,0.00,1.20,17.12,"44,957.24"
1864,05/03/2019,BSR,"14,100","14,100","14,500","14,600","14,000","14,398",298,2.11,4.44,63.91,0.00,0.00,4.44,63.91,"44,957.24"
1865,04/03/2019,BSR,"13,700","13,700","14,100","14,200","13,700","14,106",406,2.96,2.22,31.38,0.00,0.00,2.22,31.38,"43,717.04"
1866,01/03/2019,BSR,"13,800","13,700","13,700","13,800","13,600","13,689",-100,-0.72,1.59,21.79,0.00,0.00,1.59,21.79,"42,476.84"
1867,28/02/2019,BSR,"14,000","14,000","13,700","15,000","13,600","13,815",-300,-2.14,1.10,15.09,0.04,0.60,1.14,15.69,"42,476.84"
1868,27/02/2019,BSR,"13,900","13,900","13,900","15,191","13,900","14,065",71,0.51,1.09,15.21,0.09,1.37,1.18,16.57,"43,096.94"
1869,26/02/2019,BSR,"14,200","14,200","13,900","14,200","13,800","13,925",-300,-2.11,1.43,19.96,0.00,0.00,1.43,19.96,"43,096.94"
1870,25/02/2019,BSR,"14,000","14,000","14,200","14,300","14,000","14,229",229,1.64,1.62,23.09,0.00,0.00,1.62,23.09,"44,027.09"
1871,22/02/2019,BSR,"14,300","14,200","14,100","14,200","13,900","14,025",-200,-1.40,1.75,24.53,0.00,0.00,1.75,24.53,"43,717.04"
1872,21/02/2019,BSR,"14,300","14,300","14,200","14,400","14,100","14,250",-100,-0.70,1.36,19.37,0.00,0.00,1.36,19.37,"44,027.09"
1873,20/02/2019,BSR,"14,500","14,300","14,200","14,400","14,100","14,274",-300,-2.07,1.22,17.43,0.00,0.00,1.22,17.43,"44,027.09"
1874,19/02/2019,BSR,"14,500","14,800","14,300","14,800","14,200","14,529",-200,-1.38,1.90,27.65,0.00,0.00,1.90,27.65,"44,337.14"
1875,18/02/2019,BSR,"14,200","14,300","14,700","14,700","13,500","14,529",329,2.32,2.75,39.95,0.22,2.97,2.97,42.92,"45,577.34"
1876,15/02/2019,BSR,"14,100","14,200","14,300","14,300","14,000","14,166",66,0.47,1.57,22.18,0.00,0.00,1.57,22.18,"44,337.14"
1877,14/02/2019,BSR,"14,000","13,900","14,200","14,300","13,900","14,143",143,1.02,1.59,22.46,0.00,0.00,1.59,22.46,"44,027.09"
1878,13/02/2019,BSR,"13,500","13,600","14,100","14,300","13,000","13,980",533,3.95,2.78,38.95,0.15,1.95,2.93,40.90,"43,717.04"
1879,12/02/2019,BSR,"13,100","13,300","13,600","13,600","13,200","13,495",396,3.02,1.65,22.31,0.00,0.00,1.65,22.31,"42,166.79"
1880,11/02/2019,BSR,"13,000","13,000","13,300","13,300","13,000","13,133",133,1.02,0.84,11.00,0.00,0.00,0.84,11.00,"41,236.64"
1881,01/02/2019,BSR,"13,200","13,200","13,000","13,200","12,900","13,046",-200,-1.52,0.84,10.91,0.00,0.00,0.84,10.91,"40,306.50"
1882,31/01/2019,BSR,"12,900","13,000","13,100","13,300","13,000","13,159",259,2.01,1.19,15.72,0.00,0.00,1.19,15.72,"40,616.54"
1883,30/01/2019,BSR,"12,500","12,500","13,000","13,100","12,500","12,881",381,3.05,1.52,19.56,0.00,0.00,1.52,19.56,"40,306.50"
1884,29/01/2019,BSR,"12,500","12,600","12,600","12,600","12,400","12,471",100,0.80,0.83,10.40,0.00,0.04,0.84,10.44,"39,066.30"
1885,28/01/2019,BSR,"12,300","12,500","12,700","12,800","12,200","12,496",197,1.60,1.86,23.25,0.02,0.20,1.88,23.45,"39,376.35"
1886,25/01/2019,BSR,"12,100","12,300","12,300","12,400","12,200","12,264",164,1.36,0.70,8.62,0.00,0.00,0.70,8.62,"38,136.15"
1887,24/01/2019,BSR,"12,000","12,100","12,300","12,400","10,200","12,119",119,0.99,1.41,17.10,0.04,0.41,1.45,17.51,"38,136.15"
1888,23/01/2019,BSR,"12,200","12,200","12,000","13,400","11,900","12,042",-200,-1.64,1.47,17.67,0.04,0.47,1.50,18.13,"37,206.00"
1889,22/01/2019,BSR,"12,100","12,200","12,100","12,400","12,100","12,200",100,0.83,1.30,15.86,0.00,0.00,1.30,15.86,"37,516.05"
1890,21/01/2019,BSR,"13,400","12,800","12,200","13,400","11,800","12,147","-1,200",-8.96,5.11,62.04,0.27,3.62,5.38,65.66,"37,826.10"
1891,18/01/2019,BSR,"13,500","13,500","13,400","13,600","13,200","13,362",-100,-0.74,1.25,16.64,0.00,0.00,1.25,16.64,"41,546.69"
1892,17/01/2019,BSR,"13,500","13,500","13,500","13,600","13,400","13,502",0,0.00,0.89,12.06,0.00,0.00,0.89,12.06,"41,856.74"
1893,16/01/2019,BSR,"13,500","13,600","13,600","13,700","13,400","13,541",100,0.74,1.57,21.25,0.00,0.00,1.57,21.25,"42,166.79"
1894,15/01/2019,BSR,"13,500","13,500","13,500","13,600","13,400","13,490",0,0.00,1.13,15.29,0.00,0.01,1.13,15.30,"41,856.74"
1895,14/01/2019,BSR,"13,700","13,800","13,400","13,800","13,300","13,538",-300,-2.19,0.84,11.33,0.10,1.36,0.94,12.69,"41,546.69"
1896,11/01/2019,BSR,"13,500","13,400","13,700","13,900","11,500","13,671",171,1.27,2.35,32.08,0.00,0.03,2.35,32.10,"42,476.84"
1897,10/01/2019,BSR,"13,500","13,500","13,400","13,600","13,300","13,450",-100,-0.74,1.38,18.59,0.00,0.00,1.38,18.59,"41,546.69"
1898,09/01/2019,BSR,"13,300","13,400","13,500","13,600","13,300","13,468",168,1.26,1.39,18.70,0.00,0.00,1.39,18.70,"41,856.74"
1899,08/01/2019,BSR,"13,300","13,400","13,200","13,400","13,200","13,283",-100,-0.75,0.61,8.17,0.00,0.00,0.61,8.17,"40,926.59"
1900,07/01/2019,BSR,"13,000","13,400","13,200","13,600","13,100","13,302",302,2.32,1.30,17.26,0.00,0.00,1.30,17.26,"40,926.59"
1901,04/01/2019,BSR,"13,200","13,200","13,200","13,300","12,800","13,040",0,0.00,1.31,17.07,0.00,0.00,1.31,17.07,"40,926.59"
1902,03/01/2019,BSR,"13,600","13,500","13,200","13,600","13,000","13,207",-400,-2.94,1.30,17.21,0.00,0.00,1.30,17.21,"40,926.59"
1903,02/01/2019,BSR,"13,800","13,800","13,500","13,800","13,400","13,565",-300,-2.17,0.69,9.34,0.00,0.00,0.69,9.34,"41,856.74"
1904,28/12/2018,BSR,"13,900","13,800","13,600","14,100","13,500","13,779",-300,-2.16,1.55,21.30,0.05,0.60,1.60,21.90,"42,166.79"
1905,27/12/2018,BSR,"13,300","13,400","13,900","14,200","13,400","13,906",606,4.56,2.10,29.17,0.00,0.00,2.10,29.17,"3,355.85"
1906,26/12/2018,BSR,"13,400","13,500","13,200","13,600","13,100","13,427",-200,-1.49,1.74,23.18,0.00,0.00,1.74,23.18,"3,186.85"
1907,25/12/2018,BSR,"14,100","13,700","13,400","13,700","13,000","13,391",-700,-4.96,3.29,44.00,0.05,0.81,3.34,44.81,"3,235.13"
1908,24/12/2018,BSR,"14,300","14,400","13,900","14,400","13,800","14,079",-400,-2.80,1.49,20.99,0.00,0.00,1.49,20.99,"3,355.85"
1909,21/12/2018,BSR,"14,400","14,500","14,400","14,500","14,200","14,303",0,0.00,1.15,16.40,0.00,0.00,1.15,16.40,"3,476.56"
1910,20/12/2018,BSR,"14,300","14,200","14,500","14,700","14,100","14,429",129,0.90,1.49,21.52,0.35,4.94,1.84,26.46,"3,500.71"
1911,19/12/2018,BSR,"14,500","14,600","14,300","14,600","14,200","14,417",-200,-1.38,1.44,20.65,1.85,26.79,3.29,47.44,"3,452.42"
1912,18/12/2018,BSR,"14,900","14,700","14,500","14,700","14,400","14,517",-400,-2.68,2.14,31.08,0.00,0.00,2.14,31.08,"3,500.71"
1913,17/12/2018,BSR,"15,300","15,100","14,900","15,200","14,700","14,976",-400,-2.61,2.46,36.76,0.05,0.88,2.51,37.64,"3,597.28"
1914,14/12/2018,BSR,"15,400","15,400","15,300","15,400","15,100","15,291",-100,-0.65,1.03,15.77,0.02,0.26,1.05,16.03,"3,693.85"
1915,13/12/2018,BSR,"15,400","15,500","15,400","15,700","15,300","15,444",0,0.00,1.29,19.94,0.00,0.00,1.29,19.94,"3,717.99"
1916,12/12/2018,BSR,"15,000","15,000","15,600","15,700","15,000","15,375",394,2.63,1.70,26.19,0.00,0.00,1.70,26.19,"3,766.28"
1917,11/12/2018,BSR,"15,300","15,200","15,000","15,300","14,900","15,039",-300,-1.96,1.76,26.43,0.00,0.00,1.76,26.43,"3,621.42"
1918,10/12/2018,BSR,"15,600","15,600","15,300","15,600","15,100","15,342",-300,-1.92,1.73,26.49,0.00,0.00,1.73,26.49,"3,693.85"
1919,07/12/2018,BSR,"15,600","15,600","15,500","15,800","15,400","15,552",-100,-0.64,1.18,18.39,0.00,0.00,1.18,18.39,"3,742.13"
1920,06/12/2018,BSR,"15,300","15,300","15,500","15,900","15,200","15,575",275,1.80,3.50,54.47,0.00,0.00,3.50,54.47,"3,742.13"
1921,05/12/2018,BSR,"15,400","15,300","15,400","15,400","15,100","15,260",0,0.00,1.84,28.11,0.00,0.00,1.84,28.11,"3,717.99"
1922,04/12/2018,BSR,"15,300","15,400","15,400","15,600","15,300","15,400",100,0.65,2.01,30.97,0.00,0.00,2.01,30.97,"3,717.99"
1923,03/12/2018,BSR,"14,700","14,900","15,200","15,500","14,900","15,255",555,3.78,2.87,43.84,0.00,0.00,2.87,43.84,"3,669.71"
1924,30/11/2018,BSR,"14,900","14,900","14,700","14,900","14,600","14,706",-200,-1.34,0.93,13.74,0.00,0.00,0.93,13.74,"3,548.99"
1925,29/11/2018,BSR,"14,900","14,900","14,700","15,200","14,700","14,856",-200,-1.34,0.94,13.91,0.00,0.00,0.94,13.91,"3,548.99"
1926,28/11/2018,BSR,"15,100","15,000","15,100","15,100","14,900","14,945",0,0.00,0.42,6.25,0.05,0.65,0.47,6.90,"3,645.56"
1927,27/11/2018,BSR,"14,800","15,000","15,000","15,400","14,800","15,051",251,1.70,1.70,25.62,0.00,0.00,1.70,25.62,"3,621.42"
1928,26/11/2018,BSR,"14,600","14,500","15,100","15,200","14,400","14,833",233,1.60,1.09,16.15,0.00,0.00,1.09,16.15,"3,645.56"
1929,23/11/2018,BSR,"14,700","14,600","14,600","14,700","14,500","14,599",-100,-0.68,0.83,12.11,0.05,0.85,0.88,12.95,"3,524.85"
1930,22/11/2018,BSR,"14,900","15,100","14,600","15,200","14,400","14,688",-300,-2.01,3.03,44.45,0.00,0.00,3.03,44.45,"3,524.85"
1931,21/11/2018,BSR,"15,200","14,900","15,000","15,000","14,700","14,868",-200,-1.32,1.27,18.88,0.00,0.00,1.27,18.88,"3,621.42"
1932,20/11/2018,BSR,"15,200","15,300","15,100","15,300","15,000","15,151",-100,-0.66,0.86,12.98,0.05,0.65,0.91,13.63,"3,645.56"
1933,19/11/2018,BSR,"15,200","15,000","15,400","15,500","13,000","15,234",200,1.32,1.23,18.67,0.00,0.00,1.23,18.67,"3,717.99"
1934,16/11/2018,BSR,"15,000","15,000","15,200","15,400","15,000","15,209",216,1.44,2.08,31.70,0.10,1.51,2.18,33.21,"3,669.71"
1935,15/11/2018,BSR,"15,100","15,000","14,900","15,300","14,900","15,073",-200,-1.32,0.86,12.88,0.09,1.40,0.95,14.28,"3,597.28"
1936,14/11/2018,BSR,"15,500","15,300","14,800","15,400","14,800","15,071",-700,-4.52,2.59,39.07,0.00,0.00,2.59,39.07,"3,573.13"
1937,13/11/2018,BSR,"15,800","15,600","15,400","15,800","15,400","15,498",-400,-2.53,1.36,21.15,0.00,0.00,1.36,21.15,"3,717.99"
1938,12/11/2018,BSR,"15,800","15,500","16,000","16,100","15,300","15,758",200,1.27,1.51,23.85,0.00,0.00,1.51,23.85,"3,862.85"
1939,09/11/2018,BSR,"16,200","16,100","15,600","16,100","15,500","15,786",-600,-3.70,1.76,27.79,0.33,5.81,2.09,33.60,"3,766.28"
1940,08/11/2018,BSR,"16,100","16,300","16,200","16,500","16,100","16,180",80,0.50,0.89,14.34,0.00,0.00,0.89,14.34,"3,911.13"
1941,07/11/2018,BSR,"16,400","16,200","16,100","16,300","15,900","16,114",-300,-1.83,0.95,15.37,0.00,0.00,0.95,15.37,"3,886.99"
1942,06/11/2018,BSR,"16,000","16,200","16,200","16,700","16,200","16,531",400,2.50,2.87,47.12,0.33,5.74,3.20,52.87,"3,911.13"
1943,05/11/2018,BSR,"16,200","16,300","16,100","16,300","15,800","16,004",-100,-0.62,0.98,15.69,0.00,0.00,0.98,15.69,"3,886.99"
1944,02/11/2018,BSR,"16,200","16,100","16,400","16,400","16,000","16,218",200,1.23,1.51,24.45,0.00,0.00,1.51,24.45,"3,959.42"
1945,01/11/2018,BSR,"16,200","16,500","15,900","16,500","15,900","16,196",-300,-1.85,1.06,17.23,0.00,0.00,1.06,17.23,"3,838.70"
1946,31/10/2018,BSR,"15,700","15,800","16,500","16,500","15,800","16,225",525,3.34,2.64,42.76,0.00,0.00,2.64,42.76,"3,983.56"
1947,30/10/2018,BSR,"15,700","15,500","15,700","15,900","15,500","15,730",0,0.00,0.74,11.69,0.00,0.00,0.74,11.69,"3,790.42"
1948,29/10/2018,BSR,"16,000","15,800","15,600","16,000","15,500","15,723",-400,-2.50,1.22,19.24,0.00,0.00,1.22,19.24,"3,766.28"
1949,26/10/2018,BSR,"15,600","15,600","15,700","16,400","15,600","16,169",400,2.56,1.46,23.36,0.00,0.00,1.46,23.36,"3,790.42"
1950,25/10/2018,BSR,"16,100","15,800","15,900","16,100","15,000","15,585",-200,-1.24,2.53,39.50,0.00,0.00,2.53,39.50,"3,838.70"
1951,24/10/2018,BSR,"16,500","16,500","15,900","16,600","15,600","16,140",-600,-3.64,2.48,39.98,0.00,0.00,2.48,39.98,"3,838.70"
1952,23/10/2018,BSR,"17,100","17,000","16,500","17,000","16,100","16,466",-600,-3.51,2.15,35.39,0.00,0.00,2.15,35.39,"3,983.56"
1953,22/10/2018,BSR,"16,700","16,800","16,900","17,300","16,800","17,055",200,1.20,1.11,18.99,0.00,0.00,1.11,18.99,"4,080.13"
1954,19/10/2018,BSR,"16,900","16,700","16,900","17,300","16,300","16,737",0,0.00,1.36,22.71,0.00,0.00,1.36,22.71,"4,080.13"
1955,18/10/2018,BSR,"17,300","17,200","16,800","17,200","16,800","16,926",-500,-2.89,1.25,21.17,0.00,0.00,1.25,21.17,"4,055.99"
1956,17/10/2018,BSR,"16,800","17,000","17,200","17,600","17,000","17,282",400,2.38,2.30,39.66,0.00,0.00,2.30,39.66,"4,152.56"
1957,16/10/2018,BSR,"16,800","16,600","16,900","17,000","16,600","16,836",100,0.60,1.27,21.37,0.00,0.00,1.27,21.37,"4,080.13"
1958,15/10/2018,BSR,"16,900","17,100","16,700","17,200","16,500","16,768",-200,-1.18,1.32,22.15,0.00,0.00,1.32,22.15,"4,031.85"
1959,12/10/2018,BSR,"16,800","16,400","17,200","17,300","16,000","16,870",400,2.38,2.66,44.87,0.00,0.00,2.66,44.87,"4,152.56"
1960,11/10/2018,BSR,"18,600","18,400","16,700","18,400","16,100","16,807","-1,900",-10.22,8.18,137.50,0.02,0.37,8.20,137.88,"4,031.85"
1961,10/10/2018,BSR,"19,000","18,800","18,500","18,900","18,300","18,558",-500,-2.63,3.46,64.19,0.00,0.00,3.46,64.19,"4,466.42"
1962,09/10/2018,BSR,"19,200","19,100","18,800","19,400","18,700","18,995",-400,-2.08,4.54,86.26,0.00,0.00,4.54,86.26,"4,538.85"
1963,08/10/2018,BSR,"19,800","19,600","19,100","19,600","19,000","19,223",-700,-3.54,3.49,67.17,0.05,0.98,3.54,68.15,"4,611.27"
1964,05/10/2018,BSR,"20,300","20,200","19,600","20,200","19,400","19,771",-700,-3.45,3.73,73.70,0.04,0.82,3.77,74.52,"4,731.99"
1965,04/10/2018,BSR,"20,000","20,200","20,200","20,600","20,000","20,277",200,1.00,4.39,88.96,0.00,0.00,4.39,88.96,"4,876.84"
1966,03/10/2018,BSR,"20,500","20,300","20,200","20,400","19,500","20,013",-300,-1.46,4.54,90.95,0.04,0.83,4.58,91.78,"4,876.84"
1967,02/10/2018,BSR,"20,300","20,500","20,300","20,800","20,100","20,474",174,0.86,5.27,107.84,0.05,0.87,5.32,108.71,"4,900.99"
1968,01/10/2018,BSR,"20,300","20,300","20,200","20,800","20,000","20,289",-100,-0.49,5.48,111.24,0.00,0.00,5.48,111.24,"4,876.84"
1969,28/09/2018,BSR,"20,500","21,000","20,000","21,000","19,800","20,328",-500,-2.44,6.11,124.12,0.00,0.00,6.11,124.13,"4,828.56"
1970,27/09/2018,BSR,"20,700","20,600","20,900","20,900","20,100","20,530",200,0.97,4.42,90.71,0.00,0.00,4.42,90.71,"5,045.84"
1971,26/09/2018,BSR,"20,600","20,700","20,400","21,400","20,200","20,753",100,0.49,5.50,113.61,0.03,0.59,5.53,114.20,"4,925.13"
1972,25/09/2018,BSR,"19,500","19,900","20,700","20,800","19,900","20,555","1,200",6.15,3.91,80.43,0.00,0.00,3.91,80.43,"4,997.56"
1973,24/09/2018,BSR,"19,300","19,500","19,900","20,000","19,200","19,525",600,3.11,3.44,67.11,0.00,0.00,3.44,67.11,"4,804.42"
1974,21/09/2018,BSR,"19,300","19,500","19,300","19,800","18,800","19,272",0,0.00,4.55,87.58,0.03,0.59,4.58,88.17,"4,659.56"
1975,20/09/2018,BSR,"18,800","19,600","19,600","19,900","18,800","19,348",800,4.26,5.10,98.59,0.40,7.78,5.50,106.37,"4,731.99"
1976,19/09/2018,BSR,"17,600","18,000","18,900","19,300","17,900","18,799","1,300",7.39,8.29,155.77,0.00,0.00,8.29,155.77,"4,562.99"
1977,18/09/2018,BSR,"17,900","17,800","17,900","17,900","17,400","17,580",0,0.00,2.15,37.76,0.20,3.52,2.35,41.28,"4,321.56"
1978,17/09/2018,BSR,"18,000","18,000","17,800","18,200","17,700","17,890",-200,-1.11,2.90,51.87,0.50,9.00,3.40,60.87,"4,297.42"
1979,14/09/2018,BSR,"18,100","18,000","18,000","18,100","17,800","18,008",-100,-0.55,2.44,43.92,0.00,0.00,2.44,43.92,"4,345.70"
1980,13/09/2018,BSR,"17,900","17,900","18,100","18,400","17,900","18,242",200,1.12,2.99,54.28,0.00,0.00,2.99,54.28,"4,369.85"
1981,12/09/2018,BSR,"17,400","17,600","17,800","18,200","17,600","17,897",400,2.30,4.66,83.47,0.00,0.00,4.66,83.47,"4,297.42"
1982,11/09/2018,BSR,"16,800","16,800","17,600","17,800","16,700","17,384",800,4.76,3.90,67.85,0.81,14.06,4.71,81.91,"4,249.13"
1983,10/09/2018,BSR,"16,600","16,800","16,700","17,100","16,600","16,794",100,0.60,1.14,19.12,0.59,10.57,1.73,29.69,"4,031.85"
1984,07/09/2018,BSR,"16,700","16,600","16,800","16,900","16,400","16,827",100,0.60,1.14,18.91,0.21,3.75,1.35,22.66,"4,055.99"
1985,06/09/2018,BSR,"16,800","16,800","16,700","16,900","16,500","16,897",-100,-0.60,1.15,19.23,0.19,3.45,1.34,22.68,"4,031.85"
1986,05/09/2018,BSR,"17,100","17,100","16,800","17,100","16,600","16,848",-300,-1.75,1.09,18.31,0.45,8.15,1.54,26.46,"4,055.99"
1987,04/09/2018,BSR,"17,500","17,400","17,200","17,500","16,900","17,139",-300,-1.71,1.31,22.47,0.03,0.50,1.34,22.96,"4,152.56"
1988,31/08/2018,BSR,"16,900","17,200","17,400","17,800","17,100","17,511",500,2.96,3.29,57.62,0.08,1.37,3.37,58.99,"4,200.85"
1989,30/08/2018,BSR,"16,900","16,900","17,100","17,100","16,600","16,892",200,1.18,1.36,22.90,0.00,0.00,1.36,22.90,"4,128.42"
1990,29/08/2018,BSR,"16,800","16,800","16,600","17,300","16,600","16,933",-200,-1.19,2.24,37.91,0.20,3.60,2.44,41.51,"4,007.70"
1991,28/08/2018,BSR,"17,000","17,000","16,800","17,000","16,700","16,819",-200,-1.18,0.75,12.62,0.01,0.19,0.76,12.82,"4,055.99"
1992,27/08/2018,BSR,"16,600","16,600","16,800","17,300","16,600","16,990",200,1.20,2.01,34.14,0.02,0.39,2.03,34.53,"4,055.99"
1993,24/08/2018,BSR,"16,800","16,700","16,600","16,800","16,500","16,627",-200,-1.19,1.28,21.26,0.00,0.00,1.28,21.26,"4,007.70"
1994,23/08/2018,BSR,"16,900","16,900","16,800","17,000","16,500","16,774",-100,-0.59,1.22,20.39,0.00,0.00,1.22,20.39,"4,055.99"
1995,22/08/2018,BSR,"16,500","16,700","16,700","17,200","16,600","16,866",200,1.21,1.55,26.15,0.00,0.00,1.55,26.15,"4,031.85"
1996,21/08/2018,BSR,"16,500","16,300","16,600","16,700","16,200","16,478",100,0.61,1.64,27.10,0.01,0.07,1.65,27.17,"4,007.70"
1997,20/08/2018,BSR,"16,900","16,900","16,300","16,900","16,200","16,529",-600,-3.55,1.30,21.56,0.00,0.00,1.30,21.56,"3,935.28"
1998,17/08/2018,BSR,"16,700","17,100","16,800","17,300","16,700","16,903",100,0.60,0.96,16.15,0.07,1.40,1.03,17.55,"4,055.99"
1999,16/08/2018,BSR,"17,600","17,400","16,800","17,500","16,000",0,-800,-4.55,2.59,43.23,0.00,0.00,2.59,43.23,"4,055.99"
2000,15/08/2018,BSR,"17,700","17,700","17,100","18,100","17,000","17,579",-600,-3.39,2.30,41.38,0.00,0.00,2.30,41.38,"4,128.42"
2001,14/08/2018,BSR,"18,100","17,900","17,700","18,000","17,400","17,652",-400,-2.21,2.35,41.57,0.07,1.52,2.43,43.09,"4,273.28"
2002,13/08/2018,BSR,"18,100","18,200","17,900","18,600","17,600","18,145",-200,-1.10,1.90,34.41,0.00,0.00,1.90,34.41,"4,321.56"
2003,10/08/2018,BSR,"18,400","18,200","18,200","18,500","17,700","18,126",-200,-1.09,1.75,31.79,0.00,0.00,1.75,31.79,"4,393.99"
2004,09/08/2018,BSR,"17,800","17,900","18,300","18,900","17,900","18,378",500,2.81,2.71,49.73,0.11,2.13,2.81,51.86,"4,418.13"
2005,08/08/2018,BSR,"17,500","17,400","18,000","18,100","17,100","17,705",500,2.86,2.45,43.70,0.09,1.38,2.55,45.08,"4,345.70"
2006,07/08/2018,BSR,"18,100","18,000","17,400","18,000","17,200","17,509",-700,-3.87,1.73,30.24,0.00,0.00,1.73,30.24,"4,200.85"
2007,06/08/2018,BSR,"18,000","18,100","18,000","18,600","17,500","17,838",50,0.28,3.16,57.10,0.00,0.00,3.16,57.10,"4,345.70"
2008,03/08/2018,BSR,"16,800","17,300","18,100","18,300","17,300","18,034","1,300",7.74,3.28,59.07,0.01,0.20,3.29,59.27,"4,369.85"
2009,02/08/2018,BSR,"16,200","16,300","17,300","17,400","16,300","16,846","1,100",6.79,3.39,57.16,0.00,0.00,3.39,57.16,"4,176.70"
2010,01/08/2018,BSR,"15,800","15,700","16,400","16,700","15,700","16,186",600,3.80,2.61,42.29,0.00,0.00,2.61,42.29,"3,959.42"
2011,31/07/2018,BSR,"15,500","15,800","15,700","16,100","15,500","15,797",200,1.29,1.45,22.91,0.00,0.00,1.45,22.91,"3,790.42"
2012,30/07/2018,BSR,"14,900","15,000","15,700","15,800","15,000","15,486",800,5.37,1.74,26.90,0.00,0.00,1.74,26.90,"3,790.42"
2013,27/07/2018,BSR,"14,700","14,900","14,800","15,300","14,700","14,949",600,4.08,0.67,9.95,0.04,0.66,0.71,10.61,"3,573.13"
2014,26/07/2018,BSR,"14,900","14,900","14,700","14,900","14,600","14,700",-200,-1.34,0.18,2.67,0.00,0.00,0.18,2.67,"3,548.99"
2015,25/07/2018,BSR,"14,900","14,900","14,600","15,000","14,600","14,872",-300,-2.01,0.64,9.48,0.00,0.00,0.64,9.48,"3,524.85"
2016,24/07/2018,BSR,"15,500","15,300","14,800","15,400","14,500","14,853",-700,-4.52,1.16,17.22,0.10,1.69,1.26,18.91,"3,573.13"
2017,23/07/2018,BSR,"15,800","15,600","15,500","15,700","15,200","15,486",-300,-1.90,0.94,14.49,0.00,0.00,0.94,14.49,"3,742.13"
2018,20/07/2018,BSR,"15,900","16,000","15,800","16,200","15,600","15,838",-100,-0.63,0.84,13.24,0.00,0.00,0.84,13.24,"3,814.56"
2019,19/07/2018,BSR,"14,700","15,200","15,800","16,700","15,000","15,859","1,100",7.48,2.47,39.09,0.00,0.00,2.47,39.09,"3,814.56"
2020,18/07/2018,BSR,"14,300","14,400","15,000","15,200","14,300","14,755",700,4.90,1.42,20.85,0.80,11.84,2.22,32.69,"3,621.42"
2021,17/07/2018,BSR,"14,500","14,600","14,500","14,700","14,200","14,324",0,0.00,0.45,6.39,0.22,3.17,0.67,9.56,"3,500.71"
2022,16/07/2018,BSR,"14,300","14,600","14,600","15,000","14,300","14,469",300,2.10,0.83,11.98,0.00,0.00,0.83,11.98,"3,524.85"
2023,13/07/2018,BSR,"13,900","14,300","14,400","14,700","14,100","14,335",500,3.60,0.77,11.00,0.00,0.00,0.77,11.00,"3,476.56"
2024,12/07/2018,BSR,"14,400","14,300","14,100","14,300","13,700","13,947",-300,-2.08,0.75,10.41,0.00,0.00,0.75,10.41,"3,404.13"
2025,11/07/2018,BSR,"15,500","15,100","14,300","15,100","14,000","14,399","-1,200",-7.74,2.22,31.91,0.26,4.16,2.48,36.07,"3,452.42"
2026,10/07/2018,BSR,"16,100","15,800","15,100","16,100","15,100","15,502","-1,000",-6.21,2.21,34.32,0.00,0.00,2.21,34.32,"3,645.56"
2027,09/07/2018,BSR,"16,100","16,400","15,900","16,600","15,900","16,062",-200,-1.24,1.28,20.61,0.00,0.00,1.28,20.61,"3,838.70"
2028,06/07/2018,BSR,"16,100","16,000","16,300","16,400","15,700","16,056",200,1.24,0.85,13.59,0.00,0.00,0.85,13.59,"3,935.28"
2029,05/07/2018,BSR,"16,700","16,600","16,100","16,700","15,600","16,136",-600,-3.59,1.98,31.90,0.00,0.00,1.98,31.90,"3,886.99"
2030,04/07/2018,BSR,"17,200","16,700","16,500","17,100","16,500","16,651",-700,-4.07,2.19,36.50,0.00,0.00,2.19,36.50,"3,983.56"
2031,03/07/2018,BSR,"17,500","17,500","16,900","17,600","16,900","17,175",-600,-3.43,2.01,34.45,0.00,0.00,2.01,34.45,"4,080.13"
2032,02/07/2018,BSR,"17,600","17,600","17,600","17,800","17,400","17,489",0,0.00,1.12,19.50,0.00,0.00,1.12,19.50,"4,249.13"
2033,29/06/2018,BSR,"17,600","17,900","18,000","18,000","17,400","17,594",400,2.27,1.47,25.93,0.00,0.00,1.47,25.93,"4,345.70"
2034,28/06/2018,BSR,"17,900","17,900","17,800","18,000","17,500","17,632",-100,-0.56,1.31,23.13,0.00,0.06,1.31,23.19,"4,297.42"
2035,27/06/2018,BSR,"17,900","18,000","18,000","18,200","17,700","17,895",100,0.56,1.43,25.55,0.00,0.00,1.43,25.55,"4,345.70"
2036,26/06/2018,BSR,"18,200","18,200","18,100","18,200","17,800","17,895",-100,-0.55,1.01,18.11,0.00,0.00,1.01,18.11,"4,369.85"
2037,25/06/2018,BSR,"17,700","18,200","18,200","18,500","18,000","18,172",500,2.82,1.05,19.16,0.00,0.00,1.05,19.16,"4,393.99"
2038,22/06/2018,BSR,"17,600","17,600","18,100","18,100","17,500","17,698",500,2.84,1.21,21.34,0.00,0.00,1.21,21.34,"4,369.85"
2039,21/06/2018,BSR,"17,600","18,000","17,700","18,000","17,400","17,599",100,0.57,0.93,16.39,0.00,0.00,0.93,16.39,"4,273.28"
2040,20/06/2018,BSR,"17,500","17,800","17,900","17,900","17,400","17,618",400,2.29,0.71,12.42,0.00,0.00,0.71,12.42,"4,321.56"
2041,19/06/2018,BSR,"18,200","18,100","18,000","18,100","17,000","17,450",-200,-1.10,2.43,42.37,0.00,0.00,2.43,42.37,"4,345.70"
2042,18/06/2018,BSR,"18,600","18,600","18,200","18,700","18,000","18,219",-400,-2.15,1.52,27.72,0.00,0.00,1.52,27.72,"4,393.99"
2043,15/06/2018,BSR,"18,900","18,900","18,800","19,000","18,400","18,608",-100,-0.53,0.79,14.71,0.00,0.00,0.79,14.71,"4,538.85"
2044,14/06/2018,BSR,"18,500","18,700","18,900","19,200","18,600","18,913",400,2.16,1.17,22.04,0.00,0.00,1.17,22.04,"4,562.99"
2045,13/06/2018,BSR,"18,200","18,200","18,500","18,700","18,200","18,454",300,1.65,0.51,9.48,0.00,0.00,0.51,9.48,"4,466.42"
2046,12/06/2018,BSR,"19,000","18,900","18,200","19,000","18,000","18,247",-800,-4.21,1.41,25.70,0.00,0.00,1.41,25.70,"4,393.99"
2047,11/06/2018,BSR,"18,800","19,000","18,800","19,400","18,700","19,035",235,1.25,0.79,15.00,0.05,0.80,0.84,15.80,"4,538.85"
2048,08/06/2018,BSR,"19,200","19,200","19,000","19,200","18,500","18,829",-200,-1.04,0.74,14.02,0.00,0.00,0.74,14.02,"4,587.13"
2049,07/06/2018,BSR,"19,700","19,700","19,000","19,700","18,900","19,225",-700,-3.55,0.74,14.16,0.00,0.00,0.74,14.16,"4,587.13"
2050,06/06/2018,BSR,"19,600","19,800","19,800","20,200","19,500","19,721",200,1.02,0.87,17.07,0.05,1.13,0.92,18.20,"4,780.27"
2051,05/06/2018,BSR,"18,700","18,800","19,800","19,900","18,800","19,554","1,100",5.88,1.22,23.86,0.00,0.00,1.22,23.86,"4,780.27"
2052,04/06/2018,BSR,"18,300","18,500","19,200","19,300","18,200","18,705",900,4.92,1.02,19.02,0.00,0.00,1.02,19.02,"4,635.42"
2053,01/06/2018,BSR,"18,300","18,300","18,400","18,500","18,100","18,315",100,0.55,0.59,10.78,0.00,0.00,0.59,10.78,"4,442.27"
2054,31/05/2018,BSR,"18,100","18,100","18,400","18,600","18,100","18,292",300,1.66,0.99,18.15,0.00,0.00,0.99,18.15,"4,442.27"
2055,30/05/2018,BSR,"18,300","18,200","18,000","18,300","17,700","18,079",-300,-1.64,0.58,10.45,0.00,0.00,0.58,10.45,"4,345.70"
2056,29/05/2018,BSR,"17,900","17,600","18,500","19,000","17,500","18,285",600,3.35,1.33,24.31,0.00,0.00,1.33,24.31,"4,466.42"
2057,28/05/2018,BSR,"19,100","19,000","17,600","19,000","17,000","17,947","-1,500",-7.85,1.42,25.52,0.00,0.00,1.42,25.52,"4,249.13"
2058,25/05/2018,BSR,"19,800","19,800","19,000","19,800","18,800","19,144",-800,-4.04,1.05,20.17,0.00,0.00,1.05,20.17,"4,587.13"
2059,24/05/2018,BSR,"19,700","19,900","20,000","20,200","19,500","19,799",300,1.52,0.77,15.26,0.00,0.00,0.77,15.26,"4,828.56"
2060,23/05/2018,BSR,"19,800","19,500","20,100","20,200","19,300","19,691",300,1.52,0.85,16.77,0.06,1.01,0.91,17.79,"4,852.70"
2061,22/05/2018,BSR,"21,100","20,800","19,700","20,800","19,000","19,563","-1,400",-6.64,1.34,26.49,0.18,3.15,1.51,29.64,"4,756.13"
2062,21/05/2018,BSR,"21,700","21,600","20,500","21,800","20,500","21,070","-1,200",-5.53,0.97,20.40,0.06,1.12,1.03,21.51,"4,949.27"
2063,18/05/2018,BSR,"22,200","22,200","21,600","22,200","21,200","21,661",-600,-2.70,1.04,22.48,0.14,3.00,1.17,25.47,"5,214.84"
2064,17/05/2018,BSR,"22,100","21,900","22,000","22,700","21,800","22,163",-100,-0.45,1.09,24.07,0.42,7.90,1.51,31.96,"5,311.42"
2065,16/05/2018,BSR,"21,800","21,500","21,700","22,700","21,500","22,120",-100,-0.46,1.93,42.65,0.00,0.00,1.93,42.65,"5,238.99"
2066,15/05/2018,BSR,"21,000","20,700","21,800","22,700","20,600","21,757",800,3.81,2.04,44.41,0.00,0.00,2.04,44.41,"5,263.13"
2067,14/05/2018,BSR,"19,600","19,700","20,700","22,100","19,700","20,998","1,100",5.61,1.12,23.54,0.00,0.00,1.12,23.54,"4,997.56"
2068,11/05/2018,BSR,"19,700","17,700","20,600","20,700","17,500","19,551",900,4.57,2.70,52.78,0.00,0.00,2.70,52.78,"4,973.42"
2069,10/05/2018,BSR,"20,200","20,200","19,300","20,500","19,200","19,742",-900,-4.46,0.98,19.30,0.00,0.00,0.98,19.30,"4,659.56"
2070,09/05/2018,BSR,"20,600","20,400","20,200","20,500","19,800","20,188",-400,-1.94,0.76,15.36,0.00,0.00,0.76,15.36,"4,876.84"
2071,08/05/2018,BSR,"20,900","21,200","20,300","21,500","20,200","20,644",-600,-2.87,0.75,15.49,0.00,0.00,0.75,15.49,"4,900.99"
2072,07/05/2018,BSR,"18,700","18,600","21,000","21,500","18,600","20,860","2,300",12.30,2.09,43.53,0.00,0.00,2.09,43.53,"5,069.99"
2073,04/05/2018,BSR,"18,100","18,100","18,600","19,000","18,100","18,658",500,2.76,1.33,24.83,0.07,1.30,1.40,26.13,"4,490.56"
2074,03/05/2018,BSR,"19,100","18,200","18,400","18,400","17,800","18,115",-700,-3.66,1.67,30.27,0.00,0.00,1.67,30.27,"4,442.27"
2075,02/05/2018,BSR,"19,800","19,800","18,300","20,000","18,200","19,143","-1,500",-7.58,1.16,22.24,0.00,0.00,1.16,22.24,"4,418.13"
2076,27/04/2018,BSR,"20,300","20,100","20,100","20,300","19,300","19,353",-200,-0.99,1.04,20.58,0.25,4.33,1.29,24.90,"4,852.70"
2077,26/04/2018,BSR,"21,400","21,300","19,900","21,500","19,400","20,318","-1,500",-7.01,1.13,23.05,0.03,0.55,1.16,23.59,"4,804.42"
2078,24/04/2018,BSR,"22,100","21,900","21,300","22,300","21,200","21,392",-800,-3.62,0.85,18.15,0.00,0.00,0.85,18.15,"5,142.42"
2079,23/04/2018,BSR,"21,400","21,800","21,800","22,600","21,500","22,085",400,1.87,0.82,18.07,0.11,2.42,0.93,20.49,"5,263.13"
2080,20/04/2018,BSR,"21,800","21,500","21,600","21,800","21,100","21,366",-200,-0.92,0.82,17.52,0.03,0.75,0.85,18.27,"5,214.84"
2081,19/04/2018,BSR,"22,800","22,300","21,300","22,800","21,200","21,848","-1,500",-6.58,1.12,24.49,0.00,0.00,1.12,24.49,"5,142.42"
2082,18/04/2018,BSR,"23,100","23,100","22,500","23,100","22,400","22,765",-600,-2.60,0.58,13.27,0.00,0.00,0.58,13.27,"5,432.13"
2083,17/04/2018,BSR,"22,900","22,800","23,100","23,300","22,800","23,054",200,0.87,0.86,19.72,0.00,0.00,0.86,19.72,"5,576.99"
2084,16/04/2018,BSR,"22,900","22,900","23,000","23,400","22,300","22,891",100,0.44,1.53,35.04,0.00,0.00,1.53,35.04,"5,552.84"
2085,13/04/2018,BSR,"23,000","23,000","22,900","23,500","22,500","22,921",-100,-0.43,1.11,25.45,0.01,0.26,1.12,25.71,"5,528.70"
2086,12/04/2018,BSR,"23,500","23,500","23,100","23,500","22,800","23,013",-400,-1.70,1.29,29.58,0.00,0.00,1.29,29.58,"5,576.99"
2087,11/04/2018,BSR,"23,700","23,900","23,500","24,000","23,100","23,521",-200,-0.84,1.12,26.26,0.00,0.00,1.12,26.26,"5,673.56"
2088,10/04/2018,BSR,"23,500","24,300","23,500","24,300","23,400","23,747",240,1.02,1.10,26.23,0.05,1.09,1.15,27.31,"5,673.56"
2089,09/04/2018,BSR,"23,900","24,000","24,000","24,000","23,100","23,503",100,0.42,1.72,40.39,0.55,12.87,2.27,53.26,"5,794.27"
2090,06/04/2018,BSR,"24,400","24,400","23,900","25,000","23,600","23,870",-500,-2.05,2.34,55.91,0.13,3.26,2.47,59.17,"5,770.13"
2091,05/04/2018,BSR,"24,900","25,000","24,300","25,000","24,100","24,379",-600,-2.41,1.95,47.64,0.00,0.00,1.95,47.64,"5,866.70"
2092,04/04/2018,BSR,"25,600","25,500","25,000","25,500","24,500","24,883",-600,-2.34,2.11,52.60,0.00,0.00,2.11,52.60,"6,035.70"
2093,03/04/2018,BSR,"26,400","26,000","25,400","26,500","25,200","25,587","-1,000",-3.79,2.18,55.84,0.00,0.00,2.18,55.84,"6,132.27"
2094,02/04/2018,BSR,"26,300","26,600","26,300","27,200","25,900","26,359",59,0.22,1.82,47.91,0.00,0.00,1.82,47.91,"6,349.56"
2095,30/03/2018,BSR,"25,700","25,700","26,600","26,600","25,600","26,243",800,3.11,1.11,24.83,0.00,0.00,1.11,24.83,"6,421.98"
2096,29/03/2018,BSR,"25,800","25,800","25,700","26,100","25,500","25,733",-100,-0.39,0.73,18.76,0.00,0.00,0.73,18.76,"6,204.70"
2097,28/03/2018,BSR,"26,300","26,000","25,700","26,100","25,500","25,803",-600,-2.28,1.11,28.68,0.00,0.00,1.11,28.68,"6,204.70"
2098,27/03/2018,BSR,"26,200","26,000","26,100","26,700","26,000","26,273",-100,-0.38,1.03,26.95,0.00,0.00,1.03,26.95,"6,301.27"
2099,26/03/2018,BSR,"26,200","26,200","26,000","26,900","25,900","26,192",-200,-0.76,0.92,24.00,0.02,0.49,0.94,24.49,"6,277.13"
2100,23/03/2018,BSR,"27,100","26,600","26,300","26,600","25,600","26,163",-800,-2.95,1.51,39.41,0.10,2.51,1.61,41.92,"6,349.56"
2101,22/03/2018,BSR,"27,500","27,500","26,900","27,600","26,700","27,050",-600,-2.18,1.20,32.45,0.01,0.12,1.20,32.57,"6,494.41"
2102,21/03/2018,BSR,"27,000","27,500","27,400","27,700","27,200","27,478",400,1.48,1.27,34.91,0.00,0.00,1.27,34.91,"6,615.13"
2103,20/03/2018,BSR,"26,300","26,000","27,300","27,700","25,500","27,016","1,000",3.80,3.15,85.11,0.08,2.40,3.23,87.51,"6,590.98"
2104,19/03/2018,BSR,"27,000","27,100","26,000","27,200","25,900","26,305","-1,000",-3.70,2.11,55.54,0.02,0.46,2.13,56.00,"6,277.13"
2105,16/03/2018,BSR,"27,100","27,100","27,000","27,500","26,800","27,041",-100,-0.37,1.21,32.81,0.00,0.00,1.21,32.81,"6,518.56"
2106,15/03/2018,BSR,"26,600","26,700","27,000","27,900","25,900","27,058",400,1.50,2.59,70.00,0.00,0.01,2.59,70.01,"6,518.56"
2107,14/03/2018,BSR,"28,000","28,000","26,500","28,000","25,800","26,618","-1,500",-5.36,5.33,141.86,0.05,1.19,5.38,143.05,"6,397.84"
2108,13/03/2018,BSR,"28,900","28,900","28,000","28,900","27,800","28,032",-900,-3.11,1.47,41.21,0.02,0.37,1.48,41.58,"6,759.98"
2109,12/03/2018,BSR,"29,300","29,500","28,600","29,700","28,000","28,429",-700,-2.39,1.90,54.80,0.34,8.65,2.23,63.45,"6,904.84"
2110,09/03/2018,BSR,"29,000","28,400","29,000","30,200","28,400","29,279",279,0.96,3.01,88.08,0.08,2.31,3.08,90.39,"7,001.41"
2111,08/03/2018,BSR,"30,500","30,300","28,500","30,300","28,000","28,992","-2,000",-6.56,2.38,69.10,0.04,1.04,2.42,70.14,"6,880.70"
2112,07/03/2018,BSR,"30,700","30,700","29,900","31,500","29,600","30,439",-800,-2.61,2.77,84.53,0.05,1.31,2.82,85.84,"7,218.70"
2113,06/03/2018,BSR,"31,400","31,000","30,900","31,500","30,000","30,691",-500,-1.59,3.13,96.86,0.03,0.73,3.16,97.59,"7,460.12"
2114,05/03/2018,BSR,"32,700","33,000","31,000","33,000","30,900","31,304","-1,700",-5.20,4.08,131.42,0.12,3.24,4.20,134.66,"7,484.27"
2115,02/03/2018,BSR,"30,600","33,100","31,300","33,800","31,000","31,477","2,053",6.71,7.70,301.71,2.23,60.13,9.93,361.84,"7,556.70"
2116,01/03/2018,BSR,"22,400","31,300","31,300","31,300","29,200","30,638","8,900",39.73,14.16,433.92,0.00,0.00,14.16,433.92,"7,556.70"
