No,Date,Ticker,Reference,Open_price,Close_price,Highest_price,Lowest_price,Average,Change,Change_percent,Matched_volume,Matched_value,Negotiated_volume,Negotiated_value,Total_volume,Total_value,Market_cap
1,28/08/2026,CTG,"31,900","32,050","31,950","32,350","31,800","32,072",50,0.16,7.72,247.56,0.00,0.00,7.72,247.56,"248,153.88"
2,27/08/2026,CTG,"31,850","31,850","31,900","32,200","31,750","31,889",50,0.16,6.37,203.04,0.61,18.99,6.98,222.02,"247,765.53"
3,26/08/2026,CTG,"31,500","31,400","31,850","31,850","31,150","31,428",350,1.11,12.13,381.64,0.17,5.53,12.31,387.17,"247,377.19"
4,25/08/2026,CTG,"31,800","31,800","31,500","31,900","31,350","31,608",-300,-0.94,7.93,250.54,3.02,96.10,10.95,346.64,"244,658.76"
5,24/08/2026,CTG,"32,150","32,250","31,800","32,350","31,800","31,951",-350,-1.09,7.22,230.70,0.12,3.77,7.34,234.47,"246,988.84"
6,21/08/2026,CTG,"31,400","31,400","32,150","32,250","31,200","31,767",750,2.39,6.43,204.67,0.02,0.70,6.45,205.36,"249,707.27"
7,20/08/2026,CTG,"31,000","31,200","31,400","31,400","31,150","31,299",400,1.29,2.81,87.90,1.58,49.60,4.39,137.50,"243,882.06"
8,19/08/2026,CTG,"31,550","31,550","31,000","31,550","30,900","31,143",-550,-1.74,5.84,181.67,0.00,0.00,5.84,181.67,"240,775.28"
9,18/08/2026,CTG,"31,500","31,500","31,550","31,900","31,400","31,613",50,0.16,4.29,135.60,0.93,30.11,5.21,165.71,"245,047.10"
10,17/08/2026,CTG,"31,450","31,450","31,500","31,700","31,200","31,428",50,0.16,4.27,134.13,0.00,0.00,4.27,134.13,"244,658.76"
11,14/08/2026,CTG,"32,150","32,150","31,450","32,150","31,350","31,682",-700,-2.18,7.92,250.95,2.73,91.43,10.65,342.38,"244,270.41"
12,13/08/2026,CTG,"32,200","32,350","32,150","32,800","32,150","32,473",-50,-0.16,8.77,284.84,0.50,15.29,9.27,300.13,"249,707.27"
13,12/08/2026,CTG,"32,300","32,350","32,200","32,450","32,100","32,259",-100,-0.31,5.08,163.81,2.71,90.63,7.78,254.44,"250,095.62"
14,11/08/2026,CTG,"32,800","32,500","32,300","32,800","32,300","32,535",-500,-1.52,7.73,251.39,0.10,3.20,7.82,254.60,"250,872.31"
15,10/08/2026,CTG,"32,500","32,800","32,800","32,950","32,600","32,729",300,0.92,7.08,231.63,0.00,0.00,7.08,231.63,"254,755.78"
16,07/08/2026,CTG,"31,350","31,450","32,500","33,000","31,350","32,378","1,150",3.67,14.93,483.68,0.03,0.80,14.96,484.48,"252,425.70"
17,06/08/2026,CTG,"31,850","31,800","31,350","31,850","31,300","31,616",-500,-1.57,5.72,180.71,0.12,3.81,5.84,184.52,"243,493.71"
18,05/08/2026,CTG,"31,850","32,100","31,850","32,300","31,750","32,006",0,0.00,9.43,301.66,0.00,0.00,9.43,301.66,"247,377.19"
19,04/08/2026,CTG,"31,800","31,900","31,850","32,000","31,650","31,813",50,0.16,7.57,240.90,0.19,6.02,7.76,246.91,"247,377.19"
20,03/08/2026,CTG,"30,800","31,200","31,800","32,000","31,050","31,633","1,000",3.25,11.30,357.86,0.00,0.00,11.30,357.86,"246,988.84"
21,31/07/2026,CTG,"30,450","30,800","30,800","32,000","30,550","31,192",350,1.15,15.29,477.35,0.16,5.14,15.46,482.49,"239,221.89"
22,30/07/2026,CTG,"29,350","29,450","30,450","30,600","29,350","30,083","1,100",3.75,11.11,334.23,0.04,1.09,11.15,335.33,"236,503.46"
23,29/07/2026,CTG,"29,000","29,250","29,350","29,500","29,100","29,274",350,1.21,9.18,268.80,0.00,0.00,9.18,268.80,"227,959.83"
24,28/07/2026,CTG,"28,750","28,400","29,000","29,200","28,400","28,825",250,0.87,4.95,142.94,0.00,0.00,4.95,142.94,"225,241.39"
25,27/07/2026,CTG,"29,000","29,300","28,750","29,600","28,750","29,145",-250,-0.86,6.45,187.82,0.16,4.88,6.61,192.70,"223,299.66"
26,24/07/2026,CTG,"29,050","29,050","29,000","29,600","28,650","29,101",-50,-0.17,7.64,222.08,0.00,0.00,7.64,222.08,"225,241.39"
27,23/07/2026,CTG,"29,250","29,150","29,050","29,850","28,400","29,109",-200,-0.68,11.43,333.28,0.60,16.35,12.03,349.63,"225,629.74"
28,22/07/2026,CTG,"30,900","31,150","29,700","31,150","29,700","30,306","-1,200",-3.88,15.79,479.71,0.02,0.62,15.81,480.32,"230,678.26"
29,21/07/2026,CTG,"30,800","30,600","30,900","31,150","30,600","30,859",100,0.32,5.59,172.56,1.14,36.44,6.73,209.00,"239,998.59"
30,20/07/2026,CTG,"32,000","31,900","30,800","31,900","30,500","31,122","-1,200",-3.75,11.37,353.64,0.07,2.33,11.44,355.96,"239,221.89"
31,17/07/2026,CTG,"32,300","32,250","32,000","32,350","31,950","32,042",-300,-0.93,3.65,117.05,0.92,30.18,4.57,147.23,"248,542.23"
32,16/07/2026,CTG,"32,150","32,100","32,300","32,350","31,450","31,884",150,0.47,10.47,333.75,0.12,3.66,10.59,337.42,"250,872.31"
33,15/07/2026,CTG,"32,600","32,700","32,150","32,750","32,150","32,326",-450,-1.38,6.52,210.58,0.88,29.04,7.40,239.62,"249,707.27"
34,14/07/2026,CTG,"32,600","32,550","32,600","32,800","32,100","32,531",0,0.00,11.19,362.72,0.12,3.68,11.31,366.40,"253,202.40"
35,13/07/2026,CTG,"33,700","33,700","32,600","33,700","32,500","32,912","-1,100",-3.26,17.29,568.80,0.00,0.00,17.29,568.80,"253,202.40"
36,10/07/2026,CTG,"34,050","34,200","33,700","34,300","33,700","33,917",-350,-1.03,5.51,186.83,2.12,72.95,7.63,259.78,"261,746.03"
37,09/07/2026,CTG,"34,500","34,400","34,050","34,500","34,050","34,235",-450,-1.30,5.37,183.93,2.95,100.02,8.32,283.96,"264,464.46"
38,08/07/2026,CTG,"34,250","34,250","34,500","34,700","34,250","34,527",250,0.73,8.71,300.81,1.19,41.00,9.90,341.82,"267,959.59"
39,07/07/2026,CTG,"34,150","34,150","34,250","34,250","33,900","34,078",100,0.29,4.77,162.59,2.95,100.42,7.72,263.01,"266,017.85"
40,06/07/2026,CTG,"34,150","34,400","34,150","34,750","33,650","34,332",0,0.00,10.59,363.67,0.00,0.00,10.59,363.67,"265,241.16"
41,03/07/2026,CTG,"34,250","34,350","34,150","34,450","34,000","34,147",-100,-0.29,7.21,246.35,0.00,0.00,7.21,246.35,"265,241.16"
42,02/07/2026,CTG,"34,400","34,450","34,250","34,550","34,050","34,273",-150,-0.44,5.07,173.79,0.00,0.00,5.07,173.79,"266,017.85"
43,01/07/2026,CTG,"33,950","34,050","34,400","34,650","34,050","34,377",450,1.33,7.09,243.87,0.22,7.74,7.31,251.61,"267,182.90"
44,30/06/2026,CTG,"33,900","33,900","33,950","34,300","33,900","34,104",50,0.15,6.87,234.12,0.10,3.40,6.97,237.52,"263,687.77"
45,29/06/2026,CTG,"33,600","33,650","33,900","34,050","33,650","33,921",300,0.89,9.09,308.28,0.22,7.74,9.31,316.02,"263,299.42"
46,26/06/2026,CTG,"33,500","33,500","33,600","33,600","33,400","33,515",100,0.30,4.01,134.25,0.07,2.51,4.08,136.76,"260,969.34"
47,25/06/2026,CTG,"33,900","33,750","33,500","33,800","33,500","33,601",-400,-1.18,8.59,288.57,3.06,103.62,11.65,392.20,"260,192.65"
48,24/06/2026,CTG,"34,000","33,900","33,900","34,100","33,550","33,702",-100,-0.29,7.49,252.53,0.39,14.17,7.88,266.70,"263,299.42"
49,23/06/2026,CTG,"33,850","34,000","34,000","34,500","34,000","34,228",150,0.44,9.42,322.47,3.06,104.04,12.48,426.51,"264,076.12"
50,22/06/2026,CTG,"33,750","33,900","33,850","34,000","33,800","33,906",100,0.30,3.16,107.29,0.03,1.04,3.19,108.33,"262,911.08"
51,19/06/2026,CTG,"33,950","34,000","33,750","34,050","33,700","33,833",-200,-0.59,3.73,126.10,0.35,11.67,4.07,137.76,"262,134.38"
52,18/06/2026,CTG,"34,300","34,350","33,950","34,450","33,850","34,040",-350,-1.02,4.52,153.92,0.32,11.74,4.84,165.67,"263,687.77"
53,17/06/2026,CTG,"33,700","33,700","34,300","34,450","33,600","33,997",600,1.78,11.48,390.70,0.11,3.95,11.59,394.66,"266,406.20"
54,16/06/2026,CTG,"33,700","33,850","33,700","33,900","33,650","33,716",0,0.00,4.93,166.20,0.00,0.00,4.93,166.20,"261,746.03"
55,15/06/2026,CTG,"33,400","33,750","33,700","33,950","33,550","33,711",300,0.90,7.02,236.47,0.11,3.80,7.13,240.27,"261,746.03"
56,12/06/2026,CTG,"33,350","33,550","33,400","33,650","33,400","33,500",50,0.15,4.91,164.46,0.16,5.34,5.07,169.80,"259,415.95"
57,11/06/2026,CTG,"33,500","33,350","33,350","33,450","33,250","33,344",-150,-0.45,3.91,130.45,0.04,1.12,3.95,131.57,"259,027.60"
58,10/06/2026,CTG,"33,400","33,600","33,500","33,800","33,450","33,587",100,0.30,3.64,122.11,0.18,5.99,3.82,128.10,"260,192.65"
59,09/06/2026,CTG,"33,250","33,300","33,400","33,450","33,250","33,379",150,0.45,3.61,120.47,0.03,1.05,3.64,121.52,"259,415.95"
60,08/06/2026,CTG,"33,900","33,350","33,250","33,700","33,250","33,412",-650,-1.92,10.72,357.93,0.32,11.10,11.04,369.03,"258,250.91"
61,05/06/2026,CTG,"34,100","34,100","33,900","34,350","33,900","34,021",-200,-0.59,4.08,138.87,0.03,1.06,4.11,139.93,"263,299.42"
62,04/06/2026,CTG,"33,950","34,000","34,100","34,400","33,900","34,069",150,0.44,4.29,146.07,0.16,5.43,4.45,151.50,"264,852.81"
63,03/06/2026,CTG,"33,850","33,800","33,950","34,100","33,700","33,936",100,0.30,6.50,220.75,0.00,0.00,6.50,220.75,"263,687.77"
64,02/06/2026,CTG,"34,550","34,550","33,850","34,700","33,800","34,093",-700,-2.03,16.87,574.55,0.00,0.00,16.87,574.55,"262,911.08"
65,01/06/2026,CTG,"34,800","35,050","34,550","35,050","34,550","34,771",-250,-0.72,5.79,201.28,0.15,5.57,5.94,206.85,"268,347.94"
66,29/05/2026,CTG,"34,850","34,900","34,800","35,000","34,700","34,818",-50,-0.14,8.35,290.67,1.15,39.96,9.50,330.63,"270,289.67"
67,28/05/2026,CTG,"35,350","35,350","34,850","35,500","34,850","35,049",-500,-1.41,6.01,210.68,0.15,5.57,6.16,216.24,"270,678.02"
68,27/05/2026,CTG,"35,250","35,300","35,350","35,500","35,200","35,348",100,0.28,7.37,260.64,3.36,116.87,10.73,377.51,"274,561.49"
69,26/05/2026,CTG,"34,800","34,900","35,250","35,300","34,900","35,059",450,1.29,6.37,223.45,0.00,0.00,6.37,223.45,"273,784.80"
70,25/05/2026,CTG,"34,800","35,150","34,800","35,250","34,800","34,957",0,0.00,4.09,143.04,2.60,90.48,6.69,233.52,"270,289.67"
71,22/05/2026,CTG,"34,950","34,900","34,800","34,950","34,600","34,780",-150,-0.43,8.75,304.48,0.03,0.82,8.78,305.30,"270,289.67"
72,21/05/2026,CTG,"35,200","35,400","34,950","35,500","34,850","35,066",-250,-0.71,9.58,335.85,0.14,4.98,9.71,340.84,"271,454.72"
73,20/05/2026,CTG,"35,800","35,750","35,200","35,900","34,300","35,085",-600,-1.68,12.36,433.65,0.03,0.89,12.39,434.54,"273,396.45"
74,19/05/2026,CTG,"36,300","36,550","35,800","36,800","35,500","36,169",-500,-1.38,15.68,567.82,0.20,7.13,15.88,574.95,"278,056.62"
75,18/05/2026,CTG,"35,800","35,600","36,300","36,700","35,250","36,030",500,1.40,18.92,682.35,0.03,0.95,18.94,683.30,"281,940.09"
76,15/05/2026,CTG,"35,950","36,250","35,800","36,300","35,400","35,689",-150,-0.42,10.37,370.15,0.08,2.71,10.45,372.86,"278,056.62"
77,14/05/2026,CTG,"35,550","35,650","35,950","36,200","35,600","35,929",400,1.13,9.12,327.75,0.83,29.45,9.94,357.19,"279,221.66"
78,13/05/2026,CTG,"35,250","35,250","35,550","35,750","35,000","35,313",300,0.85,9.70,342.54,0.08,2.96,9.78,345.50,"276,114.88"
79,12/05/2026,CTG,"35,600","35,650","35,250","35,650","35,000","35,245",-350,-0.98,8.81,310.43,0.06,2.20,8.87,312.63,"273,784.80"
80,11/05/2026,CTG,"36,200","36,300","35,600","36,300","35,600","35,890",-600,-1.66,7.07,253.92,0.08,2.71,7.15,256.62,"276,503.23"
81,08/05/2026,CTG,"35,800","35,950","36,200","36,700","35,900","36,363",400,1.12,18.25,663.64,0.00,0.00,18.25,663.64,"281,163.40"
82,07/05/2026,CTG,"35,550","35,650","35,800","36,000","35,500","35,701",250,0.70,10.66,380.52,0.12,4.19,10.78,384.71,"278,056.62"
83,06/05/2026,CTG,"35,300","35,300","35,550","35,550","35,000","35,274",250,0.71,10.17,358.85,0.11,4.09,10.29,362.94,"276,114.88"
84,05/05/2026,CTG,"35,350","35,300","35,300","35,300","34,850","35,034",-50,-0.14,5.73,200.88,0.12,4.11,5.85,204.99,"274,173.15"
85,04/05/2026,CTG,"34,950","35,400","35,350","35,700","35,200","35,367",400,1.14,8.32,294.16,0.24,8.54,8.56,302.71,"274,561.49"
86,29/04/2026,CTG,"34,800","35,000","34,950","35,100","34,750","34,875",150,0.43,6.65,231.93,0.05,1.70,6.70,233.63,"271,454.72"
87,28/04/2026,CTG,"35,000","35,300","34,800","35,350","34,700","34,943",-200,-0.57,6.95,243.00,0.12,4.45,7.07,247.45,"270,289.67"
88,24/04/2026,CTG,"35,500","35,600","35,000","35,700","35,000","35,163",-500,-1.41,4.78,168.22,1.06,37.29,5.84,205.51,"271,843.06"
89,23/04/2026,CTG,"34,900","34,800","35,500","36,800","34,800","35,766",600,1.72,22.30,797.45,0.08,3.06,22.38,800.51,"275,726.53"
90,22/04/2026,CTG,"34,850","34,900","34,900","35,100","34,800","34,902",50,0.14,4.00,139.55,0.62,21.78,4.62,161.33,"271,066.37"
91,21/04/2026,CTG,"35,100","35,300","34,850","35,450","34,850","35,140",-250,-0.71,5.81,204.17,0.09,2.99,5.89,207.16,"270,678.02"
92,20/04/2026,CTG,"34,850","34,950","35,100","35,300","34,900","35,095",250,0.72,6.02,211.30,0.08,2.87,6.10,214.17,"272,619.76"
93,17/04/2026,CTG,"34,600","34,700","34,850","34,900","34,550","34,732",250,0.72,3.78,131.23,0.12,4.07,3.89,135.30,"270,678.02"
94,16/04/2026,CTG,"35,050","35,150","34,600","35,150","34,500","34,726",-450,-1.28,5.77,200.48,1.00,34.81,6.78,235.29,"268,736.28"
95,15/04/2026,CTG,"34,900","35,200","35,050","35,300","34,850","35,071",150,0.43,5.59,195.94,0.12,4.07,5.70,200.01,"272,231.41"
96,14/04/2026,CTG,"34,800","35,100","34,900","35,150","34,800","34,907",100,0.29,5.47,190.78,0.12,4.46,5.59,195.24,"271,066.37"
97,13/04/2026,CTG,"35,000","34,800","34,800","35,000","34,550","34,792",-200,-0.57,4.30,149.81,0.16,5.64,4.46,155.45,"270,289.67"
98,10/04/2026,CTG,"35,000","35,250","35,000","35,800","35,000","35,436",0,0.00,8.03,284.59,0.55,19.23,8.58,303.81,"271,843.06"
99,09/04/2026,CTG,"35,500","35,050","35,000","35,300","34,800","35,039",-500,-1.41,6.31,221.03,0.12,4.05,6.42,225.08,"271,843.06"
100,08/04/2026,CTG,"33,700","34,800","35,500","35,500","34,300","34,911","1,800",5.34,13.34,465.66,0.09,3.09,13.43,468.75,"275,726.53"
101,07/04/2026,CTG,"33,700","33,750","33,700","33,850","33,500","33,653",0,0.00,4.96,166.72,0.15,5.29,5.11,172.01,"261,746.03"
102,06/04/2026,CTG,"33,800","33,750","33,700","34,050","33,550","33,729",-100,-0.30,6.07,204.82,0.04,1.14,6.11,205.96,"261,746.03"
103,03/04/2026,CTG,"34,300","34,400","33,800","34,500","33,800","34,018",-500,-1.46,8.63,293.26,0.12,4.06,8.74,297.31,"262,522.73"
104,02/04/2026,CTG,"34,750","34,450","34,300","34,550","34,100","34,296",-450,-1.29,6.25,214.40,0.17,5.74,6.42,220.14,"266,406.20"
105,01/04/2026,CTG,"34,600","35,200","34,750","35,300","34,650","34,876",150,0.43,8.26,287.86,0.11,3.75,8.36,291.61,"269,901.33"
106,31/03/2026,CTG,"34,050","34,400","34,600","34,650","34,100","34,401",550,1.62,7.39,254.50,0.03,0.98,7.42,255.48,"268,736.28"
107,30/03/2026,CTG,"34,800","34,100","34,050","34,750","33,900","34,170",-750,-2.16,6.06,207.18,0.04,1.49,6.10,208.67,"264,464.46"
108,27/03/2026,CTG,"33,800","33,700","34,800","35,000","33,600","34,353","1,000",2.96,12.07,413.87,0.00,0.00,12.07,413.87,"270,289.67"
109,26/03/2026,CTG,"34,050","34,050","33,800","34,100","33,450","33,671",-250,-0.73,5.74,193.28,0.00,0.00,5.74,193.28,"262,522.73"
110,25/03/2026,CTG,"33,550","33,750","34,050","34,100","33,700","33,896",500,1.49,6.24,211.61,0.07,2.33,6.31,213.94,"264,464.46"
111,24/03/2026,CTG,"32,500","33,300","33,550","33,950","33,100","33,459","1,050",3.23,6.41,214.44,0.00,0.00,6.41,214.44,"260,580.99"
112,23/03/2026,CTG,"33,600","33,200","32,500","33,200","32,000","32,637","-1,100",-3.27,13.24,431.99,0.00,0.00,13.24,431.99,"252,425.70"
113,20/03/2026,CTG,"34,650","34,550","33,600","34,600","33,600","33,996","-1,050",-3.03,10.71,363.72,0.42,14.34,11.13,378.06,"260,969.34"
114,19/03/2026,CTG,"35,000","34,500","34,650","34,800","34,300","34,542",-350,-1.00,7.53,260.19,0.00,0.00,7.53,260.19,"269,124.63"
115,18/03/2026,CTG,"34,400","34,600","35,000","35,750","34,600","35,084",600,1.74,12.55,440.53,0.06,2.25,12.61,442.78,"271,843.06"
116,17/03/2026,CTG,"34,150","34,450","34,400","34,800","34,400","34,601",250,0.73,7.18,248.45,0.00,0.00,7.18,248.45,"267,182.90"
117,16/03/2026,CTG,"34,000","34,050","34,150","34,500","34,000","34,138",150,0.44,5.16,176.17,0.03,1.01,5.19,177.19,"265,241.16"
118,13/03/2026,CTG,"34,300","34,300","34,000","34,500","33,950","34,127",-300,-0.87,8.28,282.64,0.00,0.00,8.28,282.64,"264,076.12"
119,12/03/2026,CTG,"35,100","34,800","34,300","34,900","34,250","34,492",-800,-2.28,12.91,445.30,0.10,3.44,13.01,448.73,"266,406.20"
120,11/03/2026,CTG,"35,050","35,000","35,100","35,600","34,700","35,079",50,0.14,12.88,452.28,0.00,0.00,12.88,452.28,"272,619.76"
121,10/03/2026,CTG,"33,200","34,200","35,050","35,150","33,600","34,471","1,850",5.57,24.98,862.50,0.00,0.00,24.98,862.50,"272,231.41"
122,09/03/2026,CTG,"35,650","33,200","33,200","33,500","33,200","33,207","-2,450",-6.87,17.77,590.11,0.00,0.00,17.77,590.11,"257,862.56"
123,06/03/2026,CTG,"36,200","35,900","35,650","36,300","35,650","35,883",-550,-1.52,8.53,306.06,0.15,5.70,8.68,311.76,"276,891.58"
124,05/03/2026,CTG,"36,400","37,000","36,200","37,100","36,200","36,577",-200,-0.55,8.02,293.48,0.00,0.00,8.02,293.48,"281,163.40"
125,04/03/2026,CTG,"35,900","35,750","36,400","36,700","35,450","35,973",500,1.39,19.45,699.79,0.28,10.23,19.74,710.01,"282,716.78"
126,03/03/2026,CTG,"36,850","36,800","35,900","37,300","35,900","36,478",-950,-2.58,21.25,774.81,0.94,36.21,22.19,811.02,"278,833.31"
127,02/03/2026,CTG,"38,250","37,500","36,850","37,850","36,850","37,428","-1,400",-3.66,25.73,962.95,0.00,0.00,25.73,962.95,"286,211.91"
128,27/02/2026,CTG,"38,500","38,450","38,250","38,450","38,050","38,183",-250,-0.65,8.89,339.42,2.07,79.45,10.96,418.86,"297,085.63"
129,26/02/2026,CTG,"38,500","38,550","38,500","38,750","38,050","38,250",0,0.00,11.49,439.71,0.00,0.00,11.49,439.71,"299,027.37"
130,25/02/2026,CTG,"38,200","38,350","38,500","39,100","38,200","38,644",300,0.79,10.57,408.58,0.13,5.12,10.70,413.69,"299,027.37"
131,24/02/2026,CTG,"38,700","38,550","38,200","38,700","38,050","38,324",-500,-1.29,12.13,464.95,0.05,2.03,12.19,466.98,"296,697.29"
132,23/02/2026,CTG,"38,600","38,950","38,700","39,000","38,550","38,791",100,0.26,8.38,324.99,0.13,5.04,8.51,330.03,"300,580.76"
133,13/02/2026,CTG,"38,000","38,000","38,600","38,600","37,700","38,088",600,1.58,9.26,353.04,0.50,19.13,9.76,372.17,"299,804.06"
134,12/02/2026,CTG,"37,900","38,300","38,000","38,300","37,750","38,048",100,0.26,8.66,329.37,0.13,4.88,8.79,334.25,"295,143.90"
135,11/02/2026,CTG,"37,100","37,450","37,900","38,250","37,300","37,913",800,2.16,13.72,520.57,0.02,0.79,13.74,521.37,"294,367.20"
136,10/02/2026,CTG,"37,100","37,500","37,100","37,600","36,650","37,084",0,0.00,12.65,469.00,0.20,7.61,12.85,476.61,"288,153.65"
137,09/02/2026,CTG,"37,400","37,700","37,100","37,850","36,800","37,280",-300,-0.80,9.92,369.48,0.00,0.00,9.92,369.48,"288,153.65"
138,06/02/2026,CTG,"38,600","38,200","37,400","38,350","37,400","37,859","-1,200",-3.11,24.84,940.33,0.04,1.59,24.88,941.92,"290,483.73"
139,05/02/2026,CTG,"39,600","39,650","38,600","39,700","38,600","38,969","-1,000",-2.53,16.07,626.02,0.29,11.56,16.36,637.58,"299,804.06"
140,04/02/2026,CTG,"39,700","39,900","39,600","39,900","39,150","39,469",-100,-0.25,18.23,719.74,0.04,1.75,18.28,721.49,"307,571.01"
141,03/02/2026,CTG,"39,350","39,750","39,700","40,300","39,300","39,802",350,0.89,23.67,942.09,0.48,18.74,24.15,960.82,"308,347.70"
142,02/02/2026,CTG,"38,750","38,800","39,350","39,800","38,700","39,267",600,1.55,23.38,918.50,0.04,1.79,23.43,920.29,"305,629.27"
143,30/01/2026,CTG,"38,300","38,200","38,750","39,000","37,800","38,315",450,1.17,28.47,"1,091.84",0.08,3.06,28.55,"1,094.90","300,969.10"
144,29/01/2026,CTG,"38,400","38,500","38,300","38,900","38,100","38,431",-100,-0.26,10.03,385.50,0.14,5.46,10.17,390.96,"297,473.98"
145,28/01/2026,CTG,"38,250","38,350","38,400","39,650","38,300","38,822",150,0.39,15.31,595.09,0.23,8.30,15.54,603.39,"298,250.67"
146,27/01/2026,CTG,"38,200","38,200","38,250","38,650","38,100","38,308",50,0.13,12.60,482.96,0.33,12.33,12.93,495.29,"297,085.63"
147,26/01/2026,CTG,"39,000","39,050","38,200","39,150","38,050","38,616",-800,-2.05,17.22,664.82,0.31,11.77,17.53,676.59,"296,697.29"
148,23/01/2026,CTG,"39,900","40,000","39,000","40,050","38,850","39,395",-900,-2.26,17.98,708.16,0.19,7.45,18.17,715.62,"302,910.84"
149,22/01/2026,CTG,"40,200","40,400","39,900","41,300","39,850","40,558",-300,-0.75,21.66,878.98,0.63,24.89,22.29,903.87,"309,901.09"
150,21/01/2026,CTG,"39,650","39,550","40,200","40,550","39,000","39,656",550,1.39,20.39,809.85,0.04,1.87,20.43,811.72,"312,231.17"
151,20/01/2026,CTG,"40,000","40,450","39,650","40,600","39,650","39,970",-350,-0.88,18.90,755.81,1.51,59.83,20.41,815.65,"307,959.35"
152,19/01/2026,CTG,"39,600","39,650","40,000","40,350","39,550","39,907",400,1.01,13.55,540.82,0.02,0.74,13.57,541.56,"310,677.79"
153,16/01/2026,CTG,"40,000","40,700","39,600","41,550","39,500","40,146",-400,-1.00,21.68,870.63,0.15,5.99,21.83,876.61,"307,571.01"
154,15/01/2026,CTG,"41,450","40,500","40,000","41,000","39,600","40,303","-1,450",-3.50,28.18,"1,135.30",0.06,2.58,28.24,"1,137.89","310,677.79"
155,14/01/2026,CTG,"41,300","40,800","41,450","43,250","40,650","41,728",150,0.36,30.57,"1,276.65",0.03,1.28,30.60,"1,277.93","321,939.86"
156,13/01/2026,CTG,"41,500","41,500","41,300","42,350","40,000","41,358",-200,-0.48,32.38,"1,326.15",0.11,4.47,32.48,"1,330.62","320,774.81"
157,12/01/2026,CTG,"40,750","42,000","41,500","43,500","41,350","42,344",750,1.84,37.25,"1,578.11",2.03,77.09,39.28,"1,655.19","322,328.20"
158,09/01/2026,CTG,"38,200","39,000","40,750","40,850","38,700","39,771","2,550",6.68,38.92,"1,552.53",0.00,0.00,38.92,"1,552.53","218,827.16"
159,08/01/2026,CTG,"37,450","37,550","38,200","39,500","37,100","38,188",750,2.00,31.94,"1,220.55",0.55,21.27,32.49,"1,241.82","205,133.68"
160,07/01/2026,CTG,"36,200","36,400","37,450","37,500","36,350","37,161","1,250",3.45,22.14,823.12,0.00,0.00,22.14,823.12,"201,106.19"
161,06/01/2026,CTG,"35,500","35,400","36,200","36,200","34,800","35,536",700,1.97,14.86,529.90,0.15,5.42,15.01,535.32,"194,393.70"
162,05/01/2026,CTG,"35,750","35,800","35,500","36,100","34,550","35,442",-250,-0.70,10.43,369.67,0.41,13.63,10.84,383.30,"190,634.71"
163,31/12/2025,CTG,"35,650","35,700","35,750","35,800","35,400","35,610",100,0.28,7.92,282.46,2.01,75.59,9.93,358.05,"191,977.20"
164,30/12/2025,CTG,"35,300","35,350","35,650","35,950","35,200","35,551",350,0.99,8.46,300.73,0.00,0.00,8.46,300.73,"191,440.21"
165,29/12/2025,CTG,"35,200","35,000","35,300","35,350","34,900","35,128",100,0.28,7.19,252.58,0.39,13.88,7.58,266.46,"189,560.71"
166,26/12/2025,CTG,"35,000","34,900","35,200","35,250","34,250","34,779",200,0.57,10.62,370.45,0.00,0.00,10.62,370.45,"189,023.71"
167,25/12/2025,CTG,"35,300","35,400","35,000","36,450","35,000","35,765",-300,-0.85,13.97,499.43,1.41,49.94,15.38,549.37,"187,949.71"
168,24/12/2025,CTG,"35,000","35,000","35,300","35,300","34,700","34,900",300,0.86,9.50,331.99,0.00,0.00,9.50,331.99,"189,560.71"
169,23/12/2025,CTG,"35,150","35,300","35,000","35,550","34,650","35,003",-150,-0.43,9.89,346.27,0.62,22.25,10.52,368.52,"187,949.71"
170,22/12/2025,CTG,"34,450","34,500","35,150","35,250","34,300","34,822",700,2.03,11.78,410.13,0.02,0.72,11.80,410.85,"188,755.21"
171,19/12/2025,CTG,"34,350","34,350","34,450","34,600","34,050","34,259",100,0.29,7.23,248.14,0.89,30.45,8.13,278.58,"184,996.22"
172,18/12/2025,CTG,"34,700","34,700","34,350","34,750","33,950","34,196",-350,-1.01,5.82,199.21,0.00,0.00,5.82,199.21,"184,459.22"
173,17/12/2025,CTG,"35,250","35,500","34,700","35,550","34,350","34,873",-550,-1.56,10.67,372.35,0.19,7.28,10.86,379.62,"186,338.71"
174,16/12/2025,CTG,"49,700","50,000","51,000","51,000","49,050","50,119","1,300",2.62,15.09,759.49,0.11,5.86,15.21,765.35,"273,869.58"
175,15/12/2025,CTG,"49,500","49,600","49,700","49,750","49,050","49,476",200,0.40,5.44,269.38,1.09,50.28,6.53,319.66,"266,888.59"
176,12/12/2025,CTG,"50,100","50,300","49,500","50,600","49,500","50,153",-600,-1.20,8.01,401.87,1.00,50.50,9.01,452.37,"265,814.59"
177,11/12/2025,CTG,"50,500","50,700","50,100","50,700","50,000","50,275",-400,-0.79,4.55,228.84,0.08,3.90,4.63,232.74,"269,036.59"
178,10/12/2025,CTG,"50,100","50,400","50,500","50,800","50,100","50,494",400,0.80,3.87,195.29,1.61,79.01,5.48,274.30,"271,184.58"
179,09/12/2025,CTG,"51,100","50,900","50,100","50,900","49,950","50,258","-1,000",-1.96,9.54,479.10,0.06,2.99,9.60,482.09,"269,036.59"
180,08/12/2025,CTG,"51,500","51,400","51,100","51,400","50,600","50,940",-400,-0.78,6.11,311.39,0.24,12.44,6.35,323.83,"274,406.58"
181,05/12/2025,CTG,"52,000","52,100","51,500","52,200","51,200","51,631",-500,-0.96,6.46,333.32,0.30,15.50,6.76,348.82,"276,554.58"
182,04/12/2025,CTG,"52,000","52,200","52,000","52,600","51,700","52,026",0,0.00,7.55,393.02,0.07,3.75,7.63,396.77,"279,239.57"
183,03/12/2025,CTG,"49,050","49,500","52,000","52,400","49,500","51,320","2,950",6.01,22.67,"1,162.90",0.13,6.17,22.80,"1,169.07","279,239.57"
184,02/12/2025,CTG,"48,400","48,950","49,050","49,200","48,400","48,829",650,1.34,8.95,436.70,0.07,3.66,9.02,440.36,"263,398.10"
185,01/12/2025,CTG,"49,000","48,900","48,400","48,950","48,400","48,545",-600,-1.22,2.74,132.91,1.21,55.38,3.95,188.29,"259,907.60"
186,28/11/2025,CTG,"48,850","48,650","49,000","49,000","48,200","48,541",150,0.31,4.67,227.47,0.07,3.79,4.75,231.26,"263,129.60"
187,27/11/2025,CTG,"48,900","49,000","48,850","49,600","48,800","49,155",-50,-0.10,7.63,375.17,0.06,3.13,7.69,378.30,"262,324.10"
188,26/11/2025,CTG,"48,150","48,300","48,900","48,900","47,900","48,295",750,1.56,7.07,342.07,0.07,3.47,7.15,345.54,"262,592.60"
189,25/11/2025,CTG,"48,800","48,700","48,150","48,950","48,150","48,351",-650,-1.33,5.57,269.06,0.13,6.41,5.70,275.47,"258,565.10"
190,24/11/2025,CTG,"49,100","49,100","48,800","49,200","48,750","48,895",-300,-0.61,3.62,176.85,0.70,34.45,4.32,211.30,"262,055.60"
191,21/11/2025,CTG,"49,100","48,600","49,100","49,200","48,300","48,592",0,0.00,6.52,317.40,0.11,5.41,6.63,322.81,"263,666.59"
192,20/11/2025,CTG,"49,350","49,300","49,100","49,300","48,650","48,958",-250,-0.51,4.54,222.56,0.09,4.82,4.64,227.37,"263,666.59"
193,19/11/2025,CTG,"49,400","49,400","49,350","49,400","48,750","49,059",-50,-0.10,5.02,246.38,0.39,19.86,5.41,266.23,"265,009.09"
194,18/11/2025,CTG,"48,850","48,900","49,400","49,550","48,850","49,174",550,1.13,5.46,268.51,0.61,30.95,6.07,299.46,"265,277.59"
195,17/11/2025,CTG,"48,550","48,750","48,850","48,950","48,350","48,620",300,0.62,5.01,243.78,0.39,19.74,5.40,263.52,"262,324.10"
196,14/11/2025,CTG,"48,850","48,500","48,550","48,600","48,050","48,277",-300,-0.61,6.52,315.08,0.09,4.44,6.62,319.52,"260,713.10"
197,13/11/2025,CTG,"49,200","49,150","48,850","49,150","48,400","48,708",-350,-0.71,5.63,274.21,0.04,1.98,5.67,276.20,"262,324.10"
198,12/11/2025,CTG,"48,500","48,500","49,200","49,500","48,100","48,718",700,1.44,6.64,323.33,0.09,4.64,6.73,327.96,"264,203.59"
199,11/11/2025,CTG,"48,000","48,150","48,500","48,500","47,000","47,698",500,1.04,8.81,420.20,0.06,3.06,8.87,423.26,"260,444.60"
200,10/11/2025,CTG,"49,000","48,700","48,000","49,000","47,650","48,254","-1,000",-2.04,7.67,370.11,0.50,25.17,8.17,395.28,"257,759.60"
201,07/11/2025,CTG,"51,100","50,500","49,000","51,200","48,450","49,488","-2,100",-4.11,13.06,645.70,0.10,5.06,13.16,650.76,"263,129.60"
202,06/11/2025,CTG,"51,300","51,200","51,100","51,200","50,100","50,642",-200,-0.39,7.26,367.57,1.27,63.94,8.53,431.51,"274,406.58"
203,05/11/2025,CTG,"49,950","49,800","51,300","51,600","49,500","50,944","1,350",2.70,10.62,541.39,0.04,1.97,10.66,543.36,"275,480.58"
204,04/11/2025,CTG,"48,500","48,250","49,950","50,000","47,850","48,789","1,450",2.99,7.38,360.88,1.36,67.89,8.74,428.77,"268,231.09"
205,03/11/2025,CTG,"49,000","49,300","48,500","49,600","48,500","48,884",-500,-1.02,5.62,274.77,0.17,7.70,5.79,282.47,"260,444.60"
206,31/10/2025,CTG,"49,200","49,850","49,000","50,500","49,000","49,636",-200,-0.41,8.86,439.45,1.20,60.13,10.06,499.58,"263,129.60"
207,30/10/2025,CTG,"49,650","49,800","49,200","49,850","49,100","49,413",-450,-0.91,4.84,239.10,0.04,1.96,4.88,241.06,"264,203.59"
208,29/10/2025,CTG,"49,000","49,200","49,650","50,300","49,050","49,646",650,1.33,6.41,318.06,1.06,53.88,7.48,371.94,"266,620.09"
209,28/10/2025,CTG,"48,600","48,550","49,000","49,000","47,750","48,238",400,0.82,6.25,301.78,0.08,3.78,6.33,305.56,"263,129.60"
210,27/10/2025,CTG,"49,800","49,800","48,600","49,850","48,600","49,093","-1,200",-2.41,5.36,263.11,0.12,6.38,5.49,269.49,"260,981.60"
211,24/10/2025,CTG,"49,700","49,350","49,800","49,900","48,000","48,832",100,0.20,11.65,569.92,0.11,5.73,11.76,575.65,"267,425.59"
212,23/10/2025,CTG,"50,500","50,000","49,700","50,400","49,600","49,836",-800,-1.58,8.50,423.24,0.05,2.34,8.54,425.58,"266,888.59"
213,22/10/2025,CTG,"49,950","50,500","50,500","50,500","48,500","49,327",550,1.10,11.66,575.86,0.11,5.73,11.77,581.58,"271,184.58"
214,21/10/2025,CTG,"48,900","49,000","49,950","50,400","48,900","49,547","1,050",2.15,13.43,665.47,0.47,23.54,13.90,689.02,"268,231.09"
215,20/10/2025,CTG,"52,200","52,800","48,900","53,400","48,800","51,200","-3,300",-6.32,25.11,"1,283.67",0.11,5.80,25.22,"1,289.48","262,592.60"
216,17/10/2025,CTG,"53,800","53,700","52,200","54,200","52,200","52,900","-1,600",-2.97,17.82,942.04,0.02,1.28,17.84,943.32,"280,313.57"
217,16/10/2025,CTG,"54,800","54,900","53,800","55,000","53,500","53,969","-1,000",-1.82,10.97,592.43,0.11,5.98,11.08,598.41,"288,905.56"
218,15/10/2025,CTG,"54,400","54,500","54,800","55,200","54,100","54,633",400,0.74,8.09,442.14,0.02,1.40,8.12,443.54,"294,275.55"
219,14/10/2025,CTG,"55,600","55,900","54,400","55,900","54,400","54,952","-1,200",-2.16,13.69,751.61,0.13,7.74,13.82,759.35,"292,127.55"
220,13/10/2025,CTG,"55,200","54,700","56,000","56,300","54,600","55,594",800,1.45,10.94,608.74,2.34,137.65,13.28,746.39,"300,719.54"
221,10/10/2025,CTG,"55,000","55,700","55,200","56,500","54,900","55,445",200,0.36,13.40,742.62,0.18,9.20,13.57,751.82,"296,423.54"
222,09/10/2025,CTG,"52,900","52,900","55,000","55,000","52,600","53,669","2,100",3.97,21.54,"1,155.17",2.44,120.53,23.98,"1,275.70","295,349.55"
223,08/10/2025,CTG,"51,600","52,200","52,900","53,400","52,000","52,655","1,300",2.52,11.98,630.56,0.11,5.28,12.09,635.84,"284,072.56"
224,07/10/2025,CTG,"52,400","52,800","51,600","52,800","51,600","51,977",-800,-1.53,6.05,314.71,1.61,78.70,7.66,393.41,"277,091.57"
225,06/10/2025,CTG,"50,800","51,300","52,400","52,700","51,000","52,033","1,600",3.15,9.57,498.16,0.11,5.35,9.68,503.51,"281,387.57"
226,03/10/2025,CTG,"51,500","51,300","50,800","51,400","50,300","50,814",-700,-1.36,7.61,386.76,0.02,1.26,7.63,388.03,"272,795.58"
227,02/10/2025,CTG,"51,500","51,800","51,500","52,400","51,200","51,740",0,0.00,8.40,434.62,0.13,6.70,8.53,441.32,"276,554.58"
228,01/10/2025,CTG,"50,800","51,000","51,500","51,900","50,400","51,219",700,1.38,7.10,363.77,0.70,37.96,7.80,401.73,"276,554.58"
229,30/09/2025,CTG,"51,000","50,800","50,800","51,000","50,000","50,438",-200,-0.39,6.50,327.80,0.15,7.27,6.64,335.07,"272,795.58"
230,29/09/2025,CTG,"50,700","50,700","51,000","51,200","50,400","50,762",300,0.59,4.39,223.09,0.02,1.22,4.42,224.31,"273,869.58"
231,26/09/2025,CTG,"50,300","50,300","50,700","51,600","49,950","51,022",400,0.80,10.29,524.51,0.11,5.45,10.40,529.96,"272,258.58"
232,25/09/2025,CTG,"50,500","50,500","50,300","50,800","50,100","50,335",-200,-0.40,4.69,236.18,0.02,1.23,4.72,237.41,"270,110.58"
233,24/09/2025,CTG,"50,000","49,700","50,500","50,500","49,300","49,814",500,1.00,5.15,257.11,0.11,5.49,5.26,262.60,"271,184.58"
234,23/09/2025,CTG,"49,300","49,500","50,000","50,000","49,400","49,663",700,1.42,4.30,213.68,0.02,1.22,4.32,214.90,"268,499.59"
235,22/09/2025,CTG,"51,200","50,700","49,300","50,900","49,050","49,771","-1,900",-3.71,11.67,581.26,0.11,5.43,11.78,586.68,"264,740.59"
236,19/09/2025,CTG,"51,200","51,100","51,200","51,400","50,300","50,681",0,0.00,8.13,412.63,0.02,1.23,8.16,413.87,"274,943.58"
237,18/09/2025,CTG,"51,400","51,500","51,200","51,600","50,600","51,028",-200,-0.39,8.20,418.41,0.11,5.43,8.31,423.83,"274,943.58"
238,17/09/2025,CTG,"52,500","52,500","51,400","52,500","51,400","51,864","-1,100",-2.10,7.65,396.88,0.22,11.61,7.88,408.49,"276,017.58"
239,16/09/2025,CTG,"51,600","52,000","52,500","53,100","51,800","52,568",900,1.74,18.52,973.41,0.31,16.09,18.83,989.50,"281,924.57"
240,15/09/2025,CTG,"50,400","50,600","51,600","51,600","49,950","50,727","1,200",2.38,12.88,653.12,0.02,1.20,12.90,654.32,"277,091.57"
241,12/09/2025,CTG,"50,600","50,700","50,400","51,400","50,400","50,758",-200,-0.40,8.09,410.69,0.07,3.36,8.16,414.05,"270,647.58"
242,11/09/2025,CTG,"50,500","50,200","50,600","50,600","48,850","49,645",100,0.20,6.90,342.82,0.07,3.39,6.97,346.21,"271,721.58"
243,10/09/2025,CTG,"49,600","49,600","50,500","51,400","49,600","50,465",900,1.81,11.99,605.47,0.07,3.46,12.06,608.92,"271,184.58"
244,09/09/2025,CTG,"49,500","49,500","49,600","49,800","48,850","49,206",100,0.20,7.57,373.00,0.07,3.38,7.64,376.38,"266,351.59"
245,08/09/2025,CTG,"50,300","50,000","49,500","50,100","49,050","49,493",-800,-1.59,14.77,730.36,0.07,3.47,14.83,733.83,"265,814.59"
246,05/09/2025,CTG,"51,000","51,200","50,300","51,600","50,300","50,935",-700,-1.37,11.20,570.01,0.07,3.39,11.27,573.40,"270,110.58"
247,04/09/2025,CTG,"50,600","50,600","51,000","51,800","50,400","50,765",400,0.79,9.02,458.41,0.13,6.59,9.15,465.00,"273,869.58"
248,03/09/2025,CTG,"51,300","51,100","50,600","51,200","50,400","50,715",-700,-1.36,10.17,515.65,0.07,3.49,10.24,519.14,"271,721.58"
249,29/08/2025,CTG,"51,600","51,900","51,300","51,900","50,900","51,372",-300,-0.58,12.26,629.99,0.07,3.22,12.33,633.20,"275,480.58"
250,28/08/2025,CTG,"51,100","51,200","51,600","51,800","50,400","50,963",500,0.98,8.23,419.47,3.17,161.49,11.40,580.96,"277,091.57"
251,27/08/2025,CTG,"51,200","52,000","51,100","53,200","50,800","51,825",-100,-0.20,18.57,962.15,0.00,0.00,18.57,962.15,"274,406.58"
252,26/08/2025,CTG,"49,100","48,550","51,200","51,200","48,500","49,551","2,100",4.28,9.95,496.12,0.21,10.66,10.16,506.78,"274,943.58"
253,25/08/2025,CTG,"50,900","51,500","49,100","51,600","48,800","49,800","-1,800",-3.54,15.71,781.10,0.12,6.11,15.83,787.21,"263,666.59"
254,22/08/2025,CTG,"51,800","51,500","50,900","53,400","49,900","51,344",-900,-1.74,24.28,"1,246.66",0.13,6.54,24.41,"1,253.20","273,332.58"
255,21/08/2025,CTG,"50,600","51,300","51,800","52,700","51,000","51,826","1,200",2.37,17.84,924.45,0.05,2.36,17.89,926.81,"278,165.57"
256,20/08/2025,CTG,"49,600","49,650","50,600","52,000","49,100","50,321","1,000",2.02,15.74,791.47,0.25,12.50,15.99,803.97,"271,721.58"
257,19/08/2025,CTG,"48,500","48,900","49,600","49,800","48,850","49,268","1,100",2.27,11.75,579.10,0.00,0.00,11.75,579.10,"266,351.59"
258,18/08/2025,CTG,"49,000","49,050","48,500","49,400","48,200","48,614",-500,-1.02,12.39,602.47,0.31,15.07,12.70,617.55,"260,444.60"
259,15/08/2025,CTG,"50,200","50,800","49,000","50,900","48,800","49,477","-1,200",-2.39,15.81,781.92,0.05,2.17,15.85,784.08,"263,129.60"
260,14/08/2025,CTG,"49,600","50,200","50,200","51,100","49,600","50,220",600,1.21,18.69,939.31,0.09,4.27,18.78,943.58,"269,573.59"
261,13/08/2025,CTG,"48,000","48,100","49,600","49,600","47,150","48,351","1,600",3.33,17.70,855.72,0.24,11.33,17.93,867.06,"266,351.59"
262,12/08/2025,CTG,"47,500","47,500","48,000","48,450","47,000","47,461",500,1.05,14.36,682.22,0.09,4.19,14.45,686.40,"257,759.60"
263,11/08/2025,CTG,"47,700","47,800","47,500","47,850","47,150","47,395",-200,-0.42,8.86,420.27,0.18,8.31,9.04,428.58,"255,074.61"
264,08/08/2025,CTG,"47,850","47,950","47,700","48,000","46,800","47,166",-150,-0.31,12.37,583.92,0.17,8.23,12.54,592.15,"256,148.61"
265,07/08/2025,CTG,"47,500","48,000","47,850","48,000","46,950","47,512",350,0.74,9.16,435.16,0.19,9.24,9.35,444.40,"256,954.11"
266,06/08/2025,CTG,"46,500","47,200","47,500","47,750","46,550","47,293","1,000",2.15,9.57,452.24,0.94,44.05,10.50,496.30,"255,074.61"
267,05/08/2025,CTG,"45,650","45,950","46,500","48,750","45,600","47,064",850,1.86,24.08,"1,131.96",0.27,12.00,24.35,"1,143.96","249,704.62"
268,04/08/2025,CTG,"44,300","44,000","45,650","45,750","43,600","44,831","1,350",3.05,9.70,435.05,0.22,9.81,9.92,444.86,"245,140.12"
269,01/08/2025,CTG,"45,900","46,000","44,300","46,000","44,150","44,827","-1,600",-3.49,16.22,727.85,0.12,5.29,16.34,733.14,"237,890.63"
270,31/07/2025,CTG,"46,200","47,500","45,900","47,500","45,050","45,902",-300,-0.65,19.39,891.87,1.02,46.66,20.41,938.53,"246,482.62"
271,30/07/2025,CTG,"43,800","44,000","46,200","46,850","43,850","45,199","2,400",5.48,22.47,"1,021.24",0.05,1.98,22.51,"1,023.23","248,093.62"
272,29/07/2025,CTG,"45,600","45,800","43,800","46,050","43,800","45,003","-1,800",-3.95,14.73,662.05,0.09,3.91,14.82,665.96,"235,205.64"
273,28/07/2025,CTG,"45,600","45,500","45,600","46,000","45,400","45,613",0,0.00,10.57,482.03,0.48,21.96,11.05,503.99,"244,871.62"
274,25/07/2025,CTG,"45,700","45,800","45,600","46,200","45,450","45,672",-100,-0.22,5.53,252.74,0.47,21.04,6.01,273.78,"244,871.62"
275,24/07/2025,CTG,"45,650","45,650","45,700","45,950","45,200","45,651",50,0.11,5.07,231.48,0.05,2.06,5.12,233.54,"245,408.62"
276,23/07/2025,CTG,"45,600","45,700","45,650","45,850","44,800","45,398",50,0.11,6.34,287.77,0.09,4.00,6.42,291.77,"245,140.12"
277,22/07/2025,CTG,"45,200","45,200","45,600","45,600","44,700","45,290",400,0.88,4.82,218.18,0.10,4.21,4.91,222.39,"244,871.62"
278,21/07/2025,CTG,"45,050","45,600","45,200","45,750","44,700","45,042",150,0.33,6.56,295.48,0.09,4.02,6.65,299.50,"242,723.63"
279,18/07/2025,CTG,"45,000","45,000","45,050","45,550","44,550","44,952",50,0.11,8.29,372.87,0.05,2.10,8.34,374.97,"241,918.13"
280,17/07/2025,CTG,"44,950","44,900","45,000","45,150","44,600","44,916",50,0.11,7.52,337.79,0.09,3.88,7.61,341.66,"241,649.63"
281,16/07/2025,CTG,"44,150","44,150","44,950","44,950","43,900","44,370",800,1.81,5.69,252.82,0.12,5.27,5.81,258.09,"241,381.13"
282,15/07/2025,CTG,"44,300","44,300","44,150","44,850","44,100","44,418",-150,-0.34,7.17,318.24,0.19,8.24,7.36,326.48,"237,085.14"
283,14/07/2025,CTG,"44,600","44,500","44,300","44,550","43,700","43,991",-300,-0.67,12.06,530.92,0.12,5.73,12.19,536.65,"237,890.63"
284,11/07/2025,CTG,"45,000","44,950","44,600","44,950","44,550","44,650",-400,-0.89,5.74,256.13,0.09,4.00,5.83,260.12,"239,501.63"
285,10/07/2025,CTG,"45,000","44,900","45,000","45,000","44,300","44,539",0,0.00,6.55,292.03,0.05,1.88,6.59,293.91,"241,649.63"
286,09/07/2025,CTG,"44,400","44,400","45,000","45,200","44,300","44,811",600,1.35,7.57,339.02,0.39,17.18,7.96,356.20,"241,649.63"
287,08/07/2025,CTG,"44,400","44,500","44,400","44,600","44,050","44,240",0,0.00,3.98,176.18,1.15,50.53,5.13,226.71,"238,427.63"
288,07/07/2025,CTG,"42,700","43,000","44,400","44,400","42,950","43,936","1,700",3.98,11.50,504.85,0.99,43.53,12.49,548.38,"238,427.63"
289,04/07/2025,CTG,"42,500","42,700","42,700","42,800","42,200","42,515",200,0.47,4.48,190.42,1.05,44.36,5.52,234.78,"229,298.65"
290,03/07/2025,CTG,"41,900","41,850","42,500","42,750","41,800","42,390",600,1.43,10.20,432.23,0.59,24.73,10.79,456.97,"228,224.65"
291,02/07/2025,CTG,"41,900","41,850","41,900","42,100","41,800","41,943",0,0.00,4.28,179.41,0.05,1.87,4.32,181.28,"225,002.65"
292,01/07/2025,CTG,"41,900","41,700","41,900","42,000","41,550","41,735",0,0.00,4.09,170.75,0.06,2.49,4.15,173.25,"225,002.65"
293,30/06/2025,CTG,"41,950","42,000","41,900","42,000","41,550","41,665",-50,-0.12,5.91,246.78,0.57,23.91,6.48,270.69,"225,002.65"
294,27/06/2025,CTG,"41,900","42,000","41,950","42,150","41,550","41,780",50,0.12,5.91,247.27,0.06,2.50,5.98,249.77,"225,271.15"
295,26/06/2025,CTG,"41,700","41,800","41,900","41,900","41,300","41,533",200,0.48,6.04,250.76,0.07,3.01,6.11,253.77,"225,002.65"
296,25/06/2025,CTG,"41,550","41,700","41,700","42,000","41,500","41,800",150,0.36,8.59,358.77,0.06,2.50,8.65,361.28,"223,928.66"
297,24/06/2025,CTG,"41,350","41,550","41,550","41,800","41,350","41,542",200,0.48,9.81,407.49,0.07,2.90,9.88,410.39,"223,123.16"
298,23/06/2025,CTG,"41,300","40,950","41,350","41,350","40,550","41,080",50,0.12,4.85,199.27,0.27,10.42,5.12,209.69,"222,049.16"
299,20/06/2025,CTG,"40,700","40,800","41,300","41,800","40,650","41,338",600,1.47,12.45,514.94,0.07,2.80,12.52,517.74,"221,780.66"
300,19/06/2025,CTG,"40,150","40,200","40,700","41,050","40,050","40,551",550,1.37,10.14,410.93,0.06,2.40,10.20,413.33,"218,558.66"
301,18/06/2025,CTG,"40,350","40,200","40,150","40,400","39,950","40,144",-200,-0.50,5.52,221.75,0.15,6.05,5.68,227.80,"215,605.17"
302,17/06/2025,CTG,"40,300","40,450","40,350","40,450","39,800","40,089",50,0.12,7.87,315.70,0.06,2.52,7.93,318.22,"216,679.17"
303,16/06/2025,CTG,"39,900","39,950","40,300","40,300","39,900","40,078",400,1.00,6.09,243.99,0.07,2.74,6.16,246.73,"216,410.67"
304,13/06/2025,CTG,"38,500","38,400","39,900","40,750","38,150","39,864","1,400",3.64,23.87,946.37,0.06,2.39,23.93,948.76,"214,262.67"
305,12/06/2025,CTG,"38,000","38,050","38,500","38,550","37,900","38,371",500,1.32,8.24,315.65,0.07,2.68,8.31,318.33,"206,744.68"
306,11/06/2025,CTG,"37,850","38,000","38,000","38,000","37,550","37,730",150,0.40,5.98,225.51,0.33,12.41,6.30,237.92,"204,059.69"
307,10/06/2025,CTG,"38,000","38,000","37,850","38,200","37,850","37,983",-150,-0.39,4.65,176.49,0.07,2.65,4.72,179.14,"203,254.19"
308,09/06/2025,CTG,"38,200","38,200","38,000","38,250","37,900","37,996",-200,-0.52,3.17,120.53,0.38,14.38,3.55,134.91,"204,059.69"
309,06/06/2025,CTG,"38,550","38,450","38,200","38,450","38,050","38,219",-350,-0.91,3.47,132.52,0.07,2.68,3.54,135.20,"205,133.68"
310,05/06/2025,CTG,"38,500","38,500","38,550","38,750","38,000","38,313",50,0.13,4.33,166.06,0.06,2.50,4.39,168.56,"207,013.18"
311,04/06/2025,CTG,"38,550","38,700","38,500","38,900","38,450","38,498",-50,-0.13,4.16,160.26,0.07,2.69,4.23,162.95,"206,744.68"
312,03/06/2025,CTG,"38,400","38,650","38,550","38,750","38,400","38,563",150,0.39,4.30,165.67,0.06,2.34,4.36,168.01,"207,013.18"
313,02/06/2025,CTG,"38,300","38,250","38,400","38,650","37,950","38,130",100,0.26,4.41,168.26,0.07,2.71,4.48,170.97,"206,207.68"
314,30/05/2025,CTG,"38,900","39,150","38,300","39,150","38,200","38,504",-600,-1.54,7.68,295.66,0.06,2.50,7.74,298.16,"205,670.68"
315,29/05/2025,CTG,"39,550","39,450","38,900","39,500","38,900","39,087",-650,-1.64,7.45,291.28,0.07,2.74,7.52,294.02,"208,892.68"
316,28/05/2025,CTG,"39,600","39,700","39,550","39,750","39,100","39,430",-50,-0.13,5.58,220.12,0.06,2.40,5.64,222.52,"212,383.17"
317,27/05/2025,CTG,"39,250","39,250","39,600","39,600","39,000","39,264",350,0.89,7.75,304.65,0.07,2.72,7.82,307.37,"212,651.67"
318,26/05/2025,CTG,"38,800","38,750","39,250","39,250","38,000","38,514",450,1.16,7.01,270.04,0.66,25.71,7.67,295.75,"210,772.18"
319,23/05/2025,CTG,"38,850","38,850","38,800","39,000","38,600","38,759",-50,-0.13,4.34,168.22,0.07,2.83,4.41,171.05,"208,355.68"
320,22/05/2025,CTG,"39,450","39,350","38,850","39,500","38,650","39,108",-600,-1.52,7.06,275.98,0.06,2.44,7.12,278.42,"208,624.18"
321,21/05/2025,CTG,"39,500","39,300","39,450","40,400","39,300","39,765",-50,-0.13,8.64,343.55,0.07,2.79,8.71,346.34,"211,846.17"
322,20/05/2025,CTG,"39,100","38,700","39,500","39,500","38,700","39,145",400,1.02,6.57,257.46,0.11,4.23,6.68,261.69,"212,114.67"
323,19/05/2025,CTG,"39,000","38,750","39,100","39,200","38,550","38,888",100,0.26,7.24,281.64,0.09,3.50,7.33,285.14,"209,966.68"
324,16/05/2025,CTG,"39,750","39,800","39,000","39,800","39,000","39,232",-750,-1.89,6.56,257.46,0.08,3.17,6.64,260.63,"209,429.68"
325,15/05/2025,CTG,"39,600","39,600","39,750","40,150","39,250","39,576",150,0.38,9.78,387.23,0.09,3.48,9.87,390.72,"213,457.17"
326,14/05/2025,CTG,"39,400","39,450","39,600","39,600","39,100","39,406",200,0.51,9.32,367.39,0.04,1.73,9.36,369.12,"212,651.67"
327,13/05/2025,CTG,"37,850","38,100","39,400","39,400","38,100","38,724","1,550",4.10,15.75,610.10,0.09,3.46,15.84,613.56,"211,577.67"
328,12/05/2025,CTG,"37,450","37,500","37,850","37,950","37,450","37,716",400,1.07,8.97,338.33,0.09,3.50,9.06,341.83,"203,254.19"
329,09/05/2025,CTG,"37,550","37,650","37,450","37,800","37,400","37,566",-100,-0.27,6.24,234.46,0.09,3.44,6.34,237.90,"201,106.19"
330,08/05/2025,CTG,"37,450","37,400","37,550","37,600","37,200","37,441",100,0.27,7.94,297.46,0.09,3.51,8.03,300.97,"201,643.19"
331,07/05/2025,CTG,"37,600","37,500","37,450","37,550","37,150","37,301",-150,-0.40,6.13,228.57,0.24,9.06,6.37,237.63,"201,106.19"
332,06/05/2025,CTG,"37,350","37,350","37,600","37,850","37,200","37,520",250,0.67,7.24,271.54,0.04,1.67,7.28,273.20,"201,911.69"
333,05/05/2025,CTG,"37,200","37,300","37,350","37,500","37,050","37,230",150,0.40,3.62,134.86,0.24,9.07,3.86,143.93,"200,569.19"
334,29/04/2025,CTG,"36,850","36,750","37,200","37,200","36,700","37,013",350,0.95,4.93,182.61,0.02,0.87,4.96,183.48,"199,763.69"
335,28/04/2025,CTG,"37,150","37,250","36,850","37,250","36,700","36,851",-300,-0.81,5.11,188.13,0.11,4.15,5.22,192.28,"197,884.20"
336,25/04/2025,CTG,"37,400","37,200","37,150","37,500","37,050","37,230",-250,-0.67,6.47,240.70,0.02,0.87,6.49,241.58,"199,495.19"
337,24/04/2025,CTG,"37,300","37,450","37,400","37,450","36,850","37,177",100,0.27,6.79,252.55,0.06,2.33,6.86,254.88,"200,837.69"
338,23/04/2025,CTG,"37,100","37,400","37,300","37,650","37,000","37,272",200,0.54,6.71,249.93,0.05,1.73,6.76,251.65,"200,300.69"
339,22/04/2025,CTG,"37,250","36,900","37,100","37,150","34,650","36,018",-150,-0.40,15.06,542.59,0.13,5.06,15.20,547.65,"199,226.69"
340,21/04/2025,CTG,"37,450","37,550","37,250","37,850","36,700","37,067",-200,-0.53,10.03,371.92,1.08,39.99,11.11,411.91,"200,032.19"
341,18/04/2025,CTG,"37,250","37,850","37,450","38,050","37,450","37,735",200,0.54,8.51,321.13,0.13,5.09,8.64,326.22,"201,106.19"
342,17/04/2025,CTG,"37,200","37,000","37,250","37,350","36,650","36,987",50,0.13,8.70,321.74,1.08,39.99,9.77,361.73,"200,032.19"
343,16/04/2025,CTG,"37,750","37,750","37,200","38,100","37,200","37,567",-550,-1.46,6.58,247.25,0.11,4.29,6.70,251.54,"199,763.69"
344,15/04/2025,CTG,"38,300","37,800","37,750","38,000","37,200","37,635",-550,-1.44,10.25,385.90,0.00,0.00,10.25,385.90,"202,717.19"
345,14/04/2025,CTG,"38,400","38,600","38,300","38,600","37,850","38,180",-100,-0.26,9.75,372.27,0.23,8.87,9.98,381.13,"205,670.68"
346,11/04/2025,CTG,"36,150","37,000","38,400","38,500","36,550","37,582","2,250",6.22,20.25,760.90,0.00,0.00,20.25,760.90,"206,207.68"
347,10/04/2025,CTG,"33,800","36,150","36,150","36,150","36,150","36,150","2,350",6.95,2.91,105.09,0.00,0.00,2.91,105.09,"194,125.20"
348,09/04/2025,CTG,"36,000","33,800","33,800","37,000","33,800","34,685","-2,200",-6.11,17.51,607.19,0.00,0.00,17.51,607.19,"181,505.72"
349,08/04/2025,CTG,"38,700","36,100","36,000","38,200","36,000","36,164","-2,700",-6.98,18.69,675.86,0.82,29.87,19.51,705.73,"193,319.70"
350,04/04/2025,CTG,"39,050","36,350","38,700","38,700","36,350","37,200",-350,-0.90,17.69,658.18,0.02,0.84,17.71,659.01,"207,818.68"
351,03/04/2025,CTG,"41,950","40,700","39,050","40,700","39,050","39,487","-2,900",-6.91,19.84,783.26,0.11,4.76,19.95,788.02,"209,698.18"
352,02/04/2025,CTG,"41,850","41,950","41,950","42,300","41,700","41,942",100,0.24,5.58,233.87,0.02,0.83,5.60,234.70,"225,271.15"
353,01/04/2025,CTG,"41,450","41,650","41,850","41,850","41,050","41,490",400,0.97,4.74,196.56,0.11,4.77,4.85,201.33,"224,734.15"
354,31/03/2025,CTG,"41,350","41,200","41,450","41,450","40,900","41,214",100,0.24,4.62,190.40,0.02,0.84,4.64,191.24,"222,586.16"
355,28/03/2025,CTG,"41,600","41,500","41,350","41,550","41,150","41,318",-250,-0.60,4.09,169.11,0.14,5.86,4.24,174.97,"222,049.16"
356,27/03/2025,CTG,"41,750","41,400","41,600","41,750","41,250","41,460",-150,-0.36,3.51,145.47,0.02,0.85,3.53,146.32,"223,391.66"
357,26/03/2025,CTG,"42,300","42,250","41,750","42,450","41,600","41,934",-550,-1.30,5.47,229.36,0.71,29.68,6.18,259.04,"224,197.16"
358,25/03/2025,CTG,"41,800","41,950","42,300","42,300","41,700","42,072",500,1.20,5.04,211.89,0.02,0.86,5.06,212.75,"227,150.65"
359,24/03/2025,CTG,"41,650","41,400","41,800","41,800","41,100","41,425",150,0.36,6.85,283.83,0.71,29.65,7.57,313.48,"224,465.66"
360,21/03/2025,CTG,"41,600","41,600","41,650","41,650","41,050","41,388",50,0.12,7.36,304.66,0.02,0.85,7.38,305.51,"223,660.16"
361,20/03/2025,CTG,"41,550","41,550","41,600","41,800","41,000","41,231",50,0.12,8.81,363.25,0.11,4.69,8.92,367.93,"223,391.66"
362,19/03/2025,CTG,"42,000","41,900","41,550","42,000","41,400","41,655",-450,-1.07,8.67,361.09,0.02,0.85,8.69,361.93,"223,123.16"
363,18/03/2025,CTG,"42,600","42,900","42,000","42,900","41,950","42,226",-600,-1.41,5.41,228.30,0.11,4.83,5.52,233.13,"225,539.65"
364,17/03/2025,CTG,"42,300","42,300","42,600","42,600","42,200","42,389",300,0.71,3.46,146.66,0.02,0.79,3.48,147.45,"228,761.65"
365,14/03/2025,CTG,"42,300","42,050","42,300","42,300","41,800","41,995",0,0.00,7.79,327.04,0.11,4.77,7.90,331.81,"227,150.65"
366,13/03/2025,CTG,"42,650","42,700","42,300","42,700","42,150","42,314",-350,-0.82,7.91,334.91,0.02,0.79,7.93,335.70,"227,150.65"
367,12/03/2025,CTG,"42,600","42,800","42,650","43,300","42,300","42,837",50,0.12,9.35,400.55,0.11,4.77,9.46,405.32,"229,030.15"
368,11/03/2025,CTG,"42,450","42,000","42,600","42,600","41,800","42,256",150,0.35,6.94,293.40,0.02,0.81,6.96,294.21,"228,761.65"
369,10/03/2025,CTG,"42,400","42,700","42,450","42,700","42,100","42,380",50,0.12,9.16,388.33,2.81,119.38,11.98,507.71,"227,956.15"
370,07/03/2025,CTG,"41,650","41,700","42,400","42,400","41,650","42,019",750,1.80,10.86,456.29,0.02,0.78,10.88,457.06,"227,687.65"
371,06/03/2025,CTG,"41,200","41,400","41,650","41,750","41,200","41,381",450,1.09,5.64,233.36,0.11,4.71,5.75,238.07,"223,660.16"
372,05/03/2025,CTG,"41,600","41,600","41,200","42,250","41,150","41,817",-400,-0.96,7.81,326.68,0.02,0.84,7.83,327.52,"221,243.66"
373,04/03/2025,CTG,"41,250","41,000","41,600","41,800","40,800","41,379",350,0.85,7.44,308.02,0.11,4.66,7.56,312.67,"223,391.66"
374,03/03/2025,CTG,"41,500","41,200","41,250","41,250","40,850","41,065",-250,-0.60,7.67,315.15,0.02,0.84,7.69,315.99,"221,512.16"
375,28/02/2025,CTG,"41,500","41,300","41,500","41,600","41,000","41,259",0,0.00,5.53,228.14,0.11,4.70,5.64,232.84,"222,854.66"
376,27/02/2025,CTG,"41,350","41,250","41,500","41,550","40,850","41,246",150,0.36,6.08,250.76,0.02,0.82,6.10,251.59,"222,854.66"
377,26/02/2025,CTG,"41,850","41,800","41,350","41,800","41,100","41,268",-500,-1.19,9.43,389.19,0.11,4.72,9.54,393.92,"222,049.16"
378,25/02/2025,CTG,"41,900","41,950","41,850","42,100","41,400","41,717",-50,-0.12,5.73,238.99,0.05,2.00,5.78,240.99,"224,734.15"
379,24/02/2025,CTG,"41,500","41,500","41,900","41,950","41,350","41,645",400,0.96,6.76,281.72,0.51,20.13,7.28,301.85,"225,002.65"
380,21/02/2025,CTG,"40,850","40,850","41,500","41,500","40,500","41,056",650,1.59,7.71,316.57,0.02,0.76,7.73,317.33,"222,854.66"
381,20/02/2025,CTG,"40,500","41,050","40,850","41,050","40,450","40,712",350,0.86,5.27,214.36,0.11,4.62,5.38,218.97,"219,364.16"
382,19/02/2025,CTG,"40,300","40,550","40,500","40,950","40,450","40,635",200,0.50,6.14,249.34,0.02,0.81,6.16,250.15,"217,484.67"
383,18/02/2025,CTG,"40,150","40,150","40,300","41,000","40,050","40,511",150,0.37,6.54,264.92,0.11,4.54,6.65,269.45,"216,410.67"
384,17/02/2025,CTG,"40,550","40,500","40,150","40,650","40,150","40,402",-400,-0.99,5.95,240.47,1.21,45.90,7.17,286.37,"215,605.17"
385,14/02/2025,CTG,"40,850","41,000","40,550","41,350","40,500","40,805",-300,-0.73,5.52,225.06,0.23,8.90,5.74,233.96,"217,753.17"
386,13/02/2025,CTG,"40,500","40,300","40,850","41,300","40,300","40,789",350,0.86,6.95,283.29,0.02,0.83,6.97,284.12,"219,364.16"
387,12/02/2025,CTG,"40,700","40,700","40,500","40,800","40,400","40,600",-200,-0.49,4.84,196.30,0.11,4.64,4.95,200.94,"217,484.67"
388,11/02/2025,CTG,"40,300","40,350","40,700","40,900","40,150","40,426",400,0.99,7.62,308.11,0.81,32.65,8.43,340.76,"218,558.66"
389,10/02/2025,CTG,"40,800","40,800","40,300","41,100","40,050","40,517",-500,-1.23,9.54,386.36,0.11,4.55,9.65,390.91,"216,410.67"
390,07/02/2025,CTG,"39,500","39,500","40,800","41,200","39,250","40,410","1,300",3.29,14.97,605.09,0.02,0.78,14.99,605.87,"219,095.66"
391,06/02/2025,CTG,"39,350","39,400","39,500","39,850","39,200","39,458",150,0.38,6.53,257.57,0.11,4.34,6.64,261.91,"212,114.67"
392,05/02/2025,CTG,"39,400","39,650","39,350","39,700","39,100","39,374",-50,-0.13,6.69,263.25,0.02,0.75,6.71,264.00,"211,309.18"
393,04/02/2025,CTG,"38,050","38,250","39,400","39,750","38,050","38,950","1,350",3.55,14.54,566.27,0.26,9.97,14.80,576.24,"211,577.67"
394,03/02/2025,CTG,"38,000","38,250","38,050","38,600","37,800","38,172",50,0.13,8.33,317.81,0.04,1.62,8.37,319.43,"204,328.19"
395,24/01/2025,CTG,"38,100","38,100","38,000","38,150","37,750","37,946",-100,-0.26,5.05,191.53,0.09,3.39,5.14,194.93,"204,059.69"
396,23/01/2025,CTG,"37,300","37,400","38,100","38,200","37,300","37,887",800,2.14,7.58,287.33,0.04,1.57,7.63,288.89,"204,596.69"
397,22/01/2025,CTG,"37,300","37,600","37,300","37,600","37,250","37,379",0,0.00,4.50,168.12,0.09,3.39,4.59,171.51,"200,300.69"
398,21/01/2025,CTG,"37,300","37,450","37,300","37,800","37,050","37,340",0,0.00,5.50,205.47,0.10,3.62,5.60,209.09,"200,300.69"
399,20/01/2025,CTG,"37,200","37,250","37,300","37,700","37,150","37,377",100,0.27,4.40,164.46,0.09,3.39,4.49,167.84,"200,300.69"
400,17/01/2025,CTG,"36,800","36,800","37,200","37,200","36,600","36,895",400,1.09,3.95,145.67,0.04,1.55,3.99,147.23,"199,763.69"
401,16/01/2025,CTG,"36,750","36,850","36,800","37,200","36,400","36,713",50,0.14,6.64,243.82,0.09,3.59,6.73,247.41,"197,615.70"
402,15/01/2025,CTG,"36,950","37,000","36,750","37,100","36,600","36,842",-200,-0.54,4.98,183.50,0.44,16.34,5.42,199.83,"197,347.20"
403,14/01/2025,CTG,"37,700","37,450","36,950","37,900","36,900","37,259",-750,-1.99,3.72,138.48,0.59,22.10,4.31,160.57,"198,421.20"
404,13/01/2025,CTG,"37,500","37,200","37,700","37,700","36,200","36,858",200,0.53,9.38,345.64,0.13,5.05,9.51,350.68,"202,448.69"
405,10/01/2025,CTG,"37,400","37,400","37,500","38,200","37,200","37,546",100,0.27,7.50,281.63,0.00,0.00,7.50,281.63,"201,374.69"
406,09/01/2025,CTG,"37,800","37,800","37,400","37,900","37,250","37,477",-400,-1.06,4.06,152.03,0.21,8.02,4.27,160.05,"200,837.69"
407,08/01/2025,CTG,"37,450","37,400","37,800","37,900","37,250","37,595",350,0.93,3.66,137.77,0.17,6.40,3.83,144.18,"202,985.69"
408,07/01/2025,CTG,"37,200","37,500","37,450","38,000","37,150","37,662",250,0.67,6.27,236.04,0.13,5.02,6.40,241.06,"201,106.19"
409,06/01/2025,CTG,"37,200","37,250","37,200","37,650","37,050","37,392",0,0.00,6.05,226.05,0.00,0.00,6.05,226.05,"199,763.69"
410,03/01/2025,CTG,"38,100","37,800","37,200","38,000","37,200","37,439",-900,-2.36,10.28,385.04,0.13,5.23,10.42,390.28,"199,763.69"
411,02/01/2025,CTG,"37,800","38,000","38,100","38,300","37,600","37,950",300,0.79,5.74,217.93,0.00,0.00,5.74,217.93,"204,596.69"
412,31/12/2024,CTG,"38,900","38,600","37,800","38,700","37,800","38,244","-1,100",-2.83,5.45,208.42,0.59,22.68,6.04,231.10,"202,985.69"
413,30/12/2024,CTG,"38,800","38,500","38,900","38,900","38,350","38,559",100,0.26,7.21,278.03,0.07,2.66,7.28,280.70,"208,892.68"
414,27/12/2024,CTG,"38,200","38,350","38,800","38,800","38,000","38,376",600,1.57,9.54,366.08,0.00,0.00,9.54,366.08,"208,355.68"
415,26/12/2024,CTG,"38,200","38,400","38,200","38,400","38,000","38,155",0,0.00,4.85,184.94,0.07,2.63,4.92,187.57,"205,133.68"
416,25/12/2024,CTG,"36,200","36,200","38,200","38,700","36,200","37,847","2,000",5.52,25.19,953.40,0.09,3.41,25.28,956.80,"205,133.68"
417,24/12/2024,CTG,"36,250","36,100","36,200","36,200","35,900","36,089",-50,-0.14,2.83,102.17,0.11,4.01,2.94,106.18,"194,393.70"
418,23/12/2024,CTG,"36,150","36,200","36,250","36,300","36,100","36,217",100,0.28,3.10,112.17,0.02,0.87,3.12,113.04,"194,662.20"
419,20/12/2024,CTG,"36,200","36,000","36,150","36,150","35,700","35,953",-50,-0.14,3.42,122.89,0.09,3.28,3.51,126.17,"194,125.20"
420,19/12/2024,CTG,"36,250","35,850","36,200","36,200","35,600","35,837",-50,-0.14,6.32,226.47,0.04,1.59,6.36,228.06,"194,393.70"
421,18/12/2024,CTG,"36,250","36,200","36,250","36,400","35,800","36,161",0,0.00,2.93,106.07,0.02,0.73,2.95,106.80,"194,662.20"
422,17/12/2024,CTG,"36,250","36,250","36,250","36,350","36,050","36,240",0,0.00,3.43,124.30,0.11,4.14,3.54,128.44,"194,662.20"
423,16/12/2024,CTG,"36,350","36,350","36,250","36,700","36,200","36,417",-100,-0.28,2.87,104.39,0.02,0.73,2.89,105.12,"194,662.20"
424,13/12/2024,CTG,"36,300","36,150","36,350","36,500","36,100","36,317",50,0.14,4.18,151.82,0.11,4.14,4.29,155.96,"195,199.20"
425,12/12/2024,CTG,"36,350","36,400","36,300","36,800","36,200","36,474",-50,-0.14,5.01,182.75,0.02,0.72,5.03,183.48,"194,930.70"
426,11/12/2024,CTG,"36,350","36,300","36,350","36,600","36,200","36,383",0,0.00,4.39,159.72,0.11,4.05,4.50,163.77,"195,199.20"
427,10/12/2024,CTG,"36,450","36,450","36,350","36,500","36,100","36,302",-100,-0.27,3.29,119.56,0.02,0.74,3.31,120.30,"195,199.20"
428,09/12/2024,CTG,"36,250","36,150","36,450","36,500","36,050","36,267",200,0.55,4.39,159.30,0.07,2.52,4.46,161.82,"195,736.20"
429,06/12/2024,CTG,"36,400","36,500","36,250","36,650","36,250","36,434",-150,-0.41,5.63,204.97,0.00,0.00,5.63,204.97,"194,662.20"
430,05/12/2024,CTG,"35,300","35,300","36,400","36,500","35,050","35,884","1,100",3.12,10.40,373.02,0.13,4.72,10.53,377.73,"195,467.70"
431,04/12/2024,CTG,"35,900","35,600","35,300","35,700","35,300","35,464",-600,-1.67,4.14,146.74,0.00,0.00,4.14,146.74,"189,560.71"
432,03/12/2024,CTG,"35,850","35,950","35,900","35,950","35,450","35,716",50,0.14,5.26,187.91,0.18,6.40,5.44,194.31,"192,782.70"
433,02/12/2024,CTG,"35,750","35,900","35,850","36,000","35,700","35,872",100,0.28,4.47,160.29,0.00,0.00,4.47,160.29,"192,514.20"
434,29/11/2024,CTG,"35,400","35,500","35,750","35,850","35,250","35,643",350,0.99,5.14,183.29,0.13,4.75,5.28,188.04,"191,977.20"
435,28/11/2024,CTG,"35,150","35,300","35,400","35,400","34,950","35,253",250,0.71,3.29,115.98,0.00,0.00,3.29,115.98,"190,097.71"
436,27/11/2024,CTG,"35,300","35,100","35,150","35,300","34,950","35,074",-150,-0.42,2.76,96.84,0.13,4.79,2.90,101.64,"188,755.21"
437,26/11/2024,CTG,"35,100","35,000","35,300","35,350","34,900","35,175",200,0.57,4.54,159.65,0.00,0.00,4.54,159.65,"189,560.71"
438,25/11/2024,CTG,"35,000","34,950","35,100","35,100","34,700","34,954",100,0.29,3.82,133.68,0.16,5.72,3.99,139.40,"188,486.71"
439,22/11/2024,CTG,"35,000","34,900","35,000","35,200","34,700","34,934",0,0.00,6.18,215.95,0.09,3.17,6.28,219.12,"187,949.71"
440,21/11/2024,CTG,"34,000","34,000","35,000","35,000","33,600","34,449","1,000",2.94,7.81,269.07,0.11,3.93,7.92,273.00,"187,949.71"
441,20/11/2024,CTG,"33,350","33,050","34,000","34,000","33,050","33,702",650,1.95,6.49,218.86,0.09,3.17,6.59,222.03,"182,579.72"
442,19/11/2024,CTG,"33,300","33,500","33,350","33,600","33,000","33,301",50,0.15,5.28,175.85,1.04,32.47,6.32,208.33,"179,089.22"
443,18/11/2024,CTG,"33,100","33,100","33,300","33,650","32,700","33,120",200,0.60,4.07,134.90,0.04,1.18,4.11,136.08,"178,820.73"
444,15/11/2024,CTG,"33,600","33,600","33,100","33,600","32,800","33,099",-500,-1.49,8.35,276.39,0.08,2.62,8.43,279.01,"177,746.73"
445,14/11/2024,CTG,"34,350","34,300","33,600","34,300","33,600","34,001",-750,-2.18,5.27,179.19,0.06,1.91,5.33,181.10,"180,431.72"
446,13/11/2024,CTG,"34,500","34,450","34,350","34,500","33,950","34,199",-150,-0.43,4.24,145.15,0.26,8.88,4.50,154.02,"184,459.22"
447,12/11/2024,CTG,"34,950","34,800","34,500","34,850","34,200","34,509",-450,-1.29,3.34,115.34,1.06,39.33,4.40,154.66,"185,264.72"
448,11/11/2024,CTG,"35,000","35,000","34,950","35,000","33,850","34,192",-50,-0.14,16.33,558.21,0.42,14.60,16.75,572.80,"187,681.21"
449,08/11/2024,CTG,"35,600","35,700","35,000","36,000","34,800","35,291",-600,-1.69,4.92,173.50,0.09,3.16,5.01,176.66,"187,949.71"
450,07/11/2024,CTG,"35,900","35,900","35,600","36,150","35,600","35,864",-300,-0.84,3.82,137.09,0.70,24.73,4.52,161.82,"191,171.71"
451,06/11/2024,CTG,"35,050","35,200","35,900","35,900","35,100","35,442",850,2.43,3.54,125.59,0.09,3.21,3.64,128.80,"192,782.70"
452,05/11/2024,CTG,"35,700","35,500","35,050","35,700","35,050","35,382",-650,-1.82,4.09,144.82,1.06,35.53,5.15,180.36,"188,218.21"
453,04/11/2024,CTG,"35,600","35,550","35,700","35,950","35,350","35,641",100,0.28,5.25,187.03,0.09,3.28,5.34,190.31,"191,708.71"
454,01/11/2024,CTG,"35,700","35,550","35,600","35,950","35,500","35,700",-100,-0.28,7.98,285.00,0.06,2.24,8.05,287.24,"191,171.71"
455,31/10/2024,CTG,"34,750","34,900","35,700","35,750","34,800","35,420",950,2.73,8.40,297.54,1.09,40.39,9.49,337.94,"191,708.71"
456,30/10/2024,CTG,"34,950","34,900","34,750","35,000","34,500","34,716",-200,-0.57,2.63,91.18,0.04,1.39,2.67,92.56,"186,607.21"
457,29/10/2024,CTG,"34,700","34,700","34,950","34,950","34,700","34,805",250,0.72,2.89,100.59,0.09,3.28,2.98,103.87,"187,681.21"
458,28/10/2024,CTG,"34,600","34,650","34,700","34,800","34,550","34,651",100,0.29,2.29,79.29,0.04,1.41,2.33,80.69,"186,338.71"
459,25/10/2024,CTG,"34,850","34,750","34,600","34,800","34,500","34,622",-250,-0.72,4.45,154.01,0.09,3.35,4.54,157.36,"185,801.71"
460,24/10/2024,CTG,"35,050","35,000","34,850","35,150","34,050","34,737",-200,-0.57,6.41,222.52,0.04,1.42,6.45,223.94,"187,144.21"
461,23/10/2024,CTG,"35,000","35,000","35,050","35,150","34,750","34,929",50,0.14,4.49,156.78,0.03,1.14,4.52,157.91,"188,218.21"
462,22/10/2024,CTG,"35,500","35,500","35,000","35,650","34,800","35,259",-500,-1.41,9.52,335.63,0.00,0.00,9.52,335.63,"187,949.71"
463,21/10/2024,CTG,"36,250","36,100","35,500","36,350","35,500","35,856",-750,-2.07,8.24,295.53,0.00,0.00,8.24,295.53,"190,634.71"
464,18/10/2024,CTG,"36,550","36,800","36,250","36,900","36,250","36,524",-300,-0.82,7.05,257.65,0.00,0.00,7.05,257.65,"194,662.20"
465,17/10/2024,CTG,"36,300","36,500","36,550","36,550","36,050","36,333",250,0.69,6.20,225.29,0.00,0.00,6.20,225.29,"196,273.20"
466,16/10/2024,CTG,"36,150","36,100","36,300","36,450","35,900","36,118",150,0.41,3.78,136.47,0.28,10.11,4.06,146.58,"194,930.70"
467,15/10/2024,CTG,"36,050","36,250","36,150","36,800","36,100","36,454",100,0.28,10.59,385.95,0.00,0.00,10.59,385.95,"194,125.20"
468,14/10/2024,CTG,"36,250","36,400","36,050","36,450","36,050","36,177",-200,-0.55,4.04,146.21,0.17,6.05,4.21,152.26,"193,588.20"
469,11/10/2024,CTG,"36,150","36,250","36,250","36,300","35,800","36,017",100,0.28,4.22,151.91,0.07,2.38,4.28,154.30,"194,662.20"
470,10/10/2024,CTG,"36,100","36,450","36,150","36,650","36,050","36,299",50,0.14,6.23,226.00,0.07,2.49,6.30,228.48,"194,125.20"
471,09/10/2024,CTG,"35,750","35,800","36,100","36,600","35,700","36,168",350,0.98,9.14,330.71,0.34,12.31,9.48,343.01,"193,856.70"
472,08/10/2024,CTG,"35,800","35,800","35,750","36,150","35,550","35,855",-50,-0.14,6.64,238.03,0.04,1.55,6.68,239.58,"191,977.20"
473,07/10/2024,CTG,"35,600","35,900","35,800","35,950","35,500","35,703",200,0.56,5.30,189.18,1.01,37.15,6.31,226.33,"192,245.70"
474,04/10/2024,CTG,"36,200","36,150","35,600","36,150","35,600","35,826",-600,-1.66,8.55,306.16,0.04,1.56,8.59,307.72,"191,171.71"
475,03/10/2024,CTG,"36,000","36,000","36,200","36,750","35,900","36,263",200,0.56,9.11,330.41,1.06,39.05,10.17,369.47,"194,393.70"
476,02/10/2024,CTG,"36,500","36,150","36,000","36,450","35,950","36,127",-500,-1.37,11.27,407.22,0.04,1.59,11.31,408.81,"193,319.70"
477,01/10/2024,CTG,"36,950","36,950","36,500","37,100","36,350","36,785",-450,-1.22,12.32,453.01,0.02,0.75,12.34,453.77,"196,004.70"
478,30/09/2024,CTG,"37,000","36,900","36,950","37,200","36,650","36,867",-50,-0.14,4.84,178.53,0.06,2.08,4.90,180.61,"198,421.20"
479,27/09/2024,CTG,"36,400","36,450","37,000","37,550","36,450","37,032",600,1.65,15.62,578.36,0.11,3.84,15.73,582.20,"198,689.69"
480,26/09/2024,CTG,"36,000","36,000","36,400","36,450","35,450","35,986",400,1.11,22.83,821.58,0.02,0.83,22.85,822.41,"195,467.70"
481,25/09/2024,CTG,"36,050","36,500","36,000","36,600","36,000","36,331",-50,-0.14,9.80,355.96,0.11,3.89,9.91,359.86,"193,319.70"
482,24/09/2024,CTG,"35,900","35,900","36,050","36,200","35,650","35,859",150,0.42,5.55,198.89,0.08,2.88,5.63,201.77,"193,588.20"
483,23/09/2024,CTG,"36,000","35,950","35,900","36,300","35,650","35,879",-100,-0.28,4.44,159.31,1.19,39.99,5.63,199.31,"192,782.70"
484,20/09/2024,CTG,"36,000","36,050","36,000","36,650","35,950","36,288",0,0.00,13.16,477.71,0.07,2.28,13.23,479.99,"193,319.70"
485,19/09/2024,CTG,"35,700","35,750","36,000","36,200","35,600","35,849",300,0.84,5.84,209.20,0.11,3.81,5.95,213.00,"193,319.70"
486,18/09/2024,CTG,"34,950","34,950","35,700","36,300","34,800","35,782",750,2.15,17.49,625.74,0.14,5.03,17.63,630.77,"191,708.71"
487,17/09/2024,CTG,"34,650","34,550","34,950","34,950","34,350","34,574",300,0.87,5.23,180.83,0.11,3.85,5.34,184.67,"187,681.21"
488,16/09/2024,CTG,"34,900","34,950","34,650","34,950","34,500","34,675",-250,-0.72,5.81,201.49,0.40,14.13,6.21,215.62,"186,070.21"
489,13/09/2024,CTG,"35,000","34,800","34,900","35,000","34,650","34,809",-100,-0.29,3.44,119.74,0.11,3.92,3.55,123.66,"187,412.71"
490,12/09/2024,CTG,"34,950","35,250","35,000","35,250","34,700","34,988",50,0.14,5.00,174.93,0.64,22.32,5.64,197.25,"187,949.71"
491,11/09/2024,CTG,"34,950","34,950","34,950","35,100","34,450","34,786",0,0.00,5.49,191.13,0.00,0.00,5.49,191.13,"187,681.21"
492,10/09/2024,CTG,"35,450","35,400","34,950","35,550","34,800","35,194",-500,-1.41,7.47,263.04,0.13,4.77,7.61,267.81,"187,681.21"
493,09/09/2024,CTG,"35,500","35,200","35,450","35,450","35,000","35,249",-50,-0.14,5.38,189.49,0.00,0.00,5.38,189.49,"190,366.21"
494,06/09/2024,CTG,"35,000","34,800","35,500","35,500","34,600","35,094",500,1.43,9.16,321.36,0.45,15.79,9.61,337.15,"190,634.71"
495,05/09/2024,CTG,"35,300","35,200","35,000","35,500","34,600","35,044",-300,-0.85,8.50,298.03,0.00,0.00,8.50,298.03,"187,949.71"
496,04/09/2024,CTG,"35,050","34,600","35,300","35,300","34,450","34,864",250,0.71,10.45,364.22,0.33,11.47,10.77,375.69,"189,560.71"
497,30/08/2024,CTG,"35,000","35,000","35,050","35,100","34,650","34,857",50,0.14,8.12,283.19,0.00,0.00,8.12,283.19,"188,218.21"
498,29/08/2024,CTG,"34,900","34,950","35,000","35,350","34,500","34,913",100,0.29,12.53,437.51,0.18,6.38,12.71,443.89,"187,949.71"
499,28/08/2024,CTG,"34,850","34,900","34,900","34,950","34,500","34,761",50,0.14,5.94,206.45,0.85,29.57,6.79,236.01,"187,412.71"
500,27/08/2024,CTG,"34,600","34,600","34,850","35,000","34,250","34,542",250,0.72,11.70,404.07,0.38,13.17,12.08,417.24,"187,144.21"
501,26/08/2024,CTG,"34,950","35,000","34,600","35,000","34,400","34,717",-350,-1.00,9.58,332.74,0.02,0.72,9.60,333.46,"185,801.71"
502,23/08/2024,CTG,"34,600","34,400","34,950","34,950","34,150","34,609",350,1.01,9.86,341.27,0.44,15.16,10.30,356.43,"187,681.21"
503,22/08/2024,CTG,"34,200","34,350","34,600","35,000","34,300","34,547",400,1.17,11.49,396.79,6.98,241.29,18.47,638.08,"185,801.71"
504,21/08/2024,CTG,"33,200","33,250","34,200","34,200","33,000","33,772","1,000",3.01,27.48,928.05,0.37,11.94,27.85,939.99,"183,653.72"
505,20/08/2024,CTG,"32,650","32,650","33,200","33,350","32,600","33,151",550,1.68,10.77,356.91,0.06,1.99,10.83,358.90,"178,283.73"
506,19/08/2024,CTG,"32,500","32,500","32,650","32,700","32,350","32,545",150,0.46,5.86,190.81,0.32,10.35,6.18,201.16,"175,330.23"
507,16/08/2024,CTG,"31,850","31,850","32,500","32,500","31,800","32,270",650,2.04,7.86,253.52,0.08,2.69,7.94,256.21,"174,524.73"
508,15/08/2024,CTG,"31,800","31,800","31,850","31,950","31,450","31,795",50,0.16,4.42,140.59,0.81,25.75,5.24,166.34,"171,034.24"
509,14/08/2024,CTG,"31,850","31,850","31,800","32,000","31,600","31,814",-50,-0.16,4.67,148.51,0.20,6.30,4.87,154.81,"170,765.74"
510,13/08/2024,CTG,"31,700","31,850","31,850","31,850","31,350","31,549",150,0.47,3.76,118.76,0.50,15.75,4.26,134.51,"171,034.24"
511,12/08/2024,CTG,"31,500","31,550","31,700","31,750","31,200","31,399",200,0.63,3.05,95.84,0.20,6.30,3.25,102.14,"170,228.74"
512,09/08/2024,CTG,"30,200","30,350","31,500","31,500","30,350","31,095","1,300",4.30,7.18,223.26,0.32,9.66,7.50,232.92,"169,154.74"
513,08/08/2024,CTG,"30,200","30,200","30,200","30,450","30,050","30,267",0,0.00,5.16,156.02,2.12,64.13,7.28,220.15,"162,173.75"
514,07/08/2024,CTG,"30,550","30,650","30,200","30,650","30,050","30,272",-350,-1.15,3.89,117.83,1.15,35.13,5.04,152.97,"162,173.75"
515,06/08/2024,CTG,"30,150","30,500","30,550","30,600","29,950","30,287",400,1.33,4.87,147.53,0.62,19.51,5.49,167.04,"164,053.25"
516,05/08/2024,CTG,"31,550","30,900","30,150","30,950","30,000","30,390","-1,400",-4.44,10.63,323.06,0.05,1.54,10.68,324.60,"161,905.25"
517,02/08/2024,CTG,"31,450","31,050","31,550","31,550","30,250","30,842",100,0.32,10.41,321.02,0.29,9.13,10.70,330.15,"169,423.24"
518,01/08/2024,CTG,"32,000","32,000","31,450","32,450","31,300","31,818",-550,-1.72,8.81,280.35,2.89,91.00,11.70,371.35,"168,886.24"
519,31/07/2024,CTG,"32,000","32,000","32,000","32,300","31,800","32,003",0,0.00,6.54,209.37,0.17,5.64,6.72,215.02,"171,839.74"
520,30/07/2024,CTG,"32,100","32,000","32,000","32,100","31,800","31,948",-100,-0.31,4.28,136.88,0.00,0.00,4.28,136.88,"171,839.74"
521,29/07/2024,CTG,"32,050","32,150","32,100","32,350","32,100","32,215",50,0.16,3.12,100.52,0.30,10.01,3.42,110.53,"172,376.74"
522,26/07/2024,CTG,"31,550","31,550","32,050","32,150","31,550","31,884",500,1.58,3.28,104.62,0.00,0.00,3.28,104.62,"172,108.24"
523,25/07/2024,CTG,"32,200","32,000","31,550","32,000","31,400","31,641",-650,-2.02,6.11,193.20,2.82,89.17,8.93,282.37,"169,423.24"
524,24/07/2024,CTG,"32,400","32,350","32,200","32,500","31,700","32,001",-200,-0.62,10.32,330.14,0.15,5.02,10.47,335.15,"172,913.73"
525,23/07/2024,CTG,"33,650","33,700","32,400","33,700","32,050","32,877","-1,250",-3.71,9.83,323.04,0.08,2.79,9.91,325.83,"173,987.73"
526,22/07/2024,CTG,"33,400","33,200","33,650","34,100","33,150","33,648",250,0.75,15.87,533.93,0.08,2.57,15.95,536.51,"180,700.22"
527,19/07/2024,CTG,"33,450","33,250","33,400","33,800","32,750","33,401",-50,-0.15,10.15,338.94,0.23,7.80,10.38,346.74,"179,357.72"
528,18/07/2024,CTG,"33,000","33,300","33,450","33,450","32,750","33,165",450,1.36,8.11,269.00,1.84,61.56,9.95,330.56,"179,626.22"
529,17/07/2024,CTG,"32,500","32,700","33,000","33,800","32,550","33,156",500,1.54,22.60,749.28,0.15,5.00,22.75,754.28,"177,209.73"
530,16/07/2024,CTG,"32,100","32,150","32,500","32,850","32,100","32,593",400,1.25,6.59,214.76,0.08,2.73,6.67,217.49,"174,524.73"
531,15/07/2024,CTG,"32,000","32,050","32,100","32,200","32,000","32,086",100,0.31,2.45,78.64,0.26,8.26,2.71,86.90,"172,376.74"
532,12/07/2024,CTG,"32,200","32,200","32,000","32,300","31,900","32,041",-200,-0.62,3.87,124.13,0.72,23.27,4.60,147.40,"171,839.74"
533,11/07/2024,CTG,"32,400","32,500","32,200","32,600","32,200","32,396",-200,-0.62,3.87,125.29,0.24,7.67,4.11,132.95,"172,913.73"
534,10/07/2024,CTG,"32,700","32,700","32,400","32,850","32,400","32,636",-300,-0.92,5.21,169.89,0.26,8.53,5.47,178.41,"173,987.73"
535,09/07/2024,CTG,"32,600","32,600","32,700","32,800","32,400","32,636",100,0.31,4.73,154.43,0.13,4.29,4.86,158.72,"175,598.73"
536,08/07/2024,CTG,"32,700","32,750","32,600","32,750","32,300","32,474",-100,-0.31,3.85,125.08,0.15,4.81,4.00,129.89,"175,061.73"
537,05/07/2024,CTG,"32,300","32,350","32,700","32,850","32,100","32,457",400,1.24,5.59,181.43,0.13,4.21,5.72,185.65,"175,598.73"
538,04/07/2024,CTG,"32,350","32,400","32,300","32,500","32,050","32,283",-50,-0.15,2.53,81.57,0.05,1.61,2.58,83.17,"173,450.73"
539,03/07/2024,CTG,"32,300","32,350","32,350","32,500","32,050","32,318",50,0.15,3.32,107.17,0.13,4.31,3.45,111.48,"173,719.23"
540,02/07/2024,CTG,"32,000","32,000","32,300","32,350","31,900","32,145",300,0.94,5.12,164.66,0.05,1.63,5.17,166.28,"173,450.73"
541,01/07/2024,CTG,"31,000","30,850","32,000","32,000","30,850","31,473","1,000",3.23,3.92,123.52,0.13,4.20,4.06,127.72,"171,839.74"
542,28/06/2024,CTG,"31,300","31,300","31,000","31,450","31,000","31,159",-300,-0.96,4.52,140.89,0.30,9.44,4.82,150.33,"166,469.74"
543,27/06/2024,CTG,"31,300","31,300","31,300","31,400","31,150","31,278",0,0.00,4.08,127.76,0.13,4.41,4.22,132.16,"168,080.74"
544,26/06/2024,CTG,"31,600","31,600","31,300","31,650","31,050","31,316",-300,-0.95,6.56,205.32,0.02,0.65,6.58,205.97,"168,080.74"
545,25/06/2024,CTG,"31,650","31,900","31,600","31,900","31,450","31,636",-50,-0.16,5.41,171.26,0.04,1.32,5.45,172.58,"169,691.74"
546,24/06/2024,CTG,"32,200","32,200","31,650","32,350","31,550","31,817",-550,-1.71,8.44,268.51,0.10,3.23,8.54,271.74,"169,960.24"
547,21/06/2024,CTG,"32,200","32,400","32,200","32,450","32,150","32,264",0,0.00,4.90,158.19,0.04,1.29,4.95,159.48,"172,913.73"
548,20/06/2024,CTG,"32,500","32,300","32,200","32,550","32,000","32,238",-300,-0.92,7.04,227.09,0.14,4.31,7.18,231.40,"172,913.73"
549,19/06/2024,CTG,"32,350","32,400","32,500","32,550","31,950","32,206",150,0.46,6.70,215.92,0.40,13.26,7.11,229.18,"174,524.73"
550,18/06/2024,CTG,"32,750","32,750","32,350","32,850","32,350","32,595",-400,-1.22,7.75,252.50,0.14,4.55,7.89,257.05,"173,719.23"
551,17/06/2024,CTG,"32,800","32,800","32,750","32,950","32,300","32,636",-50,-0.15,8.42,274.73,0.55,18.16,8.97,292.89,"175,867.23"
552,14/06/2024,CTG,"33,900","33,900","32,800","33,950","32,800","33,474","-1,100",-3.24,10.43,349.13,0.14,4.59,10.57,353.72,"176,135.73"
553,13/06/2024,CTG,"33,500","34,000","33,900","34,150","33,500","33,812",400,1.19,14.01,473.61,0.04,1.38,14.05,474.99,"182,042.72"
554,12/06/2024,CTG,"33,200","33,250","33,500","33,650","32,850","33,181",300,0.90,7.59,251.89,0.40,13.30,7.99,265.19,"179,894.72"
555,11/06/2024,CTG,"33,500","33,950","33,200","33,950","33,150","33,462",-300,-0.90,10.71,358.53,0.04,1.43,10.76,359.96,"178,283.73"
556,10/06/2024,CTG,"32,800","32,950","33,500","33,950","32,900","33,506",700,2.13,13.32,446.17,0.40,13.24,13.72,459.41,"179,894.72"
557,07/06/2024,CTG,"32,600","32,800","32,800","32,900","32,650","32,751",200,0.61,4.31,141.06,0.04,1.42,4.35,142.48,"176,135.73"
558,06/06/2024,CTG,"32,400","32,500","32,600","32,700","32,350","32,520",200,0.62,7.44,241.85,0.14,4.56,7.58,246.41,"175,061.73"
559,05/06/2024,CTG,"32,800","32,900","32,400","32,950","32,400","32,723",-400,-1.22,8.38,274.33,0.04,1.38,8.43,275.71,"173,987.73"
560,04/06/2024,CTG,"32,600","32,700","32,800","32,950","32,450","32,758",200,0.61,8.84,289.68,0.14,4.67,8.98,294.35,"176,135.73"
561,03/06/2024,CTG,"31,900","32,250","32,600","32,800","32,050","32,483",700,2.19,9.93,322.51,8.07,257.53,18.00,580.04,"175,061.73"
562,31/05/2024,CTG,"31,800","31,800","31,900","32,200","31,800","31,995",100,0.31,6.19,198.05,0.15,4.93,6.34,202.99,"171,302.74"
563,30/05/2024,CTG,"31,650","31,350","31,800","32,100","31,350","31,754",150,0.47,9.62,305.40,0.58,18.40,10.20,323.80,"170,765.74"
564,29/05/2024,CTG,"32,200","32,200","31,650","32,200","31,650","31,809",-550,-1.71,15.63,497.24,0.04,1.27,15.67,498.51,"169,960.24"
565,28/05/2024,CTG,"32,400","32,450","32,200","32,500","31,700","31,980",-200,-0.62,24.69,789.45,0.19,6.48,24.88,795.93,"172,913.73"
566,27/05/2024,CTG,"32,500","32,700","32,400","32,700","32,100","32,310",-100,-0.31,8.22,265.51,0.00,0.00,8.22,265.51,"173,987.73"
567,24/05/2024,CTG,"33,250","33,100","32,500","33,900","32,300","33,121",-750,-2.26,13.92,461.09,0.17,5.78,14.09,466.87,"174,524.73"
568,23/05/2024,CTG,"33,000","32,950","33,250","33,250","32,600","32,870",250,0.76,5.57,183.20,0.00,0.00,5.57,183.20,"178,552.23"
569,22/05/2024,CTG,"33,650","33,850","33,000","33,900","32,700","33,314",-650,-1.93,11.64,387.88,0.62,19.79,12.26,407.67,"177,209.73"
570,21/05/2024,CTG,"33,350","33,450","33,650","34,100","33,350","33,705",300,0.90,6.08,204.90,0.10,3.26,6.18,208.16,"180,700.22"
571,20/05/2024,CTG,"33,100","33,300","33,350","33,900","33,050","33,424",250,0.76,12.15,406.04,0.17,5.49,12.32,411.53,"179,089.22"
572,17/05/2024,CTG,"33,200","33,350","33,100","33,400","32,900","33,143",-100,-0.30,5.95,197.15,0.20,6.51,6.15,203.66,"177,746.73"
573,16/05/2024,CTG,"32,350","32,800","33,200","33,700","32,550","33,240",850,2.63,14.19,471.80,0.12,4.04,14.32,475.85,"178,283.73"
574,15/05/2024,CTG,"32,300","32,450","32,350","33,000","32,250","32,450",50,0.15,7.93,257.29,0.25,8.03,8.18,265.33,"173,719.23"
575,14/05/2024,CTG,"32,300","32,400","32,300","32,700","32,250","32,395",0,0.00,5.64,182.83,0.07,2.40,5.72,185.23,"173,450.73"
576,13/05/2024,CTG,"32,850","32,850","32,300","32,850","32,250","32,501",-550,-1.67,7.00,227.64,0.05,1.54,7.05,229.18,"173,450.73"
577,10/05/2024,CTG,"32,900","33,150","32,850","33,150","32,550","32,774",-50,-0.15,4.66,152.62,0.15,5.05,4.81,157.67,"176,404.23"
578,09/05/2024,CTG,"32,600","32,800","32,900","33,400","32,450","32,931",300,0.92,7.20,237.00,0.05,1.46,7.24,238.46,"176,672.73"
579,08/05/2024,CTG,"32,800","32,650","32,600","33,000","32,350","32,565",-200,-0.61,8.40,273.48,0.20,6.55,8.60,280.03,"175,061.73"
580,07/05/2024,CTG,"33,200","33,200","32,800","33,250","32,800","32,968",-400,-1.20,4.94,162.92,0.13,4.36,5.07,167.28,"176,135.73"
581,06/05/2024,CTG,"32,400","32,600","33,200","33,250","32,350","32,872",800,2.47,7.63,250.72,0.15,4.85,7.78,255.57,"178,283.73"
582,03/05/2024,CTG,"32,350","32,450","32,400","32,850","32,150","32,447",50,0.15,6.16,199.89,0.02,0.65,6.18,200.53,"173,987.73"
583,02/05/2024,CTG,"32,800","32,800","32,350","32,800","32,000","32,244",-450,-1.37,6.36,205.10,0.10,3.28,6.46,208.38,"173,719.23"
584,26/04/2024,CTG,"33,000","32,550","32,800","33,150","32,150","32,562",-200,-0.61,8.97,292.17,0.02,0.66,8.99,292.83,"176,135.73"
585,25/04/2024,CTG,"32,950","32,850","33,000","33,000","32,250","32,536",50,0.15,4.86,158.25,0.10,3.26,4.96,161.51,"177,209.73"
586,24/04/2024,CTG,"31,500","32,000","32,950","32,950","31,700","32,333","1,450",4.60,9.01,291.41,0.10,3.24,9.11,294.66,"176,941.23"
587,23/04/2024,CTG,"32,300","32,250","31,500","32,500","31,150","31,753",-800,-2.48,10.69,339.41,0.10,3.32,10.79,342.73,"169,154.74"
588,22/04/2024,CTG,"31,600","32,050","32,300","32,400","31,700","32,162",700,2.22,7.77,249.84,0.02,0.67,7.79,250.51,"173,450.73"
589,19/04/2024,CTG,"32,700","32,100","31,600","32,750","31,250","31,966","-1,100",-3.36,13.04,416.86,0.10,3.42,13.14,420.28,"169,691.74"
590,17/04/2024,CTG,"34,050","34,250","32,700","34,250","32,650","33,229","-1,350",-3.96,19.10,634.53,0.15,4.86,19.25,639.39,"175,598.73"
591,16/04/2024,CTG,"33,450","33,900","34,050","34,050","32,800","33,482",600,1.79,15.41,516.11,0.10,3.38,15.51,519.48,"182,848.22"
592,15/04/2024,CTG,"35,900","35,800","33,450","36,300","33,400","35,575","-2,450",-6.82,29.29,"1,042.08",0.02,0.67,29.31,"1,042.75","179,626.22"
593,12/04/2024,CTG,"33,700","33,800","35,900","36,050","33,650","35,212","2,200",6.53,23.78,837.18,0.14,4.63,23.92,841.82,"192,782.70"
594,11/04/2024,CTG,"33,650","33,300","33,700","33,700","33,250","33,455",50,0.15,4.18,139.83,0.02,0.65,4.20,140.48,"180,968.72"
595,10/04/2024,CTG,"34,250","34,350","33,650","34,350","33,650","33,940",-600,-1.75,4.30,145.99,0.34,11.30,4.64,157.29,"180,700.22"
596,09/04/2024,CTG,"33,500","33,900","34,250","34,250","33,550","33,942",750,2.24,5.24,177.80,0.02,0.66,5.26,178.47,"183,922.22"
597,08/04/2024,CTG,"33,200","33,300","33,500","34,250","32,950","33,614",300,0.90,12.01,403.63,0.34,11.09,12.35,414.72,"179,894.72"
598,05/04/2024,CTG,"33,550","33,200","33,200","33,600","33,100","33,356",-350,-1.04,9.83,328.03,0.02,0.68,9.85,328.71,"178,283.73"
599,04/04/2024,CTG,"34,050","34,200","33,550","34,300","33,500","33,803",-500,-1.47,7.10,240.15,0.10,3.46,7.20,243.62,"180,163.22"
600,03/04/2024,CTG,"35,000","34,900","34,050","35,000","33,900","34,381",-950,-2.71,9.11,313.19,0.00,0.00,9.11,313.19,"182,848.22"
601,02/04/2024,CTG,"35,000","34,500","35,000","35,200","34,100","34,580",0,0.00,6.98,241.34,0.12,4.44,7.10,245.78,"187,949.71"
602,01/04/2024,CTG,"35,550","35,400","35,000","35,400","34,750","35,008",-550,-1.55,7.92,277.20,0.00,0.00,7.92,277.20,"187,949.71"
603,29/03/2024,CTG,"35,750","35,750","35,550","35,750","35,150","35,457",-200,-0.56,4.49,159.20,0.12,4.07,4.61,163.28,"190,903.21"
604,28/03/2024,CTG,"35,500","35,900","35,750","35,900","35,300","35,521",250,0.70,7.03,249.77,0.00,0.00,7.03,249.77,"191,977.20"
605,27/03/2024,CTG,"35,200","35,000","35,500","35,500","34,800","35,048",300,0.85,5.07,177.57,0.19,6.60,5.25,184.17,"190,634.71"
606,26/03/2024,CTG,"34,700","34,750","35,200","35,400","34,650","35,015",500,1.44,3.80,133.10,0.00,0.00,3.80,133.10,"189,023.71"
607,25/03/2024,CTG,"35,700","35,500","34,700","35,700","34,500","35,166","-1,000",-2.80,9.58,336.78,0.19,6.54,9.76,343.32,"186,338.71"
608,22/03/2024,CTG,"34,900","35,100","35,700","36,400","35,000","35,791",800,2.29,15.96,571.15,0.06,2.17,16.02,573.33,"191,708.71"
609,21/03/2024,CTG,"34,350","34,600","34,900","34,900","34,050","34,461",550,1.60,9.09,313.17,0.22,7.49,9.31,320.66,"187,412.71"
610,20/03/2024,CTG,"33,300","33,200","34,350","34,500","33,000","34,061","1,050",3.15,9.48,323.06,0.44,14.49,9.92,337.56,"184,459.22"
611,19/03/2024,CTG,"33,300","33,400","33,300","33,800","32,950","33,161",0,0.00,7.15,237.09,1.16,38.61,8.31,275.70,"178,820.73"
612,18/03/2024,CTG,"34,750","34,750","33,300","35,000","32,350","33,411","-1,450",-4.17,11.39,380.46,0.00,0.00,11.39,380.46,"178,820.73"
613,15/03/2024,CTG,"34,450","34,400","34,750","35,400","33,950","34,429",300,0.87,9.59,330.06,0.12,4.01,9.71,334.07,"186,607.21"
614,14/03/2024,CTG,"35,150","35,200","34,450","35,200","34,200","34,655",-700,-1.99,7.01,242.94,0.00,0.00,7.01,242.94,"184,996.22"
615,13/03/2024,CTG,"34,500","34,600","35,150","35,150","34,200","34,634",650,1.88,6.14,212.71,0.12,4.15,6.26,216.86,"188,755.21"
616,12/03/2024,CTG,"34,150","34,000","34,500","34,600","33,950","34,239",350,1.02,6.76,231.48,0.00,0.00,6.76,231.48,"185,264.72"
617,11/03/2024,CTG,"34,500","34,500","34,150","34,750","33,900","34,320",-350,-1.01,7.84,269.16,0.14,4.87,7.98,274.03,"183,385.22"
618,08/03/2024,CTG,"35,800","35,800","34,500","35,850","34,500","34,946","-1,300",-3.63,20.83,727.87,0.00,0.00,20.83,727.87,"185,264.72"
619,07/03/2024,CTG,"36,100","36,000","35,800","36,050","35,450","35,690",-300,-0.83,8.88,317.03,0.48,16.61,9.36,333.64,"192,245.70"
620,06/03/2024,CTG,"36,450","36,400","36,100","36,950","35,650","36,354",-350,-0.96,11.11,404.07,0.02,0.70,11.13,404.77,"193,856.70"
621,05/03/2024,CTG,"36,000","36,000","36,450","36,450","35,750","36,056",450,1.25,7.38,266.03,0.04,1.44,7.42,267.47,"195,736.20"
622,04/03/2024,CTG,"35,600","35,600","36,000","36,900","35,150","36,019",400,1.12,17.57,632.84,0.25,8.68,17.81,641.52,"193,319.70"
623,01/03/2024,CTG,"35,550","35,700","35,600","35,700","35,000","35,252",50,0.14,9.18,323.61,0.04,1.38,9.22,324.98,"191,171.71"
624,29/02/2024,CTG,"35,950","36,200","35,550","36,300","35,200","35,586",-400,-1.11,12.80,455.43,0.10,3.64,12.90,459.07,"190,903.21"
625,28/02/2024,CTG,"36,150","36,400","35,950","36,450","35,650","36,004",-200,-0.55,9.81,353.19,0.02,0.73,9.83,353.92,"193,051.20"
626,27/02/2024,CTG,"35,650","35,700","36,150","36,300","35,450","35,811",500,1.40,9.07,324.67,0.10,3.61,9.17,328.27,"194,125.20"
627,26/02/2024,CTG,"35,200","35,200","35,650","35,850","35,100","35,505",450,1.28,6.39,226.94,0.02,0.71,6.41,227.65,"191,440.21"
628,23/02/2024,CTG,"35,700","35,800","35,200","37,150","35,000","36,198",-500,-1.40,25.76,932.57,0.10,3.55,25.86,936.12,"189,023.71"
629,22/02/2024,CTG,"35,550","35,700","35,700","35,750","35,250","35,541",150,0.42,7.06,250.78,0.02,0.69,7.08,251.47,"191,708.71"
630,21/02/2024,CTG,"35,200","35,250","35,550","36,200","35,050","35,640",350,0.99,10.39,370.36,0.10,3.54,10.49,373.90,"190,903.21"
631,20/02/2024,CTG,"35,400","35,300","35,200","35,600","34,700","35,154",-200,-0.56,6.83,240.17,0.05,1.77,6.88,241.94,"189,023.71"
632,19/02/2024,CTG,"35,250","35,100","35,400","35,500","34,500","34,852",150,0.43,10.68,372.13,0.10,3.62,10.78,375.75,"190,097.71"
633,16/02/2024,CTG,"35,000","35,300","35,250","35,300","34,650","34,928",250,0.71,7.50,262.13,0.02,0.72,7.52,262.85,"189,292.21"
634,15/02/2024,CTG,"35,500","35,600","35,000","35,800","35,000","35,423",-500,-1.41,8.85,313.48,0.10,3.61,8.95,317.10,"187,949.71"
635,07/02/2024,CTG,"34,400","34,400","35,500","36,300","34,400","35,657","1,100",3.20,13.53,482.59,0.12,4.01,13.65,486.60,"190,634.71"
636,06/02/2024,CTG,"33,900","34,000","34,400","34,450","33,850","34,251",500,1.47,8.65,296.12,0.13,4.45,8.78,300.57,"184,727.72"
637,05/02/2024,CTG,"31,700","31,750","33,900","33,900","31,750","33,259","2,200",6.94,21.68,721.04,0.11,3.71,21.79,724.74,"182,042.72"
638,02/02/2024,CTG,"32,050","32,000","31,700","32,150","31,550","31,826",-350,-1.09,4.54,144.38,2.17,69.99,6.71,214.37,"170,228.74"
639,01/02/2024,CTG,"31,600","31,450","32,050","32,100","31,450","31,861",450,1.42,5.13,163.32,0.02,0.68,5.15,164.00,"172,108.24"
640,31/01/2024,CTG,"32,200","32,450","31,600","32,500","31,300","31,722",-600,-1.86,11.93,378.29,0.31,9.94,12.24,388.23,"169,691.74"
641,30/01/2024,CTG,"32,300","32,350","32,200","32,450","32,050","32,201",-100,-0.31,3.74,120.49,1.00,32.17,4.74,152.66,"172,913.73"
642,29/01/2024,CTG,"32,100","32,100","32,300","32,750","32,000","32,496",200,0.62,5.88,190.94,2.31,74.31,8.19,265.25,"173,450.73"
643,26/01/2024,CTG,"32,050","32,100","32,100","32,250","31,950","32,079",50,0.16,3.68,117.94,1.50,46.28,5.18,164.21,"172,376.74"
644,25/01/2024,CTG,"32,000","32,000","32,050","32,100","31,600","31,848",50,0.16,5.16,164.49,1.12,36.35,6.28,200.83,"172,108.24"
645,24/01/2024,CTG,"32,200","31,950","32,000","32,400","31,900","32,176",-200,-0.62,5.00,160.81,0.60,19.38,5.60,180.19,"171,839.74"
646,23/01/2024,CTG,"32,650","32,650","32,200","32,800","31,900","32,213",-450,-1.38,9.14,294.30,1.22,39.66,10.36,333.96,"172,913.73"
647,22/01/2024,CTG,"32,600","32,550","32,650","32,650","31,950","32,359",50,0.15,8.68,280.87,1.50,49.50,10.18,330.37,"175,330.23"
648,19/01/2024,CTG,"31,500","31,700","32,600","32,600","31,450","31,915","1,100",3.49,14.11,450.27,0.44,13.94,14.55,464.20,"175,061.73"
649,18/01/2024,CTG,"31,150","31,150","31,500","31,600","30,900","31,266",350,1.12,8.84,276.45,0.00,0.00,8.84,276.45,"169,154.74"
650,17/01/2024,CTG,"31,400","31,050","31,150","31,500","31,000","31,173",-250,-0.80,6.74,210.10,0.12,3.76,6.86,213.86,"167,275.24"
651,16/01/2024,CTG,"31,400","31,050","31,400","31,400","30,800","31,041",0,0.00,7.44,231.02,0.07,2.04,7.51,233.06,"168,617.74"
652,15/01/2024,CTG,"31,500","31,550","31,400","31,700","31,000","31,344",-100,-0.32,6.95,217.90,0.12,3.79,7.07,221.69,"168,617.74"
653,12/01/2024,CTG,"31,000","30,800","31,500","31,850","30,600","31,316",500,1.61,17.18,538.15,0.17,5.13,17.35,543.28,"169,154.74"
654,11/01/2024,CTG,"31,000","31,100","31,000","31,500","30,400","30,881",0,0.00,9.75,300.97,0.22,6.74,9.97,307.71,"166,469.74"
655,10/01/2024,CTG,"30,000","30,000","31,000","31,150","29,850","30,505","1,000",3.33,13.92,424.79,0.48,14.58,14.40,439.37,"166,469.74"
656,09/01/2024,CTG,"29,550","29,600","30,000","30,150","29,300","29,817",450,1.52,14.35,427.92,0.26,7.61,14.61,435.53,"161,099.75"
657,08/01/2024,CTG,"29,000","29,500","29,550","29,800","29,050","29,351",550,1.90,12.11,355.54,0.00,0.00,12.11,355.54,"158,683.26"
658,05/01/2024,CTG,"28,600","28,750","29,000","29,150","28,700","28,970",400,1.40,8.77,253.93,0.12,3.19,8.89,257.12,"155,729.76"
659,04/01/2024,CTG,"27,600","27,650","28,600","29,500","27,550","28,570","1,000",3.62,14.69,419.78,0.23,6.46,14.92,426.24,"153,581.76"
660,03/01/2024,CTG,"27,200","27,200","27,600","27,600","27,050","27,332",400,1.47,3.12,85.38,0.12,3.25,3.24,88.62,"148,211.77"
661,02/01/2024,CTG,"27,100","27,150","27,200","27,250","27,050","27,175",100,0.37,3.30,89.68,0.00,0.00,3.30,89.68,"146,063.78"
662,29/12/2023,CTG,"27,100","27,200","27,100","27,350","27,100","27,231",0,0.00,4.66,126.76,0.32,8.94,4.97,135.70,"145,526.78"
663,28/12/2023,CTG,"26,850","26,850","27,100","27,100","26,750","26,933",250,0.93,2.98,80.36,0.64,17.15,3.62,97.51,"145,526.78"
664,27/12/2023,CTG,"26,800","26,800","26,850","26,900","26,750","26,855",50,0.19,3.01,80.80,1.09,29.15,4.09,109.95,"144,184.28"
665,26/12/2023,CTG,"26,900","26,850","26,800","26,950","26,800","26,849",-100,-0.37,3.25,87.20,0.00,0.00,3.25,87.20,"143,915.78"
666,25/12/2023,CTG,"26,450","26,550","26,900","26,900","26,500","26,761",450,1.70,4.08,109.28,1.41,39.16,5.50,148.43,"144,452.78"
667,22/12/2023,CTG,"26,550","26,500","26,450","26,600","26,350","26,466",-100,-0.38,2.17,57.41,1.98,52.40,4.15,109.80,"142,036.28"
668,21/12/2023,CTG,"26,550","26,400","26,550","26,600","26,250","26,421",0,0.00,2.58,68.20,0.56,14.73,3.14,82.93,"142,573.28"
669,20/12/2023,CTG,"26,500","26,300","26,550","26,600","26,200","26,412",50,0.19,2.39,63.08,7.35,196.14,9.73,259.22,"142,573.28"
670,19/12/2023,CTG,"26,050","26,100","26,500","26,500","25,950","26,075",450,1.73,2.31,60.19,0.57,14.94,2.88,75.13,"142,304.78"
671,18/12/2023,CTG,"26,700","26,500","26,050","26,700","26,050","26,266",-650,-2.43,3.84,100.77,7.35,196.14,11.18,296.90,"139,888.29"
672,15/12/2023,CTG,"26,750","26,500","26,700","26,850","26,350","26,590",-50,-0.19,3.97,105.54,0.50,13.38,4.47,118.92,"143,378.78"
673,14/12/2023,CTG,"26,750","26,950","26,750","26,950","26,450","26,637",0,0.00,3.87,103.18,0.00,0.00,3.87,103.18,"143,647.28"
674,13/12/2023,CTG,"27,000","27,150","26,750","27,350","26,700","26,920",-250,-0.93,3.63,97.71,0.05,1.18,3.67,98.89,"128,553.83"
675,12/12/2023,CTG,"26,850","26,900","27,000","27,000","26,700","26,863",150,0.56,3.35,89.89,0.00,0.00,3.35,89.89,"129,755.27"
676,11/12/2023,CTG,"26,900","26,950","26,850","27,050","26,700","26,853",-50,-0.19,2.20,59.16,0.12,3.34,2.32,62.50,"129,034.40"
677,08/12/2023,CTG,"26,900","27,000","26,900","27,100","26,700","26,865",0,0.00,3.72,99.91,0.80,21.48,4.52,121.39,"129,274.69"
678,07/12/2023,CTG,"26,650","26,750","26,900","27,100","26,550","26,815",250,0.94,5.66,151.68,0.12,3.05,5.78,154.73,"129,274.69"
679,06/12/2023,CTG,"26,500","26,500","26,650","26,700","26,500","26,585",150,0.57,3.21,85.22,0.29,7.20,3.49,92.43,"128,073.25"
680,05/12/2023,CTG,"26,550","26,600","26,500","26,700","26,500","26,572",-50,-0.19,2.55,67.74,0.41,10.36,2.96,78.11,"127,352.39"
681,04/12/2023,CTG,"26,300","26,450","26,550","26,600","26,250","26,434",250,0.95,7.64,201.91,0.00,0.00,7.64,201.91,"127,592.68"
682,01/12/2023,CTG,"26,300","26,450","26,300","26,450","26,000","26,174",0,0.00,1.96,51.37,0.09,2.53,2.05,53.90,"126,391.24"
683,30/11/2023,CTG,"26,300","26,300","26,300","26,700","26,150","26,405",0,0.00,2.65,70.02,0.00,0.00,2.65,70.02,"126,391.24"
684,29/11/2023,CTG,"29,300","29,300","29,400","29,550","29,200","29,405",100,0.34,2.55,74.98,0.05,1.36,2.60,76.34,"141,289.07"
685,28/11/2023,CTG,"29,400","29,300","29,300","29,300","28,850","29,026",-100,-0.34,2.07,60.05,0.04,1.09,2.11,61.14,"140,808.49"
686,27/11/2023,CTG,"29,600","29,650","29,400","29,650","29,100","29,321",-200,-0.68,1.43,41.98,0.08,2.35,1.51,44.33,"141,289.07"
687,24/11/2023,CTG,"29,200","29,200","29,600","29,600","28,700","29,081",400,1.37,3.09,89.81,0.00,0.00,3.09,89.81,"142,250.22"
688,23/11/2023,CTG,"29,600","29,750","29,200","29,750","29,200","29,498",-400,-1.35,1.91,56.45,0.08,2.36,1.99,58.80,"140,327.92"
689,22/11/2023,CTG,"29,400","29,500","29,600","29,700","29,350","29,532",200,0.68,1.85,54.63,0.37,10.75,2.22,65.39,"142,250.22"
690,21/11/2023,CTG,"29,550","29,850","29,400","29,850","29,400","29,533",-150,-0.51,1.84,54.27,0.38,11.27,2.22,65.54,"141,289.07"
691,20/11/2023,CTG,"29,700","29,200","29,550","29,750","29,100","29,423",-150,-0.51,2.17,63.81,0.04,1.22,2.21,65.03,"142,009.93"
692,17/11/2023,CTG,"30,250","30,200","29,700","30,300","29,450","29,909",-550,-1.82,4.28,128.04,0.08,2.59,4.36,130.63,"142,730.79"
693,16/11/2023,CTG,"30,200","29,950","30,250","30,300","29,900","30,057",50,0.17,2.24,67.45,0.04,1.16,2.28,68.61,"145,373.96"
694,15/11/2023,CTG,"29,800","30,100","30,200","30,600","30,100","30,348",400,1.34,5.37,163.07,0.08,2.22,5.45,165.29,"145,133.67"
695,14/11/2023,CTG,"29,400","29,850","29,800","30,100","29,600","29,833",400,1.36,3.73,111.35,0.04,1.14,3.77,112.49,"143,211.37"
696,13/11/2023,CTG,"29,400","29,300","29,400","29,550","29,200","29,458",0,0.00,3.13,92.19,0.12,3.29,3.25,95.48,"141,289.07"
697,10/11/2023,CTG,"29,500","29,250","29,400","29,400","28,950","29,165",-100,-0.34,3.48,101.43,0.04,1.16,3.52,102.59,"141,289.07"
698,09/11/2023,CTG,"29,250","29,350","29,500","29,750","29,200","29,489",250,0.85,4.61,135.85,0.38,11.06,4.99,146.91,"141,769.64"
699,08/11/2023,CTG,"28,550","28,600","29,250","29,250","28,250","28,770",700,2.45,2.93,84.44,0.04,1.15,2.97,85.59,"140,568.21"
700,07/11/2023,CTG,"28,550","28,400","28,550","28,700","28,300","28,558",0,0.00,2.28,65.04,0.32,8.88,2.60,73.93,"137,204.18"
701,06/11/2023,CTG,"28,000","28,350","28,550","28,700","28,350","28,539",550,1.96,2.34,66.71,0.04,1.16,2.38,67.86,"137,204.18"
702,03/11/2023,CTG,"28,250","28,400","28,000","28,450","28,000","28,138",-250,-0.88,3.56,100.16,0.08,2.17,3.64,102.33,"134,561.02"
703,02/11/2023,CTG,"27,400","27,600","28,250","28,500","27,600","28,082",850,3.10,2.37,66.61,0.02,0.58,2.39,67.19,"135,762.45"
704,01/11/2023,CTG,"27,700","27,800","27,400","27,800","27,300","27,460",-300,-1.08,3.04,83.46,0.23,6.62,3.27,90.07,"131,677.57"
705,31/10/2023,CTG,"27,650","27,750","27,700","28,000","27,600","27,810",50,0.18,2.83,78.79,0.04,1.17,2.87,79.97,"133,119.29"
706,30/10/2023,CTG,"28,200","27,650","27,650","28,200","27,650","27,976",-550,-1.95,1.73,48.41,0.38,11.08,2.11,59.49,"132,879.00"
707,27/10/2023,CTG,"28,350","28,350","28,200","28,450","27,750","27,995",-150,-0.53,2.90,81.21,0.04,1.20,2.94,82.42,"135,522.17"
708,26/10/2023,CTG,"29,000","28,350","28,350","28,550","27,550","27,964",-650,-2.24,5.97,167.05,0.06,1.61,6.03,168.66,"136,243.03"
709,25/10/2023,CTG,"29,500","29,300","29,000","29,500","28,950","29,278",-500,-1.69,1.75,51.21,0.04,1.21,1.79,52.42,"139,366.77"
710,24/10/2023,CTG,"29,300","29,300","29,500","29,500","29,050","29,343",200,0.68,2.47,72.42,0.13,3.92,2.60,76.33,"141,769.64"
711,23/10/2023,CTG,"29,400","29,400","29,300","29,400","28,800","29,034",-100,-0.34,1.59,46.09,0.04,1.21,1.63,47.30,"140,808.49"
712,20/10/2023,CTG,"28,600","28,450","29,400","29,750","27,900","28,705",800,2.80,3.60,103.40,0.17,5.00,3.77,108.40,"141,289.07"
713,19/10/2023,CTG,"28,350","28,350","28,600","28,600","28,000","28,269",250,0.88,1.81,51.17,0.02,0.61,1.83,51.78,"137,444.47"
714,18/10/2023,CTG,"28,600","28,600","28,350","28,800","28,050","28,450",-250,-0.87,2.13,60.47,0.17,5.17,2.30,65.63,"136,243.03"
715,17/10/2023,CTG,"28,800","29,000","28,600","29,150","28,600","28,924",-200,-0.69,1.65,47.74,0.07,2.07,1.72,49.80,"137,444.47"
716,16/10/2023,CTG,"29,300","29,250","28,800","29,300","28,800","29,027",-500,-1.71,2.03,58.79,0.02,0.62,2.05,59.40,"138,405.62"
717,13/10/2023,CTG,"29,600","29,300","29,300","29,600","29,000","29,230",-300,-1.01,1.46,42.60,0.04,1.22,1.50,43.82,"140,808.49"
718,12/10/2023,CTG,"29,500","29,700","29,600","29,750","29,350","29,596",100,0.34,2.09,61.93,0.41,12.14,2.50,74.06,"142,250.22"
719,11/10/2023,CTG,"29,300","29,300","29,500","29,500","29,050","29,222",200,0.68,1.76,51.41,0.44,12.91,2.20,64.32,"141,769.64"
720,10/10/2023,CTG,"29,150","29,350","29,300","29,550","29,200","29,409",150,0.51,2.97,87.36,0.17,4.79,3.14,92.15,"140,808.49"
721,09/10/2023,CTG,"28,700","28,650","29,150","29,200","28,650","28,889",450,1.57,1.90,54.94,0.09,2.75,1.99,57.69,"140,087.63"
722,06/10/2023,CTG,"28,100","28,500","28,700","28,750","27,850","28,359",600,2.14,3.15,89.46,0.00,0.00,3.15,89.46,"137,925.04"
723,05/10/2023,CTG,"28,900","29,050","28,100","29,150","28,100","28,633",-800,-2.77,4.88,139.86,0.44,13.58,5.32,153.44,"135,041.59"
724,04/10/2023,CTG,"29,100","28,700","28,900","29,100","28,600","28,917",-200,-0.69,3.08,88.98,0.00,0.00,3.08,88.98,"138,886.19"
725,03/10/2023,CTG,"29,950","29,500","29,100","29,500","28,750","29,037",-850,-2.84,7.71,223.73,0.26,8.19,7.97,231.92,"139,847.34"
726,02/10/2023,CTG,"30,050","30,100","29,950","30,350","27,950","29,745",-100,-0.33,5.33,158.68,0.00,0.00,5.33,158.68,"143,932.23"
727,29/09/2023,CTG,"30,850","30,550","30,050","31,050","30,050","30,399",-800,-2.59,5.35,162.66,0.12,3.90,5.47,166.56,"144,412.81"
728,28/09/2023,CTG,"31,000","30,700","30,850","31,000","28,850","30,294",-150,-0.48,7.87,238.55,0.00,0.00,7.87,238.55,"148,257.41"
729,27/09/2023,CTG,"30,300","30,400","31,000","31,000","30,000","30,389",700,2.31,3.65,110.86,0.16,5.17,3.81,116.03,"148,978.27"
730,26/09/2023,CTG,"29,800","29,900","30,300","30,850","29,750","30,275",500,1.68,5.26,159.12,0.00,0.00,5.26,159.12,"145,614.24"
731,25/09/2023,CTG,"31,650","31,450","29,800","31,700","29,800","30,893","-1,850",-5.85,6.72,207.64,0.08,2.50,6.80,210.15,"143,211.37"
732,22/09/2023,CTG,"31,700","31,500","31,650","31,750","31,000","31,293",-50,-0.16,8.22,257.30,0.05,1.65,8.27,258.94,"152,102.01"
733,21/09/2023,CTG,"32,050","32,100","31,700","32,150","31,700","31,829",-350,-1.09,6.00,190.89,0.07,2.24,6.07,193.13,"152,342.29"
734,20/09/2023,CTG,"32,100","32,100","32,050","32,350","31,750","31,990",-50,-0.16,6.67,213.35,0.49,16.11,7.16,229.46,"154,024.31"
735,19/09/2023,CTG,"32,050","32,050","32,100","32,250","31,550","31,910",50,0.16,4.88,155.82,0.07,2.27,4.95,158.09,"154,264.59"
736,18/09/2023,CTG,"32,750","32,750","32,050","32,750","31,800","32,116",-700,-2.14,8.70,279.38,0.49,16.12,9.19,295.50,"154,024.31"
737,15/09/2023,CTG,"33,200","33,100","32,750","33,500","32,650","32,933",-450,-1.36,6.48,213.56,0.90,29.98,7.38,243.54,"157,388.33"
738,14/09/2023,CTG,"32,550","32,750","33,200","33,650","32,750","33,288",650,2.00,14.13,470.21,0.05,1.66,14.18,471.87,"159,550.92"
739,13/09/2023,CTG,"32,300","32,300","32,550","32,750","31,950","32,375",250,0.77,8.00,258.98,0.07,2.24,8.07,261.22,"156,427.18"
740,12/09/2023,CTG,"31,900","32,000","32,300","32,300","31,750","31,947",400,1.25,3.93,125.52,0.66,21.17,4.59,146.69,"155,225.74"
741,11/09/2023,CTG,"32,300","32,500","31,900","32,750","31,800","32,265",-400,-1.24,7.49,241.75,0.84,26.55,8.33,268.30,"153,303.44"
742,08/09/2023,CTG,"32,650","32,700","32,300","32,700","32,300","32,493",-350,-1.07,3.67,119.39,0.05,1.75,3.72,121.14,"155,225.74"
743,07/09/2023,CTG,"32,650","32,700","32,650","33,300","32,650","32,974",0,0.00,7.77,256.32,0.13,4.33,7.91,260.65,"156,907.76"
744,06/09/2023,CTG,"32,650","32,700","32,650","32,750","32,250","32,407",0,0.00,4.46,144.66,0.05,1.52,4.51,146.18,"156,907.76"
745,05/09/2023,CTG,"32,450","32,500","32,650","33,000","32,500","32,802",200,0.62,5.97,195.79,0.00,0.00,5.97,195.79,"156,907.76"
746,31/08/2023,CTG,"32,100","32,150","32,450","32,600","32,150","32,369",350,1.09,5.27,170.68,0.05,1.64,5.32,172.32,"155,946.61"
747,30/08/2023,CTG,"31,250","31,450","32,100","32,100","31,450","31,877",850,2.72,7.40,235.74,0.02,0.58,7.42,236.32,"154,264.59"
748,29/08/2023,CTG,"31,150","31,400","31,250","31,800","31,250","31,471",100,0.32,3.73,117.28,0.10,3.08,3.83,120.35,"150,179.71"
749,28/08/2023,CTG,"31,150","31,050","31,150","31,300","31,000","31,146",0,0.00,5.41,168.54,0.02,0.64,5.43,169.18,"149,699.13"
750,25/08/2023,CTG,"31,750","31,750","31,150","31,750","31,050","31,291",-600,-1.89,8.63,269.94,0.07,2.19,8.70,272.13,"149,699.13"
751,24/08/2023,CTG,"31,300","31,500","31,750","31,900","31,100","31,317",450,1.44,5.04,157.74,0.04,1.37,5.08,159.11,"152,582.58"
752,23/08/2023,CTG,"31,550","31,650","31,300","31,750","31,050","31,301",-250,-0.79,4.38,137.02,2.05,64.91,6.43,201.93,"150,419.99"
753,22/08/2023,CTG,"32,000","32,000","31,550","32,050","30,900","31,522",-450,-1.41,5.80,182.68,0.05,1.56,5.85,184.24,"151,621.43"
754,21/08/2023,CTG,"30,700","30,900","32,000","32,300","30,600","31,438","1,300",4.23,9.91,311.66,2.07,66.34,11.98,378.00,"153,784.02"
755,18/08/2023,CTG,"32,600","32,300","30,700","32,450","30,700","31,706","-1,900",-5.83,13.70,434.26,2.35,76.01,16.05,510.26,"147,536.54"
756,17/08/2023,CTG,"32,350","32,400","32,600","32,900","32,250","32,635",250,0.77,9.76,318.61,3.07,102.09,12.83,420.69,"156,667.47"
757,16/08/2023,CTG,"32,400","32,200","32,350","32,700","31,900","32,379",-50,-0.15,6.37,206.34,2.10,68.02,8.47,274.35,"155,466.03"
758,15/08/2023,CTG,"32,300","32,300","32,400","32,400","32,050","32,236",100,0.31,5.24,168.94,0.07,2.24,5.31,171.18,"155,706.32"
759,14/08/2023,CTG,"32,100","32,100","32,300","32,400","31,700","32,100",200,0.62,6.37,204.48,0.05,1.56,6.42,206.04,"155,225.74"
760,11/08/2023,CTG,"31,650","31,750","32,100","32,150","31,300","31,634",450,1.42,6.91,218.56,0.04,1.25,6.95,219.81,"154,264.59"
761,10/08/2023,CTG,"32,500","32,500","31,650","32,650","31,600","32,031",-850,-2.62,8.00,256.11,0.00,0.00,8.00,256.11,"152,102.01"
762,09/08/2023,CTG,"32,600","32,500","32,500","32,600","32,050","32,363",-100,-0.31,8.01,259.36,0.09,2.89,8.10,262.25,"156,186.89"
763,08/08/2023,CTG,"32,600","32,850","32,600","32,850","32,300","32,536",0,0.00,8.76,285.17,0.60,20.70,9.36,305.87,"156,667.47"
764,07/08/2023,CTG,"31,000","31,450","32,600","32,600","31,250","32,062","1,600",5.16,13.00,416.87,0.09,2.78,13.09,419.65,"156,667.47"
765,04/08/2023,CTG,"30,900","31,000","31,000","31,000","30,650","30,842",100,0.32,7.56,233.08,0.00,0.00,7.56,233.08,"148,978.27"
766,03/08/2023,CTG,"31,050","30,950","30,900","31,100","30,700","30,925",-150,-0.48,8.08,249.81,0.07,2.14,8.15,251.95,"148,497.69"
767,02/08/2023,CTG,"30,400","30,500","31,050","31,150","30,500","30,949",650,2.14,13.34,412.84,0.04,1.17,13.38,414.01,"149,218.56"
768,01/08/2023,CTG,"30,000","30,200","30,400","30,800","30,100","30,575",400,1.33,14.24,435.50,0.12,3.54,14.36,439.03,"146,094.82"
769,31/07/2023,CTG,"29,500","29,900","30,000","30,000","29,600","29,800",500,1.69,5.77,171.82,0.00,0.00,5.77,171.82,"144,172.52"
770,28/07/2023,CTG,"29,350","29,400","29,500","29,500","29,300","29,404",150,0.51,5.22,153.48,0.09,2.60,5.31,156.08,"141,769.64"
771,27/07/2023,CTG,"29,800","29,850","29,350","29,900","29,300","29,502",-450,-1.51,7.92,233.70,0.03,0.90,7.95,234.59,"141,048.78"
772,26/07/2023,CTG,"29,900","29,950","29,800","30,050","29,700","29,865",-100,-0.33,5.54,165.57,0.63,18.96,6.18,184.54,"143,211.37"
773,25/07/2023,CTG,"29,850","29,950","29,900","30,300","29,850","30,027",50,0.17,6.09,182.92,0.00,0.00,6.09,182.92,"143,691.94"
774,24/07/2023,CTG,"29,700","29,900","29,850","30,100","29,750","29,891",150,0.51,5.16,154.37,0.10,2.89,5.26,157.26,"143,451.66"
775,21/07/2023,CTG,"29,650","29,650","29,700","29,800","29,500","29,615",50,0.17,5.54,163.99,0.02,0.60,5.56,164.59,"142,730.79"
776,20/07/2023,CTG,"29,900","29,900","29,650","29,900","29,550","29,643",-250,-0.84,4.59,136.17,0.10,2.99,4.69,139.16,"142,490.51"
777,19/07/2023,CTG,"29,850","30,000","29,900","30,050","29,500","29,823",50,0.17,6.74,201.02,0.02,0.61,6.76,201.63,"143,691.94"
778,18/07/2023,CTG,"29,700","29,700","29,850","30,000","29,700","29,848",150,0.51,4.57,136.43,0.10,3.02,4.67,139.45,"143,451.66"
779,17/07/2023,CTG,"29,900","29,900","29,700","29,950","29,550","29,682",-200,-0.67,6.58,195.36,0.02,0.59,6.60,195.95,"142,730.79"
780,14/07/2023,CTG,"30,000","30,000","29,900","30,200","29,400","29,779",-100,-0.33,7.97,237.25,0.10,3.07,8.07,240.31,"143,691.94"
781,13/07/2023,CTG,"30,000","30,200","30,000","30,200","29,850","29,966",0,0.00,5.30,158.90,0.00,0.00,5.30,158.90,"144,172.52"
782,12/07/2023,CTG,"30,300","30,300","30,000","30,400","29,800","30,038",-300,-0.99,6.31,189.65,0.10,2.99,6.41,192.65,"144,172.52"
783,11/07/2023,CTG,"29,700","29,950","30,300","30,600","29,950","30,341",600,2.02,14.51,440.22,0.00,0.00,14.51,440.22,"145,614.24"
784,10/07/2023,CTG,"29,600","29,750","29,700","29,800","29,500","29,631",100,0.34,6.96,206.30,1.74,51.85,8.70,258.15,"142,730.79"
785,07/07/2023,CTG,"29,350","29,250","29,600","29,600","29,050","29,244",250,0.85,3.91,114.45,0.00,0.00,3.91,114.45,"142,250.22"
786,06/07/2023,CTG,"29,550","29,550","29,350","29,600","28,850","29,176",-200,-0.68,6.34,185.08,0.75,21.80,7.09,206.88,"141,048.78"
787,05/07/2023,CTG,"29,450","29,550","29,550","29,700","29,350","29,545",100,0.34,3.60,106.26,0.99,29.29,4.59,135.55,"142,009.93"
788,04/07/2023,CTG,"29,250","29,150","29,450","29,500","29,050","29,223",200,0.68,5.11,149.20,0.02,0.58,5.13,149.78,"141,529.36"
789,03/07/2023,CTG,"29,500","29,500","29,250","29,600","29,200","29,338",-250,-0.85,3.18,93.28,1.50,44.10,4.68,137.38,"140,568.21"
790,30/06/2023,CTG,"29,900","29,700","29,500","29,750","29,350","29,516",-400,-1.34,5.60,165.35,0.05,1.53,5.65,166.88,"141,769.64"
791,29/06/2023,CTG,"30,000","30,000","29,900","30,100","29,500","29,749",-100,-0.33,5.20,154.73,0.00,0.00,5.20,154.73,"143,691.94"
792,28/06/2023,CTG,"29,350","29,400","30,000","30,200","29,350","29,723",650,2.21,8.63,256.57,0.18,5.37,8.81,261.94,"144,172.52"
793,27/06/2023,CTG,"29,250","29,300","29,350","29,350","29,000","29,166",100,0.34,3.66,106.63,1.63,46.94,5.29,153.57,"141,048.78"
794,26/06/2023,CTG,"29,250","29,050","29,250","29,450","28,900","29,108",0,0.00,6.46,188.10,0.00,0.00,6.46,188.10,"140,568.21"
795,23/06/2023,CTG,"29,450","29,500","29,250","29,550","29,150","29,385",-200,-0.68,4.98,146.45,0.77,22.49,5.75,168.94,"140,568.21"
796,22/06/2023,CTG,"29,150","29,300","29,450","29,650","29,200","29,403",300,1.03,5.10,150.03,0.00,0.00,5.10,150.03,"141,529.36"
797,21/06/2023,CTG,"29,200","29,100","29,150","29,300","28,850","29,059",-50,-0.17,4.57,132.81,0.27,8.07,4.84,140.87,"140,087.63"
798,20/06/2023,CTG,"28,600","28,650","29,200","29,200","28,550","28,822",600,2.10,2.78,80.17,2.50,73.00,5.28,153.17,"140,327.92"
799,19/06/2023,CTG,"28,500","28,550","28,600","28,850","28,550","28,697",100,0.35,3.40,97.70,0.05,1.40,3.45,99.10,"137,444.47"
800,16/06/2023,CTG,"29,000","29,050","28,500","29,200","28,500","28,955",-500,-1.72,7.43,215.22,0.00,0.00,7.43,215.22,"136,963.89"
801,15/06/2023,CTG,"28,700","28,700","29,000","29,350","28,700","29,064",300,1.05,7.18,208.78,2.62,75.98,9.80,284.77,"139,366.77"
802,14/06/2023,CTG,"28,300","28,450","28,700","29,200","28,450","28,885",400,1.41,8.42,243.31,9.03,260.37,17.45,503.68,"137,925.04"
803,13/06/2023,CTG,"28,400","28,350","28,300","28,450","28,200","28,347",-100,-0.35,3.21,91.08,3.89,110.46,7.10,201.55,"136,002.74"
804,12/06/2023,CTG,"28,350","28,400","28,400","28,450","27,850","28,135",50,0.18,5.63,158.53,4.90,138.83,10.53,297.35,"136,483.32"
805,09/06/2023,CTG,"28,550","28,550","28,350","28,650","28,100","28,393",-200,-0.70,6.11,173.51,3.00,85.10,9.11,258.61,"136,243.03"
806,08/06/2023,CTG,"28,900","28,900","28,550","29,000","28,550","28,672",-350,-1.21,5.17,148.11,1.60,45.60,6.77,193.71,"137,204.18"
807,07/06/2023,CTG,"28,700","28,850","28,900","29,200","28,750","28,924",200,0.70,6.35,183.57,1.62,46.41,7.97,229.98,"138,886.19"
808,06/06/2023,CTG,"28,750","28,850","28,700","29,000","28,600","28,808",-50,-0.17,5.31,152.87,3.60,104.18,8.91,257.05,"137,925.04"
809,05/06/2023,CTG,"28,650","28,900","28,750","29,050","28,650","28,853",100,0.35,4.45,128.28,0.62,17.86,5.07,146.14,"138,165.33"
810,02/06/2023,CTG,"27,950","28,050","28,650","28,750","28,000","28,490",700,2.50,8.93,254.47,5.75,163.34,14.68,417.81,"137,684.75"
811,01/06/2023,CTG,"28,000","28,000","27,950","28,100","27,850","27,930",-50,-0.18,2.40,66.90,0.12,3.37,2.52,70.27,"134,320.73"
812,31/05/2023,CTG,"28,050","28,050","28,000","28,050","27,800","27,930",-50,-0.18,2.71,75.83,5.85,159.70,8.56,235.53,"134,561.02"
813,30/05/2023,CTG,"28,000","28,100","28,050","28,150","27,900","28,039",50,0.18,2.95,82.66,0.05,1.40,3.00,84.06,"134,801.30"
814,29/05/2023,CTG,"27,800","27,800","28,000","28,150","27,800","28,030",200,0.72,2.86,80.19,2.00,56.40,4.86,136.59,"134,561.02"
815,26/05/2023,CTG,"27,600","27,600","27,800","27,800","27,500","27,644",200,0.72,1.78,49.26,1.60,44.17,3.38,93.42,"133,599.87"
816,25/05/2023,CTG,"27,750","27,650","27,600","27,800","27,550","27,655",-150,-0.54,3.10,85.72,0.00,0.00,3.10,85.72,"132,638.72"
817,24/05/2023,CTG,"27,900","28,000","27,750","28,000","27,600","27,752",-150,-0.54,3.82,106.06,0.10,2.78,3.92,108.84,"133,359.58"
818,23/05/2023,CTG,"27,950","28,100","27,900","28,100","27,700","27,865",-50,-0.18,4.05,112.81,0.00,0.00,4.05,112.81,"134,080.44"
819,22/05/2023,CTG,"28,000","28,000","27,950","28,200","27,950","28,023",-50,-0.18,3.07,85.95,0.07,1.92,3.14,87.87,"134,320.73"
820,19/05/2023,CTG,"27,750","27,900","28,000","28,200","27,650","27,836",250,0.90,2.09,58.05,0.00,0.00,2.09,58.05,"134,561.02"
821,18/05/2023,CTG,"27,500","27,700","27,750","27,900","27,500","27,747",250,0.91,4.64,128.88,0.07,1.94,4.71,130.81,"133,359.58"
822,17/05/2023,CTG,"27,950","28,000","27,500","28,100","27,500","27,725",-450,-1.61,5.24,145.34,0.03,0.81,5.27,146.15,"132,158.14"
823,16/05/2023,CTG,"28,100","28,200","27,950","28,250","27,950","28,060",-150,-0.53,3.04,85.24,0.07,2.00,3.11,87.24,"134,320.73"
824,15/05/2023,CTG,"28,400","28,500","28,100","28,650","28,100","28,438",-300,-1.06,6.83,194.30,0.03,0.85,6.86,195.15,"135,041.59"
825,12/05/2023,CTG,"28,350","28,350","28,400","28,400","28,150","28,294",50,0.18,3.87,109.38,0.05,1.43,3.92,110.81,"136,483.32"
826,11/05/2023,CTG,"28,250","28,400","28,350","28,450","28,250","28,359",100,0.35,2.98,84.46,0.07,1.89,3.05,86.35,"136,243.03"
827,10/05/2023,CTG,"28,000","28,050","28,250","28,250","27,950","28,053",250,0.89,5.54,155.53,0.03,0.80,5.57,156.33,"135,762.45"
828,09/05/2023,CTG,"27,900","28,050","28,000","28,250","28,000","28,100",100,0.36,2.87,80.63,0.07,1.89,2.94,82.53,"134,561.02"
829,08/05/2023,CTG,"27,850","28,000","27,900","28,050","27,850","27,919",50,0.18,3.29,91.91,0.44,12.28,3.73,104.19,"134,080.44"
830,05/05/2023,CTG,"28,250","28,250","27,850","28,300","27,800","27,994",-400,-1.42,3.72,104.15,0.62,17.88,4.34,122.03,"133,840.15"
831,04/05/2023,CTG,"28,850","28,600","28,250","28,600","28,200","28,352",-600,-2.08,2.09,59.40,0.78,22.48,2.87,81.88,"135,762.45"
832,28/04/2023,CTG,"28,350","28,500","28,850","28,850","28,500","28,768",500,1.76,4.38,125.88,0.04,1.15,4.42,127.03,"138,645.91"
833,27/04/2023,CTG,"28,400","28,400","28,350","28,700","28,350","28,463",-50,-0.18,1.98,56.31,0.03,0.87,2.01,57.18,"136,243.03"
834,26/04/2023,CTG,"28,500","28,500","28,400","28,800","27,950","28,241",-100,-0.35,3.78,106.79,0.04,1.17,3.82,107.96,"136,483.32"
835,25/04/2023,CTG,"28,900","29,000","28,500","29,000","28,500","28,645",-400,-1.38,1.28,36.68,0.03,0.89,1.31,37.57,"136,963.89"
836,24/04/2023,CTG,"28,600","28,550","28,900","29,200","28,200","28,560",300,1.05,2.65,75.77,0.08,2.29,2.73,78.05,"138,886.19"
837,21/04/2023,CTG,"28,750","28,500","28,600","28,750","28,500","28,603",-150,-0.52,0.94,26.77,0.02,0.65,0.96,27.42,"137,444.47"
838,20/04/2023,CTG,"28,700","28,650","28,750","28,750","28,400","28,564",50,0.17,1.33,37.95,0.00,0.00,1.33,37.95,"138,165.33"
839,19/04/2023,CTG,"29,100","29,050","28,700","29,150","28,650","28,814",-400,-1.37,1.61,46.49,2.11,61.36,3.72,107.85,"137,925.04"
840,18/04/2023,CTG,"29,200","29,200","29,100","29,300","29,000","29,129",-100,-0.34,1.18,34.29,0.03,0.89,1.21,35.18,"139,847.34"
841,17/04/2023,CTG,"29,100","29,100","29,200","29,300","28,800","29,053",100,0.34,1.30,37.72,0.09,2.70,1.39,40.42,"140,327.92"
842,14/04/2023,CTG,"29,400","29,450","29,100","29,500","29,100","29,250",-300,-1.02,1.51,44.24,0.03,0.89,1.54,45.12,"139,847.34"
843,13/04/2023,CTG,"29,500","29,400","29,400","29,500","29,100","29,302",-100,-0.34,1.31,38.41,0.16,4.56,1.47,42.97,"141,289.07"
844,12/04/2023,CTG,"29,600","29,700","29,500","29,700","29,400","29,471",-100,-0.34,1.37,40.46,3.05,89.95,4.42,130.41,"141,769.64"
845,11/04/2023,CTG,"29,350","29,450","29,600","29,600","29,200","29,360",250,0.85,1.16,34.06,0.07,2.06,1.23,36.12,"142,250.22"
846,10/04/2023,CTG,"29,500","29,500","29,350","29,700","29,300","29,491",-150,-0.51,1.85,54.54,0.05,1.50,1.90,56.04,"141,048.78"
847,07/04/2023,CTG,"29,550","29,500","29,500","29,550","29,300","29,390",-50,-0.17,1.54,45.31,0.07,2.07,1.61,47.38,"141,769.64"
848,06/04/2023,CTG,"30,000","30,000","29,550","30,000","29,550","29,694",-450,-1.50,1.93,57.32,0.05,1.51,1.98,58.83,"142,009.93"
849,05/04/2023,CTG,"29,650","29,650","30,000","30,100","29,350","29,674",350,1.18,3.44,102.05,0.07,2.06,3.51,104.10,"144,172.52"
850,04/04/2023,CTG,"29,950","29,950","29,650","29,950","29,550","29,673",-300,-1.00,2.22,65.88,0.05,1.53,2.27,67.41,"142,490.51"
851,03/04/2023,CTG,"29,200","29,500","29,950","30,050","29,400","29,708",750,2.57,3.73,110.88,0.07,2.08,3.80,112.96,"143,932.23"
852,31/03/2023,CTG,"29,000","28,900","29,200","29,200","28,700","28,985",200,0.69,2.33,67.59,0.00,0.00,2.33,67.59,"140,327.92"
853,30/03/2023,CTG,"29,000","29,100","29,000","29,200","28,800","29,022",0,0.00,1.45,41.98,0.07,2.04,1.52,44.01,"139,366.77"
854,29/03/2023,CTG,"28,900","28,800","29,000","29,050","28,800","28,952",100,0.35,1.73,50.07,0.00,0.00,1.73,50.07,"139,366.77"
855,28/03/2023,CTG,"28,750","28,750","28,900","29,000","28,750","28,876",150,0.52,1.90,54.82,0.22,6.23,2.11,61.05,"138,886.19"
856,27/03/2023,CTG,"28,500","28,500","28,750","28,900","28,300","28,656",250,0.88,1.39,39.91,0.00,0.00,1.39,39.91,"138,165.33"
857,24/03/2023,CTG,"28,700","28,700","28,500","28,850","28,300","28,553",-200,-0.70,2.54,72.50,0.12,3.40,2.66,75.89,"136,963.89"
858,23/03/2023,CTG,"28,500","28,200","28,700","28,700","28,100","28,471",200,0.70,1.61,45.73,1.35,38.48,2.96,84.20,"137,925.04"
859,22/03/2023,CTG,"28,300","28,450","28,500","28,700","28,200","28,479",200,0.71,1.38,39.29,0.12,3.43,1.50,42.72,"136,963.89"
860,21/03/2023,CTG,"28,000","28,600","28,300","28,600","28,000","28,293",300,1.07,1.06,29.89,0.00,0.00,1.06,29.89,"136,002.74"
861,20/03/2023,CTG,"29,000","28,950","28,000","28,950","28,000","28,342","-1,000",-3.45,1.61,45.67,0.12,3.47,1.73,49.14,"134,561.02"
862,17/03/2023,CTG,"28,950","29,050","29,000","29,300","28,800","28,915",50,0.17,1.14,32.87,0.00,0.00,1.14,32.87,"139,366.77"
863,16/03/2023,CTG,"29,500","29,000","28,950","29,200","28,500","28,799",-550,-1.86,2.15,61.94,0.08,2.34,2.23,64.27,"139,126.48"
864,15/03/2023,CTG,"29,000","29,300","29,500","29,600","29,050","29,439",500,1.72,2.80,82.32,0.04,1.20,2.84,83.52,"141,769.64"
865,14/03/2023,CTG,"29,300","29,250","29,000","29,250","28,350","28,687",-300,-1.02,2.14,61.50,0.08,2.41,2.22,63.90,"139,366.77"
866,13/03/2023,CTG,"29,200","28,650","29,300","29,400","28,600","29,121",100,0.34,1.86,54.15,0.00,0.00,1.86,54.15,"140,808.49"
867,10/03/2023,CTG,"29,400","29,250","29,200","29,250","28,700","28,961",-200,-0.68,1.61,46.74,0.09,2.66,1.70,49.40,"140,327.92"
868,09/03/2023,CTG,"29,400","29,400","29,400","29,700","29,250","29,452",0,0.00,2.36,69.61,0.40,11.80,2.76,81.41,"141,289.07"
869,08/03/2023,CTG,"29,000","28,500","29,400","29,500","28,450","29,003",400,1.38,3.42,99.09,1.00,29.00,4.42,128.09,"141,289.07"
870,07/03/2023,CTG,"28,350","28,350","29,000","29,000","28,350","28,792",650,2.29,2.88,83.00,0.27,7.62,3.15,90.61,"139,366.77"
871,06/03/2023,CTG,"27,800","27,850","28,350","28,750","27,850","28,455",550,1.98,3.19,90.87,0.00,0.00,3.19,90.87,"136,243.03"
872,03/03/2023,CTG,"27,800","28,000","27,800","28,000","27,450","27,640",0,0.00,1.75,48.32,0.12,3.36,1.87,51.68,"133,599.87"
873,02/03/2023,CTG,"28,250","28,300","27,800","28,350","27,750","27,919",-450,-1.59,1.83,51.09,0.00,0.00,1.83,51.09,"133,599.87"
874,01/03/2023,CTG,"27,400","27,350","28,250","28,250","27,100","27,628",850,3.10,2.17,59.91,0.09,2.52,2.26,62.43,"135,762.45"
875,28/02/2023,CTG,"27,550","27,800","27,400","28,000","27,400","27,719",-150,-0.54,1.28,35.36,0.03,0.84,1.31,36.20,"131,677.57"
876,27/02/2023,CTG,"28,250","28,200","27,550","28,200","27,450","27,794",-700,-2.48,1.75,48.61,0.05,1.41,1.80,50.01,"132,398.43"
877,24/02/2023,CTG,"29,000","28,900","28,250","28,900","28,250","28,538",-750,-2.59,2.19,62.45,0.07,2.02,2.26,64.47,"135,762.45"
878,23/02/2023,CTG,"28,900","28,500","29,000","29,000","28,300","28,575",100,0.35,4.08,116.68,0.05,1.52,4.13,118.19,"139,366.77"
879,22/02/2023,CTG,"29,850","29,600","28,900","29,700","28,900","29,289",-950,-3.18,3.94,115.54,0.07,2.10,4.01,117.64,"138,886.19"
880,21/02/2023,CTG,"30,450","30,400","29,850","30,500","29,850","30,162",-600,-1.97,2.96,89.14,0.05,1.51,3.01,90.64,"143,451.66"
881,20/02/2023,CTG,"29,650","29,850","30,450","30,450","29,700","30,119",800,2.70,4.57,137.76,0.07,2.11,4.64,139.87,"146,335.11"
882,17/02/2023,CTG,"29,700","29,700","29,650","29,900","29,400","29,635",-50,-0.17,2.24,66.30,0.30,8.89,2.54,75.19,"142,490.51"
883,16/02/2023,CTG,"28,900","29,050","29,700","29,950","28,950","29,550",800,2.77,2.90,85.73,0.12,3.63,3.02,89.35,"142,730.79"
884,15/02/2023,CTG,"28,700","28,700","28,900","29,350","28,600","28,959",200,0.70,1.47,42.68,0.00,0.00,1.47,42.68,"138,886.19"
885,14/02/2023,CTG,"29,150","29,300","28,700","29,400","28,700","29,102",-450,-1.54,1.75,50.99,0.00,0.00,1.75,50.99,"137,925.04"
886,13/02/2023,CTG,"29,100","28,850","29,150","29,300","28,800","29,004",50,0.17,2.13,61.88,0.05,1.50,2.18,63.38,"140,087.63"
887,10/02/2023,CTG,"29,400","29,400","29,100","29,800","29,100","29,383",-300,-1.02,2.10,61.80,0.00,0.00,2.10,61.80,"139,847.34"
888,09/02/2023,CTG,"29,900","29,900","29,400","30,200","29,400","29,799",-500,-1.67,2.70,80.44,0.07,2.18,2.77,82.61,"141,289.07"
889,08/02/2023,CTG,"29,200","29,250","29,900","30,200","29,200","29,720",700,2.40,3.16,93.87,0.07,2.03,3.23,95.90,"143,691.94"
890,07/02/2023,CTG,"29,900","29,800","29,200","30,200","29,150","29,829",-700,-2.34,3.25,97.09,0.05,1.59,3.30,98.68,"140,327.92"
891,06/02/2023,CTG,"29,050","28,800","29,900","29,900","28,550","29,171",850,2.93,2.63,76.72,0.03,0.84,2.66,77.56,"143,691.94"
892,03/02/2023,CTG,"29,200","29,200","29,050","29,400","29,050","29,190",-150,-0.51,3.62,105.59,0.05,1.55,3.67,107.13,"139,607.06"
893,02/02/2023,CTG,"29,000","29,000","29,200","29,450","28,700","29,107",200,0.69,3.14,91.50,0.22,6.47,3.37,97.98,"140,327.92"
894,01/02/2023,CTG,"30,500","30,500","29,000","30,650","28,500","29,649","-1,500",-4.92,4.35,128.85,0.22,6.59,4.56,135.44,"139,366.77"
895,31/01/2023,CTG,"29,750","29,700","30,500","30,500","29,500","29,817",750,2.52,3.45,102.81,0.00,0.00,3.45,102.81,"146,575.39"
896,30/01/2023,CTG,"30,350","30,000","29,750","30,150","29,700","29,910",-600,-1.98,3.74,111.85,0.15,4.52,3.89,116.37,"142,971.08"
897,27/01/2023,CTG,"31,100","31,100","30,350","31,250","30,200","30,884",-750,-2.41,3.43,105.81,0.00,0.00,3.43,105.81,"145,854.53"
898,19/01/2023,CTG,"30,750","30,700","31,100","31,100","30,150","30,604",350,1.14,5.01,153.28,0.15,4.58,5.16,157.86,"149,458.84"
899,18/01/2023,CTG,"30,600","30,600","30,750","30,850","30,400","30,649",150,0.49,3.20,98.22,0.12,3.60,3.32,101.82,"147,776.83"
900,17/01/2023,CTG,"30,000","30,100","30,600","30,650","30,100","30,442",600,2.00,3.48,105.81,0.00,0.00,3.48,105.81,"147,055.97"
901,16/01/2023,CTG,"29,100","29,100","30,000","30,000","28,900","29,635",900,3.09,5.35,158.42,0.22,6.22,5.56,164.64,"144,172.52"
902,13/01/2023,CTG,"28,900","29,100","29,100","29,200","28,400","28,988",200,0.69,2.97,86.22,0.00,0.00,2.97,86.22,"139,847.34"
903,12/01/2023,CTG,"29,100","29,100","28,900","29,200","28,750","28,985",-200,-0.69,2.47,71.64,0.16,4.48,2.63,76.12,"138,886.19"
904,11/01/2023,CTG,"28,550","28,600","29,100","29,150","28,600","29,026",550,1.93,3.43,99.42,0.05,1.53,3.48,100.95,"139,847.34"
905,10/01/2023,CTG,"29,100","29,200","28,550","29,200","28,550","28,916",-550,-1.89,3.06,88.35,0.07,2.04,3.13,90.38,"137,204.18"
906,09/01/2023,CTG,"28,600","28,700","29,100","29,100","28,700","28,992",500,1.75,4.25,123.26,0.00,0.00,4.25,123.26,"139,847.34"
907,06/01/2023,CTG,"28,500","28,500","28,600","29,250","28,050","28,968",100,0.35,6.74,195.11,0.12,3.32,6.86,198.43,"137,444.47"
908,05/01/2023,CTG,"28,500","28,500","28,500","28,750","28,250","28,473",0,0.00,2.11,60.17,0.00,0.00,2.11,60.17,"136,963.89"
909,04/01/2023,CTG,"28,000","28,000","28,500","28,900","27,900","28,383",500,1.79,5.78,164.16,0.07,1.93,5.85,166.09,"136,963.89"
910,03/01/2023,CTG,"27,250","27,350","28,000","28,000","27,250","27,589",750,2.75,3.48,95.93,0.00,0.00,3.48,95.93,"134,561.02"
911,30/12/2022,CTG,"27,000","27,000","27,250","27,350","26,750","27,096",250,0.93,1.39,37.77,0.00,0.00,1.39,37.77,"130,956.70"
912,29/12/2022,CTG,"27,150","27,100","27,000","27,500","26,900","27,232",-150,-0.55,1.72,46.79,0.12,3.27,1.84,50.06,"129,755.27"
913,28/12/2022,CTG,"26,600","26,600","27,150","27,200","26,300","26,914",550,2.07,1.89,50.87,0.00,0.00,1.89,50.87,"130,476.13"
914,27/12/2022,CTG,"26,050","26,100","26,600","26,750","26,000","26,274",550,2.11,2.59,68.13,0.97,25.43,3.56,93.56,"127,832.97"
915,26/12/2022,CTG,"27,650","27,650","26,050","27,700","26,000","26,840","-1,600",-5.79,2.96,79.42,0.60,15.97,3.56,95.39,"125,189.80"
916,23/12/2022,CTG,"27,600","27,500","27,650","27,950","27,300","27,652",50,0.18,2.82,78.02,0.21,5.53,3.03,83.55,"132,879.00"
917,22/12/2022,CTG,"27,500","27,500","27,600","28,150","27,500","27,829",100,0.36,3.35,93.12,0.04,1.02,3.38,94.14,"132,638.72"
918,21/12/2022,CTG,"28,000","28,000","27,500","28,000","27,000","27,549",-500,-1.79,3.06,84.35,0.00,0.00,3.06,84.35,"132,158.14"
919,20/12/2022,CTG,"27,550","27,550","28,000","28,000","26,600","27,199",450,1.63,6.58,178.94,0.12,3.36,6.70,182.30,"134,561.02"
920,19/12/2022,CTG,"28,050","28,000","27,550","28,500","27,550","27,963",-500,-1.78,5.17,144.48,0.30,7.83,5.47,152.31,"132,398.43"
921,16/12/2022,CTG,"28,250","27,750","28,050","28,250","27,750","28,087",-200,-0.71,3.22,90.44,0.12,3.39,3.34,93.84,"134,801.30"
922,15/12/2022,CTG,"27,900","27,900","28,250","28,250","27,900","28,101",350,1.25,3.53,99.18,0.00,0.00,3.53,99.18,"135,762.45"
923,14/12/2022,CTG,"28,150","28,400","27,900","28,450","27,850","28,146",-250,-0.89,2.42,68.19,0.16,4.42,2.58,72.61,"134,080.44"
924,13/12/2022,CTG,"27,450","27,300","28,150","28,200","27,100","27,675",700,2.55,3.91,108.27,0.00,0.00,3.91,108.27,"135,281.88"
925,12/12/2022,CTG,"28,050","28,000","27,450","28,200","27,450","27,786",-600,-2.14,3.85,107.01,0.14,3.88,3.99,110.89,"131,917.85"
926,09/12/2022,CTG,"27,800","27,800","28,050","28,050","27,050","27,659",250,0.90,4.99,138.01,0.30,8.28,5.29,146.30,"134,801.30"
927,08/12/2022,CTG,"27,350","27,600","27,800","28,900","27,400","28,144",450,1.65,5.28,148.68,0.02,0.55,5.30,149.22,"133,599.87"
928,07/12/2022,CTG,"27,000","26,900","27,350","27,800","26,750","27,275",350,1.30,4.10,111.81,0.06,1.65,4.16,113.46,"131,437.28"
929,06/12/2022,CTG,"28,600","28,100","27,000","28,600","26,850","27,612","-1,600",-5.59,7.66,211.56,0.06,1.80,7.72,213.36,"129,755.27"
930,05/12/2022,CTG,"27,950","28,500","28,600","28,600","27,800","28,257",650,2.33,7.69,217.23,0.00,0.00,7.69,217.23,"137,444.47"
931,02/12/2022,CTG,"26,150","26,300","27,950","27,950","26,050","27,288","1,800",6.88,8.94,244.03,0.14,3.60,9.08,247.62,"134,320.73"
932,01/12/2022,CTG,"27,250","27,350","26,150","27,700","26,000","27,141","-1,100",-4.04,10.77,292.20,0.00,0.00,10.77,292.20,"125,670.38"
933,30/11/2022,CTG,"27,400","27,050","27,250","28,000","26,650","27,257",-150,-0.55,6.37,173.76,0.14,3.57,6.51,177.33,"130,956.70"
934,29/11/2022,CTG,"27,300","27,000","27,400","27,400","26,100","26,858",100,0.37,9.67,259.84,0.00,0.00,9.67,259.84,"131,677.57"
935,28/11/2022,CTG,"25,800","26,100","27,300","27,450","26,100","26,685","1,500",5.81,11.09,295.95,0.52,13.41,11.61,309.35,"131,196.99"
936,25/11/2022,CTG,"24,600","24,900","25,800","25,800","24,650","25,260","1,200",4.88,14.16,357.80,0.00,0.00,14.16,357.80,"123,988.37"
937,24/11/2022,CTG,"24,400","24,250","24,600","24,600","23,800","24,172",200,0.82,4.14,100.11,0.04,1.00,4.18,101.11,"118,221.46"
938,23/11/2022,CTG,"23,900","23,900","24,400","24,750","23,800","24,288",500,2.09,5.92,143.79,0.10,2.45,6.02,146.25,"117,260.31"
939,22/11/2022,CTG,"24,100","23,900","23,900","24,900","23,500","24,276",-200,-0.83,7.65,185.71,0.04,0.96,7.69,186.67,"114,857.44"
940,21/11/2022,CTG,"24,700","24,700","24,100","24,800","24,100","24,356",-600,-2.43,5.68,138.35,0.10,2.45,5.78,140.80,"115,818.59"
941,18/11/2022,CTG,"25,000","24,550","24,700","25,000","23,500","24,270",-300,-1.20,11.62,281.92,0.00,0.00,11.62,281.92,"118,702.04"
942,17/11/2022,CTG,"24,800","25,000","25,000","25,800","24,650","25,211",200,0.81,11.68,294.40,0.20,4.62,11.88,299.02,"120,143.77"
943,16/11/2022,CTG,"23,400","22,300","24,800","24,900","22,250","24,137","1,400",5.98,13.03,314.49,0.00,0.00,13.03,314.49,"119,182.62"
944,15/11/2022,CTG,"23,900","23,600","23,400","23,900","22,250","22,844",-500,-2.09,10.69,244.27,1.80,42.10,12.49,286.36,"112,454.56"
945,14/11/2022,CTG,"23,600","23,200","23,900","24,350","22,750","23,740",300,1.27,9.03,214.49,0.00,0.00,9.03,214.49,"114,857.44"
946,11/11/2022,CTG,"22,750","23,750","23,600","24,300","23,400","23,902",850,3.74,9.79,234.02,0.00,0.00,9.79,234.02,"113,415.71"
947,10/11/2022,CTG,"24,450","24,100","22,750","24,300","22,750","23,275","-1,700",-6.95,9.62,223.98,0.00,0.00,9.62,223.98,"109,330.83"
948,09/11/2022,CTG,"23,850","24,100","24,450","24,850","24,000","24,471",600,2.52,10.21,249.82,1.00,23.86,11.21,273.68,"117,500.60"
949,08/11/2022,CTG,"23,350","23,000","23,850","24,150","23,000","23,796",500,2.14,6.27,149.31,2.07,49.55,8.35,198.87,"114,617.15"
950,07/11/2022,CTG,"24,500","24,300","23,350","24,500","23,050","23,948","-1,150",-4.69,7.03,168.43,0.29,7.20,7.33,175.62,"112,214.28"
951,04/11/2022,CTG,"23,600","23,400","24,500","24,500","22,000","23,245",900,3.81,13.96,324.43,0.75,18.38,14.71,342.80,"117,740.89"
952,03/11/2022,CTG,"24,000","23,550","23,600","24,100","23,500","23,822",-400,-1.67,7.49,178.41,0.09,2.30,7.58,180.71,"113,415.71"
953,02/11/2022,CTG,"24,450","24,050","24,000","24,550","23,850","24,142",-450,-1.84,5.39,130.13,0.00,0.00,5.39,130.13,"115,338.01"
954,01/11/2022,CTG,"24,600","24,700","24,450","25,450","24,400","24,809",-150,-0.61,8.83,219.10,0.00,0.00,8.83,219.10,"117,500.60"
955,31/10/2022,CTG,"24,050","24,300","24,600","24,650","23,350","24,133",550,2.29,10.12,244.26,0.20,4.76,10.32,249.02,"118,221.46"
956,28/10/2022,CTG,"23,950","24,300","24,050","24,900","24,000","24,342",100,0.42,7.63,185.77,0.00,0.00,7.63,185.77,"115,578.30"
957,27/10/2022,CTG,"22,400","22,750","23,950","23,950","22,500","23,489","1,550",6.92,8.01,188.05,0.20,4.44,8.20,192.48,"115,097.73"
958,26/10/2022,CTG,"22,450","22,450","22,400","23,200","22,350","22,619",-50,-0.22,3.45,78.03,0.05,1.15,3.50,79.17,"107,648.81"
959,25/10/2022,CTG,"21,000","21,200","22,450","22,450","20,950","21,954","1,450",6.90,8.65,189.80,0.07,1.37,8.72,191.17,"107,889.10"
960,24/10/2022,CTG,"21,650","21,700","21,000","22,000","20,800","21,430",-650,-3.00,4.95,105.97,0.07,1.53,5.01,107.50,"100,920.76"
961,21/10/2022,CTG,"23,250","23,250","21,650","23,250","21,650","22,064","-1,600",-6.88,6.66,146.92,0.07,1.63,6.73,148.55,"104,044.50"
962,20/10/2022,CTG,"23,200","23,200","23,250","23,700","22,650","23,190",50,0.22,3.88,89.94,0.05,1.18,3.93,91.12,"111,733.70"
963,19/10/2022,CTG,"23,000","23,000","23,200","23,350","22,550","23,024",200,0.87,4.12,94.76,0.11,2.51,4.23,97.27,"111,493.41"
964,18/10/2022,CTG,"22,550","22,900","23,000","23,400","22,850","23,124",450,2.00,3.90,90.08,0.05,1.17,3.95,91.25,"110,532.26"
965,17/10/2022,CTG,"22,700","22,600","22,550","22,750","21,900","22,261",-150,-0.66,4.72,104.97,0.07,1.56,4.79,106.53,"108,369.68"
966,14/10/2022,CTG,"22,400","22,850","22,700","22,950","22,450","22,731",300,1.34,5.66,128.71,1.52,31.81,7.18,160.52,"109,090.54"
967,13/10/2022,CTG,"21,150","21,300","22,400","22,400","21,150","21,879","1,250",5.91,6.24,136.60,1.19,23.85,7.43,160.45,"107,648.81"
968,12/10/2022,CTG,"19,800","20,000","21,150","21,150","19,900","20,788","1,350",6.82,4.72,98.10,1.54,31.59,6.26,129.69,"101,641.63"
969,11/10/2022,CTG,"20,700","20,700","19,800","20,750","19,500","19,999",-900,-4.35,5.49,109.84,1.24,24.95,6.74,134.79,"95,153.86"
970,10/10/2022,CTG,"19,950","19,700","20,700","20,950","19,500","20,088",750,3.76,4.92,98.90,0.02,0.40,4.94,99.30,"99,479.04"
971,07/10/2022,CTG,"21,400","21,300","19,950","21,300","19,950","20,250","-1,450",-6.78,8.38,169.72,0.12,2.60,8.50,172.32,"95,874.72"
972,06/10/2022,CTG,"22,000","22,000","21,400","22,250","21,250","21,639",-600,-2.73,4.26,92.10,0.00,0.00,4.26,92.10,"102,843.06"
973,05/10/2022,CTG,"20,750","21,300","22,000","22,200","21,300","21,782","1,250",6.02,4.28,93.13,0.21,4.22,4.48,97.35,"105,726.51"
974,04/10/2022,CTG,"21,600","22,000","20,750","22,700","20,500","21,531",-850,-3.94,5.64,121.34,0.00,0.00,5.64,121.34,"99,719.33"
975,03/10/2022,CTG,"23,200","22,700","21,600","23,000","21,600","22,223","-1,600",-6.90,5.69,126.46,0.00,0.00,5.69,126.46,"103,804.21"
976,30/09/2022,CTG,"22,600","22,650","23,200","23,250","22,450","22,755",600,2.65,5.38,122.36,0.14,3.38,5.52,125.74,"111,493.41"
977,29/09/2022,CTG,"23,300","23,550","22,600","23,900","22,600","23,333",-700,-3.00,3.42,79.74,0.00,0.00,3.42,79.74,"108,609.96"
978,28/09/2022,CTG,"23,450","23,400","23,300","23,750","23,300","23,491",-150,-0.64,2.71,63.77,0.00,0.00,2.71,63.77,"111,973.99"
979,27/09/2022,CTG,"23,500","23,500","23,450","23,900","23,300","23,605",-50,-0.21,2.45,57.76,0.07,1.76,2.52,59.51,"112,694.85"
980,26/09/2022,CTG,"25,000","24,700","23,500","24,700","23,250","23,678","-1,500",-6.00,6.44,152.54,0.07,1.86,6.51,154.40,"112,935.14"
981,23/09/2022,CTG,"25,400","25,400","25,000","25,600","25,000","25,291",-400,-1.57,1.59,40.17,0.07,1.85,1.66,42.01,"120,143.77"
982,22/09/2022,CTG,"25,550","25,300","25,400","25,600","25,000","25,237",-150,-0.59,3.21,80.93,0.07,1.89,3.28,82.83,"122,066.07"
983,21/09/2022,CTG,"26,000","25,900","25,550","25,950","25,500","25,652",-450,-1.73,1.25,32.09,0.46,12.02,1.71,44.11,"122,786.93"
984,20/09/2022,CTG,"25,500","25,600","26,000","26,000","25,600","25,817",500,1.96,2.00,51.67,0.00,0.00,2.00,51.67,"124,949.52"
985,19/09/2022,CTG,"26,200","25,950","25,500","26,150","25,250","25,695",-700,-2.67,2.35,60.32,0.14,3.81,2.49,64.13,"122,546.64"
986,16/09/2022,CTG,"26,900","26,600","26,200","26,900","26,200","26,581",-700,-2.60,1.98,52.72,0.00,0.00,1.98,52.72,"125,910.67"
987,15/09/2022,CTG,"27,000","27,000","26,900","27,300","26,900","27,044",-100,-0.37,1.28,34.48,0.07,2.02,1.35,36.50,"129,274.69"
988,14/09/2022,CTG,"27,500","27,000","27,000","27,200","26,900","27,038",-500,-1.82,2.11,57.14,0.07,1.96,2.18,59.10,"129,755.27"
989,13/09/2022,CTG,"27,050","27,100","27,500","27,650","27,050","27,455",450,1.66,2.41,66.14,0.07,2.00,2.48,68.13,"132,158.14"
990,12/09/2022,CTG,"26,850","27,000","27,050","27,250","27,000","27,138",200,0.74,1.60,43.53,0.07,1.89,1.67,45.42,"129,995.55"
991,09/09/2022,CTG,"26,850","26,950","26,850","27,200","26,350","26,779",0,0.00,1.82,48.75,0.00,0.00,1.82,48.75,"129,034.40"
992,08/09/2022,CTG,"27,350","27,500","26,850","27,600","26,850","27,183",-500,-1.83,3.66,99.47,0.05,1.43,3.71,100.90,"129,034.40"
993,07/09/2022,CTG,"28,250","28,250","27,350","28,400","27,350","27,931",-900,-3.19,4.26,118.92,0.00,0.00,4.26,118.92,"131,437.28"
994,06/09/2022,CTG,"27,950","27,900","28,250","28,650","27,900","28,335",300,1.07,3.02,85.58,0.02,0.52,3.04,86.10,"135,762.45"
995,05/09/2022,CTG,"28,250","28,250","27,950","28,350","27,900","28,093",-300,-1.06,1.76,49.33,0.05,1.42,1.81,50.74,"134,320.73"
996,31/08/2022,CTG,"28,400","28,300","28,250","28,500","27,900","28,226",-150,-0.53,2.08,58.58,0.00,0.00,2.08,58.58,"135,762.45"
997,30/08/2022,CTG,"27,900","27,900","28,400","28,550","27,900","28,351",500,1.79,3.60,101.93,0.49,13.66,4.09,115.60,"136,483.32"
998,29/08/2022,CTG,"28,450","28,150","27,900","28,200","27,600","27,870",-550,-1.93,4.12,114.82,0.00,0.00,4.12,114.82,"134,080.44"
999,26/08/2022,CTG,"28,700","28,900","28,450","28,900","28,350","28,560",-250,-0.87,3.92,111.83,0.05,1.44,3.97,113.28,"136,723.60"
1000,25/08/2022,CTG,"28,200","28,350","28,700","28,700","28,100","28,354",500,1.77,4.17,118.26,0.07,2.04,4.24,120.29,"137,925.04"
1001,24/08/2022,CTG,"28,000","28,350","28,200","28,550","28,150","28,307",200,0.71,3.13,88.54,0.00,0.00,3.13,88.54,"135,522.17"
1002,23/08/2022,CTG,"28,000","27,800","28,000","28,150","27,650","27,783",0,0.00,4.28,118.98,0.22,6.28,4.51,125.26,"134,561.02"
1003,22/08/2022,CTG,"28,250","28,250","28,000","28,400","27,850","28,021",-250,-0.88,5.54,155.21,0.07,2.04,5.61,157.25,"134,561.02"
1004,19/08/2022,CTG,"28,750","28,650","28,250","29,050","28,200","28,606",-500,-1.74,4.90,140.16,0.00,0.00,4.90,140.16,"135,762.45"
1005,18/08/2022,CTG,"29,100","29,100","28,750","29,150","28,750","28,962",-350,-1.20,3.64,105.53,0.00,0.00,3.64,105.53,"138,165.33"
1006,17/08/2022,CTG,"29,200","29,300","29,100","29,450","29,100","29,294",-100,-0.34,3.66,107.28,0.12,3.64,3.78,110.92,"139,847.34"
1007,16/08/2022,CTG,"29,450","29,450","29,200","29,500","29,100","29,289",-250,-0.85,3.84,112.34,0.05,1.42,3.89,113.76,"140,327.92"
1008,15/08/2022,CTG,"28,650","28,850","29,450","29,450","28,800","29,203",800,2.79,6.23,181.80,0.00,0.00,6.23,181.80,"141,529.36"
1009,12/08/2022,CTG,"28,500","28,550","28,650","28,700","28,400","28,586",150,0.53,1.82,52.07,0.12,3.30,1.94,55.37,"137,684.75"
1010,11/08/2022,CTG,"28,450","28,750","28,500","29,000","28,400","28,724",50,0.18,4.33,124.24,0.13,3.64,4.45,127.88,"136,963.89"
1011,10/08/2022,CTG,"28,800","28,600","28,450","28,850","28,350","28,573",-350,-1.22,3.66,104.71,0.00,0.00,3.66,104.71,"136,723.60"
1012,09/08/2022,CTG,"29,000","29,050","28,800","29,100","28,650","28,886",-200,-0.69,3.51,101.33,0.12,3.29,3.63,104.62,"138,405.62"
1013,08/08/2022,CTG,"29,000","29,050","29,000","29,250","28,850","29,017",0,0.00,3.12,90.58,0.17,5.27,3.29,95.85,"139,366.77"
1014,05/08/2022,CTG,"28,850","28,900","29,000","29,100","28,700","28,936",150,0.52,2.95,85.49,0.00,0.00,2.95,85.49,"139,366.77"
1015,04/08/2022,CTG,"29,100","29,200","28,850","29,300","28,750","29,054",-250,-0.86,5.24,152.27,0.12,3.60,5.36,155.87,"138,645.91"
1016,03/08/2022,CTG,"28,600","28,400","29,100","29,250","28,300","28,827",500,1.75,6.14,177.02,0.00,0.00,6.14,177.02,"139,847.34"
1017,02/08/2022,CTG,"28,700","28,600","28,600","28,950","28,350","28,679",-100,-0.35,4.57,131.08,0.00,0.00,4.57,131.08,"137,444.47"
1018,01/08/2022,CTG,"27,200","27,550","28,700","28,700","27,550","28,287","1,500",5.51,8.64,244.34,0.12,3.16,8.76,247.50,"137,925.04"
1019,29/07/2022,CTG,"27,600","27,750","27,200","28,000","27,200","27,567",-400,-1.45,5.46,150.64,0.00,0.00,5.46,150.64,"130,716.42"
1020,28/07/2022,CTG,"27,000","27,200","27,600","28,200","27,000","27,570",600,2.22,9.20,253.56,0.00,0.00,9.20,253.56,"132,638.72"
1021,27/07/2022,CTG,"26,550","26,400","27,000","27,000","26,250","26,529",450,1.69,1.60,42.40,0.15,4.13,1.75,46.53,"129,755.27"
1022,26/07/2022,CTG,"26,600","26,850","26,550","26,900","26,500","26,670",-50,-0.19,2.17,57.77,0.53,14.02,2.69,71.79,"127,592.68"
1023,25/07/2022,CTG,"26,900","26,750","26,600","27,100","26,600","26,801",-300,-1.12,2.22,59.50,0.00,0.00,2.22,59.50,"127,832.97"
1024,22/07/2022,CTG,"27,500","27,600","26,900","27,650","26,900","27,309",-600,-2.18,3.25,88.84,0.15,4.03,3.40,92.87,"129,274.69"
1025,21/07/2022,CTG,"27,050","27,050","27,500","27,500","27,050","27,279",450,1.66,4.82,131.62,0.00,0.00,4.82,131.62,"132,158.14"
1026,20/07/2022,CTG,"26,550","26,950","27,050","27,350","26,600","27,126",500,1.88,4.32,117.09,0.00,0.00,4.32,117.09,"129,995.55"
1027,19/07/2022,CTG,"26,900","26,750","26,550","26,900","26,300","26,596",-350,-1.30,2.70,71.89,0.15,3.99,2.85,75.87,"127,592.68"
1028,18/07/2022,CTG,"27,000","27,100","26,900","27,200","26,900","27,017",-100,-0.37,3.48,93.93,0.50,12.58,3.98,106.50,"129,274.69"
1029,15/07/2022,CTG,"27,000","27,200","27,000","27,500","27,000","27,277",0,0.00,7.02,191.60,2.11,53.07,9.13,244.67,"129,755.27"
1030,14/07/2022,CTG,"26,550","26,500","27,000","27,200","26,300","26,832",450,1.69,5.26,141.20,0.90,23.53,6.16,164.73,"129,755.27"
1031,13/07/2022,CTG,"25,700","25,750","26,550","26,950","25,750","26,552",850,3.31,3.87,102.73,0.00,0.00,3.87,102.73,"127,592.68"
1032,12/07/2022,CTG,"25,500","25,500","25,700","26,000","25,400","25,647",200,0.78,3.62,92.73,0.83,21.11,4.44,113.84,"123,507.79"
1033,11/07/2022,CTG,"25,900","25,850","25,500","25,850","25,450","25,582",-400,-1.54,2.43,62.22,0.12,3.14,2.55,65.36,"122,546.64"
1034,08/07/2022,CTG,"26,300","26,500","25,900","26,650","25,750","26,255",-400,-1.52,2.66,69.71,0.00,0.00,2.66,69.71,"124,468.94"
1035,07/07/2022,CTG,"25,850","25,900","26,300","26,800","25,800","26,327",450,1.74,3.33,87.76,0.00,0.00,3.33,87.76,"126,391.24"
1036,06/07/2022,CTG,"27,000","26,250","25,850","26,900","25,800","26,327","-1,150",-4.26,4.21,110.87,0.12,3.30,4.33,114.17,"124,228.65"
1037,05/07/2022,CTG,"26,600","26,550","27,000","27,500","26,550","27,153",400,1.50,4.93,134.00,0.00,0.00,4.93,134.00,"129,755.27"
1038,04/07/2022,CTG,"26,950","27,150","26,600","27,150","26,600","26,910",-350,-1.30,4.01,107.89,0.00,0.00,4.01,107.89,"127,832.97"
1039,01/07/2022,CTG,"26,150","26,200","26,950","27,000","25,550","26,131",800,3.06,3.53,92.36,0.00,0.00,3.53,92.36,"129,514.98"
1040,30/06/2022,CTG,"26,850","26,800","26,150","26,950","26,100","26,615",-700,-2.61,3.00,79.76,0.12,3.14,3.12,82.90,"125,670.38"
1041,29/06/2022,CTG,"26,700","26,550","26,850","27,000","26,550","26,832",150,0.56,3.77,101.13,0.00,0.00,3.77,101.13,"129,034.40"
1042,28/06/2022,CTG,"25,600","25,500","26,700","27,350","24,950","26,379","1,100",4.30,8.84,233.27,0.50,12.67,9.34,245.94,"128,313.54"
1043,27/06/2022,CTG,"24,750","24,750","25,600","25,650","24,700","25,334",850,3.43,3.90,98.75,0.12,2.99,4.02,101.74,"123,027.22"
1044,24/06/2022,CTG,"25,250","25,250","24,750","25,500","24,700","25,113",-500,-1.98,2.95,73.96,0.00,0.00,2.95,73.96,"118,942.33"
1045,23/06/2022,CTG,"23,600","23,500","25,250","25,250","23,500","24,517","1,650",6.99,4.67,114.47,0.00,0.00,4.67,114.47,"121,345.20"
1046,22/06/2022,CTG,"23,050","23,350","23,600","24,000","23,350","23,642",550,2.39,2.77,65.55,0.12,2.93,2.89,68.48,"113,415.71"
1047,21/06/2022,CTG,"22,600","22,500","23,050","23,550","22,500","23,137",450,1.99,4.59,106.16,0.00,0.00,4.59,106.16,"110,772.55"
1048,20/06/2022,CTG,"23,550","23,400","22,600","23,850","22,600","23,176",-950,-4.03,4.73,109.71,0.00,0.00,4.73,109.71,"108,609.96"
1049,17/06/2022,CTG,"24,700","24,000","23,550","24,150","23,050","23,622","-1,150",-4.66,3.15,74.45,0.07,1.85,3.22,76.30,"113,175.43"
1050,16/06/2022,CTG,"24,500","24,800","24,700","25,200","24,500","24,767",200,0.82,2.22,54.90,0.75,18.33,2.96,73.23,"118,702.04"
1051,15/06/2022,CTG,"25,250","25,000","24,500","25,400","24,050","24,665",-750,-2.97,3.21,79.06,0.00,0.00,3.21,79.06,"117,740.89"
1052,14/06/2022,CTG,"25,250","25,000","25,250","25,750","24,700","25,118",0,0.00,2.87,72.01,0.07,1.89,2.94,73.90,"121,345.20"
1053,13/06/2022,CTG,"27,100","26,500","25,250","26,600","25,250","25,701","-1,850",-6.83,6.91,177.51,0.05,1.38,6.96,178.89,"121,345.20"
1054,10/06/2022,CTG,"27,700","27,500","27,100","27,600","27,100","27,337",-600,-2.17,3.10,84.65,0.20,5.54,3.30,90.19,"130,235.84"
1055,09/06/2022,CTG,"27,700","27,900","27,700","27,900","27,500","27,735",0,0.00,2.57,71.41,0.52,14.56,3.09,85.96,"133,119.29"
1056,08/06/2022,CTG,"27,400","27,400","27,700","28,100","27,300","27,790",300,1.09,5.33,148.22,0.12,3.32,5.45,151.54,"133,119.29"
1057,07/06/2022,CTG,"27,200","27,200","27,400","27,400","26,500","26,880",200,0.74,2.89,77.67,0.00,0.00,2.89,77.67,"131,677.57"
1058,06/06/2022,CTG,"27,400","27,400","27,200","27,750","27,200","27,434",-200,-0.73,3.76,103.04,0.00,0.00,3.76,103.04,"130,716.42"
1059,03/06/2022,CTG,"27,750","27,400","27,400","27,600","26,850","27,252",-350,-1.26,2.22,60.49,0.12,3.43,2.34,63.91,"131,677.57"
1060,02/06/2022,CTG,"27,750","27,750","27,750","28,000","27,300","27,673",0,0.00,4.39,121.54,0.00,0.00,4.39,121.54,"133,359.58"
1061,01/06/2022,CTG,"27,900","27,550","27,750","28,000","27,500","27,745",-150,-0.54,4.14,114.79,0.00,0.00,4.14,114.79,"133,359.58"
1062,31/05/2022,CTG,"27,300","27,050","27,900","27,950","27,000","27,465",600,2.20,6.06,166.37,0.12,3.50,6.18,169.87,"134,080.44"
1063,30/05/2022,CTG,"27,000","27,050","27,300","27,400","27,000","27,241",300,1.11,2.82,76.78,0.00,0.00,2.82,76.78,"131,196.99"
1064,27/05/2022,CTG,"26,700","27,000","27,000","27,250","26,700","26,966",300,1.12,3.93,105.95,0.00,0.00,3.93,105.95,"129,755.27"
1065,26/05/2022,CTG,"26,900","27,250","26,700","27,250","26,550","26,869",-200,-0.74,3.78,101.58,0.12,3.01,3.90,104.60,"128,313.54"
1066,25/05/2022,CTG,"26,000","26,000","26,900","27,000","26,000","26,585",900,3.46,4.50,119.69,1.00,26.61,5.50,146.29,"129,274.69"
1067,24/05/2022,CTG,"25,000","25,000","26,000","26,000","25,000","25,551","1,000",4.00,4.45,113.68,0.00,0.00,4.45,113.68,"124,949.52"
1068,23/05/2022,CTG,"25,900","25,950","25,000","26,200","25,000","25,486",-900,-3.47,4.21,107.27,0.12,2.92,4.33,110.19,"120,143.77"
1069,20/05/2022,CTG,"26,100","26,100","25,900","26,450","25,850","26,214",-200,-0.77,5.05,132.43,0.00,0.00,5.05,132.43,"124,468.94"
1070,19/05/2022,CTG,"26,600","26,000","26,100","26,400","25,800","26,037",-500,-1.88,4.27,111.18,0.00,0.00,4.27,111.18,"125,430.09"
1071,18/05/2022,CTG,"26,250","26,550","26,600","27,250","26,300","26,784",350,1.33,6.43,172.13,0.12,3.36,6.55,175.49,"127,832.97"
1072,17/05/2022,CTG,"24,550","24,400","26,250","26,250","24,400","25,611","1,700",6.92,5.91,151.34,0.00,0.00,5.91,151.34,"126,150.95"
1073,16/05/2022,CTG,"23,900","25,000","24,550","25,350","24,500","24,952",650,2.72,5.22,130.33,0.00,0.00,5.22,130.33,"117,981.18"
1074,13/05/2022,CTG,"25,000","25,000","23,900","25,150","23,500","24,415","-1,100",-4.40,8.03,196.16,0.00,0.00,8.03,196.16,"114,857.44"
1075,12/05/2022,CTG,"26,700","26,050","25,000","26,600","24,850","25,318","-1,700",-6.37,6.37,161.30,0.02,0.50,6.39,161.79,"120,143.77"
1076,11/05/2022,CTG,"25,200","25,350","26,700","26,900","25,200","25,907","1,500",5.95,5.67,146.82,0.12,3.22,5.79,150.03,"128,313.54"
1077,10/05/2022,CTG,"25,150","24,000","25,200","25,300","24,000","24,763",50,0.20,6.49,160.82,0.00,0.00,6.49,160.82,"121,104.92"
1078,09/05/2022,CTG,"27,000","26,700","25,150","26,800","25,150","25,670","-1,850",-6.85,5.43,139.46,0.00,0.00,5.43,139.46,"120,864.63"
1079,06/05/2022,CTG,"27,900","27,300","27,000","27,900","27,000","27,363",-900,-3.23,2.34,63.91,0.12,3.39,2.46,67.30,"129,755.27"
1080,05/05/2022,CTG,"27,000","27,400","27,900","27,900","27,000","27,469",900,3.33,4.60,126.49,0.00,0.00,4.60,126.49,"134,080.44"
1081,04/05/2022,CTG,"27,750","27,750","27,000","28,000","26,900","27,392",-750,-2.70,4.60,126.13,0.00,0.00,4.60,126.13,"129,755.27"
1082,29/04/2022,CTG,"28,200","27,850","27,750","28,350","27,750","27,990",-450,-1.60,5.95,166.47,0.12,3.46,6.07,169.93,"133,359.58"
1083,28/04/2022,CTG,"28,300","28,300","28,200","28,450","27,950","28,150",-100,-0.35,2.07,58.34,0.00,0.00,2.07,58.34,"135,522.17"
1084,27/04/2022,CTG,"27,650","27,650","28,300","28,300","27,500","27,943",650,2.35,3.38,94.47,0.00,0.00,3.38,94.47,"136,002.74"
1085,26/04/2022,CTG,"27,350","27,000","27,650","27,750","25,500","26,885",300,1.10,5.98,160.71,0.12,3.50,6.10,164.21,"132,879.00"
1086,25/04/2022,CTG,"29,400","29,350","27,350","29,350","27,350","28,022","-2,050",-6.97,6.29,176.14,0.59,17.35,6.88,193.48,"131,437.28"
1087,22/04/2022,CTG,"29,000","29,450","29,400","29,600","28,900","29,279",400,1.38,3.59,104.97,0.00,0.00,3.59,104.97,"141,289.07"
1088,21/04/2022,CTG,"28,700","28,600","29,000","29,500","28,400","28,964",300,1.05,5.31,153.71,0.12,3.58,5.43,157.29,"139,366.77"
1089,20/04/2022,CTG,"28,750","28,750","28,700","29,300","28,550","28,985",-50,-0.17,4.26,123.46,0.00,0.00,4.26,123.46,"137,925.04"
1090,19/04/2022,CTG,"29,200","29,500","28,750","29,900","28,750","29,367",-450,-1.54,4.64,136.18,0.00,0.00,4.64,136.18,"138,165.33"
1091,18/04/2022,CTG,"31,000","30,900","29,200","30,900","29,200","29,963","-1,800",-5.81,8.40,251.80,0.12,3.80,8.52,255.60,"140,327.92"
1092,15/04/2022,CTG,"31,200","31,450","31,000","31,450","30,900","31,214",-200,-0.64,5.07,158.38,0.00,0.00,5.07,158.38,"148,978.27"
1093,14/04/2022,CTG,"31,500","31,500","31,200","31,900","31,150","31,502",-300,-0.95,2.93,92.28,0.00,0.00,2.93,92.28,"149,939.42"
1094,13/04/2022,CTG,"31,000","31,200","31,500","31,650","31,200","31,465",500,1.61,4.19,131.76,0.12,3.90,4.31,135.66,"151,381.14"
1095,12/04/2022,CTG,"32,050","32,150","31,000","32,200","31,000","31,781","-1,050",-3.28,5.69,180.83,0.14,4.18,5.83,185.02,"148,978.27"
1096,08/04/2022,CTG,"32,550","32,500","32,050","32,550","32,050","32,216",-500,-1.54,5.33,171.76,0.00,0.00,5.33,171.76,"154,024.31"
1097,07/04/2022,CTG,"32,600","32,700","32,550","33,000","32,350","32,754",-50,-0.15,6.08,199.16,0.12,3.96,6.20,203.11,"156,427.18"
1098,06/04/2022,CTG,"32,350","32,100","32,600","32,650","32,100","32,348",250,0.77,5.77,186.80,0.00,0.00,5.77,186.80,"156,667.47"
1099,05/04/2022,CTG,"32,850","32,500","32,350","32,800","32,350","32,553",-500,-1.52,6.08,197.76,0.00,0.00,6.08,197.76,"155,466.03"
1100,04/04/2022,CTG,"33,050","33,400","32,850","33,400","32,850","33,094",-200,-0.61,6.67,220.86,0.12,3.97,6.79,224.82,"157,868.91"
1101,01/04/2022,CTG,"32,450","32,500","33,050","33,150","32,450","32,871",600,1.85,8.66,284.66,0.00,0.00,8.66,284.66,"158,830.06"
1102,31/03/2022,CTG,"32,050","32,100","32,450","32,600","32,100","32,404",400,1.25,4.79,155.34,0.00,0.00,4.79,155.34,"155,946.61"
1103,30/03/2022,CTG,"32,000","31,900","32,050","32,550","31,850","32,230",50,0.16,5.04,162.38,0.12,4.01,5.16,166.39,"154,024.31"
1104,29/03/2022,CTG,"31,800","32,000","32,000","32,100","31,900","32,021",200,0.63,2.98,95.52,0.84,28.56,3.82,124.08,"153,784.02"
1105,28/03/2022,CTG,"32,200","32,200","31,800","32,550","31,800","32,028",-400,-1.24,6.38,204.36,0.17,5.53,6.55,209.90,"152,822.87"
1106,25/03/2022,CTG,"32,550","32,500","32,200","32,700","32,100","32,361",-350,-1.08,5.56,179.77,0.54,17.72,6.10,197.49,"154,745.17"
1107,24/03/2022,CTG,"32,850","32,800","32,550","32,900","32,550","32,709",-300,-0.91,4.49,146.87,0.00,0.00,4.49,146.87,"156,427.18"
1108,23/03/2022,CTG,"33,000","33,000","32,850","33,450","32,850","33,126",-150,-0.45,4.02,133.19,0.14,4.80,4.16,137.99,"157,868.91"
1109,22/03/2022,CTG,"32,850","32,800","33,000","33,250","32,800","33,081",150,0.46,6.09,201.51,0.12,3.82,6.21,205.33,"158,589.77"
1110,21/03/2022,CTG,"32,800","32,800","32,850","32,950","32,550","32,725",50,0.15,3.45,112.81,0.00,0.00,3.45,112.81,"157,868.91"
1111,18/03/2022,CTG,"32,700","32,900","32,800","33,200","32,800","32,932",100,0.31,4.22,139.11,0.00,0.00,4.22,139.11,"157,628.62"
1112,17/03/2022,CTG,"32,000","32,300","32,700","32,950","32,200","32,691",700,2.19,8.35,273.00,0.12,3.75,8.47,276.75,"157,148.04"
1113,16/03/2022,CTG,"31,950","32,250","32,000","32,350","32,000","32,219",50,0.16,4.34,139.80,1.33,42.81,5.67,182.61,"153,784.02"
1114,15/03/2022,CTG,"31,900","31,950","31,950","32,250","31,850","32,061",50,0.16,3.68,118.08,0.00,0.00,3.68,118.08,"153,543.73"
1115,14/03/2022,CTG,"32,250","32,300","31,900","32,400","31,800","32,094",-350,-1.09,4.98,159.90,0.14,4.62,5.12,164.52,"153,303.44"
1116,11/03/2022,CTG,"32,100","32,100","32,250","32,400","32,050","32,177",150,0.47,3.73,120.12,0.10,3.15,3.83,123.27,"154,985.46"
1117,10/03/2022,CTG,"32,000","32,500","32,100","32,700","32,100","32,440",100,0.31,3.81,123.61,0.00,0.00,3.81,123.61,"154,264.59"
1118,09/03/2022,CTG,"32,050","32,100","32,000","32,350","31,700","32,037",-50,-0.16,5.73,183.66,0.12,4.00,5.85,187.66,"153,784.02"
1119,08/03/2022,CTG,"32,150","32,000","32,050","32,450","31,950","32,197",-100,-0.31,7.18,231.02,0.00,0.00,7.18,231.02,"154,024.31"
1120,07/03/2022,CTG,"32,750","32,100","32,150","32,500","32,100","32,281",-600,-1.83,9.90,319.62,0.50,16.43,10.40,336.05,"154,504.88"
1121,04/03/2022,CTG,"32,600","32,650","32,750","32,950","32,400","32,633",150,0.46,5.93,193.64,0.42,13.64,6.35,207.28,"157,388.33"
1122,03/03/2022,CTG,"32,000","32,100","32,600","32,600","32,050","32,218",600,1.88,6.54,210.78,0.18,5.39,6.72,216.17,"156,667.47"
1123,02/03/2022,CTG,"33,300","33,200","32,000","33,250","31,900","32,447","-1,300",-3.90,20.42,662.68,0.00,0.00,20.42,662.68,"153,784.02"
1124,01/03/2022,CTG,"33,150","33,300","33,300","33,600","33,150","33,297",150,0.45,7.74,257.63,0.12,4.12,7.86,261.75,"160,031.50"
1125,28/02/2022,CTG,"33,850","33,850","33,150","33,850","33,150","33,374",-700,-2.07,12.72,424.55,0.00,0.00,12.72,424.55,"159,310.63"
1126,25/02/2022,CTG,"33,850","34,100","33,850","34,300","33,700","33,959",0,0.00,10.21,346.82,0.04,1.26,10.25,348.08,"162,674.66"
1127,24/02/2022,CTG,"34,850","34,600","33,850","34,700","33,100","34,057","-1,000",-2.87,16.48,561.16,0.12,4.27,16.60,565.43,"162,674.66"
1128,23/02/2022,CTG,"34,600","34,900","34,850","35,150","34,700","34,917",250,0.72,6.73,234.96,0.00,0.00,6.73,234.96,"167,480.41"
1129,22/02/2022,CTG,"34,400","34,000","34,600","34,700","33,750","34,241",200,0.58,9.00,308.30,0.00,0.00,9.00,308.30,"166,278.97"
1130,21/02/2022,CTG,"34,600","34,600","34,400","34,850","33,800","34,188",-200,-0.58,12.02,410.89,0.46,15.18,12.48,426.07,"165,317.82"
1131,18/02/2022,CTG,"34,900","34,650","34,600","34,950","34,550","34,688",-300,-0.86,8.30,288.04,0.00,0.00,8.30,288.04,"166,278.97"
1132,17/02/2022,CTG,"34,650","34,750","34,900","35,150","34,650","34,835",250,0.72,5.95,207.12,0.00,0.00,5.95,207.12,"167,720.70"
1133,16/02/2022,CTG,"34,950","35,300","34,650","35,400","34,550","34,814",-300,-0.86,7.86,273.58,0.12,4.38,7.98,277.96,"166,519.26"
1134,15/02/2022,CTG,"34,600","34,800","34,950","35,200","34,500","34,854",350,1.01,13.31,463.92,0.00,0.00,13.31,463.92,"167,960.98"
1135,14/02/2022,CTG,"36,800","36,350","34,600","36,500","34,600","35,752","-2,200",-5.98,15.12,540.51,0.00,0.00,15.12,540.51,"166,278.97"
1136,11/02/2022,CTG,"36,750","36,850","36,800","37,300","36,800","37,013",50,0.14,10.41,385.20,0.12,4.44,10.53,389.64,"176,851.62"
1137,10/02/2022,CTG,"36,350","36,400","36,750","36,900","36,100","36,449",400,1.10,8.99,327.66,0.00,0.00,8.99,327.66,"176,611.33"
1138,09/02/2022,CTG,"36,500","36,500","36,350","37,100","36,350","36,654",-150,-0.41,9.20,337.29,0.00,0.00,9.20,337.29,"174,689.03"
1139,08/02/2022,CTG,"36,300","36,200","36,500","37,000","36,050","36,692",200,0.55,9.10,333.79,0.15,5.27,9.25,339.07,"175,409.90"
1140,07/02/2022,CTG,"36,900","37,400","36,300","37,400","36,300","36,715",-600,-1.63,14.88,546.43,0.00,0.00,14.88,546.43,"174,448.75"
1141,28/01/2022,CTG,"36,900","36,800","36,900","37,400","36,700","36,979",0,0.00,8.73,322.74,0.11,3.64,8.83,326.38,"177,332.20"
1142,27/01/2022,CTG,"37,650","37,150","36,900","37,650","36,700","37,129",-750,-1.99,11.74,435.90,0.12,4.32,11.86,440.22,"177,332.20"
1143,26/01/2022,CTG,"37,000","37,500","37,650","38,200","37,050","37,741",650,1.76,21.98,829.59,0.00,0.00,21.98,829.59,"180,936.51"
1144,25/01/2022,CTG,"35,650","35,600","37,000","37,000","35,600","36,237","1,350",3.79,18.85,683.12,0.00,0.00,18.85,683.12,"177,812.77"
1145,24/01/2022,CTG,"35,550","35,500","35,650","36,450","35,350","35,945",100,0.28,17.48,628.16,0.17,5.98,17.65,634.14,"171,325.01"
1146,21/01/2022,CTG,"35,100","35,100","35,550","36,500","34,800","35,628",450,1.28,15.42,549.54,0.02,0.70,15.44,550.25,"170,844.43"
1147,20/01/2022,CTG,"33,800","33,500","35,100","35,450","33,100","33,958","1,300",3.85,13.77,467.75,0.14,5.06,13.91,472.82,"168,681.85"
1148,19/01/2022,CTG,"34,550","34,900","33,800","35,150","33,750","34,553",-750,-2.17,9.74,336.61,0.51,17.62,10.25,354.22,"162,434.37"
1149,18/01/2022,CTG,"35,000","34,700","34,550","35,650","34,200","34,956",-450,-1.29,15.07,526.77,0.15,4.88,15.22,531.65,"166,038.68"
1150,17/01/2022,CTG,"35,450","35,600","35,000","36,750","34,300","36,007",-450,-1.27,27.50,990.05,0.00,0.00,27.50,990.05,"168,201.27"
1151,14/01/2022,CTG,"35,150","35,000","35,450","35,800","34,600","35,413",300,0.85,9.26,327.87,0.24,8.28,9.50,336.15,"170,363.86"
1152,13/01/2022,CTG,"34,150","34,400","35,150","36,200","34,150","35,514","1,000",2.93,35.12,"1,247.33",0.13,4.05,35.25,"1,251.38","168,922.13"
1153,12/01/2022,CTG,"33,000","33,000","34,150","34,200","32,250","33,286","1,150",3.48,12.78,425.46,0.07,2.47,12.85,427.93,"164,116.38"
1154,11/01/2022,CTG,"33,300","33,500","33,000","33,700","32,750","33,221",-300,-0.90,7.06,234.59,0.24,8.59,7.30,243.18,"158,589.77"
1155,10/01/2022,CTG,"33,200","33,300","33,300","33,650","33,050","33,361",100,0.30,8.31,277.11,2.53,84.68,10.84,361.79,"160,031.50"
1156,07/01/2022,CTG,"34,000","34,000","33,200","34,450","33,100","33,565",-800,-2.35,12.41,416.62,0.00,0.00,12.41,416.62,"159,550.92"
1157,06/01/2022,CTG,"34,750","34,500","34,000","34,550","33,850","34,191",-750,-2.16,11.75,401.88,0.34,11.95,12.10,413.83,"163,395.52"
1158,05/01/2022,CTG,"34,750","35,000","34,750","35,200","34,700","34,906",0,0.00,10.44,364.56,0.52,18.76,10.97,383.31,"166,999.83"
1159,04/01/2022,CTG,"33,900","34,450","34,750","34,950","34,200","34,620",850,2.51,12.03,416.52,0.00,0.00,12.03,416.52,"166,999.83"
1160,31/12/2021,CTG,"33,800","34,000","33,900","34,900","33,900","34,397",100,0.30,13.26,456.08,0.24,8.70,13.50,464.78,"162,914.95"
1161,30/12/2021,CTG,"34,150","34,100","33,800","34,400","33,800","34,079",-350,-1.02,6.29,214.33,0.36,13.04,6.65,227.37,"162,434.37"
1162,29/12/2021,CTG,"33,900","34,000","34,150","34,450","33,900","34,225",250,0.74,10.23,349.99,0.19,7.03,10.42,357.02,"164,116.38"
1163,28/12/2021,CTG,"33,400","33,500","33,900","34,250","33,400","33,894",500,1.50,13.59,460.53,0.82,27.62,14.41,488.15,"162,914.95"
1164,27/12/2021,CTG,"32,900","33,000","33,400","33,450","32,850","33,191",500,1.52,8.11,269.08,0.13,3.90,8.23,272.97,"160,512.07"
1165,24/12/2021,CTG,"32,200","31,950","32,900","33,000","31,850","32,520",700,2.17,6.64,215.88,0.36,11.41,7.00,227.28,"158,109.20"
1166,23/12/2021,CTG,"31,650","31,700","32,200","32,200","31,050","31,556",550,1.74,8.94,282.00,0.24,8.15,9.18,290.15,"154,745.17"
1167,22/12/2021,CTG,"32,000","32,250","31,650","32,250","31,550","31,953",-350,-1.09,9.34,298.51,1.23,39.70,10.57,338.22,"152,102.01"
1168,21/12/2021,CTG,"32,450","32,400","32,000","32,700","32,000","32,376",-450,-1.39,6.86,222.12,1.06,34.36,7.92,256.48,"153,784.02"
1169,20/12/2021,CTG,"32,950","32,900","32,450","33,000","32,400","32,692",-500,-1.52,4.92,160.83,0.24,7.76,5.16,168.59,"155,946.61"
1170,17/12/2021,CTG,"32,500","32,500","32,950","33,200","32,300","32,737",450,1.38,8.04,263.11,1.13,36.60,9.16,299.71,"158,349.48"
1171,16/12/2021,CTG,"32,250","32,450","32,500","32,700","32,200","32,358",250,0.78,6.68,216.02,0.00,0.00,6.68,216.02,"156,186.89"
1172,15/12/2021,CTG,"32,400","32,400","32,250","32,700","32,200","32,382",-150,-0.46,5.40,174.86,0.26,8.84,5.66,183.70,"154,985.46"
1173,14/12/2021,CTG,"32,700","33,000","32,400","33,050","32,350","32,612",-300,-0.92,7.28,237.47,0.43,13.63,7.71,251.10,"155,706.32"
1174,13/12/2021,CTG,"33,550","33,900","33,500","34,100","33,500","33,805",-50,-0.15,8.12,274.38,0.05,1.57,8.17,275.94,"160,992.65"
1175,10/12/2021,CTG,"33,750","33,800","33,550","34,200","33,500","33,826",-200,-0.59,5.91,199.76,0.08,2.71,5.99,202.47,"161,232.93"
1176,09/12/2021,CTG,"33,000","33,000","33,750","33,750","32,900","33,436",750,2.27,5.94,198.72,0.32,10.96,6.26,209.68,"162,194.08"
1177,08/12/2021,CTG,"32,700","32,950","33,000","33,250","32,700","32,916",300,0.92,6.39,210.49,0.05,1.75,6.44,212.23,"158,589.77"
1178,07/12/2021,CTG,"32,100","32,500","32,700","32,900","32,350","32,556",600,1.87,6.32,205.74,0.52,16.66,6.84,222.41,"157,148.04"
1179,06/12/2021,CTG,"33,000","33,000","32,100","33,350","31,600","32,656",-900,-2.73,12.85,419.67,0.74,24.55,13.59,444.22,"154,264.59"
1180,03/12/2021,CTG,"33,800","34,200","33,000","34,200","33,000","33,573",-800,-2.37,9.83,329.96,0.00,0.00,9.83,329.96,"158,589.77"
1181,02/12/2021,CTG,"34,000","34,400","33,800","34,750","33,800","34,281",-200,-0.59,7.86,269.32,0.00,0.00,7.86,269.32,"162,434.37"
1182,01/12/2021,CTG,"33,550","33,550","34,000","34,000","33,250","33,734",450,1.34,9.08,306.40,0.09,3.17,9.17,309.57,"163,395.52"
1183,30/11/2021,CTG,"34,250","35,000","33,550","35,100","33,300","34,051",-700,-2.04,11.07,376.87,0.20,6.75,11.27,383.63,"161,232.93"
1184,29/11/2021,CTG,"34,300","33,550","34,250","34,700","33,550","34,141",-50,-0.15,13.76,469.90,0.22,7.33,13.98,477.23,"164,596.96"
1185,26/11/2021,CTG,"35,150","35,200","34,300","35,450","34,100","34,755",-850,-2.42,15.20,528.41,0.96,33.10,16.16,561.51,"164,837.25"
1186,25/11/2021,CTG,"35,400","35,800","35,150","35,800","35,050","35,391",-250,-0.71,14.25,504.34,0.06,1.93,14.31,506.27,"168,922.13"
1187,24/11/2021,CTG,"34,100","34,200","35,400","35,400","34,050","34,810","1,300",3.81,25.48,886.85,0.23,7.70,25.70,894.55,"170,123.57"
1188,23/11/2021,CTG,"34,500","34,450","34,100","34,450","33,700","34,135",-400,-1.16,9.85,336.38,0.16,5.67,10.01,342.05,"163,876.10"
1189,22/11/2021,CTG,"32,800","33,050","34,500","34,850","33,000","34,180","1,700",5.18,27.85,952.01,0.12,4.01,27.97,956.03,"165,798.40"
1190,19/11/2021,CTG,"32,150","32,200","32,800","33,200","32,150","32,882",650,2.02,21.68,712.96,0.22,6.58,21.90,719.53,"157,628.62"
1191,18/11/2021,CTG,"32,250","32,250","32,150","32,500","31,900","32,209",-100,-0.31,9.93,319.93,0.12,3.67,10.05,323.60,"154,504.88"
1192,17/11/2021,CTG,"32,400","32,450","32,250","32,500","32,150","32,301",-150,-0.46,6.72,217.18,0.07,2.27,6.79,219.45,"154,985.46"
1193,16/11/2021,CTG,"32,500","32,300","32,400","32,750","32,200","32,478",-100,-0.31,8.84,287.14,0.25,8.64,9.09,295.77,"155,706.32"
1194,15/11/2021,CTG,"32,700","33,000","32,500","33,150","32,250","32,755",-200,-0.61,9.55,312.93,0.09,2.93,9.65,315.85,"156,186.89"
1195,12/11/2021,CTG,"31,950","31,750","32,700","32,700","31,600","32,083",750,2.35,10.87,348.80,0.72,22.24,11.59,371.04,"157,148.04"
1196,11/11/2021,CTG,"32,500","32,400","31,950","32,500","31,500","32,014",-550,-1.69,14.02,448.84,0.14,4.89,14.16,453.73,"153,543.73"
1197,10/11/2021,CTG,"32,950","33,000","32,500","33,100","32,500","32,663",-450,-1.37,8.51,278.06,0.45,13.79,8.96,291.85,"156,186.89"
1198,09/11/2021,CTG,"32,800","32,950","32,950","33,350","32,750","33,053",150,0.46,15.59,515.36,0.13,4.05,15.72,519.41,"158,349.48"
1199,08/11/2021,CTG,"32,700","32,700","32,800","32,950","32,000","32,545",100,0.31,11.22,365.12,0.09,2.90,11.31,368.02,"157,628.62"
1200,05/11/2021,CTG,"32,600","32,750","32,700","32,800","32,200","32,481",100,0.31,10.49,340.77,0.00,0.00,10.49,340.77,"157,148.04"
1201,04/11/2021,CTG,"33,000","33,200","32,600","33,200","32,550","32,736",-400,-1.21,11.37,372.30,0.20,6.33,11.57,378.63,"156,667.47"
1202,03/11/2021,CTG,"32,400","32,500","33,000","33,250","32,350","32,833",600,1.85,20.78,682.29,0.39,12.67,21.17,694.96,"158,589.77"
1203,02/11/2021,CTG,"32,200","32,200","32,400","32,600","32,050","32,398",200,0.62,11.82,383.00,0.99,34.11,12.81,417.11,"155,706.32"
1204,01/11/2021,CTG,"31,500","31,800","32,200","32,400","31,600","32,081",700,2.22,17.98,576.69,0.00,0.00,17.98,576.69,"154,745.17"
1205,29/10/2021,CTG,"31,300","31,500","31,500","31,750","31,250","31,500",200,0.64,13.02,410.05,0.80,25.20,13.82,435.25,"151,381.14"
1206,28/10/2021,CTG,"31,100","31,350","31,300","31,400","31,000","31,214",200,0.64,14.40,449.37,0.00,0.00,14.40,449.37,"150,419.99"
1207,27/10/2021,CTG,"29,900","30,200","31,100","31,200","29,950","30,784","1,200",4.01,19.61,603.60,0.00,0.00,19.61,603.60,"149,458.84"
1208,26/10/2021,CTG,"29,900","29,900","29,900","30,300","29,700","29,978",0,0.00,5.96,178.76,0.09,2.67,6.06,181.43,"143,691.94"
1209,25/10/2021,CTG,"29,650","29,650","29,900","30,150","29,350","29,651",250,0.84,8.17,242.21,0.02,0.55,8.19,242.76,"143,691.94"
1210,22/10/2021,CTG,"29,750","29,800","29,650","29,900","29,650","29,781",-100,-0.34,4.27,127.28,0.02,0.64,4.29,127.91,"142,490.51"
1211,21/10/2021,CTG,"30,000","30,050","29,750","30,100","29,750","29,905",-250,-0.83,7.37,220.32,0.39,11.82,7.76,232.14,"142,971.08"
1212,20/10/2021,CTG,"30,300","30,400","30,000","30,400","29,550","30,076",-300,-0.99,9.26,278.63,0.00,0.00,9.26,278.63,"144,172.52"
1213,19/10/2021,CTG,"30,200","30,400","30,300","30,550","30,200","30,342",100,0.33,6.92,210.00,0.02,0.63,6.94,210.63,"145,614.24"
1214,18/10/2021,CTG,"30,650","30,750","30,200","30,850","30,150","30,440",-450,-1.47,9.76,297.04,0.35,10.82,10.11,307.87,"145,133.67"
1215,15/10/2021,CTG,"30,600","30,700","30,650","30,950","30,500","30,682",50,0.16,8.25,253.00,0.07,2.00,8.32,255.00,"147,296.26"
1216,14/10/2021,CTG,"30,700","30,700","30,600","30,900","30,500","30,718",-100,-0.33,8.53,262.02,2.64,80.94,11.17,342.96,"147,055.97"
1217,13/10/2021,CTG,"30,800","30,800","30,700","31,300","30,700","30,922",-100,-0.32,7.01,216.86,0.11,3.34,7.13,220.21,"147,536.54"
1218,12/10/2021,CTG,"31,000","31,150","30,800","31,500","30,750","31,045",-200,-0.65,10.82,335.78,0.57,17.45,11.39,353.23,"148,017.12"
1219,11/10/2021,CTG,"29,450","29,600","31,000","31,000","29,600","30,433","1,550",5.26,16.94,515.57,0.62,18.75,17.56,534.32,"148,978.27"
1220,08/10/2021,CTG,"29,350","29,500","29,450","29,650","29,350","29,487",100,0.34,6.60,194.72,0.11,3.28,6.72,198.00,"141,529.36"
1221,07/10/2021,CTG,"29,300","29,400","29,350","29,650","29,250","29,390",50,0.17,7.92,232.72,0.00,0.00,7.92,232.72,"141,048.78"
1222,06/10/2021,CTG,"29,500","29,750","29,300","29,800","29,050","29,365",-200,-0.68,6.89,202.19,0.00,0.00,6.89,202.19,"140,808.49"
1223,05/10/2021,CTG,"28,700","29,000","29,500","29,550","29,000","29,331",800,2.79,8.71,255.54,0.11,3.31,8.82,258.85,"141,769.64"
1224,04/10/2021,CTG,"29,750","29,600","28,700","29,700","28,700","28,968","-1,050",-3.53,20.18,584.64,0.00,0.00,20.18,584.64,"137,925.04"
1225,01/10/2021,CTG,"30,400","30,400","29,750","30,550","29,700","30,086",-650,-2.14,12.09,363.86,1.28,36.21,13.37,400.07,"142,971.08"
1226,30/09/2021,CTG,"30,400","30,400","30,400","30,850","30,400","30,566",0,0.00,6.72,205.31,1.11,33.50,7.83,238.82,"146,094.82"
1227,29/09/2021,CTG,"30,950","30,950","30,400","31,000","30,350","30,649",-550,-1.78,10.28,315.12,0.24,7.94,10.52,323.06,"146,094.82"
1228,28/09/2021,CTG,"31,000","30,800","30,950","31,050","30,700","30,902",-50,-0.16,6.73,207.85,0.00,0.00,6.73,207.85,"148,737.98"
1229,27/09/2021,CTG,"31,700","31,800","31,000","31,900","31,000","31,389",-700,-2.21,7.76,243.53,2.10,66.25,9.86,309.78,"148,978.27"
1230,24/09/2021,CTG,"31,600","31,700","31,700","31,900","31,600","31,749",100,0.32,6.35,201.53,0.03,0.85,6.37,202.37,"152,342.29"
1231,23/09/2021,CTG,"31,350","31,500","31,600","31,900","31,400","31,593",250,0.80,8.17,258.25,0.00,0.00,8.17,258.25,"151,861.72"
1232,22/09/2021,CTG,"31,500","31,400","31,350","31,550","31,150","31,345",-150,-0.48,7.71,241.80,0.11,3.59,7.83,245.39,"150,660.28"
1233,21/09/2021,CTG,"31,850","31,500","31,500","31,700","31,300","31,503",-350,-1.10,8.14,256.32,0.59,19.47,8.73,275.79,"151,381.14"
1234,20/09/2021,CTG,"31,800","32,300","31,850","32,300","31,850","32,035",50,0.16,8.74,280.02,0.70,23.80,9.44,303.82,"153,063.16"
1235,17/09/2021,CTG,"31,650","31,750","31,800","32,150","31,700","31,873",150,0.47,6.83,217.80,0.14,4.44,6.97,222.24,"152,822.87"
1236,16/09/2021,CTG,"31,150","31,500","31,650","32,050","31,400","31,716",500,1.61,6.37,202.11,1.00,31.80,7.37,233.91,"152,102.01"
1237,15/09/2021,CTG,"31,200","31,000","31,150","31,500","31,000","31,223",-50,-0.16,7.13,222.57,0.00,0.00,7.13,222.57,"149,699.13"
1238,14/09/2021,CTG,"31,850","31,900","31,200","32,050","31,200","31,569",-650,-2.04,9.00,284.02,0.09,2.81,9.09,286.83,"149,939.42"
1239,13/09/2021,CTG,"32,300","32,250","31,850","32,350","31,800","32,059",-450,-1.39,8.46,271.17,0.04,1.12,8.49,272.29,"153,063.16"
1240,10/09/2021,CTG,"32,400","32,500","32,300","32,700","32,300","32,456",-100,-0.31,6.65,215.94,0.00,0.00,6.65,215.94,"155,225.74"
1241,09/09/2021,CTG,"32,150","32,150","32,400","32,400","32,100","32,209",250,0.78,7.65,246.30,0.09,2.90,7.74,249.20,"155,706.32"
1242,08/09/2021,CTG,"32,650","32,800","32,150","33,050","32,000","32,608",-500,-1.53,8.36,272.48,0.00,0.00,8.36,272.48,"154,504.88"
1243,07/09/2021,CTG,"32,050","32,150","32,650","32,950","32,150","32,626",600,1.87,10.82,352.94,0.00,0.00,10.82,352.94,"156,907.76"
1244,06/09/2021,CTG,"32,050","32,050","32,050","32,300","31,800","32,026",0,0.00,11.55,369.99,0.09,2.93,11.64,372.91,"154,024.31"
1245,01/09/2021,CTG,"31,800","31,800","32,050","32,300","31,600","32,073",250,0.79,15.29,490.53,0.00,0.00,15.29,490.53,"154,024.31"
1246,31/08/2021,CTG,"32,300","32,500","31,800","32,550","31,800","32,155",-500,-1.55,12.24,393.60,0.00,0.00,12.24,393.60,"152,822.87"
1247,30/08/2021,CTG,"31,150","31,400","32,300","32,300","31,300","31,755","1,150",3.69,13.24,420.39,1.31,38.87,14.55,459.26,"155,225.74"
1248,27/08/2021,CTG,"31,200","30,700","31,150","31,200","30,100","30,600",-50,-0.16,19.89,608.61,3.78,117.89,23.67,726.50,"149,699.13"
1249,26/08/2021,CTG,"32,150","32,300","31,200","32,700","31,100","31,810",-950,-2.95,21.10,671.09,0.02,0.64,21.12,671.73,"149,939.42"
1250,25/08/2021,CTG,"32,750","32,700","32,150","32,800","31,700","32,220",-600,-1.83,18.21,586.63,0.00,0.00,18.21,586.63,"154,504.88"
1251,24/08/2021,CTG,"32,700","32,900","32,750","33,200","32,650","32,845",50,0.15,11.18,367.16,0.00,0.00,11.18,367.16,"157,388.33"
1252,23/08/2021,CTG,"32,700","32,700","32,700","33,450","32,650","32,923",0,0.00,19.70,648.44,0.00,0.00,19.70,648.44,"157,148.04"
1253,20/08/2021,CTG,"34,300","34,300","32,700","34,750","32,000","33,624","-1,600",-4.66,23.43,787.88,0.00,0.00,23.43,787.88,"157,148.04"
1254,19/08/2021,CTG,"34,500","34,350","34,300","34,500","34,150","34,290",-200,-0.58,11.37,389.95,0.29,10.70,11.66,400.65,"164,837.25"
1255,18/08/2021,CTG,"34,600","34,700","34,500","34,800","34,300","34,591",-100,-0.29,11.15,385.53,0.00,0.00,11.15,385.53,"165,798.40"
1256,17/08/2021,CTG,"35,100","35,400","34,600","35,500","34,550","35,049",-500,-1.42,11.93,418.07,0.00,0.00,11.93,418.07,"166,278.97"
1257,16/08/2021,CTG,"34,300","34,300","35,100","35,450","34,100","34,633",800,2.33,21.66,750.23,0.00,0.00,21.66,750.23,"168,681.85"
1258,13/08/2021,CTG,"34,400","34,400","34,300","34,600","33,700","34,121",-100,-0.29,12.21,416.67,0.00,0.00,12.21,416.67,"164,837.25"
1259,12/08/2021,CTG,"34,300","34,500","34,400","34,750","34,300","34,521",100,0.29,13.12,452.84,0.00,0.00,13.12,452.84,"165,317.82"
1260,11/08/2021,CTG,"34,650","34,650","34,300","35,100","34,300","34,660",-350,-1.01,17.30,599.77,0.00,0.00,17.30,599.77,"164,837.25"
1261,10/08/2021,CTG,"34,550","34,950","34,650","34,950","34,450","34,659",100,0.29,12.04,417.15,0.00,0.00,12.04,417.15,"166,519.26"
1262,09/08/2021,CTG,"34,150","34,100","34,550","34,600","33,950","34,228",400,1.17,15.50,530.49,0.42,14.04,15.92,544.52,"166,038.68"
1263,06/08/2021,CTG,"34,200","34,350","34,150","34,900","34,100","34,585",-50,-0.15,18.94,655.10,0.00,0.00,18.94,655.10,"164,116.38"
1264,05/08/2021,CTG,"34,000","33,900","34,200","34,200","33,600","34,011",200,0.59,13.35,454.22,0.00,0.00,13.35,454.22,"164,356.67"
1265,04/08/2021,CTG,"34,100","34,300","34,000","34,450","33,900","34,137",-100,-0.29,15.29,522.08,0.00,0.00,15.29,522.08,"163,395.52"
1266,03/08/2021,CTG,"33,750","33,750","34,100","34,100","33,250","33,606",350,1.04,22.28,748.83,0.00,0.00,22.28,748.83,"163,876.10"
1267,02/08/2021,CTG,"34,400","33,800","33,750","34,200","33,650","33,926",-650,-1.89,25.10,851.70,0.59,18.88,25.69,870.58,"162,194.08"
1268,30/07/2021,CTG,"33,900","34,000","34,400","34,700","33,950","34,296",500,1.47,20.78,712.65,0.02,0.67,20.80,713.32,"165,317.82"
1269,29/07/2021,CTG,"32,900","33,300","33,900","34,150","33,200","33,697","1,000",3.04,17.02,573.62,1.25,41.88,18.27,615.49,"162,914.95"
1270,28/07/2021,CTG,"32,500","32,500","32,900","33,100","32,500","32,820",400,1.23,7.15,234.65,0.00,0.00,7.15,234.65,"158,109.20"
1271,27/07/2021,CTG,"32,150","32,500","32,500","33,350","32,400","32,790",350,1.09,15.90,521.25,0.00,0.00,15.90,521.25,"156,186.89"
1272,26/07/2021,CTG,"32,500","32,200","32,150","32,500","31,800","32,157",-350,-1.08,10.15,326.42,0.00,0.00,10.15,326.42,"154,504.88"
1273,23/07/2021,CTG,"33,500","33,150","32,500","33,700","32,500","33,084","-1,000",-2.99,16.26,538.03,0.00,0.00,16.26,538.03,"156,186.89"
1274,22/07/2021,CTG,"32,850","32,850","33,500","33,950","32,750","33,440",650,1.98,13.30,444.89,0.10,3.32,13.40,448.21,"160,992.65"
1275,21/07/2021,CTG,"33,250","33,450","32,850","33,850","32,700","33,282",-400,-1.20,9.94,330.97,0.78,25.70,10.72,356.67,"122,313.84"
1276,20/07/2021,CTG,"32,250","32,300","33,250","33,300","31,650","32,337","1,000",3.10,20.03,647.86,0.42,13.00,20.45,660.86,"123,803.20"
1277,19/07/2021,CTG,"34,650","33,500","32,250","33,950","32,250","32,854","-2,400",-6.93,20.73,680.98,0.00,0.00,20.73,680.98,"120,079.80"
1278,16/07/2021,CTG,"35,000","35,400","34,650","35,400","34,650","34,994",-350,-1.00,9.67,338.34,0.11,4.07,9.78,342.41,"129,015.97"
1279,15/07/2021,CTG,"33,700","33,800","35,000","35,450","33,600","34,538","1,300",3.86,15.11,521.88,0.00,0.00,15.11,521.88,"130,319.16"
1280,14/07/2021,CTG,"34,600","34,650","33,700","35,350","33,700","34,432",-900,-2.60,16.35,562.95,0.43,13.95,16.78,576.89,"125,478.73"
1281,13/07/2021,CTG,"35,000","35,500","34,600","35,950","33,800","34,845",-400,-1.14,11.77,409.99,0.00,0.00,11.77,409.99,"128,829.80"
1282,12/07/2021,CTG,"37,600","37,050","35,000","37,100","35,000","35,320","-2,600",-6.91,28.00,988.84,0.09,3.46,28.09,992.31,"130,319.16"
1283,09/07/2021,CTG,"38,600","38,200","37,600","38,800","37,000","38,091","-1,000",-2.59,18.30,697.00,0.27,9.72,18.57,706.72,"140,000.01"
1284,08/07/2021,CTG,"39,050","39,300","38,600","40,000","38,600","39,261",-450,-1.15,14.11,553.94,0.00,0.00,14.11,553.94,"143,723.42"
1285,07/07/2021,CTG,"37,600","38,800","39,050","39,200","37,600","38,775","1,450",3.86,26.84,"1,040.60",0.21,7.56,27.04,"1,048.16","145,398.95"
1286,06/07/2021,CTG,"52,100","52,500","48,500","53,200","48,500","52,301","-3,600",-6.91,22.94,"1,199.96",0.75,38.21,23.69,"1,238.17","180,585.12"
1287,05/07/2021,CTG,"52,700","52,700","52,100","53,000","51,500","52,205",-600,-1.14,19.60,"1,023.23",0.19,9.88,19.79,"1,033.11","193,989.38"
1288,02/07/2021,CTG,"52,400","52,700","52,700","53,200","52,400","52,686",300,0.57,16.55,871.92,0.60,33.00,17.15,904.92,"196,223.42"
1289,01/07/2021,CTG,"52,700","52,700","52,400","53,300","51,900","52,519",-300,-0.57,29.24,"1,535.71",0.23,12.20,29.47,"1,547.91","195,106.40"
1290,30/06/2021,CTG,"53,900","54,000","52,700","54,500","52,500","53,250","-1,200",-2.23,31.37,"1,670.23",1.04,53.28,32.41,"1,723.52","196,223.42"
1291,29/06/2021,CTG,"54,400","54,400","53,900","54,700","53,500","54,234",-500,-0.92,18.65,"1,011.24",0.77,39.47,19.41,"1,050.71","200,691.51"
1292,28/06/2021,CTG,"53,800","54,500","54,400","54,800","53,800","54,284",600,1.12,13.91,755.06,0.32,16.23,14.23,771.29,"202,553.21"
1293,25/06/2021,CTG,"53,400","53,200","53,800","53,800","52,400","53,074",400,0.75,14.30,758.87,0.00,0.00,14.30,758.87,"200,319.17"
1294,24/06/2021,CTG,"52,700","54,000","53,400","54,700","53,100","53,941",700,1.33,24.59,"1,326.68",0.13,7.12,24.73,"1,333.80","198,829.80"
1295,23/06/2021,CTG,"51,900","52,200","52,700","53,500","51,900","52,790",800,1.54,16.91,892.48,0.00,0.00,16.91,892.48,"196,223.42"
1296,22/06/2021,CTG,"50,300","50,700","51,900","52,400","50,100","51,387","1,600",3.18,21.91,"1,125.91",0.02,1.01,21.93,"1,126.92","193,244.70"
1297,21/06/2021,CTG,"51,200","50,700","50,300","51,500","50,000","50,635",-900,-1.76,11.27,570.54,0.17,8.77,11.44,579.31,"187,287.25"
1298,18/06/2021,CTG,"50,500","51,400","51,200","52,500","51,000","51,642",700,1.39,13.22,682.57,0.19,9.26,13.40,691.83,"190,638.31"
1299,17/06/2021,CTG,"50,500","49,500","50,500","51,000","49,400","50,059",0,0.00,17.43,880.25,0.00,0.00,17.43,880.25,"188,031.93"
1300,16/06/2021,CTG,"52,100","51,600","50,500","51,600","50,500","51,089","-1,600",-3.07,21.38,"1,092.32",0.18,9.48,21.56,"1,101.80","188,031.93"
1301,15/06/2021,CTG,"52,500","52,500","52,100","53,000","51,800","52,411",-400,-0.76,16.19,848.57,0.00,0.00,16.19,848.57,"193,989.38"
1302,14/06/2021,CTG,"52,900","53,300","52,500","54,000","52,000","53,084",-400,-0.76,14.11,748.82,0.55,27.50,14.66,776.32,"195,478.74"
1303,11/06/2021,CTG,"49,500","50,000","52,900","52,900","49,600","51,895","3,400",6.87,17.96,931.83,0.61,29.36,18.56,961.19,"196,968.10"
1304,10/06/2021,CTG,"50,500","50,500","49,500","50,900","49,500","50,139","-1,000",-1.98,11.56,579.45,0.35,17.64,11.91,597.09,"184,308.53"
1305,09/06/2021,CTG,"49,000","49,500","50,500","51,000","48,500","49,622","1,500",3.06,14.89,738.66,0.22,10.57,15.10,749.22,"188,031.93"
1306,08/06/2021,CTG,"52,000","51,600","49,000","52,500","49,000","50,686","-3,000",-5.77,16.10,816.08,0.07,3.56,16.17,819.64,"182,446.82"
1307,07/06/2021,CTG,"54,000","53,700","52,000","53,800","51,000","52,113","-2,000",-3.70,17.79,927.33,0.24,12.29,18.04,939.62,"193,617.04"
1308,04/06/2021,CTG,"53,600","53,700","54,000","54,900","53,600","54,211",400,0.75,12.98,703.66,0.09,4.50,13.07,708.16,"201,063.85"
1309,03/06/2021,CTG,"52,000","53,000","53,600","54,200","52,000","53,100","1,600",3.08,17.48,928.11,0.54,28.68,18.01,956.80,"199,574.48"
1310,02/06/2021,CTG,"52,600","51,800","52,000","52,900","51,600","52,148",-600,-1.14,14.84,773.64,0.12,6.08,14.96,779.72,"193,617.04"
1311,01/06/2021,CTG,"53,100","53,500","52,600","53,900","52,500","53,349",-500,-0.94,10.73,572.24,0.00,0.00,10.73,572.24,"195,851.08"
1312,31/05/2021,CTG,"51,200","51,200","53,100","53,100","51,000","51,827","1,900",3.71,17.66,915.43,0.04,1.99,17.70,917.41,"197,712.78"
1313,28/05/2021,CTG,"50,200","50,600","51,200","51,300","50,100","50,702","1,000",1.99,16.91,857.30,0.03,1.30,16.93,858.60,"190,638.31"
1314,27/05/2021,CTG,"51,500","51,600","50,200","51,700","50,000","50,897","-1,300",-2.52,19.72,"1,003.52",0.29,13.82,20.00,"1,017.34","186,914.91"
1315,26/05/2021,CTG,"51,100","51,200","51,500","51,800","50,800","51,214",400,0.78,13.86,709.83,0.49,23.42,14.35,733.25,"191,755.33"
1316,25/05/2021,CTG,"51,200","51,500","51,100","52,000","51,100","51,502",-100,-0.20,10.88,560.12,0.91,43.72,11.78,603.84,"190,265.97"
1317,24/05/2021,CTG,"48,250","48,800","51,200","51,600","48,600","50,171","2,950",6.11,30.50,"1,530.47",0.57,28.39,31.08,"1,558.86","190,638.31"
1318,21/05/2021,CTG,"48,900","48,900","48,250","49,300","48,200","48,791",-650,-1.33,15.85,773.49,0.12,5.89,15.97,779.37,"179,654.27"
1319,20/05/2021,CTG,"48,000","48,650","48,900","48,900","48,050","48,549",900,1.88,14.06,682.42,0.26,12.46,14.32,694.88,"182,074.48"
1320,19/05/2021,CTG,"46,550","46,800","48,000","48,250","46,500","47,452","1,450",3.11,17.47,829.03,2.05,96.37,19.52,925.40,"178,723.42"
1321,18/05/2021,CTG,"46,750","46,650","46,550","46,950","46,200","46,570",-200,-0.43,17.65,822.12,0.50,23.29,18.15,845.41,"173,324.48"
1322,17/05/2021,CTG,"47,000","47,050","46,750","47,600","46,400","46,859",-250,-0.53,17.03,797.80,0.00,0.00,17.03,797.80,"174,069.16"
1323,14/05/2021,CTG,"46,500","47,000","47,000","47,450","46,650","47,050",500,1.08,17.06,802.79,0.29,13.45,17.35,816.24,"175,000.01"
1324,13/05/2021,CTG,"45,000","44,700","46,500","47,150","44,650","45,930","1,500",3.33,34.02,"1,562.53",0.99,44.78,35.01,"1,607.30","173,138.31"
1325,12/05/2021,CTG,"44,200","43,900","45,000","45,000","43,850","44,363",800,1.81,19.60,869.64,0.50,22.10,20.10,891.74,"167,553.21"
1326,11/05/2021,CTG,"44,800","44,750","44,200","44,900","44,200","44,605",-600,-1.34,15.72,701.10,0.00,0.00,15.72,701.10,"164,574.48"
1327,10/05/2021,CTG,"43,800","45,000","44,800","45,100","44,500","44,823","1,000",2.28,25.19,"1,128.90",0.00,0.00,25.19,"1,128.90","166,808.52"
1328,07/05/2021,CTG,"42,900","42,550","43,800","43,900","42,300","43,153",900,2.10,25.59,"1,104.18",0.25,10.80,25.84,"1,114.99","163,085.12"
1329,06/05/2021,CTG,"43,350","43,000","42,900","43,700","42,700","43,182",-450,-1.04,19.93,860.50,0.08,3.46,20.01,863.96,"159,734.06"
1330,05/05/2021,CTG,"43,000","43,600","43,350","44,400","43,350","43,792",350,0.81,22.17,970.69,0.38,15.00,22.54,985.69,"161,409.59"
1331,04/05/2021,CTG,"40,800","40,050","43,000","43,000","40,050","42,182","2,200",5.39,25.41,"1,072.01",0.03,1.19,25.44,"1,073.21","160,106.40"
1332,29/04/2021,CTG,"39,750","40,000","40,800","40,850","39,750","40,467","1,050",2.64,14.20,574.45,0.07,2.78,14.26,577.22,"151,914.91"
1333,28/04/2021,CTG,"39,650","39,600","39,750","40,450","39,550","39,932",100,0.25,7.99,318.92,0.00,0.00,7.99,318.92,"148,005.33"
1334,27/04/2021,CTG,"39,700","39,550","39,650","40,100","39,300","39,678",-50,-0.13,7.16,284.17,0.00,0.00,7.16,284.17,"147,632.99"
1335,26/04/2021,CTG,"41,300","41,300","39,700","41,300","39,650","40,418","-1,600",-3.87,12.68,512.57,0.56,22.09,13.24,534.66,"147,819.16"
1336,23/04/2021,CTG,"39,150","39,450","41,300","41,400","39,000","39,808","2,150",5.49,17.56,698.97,0.20,7.98,17.76,706.95,"153,776.61"
1337,22/04/2021,CTG,"42,000","41,750","39,150","41,950","39,150","40,756","-2,850",-6.79,21.43,873.35,0.00,0.00,21.43,873.35,"145,771.29"
1338,20/04/2021,CTG,"42,500","42,650","42,000","43,150","41,500","42,435",-500,-1.18,23.24,986.25,0.79,33.79,24.03,"1,020.03","156,382.99"
1339,19/04/2021,CTG,"42,000","42,200","42,500","42,500","41,300","41,958",500,1.19,16.03,672.67,1.10,46.20,17.13,718.87,"158,244.69"
1340,16/04/2021,CTG,"42,200","42,400","42,000","43,200","40,800","42,427",-200,-0.47,21.44,909.71,0.05,1.93,21.49,911.64,"156,382.99"
1341,15/04/2021,CTG,"42,750","42,900","42,200","43,000","42,000","42,498",-550,-1.29,13.94,592.36,0.09,3.50,14.02,595.85,"157,127.67"
1342,14/04/2021,CTG,"42,050","41,900","42,750","43,000","41,500","42,337",700,1.66,14.31,605.85,0.04,1.87,14.35,607.72,"159,175.54"
1343,13/04/2021,CTG,"43,200","43,500","42,050","43,500","42,000","42,663","-1,150",-2.66,15.12,645.13,2.63,115.33,17.75,760.45,"156,569.16"
1344,12/04/2021,CTG,"42,500","42,600","43,200","43,300","42,450","42,843",700,1.65,13.50,578.51,0.07,3.00,13.57,581.51,"160,851.08"
1345,09/04/2021,CTG,"42,600","42,500","42,500","42,700","42,300","42,467",-100,-0.23,14.65,622.17,0.30,12.85,14.95,635.02,"158,244.69"
1346,08/04/2021,CTG,"43,000","43,000","42,600","43,300","42,600","42,912",-400,-0.93,11.65,500.01,0.00,0.00,11.65,500.01,"158,617.03"
1347,07/04/2021,CTG,"43,000","43,000","43,000","43,800","42,800","43,271",0,0.00,12.15,525.77,0.24,9.93,12.39,535.70,"160,106.40"
1348,06/04/2021,CTG,"42,000","41,950","43,000","43,550","41,600","42,766","1,000",2.38,22.53,963.35,0.06,2.23,22.58,965.58,"160,106.40"
1349,05/04/2021,CTG,"41,300","42,000","42,000","42,300","41,500","41,990",700,1.69,16.22,680.90,0.00,0.00,16.22,680.90,"156,382.99"
1350,02/04/2021,CTG,"41,050","41,500","41,300","41,550","41,000","41,318",250,0.61,12.20,504.03,0.11,4.43,12.30,508.46,"153,776.61"
1351,01/04/2021,CTG,"40,150","40,300","41,050","41,350","40,300","40,784",900,2.24,18.70,762.49,0.06,2.45,18.75,764.94,"152,845.76"
1352,31/03/2021,CTG,"40,400","40,400","40,150","40,850","40,000","40,429",-250,-0.62,11.84,478.75,0.50,20.21,12.34,498.96,"149,494.69"
1353,30/03/2021,CTG,"40,000","40,300","40,400","40,800","39,850","40,389",400,1.00,11.15,450.44,0.36,14.53,11.51,464.97,"150,425.54"
1354,29/03/2021,CTG,"39,050","39,600","40,000","40,050","39,300","39,722",950,2.43,11.59,460.37,0.30,12.53,11.89,472.89,"148,936.18"
1355,26/03/2021,CTG,"39,400","39,300","39,050","39,800","37,800","38,750",-350,-0.89,16.25,629.78,0.04,1.58,16.29,631.36,"145,398.95"
1356,25/03/2021,CTG,"39,000","39,500","39,400","40,150","38,900","39,558",400,1.03,14.67,580.48,0.00,0.00,14.67,580.48,"146,702.14"
1357,24/03/2021,CTG,"40,500","40,000","39,000","40,450","38,900","39,771","-1,500",-3.70,18.26,726.23,0.46,17.78,18.72,744.01,"145,212.78"
1358,23/03/2021,CTG,"41,100","41,200","40,500","41,250","40,200","40,765",-600,-1.46,14.65,597.20,0.00,0.00,14.65,597.20,"150,797.88"
1359,22/03/2021,CTG,"40,450","40,950","41,100","41,750","40,500","41,165",650,1.61,20.68,851.38,0.04,1.62,20.72,853.01,"153,031.93"
1360,19/03/2021,CTG,"40,500","40,350","40,450","40,900","40,300","40,533",-50,-0.12,8.29,335.90,0.30,12.14,8.59,348.04,"150,611.71"
1361,18/03/2021,CTG,"39,550","41,200","40,500","41,450","40,200","40,820",950,2.40,16.05,655.04,0.09,3.39,16.14,658.43,"150,797.88"
1362,17/03/2021,CTG,"37,700","37,750","39,550","39,600","37,600","38,748","1,850",4.91,23.69,917.78,0.16,6.25,23.85,924.04,"147,260.65"
1363,16/03/2021,CTG,"38,000","38,150","37,700","38,200","37,650","37,911",-300,-0.79,7.06,267.71,0.15,5.67,7.21,273.38,"140,372.35"
1364,15/03/2021,CTG,"37,950","38,000","38,000","38,200","37,750","38,001",50,0.13,6.76,256.96,0.08,3.04,6.84,260.00,"141,489.37"
1365,12/03/2021,CTG,"38,200","38,350","37,950","38,500","37,950","38,269",-250,-0.65,7.00,267.79,0.19,7.42,7.19,275.20,"141,303.20"
1366,11/03/2021,CTG,"37,550","37,950","38,200","38,450","37,800","38,250",650,1.73,7.64,292.20,0.03,1.10,7.67,293.30,"142,234.05"
1367,10/03/2021,CTG,"37,200","37,250","37,550","37,800","37,050","37,425",350,0.94,7.47,279.51,0.02,0.74,7.49,280.25,"139,813.84"
1368,09/03/2021,CTG,"37,900","37,900","37,200","37,900","37,100","37,467",-700,-1.85,10.11,378.93,0.08,3.24,10.20,382.17,"138,510.65"
1369,08/03/2021,CTG,"38,000","38,400","37,900","38,600","37,550","38,143",-100,-0.26,7.57,288.93,0.03,1.10,7.60,290.02,"141,117.03"
1370,05/03/2021,CTG,"38,300","38,100","38,000","38,450","37,500","37,879",-300,-0.78,10.16,384.72,0.00,0.00,10.16,384.72,"141,489.37"
1371,04/03/2021,CTG,"38,600","39,000","38,300","39,000","37,500","38,399",-300,-0.78,10.32,396.12,0.21,8.08,10.53,404.20,"142,606.39"
1372,03/03/2021,CTG,"38,000","38,400","38,600","38,800","38,300","38,576",600,1.58,13.07,504.36,0.08,3.03,13.15,507.38,"143,723.42"
1373,02/03/2021,CTG,"38,100","38,500","38,000","38,600","38,000","38,270",-100,-0.26,7.32,280.16,0.04,1.48,7.36,281.63,"141,489.37"
1374,01/03/2021,CTG,"37,250","37,800","38,100","38,200","37,600","38,003",850,2.28,13.95,530.29,0.08,3.06,14.04,533.36,"141,861.71"
1375,26/02/2021,CTG,"37,300","36,750","37,250","37,350","36,500","37,001",-50,-0.13,8.85,327.50,0.20,7.61,9.05,335.10,"138,696.82"
1376,25/02/2021,CTG,"37,500","37,800","37,300","37,900","37,050","37,414",-200,-0.53,8.49,317.65,0.10,3.90,8.59,321.55,"138,882.99"
1377,24/02/2021,CTG,"37,050","37,450","37,500","38,150","37,050","37,629",450,1.21,14.25,536.24,0.08,3.15,14.33,539.39,"139,627.67"
1378,23/02/2021,CTG,"37,000","37,100","37,050","37,600","37,000","37,186",50,0.14,8.35,310.40,0.20,7.61,8.54,318.00,"137,952.14"
1379,22/02/2021,CTG,"37,000","37,000","37,000","38,050","36,800","37,558",0,0.00,11.35,426.28,0.00,0.00,11.35,426.28,"137,765.97"
1380,19/02/2021,CTG,"36,800","36,300","37,000","37,500","36,100","36,893",200,0.54,12.15,448.43,0.15,5.88,12.31,454.30,"137,765.97"
1381,18/02/2021,CTG,"36,800","36,700","36,800","37,050","36,300","36,622",0,0.00,10.03,367.41,0.65,23.94,10.69,391.35,"137,021.29"
1382,17/02/2021,CTG,"35,400","36,400","36,800","36,800","35,850","36,422","1,400",3.95,9.90,360.45,0.52,18.64,10.41,379.09,"137,021.29"
1383,09/02/2021,CTG,"34,050","34,450","35,400","35,450","34,000","34,805","1,350",3.96,8.07,280.87,0.18,5.61,8.25,286.48,"131,808.52"
1384,08/02/2021,CTG,"35,800","36,000","34,050","36,100","33,900","34,718","-1,750",-4.89,12.85,445.96,0.00,0.00,12.85,445.96,"126,781.93"
1385,05/02/2021,CTG,"34,700","34,950","35,800","35,800","34,750","35,476","1,100",3.17,8.50,301.43,0.14,5.00,8.64,306.43,"133,297.88"
1386,04/02/2021,CTG,"34,900","34,800","34,700","35,050","34,250","34,676",-200,-0.57,9.41,326.41,0.04,1.20,9.45,327.61,"129,202.14"
1387,03/02/2021,CTG,"33,900","34,500","34,900","35,250","34,000","34,531","1,000",2.95,10.08,347.92,0.04,1.46,10.12,349.38,"129,946.82"
1388,02/02/2021,CTG,"32,000","31,800","33,900","34,000","31,700","32,841","1,900",5.94,7.77,255.09,0.14,4.89,7.91,259.98,"126,223.41"
1389,01/02/2021,CTG,"30,500","31,800","32,000","32,600","31,500","32,373","1,500",4.92,12.32,398.68,0.04,1.30,12.36,399.97,"119,148.95"
1390,29/01/2021,CTG,"30,350","28,800","30,500","32,400","28,800","30,670",150,0.49,14.82,454.51,0.80,23.38,15.61,477.89,"113,563.84"
1391,28/01/2021,CTG,"32,600","30,750","30,350","31,900","30,350","30,928","-2,250",-6.90,13.30,411.26,0.13,4.10,13.43,415.35,"113,005.33"
1392,27/01/2021,CTG,"34,500","34,200","32,600","35,150","32,500","33,843","-1,900",-5.51,9.54,323.01,0.00,0.00,9.54,323.01,"121,382.99"
1393,26/01/2021,CTG,"36,800","36,500","34,500","36,550","34,500","35,597","-2,300",-6.25,8.29,294.96,0.08,2.88,8.37,297.84,"128,457.46"
1394,25/01/2021,CTG,"37,600","37,300","36,800","37,550","36,500","37,032",-800,-2.13,6.58,243.69,0.53,19.48,7.11,263.17,"137,021.29"
1395,22/01/2021,CTG,"37,000","36,950","37,600","38,300","36,700","37,605",600,1.62,11.33,426.18,0.06,2.18,11.39,428.36,"140,000.01"
1396,21/01/2021,CTG,"35,650","36,100","37,000","37,000","35,500","36,094","1,350",3.79,7.57,273.19,0.60,21.65,8.17,294.85,"137,765.97"
1397,20/01/2021,CTG,"35,900","36,000","35,650","36,400","33,800","35,143",-250,-0.70,11.18,393.04,0.84,29.86,12.02,422.90,"132,739.37"
1398,19/01/2021,CTG,"38,600","38,500","35,900","38,600","35,900","37,037","-2,700",-6.99,14.47,535.79,1.43,55.13,15.89,590.92,"133,670.22"
1399,18/01/2021,CTG,"39,500","39,600","38,600","39,850","38,600","39,257",-900,-2.28,7.20,282.53,0.09,3.63,7.29,286.16,"143,723.42"
1400,15/01/2021,CTG,"39,150","39,500","39,500","40,100","39,300","39,706",350,0.89,11.32,449.55,0.00,0.00,11.32,449.55,"147,074.48"
1401,14/01/2021,CTG,"38,650","39,000","39,150","39,350","38,500","38,945",500,1.29,8.28,322.30,0.00,0.00,8.28,322.30,"145,771.29"
1402,13/01/2021,CTG,"38,500","38,650","38,650","39,450","38,500","38,903",150,0.39,9.06,352.62,0.09,3.77,9.16,356.38,"143,909.59"
1403,12/01/2021,CTG,"38,700","38,700","38,500","38,900","38,100","38,486",-200,-0.52,9.15,352.31,0.00,0.00,9.15,352.31,"143,351.08"
1404,11/01/2021,CTG,"38,700","38,900","38,700","39,600","38,600","39,002",0,0.00,10.91,425.57,0.09,3.38,11.01,428.96,"144,095.76"
1405,08/01/2021,CTG,"38,850","39,500","38,700","39,500","38,500","39,064",-150,-0.39,8.38,327.36,0.00,0.00,8.38,327.36,"144,095.76"
1406,07/01/2021,CTG,"37,850","38,500","38,850","39,650","38,400","38,970","1,000",2.64,10.68,416.18,0.56,21.08,11.24,437.26,"144,654.27"
1407,06/01/2021,CTG,"35,400","36,000","37,850","37,850","35,700","37,114","2,450",6.92,15.42,572.30,0.57,21.43,15.99,593.73,"140,930.86"
1408,05/01/2021,CTG,"35,500","35,400","35,400","35,950","35,200","35,622",-100,-0.28,9.22,328.26,0.00,0.00,9.22,328.26,"131,808.52"
1409,04/01/2021,CTG,"34,550","35,000","35,500","36,000","34,900","35,421",950,2.75,14.04,497.36,0.09,3.25,14.13,500.61,"132,180.86"
1410,31/12/2020,CTG,"34,350","34,450","34,550","34,750","34,350","34,522",200,0.58,4.51,155.80,0.17,6.24,4.68,162.04,"128,643.63"
1420,17/12/2020,CTG,"34,900","34,900","34,100","35,100","34,100","34,562",-800,-2.29,14.33,495.19,0.00,0.00,14.33,495.19,"126,968.10"
1411,30/12/2020,CTG,"34,150","34,350","34,350","34,950","34,150","34,613",200,0.59,5.58,193.17,0.06,1.91,5.64,195.08,"127,898.95"
1412,29/12/2020,CTG,"34,300","34,300","34,150","34,550","34,100","34,332",-150,-0.44,5.01,172.00,0.00,0.00,5.01,172.00,"127,154.27"
1413,28/12/2020,CTG,"34,700","35,000","34,300","35,200","34,200","34,597",-400,-1.15,6.38,220.72,0.19,6.73,6.57,227.45,"127,712.78"
1414,25/12/2020,CTG,"33,950","34,100","34,700","34,700","33,300","33,973",750,2.21,8.01,272.02,0.00,0.00,8.01,272.02,"129,202.14"
1415,24/12/2020,CTG,"34,500","34,500","33,950","34,800","32,200","33,718",-550,-1.59,8.31,280.12,0.00,0.00,8.31,280.12,"126,409.58"
1416,23/12/2020,CTG,"34,800","35,000","34,500","35,000","34,400","34,724",-300,-0.86,5.75,199.62,0.00,0.00,5.75,199.62,"128,457.46"
1417,22/12/2020,CTG,"34,850","35,100","34,800","35,400","34,750","35,044",-50,-0.14,6.43,225.38,0.00,0.00,6.43,225.38,"129,574.48"
1418,21/12/2020,CTG,"34,600","34,650","34,850","35,450","34,500","34,843",250,0.72,7.88,274.58,0.00,0.00,7.88,274.58,"129,760.65"
1419,18/12/2020,CTG,"34,100","34,300","34,600","34,600","34,100","34,410",500,1.47,5.66,194.78,0.21,7.15,5.87,201.93,"128,829.80"
1421,16/12/2020,CTG,"35,000","35,100","35,400","35,500","35,100","35,340",400,1.14,7.71,272.40,0.00,0.00,7.71,272.40,"131,808.52"
1422,15/12/2020,CTG,"35,400","35,400","35,000","35,400","34,650","35,086",-400,-1.13,10.99,385.53,0.00,0.00,10.99,385.53,"130,319.16"
1423,14/12/2020,CTG,"34,750","35,300","35,400","35,600","34,900","35,399",650,1.87,10.85,384.00,3.00,105.00,13.85,489.00,"131,808.52"
1424,11/12/2020,CTG,"34,000","34,400","34,750","34,800","33,950","34,481",750,2.21,8.09,279.08,0.40,12.66,8.49,291.75,"129,388.31"
1425,10/12/2020,CTG,"34,500","34,500","34,000","34,900","34,000","34,493",-500,-1.45,10.19,351.44,0.00,0.00,10.19,351.44,"126,595.75"
1426,09/12/2020,CTG,"34,500","34,500","34,500","34,900","34,450","34,629",0,0.00,8.15,282.18,0.00,0.00,8.15,282.18,"128,457.46"
1427,08/12/2020,CTG,"34,700","34,700","34,500","34,750","34,300","34,535",-200,-0.58,8.60,297.17,0.00,0.00,8.60,297.17,"128,457.46"
1428,07/12/2020,CTG,"34,700","35,000","34,700","35,100","34,600","34,836",0,0.00,7.31,254.75,0.00,0.00,7.31,254.75,"129,202.14"
1429,04/12/2020,CTG,"33,800","34,000","34,700","34,900","33,900","34,552",900,2.66,18.96,655.08,2.32,80.31,21.28,735.39,"129,202.14"
1430,03/12/2020,CTG,"33,750","33,800","33,800","34,050","33,700","33,855",50,0.15,6.26,211.81,0.00,0.00,6.26,211.81,"125,851.07"
1431,02/12/2020,CTG,"33,900","33,900","33,750","34,200","33,600","33,931",-150,-0.44,8.66,293.76,0.00,0.00,8.66,293.76,"125,664.90"
1432,01/12/2020,CTG,"33,500","33,000","33,900","34,000","32,900","33,471",400,1.19,9.71,325.12,0.04,1.34,9.76,326.47,"126,223.41"
1433,30/11/2020,CTG,"34,050","34,050","33,500","34,200","33,500","33,755",-550,-1.62,11.00,371.38,0.00,0.00,11.00,371.38,"124,734.05"
1434,27/11/2020,CTG,"34,050","34,200","34,050","34,500","34,000","34,197",0,0.00,6.22,212.85,0.00,0.00,6.22,212.85,"126,781.93"
1435,26/11/2020,CTG,"33,000","33,000","34,050","34,250","32,950","33,714","1,050",3.18,11.62,391.86,0.00,0.00,11.62,391.86,"126,781.93"
1436,25/11/2020,CTG,"32,750","33,200","33,000","33,500","32,900","33,194",250,0.76,10.72,355.70,0.00,0.00,10.72,355.70,"122,872.35"
1437,24/11/2020,CTG,"32,900","33,150","32,750","33,150","32,500","32,751",-150,-0.46,8.85,289.79,0.00,0.00,8.85,289.79,"121,941.50"
1438,23/11/2020,CTG,"33,200","33,200","32,900","33,200","32,600","32,892",-300,-0.90,7.14,234.73,0.00,0.00,7.14,234.73,"122,500.01"
1439,20/11/2020,CTG,"33,300","33,350","33,200","33,450","32,950","33,176",-100,-0.30,7.24,240.12,0.00,0.00,7.24,240.12,"123,617.03"
1440,19/11/2020,CTG,"32,750","32,750","33,300","33,300","32,550","32,931",550,1.68,13.60,447.85,0.50,16.50,14.10,464.35,"123,989.37"
1441,18/11/2020,CTG,"32,500","32,500","32,750","32,900","32,350","32,608",250,0.77,7.30,237.99,0.00,0.00,7.30,237.99,"121,941.50"
1442,17/11/2020,CTG,"31,900","32,200","32,500","32,650","32,000","32,383",600,1.88,8.71,281.96,0.00,0.00,8.71,281.96,"121,010.65"
1443,16/11/2020,CTG,"31,950","32,450","31,900","32,700","31,800","32,240",-50,-0.16,15.77,508.58,0.00,0.00,15.77,508.58,"118,776.61"
1444,13/11/2020,CTG,"31,000","31,200","31,950","32,000","31,200","31,578",950,3.06,10.71,338.28,0.00,0.00,10.71,338.28,"118,962.78"
1445,12/11/2020,CTG,"30,500","30,600","31,000","31,250","30,600","31,026",500,1.64,5.61,174.05,0.50,15.50,6.11,189.55,"115,425.54"
1446,11/11/2020,CTG,"30,600","30,750","30,500","30,900","30,400","30,632",-100,-0.33,6.06,185.75,0.06,1.62,6.12,187.38,"113,563.84"
1447,10/11/2020,CTG,"30,950","31,200","30,600","31,450","30,600","31,029",-350,-1.13,8.71,270.15,0.04,1.27,8.75,271.42,"113,936.18"
1448,09/11/2020,CTG,"30,250","30,650","30,950","31,100","30,650","30,865",700,2.31,7.89,243.55,0.00,0.00,7.89,243.55,"115,239.37"
1449,06/11/2020,CTG,"30,250","30,300","30,250","30,650","30,200","30,342",0,0.00,5.38,163.31,0.06,1.73,5.44,165.03,"112,632.99"
1450,05/11/2020,CTG,"30,600","30,500","30,250","30,900","30,250","30,610",-350,-1.14,5.81,177.87,0.04,1.28,5.85,179.15,"112,632.99"
1451,04/11/2020,CTG,"30,200","30,300","30,600","31,000","30,100","30,645",400,1.32,7.15,219.19,0.00,0.00,7.15,219.19,"113,936.18"
1452,03/11/2020,CTG,"30,400","30,650","30,200","30,700","30,100","30,390",-200,-0.66,4.96,150.67,0.06,1.74,5.01,152.41,"112,446.82"
1453,02/11/2020,CTG,"29,000","29,300","30,400","30,400","29,200","29,774","1,400",4.83,5.19,154.67,0.04,1.28,5.24,155.95,"113,191.50"
1454,30/10/2020,CTG,"29,100","29,300","29,000","29,500","28,200","28,843",-100,-0.34,9.10,262.45,0.30,8.13,9.40,270.58,"107,978.73"
1455,29/10/2020,CTG,"29,900","29,700","29,100","30,200","29,100","29,729",-800,-2.68,11.71,348.10,0.00,0.00,11.71,348.10,"108,351.07"
1456,28/10/2020,CTG,"30,750","30,500","29,900","30,950","29,900","30,394",-850,-2.76,7.94,241.21,0.00,0.00,7.94,241.21,"111,329.80"
1457,27/10/2020,CTG,"30,500","30,500","30,750","31,100","30,250","30,632",250,0.82,11.23,343.93,5.81,176.97,17.04,520.90,"114,494.69"
1458,26/10/2020,CTG,"31,800","31,900","30,500","31,900","30,500","31,341","-1,300",-4.09,8.90,279.08,0.00,0.00,8.90,279.08,"113,563.84"
1459,23/10/2020,CTG,"32,000","32,200","31,800","32,250","31,600","31,926",-200,-0.63,6.64,211.88,0.00,0.00,6.64,211.88,"118,404.26"
1460,22/10/2020,CTG,"31,050","31,000","32,000","32,000","30,800","31,243",950,3.06,8.72,272.31,0.71,21.34,9.43,293.65,"119,148.95"
1461,21/10/2020,CTG,"32,100","32,200","31,050","32,450","31,050","31,751","-1,050",-3.27,9.19,291.83,0.09,2.80,9.28,294.64,"115,611.71"
1462,20/10/2020,CTG,"32,150","31,850","32,100","32,300","31,700","31,987",-50,-0.16,9.96,318.70,0.00,0.00,9.96,318.70,"119,521.29"
1463,19/10/2020,CTG,"31,150","32,100","32,150","32,450","31,900","32,187","1,000",3.21,9.65,310.57,3.71,117.18,13.36,427.75,"119,707.46"
1464,16/10/2020,CTG,"30,050","30,500","31,150","31,450","30,200","30,906","1,100",3.66,12.96,400.45,0.19,5.89,13.15,406.34,"115,984.05"
1465,15/10/2020,CTG,"30,000","30,200","30,050","30,500","30,000","30,259",50,0.17,10.11,305.83,3.00,84.30,13.11,390.13,"111,888.31"
1466,14/10/2020,CTG,"30,550","30,700","30,000","30,850","30,000","30,474",-550,-1.80,8.34,254.11,0.04,1.21,8.38,255.32,"111,702.14"
1467,13/10/2020,CTG,"29,100","29,000","30,550","31,000","28,750","29,998","1,450",4.98,10.92,327.58,0.14,4.17,11.06,331.76,"113,750.01"
1468,12/10/2020,CTG,"27,650","29,550","29,100","29,550","28,750","29,344","1,450",5.24,16.83,493.79,5.10,142.80,21.93,636.59,"108,351.07"
1469,09/10/2020,CTG,"27,150","27,200","27,650","27,800","27,200","27,556",500,1.84,10.11,278.69,0.00,0.00,10.11,278.69,"102,952.14"
1470,08/10/2020,CTG,"27,000","27,200","27,150","27,400","26,800","27,064",150,0.56,6.51,176.30,0.00,0.00,6.51,176.30,"101,090.43"
1471,07/10/2020,CTG,"27,200","27,100","27,000","27,750","27,000","27,191",-200,-0.74,8.36,227.26,0.09,2.64,8.45,229.90,"100,531.92"
1472,06/10/2020,CTG,"27,500","27,600","27,200","27,650","27,200","27,415",-300,-1.09,5.91,162.00,0.30,8.25,6.21,170.25,"101,276.60"
1473,05/10/2020,CTG,"26,950","27,500","27,500","27,650","27,250","27,470",550,2.04,5.94,163.15,0.00,0.00,5.94,163.15,"102,393.63"
1474,02/10/2020,CTG,"26,600","27,100","26,950","27,400","26,300","27,033",350,1.32,13.24,357.97,0.09,2.64,13.33,360.61,"100,345.75"
1475,01/10/2020,CTG,"26,550","26,850","26,600","27,000","26,550","26,719",50,0.19,5.39,144.05,0.00,0.00,5.39,144.05,"99,042.56"
1476,30/09/2020,CTG,"26,600","26,600","26,550","26,750","26,250","26,530",-50,-0.19,4.76,126.41,0.00,0.00,4.76,126.41,"98,856.39"
1477,29/09/2020,CTG,"27,150","27,400","26,600","27,400","26,600","27,052",-550,-2.03,5.95,160.97,0.09,2.37,6.04,163.34,"99,042.56"
1478,28/09/2020,CTG,"26,200","26,400","27,150","27,450","26,400","26,969",950,3.63,12.01,324.03,3.70,100.14,15.71,424.17,"101,090.43"
1479,25/09/2020,CTG,"26,000","26,100","26,200","26,200","25,700","25,999",200,0.77,4.63,120.40,0.00,0.00,4.63,120.40,"97,553.20"
1480,24/09/2020,CTG,"26,250","26,200","26,000","26,300","25,850","26,065",-250,-0.95,3.58,93.38,0.09,2.42,3.68,95.80,"96,808.52"
1481,23/09/2020,CTG,"25,800","25,950","26,250","26,600","25,900","26,189",450,1.74,6.42,168.09,0.00,0.00,6.42,168.09,"97,739.37"
1482,22/09/2020,CTG,"25,750","25,600","25,800","25,850","25,500","25,655",50,0.19,4.24,108.75,0.00,0.00,4.24,108.75,"96,063.84"
1483,21/09/2020,CTG,"25,800","26,000","25,750","26,150","25,600","25,954",-50,-0.19,5.07,131.66,0.00,0.00,5.07,131.66,"95,877.67"
1484,18/09/2020,CTG,"25,300","25,500","25,800","25,850","25,400","25,698",500,1.98,4.21,108.27,0.37,9.37,4.58,117.63,"96,063.84"
1485,17/09/2020,CTG,"25,200","25,300","25,300","25,650","25,250","25,441",100,0.40,4.00,101.67,0.00,0.00,4.00,101.67,"94,202.14"
1486,16/09/2020,CTG,"25,400","25,450","25,200","25,450","25,150","25,292",-200,-0.79,3.97,100.42,0.00,0.00,3.97,100.42,"93,829.79"
1487,15/09/2020,CTG,"25,600","25,650","25,400","25,750","25,400","25,614",-200,-0.78,3.27,83.63,0.17,4.25,3.44,87.88,"94,574.48"
1488,14/09/2020,CTG,"25,600","26,000","25,600","26,000","25,550","25,690",0,0.00,2.82,72.52,0.00,0.00,2.82,72.52,"95,319.16"
1489,11/09/2020,CTG,"25,300","25,150","25,600","25,700","25,150","25,479",300,1.19,3.47,88.48,0.00,0.00,3.47,88.48,"95,319.16"
1490,10/09/2020,CTG,"25,300","25,400","25,300","25,650","25,300","25,469",0,0.00,2.66,67.63,0.00,0.00,2.66,67.63,"94,202.14"
1491,09/09/2020,CTG,"25,550","25,100","25,300","25,500","25,050","25,294",-250,-0.98,3.87,97.95,0.00,0.00,3.87,97.95,"94,202.14"
1492,08/09/2020,CTG,"25,000","25,250","25,550","25,550","24,800","25,118",550,2.20,5.51,138.30,0.00,0.00,5.51,138.30,"95,132.99"
1493,07/09/2020,CTG,"26,000","26,100","25,000","26,150","25,000","25,535","-1,000",-3.85,8.02,204.82,0.00,0.00,8.02,204.82,"93,085.11"
1494,04/09/2020,CTG,"25,950","25,600","26,000","26,400","25,600","25,990",50,0.19,6.58,170.98,1.45,36.42,8.03,207.40,"96,808.52"
1495,03/09/2020,CTG,"26,150","26,350","25,950","26,600","25,850","26,104",-200,-0.76,8.34,217.80,24.90,626.28,33.24,844.08,"96,622.35"
1496,01/09/2020,CTG,"25,700","25,700","26,150","26,150","25,600","25,902",450,1.75,4.77,123.65,0.10,2.57,4.87,126.22,"97,367.03"
1497,31/08/2020,CTG,"25,100","25,700","25,700","26,200","25,200","25,852",600,2.39,7.36,190.27,0.52,13.36,7.88,203.63,"95,691.50"
1498,28/08/2020,CTG,"24,750","24,900","25,100","25,400","24,800","25,065",350,1.41,9.59,240.37,25.99,649.75,35.58,890.12,"93,457.45"
1499,27/08/2020,CTG,"24,700","24,600","24,750","25,050","24,600","24,856",50,0.20,3.09,76.69,0.00,0.00,3.09,76.69,"92,154.26"
1500,26/08/2020,CTG,"24,700","24,500","24,700","25,100","24,450","24,771",0,0.00,6.80,168.35,0.80,20.00,7.60,188.35,"91,968.09"
1501,25/08/2020,CTG,"24,400","24,550","24,700","24,850","24,400","24,627",300,1.23,5.20,128.14,0.02,0.53,5.23,128.68,"91,968.09"
1502,24/08/2020,CTG,"24,300","24,700","24,400","24,800","24,400","24,620",100,0.41,4.41,108.52,2.50,62.50,6.91,171.02,"90,851.07"
1503,21/08/2020,CTG,"23,300","23,500","24,300","24,400","23,500","24,069","1,000",4.29,9.58,230.53,0.06,1.41,9.64,231.94,"90,478.73"
1504,20/08/2020,CTG,"23,300","23,400","23,300","23,550","23,250","23,404",0,0.00,4.21,98.54,0.02,0.54,4.23,99.08,"86,755.33"
1505,19/08/2020,CTG,"23,200","23,200","23,300","23,500","23,150","23,323",100,0.43,2.56,59.71,0.00,0.00,2.56,59.71,"86,755.33"
1506,18/08/2020,CTG,"23,500","23,500","23,200","23,550","23,100","23,362",-300,-1.28,2.68,62.66,0.09,2.19,2.77,64.85,"86,382.99"
1507,17/08/2020,CTG,"23,500","23,250","23,500","23,550","23,150","23,354",0,0.00,2.90,67.68,0.02,0.53,2.92,68.21,"87,500.01"
1508,14/08/2020,CTG,"23,750","23,650","23,500","23,850","23,250","23,598",-250,-1.05,5.24,123.62,0.20,4.72,5.44,128.34,"87,500.01"
1509,13/08/2020,CTG,"23,400","23,800","23,750","23,900","23,700","23,792",350,1.50,5.13,122.08,0.00,0.00,5.13,122.08,"88,430.86"
1510,12/08/2020,CTG,"23,200","23,300","23,400","23,800","23,200","23,474",200,0.86,4.36,102.39,0.02,0.53,4.38,102.92,"87,127.67"
1511,11/08/2020,CTG,"22,800","23,250","23,200","23,300","22,800","23,081",400,1.75,3.87,89.40,0.00,0.00,3.87,89.40,"86,382.99"
1512,10/08/2020,CTG,"22,750","23,100","22,800","23,400","22,800","23,143",50,0.22,4.07,94.20,0.00,0.00,4.07,94.20,"84,893.62"
1513,07/08/2020,CTG,"22,400","22,600","22,750","22,900","22,450","22,678",350,1.56,3.87,87.78,0.00,0.00,3.87,87.78,"84,707.45"
1514,06/08/2020,CTG,"22,650","22,650","22,400","22,800","22,350","22,539",-250,-1.10,2.86,64.46,0.07,1.51,2.93,65.96,"83,404.26"
1515,05/08/2020,CTG,"22,050","22,100","22,650","22,700","22,000","22,425",600,2.72,4.58,102.61,0.44,9.24,5.02,111.85,"84,335.11"
1516,04/08/2020,CTG,"21,750","22,100","22,050","22,300","21,900","22,083",300,1.38,3.12,68.81,0.00,0.00,3.12,68.81,"82,101.07"
1517,03/08/2020,CTG,"21,200","21,200","21,750","21,800","21,150","21,662",550,2.59,2.69,58.33,0.07,1.52,2.76,59.85,"80,984.05"
1518,31/07/2020,CTG,"21,350","21,000","21,200","21,500","20,900","21,225",-150,-0.70,2.93,62.16,0.00,0.00,2.93,62.16,"78,936.18"
1519,30/07/2020,CTG,"20,850","21,050","21,350","21,450","21,000","21,284",500,2.40,2.57,54.80,0.00,0.00,2.57,54.80,"79,494.69"
1520,29/07/2020,CTG,"21,700","21,200","20,850","21,300","20,400","20,832",-850,-3.92,4.71,98.09,0.00,0.00,4.71,98.09,"77,632.98"
1521,28/07/2020,CTG,"20,700","21,150","21,700","21,800","21,000","21,378","1,000",4.83,4.28,91.47,0.00,0.00,4.28,91.47,"80,797.88"
1522,27/07/2020,CTG,"22,250","21,300","20,700","21,900","20,700","21,166","-1,550",-6.97,7.54,159.50,0.10,2.10,7.64,161.60,"77,074.47"
1523,24/07/2020,CTG,"23,350","23,050","22,250","23,250","21,800","22,578","-1,100",-4.71,8.46,191.05,0.19,4.59,8.65,195.63,"82,845.75"
1524,23/07/2020,CTG,"23,350","23,500","23,350","23,500","23,000","23,216",0,0.00,2.99,69.42,0.00,0.00,2.99,69.42,"86,941.50"
1525,22/07/2020,CTG,"23,850","23,950","23,350","23,950","23,350","23,666",-500,-2.10,2.70,63.86,0.07,1.54,2.76,65.41,"86,941.50"
1526,21/07/2020,CTG,"23,800","23,900","23,850","23,950","23,450","23,653",50,0.21,2.75,64.93,0.00,0.00,2.75,64.93,"88,803.20"
1527,20/07/2020,CTG,"24,100","24,100","23,800","24,100","23,750","23,942",-300,-1.24,2.92,70.01,0.00,0.00,2.92,70.01,"88,617.03"
1528,17/07/2020,CTG,"24,100","24,000","24,100","24,300","23,800","24,082",0,0.00,3.45,83.13,0.09,2.23,3.55,85.36,"89,734.05"
1529,16/07/2020,CTG,"24,100","24,000","24,100","24,100","23,700","23,935",0,0.00,3.78,90.49,0.00,0.00,3.78,90.49,"89,734.05"
1530,15/07/2020,CTG,"24,050","24,300","24,100","24,350","24,100","24,200",50,0.21,2.64,63.82,0.00,0.00,2.64,63.82,"89,734.05"
1531,14/07/2020,CTG,"23,950","23,950","24,050","24,300","23,800","24,043",100,0.42,4.02,96.58,0.03,0.67,4.04,97.25,"89,547.88"
1532,13/07/2020,CTG,"23,800","24,000","23,950","24,600","23,950","24,230",150,0.63,6.13,148.46,0.00,0.00,6.13,148.46,"89,175.54"
1533,10/07/2020,CTG,"24,100","24,000","23,800","24,150","23,550","23,893",-300,-1.24,4.64,110.98,0.07,1.51,4.71,112.50,"88,617.03"
1534,09/07/2020,CTG,"23,650","23,700","24,100","24,200","23,550","23,894",450,1.90,6.05,144.51,0.00,0.00,6.05,144.51,"89,734.05"
1535,08/07/2020,CTG,"23,450","23,450","23,650","24,000","23,300","23,716",200,0.85,5.30,125.80,0.00,0.00,5.30,125.80,"88,058.52"
1536,07/07/2020,CTG,"23,050","23,300","23,450","23,700","23,200","23,470",400,1.74,6.66,156.22,0.07,1.53,6.72,157.75,"87,313.84"
1537,06/07/2020,CTG,"22,300","22,600","23,050","23,300","22,450","22,994",750,3.36,4.85,111.50,0.02,0.42,4.87,111.92,"85,824.48"
1538,03/07/2020,CTG,"22,300","22,350","22,300","22,450","22,300","22,362",0,0.00,2.15,48.08,0.00,0.00,2.15,48.08,"83,031.92"
1539,02/07/2020,CTG,"22,300","22,400","22,300","22,500","22,100","22,272",0,0.00,1.74,38.83,0.36,8.14,2.10,46.96,"83,031.92"
1540,01/07/2020,CTG,"21,550","21,650","22,300","22,300","21,550","21,908",750,3.48,2.10,46.10,0.09,2.07,2.20,48.18,"83,031.92"
1541,30/06/2020,CTG,"21,900","22,250","21,550","22,400","21,400","21,849",-350,-1.60,2.81,61.45,0.00,0.00,2.81,61.45,"80,239.37"
1542,29/06/2020,CTG,"22,550","22,400","21,900","22,550","21,650","22,094",-650,-2.88,4.60,101.70,0.00,0.00,4.60,101.70,"81,542.56"
1543,26/06/2020,CTG,"22,700","23,000","22,550","23,050","22,400","22,719",-150,-0.66,2.34,53.10,0.07,1.66,2.41,54.76,"83,962.77"
1544,25/06/2020,CTG,"22,800","22,500","22,700","22,850","22,400","22,631",-100,-0.44,2.55,57.71,0.00,0.00,2.55,57.71,"84,521.28"
1545,24/06/2020,CTG,"23,250","23,400","22,800","23,550","22,700","23,101",-450,-1.94,3.06,70.58,0.00,0.00,3.06,70.58,"84,893.62"
1546,23/06/2020,CTG,"23,450","23,400","23,250","23,550","23,050","23,394",-200,-0.85,2.90,67.77,0.00,0.00,2.90,67.77,"86,569.16"
1547,22/06/2020,CTG,"23,350","23,300","23,450","23,700","23,250","23,488",100,0.43,2.99,70.15,0.00,0.00,2.99,70.15,"87,313.84"
1548,19/06/2020,CTG,"22,900","23,150","23,350","23,400","22,950","23,165",450,1.97,2.87,66.37,0.09,2.12,2.96,68.49,"86,941.50"
1549,18/06/2020,CTG,"23,000","22,700","22,900","23,200","22,700","22,963",-100,-0.43,1.95,44.87,0.00,0.00,1.95,44.87,"85,265.96"
1550,17/06/2020,CTG,"23,250","23,000","23,000","23,250","22,900","23,065",-250,-1.08,2.47,56.95,0.00,0.00,2.47,56.95,"85,638.30"
1551,16/06/2020,CTG,"22,300","23,000","23,250","23,250","22,700","22,965",950,4.26,4.03,92.65,0.09,2.14,4.13,94.79,"86,569.16"
1552,15/06/2020,CTG,"23,300","23,200","22,300","23,500","22,100","22,813","-1,000",-4.29,7.93,180.89,0.00,0.00,7.93,180.89,"83,031.92"
1553,12/06/2020,CTG,"22,950","22,100","23,300","23,300","22,100","22,687",350,1.53,7.09,160.95,0.00,0.00,7.09,160.95,"86,755.33"
1554,11/06/2020,CTG,"24,650","24,700","22,950","24,800","22,950","23,971","-1,700",-6.90,9.26,221.92,0.00,0.00,9.26,221.92,"85,452.13"
1555,10/06/2020,CTG,"24,200","24,200","24,650","25,000","24,100","24,595",450,1.86,8.25,202.87,0.00,0.00,8.25,202.87,"91,781.92"
1556,09/06/2020,CTG,"24,900","25,000","24,200","25,000","24,200","24,488",-700,-2.81,6.70,164.13,0.00,0.00,6.70,164.13,"90,106.39"
1557,08/06/2020,CTG,"24,450","24,850","24,900","25,200","24,600","24,891",450,1.84,7.06,175.72,0.00,0.00,7.06,175.72,"92,712.77"
1558,05/06/2020,CTG,"24,650","24,500","24,450","24,700","24,200","24,502",-200,-0.81,5.42,132.91,0.10,2.61,5.53,135.52,"91,037.24"
1559,04/06/2020,CTG,"24,000","24,200","24,650","24,900","24,100","24,638",650,2.71,8.95,220.41,0.00,0.00,8.95,220.41,"91,781.92"
1560,03/06/2020,CTG,"23,450","23,600","24,000","24,050","23,550","23,870",550,2.35,6.90,164.75,0.00,0.00,6.90,164.75,"89,361.71"
1561,02/06/2020,CTG,"23,500","23,800","23,450","24,300","23,400","23,775",-50,-0.21,9.59,227.97,0.30,7.30,9.89,235.27,"87,313.84"
1562,01/06/2020,CTG,"22,500","22,800","23,500","23,500","22,700","23,184","1,000",4.44,7.12,165.08,0.00,0.00,7.12,165.08,"87,500.01"
1563,29/05/2020,CTG,"22,550","22,450","22,500","22,700","22,450","22,559",-50,-0.22,3.56,80.35,0.00,0.00,3.56,80.35,"83,776.60"
1564,28/05/2020,CTG,"22,400","22,550","22,550","22,950","22,350","22,621",150,0.67,5.94,134.28,0.08,1.85,6.02,136.13,"83,962.77"
1565,27/05/2020,CTG,"23,150","23,300","22,400","23,450","22,400","22,922",-750,-3.24,8.42,193.03,0.00,0.00,8.42,193.03,"83,404.26"
1566,26/05/2020,CTG,"23,050","23,050","23,150","23,300","22,850","23,112",100,0.43,6.28,145.22,0.30,6.44,6.58,151.65,"86,196.82"
1567,25/05/2020,CTG,"22,800","22,900","23,050","23,350","22,700","23,049",250,1.10,6.73,155.15,0.07,1.49,6.80,156.64,"85,824.48"
1568,22/05/2020,CTG,"22,950","22,800","22,800","23,600","22,650","23,117",-150,-0.65,7.64,176.57,0.44,10.14,8.08,186.71,"84,893.62"
1569,21/05/2020,CTG,"22,300","22,350","22,950","23,250","22,300","22,753",650,2.91,10.62,241.55,0.00,0.00,10.62,241.55,"85,452.13"
1570,20/05/2020,CTG,"22,300","22,000","22,300","22,300","21,900","22,206",0,0.00,5.34,118.65,0.19,4.12,5.54,122.76,"83,031.92"
1571,19/05/2020,CTG,"21,350","22,000","22,300","22,450","21,800","22,110",950,4.45,11.02,243.72,0.05,1.08,11.07,244.80,"83,031.92"
1572,18/05/2020,CTG,"20,900","20,950","21,350","21,350","20,700","21,061",450,2.15,5.20,109.61,0.00,0.00,5.20,109.61,"79,494.69"
1573,15/05/2020,CTG,"21,350","21,550","20,900","21,600","20,850","21,138",-450,-2.11,7.30,154.37,0.10,2.10,7.40,156.47,"77,819.16"
1574,14/05/2020,CTG,"21,650","21,400","21,350","21,750","21,350","21,478",-300,-1.39,5.83,125.19,0.00,0.00,5.83,125.19,"79,494.69"
1575,13/05/2020,CTG,"21,650","21,400","21,650","21,950","21,150","21,592",0,0.00,6.96,150.26,0.00,0.00,6.96,150.26,"80,611.71"
1576,12/05/2020,CTG,"21,250","21,150","21,650","21,800","20,850","21,283",400,1.88,6.58,139.97,0.10,2.16,6.68,142.13,"80,611.71"
1577,11/05/2020,CTG,"20,900","21,250","21,250","21,550","20,900","21,264",350,1.67,7.65,162.75,0.00,0.00,7.65,162.75,"79,122.35"
1578,08/05/2020,CTG,"20,400","20,700","20,900","21,650","20,600","21,126",500,2.45,12.67,267.59,0.36,7.60,13.03,275.19,"77,819.16"
1579,07/05/2020,CTG,"20,200","20,200","20,400","20,650","20,100","20,395",200,0.99,7.52,153.45,0.25,5.08,7.77,158.53,"75,957.45"
1580,06/05/2020,CTG,"19,850","19,950","20,200","20,300","19,550","19,956",350,1.76,6.89,137.51,0.73,14.77,7.62,152.28,"75,212.77"
1581,05/05/2020,CTG,"20,050","20,050","19,850","20,150","19,650","19,853",-200,-1.00,2.98,59.09,0.00,0.00,2.98,59.09,"73,909.58"
1582,04/05/2020,CTG,"20,000","19,750","20,050","20,450","19,550","20,092",50,0.25,7.53,151.23,0.24,4.64,7.77,155.87,"74,654.26"
1583,29/04/2020,CTG,"19,050","20,000","20,000","20,000","19,100","19,680",950,4.99,9.34,183.75,0.00,0.00,9.34,183.75,"74,468.09"
1584,28/04/2020,CTG,"18,850","18,850","19,050","19,300","18,700","19,002",200,1.06,3.94,74.92,0.30,5.75,4.24,80.67,"70,930.86"
1585,27/04/2020,CTG,"19,200","19,400","18,850","19,400","18,850","19,031",-350,-1.82,4.31,81.94,0.07,1.34,4.37,83.28,"70,186.18"
1586,24/04/2020,CTG,"19,200","19,200","19,200","19,300","19,000","19,113",0,0.00,2.87,54.88,0.00,0.00,2.87,54.88,"71,489.37"
1587,23/04/2020,CTG,"19,250","19,500","19,200","19,700","19,200","19,366",-50,-0.26,2.95,57.13,0.00,0.00,2.95,57.13,"71,489.37"
1588,22/04/2020,CTG,"18,800","18,400","19,250","19,700","18,400","19,088",450,2.39,6.36,121.48,0.09,1.87,6.46,123.34,"71,675.54"
1589,21/04/2020,CTG,"19,850","19,650","18,800","19,750","18,750","19,195","-1,050",-5.29,9.30,178.51,0.00,0.00,9.30,178.51,"70,000.01"
1590,20/04/2020,CTG,"20,100","20,300","19,850","20,450","19,850","20,095",-250,-1.24,6.29,126.43,0.00,0.00,6.29,126.43,"73,909.58"
1591,17/04/2020,CTG,"19,800","20,500","20,100","20,500","20,000","20,245",300,1.52,8.58,173.68,0.09,1.91,8.67,175.59,"74,840.43"
1592,16/04/2020,CTG,"19,850","19,600","19,800","19,900","19,400","19,675",-50,-0.25,3.71,73.00,0.00,0.00,3.71,73.00,"73,723.41"
1593,15/04/2020,CTG,"19,200","19,200","19,850","19,950","19,200","19,708",650,3.39,6.76,133.19,0.00,0.00,6.76,133.19,"73,909.58"
1594,14/04/2020,CTG,"19,600","19,550","19,200","19,750","18,800","19,254",-400,-2.04,7.39,142.29,0.09,1.95,7.48,144.23,"71,489.37"
1595,13/04/2020,CTG,"19,450","19,400","19,600","20,000","19,250","19,618",150,0.77,4.18,82.07,0.00,0.00,4.18,82.07,"72,978.73"
1596,10/04/2020,CTG,"19,800","19,800","19,450","20,100","19,300","19,662",-350,-1.77,5.70,112.09,0.00,0.00,5.70,112.09,"72,420.22"
1597,09/04/2020,CTG,"19,700","20,000","19,800","20,350","19,800","20,063",100,0.51,7.27,145.76,0.09,1.91,7.36,147.67,"73,723.41"
1598,08/04/2020,CTG,"19,850","19,300","19,700","20,000","19,100","19,525",-150,-0.76,4.64,90.54,0.00,0.00,4.64,90.54,"73,351.07"
1599,07/04/2020,CTG,"20,100","20,200","19,850","20,250","19,600","19,926",-250,-1.24,7.26,144.58,0.13,2.51,7.38,147.09,"73,909.58"
1600,06/04/2020,CTG,"18,800","19,300","20,100","20,100","19,000","19,772","1,300",6.91,10.56,208.73,0.25,4.38,10.81,213.11,"74,840.43"
1601,03/04/2020,CTG,"18,300","18,600","18,800","19,000","18,500","18,749",500,2.73,4.63,86.73,0.42,7.88,5.05,94.61,"70,000.01"
1602,01/04/2020,CTG,"17,200","17,000","18,300","18,350","17,000","18,023","1,100",6.40,5.51,99.39,0.00,0.00,5.51,99.39,"68,138.30"
1603,31/03/2020,CTG,"17,700","18,000","17,200","18,500","16,600","17,594",-500,-2.82,6.10,107.37,0.00,0.00,6.10,107.37,"64,042.56"
1604,30/03/2020,CTG,"19,000","17,850","17,700","18,000","17,700","17,755","-1,300",-6.84,7.33,130.16,0.00,0.00,7.33,130.16,"65,904.26"
1605,27/03/2020,CTG,"18,800","19,050","19,000","19,100","18,700","18,950",200,1.06,6.26,118.65,0.00,0.00,6.26,118.65,"70,744.69"
1606,26/03/2020,CTG,"19,550","19,050","18,800","19,600","18,800","19,113",-750,-3.84,5.12,97.89,0.05,1.04,5.17,98.93,"70,000.01"
1607,25/03/2020,CTG,"18,300","19,000","19,550","19,550","18,800","19,226","1,250",6.83,7.04,135.37,0.00,0.00,7.04,135.37,"72,792.56"
1608,24/03/2020,CTG,"18,450","18,450","18,300","18,700","17,650","18,334",-150,-0.81,6.36,116.63,0.02,0.39,6.38,117.02,"68,138.30"
1609,23/03/2020,CTG,"19,800","18,800","18,450","19,000","18,450","18,495","-1,350",-6.82,6.45,119.27,0.02,0.42,6.47,119.69,"68,696.81"
1610,20/03/2020,CTG,"20,100","20,400","19,800","20,500","19,650","20,025",-300,-1.49,6.43,128.70,0.00,0.00,6.43,128.70,"73,723.41"
1611,19/03/2020,CTG,"20,950","20,500","20,100","20,600","19,850","20,211",-850,-4.06,4.72,95.48,0.02,0.45,4.74,95.93,"74,840.43"
1612,18/03/2020,CTG,"21,000","21,300","20,950","21,550","20,950","21,217",-50,-0.24,6.42,136.31,0.02,0.45,6.44,136.75,"78,005.33"
1613,17/03/2020,CTG,"20,500","20,000","21,000","21,200","19,400","20,084",500,2.44,7.95,159.59,0.04,0.79,7.98,160.38,"78,191.50"
1614,16/03/2020,CTG,"21,950","21,950","20,500","22,050","20,500","21,074","-1,450",-6.61,7.51,158.19,0.00,0.00,7.51,158.19,"76,329.79"
1615,13/03/2020,CTG,"21,800","20,500","21,950","22,400","20,300","21,084",150,0.69,10.54,222.24,0.00,0.00,10.54,222.24,"81,728.73"
1616,12/03/2020,CTG,"23,200","22,000","21,800","22,400","21,600","21,816","-1,400",-6.03,11.31,246.83,0.04,0.80,11.35,247.63,"81,170.22"
1617,11/03/2020,CTG,"24,500","24,800","23,200","25,000","22,850","23,681","-1,300",-5.31,8.52,201.82,0.36,8.57,8.88,210.39,"86,382.99"
1618,10/03/2020,CTG,"24,000","24,000","24,500","25,050","23,150","24,140",500,2.08,11.07,267.26,0.12,2.85,11.19,270.11,"91,223.41"
1619,09/03/2020,CTG,"25,800","24,100","24,000","24,700","24,000","24,156","-1,800",-6.98,10.77,260.25,0.07,1.68,10.84,261.93,"89,361.71"
1620,06/03/2020,CTG,"26,150","25,800","25,800","26,050","25,450","25,774",-350,-1.34,5.35,137.98,0.06,1.56,5.41,139.54,"96,063.84"
1621,05/03/2020,CTG,"26,450","26,800","26,150","26,850","26,150","26,603",-300,-1.13,6.00,159.55,0.53,13.97,6.52,173.52,"97,367.03"
1622,04/03/2020,CTG,"26,450","26,300","26,450","26,450","26,000","26,264",0,0.00,4.59,120.49,0.00,0.00,4.59,120.49,"98,484.05"
1623,03/03/2020,CTG,"25,500","26,200","26,450","26,950","25,950","26,455",950,3.73,9.51,251.70,0.07,1.75,9.58,253.45,"98,484.05"
1624,02/03/2020,CTG,"25,750","25,950","25,500","26,050","25,400","25,689",-250,-0.97,4.87,125.21,0.02,0.52,4.89,125.73,"94,946.82"
1625,28/02/2020,CTG,"26,200","25,500","25,750","26,050","25,000","25,472",-450,-1.72,7.89,201.03,0.10,2.83,8.00,203.87,"95,877.67"
1626,27/02/2020,CTG,"25,800","25,750","26,200","26,200","25,600","25,916",400,1.55,5.52,143.18,0.57,14.73,6.09,157.91,"97,553.20"
1627,26/02/2020,CTG,"26,100","25,550","25,800","26,200","25,400","25,862",-300,-1.15,6.23,161.10,0.25,6.42,6.48,167.51,"96,063.84"
1628,25/02/2020,CTG,"24,400","24,400","26,100","26,100","24,350","25,087","1,700",6.97,9.76,244.95,0.00,0.00,9.76,244.95,"97,180.86"
1629,24/02/2020,CTG,"25,850","25,100","24,400","25,400","24,350","24,845","-1,450",-5.61,12.32,306.02,0.40,11.00,12.72,317.02,"90,851.07"
1630,21/02/2020,CTG,"26,900","26,800","25,850","26,900","25,650","26,272","-1,050",-3.90,12.05,316.57,0.03,0.66,12.07,317.23,"96,250.01"
1631,20/02/2020,CTG,"27,000","27,350","26,900","27,700","26,650","27,142",-100,-0.37,9.01,244.58,0.00,0.00,9.01,244.58,"100,159.58"
1632,19/02/2020,CTG,"26,700","26,800","27,000","27,200","26,800","27,003",300,1.12,5.90,159.19,0.91,23.75,6.81,182.94,"100,531.92"
1633,18/02/2020,CTG,"26,550","26,700","26,700","27,250","26,600","26,924",150,0.56,7.23,194.71,0.02,0.54,7.25,195.24,"99,414.90"
1634,17/02/2020,CTG,"26,800","26,900","26,550","27,050","26,400","26,717",-250,-0.93,5.82,155.44,0.00,0.00,5.82,155.44,"98,856.39"
1635,14/02/2020,CTG,"27,250","27,350","26,800","27,350","26,700","26,949",-450,-1.65,6.11,164.62,0.06,1.64,6.17,166.26,"99,787.24"
1636,13/02/2020,CTG,"27,200","27,350","27,250","27,600","26,500","27,071",50,0.18,9.49,256.79,0.02,0.54,9.51,257.33,"101,462.77"
1637,12/02/2020,CTG,"27,750","28,450","27,200","28,450","27,200","28,043",-550,-1.98,10.39,291.40,0.05,1.43,10.45,292.82,"101,276.60"
1638,11/02/2020,CTG,"26,600","26,900","27,750","27,750","26,850","27,156","1,150",4.32,6.76,183.64,0.29,7.79,7.05,191.43,"103,324.48"
1639,10/02/2020,CTG,"26,900","26,250","26,600","27,300","26,200","26,819",-300,-1.12,6.29,168.62,0.00,0.00,6.29,168.62,"99,042.56"
1640,07/02/2020,CTG,"27,750","27,500","26,900","27,650","26,650","27,151",-850,-3.06,8.96,243.28,0.00,0.00,8.96,243.28,"100,159.58"
1641,06/02/2020,CTG,"26,550","26,700","27,750","28,100","26,350","27,304","1,200",4.52,10.57,288.51,0.00,0.00,10.57,288.51,"103,324.48"
1642,05/02/2020,CTG,"26,900","27,400","26,550","27,800","26,550","27,242",-350,-1.30,11.73,319.61,0.07,1.79,11.80,321.39,"98,856.39"
1643,04/02/2020,CTG,"25,150","25,400","26,900","26,900","25,350","26,224","1,750",6.96,14.85,389.50,0.02,0.56,14.88,390.06,"100,159.58"
1644,03/02/2020,CTG,"24,400","23,500","25,150","25,200","23,250","24,538",750,3.07,13.87,340.33,0.15,3.69,14.02,344.02,"93,643.62"
1645,31/01/2020,CTG,"24,350","24,600","24,400","25,250","24,400","24,815",50,0.21,11.82,293.21,0.37,9.13,12.19,302.34,"90,851.07"
1646,30/01/2020,CTG,"25,600","24,900","24,350","25,350","24,000","24,730","-1,250",-4.88,11.32,279.92,0.23,5.74,11.55,285.66,"90,664.90"
1647,22/01/2020,CTG,"25,300","25,300","25,600","25,750","25,050","25,556",300,1.19,4.75,121.32,0.00,0.00,4.75,121.32,"95,319.16"
1648,21/01/2020,CTG,"25,100","25,200","25,300","25,800","25,100","25,425",200,0.80,6.06,154.16,0.17,4.21,6.23,158.37,"94,202.14"
1649,20/01/2020,CTG,"24,950","24,900","25,100","25,300","24,750","25,029",150,0.60,4.74,118.58,0.02,0.47,4.76,119.05,"93,457.45"
1650,17/01/2020,CTG,"24,900","25,200","24,950","25,400","24,600","24,989",50,0.20,6.41,160.25,1.31,30.39,7.72,190.64,"92,898.94"
1651,16/01/2020,CTG,"23,600","23,700","24,900","24,950","23,650","24,542","1,300",5.51,8.00,196.40,0.07,1.70,8.07,198.10,"92,712.77"
1652,15/01/2020,CTG,"23,500","23,500","23,600","23,700","23,250","23,512",100,0.43,4.36,102.63,0.02,0.48,4.38,103.10,"87,872.35"
1653,14/01/2020,CTG,"23,200","23,250","23,500","23,800","23,200","23,515",300,1.29,7.04,165.56,14.21,307.94,21.25,473.50,"87,500.01"
1654,13/01/2020,CTG,"23,550","23,300","23,200","24,000","23,200","23,519",-350,-1.49,5.32,125.06,0.03,0.68,5.35,125.74,"86,382.99"
1655,10/01/2020,CTG,"22,450","22,500","23,550","24,000","22,500","23,180","1,100",4.90,14.70,340.79,0.54,12.46,15.24,353.25,"87,686.18"
1656,09/01/2020,CTG,"21,650","21,850","22,450","22,600","21,850","22,245",800,3.70,8.59,191.14,0.80,17.79,9.39,208.93,"83,590.43"
1657,08/01/2020,CTG,"21,700","21,550","21,650","22,150","21,300","21,813",-50,-0.23,9.86,215.17,55.71,"1,142.09",65.58,"1,357.27","80,611.71"
1658,07/01/2020,CTG,"21,350","21,600","21,700","21,850","21,450","21,675",350,1.64,4.16,90.25,0.09,2.05,4.26,92.29,"80,797.88"
1659,06/01/2020,CTG,"21,300","21,200","21,350","21,700","21,100","21,405",50,0.23,3.17,67.93,0.00,0.00,3.17,67.93,"79,494.69"
1660,03/01/2020,CTG,"21,500","21,750","21,300","21,850","21,250","21,517",-200,-0.93,3.63,78.04,0.00,0.00,3.63,78.04,"79,308.52"
1661,02/01/2020,CTG,"20,900","20,900","21,500","21,750","20,850","21,413",600,2.87,4.35,93.09,0.00,0.00,4.35,93.09,"80,053.20"
1662,31/12/2019,CTG,"21,050","21,150","20,900","21,200","20,850","20,977",-150,-0.71,1.74,36.56,0.00,0.00,1.74,36.56,"77,819.16"
1663,30/12/2019,CTG,"20,650","20,700","21,050","21,100","20,650","20,939",400,1.94,4.62,96.84,0.22,4.68,4.84,101.52,"78,377.67"
1664,27/12/2019,CTG,"20,600","20,650","20,650","20,650","20,350","20,504",50,0.24,1.59,32.58,0.00,0.00,1.59,32.58,"76,888.30"
1665,26/12/2019,CTG,"20,600","20,600","20,600","20,700","20,450","20,591",0,0.00,2.08,42.74,0.05,1.01,2.12,43.75,"76,702.13"
1666,25/12/2019,CTG,"20,600","20,500","20,600","20,800","20,500","20,642",0,0.00,1.38,28.51,0.04,0.88,1.43,29.39,"76,702.13"
1667,24/12/2019,CTG,"20,550","20,650","20,600","20,650","20,400","20,551",50,0.24,1.25,25.78,0.00,0.00,1.25,25.78,"76,702.13"
1668,23/12/2019,CTG,"20,350","20,400","20,550","20,800","20,400","20,671",200,0.98,3.31,68.39,0.04,0.86,3.35,69.26,"76,515.96"
1669,20/12/2019,CTG,"20,150","20,150","20,350","20,450","20,100","20,255",200,0.99,1.07,21.63,0.06,1.26,1.13,22.90,"75,771.28"
1670,19/12/2019,CTG,"20,150","20,200","20,150","20,300","20,000","20,170",0,0.00,1.34,27.01,0.09,1.69,1.43,28.70,"75,026.60"
1671,18/12/2019,CTG,"20,250","20,200","20,150","20,400","20,150","20,283",-100,-0.49,1.75,35.43,0.11,2.38,1.86,37.81,"75,026.60"
1672,17/12/2019,CTG,"20,300","20,350","20,250","20,550","20,250","20,344",-50,-0.25,1.69,34.37,0.00,0.00,1.69,34.37,"75,398.94"
1673,16/12/2019,CTG,"20,600","20,600","20,300","20,600","20,300","20,415",-300,-1.46,1.44,29.35,0.05,1.00,1.49,30.34,"75,585.11"
1674,13/12/2019,CTG,"20,150","20,250","20,600","20,700","20,250","20,506",450,2.23,3.96,81.26,0.00,0.00,3.96,81.26,"76,702.13"
1675,12/12/2019,CTG,"19,850","19,900","20,150","20,250","19,900","20,112",300,1.51,1.91,38.40,0.00,0.00,1.91,38.40,"75,026.60"
1676,11/12/2019,CTG,"20,050","20,050","19,850","20,150","19,700","19,813",-200,-1.00,2.57,50.93,0.05,1.00,2.62,51.93,"73,909.58"
1677,10/12/2019,CTG,"20,150","20,200","20,050","20,200","19,950","20,041",-100,-0.50,2.29,45.96,0.04,0.87,2.34,46.83,"74,654.26"
1678,09/12/2019,CTG,"20,300","20,200","20,150","20,350","20,150","20,256",-150,-0.74,2.20,44.53,0.11,2.35,2.31,46.89,"75,026.60"
1679,06/12/2019,CTG,"20,100","20,050","20,300","20,350","20,050","20,224",200,1.00,1.85,37.32,0.00,0.00,1.85,37.32,"75,585.11"
1680,05/12/2019,CTG,"20,450","20,500","20,100","20,500","20,100","20,322",-350,-1.71,1.38,28.11,0.04,0.88,1.43,28.99,"74,840.43"
1681,04/12/2019,CTG,"19,600","19,700","20,450","20,500","19,550","19,993",850,4.34,3.73,74.53,0.17,3.53,3.90,78.06,"76,143.62"
1682,03/12/2019,CTG,"19,800","19,500","19,600","20,000","19,500","19,743",-200,-1.01,3.75,73.98,0.00,0.00,3.75,73.98,"72,978.73"
1683,02/12/2019,CTG,"20,450","20,400","19,800","20,450","19,800","20,043",-650,-3.18,3.94,78.96,0.08,1.76,4.02,80.72,"73,723.41"
1684,29/11/2019,CTG,"20,450","20,500","20,450","20,550","20,250","20,378",0,0.00,3.16,64.35,0.35,7.57,3.51,71.91,"76,143.62"
1685,28/11/2019,CTG,"21,050","21,050","20,450","21,050","20,450","20,718",-600,-2.85,3.64,75.37,0.12,2.60,3.76,77.96,"76,143.62"
1686,27/11/2019,CTG,"21,200","21,200","21,050","21,300","21,050","21,151",-150,-0.71,1.67,35.33,0.04,0.91,1.71,36.24,"78,377.67"
1687,26/11/2019,CTG,"21,150","21,250","21,200","21,250","21,050","21,182",50,0.24,2.13,45.03,0.00,0.00,2.13,45.03,"78,936.18"
1688,25/11/2019,CTG,"21,100","21,200","21,150","21,200","20,900","21,071",50,0.24,2.23,46.95,0.00,0.00,2.23,46.95,"78,750.01"
1689,22/11/2019,CTG,"21,300","21,400","21,100","21,450","20,800","21,170",-200,-0.94,4.06,85.95,0.07,1.54,4.13,87.49,"78,563.84"
1690,21/11/2019,CTG,"21,300","21,300","21,300","21,500","21,150","21,284",0,0.00,4.75,101.10,0.00,0.00,4.75,101.10,"79,308.52"
1691,20/11/2019,CTG,"21,500","21,500","21,300","21,550","21,300","21,403",-200,-0.93,2.91,62.39,0.00,0.00,2.91,62.39,"79,308.52"
1692,19/11/2019,CTG,"21,400","21,450","21,500","21,600","21,400","21,489",100,0.47,3.70,79.55,0.07,1.56,3.77,81.11,"80,053.20"
1693,18/11/2019,CTG,"21,700","21,650","21,400","21,650","21,400","21,503",-300,-1.38,5.83,125.37,0.08,1.72,5.91,127.09,"79,680.86"
1694,15/11/2019,CTG,"21,600","21,600","21,700","21,900","21,500","21,747",100,0.46,2.52,54.69,0.00,0.00,2.52,54.69,"80,797.88"
1695,14/11/2019,CTG,"21,850","21,800","21,600","21,800","21,600","21,690",-250,-1.14,2.28,49.48,0.00,0.00,2.28,49.48,"80,425.54"
1696,13/11/2019,CTG,"22,000","22,050","21,850","22,450","21,600","21,990",-150,-0.68,8.80,193.53,57.39,"1,233.93",66.19,"1,427.46","81,356.39"
1697,12/11/2019,CTG,"21,950","21,950","22,000","22,150","21,900","21,980",50,0.23,2.75,60.36,0.09,2.05,2.84,62.41,"81,914.90"
1698,11/11/2019,CTG,"22,300","22,350","21,950","22,550","21,950","22,170",-350,-1.57,3.88,85.97,0.00,0.00,3.88,85.97,"81,728.73"
1699,08/11/2019,CTG,"22,250","22,400","22,300","22,500","22,250","22,360",50,0.22,2.18,48.65,0.00,0.00,2.18,48.65,"83,031.92"
1700,07/11/2019,CTG,"22,300","22,300","22,250","22,400","22,150","22,270",-50,-0.22,2.96,65.92,0.13,2.92,3.09,68.84,"82,845.75"
1701,06/11/2019,CTG,"22,400","22,400","22,300","22,600","22,300","22,450",-100,-0.45,3.25,73.02,0.22,5.21,3.47,78.23,"83,031.92"
1702,05/11/2019,CTG,"22,450","22,500","22,400","22,550","22,400","22,460",-50,-0.22,2.66,59.72,0.00,0.00,2.66,59.72,"83,404.26"
1703,04/11/2019,CTG,"22,300","22,400","22,450","22,750","22,350","22,570",150,0.67,5.85,131.96,0.00,0.00,5.85,131.96,"83,590.43"
1704,01/11/2019,CTG,"22,000","21,900","22,300","22,300","21,850","22,100",300,1.36,4.25,93.92,0.28,6.45,4.53,100.37,"83,031.92"
1705,31/10/2019,CTG,"22,150","22,300","22,000","22,400","22,000","22,177",-150,-0.68,2.39,52.98,0.29,6.62,2.68,59.60,"81,914.90"
1706,30/10/2019,CTG,"22,050","22,000","22,150","22,350","22,000","22,177",100,0.45,3.03,67.17,1.10,25.81,4.13,92.99,"82,473.41"
1707,29/10/2019,CTG,"22,000","22,100","22,050","22,450","22,000","22,228",50,0.23,3.26,72.55,0.00,0.00,3.26,72.55,"82,101.07"
1708,28/10/2019,CTG,"22,000","22,100","22,000","22,350","22,000","22,169",0,0.00,3.02,67.03,0.09,2.05,3.12,69.08,"81,914.90"
1709,25/10/2019,CTG,"21,500","21,500","22,000","22,000","21,400","21,810",500,2.33,4.36,95.17,0.00,0.00,4.36,95.17,"81,914.90"
1710,24/10/2019,CTG,"21,450","21,500","21,500","21,600","21,400","21,503",50,0.23,1.58,33.97,0.00,0.00,1.58,33.97,"80,053.20"
1711,23/10/2019,CTG,"21,600","21,600","21,450","21,800","21,350","21,565",-150,-0.69,1.94,41.84,1.78,40.90,3.72,82.74,"79,867.03"
1712,22/10/2019,CTG,"21,250","21,250","21,600","21,600","21,250","21,425",350,1.65,1.93,41.25,0.77,17.45,2.70,58.70,"80,425.54"
1713,21/10/2019,CTG,"21,600","21,500","21,250","21,600","21,250","21,390",-350,-1.62,3.51,75.10,0.00,0.00,3.51,75.10,"79,122.35"
1714,18/10/2019,CTG,"21,900","21,900","21,600","21,950","21,500","21,690",-300,-1.37,2.94,63.72,0.29,6.56,3.23,70.28,"80,425.54"
1715,17/10/2019,CTG,"21,900","21,850","21,900","22,000","21,800","21,910",0,0.00,3.32,72.80,0.00,0.00,3.32,72.80,"81,542.56"
1716,16/10/2019,CTG,"21,700","21,850","21,900","22,100","21,800","21,960",200,0.92,4.12,90.54,0.20,4.47,4.32,95.01,"81,542.56"
1717,15/10/2019,CTG,"21,700","21,700","21,700","21,800","21,600","21,690",0,0.00,2.49,54.00,0.39,8.74,2.88,62.74,"80,797.88"
1718,14/10/2019,CTG,"21,150","21,450","21,700","21,950","21,350","21,620",550,2.60,7.10,153.53,0.20,4.32,7.30,157.85,"80,797.88"
1719,11/10/2019,CTG,"21,150","21,150","21,150","21,350","21,150","21,220",0,0.00,1.56,33.14,0.00,0.00,1.56,33.14,"78,750.01"
1720,10/10/2019,CTG,"21,300","21,300","21,150","21,400","21,150","21,280",-150,-0.70,2.29,48.65,0.13,2.84,2.42,51.49,"78,750.01"
1721,09/10/2019,CTG,"20,750","20,800","21,300","21,450","20,800","21,240",550,2.65,6.13,130.24,0.00,0.00,6.13,130.24,"79,308.52"
1722,08/10/2019,CTG,"20,550","20,600","20,750","20,800","20,500","20,620",200,0.97,1.15,23.63,0.00,0.00,1.15,23.63,"77,260.64"
1723,07/10/2019,CTG,"20,600","20,650","20,550","20,750","20,550","20,630",-50,-0.24,1.89,39.05,0.00,0.00,1.89,39.05,"76,515.96"
1724,04/10/2019,CTG,"21,000","21,050","20,600","21,050","20,600","20,820",-400,-1.90,2.19,45.56,0.00,0.00,2.19,45.56,"76,702.13"
1725,03/10/2019,CTG,"21,000","20,850","21,000","21,000","20,750","20,840",0,0.00,2.03,42.31,0.09,1.96,2.12,44.27,"78,191.50"
1726,02/10/2019,CTG,"21,300","21,250","21,000","21,400","20,950","21,200",-300,-1.41,2.31,48.98,0.00,0.00,2.31,48.98,"78,191.50"
1727,01/10/2019,CTG,"21,150","21,300","21,300","21,300","21,050","21,190",150,0.71,2.51,53.10,0.55,12.43,3.06,65.53,"79,308.52"
1728,30/09/2019,CTG,"21,150","21,250","21,150","21,450","21,100","21,320",0,0.00,3.54,75.54,0.09,1.98,3.64,77.52,"78,750.01"
1729,27/09/2019,CTG,"21,150","21,150","21,150","21,300","21,150","21,210",0,0.00,2.40,51.00,0.00,0.00,2.40,51.00,"78,750.01"
1730,26/09/2019,CTG,"20,800","20,900","21,150","21,150","20,900","20,990",350,1.68,2.31,48.48,0.00,0.00,2.31,48.48,"78,750.01"
1731,25/09/2019,CTG,"20,750","20,700","20,800","20,900","20,650","20,770",50,0.24,1.67,34.73,0.00,0.00,1.67,34.73,"77,446.81"
1732,24/09/2019,CTG,"21,000","21,000","20,750","21,100","20,750","20,940",-250,-1.19,3.49,73.16,0.00,0.00,3.49,73.16,"77,260.64"
1733,23/09/2019,CTG,"21,100","21,100","21,000","21,250","21,000","21,090",-100,-0.47,2.36,49.69,0.00,0.00,2.36,49.69,"78,191.50"
1734,20/09/2019,CTG,"21,250","21,250","21,100","21,300","21,050","21,170",-150,-0.71,1.83,38.73,0.50,11.35,2.33,50.08,"78,563.84"
1735,19/09/2019,CTG,"20,800","20,850","21,250","21,300","20,850","21,130",450,2.16,4.70,99.29,0.09,1.91,4.79,101.20,"79,122.35"
1736,18/09/2019,CTG,"20,750","20,700","20,800","21,100","20,650","20,960",50,0.24,4.94,103.46,0.00,0.00,4.94,103.46,"77,446.81"
1737,17/09/2019,CTG,"20,750","20,650","20,750","20,800","20,600","20,698",0,0.00,1.41,29.26,0.00,0.00,1.41,29.26,"77,260.64"
1738,16/09/2019,CTG,"20,850","20,700","20,750","21,150","20,700","20,910",-100,-0.48,3.34,69.75,0.09,1.93,3.43,71.68,"77,260.64"
1739,13/09/2019,CTG,"20,150","20,150","20,850","20,900","20,050","20,570",700,3.47,6.37,130.95,0.04,0.80,6.41,131.75,"77,632.98"
1740,12/09/2019,CTG,"19,800","19,850","20,150","20,200","19,800","19,995",350,1.77,1.08,21.53,0.00,0.00,1.08,21.53,"75,026.60"
1741,11/09/2019,CTG,"19,750","19,800","19,800","19,850","19,700","19,773",50,0.25,1.11,21.88,0.10,2.11,1.21,23.99,"73,723.41"
1742,10/09/2019,CTG,"19,950","20,000","19,750","20,050","19,700","19,851",-200,-1.00,2.17,43.09,0.00,0.00,2.17,43.09,"73,537.24"
1743,09/09/2019,CTG,"19,900","19,900","19,950","20,050","19,900","19,983",50,0.25,1.12,22.37,0.00,0.00,1.12,22.37,"74,281.92"
1744,06/09/2019,CTG,"19,950","19,950","19,900","20,150","19,900","19,984",-50,-0.25,1.22,24.48,0.10,2.13,1.32,26.61,"74,095.75"
1745,05/09/2019,CTG,"20,000","20,150","19,950","20,200","19,950","20,040",-50,-0.25,1.32,26.48,0.00,0.00,1.32,26.48,"74,281.92"
1746,04/09/2019,CTG,"19,950","20,000","20,000","20,150","19,850","19,944",50,0.25,1.68,33.54,0.00,0.00,1.68,33.54,"74,468.09"
1747,03/09/2019,CTG,"20,200","20,200","19,950","20,300","19,950","20,100",-250,-1.24,1.64,33.04,0.00,0.00,1.64,33.04,"74,281.92"
1748,30/08/2019,CTG,"20,200","20,200","20,200","20,350","20,200","20,264",0,0.00,1.44,29.26,0.00,0.00,1.44,29.26,"75,212.77"
1749,29/08/2019,CTG,"20,250","20,300","20,200","20,300","20,100","20,191",-50,-0.25,0.97,19.63,0.00,0.00,0.97,19.63,"75,212.77"
1750,28/08/2019,CTG,"20,300","20,300","20,250","20,350","20,200","20,269",-50,-0.25,0.91,18.46,0.00,0.00,0.91,18.46,"75,398.94"
1751,27/08/2019,CTG,"20,300","20,450","20,300","20,500","20,200","20,348",0,0.00,1.95,39.65,0.00,0.00,1.95,39.65,"75,585.11"
1752,26/08/2019,CTG,"20,500","20,250","20,300","20,400","20,150","20,235",-200,-0.98,3.44,69.68,0.00,0.00,3.44,69.68,"75,585.11"
1753,23/08/2019,CTG,"20,600","20,600","20,500","20,700","20,500","20,550",-100,-0.49,1.87,38.47,0.00,0.00,1.87,38.47,"76,329.79"
1754,22/08/2019,CTG,"20,750","20,950","20,600","20,950","20,600","20,735",-150,-0.72,1.98,41.00,0.00,0.00,1.98,41.00,"76,702.13"
1755,21/08/2019,CTG,"20,600","20,600","20,750","20,950","20,500","20,723",150,0.73,4.60,95.36,0.00,0.00,4.60,95.36,"77,260.64"
1756,20/08/2019,CTG,"20,500","20,500","20,600","20,650","20,450","20,546",100,0.49,2.19,44.96,0.10,2.15,2.29,47.12,"76,702.13"
1757,19/08/2019,CTG,"20,500","20,600","20,500","20,800","20,500","20,659",0,0.00,1.26,25.94,0.00,0.00,1.26,25.94,"76,329.79"
1758,16/08/2019,CTG,"20,400","20,550","20,500","20,800","20,300","20,586",100,0.49,3.26,67.01,0.03,0.57,3.29,67.58,"76,329.79"
1759,15/08/2019,CTG,"20,500","20,100","20,400","20,400","20,100","20,234",-100,-0.49,2.30,46.56,0.23,4.81,2.53,51.37,"75,957.45"
1760,14/08/2019,CTG,"20,600","20,800","20,500","20,850","20,500","20,680",-100,-0.49,2.71,56.02,0.00,0.00,2.71,56.02,"76,329.79"
1764,08/08/2019,CTG,"20,200","20,300","20,450","20,450","20,100","20,252",250,1.24,2.26,45.72,0.00,0.00,2.26,45.72,"76,143.62"
1765,07/08/2019,CTG,"20,200","20,200","20,200","20,400","20,050","20,225",0,0.00,1.43,28.85,0.13,2.79,1.56,31.64,"75,212.77"
1766,06/08/2019,CTG,"20,350","19,950","20,200","20,300","19,950","20,082",-150,-0.74,3.55,71.23,0.35,7.35,3.90,78.58,"75,212.77"
1767,05/08/2019,CTG,"20,350","20,450","20,350","20,450","20,250","20,358",0,0.00,2.81,57.23,0.00,0.00,2.81,57.23,"75,771.28"
1768,02/08/2019,CTG,"20,400","20,200","20,350","20,700","20,150","20,333",-50,-0.25,3.31,67.40,0.13,2.82,3.44,70.22,"75,771.28"
1769,01/08/2019,CTG,"20,750","20,800","20,400","20,800","20,300","20,509",-350,-1.69,2.81,57.57,0.35,7.35,3.16,64.92,"75,957.45"
1770,31/07/2019,CTG,"20,700","20,700","20,750","20,850","20,650","20,712",50,0.24,2.20,45.59,0.43,9.57,2.63,55.16,"77,260.64"
1761,13/08/2019,CTG,"20,350","20,200","20,600","20,600","20,150","20,438",250,1.23,2.31,47.26,0.00,0.00,2.31,47.26,"76,702.13"
1762,12/08/2019,CTG,"20,500","20,500","20,350","20,550","20,250","20,351",-150,-0.73,2.29,46.69,0.13,2.67,2.42,49.36,"75,771.28"
1763,09/08/2019,CTG,"20,450","20,450","20,500","20,700","20,350","20,495",50,0.24,2.17,44.47,0.00,0.00,2.17,44.47,"76,329.79"
1771,30/07/2019,CTG,"20,900","21,100","20,700","21,150","20,700","20,886",-200,-0.96,2.55,53.16,0.00,0.00,2.55,53.16,"77,074.47"
1772,29/07/2019,CTG,"21,200","21,200","20,900","21,250","20,800","20,979",-300,-1.42,2.59,54.38,0.00,0.00,2.59,54.38,"77,819.16"
1773,26/07/2019,CTG,"21,250","21,350","21,200","21,400","21,200","21,266",-50,-0.24,2.03,43.19,0.00,0.00,2.03,43.19,"78,936.18"
1774,25/07/2019,CTG,"21,250","21,250","21,250","21,450","21,200","21,310",0,0.00,2.76,58.76,0.10,2.27,2.86,61.03,"79,122.35"
1775,24/07/2019,CTG,"21,650","21,750","21,250","21,800","21,250","21,461",-400,-1.85,3.84,82.51,0.10,2.29,3.94,84.80,"79,122.35"
1776,23/07/2019,CTG,"21,600","21,600","21,650","21,750","21,550","21,633",50,0.23,2.92,63.24,0.00,0.00,2.92,63.24,"80,611.71"
1777,22/07/2019,CTG,"21,850","21,850","21,600","22,050","21,550","21,779",-250,-1.14,3.30,71.77,2.20,51.34,5.50,123.10,"80,425.54"
1778,19/07/2019,CTG,"21,650","21,950","21,850","22,150","21,800","21,973",200,0.92,6.74,148.02,0.10,2.32,6.84,150.34,"81,356.39"
1779,18/07/2019,CTG,"21,900","21,700","21,650","21,900","21,650","21,749",-250,-1.14,2.82,61.27,0.00,0.00,2.82,61.27,"80,611.71"
1780,17/07/2019,CTG,"21,700","21,800","21,900","22,000","21,650","21,813",200,0.92,4.41,96.12,0.00,0.00,4.41,96.12,"81,542.56"
1781,16/07/2019,CTG,"21,500","21,500","21,700","21,750","21,500","21,640",200,0.93,5.20,112.57,1.32,28.62,6.52,141.19,"80,797.88"
1782,15/07/2019,CTG,"21,450","21,450","21,500","21,600","21,350","21,458",50,0.23,2.00,42.89,0.00,0.00,2.00,42.89,"80,053.20"
1783,12/07/2019,CTG,"21,550","21,600","21,450","21,750","21,350","21,586",-100,-0.46,3.42,73.74,0.00,0.00,3.42,73.74,"79,867.03"
1784,11/07/2019,CTG,"21,000","21,100","21,550","21,650","21,100","21,407",550,2.62,5.42,116.03,0.00,0.00,5.42,116.03,"80,239.37"
1785,10/07/2019,CTG,"20,950","21,000","21,000","21,300","21,000","21,162",50,0.24,2.67,56.42,0.00,0.00,2.67,56.42,"78,191.50"
1786,09/07/2019,CTG,"20,900","20,900","20,950","21,100","20,850","20,962",50,0.24,2.44,51.09,0.00,0.00,2.44,51.09,"78,005.33"
1787,08/07/2019,CTG,"21,150","21,150","20,900","21,150","20,750","20,924",-250,-1.18,3.25,67.95,0.10,2.17,3.35,70.13,"77,819.16"
1788,05/07/2019,CTG,"21,150","21,150","21,150","21,450","21,000","21,287",0,0.00,3.18,67.77,0.00,0.00,3.18,67.77,"78,750.01"
1789,04/07/2019,CTG,"21,050","21,150","21,150","21,250","20,950","21,120",100,0.48,2.42,51.16,0.00,0.00,2.42,51.16,"78,750.01"
1790,03/07/2019,CTG,"20,800","20,700","21,050","21,150","20,650","20,930",250,1.20,4.07,85.21,0.10,2.20,4.17,87.41,"78,377.67"
1791,02/07/2019,CTG,"20,850","21,000","20,800","21,150","20,750","20,958",-50,-0.24,2.58,54.11,0.00,0.00,2.58,54.11,"77,446.81"
1792,01/07/2019,CTG,"19,500","20,450","20,850","20,850","20,300","20,649","1,350",6.92,3.64,75.09,0.00,0.00,3.64,75.09,"77,632.98"
1793,28/06/2019,CTG,"20,650","20,700","19,500","20,750","19,500","20,192","-1,150",-5.57,4.14,83.66,0.00,0.00,4.14,83.66,"72,606.39"
1794,27/06/2019,CTG,"20,900","20,850","20,650","20,900","20,600","20,760",-250,-1.20,4.24,88.00,0.09,2.07,4.33,90.07,"76,888.30"
1795,26/06/2019,CTG,"21,050","20,950","20,900","21,350","20,900","21,091",-150,-0.71,3.11,65.59,0.00,0.00,3.11,65.59,"77,819.16"
1796,25/06/2019,CTG,"21,400","21,150","21,050","21,400","21,050","21,213",-350,-1.64,3.63,76.99,0.00,0.00,3.63,76.99,"78,377.67"
1797,24/06/2019,CTG,"21,400","21,350","21,400","21,500","21,150","21,375",0,0.00,3.86,82.49,0.09,2.09,3.95,84.58,"79,680.86"
1798,21/06/2019,CTG,"21,000","21,200","21,400","21,400","20,950","21,155",400,1.90,4.66,98.66,0.00,0.00,4.66,98.66,"79,680.86"
1799,20/06/2019,CTG,"20,250","20,250","21,000","21,000","20,200","20,682",750,3.70,5.39,111.49,0.20,4.06,5.59,115.55,"78,191.50"
1800,19/06/2019,CTG,"20,250","20,250","20,250","20,500","20,250","20,331",0,0.00,1.43,29.05,0.00,0.00,1.43,29.05,"75,398.94"
1801,18/06/2019,CTG,"20,450","20,500","20,250","20,600","20,250","20,352",-200,-0.98,1.78,36.19,0.09,1.92,1.87,38.11,"75,398.94"
1802,17/06/2019,CTG,"20,300","20,400","20,450","20,600","20,350","20,462",150,0.74,2.43,49.70,0.17,3.48,2.60,53.18,"76,143.62"
1803,14/06/2019,CTG,"20,150","20,250","20,300","20,600","20,150","20,393",150,0.74,2.79,56.97,0.80,16.44,3.59,73.41,"75,585.11"
1804,13/06/2019,CTG,"20,250","20,200","20,150","20,350","20,150","20,215",-100,-0.49,1.33,26.98,0.09,1.94,1.42,28.92,"75,026.60"
1805,12/06/2019,CTG,"20,500","20,450","20,250","20,500","20,250","20,382",-250,-1.22,1.21,24.73,0.00,0.00,1.21,24.73,"75,398.94"
1806,11/06/2019,CTG,"20,500","20,500","20,500","20,550","20,450","20,493",0,0.00,1.14,23.43,0.00,0.00,1.14,23.43,"76,329.79"
1807,10/06/2019,CTG,"20,450","20,700","20,500","20,750","20,450","20,628",50,0.24,2.48,51.09,0.09,1.97,2.57,53.06,"76,329.79"
1808,07/06/2019,CTG,"20,300","20,400","20,450","20,450","20,300","20,376",150,0.74,1.39,28.31,0.00,0.00,1.39,28.31,"76,143.62"
1809,06/06/2019,CTG,"20,100","20,100","20,300","20,350","19,950","20,139",200,1.00,1.98,39.91,0.00,0.00,1.98,39.91,"75,585.11"
1810,05/06/2019,CTG,"20,000","20,300","20,100","20,550","20,100","20,352",100,0.50,1.92,38.99,0.00,0.00,1.92,38.99,"74,840.43"
1811,04/06/2019,CTG,"19,900","20,000","20,000","20,200","19,900","20,007",100,0.50,2.03,40.64,0.00,0.00,2.03,40.64,"74,468.09"
1812,03/06/2019,CTG,"20,300","20,100","19,900","20,350","19,900","20,080",-400,-1.97,3.08,61.79,0.00,0.00,3.08,61.79,"74,095.75"
1813,31/05/2019,CTG,"20,650","20,750","20,300","20,750","20,300","20,548",-350,-1.69,2.02,41.56,0.09,1.98,2.11,43.54,"75,585.11"
1814,30/05/2019,CTG,"20,650","20,600","20,650","20,850","20,500","20,715",0,0.00,1.57,32.52,0.00,0.00,1.57,32.52,"76,888.30"
1815,29/05/2019,CTG,"21,000","20,900","20,650","20,950","20,650","20,755",-350,-1.67,2.33,48.28,0.00,0.00,2.33,48.28,"76,888.30"
1816,28/05/2019,CTG,"21,200","21,200","21,000","21,200","20,900","21,022",-200,-0.94,2.02,42.57,0.16,3.36,2.18,45.93,"78,191.50"
1817,27/05/2019,CTG,"21,200","21,150","21,200","21,250","21,000","21,159",0,0.00,1.71,36.20,0.09,2.04,1.80,38.24,"78,936.18"
1818,24/05/2019,CTG,"21,500","21,350","21,200","21,500","21,200","21,335",-300,-1.40,2.20,46.94,0.00,0.00,2.20,46.94,"78,936.18"
1819,23/05/2019,CTG,"21,550","21,500","21,500","21,600","21,300","21,465",-50,-0.23,1.88,40.31,0.00,0.00,1.88,40.31,"80,053.20"
1820,22/05/2019,CTG,"21,250","21,550","21,550","21,700","21,250","21,537",300,1.41,5.00,107.65,0.00,0.00,5.00,107.65,"80,239.37"
1821,21/05/2019,CTG,"21,350","21,350","21,250","21,500","21,200","21,360",-100,-0.47,2.30,49.17,0.00,0.00,2.30,49.17,"79,122.35"
1822,20/05/2019,CTG,"21,200","21,200","21,350","21,500","21,100","21,368",150,0.71,2.85,60.98,0.00,0.00,2.85,60.98,"79,494.69"
1823,17/05/2019,CTG,"21,100","21,100","21,200","21,350","21,000","21,195",100,0.47,2.58,54.60,0.05,0.98,2.63,55.59,"78,936.18"
1824,16/05/2019,CTG,"21,150","21,150","21,100","21,350","21,000","21,163",-50,-0.24,2.45,51.77,0.00,0.00,2.45,51.77,"78,563.84"
1825,15/05/2019,CTG,"20,550","20,650","21,150","21,150","20,650","20,933",600,2.92,3.68,76.97,0.00,0.00,3.68,76.97,"78,750.01"
1826,14/05/2019,CTG,"20,450","20,250","20,550","20,650","20,250","20,445",100,0.49,2.10,43.05,0.00,0.00,2.10,43.05,"76,515.96"
1827,13/05/2019,CTG,"20,300","20,400","20,450","20,850","20,300","20,637",150,0.74,1.93,39.82,0.00,0.00,1.93,39.82,"76,143.62"
1828,10/05/2019,CTG,"20,100","20,200","20,300","20,500","20,150","20,279",200,1.00,1.70,34.41,0.30,5.64,2.00,40.05,"75,585.11"
1829,09/05/2019,CTG,"20,450","20,400","20,100","20,600","20,050","20,240",-350,-1.71,2.00,40.42,0.00,0.00,2.00,40.42,"74,840.43"
1830,08/05/2019,CTG,"20,400","20,150","20,450","20,450","20,100","20,272",50,0.25,1.79,36.23,0.00,0.00,1.79,36.23,"76,143.62"
1831,07/05/2019,CTG,"20,450","20,500","20,400","20,800","20,250","20,521",-50,-0.24,1.49,30.66,0.09,2.03,1.59,32.69,"75,957.45"
1832,06/05/2019,CTG,"20,900","20,600","20,450","20,700","20,350","20,500",-450,-2.15,2.47,50.69,0.00,0.00,2.47,50.69,"76,143.62"
1833,03/05/2019,CTG,"21,000","20,900","20,900","21,150","20,850","20,975",-100,-0.48,1.72,36.18,0.00,0.00,1.72,36.18,"77,819.16"
1834,02/05/2019,CTG,"21,250","21,300","21,000","21,300","20,900","21,130",-250,-1.18,1.92,40.56,0.00,0.00,1.92,40.56,"78,191.50"
1835,26/04/2019,CTG,"21,050","21,050","21,250","21,300","21,000","21,193",200,0.95,1.45,30.68,0.00,0.00,1.45,30.68,"79,122.35"
1836,25/04/2019,CTG,"21,400","21,300","21,050","21,400","21,050","21,195",-350,-1.64,1.30,27.46,0.04,0.94,1.34,28.40,"78,377.67"
1837,24/04/2019,CTG,"20,850","21,100","21,400","21,550","21,000","21,363",550,2.64,2.45,52.27,0.00,0.00,2.45,52.27,"79,680.86"
1838,23/04/2019,CTG,"20,500","20,700","20,850","21,200","20,500","20,849",350,1.71,2.45,51.03,0.00,0.00,2.45,51.03,"77,632.98"
1839,22/04/2019,CTG,"20,800","20,800","20,500","21,000","20,450","20,621",-300,-1.44,2.31,47.63,0.22,4.86,2.53,52.49,"76,329.79"
1840,19/04/2019,CTG,"21,000","21,150","20,800","21,250","20,800","20,924",-200,-0.95,2.01,42.04,0.00,0.00,2.01,42.04,"77,446.81"
1841,18/04/2019,CTG,"21,450","21,350","21,000","21,500","20,900","21,147",-450,-2.10,3.81,80.61,0.00,0.00,3.81,80.61,"78,191.50"
1842,17/04/2019,CTG,"21,550","21,650","21,450","21,850","21,450","21,608",-100,-0.46,2.16,46.61,0.15,3.01,2.31,49.62,"79,867.03"
1843,16/04/2019,CTG,"21,850","21,600","21,550","21,700","21,300","21,489",-300,-1.37,3.15,67.70,0.10,2.15,3.25,69.85,"80,239.37"
1844,12/04/2019,CTG,"21,950","21,900","21,850","22,050","21,850","21,929",-100,-0.46,1.54,33.68,0.00,0.00,1.54,33.68,"81,356.39"
1845,11/04/2019,CTG,"21,900","21,900","21,950","22,250","21,850","21,983",50,0.23,2.06,45.37,0.08,1.63,2.14,47.00,"81,728.73"
1846,10/04/2019,CTG,"22,150","21,900","21,900","22,150","21,850","21,961",-250,-1.13,2.24,49.19,0.10,2.16,2.34,51.35,"81,542.56"
1847,09/04/2019,CTG,"22,300","22,400","22,150","22,600","22,150","22,368",-150,-0.67,3.89,87.10,0.00,0.00,3.89,87.10,"82,473.41"
1848,08/04/2019,CTG,"21,900","21,900","22,300","22,300","21,850","22,113",400,1.83,2.62,57.88,0.00,0.00,2.62,57.88,"83,031.92"
1849,05/04/2019,CTG,"22,000","22,100","21,900","22,250","21,900","22,030",-100,-0.45,2.35,51.84,0.10,2.25,2.45,54.09,"81,542.56"
1850,04/04/2019,CTG,"21,800","22,100","22,000","22,300","21,700","21,974",200,0.92,2.03,44.58,0.00,0.00,2.03,44.58,"81,914.90"
1851,03/04/2019,CTG,"22,000","21,850","21,800","21,950","21,600","21,756",-200,-0.91,5.02,109.22,0.04,0.81,5.06,110.03,"81,170.22"
1852,02/04/2019,CTG,"22,250","22,500","22,000","22,550","22,000","22,224",-250,-1.12,2.53,56.25,0.00,0.00,2.53,56.25,"81,914.90"
1853,01/04/2019,CTG,"22,450","22,550","22,250","22,550","22,150","22,332",-200,-0.89,2.77,61.94,0.20,4.37,2.97,66.31,"82,845.75"
1854,29/03/2019,CTG,"22,650","22,750","22,450","22,800","22,400","22,636",-200,-0.88,4.16,94.20,0.00,0.00,4.16,94.20,"83,590.43"
1855,28/03/2019,CTG,"22,500","22,300","22,650","22,750","22,300","22,573",150,0.67,2.59,58.56,0.00,0.00,2.59,58.56,"84,335.11"
1856,27/03/2019,CTG,"22,350","22,500","22,500","22,800","22,300","22,593",150,0.67,3.37,76.09,0.14,3.11,3.51,79.20,"83,776.60"
1857,26/03/2019,CTG,"22,150","22,450","22,350","22,650","22,200","22,399",200,0.90,3.00,67.13,0.30,6.69,3.30,73.82,"83,218.09"
1858,25/03/2019,CTG,"22,500","22,000","22,150","22,200","21,650","21,980",-350,-1.56,7.19,158.07,0.00,0.00,7.19,158.07,"82,473.41"
1859,22/03/2019,CTG,"22,100","22,350","22,500","22,600","22,050","22,320",400,1.81,6.19,138.05,0.09,1.98,6.28,140.03,"83,776.60"
1860,21/03/2019,CTG,"23,000","23,000","22,100","23,100","22,100","22,678",-900,-3.91,7.18,162.78,0.00,0.00,7.18,162.78,"82,287.24"
1861,20/03/2019,CTG,"23,100","22,900","23,000","23,150","22,550","22,890",-100,-0.43,9.02,206.37,0.00,0.00,9.02,206.37,"85,638.30"
1862,19/03/2019,CTG,"23,400","23,400","23,100","23,400","22,950","23,155",-300,-1.28,7.50,173.65,0.09,2.00,7.59,175.65,"86,010.65"
1863,18/03/2019,CTG,"22,700","22,900","23,400","23,450","22,850","23,126",700,3.08,10.11,233.90,0.00,0.00,10.11,233.90,"87,127.67"
1864,15/03/2019,CTG,"22,500","22,300","22,700","22,900","22,200","22,636",200,0.89,8.57,194.07,0.00,0.00,8.57,194.07,"84,521.28"
1865,14/03/2019,CTG,"22,550","22,500","22,500","22,750","22,350","22,565",-50,-0.22,5.17,116.75,0.09,2.00,5.26,118.74,"83,776.60"
1866,13/03/2019,CTG,"22,100","22,300","22,550","22,750","22,100","22,447",450,2.04,14.62,328.10,0.00,0.00,14.62,328.10,"83,962.77"
1867,12/03/2019,CTG,"21,100","21,300","22,100","22,100","21,000","21,425","1,000",4.74,9.10,194.94,0.42,9.37,9.52,204.31,"82,287.24"
1868,11/03/2019,CTG,"21,200","21,250","21,100","21,300","21,000","21,154",-100,-0.47,3.18,67.28,0.09,2.00,3.27,69.28,"78,563.84"
1869,08/03/2019,CTG,"21,500","21,300","21,200","21,500","21,150","21,295",-300,-1.40,5.36,114.21,0.00,0.00,5.36,114.21,"78,936.18"
1870,07/03/2019,CTG,"21,300","21,500","21,500","21,700","21,350","21,528",200,0.94,8.03,172.97,0.02,0.43,8.05,173.41,"80,053.20"
1871,06/03/2019,CTG,"21,250","21,300","21,300","21,400","21,100","21,245",50,0.24,3.60,76.54,0.09,2.00,3.69,78.54,"79,308.52"
1872,05/03/2019,CTG,"21,200","21,200","21,250","21,700","21,050","21,425",50,0.24,7.94,170.21,0.00,0.00,7.94,170.21,"79,122.35"
1873,04/03/2019,CTG,"20,800","20,900","21,200","21,350","20,850","21,130",400,1.92,6.80,143.70,0.00,0.00,6.80,143.70,"78,936.18"
1874,01/03/2019,CTG,"20,800","20,950","20,800","20,950","20,650","20,790",0,0.00,4.48,93.06,0.06,1.30,4.54,94.35,"77,446.81"
1875,28/02/2019,CTG,"21,150","21,150","20,800","21,250","20,650","20,940",-350,-1.65,8.05,168.55,0.00,0.00,8.05,168.55,"77,446.81"
1876,27/02/2019,CTG,"21,350","21,450","21,150","21,450","21,100","21,253",-200,-0.94,5.03,106.90,0.00,0.00,5.03,106.90,"78,750.01"
1877,26/02/2019,CTG,"21,300","21,250","21,350","21,450","21,000","21,264",50,0.23,6.55,139.36,0.06,1.31,6.61,140.68,"79,494.69"
1878,25/02/2019,CTG,"21,100","21,500","21,300","21,600","21,300","21,440",200,0.95,5.93,127.16,0.05,1.13,5.98,128.29,"79,308.52"
1879,22/02/2019,CTG,"20,400","20,400","21,100","21,200","20,200","20,840",700,3.43,13.19,275.00,0.05,1.09,13.24,276.09,"78,563.84"
1880,21/02/2019,CTG,"20,600","20,650","20,400","20,650","20,300","20,437",-200,-0.97,7.15,146.06,0.00,0.00,7.15,146.06,"75,957.45"
1881,20/02/2019,CTG,"20,500","20,500","20,600","20,900","20,450","20,620",100,0.49,5.48,112.95,0.24,5.26,5.72,118.20,"76,702.13"
1882,19/02/2019,CTG,"20,900","20,850","20,500","21,050","20,500","20,786",-400,-1.91,8.89,184.84,0.07,1.54,8.96,186.39,"76,329.79"
1883,18/02/2019,CTG,"20,800","20,900","20,900","21,200","20,800","20,940",100,0.48,6.83,142.96,0.00,0.00,6.83,142.96,"77,819.16"
1884,15/02/2019,CTG,"20,850","20,700","20,800","21,100","20,600","20,868",-50,-0.24,4.25,88.62,0.00,0.00,4.25,88.62,"77,446.81"
1885,14/02/2019,CTG,"20,850","20,900","20,850","21,100","20,800","20,877",0,0.00,5.04,105.14,0.00,0.00,5.04,105.14,"77,632.98"
1886,13/02/2019,CTG,"20,850","20,800","20,850","21,250","20,750","20,956",0,0.00,7.59,159.02,0.00,0.00,7.59,159.02,"77,632.98"
1887,12/02/2019,CTG,"20,700","20,700","20,850","21,250","20,600","20,948",150,0.72,7.61,159.48,0.00,0.00,7.61,159.48,"77,632.98"
1888,11/02/2019,CTG,"20,100","20,600","20,700","20,900","20,300","20,688",600,2.99,3.65,75.46,0.00,0.00,3.65,75.46,"77,074.47"
1889,01/02/2019,CTG,"19,700","19,500","20,100","20,150","19,500","19,874",400,2.03,3.64,72.24,0.10,2.03,3.74,74.27,"74,840.43"
1890,31/01/2019,CTG,"20,450","20,550","19,700","20,650","19,600","20,066",-750,-3.67,9.04,181.39,0.00,0.00,9.04,181.39,"73,351.07"
1891,30/01/2019,CTG,"20,750","20,750","20,450","20,850","20,450","20,652",-300,-1.45,2.57,53.15,0.00,0.00,2.57,53.15,"76,143.62"
1892,29/01/2019,CTG,"20,350","20,250","20,750","20,800","20,100","20,481",400,1.97,6.60,135.14,0.00,0.00,6.60,135.14,"77,260.64"
1893,28/01/2019,CTG,"20,200","20,200","20,350","20,450","20,100","20,308",150,0.74,4.44,90.19,0.00,0.00,4.44,90.19,"75,771.28"
1894,25/01/2019,CTG,"20,450","20,400","20,200","20,600","20,050","20,367",-250,-1.22,5.98,121.73,0.00,0.00,5.98,121.73,"75,212.77"
1895,24/01/2019,CTG,"19,950","20,000","20,450","20,500","19,900","20,151",500,2.51,8.81,177.59,0.00,0.00,8.81,177.59,"76,143.62"
1896,23/01/2019,CTG,"19,550","19,450","19,950","20,050","19,300","19,830",400,2.05,6.94,137.58,0.00,0.00,6.94,137.58,"74,281.92"
1897,22/01/2019,CTG,"19,450","19,700","19,550","20,100","19,450","19,795",100,0.51,9.15,181.04,0.00,0.00,9.15,181.04,"72,792.56"
1898,21/01/2019,CTG,"18,200","18,350","19,450","19,450","18,300","19,124","1,250",6.87,11.45,218.93,0.00,0.00,11.45,218.93,"72,420.22"
1899,18/01/2019,CTG,"18,450","18,600","18,200","18,600","18,200","18,387",-250,-1.36,3.40,62.59,0.46,8.59,3.86,71.18,"67,765.96"
1900,17/01/2019,CTG,"18,700","18,700","18,450","18,900","18,450","18,661",-250,-1.34,3.17,59.20,0.00,0.00,3.17,59.20,"68,696.81"
1901,16/01/2019,CTG,"18,900","19,000","18,700","19,100","18,600","18,814",-200,-1.06,3.65,68.72,0.56,10.04,4.21,78.76,"69,627.67"
1902,15/01/2019,CTG,"18,800","18,800","18,900","19,100","18,750","18,918",100,0.53,3.07,58.16,0.06,1.13,3.13,59.29,"70,372.35"
1903,14/01/2019,CTG,"18,800","18,600","18,800","19,050","18,550","18,846",0,0.00,4.81,90.62,0.20,4.02,5.01,94.64,"70,000.01"
1904,11/01/2019,CTG,"18,850","18,800","18,800","19,250","18,700","19,003",-50,-0.27,4.03,76.50,0.00,0.00,4.03,76.50,"70,000.01"
1905,10/01/2019,CTG,"18,350","18,400","18,850","19,150","18,300","18,783",500,2.72,7.33,137.61,0.03,0.54,7.36,138.15,"70,186.18"
1906,09/01/2019,CTG,"17,900","18,000","18,350","18,700","17,900","18,279",450,2.51,5.95,108.85,0.20,3.54,6.15,112.39,"68,324.47"
1907,08/01/2019,CTG,"18,150","18,250","17,900","18,250","17,800","17,929",-250,-1.38,5.64,101.05,0.00,0.00,5.64,101.05,"66,648.94"
1908,07/01/2019,CTG,"18,350","18,800","18,150","18,800","18,150","18,463",-200,-1.09,3.98,73.53,0.13,2.51,4.11,76.05,"67,579.79"
1909,04/01/2019,CTG,"18,100","18,050","18,350","18,550","17,700","18,049",250,1.38,3.80,68.66,0.20,3.87,4.00,72.53,"68,324.47"
1910,03/01/2019,CTG,"19,000","19,000","18,100","19,200","18,050","18,369",-900,-4.74,5.51,101.28,0.00,0.00,5.51,101.28,"67,393.62"
1911,02/01/2019,CTG,"19,300","19,250","19,000","19,450","19,000","19,218",-300,-1.55,2.42,46.52,0.10,1.93,2.52,48.45,"70,744.69"
1912,28/12/2018,CTG,"19,350","19,500","19,300","19,700","19,250","19,390",-50,-0.26,2.31,44.80,0.06,1.22,2.37,46.03,"71,861.71"
1913,27/12/2018,CTG,"19,300","20,000","19,350","20,050","19,350","19,654",50,0.26,3.84,75.49,0.00,0.00,3.84,75.49,"72,047.88"
1914,26/12/2018,CTG,"19,700","19,900","19,300","20,000","19,150","19,523",-400,-2.03,3.12,60.89,0.00,0.00,3.12,60.89,"71,861.71"
1915,25/12/2018,CTG,"20,350","19,800","19,700","19,900","19,150","19,583",-650,-3.19,4.60,90.14,0.20,4.30,4.80,94.44,"73,351.07"
1916,24/12/2018,CTG,"20,850","20,600","20,350","21,000","20,300","20,543",-500,-2.40,2.76,56.80,0.00,0.00,2.76,56.80,"75,771.28"
1917,21/12/2018,CTG,"20,200","20,100","20,850","20,850","20,050","20,532",650,3.22,3.62,74.36,0.10,2.15,3.72,76.51,"77,632.98"
1918,20/12/2018,CTG,"20,400","20,500","20,200","20,900","20,050","20,367",-200,-0.98,6.19,126.02,0.10,1.91,6.29,127.92,"75,212.77"
1919,19/12/2018,CTG,"21,450","21,350","20,400","21,450","19,950","20,583","-1,050",-4.90,11.21,230.74,0.00,0.00,11.21,230.74,"75,957.45"
1920,18/12/2018,CTG,"21,650","21,300","21,450","21,850","21,200","21,431",-200,-0.92,4.93,105.60,0.00,0.00,4.93,105.60,"79,867.03"
1921,17/12/2018,CTG,"22,350","22,000","21,650","22,150","21,600","21,868",-700,-3.13,5.48,119.86,0.00,0.00,5.48,119.86,"80,611.71"
1922,14/12/2018,CTG,"23,150","23,000","22,350","23,200","22,100","22,620",-800,-3.46,11.32,256.06,0.00,0.00,11.32,256.06,"83,218.09"
1923,13/12/2018,CTG,"23,500","23,550","23,150","23,700","23,150","23,333",-350,-1.49,4.16,97.17,0.26,6.00,4.42,103.17,"86,196.82"
1924,12/12/2018,CTG,"23,300","23,450","23,500","23,500","23,300","23,411",200,0.86,2.31,54.19,0.00,0.00,2.31,54.19,"87,500.01"
1925,11/12/2018,CTG,"23,100","23,100","23,300","23,400","23,050","23,191",200,0.87,3.26,75.51,0.00,0.00,3.26,75.51,"86,755.33"
1926,10/12/2018,CTG,"24,050","23,600","23,100","23,750","23,100","23,376",-950,-3.95,6.68,156.23,0.00,0.00,6.68,156.23,"86,010.65"
1927,07/12/2018,CTG,"23,950","24,050","24,050","24,400","23,950","24,210",100,0.42,4.31,104.44,0.00,0.00,4.31,104.44,"89,547.88"
1928,06/12/2018,CTG,"24,100","23,950","23,950","24,150","23,750","23,862",-150,-0.62,4.25,101.46,0.00,0.00,4.25,101.46,"89,175.54"
1929,05/12/2018,CTG,"23,900","23,500","24,100","24,400","23,500","23,863",200,0.84,5.06,120.70,0.00,0.00,5.06,120.70,"89,734.05"
1930,04/12/2018,CTG,"24,150","24,050","23,900","24,300","23,700","23,988",-250,-1.04,4.05,97.15,0.20,4.68,4.25,101.83,"88,989.37"
1931,03/12/2018,CTG,"23,000","23,600","24,150","24,200","23,500","23,824","1,150",5.00,6.83,162.63,0.00,0.00,6.83,162.63,"89,920.22"
1932,30/11/2018,CTG,"22,850","22,750","23,000","23,250","22,700","22,970",150,0.66,3.55,81.43,0.08,1.90,3.63,83.34,"85,638.30"
1933,29/11/2018,CTG,"22,750","22,950","22,850","23,200","22,700","23,036",100,0.44,4.18,96.29,0.00,0.00,4.18,96.29,"85,079.79"
1934,28/11/2018,CTG,"22,300","22,300","22,750","22,750","22,300","22,532",450,2.02,2.46,55.37,0.00,0.00,2.46,55.37,"84,707.45"
1935,27/11/2018,CTG,"22,500","22,700","22,300","22,850","22,150","22,483",-200,-0.89,2.22,49.91,0.08,1.81,2.30,51.72,"83,031.92"
1936,26/11/2018,CTG,"22,450","22,400","22,500","22,650","22,400","22,538",50,0.22,1.76,39.72,1.00,23.20,2.76,62.92,"83,776.60"
1937,23/11/2018,CTG,"22,950","22,850","22,450","23,100","22,450","22,711",-500,-2.18,3.17,72.09,0.00,0.00,3.17,72.09,"83,590.43"
1938,22/11/2018,CTG,"23,300","23,600","22,950","23,600","22,950","23,166",-350,-1.50,3.32,76.96,0.00,0.00,3.32,76.96,"85,452.13"
1939,21/11/2018,CTG,"23,200","22,800","23,300","23,500","22,750","23,082",100,0.43,3.48,80.32,0.00,0.00,3.48,80.32,"86,755.33"
1940,20/11/2018,CTG,"23,050","22,700","23,200","23,450","22,650","23,002",150,0.65,4.89,112.48,0.00,0.00,4.89,112.48,"86,382.99"
1941,19/11/2018,CTG,"21,950","22,150","23,050","23,050","21,950","22,579","1,100",5.01,5.51,124.48,0.00,0.00,5.51,124.48,"85,824.48"
1942,16/11/2018,CTG,"21,250","21,600","21,950","22,150","21,400","21,805",700,3.29,3.06,66.80,0.00,0.00,3.06,66.80,"81,728.73"
1943,15/11/2018,CTG,"21,200","21,200","21,250","21,700","21,000","21,295",50,0.24,3.72,79.26,0.00,0.00,3.72,79.26,"79,122.35"
1944,14/11/2018,CTG,"22,000","22,000","21,200","22,350","20,950","21,501",-800,-3.64,5.67,121.95,0.00,0.00,5.67,121.95,"78,936.18"
1945,13/11/2018,CTG,"22,450","22,000","22,000","22,400","22,000","22,198",-450,-2.00,3.31,73.50,0.00,0.00,3.31,73.50,"81,914.90"
1946,12/11/2018,CTG,"22,600","22,500","22,450","22,650","22,100","22,442",-150,-0.66,2.37,53.08,0.00,0.00,2.37,53.08,"83,590.43"
1947,09/11/2018,CTG,"23,200","22,900","22,600","23,250","22,550","22,840",-600,-2.59,3.08,70.28,0.00,0.00,3.08,70.28,"84,148.94"
1948,08/11/2018,CTG,"23,250","23,700","23,200","23,750","23,200","23,475",-50,-0.22,2.69,63.15,0.00,0.00,2.69,63.15,"86,382.99"
1949,07/11/2018,CTG,"23,250","23,250","23,250","23,500","22,850","23,229",0,0.00,2.75,63.97,0.00,0.00,2.75,63.97,"86,569.16"
1950,06/11/2018,CTG,"23,500","23,700","23,250","23,800","23,250","23,455",-250,-1.06,2.69,63.20,0.00,0.00,2.69,63.20,"86,569.16"
1951,05/11/2018,CTG,"23,500","23,200","23,500","23,550","23,150","23,311",0,0.00,2.12,49.43,0.00,0.00,2.12,49.43,"87,500.01"
1952,02/11/2018,CTG,"22,850","23,000","23,500","23,800","22,950","23,342",650,2.84,4.56,106.42,0.00,0.00,4.56,106.42,"87,500.01"
1953,01/11/2018,CTG,"23,400","23,500","22,850","23,550","22,800","23,236",-550,-2.35,2.57,59.65,0.00,0.00,2.57,59.65,"85,079.79"
1954,31/10/2018,CTG,"22,200","22,600","23,400","23,400","22,400","22,956","1,200",5.41,5.81,133.26,0.00,0.00,5.81,133.26,"87,127.67"
1955,30/10/2018,CTG,"22,100","22,100","22,200","22,550","22,000","22,300",100,0.45,2.53,56.40,0.34,7.59,2.87,63.98,"82,659.58"
1956,29/10/2018,CTG,"22,500","22,300","22,100","22,750","22,100","22,293",-400,-1.78,3.68,82.13,0.00,0.00,3.68,82.13,"82,287.24"
1957,26/10/2018,CTG,"23,000","23,400","22,500","23,400","22,500","22,861",-500,-2.17,2.00,45.62,0.00,0.00,2.00,45.62,"83,776.60"
1958,25/10/2018,CTG,"23,200","22,400","23,000","23,150","22,100","22,501",-200,-0.86,4.77,107.24,0.11,2.38,4.88,109.62,"85,638.30"
1959,24/10/2018,CTG,"23,650","23,650","23,200","23,950","23,200","23,558",-450,-1.90,3.02,71.14,0.00,0.00,3.02,71.14,"86,382.99"
1960,23/10/2018,CTG,"24,450","24,400","23,650","24,400","23,250","23,789",-800,-3.27,5.92,140.83,0.00,0.00,5.92,140.83,"88,058.52"
1961,22/10/2018,CTG,"24,700","24,900","24,450","25,000","24,450","24,766",-250,-1.01,2.10,51.94,0.00,0.00,2.10,51.94,"91,037.24"
1962,19/10/2018,CTG,"24,850","24,500","24,700","24,900","24,200","24,529",-150,-0.60,3.11,76.34,0.00,0.00,3.11,76.34,"91,968.09"
1963,18/10/2018,CTG,"25,300","25,000","24,850","25,500","24,850","25,091",-450,-1.78,3.11,78.02,0.00,0.00,3.11,78.02,"92,526.60"
1964,17/10/2018,CTG,"25,150","25,600","25,300","25,700","25,250","25,488",150,0.60,3.21,81.73,0.00,0.00,3.21,81.73,"94,202.14"
1965,16/10/2018,CTG,"24,750","24,800","25,150","25,150","24,700","24,905",400,1.62,2.01,49.95,0.00,0.00,2.01,49.95,"93,643.62"
1966,15/10/2018,CTG,"25,400","25,400","24,750","25,500","24,750","25,042",-650,-2.56,2.88,72.24,0.00,0.00,2.88,72.24,"92,154.26"
1967,12/10/2018,CTG,"24,600","24,200","25,400","25,400","24,100","24,922",800,3.25,5.39,134.31,0.00,0.00,5.39,134.31,"94,574.48"
1968,11/10/2018,CTG,"26,450","25,200","24,600","25,700","24,600","24,945","-1,850",-6.99,12.08,301.40,0.00,0.00,12.08,301.40,"91,595.75"
1969,10/10/2018,CTG,"26,700","26,800","26,450","26,850","26,350","26,566",-250,-0.94,3.55,94.22,0.00,0.00,3.55,94.22,"98,484.05"
1970,09/10/2018,CTG,"26,850","26,850","26,700","27,000","26,600","26,787",-150,-0.56,3.34,89.37,0.00,0.00,3.34,89.37,"99,414.90"
1971,08/10/2018,CTG,"27,100","26,900","26,850","27,250","26,800","26,929",-250,-0.92,4.66,125.43,0.00,0.00,4.66,125.43,"99,973.41"
1972,05/10/2018,CTG,"27,700","27,700","27,100","27,800","27,100","27,463",-600,-2.17,5.20,142.76,0.00,0.00,5.20,142.76,"100,904.26"
1973,04/10/2018,CTG,"27,500","27,850","27,700","27,900","27,550","27,758",200,0.73,3.47,96.43,0.00,0.00,3.47,96.43,"103,138.31"
1974,03/10/2018,CTG,"27,100","27,300","27,500","27,700","27,250","27,483",400,1.48,4.13,113.43,0.00,0.00,4.13,113.43,"102,393.63"
1975,02/10/2018,CTG,"27,050","27,050","27,100","27,450","26,650","27,047",50,0.18,7.75,209.51,0.04,0.91,7.78,210.42,"100,904.26"
1976,01/10/2018,CTG,"27,550","27,600","27,050","27,800","26,800","27,366",-500,-1.81,6.46,176.83,0.03,0.81,6.49,177.64,"100,718.09"
1977,28/09/2018,CTG,"27,600","27,700","27,550","28,100","27,550","27,842",-50,-0.18,6.07,169.09,0.05,1.36,6.13,170.46,"102,579.80"
1978,27/09/2018,CTG,"27,650","27,800","27,600","27,950","27,550","27,747",-50,-0.18,4.77,132.41,0.00,0.00,4.77,132.41,"102,765.97"
1979,26/09/2018,CTG,"27,800","27,750","27,650","28,200","27,650","27,887",-150,-0.54,5.82,162.42,0.00,0.00,5.82,162.42,"102,952.14"
1980,25/09/2018,CTG,"28,000","27,800","27,800","28,200","27,650","27,973",-200,-0.71,5.79,161.85,0.00,0.00,5.79,161.85,"103,510.65"
1981,24/09/2018,CTG,"28,100","28,100","28,000","28,300","27,800","28,010",-100,-0.36,4.33,121.35,0.03,0.84,4.36,122.19,"104,255.33"
1982,21/09/2018,CTG,"27,450","27,600","28,100","28,300","27,500","27,927",650,2.37,11.68,326.29,0.00,0.00,11.68,326.29,"104,627.67"
1983,20/09/2018,CTG,"26,800","26,900","27,450","27,450","26,700","27,083",650,2.43,5.64,152.78,0.00,0.00,5.64,152.78,"102,207.46"
1984,19/09/2018,CTG,"26,900","27,200","26,800","27,300","26,800","27,071",-100,-0.37,5.16,139.61,0.00,0.00,5.16,139.61,"99,787.24"
1985,18/09/2018,CTG,"26,600","26,500","26,900","26,900","26,250","26,662",300,1.13,3.68,97.99,0.00,0.00,3.68,97.99,"100,159.58"
1986,17/09/2018,CTG,"26,950","26,950","26,600","26,950","26,600","26,766",-350,-1.30,2.91,77.97,0.00,0.00,2.91,77.97,"99,042.56"
1987,14/09/2018,CTG,"26,650","26,900","26,950","27,350","26,800","27,113",300,1.13,6.68,181.03,0.40,11.00,7.08,192.03,"100,345.75"
1988,13/09/2018,CTG,"26,500","26,800","26,650","27,100","26,550","26,822",150,0.57,4.49,120.47,2.00,53.32,6.49,173.79,"99,228.73"
1989,12/09/2018,CTG,"26,950","27,150","26,500","27,200","26,500","26,895",-450,-1.67,4.89,131.49,0.07,1.76,4.96,133.26,"98,670.22"
1990,11/09/2018,CTG,"26,200","26,100","26,950","27,100","26,100","26,631",750,2.86,6.26,166.65,0.00,0.00,6.26,166.65,"100,345.75"
1991,10/09/2018,CTG,"26,500","26,450","26,200","26,600","26,100","26,365",-300,-1.13,2.73,72.06,2.00,53.00,4.73,125.06,"97,553.20"
1992,07/09/2018,CTG,"25,900","25,800","26,500","26,550","25,750","26,241",600,2.32,4.31,113.06,0.00,0.00,4.31,113.06,"98,670.22"
1993,06/09/2018,CTG,"26,050","26,100","25,900","26,250","25,700","25,976",-150,-0.58,3.63,94.28,0.00,0.00,3.63,94.28,"96,436.18"
1994,05/09/2018,CTG,"25,900","25,900","26,050","26,300","25,700","25,959",150,0.58,6.68,173.38,0.50,13.50,7.18,186.88,"96,994.69"
1995,04/09/2018,CTG,"27,150","26,950","25,900","27,100","25,900","26,472","-1,250",-4.60,8.07,213.66,0.07,2.03,8.14,215.69,"96,436.18"
1996,31/08/2018,CTG,"27,600","27,550","27,150","27,700","26,950","27,361",-450,-1.63,5.60,153.11,0.10,2.82,5.70,155.92,"101,090.43"
1997,30/08/2018,CTG,"27,000","27,000","27,600","27,950","26,900","27,451",600,2.22,7.42,203.75,0.00,0.00,7.42,203.75,"102,765.97"
1998,29/08/2018,CTG,"27,250","27,250","27,000","27,300","26,900","27,122",-250,-0.92,5.53,150.12,0.00,0.00,5.53,150.12,"100,531.92"
1999,28/08/2018,CTG,"27,200","27,300","27,250","27,450","27,100","27,263",50,0.18,6.28,171.33,0.00,0.00,6.28,171.33,"101,462.77"
2000,27/08/2018,CTG,"26,100","26,450","27,200","27,400","26,350","27,020","1,100",4.21,9.44,255.01,0.00,0.00,9.44,255.01,"101,276.60"
2001,24/08/2018,CTG,"26,100","26,050","26,100","26,600","25,550","26,039",0,0.00,8.36,217.75,0.00,0.00,8.36,217.75,"97,180.86"
2002,23/08/2018,CTG,"26,250","26,250","26,100","26,450","25,850","26,194",-150,-0.57,6.14,160.79,0.05,1.23,6.19,162.01,"97,180.86"
2003,22/08/2018,CTG,"26,500","26,550","26,250","26,800","26,050","26,454",-250,-0.94,6.50,172.01,1.00,27.00,7.50,199.01,"97,739.37"
2004,21/08/2018,CTG,"25,700","25,600","26,500","26,500","25,400","26,071",800,3.11,7.11,185.35,0.25,6.64,7.36,191.99,"98,670.22"
2005,20/08/2018,CTG,"26,000","25,950","25,700","26,250","25,700","26,000",-300,-1.15,5.33,138.53,0.00,0.00,5.33,138.53,"95,691.50"
2006,17/08/2018,CTG,"26,150","26,700","26,000","26,850","26,000","26,517",-150,-0.57,8.65,229.30,0.09,2.38,8.74,231.68,"96,808.52"
2007,16/08/2018,CTG,"25,200","24,800","26,150","26,300","24,500",0,950,3.77,11.23,283.92,0.85,21.65,12.08,305.57,"97,367.03"
2008,15/08/2018,CTG,"25,300","25,850","25,200","26,300","25,000","25,763",-100,-0.40,9.77,251.82,0.00,0.00,9.77,251.82,"93,829.79"
2009,14/08/2018,CTG,"25,750","25,800","25,300","26,050","25,300","25,608",-450,-1.75,5.46,139.79,0.00,0.00,5.46,139.79,"94,202.14"
2010,13/08/2018,CTG,"24,250","24,250","25,750","25,750","24,150","25,277","1,500",6.19,11.40,288.13,0.00,0.00,11.40,288.13,"95,877.67"
2011,10/08/2018,CTG,"24,050","23,900","24,250","24,300","23,800","24,049",200,0.83,4.51,108.51,0.38,9.43,4.89,117.95,"90,292.56"
2012,09/08/2018,CTG,"23,950","24,200","24,050","24,550","24,000","24,338",100,0.42,7.03,171.15,0.00,0.00,7.03,171.15,"89,547.88"
2013,08/08/2018,CTG,"23,050","23,150","23,950","23,950","23,100","23,637",900,3.90,5.57,131.57,0.00,0.00,5.57,131.57,"89,175.54"
2014,07/08/2018,CTG,"22,850","22,600","23,050","23,500","22,600","23,154",200,0.88,3.59,83.14,0.15,3.21,3.74,86.35,"85,824.48"
2015,06/08/2018,CTG,"22,850","22,800","22,850","23,300","22,600","22,894",0,0.00,3.05,69.72,0.00,0.00,3.05,69.72,"85,079.79"
2016,03/08/2018,CTG,"22,950","23,150","22,850","23,350","22,800","23,057",-100,-0.44,3.34,76.97,0.00,0.00,3.34,76.97,"85,079.79"
2017,02/08/2018,CTG,"23,200","23,000","22,950","23,150","22,600","22,865",-250,-1.08,4.46,101.96,0.00,0.00,4.46,101.96,"85,452.13"
2018,01/08/2018,CTG,"23,600","23,600","23,200","23,750","23,000","23,440",-400,-1.69,4.14,97.12,0.40,9.72,4.54,106.84,"86,382.99"
2019,31/07/2018,CTG,"23,850","23,800","23,600","24,200","23,450","23,812",-250,-1.05,5.36,127.64,0.00,0.00,5.36,127.64,"87,872.35"
2020,30/07/2018,CTG,"23,400","23,700","23,850","23,900","23,450","23,702",450,1.92,3.01,71.24,0.10,2.32,3.11,73.56,"88,803.20"
2021,27/07/2018,CTG,"23,000","23,300","23,400","23,800","22,950","23,358",400,1.74,3.66,85.53,0.00,0.00,3.66,85.53,"87,127.67"
2022,26/07/2018,CTG,"22,800","22,800","23,000","23,100","22,600","22,823",200,0.88,3.83,87.48,0.00,0.00,3.83,87.48,"85,638.30"
2023,25/07/2018,CTG,"23,550","23,900","22,800","23,900","22,800","23,362",-750,-3.18,4.44,103.68,0.15,3.50,4.59,107.18,"84,893.62"
2024,24/07/2018,CTG,"23,600","23,700","23,550","23,900","23,150","23,613",-50,-0.21,4.69,110.86,0.00,0.00,4.69,110.86,"87,686.18"
2025,23/07/2018,CTG,"24,700","24,500","23,600","25,000","23,600","24,369","-1,100",-4.45,4.66,113.57,0.00,0.00,4.66,113.57,"87,872.35"
2026,20/07/2018,CTG,"24,400","24,000","24,700","24,750","23,600","24,051",300,1.23,7.18,172.58,0.00,0.00,7.18,172.58,"91,968.09"
2027,19/07/2018,CTG,"24,900","24,500","24,400","24,950","24,300","24,589",-500,-2.01,6.56,161.33,0.00,0.00,6.56,161.33,"90,851.07"
2028,18/07/2018,CTG,"24,000","24,200","24,900","24,900","24,100","24,541",900,3.75,5.55,136.14,0.00,0.00,5.55,136.14,"92,712.77"
2029,17/07/2018,CTG,"22,800","22,600","24,000","24,100","22,350","23,210","1,200",5.26,9.66,224.29,0.00,0.00,9.66,224.29,"89,361.71"
2030,16/07/2018,CTG,"22,600","23,000","22,800","23,200","22,600","22,882",200,0.88,5.10,116.64,0.00,0.00,5.10,116.64,"84,893.62"
2031,13/07/2018,CTG,"21,800","22,400","22,600","23,000","22,250","22,602",800,3.67,5.17,116.77,0.00,0.00,5.17,116.77,"84,148.94"
2032,12/07/2018,CTG,"20,900","21,000","21,800","22,350","20,850","21,656",900,4.31,4.61,99.77,0.00,0.00,4.61,99.77,"81,170.22"
2033,11/07/2018,CTG,"22,350","21,500","20,900","21,800","20,850","21,235","-1,450",-6.49,6.42,136.32,0.00,0.00,6.42,136.32,"77,819.16"
2034,10/07/2018,CTG,"22,100","22,200","22,350","22,700","22,000","22,448",250,1.13,4.74,106.46,0.00,0.00,4.74,106.46,"83,218.09"
2035,09/07/2018,CTG,"21,900","22,550","22,100","22,900","22,000","22,540",200,0.91,5.86,132.01,0.00,0.00,5.86,132.01,"82,287.24"
2036,06/07/2018,CTG,"20,500","20,500","21,900","21,900","20,300","21,259","1,400",6.83,7.48,159.07,0.20,3.86,7.68,162.93,"81,542.56"
2037,05/07/2018,CTG,"21,900","21,700","20,500","21,900","20,450","20,878","-1,400",-6.39,5.58,116.53,0.00,0.00,5.58,116.53,"76,329.79"
2038,04/07/2018,CTG,"21,500","21,900","21,900","21,900","21,000","21,595",400,1.86,4.17,90.12,0.00,0.00,4.17,90.12,"81,542.56"
2039,03/07/2018,CTG,"23,100","23,100","21,500","23,300","21,500","21,929","-1,600",-6.93,12.60,276.40,0.00,0.00,12.60,276.40,"80,053.20"
2040,02/07/2018,CTG,"24,250","24,000","23,100","24,200","22,700","23,248","-1,150",-4.74,5.92,137.69,0.40,9.04,6.32,146.73,"86,010.65"
2041,29/06/2018,CTG,"24,300","24,600","24,250","24,850","24,100","24,400",-50,-0.21,3.13,76.40,0.51,12.39,3.64,88.79,"90,292.56"
2042,28/06/2018,CTG,"25,000","25,000","24,300","25,250","24,050","24,696",-700,-2.80,5.53,136.55,1.00,24.60,6.53,161.15,"90,478.73"
2043,27/06/2018,CTG,"26,000","26,050","25,000","26,300","25,000","25,623","-1,000",-3.85,2.30,58.81,0.00,0.00,2.30,58.81,"93,085.11"
2044,26/06/2018,CTG,"26,350","26,000","26,000","26,250","25,750","25,969",-350,-1.33,2.27,58.94,0.00,0.00,2.27,58.94,"96,808.52"
2045,25/06/2018,CTG,"25,900","26,400","26,350","26,750","26,200","26,504",450,1.74,3.97,105.19,0.00,0.00,3.97,105.19,"98,111.71"
2046,22/06/2018,CTG,"25,350","25,000","25,900","25,900","25,000","25,520",550,2.17,3.02,77.00,0.00,0.00,3.02,77.00,"96,436.18"
2047,21/06/2018,CTG,"26,150","26,100","25,350","26,200","25,300","25,570",-800,-3.06,2.44,62.39,0.08,2.10,2.52,64.48,"94,388.31"
2048,20/06/2018,CTG,"25,400","25,600","26,150","26,250","25,100","25,845",750,2.95,3.54,91.49,0.00,0.00,3.54,91.49,"97,367.03"
2049,19/06/2018,CTG,"25,850","25,500","25,400","25,550","24,050","24,864",-450,-1.74,8.26,205.28,0.89,23.02,9.14,228.31,"94,574.48"
2050,18/06/2018,CTG,"27,100","27,000","25,850","27,300","25,850","26,477","-1,250",-4.61,4.60,121.87,0.05,1.37,4.65,123.24,"96,250.01"
2051,15/06/2018,CTG,"26,800","26,500","27,100","27,200","26,300","26,764",300,1.12,2.91,77.93,0.00,0.00,2.91,77.93,"100,904.26"
2052,14/06/2018,CTG,"27,450","27,400","26,800","27,650","26,800","27,142",-650,-2.37,3.23,87.73,0.41,11.26,3.64,99.00,"99,787.24"
2053,13/06/2018,CTG,"27,400","27,400","27,450","27,750","27,050","27,378",50,0.18,2.89,79.08,0.00,0.00,2.89,79.08,"102,207.46"
2054,12/06/2018,CTG,"28,050","27,800","27,400","27,900","26,550","27,299",-650,-2.32,8.80,240.21,0.00,0.00,8.80,240.21,"102,021.28"
2055,11/06/2018,CTG,"28,550","28,200","28,050","28,750","28,050","28,367",-500,-1.75,4.62,131.19,0.00,0.00,4.62,131.19,"104,441.50"
2056,08/06/2018,CTG,"28,350","28,000","28,550","28,750","28,000","28,406",200,0.71,4.77,135.42,0.00,0.00,4.77,135.42,"106,303.20"
2057,07/06/2018,CTG,"28,950","29,100","28,350","29,100","28,300","28,669",-600,-2.07,5.97,171.14,0.00,0.00,5.97,171.14,"105,558.52"
2058,06/06/2018,CTG,"28,400","28,400","28,950","29,250","28,100","28,748",550,1.94,5.46,156.84,0.16,4.35,5.62,161.19,"107,792.56"
2059,05/06/2018,CTG,"27,950","27,950","28,400","28,700","27,800","28,256",450,1.61,7.85,221.80,0.05,1.45,7.90,223.25,"105,744.69"
2060,04/06/2018,CTG,"27,450","27,400","27,950","28,100","27,050","27,673",500,1.82,5.87,162.32,0.05,1.46,5.92,163.78,"104,069.16"
2061,01/06/2018,CTG,"27,100","26,800","27,450","28,150","26,700","27,465",350,1.29,7.38,202.72,0.03,0.82,7.41,203.54,"102,207.46"
2062,31/05/2018,CTG,"25,650","25,600","27,100","27,250","25,600","26,418","1,450",5.65,5.46,144.12,0.04,1.07,5.50,145.19,"100,904.26"
2063,30/05/2018,CTG,"26,050","26,000","25,650","26,650","25,550","26,085",-400,-1.54,4.72,123.14,0.03,0.78,4.75,123.92,"95,505.33"
2064,29/05/2018,CTG,"24,350","25,300","26,050","26,050","24,450","25,497","1,700",6.98,6.82,173.94,0.23,5.79,7.05,179.73,"96,994.69"
2065,28/05/2018,CTG,"26,150","25,500","24,350","25,900","24,350","24,783","-1,800",-6.88,7.90,195.87,0.15,3.75,8.05,199.62,"90,664.90"
2066,25/05/2018,CTG,"27,350","27,500","26,150","27,700","26,100","26,918","-1,200",-4.39,4.57,123.10,0.00,0.00,4.57,123.10,"97,367.03"
2067,24/05/2018,CTG,"28,000","28,000","27,350","28,200","27,100","27,648",-650,-2.32,2.61,72.15,0.00,0.00,2.61,72.15,"101,835.11"
2068,23/05/2018,CTG,"27,100","26,700","28,000","28,000","26,650","27,267",900,3.32,5.20,141.81,0.00,0.00,5.20,141.81,"104,255.33"
2069,22/05/2018,CTG,"28,800","28,200","27,100","28,750","27,000","27,719","-1,700",-5.90,6.39,177.10,0.00,0.00,6.39,177.10,"100,904.26"
2070,21/05/2018,CTG,"29,450","29,600","28,800","29,700","28,800","29,296",-650,-2.21,2.89,84.74,0.07,1.92,2.96,86.66,"107,234.05"
2071,18/05/2018,CTG,"29,200","29,500","29,450","29,650","28,150","29,069",250,0.86,5.01,145.56,0.15,4.50,5.16,150.06,"109,654.26"
2072,17/05/2018,CTG,"29,100","29,200","29,200","29,550","28,800","29,178",100,0.34,4.36,127.31,0.00,0.00,4.36,127.31,"108,723.41"
2073,16/05/2018,CTG,"29,850","29,700","29,100","29,850","28,800","29,454",-750,-2.51,6.05,178.31,0.00,0.00,6.05,178.31,"108,351.07"
2074,15/05/2018,CTG,"29,500","29,550","29,850","30,200","29,350","29,781",350,1.19,5.31,158.23,0.84,25.10,6.16,183.34,"111,143.63"
2075,14/05/2018,CTG,"29,400","29,850","29,500","29,900","29,100","29,542",100,0.34,3.61,106.71,0.00,0.00,3.61,106.71,"109,840.43"
2076,11/05/2018,CTG,"28,000","27,900","29,400","29,950","27,450","28,653","1,400",5.00,8.68,248.61,0.00,0.00,8.68,248.61,"109,468.09"
2077,10/05/2018,CTG,"30,000","29,800","28,000","30,200","28,000","29,086","-2,000",-6.67,7.04,204.90,0.02,0.64,7.06,205.53,"104,255.33"
2078,09/05/2018,CTG,"30,400","30,000","30,000","30,700","29,550","30,167",-400,-1.32,4.25,128.14,0.00,0.00,4.25,128.14,"111,702.14"
2079,08/05/2018,CTG,"30,450","30,050","30,400","31,300","30,000","30,585",-50,-0.16,8.13,248.62,0.11,3.12,8.24,251.74,"113,191.50"
2080,07/05/2018,CTG,"28,500","28,600","30,450","30,450","28,450","29,476","1,950",6.84,6.31,186.05,0.02,0.56,6.33,186.61,"113,377.67"
2081,04/05/2018,CTG,"29,000","29,200","28,500","29,400","28,300","28,935",-500,-1.72,4.31,124.69,0.24,7.07,4.55,131.75,"106,117.03"
2082,03/05/2018,CTG,"27,250","27,250","29,000","29,000","25,800","27,220","1,750",6.42,9.43,256.73,0.00,0.00,9.43,256.73,"107,978.73"
2083,02/05/2018,CTG,"29,300","29,700","27,250","29,700","27,250","28,034","-2,050",-7.00,5.40,151.34,0.02,0.60,5.42,151.94,"101,462.77"
2084,27/04/2018,CTG,"28,250","28,250","29,300","29,550","27,850","28,726","1,050",3.72,5.54,159.19,2.34,67.38,7.89,226.56,"109,095.75"
2085,26/04/2018,CTG,"30,350","30,350","28,250","30,500","28,250","28,901","-2,100",-6.92,8.26,238.76,0.24,7.92,8.51,246.68,"105,186.18"
2086,24/04/2018,CTG,"31,200","30,300","30,350","31,700","29,800","30,750",-850,-2.72,5.71,175.49,0.00,0.00,5.71,175.49,"113,005.33"
2087,23/04/2018,CTG,"33,500","33,500","31,200","33,800","31,200","32,291","-2,300",-6.87,5.67,182.97,0.12,3.99,5.79,186.95,"116,170.22"
2088,20/04/2018,CTG,"31,600","32,200","33,500","33,500","31,400","32,371","1,900",6.01,4.35,140.80,0.13,4.44,4.48,145.24,"124,734.05"
2089,19/04/2018,CTG,"33,550","33,500","31,600","33,550","31,400","32,433","-1,950",-5.81,9.52,308.67,0.00,0.00,9.52,308.67,"117,659.58"
2090,18/04/2018,CTG,"34,800","35,200","33,550","35,250","33,550","34,295","-1,250",-3.59,3.92,134.35,0.00,0.00,3.92,134.35,"124,920.22"
2091,17/04/2018,CTG,"34,000","34,100","34,800","34,800","33,650","34,242",800,2.35,3.72,127.33,0.26,8.26,3.98,135.59,"129,574.48"
2092,16/04/2018,CTG,"34,200","34,200","34,000","34,900","33,200","34,169",-200,-0.58,4.68,159.97,0.00,0.00,4.68,159.97,"126,595.75"
2093,13/04/2018,CTG,"35,700","36,000","34,200","36,100","34,150","34,849","-1,500",-4.20,8.96,312.10,0.10,3.70,9.06,315.79,"127,340.44"
2094,12/04/2018,CTG,"35,700","35,400","35,700","36,050","35,050","35,607",0,0.00,6.16,219.25,0.00,0.00,6.16,219.25,"132,925.54"
2095,11/04/2018,CTG,"37,300","37,500","35,700","37,800","35,700","36,636","-1,600",-4.29,9.28,339.87,2.60,95.36,11.88,435.22,"132,925.54"
2096,10/04/2018,CTG,"37,700","38,000","37,300","38,250","37,050","37,620",-400,-1.06,6.80,255.64,0.00,0.00,6.80,255.64,"138,882.99"
2097,09/04/2018,CTG,"35,700","35,900","37,700","37,700","35,600","36,843","2,000",5.60,12.74,469.34,0.00,0.00,12.74,469.34,"140,372.35"
2098,06/04/2018,CTG,"35,600","36,100","35,700","36,400","35,650","36,042",100,0.28,5.82,209.86,0.00,0.00,5.82,209.86,"132,925.54"
2099,05/04/2018,CTG,"35,900","36,200","35,600","36,200","35,500","35,712",-300,-0.84,4.49,160.40,0.00,0.00,4.49,160.40,"132,553.20"
2100,04/04/2018,CTG,"36,300","36,600","35,900","36,700","35,800","36,284",-400,-1.10,6.99,253.53,5.12,185.94,12.11,439.48,"133,670.22"
2101,03/04/2018,CTG,"36,200","36,200","36,300","36,500","35,900","36,193",100,0.28,5.85,211.74,0.40,15.06,6.25,226.79,"135,159.59"
2102,02/04/2018,CTG,"34,600","35,100","36,200","36,300","35,100","35,680","1,600",4.62,7.51,267.91,0.00,0.00,7.51,267.91,"134,787.24"
2103,30/03/2018,CTG,"35,000","35,000","34,600","35,050","34,050","34,630",-400,-1.14,5.40,186.89,0.10,3.60,5.50,190.49,"128,829.80"
2104,29/03/2018,CTG,"35,200","35,500","35,000","35,500","34,800","35,125",-200,-0.57,4.35,152.73,0.00,0.00,4.35,152.73,"130,319.16"
2105,28/03/2018,CTG,"35,800","35,400","35,200","35,900","35,100","35,470",-600,-1.68,4.85,172.17,0.00,0.00,4.85,172.17,"131,063.84"
2106,27/03/2018,CTG,"35,800","36,500","35,800","36,700","35,750","36,327",0,0.00,7.59,275.71,0.20,7.66,7.79,283.37,"133,297.88"
2107,26/03/2018,CTG,"34,950","34,800","35,800","35,800","34,600","35,087",850,2.43,7.78,273.15,0.04,1.44,7.82,274.58,"133,297.88"
2108,23/03/2018,CTG,"35,800","34,700","34,950","35,400","33,850","34,807",-850,-2.37,13.24,460.81,0.29,10.89,13.53,471.69,"130,132.99"
2109,22/03/2018,CTG,"36,200","36,400","35,800","36,450","35,500","36,090",-400,-1.10,9.07,327.50,0.00,0.00,9.07,327.50,"133,297.88"
2110,21/03/2018,CTG,"36,000","36,500","36,200","36,700","35,900","36,286",200,0.56,8.75,317.60,0.00,0.00,8.75,317.60,"134,787.24"
2111,20/03/2018,CTG,"36,300","35,850","36,000","36,500","35,800","36,177",-300,-0.83,9.73,351.94,0.00,0.00,9.73,351.94,"134,042.56"
2112,19/03/2018,CTG,"36,700","37,350","36,300","37,350","35,800","36,621",-400,-1.09,11.66,426.86,0.03,1.13,11.69,427.98,"135,159.59"
2113,16/03/2018,CTG,"36,600","37,000","36,700","37,200","36,150","36,758",100,0.27,7.63,280.51,0.00,0.00,7.63,280.51,"136,648.95"
2114,15/03/2018,CTG,"35,550","35,200","36,600","37,000","35,000","35,907","1,050",2.95,9.35,335.69,0.26,9.79,9.61,345.48,"136,276.61"
2115,14/03/2018,CTG,"35,700","36,000","35,550","36,600","35,300","35,993",-150,-0.42,8.60,309.51,0.00,0.00,8.60,309.51,"132,367.03"
2116,13/03/2018,CTG,"33,450","33,500","35,700","35,700","33,450","34,276","2,250",6.73,14.04,481.21,0.10,3.36,14.14,484.57,"132,925.54"
2117,12/03/2018,CTG,"32,400","33,200","33,450","33,800","33,000","32,556","1,050",3.24,9.13,305.26,0.00,0.00,9.13,305.26,"124,547.88"
2118,09/03/2018,CTG,"31,700","32,300","32,400","32,950","32,100","32,556",700,2.21,9.02,293.65,0.00,0.00,9.02,293.65,"120,638.31"
2119,08/03/2018,CTG,"31,500","31,200","31,700","32,100","31,200","31,704",200,0.63,4.45,141.10,0.04,1.03,4.49,142.13,"118,031.92"
2120,07/03/2018,CTG,"32,300","32,300","31,500","32,750","31,150","31,965",-800,-2.48,8.74,279.49,0.05,1.73,8.79,281.21,"117,287.24"
2121,06/03/2018,CTG,"30,500","31,300","32,300","32,300","30,700","31,462","1,800",5.90,8.66,272.31,0.02,0.62,8.68,272.93,"120,265.97"
2122,05/03/2018,CTG,"32,700","33,200","30,500","33,200","30,500","32,331","-2,200",-6.73,14.40,465.48,0.46,16.14,14.86,481.62,"113,563.84"
2123,02/03/2018,CTG,"32,700","31,900","32,700","33,300","31,800","32,483",0,0.00,16.33,530.52,0.00,0.00,16.33,530.52,"121,755.33"
2124,01/03/2018,CTG,"33,600","33,000","32,700","34,550","32,450","33,533",-900,-2.68,20.61,691.15,0.00,0.00,20.61,691.15,"121,755.33"
2125,28/02/2018,CTG,"32,100","31,500","33,600","34,250","31,500","33,183","1,500",4.67,18.78,623.18,0.02,0.63,18.80,623.82,"125,106.39"
2126,27/02/2018,CTG,"30,700","30,800","32,100","32,100","30,300","30,819","1,400",4.56,18.42,567.69,0.04,1.25,18.46,568.94,"119,521.29"
2127,26/02/2018,CTG,"30,400","31,200","30,700","31,600","30,400","31,217",300,0.99,15.15,473.00,0.00,0.00,15.15,473.00,"114,308.52"
2128,23/02/2018,CTG,"28,650","29,400","30,400","30,400","29,000","29,701","1,750",6.11,13.72,407.46,0.00,0.00,13.72,407.46,"113,191.50"
2129,22/02/2018,CTG,"27,850","27,500","28,650","29,550","27,500","28,757",800,2.87,18.02,518.27,0.06,1.67,18.08,519.94,"106,675.54"
2130,21/02/2018,CTG,"27,200","28,000","27,850","28,900","27,450","27,937",650,2.39,11.20,312.76,0.00,0.00,11.20,312.76,"103,696.82"
2131,13/02/2018,CTG,"26,200","27,000","27,200","27,200","26,600","26,981","1,000",3.82,4.11,110.81,0.00,0.00,4.11,110.81,"101,276.60"
2132,12/02/2018,CTG,"24,500","25,500","26,200","26,200","25,400","25,781","1,700",6.94,3.61,93.17,0.00,0.00,3.61,93.17,"97,553.20"
2133,09/02/2018,CTG,"24,500","23,100","24,500","24,700","23,050","23,749",0,0.00,4.78,113.49,0.00,0.00,4.78,113.49,"91,223.41"
2134,08/02/2018,CTG,"25,750","25,300","24,500","25,750","24,500","25,155","-1,250",-4.85,3.17,79.78,0.00,0.00,3.17,79.78,"91,223.41"
2135,07/02/2018,CTG,"24,350","25,500","25,750","26,050","25,100","25,662","1,400",5.75,5.76,147.70,0.00,0.00,5.76,147.70,"95,877.67"
2136,06/02/2018,CTG,"26,050","24,250","24,350","25,500","24,250","24,350","-1,700",-6.53,11.38,277.20,0.00,0.00,11.38,277.20,"90,664.90"
2137,05/02/2018,CTG,"28,000","27,500","26,050","28,000","26,050","27,094","-1,950",-6.96,7.74,209.58,0.00,0.00,7.74,209.58,"96,994.69"
2138,02/02/2018,CTG,"27,250","27,600","28,000","28,250","27,300","27,838",750,2.75,8.97,249.64,0.40,11.07,9.37,260.71,"104,255.33"
2139,01/02/2018,CTG,"27,200","27,700","27,250","28,400","27,100","27,605",50,0.18,7.77,214.36,0.00,0.00,7.77,214.36,"101,462.77"
2140,31/01/2018,CTG,"28,050","28,650","27,200","29,100","27,200","28,609",-850,-3.03,8.59,245.67,0.02,0.56,8.61,246.23,"101,276.60"
2141,30/01/2018,CTG,"28,300","27,500","28,050","28,200","27,300","27,722",-250,-0.88,6.54,181.23,0.10,2.86,6.64,184.09,"104,441.50"
2142,29/01/2018,CTG,"27,300","27,400","28,300","28,750","27,300","28,246","1,000",3.66,9.54,269.33,0.09,2.36,9.63,271.70,"105,372.35"
2143,26/01/2018,CTG,"26,750","27,400","27,300","27,750","26,850","27,301",550,2.06,8.63,235.59,0.00,0.00,8.63,235.59,"101,648.94"
2144,25/01/2018,CTG,"25,750","26,100","26,750","27,500","25,900","26,769","1,000",3.88,12.63,338.18,0.00,0.00,12.63,338.18,"99,601.07"
2145,22/01/2018,CTG,"25,300","25,600","25,750","25,900","25,400","25,726",450,1.78,2.81,72.20,0.00,0.00,2.81,72.20,"95,877.67"
2146,19/01/2018,CTG,"25,500","25,500","25,300","25,750","25,050","25,414",-200,-0.78,4.24,107.86,0.00,0.00,4.24,107.86,"94,202.14"
2147,18/01/2018,CTG,"25,200","25,000","25,500","25,500","24,200","24,906",300,1.19,4.94,123.07,0.00,0.00,4.94,123.07,"94,946.82"
2148,17/01/2018,CTG,"26,600","25,200","25,200","26,800","25,200","26,350","-1,400",-5.26,5.01,132.09,0.25,6.58,5.26,138.68,"93,829.79"
2149,16/01/2018,CTG,"26,100","26,100","26,600","26,950","26,100","26,574",500,1.92,7.71,204.81,0.06,1.54,7.77,206.35,"99,042.56"
2150,15/01/2018,CTG,"25,600","25,500","26,100","26,350","24,950","25,713",500,1.95,4.81,123.74,0.00,0.00,4.81,123.74,"97,180.86"
2151,12/01/2018,CTG,"25,650","25,600","25,600","26,350","25,450","25,830",-50,-0.19,5.15,133.00,0.00,0.00,5.15,133.00,"95,319.16"
2152,11/01/2018,CTG,"25,500","25,200","25,650","25,900","25,000","25,379",150,0.59,4.19,106.27,0.30,7.50,4.49,113.77,"95,505.33"
2153,10/01/2018,CTG,"25,700","25,600","25,500","26,200","25,200","25,509",-200,-0.78,9.62,245.40,0.00,0.00,9.62,245.40,"94,946.82"
2154,09/01/2018,CTG,"25,700","25,800","25,700","25,850","24,000","25,386",0,0.00,6.56,166.56,0.00,0.00,6.56,166.56,"95,691.50"
2155,08/01/2018,CTG,"25,100","25,100","25,700","25,900","24,950","25,460",600,2.39,5.02,127.75,0.50,12.96,5.52,140.71,"95,691.50"
2156,05/01/2018,CTG,"25,700","25,500","25,100","25,600","25,000","25,270",-600,-2.33,3.07,77.63,0.00,0.00,3.07,77.63,"93,457.45"
2157,04/01/2018,CTG,"24,800","24,800","25,700","25,700","24,650","25,164",900,3.63,5.00,125.71,0.30,7.68,5.30,133.39,"95,691.50"
2158,03/01/2018,CTG,"24,950","25,100","24,800","25,250","24,450","24,865",-150,-0.60,3.94,98.00,1.13,28.81,5.07,126.81,"92,340.43"
2159,02/01/2018,CTG,"24,200","24,200","24,950","25,000","23,850","24,436",750,3.10,3.97,96.92,0.25,6.31,4.22,103.24,"92,898.94"
