No,Date,Ticker,Reference,Open_price,Close_price,Highest_price,Lowest_price,Average,Change,Change_percent,Matched_volume,Matched_value,Negotiated_volume,Negotiated_value,Total_volume,Total_value,Market_cap
1,28/08/2026,FPT,"72,200","72,200","73,200","74,000","72,200","73,573","1,000",1.39,10.20,749.76,3.31,252.19,13.50,"1,001.94","125,488.69"
2,27/08/2026,FPT,"72,600","72,600","72,200","72,700","72,200","72,376",-400,-0.55,3.54,256.37,0.02,1.78,3.57,258.16,"123,774.37"
3,26/08/2026,FPT,"70,700","70,700","72,600","72,900","70,700","72,236","1,900",2.69,10.16,733.77,1.27,95.90,11.43,829.67,"124,460.10"
4,25/08/2026,FPT,"71,400","71,400","70,700","72,000","70,700","71,217",-700,-0.98,4.69,333.93,1.65,122.23,6.34,456.17,"121,202.88"
5,24/08/2026,FPT,"72,000","72,500","71,400","72,700","71,400","71,849",-600,-0.83,4.61,331.44,0.00,0.00,4.61,331.44,"122,402.91"
6,21/08/2026,FPT,"69,800","69,900","72,000","72,000","69,500","71,151","2,200",3.15,7.04,500.72,0.90,66.84,7.93,567.56,"123,431.50"
7,20/08/2026,FPT,"68,900","69,100","69,800","70,300","69,100","69,993",900,1.31,4.47,312.72,0.54,38.10,5.01,350.82,"119,659.98"
8,19/08/2026,FPT,"69,000","69,000","68,900","69,200","68,600","68,839",-100,-0.14,1.82,125.36,2.62,193.27,4.44,318.62,"118,117.09"
9,18/08/2026,FPT,"68,800","68,800","69,000","69,300","68,200","68,785",200,0.29,3.38,232.83,1.27,92.37,4.65,325.20,"118,288.52"
10,17/08/2026,FPT,"68,300","68,400","68,800","69,400","68,400","68,897",500,0.73,4.10,282.81,5.08,347.81,9.19,630.62,"117,945.66"
51,19/06/2026,FPT,"71,600","71,600","71,500","71,800","70,800","71,164",-100,-0.14,14.30,"1,018.03",0.32,24.46,14.62,"1,042.49","121,800.76"
52,18/06/2026,FPT,"72,300","72,300","71,600","72,300","71,500","71,728",-700,-0.97,13.67,980.13,2.00,153.91,15.67,"1,134.04","121,971.11"
53,17/06/2026,FPT,"73,200","73,300","72,300","73,400","72,200","72,670",-900,-1.23,10.65,774.09,1.10,80.18,11.76,854.27,"123,163.56"
54,16/06/2026,FPT,"73,600","73,700","73,200","74,200","73,100","73,448",-400,-0.54,5.82,427.59,4.07,284.57,9.89,712.17,"124,696.72"
55,15/06/2026,FPT,"73,500","74,400","73,600","75,200","73,500","73,964",100,0.14,6.42,475.27,1.33,98.52,7.75,573.79,"125,378.12"
56,12/06/2026,FPT,"73,100","73,600","73,500","74,300","73,500","73,871",400,0.55,5.69,420.32,0.89,65.84,6.58,486.16,"125,207.77"
57,11/06/2026,FPT,"74,200","73,900","73,100","73,900","73,100","73,374","-1,100",-1.48,3.51,257.33,0.40,29.32,3.91,286.65,"124,526.37"
58,10/06/2026,FPT,"73,700","73,500","74,200","74,500","73,500","73,967",500,0.68,4.74,350.32,0.49,36.32,5.23,386.64,"126,400.23"
59,09/06/2026,FPT,"72,900","73,400","73,700","74,200","72,600","73,441",800,1.10,7.77,571.15,3.23,250.81,11.01,821.96,"125,548.47"
60,08/06/2026,FPT,"75,000","73,700","72,900","74,500","72,800","73,474","-2,100",-2.80,10.91,801.65,2.79,210.00,13.70,"1,011.65","124,185.67"
61,05/06/2026,FPT,"76,100","76,000","75,000","76,000","74,300","74,905","-1,100",-1.45,11.22,840.24,1.08,80.75,12.29,920.98,"127,763.03"
62,04/06/2026,FPT,"76,500","76,700","76,100","77,200","75,800","76,390",-400,-0.52,11.30,863.32,0.78,59.39,12.08,922.71,"129,636.89"
63,03/06/2026,FPT,"74,800","75,100","76,500","77,700","75,000","76,883","1,700",2.27,25.28,"1,942.21",2.46,197.04,27.74,"2,139.25","130,318.29"
64,02/06/2026,FPT,"72,900","73,000","74,800","75,600","73,000","74,824","1,900",2.61,17.37,"1,299.67",2.05,160.17,19.42,"1,459.84","127,422.33"
65,01/06/2026,FPT,"71,600","72,200","72,900","73,400","72,100","72,638","1,300",1.82,5.97,434.00,1.03,78.75,7.00,512.74,"124,185.67"
66,29/05/2026,FPT,"71,200","71,200","71,600","72,500","70,800","71,821",400,0.56,5.45,391.45,2.80,211.88,8.25,603.33,"121,971.11"
67,28/05/2026,FPT,"72,600","72,800","71,200","73,100","71,200","71,862","-1,400",-1.93,10.65,764.71,0.00,0.00,10.65,764.71,"121,289.71"
68,27/05/2026,FPT,"74,500","74,500","73,600","75,300","73,100","73,887",-900,-1.21,9.18,678.54,0.30,22.12,9.47,700.66,"125,378.12"
69,26/05/2026,FPT,"73,500","73,600","74,500","74,600","73,600","74,132","1,000",1.36,5.10,378.41,0.38,29.63,5.49,408.04,"126,911.28"
70,25/05/2026,FPT,"75,100","74,600","73,500","75,600","73,500","74,153","-1,600",-2.13,10.44,774.18,0.35,26.15,10.79,800.33,"125,207.77"
71,22/05/2026,FPT,"76,500","76,800","75,100","77,600","75,100","76,408","-1,400",-1.83,11.67,891.66,0.87,70.84,12.53,962.50,"127,933.38"
72,21/05/2026,FPT,"77,700","77,700","76,500","77,900","75,700","76,756","-1,200",-1.54,11.81,906.39,0.68,54.74,12.49,961.13,"130,318.29"
73,20/05/2026,FPT,"74,500","74,800","77,700","78,500","72,800","75,914","3,200",4.30,25.98,"1,971.40",0.96,74.14,26.93,"2,045.54","132,362.50"
74,19/05/2026,FPT,"74,900","75,000","74,500","75,800","74,300","75,008",-400,-0.53,11.28,846.37,1.83,140.68,13.11,987.06,"126,911.28"
75,18/05/2026,FPT,"72,900","72,900","74,900","75,300","72,000","74,004","2,000",2.74,18.32,"1,358.42",0.75,57.34,19.07,"1,415.75","127,592.68"
76,15/05/2026,FPT,"73,900","74,200","72,900","74,200","72,700","73,087","-1,000",-1.35,6.39,466.65,0.00,0.00,6.39,466.65,"124,185.67"
77,14/05/2026,FPT,"70,700","71,100","73,900","75,300","71,000","73,671","3,200",4.53,21.57,"1,588.63",1.32,97.76,22.88,"1,686.39","125,889.18"
78,13/05/2026,FPT,"70,600","70,600","70,700","71,500","70,000","70,554",100,0.14,11.52,812.48,0.62,46.59,12.14,859.06,"120,437.95"
79,12/05/2026,FPT,"70,000","70,100","70,600","71,500","70,000","70,700",600,0.86,8.53,603.83,0.60,42.25,9.13,646.09,"120,267.60"
80,11/05/2026,FPT,"71,900","71,700","70,000","71,700","70,000","70,557","-1,900",-2.64,16.91,"1,192.87",0.10,7.98,17.01,"1,200.86","119,245.50"
81,08/05/2026,FPT,"73,000","73,200","71,900","73,300","71,900","72,326","-1,100",-1.51,13.44,971.99,2.70,210.02,16.14,"1,182.01","122,482.16"
82,07/05/2026,FPT,"73,300","73,900","73,000","74,300","73,000","73,363",-300,-0.41,10.19,747.69,0.77,57.01,10.96,804.70,"124,356.02"
83,06/05/2026,FPT,"74,300","74,200","73,300","74,200","73,000","73,323","-1,000",-1.35,9.46,693.57,1.70,129.05,11.15,822.62,"124,867.07"
84,05/05/2026,FPT,"73,700","73,700","74,300","74,500","72,800","73,351",600,0.81,6.84,502.03,6.25,474.84,13.09,976.87,"126,570.58"
85,04/05/2026,FPT,"75,500","74,900","73,700","75,100","73,600","74,299","-1,800",-2.38,8.29,615.69,1.74,136.78,10.02,752.47,"125,548.47"
86,29/04/2026,FPT,"74,400","73,400","75,500","75,500","73,400","74,167","1,100",1.48,9.16,683.12,1.54,122.24,10.71,805.35,"128,614.79"
87,28/04/2026,FPT,"73,400","73,400","74,400","74,400","72,900","73,354","1,000",1.36,9.50,698.34,0.32,23.59,9.82,721.93,"126,740.93"
88,24/04/2026,FPT,"74,300","74,000","73,400","74,100","73,200","73,608",-900,-1.21,10.46,769.85,0.79,62.65,11.25,832.50,"125,037.42"
89,23/04/2026,FPT,"74,600","75,000","74,300","76,000","74,100","74,561",-300,-0.40,7.97,594.33,0.00,0.00,7.97,594.33,"126,570.58"
90,22/04/2026,FPT,"75,100","75,500","74,600","75,500","74,100","74,509",-500,-0.67,8.15,606.90,0.36,28.08,8.51,634.98,"127,081.63"
91,21/04/2026,FPT,"76,900","77,000","75,100","77,400","75,100","75,856","-1,800",-2.34,7.12,540.03,1.14,91.51,8.26,631.54,"127,933.38"
92,20/04/2026,FPT,"76,000","76,300","76,900","77,000","76,100","76,615",900,1.18,6.88,526.99,0.00,0.00,6.88,526.99,"130,999.70"
93,17/04/2026,FPT,"74,100","75,000","76,000","78,000","74,900","76,567","1,900",2.56,12.35,946.07,0.34,23.59,12.69,969.66,"129,466.54"
94,16/04/2026,FPT,"75,100","75,600","74,100","75,600","74,000","74,433","-1,000",-1.33,11.32,842.16,1.19,94.12,12.50,936.28,"126,229.88"
95,15/04/2026,FPT,"76,200","76,900","75,100","77,000","75,000","75,789","-1,100",-1.44,10.05,761.32,1.73,138.10,11.78,899.42,"127,933.38"
96,14/04/2026,FPT,"76,000","77,000","76,200","77,200","76,000","76,461",200,0.26,7.09,542.21,0.02,1.56,7.11,543.76,"129,807.24"
97,13/04/2026,FPT,"77,700","76,900","76,000","77,000","75,900","76,350","-1,700",-2.19,9.56,729.84,0.34,26.30,9.90,756.14,"129,466.54"
98,10/04/2026,FPT,"78,300","78,600","77,700","79,000","77,300","77,946",-600,-0.77,6.10,475.22,0.00,0.00,6.10,475.22,"132,362.50"
99,09/04/2026,FPT,"79,100","79,100","78,300","79,200","78,100","78,576",-800,-1.01,6.27,492.62,0.22,16.37,6.49,509.00,"133,384.61"
100,08/04/2026,FPT,"74,000","76,000","79,100","79,100","75,100","77,360","5,100",6.89,14.61,"1,129.47",1.93,152.60,16.54,"1,282.08","134,747.41"
101,07/04/2026,FPT,"73,900","74,500","74,000","74,500","73,800","74,031",100,0.14,4.71,348.89,0.36,27.32,5.08,376.21,"126,059.53"
102,06/04/2026,FPT,"74,000","74,000","73,900","74,500","73,500","73,940",-100,-0.14,4.59,339.59,0.02,1.49,4.61,341.08,"125,889.18"
103,03/04/2026,FPT,"74,700","74,700","74,000","75,500","73,900","74,477",-700,-0.94,6.33,471.57,0.02,1.53,6.35,473.10,"126,059.53"
104,02/04/2026,FPT,"75,300","75,200","74,700","75,200","74,200","74,583",-600,-0.80,5.22,389.80,0.87,69.49,6.09,459.28,"127,251.98"
105,01/04/2026,FPT,"74,700","75,900","75,300","76,300","75,000","75,467",600,0.80,8.53,643.94,0.85,67.48,9.38,711.42,"128,274.09"
106,31/03/2026,FPT,"74,000","74,900","74,700","75,500","74,400","75,081",700,0.95,5.64,423.40,1.41,110.24,7.05,533.64,"127,251.98"
107,30/03/2026,FPT,"76,100","74,400","74,000","75,200","73,500","74,068","-2,100",-2.76,7.81,578.96,1.13,90.00,8.94,668.96,"126,059.53"
108,27/03/2026,FPT,"74,200","74,500","76,100","76,300","74,000","75,009","1,900",2.56,9.08,682.00,0.29,22.88,9.37,704.88,"129,636.89"
109,26/03/2026,FPT,"77,000","77,000","74,200","77,000","74,200","74,826","-2,800",-3.64,9.74,729.54,0.95,75.78,10.70,805.32,"126,400.23"
110,25/03/2026,FPT,"75,400","76,200","77,000","77,000","75,600","76,396","1,600",2.12,7.43,567.74,0.61,48.91,8.04,616.65,"131,170.05"
111,24/03/2026,FPT,"73,100","75,500","75,400","75,900","74,100","75,085","2,300",3.15,5.19,389.52,1.19,92.94,6.38,482.46,"128,444.44"
112,23/03/2026,FPT,"74,600","73,700","73,100","76,100","71,600","73,410","-1,500",-2.01,13.16,964.27,0.00,0.00,13.16,964.27,"124,526.37"
113,20/03/2026,FPT,"76,800","76,500","74,600","76,500","73,600","74,298","-2,200",-2.86,21.42,"1,590.45",1.65,134.41,23.07,"1,724.86","127,081.63"
114,19/03/2026,FPT,"78,600","77,700","76,800","77,800","76,600","77,175","-1,800",-2.29,11.60,895.45,0.00,0.00,11.60,895.45,"130,829.35"
115,18/03/2026,FPT,"79,400","80,000","78,600","80,200","78,100","79,046",-800,-1.01,6.35,502.20,1.03,80.55,7.38,582.74,"133,895.66"
116,17/03/2026,FPT,"78,200","79,400","79,400","81,300","79,100","80,076","1,200",1.53,9.22,738.08,1.84,152.30,11.06,890.38,"135,258.47"
117,16/03/2026,FPT,"77,000","77,100","78,200","79,300","77,100","78,430","1,200",1.56,8.66,678.96,0.65,52.89,9.31,731.85,"133,214.26"
118,13/03/2026,FPT,"77,700","77,100","77,000","78,500","76,300","77,293",-700,-0.90,9.03,697.76,1.58,130.71,10.60,828.47,"131,170.05"
119,12/03/2026,FPT,"80,200","78,800","77,700","79,200","77,500","78,255","-2,500",-3.12,12.72,995.54,0.18,15.44,12.91,"1,010.97","132,362.50"
120,11/03/2026,FPT,"79,500","80,000","80,200","81,000","78,300","79,583",700,0.88,10.65,848.10,5.74,485.15,16.39,"1,333.25","136,621.27"
121,10/03/2026,FPT,"75,900","76,400","79,500","79,600","76,400","78,294","3,600",4.74,21.10,"1,652.38",1.81,145.47,22.91,"1,797.85","135,428.82"
122,09/03/2026,FPT,"81,600","76,000","75,900","76,700","75,900","75,954","-5,700",-6.99,17.63,"1,339.33",0.88,77.17,18.52,"1,416.50","129,296.19"
123,06/03/2026,FPT,"84,400","84,400","81,600","84,600","81,500","82,723","-2,800",-3.32,23.71,"1,960.39",2.21,186.68,25.92,"2,147.06","139,006.18"
124,05/03/2026,FPT,"85,100","86,500","84,400","86,800","84,400","85,287",-700,-0.82,15.91,"1,356.55",1.34,120.58,17.25,"1,477.13","143,776.00"
125,04/03/2026,FPT,"87,000","86,900","85,100","87,000","84,200","85,352","-1,900",-2.18,23.76,"2,026.99",2.67,243.13,26.42,"2,270.12","144,968.46"
126,03/03/2026,FPT,"89,600","90,100","87,000","90,900","87,000","88,387","-2,600",-2.90,16.50,"1,458.73",1.58,150.60,18.08,"1,609.34","148,205.12"
127,02/03/2026,FPT,"92,900","90,100","89,600","91,500","89,300","90,438","-3,300",-3.55,17.25,"1,559.65",1.16,115.36,18.41,"1,675.00","152,634.24"
128,27/02/2026,FPT,"90,500","91,000","92,900","93,500","90,300","91,878","2,400",2.65,18.71,"1,721.11",0.80,67.36,19.51,"1,788.47","158,255.81"
129,26/02/2026,FPT,"89,100","90,000","90,500","92,200","89,900","90,664","1,400",1.57,17.53,"1,589.64",0.64,60.74,18.17,"1,650.38","154,167.39"
130,25/02/2026,FPT,"92,500","92,200","89,100","92,500","89,000","90,076","-3,400",-3.68,47.73,"4,299.38",0.38,35.08,48.11,"4,334.46","151,782.48"
131,24/02/2026,FPT,"94,500","94,000","92,500","94,000","92,500","93,012","-2,000",-2.12,28.54,"2,653.34",1.15,115.61,29.69,"2,768.95","157,574.41"
132,23/02/2026,FPT,"96,300","96,800","94,500","96,800","93,100","94,417","-1,800",-1.87,22.66,"2,139.82",0.00,0.00,22.66,"2,139.82","160,981.42"
133,13/02/2026,FPT,"98,800","98,100","96,300","98,500","96,300","97,173","-2,500",-2.53,18.51,"1,796.67",0.28,27.01,18.79,"1,823.68","164,047.74"
134,12/02/2026,FPT,"98,600","99,000","98,800","99,200","98,400","98,677",200,0.20,4.13,407.10,1.24,130.89,5.37,537.99,"168,306.50"
135,11/02/2026,FPT,"97,800","98,200","98,600","99,500","97,400","98,562",800,0.82,5.51,543.02,0.94,98.53,6.45,641.56,"167,965.80"
136,10/02/2026,FPT,"99,000","99,900","97,800","99,900","97,300","98,276","-1,200",-1.21,6.11,600.57,1.16,121.19,7.27,721.75,"166,603.00"
137,09/02/2026,FPT,"97,600","98,800","99,000","99,400","97,900","98,654","1,400",1.43,5.11,504.23,1.40,146.26,6.51,650.49,"168,647.20"
138,06/02/2026,FPT,"99,000","98,000","97,600","100,000","96,700","98,212","-1,400",-1.41,9.77,958.75,1.00,105.90,10.77,"1,064.65","166,262.30"
139,05/02/2026,FPT,"101,900","101,200","99,000","101,900","99,000","99,659","-2,900",-2.85,18.09,"1,803.61",0.00,0.00,18.09,"1,803.61","168,647.20"
140,04/02/2026,FPT,"103,900","103,100","101,900","103,500","101,500","102,244","-2,000",-1.92,11.64,"1,189.35",4.00,441.34,15.64,"1,630.70","173,587.38"
141,03/02/2026,FPT,"104,300","104,900","103,900","105,400","102,900","103,790",-400,-0.38,9.10,944.94,0.44,46.19,9.54,991.13,"176,994.39"
142,02/02/2026,FPT,"104,500","103,300","104,300","104,300","101,600","102,774",-200,-0.19,9.33,959.45,1.73,190.80,11.06,"1,150.25","177,675.79"
143,30/01/2026,FPT,"106,100","106,400","104,500","106,400","103,900","104,840","-1,600",-1.51,10.83,"1,134.70",1.29,140.93,12.13,"1,275.64","178,016.49"
144,29/01/2026,FPT,"104,500","105,000","106,100","107,200","103,700","105,740","1,600",1.53,14.25,"1,505.22",0.20,22.36,14.45,"1,527.58","180,742.11"
145,28/01/2026,FPT,"102,100","102,400","104,500","105,800","102,300","104,467","2,400",2.35,11.95,"1,248.33",2.13,228.36,14.08,"1,476.69","178,016.49"
146,27/01/2026,FPT,"98,500","99,600","102,100","102,500","99,100","101,140","3,600",3.65,10.59,"1,070.98",0.80,80.52,11.38,"1,151.50","173,928.08"
147,26/01/2026,FPT,"101,000","100,200","98,500","101,600","98,000","99,489","-2,500",-2.48,11.18,"1,112.30",1.11,114.59,12.29,"1,226.90","167,795.45"
148,23/01/2026,FPT,"103,500","103,600","101,000","104,600","101,000","102,412","-2,500",-2.42,9.42,964.21,0.20,20.40,9.61,984.62,"172,054.22"
149,22/01/2026,FPT,"105,000","105,500","103,500","105,800","103,500","104,770","-1,500",-1.43,8.10,848.17,0.00,0.00,8.10,848.17,"176,312.99"
150,21/01/2026,FPT,"104,100","103,200","105,000","106,500","101,100","103,244",900,0.86,14.52,"1,500.35",1.93,206.38,16.45,"1,706.74","178,868.25"
151,20/01/2026,FPT,"105,800","106,100","104,100","107,000","104,000","105,054","-1,700",-1.61,12.21,"1,282.98",1.38,149.71,13.59,"1,432.70","177,335.09"
152,19/01/2026,FPT,"105,300","108,700","105,800","108,700","105,500","107,128",500,0.47,14.71,"1,576.84",0.35,37.60,15.06,"1,614.44","180,231.05"
153,16/01/2026,FPT,"98,500","99,500","105,300","105,300","99,500","103,322","6,800",6.90,23.87,"2,472.60",0.02,2.04,23.89,"2,474.64","179,379.30"
154,15/01/2026,FPT,"99,800","99,800","98,500","101,700","98,400","99,567","-1,300",-1.30,7.40,737.42,2.83,293.18,10.23,"1,030.60","167,795.45"
155,14/01/2026,FPT,"98,900","99,000","99,800","101,100","97,800","99,291",900,0.91,11.90,"1,181.26",2.43,247.96,14.33,"1,429.22","170,010.01"
156,13/01/2026,FPT,"99,500","99,700","98,900","101,700","97,900","98,526",-600,-0.60,9.41,937.39,0.00,0.00,9.41,937.39,"168,476.85"
157,12/01/2026,FPT,"97,400","98,000","99,500","99,500","98,000","98,978","2,100",2.16,9.08,898.45,0.00,0.00,9.08,898.45,"169,498.96"
158,09/01/2026,FPT,"96,500","96,100","97,400","99,900","96,000","98,240",900,0.93,10.05,986.34,0.25,24.35,10.29,"1,010.69","165,921.59"
159,08/01/2026,FPT,"97,500","98,100","96,500","98,100","96,500","97,007","-1,000",-1.03,5.58,540.88,0.41,41.23,5.99,582.11,"164,388.44"
160,07/01/2026,FPT,"94,000","94,100","97,500","97,600","94,000","96,343","3,500",3.72,11.43,"1,099.66",0.54,51.66,11.96,"1,151.32","166,091.94"
161,06/01/2026,FPT,"95,000","94,700","94,000","94,800","93,600","94,106","-1,000",-1.05,5.40,508.20,0.18,16.95,5.58,525.15,"160,129.67"
162,05/01/2026,FPT,"95,800","95,700","95,000","95,700","93,200","94,282",-800,-0.84,7.03,663.18,0.10,9.43,7.13,672.62,"161,833.18"
163,31/12/2025,FPT,"96,500","96,800","95,800","97,000","95,200","95,986",-700,-0.73,3.08,295.70,0.00,0.00,3.08,295.70,"163,195.98"
164,30/12/2025,FPT,"94,300","94,500","96,500","96,600","94,300","95,958","2,200",2.33,7.27,697.62,0.28,26.56,7.55,724.18,"164,388.44"
165,29/12/2025,FPT,"92,500","92,500","94,300","94,900","92,500","94,018","1,800",1.95,6.30,592.38,0.06,5.66,6.36,598.05,"160,640.72"
166,26/12/2025,FPT,"93,000","92,700","92,500","93,000","91,000","91,959",-500,-0.54,6.61,608.53,1.11,108.66,7.72,717.19,"157,574.41"
167,25/12/2025,FPT,"93,600","93,600","93,000","94,800","93,000","93,409",-600,-0.64,4.57,426.36,0.33,31.97,4.90,458.33,"158,426.16"
168,24/12/2025,FPT,"94,000","94,100","93,600","94,200","93,100","93,762",-400,-0.43,3.90,365.74,0.06,5.57,3.96,371.30,"159,448.27"
169,23/12/2025,FPT,"93,700","94,000","94,000","95,900","93,600","94,422",300,0.32,6.01,567.15,1.64,162.18,7.64,729.34,"160,129.67"
170,22/12/2025,FPT,"93,900","94,100","93,700","94,300","93,500","93,836",-200,-0.21,6.14,576.49,0.80,72.97,6.94,649.46,"159,618.62"
171,19/12/2025,FPT,"94,400","94,000","93,900","95,000","93,600","94,091",-500,-0.53,4.49,422.71,0.80,74.15,5.29,496.86,"159,959.32"
172,18/12/2025,FPT,"95,900","95,500","94,400","95,600","93,900","94,236","-1,500",-1.56,4.12,387.89,0.00,0.00,4.12,387.89,"160,811.07"
173,17/12/2025,FPT,"94,900","94,400","95,900","96,300","94,400","95,463","1,000",1.05,4.97,474.45,0.64,64.81,5.61,539.26,"163,366.33"
174,16/12/2025,FPT,"93,800","93,900","94,900","95,400","92,000","93,582","1,100",1.17,6.30,589.05,0.00,0.00,6.30,589.05,"161,662.83"
175,15/12/2025,FPT,"93,700","93,900","93,800","94,400","93,500","93,930",100,0.11,3.52,330.99,0.00,0.00,3.52,330.99,"159,788.97"
176,12/12/2025,FPT,"96,000","96,000","93,700","96,000","93,500","95,020","-2,300",-2.40,5.52,524.10,0.10,9.00,5.62,533.10,"159,618.62"
177,11/12/2025,FPT,"95,600","95,900","96,000","96,600","95,600","96,153",400,0.42,5.20,500.05,0.63,60.99,5.84,561.05,"163,536.68"
178,10/12/2025,FPT,"96,900","97,100","95,600","97,100","95,600","96,299","-1,300",-1.34,3.89,374.76,0.10,9.85,4.00,384.61,"162,855.28"
179,09/12/2025,FPT,"95,500","95,500","96,900","97,000","94,400","95,271","1,400",1.47,9.96,949.12,1.10,111.91,11.06,"1,061.03","165,069.84"
180,08/12/2025,FPT,"96,200","96,600","95,500","97,300","95,500","96,139",-700,-0.73,5.28,507.57,0.32,30.93,5.60,538.50,"162,684.93"
181,05/12/2025,FPT,"97,500","97,500","96,200","97,500","96,100","96,611","-1,300",-1.33,5.06,489.03,1.02,92.79,6.08,581.81,"163,877.39"
182,04/12/2025,FPT,"96,600","96,600","97,500","98,500","96,600","97,519",900,0.93,7.39,720.52,0.88,89.65,8.27,810.17,"166,091.94"
183,03/12/2025,FPT,"96,600","97,000","96,600","97,000","96,000","96,250",0,0.00,6.48,623.15,0.08,7.60,6.56,630.75,"164,558.79"
184,02/12/2025,FPT,"96,600","96,800","96,600","97,300","95,400","96,047",0,0.00,5.56,533.84,0.00,0.00,5.56,533.84,"164,558.79"
185,01/12/2025,FPT,"96,100","96,900","96,600","97,700","96,100","96,946",500,0.52,3.13,303.07,1.86,172.57,4.99,475.64,"164,558.79"
186,28/11/2025,FPT,"99,500","99,100","97,100","99,400","97,100","97,972","-2,400",-2.41,6.21,608.27,1.89,191.79,8.10,800.06,"165,410.54"
187,27/11/2025,FPT,"99,000","99,200","99,500","99,800","98,100","98,921",500,0.51,4.78,473.21,1.57,160.57,6.35,633.78,"169,498.96"
188,26/11/2025,FPT,"99,700","99,800","99,000","100,200","98,900","99,433",-700,-0.70,5.83,579.80,1.78,180.48,7.62,760.28,"168,647.20"
189,25/11/2025,FPT,"100,200","99,700","99,700","100,300","99,000","99,583",-500,-0.50,4.49,447.61,1.94,205.51,6.44,653.12,"169,839.66"
190,24/11/2025,FPT,"100,800","100,700","100,200","101,100","99,600","100,277",-600,-0.60,5.06,507.10,1.22,130.15,6.28,637.25,"170,691.41"
191,21/11/2025,FPT,"99,000","98,000","100,800","101,200","97,800","99,131","1,800",1.82,7.94,787.58,0.00,0.00,7.94,787.58,"171,713.52"
192,20/11/2025,FPT,"98,000","98,600","99,000","99,700","98,100","98,934","1,000",1.02,4.59,454.37,0.76,76.12,5.35,530.48,"168,647.20"
193,19/11/2025,FPT,"100,000","99,500","98,000","99,500","98,000","98,592","-2,000",-2.00,5.17,509.54,2.45,257.74,7.62,767.28,"166,943.70"
194,18/11/2025,FPT,"101,000","101,000","100,000","101,100","98,800","99,718","-1,000",-0.99,6.50,648.33,0.16,16.15,6.66,664.48,"170,350.71"
195,17/11/2025,FPT,"100,000","100,600","101,000","101,800","100,600","101,081","1,000",1.00,5.59,564.37,2.72,285.94,8.31,850.31,"172,054.22"
196,14/11/2025,FPT,"98,900","98,900","100,000","100,900","98,200","99,714","1,100",1.11,4.70,468.61,1.54,154.04,6.23,622.65,"170,350.71"
197,13/11/2025,FPT,"100,600","100,600","98,900","100,700","98,700","99,417","-1,700",-1.69,4.76,473.02,5.47,578.15,10.22,"1,051.17","168,476.85"
198,12/11/2025,FPT,"96,100","96,500","100,600","100,600","96,500","98,367","4,500",4.68,6.64,654.32,0.03,3.00,6.67,657.32,"171,372.82"
199,11/11/2025,FPT,"96,200","96,800","96,100","97,900","96,100","96,795",-100,-0.10,6.62,641.24,0.67,64.99,7.29,706.23,"163,707.03"
200,10/11/2025,FPT,"101,000","101,200","96,200","101,200","96,200","98,391","-4,800",-4.75,10.07,990.52,1.79,188.11,11.86,"1,178.62","163,877.39"
201,07/11/2025,FPT,"100,200","99,500","101,000","101,800","99,500","100,761",800,0.80,5.86,590.80,0.16,16.27,6.03,607.07,"172,054.22"
202,06/11/2025,FPT,"100,900","100,900","100,200","102,000","99,400","100,647",-700,-0.69,6.75,679.93,0.02,2.06,6.77,681.99,"170,691.41"
203,05/11/2025,FPT,"103,300","101,800","100,900","102,000","99,600","100,801","-2,400",-2.32,11.74,"1,183.62",1.52,160.32,13.26,"1,343.94","171,883.87"
204,04/11/2025,FPT,"105,000","104,100","103,300","104,700","101,700","103,258","-1,700",-1.62,10.62,"1,096.45",7.04,730.13,17.66,"1,826.58","175,972.29"
205,03/11/2025,FPT,"103,900","103,800","105,000","106,300","103,500","105,576","1,100",1.06,20.96,"2,212.58",0.00,0.00,20.96,"2,212.58","178,868.25"
206,31/10/2025,FPT,"102,700","102,600","103,900","103,900","101,000","102,576","1,200",1.17,14.83,"1,525.96",2.44,259.70,17.27,"1,785.66","176,994.39"
207,30/10/2025,FPT,"101,700","102,100","102,700","103,500","101,600","102,727","1,000",0.98,9.73,999.29,0.02,2.04,9.75,"1,001.33","174,950.18"
208,29/10/2025,FPT,"102,200","102,400","101,700","103,200","101,100","102,202",-500,-0.49,9.30,951.08,0.02,2.02,9.32,953.10,"173,246.67"
209,28/10/2025,FPT,"98,000","98,600","102,200","102,200","98,600","101,311","4,200",4.29,20.91,"2,118.32",6.37,624.56,27.28,"2,742.88","174,098.43"
210,27/10/2025,FPT,"97,700","99,000","98,000","99,700","96,300","98,692",300,0.31,12.90,"1,273.14",0.00,0.00,12.90,"1,273.14","166,943.70"
211,24/10/2025,FPT,"95,000","95,000","97,700","97,700","94,700","96,926","2,700",2.84,13.76,"1,332.97",1.50,146.25,15.26,"1,479.22","166,432.65"
212,23/10/2025,FPT,"97,000","97,200","95,000","97,300","94,000","95,752","-2,000",-2.06,6.65,636.24,2.32,213.34,8.97,849.59,"161,833.18"
213,22/10/2025,FPT,"93,000","95,200","97,000","99,000","95,000","96,757","4,000",4.30,18.31,"1,772.60",0.99,95.16,19.30,"1,867.76","165,240.19"
214,21/10/2025,FPT,"87,000","89,000","93,000","93,000","88,500","91,167","6,000",6.90,19.52,"1,783.24",2.13,187.50,21.65,"1,970.74","158,426.16"
215,20/10/2025,FPT,"88,100","88,300","87,000","91,800","87,000","89,080","-1,100",-1.25,14.58,"1,297.41",0.08,6.75,14.66,"1,304.16","148,205.12"
216,17/10/2025,FPT,"89,800","90,100","88,100","91,500","88,100","89,760","-1,700",-1.89,8.37,751.14,0.36,34.08,8.73,785.22,"150,078.98"
217,16/10/2025,FPT,"89,600","89,800","89,800","91,500","89,600","90,205",200,0.22,7.93,715.14,0.08,6.75,8.00,721.89,"152,974.94"
218,15/10/2025,FPT,"92,400","92,600","89,600","93,100","89,500","90,869","-2,800",-3.03,18.74,"1,701.79",0.00,0.00,18.74,"1,701.79","152,634.24"
219,14/10/2025,FPT,"94,000","94,100","92,400","94,500","92,400","92,976","-1,600",-1.70,12.66,"1,176.35",0.25,24.13,12.91,"1,200.47","157,404.06"
220,13/10/2025,FPT,"96,100","94,900","94,000","94,900","93,700","94,106","-2,100",-2.19,7.92,744.93,3.24,307.81,11.15,"1,052.74","160,129.67"
221,10/10/2025,FPT,"94,200","94,200","96,100","96,500","93,800","95,747","1,900",2.02,8.59,822.28,0.00,0.00,8.59,822.28,"163,707.03"
222,09/10/2025,FPT,"94,500","95,000","94,200","95,000","93,500","94,084",-300,-0.32,5.72,537.91,1.40,136.63,7.12,674.54,"160,470.37"
223,08/10/2025,FPT,"95,500","95,500","94,500","96,900","94,500","95,613","-1,000",-1.05,5.13,490.78,1.16,115.94,6.29,606.72,"160,981.42"
224,07/10/2025,FPT,"95,500","96,000","95,500","96,300","95,200","95,808",0,0.00,6.00,574.78,1.34,129.00,7.34,703.78,"162,684.93"
225,06/10/2025,FPT,"93,400","94,300","95,500","95,900","93,500","95,080","2,100",2.25,6.58,625.66,4.60,430.53,11.18,"1,056.18","162,684.93"
226,03/10/2025,FPT,"92,100","92,200","93,400","94,000","92,100","93,156","1,300",1.41,7.68,715.57,0.00,0.00,7.68,715.57,"159,107.57"
227,02/10/2025,FPT,"93,400","92,900","92,100","93,400","92,000","92,601","-1,300",-1.39,7.93,734.53,2.36,225.46,10.29,959.99,"156,893.01"
228,01/10/2025,FPT,"93,000","93,200","93,400","94,500","91,400","93,127",400,0.43,7.41,689.48,0.00,0.00,7.41,689.48,"159,107.57"
229,30/09/2025,FPT,"95,500","95,500","93,000","95,800","92,800","93,690","-2,500",-2.62,12.02,"1,125.54",1.88,181.58,13.89,"1,307.12","158,426.16"
230,29/09/2025,FPT,"97,500","97,800","95,500","97,800","95,500","96,172","-2,000",-2.05,10.43,"1,003.03",1.09,109.07,11.52,"1,112.11","162,684.93"
231,26/09/2025,FPT,"98,000","98,200","97,500","99,300","97,400","97,887",-500,-0.51,8.08,791.21,1.00,98.11,9.08,889.32,"166,091.94"
232,25/09/2025,FPT,"99,500","99,500","98,000","99,500","97,900","98,215","-1,500",-1.51,8.63,847.21,1.18,122.24,9.81,969.46,"166,943.70"
233,24/09/2025,FPT,"98,000","98,100","99,500","99,500","97,400","98,003","1,500",1.53,7.42,727.52,0.29,28.42,7.71,755.94,"169,498.96"
234,23/09/2025,FPT,"99,700","100,000","98,000","100,000","97,500","98,474","-1,700",-1.71,18.29,"1,801.42",2.12,214.60,20.41,"2,016.02","166,943.70"
235,22/09/2025,FPT,"103,000","102,500","99,700","102,700","99,600","100,466","-3,300",-3.20,16.28,"1,634.89",0.83,83.49,17.11,"1,718.38","169,839.66"
236,19/09/2025,FPT,"103,000","103,800","103,000","103,800","100,500","101,862",0,0.00,23.51,"2,404.04",0.65,67.72,24.16,"2,471.76","175,461.23"
237,18/09/2025,FPT,"105,500","106,000","103,000","106,300","103,000","104,012","-2,500",-2.37,8.20,852.45,3.57,384.42,11.77,"1,236.87","175,461.23"
238,17/09/2025,FPT,"103,500","104,000","105,500","107,800","104,000","106,182","2,000",1.93,20.02,"2,125.20",1.50,159.16,21.51,"2,284.36","179,720.00"
239,16/09/2025,FPT,"101,900","102,700","103,500","104,800","102,000","103,242","1,600",1.57,17.53,"1,810.27",0.45,46.30,17.98,"1,856.57","176,312.99"
240,15/09/2025,FPT,"101,600","101,900","101,900","103,500","101,500","102,067",300,0.30,14.12,"1,441.53",0.02,1.98,14.14,"1,443.52","173,587.38"
241,12/09/2025,FPT,"102,000","102,000","101,600","102,900","101,100","101,641",-400,-0.39,7.45,757.09,1.42,149.52,8.86,906.61,"173,076.32"
242,11/09/2025,FPT,"101,200","101,200","102,000","102,900","100,500","101,615",800,0.79,7.41,753.32,0.00,0.00,7.41,753.32,"173,757.73"
243,10/09/2025,FPT,"102,100","102,100","101,200","102,900","101,100","101,610",-900,-0.88,5.50,558.74,2.83,295.89,8.33,854.63,"172,394.92"
244,09/09/2025,FPT,"101,900","102,000","102,100","103,000","101,000","101,854",200,0.20,6.46,658.07,1.37,139.25,7.83,797.33,"173,928.08"
245,08/09/2025,FPT,"103,400","103,000","101,900","103,900","101,900","102,457","-1,500",-1.45,10.60,"1,086.14",3.64,373.56,14.24,"1,459.71","173,587.38"
246,05/09/2025,FPT,"105,000","105,200","103,400","105,500","103,400","104,275","-1,600",-1.52,8.81,917.89,1.93,205.81,10.73,"1,123.71","176,142.64"
247,04/09/2025,FPT,"103,200","103,300","105,000","105,500","103,200","104,640","1,800",1.74,11.03,"1,154.72",4.62,489.13,15.65,"1,643.85","178,868.25"
248,03/09/2025,FPT,"101,600","102,000","103,200","103,300","100,000","101,390","1,600",1.57,9.74,988.58,2.29,235.42,12.03,"1,224.00","175,801.93"
249,29/08/2025,FPT,"104,500","105,000","101,600","105,000","101,600","102,990","-2,900",-2.78,11.09,"1,141.80",0.81,87.05,11.90,"1,228.85","173,076.32"
250,28/08/2025,FPT,"105,000","105,100","104,500","105,100","102,800","104,425",-500,-0.48,6.28,655.59,1.22,121.12,7.50,776.71,"178,016.49"
251,27/08/2025,FPT,"100,000","101,400","105,000","105,100","101,200","104,077","5,000",5.00,19.44,"2,022.35",0.29,30.53,19.73,"2,052.88","178,868.25"
252,26/08/2025,FPT,"98,800","98,800","100,000","100,000","97,900","98,736","1,200",1.21,5.81,574.54,0.00,0.00,5.81,574.54,"170,350.71"
253,25/08/2025,FPT,"99,000","102,000","98,800","102,000","98,800","99,835",-200,-0.20,6.74,673.76,1.06,105.50,7.79,779.26,"146,355.42"
254,22/08/2025,FPT,"101,700","101,600","99,000","101,600","98,800","99,660","-2,700",-2.65,7.21,718.89,0.00,0.00,7.21,718.89,"146,651.68"
255,21/08/2025,FPT,"97,700","97,700","101,700","102,900","97,700","99,316","4,000",4.09,12.62,"1,257.88",0.45,45.78,13.08,"1,303.66","150,651.27"
256,20/08/2025,FPT,"100,300","100,100","97,700","100,300","97,500","98,810","-2,600",-2.59,19.97,"1,974.32",0.00,0.00,19.97,"1,974.32","144,725.95"
257,19/08/2025,FPT,"100,500","100,600","100,300","101,500","100,000","100,497",-200,-0.20,9.15,919.76,0.00,0.00,9.15,919.76,"148,577.41"
258,18/08/2025,FPT,"101,400","101,400","100,500","103,000","100,000","101,160",-900,-0.89,11.39,"1,152.18",0.00,0.00,11.39,"1,152.18","148,873.68"
259,15/08/2025,FPT,"103,800","103,800","101,400","104,800","101,300","102,464","-2,400",-2.31,18.62,"1,909.04",0.03,3.26,18.65,"1,912.29","150,206.87"
260,14/08/2025,FPT,"105,100","105,800","103,800","105,800","103,700","104,183","-1,300",-1.24,17.91,"1,865.29",0.00,0.00,17.91,"1,865.29","153,762.07"
261,13/08/2025,FPT,"107,500","107,600","105,100","107,800","104,900","105,604","-2,400",-2.23,21.85,"2,307.48",0.42,46.93,22.26,"2,354.41","155,687.80"
262,12/08/2025,FPT,"106,400","107,400","107,500","108,200","106,600","107,268","1,100",1.03,11.01,"1,181.10",0.00,0.00,11.01,"1,181.10","159,242.99"
263,11/08/2025,FPT,"105,600","105,900","106,400","109,500","105,300","107,030",800,0.76,10.28,"1,100.29",0.00,0.00,10.28,"1,100.29","157,613.52"
264,08/08/2025,FPT,"106,200","106,500","105,600","107,400","104,800","105,519",-600,-0.56,9.18,969.07,0.76,83.93,9.95,"1,053.00","156,428.46"
265,07/08/2025,FPT,"104,900","105,600","106,200","107,400","104,900","105,985","1,300",1.24,9.57,"1,014.35",1.65,180.15,11.22,"1,194.49","157,317.26"
266,06/08/2025,FPT,"105,800","106,000","104,900","106,200","104,500","104,980",-900,-0.85,11.81,"1,240.56",0.90,95.08,12.71,"1,335.64","155,391.53"
267,05/08/2025,FPT,"106,600","107,000","105,800","108,700","105,000","106,706",-800,-0.75,11.40,"1,216.85",0.87,92.19,12.26,"1,309.04","156,724.73"
268,04/08/2025,FPT,"107,000","106,500","106,600","106,600","104,800","105,588",-400,-0.37,4.62,488.07,0.94,100.05,5.55,588.12,"157,909.79"
269,01/08/2025,FPT,"104,000","103,700","107,000","107,400","101,500","103,102","3,000",2.88,10.89,"1,126.29",1.10,118.14,11.99,"1,244.44","158,502.32"
270,31/07/2025,FPT,"106,100","106,100","104,000","106,900","103,800","104,462","-2,100",-1.98,8.94,934.03,0.04,4.54,8.98,938.57,"154,058.33"
271,30/07/2025,FPT,"106,000","107,000","106,100","108,000","105,300","106,500",100,0.09,7.49,797.31,0.00,0.00,7.49,797.31,"157,169.13"
272,29/07/2025,FPT,"111,300","111,300","106,000","111,600","106,000","108,945","-5,300",-4.76,16.06,"1,750.57",0.73,83.95,16.79,"1,834.52","157,020.99"
273,28/07/2025,FPT,"110,700","110,800","111,300","111,600","110,500","110,902",600,0.54,7.61,844.40,0.00,0.00,7.61,844.40,"164,872.04"
274,25/07/2025,FPT,"111,100","111,100","110,700","111,500","110,500","110,759",-400,-0.36,5.14,568.94,0.00,0.00,5.14,568.94,"163,983.24"
275,24/07/2025,FPT,"111,800","112,000","111,100","112,100","110,800","111,244",-700,-0.63,6.42,714.24,0.18,19.85,6.60,734.10,"164,575.78"
276,23/07/2025,FPT,"112,100","112,300","111,800","112,800","111,300","112,040",-300,-0.27,4.80,537.26,0.00,0.00,4.80,537.26,"165,612.71"
277,22/07/2025,FPT,"110,300","110,300","112,100","112,200","108,700","110,823","1,800",1.63,6.89,764.18,0.21,23.68,7.10,787.86,"166,057.11"
278,21/07/2025,FPT,"109,600","112,400","110,300","112,400","110,300","111,462",700,0.64,7.56,842.93,1.20,135.71,8.77,978.63,"163,390.71"
279,18/07/2025,FPT,"127,000","128,000","126,000","128,000","126,000","126,713","-1,000",-0.79,6.49,822.80,0.50,64.16,7.00,886.97,"186,647.60"
280,17/07/2025,FPT,"126,300","126,700","127,000","129,100","126,000","127,316",700,0.55,8.33,"1,060.76",0.68,88.01,9.01,"1,148.77","188,128.93"
281,16/07/2025,FPT,"126,000","126,700","126,300","127,000","125,100","125,953",300,0.24,5.06,637.80,0.00,0.00,5.06,637.80,"187,091.99"
282,15/07/2025,FPT,"127,100","126,600","126,000","127,800","126,000","126,902","-1,100",-0.87,5.60,710.38,0.09,10.06,5.69,720.44,"186,647.60"
283,14/07/2025,FPT,"126,600","127,200","127,100","127,900","125,000","126,620",500,0.39,5.98,756.95,1.76,224.73,7.74,981.68,"188,277.06"
284,11/07/2025,FPT,"123,900","125,000","126,600","128,000","124,600","126,429","2,700",2.18,10.74,"1,356.81",0.26,32.95,11.00,"1,389.75","187,536.39"
285,10/07/2025,FPT,"122,800","123,800","123,900","125,300","123,500","124,131","1,100",0.90,5.18,642.65,0.22,28.04,5.40,670.69,"183,536.80"
286,09/07/2025,FPT,"124,500","124,800","122,800","124,900","122,300","123,241","-1,700",-1.37,12.20,"1,503.96",0.26,32.34,12.46,"1,536.30","181,907.34"
287,08/07/2025,FPT,"123,800","124,100","124,500","125,700","124,000","124,896",700,0.57,8.06,"1,007.08",0.00,0.00,8.06,"1,007.08","184,425.60"
288,07/07/2025,FPT,"122,500","123,300","123,800","124,700","123,000","123,828","1,300",1.06,6.38,790.60,1.06,131.48,7.44,922.08,"183,388.67"
289,04/07/2025,FPT,"118,000","118,500","122,500","123,400","118,400","121,418","4,500",3.81,12.83,"1,555.06",0.73,85.95,13.55,"1,641.00","181,462.94"
290,03/07/2025,FPT,"118,600","118,500","118,000","119,800","117,800","118,770",-600,-0.51,6.30,748.75,0.94,113.87,7.24,862.62,"174,796.95"
291,02/07/2025,FPT,"118,800","118,500","118,600","118,700","117,600","117,986",-200,-0.17,3.66,432.07,0.98,114.97,4.64,547.04,"175,685.75"
292,01/07/2025,FPT,"118,200","119,000","118,800","119,500","118,200","118,868",600,0.51,4.61,547.83,8.03,935.93,12.64,"1,483.75","175,982.02"
293,30/06/2025,FPT,"117,300","117,900","118,200","119,500","117,600","118,678",900,0.77,6.86,813.84,1.18,141.65,8.04,955.49,"175,093.22"
294,27/06/2025,FPT,"117,000","117,000","117,300","118,300","116,900","117,725",300,0.26,5.26,619.72,0.70,82.31,5.96,702.03,"173,760.02"
295,26/06/2025,FPT,"117,100","118,000","117,000","118,300","116,600","117,128",-100,-0.09,4.13,484.10,0.10,10.90,4.23,495.00,"173,315.62"
296,25/06/2025,FPT,"116,500","117,000","117,100","119,400","117,000","118,135",600,0.52,6.00,709.03,1.35,157.10,7.35,866.13,"173,463.76"
297,24/06/2025,FPT,"115,900","116,300","116,500","117,000","116,300","116,545",600,0.52,4.27,497.87,8.68,"1,006.82",12.95,"1,504.69","172,574.96"
298,23/06/2025,FPT,"116,100","115,500","115,900","116,300","114,500","115,733",-200,-0.17,4.59,530.86,1.35,152.49,5.94,683.35,"171,686.16"
299,20/06/2025,FPT,"116,000","116,100","116,100","116,900","115,800","116,125",100,0.09,4.34,503.83,1.26,150.97,5.60,654.80,"171,982.43"
300,19/06/2025,FPT,"117,000","117,000","116,000","117,100","115,700","116,163","-1,000",-0.85,5.40,628.20,1.33,160.35,6.73,788.55,"171,834.29"
301,18/06/2025,FPT,"118,800","118,800","117,000","119,500","116,400","118,037","-1,800",-1.52,6.56,773.59,1.09,128.81,7.64,902.39,"173,315.62"
302,17/06/2025,FPT,"119,000","119,000","118,800","119,300","118,200","118,759",-200,-0.17,4.60,546.31,1.33,162.19,5.93,708.50,"175,982.02"
303,16/06/2025,FPT,"115,400","115,100","119,000","119,800","115,000","117,875","3,600",3.12,8.07,951.41,0.57,66.57,8.64,"1,017.98","176,278.28"
304,13/06/2025,FPT,"117,000","116,000","115,400","116,500","114,900","115,121","-1,600",-1.37,6.16,711.54,0.00,0.00,6.16,711.54,"169,761.38"
305,12/06/2025,FPT,"116,900","117,600","117,000","117,700","116,500","116,823",100,0.09,4.15,485.68,0.09,10.52,4.24,496.19,"172,115.09"
306,11/06/2025,FPT,"115,700","116,100","117,900","118,200","116,100","117,413","2,200",1.90,5.74,674.55,0.81,96.86,6.55,771.41,"173,439.06"
307,10/06/2025,FPT,"116,200","117,000","115,700","117,400","115,700","116,669",-500,-0.43,3.36,391.93,0.50,58.94,3.85,450.87,"170,202.70"
308,09/06/2025,FPT,"115,000","115,500","116,200","116,900","115,000","115,861","1,200",1.04,3.05,353.96,1.42,167.99,4.47,521.95,"170,938.24"
309,06/06/2025,FPT,"116,800","116,800","115,000","116,800","115,000","115,726","-1,800",-1.54,5.38,622.88,0.31,35.24,5.69,658.12,"169,172.96"
310,05/06/2025,FPT,"117,100","117,100","116,800","117,300","116,500","116,776",-300,-0.26,2.30,268.94,2.84,338.94,5.15,607.88,"171,820.88"
311,04/06/2025,FPT,"117,400","118,000","117,100","118,200","116,500","116,791",-300,-0.26,2.87,336.85,4.49,534.37,7.36,871.22,"172,262.20"
312,03/06/2025,FPT,"116,100","116,700","117,400","118,000","116,300","117,321","1,300",1.12,3.40,398.87,1.98,235.16,5.37,634.03,"172,703.52"
313,02/06/2025,FPT,"116,500","116,500","116,100","117,100","115,600","116,290",-400,-0.34,2.92,339.11,1.66,194.70,4.57,533.81,"170,791.13"
314,30/05/2025,FPT,"117,100","118,000","116,500","118,200","116,500","117,250",-600,-0.51,4.04,473.43,0.00,0.00,4.04,473.43,"171,379.56"
315,29/05/2025,FPT,"118,400","119,000","117,100","119,000","117,100","117,742","-1,300",-1.10,2.93,345.32,0.00,0.00,2.93,345.32,"172,262.20"
316,28/05/2025,FPT,"119,000","119,200","118,400","119,400","117,500","118,100",-600,-0.50,3.93,464.59,1.04,122.18,4.97,586.76,"174,174.59"
317,27/05/2025,FPT,"117,300","117,400","119,000","119,400","117,400","118,889","1,700",1.45,5.50,653.69,0.30,36.94,5.80,690.63,"175,057.23"
318,26/05/2025,FPT,"117,100","116,700","117,300","117,800","115,000","116,304",200,0.17,4.02,468.20,0.69,83.01,4.71,551.21,"172,556.42"
319,23/05/2025,FPT,"116,800","116,700","117,100","117,800","116,000","116,904",300,0.26,4.44,519.43,2.17,260.41,6.61,779.84,"172,262.20"
320,22/05/2025,FPT,"118,300","117,100","116,800","117,600","115,600","116,641","-1,500",-1.27,6.35,740.76,2.35,286.12,8.70,"1,026.88","171,820.88"
321,21/05/2025,FPT,"119,200","120,000","118,300","120,000","117,000","117,742",-900,-0.76,6.02,709.53,2.93,357.64,8.96,"1,067.17","174,027.48"
322,20/05/2025,FPT,"118,200","116,800","119,200","119,300","116,800","117,749","1,000",0.85,7.91,931.58,1.84,223.87,9.75,"1,155.45","175,351.45"
323,19/05/2025,FPT,"121,000","118,800","118,200","120,500","116,600","118,509","-2,800",-2.31,9.92,"1,175.54",1.06,133.00,10.98,"1,308.54","173,880.38"
324,16/05/2025,FPT,"125,000","124,500","121,000","124,700","120,900","122,262","-4,000",-3.20,8.01,978.97,0.00,0.00,8.01,978.97,"177,999.37"
325,15/05/2025,FPT,"126,300","126,500","125,000","126,900","123,600","125,446","-1,300",-1.03,7.81,979.44,0.92,116.85,8.72,"1,096.29","183,883.65"
326,14/05/2025,FPT,"119,500","120,000","126,300","126,300","120,000","123,528","6,800",5.69,12.08,"1,491.97",1.16,137.01,13.24,"1,628.97","185,796.04"
327,13/05/2025,FPT,"118,300","120,000","119,500","120,300","118,600","119,648","1,200",1.01,8.57,"1,024.85",1.70,191.45,10.27,"1,216.30","175,792.77"
328,12/05/2025,FPT,"116,000","117,000","118,300","118,700","116,700","117,940","2,300",1.98,8.72,"1,028.03",0.42,49.80,9.14,"1,077.83","174,027.48"
329,09/05/2025,FPT,"114,300","114,300","116,000","116,400","113,500","114,973","1,700",1.49,8.50,977.98,0.31,35.96,8.81,"1,013.94","170,644.03"
330,08/05/2025,FPT,"109,700","110,400","114,300","114,600","109,000","112,128","4,600",4.19,12.64,"1,417.70",0.95,104.27,13.59,"1,521.97","168,143.21"
331,07/05/2025,FPT,"109,700","109,600","109,700","111,200","108,900","109,795",0,0.00,3.93,431.12,0.45,49.50,4.38,480.62,"161,376.29"
332,06/05/2025,FPT,"108,600","108,600","109,700","111,000","108,600","110,089","1,100",1.01,5.69,626.04,1.05,116.19,6.73,742.23,"161,376.29"
333,05/05/2025,FPT,"109,400","109,500","108,600","109,700","106,900","107,887",-800,-0.73,7.17,773.26,0.45,49.50,7.62,822.77,"159,758.11"
334,29/04/2025,FPT,"109,500","109,600","109,400","110,500","109,100","109,525",-100,-0.09,2.95,322.61,3.26,367.59,6.21,690.20,"160,934.97"
335,28/04/2025,FPT,"112,400","112,000","109,500","112,400","109,200","110,202","-2,900",-2.58,3.85,424.68,0.27,29.98,4.13,454.67,"161,082.08"
336,25/04/2025,FPT,"112,000","112,000","112,400","112,400","110,200","111,452",400,0.36,5.38,600.07,1.33,149.89,6.71,749.96,"165,348.18"
337,24/04/2025,FPT,"110,400","111,500","112,000","113,700","110,600","111,967","1,600",1.45,7.74,866.64,0.52,58.24,8.26,924.88,"164,759.75"
338,23/04/2025,FPT,"110,400","111,700","110,400","111,700","107,700","110,005",0,0.00,5.71,628.22,1.57,174.52,7.28,802.74,"162,406.04"
339,22/04/2025,FPT,"111,700","111,000","110,400","111,200","104,000","107,272","-1,300",-1.16,9.13,979.10,1.12,124.33,10.24,"1,103.43","162,406.04"
340,21/04/2025,FPT,"111,600","112,000","111,700","112,500","110,000","111,318",100,0.09,4.33,482.27,0.03,3.57,4.36,485.84,"164,318.43"
341,18/04/2025,FPT,"109,400","110,500","111,600","115,000","110,500","112,575","2,200",2.01,7.49,842.68,0.95,109.94,8.43,952.62,"164,171.32"
342,17/04/2025,FPT,"107,900","105,000","109,400","111,300","104,900","107,790","1,500",1.39,8.58,924.85,3.56,384.64,12.14,"1,309.49","160,934.97"
343,16/04/2025,FPT,"116,000","114,500","107,900","115,900","107,900","109,920","-8,100",-6.98,18.03,"1,982.10",0.86,99.76,18.89,"2,081.86","158,728.36"
344,15/04/2025,FPT,"118,500","116,100","116,000","117,000","113,700","115,350","-2,500",-2.11,7.76,895.40,0.09,10.31,7.85,905.70,"170,644.03"
345,14/04/2025,FPT,"118,500","120,000","118,500","120,000","114,000","117,023",0,0.00,9.22,"1,078.65",0.17,21.79,9.39,"1,100.44","174,321.70"
346,11/04/2025,FPT,"112,600","117,000","118,500","118,500","114,300","116,271","5,900",5.24,19.22,"2,235.19",0.04,4.38,19.26,"2,239.57","174,321.70"
347,10/04/2025,FPT,"105,300","112,600","112,600","112,600","112,600","112,600","7,300",6.93,1.01,113.21,1.03,116.52,2.04,229.73,"165,642.39"
348,09/04/2025,FPT,"105,100","97,800","105,300","108,000","97,800","104,033",200,0.19,16.89,"1,757.45",1.50,160.34,18.39,"1,917.80","154,903.58"
349,08/04/2025,FPT,"113,000","106,000","105,100","108,000","105,100","105,351","-7,900",-6.99,16.28,"1,714.74",0.32,34.92,16.59,"1,749.66","154,609.37"
350,04/04/2025,FPT,"113,500","105,600","113,000","113,900","105,600","107,741",-500,-0.44,21.57,"2,324.46",0.28,33.08,21.85,"2,357.53","166,230.82"
351,03/04/2025,FPT,"122,000","114,700","113,500","117,600","113,500","114,798","-8,500",-6.97,11.48,"1,318.45",0.09,10.28,11.57,"1,328.72","166,966.35"
352,02/04/2025,FPT,"120,500","121,200","122,000","122,300","120,800","121,699","1,500",1.24,3.92,477.09,0.00,0.00,3.92,477.09,"179,470.44"
353,01/04/2025,FPT,"121,000","122,000","120,500","122,200","118,800","120,024",-500,-0.41,7.82,939.11,0.48,58.38,8.30,997.48,"177,263.84"
354,31/03/2025,FPT,"124,000","123,400","121,000","123,400","121,000","122,242","-3,000",-2.42,5.41,660.88,0.11,14.02,5.52,674.89,"177,999.37"
355,28/03/2025,FPT,"126,200","126,100","124,000","126,400","124,000","124,737","-2,200",-1.74,2.94,367.33,0.08,10.01,3.03,377.34,"182,412.58"
356,27/03/2025,FPT,"123,000","122,000","126,200","126,500","121,100","124,015","3,200",2.60,6.46,801.68,0.76,95.07,7.22,896.75,"185,648.93"
357,26/03/2025,FPT,"126,500","126,500","123,000","126,500","122,700","124,170","-3,500",-2.77,9.73,"1,208.75",1.68,210.57,11.42,"1,419.32","180,941.51"
358,25/03/2025,FPT,"129,000","129,800","126,500","129,900","126,500","127,473","-2,500",-1.94,5.63,717.57,0.00,0.00,5.63,717.57,"186,090.25"
359,24/03/2025,FPT,"128,000","128,500","129,000","129,300","127,300","128,384","1,000",0.78,5.09,653.50,0.00,0.00,5.09,653.50,"189,767.92"
360,21/03/2025,FPT,"125,000","125,000","128,000","129,000","125,000","127,662","3,000",2.40,6.42,820.20,0.00,0.00,6.42,820.20,"188,296.86"
361,20/03/2025,FPT,"124,600","124,600","125,000","126,800","124,500","125,216",400,0.32,8.20,"1,027.20",0.51,63.26,8.71,"1,090.46","183,883.65"
362,19/03/2025,FPT,"130,000","130,100","124,600","130,600","123,500","126,250","-5,400",-4.15,18.13,"2,288.72",1.14,146.91,19.26,"2,435.63","183,295.22"
363,18/03/2025,FPT,"130,000","130,100","130,000","132,200","130,000","130,658",0,0.00,5.51,719.73,0.12,15.53,5.63,735.26,"191,238.99"
364,17/03/2025,FPT,"131,400","131,600","130,000","132,100","129,600","130,446","-1,400",-1.07,6.71,874.90,0.92,119.08,7.62,993.98,"191,238.99"
365,14/03/2025,FPT,"136,500","135,600","131,400","136,300","130,800","132,633","-5,100",-3.74,16.09,"2,134.60",0.16,20.79,16.25,"2,155.40","193,298.49"
366,13/03/2025,FPT,"135,900","136,100","136,500","138,000","136,100","137,033",600,0.44,3.61,494.72,0.10,13.70,3.71,508.42,"200,800.94"
367,12/03/2025,FPT,"137,500","137,700","135,900","138,700","135,900","136,601","-1,600",-1.16,6.19,844.88,0.18,25.19,6.37,870.07,"199,918.30"
368,11/03/2025,FPT,"139,300","138,000","137,500","138,500","137,000","137,798","-1,800",-1.29,5.78,797.08,0.38,52.35,6.16,849.43,"202,272.01"
369,10/03/2025,FPT,"141,400","141,500","139,300","141,500","139,200","140,005","-2,100",-1.49,5.32,745.25,0.36,50.92,5.68,796.17,"204,919.94"
370,07/03/2025,FPT,"141,600","141,700","141,400","142,700","141,100","141,675",-200,-0.14,2.95,418.58,0.48,68.24,3.44,486.82,"208,009.18"
371,06/03/2025,FPT,"139,100","139,500","141,600","143,500","139,500","141,457","2,500",1.80,6.42,907.74,0.09,13.34,6.51,921.08,"208,303.40"
372,05/03/2025,FPT,"140,000","140,000","139,100","140,100","139,100","139,615",-900,-0.64,2.85,398.06,0.00,0.00,2.85,398.06,"204,625.72"
373,04/03/2025,FPT,"140,500","139,500","140,000","140,600","139,300","139,896",-500,-0.36,3.47,485.62,0.55,76.01,4.02,561.63,"205,949.69"
374,03/03/2025,FPT,"140,300","140,500","140,500","141,400","140,300","140,740",200,0.14,2.53,356.62,0.40,56.28,2.93,412.90,"206,685.22"
375,28/02/2025,FPT,"141,300","140,100","140,300","141,100","139,000","139,712","-1,000",-0.71,4.69,655.86,2.25,314.81,6.94,970.68,"206,391.01"
376,27/02/2025,FPT,"141,800","142,000","141,300","142,200","140,700","141,184",-500,-0.35,3.42,483.09,0.50,70.62,3.92,553.71,"207,862.08"
377,26/02/2025,FPT,"139,000","139,100","141,800","141,800","138,900","140,285","2,800",2.01,3.32,466.22,0.42,58.46,3.74,524.68,"208,597.61"
378,25/02/2025,FPT,"140,500","140,400","139,000","140,400","138,200","138,811","-1,500",-1.07,6.81,945.36,0.52,72.97,7.33,"1,018.33","204,478.62"
379,24/02/2025,FPT,"142,000","142,000","140,500","142,000","139,500","140,358","-1,500",-1.06,7.50,"1,052.39",0.02,2.82,7.52,"1,055.21","206,685.22"
380,21/02/2025,FPT,"143,000","142,800","142,000","142,900","141,500","141,951","-1,000",-0.70,5.31,754.13,0.02,2.85,5.33,756.98,"208,891.82"
381,20/02/2025,FPT,"144,000","144,200","143,000","144,600","143,000","143,355","-1,000",-0.69,3.39,485.31,0.00,0.00,3.39,485.31,"210,362.89"
382,19/02/2025,FPT,"143,900","143,900","144,000","144,900","143,100","143,579",100,0.07,3.03,435.02,0.44,63.19,3.47,498.21,"211,833.96"
383,18/02/2025,FPT,"143,600","143,800","143,900","144,400","143,100","143,774",300,0.21,1.66,239.30,0.00,0.00,1.66,239.30,"211,686.86"
384,17/02/2025,FPT,"144,900","145,000","143,600","145,000","143,400","143,789","-1,300",-0.90,2.47,354.63,0.35,47.18,2.82,401.81,"211,245.53"
385,14/02/2025,FPT,"143,100","144,000","144,900","145,000","143,600","144,614","1,800",1.26,3.25,470.24,0.00,0.00,3.25,470.24,"213,157.92"
386,13/02/2025,FPT,"145,000","145,000","143,100","145,000","142,700","143,514","-1,900",-1.31,2.85,409.13,0.40,56.81,3.25,465.95,"210,510.00"
387,12/02/2025,FPT,"145,400","145,600","145,000","145,700","144,300","144,983",-400,-0.28,1.89,273.64,0.15,20.13,2.04,293.77,"213,305.03"
388,11/02/2025,FPT,"142,000","142,200","145,400","145,400","140,100","142,493","3,400",2.39,5.36,763.96,2.00,264.20,7.36,"1,028.16","213,893.46"
389,10/02/2025,FPT,"146,100","145,500","142,000","145,500","142,000","143,270","-4,100",-2.81,7.75,"1,110.28",0.00,0.00,7.75,"1,110.28","208,891.82"
390,07/02/2025,FPT,"146,500","146,500","146,100","146,700","145,800","146,029",-400,-0.27,3.87,564.53,0.50,73.03,4.37,637.56,"214,923.21"
391,06/02/2025,FPT,"146,300","147,000","146,500","147,300","145,600","146,207",200,0.14,3.43,500.99,0.30,43.32,3.72,544.31,"215,511.64"
392,05/02/2025,FPT,"146,200","146,900","146,300","147,500","145,800","146,557",100,0.07,5.20,762.70,0.14,20.72,5.34,783.42,"215,217.42"
393,04/02/2025,FPT,"145,500","146,000","146,200","147,000","145,300","146,054",700,0.48,5.47,798.58,1.78,265.79,7.25,"1,064.37","215,070.31"
394,03/02/2025,FPT,"153,400","148,000","145,500","149,200","145,300","146,999","-7,900",-5.15,12.75,"1,873.90",0.12,16.98,12.86,"1,890.88","214,040.57"
395,24/01/2025,FPT,"154,300","154,100","153,400","154,500","153,400","153,701",-900,-0.58,3.66,561.88,0.30,45.73,3.95,607.61,"225,662.01"
396,23/01/2025,FPT,"149,700","150,100","154,300","156,000","150,000","153,948","4,600",3.07,7.06,"1,086.53",1.40,212.59,8.46,"1,299.12","226,985.97"
397,22/01/2025,FPT,"149,900","149,600","149,700","150,600","149,200","149,780",-200,-0.13,2.79,417.23,1.28,192.15,4.07,609.38,"220,219.06"
398,21/01/2025,FPT,"150,000","150,500","149,900","151,400","149,000","150,131",-100,-0.07,2.48,372.37,1.00,150.02,3.48,522.39,"220,513.27"
399,20/01/2025,FPT,"149,000","149,000","150,000","150,400","148,200","149,684","1,000",0.67,2.22,331.96,0.08,11.09,2.30,343.04,"220,660.38"
400,17/01/2025,FPT,"146,500","146,600","149,000","150,100","146,000","148,237","2,500",1.71,3.54,524.31,0.36,53.75,3.90,578.06,"219,189.31"
401,16/01/2025,FPT,"145,500","146,200","146,500","147,000","145,200","146,131","1,000",0.69,3.57,521.40,0.29,42.19,3.86,563.59,"215,511.64"
402,15/01/2025,FPT,"145,100","146,000","145,500","146,500","144,800","145,309",400,0.28,2.84,412.81,0.49,72.18,3.33,484.99,"214,040.57"
403,14/01/2025,FPT,"147,600","147,600","145,100","148,000","145,100","145,805","-2,500",-1.69,2.90,422.43,1.41,210.77,4.30,633.19,"213,452.14"
404,13/01/2025,FPT,"147,300","146,100","147,600","148,500","144,700","146,497",300,0.20,3.49,511.10,1.67,244.33,5.16,755.43,"217,129.81"
405,10/01/2025,FPT,"148,800","148,800","147,300","149,100","147,200","148,114","-1,500",-1.01,2.52,373.94,0.21,31.48,2.74,405.43,"216,688.49"
406,09/01/2025,FPT,"148,300","148,300","148,800","149,200","148,000","148,455",500,0.34,1.71,254.51,0.25,36.59,1.96,291.10,"218,895.09"
407,08/01/2025,FPT,"150,100","150,000","148,300","150,000","148,100","148,641","-1,800",-1.20,3.88,576.71,0.00,0.00,3.88,576.71,"218,159.56"
408,07/01/2025,FPT,"149,300","149,500","150,100","151,300","149,500","150,542",800,0.54,3.45,519.87,0.60,90.92,4.05,610.79,"220,807.48"
409,06/01/2025,FPT,"149,000","149,100","149,300","150,200","148,400","149,323",300,0.20,3.47,517.72,0.00,0.00,3.47,517.72,"219,630.63"
410,03/01/2025,FPT,"152,000","151,300","149,000","151,300","149,000","150,166","-3,000",-1.97,4.34,651.14,2.11,317.54,6.45,968.67,"219,189.31"
411,02/01/2025,FPT,"152,500","152,500","152,000","152,700","150,100","150,976",-500,-0.33,3.17,479.02,3.02,451.76,6.19,930.77,"223,602.52"
412,31/12/2024,FPT,"150,500","150,700","152,500","153,900","150,300","152,314","2,000",1.33,3.60,548.82,1.20,183.60,4.80,732.42,"224,338.05"
413,30/12/2024,FPT,"149,600","149,400","150,500","150,800","148,500","149,756",900,0.60,1.98,296.88,1.48,222.93,3.46,519.81,"221,395.91"
414,27/12/2024,FPT,"149,800","149,500","149,600","149,900","148,700","149,222",-200,-0.13,2.56,382.26,2.05,308.53,4.61,690.79,"220,071.95"
415,26/12/2024,FPT,"150,800","151,000","149,800","151,400","149,100","149,897","-1,000",-0.66,2.23,334.76,0.59,87.88,2.82,422.65,"220,366.16"
416,25/12/2024,FPT,"150,400","150,600","150,800","151,200","150,400","150,775",400,0.27,2.51,378.91,2.16,319.93,4.67,698.84,"221,837.23"
417,24/12/2024,FPT,"149,800","150,000","150,400","150,800","149,400","150,030",600,0.40,2.30,345.20,1.74,262.03,4.04,607.24,"221,248.81"
418,23/12/2024,FPT,"149,500","149,500","149,800","149,900","148,700","149,156",300,0.20,2.51,375.10,1.80,273.01,4.31,648.10,"220,366.16"
419,20/12/2024,FPT,"148,100","148,500","149,500","150,600","148,300","149,733","1,400",0.95,3.54,529.89,1.20,180.93,4.74,710.82,"219,924.84"
420,19/12/2024,FPT,"148,700","147,300","148,100","149,000","147,200","148,000",-600,-0.40,4.81,711.17,1.02,153.39,5.83,864.56,"217,865.35"
421,18/12/2024,FPT,"148,000","148,000","148,700","149,800","148,000","149,079",700,0.47,2.92,435.82,0.62,91.04,3.54,526.86,"218,747.99"
422,17/12/2024,FPT,"149,900","150,100","148,000","150,500","147,700","148,881","-1,900",-1.27,5.95,885.47,1.35,204.97,7.30,"1,090.44","217,718.24"
423,16/12/2024,FPT,"149,500","149,600","149,900","150,600","149,500","149,995",400,0.27,3.29,493.65,2.38,362.49,5.67,856.14,"220,513.27"
424,13/12/2024,FPT,"150,200","149,500","149,500","150,900","149,400","149,990",-700,-0.47,3.38,506.94,1.49,226.23,4.86,733.17,"219,924.84"
425,12/12/2024,FPT,"150,500","151,900","150,200","151,900","149,200","150,157",-300,-0.20,4.15,622.84,1.51,231.73,5.66,854.57,"220,954.59"
426,11/12/2024,FPT,"149,500","150,000","150,500","151,700","149,700","150,777","1,000",0.67,4.82,726.23,4.45,676.24,9.27,"1,402.47","221,395.91"
427,10/12/2024,FPT,"147,000","147,100","149,500","149,500","147,000","148,311","2,500",1.70,3.60,533.51,0.69,103.70,4.29,637.20,"219,924.84"
428,09/12/2024,FPT,"149,500","149,200","147,000","149,500","146,100","147,052","-2,500",-1.67,4.54,667.47,1.36,210.56,5.90,878.03,"216,247.17"
429,06/12/2024,FPT,"148,500","151,900","149,500","151,900","148,000","149,509","1,000",0.67,4.54,678.95,0.46,69.69,5.00,748.64,"219,924.84"
430,05/12/2024,FPT,"143,500","144,000","148,500","148,500","143,600","145,820","5,000",3.48,4.85,707.11,3.96,583.71,8.81,"1,290.83","218,453.77"
431,04/12/2024,FPT,"145,000","145,000","143,500","146,300","142,800","145,076","-1,500",-1.03,5.61,813.74,2.14,315.25,7.75,"1,128.99","211,098.43"
432,03/12/2024,FPT,"142,200","141,700","145,000","145,900","141,700","143,869","2,800",1.97,5.10,734.27,1.87,269.51,6.97,"1,003.78","213,305.03"
433,02/12/2024,FPT,"143,300","144,300","142,200","146,000","141,600","143,489","-1,100",-0.77,6.62,949.44,1.32,194.68,7.94,"1,144.12","209,186.04"
434,29/11/2024,FPT,"139,400","139,400","144,300","145,400","139,000","142,592","4,900",3.52,11.59,"1,652.18",1.90,272.28,13.49,"1,924.46","212,275.28"
435,28/11/2024,FPT,"138,900","139,400","139,400","140,000","138,300","139,234",500,0.36,4.74,660.34,2.42,333.53,7.16,993.87,"205,067.04"
436,27/11/2024,FPT,"135,200","135,200","138,900","139,700","135,200","138,376","3,700",2.74,9.81,"1,358.07",3.50,477.19,13.32,"1,835.25","204,331.51"
437,26/11/2024,FPT,"133,900","133,400","135,200","135,900","133,300","134,784","1,300",0.97,4.18,562.87,0.33,44.57,4.50,607.44,"198,888.55"
438,25/11/2024,FPT,"133,900","134,000","133,900","134,000","133,200","133,698",0,0.00,1.85,247.30,4.79,663.25,6.64,910.56,"196,976.16"
439,22/11/2024,FPT,"133,000","132,900","133,900","134,400","132,500","133,670",900,0.68,2.92,389.77,2.66,366.22,5.58,755.99,"196,976.16"
440,21/11/2024,FPT,"132,400","132,400","133,000","133,000","131,000","131,947",600,0.45,3.18,419.16,1.15,146.58,4.33,565.73,"195,652.20"
441,20/11/2024,FPT,"130,000","130,000","132,400","132,400","126,700","129,079","2,400",1.85,8.46,"1,092.05",1.16,155.76,9.62,"1,247.81","194,769.56"
442,19/11/2024,FPT,"134,000","133,500","130,000","133,600","129,900","130,947","-4,000",-2.99,7.64,"1,000.80",1.51,210.37,9.15,"1,211.17","191,238.99"
443,18/11/2024,FPT,"133,900","134,000","134,000","134,600","132,500","133,472",100,0.07,3.90,521.00,0.09,12.02,3.99,533.01,"197,123.27"
444,15/11/2024,FPT,"136,000","135,300","133,900","135,700","132,600","133,798","-2,100",-1.54,6.56,878.20,0.00,0.00,6.56,878.20,"196,976.16"
445,14/11/2024,FPT,"137,800","137,900","136,000","139,900","136,000","137,819","-1,800",-1.31,4.74,652.75,0.18,24.06,4.91,676.81,"200,065.41"
446,13/11/2024,FPT,"136,800","136,700","137,800","138,100","136,100","137,276","1,000",0.73,3.46,474.34,0.17,23.31,3.63,497.66,"202,713.33"
447,12/11/2024,FPT,"138,300","138,600","136,800","138,900","135,900","136,837","-1,500",-1.08,2.91,398.84,0.05,6.82,2.96,405.66,"201,242.26"
448,11/11/2024,FPT,"135,800","136,500","138,300","139,500","136,000","137,669","2,500",1.84,5.29,728.54,0.00,0.00,5.29,728.54,"203,448.87"
449,08/11/2024,FPT,"135,100","136,100","135,800","136,800","135,100","135,826",700,0.52,2.11,286.09,0.00,0.00,2.11,286.09,"199,771.20"
450,07/11/2024,FPT,"134,600","135,300","135,100","137,600","134,200","135,811",500,0.37,3.57,484.91,0.96,129.73,4.53,614.65,"198,741.45"
451,06/11/2024,FPT,"132,600","133,100","134,600","134,600","133,000","134,003","2,000",1.51,1.80,241.41,0.00,0.00,1.80,241.41,"198,005.91"
452,05/11/2024,FPT,"132,800","133,000","132,600","134,000","132,300","132,781",-200,-0.15,1.66,220.03,1.08,146.96,2.74,366.99,"195,063.77"
453,04/11/2024,FPT,"134,600","134,600","132,800","134,600","132,700","133,234","-1,800",-1.34,3.18,424.07,0.57,77.10,3.76,501.18,"195,357.99"
454,01/11/2024,FPT,"135,900","135,000","134,600","135,000","133,600","134,300","-1,300",-0.96,2.67,358.25,0.00,0.00,2.67,358.25,"198,005.91"
455,31/10/2024,FPT,"135,900","135,900","135,900","136,000","135,300","135,663",0,0.00,1.24,168.45,0.10,13.56,1.34,182.02,"199,918.30"
456,30/10/2024,FPT,"135,400","135,400","135,900","135,900","135,200","135,559",500,0.37,1.71,231.78,0.35,47.46,2.06,279.24,"199,918.30"
457,29/10/2024,FPT,"134,900","135,400","135,400","135,500","134,800","135,018",500,0.37,2.46,332.04,0.19,25.65,2.65,357.69,"199,182.77"
458,28/10/2024,FPT,"134,000","134,100","134,900","135,000","133,600","134,558",900,0.67,1.51,202.64,0.00,0.00,1.51,202.64,"198,447.23"
459,25/10/2024,FPT,"134,300","134,300","134,000","134,600","133,600","133,924",-300,-0.22,1.84,246.29,0.00,0.00,1.84,246.29,"197,123.27"
460,24/10/2024,FPT,"134,200","134,200","134,300","134,300","133,800","134,100",100,0.07,2.28,305.37,0.00,0.00,2.28,305.37,"197,564.59"
461,23/10/2024,FPT,"133,100","132,900","134,200","134,800","132,600","133,820","1,100",0.83,3.02,403.48,0.00,0.00,3.02,403.48,"197,417.48"
462,22/10/2024,FPT,"135,500","135,700","133,100","135,700","133,000","134,200","-2,400",-1.77,6.01,806.44,0.17,22.34,6.17,828.77,"195,799.31"
463,21/10/2024,FPT,"137,000","137,000","135,500","137,700","135,500","136,601","-1,500",-1.09,2.68,366.27,0.18,24.52,2.86,390.79,"199,329.87"
464,18/10/2024,FPT,"137,000","137,400","137,000","137,800","136,600","137,145",0,0.00,2.17,297.52,0.00,0.00,2.17,297.52,"201,536.48"
465,17/10/2024,FPT,"136,300","136,500","137,000","137,100","135,500","136,323",700,0.51,2.58,351.61,1.19,166.60,3.77,518.21,"201,536.48"
466,16/10/2024,FPT,"137,000","136,400","136,300","137,100","136,000","136,483",-700,-0.51,2.76,376.15,0.04,5.53,2.80,381.67,"200,506.73"
467,15/10/2024,FPT,"137,600","137,600","137,000","138,600","136,600","137,373",-600,-0.44,2.86,393.00,0.05,7.19,2.91,400.19,"201,536.48"
468,14/10/2024,FPT,"139,600","141,100","137,600","141,300","137,100","138,666","-2,000",-1.43,5.61,777.27,0.03,4.05,5.64,781.32,"200,957.65"
469,11/10/2024,FPT,"141,700","142,000","139,600","142,800","139,600","140,589","-2,100",-1.48,3.81,536.15,0.05,7.07,3.86,543.22,"203,878.55"
470,10/10/2024,FPT,"135,400","135,800","141,700","142,000","135,800","139,869","6,300",4.65,9.95,"1,392.00",0.15,20.92,10.10,"1,412.92","206,945.49"
471,09/10/2024,FPT,"133,800","134,300","135,400","135,800","134,300","135,225","1,600",1.20,2.62,354.28,0.20,27.07,2.82,381.34,"197,744.67"
472,08/10/2024,FPT,"134,100","134,100","133,800","135,100","133,600","134,126",-300,-0.22,2.11,282.82,0.00,0.00,2.11,282.82,"195,407.95"
473,07/10/2024,FPT,"134,100","134,200","134,100","134,900","133,600","134,041",0,0.00,1.33,178.34,0.57,76.40,1.90,254.74,"195,846.09"
474,04/10/2024,FPT,"134,000","134,300","134,100","134,800","133,500","134,019",100,0.07,1.47,196.79,0.00,0.00,1.47,196.79,"195,846.09"
475,03/10/2024,FPT,"135,400","135,400","134,000","136,100","134,000","135,204","-1,400",-1.03,2.30,311.08,1.33,180.14,3.63,491.22,"195,700.04"
476,02/10/2024,FPT,"135,900","134,600","135,400","135,900","134,600","135,411",-500,-0.37,1.72,232.88,0.65,87.67,2.37,320.55,"197,744.67"
477,01/10/2024,FPT,"134,500","134,700","135,900","136,200","134,700","135,913","1,400",1.04,4.73,642.31,2.16,293.90,6.89,936.21,"198,474.89"
478,30/09/2024,FPT,"134,200","134,200","134,500","134,500","133,000","133,596",300,0.22,3.03,404.86,0.25,33.15,3.28,438.01,"196,430.26"
479,27/09/2024,FPT,"134,300","134,300","134,200","134,400","133,500","133,873",-100,-0.07,3.35,448.85,0.20,26.77,3.55,475.61,"195,992.13"
480,26/09/2024,FPT,"134,800","135,000","134,300","135,000","133,900","134,288",-500,-0.37,2.82,378.10,0.27,35.58,3.08,413.69,"196,138.18"
481,25/09/2024,FPT,"134,500","134,300","134,800","134,800","133,600","134,241",300,0.22,4.48,601.39,0.20,26.84,4.68,628.23,"196,868.40"
482,24/09/2024,FPT,"134,000","134,000","134,500","134,700","133,700","134,051",500,0.37,2.01,269.63,0.74,98.29,2.76,367.92,"196,430.26"
483,23/09/2024,FPT,"135,300","135,900","134,000","135,900","133,400","134,310","-1,300",-0.96,2.44,327.88,1.04,134.79,3.48,462.67,"195,700.04"
484,20/09/2024,FPT,"135,200","136,300","135,300","137,000","135,000","136,127",100,0.07,3.72,506.35,0.00,0.00,3.72,506.35,"197,598.62"
485,19/09/2024,FPT,"134,600","135,000","135,200","135,800","134,300","135,010",600,0.45,5.15,695.88,0.00,0.00,5.15,695.88,"197,452.58"
486,18/09/2024,FPT,"132,900","133,400","134,600","135,200","132,900","134,355","1,700",1.28,5.38,722.78,0.07,9.22,5.45,732.00,"196,576.31"
487,17/09/2024,FPT,"131,100","131,200","132,900","132,900","131,200","132,258","1,800",1.37,2.65,350.67,0.97,132.07,3.62,482.74,"194,093.55"
488,16/09/2024,FPT,"133,000","131,800","131,100","133,000","131,100","131,620","-1,900",-1.43,1.92,252.15,0.38,50.12,2.30,302.26,"191,464.74"
489,13/09/2024,FPT,"132,300","132,200","133,000","133,400","132,000","132,981",700,0.53,3.19,423.78,0.75,99.32,3.94,523.10,"194,239.59"
490,12/09/2024,FPT,"130,600","131,000","132,300","132,500","131,000","131,932","1,700",1.30,4.12,543.30,0.25,33.02,4.37,576.32,"193,217.28"
491,11/09/2024,FPT,"130,000","130,000","130,600","131,300","129,800","130,440",600,0.46,3.19,416.16,0.40,52.18,3.59,468.33,"190,734.52"
492,10/09/2024,FPT,"131,300","131,000","130,000","131,000","129,600","130,308","-1,300",-0.99,4.20,546.65,0.00,0.00,4.20,546.65,"189,858.25"
493,09/09/2024,FPT,"132,100","130,800","131,300","131,900","130,100","130,696",-800,-0.61,2.89,377.09,0.00,0.00,2.89,377.09,"191,756.83"
494,06/09/2024,FPT,"130,600","130,500","132,100","132,900","130,300","131,817","1,500",1.15,3.82,503.72,0.43,56.75,4.25,560.48,"192,925.19"
495,05/09/2024,FPT,"133,000","133,000","130,600","133,000","129,700","130,492","-2,400",-1.80,8.06,"1,051.19",0.00,0.00,8.06,"1,051.19","190,734.52"
496,04/09/2024,FPT,"134,800","133,000","133,000","133,000","131,500","132,353","-1,800",-1.34,4.54,600.25,0.20,26.45,4.74,626.70,"194,239.59"
497,30/08/2024,FPT,"133,700","133,500","134,800","134,900","133,000","134,551","1,100",0.82,3.32,446.15,0.06,8.74,3.38,454.88,"196,868.40"
498,29/08/2024,FPT,"133,300","132,800","133,700","133,800","132,200","133,165",400,0.30,2.09,278.68,0.55,72.57,2.64,351.24,"195,261.91"
499,28/08/2024,FPT,"132,500","133,000","133,300","134,500","132,900","133,630",800,0.60,2.71,362.34,0.20,26.41,2.91,388.75,"194,677.73"
500,27/08/2024,FPT,"131,500","131,500","132,500","132,600","130,400","131,782","1,000",0.76,2.34,308.17,0.65,85.33,2.99,393.51,"193,509.37"
501,26/08/2024,FPT,"133,100","133,300","131,500","133,500","131,500","132,113","-1,600",-1.20,2.59,342.21,0.17,22.18,2.76,364.39,"192,048.92"
502,23/08/2024,FPT,"133,800","133,700","133,100","133,700","132,400","132,978",-700,-0.52,3.06,406.25,0.27,35.91,3.33,442.16,"194,385.64"
503,22/08/2024,FPT,"133,500","134,000","133,800","134,500","133,500","133,983",300,0.22,3.02,404.70,0.54,72.33,3.56,477.02,"195,407.95"
504,21/08/2024,FPT,"131,500","130,600","133,500","133,800","130,600","132,160","2,000",1.52,6.12,808.78,0.35,46.24,6.47,855.02,"194,969.82"
505,20/08/2024,FPT,"130,500","130,700","131,500","132,500","130,700","131,533","1,000",0.77,3.74,492.12,0.24,31.83,3.98,523.95,"192,048.92"
506,19/08/2024,FPT,"130,600","131,100","130,500","131,400","130,000","130,504",-100,-0.08,2.50,326.05,0.06,7.37,2.55,333.42,"190,588.47"
507,16/08/2024,FPT,"128,700","129,100","130,600","131,000","129,100","130,279","1,900",1.48,5.09,663.59,0.39,51.09,5.49,714.68,"190,734.52"
508,15/08/2024,FPT,"129,500","129,100","128,700","129,500","128,200","128,726",-800,-0.62,2.26,290.61,0.05,6.24,2.31,296.85,"187,959.67"
509,14/08/2024,FPT,"129,700","130,700","129,500","131,500","129,500","130,056",-200,-0.15,2.86,372.25,0.96,117.37,3.82,489.61,"189,128.02"
510,13/08/2024,FPT,"130,000","129,700","129,700","130,200","128,000","129,203",-300,-0.23,4.10,529.46,0.27,34.25,4.36,563.71,"189,420.11"
511,12/08/2024,FPT,"126,900","126,900","130,000","130,200","126,200","128,972","3,100",2.44,6.18,797.50,0.59,75.42,6.78,872.91,"189,858.25"
512,09/08/2024,FPT,"121,400","122,400","126,900","126,900","122,000","124,580","5,500",4.53,5.50,684.74,0.52,64.20,6.01,748.94,"185,330.86"
513,08/08/2024,FPT,"122,000","121,600","121,400","122,400","120,900","121,660",-600,-0.49,2.65,323.00,0.58,70.13,3.23,393.13,"177,298.40"
514,07/08/2024,FPT,"120,800","121,000","122,000","122,000","120,200","120,914","1,200",0.99,2.82,341.32,0.00,0.00,2.82,341.32,"178,174.66"
515,06/08/2024,FPT,"118,600","120,000","120,800","121,900","119,800","120,697","2,200",1.85,6.73,812.06,0.29,34.97,7.02,847.03,"176,422.13"
516,05/08/2024,FPT,"123,200","121,100","118,600","122,900","117,400","120,411","-4,600",-3.73,10.42,"1,254.10",0.00,0.00,10.42,"1,254.10","173,209.14"
517,02/08/2024,FPT,"124,800","122,100","123,200","124,800","121,000","122,797","-1,600",-1.28,9.94,"1,221.18",0.21,25.35,10.16,"1,246.53","179,927.20"
518,01/08/2024,FPT,"128,600","129,600","124,800","129,700","124,100","126,178","-3,800",-2.95,6.87,866.88,0.00,0.00,6.87,866.88,"182,263.92"
519,31/07/2024,FPT,"128,000","127,300","128,600","128,600","126,600","127,776",600,0.47,2.87,366.62,0.23,28.85,3.09,395.47,"187,813.62"
520,30/07/2024,FPT,"129,000","129,000","128,000","129,500","127,000","128,002","-1,000",-0.78,2.37,303.85,0.05,6.05,2.42,309.90,"186,937.35"
521,29/07/2024,FPT,"128,000","130,000","129,000","130,600","129,000","129,856","1,000",0.78,4.86,631.08,0.15,20.54,5.01,651.61,"188,397.80"
522,26/07/2024,FPT,"125,000","125,900","128,000","128,000","124,400","125,832","3,000",2.40,3.95,497.18,2.73,329.07,6.68,826.25,"186,937.35"
523,25/07/2024,FPT,"126,000","124,200","125,000","125,500","124,100","124,764","-1,000",-0.79,2.56,319.82,0.69,86.06,3.25,405.88,"182,556.01"
524,24/07/2024,FPT,"125,500","125,500","126,000","126,600","124,000","125,457",500,0.40,4.15,520.86,0.02,2.68,4.17,523.54,"184,016.46"
525,23/07/2024,FPT,"124,100","124,900","125,500","127,500","124,800","126,653","1,400",1.13,5.31,672.73,0.10,11.55,5.41,684.28,"183,286.23"
526,22/07/2024,FPT,"126,000","126,000","124,100","126,000","123,200","124,224","-1,900",-1.51,6.22,772.29,0.00,0.00,6.22,772.29,"181,241.60"
527,19/07/2024,FPT,"127,900","128,600","126,000","129,300","126,000","127,089","-1,900",-1.49,6.55,832.65,0.03,3.40,6.58,836.05,"184,016.46"
528,18/07/2024,FPT,"131,900","131,400","127,900","131,400","127,800","128,881","-4,000",-3.03,10.80,"1,391.94",0.03,3.30,10.83,"1,395.24","186,791.31"
529,17/07/2024,FPT,"134,000","134,000","131,900","134,100","129,900","132,250","-2,100",-1.57,6.97,921.80,0.00,0.00,6.97,921.80,"192,633.10"
530,16/07/2024,FPT,"132,700","133,600","134,000","134,500","132,300","133,311","1,300",0.98,4.00,533.55,0.32,42.60,4.32,576.15,"195,700.04"
531,15/07/2024,FPT,"133,800","133,500","132,700","134,800","132,300","133,274","-1,100",-0.82,3.07,408.78,0.00,0.00,3.07,408.78,"193,801.46"
532,12/07/2024,FPT,"133,000","132,200","133,800","136,000","132,200","133,970",800,0.60,3.55,476.05,0.04,4.90,3.59,480.95,"195,407.95"
533,11/07/2024,FPT,"134,000","134,100","133,000","135,400","132,500","133,554","-1,000",-0.75,6.84,913.79,0.04,5.37,6.88,919.16,"194,239.59"
534,10/07/2024,FPT,"137,500","136,000","134,000","137,000","134,000","135,538","-3,500",-2.55,6.29,853.17,0.04,5.86,6.34,859.02,"195,700.04"
535,09/07/2024,FPT,"139,600","139,100","137,500","139,300","136,000","137,144","-2,100",-1.50,9.68,"1,327.02",0.02,2.74,9.70,"1,329.76","200,811.61"
536,08/07/2024,FPT,"138,700","138,500","139,600","139,600","137,500","138,898",900,0.65,5.87,814.73,0.24,33.33,6.11,848.07,"203,878.55"
537,05/07/2024,FPT,"135,800","136,100","138,700","139,700","136,100","138,405","2,900",2.14,7.79,"1,078.09",0.02,2.76,7.81,"1,080.85","202,564.15"
538,04/07/2024,FPT,"131,000","132,100","135,800","135,800","132,100","134,085","4,800",3.66,8.12,"1,088.49",0.00,0.00,8.12,"1,088.49","198,328.85"
539,03/07/2024,FPT,"128,000","130,500","131,000","132,800","130,100","131,660","3,000",2.34,7.63,"1,005.10",0.25,32.92,7.88,"1,038.02","191,318.70"
540,02/07/2024,FPT,"128,600","128,600","128,000","132,100","127,500","129,997",-600,-0.47,6.72,873.66,0.84,109.69,7.56,983.35,"186,937.35"
541,01/07/2024,FPT,"130,500","130,400","128,600","130,400","128,500","129,021","-1,900",-1.46,6.38,822.64,0.08,10.89,6.45,833.53,"187,813.62"
542,28/06/2024,FPT,"132,800","132,800","130,500","132,800","130,400","131,700","-2,300",-1.73,6.63,873.57,0.00,0.00,6.63,873.57,"190,588.47"
543,27/06/2024,FPT,"131,800","131,300","132,800","134,100","130,800","132,387","1,000",0.76,6.40,847.77,0.12,15.36,6.53,863.13,"193,947.50"
544,26/06/2024,FPT,"130,000","131,000","131,800","131,800","129,400","130,411","1,800",1.38,7.15,932.10,0.07,9.88,7.22,941.97,"192,487.06"
545,25/06/2024,FPT,"132,100","131,000","130,000","131,100","128,600","129,627","-2,100",-1.59,13.71,"1,776.77",0.34,44.63,14.05,"1,821.41","189,858.25"
546,24/06/2024,FPT,"136,100","135,000","132,100","135,500","132,000","133,618","-4,000",-2.94,13.19,"1,762.00",1.20,174.12,14.39,"1,936.12","192,925.19"
547,21/06/2024,FPT,"133,300","133,900","136,100","136,100","133,300","135,198","2,800",2.10,7.65,"1,034.71",0.00,0.00,7.65,"1,034.71","198,766.98"
548,20/06/2024,FPT,"131,500","133,000","133,300","135,700","131,800","134,214","1,800",1.37,10.47,"1,404.64",0.60,73.04,11.06,"1,477.68","194,677.73"
549,19/06/2024,FPT,"128,000","128,000","131,500","132,800","126,600","129,254","3,500",2.73,9.67,"1,249.78",0.60,71.64,10.27,"1,321.43","192,048.92"
550,18/06/2024,FPT,"128,800","128,800","128,000","129,700","128,000","128,829",-800,-0.62,6.68,860.58,0.26,33.30,6.94,893.87,"162,556.02"
551,17/06/2024,FPT,"131,000","131,000","128,800","131,400","128,500","129,678","-2,200",-1.68,4.87,631.22,0.00,0.00,4.87,631.22,"163,571.99"
552,14/06/2024,FPT,"130,000","130,100","131,000","132,600","129,000","130,320","1,000",0.77,6.41,834.85,0.20,26.18,6.61,861.03,"166,365.92"
553,13/06/2024,FPT,"132,000","133,700","130,000","133,800","130,000","131,125","-2,000",-1.52,8.14,"1,066.86",0.54,70.86,8.68,"1,137.72","165,095.95"
554,12/06/2024,FPT,"126,500","127,900","132,000","132,700","127,800","130,541","5,500",4.35,11.22,"1,464.08",0.00,0.00,11.22,"1,464.08","167,635.89"
555,11/06/2024,FPT,"144,000","144,300","146,500","146,500","143,100","144,652","2,500",1.74,6.33,915.26,2.09,320.86,8.42,"1,236.12","186,050.44"
556,10/06/2024,FPT,"142,000","143,500","144,000","145,000","143,000","143,669","2,000",1.41,3.78,542.41,0.00,0.00,3.78,542.41,"182,875.52"
557,07/06/2024,FPT,"139,600","141,000","142,000","142,000","140,500","141,230","2,400",1.72,3.76,530.59,0.22,31.04,3.98,561.62,"180,335.58"
558,06/06/2024,FPT,"140,100","140,300","139,600","141,700","138,800","140,418",-500,-0.36,5.21,731.83,0.02,2.61,5.23,734.44,"177,287.65"
559,05/06/2024,FPT,"139,100","140,000","140,100","144,900","139,700","141,653","1,000",0.72,6.32,895.48,0.02,2.83,6.34,898.30,"177,922.64"
560,04/06/2024,FPT,"136,900","139,000","139,100","139,300","137,800","138,934","2,200",1.61,7.01,973.90,0.04,5.52,7.05,979.41,"176,652.67"
561,03/06/2024,FPT,"134,600","135,000","136,900","137,600","134,700","136,650","2,300",1.71,7.77,"1,062.26",0.00,0.00,7.77,"1,062.26","173,858.74"
562,31/05/2024,FPT,"135,000","135,000","134,600","136,800","133,800","134,607",-400,-0.30,2.63,354.49,0.06,8.48,2.70,362.97,"170,937.81"
563,30/05/2024,FPT,"135,700","133,800","135,000","135,000","131,900","132,925",-700,-0.52,7.26,965.21,0.04,5.37,7.30,970.58,"171,445.80"
564,29/05/2024,FPT,"137,000","137,100","135,700","138,200","134,800","135,944","-1,300",-0.95,5.84,793.59,0.27,37.23,6.11,830.82,"172,334.78"
565,28/05/2024,FPT,"132,800","134,000","137,000","137,000","133,100","134,874","4,200",3.16,4.63,623.83,0.79,104.25,5.42,728.08,"173,985.74"
566,27/05/2024,FPT,"131,900","133,000","132,800","133,500","130,600","132,279",900,0.68,5.16,682.27,0.96,126.56,6.12,808.83,"168,651.87"
567,24/05/2024,FPT,"137,500","138,000","131,900","138,000","130,600","133,279","-5,600",-4.07,13.38,"1,782.68",0.76,102.56,14.13,"1,885.24","167,508.89"
568,23/05/2024,FPT,"138,000","137,500","137,500","137,800","135,000","136,329",-500,-0.36,3.62,493.72,0.15,20.55,3.77,514.27,"174,620.72"
569,22/05/2024,FPT,"136,000","137,900","138,000","139,700","136,100","137,799","2,000",1.47,4.51,621.72,2.62,348.75,7.13,970.47,"175,255.70"
570,21/05/2024,FPT,"133,000","134,000","136,000","136,000","133,500","134,526","3,000",2.26,3.47,467.06,0.73,99.45,4.21,566.51,"172,715.77"
571,20/05/2024,FPT,"134,500","135,200","133,000","136,100","133,000","134,341","-1,500",-1.12,2.01,270.50,1.13,152.86,3.14,423.35,"168,905.86"
572,17/05/2024,FPT,"135,400","135,400","134,500","136,000","133,700","134,528",-900,-0.66,2.31,310.27,0.74,99.83,3.05,410.10,"170,810.81"
573,16/05/2024,FPT,"134,100","135,600","135,400","137,300","134,200","135,870","1,300",0.97,3.12,423.78,0.92,119.98,4.04,543.76,"171,953.79"
574,15/05/2024,FPT,"130,500","131,500","134,100","134,500","131,300","132,783","3,600",2.76,3.65,485.07,1.06,142.46,4.72,627.53,"170,302.83"
575,14/05/2024,FPT,"129,700","130,000","130,500","131,700","129,600","130,590",800,0.62,2.30,300.96,0.85,113.19,3.15,414.15,"165,730.94"
576,13/05/2024,FPT,"131,000","131,300","129,700","131,500","128,800","129,934","-1,300",-0.99,1.85,240.66,2.51,336.62,4.36,577.29,"164,714.96"
577,10/05/2024,FPT,"130,300","131,300","131,000","132,200","129,200","130,399",700,0.54,3.79,494.17,0.38,49.02,4.17,543.19,"166,365.92"
578,09/05/2024,FPT,"131,000","130,600","130,300","132,800","130,000","130,848",-700,-0.53,2.20,288.30,0.84,111.35,3.04,399.65,"165,476.94"
579,08/05/2024,FPT,"131,300","130,100","131,000","131,000","129,300","130,100",-300,-0.23,3.02,392.62,0.81,111.36,3.82,503.98,"166,365.92"
580,07/05/2024,FPT,"127,600","128,000","131,300","131,600","127,200","130,073","3,700",2.90,3.12,406.19,0.75,102.56,3.87,508.75,"166,746.91"
581,06/05/2024,FPT,"125,900","126,500","127,600","127,600","124,500","126,256","1,700",1.35,2.70,341.47,0.04,5.39,2.74,346.86,"162,048.03"
582,03/05/2024,FPT,"127,300","128,100","125,900","128,400","125,600","126,317","-1,400",-1.10,3.19,403.10,1.47,198.62,4.67,601.73,"159,889.08"
583,02/05/2024,FPT,"123,200","123,800","127,300","129,000","123,500","126,794","4,100",3.33,3.47,439.89,3.42,450.58,6.89,890.47,"161,667.04"
584,26/04/2024,FPT,"123,200","123,000","123,200","125,400","122,200","123,546",0,0.00,3.40,419.62,2.66,350.13,6.05,769.75,"156,460.17"
585,25/04/2024,FPT,"120,100","122,500","123,200","128,000","121,900","124,072","3,100",2.58,5.71,708.16,3.51,450.52,9.22,"1,158.69","156,460.17"
586,24/04/2024,FPT,"112,300","113,600","120,100","120,100","113,200","118,590","7,800",6.95,10.16,"1,204.72",0.79,94.52,10.95,"1,299.24","152,523.26"
587,23/04/2024,FPT,"110,300","110,900","112,300","113,300","109,900","111,716","2,000",1.81,4.04,451.06,0.20,21.64,4.23,472.70,"142,617.50"
588,22/04/2024,FPT,"109,000","110,000","110,300","111,400","108,900","110,167","1,300",1.19,2.40,264.10,0.11,12.58,2.51,276.69,"140,077.57"
589,19/04/2024,FPT,"111,800","110,500","109,000","111,200","109,000","109,936","-2,800",-2.50,5.36,589.38,2.49,297.80,7.85,887.18,"138,426.61"
590,17/04/2024,FPT,"113,000","113,100","111,800","113,100","111,600","112,203","-1,200",-1.06,1.94,218.04,1.05,126.22,3.00,344.27,"141,982.52"
591,16/04/2024,FPT,"111,600","112,000","113,000","113,200","111,500","112,221","1,400",1.25,3.64,408.79,0.88,105.13,4.52,513.92,"143,506.48"
592,15/04/2024,FPT,"115,500","115,500","111,600","115,600","111,500","113,116","-3,900",-3.38,3.70,418.74,0.59,72.54,4.29,491.29,"141,728.53"
593,12/04/2024,FPT,"114,900","115,900","115,500","115,900","114,300","115,068",600,0.52,1.37,157.33,0.50,59.18,1.86,216.52,"146,681.41"
594,11/04/2024,FPT,"113,800","113,500","114,900","115,400","113,300","114,679","1,100",0.97,1.55,177.68,0.07,8.99,1.62,186.68,"145,919.42"
595,10/04/2024,FPT,"113,000","113,500","113,800","115,600","113,300","114,252",800,0.71,1.79,204.64,0.19,23.08,1.98,227.72,"144,522.46"
596,09/04/2024,FPT,"112,600","112,600","113,000","113,200","112,500","112,906",400,0.36,1.43,161.74,0.00,0.00,1.43,161.74,"143,506.48"
597,08/04/2024,FPT,"113,700","113,700","112,600","113,700","112,600","112,962","-1,100",-0.97,1.95,220.50,0.00,0.00,1.95,220.50,"142,998.50"
598,05/04/2024,FPT,"114,000","113,100","113,700","114,700","112,600","113,396",-300,-0.26,2.76,312.86,0.08,9.98,2.84,322.84,"144,395.46"
599,04/04/2024,FPT,"115,100","115,000","114,000","115,800","114,000","114,736","-1,100",-0.96,2.36,270.72,0.57,70.23,2.93,340.95,"144,776.45"
600,03/04/2024,FPT,"117,000","116,100","115,100","117,000","115,100","115,925","-1,900",-1.62,2.55,295.49,0.33,40.78,2.88,336.28,"146,173.42"
601,02/04/2024,FPT,"116,800","115,400","117,000","117,000","115,400","116,095",200,0.17,2.29,265.37,0.46,57.42,2.75,322.79,"148,586.36"
602,01/04/2024,FPT,"116,500","116,000","116,800","117,600","115,200","116,193",300,0.26,1.97,229.43,1.27,157.63,3.24,387.07,"148,332.36"
603,29/03/2024,FPT,"117,100","116,400","116,500","117,200","116,000","116,520",-600,-0.51,1.34,156.54,1.25,153.88,2.59,310.42,"147,951.37"
604,28/03/2024,FPT,"115,200","115,900","117,100","117,400","115,300","116,799","1,900",1.65,2.80,327.41,0.05,6.31,2.85,333.72,"148,713.36"
605,27/03/2024,FPT,"115,000","114,700","115,200","115,300","114,100","114,658",200,0.17,1.32,151.37,0.15,17.54,1.47,168.91,"146,300.41"
606,26/03/2024,FPT,"114,000","114,000","115,000","115,500","113,600","114,178","1,000",0.88,1.69,193.34,1.42,172.35,3.11,365.68,"146,046.42"
607,25/03/2024,FPT,"114,900","114,100","114,000","115,100","113,800","114,241",-900,-0.78,2.79,319.23,0.21,23.51,3.00,342.74,"144,776.45"
608,22/03/2024,FPT,"116,200","116,300","114,900","116,300","114,500","115,284","-1,300",-1.12,2.41,278.39,0.44,54.36,2.85,332.75,"145,919.42"
609,21/03/2024,FPT,"114,500","115,200","116,200","116,200","114,600","115,508","1,700",1.48,3.76,434.06,0.48,57.53,4.24,491.58,"147,570.38"
610,20/03/2024,FPT,"112,000","112,300","114,500","115,000","111,100","112,856","2,500",2.23,3.48,392.25,0.39,45.45,3.86,437.70,"145,411.44"
611,19/03/2024,FPT,"113,000","113,000","112,000","113,000","111,100","111,869","-1,000",-0.88,3.32,370.89,0.75,89.77,4.06,460.66,"142,236.51"
612,18/03/2024,FPT,"116,000","115,800","113,000","115,800","111,100","113,027","-3,000",-2.59,5.88,665.12,2.01,249.68,7.90,914.79,"143,506.48"
613,15/03/2024,FPT,"117,000","116,800","116,000","116,800","114,500","115,640","-1,000",-0.85,3.84,443.87,0.85,106.55,4.69,550.42,"147,316.39"
614,14/03/2024,FPT,"117,000","118,500","117,000","118,500","115,700","117,148",0,0.00,3.46,405.68,2.75,344.33,6.22,750.01,"148,586.36"
615,13/03/2024,FPT,"111,900","112,800","117,000","117,000","112,000","114,996","5,100",4.56,5.11,588.11,1.22,141.99,6.33,730.10,"148,586.36"
616,12/03/2024,FPT,"110,000","110,000","111,900","113,500","110,000","111,925","1,900",1.73,2.91,325.46,0.22,25.89,3.13,351.35,"142,109.52"
617,11/03/2024,FPT,"110,000","110,000","110,000","113,500","110,000","111,227",0,0.00,3.38,376.12,0.70,82.60,4.08,458.71,"139,696.58"
618,08/03/2024,FPT,"111,300","111,300","110,000","112,600","109,500","110,451","-1,300",-1.17,3.12,344.12,0.26,31.19,3.38,375.32,"139,696.58"
619,07/03/2024,FPT,"109,100","109,100","111,300","113,900","108,200","110,391","2,200",2.02,4.04,445.72,1.21,137.11,5.25,582.82,"141,347.54"
620,06/03/2024,FPT,"110,700","110,000","109,100","110,400","108,400","109,391","-1,600",-1.45,3.70,405.03,0.41,47.45,4.11,452.48,"138,553.60"
621,05/03/2024,FPT,"111,400","111,400","110,700","111,400","109,900","110,483",-700,-0.63,3.38,373.77,1.38,163.02,4.76,536.78,"140,585.55"
622,04/03/2024,FPT,"110,800","111,000","111,400","111,800","110,800","111,212",600,0.54,3.09,343.32,0.07,8.83,3.16,352.15,"141,474.53"
623,01/03/2024,FPT,"109,000","109,200","110,800","111,400","109,100","110,743","1,800",1.65,4.02,445.12,0.94,106.08,4.96,551.20,"140,712.55"
624,29/02/2024,FPT,"108,500","108,200","109,000","109,400","107,700","108,367",500,0.46,2.82,306.12,0.15,17.32,2.97,323.43,"138,426.61"
625,28/02/2024,FPT,"107,900","108,000","108,500","108,500","106,300","107,082",600,0.56,3.46,370.69,1.59,176.92,5.05,547.60,"137,791.62"
626,27/02/2024,FPT,"108,000","108,500","107,900","109,500","107,400","108,489",-100,-0.09,2.80,303.86,1.70,195.93,4.50,499.79,"137,029.64"
627,26/02/2024,FPT,"103,900","103,900","108,000","108,000","103,500","106,113","4,100",3.95,4.47,473.98,0.51,52.41,4.97,526.39,"137,156.64"
628,23/02/2024,FPT,"104,600","105,500","103,900","106,700","103,300","105,059",-700,-0.67,4.10,431.11,1.05,118.00,5.16,549.11,"131,949.77"
629,22/02/2024,FPT,"105,900","105,900","104,600","106,000","104,600","104,899","-1,300",-1.23,1.72,180.29,0.55,61.68,2.27,241.97,"132,838.74"
630,21/02/2024,FPT,"104,300","104,000","105,900","106,900","103,500","104,556","1,600",1.53,3.14,328.04,0.77,85.27,3.91,413.31,"134,489.70"
631,20/02/2024,FPT,"105,000","105,200","104,300","105,200","104,000","104,474",-700,-0.67,1.84,192.68,2.04,229.09,3.88,421.77,"132,457.75"
632,19/02/2024,FPT,"105,100","105,500","105,000","107,000","105,000","105,865",-100,-0.10,2.03,215.10,0.94,101.44,2.97,316.54,"133,346.73"
633,16/02/2024,FPT,"104,000","104,000","105,100","105,100","103,800","104,280","1,100",1.06,2.07,215.44,0.29,32.32,2.36,247.76,"133,473.73"
634,15/02/2024,FPT,"104,900","105,200","104,000","105,500","103,800","104,385",-900,-0.86,2.25,234.70,1.25,139.94,3.50,374.64,"132,076.76"
635,07/02/2024,FPT,"104,100","104,700","104,900","105,000","103,900","104,553",800,0.77,2.13,222.22,0.27,29.98,2.39,252.20,"133,219.73"
636,06/02/2024,FPT,"103,500","103,600","104,100","105,000","102,900","103,799",600,0.58,1.88,195.59,1.73,188.13,3.61,383.72,"132,203.76"
637,05/02/2024,FPT,"102,000","102,000","103,500","104,100","101,900","103,209","1,500",1.47,2.69,278.08,0.53,57.14,3.22,335.22,"131,441.78"
638,02/02/2024,FPT,"99,900","100,200","102,000","102,200","100,100","101,466","2,100",2.10,2.88,291.83,0.97,103.85,3.85,395.68,"129,536.83"
639,01/02/2024,FPT,"95,700","95,900","99,900","99,900","95,700","98,703","4,200",4.39,7.79,769.27,0.43,43.58,8.22,812.85,"126,869.89"
640,31/01/2024,FPT,"95,600","95,600","95,700","96,000","95,500","95,701",100,0.10,1.38,132.21,0.95,94.73,2.33,226.94,"121,536.02"
641,30/01/2024,FPT,"95,900","95,900","95,600","95,900","95,400","95,594",-300,-0.31,0.95,90.72,0.33,33.60,1.28,124.31,"121,409.02"
642,29/01/2024,FPT,"95,900","95,900","95,900","96,100","95,300","95,647",0,0.00,1.06,101.45,1.82,185.56,2.88,287.01,"121,790.02"
643,26/01/2024,FPT,"95,100","95,500","95,900","96,200","95,300","95,745",800,0.84,0.93,88.60,0.55,55.24,1.47,143.84,"121,790.02"
644,25/01/2024,FPT,"95,000","95,100","95,100","95,700","94,800","95,101",100,0.11,0.85,80.37,0.66,64.25,1.50,144.62,"120,774.04"
645,24/01/2024,FPT,"95,600","95,800","95,000","95,800","94,900","95,233",-600,-0.63,1.72,164.00,0.94,96.34,2.66,260.34,"120,647.04"
646,23/01/2024,FPT,"96,400","96,100","95,600","96,400","95,400","95,730",-800,-0.83,1.48,141.72,2.65,272.72,4.13,414.44,"121,409.02"
647,22/01/2024,FPT,"96,300","96,800","96,400","96,800","95,800","96,224",100,0.10,1.11,106.62,0.11,11.72,1.22,118.34,"122,425.00"
648,19/01/2024,FPT,"95,600","96,000","96,300","96,900","95,700","96,207",700,0.73,1.49,143.66,0.65,63.74,2.14,207.40,"122,298.00"
649,18/01/2024,FPT,"95,700","95,700","95,600","96,000","95,200","95,667",-100,-0.10,1.14,108.76,0.49,50.27,1.63,159.03,"121,409.02"
650,17/01/2024,FPT,"95,700","95,600","95,700","96,000","95,000","95,492",0,0.00,1.41,135.03,0.61,62.02,2.02,197.05,"121,536.02"
651,16/01/2024,FPT,"95,400","94,700","95,700","95,700","94,700","95,141",300,0.31,0.81,77.06,0.38,38.95,1.19,116.02,"121,536.02"
652,15/01/2024,FPT,"94,700","95,000","95,400","95,900","94,900","95,392",700,0.74,1.31,125.17,0.80,77.60,2.11,202.77,"121,155.03"
653,12/01/2024,FPT,"95,000","94,800","94,700","95,600","94,100","94,479",-300,-0.32,2.60,245.36,0.03,2.59,2.62,247.95,"120,266.05"
654,11/01/2024,FPT,"94,700","94,700","95,000","95,400","94,700","94,987",300,0.32,1.37,130.22,0.20,20.41,1.57,150.63,"120,647.04"
655,10/01/2024,FPT,"96,600","96,700","94,700","96,900","94,500","95,473","-1,900",-1.97,3.30,315.30,0.43,44.37,3.73,359.67,"120,266.05"
656,09/01/2024,FPT,"97,300","97,300","96,600","97,300","96,600","96,824",-700,-0.72,1.21,117.32,0.60,62.80,1.82,180.13,"122,678.99"
657,08/01/2024,FPT,"97,400","97,400","97,300","98,300","97,100","97,643",-100,-0.10,1.44,140.90,0.04,4.17,1.48,145.07,"123,567.97"
658,05/01/2024,FPT,"97,200","97,300","97,400","97,500","96,500","97,018",200,0.21,1.14,110.47,0.36,36.61,1.50,147.08,"123,694.97"
659,04/01/2024,FPT,"96,300","96,300","97,200","98,400","96,200","97,400",900,0.93,2.97,289.66,0.03,2.57,3.00,292.23,"123,440.97"
660,03/01/2024,FPT,"95,900","95,600","96,300","96,500","95,400","95,806",400,0.42,1.44,137.66,0.12,11.70,1.56,149.36,"122,298.00"
661,02/01/2024,FPT,"96,100","96,900","95,900","96,900","95,700","96,148",-200,-0.21,1.71,164.85,0.50,51.74,2.22,216.58,"121,790.02"
662,29/12/2023,FPT,"96,600","96,600","96,100","97,000","96,100","96,475",-500,-0.52,1.87,180.08,0.57,59.18,2.44,239.26,"122,044.01"
663,28/12/2023,FPT,"96,900","97,000","96,600","97,000","96,300","96,566",-300,-0.31,1.20,115.55,0.39,39.39,1.59,154.94,"122,678.99"
664,27/12/2023,FPT,"97,200","97,400","96,900","97,800","96,900","97,256",-300,-0.31,1.36,131.87,0.07,7.28,1.43,139.15,"123,059.98"
665,26/12/2023,FPT,"96,000","96,500","97,200","98,600","96,400","97,584","1,200",1.25,3.36,327.87,0.93,85.70,4.29,413.57,"123,440.97"
666,25/12/2023,FPT,"94,600","94,900","96,000","96,200","94,800","95,687","1,400",1.48,2.02,193.00,0.72,66.22,2.74,259.22,"121,917.01"
667,22/12/2023,FPT,"95,100","95,000","94,600","95,100","94,400","94,688",-500,-0.53,1.28,120.77,0.45,45.35,1.72,166.11,"120,139.06"
668,21/12/2023,FPT,"94,700","94,600","95,100","95,100","94,000","94,422",400,0.42,1.76,165.88,0.19,19.00,1.94,184.88,"120,774.04"
669,20/12/2023,FPT,"94,600","94,300","94,700","95,000","94,100","94,472",100,0.11,1.35,127.49,3.67,353.81,5.02,481.30,"120,266.05"
670,19/12/2023,FPT,"94,000","93,900","94,600","94,600","93,600","93,987",600,0.64,1.25,117.52,0.47,46.71,1.72,164.24,"120,139.06"
671,18/12/2023,FPT,"96,200","95,900","94,000","96,200","93,700","94,595","-2,200",-2.29,2.27,214.40,4.29,418.53,6.56,632.93,"119,377.07"
672,15/12/2023,FPT,"96,200","96,200","96,200","96,300","95,000","95,808",0,0.00,1.47,141.25,0.92,94.16,2.39,235.41,"122,171.01"
673,14/12/2023,FPT,"95,200","95,800","96,200","96,400","95,200","95,758","1,000",1.05,1.71,163.97,4.41,446.88,6.13,610.85,"122,171.01"
674,13/12/2023,FPT,"96,800","97,400","95,200","97,400","95,200","96,113","-1,600",-1.65,2.15,206.46,2.15,222.05,4.29,428.51,"120,901.04"
675,12/12/2023,FPT,"95,000","95,400","96,800","96,800","95,300","96,305","1,800",1.89,4.08,393.40,1.20,121.19,5.28,514.59,"122,932.99"
676,11/12/2023,FPT,"94,200","95,500","95,000","95,700","94,600","95,146",800,0.85,1.56,148.86,0.26,25.91,1.82,174.77,"120,647.04"
677,08/12/2023,FPT,"94,300","94,300","94,200","95,100","93,500","94,293",-100,-0.11,1.75,164.62,0.22,21.89,1.96,186.50,"119,631.07"
678,07/12/2023,FPT,"95,000","95,100","94,300","95,300","92,800","93,614",-700,-0.74,3.76,352.10,1.26,127.81,5.02,479.91,"119,758.06"
679,06/12/2023,FPT,"94,800","95,000","95,000","95,400","94,100","94,705",200,0.21,1.22,115.61,0.89,89.62,2.11,205.22,"120,647.04"
680,05/12/2023,FPT,"93,600","93,800","94,800","95,800","93,700","94,909","1,200",1.28,3.59,340.74,0.06,5.72,3.65,346.46,"120,393.05"
681,04/12/2023,FPT,"92,400","92,600","93,600","94,000","92,600","93,328","1,200",1.30,3.46,323.13,0.21,19.76,3.68,342.88,"118,869.09"
682,01/12/2023,FPT,"91,900","92,200","92,400","92,900","91,300","92,045",500,0.54,1.19,109.61,0.68,67.29,1.88,176.90,"117,345.12"
683,30/11/2023,FPT,"91,700","91,400","91,900","93,700","91,300","92,376",200,0.22,1.98,183.13,0.87,84.97,2.85,268.09,"116,710.14"
684,29/11/2023,FPT,"91,100","91,600","91,700","92,000","91,100","91,437",600,0.66,0.80,73.29,0.13,12.98,0.93,86.27,"116,456.15"
685,28/11/2023,FPT,"90,700","90,800","91,100","91,900","89,900","90,457",400,0.44,1.09,98.66,1.95,180.58,3.04,279.24,"115,694.16"
686,27/11/2023,FPT,"91,200","91,400","90,700","91,400","90,100","90,639",-500,-0.55,1.66,150.42,0.52,50.60,2.18,201.01,"115,186.18"
687,24/11/2023,FPT,"90,800","90,800","91,200","92,000","90,200","91,129",400,0.44,2.25,204.90,0.25,23.79,2.50,228.69,"115,821.16"
688,23/11/2023,FPT,"93,000","93,300","90,800","93,700","90,800","92,494","-2,200",-2.37,2.17,200.32,0.47,45.94,2.63,246.25,"115,313.17"
689,22/11/2023,FPT,"91,900","91,900","93,000","93,100","91,900","92,670","1,100",1.20,3.27,303.19,0.12,11.85,3.39,315.04,"118,107.11"
690,21/11/2023,FPT,"90,700","92,000","91,900","92,000","90,700","91,232","1,200",1.32,1.46,133.26,0.19,18.69,1.65,151.95,"116,710.14"
691,20/11/2023,FPT,"91,000","90,100","90,700","92,600","89,100","90,986",-300,-0.33,1.66,150.72,0.36,34.69,2.01,185.40,"115,186.18"
692,17/11/2023,FPT,"93,000","93,400","91,000","93,500","90,600","91,601","-2,000",-2.15,3.57,326.82,0.28,27.96,3.85,354.78,"115,567.17"
693,16/11/2023,FPT,"92,400","92,200","93,000","93,000","91,600","92,397",600,0.65,1.91,176.14,0.55,53.80,2.46,229.93,"118,107.11"
694,15/11/2023,FPT,"92,600","93,700","92,400","93,800","92,000","93,082",-200,-0.22,2.42,225.04,0.53,51.67,2.95,276.71,"117,345.12"
695,14/11/2023,FPT,"91,400","92,000","92,600","93,400","91,300","92,156","1,200",1.31,2.00,184.11,0.23,22.09,2.23,206.20,"117,599.12"
696,13/11/2023,FPT,"91,500","91,600","91,400","92,000","90,500","91,211",-100,-0.11,1.53,139.75,0.45,42.93,1.98,182.67,"116,075.16"
697,10/11/2023,FPT,"92,500","91,500","91,500","92,700","91,300","91,764","-1,000",-1.08,2.41,220.83,0.55,53.03,2.95,273.86,"116,202.15"
698,09/11/2023,FPT,"92,600","92,000","92,500","93,300","91,800","92,580",-100,-0.11,2.11,195.36,0.90,89.16,3.01,284.52,"117,472.12"
699,08/11/2023,FPT,"88,300","88,200","92,600","92,600","88,000","90,403","4,300",4.87,2.94,266.08,1.22,114.61,4.16,380.68,"117,599.12"
700,07/11/2023,FPT,"88,500","88,500","88,300","88,800","87,900","88,262",-200,-0.23,1.34,118.29,0.00,0.00,1.34,118.29,"112,138.25"
701,06/11/2023,FPT,"87,000","88,200","88,500","88,900","87,800","88,383","1,500",1.72,1.21,106.95,0.79,73.10,2.00,180.05,"112,392.25"
702,03/11/2023,FPT,"89,000","89,000","87,000","89,200","87,000","87,366","-2,000",-2.25,4.84,423.05,0.61,57.37,5.45,480.42,"110,487.29"
703,02/11/2023,FPT,"85,400","86,400","89,000","89,000","85,900","87,374","3,600",4.22,2.20,192.57,0.04,3.22,2.24,195.79,"113,027.23"
704,01/11/2023,FPT,"83,000","84,300","85,400","85,400","82,600","83,832","2,400",2.89,2.18,182.35,2.88,238.10,5.05,420.46,"108,455.34"
705,31/10/2023,FPT,"85,000","85,100","83,000","85,300","83,000","84,033","-2,000",-2.35,3.09,259.43,0.00,0.00,3.09,259.43,"105,407.42"
706,30/10/2023,FPT,"87,000","87,000","85,000","87,100","85,000","86,060","-2,000",-2.30,1.87,160.89,0.12,10.54,1.99,171.43,"107,947.35"
707,27/10/2023,FPT,"86,800","87,500","87,000","88,000","86,300","87,019",200,0.23,2.03,177.07,0.44,38.61,2.47,215.68,"110,487.29"
708,26/10/2023,FPT,"90,900","88,300","86,800","89,900","86,000","87,373","-4,100",-4.51,5.91,516.33,0.19,17.30,6.10,533.63,"110,233.30"
709,25/10/2023,FPT,"92,000","91,800","90,900","92,700","90,900","91,855","-1,100",-1.20,1.84,168.69,0.53,49.71,2.37,218.40,"115,440.17"
710,24/10/2023,FPT,"91,000","92,400","92,000","92,400","90,800","91,720","1,000",1.10,1.61,147.89,1.09,100.33,2.70,248.22,"116,837.14"
711,23/10/2023,FPT,"92,900","93,800","91,000","93,800","90,800","92,040","-1,900",-2.05,1.97,181.48,1.08,100.73,3.05,282.20,"115,567.17"
712,20/10/2023,FPT,"92,000","92,500","92,900","93,000","90,100","91,488",900,0.98,2.86,261.95,1.01,93.70,3.87,355.65,"117,980.11"
713,19/10/2023,FPT,"93,000","94,000","92,000","94,300","92,000","93,393","-1,000",-1.08,3.03,282.92,2.97,279.39,6.00,562.31,"116,837.14"
714,18/10/2023,FPT,"93,100","94,900","93,000","94,900","91,000","92,967",-100,-0.11,6.14,571.08,1.56,146.15,7.70,717.23,"118,107.11"
715,17/10/2023,FPT,"96,800","97,800","93,100","97,800","93,100","95,824","-3,700",-3.82,2.42,231.90,0.32,31.50,2.74,263.40,"118,234.10"
716,16/10/2023,FPT,"96,100","96,800","96,800","98,900","96,300","97,676",700,0.73,4.97,485.90,1.91,186.58,6.88,672.48,"122,932.99"
717,13/10/2023,FPT,"96,400","96,000","96,100","96,300","95,300","95,871",-300,-0.31,2.36,226.46,0.61,59.15,2.97,285.61,"122,044.01"
718,12/10/2023,FPT,"97,000","97,000","96,400","97,800","96,000","97,054",-600,-0.62,1.88,182.58,0.32,30.87,2.20,213.45,"122,425.00"
719,11/10/2023,FPT,"96,300","95,900","97,000","98,000","95,900","96,908",700,0.73,2.36,228.53,0.56,54.81,2.92,283.34,"123,186.98"
720,10/10/2023,FPT,"95,600","96,500","96,300","97,200","95,400","96,258",700,0.73,3.26,313.37,2.55,241.73,5.81,555.09,"122,298.00"
721,09/10/2023,FPT,"92,700","92,400","95,600","95,600","92,200","94,510","2,900",3.13,3.66,345.62,1.32,124.82,4.97,470.44,"121,409.02"
722,06/10/2023,FPT,"91,600","91,500","92,700","92,800","91,000","91,956","1,100",1.20,1.15,105.54,0.19,18.07,1.34,123.61,"117,726.11"
723,05/10/2023,FPT,"92,500","92,800","91,600","93,300","91,600","92,206",-900,-0.97,1.37,126.24,0.11,10.24,1.48,136.48,"116,329.15"
724,04/10/2023,FPT,"92,200","91,300","92,500","93,400","91,300","92,446",300,0.33,1.59,147.15,1.12,104.71,2.71,251.85,"117,472.12"
725,03/10/2023,FPT,"93,200","92,200","92,200","93,500","91,500","92,133","-1,000",-1.07,2.01,184.90,0.84,79.84,2.85,264.74,"117,091.13"
726,02/10/2023,FPT,"92,800","93,400","93,200","93,800","92,000","92,844",400,0.43,1.14,105.61,0.45,39.84,1.59,145.45,"118,361.10"
727,29/09/2023,FPT,"94,000","94,000","92,800","94,900","92,800","93,662","-1,200",-1.28,1.64,153.17,1.56,143.69,3.20,296.85,"117,853.11"
728,28/09/2023,FPT,"94,300","94,100","94,000","94,300","91,400","92,901",-300,-0.32,1.76,163.91,0.34,32.62,2.11,196.53,"119,377.07"
729,27/09/2023,FPT,"93,500","93,900","94,300","94,300","90,400","91,799",800,0.86,4.51,414.05,0.69,60.20,5.20,474.25,"119,758.06"
730,26/09/2023,FPT,"94,300","94,200","93,500","95,500","93,100","94,323",-800,-0.85,2.15,203.18,0.41,39.80,2.57,242.98,"118,742.09"
731,25/09/2023,FPT,"96,700","97,000","94,300","97,600","94,300","95,589","-2,400",-2.48,2.10,200.46,1.05,102.48,3.15,302.94,"119,758.06"
732,22/09/2023,FPT,"96,800","95,100","96,700","97,000","92,600","95,160",-100,-0.10,6.86,652.90,0.95,93.13,7.81,746.02,"122,805.99"
733,21/09/2023,FPT,"98,500","98,500","96,800","98,900","96,300","97,377","-1,700",-1.73,3.42,332.93,1.06,106.43,4.48,439.37,"122,932.99"
734,20/09/2023,FPT,"98,400","98,800","98,500","99,700","98,500","99,027",100,0.10,2.44,242.10,0.17,17.13,2.62,259.23,"125,091.93"
735,19/09/2023,FPT,"96,900","96,800","98,400","98,400","95,900","97,303","1,500",1.55,3.58,348.70,0.77,75.88,4.35,424.57,"124,964.94"
736,18/09/2023,FPT,"97,500","96,900","96,900","96,900","95,700","96,166",-600,-0.62,2.03,194.92,0.62,62.36,2.65,257.28,"123,059.98"
737,15/09/2023,FPT,"95,900","96,000","97,500","97,800","95,300","95,977","1,600",1.67,2.13,204.89,0.67,66.30,2.80,271.20,"123,821.97"
738,14/09/2023,FPT,"98,000","98,000","95,900","98,000","95,500","96,630","-2,100",-2.14,2.32,224.15,0.87,86.65,3.18,310.80,"121,790.02"
739,13/09/2023,FPT,"98,900","98,900","98,000","99,000","97,400","98,141",-900,-0.91,2.89,283.56,0.92,91.31,3.80,374.87,"124,456.95"
740,12/09/2023,FPT,"97,400","97,400","98,900","98,900","97,400","98,167","1,500",1.54,2.68,263.16,1.33,132.80,4.01,395.95,"125,599.92"
741,11/09/2023,FPT,"97,600","98,700","97,400","99,500","95,300","96,676",-200,-0.20,5.15,497.86,0.73,73.21,5.88,571.07,"123,694.97"
742,08/09/2023,FPT,"97,900","97,500","97,600","98,500","97,000","97,573",-300,-0.31,2.12,206.43,0.52,52.03,2.64,258.46,"123,948.96"
743,07/09/2023,FPT,"99,000","99,000","97,900","100,800","97,600","98,496","-1,100",-1.11,3.25,320.07,0.37,38.06,3.62,358.13,"124,329.95"
744,06/09/2023,FPT,"96,800","97,100","99,000","99,000","96,300","97,454","2,200",2.27,2.49,242.76,0.25,24.40,2.74,267.15,"125,726.92"
745,05/09/2023,FPT,"96,700","97,100","96,800","98,700","96,800","97,431",100,0.10,1.44,140.26,0.51,51.89,1.95,192.15,"122,932.99"
746,31/08/2023,FPT,"96,600","96,600","96,700","97,500","96,100","96,802",100,0.10,1.40,135.88,0.24,24.79,1.64,160.67,"122,805.99"
747,30/08/2023,FPT,"93,600","93,200","96,600","98,200","93,100","96,060","3,000",3.21,2.36,226.77,0.85,83.82,3.21,310.59,"122,678.99"
748,29/08/2023,FPT,"94,000","94,000","93,600","94,000","92,800","93,377",-400,-0.43,1.55,144.49,2.02,198.83,3.57,343.32,"118,869.09"
749,28/08/2023,FPT,"90,600","92,000","94,000","94,300","91,000","92,379","3,400",3.75,2.95,272.58,0.61,58.36,3.56,330.94,"119,377.07"
750,25/08/2023,FPT,"90,000","89,500","90,600","91,000","89,100","90,005",600,0.67,2.79,251.24,0.89,85.71,3.68,336.95,"115,059.18"
751,24/08/2023,FPT,"85,500","85,500","90,000","90,100","85,100","88,685","4,500",5.26,5.25,465.74,1.06,89.25,6.31,554.99,"114,297.20"
752,23/08/2023,FPT,"86,500","86,400","86,500","86,800","84,700","85,800",0,0.00,1.42,121.71,2.79,251.19,4.21,372.89,"109,852.31"
753,22/08/2023,FPT,"85,900","86,300","86,500","86,500","83,000","85,096",600,0.70,2.33,198.30,1.48,136.35,3.81,334.65,"109,852.31"
754,21/08/2023,FPT,"85,500","85,900","85,900","86,700","85,500","86,059",400,0.47,2.45,211.09,1.25,114.56,3.71,325.65,"109,090.33"
755,18/08/2023,FPT,"86,000","85,600","85,500","87,900","84,300","85,845",-500,-0.58,4.24,364.30,0.04,3.68,4.28,367.98,"108,582.34"
756,17/08/2023,FPT,"85,100","85,000","86,000","87,200","85,000","86,399",900,1.06,3.69,319.14,0.64,58.17,4.33,377.31,"109,217.32"
757,16/08/2023,FPT,"84,000","83,200","85,100","85,200","83,200","84,551","1,100",1.31,2.60,219.44,1.61,135.24,4.21,354.68,"108,074.35"
758,15/08/2023,FPT,"82,600","82,600","84,000","84,300","81,500","83,032","1,400",1.69,1.68,139.13,0.04,3.53,1.72,142.66,"106,677.39"
759,14/08/2023,FPT,"82,000","82,100","82,600","83,200","82,000","82,503",600,0.73,1.01,83.67,0.00,0.00,1.01,83.67,"104,899.43"
760,11/08/2023,FPT,"82,200","82,000","82,000","83,000","81,500","82,014",-200,-0.24,1.14,93.73,0.14,12.35,1.28,106.08,"104,137.45"
761,10/08/2023,FPT,"83,100","83,100","82,200","83,300","82,200","82,555",-900,-1.08,1.34,110.90,0.05,4.45,1.39,115.34,"104,391.44"
762,09/08/2023,FPT,"84,200","84,000","83,100","84,700","83,000","83,577","-1,100",-1.31,0.98,82.13,0.49,44.04,1.47,126.17,"105,534.41"
763,08/08/2023,FPT,"84,500","84,000","84,200","84,600","83,800","84,181",-300,-0.36,0.64,53.54,0.27,22.97,0.91,76.50,"106,931.38"
764,07/08/2023,FPT,"83,300","83,600","84,500","84,500","83,300","83,943","1,200",1.44,0.75,63.17,0.00,0.00,0.75,63.17,"107,312.37"
765,04/08/2023,FPT,"83,700","84,000","83,300","84,500","83,300","83,515",-400,-0.48,1.62,135.20,0.79,69.54,2.41,204.75,"105,788.41"
766,03/08/2023,FPT,"83,500","83,800","83,700","84,200","82,900","83,603",200,0.24,0.91,75.90,0.10,8.93,1.01,84.83,"106,296.39"
767,02/08/2023,FPT,"84,500","84,500","83,500","84,800","83,500","84,000","-1,000",-1.18,1.00,83.69,0.67,59.37,1.67,143.06,"106,042.40"
768,01/08/2023,FPT,"85,600","85,600","84,500","86,300","84,500","85,475","-1,100",-1.29,1.29,110.03,0.15,13.73,1.44,123.76,"107,312.37"
769,31/07/2023,FPT,"84,400","84,700","85,600","85,800","84,400","85,096","1,200",1.42,1.47,125.22,0.02,1.81,1.49,127.03,"108,709.34"
770,28/07/2023,FPT,"83,700","83,500","84,400","84,400","83,100","83,712",700,0.84,0.90,75.21,0.00,0.00,0.90,75.21,"107,185.37"
771,27/07/2023,FPT,"82,700","82,800","83,700","84,400","82,800","83,762","1,000",1.21,1.42,118.75,0.36,31.94,1.78,150.69,"106,296.39"
772,26/07/2023,FPT,"81,300","81,200","82,700","82,700","81,100","82,022","1,400",1.72,1.27,104.23,0.12,10.55,1.39,114.79,"105,026.43"
773,25/07/2023,FPT,"81,000","81,000","81,300","82,200","81,000","81,481",300,0.37,1.06,86.12,0.42,35.97,1.47,122.08,"103,248.47"
774,24/07/2023,FPT,"81,000","81,000","81,000","81,300","80,600","80,964",0,0.00,1.17,94.95,5.02,389.68,6.19,484.63,"102,867.48"
775,21/07/2023,FPT,"80,300","79,700","81,000","81,000","79,600","80,287",700,0.87,1.27,102.25,0.10,8.59,1.37,110.85,"102,867.48"
776,20/07/2023,FPT,"78,500","78,600","80,300","81,300","78,500","80,221","1,800",2.29,2.29,184.05,0.02,1.68,2.31,185.73,"101,978.50"
777,19/07/2023,FPT,"78,700","78,500","78,500","78,900","78,300","78,545",-200,-0.25,0.71,55.66,0.24,20.35,0.95,76.01,"99,692.56"
778,18/07/2023,FPT,"79,000","79,000","78,700","79,000","78,100","78,531",-300,-0.38,0.72,56.41,0.65,55.14,1.37,111.55,"99,946.55"
779,17/07/2023,FPT,"78,300","79,000","79,000","79,200","78,500","78,862",700,0.89,1.15,90.95,0.09,6.99,1.25,97.95,"100,327.54"
780,14/07/2023,FPT,"75,800","76,900","78,300","78,300","76,100","77,794","2,500",3.30,2.82,219.60,0.00,0.00,2.82,219.60,"99,438.56"
781,13/07/2023,FPT,"75,300","75,800","75,800","75,800","75,400","75,683",500,0.66,1.25,94.79,0.00,0.00,1.25,94.79,"96,263.64"
782,12/07/2023,FPT,"75,000","75,000","75,300","75,700","74,900","75,233",300,0.40,0.90,68.08,0.40,30.73,1.30,98.80,"83,156.17"
783,11/07/2023,FPT,"75,300","75,300","75,000","75,400","75,000","75,174",-300,-0.40,1.09,82.04,0.97,78.00,2.06,160.03,"82,824.87"
784,10/07/2023,FPT,"75,300","75,300","75,300","75,900","74,900","75,208",0,0.00,1.15,86.81,0.32,24.31,1.47,111.13,"83,156.17"
785,07/07/2023,FPT,"74,600","74,200","75,300","75,500","74,200","74,850",700,0.94,0.90,67.09,0.30,24.29,1.20,91.38,"83,156.17"
786,06/07/2023,FPT,"74,800","74,800","74,600","75,200","74,000","74,520",-200,-0.27,1.52,113.05,0.28,22.79,1.80,135.84,"82,383.14"
787,05/07/2023,FPT,"74,800","75,100","74,800","76,500","74,800","75,414",0,0.00,1.79,134.79,0.72,57.83,2.51,192.62,"82,604.01"
788,04/07/2023,FPT,"86,400","86,400","87,000","87,000","86,200","86,577",600,0.69,1.33,114.98,0.00,0.00,1.33,114.98,"96,076.85"
789,03/07/2023,FPT,"86,000","86,500","86,400","86,800","86,000","86,319",400,0.47,1.04,89.74,0.40,35.32,1.44,125.06,"95,414.25"
790,30/06/2023,FPT,"86,500","86,500","86,000","86,600","86,000","86,270",-500,-0.58,0.73,63.28,0.42,39.03,1.16,102.31,"94,972.52"
791,29/06/2023,FPT,"87,000","87,000","86,500","87,100","86,500","86,709",-500,-0.57,0.56,48.77,0.71,66.47,1.28,115.23,"95,524.69"
792,28/06/2023,FPT,"87,300","87,400","87,000","87,800","87,000","87,292",-300,-0.34,0.96,84.23,0.32,29.60,1.28,113.83,"96,076.85"
793,27/06/2023,FPT,"85,800","86,000","87,300","87,300","86,000","86,665","1,500",1.75,1.54,133.50,0.20,18.12,1.74,151.62,"96,408.15"
794,26/06/2023,FPT,"85,100","85,100","85,800","85,800","84,600","85,090",700,0.82,0.86,73.13,0.88,80.12,1.74,153.24,"94,751.65"
795,23/06/2023,FPT,"85,500","85,600","85,100","85,600","84,800","85,050",-400,-0.47,0.82,69.91,0.73,67.16,1.56,137.07,"93,978.62"
796,22/06/2023,FPT,"85,800","86,100","85,500","86,500","84,700","85,420",-300,-0.35,1.02,87.10,0.00,0.00,1.02,87.10,"94,420.35"
797,21/06/2023,FPT,"85,500","85,500","85,800","86,400","85,400","85,818",300,0.35,0.71,60.57,1.96,179.09,2.67,239.66,"94,751.65"
798,20/06/2023,FPT,"84,700","85,000","85,500","85,800","84,700","85,243",800,0.94,0.94,80.51,0.38,32.82,1.33,113.33,"94,420.35"
799,19/06/2023,FPT,"84,500","84,700","84,700","85,500","84,500","84,908",200,0.24,0.66,56.31,0.07,6.03,0.73,62.34,"93,536.89"
800,16/06/2023,FPT,"84,100","84,100","84,500","86,200","83,400","85,190",400,0.48,2.23,190.10,0.20,17.98,2.43,208.08,"93,316.02"
801,15/06/2023,FPT,"84,200","84,200","84,100","84,400","83,600","83,956",-100,-0.12,0.80,67.05,0.00,0.00,0.80,67.05,"92,874.29"
802,14/06/2023,FPT,"84,400","84,300","84,200","84,800","84,100","84,353",-200,-0.24,0.66,55.56,0.15,13.55,0.81,69.10,"92,984.72"
803,13/06/2023,FPT,"84,900","84,400","84,400","84,900","84,300","84,567",-500,-0.59,0.47,39.48,0.57,51.96,1.04,91.44,"93,205.59"
804,12/06/2023,FPT,"84,600","84,500","84,900","84,900","83,600","84,120",300,0.35,0.52,43.72,0.04,3.62,0.56,47.34,"93,757.75"
805,09/06/2023,FPT,"83,600","84,300","84,600","84,700","83,700","84,315","1,000",1.20,0.68,57.35,0.08,7.15,0.76,64.50,"93,426.46"
806,08/06/2023,FPT,"85,000","84,700","83,600","84,900","83,500","83,986","-1,400",-1.65,1.24,104.52,0.07,6.00,1.31,110.52,"92,322.12"
807,07/06/2023,FPT,"85,300","85,000","85,000","85,400","84,300","84,697",-300,-0.35,0.71,59.78,0.58,52.54,1.28,112.32,"93,868.19"
808,06/06/2023,FPT,"85,000","85,300","85,300","85,300","84,700","84,984",300,0.35,0.51,43.68,0.00,0.00,0.51,43.68,"94,199.49"
809,05/06/2023,FPT,"83,800","83,900","85,000","85,200","83,800","84,556","1,200",1.43,1.43,120.54,0.30,26.86,1.73,147.40,"93,868.19"
810,02/06/2023,FPT,"83,500","83,500","83,800","84,300","83,100","83,615",300,0.36,0.74,61.53,0.00,0.00,0.74,61.53,"92,542.99"
811,01/06/2023,FPT,"84,100","84,000","83,500","84,000","83,100","83,398",-600,-0.71,0.54,44.81,0.59,50.98,1.13,95.79,"92,211.69"
812,31/05/2023,FPT,"84,000","84,200","84,100","84,200","83,100","83,849",100,0.12,0.84,70.38,0.00,0.00,0.84,70.38,"92,874.29"
813,30/05/2023,FPT,"83,100","83,000","84,000","84,900","82,900","83,809",900,1.08,1.66,139.05,3.80,338.08,5.46,477.13,"92,763.86"
814,29/05/2023,FPT,"83,100","83,500","83,100","83,700","82,900","83,271",0,0.00,0.88,73.25,0.00,0.00,0.88,73.25,"91,769.96"
815,26/05/2023,FPT,"83,200","83,100","83,100","83,400","82,300","82,986",-100,-0.12,0.86,71.73,0.55,48.59,1.41,120.33,"91,769.96"
816,25/05/2023,FPT,"81,300","81,200","83,200","83,400","81,000","82,586","1,900",2.34,1.34,110.77,0.05,4.14,1.39,114.91,"91,880.39"
817,24/05/2023,FPT,"82,000","82,000","81,300","82,100","81,100","81,589",-700,-0.85,0.46,37.88,0.00,0.00,0.46,37.88,"89,782.16"
818,23/05/2023,FPT,"82,500","82,500","82,000","82,500","81,400","82,032",-500,-0.61,0.66,53.85,0.41,35.82,1.07,89.67,"90,555.19"
819,22/05/2023,FPT,"82,800","82,800","82,500","82,800","82,000","82,380",-300,-0.36,0.56,46.22,0.04,2.93,0.60,49.14,"91,107.36"
820,19/05/2023,FPT,"82,900","83,000","82,800","83,300","81,800","82,509",-100,-0.12,1.07,88.58,0.92,82.03,2.00,170.61,"91,438.66"
821,18/05/2023,FPT,"81,500","81,800","82,900","83,000","81,400","82,296","1,400",1.72,1.55,127.54,0.00,0.00,1.55,127.54,"91,549.09"
822,17/05/2023,FPT,"81,500","81,900","81,500","82,700","81,100","81,831",0,0.00,0.98,79.88,0.37,31.05,1.34,110.94,"90,003.03"
823,16/05/2023,FPT,"81,000","81,000","81,500","81,700","80,800","81,152",500,0.62,0.77,62.20,0.60,51.88,1.37,114.08,"90,003.03"
824,15/05/2023,FPT,"80,500","81,400","81,000","81,800","80,800","81,206",500,0.62,0.93,75.90,0.47,40.04,1.40,115.94,"89,450.86"
825,12/05/2023,FPT,"79,100","79,300","80,500","80,600","78,800","79,812","1,400",1.77,1.08,86.44,0.16,13.54,1.24,99.98,"88,898.70"
826,11/05/2023,FPT,"79,000","79,100","79,100","79,600","79,000","79,199",100,0.13,0.48,37.69,0.03,2.12,0.50,39.81,"86,774.80"
827,10/05/2023,FPT,"78,900","79,000","79,000","79,600","79,000","79,292",100,0.13,0.63,50.15,0.00,0.00,0.63,50.15,"86,665.10"
828,09/05/2023,FPT,"78,500","78,600","78,900","79,800","78,600","79,200",400,0.51,0.61,47.99,0.00,0.00,0.61,47.99,"86,555.40"
829,08/05/2023,FPT,"78,400","78,500","78,500","78,900","78,400","78,589",100,0.13,0.36,28.52,0.45,37.71,0.81,66.23,"86,116.59"
830,05/05/2023,FPT,"78,500","78,600","78,400","78,600","78,200","78,399",-100,-0.13,0.32,25.03,0.00,0.00,0.32,25.03,"86,006.88"
831,04/05/2023,FPT,"77,500","77,800","78,500","78,700","77,600","78,282","1,000",1.29,0.50,38.92,1.93,159.72,2.42,198.64,"86,116.59"
832,28/04/2023,FPT,"78,300","78,800","77,500","78,800","77,500","77,973",-800,-1.02,0.95,73.73,0.01,0.87,0.96,74.60,"85,019.56"
833,27/04/2023,FPT,"78,300","78,100","78,300","78,800","78,100","78,421",0,0.00,0.22,17.33,0.00,0.00,0.22,17.33,"85,897.18"
834,26/04/2023,FPT,"78,400","78,100","78,300","78,400","77,600","77,982",-100,-0.13,0.77,60.20,0.48,40.02,1.25,100.22,"85,897.18"
835,25/04/2023,FPT,"79,100","79,100","78,400","79,300","78,300","78,750",-700,-0.88,0.54,42.53,0.42,30.71,0.96,73.23,"86,006.88"
836,24/04/2023,FPT,"79,300","79,500","79,100","80,600","79,000","79,654",-200,-0.25,0.79,63.29,0.00,0.00,0.79,63.29,"86,774.80"
837,21/04/2023,FPT,"79,400","80,000","79,300","80,000","79,300","79,494",-100,-0.13,0.32,25.76,0.03,2.32,0.35,28.07,"86,994.21"
838,20/04/2023,FPT,"79,300","79,800","79,400","79,800","79,200","79,498",100,0.13,0.36,28.97,0.00,0.00,0.36,28.97,"87,103.91"
839,19/04/2023,FPT,"79,400","79,800","79,300","79,800","79,300","79,433",-100,-0.13,0.42,33.35,0.00,0.00,0.42,33.35,"86,994.21"
840,18/04/2023,FPT,"79,600","79,600","79,400","80,000","79,200","79,586",-200,-0.25,0.30,24.00,0.03,2.66,0.33,26.67,"87,103.91"
841,17/04/2023,FPT,"79,600","79,600","79,600","79,700","79,000","79,364",0,0.00,0.45,35.71,0.17,14.74,0.62,50.45,"87,323.32"
842,14/04/2023,FPT,"79,600","79,900","79,600","80,100","79,300","79,604",0,0.00,0.40,31.75,0.16,13.93,0.56,45.68,"87,323.32"
843,13/04/2023,FPT,"80,300","80,300","79,600","80,400","79,300","79,778",-700,-0.87,0.54,43.12,0.02,1.72,0.56,44.84,"87,323.32"
844,12/04/2023,FPT,"80,300","80,300","80,300","80,500","79,900","80,181",0,0.00,0.57,46.08,0.06,5.45,0.64,51.53,"88,091.23"
845,11/04/2023,FPT,"80,300","80,200","80,300","80,500","80,100","80,245",0,0.00,0.53,42.85,0.00,0.00,0.53,42.85,"88,091.23"
846,10/04/2023,FPT,"80,500","81,000","80,300","81,000","80,100","80,478",-200,-0.25,0.77,61.95,0.00,0.00,0.77,61.95,"88,091.23"
847,07/04/2023,FPT,"80,300","80,200","80,500","80,700","80,000","80,242",200,0.25,0.36,28.87,3.96,339.31,4.32,368.18,"88,310.64"
848,06/04/2023,FPT,"80,600","80,700","80,300","81,500","80,300","80,883",-300,-0.37,0.61,49.57,0.02,1.72,0.63,51.30,"88,091.23"
849,05/04/2023,FPT,"80,500","80,500","80,600","80,600","79,700","80,111",100,0.12,0.42,33.81,0.00,0.00,0.42,33.81,"88,420.34"
850,04/04/2023,FPT,"80,900","80,900","80,500","81,000","80,000","80,515",-400,-0.49,0.58,47.07,0.00,0.00,0.58,47.07,"88,310.64"
851,03/04/2023,FPT,"79,100","79,400","80,900","80,900","79,100","79,887","1,800",2.28,1.17,93.48,0.02,1.69,1.19,95.18,"88,749.45"
852,31/03/2023,FPT,"79,100","79,100","79,100","79,500","79,000","79,221",0,0.00,0.67,53.21,1.07,90.69,1.74,143.90,"86,774.80"
853,30/03/2023,FPT,"79,000","79,000","79,100","79,300","78,800","79,082",100,0.13,0.41,32.30,0.56,47.30,0.97,79.60,"86,774.80"
854,29/03/2023,FPT,"79,200","79,200","79,000","79,300","78,600","78,930",-200,-0.25,0.40,31.93,0.45,37.76,0.85,69.69,"86,665.10"
855,28/03/2023,FPT,"79,100","79,200","79,200","79,200","77,500","78,905",100,0.13,1.00,78.94,0.61,51.67,1.61,130.61,"86,884.50"
856,27/03/2023,FPT,"78,600","78,900","79,100","79,200","78,500","78,968",500,0.64,0.77,60.58,0.29,24.48,1.06,85.06,"86,774.80"
857,24/03/2023,FPT,"78,000","78,300","78,600","78,800","78,000","78,451",600,0.77,0.37,28.77,0.02,2.00,0.39,30.77,"86,226.29"
858,23/03/2023,FPT,"78,500","78,400","78,000","78,500","77,600","77,830",-500,-0.64,0.36,27.75,0.10,8.39,0.46,36.14,"85,568.07"
859,22/03/2023,FPT,"78,100","78,200","78,500","78,600","77,600","78,088",400,0.51,0.61,47.67,0.35,29.40,0.96,77.07,"86,116.59"
860,21/03/2023,FPT,"77,600","78,600","78,100","78,700","77,100","77,812",500,0.64,0.54,41.72,0.42,35.13,0.96,76.85,"85,677.78"
861,20/03/2023,FPT,"79,000","79,100","77,600","79,300","77,600","78,181","-1,400",-1.77,0.77,60.18,0.65,54.68,1.42,114.87,"85,129.26"
862,17/03/2023,FPT,"79,200","79,600","79,000","80,000","78,600","79,236",-200,-0.25,0.43,34.02,0.00,0.00,0.43,34.02,"86,665.10"
863,16/03/2023,FPT,"80,500","80,000","79,200","80,000","78,400","79,178","-1,300",-1.61,0.85,67.30,0.25,21.71,1.10,89.02,"86,884.50"
864,15/03/2023,FPT,"78,700","79,100","80,500","80,500","79,100","79,978","1,800",2.29,0.69,55.33,0.05,3.97,0.74,59.30,"88,310.64"
865,14/03/2023,FPT,"78,900","79,000","78,700","79,100","78,500","78,748",-200,-0.25,0.43,33.66,0.24,20.26,0.67,53.91,"86,335.99"
866,13/03/2023,FPT,"79,500","78,100","78,900","79,400","78,100","78,844",-600,-0.75,0.89,69.90,0.00,0.00,0.89,69.90,"86,555.40"
867,10/03/2023,FPT,"80,600","80,200","79,500","80,400","79,000","79,448","-1,100",-1.36,0.64,50.92,0.00,0.00,0.64,50.92,"87,213.61"
868,09/03/2023,FPT,"79,500","79,500","80,600","80,700","79,200","79,806","1,100",1.38,0.64,51.10,0.63,53.80,1.27,104.90,"88,420.34"
869,08/03/2023,FPT,"78,800","78,500","79,500","79,500","78,500","78,821",700,0.89,0.51,40.25,0.45,37.98,0.96,78.22,"87,213.61"
870,07/03/2023,FPT,"78,200","79,100","78,800","79,900","78,800","79,245",600,0.77,0.79,62.76,0.11,9.10,0.90,71.87,"86,445.69"
871,06/03/2023,FPT,"78,500","78,100","78,200","79,800","78,100","78,911",-300,-0.38,0.82,64.49,0.03,2.35,0.85,66.84,"85,787.48"
872,03/03/2023,FPT,"80,000","79,300","78,500","80,000","78,500","79,124","-1,500",-1.88,0.74,58.62,0.00,0.00,0.74,58.62,"86,116.59"
873,02/03/2023,FPT,"80,500","80,000","80,000","80,500","79,800","80,067",-500,-0.62,0.43,34.49,1.27,109.03,1.70,143.52,"87,762.13"
874,01/03/2023,FPT,"80,500","79,500","80,500","80,500","78,700","79,342",0,0.00,1.38,109.21,0.11,9.58,1.49,118.79,"88,310.64"
875,28/02/2023,FPT,"80,300","80,000","80,500","80,700","79,500","80,170",200,0.25,0.52,42.03,0.44,37.68,0.96,79.71,"88,310.64"
876,27/02/2023,FPT,"80,800","80,000","80,300","80,500","79,900","80,106",-500,-0.62,1.02,81.34,0.07,6.00,1.09,87.34,"88,091.23"
877,24/02/2023,FPT,"81,400","81,100","80,800","81,300","80,400","80,778",-600,-0.74,0.56,45.17,0.31,27.12,0.87,72.29,"88,639.75"
878,23/02/2023,FPT,"81,800","81,700","81,400","81,700","80,600","81,093",-400,-0.49,1.16,94.11,9.35,817.95,10.51,912.06,"89,297.96"
879,22/02/2023,FPT,"82,800","82,300","81,800","82,500","81,800","82,099","-1,000",-1.21,0.75,61.34,0.10,8.85,0.85,70.19,"89,736.77"
880,21/02/2023,FPT,"82,800","82,800","82,800","83,700","82,600","83,080",0,0.00,0.84,69.79,0.00,0.00,0.84,69.79,"90,833.80"
881,20/02/2023,FPT,"81,600","81,600","82,800","83,000","81,400","82,347","1,200",1.47,1.28,105.00,0.45,39.70,1.73,144.71,"90,833.80"
882,17/02/2023,FPT,"81,600","81,200","81,600","81,600","81,000","81,191",0,0.00,0.47,37.97,0.08,6.53,0.55,44.49,"89,517.37"
883,16/02/2023,FPT,"81,600","81,600","81,600","82,000","80,700","81,363",0,0.00,0.42,34.51,0.00,0.00,0.42,34.51,"89,517.37"
884,15/02/2023,FPT,"80,800","80,500","81,600","81,900","80,300","81,358",800,0.99,0.65,52.49,4.41,380.63,5.05,433.12,"89,517.37"
885,14/02/2023,FPT,"80,700","80,700","80,800","81,000","80,200","80,726",100,0.12,0.62,50.03,0.17,14.07,0.79,64.10,"88,639.75"
886,13/02/2023,FPT,"80,700","80,700","80,700","81,200","80,000","80,695",0,0.00,0.61,49.48,1.50,129.23,2.11,178.72,"88,530.04"
887,10/02/2023,FPT,"80,700","81,100","80,700","81,200","80,500","80,777",0,0.00,0.73,58.56,1.59,137.06,2.31,195.62,"88,530.04"
888,09/02/2023,FPT,"81,200","81,000","80,700","81,600","80,700","81,122",-500,-0.62,0.74,60.27,2.75,238.34,3.49,298.62,"88,530.04"
889,08/02/2023,FPT,"80,700","80,800","81,200","81,700","80,600","81,235",500,0.62,0.67,54.40,0.22,19.15,0.89,73.55,"89,078.56"
890,07/02/2023,FPT,"80,500","80,500","80,700","81,900","80,500","81,116",200,0.25,0.75,60.90,0.06,5.50,0.81,66.40,"88,530.04"
891,06/02/2023,FPT,"80,100","80,000","80,500","81,600","79,700","80,655",400,0.50,0.94,76.17,0.07,5.70,1.02,81.87,"88,310.64"
892,03/02/2023,FPT,"81,900","82,000","80,100","82,000","80,100","80,514","-1,800",-2.20,1.73,139.21,0.25,22.07,1.98,161.27,"87,871.83"
893,02/02/2023,FPT,"82,000","82,100","81,900","82,400","81,300","81,616",-100,-0.12,1.33,108.16,0.93,81.47,2.26,189.62,"89,846.48"
894,01/02/2023,FPT,"83,500","84,000","82,000","84,000","81,800","82,655","-1,500",-1.80,1.05,86.65,0.02,1.79,1.07,88.43,"89,956.18"
895,31/01/2023,FPT,"83,700","83,500","83,500","83,700","81,700","82,745",-200,-0.24,1.53,126.53,0.20,17.48,1.72,144.00,"91,601.72"
896,30/01/2023,FPT,"84,000","84,200","83,700","84,400","83,700","83,981",-300,-0.36,0.89,74.83,0.02,2.15,0.91,76.97,"91,821.12"
897,27/01/2023,FPT,"83,900","84,100","84,000","85,500","84,000","85,079",100,0.12,1.14,97.05,0.06,5.81,1.21,102.86,"92,150.23"
898,19/01/2023,FPT,"83,400","83,000","83,900","84,200","82,900","83,599",500,0.60,1.33,110.95,0.19,17.10,1.52,128.05,"92,040.53"
899,18/01/2023,FPT,"82,000","82,100","83,400","83,400","81,800","82,718","1,400",1.71,0.95,78.96,0.15,13.36,1.11,92.32,"91,492.02"
900,17/01/2023,FPT,"80,800","81,200","82,000","82,000","81,000","81,525","1,200",1.49,0.98,79.75,0.10,9.04,1.08,88.79,"89,956.18"
901,16/01/2023,FPT,"80,000","80,100","80,800","81,000","79,700","80,341",800,1.00,0.57,46.16,0.00,0.00,0.57,46.16,"88,639.75"
902,13/01/2023,FPT,"80,700","80,500","80,000","81,200","80,000","80,575",-700,-0.87,0.63,50.63,0.37,30.37,1.00,81.00,"87,762.13"
903,12/01/2023,FPT,"80,900","81,000","80,700","81,500","80,200","80,660",-200,-0.25,0.54,43.76,0.00,0.00,0.54,43.76,"88,530.04"
904,11/01/2023,FPT,"80,400","80,400","80,900","81,600","80,400","81,183",500,0.62,1.08,87.43,0.00,0.00,1.08,87.43,"88,749.45"
905,10/01/2023,FPT,"80,300","80,700","80,400","81,300","80,200","80,660",100,0.12,0.75,60.71,3.29,282.81,4.05,343.52,"88,200.94"
906,09/01/2023,FPT,"80,300","80,500","80,300","80,900","79,900","80,185",0,0.00,0.52,41.61,0.00,0.00,0.52,41.61,"88,091.23"
907,06/01/2023,FPT,"80,600","80,400","80,300","81,100","80,200","80,584",-300,-0.37,0.72,57.97,0.00,0.00,0.72,57.97,"88,091.23"
908,05/01/2023,FPT,"80,000","80,200","80,600","81,500","80,200","81,063",600,0.75,1.01,82.08,0.00,0.00,1.01,82.08,"88,420.34"
909,04/01/2023,FPT,"80,000","80,800","80,000","81,000","79,300","80,213",0,0.00,0.79,63.71,0.00,0.00,0.79,63.71,"87,762.13"
910,03/01/2023,FPT,"76,900","76,900","80,000","80,000","76,800","78,907","3,100",4.03,1.54,121.14,0.00,0.00,1.54,121.14,"87,762.13"
911,30/12/2022,FPT,"76,200","76,200","76,900","76,900","76,000","76,473",700,0.92,0.63,48.07,0.50,40.75,1.13,88.82,"84,361.34"
912,29/12/2022,FPT,"76,700","76,500","76,200","77,000","76,200","76,675",-500,-0.65,0.66,50.25,0.24,18.45,0.89,68.70,"83,593.42"
913,28/12/2022,FPT,"76,500","77,000","76,700","77,000","76,000","76,548",200,0.26,0.59,45.10,0.00,0.00,0.59,45.10,"84,141.94"
914,27/12/2022,FPT,"76,400","76,400","76,500","77,500","76,000","76,771",100,0.13,0.81,61.82,0.28,22.35,1.09,84.17,"83,922.53"
915,26/12/2022,FPT,"78,000","77,700","76,400","78,100","76,400","77,259","-1,600",-2.05,0.83,64.32,0.00,0.00,0.83,64.32,"83,812.83"
916,23/12/2022,FPT,"77,200","76,400","78,000","78,000","76,200","77,317",800,1.04,1.22,94.40,0.60,49.37,1.82,143.77,"85,568.07"
917,22/12/2022,FPT,"77,200","77,200","77,200","77,500","76,000","76,795",0,0.00,0.66,50.52,0.10,8.00,0.76,58.52,"84,690.45"
918,21/12/2022,FPT,"76,600","77,200","77,200","77,400","75,700","76,743",600,0.78,0.54,41.76,0.31,24.20,0.85,65.96,"84,690.45"
919,20/12/2022,FPT,"76,600","77,200","76,600","77,200","75,400","75,991",0,0.00,0.79,59.71,0.06,4.54,0.84,64.25,"84,032.24"
920,19/12/2022,FPT,"77,900","78,300","76,600","78,300","76,600","77,466","-1,300",-1.67,1.03,79.50,0.00,0.00,1.03,79.50,"84,032.24"
921,16/12/2022,FPT,"77,700","77,000","77,900","78,000","76,400","77,578",200,0.26,0.91,70.67,0.22,17.95,1.13,88.62,"85,458.37"
922,15/12/2022,FPT,"76,300","76,400","77,700","78,100","76,400","77,446","1,400",1.83,1.17,90.65,0.03,2.07,1.20,92.72,"85,238.96"
923,14/12/2022,FPT,"77,200","77,200","76,300","77,500","76,100","76,754",-900,-1.17,1.16,88.88,0.61,49.93,1.77,138.81,"83,703.13"
924,13/12/2022,FPT,"77,000","76,200","77,200","77,300","75,200","76,514",200,0.26,0.90,68.84,0.00,0.00,0.90,68.84,"84,690.45"
925,12/12/2022,FPT,"78,000","77,600","77,000","78,200","76,400","77,332","-1,000",-1.28,1.21,93.84,0.83,68.80,2.04,162.64,"84,471.05"
926,09/12/2022,FPT,"77,000","76,300","78,000","78,000","76,200","77,503","1,000",1.30,0.99,76.53,0.00,0.00,0.99,76.53,"85,568.07"
927,08/12/2022,FPT,"76,500","76,900","77,000","78,800","75,600","77,331",500,0.65,1.27,98.00,0.03,2.57,1.30,100.57,"84,471.05"
928,07/12/2022,FPT,"76,000","75,900","76,500","76,600","74,800","75,881",500,0.66,1.03,78.11,0.07,5.64,1.10,83.75,"83,922.53"
929,06/12/2022,FPT,"78,300","78,300","76,000","78,900","76,000","77,816","-2,300",-2.94,1.54,119.66,0.00,0.00,1.54,119.66,"83,374.02"
930,05/12/2022,FPT,"77,400","78,000","78,300","79,000","77,400","78,174",900,1.16,1.22,95.09,0.00,0.00,1.22,95.09,"85,897.18"
931,02/12/2022,FPT,"74,700","74,700","77,400","77,700","74,000","75,512","2,700",3.61,2.90,219.09,0.00,0.00,2.90,219.09,"84,909.86"
932,01/12/2022,FPT,"74,600","75,100","74,700","75,800","74,100","74,974",100,0.13,1.78,133.19,0.00,0.00,1.78,133.19,"81,947.88"
933,30/11/2022,FPT,"74,300","74,500","74,600","74,900","73,500","74,302",300,0.40,0.91,67.73,0.14,10.01,1.05,77.74,"81,838.18"
934,29/11/2022,FPT,"74,300","74,900","74,300","74,900","73,000","73,939",0,0.00,1.14,84.57,0.00,0.00,1.14,84.57,"81,509.07"
935,28/11/2022,FPT,"72,000","72,400","74,300","74,500","72,300","73,686","2,300",3.19,1.15,84.50,0.14,10.04,1.28,94.55,"81,509.07"
936,25/11/2022,FPT,"70,500","70,600","72,000","72,000","70,500","71,612","1,500",2.13,1.27,90.76,0.20,15.08,1.47,105.84,"78,985.91"
937,24/11/2022,FPT,"70,500","69,800","70,500","71,000","69,400","70,382",0,0.00,0.79,55.49,0.13,9.65,0.92,65.14,"77,340.37"
938,23/11/2022,FPT,"70,500","70,000","70,500","71,000","69,700","70,234",0,0.00,0.47,32.72,0.00,0.00,0.47,32.72,"77,340.37"
939,22/11/2022,FPT,"70,100","70,000","70,500","72,000","69,100","70,717",400,0.57,1.18,83.18,0.02,1.40,1.20,84.58,"77,340.37"
940,21/11/2022,FPT,"71,500","69,500","70,100","71,800","69,500","70,362","-1,400",-1.96,0.84,59.14,0.00,0.00,0.84,59.14,"76,901.56"
941,18/11/2022,FPT,"71,000","70,100","71,500","72,000","69,200","70,831",500,0.70,1.26,89.37,0.00,0.00,1.26,89.37,"78,437.40"
942,17/11/2022,FPT,"69,300","69,300","71,000","72,000","64,500","70,425","1,700",2.45,1.55,108.90,0.54,39.02,2.08,147.92,"77,888.89"
943,16/11/2022,FPT,"65,900","61,300","69,300","70,000","61,300","64,611","3,400",5.16,3.05,197.09,0.27,18.87,3.32,215.95,"76,023.94"
944,15/11/2022,FPT,"70,800","70,000","65,900","70,000","65,900","66,425","-4,900",-6.92,3.11,206.91,5.99,453.75,9.11,660.66,"72,294.05"
945,14/11/2022,FPT,"72,800","72,000","70,800","72,400","70,000","70,959","-2,000",-2.75,1.64,116.30,0.00,0.00,1.64,116.30,"77,669.48"
946,11/11/2022,FPT,"73,000","73,100","72,800","73,600","72,000","72,884",-200,-0.27,1.00,73.10,0.38,29.42,1.38,102.51,"79,863.53"
947,10/11/2022,FPT,"74,000","73,500","73,000","73,700","69,100","71,876","-1,000",-1.35,1.60,114.66,1.37,108.64,2.97,223.29,"80,082.94"
948,09/11/2022,FPT,"73,300","73,300","74,000","74,300","73,300","73,804",700,0.95,0.70,51.49,0.20,15.53,0.90,67.02,"81,179.97"
949,08/11/2022,FPT,"72,600","71,500","73,300","73,900","71,400","72,522",700,0.96,0.95,68.53,0.72,55.87,1.67,124.41,"80,412.05"
950,07/11/2022,FPT,"72,900","72,600","72,600","74,000","72,600","72,924",-300,-0.41,1.57,114.67,0.46,36.02,2.04,150.68,"79,644.13"
951,04/11/2022,FPT,"74,100","74,000","72,900","74,000","71,500","72,758","-1,200",-1.62,1.65,119.82,1.08,85.18,2.72,205.00,"79,973.24"
952,03/11/2022,FPT,"74,000","74,500","74,100","75,700","73,700","74,772",100,0.14,0.62,46.54,0.05,3.75,0.67,50.29,"81,289.67"
953,02/11/2022,FPT,"75,500","75,200","74,000","76,000","74,000","74,683","-1,500",-1.99,0.98,73.06,0.00,0.00,0.98,73.06,"81,179.97"
954,01/11/2022,FPT,"75,600","76,300","75,500","76,800","75,000","76,005",-100,-0.13,0.56,42.68,0.05,3.74,0.61,46.42,"82,825.51"
955,31/10/2022,FPT,"75,000","75,000","75,600","76,000","73,700","74,640",600,0.80,1.08,80.96,0.00,0.00,1.08,80.96,"82,935.21"
956,28/10/2022,FPT,"75,800","76,300","75,000","76,300","74,700","75,267",-800,-1.06,0.88,65.92,0.05,3.73,0.93,69.65,"82,276.99"
957,27/10/2022,FPT,"73,800","74,100","75,800","76,200","73,700","74,851","2,000",2.71,0.94,70.05,0.03,2.37,0.97,72.42,"83,154.61"
958,26/10/2022,FPT,"73,200","74,500","73,800","74,500","72,700","73,527",600,0.82,0.63,45.96,0.05,3.73,0.68,49.69,"80,960.56"
959,25/10/2022,FPT,"71,100","71,400","73,200","74,500","71,100","72,715","2,100",2.95,1.56,113.77,0.00,0.00,1.56,113.77,"80,302.35"
960,24/10/2022,FPT,"73,900","73,900","71,100","74,500","71,000","72,611","-2,800",-3.79,1.43,103.55,1.79,141.18,3.21,244.73,"77,998.59"
961,21/10/2022,FPT,"77,800","77,700","73,900","77,700","73,900","75,392","-3,900",-5.01,1.56,117.98,0.94,78.25,2.51,196.23,"81,070.26"
962,20/10/2022,FPT,"75,500","75,800","77,800","78,500","75,300","77,044","2,300",3.05,1.73,133.31,0.09,7.07,1.82,140.38,"85,348.67"
963,19/10/2022,FPT,"74,900","74,900","75,500","76,200","74,700","75,656",600,0.80,1.02,77.45,0.74,59.51,1.77,136.96,"82,825.51"
964,18/10/2022,FPT,"73,800","74,000","74,900","75,300","74,000","74,670","1,100",1.49,0.88,65.64,0.02,1.68,0.90,67.32,"82,167.29"
965,17/10/2022,FPT,"74,000","73,500","73,800","73,900","72,600","73,183",-200,-0.27,0.71,51.77,0.02,1.62,0.73,53.39,"80,960.56"
966,14/10/2022,FPT,"73,000","74,400","74,000","74,500","73,600","74,083","1,000",1.37,0.84,62.54,0.00,0.00,0.84,62.54,"81,179.97"
967,13/10/2022,FPT,"72,400","72,200","73,000","73,000","71,500","72,253",600,0.83,0.83,59.91,0.13,9.62,0.96,69.53,"80,082.94"
968,12/10/2022,FPT,"71,000","71,000","72,400","73,300","71,000","72,278","1,400",1.97,1.46,105.75,0.00,0.00,1.46,105.75,"79,424.72"
969,11/10/2022,FPT,"74,000","74,000","71,000","74,000","71,000","72,288","-3,000",-4.05,1.59,115.20,0.52,40.05,2.11,155.24,"77,888.89"
970,10/10/2022,FPT,"74,000","73,500","74,000","75,500","72,100","73,834",0,0.00,1.63,120.02,0.17,13.43,1.80,133.46,"81,179.97"
971,07/10/2022,FPT,"76,500","76,200","74,000","76,200","74,000","74,901","-2,500",-3.27,2.06,154.37,0.07,5.82,2.13,160.19,"81,179.97"
972,06/10/2022,FPT,"78,400","78,900","76,500","78,900","76,500","77,559","-1,900",-2.42,1.27,98.24,0.00,0.00,1.27,98.24,"83,922.53"
973,05/10/2022,FPT,"77,500","79,000","78,400","79,500","78,400","78,938",900,1.16,0.97,76.72,0.09,7.21,1.07,83.93,"86,006.88"
974,04/10/2022,FPT,"77,000","78,000","77,500","79,000","77,200","78,004",500,0.65,2.04,159.13,0.03,2.14,2.07,161.27,"85,019.56"
975,03/10/2022,FPT,"80,500","79,600","77,000","80,300","76,400","78,415","-3,500",-4.35,1.25,97.67,0.82,70.63,2.07,168.31,"84,471.05"
976,30/09/2022,FPT,"77,000","77,000","80,500","80,800","76,900","78,045","3,500",4.55,2.11,164.67,0.91,75.06,3.02,239.72,"88,310.64"
977,29/09/2022,FPT,"78,000","79,800","77,000","80,100","77,000","78,978","-1,000",-1.28,1.30,102.98,0.00,0.00,1.30,102.98,"84,471.05"
978,28/09/2022,FPT,"80,500","80,100","78,000","80,400","78,000","79,342","-2,500",-3.11,2.05,162.53,0.32,27.35,2.37,189.88,"85,568.07"
979,27/09/2022,FPT,"81,500","82,000","80,500","82,000","80,500","81,324","-1,000",-1.23,0.93,75.87,0.17,14.44,1.10,90.30,"88,310.64"
980,26/09/2022,FPT,"82,400","81,500","81,500","82,000","80,300","81,075",-900,-1.09,1.86,151.09,0.26,22.97,2.12,174.06,"89,407.67"
981,23/09/2022,FPT,"82,900","83,100","82,400","83,100","82,100","82,468",-500,-0.60,0.84,69.32,0.35,30.71,1.19,100.03,"90,394.99"
982,22/09/2022,FPT,"82,300","82,000","82,900","83,000","81,900","82,252",600,0.73,1.17,96.43,0.02,1.76,1.19,98.19,"90,943.50"
983,21/09/2022,FPT,"83,400","83,300","82,300","83,300","82,300","82,516","-1,100",-1.32,0.78,63.98,0.00,0.00,0.78,63.98,"90,285.29"
984,20/09/2022,FPT,"83,100","83,100","83,400","83,800","82,300","82,894",300,0.36,0.57,47.66,1.40,124.58,1.98,172.24,"91,492.02"
985,19/09/2022,FPT,"82,500","82,500","83,100","83,600","81,900","82,509",600,0.73,1.78,147.17,0.25,19.20,2.03,166.37,"91,162.91"
986,16/09/2022,FPT,"83,700","83,700","82,500","83,900","82,500","83,118","-1,200",-1.43,1.36,113.05,0.00,0.00,1.36,113.05,"90,504.69"
987,15/09/2022,FPT,"84,000","84,500","83,700","84,500","83,700","83,939",-300,-0.36,0.78,65.51,0.18,15.97,0.96,81.48,"91,821.12"
988,14/09/2022,FPT,"84,600","83,500","84,000","84,500","83,500","83,834",-600,-0.71,1.31,109.76,0.12,10.47,1.42,120.23,"92,150.23"
989,13/09/2022,FPT,"84,600","85,000","84,600","85,300","84,300","84,834",0,0.00,1.05,88.77,0.23,20.93,1.28,109.70,"92,808.45"
990,12/09/2022,FPT,"84,300","85,100","84,600","85,200","84,300","84,758",300,0.36,0.72,60.69,0.05,4.31,0.77,64.99,"92,808.45"
991,09/09/2022,FPT,"84,300","84,600","84,300","85,000","84,300","84,594",0,0.00,1.15,96.89,0.00,0.00,1.15,96.89,"92,479.34"
992,08/09/2022,FPT,"84,000","84,100","84,300","85,000","83,800","84,293",300,0.36,1.14,95.72,0.16,14.46,1.30,110.18,"92,479.34"
993,07/09/2022,FPT,"85,800","85,500","84,000","85,900","84,000","84,799","-1,800",-2.10,2.24,189.65,0.08,7.51,2.32,197.15,"92,150.23"
994,06/09/2022,FPT,"86,200","86,000","85,800","86,400","85,800","86,086",-400,-0.46,1.17,100.86,0.42,38.94,1.59,139.79,"94,124.88"
995,05/09/2022,FPT,"86,600","86,500","86,200","86,700","85,900","86,219",-400,-0.46,1.02,88.02,0.09,8.33,1.11,96.36,"94,563.69"
996,31/08/2022,FPT,"86,400","85,800","86,600","87,000","85,800","86,283",200,0.23,1.17,101.27,0.18,16.30,1.35,117.57,"95,002.50"
997,30/08/2022,FPT,"86,500","86,500","86,400","87,000","86,000","86,492",-100,-0.12,1.15,99.74,0.15,13.88,1.30,113.62,"94,783.10"
998,29/08/2022,FPT,"87,200","87,000","86,500","87,000","84,700","85,883",-700,-0.80,2.23,191.35,0.31,28.95,2.54,220.30,"94,892.80"
999,26/08/2022,FPT,"86,300","86,400","87,200","87,800","86,300","87,109",900,1.04,1.94,168.70,0.02,1.85,1.96,170.54,"95,660.72"
1000,25/08/2022,FPT,"86,200","86,200","86,300","86,700","86,000","86,222",100,0.12,1.14,98.63,0.02,1.93,1.16,100.56,"94,673.39"
1001,24/08/2022,FPT,"86,000","86,500","86,200","86,800","86,100","86,468",200,0.23,1.01,87.16,0.06,5.43,1.07,92.59,"94,563.69"
1002,23/08/2022,FPT,"86,800","86,100","87,000","87,000","86,100","86,518",200,0.23,1.09,93.93,0.03,2.39,1.11,96.32,"95,441.31"
1003,22/08/2022,FPT,"86,900","86,600","86,800","87,300","85,900","86,523",-100,-0.12,1.63,141.38,0.03,2.61,1.66,143.99,"95,221.91"
1004,19/08/2022,FPT,"88,300","88,000","86,900","88,500","86,200","87,400","-1,400",-1.59,1.96,171.10,0.14,12.63,2.10,183.72,"95,331.61"
1005,18/08/2022,FPT,"88,300","87,900","88,300","89,700","87,900","88,620",0,0.00,2.55,226.24,0.80,75.52,3.35,301.76,"96,867.45"
1006,17/08/2022,FPT,"88,700","89,000","88,300","89,100","88,000","88,614",-400,-0.45,1.51,133.47,0.00,0.00,1.51,133.47,"96,867.45"
1007,16/08/2022,FPT,"88,900","88,900","88,700","89,400","88,100","88,813",-200,-0.22,1.38,122.81,0.03,2.73,1.42,125.54,"97,306.26"
1008,15/08/2022,FPT,"86,500","86,600","88,900","89,100","86,600","88,076","2,400",2.77,3.09,271.72,0.25,21.73,3.33,293.44,"97,525.66"
1009,12/08/2022,FPT,"86,000","85,700","86,500","86,500","85,700","86,007",500,0.58,1.24,106.92,0.06,4.44,1.30,111.35,"94,892.80"
1010,11/08/2022,FPT,"86,000","86,200","86,000","86,800","85,700","86,218",0,0.00,1.85,159.74,0.68,62.12,2.54,221.87,"94,344.29"
1011,10/08/2022,FPT,"86,200","86,300","86,000","86,700","86,000","86,141",-200,-0.23,1.12,96.60,0.07,6.16,1.19,102.76,"94,344.29"
1012,09/08/2022,FPT,"86,000","86,000","86,200","87,500","85,700","86,543",200,0.23,2.32,200.85,0.45,40.63,2.77,241.48,"94,563.69"
1013,08/08/2022,FPT,"85,800","85,900","86,000","86,400","85,300","85,728",200,0.23,1.59,136.03,0.08,7.53,1.67,143.56,"94,344.29"
1014,05/08/2022,FPT,"86,100","86,100","85,800","87,200","85,600","86,343",-300,-0.35,1.77,153.09,0.50,45.09,2.28,198.19,"94,124.88"
1015,04/08/2022,FPT,"84,800","85,100","86,100","86,600","84,900","85,993","1,300",1.53,3.05,262.00,0.25,22.07,3.30,284.07,"94,453.99"
1016,03/08/2022,FPT,"85,000","85,000","84,800","85,200","84,200","84,593",-200,-0.24,2.25,190.29,0.19,17.01,2.44,207.30,"93,027.85"
1017,02/08/2022,FPT,"84,000","84,000","85,000","85,100","83,500","84,340","1,000",1.19,1.88,158.53,0.00,0.00,1.88,158.53,"93,247.26"
1018,01/08/2022,FPT,"83,500","84,000","84,000","84,200","83,100","83,514",500,0.60,1.82,151.59,0.59,49.77,2.40,201.35,"92,150.23"
1019,29/07/2022,FPT,"84,900","85,100","83,500","85,200","83,500","83,998","-1,400",-1.65,1.94,163.11,0.20,17.31,2.14,180.41,"91,601.72"
1020,28/07/2022,FPT,"85,200","85,200","84,900","85,800","83,100","85,187",-300,-0.35,1.66,141.82,0.67,57.84,2.34,199.66,"93,137.56"
1021,27/07/2022,FPT,"84,800","84,600","85,200","85,200","84,400","84,731",400,0.47,0.77,65.34,0.50,42.76,1.27,108.10,"93,466.66"
1022,26/07/2022,FPT,"85,400","86,000","84,800","86,000","84,800","85,390",-600,-0.70,1.13,96.39,0.31,26.86,1.44,123.25,"93,027.85"
1023,25/07/2022,FPT,"85,100","87,000","85,400","87,000","85,100","86,302",300,0.35,2.25,193.83,0.00,0.00,2.25,193.83,"93,686.07"
1024,22/07/2022,FPT,"85,000","86,400","85,100","86,500","85,100","85,666",100,0.12,1.31,111.98,0.88,76.31,2.19,188.29,"93,356.96"
1025,21/07/2022,FPT,"84,900","85,900","85,000","85,900","84,500","85,402",100,0.12,1.80,154.08,0.71,60.28,2.51,214.36,"93,247.26"
1026,20/07/2022,FPT,"83,000","85,000","84,900","85,900","84,000","84,922","1,900",2.29,2.85,241.94,1.32,112.07,4.17,354.00,"93,137.56"
1027,19/07/2022,FPT,"83,000","82,900","83,000","83,000","82,200","82,579",0,0.00,1.19,97.89,1.13,94.52,2.31,192.41,"91,053.21"
1028,18/07/2022,FPT,"82,200","82,800","83,000","84,500","82,300","83,390",800,0.97,1.26,105.48,0.10,8.34,1.36,113.82,"91,053.21"
1029,15/07/2022,FPT,"82,800","84,000","82,200","84,000","82,200","82,971",-600,-0.72,1.38,114.69,0.42,35.19,1.80,149.88,"90,175.58"
1030,14/07/2022,FPT,"82,500","82,800","82,800","83,500","82,200","82,946",300,0.36,0.89,73.93,0.94,78.22,1.83,152.15,"90,833.80"
1031,13/07/2022,FPT,"83,500","84,000","82,500","84,000","82,500","83,056","-1,000",-1.20,1.14,94.74,0.62,51.82,1.76,146.56,"90,504.69"
1032,12/07/2022,FPT,"82,800","82,800","83,500","83,500","82,700","83,273",700,0.85,0.60,50.20,0.32,26.68,0.92,76.88,"91,601.72"
1033,11/07/2022,FPT,"83,600","84,600","82,800","84,600","82,800","83,555",-800,-0.96,1.00,83.40,0.40,34.18,1.40,117.58,"90,833.80"
1034,08/07/2022,FPT,"83,100","83,900","83,600","84,000","83,100","83,468",500,0.60,0.91,75.99,1.03,86.88,1.94,162.87,"91,711.42"
1035,07/07/2022,FPT,"83,500","83,900","83,100","84,600","83,100","83,753",-400,-0.48,1.29,107.73,1.20,102.22,2.49,209.95,"91,162.91"
1036,06/07/2022,FPT,"85,400","84,100","83,500","85,900","83,500","84,382","-1,900",-2.22,2.23,188.38,1.50,129.86,3.73,318.23,"91,601.72"
1037,05/07/2022,FPT,"86,700","87,800","85,400","87,800","85,400","86,253","-1,300",-1.50,1.40,120.37,0.73,64.31,2.12,184.68,"93,686.07"
1038,04/07/2022,FPT,"88,000","88,500","86,700","88,500","86,000","87,434","-1,300",-1.48,1.01,87.92,0.00,0.00,1.01,87.92,"95,112.20"
1039,01/07/2022,FPT,"86,200","87,000","88,000","88,800","84,800","86,352","1,800",2.09,1.70,146.50,1.07,95.09,2.77,241.59,"96,538.34"
1040,30/06/2022,FPT,"90,000","89,500","86,200","89,900","86,200","87,847","-3,800",-4.22,1.51,132.34,0.52,47.82,2.03,180.16,"94,563.69"
1041,29/06/2022,FPT,"89,700","88,900","90,000","90,000","88,200","89,130",300,0.33,1.18,105.41,1.63,150.17,2.81,255.58,"98,732.39"
1042,28/06/2022,FPT,"86,500","89,500","89,700","90,200","87,200","89,069","3,200",3.70,2.30,204.56,1.58,141.21,3.88,345.77,"98,403.28"
1043,27/06/2022,FPT,"85,500","86,400","86,500","87,900","85,900","87,055","1,000",1.17,1.25,109.24,1.26,112.46,2.52,221.70,"94,892.80"
1044,24/06/2022,FPT,"85,500","86,100","85,500","87,800","85,500","86,500",0,0.00,0.90,78.06,0.03,2.65,0.93,80.71,"93,795.77"
1045,23/06/2022,FPT,"84,500","84,000","85,500","86,800","83,700","85,161","1,000",1.18,2.02,172.24,1.40,121.89,3.42,294.13,"93,795.77"
1046,22/06/2022,FPT,"89,100","89,800","84,500","90,400","84,400","87,577","-4,600",-5.16,2.97,260.23,0.55,52.34,3.53,312.56,"77,249.55"
1047,21/06/2022,FPT,"92,000","92,400","89,100","93,500","89,000","91,419","-2,900",-3.15,2.46,224.91,0.73,69.07,3.19,293.98,"81,454.86"
1048,20/06/2022,FPT,"92,000","93,500","92,000","94,500","91,300","92,864",0,0.00,2.48,230.67,0.18,17.83,2.67,248.50,"84,106.02"
1049,17/06/2022,FPT,"92,000","90,300","92,000","92,600","89,000","90,401",0,0.00,2.32,209.86,1.84,180.89,4.16,390.75,"84,106.02"
1050,16/06/2022,FPT,"90,500","91,000","92,000","93,800","90,200","92,053","1,500",1.66,2.52,231.74,0.87,84.22,3.39,315.96,"84,106.02"
1051,15/06/2022,FPT,"89,100","90,600","90,500","90,600","88,000","89,657","1,400",1.57,1.76,158.03,1.10,104.91,2.87,262.94,"82,734.73"
1052,14/06/2022,FPT,"86,200","86,000","89,100","89,900","85,500","88,172","2,900",3.36,2.31,203.53,0.59,53.96,2.90,257.49,"81,454.86"
1053,13/06/2022,FPT,"90,800","88,000","86,200","90,800","86,000","88,578","-4,600",-5.07,3.39,300.57,0.44,42.95,3.84,343.52,"78,803.69"
1054,10/06/2022,FPT,"115,300","113,400","110,000","114,700","110,000","112,811","-5,300",-4.60,2.97,335.33,1.16,142.92,4.13,478.25,"100,561.55"
1055,09/06/2022,FPT,"115,000","115,500","115,300","115,900","113,300","114,502",300,0.26,1.71,195.37,0.71,87.22,2.42,282.59,"105,406.79"
1056,08/06/2022,FPT,"115,600","116,300","115,000","117,600","114,500","115,983",-600,-0.52,2.66,308.56,0.40,48.74,3.06,357.30,"105,132.53"
1057,07/06/2022,FPT,"113,000","112,700","115,600","115,600","108,600","111,982","2,600",2.30,3.91,437.62,2.12,256.13,6.03,693.75,"105,681.05"
1058,06/06/2022,FPT,"114,000","114,000","113,000","116,000","112,000","114,475","-1,000",-0.88,2.56,292.85,0.76,91.80,3.32,384.65,"103,304.14"
1059,03/06/2022,FPT,"111,500","111,500","114,000","114,000","110,900","112,228","2,500",2.24,1.76,197.06,0.86,103.10,2.62,300.16,"104,218.33"
1060,02/06/2022,FPT,"111,800","112,800","111,500","114,800","111,100","113,349",-300,-0.27,2.29,259.89,0.47,56.20,2.76,316.09,"101,932.84"
1061,01/06/2022,FPT,"109,900","109,900","111,800","112,900","109,800","111,483","1,900",1.73,2.04,227.04,1.31,154.43,3.35,381.47,"102,207.10"
1062,31/05/2022,FPT,"111,300","111,300","109,900","111,300","107,500","109,522","-1,400",-1.26,2.16,236.24,0.56,66.54,2.72,302.78,"100,470.13"
1063,30/05/2022,FPT,"111,800","111,100","111,300","112,400","109,200","111,018",-500,-0.45,2.50,277.20,8.50,"1,016.42",11.00,"1,293.62","101,750.01"
1064,27/05/2022,FPT,"105,600","105,600","111,800","112,000","105,500","110,045","6,200",5.87,3.88,426.80,0.62,69.63,4.50,496.42,"102,207.10"
1065,26/05/2022,FPT,"105,000","105,200","105,600","107,100","104,600","105,729",600,0.57,1.43,150.81,0.04,4.00,1.47,154.81,"96,539.09"
1066,25/05/2022,FPT,"98,200","99,500","105,000","105,000","98,700","102,826","6,800",6.92,3.77,387.74,0.00,0.00,3.77,387.74,"95,990.57"
1067,24/05/2022,FPT,"96,500","96,500","98,200","98,200","96,000","97,333","1,700",1.76,1.38,134.78,0.02,2.06,1.40,136.84,"89,774.04"
1068,23/05/2022,FPT,"97,500","98,200","96,500","98,200","96,100","97,373","-1,000",-1.03,1.14,110.70,0.21,18.73,1.34,129.43,"88,219.91"
1069,20/05/2022,FPT,"97,000","97,700","97,500","98,900","97,000","97,872",500,0.52,1.41,138.04,0.03,3.11,1.44,141.15,"89,134.10"
1070,19/05/2022,FPT,"97,700","95,100","97,000","97,700","95,100","96,471",-700,-0.72,1.23,118.52,1.12,117.07,2.35,235.60,"88,677.00"
1071,18/05/2022,FPT,"99,700","99,700","97,700","100,100","97,500","98,453","-2,000",-2.01,1.93,190.45,0.08,8.53,2.01,198.98,"89,316.94"
1072,17/05/2022,FPT,"93,200","93,000","99,700","99,700","92,500","95,719","6,500",6.97,2.05,195.82,0.00,0.00,2.05,195.82,"91,145.33"
1073,16/05/2022,FPT,"93,600","97,500","93,200","97,500","93,200","95,525",-400,-0.43,1.74,166.30,0.00,0.00,1.74,166.30,"85,203.06"
1074,13/05/2022,FPT,"95,600","96,100","93,600","99,000","93,100","95,977","-2,000",-2.09,4.10,393.86,0.08,8.42,4.19,402.28,"85,568.74"
1075,12/05/2022,FPT,"101,900","99,300","95,600","101,900","95,000","98,854","-6,300",-6.18,2.59,256.18,1.68,183.57,4.28,439.75,"87,397.13"
1076,11/05/2022,FPT,"98,400","98,000","101,900","101,900","96,800","99,300","3,500",3.56,1.67,165.60,0.64,67.31,2.31,232.91,"92,479.51"
1077,10/05/2022,FPT,"94,000","94,000","98,400","98,800","92,000","95,372","4,400",4.68,2.82,268.63,0.92,92.32,3.74,360.95,"89,303.08"
1078,09/05/2022,FPT,"100,200","98,300","94,000","99,000","94,000","96,719","-6,200",-6.19,4.50,435.15,0.57,61.28,5.07,496.42,"85,309.86"
1079,06/05/2022,FPT,"104,700","102,300","100,200","104,000","100,200","102,414","-4,500",-4.30,2.43,248.96,0.80,90.00,3.23,338.96,"90,936.68"
1080,05/05/2022,FPT,"104,500","104,600","104,700","105,500","101,900","104,142",200,0.19,2.19,228.58,0.26,25.56,2.45,254.14,"95,020.66"
1081,04/05/2022,FPT,"105,000","104,900","104,500","105,900","104,100","104,740",-500,-0.48,1.60,167.42,0.50,56.00,2.10,223.42,"94,839.15"
1082,29/04/2022,FPT,"105,500","105,000","105,000","107,100","104,200","105,418",-500,-0.47,3.99,420.78,0.02,2.26,4.01,423.03,"95,292.92"
1083,28/04/2022,FPT,"103,000","102,900","105,500","106,800","102,500","104,537","2,500",2.43,2.53,264.52,0.62,68.00,3.15,332.53,"95,746.70"
1084,27/04/2022,FPT,"104,300","102,500","103,000","104,000","100,500","102,039","-1,300",-1.25,2.53,258.13,0.63,70.21,3.16,328.33,"93,477.82"
1085,26/04/2022,FPT,"103,400","100,200","104,300","105,000","97,000","100,468",900,0.87,5.43,545.68,0.11,11.72,5.54,557.40,"94,657.64"
1086,25/04/2022,FPT,"111,100","110,100","103,400","110,900","103,400","105,281","-7,700",-6.93,4.61,484.91,1.41,164.63,6.02,649.54,"93,840.84"
1087,22/04/2022,FPT,"112,000","112,500","111,100","113,900","106,000","110,063",-900,-0.80,5.71,628.34,6.17,739.08,11.88,"1,367.42","100,828.99"
1088,21/04/2022,FPT,"112,000","111,200","112,000","115,900","111,200","113,501",0,0.00,4.07,461.78,0.38,45.18,4.45,506.96,"101,645.78"
1089,20/04/2022,FPT,"112,000","112,000","112,000","113,000","109,600","111,871",0,0.00,3.30,368.62,0.06,6.59,3.35,375.20,"101,645.78"
1090,19/04/2022,FPT,"115,500","116,500","112,000","117,000","112,000","114,466","-3,500",-3.03,4.73,541.54,3.47,427.85,8.20,969.38,"101,645.78"
1091,18/04/2022,FPT,"115,000","115,000","115,500","118,600","114,000","116,604",500,0.43,3.36,391.34,0.49,60.48,3.85,451.82,"104,822.22"
1092,15/04/2022,FPT,"116,600","115,100","115,000","117,900","114,000","115,616","-1,600",-1.37,3.12,360.88,0.95,118.85,4.07,479.74,"104,368.44"
1093,14/04/2022,FPT,"115,100","115,200","116,600","118,900","115,200","117,275","1,500",1.30,3.53,413.91,1.83,222.63,5.35,636.54,"105,820.52"
1094,13/04/2022,FPT,"109,800","110,000","115,100","115,100","109,800","112,761","5,300",4.83,3.32,374.68,0.19,22.40,3.51,397.08,"104,459.19"
1095,12/04/2022,FPT,"108,500","109,000","109,800","111,500","106,600","108,323","1,300",1.20,3.16,342.53,0.52,59.90,3.68,402.43,"99,649.17"
1096,08/04/2022,FPT,"113,300","113,300","108,500","113,900","108,500","110,733","-4,800",-4.24,4.07,450.65,2.53,306.61,6.60,757.26,"98,469.35"
1097,07/04/2022,FPT,"113,000","113,700","113,300","116,900","112,100","115,000",300,0.27,3.92,450.25,1.51,179.90,5.42,630.15,"102,825.60"
1098,06/04/2022,FPT,"109,000","108,400","113,000","114,000","108,400","111,343","4,000",3.67,4.18,465.30,0.58,63.36,4.76,528.66,"102,553.34"
1099,05/04/2022,FPT,"109,300","109,100","109,000","111,600","109,000","110,058",-300,-0.27,1.86,205.14,0.79,88.96,2.65,294.10,"98,923.13"
1100,04/04/2022,FPT,"111,000","113,500","109,300","113,500","109,300","111,069","-1,700",-1.53,2.69,298.53,0.54,62.59,3.22,361.12,"99,195.40"
1101,01/04/2022,FPT,"107,000","106,900","111,000","111,000","106,100","109,349","4,000",3.74,4.32,472.09,0.31,35.09,4.62,507.18,"100,738.23"
1102,31/03/2022,FPT,"106,000","105,500","107,000","110,600","104,600","107,874","1,000",0.94,3.47,374.57,0.38,43.15,3.85,417.72,"97,108.03"
1103,30/03/2022,FPT,"104,900","105,800","106,000","107,300","104,500","106,153","1,100",1.05,2.83,300.49,0.30,33.81,3.13,334.29,"96,200.47"
1104,29/03/2022,FPT,"98,100","98,600","104,900","104,900","98,600","102,978","6,800",6.93,8.22,846.92,0.24,25.56,8.47,872.48,"95,202.17"
1105,28/03/2022,FPT,"95,700","95,500","98,100","98,700","95,200","97,267","2,400",2.51,3.50,340.59,0.82,80.87,4.32,421.46,"89,030.82"
1106,25/03/2022,FPT,"96,000","96,100","95,700","96,500","95,600","95,931",-300,-0.31,1.23,117.81,0.16,16.78,1.39,134.59,"86,852.69"
1107,24/03/2022,FPT,"96,500","96,000","96,000","97,200","95,300","96,279",-500,-0.52,1.82,175.58,0.04,4.07,1.86,179.65,"87,124.96"
1108,23/03/2022,FPT,"96,400","96,500","96,500","97,500","96,000","96,776",100,0.10,1.98,191.21,0.06,5.67,2.04,196.88,"87,578.73"
1109,22/03/2022,FPT,"95,300","96,000","96,400","97,000","95,400","96,188","1,100",1.15,2.08,199.99,0.00,0.00,2.08,199.99,"87,487.98"
1110,21/03/2022,FPT,"95,100","95,200","95,300","96,000","95,000","95,442",200,0.21,1.56,148.96,0.44,45.21,2.01,194.16,"86,489.67"
1111,18/03/2022,FPT,"92,000","93,000","95,100","96,600","93,000","95,184","3,100",3.37,2.82,267.95,0.00,0.00,2.82,267.95,"86,308.16"
1112,17/03/2022,FPT,"91,600","91,800","92,000","92,700","91,500","92,059",400,0.44,1.18,108.69,1.57,154.03,2.75,262.71,"83,494.75"
1113,16/03/2022,FPT,"91,000","91,100","91,600","92,300","90,500","91,244",600,0.66,1.14,103.98,2.03,197.16,3.17,301.14,"83,131.73"
1114,15/03/2022,FPT,"91,800","91,800","91,000","91,800","89,800","90,525",-800,-0.87,1.87,169.46,1.55,151.76,3.42,321.23,"82,587.20"
1115,14/03/2022,FPT,"93,200","93,000","91,800","93,000","90,500","91,639","-1,400",-1.50,1.94,178.05,0.20,20.26,2.15,198.31,"83,313.24"
1116,11/03/2022,FPT,"94,600","94,500","93,200","94,600","92,700","93,715","-1,400",-1.48,1.14,106.74,0.40,40.44,1.54,147.18,"84,583.81"
1117,10/03/2022,FPT,"95,500","96,300","94,600","96,300","94,600","95,260",-900,-0.94,0.78,74.18,0.79,80.74,1.57,154.92,"85,854.39"
1118,09/03/2022,FPT,"94,800","94,600","95,500","96,500","94,600","95,817",700,0.74,2.20,211.18,1.43,144.95,3.63,356.13,"86,671.18"
1119,08/03/2022,FPT,"93,800","93,800","94,800","95,400","92,600","94,123","1,000",1.07,2.23,209.66,0.70,70.21,2.93,279.87,"86,035.90"
1120,07/03/2022,FPT,"93,500","93,100","93,800","93,900","92,200","92,995",300,0.32,1.70,157.91,0.22,22.23,1.92,180.14,"85,128.34"
1121,04/03/2022,FPT,"93,400","93,300","93,500","93,800","93,000","93,460",100,0.11,1.34,125.59,0.00,0.00,1.34,125.59,"84,856.08"
1122,03/03/2022,FPT,"93,100","93,200","93,400","94,000","93,200","93,440",300,0.32,0.96,89.48,0.47,47.23,1.43,136.71,"84,765.32"
1123,02/03/2022,FPT,"93,400","93,000","93,100","93,400","92,700","93,063",-300,-0.32,1.09,101.34,0.26,25.92,1.35,127.26,"84,493.06"
1124,01/03/2022,FPT,"93,300","94,000","93,400","94,000","92,500","93,442",100,0.11,1.10,102.96,0.00,0.00,1.10,102.96,"84,765.32"
1125,28/02/2022,FPT,"92,300","92,300","93,300","93,500","92,300","92,920","1,000",1.08,1.50,139.81,0.06,5.61,1.56,145.41,"84,674.57"
1126,25/02/2022,FPT,"92,000","92,400","92,300","93,400","92,100","92,630",300,0.33,1.06,98.18,0.00,0.00,1.06,98.18,"83,767.02"
1127,24/02/2022,FPT,"93,000","93,000","92,000","93,500","90,000","92,579","-1,000",-1.08,1.35,124.94,0.00,0.00,1.35,124.94,"83,494.75"
1128,23/02/2022,FPT,"92,900","92,600","93,000","93,900","92,600","93,412",100,0.11,0.97,90.97,0.00,0.00,0.97,90.97,"84,402.30"
1129,22/02/2022,FPT,"93,500","93,000","92,900","93,300","92,000","92,395",-600,-0.64,1.16,107.01,0.19,18.65,1.34,125.66,"84,311.55"
1130,21/02/2022,FPT,"92,200","92,200","93,500","94,000","92,000","93,324","1,300",1.41,1.39,129.35,0.00,0.00,1.39,129.35,"84,856.08"
1131,18/02/2022,FPT,"92,800","92,300","92,200","92,500","91,700","92,065",-600,-0.65,0.62,56.97,0.00,0.00,0.62,56.97,"83,676.26"
1132,17/02/2022,FPT,"91,300","91,900","92,800","92,800","91,000","92,183","1,500",1.64,0.85,78.70,0.06,5.63,0.91,84.33,"84,220.79"
1133,16/02/2022,FPT,"91,100","91,700","91,300","92,500","91,300","91,921",200,0.22,0.61,56.46,0.20,19.58,0.82,76.04,"82,859.47"
1134,15/02/2022,FPT,"91,000","91,000","91,100","91,700","90,500","91,323",100,0.11,0.66,59.85,0.00,0.00,0.66,59.85,"82,677.96"
1135,14/02/2022,FPT,"91,600","91,000","91,000","91,600","90,400","91,039",-600,-0.66,0.77,70.47,0.00,0.00,0.77,70.47,"82,587.20"
1136,11/02/2022,FPT,"92,000","91,800","91,600","92,400","91,400","91,894",-400,-0.43,0.64,58.96,0.46,43.49,1.10,102.45,"83,131.73"
1137,10/02/2022,FPT,"90,700","91,400","92,000","92,000","90,200","90,966","1,300",1.43,0.97,88.68,0.14,14.07,1.12,102.75,"83,494.75"
1138,09/02/2022,FPT,"90,600","91,700","90,700","91,700","90,600","91,146",100,0.11,1.14,104.15,0.20,17.93,1.34,122.08,"82,314.93"
1139,08/02/2022,FPT,"89,500","89,500","90,600","91,800","89,500","90,877","1,100",1.23,0.85,76.80,0.00,0.00,0.85,76.80,"82,224.18"
1140,07/02/2022,FPT,"89,500","90,000","89,500","90,100","89,000","89,778",0,0.00,0.52,46.54,0.45,43.14,0.97,89.68,"81,225.87"
1141,28/01/2022,FPT,"85,900","86,000","89,500","89,500","85,900","88,375","3,600",4.19,1.55,137.19,0.43,39.78,1.99,176.97,"81,225.87"
1142,27/01/2022,FPT,"86,000","86,000","85,900","86,700","85,400","86,028",-100,-0.12,0.72,61.91,0.05,5.05,0.77,66.96,"77,958.69"
1143,26/01/2022,FPT,"86,500","87,000","86,000","87,000","85,500","86,345",-500,-0.58,0.91,78.89,0.64,58.87,1.55,137.75,"78,049.44"
1144,25/01/2022,FPT,"85,300","85,200","86,500","87,500","84,000","85,201","1,200",1.41,1.19,101.61,1.65,150.48,2.84,252.09,"78,503.22"
1145,24/01/2022,FPT,"88,200","88,200","85,300","88,500","85,000","86,665","-2,900",-3.29,2.02,175.43,1.81,170.40,3.83,345.83,"77,414.16"
1146,21/01/2022,FPT,"88,800","89,000","88,200","89,800","88,200","88,658",-600,-0.68,0.84,74.58,0.09,8.20,0.93,82.78,"80,046.06"
1147,20/01/2022,FPT,"88,300","88,400","88,800","91,000","88,300","89,633",500,0.57,1.33,119.62,0.02,1.97,1.36,121.60,"80,590.59"
1148,19/01/2022,FPT,"88,100","88,100","88,300","89,200","88,000","88,600",200,0.23,0.74,66.00,0.05,4.71,0.79,70.71,"80,136.81"
1149,18/01/2022,FPT,"89,000","88,300","88,100","89,600","88,000","88,814",-900,-1.01,1.21,107.46,0.09,8.76,1.30,116.21,"79,955.30"
1150,17/01/2022,FPT,"91,300","90,500","89,000","91,300","89,000","89,777","-2,300",-2.52,1.57,140.81,0.40,39.46,1.97,180.27,"80,764.77"
1151,14/01/2022,FPT,"92,100","91,700","91,300","92,100","90,900","91,306",-800,-0.87,0.69,62.70,0.22,20.23,0.91,82.93,"82,851.94"
1152,13/01/2022,FPT,"89,600","90,900","92,100","92,700","89,800","91,362","2,500",2.79,1.81,165.53,0.14,11.34,1.95,176.87,"83,577.92"
1153,12/01/2022,FPT,"89,500","89,100","89,600","90,600","88,500","89,227",100,0.11,1.74,155.32,0.50,47.85,2.24,203.17,"81,309.25"
1154,11/01/2022,FPT,"92,000","92,000","89,500","92,200","89,100","90,812","-2,500",-2.72,2.51,227.87,0.24,23.35,2.75,251.22,"81,218.50"
1155,10/01/2022,FPT,"93,400","93,200","92,000","93,500","91,900","92,680","-1,400",-1.50,1.88,174.46,0.99,98.60,2.87,273.06,"83,487.17"
1156,07/01/2022,FPT,"93,500","93,100","93,400","93,700","93,100","93,313",-100,-0.11,1.02,94.88,0.34,34.10,1.36,128.98,"84,757.63"
1157,06/01/2022,FPT,"93,600","93,600","93,500","94,000","93,500","93,749",-100,-0.11,1.19,111.79,1.11,109.52,2.30,221.31,"84,848.38"
1158,05/01/2022,FPT,"93,500","93,700","93,600","94,200","93,500","93,757",100,0.11,1.19,111.93,0.60,57.83,1.79,169.76,"84,939.12"
1159,04/01/2022,FPT,"93,000","93,400","93,500","94,200","93,300","93,799",500,0.54,1.94,181.50,0.21,21.07,2.15,202.57,"84,848.38"
1160,31/12/2021,FPT,"93,600","93,800","93,000","94,400","93,000","93,484",-600,-0.64,1.61,150.27,0.13,13.24,1.74,163.51,"84,394.64"
1161,30/12/2021,FPT,"93,600","93,700","93,600","94,300","93,500","93,800",0,0.00,0.81,76.05,0.42,40.76,1.23,116.81,"84,939.12"
1162,29/12/2021,FPT,"94,500","94,800","93,600","94,800","93,600","93,936",-900,-0.95,0.91,85.69,0.00,0.00,0.91,85.69,"84,939.12"
1163,28/12/2021,FPT,"94,500","94,500","94,500","94,900","94,100","94,380",0,0.00,0.57,53.54,0.63,62.18,1.20,115.72,"85,755.85"
1164,27/12/2021,FPT,"93,800","94,200","94,500","95,000","93,300","93,897",700,0.75,0.79,74.53,0.27,25.12,1.06,99.64,"85,755.85"
1165,24/12/2021,FPT,"93,200","93,500","93,800","94,500","92,800","93,450",600,0.64,1.19,110.90,0.04,3.24,1.22,114.14,"85,120.62"
1166,23/12/2021,FPT,"95,000","95,000","93,200","95,000","93,000","93,980","-1,800",-1.89,1.93,181.41,1.72,174.50,3.65,355.91,"84,576.14"
1167,22/12/2021,FPT,"95,200","95,000","95,000","95,400","94,600","94,987",-200,-0.21,1.67,158.68,0.54,54.56,2.21,213.24,"86,209.58"
1168,21/12/2021,FPT,"95,800","95,700","95,200","95,900","95,100","95,362",-600,-0.63,1.11,106.07,0.60,61.44,1.71,167.51,"86,391.07"
1169,20/12/2021,FPT,"96,400","96,500","95,800","96,500","95,500","95,857",-600,-0.62,1.02,97.76,0.81,81.55,1.83,179.30,"86,935.56"
1170,17/12/2021,FPT,"95,500","95,600","96,400","97,000","95,500","96,090",900,0.94,1.15,110.71,0.24,22.13,1.39,132.84,"87,480.04"
1171,16/12/2021,FPT,"95,900","97,500","95,500","97,500","95,500","96,336",-400,-0.42,1.25,119.94,0.52,53.21,1.76,173.15,"86,663.32"
1172,15/12/2021,FPT,"95,700","95,700","95,900","96,300","95,600","95,965",200,0.21,0.81,77.58,2.12,216.67,2.93,294.25,"87,026.30"
1173,14/12/2021,FPT,"96,000","96,000","95,700","96,400","95,400","95,675",-300,-0.31,1.14,109.50,1.03,100.68,2.18,210.18,"86,844.81"
1174,13/12/2021,FPT,"95,800","96,500","96,000","96,500","95,600","95,893",200,0.21,0.90,86.32,0.17,15.48,1.07,101.80,"87,117.05"
1175,10/12/2021,FPT,"97,000","96,400","95,800","97,000","95,400","96,226","-1,200",-1.24,1.16,111.62,0.46,48.21,1.62,159.83,"86,935.56"
1176,09/12/2021,FPT,"95,600","95,100","97,000","97,000","95,100","96,191","1,400",1.46,0.99,95.53,0.18,16.62,1.17,112.15,"88,024.52"
1177,08/12/2021,FPT,"96,000","96,500","95,600","96,500","95,000","95,797",-400,-0.42,1.06,102.01,0.09,7.98,1.15,109.99,"86,754.06"
1178,07/12/2021,FPT,"94,500","95,000","96,000","96,000","94,500","94,994","1,500",1.59,1.45,137.84,0.00,0.00,1.45,137.84,"87,117.05"
1179,06/12/2021,FPT,"95,500","95,500","94,500","96,500","94,200","95,158","-1,000",-1.05,2.39,227.79,0.82,84.14,3.22,311.93,"85,755.85"
1180,03/12/2021,FPT,"97,200","97,800","95,500","97,800","95,500","96,656","-1,700",-1.75,2.01,194.25,0.00,0.00,2.01,194.25,"86,663.32"
1181,02/12/2021,FPT,"98,200","97,600","97,200","98,300","97,200","97,700","-1,000",-1.02,0.95,93.10,0.21,22.05,1.16,115.15,"88,206.01"
1182,01/12/2021,FPT,"97,100","97,500","98,200","98,600","96,700","97,260","1,100",1.13,1.25,122.05,0.00,0.00,1.25,122.05,"89,113.48"
1183,30/11/2021,FPT,"98,100","98,100","97,100","98,500","97,000","97,798","-1,000",-1.02,2.56,250.67,0.02,2.10,2.58,252.77,"88,115.27"
1184,29/11/2021,FPT,"98,900","97,500","98,100","98,900","97,500","98,063",-800,-0.81,1.99,195.44,0.87,92.52,2.87,287.96,"89,022.74"
1185,26/11/2021,FPT,"100,000","100,100","98,900","100,800","98,800","99,493","-1,100",-1.10,2.00,198.61,0.00,0.00,2.00,198.61,"89,748.71"
1186,25/11/2021,FPT,"97,900","98,500","100,000","101,800","98,300","100,413","2,100",2.15,5.49,551.01,0.68,71.38,6.17,622.39,"90,746.93"
1187,24/11/2021,FPT,"96,600","96,700","97,900","98,400","96,400","97,352","1,300",1.35,2.45,238.08,0.46,47.63,2.91,285.72,"88,841.24"
1188,23/11/2021,FPT,"95,000","95,000","96,600","96,600","94,900","95,616","1,600",1.68,1.15,110.04,1.46,132.01,2.61,242.04,"87,661.53"
1189,22/11/2021,FPT,"95,300","95,500","95,000","96,000","95,000","95,366",-300,-0.31,1.67,159.27,0.20,20.36,1.87,179.63,"86,209.58"
1190,19/11/2021,FPT,"96,500","97,500","95,300","97,800","95,100","96,320","-1,200",-1.24,2.48,239.00,0.74,76.73,3.22,315.73,"86,481.82"
1191,18/11/2021,FPT,"98,300","98,300","96,500","98,700","96,500","97,495","-1,800",-1.83,2.01,195.48,0.84,87.25,2.84,282.72,"87,570.78"
1192,17/11/2021,FPT,"98,300","98,300","98,300","98,400","98,000","98,234",0,0.00,1.19,116.53,1.01,105.10,2.20,221.62,"89,204.23"
1193,16/11/2021,FPT,"97,300","97,300","98,300","99,500","96,800","98,129","1,000",1.03,3.51,344.06,0.60,61.11,4.11,405.17,"89,204.23"
1194,15/11/2021,FPT,"98,000","98,500","97,300","98,500","97,300","97,873",-700,-0.71,1.91,186.83,0.09,9.00,1.99,195.83,"88,296.76"
1195,12/11/2021,FPT,"96,000","96,200","98,000","98,200","95,900","97,066","2,000",2.08,2.24,217.46,0.13,13.45,2.37,230.90,"88,931.99"
1196,11/11/2021,FPT,"97,000","97,000","96,000","98,000","95,800","96,588","-1,000",-1.03,2.12,204.98,0.54,56.12,2.66,261.10,"87,117.05"
1197,10/11/2021,FPT,"96,400","96,400","97,000","97,000","95,900","96,181",600,0.62,1.59,153.16,0.34,34.05,1.93,187.21,"88,024.52"
1198,09/11/2021,FPT,"97,400","97,500","96,400","97,600","96,000","96,839","-1,000",-1.03,1.85,178.76,0.28,28.25,2.13,207.01,"87,480.04"
1199,08/11/2021,FPT,"97,600","97,600","97,400","98,500","97,300","97,809",-200,-0.20,1.69,165.09,0.10,9.27,1.79,174.36,"88,387.51"
1200,05/11/2021,FPT,"96,000","96,200","97,600","97,800","96,000","96,983","1,600",1.67,2.17,210.44,0.04,3.90,2.21,214.35,"88,569.00"
1201,04/11/2021,FPT,"96,100","96,100","96,000","96,800","95,700","96,095",-100,-0.10,1.76,169.25,0.28,27.38,2.04,196.64,"87,117.05"
1202,03/11/2021,FPT,"96,100","96,200","96,100","96,700","95,200","95,917",0,0.00,2.68,257.07,0.10,10.48,2.78,267.54,"87,207.80"
1203,02/11/2021,FPT,"95,800","95,500","96,100","97,000","95,500","96,099",300,0.31,2.11,202.68,0.05,5.13,2.16,207.81,"87,207.80"
1204,01/11/2021,FPT,"96,900","97,400","95,800","97,400","95,600","96,432","-1,100",-1.14,2.86,275.39,0.43,42.56,3.28,317.96,"86,935.56"
1205,29/10/2021,FPT,"98,000","98,000","96,900","98,000","96,900","97,206","-1,100",-1.12,2.38,231.61,0.33,32.42,2.71,264.04,"87,933.77"
1206,28/10/2021,FPT,"98,200","98,200","98,000","98,400","97,200","97,626",-200,-0.20,1.64,160.57,0.04,4.17,1.68,164.73,"88,931.99"
1207,27/10/2021,FPT,"96,900","96,800","98,200","98,200","96,500","97,437","1,300",1.34,2.33,226.71,8.62,779.50,10.95,"1,006.21","89,113.48"
1208,26/10/2021,FPT,"94,900","95,000","96,900","96,900","94,300","95,609","2,000",2.11,1.86,177.42,0.18,18.07,2.04,195.49,"87,933.77"
1209,25/10/2021,FPT,"96,200","96,200","94,900","96,200","94,900","95,504","-1,300",-1.35,2.94,280.64,0.66,67.70,3.60,348.34,"86,118.83"
1210,22/10/2021,FPT,"96,700","97,000","96,200","97,400","96,100","96,624",-500,-0.52,2.02,195.51,0.78,79.42,2.80,274.93,"87,298.54"
1211,21/10/2021,FPT,"97,600","98,400","96,700","98,500","96,700","97,253",-900,-0.92,2.28,222.09,0.13,12.32,2.42,234.40,"87,752.28"
1212,20/10/2021,FPT,"98,600","98,700","97,600","99,500","96,600","98,193","-1,000",-1.01,2.25,220.80,0.00,0.00,2.25,220.80,"88,569.00"
1213,19/10/2021,FPT,"99,000","99,000","98,600","99,500","98,600","98,996",-400,-0.40,1.53,151.89,0.50,52.16,2.03,204.05,"89,476.47"
1214,18/10/2021,FPT,"98,900","99,000","99,000","100,000","98,600","99,076",100,0.10,2.26,224.32,0.24,25.39,2.50,249.71,"89,839.46"
1215,15/10/2021,FPT,"98,800","99,400","98,900","100,100","98,400","99,171",100,0.10,1.70,168.84,0.00,0.00,1.70,168.84,"89,748.71"
1216,14/10/2021,FPT,"99,400","99,400","98,800","100,000","98,400","99,153",-600,-0.60,1.82,180.88,0.66,70.50,2.49,251.37,"89,657.96"
1217,13/10/2021,FPT,"99,000","99,000","99,400","101,500","98,500","100,084",400,0.40,3.23,323.52,0.53,55.87,3.76,379.39,"90,202.45"
1218,12/10/2021,FPT,"99,200","99,200","99,000","99,200","98,500","98,815",-200,-0.20,1.13,111.20,3.81,404.36,4.94,515.56,"89,839.46"
1219,11/10/2021,FPT,"98,900","99,000","99,200","99,300","98,300","98,810",300,0.30,2.30,226.82,0.24,25.32,2.54,252.14,"90,020.95"
1220,08/10/2021,FPT,"94,300","95,000","98,900","99,500","94,400","97,661","4,600",4.88,8.31,811.13,0.36,36.06,8.66,847.19,"89,748.71"
1221,07/10/2021,FPT,"94,400","94,900","94,300","95,000","94,100","94,614",-100,-0.11,1.50,141.64,0.10,10.10,1.60,151.74,"85,574.35"
1222,06/10/2021,FPT,"94,400","94,500","94,400","94,700","93,700","94,042",0,0.00,1.57,147.77,0.65,65.86,2.22,213.63,"85,665.10"
1223,05/10/2021,FPT,"94,600","95,000","94,400","96,000","94,400","94,964",-200,-0.21,1.39,132.27,0.46,46.95,1.86,179.22,"85,665.10"
1224,04/10/2021,FPT,"92,900","93,000","94,600","95,200","92,400","93,981","1,700",1.83,2.28,214.07,0.96,94.05,3.23,308.12,"85,846.59"
1225,01/10/2021,FPT,"93,000","92,900","92,900","93,100","92,500","92,723",-100,-0.11,1.06,97.86,2.81,251.35,3.86,349.21,"84,303.90"
1226,30/09/2021,FPT,"93,200","93,500","93,000","93,900","93,000","93,451",-200,-0.21,1.00,93.16,0.02,1.99,1.02,95.15,"84,394.64"
1227,29/09/2021,FPT,"93,000","93,000","93,200","93,400","92,300","92,845",200,0.22,1.18,109.32,0.48,47.65,1.66,156.96,"84,576.14"
1228,28/09/2021,FPT,"92,100","91,700","93,000","93,000","91,500","92,211",900,0.98,1.39,128.50,1.30,125.18,2.69,253.68,"84,394.64"
1229,27/09/2021,FPT,"92,700","92,900","92,100","93,500","92,100","92,741",-600,-0.65,1.55,143.39,0.65,63.78,2.19,207.17,"83,577.92"
1230,24/09/2021,FPT,"93,100","93,200","92,700","93,200","92,700","92,932",-400,-0.43,1.45,134.66,0.04,3.47,1.49,138.13,"84,122.40"
1231,23/09/2021,FPT,"93,200","93,200","93,100","93,800","93,000","93,301",-100,-0.11,1.39,130.08,0.71,69.08,2.10,199.16,"84,485.39"
1232,22/09/2021,FPT,"93,500","93,200","93,200","93,400","92,700","92,969",-300,-0.32,2.03,188.47,0.53,51.25,2.55,239.71,"84,576.14"
1233,21/09/2021,FPT,"94,400","93,400","93,500","94,000","92,500","93,190",-900,-0.95,2.70,251.34,0.22,21.81,2.92,273.15,"84,848.38"
1234,20/09/2021,FPT,"95,700","96,000","94,400","96,200","94,100","95,007","-1,300",-1.36,2.53,240.00,0.24,23.94,2.76,263.94,"85,665.10"
1235,17/09/2021,FPT,"94,700","95,500","95,700","97,000","95,400","96,064","1,000",1.06,3.33,319.48,1.24,122.10,4.57,441.58,"86,844.81"
1236,16/09/2021,FPT,"94,100","94,400","94,700","95,000","94,200","94,572",600,0.64,1.92,182.02,0.50,49.80,2.43,231.82,"85,937.34"
1237,15/09/2021,FPT,"93,800","93,800","94,100","94,400","93,300","93,930",300,0.32,1.69,158.75,0.45,43.78,2.14,202.53,"85,392.86"
1238,14/09/2021,FPT,"93,000","93,300","93,800","94,700","93,000","93,773",800,0.86,2.52,236.61,0.22,21.48,2.74,258.08,"85,120.62"
1239,13/09/2021,FPT,"93,500","93,600","93,000","94,000","92,900","93,221",-500,-0.53,1.60,149.15,0.20,19.45,1.80,168.60,"84,394.64"
1240,10/09/2021,FPT,"93,200","93,400","93,500","94,400","93,400","93,758",300,0.32,1.44,135.02,0.04,3.91,1.48,138.93,"84,848.38"
1241,09/09/2021,FPT,"93,100","93,100","93,200","93,900","92,800","93,119",100,0.11,1.39,129.78,0.10,9.59,1.49,139.37,"84,576.14"
1242,08/09/2021,FPT,"93,500","93,500","93,100","94,200","92,800","93,397",-400,-0.43,1.45,135.78,0.17,16.45,1.62,152.23,"84,485.39"
1243,07/09/2021,FPT,"94,900","95,300","93,500","95,300","93,500","94,327","-1,400",-1.48,2.29,216.07,0.28,27.47,2.57,243.53,"84,848.38"
1244,06/09/2021,FPT,"92,400","92,400","94,900","94,900","92,300","93,240","2,500",2.71,3.12,291.34,0.05,4.87,3.18,296.21,"86,118.83"
1245,01/09/2021,FPT,"92,400","92,100","92,400","93,000","92,100","92,614",0,0.00,1.35,125.33,0.24,22.92,1.59,148.25,"83,850.16"
1246,31/08/2021,FPT,"92,200","92,300","92,400","93,200","92,000","92,485",200,0.22,1.95,180.58,0.43,40.27,2.38,220.85,"83,850.16"
1247,30/08/2021,FPT,"92,000","93,000","92,200","93,000","92,100","92,368",200,0.22,1.49,138.07,0.17,15.47,1.66,153.54,"83,668.67"
1248,27/08/2021,FPT,"91,400","91,000","92,000","92,000","90,600","91,422",600,0.66,1.90,173.36,0.45,42.64,2.35,216.00,"83,487.17"
1249,26/08/2021,FPT,"91,900","92,000","91,400","92,900","91,200","92,090",-500,-0.54,1.76,161.96,0.24,22.72,2.00,184.68,"82,942.69"
1250,25/08/2021,FPT,"91,900","92,400","91,900","92,400","91,000","91,624",0,0.00,1.34,123.14,0.64,60.74,1.98,183.88,"83,396.43"
1251,24/08/2021,FPT,"91,000","91,500","91,900","92,000","89,900","90,824",900,0.99,3.08,279.88,2.13,199.50,5.21,479.38,"83,396.43"
1252,23/08/2021,FPT,"92,800","92,500","91,000","92,500","91,000","91,587","-1,800",-1.94,3.44,314.75,1.19,114.20,4.63,428.95,"82,579.70"
1253,20/08/2021,FPT,"94,500","94,500","92,800","94,700","91,100","93,217","-1,700",-1.80,4.35,405.43,1.06,102.16,5.41,507.58,"84,213.15"
1254,19/08/2021,FPT,"94,000","95,000","94,500","95,000","93,800","94,416",500,0.53,2.72,256.96,0.42,40.97,3.14,297.94,"85,755.85"
1255,18/08/2021,FPT,"93,800","93,800","94,000","94,900","93,800","94,012",200,0.21,1.95,183.42,0.06,6.27,2.02,189.69,"85,302.11"
1256,17/08/2021,FPT,"94,600","94,100","93,800","94,600","93,500","94,086",-800,-0.85,2.80,263.60,0.45,44.06,3.25,307.66,"85,120.62"
1257,16/08/2021,FPT,"94,000","95,000","94,600","95,200","94,400","94,631",600,0.64,1.91,180.44,0.11,10.68,2.02,191.12,"85,846.59"
1258,13/08/2021,FPT,"93,800","93,100","95,000","95,000","93,000","93,786","1,200",1.28,3.62,339.38,0.51,49.90,4.13,389.29,"86,209.58"
1259,12/08/2021,FPT,"96,100","95,800","93,800","96,000","93,400","94,707","-2,300",-2.39,8.40,795.49,0.52,51.96,8.92,847.44,"85,120.62"
1260,11/08/2021,FPT,"97,800","97,700","96,100","97,800","96,100","96,857","-1,700",-1.74,4.88,472.97,0.91,91.92,5.80,564.89,"87,207.80"
1261,10/08/2021,FPT,"97,500","98,300","97,800","98,400","97,600","97,964",300,0.31,2.68,262.61,0.30,30.12,2.98,292.73,"88,750.49"
1262,09/08/2021,FPT,"96,600","97,000","97,500","97,700","95,900","97,129",900,0.93,2.93,285.03,0.80,80.02,3.73,365.04,"88,478.25"
1263,06/08/2021,FPT,"96,600","96,800","96,600","97,200","95,800","96,536",0,0.00,3.41,329.57,0.99,99.67,4.41,429.24,"87,661.53"
1264,05/08/2021,FPT,"95,600","95,200","96,600","97,000","94,900","95,807","1,000",1.05,2.49,238.14,0.56,55.27,3.05,293.41,"87,661.53"
1265,04/08/2021,FPT,"95,800","95,900","95,600","96,200","94,900","95,672",-200,-0.21,2.82,269.64,0.39,38.73,3.21,308.38,"86,754.06"
1266,03/08/2021,FPT,"95,600","95,800","95,800","96,000","94,700","95,276",200,0.21,3.61,343.68,0.14,13.71,3.74,357.39,"86,935.56"
1267,02/08/2021,FPT,"94,000","94,000","95,600","96,600","94,000","95,648","1,600",1.70,4.28,408.98,0.51,51.12,4.79,460.11,"86,754.06"
1268,30/07/2021,FPT,"93,400","93,500","94,000","94,800","92,800","94,051",600,0.64,4.53,425.67,3.07,303.89,7.60,729.56,"85,302.11"
1269,29/07/2021,FPT,"92,000","92,000","93,400","93,900","91,700","92,632","1,400",1.52,3.71,343.93,0.15,14.79,3.86,358.72,"84,757.63"
1270,28/07/2021,FPT,"93,200","92,800","92,000","93,700","91,700","92,418","-1,200",-1.29,3.35,309.30,0.02,1.99,3.37,311.29,"83,487.17"
1271,27/07/2021,FPT,"93,700","94,400","93,200","94,900","92,500","93,667",-500,-0.53,5.01,468.99,1.78,169.43,6.78,638.42,"84,576.14"
1272,26/07/2021,FPT,"90,500","90,300","93,700","93,900","90,200","92,096","3,200",3.54,5.77,531.68,1.67,153.20,7.45,684.88,"85,029.87"
1273,23/07/2021,FPT,"89,400","89,400","90,500","92,900","88,700","91,167","1,100",1.23,6.76,615.90,0.99,94.64,7.75,710.54,"82,125.97"
1274,22/07/2021,FPT,"86,600","86,200","89,400","89,600","86,200","88,803","2,800",3.23,4.45,394.78,0.03,2.76,4.48,397.55,"81,127.75"
1275,21/07/2021,FPT,"86,800","86,800","86,600","87,900","86,100","86,899",-200,-0.23,3.37,292.78,0.97,86.97,4.34,379.75,"78,586.84"
1276,20/07/2021,FPT,"84,700","84,800","86,800","86,800","83,900","85,169","2,100",2.48,2.55,217.50,1.34,120.08,3.90,337.57,"78,768.33"
1277,19/07/2021,FPT,"86,800","85,200","84,700","86,400","84,500","85,267","-2,100",-2.42,3.29,280.43,0.34,31.55,3.63,311.98,"76,862.65"
1278,16/07/2021,FPT,"85,400","85,900","86,800","88,000","85,500","86,365","1,400",1.64,2.29,197.41,0.10,9.10,2.39,206.51,"78,768.33"
1279,15/07/2021,FPT,"85,200","84,700","85,400","86,600","84,700","85,445",200,0.23,2.71,231.95,0.02,1.82,2.73,233.77,"77,497.88"
1280,14/07/2021,FPT,"87,000","87,600","85,200","87,600","84,700","85,943","-1,800",-2.07,2.43,209.14,0.17,16.15,2.61,225.30,"77,316.38"
1281,13/07/2021,FPT,"86,100","86,900","87,000","87,300","85,000","86,573",900,1.05,2.21,191.10,0.43,39.37,2.63,230.47,"78,949.83"
1282,12/07/2021,FPT,"89,700","88,800","86,100","89,700","83,600","85,817","-3,600",-4.01,6.76,580.50,0.85,81.18,7.62,661.68,"78,133.10"
1283,09/07/2021,FPT,"89,800","89,600","89,700","92,000","88,800","90,475",-100,-0.11,2.95,266.63,1.34,128.82,4.29,395.45,"81,399.99"
1284,08/07/2021,FPT,"90,500","90,400","89,800","90,500","89,000","89,698",-700,-0.77,2.38,213.07,0.24,23.42,2.62,236.49,"81,490.74"
1285,07/07/2021,FPT,"87,000","87,000","90,500","91,000","85,000","87,931","3,500",4.02,4.91,431.76,1.27,118.29,6.18,550.04,"82,125.97"
1286,06/07/2021,FPT,"92,700","92,500","87,000","93,000","87,000","91,914","-5,700",-6.15,1.97,180.83,1.18,117.29,3.15,298.12,"78,949.83"
1287,05/07/2021,FPT,"91,900","95,000","92,700","95,000","91,000","92,368",800,0.87,2.93,271.03,3.47,341.00,6.40,612.02,"84,122.40"
1288,02/07/2021,FPT,"88,900","89,300","91,900","92,500","88,900","90,431","3,000",3.37,3.87,350.28,0.04,3.33,3.91,353.61,"83,396.43"
1289,01/07/2021,FPT,"88,000","88,100","88,900","88,900","88,000","88,537",900,1.02,1.70,150.52,0.00,0.00,1.70,150.52,"80,674.02"
1290,30/06/2021,FPT,"88,600","89,000","88,000","89,100","88,000","88,466",-600,-0.68,1.65,146.07,0.52,49.61,2.17,195.68,"79,857.30"
1291,29/06/2021,FPT,"85,700","86,600","88,600","89,000","86,300","88,382","2,900",3.38,4.90,432.88,0.67,61.75,5.57,494.63,"80,401.78"
1292,28/06/2021,FPT,"85,200","86,100","85,700","86,100","85,400","85,816",500,0.59,1.86,159.51,0.00,0.00,1.86,159.51,"77,770.12"
1293,25/06/2021,FPT,"84,700","84,700","85,200","85,400","84,200","84,957",500,0.59,1.50,127.73,0.11,9.35,1.61,137.07,"77,316.38"
1294,24/06/2021,FPT,"84,900","84,300","84,700","84,900","83,900","84,286",-200,-0.24,1.66,139.73,0.55,49.94,2.21,189.67,"76,862.65"
1295,23/06/2021,FPT,"85,400","85,300","84,900","85,600","84,100","84,809",-500,-0.59,1.60,135.69,1.51,137.90,3.11,273.59,"77,044.14"
1296,22/06/2021,FPT,"85,600","86,100","85,400","86,600","85,400","85,986",-200,-0.23,1.76,151.36,1.53,138.24,3.29,289.60,"77,497.88"
1297,21/06/2021,FPT,"83,800","83,600","85,600","86,300","83,200","85,044","1,800",2.15,3.88,329.83,0.11,9.01,3.99,338.84,"77,679.37"
1298,18/06/2021,FPT,"82,600","83,100","83,800","84,200","82,700","83,683","1,200",1.45,1.68,140.73,0.05,4.13,1.73,144.86,"76,045.93"
1299,17/06/2021,FPT,"83,100","82,100","82,600","83,100","82,100","82,612",-500,-0.60,2.24,184.73,0.11,9.78,2.35,194.51,"74,956.96"
1300,16/06/2021,FPT,"83,200","83,200","83,100","84,600","82,700","83,508",-100,-0.12,2.46,205.60,0.31,27.80,2.77,233.40,"75,410.70"
1301,15/06/2021,FPT,"83,800","83,800","83,200","84,500","83,200","83,785",-600,-0.72,1.78,149.03,0.00,0.00,1.78,149.03,"75,501.44"
1302,14/06/2021,FPT,"83,500","83,500","83,800","84,600","83,000","83,662",300,0.36,2.55,213.14,2.10,186.24,4.65,399.38,"76,045.93"
1303,11/06/2021,FPT,"81,900","81,500","83,500","83,900","81,300","83,229","1,600",1.95,2.36,196.39,0.08,7.01,2.44,203.40,"75,773.68"
1304,10/06/2021,FPT,"81,700","81,700","81,900","82,500","81,000","81,642",200,0.24,2.21,180.83,0.36,31.78,2.58,212.61,"74,321.73"
1305,09/06/2021,FPT,"80,800","80,600","81,700","82,100","79,000","80,477",900,1.11,3.58,287.79,0.03,2.25,3.60,290.04,"64,470.69"
1306,08/06/2021,FPT,"82,700","82,000","80,800","83,000","80,600","81,789","-1,900",-2.30,3.49,285.12,1.40,123.76,4.89,408.88,"63,760.48"
1307,07/06/2021,FPT,"84,700","84,600","82,700","84,700","81,000","83,099","-2,000",-2.36,3.71,308.40,0.56,50.61,4.27,359.01,"65,259.80"
1308,04/06/2021,FPT,"85,200","85,000","84,700","85,100","83,800","84,325",-500,-0.59,3.82,322.17,2.13,192.18,5.95,514.35,"66,838.03"
1309,03/06/2021,FPT,"85,500","85,000","85,200","85,400","84,300","84,743",-300,-0.35,3.19,270.40,1.30,119.27,4.50,389.67,"67,232.59"
1310,02/06/2021,FPT,"87,100","87,100","85,500","87,500","85,000","86,326","-1,600",-1.84,3.05,263.63,2.19,203.53,5.24,467.16,"67,469.32"
1311,01/06/2021,FPT,"84,300","87,900","87,100","88,500","87,000","87,643","2,800",3.32,3.50,306.31,0.00,0.00,3.50,306.31,"68,731.91"
1312,31/05/2021,FPT,"94,800","95,500","97,900","98,000","94,700","95,654","3,100",3.27,3.24,309.70,1.18,119.38,4.42,429.08,"77,254.35"
1313,28/05/2021,FPT,"93,800","94,000","94,800","95,000","93,700","94,316","1,000",1.07,1.87,176.78,0.00,0.00,1.87,176.78,"74,808.09"
1314,27/05/2021,FPT,"95,300","95,300","93,800","95,400","93,500","94,693","-1,500",-1.57,1.75,165.32,1.23,125.25,2.97,290.56,"74,018.98"
1315,26/05/2021,FPT,"93,800","94,200","95,300","95,500","93,700","94,692","1,500",1.60,1.99,188.70,0.11,10.53,2.10,199.23,"75,202.65"
1316,25/05/2021,FPT,"93,500","93,500","93,800","95,200","92,800","93,640",300,0.32,2.16,201.92,0.08,6.69,2.23,208.61,"74,018.98"
1317,24/05/2021,FPT,"93,800","93,800","93,500","93,900","92,100","92,825",-300,-0.32,2.67,247.80,1.01,98.17,3.68,345.97,"73,782.24"
1318,21/05/2021,FPT,"95,500","94,300","93,800","96,600","93,000","94,929","-1,700",-1.78,3.22,305.93,3.68,376.06,6.91,681.99,"74,018.98"
1319,20/05/2021,FPT,"90,800","90,800","95,500","95,500","90,400","92,063","4,700",5.18,3.52,324.42,0.60,58.43,4.13,382.85,"75,360.47"
1320,19/05/2021,FPT,"87,000","87,500","90,800","91,100","86,800","88,574","3,800",4.37,2.88,254.77,0.05,4.31,2.92,259.07,"71,651.63"
1321,18/05/2021,FPT,"85,700","86,400","87,000","87,400","86,200","86,971","1,300",1.52,2.13,185.55,0.15,13.38,2.28,198.93,"68,652.99"
1322,17/05/2021,FPT,"84,800","85,800","85,700","86,600","85,200","85,895",900,1.06,1.74,149.84,2.74,246.84,4.49,396.69,"67,627.15"
1323,14/05/2021,FPT,"84,000","84,300","84,800","86,200","84,100","85,170",800,0.95,1.86,158.31,0.05,4.49,1.91,162.80,"66,916.94"
1324,13/05/2021,FPT,"85,400","85,000","84,000","85,400","84,000","84,790","-1,400",-1.64,2.56,216.92,0.23,20.96,2.79,237.88,"66,285.65"
1325,12/05/2021,FPT,"85,200","85,000","85,400","85,400","84,300","84,874",200,0.23,1.84,156.55,0.02,1.82,1.86,158.37,"67,390.41"
1326,11/05/2021,FPT,"85,800","86,000","85,200","86,600","85,200","86,210",-600,-0.70,2.08,179.20,0.21,18.85,2.28,198.05,"67,232.59"
1327,10/05/2021,FPT,"83,000","83,100","85,800","86,000","83,000","84,832","2,800",3.37,4.50,382.11,0.08,6.84,4.58,388.95,"67,706.06"
1328,07/05/2021,FPT,"82,700","82,700","83,000","84,000","82,300","83,047",300,0.36,2.71,224.72,0.05,3.98,2.75,228.70,"65,496.53"
1329,06/05/2021,FPT,"82,900","83,000","82,700","83,500","82,200","82,868",-200,-0.24,1.97,163.17,0.00,0.00,1.97,163.17,"65,259.80"
1330,05/05/2021,FPT,"82,900","84,500","82,900","84,500","82,700","83,721",0,0.00,2.32,194.34,0.03,2.30,2.35,196.64,"65,417.62"
1331,04/05/2021,FPT,"80,900","80,000","82,900","83,500","80,000","81,634","2,000",2.47,2.36,192.83,1.06,80.09,3.43,272.92,"65,417.62"
1332,29/04/2021,FPT,"80,800","80,800","80,900","81,800","80,800","81,126",100,0.12,2.10,170.00,0.13,11.53,2.23,181.53,"63,839.39"
1333,28/04/2021,FPT,"80,700","80,100","80,800","81,300","80,100","80,831",100,0.12,1.37,110.47,0.36,31.15,1.73,141.62,"63,760.48"
1334,27/04/2021,FPT,"81,000","80,400","80,700","81,400","80,100","80,722",-300,-0.37,1.29,103.90,0.53,45.47,1.81,149.36,"63,681.57"
1335,26/04/2021,FPT,"83,000","82,500","81,000","82,800","80,500","81,510","-2,000",-2.41,2.55,207.96,0.56,50.17,3.12,258.13,"63,918.31"
1336,23/04/2021,FPT,"80,000","80,000","83,000","83,000","79,700","81,112","3,000",3.75,3.17,256.83,0.04,3.42,3.21,260.26,"65,496.53"
1337,22/04/2021,FPT,"82,900","82,000","80,000","83,900","80,000","82,378","-2,900",-3.50,2.27,187.10,0.15,13.57,2.42,200.67,"63,129.19"
1338,20/04/2021,FPT,"81,500","81,800","82,900","84,900","81,600","83,417","1,400",1.72,4.74,395.63,0.32,28.24,5.07,423.87,"65,417.62"
1339,19/04/2021,FPT,"79,700","80,000","81,500","81,500","79,500","80,643","1,800",2.26,2.38,192.00,1.17,99.68,3.55,291.67,"64,312.86"
1340,16/04/2021,FPT,"80,000","79,800","79,700","81,200","78,800","79,689",-300,-0.38,2.19,174.89,0.40,33.97,2.60,208.86,"62,892.46"
1341,15/04/2021,FPT,"81,000","81,000","80,000","81,400","79,800","80,374","-1,000",-1.23,2.10,168.48,0.98,85.11,3.08,253.59,"63,129.19"
1342,14/04/2021,FPT,"80,700","80,000","81,000","81,000","79,500","80,224",300,0.37,2.53,203.02,0.00,0.00,2.53,203.02,"63,496.31"
1343,13/04/2021,FPT,"82,100","82,000","80,700","82,200","80,500","81,490","-1,400",-1.71,2.04,166.08,1.40,122.14,3.44,288.22,"63,261.14"
1344,12/04/2021,FPT,"82,100","82,400","82,100","82,400","81,500","81,902",0,0.00,2.02,165.65,0.10,8.52,2.12,174.16,"64,358.61"
1345,09/04/2021,FPT,"79,600","79,900","82,100","83,000","79,900","81,674","2,500",3.14,3.97,324.28,1.01,86.25,4.98,410.53,"64,358.61"
1346,08/04/2021,FPT,"79,600","80,200","79,600","80,600","79,500","79,974",0,0.00,1.61,128.74,0.52,44.16,2.13,172.90,"62,398.85"
1347,07/04/2021,FPT,"79,400","79,200","79,600","79,700","79,100","79,344",200,0.25,1.50,119.32,0.55,46.85,2.06,166.16,"62,398.85"
1348,06/04/2021,FPT,"79,600","79,100","79,400","80,000","79,100","79,505",-200,-0.25,1.51,119.72,0.13,10.71,1.63,130.42,"62,242.07"
1349,05/04/2021,FPT,"79,800","80,400","79,600","80,500","78,900","79,792",-200,-0.25,1.49,118.65,1.27,108.37,2.76,227.02,"62,398.85"
1350,02/04/2021,FPT,"79,700","80,400","79,800","80,500","79,800","80,150",100,0.13,1.95,156.31,0.04,3.30,1.99,159.60,"62,555.63"
1351,01/04/2021,FPT,"77,700","77,900","79,700","79,700","77,900","78,765","2,000",2.57,2.50,196.98,0.65,54.02,3.15,251.00,"62,477.24"
1352,31/03/2021,FPT,"77,100","77,100","77,700","78,100","76,600","77,420",600,0.78,1.37,106.33,0.05,3.84,1.42,110.17,"60,909.43"
1353,30/03/2021,FPT,"77,600","77,900","77,100","78,000","77,000","77,377",-500,-0.64,1.51,117.03,0.20,16.60,1.71,133.63,"60,439.08"
1354,29/03/2021,FPT,"76,100","76,500","77,600","78,100","76,100","76,748","1,500",1.97,2.00,153.32,0.04,2.62,2.03,155.94,"60,831.04"
1355,26/03/2021,FPT,"76,600","76,200","76,100","76,800","74,500","75,644",-500,-0.65,2.67,202.17,0.00,0.00,2.67,202.17,"59,655.18"
1356,25/03/2021,FPT,"77,000","77,500","76,600","77,500","76,500","76,954",-400,-0.52,2.31,177.41,0.05,4.12,2.36,181.53,"60,047.13"
1357,24/03/2021,FPT,"78,800","77,900","77,000","78,900","76,500","77,780","-1,800",-2.28,2.48,192.90,0.31,26.00,2.79,218.90,"60,360.69"
1358,23/03/2021,FPT,"78,700","78,500","78,800","80,000","78,300","78,985",100,0.13,2.20,173.90,0.13,11.07,2.33,184.97,"61,771.72"
1359,22/03/2021,FPT,"79,800","79,500","78,700","79,600","78,300","78,843","-1,100",-1.38,2.08,164.37,0.99,73.69,3.07,238.06,"61,693.33"
1360,19/03/2021,FPT,"81,000","80,000","79,800","80,500","79,400","79,882","-1,200",-1.48,2.25,179.56,0.68,58.52,2.92,238.07,"62,555.63"
1361,18/03/2021,FPT,"80,800","81,000","81,000","81,000","80,000","80,762",200,0.25,1.81,145.98,0.37,31.97,2.18,177.95,"63,496.31"
1362,17/03/2021,FPT,"81,000","81,500","80,800","81,500","80,000","80,713",-200,-0.25,1.60,129.40,1.96,170.07,3.57,299.46,"63,339.53"
1363,16/03/2021,FPT,"76,500","77,000","81,000","81,500","76,600","79,202","4,500",5.88,5.11,404.80,0.06,4.70,5.17,409.50,"63,496.31"
1364,15/03/2021,FPT,"76,500","76,600","76,500","77,500","76,100","76,840",0,0.00,1.76,135.31,0.04,3.31,1.80,138.62,"59,968.74"
1365,12/03/2021,FPT,"76,700","77,000","76,500","77,100","76,300","76,715",-200,-0.26,2.06,158.25,0.00,0.00,2.06,158.25,"59,968.74"
1366,11/03/2021,FPT,"76,300","76,500","76,700","77,100","76,100","76,652",400,0.52,1.48,113.28,0.52,42.66,2.00,155.94,"60,125.52"
1367,10/03/2021,FPT,"75,000","75,900","76,300","77,500","75,000","76,430","1,300",1.73,2.60,198.90,0.06,4.41,2.66,203.31,"59,811.96"
1368,09/03/2021,FPT,"75,800","75,000","75,000","75,700","74,500","74,997",-800,-1.06,2.18,163.67,1.85,150.04,4.03,313.71,"58,792.88"
1369,08/03/2021,FPT,"75,900","76,000","75,800","76,500","75,400","75,872",-100,-0.13,1.66,125.69,3.63,280.42,5.28,406.11,"59,420.01"
1370,05/03/2021,FPT,"75,900","75,500","75,900","76,000","74,500","75,224",0,0.00,2.51,188.62,0.50,40.60,3.01,229.22,"59,498.40"
1371,04/03/2021,FPT,"77,700","77,700","75,900","77,800","75,100","76,573","-1,800",-2.32,2.90,222.18,1.24,102.63,4.14,324.81,"59,498.40"
1372,03/03/2021,FPT,"77,900","78,000","77,700","78,100","77,400","77,758",-200,-0.26,1.60,124.37,4.31,359.36,5.91,483.72,"60,909.43"
1373,02/03/2021,FPT,"77,900","78,900","77,900","78,900","76,900","77,934",0,0.00,1.82,141.97,0.56,46.77,2.39,188.74,"61,066.21"
1374,01/03/2021,FPT,"76,200","76,800","77,900","78,000","76,800","77,548","1,700",2.23,2.08,161.15,0.00,0.00,2.08,161.15,"61,066.21"
1375,26/02/2021,FPT,"76,200","75,000","76,200","76,400","74,900","75,826",0,0.00,1.94,146.80,1.08,87.07,3.02,233.87,"59,733.57"
1376,25/02/2021,FPT,"75,400","76,100","76,200","76,300","74,500","75,688",800,1.06,1.93,145.89,0.10,8.06,2.03,153.95,"59,733.57"
1377,24/02/2021,FPT,"75,500","76,000","75,400","76,500","74,900","75,644",-100,-0.13,2.23,168.32,1.08,86.96,3.30,255.28,"59,106.45"
1378,23/02/2021,FPT,"76,800","76,300","75,500","77,000","74,600","76,084","-1,300",-1.69,3.37,256.36,0.04,3.20,3.41,259.56,"59,184.84"
1379,22/02/2021,FPT,"76,600","76,600","76,800","77,500","76,100","76,697",200,0.26,2.32,177.88,1.45,118.77,3.77,296.65,"60,203.91"
1380,19/02/2021,FPT,"78,200","77,300","76,600","78,000","76,000","76,997","-1,600",-2.05,3.72,286.64,1.57,131.58,5.30,418.21,"60,047.13"
1381,18/02/2021,FPT,"77,900","78,000","78,200","78,300","76,600","77,610",300,0.39,2.24,174.09,1.94,161.38,4.18,335.47,"61,301.38"
1382,17/02/2021,FPT,"74,600","76,300","77,900","79,000","75,900","78,099","3,300",4.42,3.14,245.16,0.07,5.60,3.21,250.76,"61,066.21"
1383,09/02/2021,FPT,"71,300","71,400","74,600","74,600","70,000","72,627","3,300",4.63,4.22,306.80,0.02,1.52,4.24,308.32,"58,479.32"
1384,08/02/2021,FPT,"72,900","72,900","71,300","72,900","69,600","71,013","-1,600",-2.19,4.04,286.58,2.29,178.62,6.33,465.20,"55,892.43"
1385,05/02/2021,FPT,"72,500","73,000","72,900","73,400","71,800","72,463",400,0.55,2.08,151.08,0.67,51.36,2.76,202.44,"57,146.68"
1386,04/02/2021,FPT,"70,000","70,200","72,500","73,200","70,200","72,010","2,500",3.57,4.40,316.75,2.91,217.82,7.31,534.57,"56,833.12"
1387,03/02/2021,FPT,"66,000","67,500","70,000","70,600","66,100","68,354","4,000",6.06,4.17,285.27,1.14,75.35,5.31,360.63,"54,873.36"
1388,02/02/2021,FPT,"63,500","63,100","66,000","66,000","63,000","64,617","2,500",3.94,3.26,210.95,0.22,14.52,3.48,225.47,"51,737.74"
1389,01/02/2021,FPT,"62,700","64,400","63,500","65,400","62,300","63,743",800,1.28,2.02,128.60,0.12,8.18,2.14,136.78,"49,777.97"
1390,29/01/2021,FPT,"58,600","59,000","62,700","62,700","59,000","61,783","4,100",7.00,3.21,198.44,0.10,6.27,3.31,204.71,"49,150.85"
1391,28/01/2021,FPT,"63,000","60,000","58,600","62,300","58,600","60,313","-4,400",-6.98,5.09,307.14,5.47,368.50,10.56,675.64,"45,936.84"
1392,27/01/2021,FPT,"66,000","65,700","63,000","66,100","62,900","64,696","-3,000",-4.55,2.23,144.07,0.05,3.34,2.28,147.40,"49,386.02"
1393,26/01/2021,FPT,"67,000","67,500","66,000","67,500","65,500","66,403","-1,000",-1.49,2.60,172.48,0.06,4.58,2.66,177.06,"51,737.74"
1394,25/01/2021,FPT,"66,900","66,800","67,000","68,200","66,200","67,480",100,0.15,3.11,209.99,0.06,4.11,3.17,214.10,"52,521.64"
1395,22/01/2021,FPT,"65,600","65,700","66,900","67,500","65,400","66,633","1,300",1.98,2.09,139.28,0.00,0.00,2.09,139.28,"52,443.25"
1396,21/01/2021,FPT,"63,300","64,500","65,600","65,800","63,300","64,494","2,300",3.63,2.31,149.18,0.00,0.00,2.31,149.18,"51,424.18"
1397,20/01/2021,FPT,"62,000","62,700","63,300","63,700","60,200","62,405","1,300",2.10,3.66,228.64,0.30,17.52,3.96,246.16,"49,621.19"
1398,19/01/2021,FPT,"66,300","66,000","62,000","66,100","61,700","63,494","-4,300",-6.49,3.51,222.59,1.09,75.45,4.59,298.03,"48,602.12"
1399,18/01/2021,FPT,"66,600","67,000","66,300","67,000","66,200","66,587",-300,-0.45,1.21,80.50,0.28,18.85,1.49,99.35,"51,972.91"
1400,15/01/2021,FPT,"66,400","67,000","66,600","67,000","66,400","66,668",200,0.30,1.54,102.70,0.19,13.21,1.73,115.90,"52,208.08"
1401,14/01/2021,FPT,"66,500","66,500","66,400","67,000","65,700","66,276",-100,-0.15,1.78,117.81,0.25,17.76,2.03,135.57,"52,051.30"
1402,13/01/2021,FPT,"65,800","65,900","66,500","67,400","65,900","66,696",700,1.06,2.61,174.21,1.75,121.30,4.36,295.51,"52,129.69"
1403,12/01/2021,FPT,"64,700","65,000","65,800","66,000","64,000","65,155","1,100",1.70,2.44,158.67,1.70,115.73,4.13,274.40,"51,580.96"
1404,11/01/2021,FPT,"63,300","63,900","64,700","64,700","63,300","63,978","1,400",2.21,1.97,126.22,0.00,0.00,1.97,126.22,"50,718.66"
1405,08/01/2021,FPT,"62,500","63,000","63,300","63,700","62,600","63,166",800,1.28,2.72,171.84,0.21,13.85,2.93,185.69,"49,621.19"
1406,07/01/2021,FPT,"62,400","62,600","62,500","62,900","61,900","62,265",100,0.16,2.15,133.88,0.40,24.79,2.55,158.67,"48,994.07"
1407,06/01/2021,FPT,"62,700","63,100","62,400","63,600","62,300","62,878",-300,-0.48,1.80,112.93,6.67,436.14,8.47,549.07,"48,915.68"
1408,05/01/2021,FPT,"60,200","60,000","62,700","63,500","59,800","62,325","2,500",4.15,2.33,145.35,0.53,30.51,2.86,175.87,"49,150.85"
1409,04/01/2021,FPT,"59,100","59,600","60,200","60,200","59,300","59,776","1,100",1.86,2.15,128.60,0.36,22.37,2.52,150.96,"47,191.09"
1410,31/12/2020,FPT,"58,100","58,100","59,100","59,200","58,000","58,606","1,000",1.72,2.04,119.34,0.10,6.20,2.14,125.54,"46,328.79"
1420,17/12/2020,FPT,"57,100","56,900","56,500","57,100","56,000","56,630",-600,-1.05,3.59,203.56,0.00,0.00,3.59,203.56,"44,290.64"
1411,30/12/2020,FPT,"58,600","58,900","58,100","58,900","58,100","58,544",-500,-0.85,1.20,70.50,0.00,0.00,1.20,70.50,"45,544.89"
1412,29/12/2020,FPT,"57,900","57,900","58,600","58,800","57,600","58,456",700,1.21,2.17,127.02,0.02,1.08,2.19,128.10,"45,936.84"
1413,28/12/2020,FPT,"57,600","57,900","57,900","58,600","57,500","57,892",300,0.52,2.20,127.19,0.56,32.17,2.76,159.36,"45,388.11"
1414,25/12/2020,FPT,"57,000","57,000","57,600","57,600","56,600","57,280",600,1.05,1.63,93.09,0.00,0.00,1.63,93.09,"45,152.93"
1415,24/12/2020,FPT,"57,500","57,500","57,000","57,800","56,400","56,918",-500,-0.87,2.39,135.82,0.00,0.00,2.39,135.82,"44,682.59"
1416,23/12/2020,FPT,"58,100","58,300","57,500","58,600","57,200","58,115",-600,-1.03,1.39,80.86,1.55,96.10,2.94,176.96,"45,074.54"
1417,22/12/2020,FPT,"57,500","57,400","58,100","58,500","57,100","57,749",600,1.04,2.58,148.78,0.00,0.00,2.58,148.78,"45,544.89"
1418,21/12/2020,FPT,"56,900","57,300","57,500","57,800","57,100","57,420",600,1.05,2.31,132.49,0.05,3.24,2.36,135.73,"45,074.54"
1419,18/12/2020,FPT,"56,500","56,500","56,900","57,100","56,500","56,809",400,0.71,1.53,87.08,0.04,2.50,1.57,89.57,"44,604.20"
1421,16/12/2020,FPT,"56,700","57,200","57,100","57,500","57,000","57,190",400,0.71,2.00,114.13,0.00,0.00,2.00,114.13,"44,760.98"
1422,15/12/2020,FPT,"57,200","57,500","56,700","57,600","56,600","57,108",-500,-0.87,2.67,152.30,0.00,0.00,2.67,152.30,"44,447.42"
1423,14/12/2020,FPT,"57,000","57,000","57,200","58,000","56,900","57,402",200,0.35,1.44,82.87,0.05,2.99,1.50,85.87,"44,839.37"
1424,11/12/2020,FPT,"56,500","56,600","57,000","57,000","56,300","56,701",500,0.88,1.75,99.24,0.12,6.84,1.87,106.08,"44,682.59"
1425,10/12/2020,FPT,"57,500","57,000","56,500","57,700","56,500","57,191","-1,000",-1.74,2.11,120.82,1.54,93.72,3.65,214.54,"44,290.64"
1426,09/12/2020,FPT,"56,200","56,300","57,500","57,800","56,200","57,182","1,300",2.31,3.00,171.65,0.53,30.94,3.53,202.59,"45,074.54"
1427,08/12/2020,FPT,"55,700","55,700","56,200","56,600","55,500","55,939",500,0.90,2.30,128.50,0.13,6.82,2.42,135.32,"44,055.47"
1428,07/12/2020,FPT,"55,700","55,900","55,700","56,000","55,500","55,738",0,0.00,1.46,81.11,0.10,5.96,1.56,87.07,"43,663.51"
1429,04/12/2020,FPT,"55,600","55,400","55,700","55,900","55,400","55,575",100,0.18,1.38,76.75,0.14,7.83,1.52,84.57,"43,663.51"
1430,03/12/2020,FPT,"55,600","55,500","55,600","55,700","55,100","55,444",0,0.00,1.63,90.26,0.00,0.00,1.63,90.26,"43,585.12"
1431,02/12/2020,FPT,"55,200","55,000","55,600","55,700","55,000","55,370",400,0.72,2.11,116.73,0.05,2.47,2.16,119.20,"43,585.12"
1432,01/12/2020,FPT,"55,400","55,000","55,200","55,400","54,800","55,153",-200,-0.36,3.43,189.03,0.00,0.00,3.43,189.03,"43,271.56"
1433,30/11/2020,FPT,"56,200","56,700","55,400","56,700","55,400","56,211",-800,-1.42,2.76,155.24,0.13,7.96,2.90,163.20,"43,428.34"
1434,27/11/2020,FPT,"55,700","55,900","56,200","56,200","55,600","55,966",500,0.90,1.99,111.17,5.60,332.93,7.58,444.10,"44,055.47"
1435,26/11/2020,FPT,"55,200","55,500","55,700","56,000","54,800","55,460",500,0.91,1.64,90.69,0.25,14.62,1.88,105.31,"43,663.51"
1436,25/11/2020,FPT,"55,600","56,300","55,200","56,300","55,200","55,773",-400,-0.72,1.84,102.38,0.07,3.86,1.90,106.24,"43,271.56"
1437,24/11/2020,FPT,"55,900","55,900","55,600","56,500","55,000","55,736",-300,-0.54,3.00,167.43,0.08,4.40,3.08,171.83,"43,585.12"
1438,23/11/2020,FPT,"55,200","55,200","55,900","56,200","54,600","55,432",700,1.27,2.82,156.58,2.30,135.68,5.12,292.25,"43,820.30"
1439,20/11/2020,FPT,"55,100","55,100","55,200","55,900","55,000","55,354",100,0.18,1.84,101.71,0.02,1.12,1.86,102.82,"43,271.56"
1440,19/11/2020,FPT,"54,000","54,300","55,100","56,000","54,000","55,037","1,100",2.04,4.98,274.11,0.02,1.09,5.00,275.20,"43,193.17"
1441,18/11/2020,FPT,"54,000","54,300","54,000","54,300","53,700","53,953",0,0.00,1.76,94.80,0.00,0.00,1.76,94.80,"42,330.88"
1442,17/11/2020,FPT,"53,300","53,600","54,000","54,100","53,000","53,588",700,1.31,2.52,134.80,0.00,0.00,2.52,134.80,"42,330.88"
1443,16/11/2020,FPT,"53,800","54,000","53,300","54,400","53,000","53,817",-500,-0.93,3.71,199.86,0.04,2.34,3.75,202.20,"41,782.14"
1444,13/11/2020,FPT,"53,500","53,800","53,800","53,800","53,500","53,662",300,0.56,1.32,70.74,0.00,0.00,1.32,70.74,"42,174.09"
1445,12/11/2020,FPT,"53,000","53,000","53,500","53,500","52,900","53,142",500,0.94,1.23,65.61,0.02,1.07,1.25,66.68,"41,938.92"
1446,11/11/2020,FPT,"53,000","53,400","53,000","53,400","52,700","52,984",0,0.00,1.67,88.39,0.00,0.00,1.67,88.39,"41,546.97"
1447,10/11/2020,FPT,"53,400","54,000","53,000","54,000","53,000","53,610",-400,-0.75,1.74,93.25,0.54,30.97,2.28,124.21,"41,546.97"
1448,09/11/2020,FPT,"52,400","52,800","53,400","53,400","52,700","53,129","1,000",1.91,2.01,106.88,0.07,3.42,2.08,110.29,"41,860.53"
1449,06/11/2020,FPT,"52,000","52,400","52,400","52,800","52,100","52,422",400,0.77,0.99,51.75,0.00,0.00,0.99,51.75,"41,076.63"
1450,05/11/2020,FPT,"53,000","52,700","52,000","53,400","52,000","52,849","-1,000",-1.89,1.31,69.01,0.31,16.63,1.62,85.64,"40,763.07"
1451,04/11/2020,FPT,"52,800","53,000","53,000","53,300","52,500","52,989",200,0.38,1.37,72.58,0.20,10.30,1.57,82.88,"41,546.97"
1452,03/11/2020,FPT,"51,700","51,900","52,800","52,900","51,700","52,222","1,100",2.13,2.56,133.84,0.00,0.00,2.56,133.84,"41,390.19"
1453,02/11/2020,FPT,"51,500","51,500","51,700","51,700","51,200","51,459",200,0.39,0.87,44.57,0.00,0.00,0.87,44.57,"40,527.89"
1454,30/10/2020,FPT,"50,900","51,400","51,500","51,500","50,500","51,073",600,1.18,1.47,75.08,0.00,0.00,1.47,75.08,"40,371.11"
1455,29/10/2020,FPT,"50,700","50,400","50,900","51,300","50,200","50,614",200,0.39,2.72,137.66,0.00,0.00,2.72,137.66,"39,900.77"
1456,28/10/2020,FPT,"52,100","52,000","50,700","52,400","50,700","51,553","-1,400",-2.69,3.60,185.40,0.00,0.00,3.60,185.40,"39,743.99"
1457,27/10/2020,FPT,"52,800","52,900","52,100","53,200","52,100","52,685",-700,-1.33,3.19,168.00,1.31,64.39,4.50,232.39,"40,841.46"
1458,26/10/2020,FPT,"53,900","53,900","52,800","54,500","52,800","53,826","-1,100",-2.04,3.85,207.37,0.00,0.00,3.85,207.37,"41,390.19"
1459,23/10/2020,FPT,"54,000","54,200","53,900","54,500","53,500","54,010",-100,-0.19,2.65,142.93,0.00,0.00,2.65,142.93,"42,252.49"
1460,22/10/2020,FPT,"52,800","52,800","54,000","54,000","52,600","53,251","1,200",2.27,2.35,124.96,0.04,2.11,2.39,127.06,"42,330.88"
1461,21/10/2020,FPT,"53,200","53,200","52,800","54,500","52,800","53,607",-400,-0.75,3.31,177.17,0.00,0.00,3.31,177.17,"41,390.19"
1462,20/10/2020,FPT,"53,300","53,100","53,200","53,300","52,500","52,907",-100,-0.19,1.89,99.79,1.38,78.61,3.27,178.40,"41,703.75"
1463,19/10/2020,FPT,"53,200","53,600","53,300","53,800","53,000","53,336",100,0.19,2.33,124.47,2.28,129.37,4.61,253.84,"41,782.14"
1464,16/10/2020,FPT,"51,200","51,200","53,200","53,900","50,900","52,818","2,000",3.91,5.77,304.74,0.00,0.00,5.77,304.74,"41,703.75"
1465,15/10/2020,FPT,"51,000","51,200","51,200","51,400","50,700","51,029",200,0.39,1.93,98.25,0.24,12.95,2.16,111.19,"40,135.94"
1466,14/10/2020,FPT,"50,700","50,800","51,000","51,400","50,400","50,962",300,0.59,2.41,122.81,0.00,0.00,2.41,122.81,"39,979.16"
1467,13/10/2020,FPT,"50,900","50,900","50,700","51,000","50,500","50,699",-200,-0.39,1.22,61.96,0.04,2.26,1.26,64.22,"39,743.99"
1468,12/10/2020,FPT,"50,800","50,900","50,900","51,400","50,600","50,983",100,0.20,1.55,79.06,0.00,0.00,1.55,79.06,"39,900.77"
1469,09/10/2020,FPT,"51,100","51,000","50,800","51,200","50,800","50,960",-300,-0.59,1.17,59.80,0.00,0.00,1.17,59.80,"39,822.38"
1470,08/10/2020,FPT,"50,400","50,500","51,100","51,500","50,300","50,975",700,1.39,3.06,156.12,0.04,2.29,3.11,158.41,"40,057.55"
1471,07/10/2020,FPT,"50,500","50,200","50,400","50,700","50,200","50,454",-100,-0.20,1.49,75.36,0.00,0.00,1.49,75.36,"39,508.82"
1472,06/10/2020,FPT,"50,500","50,800","50,500","50,900","50,300","50,601",0,0.00,1.52,76.93,0.00,0.00,1.52,76.93,"39,587.21"
1473,05/10/2020,FPT,"50,300","50,400","50,500","50,800","49,900","50,220",200,0.40,1.50,75.25,0.00,0.00,1.50,75.25,"39,587.21"
1474,02/10/2020,FPT,"50,800","50,800","50,300","51,100","49,000","50,271",-500,-0.98,1.95,97.92,0.00,0.00,1.95,97.92,"39,430.43"
1475,01/10/2020,FPT,"50,000","50,200","50,800","50,800","50,200","50,534",800,1.60,0.91,45.76,0.00,0.00,0.91,45.76,"39,822.38"
1476,30/09/2020,FPT,"50,200","50,200","50,000","50,400","49,750","49,997",-200,-0.40,2.50,125.01,0.00,0.00,2.50,125.01,"39,195.26"
1477,29/09/2020,FPT,"51,100","51,400","50,200","51,400","50,200","50,740",-900,-1.76,1.90,96.43,0.00,0.00,1.90,96.43,"39,352.04"
1478,28/09/2020,FPT,"50,800","50,900","51,100","51,300","50,600","50,915",300,0.59,1.31,66.82,0.00,0.00,1.31,66.82,"40,057.55"
1479,25/09/2020,FPT,"50,500","50,700","50,800","50,800","50,000","50,458",300,0.59,1.21,60.83,0.59,30.53,1.80,91.36,"39,822.38"
1480,24/09/2020,FPT,"51,100","50,700","50,500","51,000","50,200","50,646",-600,-1.17,1.73,87.54,0.02,1.09,1.75,88.63,"39,587.21"
1481,23/09/2020,FPT,"51,300","51,300","51,100","51,500","50,800","51,156",-200,-0.39,1.80,91.96,0.00,0.00,1.80,91.96,"40,057.55"
1482,22/09/2020,FPT,"51,200","50,800","51,300","51,300","50,600","50,990",100,0.20,1.63,83.14,0.04,2.17,1.67,85.31,"40,214.33"
1483,21/09/2020,FPT,"51,200","51,300","51,200","51,700","51,200","51,432",0,0.00,1.53,78.70,0.00,0.00,1.53,78.70,"40,135.94"
1484,18/09/2020,FPT,"50,000","50,100","51,200","51,400","50,000","50,975","1,200",2.40,3.31,168.56,0.03,1.53,3.34,170.09,"40,135.94"
1485,17/09/2020,FPT,"50,500","50,300","50,000","50,500","49,900","50,098",-500,-0.99,1.56,78.30,0.02,1.08,1.58,79.38,"39,195.26"
1486,16/09/2020,FPT,"50,000","50,000","50,500","50,800","50,000","50,482",500,1.00,1.92,96.83,0.00,0.00,1.92,96.83,"39,587.21"
1487,15/09/2020,FPT,"49,300","49,500","50,000","50,000","49,300","49,826",700,1.42,1.91,95.01,0.00,0.00,1.91,95.01,"39,195.26"
1488,14/09/2020,FPT,"49,150","49,250","49,300","49,500","49,100","49,283",150,0.31,1.13,55.56,0.00,0.00,1.13,55.56,"38,646.52"
1489,11/09/2020,FPT,"49,200","49,000","49,150","49,200","48,850","49,014",-50,-0.10,0.87,42.75,0.00,0.00,0.87,42.75,"38,528.94"
1490,10/09/2020,FPT,"49,200","49,500","49,200","49,800","49,100","49,362",0,0.00,1.01,49.66,0.00,0.00,1.01,49.66,"38,568.13"
1491,09/09/2020,FPT,"49,500","48,650","49,200","49,500","48,600","48,956",-300,-0.61,1.49,72.99,0.00,0.00,1.49,72.99,"38,568.13"
1492,08/09/2020,FPT,"48,500","48,750","49,500","49,500","48,500","48,857","1,000",2.06,1.63,79.58,0.13,6.10,1.76,85.68,"38,803.30"
1493,07/09/2020,FPT,"50,000","49,950","48,500","50,000","48,500","49,271","-1,500",-3.00,2.27,111.89,2.35,109.30,4.62,221.19,"38,019.40"
1494,04/09/2020,FPT,"50,400","49,500","50,000","50,000","49,500","49,751",-400,-0.79,1.54,76.54,0.00,0.00,1.54,76.54,"39,195.26"
1495,03/09/2020,FPT,"49,900","50,400","50,400","50,500","49,900","50,212",500,1.00,2.28,114.56,0.03,1.38,2.31,115.94,"39,508.82"
1496,01/09/2020,FPT,"49,500","49,500","49,900","50,500","49,350","49,812",400,0.81,1.76,87.54,0.09,4.65,1.85,92.19,"39,116.86"
1497,31/08/2020,FPT,"49,900","49,900","49,500","50,300","49,350","49,715",-400,-0.80,1.94,96.48,0.00,0.00,1.94,96.48,"38,803.30"
1498,28/08/2020,FPT,"49,850","50,200","49,900","51,100","49,900","50,582",50,0.10,4.01,202.80,0.42,22.54,4.43,225.34,"39,116.86"
1499,27/08/2020,FPT,"48,400","48,250","49,850","50,100","48,250","49,090","1,450",3.00,3.72,182.86,0.00,0.00,3.72,182.86,"39,077.67"
1500,26/08/2020,FPT,"48,850","48,800","48,400","48,850","48,200","48,526",-450,-0.92,1.33,64.49,0.13,7.02,1.46,71.51,"37,941.01"
1501,25/08/2020,FPT,"48,450","48,600","48,850","48,950","48,550","48,793",400,0.83,3.30,161.25,0.60,29.40,3.90,190.65,"38,293.76"
1502,24/08/2020,FPT,"47,400","47,950","48,450","48,600","47,850","48,247","1,050",2.22,3.54,170.80,0.00,0.00,3.54,170.80,"37,980.20"
1503,21/08/2020,FPT,"47,050","47,250","47,400","47,500","47,200","47,379",350,0.74,1.26,59.71,0.00,0.00,1.26,59.71,"37,157.10"
1504,20/08/2020,FPT,"46,850","46,900","47,050","47,450","46,850","47,123",200,0.43,1.82,85.97,0.60,29.22,2.42,115.19,"36,882.74"
1505,19/08/2020,FPT,"46,850","46,900","46,850","47,050","46,650","46,897",0,0.00,0.88,41.14,0.00,0.00,0.88,41.14,"36,725.95"
1506,18/08/2020,FPT,"47,000","47,000","46,850","47,150","46,800","46,975",-150,-0.32,0.63,29.37,0.00,0.00,0.63,29.37,"36,725.95"
1507,17/08/2020,FPT,"46,800","46,900","47,000","47,000","46,500","46,803",200,0.43,1.05,49.09,0.00,0.00,1.05,49.09,"36,843.54"
1508,14/08/2020,FPT,"47,950","48,100","47,800","48,200","47,450","47,946",-150,-0.31,1.63,78.33,0.00,0.00,1.63,78.33,"37,470.66"
1509,13/08/2020,FPT,"47,500","47,700","47,950","47,950","47,500","47,826",450,0.95,1.71,81.74,0.00,0.00,1.71,81.74,"37,588.25"
1510,12/08/2020,FPT,"47,000","47,100","47,500","47,500","46,900","47,168",500,1.06,1.23,58.17,0.00,0.00,1.23,58.17,"37,235.49"
1511,11/08/2020,FPT,"47,200","47,450","47,000","47,450","47,000","47,083",-200,-0.42,1.21,56.96,0.00,0.00,1.21,56.96,"36,843.54"
1512,10/08/2020,FPT,"47,100","47,350","47,200","47,800","47,100","47,381",100,0.21,1.16,54.98,0.00,0.00,1.16,54.98,"37,000.32"
1513,07/08/2020,FPT,"46,800","46,800","47,100","47,800","46,800","47,243",300,0.64,1.28,60.65,0.00,0.00,1.28,60.65,"36,921.93"
1514,06/08/2020,FPT,"47,000","47,000","46,800","47,250","46,700","46,974",-200,-0.43,1.15,54.19,0.00,0.00,1.15,54.19,"36,686.76"
1515,05/08/2020,FPT,"46,550","46,500","47,000","47,150","46,250","46,915",450,0.97,1.33,62.33,0.67,31.06,2.00,93.39,"36,843.54"
1516,04/08/2020,FPT,"45,900","46,500","46,550","46,800","46,200","46,533",650,1.42,1.05,48.92,0.00,0.00,1.05,48.92,"36,490.78"
1517,03/08/2020,FPT,"44,500","44,500","45,900","45,900","44,500","45,409","1,400",3.15,1.39,63.22,0.26,12.01,1.65,75.22,"35,981.24"
1518,31/07/2020,FPT,"45,150","44,000","44,500","45,200","44,000","44,749",-650,-1.44,1.11,49.50,0.00,0.00,1.11,49.50,"34,883.78"
1519,30/07/2020,FPT,"44,550","44,600","45,150","45,150","44,600","44,958",600,1.35,0.61,27.53,0.08,3.90,0.69,31.42,"35,393.32"
1520,29/07/2020,FPT,"45,700","44,400","44,550","44,900","43,800","44,182","-1,150",-2.52,1.55,68.67,0.26,12.66,1.82,81.33,"34,922.97"
1521,28/07/2020,FPT,"43,700","44,400","45,700","45,800","44,150","44,745","2,000",4.58,1.95,87.41,0.05,2.30,2.00,89.71,"35,824.46"
1522,27/07/2020,FPT,"45,900","45,000","43,700","45,900","43,600","44,642","-2,200",-4.79,3.27,146.18,0.00,0.00,3.27,146.18,"34,256.65"
1523,24/07/2020,FPT,"47,750","47,400","45,900","47,550","45,400","46,373","-1,850",-3.87,3.17,147.03,0.00,0.00,3.17,147.03,"35,981.24"
1524,23/07/2020,FPT,"47,400","47,400","47,750","47,750","47,100","47,401",350,0.74,0.92,43.54,0.02,0.95,0.94,44.49,"37,431.47"
1525,22/07/2020,FPT,"47,800","48,000","47,400","48,000","47,300","47,558",-400,-0.84,0.82,38.90,0.00,0.00,0.82,38.90,"37,157.10"
1526,21/07/2020,FPT,"47,400","47,500","47,800","47,950","47,250","47,576",400,0.84,0.94,44.73,0.00,0.00,0.94,44.73,"37,470.66"
1527,20/07/2020,FPT,"48,100","48,100","47,400","48,200","47,350","47,683",-700,-1.46,2.05,97.74,0.00,0.00,2.05,97.74,"37,157.10"
1528,17/07/2020,FPT,"48,600","48,500","48,100","48,500","48,100","48,309",-500,-1.03,1.31,63.44,0.00,0.00,1.31,63.44,"37,705.84"
1529,16/07/2020,FPT,"48,600","48,550","48,600","48,750","48,400","48,582",0,0.00,1.06,51.52,0.00,0.00,1.06,51.52,"38,097.79"
1530,15/07/2020,FPT,"48,550","48,700","48,600","48,950","48,400","48,723",50,0.10,1.52,73.89,0.00,0.00,1.52,73.89,"38,097.79"
1531,14/07/2020,FPT,"48,650","48,300","48,550","48,850","48,300","48,532",-100,-0.21,1.55,75.20,0.83,41.71,2.38,116.91,"38,058.59"
1532,13/07/2020,FPT,"47,800","48,000","48,650","48,950","47,750","48,406",850,1.78,2.66,128.88,1.37,69.73,4.03,198.61,"38,136.98"
1533,10/07/2020,FPT,"48,350","48,100","47,800","48,250","47,500","47,943",-550,-1.14,1.16,55.82,4.31,222.71,5.47,278.53,"37,470.66"
1534,09/07/2020,FPT,"47,700","47,900","48,350","48,400","47,800","48,163",650,1.36,2.30,110.72,0.80,40.08,3.10,150.80,"37,901.81"
1535,08/07/2020,FPT,"47,450","47,300","47,700","47,900","47,300","47,677",250,0.53,1.47,70.21,0.04,1.77,1.51,71.98,"37,392.27"
1536,07/07/2020,FPT,"46,800","47,000","47,450","47,900","47,000","47,487",650,1.39,2.74,130.07,0.04,2.04,2.78,132.11,"37,196.30"
1537,06/07/2020,FPT,"46,250","46,500","46,800","46,950","46,300","46,571",550,1.19,1.09,50.76,1.09,53.18,2.18,103.93,"36,686.76"
1538,03/07/2020,FPT,"46,150","46,500","46,250","46,500","46,100","46,253",100,0.22,0.53,24.50,0.15,6.79,0.68,31.29,"36,255.61"
1539,02/07/2020,FPT,"46,200","46,300","46,150","46,300","45,950","46,068",-50,-0.11,0.54,24.84,0.00,0.00,0.54,24.84,"36,177.22"
1540,01/07/2020,FPT,"45,650","46,000","46,200","46,300","45,800","45,982",550,1.20,0.87,39.85,8.12,372.24,8.98,412.10,"36,216.42"
1541,30/06/2020,FPT,"46,050","46,150","45,650","46,400","45,400","45,896",-400,-0.87,1.59,73.17,0.00,0.00,1.59,73.17,"35,785.27"
1542,29/06/2020,FPT,"46,850","46,600","46,050","46,600","45,850","46,084",-800,-1.71,1.28,59.04,0.00,0.00,1.28,59.04,"36,098.83"
1543,26/06/2020,FPT,"46,800","46,800","46,850","47,150","46,700","46,913",50,0.11,0.60,28.28,0.00,0.00,0.60,28.28,"36,725.95"
1544,25/06/2020,FPT,"47,200","46,650","46,800","47,100","46,600","46,907",-400,-0.85,0.73,34.28,0.00,0.00,0.73,34.28,"36,686.76"
1545,24/06/2020,FPT,"47,550","47,900","47,200","47,950","47,050","47,446",-350,-0.74,0.61,28.80,0.00,0.00,0.61,28.80,"37,000.32"
1546,23/06/2020,FPT,"47,000","46,950","47,550","48,400","46,750","47,500",550,1.17,1.69,80.45,0.36,16.66,2.05,97.11,"37,274.69"
1547,22/06/2020,FPT,"47,000","47,000","47,000","47,000","46,850","46,940",0,0.00,0.79,36.95,0.15,6.90,0.93,43.85,"36,843.54"
1548,19/06/2020,FPT,"46,600","46,600","47,000","47,000","46,600","46,890",400,0.86,0.75,34.96,0.41,19.12,1.15,54.07,"36,843.54"
1549,18/06/2020,FPT,"46,350","46,300","46,600","46,700","46,150","46,497",250,0.54,0.82,38.27,0.00,0.00,0.82,38.27,"36,529.98"
1550,17/06/2020,FPT,"46,600","46,700","46,350","46,750","46,250","46,458",-250,-0.54,0.79,36.64,0.40,18.54,1.19,55.18,"36,334.00"
1551,16/06/2020,FPT,"46,000","46,600","46,600","46,800","46,300","46,526",600,1.30,1.10,51.21,0.06,3.03,1.16,54.24,"36,529.98"
1552,15/06/2020,FPT,"47,000","48,000","46,000","48,000","45,900","46,467","-1,000",-2.13,1.21,56.11,0.02,1.00,1.23,57.11,"36,059.64"
1553,12/06/2020,FPT,"46,000","45,000","47,000","47,000","45,000","46,074","1,000",2.17,3.15,144.92,0.03,1.48,3.18,146.40,"36,843.54"
1554,11/06/2020,FPT,"48,800","48,800","46,000","48,800","46,000","47,635","-2,800",-5.74,4.28,203.79,0.35,16.87,4.63,220.66,"36,059.64"
1555,10/06/2020,FPT,"48,950","49,000","48,800","49,000","48,400","48,680",-150,-0.31,1.31,63.65,0.03,1.44,1.34,65.09,"38,254.57"
1556,09/06/2020,FPT,"49,350","49,600","48,950","49,650","48,900","49,339",-400,-0.81,1.49,73.59,0.04,2.21,1.53,75.80,"38,372.16"
1557,08/06/2020,FPT,"48,700","49,000","49,350","50,000","49,000","49,623",650,1.33,4.11,204.11,0.10,5.10,4.22,209.21,"38,685.72"
1558,05/06/2020,FPT,"48,400","48,400","48,700","48,700","48,150","48,542",300,0.62,1.24,60.01,0.45,23.48,1.69,83.49,"38,176.18"
1559,04/06/2020,FPT,"48,650","48,900","48,400","48,900","48,400","48,711",-250,-0.51,1.26,61.38,0.07,3.48,1.33,64.86,"37,941.01"
1560,03/06/2020,FPT,"48,000","48,000","48,650","48,950","47,900","48,390",650,1.35,1.89,91.61,0.06,2.96,1.95,94.57,"38,136.98"
1561,02/06/2020,FPT,"48,300","48,300","48,000","48,500","48,000","48,119",-300,-0.62,1.46,70.10,0.07,3.41,1.53,73.50,"37,627.45"
1562,01/06/2020,FPT,"47,950","48,000","48,300","48,350","48,000","48,186",350,0.73,1.30,62.55,0.32,16.54,1.62,79.09,"37,862.62"
1563,29/05/2020,FPT,"48,000","48,000","47,950","48,100","47,500","47,865",-50,-0.10,1.35,64.44,0.02,1.12,1.37,65.56,"37,588.25"
1564,28/05/2020,FPT,"48,000","48,200","48,000","48,600","48,000","48,226",0,0.00,1.19,57.60,0.02,1.12,1.22,58.72,"37,627.45"
1565,27/05/2020,FPT,"48,800","48,900","48,000","49,400","48,000","48,886",-800,-1.64,2.10,102.59,0.02,1.14,2.12,103.73,"37,627.45"
1566,26/05/2020,FPT,"48,450","48,500","48,800","48,800","48,350","48,566",350,0.72,1.62,78.47,0.02,1.13,1.64,79.60,"38,254.57"
1567,25/05/2020,FPT,"48,450","48,500","48,450","48,600","47,800","48,179",0,0.00,2.03,97.95,0.08,4.14,2.11,102.09,"37,980.20"
1568,22/05/2020,FPT,"49,300","49,000","48,450","49,000","48,450","48,742",-850,-1.72,1.73,84.41,0.00,0.00,1.73,84.41,"37,980.20"
1569,21/05/2020,FPT,"48,900","48,900","49,300","49,300","48,850","49,071",400,0.82,2.01,98.49,0.00,0.00,2.01,98.49,"38,646.52"
1570,20/05/2020,FPT,"49,250","49,000","48,900","49,000","48,550","48,879",-350,-0.71,1.25,60.87,0.00,0.00,1.25,60.87,"33,333.57"
1571,19/05/2020,FPT,"48,350","49,200","49,250","49,700","48,600","49,257",900,1.86,2.88,141.81,0.12,6.00,3.00,147.81,"33,572.15"
1572,18/05/2020,FPT,"48,000","47,500","48,350","48,350","47,400","47,851",350,0.73,2.00,95.75,0.02,1.03,2.02,96.77,"32,958.65"
1573,15/05/2020,FPT,"48,700","48,300","48,000","48,900","47,750","48,138",-700,-1.44,2.43,117.02,0.00,0.00,2.43,117.02,"32,720.07"
1574,14/05/2020,FPT,"49,350","48,950","48,700","49,100","48,500","48,706",-650,-1.32,2.60,126.51,1.14,58.53,3.74,185.04,"33,197.24"
1575,13/05/2020,FPT,"46,450","47,500","49,350","49,550","47,400","48,557","2,900",6.24,6.85,332.80,0.06,2.73,6.91,335.53,"33,640.32"
1576,12/05/2020,FPT,"54,000","54,000","54,400","54,400","53,600","53,992",400,0.74,2.83,152.70,0.02,1.15,2.85,153.85,"37,082.74"
1577,11/05/2020,FPT,"53,700","54,000","54,000","54,400","53,300","53,946",300,0.56,2.12,114.33,0.06,3.44,2.18,117.78,"36,810.08"
1578,08/05/2020,FPT,"53,500","53,600","53,700","55,100","53,600","54,333",200,0.37,3.59,194.80,0.04,2.28,3.63,197.08,"36,605.58"
1579,07/05/2020,FPT,"52,900","53,000","53,500","53,500","52,400","52,874",600,1.13,2.03,107.37,0.06,3.40,2.09,110.77,"36,469.24"
1580,06/05/2020,FPT,"50,900","51,000","52,900","53,100","51,000","52,386","2,000",3.93,3.47,181.79,0.80,43.43,4.27,225.22,"36,060.24"
1581,05/05/2020,FPT,"50,500","50,800","50,900","51,000","50,400","50,703",400,0.79,0.68,34.38,0.00,0.00,0.68,34.38,"34,696.91"
1582,04/05/2020,FPT,"50,800","50,200","50,500","50,900","49,800","50,444",-300,-0.59,0.90,45.17,0.15,7.56,1.04,52.73,"34,424.24"
1583,29/04/2020,FPT,"50,700","50,800","50,800","51,400","50,500","51,024",100,0.20,1.35,68.84,0.00,0.00,1.35,68.84,"34,628.74"
1584,28/04/2020,FPT,"50,700","50,700","50,700","50,800","50,200","50,479",0,0.00,0.97,49.18,0.23,12.20,1.20,61.38,"34,560.57"
1585,27/04/2020,FPT,"51,000","51,500","50,700","51,500","50,500","50,848",-300,-0.59,1.42,72.19,0.05,2.73,1.47,74.92,"34,560.57"
1586,24/04/2020,FPT,"51,000","50,900","51,000","51,200","50,100","50,627",0,0.00,1.41,71.45,0.02,1.09,1.43,72.54,"34,765.07"
1587,23/04/2020,FPT,"51,100","52,100","51,000","52,200","51,000","51,406",-100,-0.20,1.36,70.09,0.03,1.47,1.39,71.56,"34,765.07"
1588,22/04/2020,FPT,"49,300","48,800","51,100","51,200","48,700","50,020","1,800",3.65,2.45,122.34,1.81,94.89,4.25,217.23,"34,833.24"
1589,21/04/2020,FPT,"51,300","50,500","49,300","50,900","48,900","49,932","-2,000",-3.90,3.74,186.60,0.12,6.69,3.86,193.28,"33,606.24"
1590,20/04/2020,FPT,"51,200","51,900","51,300","52,000","50,700","51,452",100,0.20,2.24,115.24,0.00,0.00,2.24,115.24,"34,969.57"
1591,17/04/2020,FPT,"50,300","51,200","51,200","51,300","50,200","50,875",900,1.79,2.63,133.88,0.05,2.51,2.68,136.39,"34,901.41"
1592,16/04/2020,FPT,"50,100","49,700","50,300","50,800","49,300","50,043",200,0.40,1.51,75.49,0.02,1.07,1.53,76.56,"34,287.91"
1593,15/04/2020,FPT,"49,500","50,500","50,100","50,800","49,850","50,179",600,1.21,2.21,110.65,0.00,0.00,2.21,110.65,"34,151.57"
1594,14/04/2020,FPT,"46,500","47,600","49,500","49,500","47,000","48,225","3,000",6.45,4.07,196.38,0.06,2.91,4.13,199.28,"33,742.57"
1595,13/04/2020,FPT,"46,400","46,400","46,500","47,000","46,100","46,627",100,0.22,1.26,58.53,3.11,145.43,4.36,203.97,"31,697.57"
1596,10/04/2020,FPT,"46,850","46,600","46,400","47,000","45,900","46,441",-450,-0.96,1.88,87.40,1.54,67.89,3.42,155.29,"31,629.40"
1597,09/04/2020,FPT,"46,850","47,000","46,850","47,600","46,500","47,257",0,0.00,2.14,101.24,0.02,1.00,2.16,102.25,"31,936.15"
1598,08/04/2020,FPT,"47,300","46,100","46,850","47,050","45,750","46,344",-450,-0.95,1.58,73.07,0.08,4.13,1.66,77.20,"31,936.15"
1599,07/04/2020,FPT,"47,500","47,500","47,300","47,700","46,500","47,148",-200,-0.42,2.46,116.16,0.02,1.02,2.48,117.18,"32,242.90"
1600,06/04/2020,FPT,"44,600","46,000","47,500","47,500","45,500","46,591","2,900",6.50,2.72,126.68,0.19,9.00,2.91,135.68,"32,379.23"
1601,03/04/2020,FPT,"42,300","43,000","44,600","44,650","42,700","43,969","2,300",5.44,2.07,91.10,0.60,27.02,2.67,118.13,"30,402.40"
1602,01/04/2020,FPT,"41,100","40,800","42,300","43,200","40,800","42,319","1,200",2.92,1.45,61.49,0.06,2.28,1.51,63.77,"28,691.09"
1603,31/03/2020,FPT,"40,400","41,500","41,100","42,400","40,100","41,363",700,1.73,1.66,68.79,0.77,31.34,2.44,100.12,"27,877.16"
1604,30/03/2020,FPT,"43,100","40,500","40,400","41,100","40,100","40,472","-2,700",-6.26,2.16,87.33,2.61,120.17,4.76,207.49,"27,402.36"
1605,27/03/2020,FPT,"44,200","44,400","43,100","44,400","42,900","43,699","-1,100",-2.49,2.63,115.09,0.02,0.94,2.65,116.04,"29,233.71"
1606,26/03/2020,FPT,"46,000","45,500","44,200","45,850","44,200","44,937","-1,800",-3.91,2.36,105.98,0.18,8.75,2.54,114.73,"29,979.81"
1607,25/03/2020,FPT,"44,500","46,000","46,000","46,400","45,150","45,705","1,500",3.37,2.13,97.43,0.10,4.76,2.23,102.19,"31,200.71"
1608,24/03/2020,FPT,"44,400","45,000","44,500","45,000","43,500","44,492",100,0.23,2.19,97.50,1.36,64.54,3.55,162.04,"30,183.30"
1609,23/03/2020,FPT,"47,700","46,100","44,400","46,900","44,400","44,934","-3,300",-6.92,2.83,127.01,1.39,70.90,4.22,197.91,"30,115.47"
1610,20/03/2020,FPT,"47,700","48,200","47,700","48,250","47,350","47,716",0,0.00,1.29,61.62,0.28,14.03,1.57,75.65,"32,353.78"
1611,19/03/2020,FPT,"48,400","47,600","47,700","48,100","47,600","47,879",-700,-1.45,1.30,62.08,0.92,47.56,2.22,109.64,"32,353.78"
1612,18/03/2020,FPT,"48,500","49,000","48,400","49,100","48,350","48,682",-100,-0.21,1.64,79.97,0.37,19.00,2.01,98.97,"32,828.57"
1613,17/03/2020,FPT,"47,600","47,000","48,500","48,500","46,500","47,822",900,1.89,2.47,118.34,0.32,16.20,2.79,134.55,"32,896.40"
1614,16/03/2020,FPT,"48,150","48,150","47,600","49,700","47,500","48,470",-550,-1.14,1.90,92.04,0.19,9.80,2.09,101.84,"32,285.95"
1615,13/03/2020,FPT,"48,100","45,300","48,150","50,000","45,200","46,929",50,0.10,2.92,136.99,0.38,19.59,3.30,156.58,"32,659.00"
1616,12/03/2020,FPT,"50,800","48,600","48,100","49,300","47,300","48,410","-2,700",-5.31,3.98,192.75,0.40,21.65,4.38,214.40,"32,625.09"
1617,11/03/2020,FPT,"51,700","52,000","50,800","52,500","49,500","50,796",-900,-1.74,2.75,139.86,0.14,7.71,2.90,147.57,"34,456.44"
1618,10/03/2020,FPT,"50,300","51,000","51,700","52,000","50,300","51,371","1,400",2.78,2.03,104.30,0.03,1.67,2.06,105.97,"35,066.89"
1619,09/03/2020,FPT,"54,000","51,200","50,300","52,000","50,300","50,902","-3,700",-6.85,4.74,241.03,1.16,66.95,5.90,307.98,"34,117.30"
1620,06/03/2020,FPT,"54,600","54,200","54,000","54,300","53,500","54,003",-600,-1.10,1.31,70.47,0.18,10.00,1.48,80.48,"36,626.92"
1621,05/03/2020,FPT,"55,500","55,500","54,600","55,900","54,600","55,101",-900,-1.62,1.30,71.44,0.00,0.00,1.30,71.44,"37,033.89"
1622,04/03/2020,FPT,"55,900","55,500","55,500","55,500","54,900","55,129",-400,-0.72,1.66,91.56,0.15,9.09,1.81,100.65,"37,644.34"
1623,03/03/2020,FPT,"55,700","56,200","55,900","57,000","55,700","56,182",200,0.36,1.19,67.07,0.29,17.09,1.49,84.16,"37,915.65"
1624,02/03/2020,FPT,"55,100","55,100","55,700","56,200","54,800","55,497",600,1.09,1.79,99.18,0.06,3.71,1.85,102.89,"37,779.99"
1625,28/02/2020,FPT,"56,000","55,000","55,100","55,700","54,600","54,992",-900,-1.61,2.13,117.25,0.33,19.44,2.46,136.69,"37,373.02"
1626,27/02/2020,FPT,"55,000","55,000","56,000","56,500","54,600","55,688","1,000",1.82,2.93,163.00,0.22,12.90,3.15,175.90,"37,983.47"
1627,26/02/2020,FPT,"54,000","53,400","55,000","55,200","53,000","54,611","1,000",1.85,3.22,175.92,0.02,1.14,3.24,177.06,"37,305.20"
1628,25/02/2020,FPT,"52,500","52,100","54,000","54,000","52,000","52,793","1,500",2.86,1.41,74.32,0.00,0.00,1.41,74.32,"36,626.92"
1629,24/02/2020,FPT,"54,700","53,100","52,500","53,900","52,500","53,106","-2,200",-4.02,2.26,120.13,0.02,1.08,2.28,121.20,"35,609.51"
1630,21/02/2020,FPT,"55,800","55,900","54,700","55,900","54,700","55,250","-1,100",-1.97,1.46,80.56,0.00,0.00,1.46,80.56,"37,101.71"
1631,20/02/2020,FPT,"55,700","56,100","55,800","56,400","55,500","55,795",100,0.18,0.78,43.57,0.00,0.00,0.78,43.57,"37,847.82"
1632,19/02/2020,FPT,"56,000","55,900","55,700","56,200","55,500","55,900",-300,-0.54,0.68,38.08,0.08,4.55,0.76,42.63,"37,779.99"
1633,18/02/2020,FPT,"54,200","54,400","56,000","56,000","54,300","55,227","1,800",3.32,1.76,97.25,0.05,2.90,1.81,100.15,"37,983.47"
1634,17/02/2020,FPT,"54,500","54,600","54,200","54,600","54,000","54,244",-300,-0.55,0.73,39.40,0.27,15.74,1.00,55.14,"36,762.58"
1635,14/02/2020,FPT,"54,300","54,100","54,500","54,500","54,000","54,245",200,0.37,0.88,47.97,0.05,2.73,0.93,50.70,"36,966.06"
1636,13/02/2020,FPT,"54,100","54,100","54,300","54,500","53,700","54,022",200,0.37,1.03,55.67,0.00,0.00,1.03,55.67,"36,830.40"
1637,12/02/2020,FPT,"53,600","53,800","54,100","54,700","53,700","54,195",500,0.93,1.10,59.88,0.00,0.00,1.10,59.88,"36,694.75"
1638,11/02/2020,FPT,"52,600","52,900","53,600","53,700","52,700","53,380","1,000",1.90,1.09,57.94,0.00,0.00,1.09,57.94,"36,355.61"
1639,10/02/2020,FPT,"53,300","52,400","52,600","53,000","52,100","52,555",-700,-1.31,0.74,38.79,0.00,0.00,0.74,38.79,"35,677.33"
1640,07/02/2020,FPT,"53,600","53,000","53,300","53,500","52,800","53,091",-300,-0.56,1.22,64.70,0.00,0.00,1.22,64.70,"36,152.13"
1641,06/02/2020,FPT,"52,000","52,500","53,600","53,600","51,800","52,728","1,600",3.08,1.71,90.09,0.03,1.40,1.73,91.49,"36,355.61"
1642,05/02/2020,FPT,"51,800","52,300","52,000","52,800","52,000","52,367",200,0.39,1.65,86.33,0.00,0.00,1.65,86.33,"35,270.37"
1643,04/02/2020,FPT,"51,500","52,400","51,800","52,400","51,000","51,754",300,0.58,1.65,85.47,0.00,0.00,1.65,85.47,"35,134.71"
1644,03/02/2020,FPT,"52,000","49,600","51,500","52,500","49,000","50,212",-500,-0.96,3.60,180.91,0.00,0.00,3.60,180.91,"34,931.23"
1645,31/01/2020,FPT,"54,700","54,000","52,000","54,900","52,000","53,007","-2,700",-4.94,4.12,218.29,0.25,14.79,4.37,233.09,"35,270.37"
1646,30/01/2020,FPT,"56,500","55,300","54,700","55,800","53,900","54,983","-1,800",-3.19,2.64,145.07,0.33,20.17,2.97,165.24,"37,101.71"
1647,22/01/2020,FPT,"55,500","55,000","56,500","56,500","54,700","55,393","1,000",1.80,3.17,175.36,0.00,0.00,3.17,175.36,"38,322.61"
1648,21/01/2020,FPT,"57,400","57,800","55,500","58,000","55,500","56,530","-1,900",-3.31,4.35,246.01,0.10,6.13,4.45,252.14,"37,644.34"
1649,20/01/2020,FPT,"57,600","57,500","57,400","58,000","57,200","57,541",-200,-0.35,1.23,70.61,0.57,30.76,1.80,101.36,"38,933.06"
1650,17/01/2020,FPT,"58,000","58,000","57,600","58,100","57,000","57,528",-400,-0.69,1.39,79.90,0.00,0.00,1.39,79.90,"39,068.72"
1651,16/01/2020,FPT,"57,000","57,000","58,000","58,200","57,000","57,773","1,000",1.75,1.94,112.25,0.00,0.00,1.94,112.25,"39,340.03"
1652,15/01/2020,FPT,"57,000","57,000","57,000","57,100","56,800","56,948",0,0.00,0.94,53.58,0.09,5.61,1.03,59.19,"38,661.75"
1653,14/01/2020,FPT,"57,100","57,100","57,000","57,400","57,000","57,161",-100,-0.18,0.72,41.25,0.08,5.11,0.81,46.36,"38,661.75"
1654,13/01/2020,FPT,"57,500","57,400","57,100","57,600","57,000","57,179",-400,-0.70,0.79,44.99,0.04,2.24,0.83,47.23,"38,729.58"
1655,10/01/2020,FPT,"57,600","57,500","57,500","57,800","57,100","57,424",-100,-0.17,1.02,58.50,0.00,0.00,1.02,58.50,"39,000.89"
1656,09/01/2020,FPT,"56,800","57,300","57,600","57,700","57,100","57,429",800,1.41,0.97,55.54,0.00,0.00,0.97,55.54,"39,068.72"
1657,08/01/2020,FPT,"58,100","57,500","56,800","57,700","56,800","57,132","-1,300",-2.24,1.81,103.65,0.02,1.50,1.84,105.16,"38,526.09"
1658,07/01/2020,FPT,"57,000","57,300","58,100","58,100","57,000","57,633","1,100",1.93,0.84,48.25,0.00,0.00,0.84,48.25,"39,407.85"
1659,06/01/2020,FPT,"57,600","57,100","57,000","57,600","56,800","57,164",-600,-1.04,1.09,62.40,0.00,0.00,1.09,62.40,"38,661.75"
1660,03/01/2020,FPT,"58,600","58,900","57,600","59,100","57,400","58,077","-1,000",-1.71,2.05,118.93,0.00,0.00,2.05,118.93,"39,068.72"
1661,02/01/2020,FPT,"58,300","58,300","58,600","59,000","58,000","58,597",300,0.51,0.90,52.55,0.00,0.00,0.90,52.55,"39,746.99"
1662,31/12/2019,FPT,"58,600","58,600","58,300","58,700","58,000","58,307",-300,-0.51,0.69,40.17,0.00,0.00,0.69,40.17,"39,543.51"
1663,30/12/2019,FPT,"57,600","57,800","58,600","58,900","57,600","58,262","1,000",1.74,2.88,167.86,0.00,0.00,2.88,167.86,"39,746.99"
1664,27/12/2019,FPT,"57,400","57,400","57,600","57,800","56,800","57,314",200,0.35,1.00,57.59,0.00,0.00,1.00,57.59,"39,068.72"
1665,26/12/2019,FPT,"57,500","57,800","57,400","58,100","57,400","57,710",-100,-0.17,1.12,64.90,0.94,54.91,2.06,119.80,"38,933.06"
1666,25/12/2019,FPT,"56,400","56,400","57,500","57,900","56,400","57,305","1,100",1.95,1.60,91.94,0.00,0.00,1.60,91.94,"39,000.89"
1667,24/12/2019,FPT,"56,100","56,400","56,400","56,500","56,100","56,282",300,0.53,0.69,38.95,0.13,7.79,0.83,46.74,"38,254.78"
1668,23/12/2019,FPT,"56,500","56,900","56,100","57,000","56,000","56,441",-400,-0.71,0.77,43.23,0.00,0.00,0.77,43.23,"38,051.30"
1669,20/12/2019,FPT,"55,800","56,000","56,500","56,700","55,800","56,272",700,1.25,0.78,43.73,0.00,0.00,0.78,43.73,"38,322.61"
1670,19/12/2019,FPT,"55,500","55,500","55,800","56,200","55,400","55,858",300,0.54,0.82,45.68,0.03,1.78,0.85,47.46,"37,847.82"
1671,18/12/2019,FPT,"55,400","55,400","55,500","56,000","55,000","55,575",100,0.18,1.02,56.83,0.00,0.00,1.02,56.83,"37,644.34"
1672,17/12/2019,FPT,"56,500","56,200","55,400","56,400","55,100","55,560","-1,100",-1.95,2.21,122.86,0.03,1.75,2.24,124.61,"37,576.51"
1673,16/12/2019,FPT,"57,100","57,100","56,500","57,100","56,400","56,692",-600,-1.05,0.97,54.89,0.17,10.11,1.13,64.99,"38,322.61"
1674,13/12/2019,FPT,"57,000","57,200","57,100","57,500","56,900","57,187",100,0.18,1.68,96.17,0.03,1.83,1.71,98.00,"38,729.58"
1675,12/12/2019,FPT,"56,500","56,800","57,000","57,200","56,700","56,960",500,0.88,0.94,53.68,0.04,2.36,0.98,56.04,"38,661.75"
1676,11/12/2019,FPT,"55,500","55,500","56,500","56,600","55,200","55,882","1,000",1.80,0.88,49.06,0.07,4.30,0.95,53.37,"38,322.61"
1677,10/12/2019,FPT,"55,300","55,300","55,500","55,800","54,800","55,287",200,0.36,0.80,44.07,0.00,0.00,0.80,44.07,"37,644.34"
1678,09/12/2019,FPT,"55,000","55,200","55,300","55,800","55,000","55,415",300,0.55,0.70,38.84,0.13,7.56,0.83,46.41,"37,508.68"
1679,06/12/2019,FPT,"54,900","55,000","55,000","55,400","54,700","54,975",100,0.18,0.56,30.58,0.00,0.00,0.56,30.58,"37,305.20"
1680,05/12/2019,FPT,"55,400","55,500","54,900","55,800","54,800","55,377",-500,-0.90,1.14,63.35,0.04,2.37,1.18,65.72,"37,237.37"
1681,04/12/2019,FPT,"54,500","54,500","55,400","55,500","54,000","54,930",900,1.65,0.93,51.20,0.02,1.17,0.95,52.37,"37,576.51"
1682,03/12/2019,FPT,"54,600","54,200","54,500","55,200","53,300","54,263",-100,-0.18,1.62,87.86,0.85,46.85,2.47,134.71,"36,966.06"
1683,02/12/2019,FPT,"56,400","56,500","54,600","56,500","54,600","55,371","-1,800",-3.19,1.99,110.32,0.00,0.00,1.99,110.32,"37,033.89"
1684,29/11/2019,FPT,"56,000","56,000","56,400","56,800","55,800","56,382",400,0.71,0.74,41.69,0.00,0.00,0.74,41.69,"38,254.78"
1685,28/11/2019,FPT,"57,000","56,900","56,000","56,900","55,800","56,285","-1,000",-1.75,1.37,77.16,0.09,4.51,1.46,81.67,"37,983.47"
1686,27/11/2019,FPT,"57,100","57,200","57,000","57,400","56,900","57,075",-100,-0.18,0.81,46.36,0.00,0.00,0.81,46.36,"38,661.75"
1687,26/11/2019,FPT,"56,600","57,000","57,100","57,200","56,800","56,999",500,0.88,0.97,55.21,0.03,1.51,0.99,56.73,"38,729.58"
1688,25/11/2019,FPT,"56,000","56,100","56,600","57,000","55,800","56,468",600,1.07,1.09,61.44,0.09,5.06,1.17,66.49,"38,390.44"
1689,22/11/2019,FPT,"56,000","56,300","56,000","57,100","55,500","56,154",0,0.00,1.63,91.30,0.00,0.00,1.63,91.30,"37,983.47"
1690,21/11/2019,FPT,"56,800","56,800","56,000","57,100","55,900","56,274",-800,-1.41,3.30,185.93,0.00,0.00,3.30,185.93,"37,983.47"
1691,20/11/2019,FPT,"58,300","58,200","56,800","58,200","56,600","57,301","-1,500",-2.57,2.29,131.32,4.53,246.15,6.82,377.47,"38,526.09"
1692,19/11/2019,FPT,"57,500","57,500","58,300","58,300","57,500","57,873",800,1.39,1.06,61.33,0.05,2.88,1.11,64.21,"39,543.51"
1693,18/11/2019,FPT,"58,600","58,400","57,500","58,800","57,100","57,739","-1,100",-1.88,2.79,161.38,0.00,0.00,2.79,161.38,"39,000.89"
1694,15/11/2019,FPT,"58,300","58,300","58,600","58,800","57,700","58,322",300,0.51,2.57,149.77,0.00,0.00,2.57,149.77,"39,746.99"
1695,14/11/2019,FPT,"60,500","60,500","58,300","61,000","57,500","59,050","-2,200",-3.64,4.80,283.40,0.25,16.18,5.05,299.57,"39,543.51"
1696,13/11/2019,FPT,"61,000","61,200","60,500","61,300","60,500","60,860",-500,-0.82,1.33,81.18,4.59,298.19,5.93,379.37,"41,035.72"
1697,12/11/2019,FPT,"60,000","60,000","61,000","61,300","60,000","60,830","1,000",1.67,2.84,172.93,0.04,2.32,2.88,175.25,"41,374.86"
1698,11/11/2019,FPT,"59,600","59,700","60,000","60,600","59,500","60,150",400,0.67,2.18,131.17,0.00,0.00,2.18,131.17,"40,696.58"
1699,08/11/2019,FPT,"59,500","59,800","59,600","59,800","59,200","59,500",100,0.17,1.22,72.56,0.00,0.00,1.22,72.56,"40,425.27"
1700,07/11/2019,FPT,"59,500","59,500","59,500","59,900","59,200","59,500",0,0.00,1.44,85.56,0.02,1.16,1.46,86.72,"40,357.44"
1701,06/11/2019,FPT,"59,800","59,800","59,500","60,400","59,500","59,870",-300,-0.50,1.55,92.90,0.03,1.92,1.58,94.82,"40,357.44"
1702,05/11/2019,FPT,"59,900","60,100","59,800","60,100","59,400","59,740",-100,-0.17,1.24,74.05,1.55,99.07,2.79,173.12,"40,560.92"
1703,04/11/2019,FPT,"58,500","58,700","59,900","60,500","58,700","59,690","1,400",2.39,5.81,346.90,0.00,0.00,5.81,346.90,"40,628.75"
1704,01/11/2019,FPT,"57,900","58,000","58,500","58,700","57,600","58,210",600,1.04,1.73,100.88,0.00,0.00,1.73,100.88,"39,679.16"
1705,31/10/2019,FPT,"57,800","58,000","57,900","58,700","57,800","58,193",100,0.17,1.26,73.52,0.07,4.34,1.33,77.86,"39,272.20"
1706,30/10/2019,FPT,"57,900","57,900","57,800","58,100","57,600","57,924",-100,-0.17,1.10,63.84,0.69,42.01,1.79,105.85,"39,204.37"
1707,29/10/2019,FPT,"58,100","58,200","57,900","58,300","57,800","58,051",-200,-0.34,0.95,55.32,0.05,3.11,1.00,58.43,"39,272.20"
1708,28/10/2019,FPT,"58,000","58,000","58,100","58,800","57,800","58,349",100,0.17,1.49,87.22,0.27,15.74,1.76,102.96,"39,407.85"
1709,25/10/2019,FPT,"58,200","58,300","58,000","58,500","57,700","58,010",-200,-0.34,1.36,78.62,0.02,1.24,1.38,79.86,"39,340.03"
1710,24/10/2019,FPT,"56,400","56,800","58,200","58,200","56,400","57,592","1,800",3.19,2.23,128.66,0.03,1.70,2.26,130.35,"39,475.68"
1711,23/10/2019,FPT,"56,300","56,000","56,400","57,000","56,000","56,538",100,0.18,0.75,42.28,0.00,0.00,0.75,42.28,"38,254.78"
1712,22/10/2019,FPT,"56,500","56,500","56,300","56,600","55,700","56,171",-200,-0.35,1.53,86.19,0.00,0.00,1.53,86.19,"38,186.96"
1713,21/10/2019,FPT,"57,100","57,400","56,500","57,400","56,300","56,690",-600,-1.05,1.26,71.45,0.28,17.33,1.54,88.78,"38,322.61"
1714,18/10/2019,FPT,"56,700","56,800","57,100","57,600","56,600","57,010",400,0.71,1.45,82.52,0.03,1.57,1.47,84.09,"38,729.58"
1715,17/10/2019,FPT,"57,500","57,400","56,700","57,500","56,600","57,050",-800,-1.39,1.62,92.51,0.12,7.03,1.74,99.54,"38,458.27"
1716,16/10/2019,FPT,"57,400","57,800","57,500","58,000","57,400","57,770",100,0.17,0.83,47.89,0.21,13.02,1.04,60.91,"39,000.89"
1717,15/10/2019,FPT,"57,700","57,800","57,400","57,800","57,400","57,590",-300,-0.52,0.66,38.24,0.12,7.40,0.78,45.64,"38,933.06"
1718,14/10/2019,FPT,"56,500","57,000","57,700","58,200","56,800","57,460","1,200",2.12,2.23,128.19,0.16,9.44,2.39,137.63,"39,136.54"
1719,11/10/2019,FPT,"56,400","56,700","56,500","56,900","56,400","56,620",100,0.18,0.79,44.98,0.00,0.00,0.79,44.98,"38,322.61"
1720,10/10/2019,FPT,"56,400","56,600","56,400","57,000","56,400","56,650",0,0.00,0.81,45.77,0.00,0.00,0.81,45.77,"38,254.78"
1721,09/10/2019,FPT,"56,100","56,300","56,400","57,000","55,800","56,620",300,0.53,0.94,53.08,0.02,1.04,0.96,54.13,"38,254.78"
1722,08/10/2019,FPT,"55,500","55,500","56,100","56,200","55,200","55,810",600,1.08,1.34,74.63,0.00,0.00,1.34,74.63,"38,051.30"
1723,07/10/2019,FPT,"56,800","56,800","55,500","57,200","55,500","56,150","-1,300",-2.29,2.37,133.18,0.00,0.00,2.37,133.18,"37,644.34"
1724,04/10/2019,FPT,"57,200","57,500","56,800","57,500","56,700","57,070",-400,-0.70,1.27,72.55,0.05,3.00,1.32,75.55,"38,526.09"
1725,03/10/2019,FPT,"57,200","56,600","57,200","57,400","56,400","56,890",0,0.00,2.80,159.58,0.18,10.10,2.98,169.67,"38,797.41"
1726,02/10/2019,FPT,"58,500","58,500","57,200","58,600","57,200","57,760","-1,300",-2.22,2.44,140.87,0.10,6.01,2.54,146.88,"38,797.41"
1727,01/10/2019,FPT,"57,700","57,700","58,500","58,500","57,600","57,930",800,1.39,1.64,95.25,0.00,0.00,1.64,95.25,"39,679.16"
1728,30/09/2019,FPT,"58,500","59,300","57,700","59,500","57,700","58,580",-800,-1.37,2.20,128.82,0.17,10.63,2.37,139.44,"39,136.54"
1729,27/09/2019,FPT,"57,700","57,600","58,500","58,800","57,400","58,340",800,1.39,2.51,146.47,0.00,0.00,2.51,146.47,"39,679.16"
1730,26/09/2019,FPT,"57,400","57,700","57,700","58,000","57,200","57,560",300,0.52,0.99,57.14,0.03,1.86,1.02,59.00,"39,136.54"
1731,25/09/2019,FPT,"56,200","56,300","57,400","57,400","56,100","56,680","1,200",2.14,1.44,81.75,0.00,0.00,1.44,81.75,"38,933.06"
1732,24/09/2019,FPT,"56,500","56,400","56,200","57,000","55,800","56,320",-300,-0.53,2.54,142.93,1.50,90.60,4.04,233.53,"38,119.13"
1733,23/09/2019,FPT,"58,200","58,000","56,500","58,300","56,500","57,200","-1,700",-2.92,2.31,132.31,1.51,93.53,3.82,225.84,"38,322.61"
1734,20/09/2019,FPT,"57,800","57,700","58,200","58,800","57,600","58,340",400,0.69,1.40,81.45,0.00,0.00,1.40,81.45,"39,475.68"
1735,19/09/2019,FPT,"56,400","56,600","57,800","57,800","56,200","57,010","1,400",2.48,1.43,81.68,0.00,0.00,1.43,81.68,"39,204.37"
1736,18/09/2019,FPT,"57,600","57,900","56,400","57,900","56,300","56,900","-1,200",-2.08,2.59,147.53,2.17,129.85,4.76,277.37,"38,254.78"
1737,17/09/2019,FPT,"57,700","57,300","57,600","58,100","57,100","57,573",-100,-0.17,1.19,68.78,0.48,29.25,1.67,98.04,"39,068.72"
1738,16/09/2019,FPT,"56,800","56,900","57,700","58,000","56,700","57,475",900,1.58,1.34,76.99,0.00,0.00,1.34,76.99,"39,136.54"
1739,13/09/2019,FPT,"56,500","56,500","56,800","57,400","56,300","56,888",300,0.53,2.12,120.83,2.73,162.77,4.85,283.59,"38,526.09"
1740,12/09/2019,FPT,"54,100","54,400","56,500","56,500","54,400","55,670","2,400",4.44,3.80,211.54,0.03,1.52,3.83,213.06,"38,322.61"
1741,11/09/2019,FPT,"54,000","54,000","54,100","54,200","53,400","53,864",100,0.19,1.18,63.54,0.07,4.05,1.25,67.59,"36,694.75"
1742,10/09/2019,FPT,"53,800","54,200","54,000","54,400","53,600","54,064",200,0.37,1.73,93.62,0.05,2.88,1.78,96.49,"36,626.92"
1743,09/09/2019,FPT,"52,900","53,000","53,800","54,400","52,500","53,808",900,1.70,2.51,134.94,0.00,0.00,2.51,134.94,"36,491.27"
1744,06/09/2019,FPT,"52,600","52,900","52,900","53,200","52,300","52,654",300,0.57,1.14,60.17,0.00,0.00,1.14,60.17,"35,880.82"
1745,05/09/2019,FPT,"53,200","53,400","52,600","53,500","52,600","52,948",-600,-1.13,1.24,65.85,0.30,17.33,1.55,83.18,"35,677.33"
1746,04/09/2019,FPT,"53,700","53,000","53,200","54,200","53,000","53,625",-500,-0.93,1.66,88.77,0.05,2.87,1.71,91.64,"36,084.30"
1747,03/09/2019,FPT,"53,100","53,000","53,700","54,000","53,000","53,612",600,1.13,1.36,72.92,0.09,4.98,1.45,77.91,"36,423.44"
1748,30/08/2019,FPT,"52,700","53,000","53,100","53,400","52,900","53,158",400,0.76,0.71,37.66,0.31,15.56,1.02,53.21,"36,016.47"
1749,29/08/2019,FPT,"52,100","52,200","52,700","52,800","51,900","52,292",600,1.15,0.97,50.88,0.40,22.03,1.37,72.90,"35,745.16"
1750,28/08/2019,FPT,"52,800","53,000","52,100","53,200","52,100","52,511",-700,-1.33,1.54,80.75,0.28,15.78,1.82,96.53,"35,338.20"
1751,27/08/2019,FPT,"53,700","54,000","52,800","54,300","52,800","53,528",-900,-1.68,1.57,83.85,0.00,0.00,1.57,83.85,"35,812.99"
1752,26/08/2019,FPT,"54,400","53,500","53,700","54,200","53,500","53,889",-700,-1.29,1.76,94.64,0.10,5.82,1.86,100.46,"36,423.44"
1753,23/08/2019,FPT,"53,000","53,100","54,400","54,400","52,600","53,198","1,400",2.64,1.87,99.39,0.00,0.00,1.87,99.39,"36,898.23"
1754,22/08/2019,FPT,"53,600","53,600","53,000","54,300","52,900","53,597",-600,-1.12,1.89,101.44,0.00,0.00,1.89,101.44,"35,948.64"
1755,21/08/2019,FPT,"54,000","54,100","53,600","54,500","53,400","53,821",-400,-0.74,1.81,97.31,1.60,90.88,3.41,188.19,"36,355.61"
1756,20/08/2019,FPT,"52,400","52,400","54,000","54,000","52,400","53,318","1,600",3.05,2.28,121.45,0.00,0.00,2.28,121.45,"36,626.92"
1757,19/08/2019,FPT,"52,000","52,000","52,400","52,700","51,200","51,901",400,0.77,2.85,147.91,0.04,2.22,2.89,150.13,"35,541.68"
1758,16/08/2019,FPT,"53,000","53,000","52,000","55,100","52,000","53,712","-1,000",-1.89,4.53,243.37,0.00,0.00,4.53,243.37,"35,270.37"
1759,15/08/2019,FPT,"52,200","51,900","53,000","53,000","51,400","52,211",800,1.53,2.22,116.11,0.00,0.00,2.22,116.11,"35,948.64"
1760,14/08/2019,FPT,"52,500","53,000","53,200","53,700","52,800","53,330",700,1.33,2.21,117.61,0.05,2.68,2.26,120.28,"36,084.30"
1761,13/08/2019,FPT,"52,300","52,100","52,500","53,200","51,700","52,290",200,0.38,2.24,117.03,0.45,24.92,2.69,141.95,"35,609.51"
1762,12/08/2019,FPT,"51,100","51,100","52,300","52,600","50,700","51,759","1,200",2.35,1.82,94.09,3.77,204.21,5.59,298.31,"35,473.85"
1763,09/08/2019,FPT,"50,300","50,300","51,100","51,400","50,000","50,958",800,1.59,1.75,89.26,0.02,1.13,1.77,90.39,"34,659.92"
1764,08/08/2019,FPT,"49,750","49,850","50,300","50,600","49,850","50,216",550,1.11,2.09,104.73,0.00,0.00,2.09,104.73,"34,117.30"
1765,07/08/2019,FPT,"48,950","48,200","49,750","49,750","48,950","49,320",800,1.63,1.25,61.47,0.02,1.02,1.27,62.49,"33,744.25"
1766,06/08/2019,FPT,"49,000","48,200","48,950","49,300","48,200","48,739",-50,-0.10,1.30,63.58,0.52,26.89,1.82,90.48,"33,201.63"
1767,05/08/2019,FPT,"48,800","49,000","49,000","49,800","48,800","49,249",200,0.41,2.32,114.36,0.02,0.98,2.34,115.34,"33,235.54"
1768,02/08/2019,FPT,"48,350","48,050","48,800","49,000","47,850","48,324",450,0.93,1.45,70.16,0.75,36.42,2.20,106.58,"33,099.88"
1769,01/08/2019,FPT,"48,400","48,400","48,350","48,600","48,200","48,423",-50,-0.10,0.97,46.73,0.04,2.05,1.01,48.78,"32,794.66"
1770,31/07/2019,FPT,"47,800","47,800","48,400","48,400","47,500","47,850",600,1.26,1.11,53.20,0.07,3.57,1.18,56.78,"32,828.57"
1771,30/07/2019,FPT,"48,600","48,600","47,800","48,600","47,700","48,150",-800,-1.65,2.09,100.74,0.00,0.00,2.09,100.74,"32,421.61"
1772,29/07/2019,FPT,"48,800","48,800","48,600","48,800","48,200","48,456",-200,-0.41,1.13,54.78,0.33,15.99,1.46,70.77,"32,964.23"
1773,26/07/2019,FPT,"48,650","48,500","48,800","48,800","48,350","48,530",150,0.31,1.04,50.62,0.00,0.00,1.04,50.62,"33,099.88"
1774,25/07/2019,FPT,"48,600","48,600","48,650","48,950","48,500","48,660",50,0.10,1.16,56.31,0.03,1.56,1.19,57.87,"32,998.14"
1775,24/07/2019,FPT,"48,800","49,350","48,600","49,400","48,600","48,909",-200,-0.41,1.95,95.51,0.26,13.66,2.22,109.17,"32,964.23"
1776,23/07/2019,FPT,"48,350","48,500","48,800","48,800","48,100","48,518",450,0.93,0.95,46.02,0.09,4.76,1.04,50.78,"33,099.88"
1777,22/07/2019,FPT,"48,200","48,200","48,350","48,650","47,950","48,331",150,0.31,1.76,84.86,0.05,2.55,1.81,87.41,"32,794.66"
1778,19/07/2019,FPT,"46,800","46,950","48,200","48,300","46,900","47,734","1,400",2.99,2.81,134.21,0.00,0.00,2.81,134.21,"32,692.92"
1779,18/07/2019,FPT,"47,050","47,000","46,800","47,100","46,800","46,908",-250,-0.53,1.04,48.57,0.02,1.01,1.06,49.58,"31,743.33"
1780,17/07/2019,FPT,"47,300","47,300","47,050","47,500","47,000","47,153",-250,-0.53,1.29,60.95,0.00,0.00,1.29,60.95,"31,912.90"
1781,16/07/2019,FPT,"47,300","47,350","47,300","47,800","47,250","47,470",0,0.00,1.16,55.07,0.04,1.84,1.20,56.91,"32,082.47"
1782,15/07/2019,FPT,"47,000","47,100","47,300","47,550","46,850","47,220",300,0.64,1.18,55.53,0.00,0.00,1.18,55.53,"32,082.47"
1783,12/07/2019,FPT,"47,000","47,100","47,000","47,450","46,800","47,110",0,0.00,1.24,58.51,0.00,0.00,1.24,58.51,"31,878.99"
1784,11/07/2019,FPT,"47,050","47,150","47,000","47,250","46,800","47,020",-50,-0.11,0.85,40.16,0.16,8.08,1.02,48.25,"31,878.99"
1785,10/07/2019,FPT,"46,750","46,950","47,050","47,450","46,800","47,202",300,0.64,1.28,60.51,0.00,0.00,1.28,60.51,"31,912.90"
1786,09/07/2019,FPT,"46,300","46,300","46,750","46,850","46,100","46,522",450,0.97,0.99,46.18,0.15,7.20,1.14,53.38,"31,709.42"
1787,08/07/2019,FPT,"46,600","46,500","46,300","46,900","46,050","46,437",-300,-0.64,1.30,60.51,0.28,12.92,1.58,73.43,"31,404.19"
1788,05/07/2019,FPT,"46,950","46,800","46,600","47,000","46,400","46,724",-350,-0.75,1.14,53.16,0.00,0.00,1.14,53.16,"31,607.68"
1789,04/07/2019,FPT,"46,800","47,000","46,950","47,200","46,800","46,970",150,0.32,1.28,59.93,0.00,0.00,1.28,59.93,"31,845.07"
1790,03/07/2019,FPT,"46,900","46,700","46,800","46,900","46,550","46,713",-100,-0.21,1.28,59.60,0.67,33.26,1.95,92.86,"31,743.33"
1791,02/07/2019,FPT,"47,100","47,000","46,900","47,500","46,650","47,034",-200,-0.42,1.60,75.27,1.84,92.34,3.44,167.61,"31,811.16"
1792,01/07/2019,FPT,"45,500","46,000","47,100","47,100","45,900","46,627","1,600",3.52,2.55,118.96,0.00,0.00,2.55,118.96,"31,946.81"
1793,28/06/2019,FPT,"45,400","45,400","45,500","46,000","44,900","45,259",100,0.22,2.48,112.21,0.00,0.00,2.48,112.21,"30,861.57"
1794,27/06/2019,FPT,"46,150","46,050","45,400","46,100","45,300","45,711",-750,-1.63,1.22,55.85,0.20,9.99,1.43,65.84,"30,793.74"
1795,26/06/2019,FPT,"46,500","46,500","46,150","46,500","46,100","46,274",-350,-0.75,1.01,46.94,0.64,31.67,1.65,78.61,"31,302.45"
1796,25/06/2019,FPT,"45,150","45,000","46,500","46,550","44,800","45,823","1,350",2.99,3.27,149.82,0.02,0.97,3.29,150.78,"31,539.85"
1797,24/06/2019,FPT,"45,400","45,400","45,150","45,450","45,150","45,305",-250,-0.55,0.73,32.90,0.00,0.00,0.73,32.90,"30,624.18"
1798,21/06/2019,FPT,"45,400","45,500","45,400","45,600","45,250","45,430",0,0.00,0.87,39.64,0.05,2.42,0.92,42.06,"30,793.74"
1799,20/06/2019,FPT,"44,650","44,850","45,400","45,400","44,650","45,130",750,1.68,1.36,61.20,0.00,0.00,1.36,61.20,"30,793.74"
1800,19/06/2019,FPT,"44,050","44,650","44,650","44,700","44,200","44,450",600,1.36,0.53,23.60,0.69,32.50,1.22,56.09,"30,285.04"
1801,18/06/2019,FPT,"44,050","44,350","44,050","44,450","43,750","43,995",0,0.00,0.76,33.60,0.03,1.27,0.79,34.87,"29,878.07"
1802,17/06/2019,FPT,"44,400","44,100","44,050","44,500","43,900","44,119",-350,-0.79,1.01,44.72,0.35,16.60,1.36,61.32,"29,878.07"
1803,14/06/2019,FPT,"44,550","44,600","44,400","44,900","44,400","44,648",-150,-0.34,0.56,24.99,0.00,0.00,0.56,24.99,"30,115.47"
1804,13/06/2019,FPT,"45,050","45,050","44,550","45,100","44,500","44,829",-500,-1.11,0.86,38.39,0.00,0.00,0.86,38.39,"30,217.21"
1805,12/06/2019,FPT,"45,200","45,200","45,050","45,600","45,000","45,301",-150,-0.33,1.28,58.19,0.03,1.39,1.31,59.58,"30,556.35"
1806,11/06/2019,FPT,"45,100","45,100","45,200","45,600","44,900","45,273",100,0.22,1.30,58.70,0.00,0.00,1.30,58.70,"30,658.09"
1807,10/06/2019,FPT,"45,200","45,500","45,100","45,700","44,800","45,299",-100,-0.22,1.23,55.60,0.02,1.01,1.25,56.61,"30,590.26"
1808,07/06/2019,FPT,"44,500","44,800","45,200","45,250","44,700","45,034",700,1.57,1.30,58.76,0.03,1.30,1.33,60.05,"30,658.09"
1809,06/06/2019,FPT,"43,600","43,800","44,500","44,700","43,600","44,326",900,2.06,0.92,40.90,0.25,11.82,1.18,52.72,"30,183.30"
1810,05/06/2019,FPT,"43,300","43,500","43,600","43,900","43,500","43,695",300,0.69,0.50,21.85,0.19,8.80,0.69,30.65,"29,572.85"
1811,04/06/2019,FPT,"43,500","43,500","43,300","43,700","43,250","43,408",-200,-0.46,0.54,23.32,0.05,2.28,0.59,25.59,"29,369.36"
1812,03/06/2019,FPT,"44,100","44,000","43,500","44,100","43,500","43,820",-600,-1.36,0.88,38.64,0.00,0.00,0.88,38.64,"29,505.02"
1813,31/05/2019,FPT,"44,550","44,600","44,100","44,800","44,100","44,471",-450,-1.01,0.61,27.21,0.00,0.00,0.61,27.21,"29,911.99"
1814,30/05/2019,FPT,"44,100","44,100","44,550","44,700","43,900","44,198",450,1.02,0.99,43.60,0.00,0.00,0.99,43.60,"30,217.21"
1815,29/05/2019,FPT,"44,850","44,850","44,100","44,850","44,000","44,320",-750,-1.67,1.51,66.72,0.00,0.00,1.51,66.72,"27,193.01"
1816,28/05/2019,FPT,"45,250","45,000","44,850","45,400","44,750","44,971",-400,-0.88,0.52,23.32,0.25,11.63,0.77,34.94,"27,655.48"
1817,27/05/2019,FPT,"45,600","45,300","45,250","45,450","44,650","44,953",-350,-0.77,1.26,56.73,0.17,8.25,1.43,64.98,"27,902.13"
1818,24/05/2019,FPT,"45,700","45,500","45,600","45,950","45,250","45,630",-100,-0.22,1.01,46.30,0.23,11.17,1.24,57.48,"28,117.94"
1819,23/05/2019,FPT,"45,250","45,250","45,700","45,800","45,200","45,488",450,0.99,1.27,57.66,0.30,13.85,1.57,71.50,"28,179.61"
1820,22/05/2019,FPT,"45,900","45,250","45,250","46,150","45,250","45,752",-650,-1.42,1.56,71.54,3.66,179.77,5.23,251.31,"27,902.13"
1821,21/05/2019,FPT,"45,250","45,500","45,900","46,050","45,350","45,809",650,1.44,1.02,46.57,0.03,1.40,1.05,47.96,"28,302.93"
1822,20/05/2019,FPT,"44,450","44,500","45,250","45,300","44,500","44,976",800,1.80,1.79,80.60,0.00,0.00,1.79,80.60,"27,902.13"
1823,17/05/2019,FPT,"44,250","45,000","44,450","45,000","44,300","44,547",200,0.45,1.49,66.27,0.00,0.00,1.49,66.27,"27,408.83"
1824,16/05/2019,FPT,"50,400","50,400","49,650","50,700","49,650","50,182",-750,-1.49,1.89,94.91,1.00,53.90,2.89,148.81,"30,615.26"
1825,15/05/2019,FPT,"50,200","50,500","50,400","50,600","50,100","50,360",200,0.40,1.54,77.55,0.00,0.00,1.54,77.55,"31,077.73"
1826,14/05/2019,FPT,"49,500","49,400","50,200","50,800","49,100","49,455",700,1.41,1.56,77.89,0.00,0.00,1.56,77.89,"30,954.40"
1827,13/05/2019,FPT,"49,000","49,000","49,500","49,800","49,000","49,505",500,1.02,0.85,42.11,0.00,0.00,0.85,42.11,"30,522.77"
1828,10/05/2019,FPT,"48,600","49,000","49,000","49,250","48,750","48,997",400,0.82,1.03,50.36,0.54,28.07,1.57,78.44,"30,214.46"
1829,09/05/2019,FPT,"49,650","49,600","48,600","49,650","48,600","49,081","-1,050",-2.11,0.86,42.26,0.08,4.25,0.94,46.50,"29,967.81"
1830,08/05/2019,FPT,"49,700","49,300","49,650","49,700","49,000","49,454",-50,-0.10,0.96,47.43,0.53,28.14,1.49,75.57,"30,615.26"
1831,07/05/2019,FPT,"48,750","49,100","49,700","49,700","49,050","49,347",950,1.95,1.09,54.03,2.24,116.58,3.33,170.61,"30,646.09"
1832,06/05/2019,FPT,"50,000","49,000","48,750","49,400","48,450","48,890","-1,250",-2.50,1.46,71.14,0.04,1.86,1.50,73.00,"30,060.30"
1833,03/05/2019,FPT,"49,850","49,900","50,000","50,000","49,600","49,864",150,0.30,1.06,52.83,0.00,0.00,1.06,52.83,"30,831.08"
1834,02/05/2019,FPT,"49,550","49,800","49,850","50,200","49,650","49,925",300,0.61,0.89,44.19,0.00,0.00,0.89,44.19,"30,738.59"
1835,26/04/2019,FPT,"48,800","48,900","49,550","49,750","48,800","49,397",750,1.54,0.86,42.73,0.05,2.87,0.92,45.59,"30,553.60"
1836,25/04/2019,FPT,"48,550","48,500","48,800","49,150","48,450","48,951",250,0.51,0.97,47.52,0.00,0.00,0.97,47.52,"30,091.13"
1837,24/04/2019,FPT,"47,900","48,500","48,550","48,650","48,100","48,409",650,1.36,0.86,41.40,0.00,0.00,0.86,41.40,"29,936.98"
1838,23/04/2019,FPT,"47,900","47,900","47,900","48,450","47,500","47,739",0,0.00,0.55,26.23,0.20,9.98,0.74,36.21,"29,536.17"
1839,22/04/2019,FPT,"48,450","48,500","47,900","48,500","47,800","48,006",-550,-1.14,0.83,39.66,0.00,0.00,0.83,39.66,"29,536.17"
1840,19/04/2019,FPT,"48,500","48,700","48,450","48,900","48,400","48,526",-50,-0.10,0.45,22.03,0.00,0.00,0.45,22.03,"29,875.32"
1841,18/04/2019,FPT,"48,500","48,500","48,500","49,250","48,050","48,559",0,0.00,0.98,47.39,0.05,2.27,1.03,49.66,"29,906.15"
1842,17/04/2019,FPT,"47,900","48,300","48,500","49,500","48,200","48,773",600,1.25,1.96,95.57,0.10,4.81,2.06,100.38,"29,906.15"
1843,16/04/2019,FPT,"48,200","47,500","47,900","48,200","47,500","47,944",-300,-0.62,0.91,43.49,0.03,1.55,0.94,45.03,"29,536.17"
1844,12/04/2019,FPT,"47,000","46,850","48,200","48,400","46,850","47,841","1,200",2.55,0.88,41.87,0.10,4.81,0.97,46.67,"29,721.16"
1845,11/04/2019,FPT,"46,900","46,900","47,000","47,500","46,850","47,137",100,0.21,0.36,16.97,0.07,3.50,0.43,20.47,"28,981.22"
1846,10/04/2019,FPT,"47,300","47,000","46,900","47,300","46,750","46,981",-400,-0.85,0.73,34.35,0.00,0.00,0.73,34.35,"28,919.55"
1847,09/04/2019,FPT,"47,800","47,800","47,300","48,500","47,300","47,912",-500,-1.05,1.01,48.47,0.00,0.00,1.01,48.47,"29,166.20"
1848,08/04/2019,FPT,"47,800","47,650","47,800","48,000","47,450","47,630",0,0.00,0.45,21.56,0.00,0.00,0.45,21.56,"29,327.90"
1849,05/04/2019,FPT,"47,800","47,800","47,800","47,900","47,450","47,692",0,0.00,0.62,29.34,0.90,45.99,1.52,75.33,"29,327.90"
1850,04/04/2019,FPT,"47,200","47,500","47,800","48,200","47,250","47,689",600,1.27,1.72,81.84,0.05,2.25,1.77,84.09,"29,327.90"
1851,03/04/2019,FPT,"46,000","46,400","47,200","47,200","46,000","46,689","1,200",2.61,1.03,48.28,0.00,0.00,1.03,48.28,"28,959.77"
1852,02/04/2019,FPT,"45,800","45,800","46,000","46,700","45,800","46,326",200,0.44,1.35,62.75,0.00,0.00,1.35,62.75,"28,223.50"
1853,01/04/2019,FPT,"45,500","45,900","45,800","45,900","45,500","45,722",300,0.66,0.33,14.97,0.38,18.35,0.71,33.32,"28,100.79"
1854,29/03/2019,FPT,"45,150","45,600","45,500","45,600","45,300","45,475",350,0.78,0.45,20.32,0.13,6.13,0.57,26.45,"27,916.73"
1855,28/03/2019,FPT,"45,000","44,750","45,150","45,350","44,750","45,129",150,0.33,0.36,16.35,0.10,4.60,0.46,20.95,"27,701.98"
1856,27/03/2019,FPT,"44,750","44,800","45,000","45,100","44,800","44,982",250,0.56,0.59,26.50,0.10,4.62,0.69,31.12,"27,609.95"
1857,26/03/2019,FPT,"44,400","45,000","44,750","45,000","44,500","44,704",350,0.79,0.39,17.26,0.00,0.00,0.39,17.26,"27,456.56"
1858,25/03/2019,FPT,"45,050","44,200","44,400","45,000","44,200","44,523",-650,-1.44,0.63,28.21,1.02,48.52,1.65,76.73,"27,241.82"
1859,22/03/2019,FPT,"45,100","45,100","45,050","45,400","45,050","45,106",-50,-0.11,0.69,31.02,2.28,102.73,2.97,133.75,"27,640.63"
1860,21/03/2019,FPT,"45,450","45,800","45,100","45,800","45,100","45,321",-350,-0.77,0.83,37.42,0.00,0.00,0.83,37.42,"27,671.30"
1861,20/03/2019,FPT,"45,700","45,600","45,450","45,900","45,250","45,498",-250,-0.55,0.80,36.27,0.00,0.00,0.80,36.27,"27,886.05"
1862,19/03/2019,FPT,"46,200","46,200","45,700","46,300","45,700","45,945",-500,-1.08,0.91,42.03,0.02,0.99,0.93,43.02,"28,039.44"
1863,18/03/2019,FPT,"46,000","46,300","46,200","46,450","45,950","46,066",200,0.43,0.99,45.79,0.00,0.00,0.99,45.79,"28,346.21"
1864,15/03/2019,FPT,"46,250","46,300","46,000","46,300","45,750","45,938",-250,-0.54,1.04,47.86,0.00,0.00,1.04,47.86,"28,223.50"
1865,14/03/2019,FPT,"46,200","46,200","46,250","46,500","46,000","46,200",50,0.11,0.53,24.65,0.17,8.40,0.70,33.05,"28,376.89"
1866,13/03/2019,FPT,"46,500","46,400","46,200","46,700","46,200","46,411",-300,-0.65,1.00,46.50,0.57,28.00,1.57,74.50,"28,346.21"
1867,12/03/2019,FPT,"44,500","44,750","46,500","46,500","44,750","45,323","2,000",4.49,1.93,87.51,0.00,0.00,1.93,87.51,"28,530.28"
1868,11/03/2019,FPT,"44,650","44,650","44,500","44,850","44,450","44,629",-150,-0.34,0.36,16.27,0.02,0.96,0.38,17.22,"27,303.17"
1869,08/03/2019,FPT,"44,750","44,700","44,650","44,800","44,450","44,613",-100,-0.22,0.69,30.93,0.00,0.00,0.69,30.93,"27,395.20"
1870,07/03/2019,FPT,"44,600","44,600","44,750","45,000","44,600","44,767",150,0.34,0.37,16.76,0.00,0.00,0.37,16.76,"27,456.56"
1871,06/03/2019,FPT,"44,900","44,950","44,600","45,100","44,450","44,702",-300,-0.67,0.70,31.08,0.00,0.00,0.70,31.08,"27,364.53"
1872,05/03/2019,FPT,"45,000","45,000","44,900","45,200","44,800","45,001",-100,-0.22,0.82,37.09,0.00,0.00,0.82,37.09,"27,548.59"
1873,04/03/2019,FPT,"44,600","44,600","45,000","45,200","44,600","45,000",400,0.90,0.81,36.31,0.03,1.43,0.84,37.74,"27,609.95"
1874,01/03/2019,FPT,"44,200","44,550","44,600","44,600","44,150","44,389",400,0.90,0.59,26.22,0.02,0.95,0.61,27.17,"27,364.53"
1875,28/02/2019,FPT,"45,100","45,100","44,200","45,100","44,200","44,542",-900,-2.00,1.37,61.12,0.04,1.89,1.41,63.01,"27,119.10"
1876,27/02/2019,FPT,"45,200","45,200","45,100","45,450","44,900","45,224",-100,-0.22,0.49,21.96,0.00,0.00,0.49,21.96,"27,671.30"
1877,26/02/2019,FPT,"45,500","45,550","45,200","45,600","45,000","45,290",-300,-0.66,0.66,30.04,0.00,0.00,0.66,30.04,"27,732.66"
1878,25/02/2019,FPT,"45,200","45,600","45,500","46,200","45,450","45,747",300,0.66,1.02,46.83,5.59,268.28,6.61,315.11,"27,916.73"
1879,22/02/2019,FPT,"44,800","44,800","45,200","45,400","44,400","44,964",400,0.89,1.24,55.94,0.00,0.00,1.24,55.94,"27,732.66"
1880,21/02/2019,FPT,"44,850","44,700","44,800","44,900","44,300","44,680",-50,-0.11,0.75,33.51,0.00,0.00,0.75,33.51,"27,487.24"
1881,20/02/2019,FPT,"44,400","44,300","44,850","45,050","44,300","44,721",450,1.01,0.50,22.34,0.09,3.95,0.58,26.28,"27,517.91"
1882,19/02/2019,FPT,"44,400","44,700","44,400","45,150","44,300","44,703",0,0.00,1.47,65.75,0.00,0.00,1.47,65.75,"27,241.82"
1883,18/02/2019,FPT,"44,200","44,500","44,400","44,600","44,100","44,380",200,0.45,0.31,13.59,0.00,0.00,0.31,13.59,"27,241.82"
1884,15/02/2019,FPT,"44,250","44,250","44,200","44,450","44,000","44,239",-50,-0.11,0.65,28.63,0.00,0.00,0.65,28.63,"27,119.10"
1885,14/02/2019,FPT,"44,550","44,650","44,250","44,900","44,250","44,536",-300,-0.67,0.62,27.48,0.02,0.95,0.64,28.43,"27,149.78"
1886,13/02/2019,FPT,"43,900","44,000","44,550","45,000","44,000","44,552",650,1.48,1.13,50.14,0.55,25.82,1.68,75.96,"27,333.85"
1887,12/02/2019,FPT,"44,150","44,000","43,900","44,600","43,900","44,182",-250,-0.57,0.70,31.00,0.00,0.00,0.70,31.00,"26,935.04"
1888,11/02/2019,FPT,"42,600","43,000","44,150","44,300","42,700","43,816","1,550",3.64,1.00,43.84,0.00,0.00,1.00,43.84,"27,088.43"
1889,01/02/2019,FPT,"43,200","43,200","42,600","43,200","41,500","42,668",-600,-1.39,0.60,25.60,0.00,0.00,0.60,25.60,"26,137.42"
1890,31/01/2019,FPT,"43,200","43,300","43,200","43,400","42,900","43,092",0,0.00,0.52,22.29,0.00,0.00,0.52,22.29,"26,505.55"
1891,30/01/2019,FPT,"42,500","42,500","43,200","43,400","42,400","42,990",700,1.65,0.69,29.63,0.00,0.00,0.69,29.63,"26,505.55"
1892,29/01/2019,FPT,"42,100","42,400","42,500","42,500","42,000","42,241",400,0.95,0.43,18.19,0.00,0.00,0.43,18.19,"26,076.06"
1893,28/01/2019,FPT,"42,400","42,500","42,100","42,500","42,100","42,278",-300,-0.71,0.22,9.15,0.00,0.00,0.22,9.15,"25,830.64"
1894,25/01/2019,FPT,"42,450","42,400","42,400","42,600","42,300","42,474",-50,-0.12,0.21,9.07,0.00,0.00,0.21,9.07,"26,014.71"
1895,24/01/2019,FPT,"42,350","42,400","42,450","42,600","42,350","42,479",100,0.24,0.23,9.96,0.00,0.00,0.23,9.96,"26,045.38"
1896,23/01/2019,FPT,"42,350","42,300","42,350","42,400","42,150","42,283",0,0.00,0.19,8.18,0.32,14.54,0.51,22.72,"25,984.03"
1897,22/01/2019,FPT,"42,500","42,500","42,350","42,750","42,350","42,522",-150,-0.35,0.14,6.02,0.00,0.00,0.14,6.02,"25,984.03"
1898,21/01/2019,FPT,"42,000","42,200","42,500","42,800","42,200","42,474",500,1.19,0.25,10.53,0.00,0.00,0.25,10.53,"26,076.06"
1899,18/01/2019,FPT,"42,000","42,100","42,000","42,500","42,000","42,109",0,0.00,0.23,9.57,0.00,0.00,0.23,9.57,"25,769.28"
1900,17/01/2019,FPT,"42,550","42,500","42,000","42,750","42,000","42,402",-550,-1.29,0.38,16.10,0.02,0.91,0.40,17.01,"25,769.28"
1901,16/01/2019,FPT,"42,800","43,000","42,550","43,000","42,550","42,735",-250,-0.58,0.19,7.97,0.00,0.00,0.19,7.97,"26,106.74"
1902,15/01/2019,FPT,"42,500","42,300","42,800","42,800","42,300","42,698",300,0.71,0.34,14.50,0.02,0.91,0.36,15.40,"26,260.13"
1903,14/01/2019,FPT,"42,200","42,300","42,500","42,600","42,000","42,382",300,0.71,0.40,16.89,0.00,0.00,0.40,16.89,"26,076.06"
1904,11/01/2019,FPT,"42,150","42,400","42,200","42,550","42,050","42,371",50,0.12,0.60,25.26,0.14,6.17,0.73,31.43,"25,892.00"
1905,10/01/2019,FPT,"42,400","42,400","42,150","42,550","42,150","42,338",-250,-0.59,0.21,8.78,0.33,14.82,0.53,23.60,"25,861.32"
1906,09/01/2019,FPT,"42,000","42,100","42,400","42,600","41,900","42,295",400,0.95,0.31,13.07,0.00,0.00,0.31,13.07,"26,014.71"
1907,08/01/2019,FPT,"41,800","41,800","42,000","42,000","41,700","41,852",200,0.48,0.30,12.37,0.00,0.00,0.30,12.37,"25,769.28"
1908,07/01/2019,FPT,"41,100","41,800","41,800","42,100","41,600","41,895",700,1.70,0.41,17.11,0.00,0.00,0.41,17.11,"25,646.57"
1909,04/01/2019,FPT,"40,800","40,600","41,100","41,450","40,500","40,870",300,0.74,0.32,13.02,0.06,2.58,0.38,15.60,"25,217.09"
1910,03/01/2019,FPT,"41,200","41,450","40,800","41,450","40,700","40,945",-400,-0.97,0.72,29.34,0.08,3.52,0.80,32.86,"25,033.02"
1911,02/01/2019,FPT,"42,200","41,800","41,200","42,150","41,150","41,675","-1,000",-2.37,0.46,19.13,0.08,3.54,0.54,22.68,"25,278.44"
1912,28/12/2018,FPT,"41,800","42,050","42,200","42,200","41,800","42,075",400,0.96,0.39,16.29,0.15,6.44,0.54,22.73,"25,892.00"
1913,27/12/2018,FPT,"41,400","42,100","41,800","42,250","41,800","41,980",400,0.97,0.45,19.10,0.22,9.58,0.67,28.68,"25,646.57"
1914,26/12/2018,FPT,"41,500","41,500","41,400","41,850","41,400","41,578",-100,-0.24,0.33,13.87,0.06,2.64,0.39,16.51,"25,401.15"
1915,25/12/2018,FPT,"42,000","41,400","41,500","41,500","41,000","41,222",-500,-1.19,0.73,30.19,0.09,4.13,0.83,34.32,"25,462.51"
1916,24/12/2018,FPT,"42,500","42,600","42,000","42,800","42,000","42,460",-500,-1.18,0.21,9.02,0.06,2.70,0.27,11.72,"25,769.28"
1917,21/12/2018,FPT,"42,050","41,900","42,500","42,500","41,900","42,112",450,1.07,0.45,19.11,0.03,1.35,0.48,20.46,"26,076.06"
1918,20/12/2018,FPT,"42,100","42,300","42,050","42,400","42,050","42,202",-50,-0.12,0.46,19.46,0.00,0.00,0.46,19.46,"25,799.96"
1919,19/12/2018,FPT,"42,000","42,000","42,100","42,600","41,850","42,101",100,0.24,0.47,19.85,0.06,2.65,0.53,22.50,"25,830.64"
1920,18/12/2018,FPT,"43,000","42,350","42,000","42,800","41,850","42,188","-1,000",-2.33,1.13,47.49,0.00,0.00,1.13,47.49,"25,769.28"
1921,17/12/2018,FPT,"44,150","44,100","43,000","44,100","43,000","43,592","-1,150",-2.60,0.78,33.90,0.00,0.00,0.78,33.90,"26,382.84"
1922,14/12/2018,FPT,"44,600","44,600","44,150","44,800","44,100","44,440",-450,-1.01,0.79,35.02,0.02,0.95,0.81,35.97,"27,088.43"
1923,13/12/2018,FPT,"44,450","44,950","44,600","45,250","44,500","44,830",150,0.34,0.78,34.99,0.00,0.00,0.78,34.99,"27,364.53"
1924,12/12/2018,FPT,"44,050","44,050","44,450","44,550","44,050","44,356",400,0.91,0.66,29.46,0.68,31.99,1.34,61.45,"27,272.49"
1925,11/12/2018,FPT,"44,200","44,300","44,050","44,500","43,900","44,176",-150,-0.34,0.38,16.91,0.00,0.00,0.38,16.91,"27,027.07"
1926,10/12/2018,FPT,"45,100","44,800","44,200","45,000","44,200","44,506",-900,-2.00,0.69,30.93,0.00,0.00,0.69,30.93,"27,119.10"
1927,07/12/2018,FPT,"44,400","44,600","45,100","45,350","44,600","44,921",700,1.58,0.76,34.28,0.00,0.00,0.76,34.28,"27,671.30"
1928,06/12/2018,FPT,"44,600","44,500","44,400","44,800","44,050","44,386",-200,-0.45,0.48,21.49,0.40,18.92,0.88,40.41,"27,241.82"
1929,05/12/2018,FPT,"44,950","44,450","44,600","44,950","44,400","44,676",-350,-0.78,0.61,27.07,0.00,0.00,0.61,27.07,"27,364.53"
1930,04/12/2018,FPT,"44,900","44,900","44,950","45,500","44,750","45,019",50,0.11,1.01,45.52,0.00,0.00,1.01,45.52,"27,579.27"
1931,03/12/2018,FPT,"42,900","43,200","44,900","44,900","43,200","44,193","2,000",4.66,1.14,50.22,0.00,0.00,1.14,50.22,"27,548.59"
1932,30/11/2018,FPT,"42,900","42,900","42,900","42,950","42,650","42,767",0,0.00,0.32,13.85,0.07,2.98,0.39,16.83,"26,321.48"
1933,29/11/2018,FPT,"42,800","43,300","42,900","43,500","42,900","43,061",100,0.23,0.52,22.55,0.00,0.00,0.52,22.55,"26,321.48"
1934,28/11/2018,FPT,"42,750","42,750","42,800","42,850","42,550","42,765",50,0.12,0.26,10.96,0.00,0.00,0.26,10.96,"26,260.13"
1935,27/11/2018,FPT,"42,450","42,900","42,750","42,900","42,500","42,708",300,0.71,0.34,14.59,0.00,0.00,0.34,14.59,"26,229.45"
1936,26/11/2018,FPT,"43,050","43,050","42,450","43,050","42,450","42,625",-600,-1.39,0.48,20.61,0.00,0.00,0.48,20.61,"26,045.38"
1937,23/11/2018,FPT,"43,400","43,100","43,050","43,450","43,000","43,212",-350,-0.81,0.35,14.95,0.00,0.00,0.35,14.95,"26,413.52"
1938,22/11/2018,FPT,"43,400","43,400","43,400","43,600","43,250","43,402",0,0.00,0.32,14.03,0.00,0.00,0.32,14.03,"26,628.26"
1939,21/11/2018,FPT,"43,400","42,800","43,400","43,400","42,700","43,005",0,0.00,0.51,22.08,0.68,31.22,1.19,53.30,"26,628.26"
1940,20/11/2018,FPT,"43,150","43,200","43,400","43,400","42,850","43,134",250,0.58,0.55,23.73,0.00,0.00,0.55,23.73,"26,628.26"
1941,19/11/2018,FPT,"42,750","43,000","43,150","43,200","42,800","43,038",400,0.94,0.40,17.04,0.00,0.00,0.40,17.04,"26,474.87"
1942,16/11/2018,FPT,"42,200","42,500","42,750","42,900","42,250","42,592",550,1.30,0.64,27.26,0.00,0.00,0.64,27.26,"26,229.45"
1943,15/11/2018,FPT,"42,250","42,000","42,200","42,400","41,700","42,168",-50,-0.12,0.50,21.03,0.00,0.00,0.50,21.03,"25,892.00"
1944,14/11/2018,FPT,"41,650","41,900","42,250","42,250","41,600","42,025",600,1.44,0.75,31.62,0.03,1.55,0.79,33.17,"25,922.67"
1945,13/11/2018,FPT,"41,950","41,200","41,650","41,750","41,200","41,479",-300,-0.72,0.44,18.17,0.00,0.00,0.44,18.17,"25,554.54"
1946,12/11/2018,FPT,"41,250","41,200","41,950","41,950","41,150","41,478",700,1.70,0.27,11.33,0.00,0.00,0.27,11.33,"25,738.61"
1947,09/11/2018,FPT,"42,150","41,800","41,250","42,100","41,200","41,561",-900,-2.14,0.64,26.40,0.00,0.00,0.64,26.40,"25,309.12"
1948,08/11/2018,FPT,"41,850","42,250","42,150","42,400","41,950","42,132",300,0.72,0.35,14.84,0.00,0.00,0.35,14.84,"25,861.32"
1949,07/11/2018,FPT,"42,150","42,150","41,850","42,500","41,650","41,965",-300,-0.71,0.50,20.80,0.00,0.00,0.50,20.80,"25,677.25"
1950,06/11/2018,FPT,"42,550","42,700","42,150","42,750","42,100","42,361",-400,-0.94,0.47,19.95,0.03,1.31,0.50,21.26,"25,861.32"
1951,05/11/2018,FPT,"42,900","42,600","42,550","43,000","42,200","42,508",-350,-0.82,0.27,11.29,0.00,0.00,0.27,11.29,"26,106.74"
1952,02/11/2018,FPT,"41,900","42,350","42,900","43,000","42,050","42,535","1,000",2.39,0.59,25.26,0.15,6.61,0.74,31.87,"26,321.48"
1953,01/11/2018,FPT,"41,950","42,050","41,900","42,400","41,900","42,113",-50,-0.12,0.47,19.78,0.15,6.73,0.62,26.51,"25,707.93"
1954,31/10/2018,FPT,"41,000","41,750","41,950","42,000","41,300","41,705",950,2.32,0.33,13.56,0.00,0.00,0.33,13.56,"25,738.61"
1955,30/10/2018,FPT,"41,000","41,100","41,000","41,800","40,850","41,323",0,0.00,0.45,18.70,0.00,0.00,0.45,18.70,"25,155.73"
1956,29/10/2018,FPT,"40,800","40,500","41,000","41,450","40,500","40,936",200,0.49,0.46,18.93,0.02,0.82,0.48,19.75,"25,155.73"
1957,26/10/2018,FPT,"41,050","41,500","40,800","41,750","40,800","41,303",-250,-0.61,0.92,37.99,0.00,0.00,0.92,37.99,"25,033.02"
1958,25/10/2018,FPT,"41,800","40,000","41,050","41,300","40,000","40,650",-750,-1.79,0.76,30.80,0.00,0.00,0.76,30.80,"25,186.41"
1959,24/10/2018,FPT,"42,200","42,050","41,800","42,550","41,800","42,173",-400,-0.95,0.56,23.72,0.00,0.00,0.56,23.72,"25,646.57"
1960,23/10/2018,FPT,"43,150","43,150","42,200","43,150","41,600","42,390",-950,-2.20,1.15,48.79,0.00,0.00,1.15,48.79,"25,892.00"
1961,22/10/2018,FPT,"43,000","43,400","43,150","43,700","43,100","43,330",150,0.35,0.43,18.60,0.00,0.00,0.43,18.60,"26,474.87"
1962,19/10/2018,FPT,"43,600","43,000","43,000","43,500","42,900","43,049",-600,-1.38,0.93,39.84,0.00,0.00,0.93,39.84,"26,382.84"
1963,18/10/2018,FPT,"43,600","43,700","43,600","44,000","43,400","43,654",0,0.00,0.71,31.02,0.00,0.00,0.71,31.02,"26,750.97"
1964,17/10/2018,FPT,"43,250","43,800","43,600","44,000","43,500","43,713",350,0.81,0.47,20.73,0.02,1.01,0.50,21.75,"26,750.97"
1965,16/10/2018,FPT,"43,000","43,500","43,250","43,500","42,700","43,031",250,0.58,0.60,25.98,0.08,3.47,0.68,29.45,"26,536.23"
1966,15/10/2018,FPT,"43,800","43,800","43,000","44,000","43,000","43,383",-800,-1.83,0.50,21.50,0.02,1.01,0.52,22.51,"26,382.84"
1967,12/10/2018,FPT,"42,700","42,500","43,800","44,000","41,700","42,799","1,100",2.58,1.38,58.98,0.00,0.00,1.38,58.98,"26,873.68"
1968,11/10/2018,FPT,"45,300","44,000","42,700","44,400","42,300","43,401","-2,600",-5.74,2.18,94.52,0.00,0.00,2.18,94.52,"26,198.77"
1969,10/10/2018,FPT,"44,700","44,700","45,300","45,400","44,700","45,013",600,1.34,0.70,31.32,0.00,0.00,0.70,31.32,"27,794.01"
1970,09/10/2018,FPT,"45,000","45,000","44,700","45,150","44,700","44,913",-300,-0.67,0.40,17.94,0.24,11.64,0.64,29.58,"27,425.88"
1971,08/10/2018,FPT,"45,600","45,500","45,000","45,500","45,000","45,212",-600,-1.32,0.51,23.14,0.00,0.00,0.51,23.14,"27,609.95"
1972,05/10/2018,FPT,"45,850","45,950","45,600","46,000","45,550","45,780",-250,-0.55,0.51,23.28,0.00,0.00,0.51,23.28,"27,978.08"
1973,04/10/2018,FPT,"45,500","45,500","45,850","46,000","45,400","45,748",350,0.77,0.47,21.56,0.00,0.00,0.47,21.56,"28,131.47"
1974,03/10/2018,FPT,"45,300","45,300","45,500","45,700","45,250","45,349",200,0.44,0.37,16.92,0.00,0.00,0.37,16.92,"27,916.73"
1975,02/10/2018,FPT,"46,000","45,850","45,300","46,000","45,250","45,659",-700,-1.52,0.85,39.02,0.13,6.45,0.99,45.47,"27,794.01"
1976,01/10/2018,FPT,"46,300","46,300","46,000","46,450","45,950","46,094",-300,-0.65,0.52,23.96,0.00,0.00,0.52,23.96,"28,223.50"
1977,28/09/2018,FPT,"46,200","46,500","46,300","46,500","46,250","46,392",100,0.22,0.56,25.97,0.00,0.00,0.56,25.97,"28,407.57"
1978,27/09/2018,FPT,"46,050","46,050","46,200","46,500","46,050","46,207",150,0.33,0.75,34.69,0.13,6.40,0.88,41.09,"28,346.21"
1979,26/09/2018,FPT,"45,900","46,000","46,050","46,800","45,850","46,137",150,0.33,1.03,47.47,0.00,0.00,1.03,47.47,"28,254.18"
1980,25/09/2018,FPT,"46,100","46,000","45,900","46,100","45,800","45,954",-200,-0.43,0.75,34.31,0.00,0.00,0.75,34.31,"28,162.15"
1981,24/09/2018,FPT,"45,900","45,900","46,100","46,500","45,800","46,020",200,0.44,0.99,45.62,0.00,0.00,0.99,45.62,"28,284.86"
1982,21/09/2018,FPT,"45,900","46,050","45,900","46,050","45,200","45,670",0,0.00,1.33,60.62,0.13,6.25,1.45,66.86,"28,162.15"
1983,20/09/2018,FPT,"45,450","45,050","45,900","46,200","45,050","45,910",450,0.99,1.13,51.71,1.04,49.97,2.16,101.67,"28,162.15"
1984,19/09/2018,FPT,"44,800","45,000","45,450","45,650","44,800","45,335",650,1.45,1.35,61.30,0.00,0.00,1.35,61.30,"27,886.05"
1985,18/09/2018,FPT,"44,100","43,700","44,800","44,800","43,700","44,299",700,1.59,0.80,35.42,0.00,0.00,0.80,35.42,"27,487.24"
1986,17/09/2018,FPT,"44,550","44,500","44,100","44,500","44,100","44,293",-450,-1.01,0.56,25.02,0.00,0.00,0.56,25.02,"27,057.75"
1987,14/09/2018,FPT,"43,400","43,600","44,550","44,700","43,600","44,395","1,150",2.65,2.77,123.09,0.12,4.98,2.89,128.07,"27,333.85"
1988,13/09/2018,FPT,"43,050","43,700","43,400","43,900","43,200","43,636",350,0.81,0.65,28.20,0.00,0.00,0.65,28.20,"26,628.26"
1989,12/09/2018,FPT,"43,150","43,500","43,050","43,700","43,050","43,219",-100,-0.23,0.48,20.64,0.00,0.00,0.48,20.64,"26,413.52"
1990,11/09/2018,FPT,"42,550","42,550","43,150","43,200","42,550","42,883",600,1.41,0.56,24.11,0.12,4.98,0.68,29.09,"26,474.87"
1991,10/09/2018,FPT,"43,000","43,200","42,550","43,200","42,550","42,834",-450,-1.05,0.37,15.73,0.00,0.00,0.37,15.73,"26,106.74"
1992,07/09/2018,FPT,"42,350","42,500","43,000","43,000","42,350","42,567",650,1.53,0.51,21.66,0.00,0.00,0.51,21.66,"26,382.84"
1993,06/09/2018,FPT,"43,300","43,100","42,350","43,300","42,350","42,752",-950,-2.19,1.21,51.57,0.34,13.72,1.55,65.28,"25,984.03"
1994,05/09/2018,FPT,"44,100","44,050","43,300","44,200","43,000","43,790",-800,-1.81,0.84,36.94,0.11,4.62,0.95,41.56,"26,566.91"
1995,04/09/2018,FPT,"44,200","44,100","44,100","44,700","44,000","44,239",-100,-0.23,0.63,28.07,0.00,0.00,0.63,28.07,"27,057.75"
1996,31/08/2018,FPT,"44,150","44,150","44,200","44,900","44,100","44,459",50,0.11,1.03,45.67,0.00,0.00,1.03,45.67,"27,119.10"
1997,30/08/2018,FPT,"44,200","44,200","44,150","44,200","43,950","44,063",-50,-0.11,0.63,27.86,0.00,0.00,0.63,27.86,"27,088.43"
1998,29/08/2018,FPT,"44,200","44,150","44,200","44,400","43,950","44,090",0,0.00,0.78,34.19,1.22,57.51,1.99,91.70,"27,119.10"
1999,28/08/2018,FPT,"44,400","44,300","44,200","44,450","44,050","44,213",-200,-0.45,0.91,40.22,0.00,0.00,0.91,40.22,"27,119.10"
2000,27/08/2018,FPT,"44,450","44,300","44,400","44,500","44,200","44,395",-50,-0.11,0.81,35.88,0.10,4.79,0.91,40.67,"27,241.82"
2001,24/08/2018,FPT,"44,400","44,400","44,450","44,500","43,900","44,277",50,0.11,0.63,27.88,0.00,0.00,0.63,27.88,"27,272.49"
2002,23/08/2018,FPT,"44,050","44,100","44,400","44,500","44,100","44,412",350,0.79,1.00,44.63,0.00,0.00,1.00,44.63,"27,241.82"
2003,22/08/2018,FPT,"43,700","43,750","44,050","44,300","43,700","43,985",350,0.80,1.15,50.70,0.28,11.47,1.43,62.17,"27,027.07"
2004,21/08/2018,FPT,"43,700","43,600","43,700","43,800","43,400","43,580",0,0.00,0.72,31.40,0.14,6.32,0.86,37.72,"26,812.33"
2005,20/08/2018,FPT,"43,500","43,500","43,700","44,300","43,150","43,734",200,0.46,0.96,41.78,0.00,0.00,0.96,41.78,"26,812.33"
2006,17/08/2018,FPT,"43,000","43,200","43,500","43,500","43,000","43,277",500,1.16,0.93,40.16,0.00,0.00,0.93,40.16,"26,689.62"
2007,16/08/2018,FPT,"42,800","42,900","43,000","43,000","42,450",0,-800,-1.83,1.38,59.00,0.00,0.00,1.38,59.00,"26,382.84"
2008,15/08/2018,FPT,"44,300","44,300","43,800","44,700","43,700","44,380",-500,-1.13,1.66,73.58,0.00,0.00,1.66,73.58,"26,873.68"
2009,14/08/2018,FPT,"43,450","43,750","44,300","44,350","43,600","44,052",850,1.96,1.60,70.54,0.03,1.39,1.63,71.93,"27,180.46"
2010,13/08/2018,FPT,"43,100","43,100","43,450","43,700","43,100","43,382",350,0.81,1.04,45.06,0.04,1.61,1.07,46.68,"26,658.94"
2011,10/08/2018,FPT,"42,800","42,800","43,100","43,450","42,700","43,142",300,0.70,0.80,34.40,0.00,0.00,0.80,34.40,"26,444.19"
2012,09/08/2018,FPT,"42,500","43,000","42,800","43,200","42,550","42,938",300,0.71,1.23,52.93,0.00,0.00,1.23,52.93,"26,260.13"
2013,08/08/2018,FPT,"41,950","41,950","42,500","42,600","41,900","42,211",550,1.31,0.76,32.25,0.00,0.00,0.76,32.25,"26,076.06"
2014,07/08/2018,FPT,"42,250","42,300","41,950","42,300","41,750","42,005",-300,-0.71,0.65,27.13,0.00,0.00,0.65,27.13,"25,738.61"
2015,06/08/2018,FPT,"42,600","42,400","42,250","42,700","42,250","42,396",-350,-0.82,0.35,14.84,0.00,0.00,0.35,14.84,"25,922.67"
2016,03/08/2018,FPT,"42,700","43,000","42,600","43,100","42,400","42,835",-100,-0.23,0.72,30.83,0.03,1.11,0.75,31.95,"26,137.42"
2017,02/08/2018,FPT,"42,000","42,000","42,700","42,700","41,600","41,803",700,1.67,0.73,30.38,0.00,0.00,0.73,30.38,"26,198.77"
2018,01/08/2018,FPT,"42,800","42,700","42,000","43,050","41,900","42,266",-800,-1.87,2.43,102.77,0.00,0.00,2.43,102.77,"25,769.28"
2019,31/07/2018,FPT,"43,300","43,300","42,800","43,500","42,800","43,040",-500,-1.15,1.59,68.49,0.10,4.63,1.69,73.12,"26,260.13"
2020,30/07/2018,FPT,"43,300","43,400","43,300","43,500","43,200","43,315",0,0.00,1.20,51.86,0.00,0.00,1.20,51.86,"26,566.91"
2021,27/07/2018,FPT,"42,550","42,900","43,300","43,900","42,550","43,333",750,1.76,1.29,55.98,0.00,0.00,1.29,55.98,"26,566.91"
2022,26/07/2018,FPT,"42,400","42,700","42,550","43,000","42,100","42,535",150,0.35,0.72,30.53,0.00,0.00,0.72,30.53,"26,106.74"
2023,25/07/2018,FPT,"42,200","42,300","42,400","43,800","42,200","42,727",200,0.47,1.33,56.66,0.07,3.12,1.40,59.77,"26,014.71"
2024,24/07/2018,FPT,"42,000","42,000","42,200","42,450","41,400","41,831",200,0.48,1.17,48.84,0.25,11.27,1.42,60.11,"25,892.00"
2025,23/07/2018,FPT,"41,600","42,200","42,000","42,700","41,850","42,274",400,0.96,1.11,47.00,0.00,0.00,1.11,47.00,"25,769.28"
2026,20/07/2018,FPT,"42,500","42,300","41,600","42,300","41,250","41,689",-900,-2.12,0.85,35.49,0.22,9.95,1.07,45.45,"25,523.86"
2027,19/07/2018,FPT,"42,900","42,200","42,500","42,900","42,200","42,553",-400,-0.93,0.75,32.05,0.07,3.21,0.82,35.26,"26,076.06"
2028,18/07/2018,FPT,"41,900","42,000","42,900","42,900","41,900","42,431","1,000",2.39,1.10,46.51,0.10,4.48,1.20,50.99,"26,321.48"
2029,17/07/2018,FPT,"40,900","40,700","41,900","41,900","40,550","41,343","1,000",2.44,1.30,53.64,0.09,3.46,1.38,57.10,"25,707.93"
2030,16/07/2018,FPT,"40,600","41,100","40,900","41,500","40,650","41,033",300,0.74,0.65,26.48,0.12,5.16,0.76,31.64,"25,094.37"
2031,13/07/2018,FPT,"38,800","39,500","40,600","40,800","39,300","40,280","1,800",4.64,1.06,42.72,0.00,0.00,1.06,42.72,"24,910.31"
2032,12/07/2018,FPT,"39,200","38,600","38,800","39,650","38,500","38,917",-400,-1.02,0.68,26.64,0.09,3.44,0.77,30.08,"23,805.91"
2033,11/07/2018,FPT,"40,400","39,500","39,200","40,000","38,600","39,187","-1,200",-2.97,0.80,31.42,0.00,0.00,0.80,31.42,"24,051.33"
2034,10/07/2018,FPT,"40,150","40,300","40,400","40,700","40,000","40,269",250,0.62,0.25,10.03,0.00,0.00,0.25,10.03,"24,787.60"
2035,09/07/2018,FPT,"40,800","41,000","40,150","41,350","39,800","40,838",-650,-1.59,0.58,23.85,0.08,3.66,0.67,27.50,"24,634.21"
2036,06/07/2018,FPT,"39,500","39,000","40,800","41,700","38,900","40,110","1,300",3.29,0.91,36.63,0.00,0.00,0.91,36.63,"25,033.02"
2037,05/07/2018,FPT,"40,000","40,000","39,500","40,100","38,500","39,320",-500,-1.25,0.71,27.97,0.00,0.00,0.71,27.97,"24,235.40"
2038,04/07/2018,FPT,"39,000","39,050","40,000","40,000","38,500","39,249","1,000",2.56,0.98,38.47,0.04,1.72,1.02,40.19,"24,542.18"
2039,03/07/2018,FPT,"40,200","40,200","39,000","40,650","39,000","39,650","-1,200",-2.99,1.35,53.57,0.00,0.00,1.35,53.57,"23,928.62"
2040,02/07/2018,FPT,"41,500","41,500","40,200","41,900","40,000","40,618","-1,300",-3.13,0.98,39.77,0.10,4.23,1.07,43.99,"24,664.89"
2041,29/06/2018,FPT,"42,500","42,500","41,500","43,000","41,500","42,088","-1,000",-2.35,0.76,31.98,0.00,0.00,0.76,31.98,"25,462.51"
2042,28/06/2018,FPT,"44,300","44,300","42,500","44,300","42,500","43,164","-1,800",-4.06,1.18,50.73,0.00,0.00,1.18,50.73,"26,076.06"
2043,27/06/2018,FPT,"44,500","44,900","44,300","44,900","44,250","44,519",-200,-0.45,0.26,11.44,0.23,11.09,0.49,22.53,"27,180.46"
2044,26/06/2018,FPT,"45,100","44,500","44,500","44,800","44,300","44,501",-600,-1.33,0.24,10.72,0.00,0.00,0.24,10.72,"27,303.17"
2045,25/06/2018,FPT,"45,000","45,400","45,100","45,400","44,900","45,130",100,0.22,0.51,23.09,0.10,4.82,0.61,27.90,"27,671.30"
2046,22/06/2018,FPT,"44,400","44,300","45,000","45,000","43,900","44,389",600,1.35,0.38,16.66,0.00,0.00,0.38,16.66,"27,609.95"
2047,21/06/2018,FPT,"45,400","45,400","44,400","45,400","44,100","44,784","-1,000",-2.20,0.35,15.66,0.00,0.00,0.35,15.66,"27,241.82"
2048,20/06/2018,FPT,"44,500","44,900","45,400","45,400","44,000","44,901",900,2.02,0.65,29.21,0.00,0.00,0.65,29.21,"27,855.37"
2049,19/06/2018,FPT,"45,400","45,100","44,500","45,100","42,700","44,016",-900,-1.98,2.02,88.72,4.58,199.34,6.60,288.05,"27,303.17"
2050,18/06/2018,FPT,"46,500","46,900","45,400","46,900","45,400","45,936","-1,100",-2.37,0.69,31.86,0.95,47.09,1.64,78.95,"27,855.37"
2051,15/06/2018,FPT,"46,600","46,300","46,500","46,700","46,250","46,372",-100,-0.21,0.44,20.50,0.00,0.00,0.44,20.50,"28,530.28"
2052,14/06/2018,FPT,"46,800","47,000","46,600","47,250","46,600","46,911",-200,-0.43,0.46,21.60,0.00,0.00,0.46,21.60,"28,591.63"
2053,13/06/2018,FPT,"46,300","46,000","46,800","46,900","46,000","46,443",500,1.08,0.45,21.00,0.19,9.36,0.64,30.35,"28,714.35"
2054,12/06/2018,FPT,"47,500","47,500","46,300","47,500","45,700","46,551","-1,200",-2.53,1.26,58.52,0.02,1.02,1.28,59.54,"28,407.57"
2055,11/06/2018,FPT,"47,950","47,750","47,500","47,950","47,500","47,723",-450,-0.94,0.72,34.45,0.00,0.00,0.72,34.45,"29,143.83"
2056,08/06/2018,FPT,"47,800","47,900","47,950","48,200","47,500","47,833",150,0.31,1.05,50.27,0.00,0.00,1.05,50.27,"29,419.93"
2057,07/06/2018,FPT,"48,500","48,900","47,800","48,900","47,700","48,099",-700,-1.44,1.14,54.75,0.00,0.00,1.14,54.75,"29,327.90"
2058,06/06/2018,FPT,"47,800","48,000","48,500","48,500","47,300","48,125",700,1.46,1.02,48.97,0.00,0.00,1.02,48.97,"25,876.36"
2059,05/06/2018,FPT,"47,250","47,500","47,800","48,100","47,200","47,592",550,1.16,1.35,64.14,0.55,25.90,1.90,90.04,"25,502.89"
2060,04/06/2018,FPT,"46,450","46,500","47,250","47,450","46,350","46,924",800,1.72,1.15,53.99,0.28,13.90,1.43,67.90,"25,209.45"
2061,01/06/2018,FPT,"46,000","46,000","46,450","46,700","45,700","46,278",450,0.98,1.29,59.77,0.28,12.00,1.57,71.76,"24,782.62"
2062,31/05/2018,FPT,"45,450","45,050","46,000","46,700","45,000","46,052",550,1.21,1.11,50.89,0.14,6.78,1.25,57.67,"24,542.53"
2063,30/05/2018,FPT,"47,400","47,300","45,450","47,300","45,400","45,765","-1,950",-4.11,1.59,72.81,0.10,5.07,1.69,77.88,"24,249.09"
2064,29/05/2018,FPT,"45,500","45,500","47,400","48,200","44,850","45,789","1,900",4.18,2.35,107.63,0.00,0.00,2.35,107.63,"25,289.48"
2065,28/05/2018,FPT,"48,900","47,200","45,500","48,200","45,500","46,204","-3,400",-6.95,2.03,94.02,0.10,5.41,2.14,99.44,"24,275.76"
2066,25/05/2018,FPT,"50,400","51,000","48,900","51,000","48,900","50,022","-1,500",-2.98,0.79,39.44,0.18,9.90,0.97,49.33,"26,089.78"
2067,24/05/2018,FPT,"60,600","60,900","59,500","61,200","59,500","59,969","-1,100",-1.82,1.04,62.11,0.44,28.60,1.48,90.71,"31,745.23"
2068,23/05/2018,FPT,"59,700","60,000","60,600","61,000","59,500","60,279",900,1.51,1.08,64.93,0.10,6.38,1.18,71.31,"32,332.12"
2069,22/05/2018,FPT,"61,000","61,000","59,700","61,500","59,500","60,337","-1,300",-2.13,1.10,66.46,1.25,80.65,2.35,147.11,"31,851.94"
2070,21/05/2018,FPT,"60,800","61,200","61,000","62,400","61,000","61,657",200,0.33,1.48,91.49,0.05,3.37,1.54,94.85,"32,545.53"
2071,18/05/2018,FPT,"60,600","60,600","60,800","61,000","58,800","59,857",200,0.33,0.98,58.66,0.00,0.00,0.98,58.66,"32,438.82"
2072,17/05/2018,FPT,"60,500","60,400","60,600","61,400","60,400","60,779",100,0.17,0.72,43.74,0.00,0.00,0.72,43.74,"32,332.12"
2073,16/05/2018,FPT,"61,400","61,000","60,500","61,400","60,500","60,831",-900,-1.47,0.67,40.94,0.30,19.68,0.97,60.62,"32,278.76"
2074,15/05/2018,FPT,"61,600","62,000","61,400","62,000","61,000","61,462",-200,-0.32,0.91,55.98,0.03,1.79,0.94,57.77,"32,758.94"
2075,14/05/2018,FPT,"59,500","60,100","61,600","61,700","59,600","60,932","2,100",3.53,2.01,122.63,0.11,6.84,2.12,129.46,"32,865.65"
2076,11/05/2018,FPT,"58,300","58,000","59,500","59,500","58,000","58,875","1,200",2.06,1.17,68.86,0.00,0.00,1.17,68.86,"31,745.23"
2077,10/05/2018,FPT,"58,400","58,400","58,300","59,400","58,000","58,720",-100,-0.17,1.55,90.79,0.00,0.00,1.55,90.79,"31,104.99"
2078,09/05/2018,FPT,"59,000","58,600","58,400","59,100","58,100","58,664",-600,-1.02,1.00,58.94,0.12,7.15,1.12,66.09,"31,158.34"
2079,08/05/2018,FPT,"59,600","59,200","59,000","59,600","58,800","59,149",-600,-1.01,1.11,65.90,0.91,54.88,2.02,120.78,"31,478.46"
2080,07/05/2018,FPT,"58,800","58,800","59,600","59,600","58,600","59,052",800,1.36,0.88,51.85,0.00,0.00,0.88,51.85,"31,798.58"
2081,04/05/2018,FPT,"58,000","58,500","58,800","59,000","58,200","58,618",800,1.38,1.17,68.65,0.11,6.79,1.28,75.44,"31,371.76"
2082,03/05/2018,FPT,"57,000","56,800","58,000","58,000","55,700","56,853","1,000",1.75,2.16,122.97,2.54,154.66,4.71,277.62,"30,944.93"
2083,02/05/2018,FPT,"57,000","57,800","57,000","58,000","56,800","57,429",0,0.00,1.37,78.69,0.00,0.00,1.37,78.69,"30,411.40"
2084,27/04/2018,FPT,"55,000","55,000","57,000","57,400","54,900","56,188","2,000",3.64,1.60,89.77,0.02,1.45,1.62,91.22,"30,411.40"
2085,26/04/2018,FPT,"56,400","56,900","55,000","57,700","55,000","56,265","-1,400",-2.48,2.03,114.32,0.90,54.44,2.93,168.76,"29,344.33"
2086,24/04/2018,FPT,"58,000","57,400","56,400","58,500","56,100","57,406","-1,600",-2.76,1.85,106.25,0.00,0.00,1.85,106.25,"30,091.28"
2087,23/04/2018,FPT,"61,300","61,300","58,000","61,700","57,200","59,796","-3,300",-5.38,1.46,87.39,1.50,88.10,2.96,175.49,"30,944.93"
2088,20/04/2018,FPT,"60,700","61,000","61,300","61,500","60,300","61,014",600,0.99,0.97,59.34,0.13,8.25,1.10,67.59,"32,705.59"
2089,19/04/2018,FPT,"62,000","62,000","60,700","62,100","60,700","61,152","-1,300",-2.10,2.38,145.38,0.00,0.00,2.38,145.38,"32,224.34"
2090,18/04/2018,FPT,"62,000","62,300","62,000","62,900","61,900","62,414",0,0.00,1.25,77.85,0.18,11.93,1.43,89.78,"32,914.48"
2091,17/04/2018,FPT,"61,100","61,500","62,000","62,000","60,900","61,450",900,1.47,1.11,67.91,0.82,46.61,1.92,114.51,"32,914.48"
2092,16/04/2018,FPT,"62,000","62,000","61,100","62,400","60,900","61,373",-900,-1.45,1.18,72.48,0.00,0.00,1.18,72.48,"32,436.69"
2093,13/04/2018,FPT,"63,600","63,900","62,000","63,900","62,000","62,616","-1,600",-2.52,2.15,134.42,0.20,13.60,2.35,148.02,"32,914.48"
2094,12/04/2018,FPT,"63,000","63,000","63,600","63,600","62,100","63,008",600,0.95,1.32,83.24,0.00,0.00,1.32,83.24,"33,763.89"
2095,11/04/2018,FPT,"64,400","64,800","63,000","65,400","63,000","64,110","-1,400",-2.17,3.30,211.33,0.73,49.95,4.02,261.28,"33,445.36"
2096,10/04/2018,FPT,"63,400","63,600","64,400","65,200","63,500","64,340","1,000",1.58,4.49,288.89,0.30,20.20,4.79,309.09,"34,188.59"
2097,09/04/2018,FPT,"62,700","62,600","63,400","63,600","62,600","63,203",700,1.12,1.50,94.94,0.00,0.00,1.50,94.94,"33,657.71"
2098,06/04/2018,FPT,"63,000","64,200","62,700","64,300","62,700","63,604",-300,-0.48,3.61,229.88,0.17,11.46,3.78,241.34,"33,286.10"
2099,05/04/2018,FPT,"61,700","62,000","63,000","63,700","61,500","62,668","1,300",2.11,2.87,180.11,0.61,38.10,3.48,218.21,"33,445.36"
2100,04/04/2018,FPT,"61,200","62,000","61,700","62,800","61,600","62,218",500,0.82,2.30,142.97,0.00,0.00,2.30,142.97,"32,755.22"
2108,23/03/2018,FPT,"60,100","59,000","58,600","59,600","58,000","58,865","-1,500",-2.50,2.83,166.81,0.54,34.52,3.37,201.32,"31,109.49"
2109,22/03/2018,FPT,"61,000","61,000","60,100","61,400","60,100","60,721",-900,-1.48,1.26,76.80,0.04,2.52,1.30,79.31,"31,905.81"
2110,21/03/2018,FPT,"61,300","61,300","61,000","61,800","61,000","61,419",-300,-0.49,1.00,61.39,0.00,0.00,1.00,61.39,"32,383.60"
2101,03/04/2018,FPT,"61,500","61,200","61,200","61,400","60,900","61,148",-300,-0.49,1.14,69.76,0.57,37.51,1.71,107.26,"32,489.78"
2102,02/04/2018,FPT,"60,700","61,500","61,500","61,700","61,000","61,390",800,1.32,2.19,134.74,0.35,22.72,2.54,157.46,"32,649.04"
2103,30/03/2018,FPT,"59,500","59,600","60,700","61,300","59,400","60,577","1,200",2.02,2.43,147.49,5.08,323.02,7.52,470.51,"32,224.34"
2104,29/03/2018,FPT,"58,900","59,400","59,500","59,700","59,000","59,422",600,1.02,0.83,49.16,1.50,94.50,2.33,143.66,"31,587.28"
2105,28/03/2018,FPT,"59,500","59,100","58,900","59,400","58,800","59,074",-600,-1.01,0.66,39.02,9.20,584.90,9.86,623.91,"31,268.76"
2106,27/03/2018,FPT,"59,200","59,900","59,500","60,100","59,000","59,567",300,0.51,0.99,59.17,1.76,111.38,2.75,170.54,"31,587.28"
2107,26/03/2018,FPT,"58,600","58,600","59,200","59,400","58,600","59,011",600,1.02,0.94,55.52,0.02,1.09,0.96,56.61,"31,428.02"
2111,20/03/2018,FPT,"60,500","60,200","61,300","62,300","60,000","61,722",800,1.32,2.92,180.32,0.00,0.00,2.92,180.32,"32,542.87"
2112,19/03/2018,FPT,"60,100","60,200","60,500","60,600","59,900","60,243",400,0.67,1.34,80.55,0.00,0.00,1.34,80.55,"32,118.16"
2113,16/03/2018,FPT,"60,600","60,600","60,100","60,800","59,700","60,119",-500,-0.83,1.43,85.78,0.12,7.36,1.55,93.14,"31,905.81"
2114,15/03/2018,FPT,"60,800","61,000","60,600","61,100","60,300","60,696",-200,-0.33,1.19,72.19,0.00,0.00,1.19,72.19,"32,171.25"
2115,14/03/2018,FPT,"60,100","60,100","60,800","60,800","59,400","60,230",700,1.16,2.07,124.69,0.02,1.29,2.09,125.98,"32,277.43"
2116,13/03/2018,FPT,"61,400","61,200","60,100","61,200","59,400","60,124","-1,300",-2.12,4.16,250.10,0.85,55.76,5.01,305.86,"31,905.81"
2117,12/03/2018,FPT,"61,600","62,000","61,400","62,600","61,400","62,131",-200,-0.32,1.61,99.77,0.03,1.72,1.64,101.49,"32,595.95"
2118,09/03/2018,FPT,"62,200","62,700","61,600","63,100","61,500","62,131",-600,-0.96,2.07,128.51,0.55,36.58,2.62,165.09,"32,702.13"
2119,08/03/2018,FPT,"62,200","62,000","62,200","62,500","61,300","61,985",0,0.00,1.32,81.61,0.50,33.25,1.82,114.86,"33,020.66"
2120,07/03/2018,FPT,"63,300","63,500","62,200","63,700","61,500","62,453","-1,100",-1.74,2.00,124.93,0.53,35.94,2.53,160.87,"33,020.66"
2121,06/03/2018,FPT,"61,500","62,500","63,300","63,300","61,700","62,605","1,800",2.93,2.58,161.37,0.00,0.00,2.58,161.37,"33,604.62"
2122,05/03/2018,FPT,"61,100","61,300","61,500","64,500","61,300","63,013",400,0.65,6.03,379.67,0.00,0.00,6.03,379.67,"32,649.04"
2123,02/03/2018,FPT,"60,800","60,500","61,100","61,300","60,000","60,727",300,0.49,1.84,111.80,0.00,0.00,1.84,111.80,"32,436.69"
2124,01/03/2018,FPT,"59,800","59,400","60,800","61,200","59,100","60,087","1,000",1.67,2.11,127.04,0.20,12.78,2.31,139.82,"32,277.43"
2125,28/02/2018,FPT,"59,800","59,200","59,800","60,400","59,100","59,629",0,0.00,1.84,109.46,1.00,63.90,2.84,173.36,"31,746.55"
2126,27/02/2018,FPT,"60,400","60,700","59,800","60,800","59,500","60,098",-600,-0.99,1.42,85.08,0.00,0.00,1.42,85.08,"31,746.55"
2127,26/02/2018,FPT,"60,500","61,000","60,400","61,800","60,400","61,055",-100,-0.17,2.47,150.67,0.08,5.37,2.55,156.04,"32,065.08"
2128,23/02/2018,FPT,"58,400","58,500","60,500","60,600","58,500","59,591","2,100",3.60,1.61,95.77,0.41,25.53,2.02,121.30,"32,118.16"
2129,22/02/2018,FPT,"59,400","59,300","58,400","59,500","58,200","58,876","-1,000",-1.68,1.43,84.37,0.10,6.57,1.54,90.94,"31,003.32"
2130,21/02/2018,FPT,"59,000","60,100","59,400","60,300","59,000","59,672",400,0.68,1.57,93.95,0.23,14.29,1.80,108.24,"31,534.20"
2131,13/02/2018,FPT,"57,100","58,200","59,000","59,300","57,800","58,480","1,900",3.33,1.45,84.70,0.03,1.59,1.47,86.29,"31,321.85"
2132,12/02/2018,FPT,"55,000","56,300","57,100","57,100","54,500","56,003","2,100",3.82,1.17,65.30,0.02,1.10,1.19,66.40,"30,313.18"
2133,09/02/2018,FPT,"55,200","52,500","55,000","55,000","52,500","53,623",-200,-0.36,2.14,114.75,0.06,3.42,2.20,118.17,"29,198.33"
2134,08/02/2018,FPT,"56,600","56,000","55,200","57,000","55,000","55,943","-1,400",-2.47,1.71,95.61,0.00,0.00,1.71,95.61,"29,304.51"
2135,07/02/2018,FPT,"54,200","57,000","56,600","57,300","56,000","56,717","2,400",4.43,1.87,106.23,0.00,0.00,1.87,106.23,"30,047.74"
2136,06/02/2018,FPT,"57,100","53,200","54,200","56,500","53,200","53,812","-2,900",-5.08,5.31,285.90,0.77,47.06,6.08,332.96,"28,773.63"
2137,05/02/2018,FPT,"61,000","60,100","57,100","60,800","57,100","59,547","-3,900",-6.39,3.75,223.59,0.30,19.37,4.05,242.96,"30,313.18"
2138,02/02/2018,FPT,"61,600","61,600","61,000","61,800","60,500","61,207",-600,-0.97,1.67,102.29,0.20,13.24,1.87,115.53,"32,383.60"
2139,01/02/2018,FPT,"62,900","62,900","61,600","63,500","61,600","62,336","-1,300",-2.07,2.09,130.07,0.04,2.62,2.13,132.69,"32,702.13"
2140,31/01/2018,FPT,"64,000","64,800","62,900","65,500","62,900","64,568","-1,100",-1.72,3.99,257.55,0.05,3.42,4.04,260.97,"33,392.27"
2141,30/01/2018,FPT,"60,300","59,800","64,000","64,000","59,500","61,455","3,700",6.14,4.72,290.03,0.07,4.18,4.79,294.21,"33,976.24"
2142,29/01/2018,FPT,"60,800","60,900","60,300","61,900","59,900","60,585",-500,-0.82,1.34,80.91,0.02,1.30,1.36,82.21,"32,011.99"
2143,26/01/2018,FPT,"61,100","62,000","60,800","62,000","60,500","60,997",-300,-0.49,1.63,99.53,0.00,0.00,1.63,99.53,"32,277.43"
2144,25/01/2018,FPT,"60,900","61,500","61,100","62,600","60,900","61,664",200,0.33,5.37,331.03,0.02,1.30,5.39,332.33,"32,436.69"
2145,22/01/2018,FPT,"58,900","59,500","60,900","61,500","59,400","60,675","2,000",3.40,2.51,152.27,0.00,0.00,2.51,152.27,"32,330.51"
2146,19/01/2018,FPT,"59,000","59,000","58,900","59,800","58,900","59,307",-100,-0.17,2.00,118.77,0.00,0.00,2.00,118.77,"31,268.76"
2147,18/01/2018,FPT,"59,000","58,300","59,000","59,000","57,600","58,289",0,0.00,3.31,193.19,0.02,1.35,3.34,194.54,"31,321.85"
2148,17/01/2018,FPT,"61,000","59,000","59,000","61,100","59,000","60,080","-2,000",-3.28,2.26,135.73,0.50,32.18,2.76,167.91,"31,321.85"
2149,16/01/2018,FPT,"61,000","61,000","61,000","61,500","60,300","60,936",0,0.00,1.51,92.16,0.10,5.70,1.61,97.86,"32,383.60"
2150,15/01/2018,FPT,"60,200","60,100","61,000","61,200","59,700","60,612",800,1.33,2.30,139.17,0.11,6.85,2.40,146.02,"32,383.60"
2151,12/01/2018,FPT,"61,500","60,200","60,200","62,000","60,200","60,882","-1,300",-2.11,2.82,171.99,0.00,0.00,2.82,171.99,"31,958.90"
2152,11/01/2018,FPT,"61,500","61,100","61,500","61,900","60,700","61,127",0,0.00,2.42,147.94,0.00,0.00,2.42,147.94,"32,649.04"
2153,10/01/2018,FPT,"62,100","62,000","61,500","63,000","61,100","61,880",-600,-0.97,2.61,161.55,2.50,165.00,5.11,326.55,"32,649.04"
2154,09/01/2018,FPT,"60,900","61,000","62,100","62,300","60,300","61,429","1,200",1.97,4.01,246.33,0.30,17.37,4.31,263.70,"32,967.57"
2155,08/01/2018,FPT,"60,000","59,600","60,900","60,900","59,300","60,059",900,1.50,2.53,151.89,0.00,0.00,2.53,151.89,"32,330.51"
2156,05/01/2018,FPT,"61,000","61,000","60,000","61,100","59,900","60,430","-1,000",-1.64,2.85,172.31,0.00,0.00,2.85,172.31,"31,852.72"
2157,04/01/2018,FPT,"59,800","60,000","61,000","61,000","59,900","60,456","1,200",2.01,2.78,168.36,0.00,0.00,2.78,168.36,"32,383.60"
2158,03/01/2018,FPT,"59,800","60,500","59,800","60,700","59,500","59,947",0,0.00,2.83,169.65,0.17,9.74,2.99,179.38,"31,746.55"
2159,02/01/2018,FPT,"57,100","57,300","59,800","59,800","57,200","58,853","2,700",4.73,5.02,295.57,0.00,0.00,5.02,295.57,"31,746.55"
