No,Date,Ticker,Reference,Open_price,Close_price,Highest_price,Lowest_price,Average,Change,Change_percent,Matched_volume,Matched_value,Negotiated_volume,Negotiated_value,Total_volume,Total_value,Market_cap
1,28/08/2026,GAS,"84,300","85,200","84,200","86,400","84,200","85,156",-100,-0.12,1.56,132.84,0.00,0.00,1.56,132.84,"203,170.37"
2,27/08/2026,GAS,"84,100","84,100","84,300","85,400","82,700","84,033",200,0.24,1.56,131.49,0.00,0.00,1.56,131.49,"203,411.66"
3,26/08/2026,GAS,"83,500","83,000","84,100","86,600","83,000","85,018",600,0.72,1.59,134.95,0.00,0.00,1.59,134.95,"202,929.07"
4,25/08/2026,GAS,"85,000","84,200","83,500","85,400","82,100","83,275","-1,500",-1.76,2.13,177.01,0.00,0.00,2.13,177.01,"201,481.30"
5,24/08/2026,GAS,"83,500","83,800","85,000","87,600","82,000","85,312","1,500",1.80,2.69,229.64,0.00,0.00,2.69,229.64,"205,100.73"
6,21/08/2026,GAS,"83,500","83,800","83,500","83,800","82,000","82,765",0,0.00,1.36,112.62,0.00,0.00,1.36,112.62,"201,481.30"
7,20/08/2026,GAS,"83,700","83,900","83,500","84,400","82,200","82,979",-200,-0.24,1.11,92.33,0.00,0.00,1.11,92.33,"201,481.30"
8,19/08/2026,GAS,"83,500","83,400","83,700","84,500","82,500","83,552",200,0.24,1.94,162.32,0.00,0.00,1.94,162.32,"201,963.89"
9,18/08/2026,GAS,"79,100","79,500","83,500","84,600","79,300","83,219","4,400",5.56,3.64,302.08,0.00,0.00,3.64,302.08,"201,481.30"
10,17/08/2026,GAS,"76,000","76,200","79,100","79,200","76,200","78,342","3,100",4.08,1.11,86.93,0.00,0.00,1.11,86.93,"190,864.33"
11,14/08/2026,GAS,"77,900","77,800","76,000","79,200","74,900","76,619","-1,900",-2.44,1.67,127.80,0.00,0.00,1.67,127.80,"183,384.18"
12,13/08/2026,GAS,"80,000","79,200","77,900","80,000","77,600","78,788","-2,100",-2.63,1.36,107.22,0.00,0.00,1.36,107.22,"187,968.79"
13,12/08/2026,GAS,"77,500","77,500","80,000","80,100","77,200","78,877","2,500",3.23,1.43,112.95,0.00,0.00,1.43,112.95,"193,035.98"
14,11/08/2026,GAS,"79,800","80,500","77,500","80,600","77,400","78,662","-2,300",-2.88,1.55,122.33,0.00,0.00,1.55,122.33,"187,003.61"
15,10/08/2026,GAS,"74,600","76,900","79,800","79,800","76,100","78,379","5,200",6.97,3.00,235.24,0.00,0.00,3.00,235.24,"192,553.39"
16,07/08/2026,GAS,"69,800","70,500","74,600","74,600","70,400","73,595","4,800",6.88,2.11,155.49,0.00,0.00,2.11,155.49,"180,006.05"
17,06/08/2026,GAS,"70,500","70,500","69,800","71,400","69,800","70,491",-700,-0.99,0.67,47.53,0.00,0.00,0.67,47.53,"168,423.89"
18,05/08/2026,GAS,"69,900","69,800","70,500","70,500","68,900","69,501",600,0.86,1.14,79.18,1.00,74.70,2.14,153.88,"170,112.96"
19,04/08/2026,GAS,"71,200","71,200","69,900","71,200","69,200","69,945","-1,300",-1.83,0.85,59.70,0.00,0.00,0.85,59.70,"168,665.19"
20,03/08/2026,GAS,"68,600","68,600","71,200","71,200","68,100","70,211","2,600",3.79,1.15,80.81,0.00,0.00,1.15,80.81,"171,802.02"
21,31/07/2026,GAS,"68,700","69,800","68,600","69,800","68,100","68,946",-100,-0.15,0.97,66.80,0.00,0.00,0.97,66.80,"165,528.35"
22,30/07/2026,GAS,"67,900","69,000","68,700","69,300","68,000","68,759",800,1.18,0.95,65.10,0.00,0.00,0.95,65.10,"165,769.65"
23,29/07/2026,GAS,"67,000","66,900","67,900","68,500","66,900","67,719",900,1.34,0.99,67.37,0.00,0.00,0.99,67.37,"163,839.29"
24,28/07/2026,GAS,"66,900","66,700","67,000","67,300","66,100","66,879",100,0.15,0.62,41.42,0.00,0.00,0.62,41.42,"161,667.63"
25,27/07/2026,GAS,"67,200","67,000","66,900","68,500","66,200","67,346",-300,-0.45,0.85,57.26,0.00,0.00,0.85,57.26,"161,426.34"
26,24/07/2026,GAS,"66,800","67,000","67,200","68,800","67,000","67,933",400,0.60,1.05,71.33,0.00,0.00,1.05,71.33,"162,150.22"
27,23/07/2026,GAS,"64,400","64,700","66,800","66,800","64,700","65,665","2,400",3.73,1.51,99.19,0.00,0.00,1.51,99.19,"161,185.04"
28,22/07/2026,GAS,"68,000","68,000","64,400","69,000","64,400","66,769","-3,600",-5.29,2.73,182.57,0.00,0.00,2.73,182.57,"155,393.96"
29,21/07/2026,GAS,"73,100","73,100","68,000","74,300","68,000","69,870","-5,100",-6.98,4.29,298.10,0.00,0.00,4.29,298.10,"164,080.58"
30,20/07/2026,GAS,"76,200","76,600","73,100","77,600","72,000","75,282","-3,100",-4.07,0.87,65.42,0.00,0.00,0.87,65.42,"176,386.63"
31,17/07/2026,GAS,"77,400","77,400","76,200","77,400","76,000","76,323","-1,200",-1.55,0.57,43.49,0.00,0.00,0.57,43.49,"183,866.77"
32,16/07/2026,GAS,"77,600","77,600","77,400","78,000","75,700","77,024",-200,-0.26,0.99,76.03,0.00,0.00,0.99,76.03,"186,762.31"
33,15/07/2026,GAS,"78,500","78,800","77,600","78,800","77,200","77,702",-900,-1.15,0.95,73.51,0.00,0.00,0.95,73.51,"187,244.90"
34,14/07/2026,GAS,"75,400","76,500","78,500","78,800","76,000","78,280","3,100",4.11,2.25,175.19,0.00,0.00,2.25,175.19,"189,416.56"
35,13/07/2026,GAS,"75,200","76,500","75,400","77,500","74,500","76,076",200,0.27,0.91,69.22,0.00,0.00,0.91,69.22,"181,936.41"
36,10/07/2026,GAS,"77,000","77,000","75,200","77,200","75,200","75,908","-1,800",-2.34,0.51,38.92,0.10,7.69,0.62,46.60,"181,453.82"
37,09/07/2026,GAS,"74,800","75,100","77,000","78,500","75,100","77,407","2,200",2.94,2.00,154.56,0.00,0.00,2.00,154.56,"185,797.13"
38,08/07/2026,GAS,"73,800","74,800","74,800","75,900","74,700","75,105","1,000",1.36,0.65,48.67,0.00,0.00,0.65,48.67,"180,488.64"
39,07/07/2026,GAS,"74,000","74,100","73,800","75,400","73,300","74,259",-200,-0.27,0.65,48.17,0.00,0.00,0.65,48.17,"178,075.69"
40,06/07/2026,GAS,"75,300","75,500","74,000","75,500","73,000","73,916","-1,300",-1.73,1.62,119.37,0.02,1.51,1.64,120.88,"178,558.28"
44,30/06/2026,GAS,"77,700","77,700","77,400","78,400","77,100","77,694",-300,-0.39,0.51,39.64,0.00,0.00,0.51,39.64,"186,762.31"
45,29/06/2026,GAS,"77,000","77,200","77,700","78,700","77,000","77,712",700,0.91,0.61,47.18,0.00,0.00,0.61,47.18,"187,486.20"
46,26/06/2026,GAS,"77,500","77,800","77,000","78,500","77,000","77,501",-500,-0.65,0.62,47.93,0.00,0.00,0.62,47.93,"185,797.13"
47,25/06/2026,GAS,"79,300","78,500","77,500","79,300","77,500","78,139","-1,800",-2.27,0.87,67.81,0.00,0.00,0.87,67.81,"187,003.61"
48,24/06/2026,GAS,"78,900","78,200","79,300","80,500","76,400","77,945",400,0.51,2.05,159.59,0.00,0.00,2.05,159.59,"191,346.92"
49,23/06/2026,GAS,"81,700","81,400","78,900","82,100","78,700","80,038","-2,800",-3.43,2.25,180.31,0.00,0.00,2.25,180.31,"190,381.74"
50,22/06/2026,GAS,"81,200","81,600","81,700","82,600","81,100","81,770",500,0.62,0.70,57.47,0.04,2.95,0.74,60.42,"197,138.00"
41,03/07/2026,GAS,"77,300","77,400","75,300","77,700","75,300","76,233","-2,000",-2.59,1.65,125.69,0.00,0.00,1.65,125.69,"181,695.12"
42,02/07/2026,GAS,"78,000","78,000","77,300","78,200","77,300","77,636",-700,-0.90,0.45,35.20,0.00,0.00,0.45,35.20,"186,521.02"
43,01/07/2026,GAS,"77,400","77,500","78,000","79,900","77,500","78,588",600,0.78,0.74,58.29,0.00,0.00,0.74,58.29,"188,210.08"
51,19/06/2026,GAS,"81,800","81,700","81,200","81,800","80,500","81,193",-600,-0.73,0.48,38.87,0.02,1.78,0.50,40.66,"195,931.52"
52,18/06/2026,GAS,"80,900","80,000","81,800","82,600","80,000","81,110",900,1.11,0.95,76.97,0.00,0.00,0.95,76.97,"197,379.29"
53,17/06/2026,GAS,"81,800","81,600","80,900","82,800","80,000","81,597",-900,-1.10,1.03,84.11,0.00,0.00,1.03,84.11,"195,207.64"
54,16/06/2026,GAS,"82,600","82,600","81,800","83,700","79,700","81,675",-800,-0.97,1.62,131.77,0.00,0.00,1.62,131.77,"197,379.29"
55,15/06/2026,GAS,"85,100","83,300","82,600","84,300","81,800","82,625","-2,500",-2.94,1.53,126.54,0.00,0.00,1.53,126.54,"199,309.65"
56,12/06/2026,GAS,"82,500","82,500","85,100","87,100","82,000","84,483","2,600",3.15,1.98,167.74,0.03,2.06,2.00,169.80,"205,342.02"
57,11/06/2026,GAS,"82,500","83,300","82,500","84,500","82,500","83,269",0,0.00,0.53,44.17,0.00,0.00,0.53,44.17,"199,068.35"
58,10/06/2026,GAS,"82,400","82,100","82,500","83,900","81,900","82,419",100,0.12,0.51,41.97,0.03,2.06,0.53,44.03,"199,068.35"
59,09/06/2026,GAS,"83,900","84,500","82,400","84,500","81,900","82,754","-1,500",-1.79,0.91,74.97,0.00,0.00,0.91,74.97,"198,827.06"
60,08/06/2026,GAS,"85,000","83,600","83,900","85,700","83,300","84,227","-1,100",-1.29,1.06,89.17,0.03,2.12,1.08,91.28,"202,446.48"
61,05/06/2026,GAS,"85,200","85,200","85,000","87,800","83,800","85,499",-200,-0.23,1.32,112.82,0.00,0.00,1.32,112.82,"205,100.73"
62,04/06/2026,GAS,"84,500","85,800","85,200","89,200","85,100","86,689",700,0.83,1.87,162.55,0.03,2.11,1.90,164.67,"205,583.32"
63,03/06/2026,GAS,"82,200","82,200","84,500","85,500","82,200","84,117","2,300",2.80,1.02,85.45,0.00,0.00,1.02,85.45,"203,894.25"
64,02/06/2026,GAS,"84,200","85,100","82,200","85,500","81,800","83,936","-2,000",-2.38,1.51,127.14,0.00,0.00,1.51,127.14,"198,344.47"
65,01/06/2026,GAS,"87,400","88,000","84,200","88,200","84,200","85,738","-3,200",-3.66,1.36,116.26,0.00,0.00,1.36,116.26,"203,170.37"
66,29/05/2026,GAS,"81,700","81,100","87,400","87,400","80,200","84,766","5,700",6.98,3.16,268.92,0.00,0.00,3.16,268.92,"210,891.81"
67,28/05/2026,GAS,"81,500","81,500","81,700","83,800","79,500","81,963",200,0.25,2.48,203.14,0.00,0.00,2.48,203.14,"197,138.00"
68,27/05/2026,GAS,"82,500","82,500","81,500","83,700","81,500","82,266","-1,000",-1.21,0.90,74.30,0.00,0.00,0.90,74.30,"196,655.41"
69,26/05/2026,GAS,"82,000","83,500","82,500","84,300","82,300","83,300",500,0.61,0.98,81.33,0.00,0.00,0.98,81.33,"199,068.35"
70,25/05/2026,GAS,"84,900","82,300","82,000","83,500","81,000","81,866","-2,900",-3.42,2.34,191.76,0.00,0.00,2.34,191.76,"197,861.88"
71,22/05/2026,GAS,"87,300","87,100","84,900","87,800","84,300","85,688","-2,400",-2.75,1.64,140.69,0.00,0.00,1.64,140.69,"204,859.43"
72,21/05/2026,GAS,"89,700","89,500","87,300","89,500","86,200","87,302","-2,400",-2.68,1.36,118.57,0.00,0.00,1.36,118.57,"210,650.51"
73,20/05/2026,GAS,"86,500","85,600","89,700","89,700","81,100","85,878","3,200",3.70,4.91,421.23,0.00,0.00,4.91,421.23,"216,441.59"
74,19/05/2026,GAS,"93,000","94,100","86,500","94,200","86,500","89,755","-6,500",-6.99,5.41,483.33,0.00,0.00,5.41,483.33,"208,720.15"
75,18/05/2026,GAS,"89,400","91,700","93,000","95,500","90,200","92,977","3,600",4.03,4.08,379.70,0.02,2.14,4.10,381.84,"224,404.33"
76,15/05/2026,GAS,"83,600","82,800","89,400","89,400","82,600","87,257","5,800",6.94,4.99,435.81,0.05,4.33,5.04,440.13,"215,717.71"
77,14/05/2026,GAS,"81,800","84,500","83,600","85,800","83,200","84,534","1,800",2.20,4.07,344.08,0.08,6.56,4.15,350.65,"201,722.60"
78,13/05/2026,GAS,"76,500","76,500","81,800","81,800","75,700","80,145","5,300",6.93,6.35,509.79,0.00,0.00,6.35,509.79,"197,379.29"
79,12/05/2026,GAS,"73,600","73,900","76,500","77,100","73,800","75,250","2,900",3.94,1.56,117.12,0.00,0.00,1.56,117.12,"184,590.66"
80,11/05/2026,GAS,"74,700","75,100","73,600","75,500","73,400","74,085","-1,100",-1.47,1.84,136.04,0.00,0.00,1.84,136.04,"177,593.10"
81,08/05/2026,GAS,"76,000","76,900","74,700","77,300","74,500","75,561","-1,300",-1.71,1.42,106.94,0.00,0.00,1.42,106.94,"180,247.35"
82,07/05/2026,GAS,"79,200","78,400","76,000","79,000","76,000","77,103","-3,200",-4.04,2.30,177.52,0.02,1.47,2.32,178.99,"183,384.18"
83,06/05/2026,GAS,"77,700","78,000","79,200","80,500","77,600","79,203","1,500",1.93,2.98,236.35,0.00,0.00,2.98,236.35,"191,105.62"
84,05/05/2026,GAS,"76,500","76,700","77,700","78,300","76,100","77,438","1,200",1.57,1.32,102.17,0.00,0.00,1.32,102.17,"187,486.20"
85,04/05/2026,GAS,"75,200","77,000","76,500","79,900","76,200","77,927","1,300",1.73,1.66,129.32,0.00,0.00,1.66,129.32,"184,590.66"
86,29/04/2026,GAS,"73,500","73,500","75,200","75,400","73,000","74,201","1,700",2.31,1.27,94.17,0.00,0.00,1.27,94.17,"181,453.82"
87,28/04/2026,GAS,"78,300","78,000","73,500","78,200","73,100","75,319","-4,800",-6.13,1.97,147.99,0.00,0.00,1.97,147.99,"177,351.81"
88,24/04/2026,GAS,"77,400","77,600","78,300","80,000","77,500","78,840",900,1.16,1.19,94.10,0.00,0.00,1.19,94.10,"188,933.97"
89,23/04/2026,GAS,"78,100","78,100","77,400","79,500","75,900","77,749",-700,-0.90,1.49,115.74,0.00,0.00,1.49,115.74,"186,762.31"
90,22/04/2026,GAS,"78,700","79,000","78,100","79,800","78,100","78,495",-600,-0.76,0.76,59.67,0.00,0.00,0.76,59.67,"188,451.38"
91,21/04/2026,GAS,"79,200","79,300","78,700","80,100","78,500","79,084",-500,-0.63,1.36,107.30,0.00,0.00,1.36,107.30,"189,899.15"
92,20/04/2026,GAS,"80,100","80,000","79,200","81,300","79,000","79,743",-900,-1.12,1.21,96.21,0.00,0.00,1.21,96.21,"191,105.62"
93,17/04/2026,GAS,"78,400","78,600","80,100","80,400","78,100","79,581","1,700",2.17,1.25,99.44,0.00,0.00,1.25,99.44,"193,277.28"
94,16/04/2026,GAS,"79,200","79,200","78,400","80,200","78,100","78,623",-800,-1.01,1.17,91.94,0.00,0.00,1.17,91.94,"189,175.26"
95,15/04/2026,GAS,"79,300","79,800","79,200","80,500","79,100","79,511",-100,-0.13,1.04,82.57,0.00,0.00,1.04,82.57,"191,105.62"
96,14/04/2026,GAS,"80,700","81,000","79,300","81,600","79,100","79,952","-1,400",-1.73,1.21,96.38,0.00,0.00,1.21,96.38,"191,346.92"
97,13/04/2026,GAS,"80,700","81,200","80,700","82,200","80,600","81,301",0,0.00,0.95,77.10,0.00,0.00,0.95,77.10,"194,725.05"
98,10/04/2026,GAS,"78,400","78,600","80,700","82,400","78,200","80,569","2,300",2.93,2.86,230.54,0.00,0.00,2.86,230.54,"194,725.05"
99,09/04/2026,GAS,"79,900","79,900","78,400","79,900","78,100","78,775","-1,500",-1.88,1.05,82.81,0.11,8.69,1.16,91.50,"189,175.26"
100,08/04/2026,GAS,"77,300","79,000","79,900","80,400","78,300","79,476","2,600",3.36,1.44,114.37,0.00,0.00,1.44,114.37,"192,794.69"
101,07/04/2026,GAS,"78,500","78,500","77,300","79,400","75,800","77,798","-1,200",-1.53,1.24,95.91,0.00,0.00,1.24,95.91,"186,521.02"
102,06/04/2026,GAS,"79,700","80,200","78,500","80,300","78,100","78,744","-1,200",-1.51,1.17,92.12,0.00,0.00,1.17,92.12,"189,416.56"
103,03/04/2026,GAS,"78,700","80,000","79,700","80,900","79,600","80,229","1,000",1.27,1.93,154.94,0.00,0.00,1.93,154.94,"192,312.10"
104,02/04/2026,GAS,"80,000","80,000","78,700","81,100","78,700","79,573","-1,300",-1.63,1.17,92.99,0.00,0.00,1.17,92.99,"189,899.15"
105,01/04/2026,GAS,"78,300","80,000","80,000","81,300","79,600","80,401","1,700",2.17,1.88,150.83,0.00,0.00,1.88,150.83,"193,035.98"
106,31/03/2026,GAS,"80,800","81,600","78,300","81,600","78,100","79,515","-2,500",-3.09,2.43,193.35,0.00,0.00,2.43,193.35,"188,933.97"
107,30/03/2026,GAS,"82,100","82,100","80,800","83,200","80,400","81,410","-1,300",-1.58,2.03,165.35,0.00,0.00,2.03,165.35,"194,966.34"
108,27/03/2026,GAS,"80,300","80,400","82,100","82,600","79,900","80,839","1,800",2.24,2.02,163.65,0.00,0.00,2.02,163.65,"198,103.17"
109,26/03/2026,GAS,"82,500","83,000","80,300","83,000","79,800","80,658","-2,200",-2.67,1.29,104.08,0.00,0.00,1.29,104.08,"193,759.87"
110,25/03/2026,GAS,"80,700","82,000","82,500","84,700","81,200","82,389","1,800",2.23,2.01,165.31,0.00,0.00,2.01,165.31,"199,068.35"
111,24/03/2026,GAS,"80,500","82,000","80,700","82,700","78,800","80,620",200,0.25,1.89,152.57,0.00,0.00,1.89,152.57,"194,725.05"
112,23/03/2026,GAS,"82,000","78,500","80,500","83,600","78,500","82,068","-1,500",-1.83,2.98,244.70,0.00,0.00,2.98,244.70,"194,242.46"
113,20/03/2026,GAS,"88,100","88,100","82,000","88,800","82,000","83,566","-6,100",-6.92,3.15,262.57,0.00,0.00,3.15,262.57,"197,861.88"
114,19/03/2026,GAS,"91,700","92,300","88,100","92,400","87,400","88,575","-3,600",-3.93,2.14,189.75,0.00,0.00,2.14,189.75,"212,580.87"
115,18/03/2026,GAS,"86,400","86,400","91,700","92,400","86,400","89,068","5,300",6.13,2.63,234.38,0.00,0.00,2.63,234.38,"221,267.49"
116,17/03/2026,GAS,"87,900","89,000","86,400","90,400","86,000","87,498","-1,500",-1.71,1.71,149.52,0.00,0.00,1.71,149.52,"208,478.86"
117,16/03/2026,GAS,"91,800","91,000","87,900","91,100","85,400","86,615","-3,900",-4.25,5.46,471.89,0.00,0.00,5.46,471.89,"212,098.28"
118,13/03/2026,GAS,"98,700","97,900","91,800","101,300","91,800","94,388","-6,900",-6.99,4.44,417.47,0.00,0.00,4.44,417.47,"221,508.79"
119,12/03/2026,GAS,"103,000","103,000","98,700","103,000","98,700","100,091","-4,300",-4.17,1.74,173.92,0.00,0.00,1.74,173.92,"238,158.14"
120,11/03/2026,GAS,"97,000","93,300","103,000","103,000","93,200","95,891","6,000",6.19,4.15,397.55,0.00,0.00,4.15,397.55,"248,533.82"
121,10/03/2026,GAS,"104,300","104,000","97,000","107,500","97,000","99,992","-7,300",-7.00,3.89,388.83,0.00,0.00,3.89,388.83,"234,056.13"
122,09/03/2026,GAS,"112,100","116,000","104,300","116,300","104,300","107,648","-7,800",-6.96,5.39,580.03,0.00,0.00,5.39,580.03,"251,670.66"
123,06/03/2026,GAS,"119,700","118,600","112,100","118,600","112,000","115,191","-7,600",-6.35,4.73,544.26,0.03,3.26,4.76,547.52,"270,491.67"
124,05/03/2026,GAS,"128,700","126,000","119,700","126,900","119,700","123,410","-9,000",-6.99,5.32,656.11,0.06,7.32,5.38,663.44,"288,830.09"
125,04/03/2026,GAS,"123,400","124,000","128,700","131,500","121,800","126,533","5,300",4.29,4.55,577.09,0.00,0.00,4.55,577.09,"310,546.63"
126,03/03/2026,GAS,"115,400","119,900","123,400","123,400","111,000","117,289","8,000",6.93,7.68,906.17,0.00,0.00,7.68,906.17,"297,758.00"
127,02/03/2026,GAS,"107,900","115,300","115,400","115,400","112,500","114,768","7,500",6.95,3.66,420.06,0.07,8.23,3.73,428.29,"278,454.40"
128,27/02/2026,GAS,"106,000","106,000","107,900","111,900","105,500","107,535","1,900",1.79,2.83,304.21,0.00,0.00,2.83,304.21,"260,357.28"
129,26/02/2026,GAS,"110,000","111,000","106,000","111,000","105,500","107,074","-4,000",-3.64,3.15,337.25,0.02,2.39,3.17,339.64,"255,772.67"
130,25/02/2026,GAS,"110,500","110,500","110,000","117,500","108,000","112,505",-500,-0.45,3.69,416.35,0.00,0.00,3.69,416.35,"265,424.47"
131,24/02/2026,GAS,"108,700","112,000","110,500","112,400","107,100","110,330","1,800",1.66,4.78,528.07,0.00,0.00,4.78,528.07,"266,630.95"
132,23/02/2026,GAS,"101,600","104,900","108,700","108,700","104,900","107,776","7,100",6.99,0.96,103.18,0.03,3.17,0.99,106.35,"262,287.64"
133,13/02/2026,GAS,"101,400","101,500","101,600","103,700","99,700","101,285",200,0.20,2.04,206.65,0.00,0.00,2.04,206.65,"245,155.70"
134,12/02/2026,GAS,"102,000","106,200","101,400","106,200","101,000","102,795",-600,-0.59,2.70,277.42,0.00,0.00,2.70,277.42,"244,673.11"
135,11/02/2026,GAS,"107,700","105,800","102,000","107,400","102,000","103,851","-5,700",-5.29,3.23,335.31,0.00,0.00,3.23,335.31,"246,120.88"
136,10/02/2026,GAS,"115,700","115,900","107,700","119,600","107,700","111,381","-8,000",-6.91,6.16,684.62,0.00,0.00,6.16,684.62,"259,874.69"
137,09/02/2026,GAS,"115,000","117,000","115,700","117,800","114,500","115,777",700,0.61,0.90,104.31,0.00,0.00,0.90,104.31,"279,178.29"
138,06/02/2026,GAS,"112,000","110,000","115,000","118,800","109,500","113,893","3,000",2.68,3.96,450.83,0.00,0.00,3.96,450.83,"277,489.22"
139,05/02/2026,GAS,"115,800","115,800","112,000","116,800","112,000","113,557","-3,800",-3.28,2.56,290.10,0.00,0.00,2.56,290.10,"270,250.37"
140,04/02/2026,GAS,"117,000","117,000","115,800","120,000","114,300","116,694","-1,200",-1.03,2.28,265.75,0.00,0.00,2.28,265.75,"279,419.58"
141,03/02/2026,GAS,"114,500","115,800","117,000","121,900","113,100","118,993","2,500",2.18,3.32,394.95,0.00,0.00,3.32,394.95,"282,315.12"
142,02/02/2026,GAS,"117,000","113,900","114,500","116,800","110,000","112,643","-2,500",-2.14,5.53,624.63,0.20,22.56,5.73,647.19,"276,282.75"
143,30/01/2026,GAS,"116,800","116,800","117,000","122,000","115,800","119,137",200,0.17,3.64,434.19,0.00,0.00,3.64,434.19,"282,315.12"
144,29/01/2026,GAS,"118,000","118,500","116,800","118,500","111,300","113,432","-1,200",-1.02,3.71,420.91,0.08,9.12,3.79,430.03,"281,832.53"
145,28/01/2026,GAS,"115,300","121,000","118,000","122,800","115,000","119,406","2,700",2.34,7.14,852.22,0.24,28.61,7.38,880.82,"284,728.07"
146,27/01/2026,GAS,"107,800","109,800","115,300","115,300","109,000","113,760","7,500",6.96,5.89,671.40,0.20,22.86,6.09,694.26,"278,213.11"
147,26/01/2026,GAS,"100,800","100,500","107,800","107,800","100,500","106,978","7,000",6.94,6.10,653.79,0.00,0.00,6.10,653.79,"260,115.98"
148,23/01/2026,GAS,"104,800","104,800","100,800","106,300","99,200","103,229","-4,000",-3.82,3.43,353.74,0.00,0.00,3.43,353.74,"243,225.34"
149,22/01/2026,GAS,"110,000","110,500","104,800","110,500","104,700","106,567","-5,200",-4.73,4.04,429.77,0.00,0.00,4.04,429.77,"252,877.13"
150,21/01/2026,GAS,"104,500","101,200","110,000","110,000","101,000","105,337","5,500",5.26,4.57,481.98,0.00,0.00,4.57,481.98,"265,424.47"
151,20/01/2026,GAS,"105,800","106,000","104,500","110,800","104,000","107,638","-1,300",-1.23,3.89,418.00,0.16,16.45,4.05,434.45,"252,153.25"
152,19/01/2026,GAS,"99,800","100,000","105,800","106,200","98,100","103,197","6,000",6.01,4.50,464.75,0.00,0.00,4.50,464.75,"255,290.08"
153,16/01/2026,GAS,"103,000","103,200","99,800","107,200","99,800","103,594","-3,200",-3.11,4.54,470.70,0.00,0.00,4.54,470.70,"240,812.39"
154,15/01/2026,GAS,"107,000","106,900","103,000","107,100","102,300","104,551","-4,000",-3.74,3.56,372.03,0.00,0.00,3.56,372.03,"248,533.82"
155,14/01/2026,GAS,"103,700","107,000","107,000","110,900","100,000","107,890","3,300",3.18,4.91,528.28,0.00,0.00,4.91,528.28,"258,185.62"
156,13/01/2026,GAS,"97,000","97,000","103,700","103,700","96,000","103,691","6,700",6.91,4.96,499.73,0.00,0.00,4.96,499.73,"250,222.89"
157,12/01/2026,GAS,"97,100","101,000","97,000","102,500","94,500","98,016",-100,-0.10,5.51,540.98,0.16,15.57,5.67,556.55,"234,056.13"
158,09/01/2026,GAS,"91,600","90,600","97,100","98,000","89,800","95,269","5,500",6.00,4.59,438.77,0.00,0.00,4.59,438.77,"234,297.42"
159,08/01/2026,GAS,"88,500","93,500","91,600","94,600","90,000","92,611","3,100",3.50,6.17,572.78,0.00,0.00,6.17,572.78,"221,026.20"
160,07/01/2026,GAS,"82,800","85,200","88,500","88,500","85,200","87,437","5,700",6.88,4.17,365.96,0.00,0.00,4.17,365.96,"213,546.05"
161,06/01/2026,GAS,"77,400","77,800","82,800","82,800","77,800","81,158","5,400",6.98,4.73,385.14,0.00,0.00,4.73,385.14,"199,792.24"
162,05/01/2026,GAS,"72,400","73,100","77,400","77,400","72,800","76,159","5,000",6.91,5.36,410.51,0.00,0.00,5.36,410.51,"186,762.31"
163,31/12/2025,GAS,"74,900","74,500","72,400","75,800","72,400","74,119","-2,500",-3.34,1.87,138.54,0.00,0.00,1.87,138.54,"174,697.56"
164,30/12/2025,GAS,"75,100","75,100","74,900","75,700","73,800","74,761",-200,-0.27,1.76,131.89,0.00,0.00,1.76,131.89,"180,729.94"
165,29/12/2025,GAS,"70,500","70,600","75,100","75,400","70,200","73,399","4,600",6.52,5.61,413.17,0.00,0.00,5.61,413.17,"181,212.53"
166,26/12/2025,GAS,"69,200","69,000","70,500","70,900","68,000","69,729","1,300",1.88,2.43,169.46,0.03,1.78,2.46,171.24,"170,112.96"
167,25/12/2025,GAS,"66,100","66,100","69,200","69,300","65,500","67,875","3,100",4.69,3.70,251.70,0.00,0.00,3.70,251.70,"166,976.12"
168,24/12/2025,GAS,"65,300","65,400","66,100","66,100","64,400","65,698",800,1.23,1.53,100.29,0.03,1.78,1.55,102.07,"159,495.98"
169,23/12/2025,GAS,"65,300","65,300","65,300","66,300","64,600","65,478",0,0.00,1.51,98.97,0.00,0.00,1.51,98.97,"157,565.62"
170,22/12/2025,GAS,"64,000","64,300","65,300","65,300","64,200","64,993","1,300",2.03,1.26,82.08,0.00,0.00,1.26,82.08,"157,565.62"
171,19/12/2025,GAS,"63,300","63,600","64,000","64,000","63,000","63,790",700,1.11,0.66,41.98,0.05,2.79,0.70,44.77,"154,428.78"
172,18/12/2025,GAS,"62,900","63,600","63,300","63,800","62,400","63,136",400,0.64,0.63,39.42,0.00,0.00,0.63,39.42,"152,739.72"
173,17/12/2025,GAS,"64,300","64,200","62,900","64,800","62,900","63,688","-1,400",-2.18,0.53,33.94,0.05,3.10,0.58,37.04,"151,774.54"
174,16/12/2025,GAS,"62,100","62,500","64,300","64,300","62,100","63,444","2,200",3.54,0.87,55.22,0.00,0.00,0.87,55.22,"155,152.67"
175,15/12/2025,GAS,"61,300","61,300","62,100","62,400","61,000","61,995",800,1.31,0.62,38.44,0.00,0.00,0.62,38.44,"149,844.18"
176,12/12/2025,GAS,"62,600","62,600","61,300","62,900","61,300","62,151","-1,300",-2.08,0.60,37.14,0.00,0.00,0.60,37.14,"147,913.82"
177,11/12/2025,GAS,"63,500","63,600","62,600","63,900","62,500","63,279",-900,-1.42,0.47,29.74,0.00,0.00,0.47,29.74,"151,050.65"
178,10/12/2025,GAS,"64,000","63,900","63,500","64,100","63,400","63,727",-500,-0.78,0.44,28.28,0.00,0.00,0.44,28.28,"153,222.31"
179,09/12/2025,GAS,"65,400","65,300","64,000","65,300","63,600","64,222","-1,400",-2.14,0.73,46.93,0.00,0.00,0.73,46.93,"154,428.78"
180,08/12/2025,GAS,"64,000","64,100","65,400","65,400","63,600","64,645","1,400",2.19,1.05,68.03,0.00,0.00,1.05,68.03,"157,806.91"
181,05/12/2025,GAS,"65,000","65,200","64,000","65,200","64,000","64,513","-1,000",-1.54,0.74,47.37,0.00,0.00,0.74,47.37,"154,428.78"
182,04/12/2025,GAS,"64,500","64,600","65,000","65,000","64,100","64,489",500,0.78,1.03,66.28,0.00,0.00,1.03,66.28,"156,841.73"
183,03/12/2025,GAS,"66,100","66,200","64,500","66,200","64,300","65,038","-1,600",-2.42,1.15,74.79,0.00,0.00,1.15,74.79,"155,635.26"
184,02/12/2025,GAS,"65,400","65,400","66,100","66,100","64,800","65,674",700,1.07,1.96,128.84,0.00,0.00,1.96,128.84,"159,495.98"
185,01/12/2025,GAS,"63,400","63,400","65,400","65,800","63,400","64,852","2,000",3.15,2.74,177.75,0.00,0.00,2.74,177.75,"157,806.91"
186,28/11/2025,GAS,"63,000","63,000","63,400","63,800","62,500","63,328",400,0.63,1.24,78.73,0.00,0.00,1.24,78.73,"152,981.01"
187,27/11/2025,GAS,"62,000","61,900","63,000","63,100","61,500","62,684","1,000",1.61,1.56,98.01,0.00,0.00,1.56,98.01,"152,015.83"
188,26/11/2025,GAS,"60,800","60,800","62,000","62,000","60,700","61,101","1,200",1.97,0.53,32.39,0.00,0.00,0.53,32.39,"149,602.88"
189,25/11/2025,GAS,"61,000","61,000","60,800","61,400","60,800","60,997",-200,-0.33,0.41,24.75,0.00,0.00,0.41,24.75,"146,707.35"
190,24/11/2025,GAS,"61,900","61,900","61,000","62,000","61,000","61,279",-900,-1.45,0.39,23.89,0.00,0.00,0.39,23.89,"147,189.94"
191,21/11/2025,GAS,"62,100","61,600","61,900","61,900","61,000","61,362",-200,-0.32,0.47,28.68,0.00,0.00,0.47,28.68,"149,361.59"
192,20/11/2025,GAS,"62,200","62,200","62,100","62,300","61,700","61,958",-100,-0.16,0.39,24.29,0.00,0.00,0.39,24.29,"149,844.18"
193,19/11/2025,GAS,"62,400","62,500","62,200","62,800","62,000","62,269",-200,-0.32,0.38,23.71,0.00,0.00,0.38,23.71,"150,085.47"
194,18/11/2025,GAS,"63,000","63,400","62,400","63,400","62,100","62,628",-600,-0.95,0.75,46.94,0.00,0.00,0.75,46.94,"150,568.06"
195,17/11/2025,GAS,"62,800","63,200","63,000","63,800","62,000","63,028",200,0.32,0.69,43.39,0.02,1.17,0.71,44.56,"152,015.83"
196,14/11/2025,GAS,"62,900","62,900","62,800","63,400","62,500","62,996",-100,-0.16,0.50,31.31,0.00,0.00,0.50,31.31,"151,533.24"
197,13/11/2025,GAS,"61,900","61,700","62,900","63,500","61,400","62,827","1,000",1.62,1.16,72.83,0.00,0.00,1.16,72.83,"151,774.54"
198,12/11/2025,GAS,"61,100","61,500","61,900","62,000","60,600","61,406",800,1.31,0.65,39.81,0.00,0.00,0.65,39.81,"149,361.59"
199,11/11/2025,GAS,"61,200","61,300","61,100","62,000","60,900","61,483",-100,-0.16,0.55,34.01,0.00,0.00,0.55,34.01,"147,431.23"
200,10/11/2025,GAS,"62,900","62,800","61,200","62,800","61,000","62,062","-1,700",-2.70,0.74,45.84,0.00,0.00,0.74,45.84,"147,672.53"
201,07/11/2025,GAS,"62,100","61,800","62,900","62,900","61,000","61,876",800,1.29,1.23,75.91,0.00,0.00,1.23,75.91,"151,774.54"
202,06/11/2025,GAS,"63,000","63,300","62,100","63,300","61,700","62,434",-900,-1.43,0.63,39.07,0.25,16.52,0.88,55.59,"149,844.18"
203,05/11/2025,GAS,"60,500","60,700","63,000","63,600","60,600","62,570","2,500",4.13,1.68,105.33,0.00,0.00,1.68,105.33,"152,015.83"
204,04/11/2025,GAS,"61,500","62,100","60,500","62,200","60,100","61,290","-1,000",-1.63,1.01,61.75,0.00,0.00,1.01,61.75,"145,983.46"
205,03/11/2025,GAS,"61,600","62,000","61,500","62,900","61,500","62,176",-100,-0.16,1.10,68.02,0.00,0.00,1.10,68.02,"148,396.41"
206,31/10/2025,GAS,"59,700","59,800","61,600","62,300","59,800","61,571","1,900",3.18,1.17,72.24,0.00,0.00,1.17,72.24,"148,637.70"
207,30/10/2025,GAS,"60,200","60,200","59,700","60,800","59,700","60,345",-500,-0.83,0.46,27.76,0.00,0.00,0.46,27.76,"144,053.10"
208,29/10/2025,GAS,"60,000","60,100","60,200","61,200","60,000","60,713",200,0.33,0.64,38.80,0.00,0.00,0.64,38.80,"145,259.58"
209,28/10/2025,GAS,"59,300","59,300","60,000","60,200","59,100","59,637",700,1.18,0.66,39.36,0.00,0.00,0.66,39.36,"144,776.99"
210,27/10/2025,GAS,"59,600","60,200","59,300","60,200","59,300","59,633",-300,-0.50,0.51,30.59,0.00,0.00,0.51,30.59,"143,087.92"
211,24/10/2025,GAS,"59,800","60,400","59,600","60,800","59,600","60,046",-200,-0.33,0.64,38.63,0.00,0.00,0.64,38.63,"143,811.81"
212,23/10/2025,GAS,"59,000","60,000","59,800","60,700","59,500","60,106",800,1.36,0.55,33.35,0.00,0.00,0.55,33.35,"144,294.40"
213,22/10/2025,GAS,"56,000","57,200","59,000","59,000","57,200","58,228","3,000",5.36,1.02,59.61,0.00,0.00,1.02,59.61,"142,364.04"
214,21/10/2025,GAS,"57,000","57,300","56,000","58,800","56,000","57,473","-1,000",-1.75,0.84,48.05,0.02,1.22,0.86,49.26,"135,125.19"
215,20/10/2025,GAS,"58,600","58,600","57,000","59,500","57,000","58,451","-1,600",-2.73,0.60,35.30,0.00,0.00,0.60,35.30,"137,538.14"
216,17/10/2025,GAS,"58,700","58,700","58,600","59,200","58,500","58,770",-100,-0.17,0.32,18.80,0.00,0.00,0.32,18.80,"141,398.86"
217,16/10/2025,GAS,"59,000","58,800","58,700","59,200","58,500","58,745",-300,-0.51,0.96,56.19,0.00,0.00,0.96,56.19,"141,640.15"
218,15/10/2025,GAS,"60,000","60,000","59,000","60,200","58,800","59,293","-1,000",-1.67,1.27,75.26,0.00,0.00,1.27,75.26,"142,364.04"
219,14/10/2025,GAS,"60,600","60,900","60,000","60,900","60,000","60,248",-600,-0.99,0.57,34.23,0.00,0.00,0.57,34.23,"144,776.99"
220,13/10/2025,GAS,"60,900","60,100","60,600","60,900","60,100","60,433",-300,-0.49,0.52,31.23,0.00,0.00,0.52,31.23,"146,224.76"
221,10/10/2025,GAS,"60,900","60,900","60,900","61,200","60,600","60,871",0,0.00,0.59,36.07,0.00,0.00,0.59,36.07,"146,948.64"
222,09/10/2025,GAS,"60,900","60,900","60,900","61,400","60,600","60,817",0,0.00,0.36,22.09,0.00,0.00,0.36,22.09,"146,948.64"
223,08/10/2025,GAS,"60,900","61,200","60,900","61,600","60,900","61,269",0,0.00,0.38,23.24,0.00,0.00,0.38,23.24,"146,948.64"
224,07/10/2025,GAS,"60,800","61,100","60,900","61,100","60,600","60,811",100,0.16,0.30,18.40,0.00,0.00,0.30,18.40,"146,948.64"
225,06/10/2025,GAS,"60,100","61,100","60,800","61,100","60,200","60,704",700,1.16,0.42,25.53,0.00,0.00,0.42,25.53,"146,707.35"
226,03/10/2025,GAS,"60,300","60,200","60,100","60,500","60,000","60,219",-200,-0.33,0.47,28.32,0.00,0.00,0.47,28.32,"145,018.28"
227,02/10/2025,GAS,"60,600","60,700","60,300","61,000","60,300","60,550",-300,-0.50,0.45,27.48,0.00,0.00,0.45,27.48,"145,500.87"
228,01/10/2025,GAS,"60,400","60,500","60,600","60,900","60,500","60,720",200,0.33,0.21,12.85,0.00,0.00,0.21,12.85,"146,224.76"
229,30/09/2025,GAS,"61,500","61,500","60,400","61,700","60,400","60,885","-1,100",-1.79,0.65,39.42,0.25,16.45,0.90,55.87,"145,742.17"
230,29/09/2025,GAS,"61,500","61,600","61,500","62,000","61,400","61,660",0,0.00,0.38,23.52,0.00,0.00,0.38,23.52,"148,396.41"
231,26/09/2025,GAS,"61,900","62,300","61,500","62,400","61,500","61,752",-400,-0.65,0.27,16.36,0.00,0.00,0.27,16.36,"144,074.38"
232,25/09/2025,GAS,"61,600","62,000","61,900","62,300","61,800","62,066",300,0.49,0.55,34.14,0.00,0.00,0.55,34.14,"145,011.45"
233,24/09/2025,GAS,"61,600","61,600","61,600","61,700","61,100","61,425",0,0.00,0.56,34.32,0.00,0.00,0.56,34.32,"144,308.65"
234,23/09/2025,GAS,"61,800","61,900","61,600","62,000","61,200","61,569",-200,-0.32,0.54,33.51,0.00,0.00,0.54,33.51,"144,308.65"
235,22/09/2025,GAS,"62,500","62,400","61,800","62,500","61,200","61,706",-700,-1.12,0.88,54.51,0.00,0.00,0.88,54.51,"144,777.19"
236,19/09/2025,GAS,"63,000","63,300","62,500","63,300","62,500","62,759",-500,-0.79,0.66,41.27,0.00,0.00,0.66,41.27,"146,417.06"
237,18/09/2025,GAS,"64,000","64,000","63,000","64,100","62,900","63,234","-1,000",-1.56,0.73,46.21,0.00,0.00,0.73,46.21,"147,588.39"
238,17/09/2025,GAS,"62,700","62,800","64,000","64,300","62,800","63,649","1,300",2.07,1.49,94.82,0.00,0.00,1.49,94.82,"149,931.07"
239,16/09/2025,GAS,"63,200","63,600","62,700","63,600","62,700","63,077",-500,-0.79,0.77,48.79,0.00,0.00,0.77,48.79,"146,885.59"
240,15/09/2025,GAS,"62,500","62,600","63,200","63,300","62,600","63,000",700,1.12,0.65,41.03,0.00,0.00,0.65,41.03,"148,056.93"
241,12/09/2025,GAS,"62,000","62,300","62,500","62,900","61,700","62,425",500,0.81,0.56,34.74,0.00,0.00,0.56,34.74,"146,417.06"
242,11/09/2025,GAS,"61,900","62,400","62,000","62,600","61,300","61,786",100,0.16,0.81,50.09,0.00,0.00,0.81,50.09,"145,245.72"
243,10/09/2025,GAS,"62,100","62,100","61,900","62,500","61,700","61,885",-200,-0.32,0.76,46.86,0.00,0.00,0.76,46.86,"145,011.45"
244,09/09/2025,GAS,"62,600","63,000","62,100","63,100","61,600","62,051",-500,-0.80,1.26,78.07,0.00,0.00,1.26,78.07,"145,479.99"
245,08/09/2025,GAS,"63,800","63,800","62,600","64,200","62,600","63,315","-1,200",-1.88,1.29,81.91,0.00,0.00,1.29,81.91,"146,651.32"
246,05/09/2025,GAS,"64,200","64,900","63,800","65,200","63,600","64,553",-400,-0.62,1.22,78.45,0.00,0.00,1.22,78.45,"149,462.53"
247,04/09/2025,GAS,"63,800","63,900","64,200","64,200","63,800","64,008",400,0.63,0.72,46.07,0.00,0.00,0.72,46.07,"150,399.60"
248,03/09/2025,GAS,"63,800","64,200","63,800","64,400","63,400","63,755",0,0.00,0.89,57.00,0.00,0.00,0.89,57.00,"149,462.53"
249,29/08/2025,GAS,"64,900","65,000","63,800","65,000","63,800","64,106","-1,100",-1.69,1.48,94.59,0.02,1.51,1.50,96.10,"149,462.53"
250,28/08/2025,GAS,"64,900","65,500","64,900","65,500","64,700","65,057",0,0.00,0.77,49.97,0.00,0.00,0.77,49.97,"152,039.47"
251,27/08/2025,GAS,"69,500","69,700","68,900","69,700","68,700","69,082",-600,-0.86,1.39,96.04,0.00,0.00,1.39,96.04,"161,410.16"
252,26/08/2025,GAS,"68,700","68,800","69,500","69,500","68,700","68,959",800,1.16,0.78,53.65,0.00,0.00,0.78,53.65,"162,815.77"
253,25/08/2025,GAS,"68,000","68,900","68,700","69,600","68,500","68,981",700,1.03,0.97,66.71,0.00,0.00,0.97,66.71,"160,941.63"
254,22/08/2025,GAS,"69,300","69,000","68,000","69,100","68,000","68,482","-1,300",-1.88,1.20,81.78,0.00,0.00,1.20,81.78,"159,301.76"
255,21/08/2025,GAS,"68,300","69,000","69,300","69,500","68,000","68,950","1,000",1.46,1.06,73.07,0.00,0.00,1.06,73.07,"162,347.23"
256,20/08/2025,GAS,"69,900","70,000","68,300","70,100","67,500","68,775","-1,600",-2.29,1.69,115.88,0.00,0.00,1.69,115.88,"160,004.56"
257,19/08/2025,GAS,"70,000","70,300","69,900","70,800","69,800","70,200",-100,-0.14,1.33,93.09,0.00,0.00,1.33,93.09,"163,752.84"
258,18/08/2025,GAS,"69,700","71,100","70,000","71,100","69,600","70,002",300,0.43,1.18,82.36,0.00,0.00,1.18,82.36,"163,987.10"
259,15/08/2025,GAS,"69,700","70,000","69,700","71,500","69,400","70,205",0,0.00,1.68,117.81,0.00,0.00,1.68,117.81,"163,284.30"
260,14/08/2025,GAS,"70,000","70,200","69,700","70,300","69,200","69,568",-300,-0.43,1.23,85.19,0.00,0.00,1.23,85.19,"163,284.30"
261,13/08/2025,GAS,"70,500","70,600","70,000","70,900","69,300","69,852",-500,-0.71,1.89,131.83,0.00,0.00,1.89,131.83,"163,987.10"
262,12/08/2025,GAS,"70,400","70,400","70,500","71,300","70,000","70,553",100,0.14,1.69,119.46,0.00,0.00,1.69,119.46,"165,158.44"
263,11/08/2025,GAS,"70,200","70,300","70,400","71,200","70,100","70,461",200,0.28,1.23,86.57,0.00,0.00,1.23,86.57,"164,924.17"
264,08/08/2025,GAS,"69,100","69,400","70,200","70,900","69,000","69,931","1,100",1.59,2.21,154.62,0.00,0.00,2.21,154.62,"164,455.64"
265,07/08/2025,GAS,"69,300","69,900","69,100","69,900","68,600","69,093",-200,-0.29,0.98,67.52,0.00,0.00,0.98,67.52,"161,878.70"
266,06/08/2025,GAS,"67,800","67,800","69,300","69,300","67,800","68,718","1,500",2.21,1.30,89.39,0.00,0.00,1.30,89.39,"162,347.23"
267,05/08/2025,GAS,"68,000","68,400","67,800","69,400","67,400","68,391",-200,-0.29,2.02,138.17,0.00,0.00,2.02,138.17,"158,833.22"
268,04/08/2025,GAS,"67,600","67,700","68,000","68,800","67,500","68,120",400,0.59,2.05,139.33,0.00,0.00,2.05,139.33,"159,301.76"
269,01/08/2025,GAS,"67,700","68,200","67,600","68,200","67,300","67,719",-100,-0.15,0.89,60.22,0.00,0.00,0.89,60.22,"158,364.69"
270,31/07/2025,GAS,"67,900","69,600","67,700","69,600","67,600","68,080",-200,-0.29,0.84,57.26,0.00,0.00,0.84,57.26,"158,598.96"
271,30/07/2025,GAS,"68,000","68,700","67,900","68,700","67,200","67,900",-100,-0.15,0.90,61.40,0.00,0.00,0.90,61.40,"159,067.49"
272,29/07/2025,GAS,"68,900","68,900","68,000","70,500","68,000","69,298",-900,-1.31,2.11,146.00,0.00,0.00,2.11,146.00,"159,301.76"
273,28/07/2025,GAS,"68,700","69,100","68,900","69,400","68,300","68,760",200,0.29,1.18,81.00,0.00,0.00,1.18,81.00,"161,410.16"
274,25/07/2025,GAS,"69,100","69,100","68,700","70,000","68,700","69,014",-400,-0.58,1.10,75.84,0.00,0.00,1.10,75.84,"160,941.63"
275,24/07/2025,GAS,"69,000","69,100","69,100","70,200","69,000","69,346",100,0.14,1.23,85.65,0.00,0.00,1.23,85.65,"161,878.70"
276,23/07/2025,GAS,"67,900","68,100","69,000","69,300","67,600","68,609","1,100",1.62,1.70,116.81,0.00,0.00,1.70,116.81,"161,644.43"
277,22/07/2025,GAS,"67,500","67,700","67,900","67,900","67,100","67,351",400,0.59,0.65,44.02,0.00,0.00,0.65,44.02,"159,067.49"
278,21/07/2025,GAS,"68,100","68,200","67,500","68,200","67,200","67,625",-600,-0.88,0.73,49.10,0.00,0.00,0.73,49.10,"158,130.42"
279,18/07/2025,GAS,"67,700","67,900","68,100","68,500","67,400","67,822",400,0.59,0.90,61.25,0.00,0.00,0.90,61.25,"159,536.03"
280,17/07/2025,GAS,"67,400","67,500","67,700","67,900","67,000","67,465",300,0.45,1.39,93.82,0.00,0.00,1.39,93.82,"158,598.96"
281,16/07/2025,GAS,"67,700","67,700","67,400","67,900","67,200","67,492",-300,-0.44,0.53,35.45,0.00,0.00,0.53,35.45,"157,896.15"
282,15/07/2025,GAS,"68,200","68,200","67,700","68,500","67,700","67,985",-500,-0.73,0.80,54.48,0.00,0.00,0.80,54.48,"158,598.96"
283,14/07/2025,GAS,"67,900","68,500","68,200","68,600","67,900","68,164",300,0.44,0.77,52.49,0.00,0.00,0.77,52.49,"159,770.29"
284,11/07/2025,GAS,"68,400","68,100","67,900","68,500","67,600","67,986",-500,-0.73,0.69,46.67,0.00,0.00,0.69,46.67,"159,067.49"
285,10/07/2025,GAS,"68,000","68,100","68,400","68,900","67,600","68,215",400,0.59,1.14,77.50,0.00,0.00,1.14,77.50,"160,238.83"
286,09/07/2025,GAS,"67,700","67,900","68,000","68,000","67,600","67,778",300,0.44,0.95,64.51,0.00,0.00,0.95,64.51,"159,301.76"
287,08/07/2025,GAS,"66,500","67,100","67,700","67,700","66,700","67,145","1,200",1.80,0.91,61.11,0.00,0.00,0.91,61.11,"158,598.96"
288,07/07/2025,GAS,"66,400","66,700","66,500","66,700","66,400","66,559",100,0.15,0.50,33.35,0.00,0.00,0.50,33.35,"155,787.75"
289,04/07/2025,GAS,"66,200","66,400","66,400","66,700","66,200","66,368",200,0.30,0.56,36.90,0.00,0.00,0.56,36.90,"155,553.48"
290,03/07/2025,GAS,"66,400","66,900","66,200","67,500","66,200","66,759",-200,-0.30,0.91,60.91,0.00,0.00,0.91,60.91,"155,084.95"
291,02/07/2025,GAS,"66,400","66,400","66,400","67,000","66,200","66,402",0,0.00,0.56,37.42,0.00,0.00,0.56,37.42,"155,553.48"
292,01/07/2025,GAS,"67,800","67,500","66,400","67,800","66,400","66,968","-1,400",-2.06,0.86,57.42,0.00,0.00,0.86,57.42,"155,553.48"
293,30/06/2025,GAS,"68,000","68,200","67,800","68,300","67,300","67,653",-200,-0.29,0.67,45.58,0.00,0.00,0.67,45.58,"158,833.22"
294,27/06/2025,GAS,"68,500","68,500","68,000","68,600","67,600","68,201",-500,-0.73,0.70,47.79,0.00,0.00,0.70,47.79,"159,301.76"
295,26/06/2025,GAS,"67,500","67,700","68,500","68,500","67,500","68,100","1,000",1.48,0.76,51.87,0.15,9.42,0.91,61.29,"160,473.09"
296,25/06/2025,GAS,"69,100","68,800","67,500","68,900","67,500","67,993","-1,600",-2.32,1.72,117.13,0.00,0.00,1.72,117.13,"158,130.42"
297,24/06/2025,GAS,"72,600","68,100","69,100","70,400","68,100","69,356","-3,500",-4.82,2.63,182.36,0.00,0.00,2.63,182.36,"161,878.70"
298,23/06/2025,GAS,"69,500","73,600","72,600","73,600","71,600","72,642","3,100",4.46,2.94,213.37,0.00,0.00,2.94,213.37,"170,078.05"
299,20/06/2025,GAS,"71,800","72,000","69,500","72,000","69,300","70,182","-2,300",-3.20,1.74,122.18,0.00,0.00,1.74,122.18,"162,815.77"
300,19/06/2025,GAS,"70,900","70,900","71,800","72,300","70,100","71,610",900,1.27,2.68,192.29,0.00,0.00,2.68,192.29,"168,203.92"
301,18/06/2025,GAS,"69,300","70,000","70,900","71,300","69,200","70,467","1,600",2.31,2.66,187.66,0.00,0.00,2.66,187.66,"166,095.51"
302,17/06/2025,GAS,"68,900","69,600","69,300","69,900","68,200","69,172",400,0.58,2.77,191.39,0.00,0.00,2.77,191.39,"162,347.23"
303,16/06/2025,GAS,"64,400","66,000","68,900","68,900","65,700","67,660","4,500",6.99,3.18,215.54,0.10,6.89,3.28,222.43,"161,410.16"
304,13/06/2025,GAS,"62,800","64,400","64,400","66,000","63,700","65,382","1,600",2.55,3.70,239.58,0.00,0.00,3.70,239.58,"150,868.14"
305,12/06/2025,GAS,"62,600","63,500","62,800","63,500","62,600","62,855",200,0.32,0.48,30.20,0.00,0.00,0.48,30.20,"147,119.86"
306,11/06/2025,GAS,"62,900","63,000","62,600","63,300","62,400","62,719",-300,-0.48,0.49,30.69,0.00,0.00,0.49,30.69,"146,651.32"
307,10/06/2025,GAS,"63,300","63,300","62,900","63,600","62,700","63,260",-400,-0.63,0.43,27.03,0.00,0.00,0.43,27.03,"147,354.13"
308,09/06/2025,GAS,"63,000","63,100","63,300","63,800","62,800","63,021",300,0.48,0.55,34.92,0.00,0.00,0.55,34.92,"148,291.20"
309,06/06/2025,GAS,"63,800","63,800","63,000","63,800","62,800","63,307",-800,-1.25,0.87,55.12,0.00,0.00,0.87,55.12,"147,588.39"
310,05/06/2025,GAS,"64,800","64,800","63,800","64,800","63,500","64,004","-1,000",-1.54,0.81,51.52,0.00,0.00,0.81,51.52,"149,462.53"
311,04/06/2025,GAS,"65,800","65,800","64,800","65,800","64,700","64,773","-1,000",-1.52,0.74,48.09,0.00,0.00,0.74,48.09,"151,805.21"
312,03/06/2025,GAS,"65,500","65,500","65,800","65,900","65,300","65,704",300,0.46,0.74,48.82,0.00,0.00,0.74,48.82,"154,147.88"
313,02/06/2025,GAS,"65,000","64,700","65,500","65,600","64,100","64,851",500,0.77,0.72,46.94,0.00,0.00,0.72,46.94,"153,445.08"
314,30/05/2025,GAS,"64,000","64,000","65,000","65,300","64,000","64,664","1,000",1.56,1.36,87.96,0.00,0.00,1.36,87.96,"152,273.74"
315,29/05/2025,GAS,"64,100","64,000","64,000","64,200","63,700","63,949",-100,-0.16,0.67,43.03,0.00,0.00,0.67,43.03,"149,931.07"
316,28/05/2025,GAS,"63,700","64,000","64,100","64,700","64,000","64,400",400,0.63,1.15,74.17,0.00,0.00,1.15,74.17,"150,165.33"
317,27/05/2025,GAS,"63,000","63,500","63,700","63,900","62,900","63,509",700,1.11,0.78,49.44,0.00,0.00,0.78,49.44,"149,228.26"
318,26/05/2025,GAS,"63,000","63,100","63,000","63,500","61,500","62,668",0,0.00,0.63,39.59,0.00,0.00,0.63,39.59,"147,588.39"
319,23/05/2025,GAS,"61,000","61,100","63,000","63,400","61,100","62,265","2,000",3.28,1.31,81.71,0.00,0.00,1.31,81.71,"147,588.39"
320,22/05/2025,GAS,"60,300","60,400","61,000","61,500","60,400","61,085",700,1.16,0.76,46.46,0.00,0.00,0.76,46.46,"142,903.05"
321,21/05/2025,GAS,"60,500","60,500","60,300","60,900","60,200","60,484",-200,-0.33,0.32,19.05,0.00,0.00,0.32,19.05,"141,263.18"
322,20/05/2025,GAS,"60,700","60,800","60,500","60,800","60,000","60,335",-200,-0.33,0.61,36.50,0.00,0.00,0.61,36.50,"141,731.71"
323,19/05/2025,GAS,"61,800","60,800","60,700","61,200","60,700","60,840","-1,100",-1.78,0.58,35.55,0.00,0.00,0.58,35.55,"142,200.25"
324,16/05/2025,GAS,"62,000","62,000","61,800","62,000","61,400","61,674",-200,-0.32,0.30,18.35,0.00,0.00,0.30,18.35,"144,777.19"
325,15/05/2025,GAS,"61,900","61,900","62,000","62,100","61,400","61,720",100,0.16,0.67,41.27,0.00,0.00,0.67,41.27,"145,245.72"
326,14/05/2025,GAS,"62,000","62,000","61,900","62,300","61,600","61,770",-100,-0.16,0.66,40.49,0.00,0.00,0.66,40.49,"145,011.45"
327,13/05/2025,GAS,"62,300","62,500","62,000","62,600","61,800","62,076",-300,-0.48,0.67,41.40,0.00,0.00,0.67,41.40,"145,245.72"
328,12/05/2025,GAS,"61,100","61,000","62,300","62,500","61,000","62,088","1,200",1.96,0.83,51.70,0.00,0.00,0.83,51.70,"145,948.52"
329,09/05/2025,GAS,"61,400","61,600","61,100","62,000","60,800","61,319",-300,-0.49,0.49,30.15,0.00,0.00,0.49,30.15,"143,137.32"
330,08/05/2025,GAS,"60,500","61,000","61,400","61,700","60,700","61,178",900,1.49,0.86,52.72,0.00,0.00,0.86,52.72,"143,840.12"
331,07/05/2025,GAS,"59,600","59,600","60,500","61,500","59,600","60,697",900,1.51,0.88,53.67,0.02,1.11,0.90,54.78,"141,731.71"
332,06/05/2025,GAS,"58,500","58,800","59,600","59,800","58,600","59,233","1,100",1.88,0.90,53.28,0.00,0.00,0.90,53.28,"139,623.31"
333,05/05/2025,GAS,"58,300","58,400","58,500","58,700","57,800","58,254",200,0.34,0.66,38.38,0.12,7.03,0.78,45.41,"137,046.37"
334,29/04/2025,GAS,"58,400","58,400","58,300","58,400","58,200","58,317",-100,-0.17,0.31,18.09,0.08,4.40,0.39,22.49,"136,577.83"
335,28/04/2025,GAS,"58,500","58,400","58,400","58,500","58,100","58,257",-100,-0.17,0.27,15.81,0.08,4.68,0.35,20.49,"136,812.10"
336,25/04/2025,GAS,"57,500","57,600","58,500","58,500","57,500","58,153","1,000",1.74,0.91,53.13,0.00,0.00,0.91,53.13,"137,046.37"
337,24/04/2025,GAS,"57,500","57,500","57,500","58,000","57,300","57,574",0,0.00,0.41,23.62,0.08,4.68,0.49,28.30,"134,703.69"
338,23/04/2025,GAS,"57,500","58,100","57,500","58,600","57,400","57,889",0,0.00,0.70,40.42,0.00,0.00,0.70,40.42,"134,703.69"
339,22/04/2025,GAS,"58,100","57,100","57,500","58,100","54,300","56,449",-600,-1.03,1.11,62.68,0.08,4.68,1.19,67.36,"134,703.69"
340,21/04/2025,GAS,"58,400","58,400","58,100","58,700","57,800","58,107",-300,-0.51,0.30,17.43,0.00,0.00,0.30,17.43,"136,109.30"
341,18/04/2025,GAS,"58,100","58,400","58,400","59,400","58,300","58,769",300,0.52,0.66,38.59,0.00,0.00,0.66,38.59,"136,812.10"
342,17/04/2025,GAS,"58,100","57,300","58,100","58,300","57,000","57,745",0,0.00,0.48,27.94,0.00,0.00,0.48,27.94,"136,109.30"
343,16/04/2025,GAS,"58,200","58,200","58,100","58,800","57,100","58,122",-100,-0.17,0.63,36.55,0.05,2.95,0.68,39.50,"136,109.30"
344,15/04/2025,GAS,"59,200","59,000","58,200","59,300","58,100","58,590","-1,000",-1.69,0.84,49.26,0.00,0.00,0.84,49.26,"136,343.56"
345,14/04/2025,GAS,"58,100","59,800","59,200","59,800","58,600","59,002","1,100",1.89,1.09,64.47,0.05,2.95,1.14,67.42,"138,686.24"
346,11/04/2025,GAS,"54,300","58,100","58,100","58,100","55,800","57,552","3,800",7.00,2.26,129.89,0.00,0.00,2.26,129.89,"136,109.30"
347,10/04/2025,GAS,"50,800","54,300","54,300","54,300","54,300","54,296","3,500",6.89,0.06,3.12,0.00,0.00,0.06,3.12,"127,207.14"
348,09/04/2025,GAS,"54,600","50,800","50,800","56,000","50,800","52,073","-3,800",-6.96,2.77,144.17,0.05,2.98,2.82,147.15,"119,007.78"
349,08/04/2025,GAS,"58,700","56,000","54,600","56,300","54,600","54,757","-4,100",-6.98,2.63,144.15,0.05,2.82,2.68,146.97,"127,909.94"
350,04/04/2025,GAS,"62,500","58,200","58,700","60,800","58,200","58,542","-3,800",-6.08,2.75,160.70,0.09,5.72,2.84,166.42,"137,514.90"
351,03/04/2025,GAS,"67,100","63,500","62,500","65,400","62,500","63,338","-4,600",-6.86,2.01,127.60,0.00,0.00,2.01,127.60,"146,417.06"
352,02/04/2025,GAS,"67,500","67,200","67,100","67,600","67,000","67,239",-400,-0.59,0.25,17.10,0.04,2.69,0.29,19.79,"157,193.35"
353,01/04/2025,GAS,"66,800","66,900","67,500","67,800","66,700","67,383",700,1.05,0.87,58.68,0.00,0.00,0.87,58.68,"158,130.42"
354,31/03/2025,GAS,"66,800","66,800","66,800","66,800","66,000","66,505",0,0.00,0.73,48.41,0.09,6.15,0.82,54.56,"156,490.55"
355,28/03/2025,GAS,"67,200","67,400","66,800","67,400","66,800","67,032",-400,-0.60,0.77,51.74,0.00,0.00,0.77,51.74,"156,490.55"
356,27/03/2025,GAS,"67,500","67,600","67,200","68,000","67,100","67,496",-300,-0.44,0.43,28.79,0.09,6.15,0.52,34.94,"157,427.62"
357,26/03/2025,GAS,"67,200","67,300","67,500","68,200","67,200","67,571",300,0.45,0.55,37.05,0.00,0.00,0.55,37.05,"158,130.42"
358,25/03/2025,GAS,"67,200","67,500","67,200","67,600","67,100","67,285",0,0.00,0.77,51.65,0.09,5.91,0.86,57.56,"157,427.62"
359,24/03/2025,GAS,"67,700","68,000","67,200","68,000","67,000","67,304",-500,-0.74,1.20,80.44,0.00,0.00,1.20,80.44,"157,427.62"
360,21/03/2025,GAS,"68,600","68,500","67,700","68,600","67,700","68,007",-900,-1.31,1.17,79.80,0.09,6.24,1.26,86.04,"158,598.96"
361,20/03/2025,GAS,"68,800","68,700","68,600","69,100","68,100","68,503",-200,-0.29,0.75,51.38,0.00,0.00,0.75,51.38,"160,707.36"
362,19/03/2025,GAS,"69,100","69,100","68,800","69,800","68,600","69,056",-300,-0.43,0.70,48.60,0.00,0.00,0.70,48.60,"161,175.90"
363,18/03/2025,GAS,"68,200","68,600","69,100","69,900","68,100","69,146",900,1.32,2.80,193.41,0.00,0.00,2.80,193.41,"161,878.70"
364,17/03/2025,GAS,"67,700","67,800","68,200","68,400","67,700","68,140",500,0.74,1.12,76.13,0.00,0.00,1.12,76.13,"159,770.29"
365,14/03/2025,GAS,"68,300","68,200","67,700","68,300","67,300","67,657",-600,-0.88,0.94,63.79,0.00,0.00,0.94,63.79,"158,598.96"
366,13/03/2025,GAS,"67,900","67,900","68,300","68,800","67,800","68,257",400,0.59,1.09,74.26,0.00,0.00,1.09,74.26,"160,004.56"
367,12/03/2025,GAS,"67,400","67,800","67,900","68,300","67,400","67,960",500,0.74,0.76,51.74,0.00,0.00,0.76,51.74,"159,067.49"
368,11/03/2025,GAS,"67,800","67,600","67,400","67,700","67,000","67,366",-400,-0.59,0.52,35.27,0.00,0.00,0.52,35.27,"157,896.15"
369,10/03/2025,GAS,"67,800","68,100","67,800","68,200","67,200","67,554",0,0.00,1.42,95.99,0.05,3.43,1.47,99.42,"158,833.22"
370,07/03/2025,GAS,"68,300","68,300","67,800","68,400","67,700","68,032",-500,-0.73,1.40,95.12,0.00,0.00,1.40,95.12,"158,833.22"
371,06/03/2025,GAS,"68,400","68,300","68,300","68,500","68,100","68,251",-100,-0.15,0.83,56.64,0.05,3.52,0.88,60.15,"160,004.56"
372,05/03/2025,GAS,"69,100","69,200","68,400","69,300","68,400","68,745",-700,-1.01,0.74,50.91,0.00,0.00,0.74,50.91,"160,238.83"
373,04/03/2025,GAS,"68,600","68,600","69,100","69,400","68,300","68,959",500,0.73,1.45,99.66,0.00,0.00,1.45,99.66,"161,878.70"
374,03/03/2025,GAS,"68,000","68,100","68,600","68,700","68,100","68,500",600,0.88,0.65,44.37,0.00,0.00,0.65,44.37,"160,707.36"
375,28/02/2025,GAS,"68,000","68,100","68,000","68,700","68,000","68,255",0,0.00,0.79,53.76,0.00,0.00,0.79,53.76,"159,301.76"
376,27/02/2025,GAS,"68,400","68,400","68,000","68,600","67,900","68,110",-400,-0.58,0.81,55.14,0.00,0.00,0.81,55.14,"159,301.76"
377,26/02/2025,GAS,"68,700","68,700","68,400","68,900","68,400","68,540",-300,-0.44,0.52,35.59,0.00,0.00,0.52,35.59,"160,238.83"
378,25/02/2025,GAS,"68,600","68,700","68,700","69,300","68,300","68,835",100,0.15,0.81,55.73,0.02,1.39,0.83,57.12,"160,941.63"
379,24/02/2025,GAS,"68,400","68,200","68,600","68,800","67,800","68,162",200,0.29,1.07,72.66,0.00,0.00,1.07,72.66,"160,707.36"
380,21/02/2025,GAS,"68,800","68,600","68,400","68,800","68,200","68,408",-400,-0.58,0.77,52.50,0.00,0.00,0.77,52.50,"160,238.83"
381,20/02/2025,GAS,"68,700","69,200","68,800","69,300","68,500","68,825",100,0.15,0.60,41.40,0.00,0.00,0.60,41.40,"161,175.90"
382,19/02/2025,GAS,"68,000","68,200","68,700","69,000","67,900","68,431",700,1.03,1.39,95.11,0.00,0.00,1.39,95.11,"160,941.63"
383,18/02/2025,GAS,"67,800","68,000","68,000","68,300","67,700","67,992",200,0.29,0.63,43.13,0.00,0.00,0.63,43.13,"159,301.76"
384,17/02/2025,GAS,"67,700","67,700","67,800","68,400","67,500","67,866",100,0.15,0.76,51.78,0.00,0.00,0.76,51.78,"158,833.22"
385,14/02/2025,GAS,"66,700","67,300","67,700","67,900","67,000","67,604","1,000",1.50,1.15,77.56,0.00,0.00,1.15,77.56,"158,598.96"
386,13/02/2025,GAS,"67,100","67,100","66,700","67,100","66,600","66,776",-400,-0.60,0.65,43.45,0.00,0.00,0.65,43.45,"156,256.28"
387,12/02/2025,GAS,"67,000","67,000","67,100","67,500","67,000","67,255",100,0.15,0.34,23.15,0.00,0.00,0.34,23.15,"157,193.35"
388,11/02/2025,GAS,"67,300","67,300","67,000","67,900","66,500","67,082",-300,-0.45,0.67,45.03,0.00,0.00,0.67,45.03,"156,959.09"
389,10/02/2025,GAS,"67,300","67,200","67,300","67,600","66,900","67,137",0,0.00,0.73,49.21,0.00,0.00,0.73,49.21,"157,661.89"
390,07/02/2025,GAS,"67,600","67,600","67,300","68,000","67,300","67,597",-300,-0.44,0.82,55.31,0.02,1.37,0.84,56.68,"157,661.89"
391,06/02/2025,GAS,"67,800","68,200","67,600","68,200","67,500","67,793",-200,-0.29,0.54,36.56,0.00,0.00,0.54,36.56,"158,364.69"
392,05/02/2025,GAS,"67,100","67,500","67,800","68,100","67,400","67,796",700,1.04,0.65,44.23,0.02,1.37,0.67,45.60,"158,833.22"
393,04/02/2025,GAS,"67,100","66,900","67,100","67,300","66,900","67,088",0,0.00,0.40,26.73,0.00,0.00,0.40,26.73,"157,193.35"
394,03/02/2025,GAS,"67,900","67,800","67,100","67,800","66,900","67,144",-800,-1.18,0.46,31.10,0.02,1.37,0.48,32.47,"157,193.35"
395,24/01/2025,GAS,"67,000","67,000","67,900","67,900","66,800","67,539",900,1.34,0.43,29.20,0.00,0.00,0.43,29.20,"159,067.49"
396,23/01/2025,GAS,"66,800","66,800","67,000","67,200","66,700","66,969",200,0.30,0.32,21.24,0.02,1.37,0.34,22.60,"156,959.09"
397,22/01/2025,GAS,"67,100","67,500","66,800","67,500","66,700","67,000",-300,-0.45,0.31,20.99,0.00,0.00,0.31,20.99,"156,490.55"
398,21/01/2025,GAS,"67,700","68,000","67,100","68,100","67,100","67,455",-600,-0.89,0.35,23.56,0.02,1.37,0.37,24.93,"157,193.35"
399,20/01/2025,GAS,"66,800","67,200","67,700","68,200","66,800","67,566",900,1.35,0.66,44.73,0.00,0.00,0.66,44.73,"158,598.96"
400,17/01/2025,GAS,"66,900","67,200","66,800","67,200","66,600","66,895",-100,-0.15,0.32,21.52,0.00,0.00,0.32,21.52,"156,490.55"
401,16/01/2025,GAS,"66,800","67,100","66,900","67,300","66,600","66,962",100,0.15,0.49,33.04,0.00,0.00,0.49,33.04,"156,724.82"
402,15/01/2025,GAS,"66,900","67,200","66,800","67,400","66,800","67,152",-100,-0.15,0.40,26.53,0.00,0.00,0.40,26.53,"156,490.55"
403,14/01/2025,GAS,"66,400","66,500","66,900","67,400","66,500","66,884",500,0.75,0.40,26.57,0.00,0.00,0.40,26.57,"156,724.82"
404,13/01/2025,GAS,"66,700","66,700","66,400","67,100","66,200","66,538",-300,-0.45,0.54,36.09,0.00,0.00,0.54,36.09,"155,553.48"
405,10/01/2025,GAS,"67,000","67,000","66,700","67,500","66,700","66,973",-300,-0.45,0.42,28.30,0.00,0.00,0.42,28.30,"156,256.28"
406,09/01/2025,GAS,"67,100","67,200","67,000","67,500","66,800","67,025",-100,-0.15,0.37,24.76,0.00,0.00,0.37,24.76,"156,959.09"
407,08/01/2025,GAS,"67,000","67,000","67,100","67,200","66,600","66,945",100,0.15,0.52,34.92,0.00,0.00,0.52,34.92,"157,193.35"
408,07/01/2025,GAS,"67,500","67,600","67,000","67,900","66,900","67,149",-500,-0.74,0.68,45.88,0.00,0.00,0.68,45.88,"156,959.09"
409,06/01/2025,GAS,"68,000","68,000","67,500","68,200","67,300","67,757",-500,-0.74,0.67,45.62,0.00,0.00,0.67,45.62,"158,130.42"
410,03/01/2025,GAS,"68,100","68,100","68,000","68,400","68,000","68,106",-100,-0.15,0.46,31.36,0.00,0.00,0.46,31.36,"159,301.76"
411,02/01/2025,GAS,"68,100","68,300","68,100","68,500","68,000","68,160",0,0.00,0.43,29.16,0.00,0.00,0.43,29.16,"159,536.03"
412,31/12/2024,GAS,"68,200","68,400","68,100","68,700","68,100","68,323",-100,-0.15,0.77,52.66,0.00,0.00,0.77,52.66,"159,536.03"
413,30/12/2024,GAS,"68,500","68,600","68,200","68,800","68,200","68,474",-300,-0.44,0.40,27.55,0.00,0.00,0.40,27.55,"159,770.29"
414,27/12/2024,GAS,"68,500","68,700","68,500","69,000","68,500","68,674",0,0.00,0.54,37.08,0.00,0.00,0.54,37.08,"160,473.09"
415,26/12/2024,GAS,"68,400","68,600","68,500","69,600","68,500","69,041",100,0.15,1.00,68.84,0.00,0.00,1.00,68.84,"160,473.09"
416,25/12/2024,GAS,"68,200","68,300","68,400","68,900","68,300","68,661",200,0.29,0.46,31.33,0.00,0.00,0.46,31.33,"160,238.83"
417,24/12/2024,GAS,"68,500","68,600","68,200","68,700","68,200","68,329",-300,-0.44,0.51,34.83,0.00,0.00,0.51,34.83,"159,770.29"
418,23/12/2024,GAS,"68,600","68,800","68,500","69,100","68,500","68,815",-100,-0.15,0.56,38.79,0.00,0.00,0.56,38.79,"160,473.09"
419,20/12/2024,GAS,"68,500","68,500","68,600","68,800","68,400","68,660",100,0.15,0.34,23.46,0.00,0.00,0.34,23.46,"160,707.36"
420,19/12/2024,GAS,"68,500","68,200","68,500","68,600","68,000","68,287",0,0.00,0.72,49.26,0.00,0.00,0.72,49.26,"160,473.09"
421,18/12/2024,GAS,"68,000","68,400","68,500","68,700","68,300","68,530",500,0.74,0.50,34.55,0.00,0.00,0.50,34.55,"160,473.09"
422,17/12/2024,GAS,"68,100","68,100","68,000","68,500","68,000","68,109",-100,-0.15,0.41,28.12,0.00,0.00,0.41,28.12,"159,301.76"
423,16/12/2024,GAS,"68,400","68,500","68,100","68,600","68,100","68,260",-300,-0.44,0.35,23.90,0.00,0.00,0.35,23.90,"159,536.03"
424,13/12/2024,GAS,"68,500","68,500","68,400","68,600","68,200","68,391",-100,-0.15,0.35,23.80,0.00,0.00,0.35,23.80,"160,238.83"
425,12/12/2024,GAS,"68,700","68,800","68,500","69,000","68,500","68,653",-200,-0.29,0.52,35.42,0.00,0.00,0.52,35.42,"160,473.09"
426,11/12/2024,GAS,"69,000","69,000","68,700","69,200","68,600","68,777",-300,-0.43,0.54,37.07,0.00,0.00,0.54,37.07,"160,941.63"
427,10/12/2024,GAS,"69,300","69,400","69,000","69,600","69,000","69,155",-300,-0.43,0.40,27.84,0.00,0.00,0.40,27.84,"161,644.43"
428,09/12/2024,GAS,"69,200","69,500","69,300","69,500","69,200","69,298",100,0.14,0.40,27.44,0.00,0.00,0.40,27.44,"162,347.23"
429,06/12/2024,GAS,"68,900","69,900","69,200","69,900","69,000","69,461",300,0.44,0.43,29.92,0.00,0.00,0.43,29.92,"162,112.97"
430,05/12/2024,GAS,"68,600","68,700","68,900","69,800","68,500","69,168",300,0.44,0.63,43.64,0.00,0.00,0.63,43.64,"161,410.16"
431,04/12/2024,GAS,"68,700","68,700","68,600","69,200","68,500","68,793",-100,-0.15,0.31,21.21,0.00,0.00,0.31,21.21,"160,707.36"
432,03/12/2024,GAS,"69,200","69,300","68,700","69,600","68,700","68,982",-500,-0.72,0.63,43.76,0.00,0.00,0.63,43.76,"160,941.63"
433,02/12/2024,GAS,"69,600","69,700","69,200","69,800","69,000","69,322",-400,-0.57,0.40,28.02,0.00,0.00,0.40,28.02,"162,112.97"
434,29/11/2024,GAS,"69,300","69,300","69,600","69,800","69,200","69,551",300,0.43,0.28,19.68,0.00,0.00,0.28,19.68,"163,050.04"
435,28/11/2024,GAS,"69,300","69,300","69,300","70,000","69,300","69,706",0,0.00,0.44,30.87,0.10,6.45,0.54,37.32,"162,347.23"
436,27/11/2024,GAS,"69,600","69,800","69,300","69,800","69,000","69,337",-300,-0.43,0.42,28.95,0.00,0.00,0.42,28.95,"162,347.23"
437,26/11/2024,GAS,"69,300","69,400","69,600","69,900","69,400","69,650",300,0.43,0.45,31.22,0.00,0.00,0.45,31.22,"163,050.04"
438,25/11/2024,GAS,"69,200","69,400","69,300","70,300","69,300","69,845",100,0.14,0.90,62.94,0.00,0.00,0.90,62.94,"162,347.23"
439,22/11/2024,GAS,"68,200","68,600","69,200","70,600","68,600","69,714","1,000",1.47,1.02,70.77,0.00,0.00,1.02,70.77,"162,112.97"
440,21/11/2024,GAS,"67,600","67,800","68,200","68,600","67,800","68,158",600,0.89,1.17,79.60,0.00,0.00,1.17,79.60,"159,770.29"
441,20/11/2024,GAS,"67,900","67,900","67,600","68,400","67,500","67,921",-300,-0.44,0.71,48.35,0.00,0.00,0.71,48.35,"158,364.69"
442,19/11/2024,GAS,"69,000","69,500","67,900","69,700","67,900","68,735","-1,100",-1.59,0.69,47.64,0.00,0.00,0.69,47.64,"159,067.49"
443,18/11/2024,GAS,"68,600","68,600","69,000","69,100","68,300","68,638",400,0.58,0.94,64.29,0.00,0.00,0.94,64.29,"161,644.43"
444,15/11/2024,GAS,"69,000","68,900","68,600","69,400","68,600","68,932",-400,-0.58,0.77,53.35,0.00,0.00,0.77,53.35,"160,707.36"
445,14/11/2024,GAS,"69,500","69,200","69,000","70,300","69,000","69,787",-500,-0.72,0.54,37.95,0.00,0.00,0.54,37.95,"161,644.43"
446,13/11/2024,GAS,"69,800","70,000","69,500","70,000","68,000","69,276",-300,-0.43,0.83,57.33,0.00,0.00,0.83,57.33,"162,815.77"
447,12/11/2024,GAS,"70,100","70,100","69,800","70,500","69,800","70,134",-300,-0.43,0.43,29.84,0.00,0.00,0.43,29.84,"163,518.57"
448,11/11/2024,GAS,"70,000","70,100","70,100","70,500","70,000","70,208",100,0.14,0.54,38.21,0.00,0.00,0.54,38.21,"164,221.37"
449,08/11/2024,GAS,"70,100","70,200","70,000","70,800","70,000","70,271",-100,-0.14,0.43,30.13,0.00,0.00,0.43,30.13,"163,987.10"
450,07/11/2024,GAS,"70,100","71,000","70,100","71,000","70,100","70,622",0,0.00,0.37,26.33,0.00,0.00,0.37,26.33,"164,221.37"
451,06/11/2024,GAS,"69,600","70,000","70,100","71,100","69,900","70,443",500,0.72,0.50,35.33,0.00,0.00,0.50,35.33,"164,221.37"
452,05/11/2024,GAS,"69,900","69,900","69,600","70,000","69,400","69,685",-300,-0.43,0.54,37.77,0.00,0.00,0.54,37.77,"163,050.04"
453,04/11/2024,GAS,"70,200","70,400","69,900","70,400","69,900","69,994",-300,-0.43,0.46,32.32,0.00,0.00,0.46,32.32,"163,752.84"
454,01/11/2024,GAS,"70,500","70,500","70,200","70,700","70,000","70,293",-300,-0.43,0.43,30.04,0.00,0.00,0.43,30.04,"164,455.64"
455,31/10/2024,GAS,"70,600","71,000","70,500","71,000","70,500","70,658",-100,-0.14,0.62,43.82,0.00,0.00,0.62,43.82,"165,158.44"
456,30/10/2024,GAS,"70,800","70,900","70,600","71,300","70,600","70,889",-200,-0.28,0.32,22.57,0.00,0.00,0.32,22.57,"165,392.71"
457,29/10/2024,GAS,"70,700","70,700","70,800","71,100","70,700","70,923",100,0.14,0.35,24.97,0.00,0.00,0.35,24.97,"165,861.24"
458,28/10/2024,GAS,"70,900","70,900","70,700","71,000","70,700","70,842",-200,-0.28,0.31,22.05,0.00,0.00,0.31,22.05,"165,626.98"
459,25/10/2024,GAS,"71,000","71,000","70,900","71,400","70,900","71,079",-100,-0.14,0.32,22.92,0.00,0.00,0.32,22.92,"166,095.51"
460,24/10/2024,GAS,"70,900","70,900","71,000","71,200","70,900","71,028",100,0.14,0.41,29.36,0.00,0.00,0.41,29.36,"166,329.78"
461,23/10/2024,GAS,"71,200","71,200","70,900","71,200","70,700","70,924",-300,-0.42,0.67,47.31,0.00,0.00,0.67,47.31,"166,095.51"
462,22/10/2024,GAS,"71,700","71,700","71,200","71,900","71,200","71,446",-500,-0.70,0.55,38.97,0.00,0.00,0.55,38.97,"166,798.31"
463,21/10/2024,GAS,"71,700","71,700","71,700","71,700","71,300","71,537",0,0.00,0.47,33.60,0.00,0.00,0.47,33.60,"167,969.65"
464,18/10/2024,GAS,"71,500","71,600","71,700","72,300","71,600","71,885",200,0.28,0.32,23.18,0.00,0.00,0.32,23.18,"167,969.65"
465,17/10/2024,GAS,"72,000","72,000","71,500","72,300","71,200","71,581",-500,-0.69,0.74,52.93,0.00,0.00,0.74,52.94,"167,501.11"
466,16/10/2024,GAS,"72,700","72,600","72,000","72,700","72,000","72,242",-700,-0.96,0.76,54.79,0.00,0.00,0.76,54.79,"168,672.45"
467,15/10/2024,GAS,"72,900","72,700","72,700","73,000","72,400","72,658",-200,-0.27,0.60,43.33,0.00,0.00,0.60,43.33,"170,312.32"
468,14/10/2024,GAS,"73,200","73,600","72,900","73,600","72,700","72,885",-300,-0.41,0.53,38.35,0.02,1.46,0.55,39.82,"170,780.86"
469,11/10/2024,GAS,"73,300","73,500","73,200","73,700","73,200","73,466",-100,-0.14,0.60,44.34,0.00,0.00,0.60,44.34,"171,483.66"
470,10/10/2024,GAS,"72,700","73,200","73,300","73,600","72,500","73,165",600,0.83,1.05,76.55,0.00,0.00,1.05,76.55,"171,717.92"
471,09/10/2024,GAS,"72,600","72,600","72,700","72,900","72,300","72,533",100,0.14,0.55,39.69,0.00,0.00,0.55,39.69,"170,312.32"
472,08/10/2024,GAS,"72,900","73,400","72,600","73,400","72,600","72,941",-300,-0.41,0.64,46.53,0.00,0.00,0.64,46.53,"170,078.05"
473,07/10/2024,GAS,"73,300","73,500","72,900","73,700","72,600","72,965",-400,-0.55,0.58,42.37,0.02,1.47,0.60,43.84,"170,780.86"
474,04/10/2024,GAS,"72,500","72,800","73,300","73,700","72,500","73,082",800,1.10,0.87,63.43,0.02,1.46,0.89,64.89,"171,717.92"
475,03/10/2024,GAS,"72,900","73,400","72,500","73,400","72,500","72,792",-400,-0.55,0.79,57.75,0.00,0.00,0.79,57.75,"169,843.79"
476,02/10/2024,GAS,"73,000","73,300","72,900","74,000","72,900","73,254",-100,-0.14,1.05,77.19,0.03,1.85,1.08,79.03,"170,780.86"
477,01/10/2024,GAS,"73,200","73,300","73,000","73,700","73,000","73,183",-200,-0.27,1.03,75.55,0.04,2.94,1.07,78.49,"171,015.12"
478,30/09/2024,GAS,"73,500","73,500","73,200","73,600","73,000","73,260",-300,-0.41,0.65,47.39,0.00,0.00,0.65,47.39,"171,483.66"
479,27/09/2024,GAS,"74,000","74,200","73,500","74,300","73,500","73,799",-500,-0.68,0.54,39.56,0.03,1.86,0.56,41.41,"172,186.46"
480,26/09/2024,GAS,"73,800","73,800","74,000","74,600","73,800","74,284",200,0.27,1.11,82.44,0.00,0.00,1.11,82.44,"173,357.80"
481,25/09/2024,GAS,"73,700","74,000","73,800","74,000","73,500","73,737",100,0.14,0.67,49.04,0.00,0.00,0.67,49.04,"172,889.26"
482,24/09/2024,GAS,"73,000","73,000","73,700","73,900","73,000","73,590",700,0.96,0.85,62.78,0.00,0.00,0.85,62.78,"169,269.73"
483,23/09/2024,GAS,"73,100","73,100","73,000","73,300","72,900","73,111",-100,-0.14,0.55,40.38,0.00,0.00,0.55,40.38,"167,662.01"
484,20/09/2024,GAS,"73,400","73,600","73,100","73,800","73,000","73,297",-300,-0.41,1.00,73.19,0.00,0.00,1.00,73.19,"167,891.68"
485,19/09/2024,GAS,"73,100","73,200","73,400","73,400","72,900","73,175",300,0.41,0.98,71.76,0.00,0.00,0.98,71.76,"168,580.70"
486,18/09/2024,GAS,"72,700","73,300","73,100","73,500","72,900","73,193",400,0.55,0.78,56.92,0.00,0.00,0.78,56.92,"167,891.68"
487,17/09/2024,GAS,"72,600","72,600","72,700","73,200","72,300","72,594",100,0.14,0.76,55.47,0.00,0.00,0.76,55.47,"166,972.99"
488,16/09/2024,GAS,"74,300","74,000","72,600","74,000","72,600","73,093","-1,700",-2.29,1.86,136.19,0.00,0.00,1.86,136.19,"166,743.31"
489,13/09/2024,GAS,"76,100","76,100","74,300","76,100","74,200","74,648","-1,800",-2.37,2.09,156.25,0.00,0.00,2.09,156.25,"170,647.77"
490,12/09/2024,GAS,"83,600","83,800","83,600","84,200","83,400","83,745",0,0.00,1.76,147.31,0.00,0.00,1.76,147.31,"192,007.45"
491,11/09/2024,GAS,"84,100","84,000","83,600","84,000","83,000","83,549",-500,-0.59,1.49,124.51,0.00,0.01,1.49,124.51,"192,007.45"
492,10/09/2024,GAS,"84,700","84,600","84,100","85,200","83,500","84,178",-600,-0.71,1.91,160.40,0.00,0.00,1.91,160.40,"193,155.82"
493,09/09/2024,GAS,"84,100","83,800","84,700","85,400","83,700","84,569",600,0.71,1.97,166.45,0.00,0.00,1.97,166.45,"194,533.87"
494,06/09/2024,GAS,"83,300","84,500","84,100","84,500","83,800","84,184",800,0.96,0.88,73.91,0.00,0.00,0.88,73.91,"193,155.82"
495,05/09/2024,GAS,"83,900","84,400","83,300","84,800","83,300","84,069",-600,-0.72,0.90,75.69,0.00,0.00,0.90,75.69,"191,318.43"
496,04/09/2024,GAS,"83,300","83,000","83,900","84,400","82,900","83,876",600,0.72,1.38,115.55,0.04,3.32,1.42,118.87,"192,696.47"
497,30/08/2024,GAS,"83,400","83,700","83,300","84,000","83,300","83,534",-100,-0.12,0.96,80.03,0.00,0.00,0.96,80.03,"191,318.43"
498,29/08/2024,GAS,"83,800","83,800","83,400","84,100","83,400","83,612",-400,-0.48,0.91,75.90,0.00,0.00,0.91,75.90,"191,548.10"
499,28/08/2024,GAS,"83,500","83,300","83,800","84,200","83,300","83,711",300,0.36,0.85,70.78,0.00,0.00,0.85,70.78,"192,466.80"
500,27/08/2024,GAS,"84,200","84,500","83,500","84,500","83,000","83,489",-700,-0.83,1.80,149.89,0.00,0.00,1.80,149.89,"191,777.78"
501,26/08/2024,GAS,"84,700","85,200","84,200","85,300","83,900","84,722",-500,-0.59,1.22,102.98,0.00,0.00,1.22,102.98,"193,385.50"
502,23/08/2024,GAS,"84,500","84,700","84,700","85,400","84,600","84,856",200,0.24,0.89,75.64,0.00,0.00,0.89,75.64,"194,533.87"
503,22/08/2024,GAS,"85,000","85,300","84,500","85,400","84,300","84,620",-500,-0.59,1.30,110.02,0.00,0.00,1.30,110.03,"194,074.52"
504,21/08/2024,GAS,"84,500","84,500","85,000","85,500","84,400","84,825",500,0.59,2.17,184.14,0.00,0.00,2.17,184.14,"195,222.89"
505,20/08/2024,GAS,"84,500","85,200","84,500","86,100","84,500","85,166",0,0.00,2.91,247.83,0.00,0.00,2.91,247.84,"194,074.52"
506,19/08/2024,GAS,"82,600","82,700","84,500","84,700","82,600","84,034","1,900",2.30,3.02,253.87,0.06,4.97,3.08,258.84,"194,074.52"
507,16/08/2024,GAS,"81,200","81,600","82,600","83,100","81,000","82,354","1,400",1.72,2.31,190.49,0.02,1.64,2.33,192.13,"189,710.71"
508,15/08/2024,GAS,"82,000","82,000","81,200","82,700","81,200","81,766",-800,-0.98,1.25,102.04,0.00,0.00,1.25,102.05,"186,495.28"
509,14/08/2024,GAS,"81,500","81,900","82,000","83,300","81,800","82,528",500,0.61,2.30,189.72,0.00,0.00,2.30,189.72,"188,332.67"
510,13/08/2024,GAS,"82,500","82,300","81,500","82,300","81,100","81,682","-1,000",-1.21,1.73,141.47,0.02,1.62,1.75,143.09,"187,184.30"
511,12/08/2024,GAS,"81,600","81,600","82,500","83,300","81,200","82,646",900,1.10,1.89,156.16,0.04,3.25,1.93,159.41,"189,481.04"
512,09/08/2024,GAS,"81,700","82,000","81,600","82,200","80,900","81,501",-100,-0.12,1.24,101.38,0.00,0.00,1.24,101.38,"187,413.97"
513,08/08/2024,GAS,"79,400","79,400","81,700","82,400","78,900","81,260","2,300",2.90,3.93,319.43,0.00,0.00,3.93,319.43,"187,643.65"
514,07/08/2024,GAS,"77,300","77,600","79,400","79,500","77,600","78,863","2,100",2.72,1.83,144.49,0.00,0.00,1.83,144.49,"182,361.14"
515,06/08/2024,GAS,"76,500","76,800","77,300","78,000","76,500","77,299",800,1.05,0.89,68.70,0.00,0.00,0.89,68.70,"177,537.99"
516,05/08/2024,GAS,"78,900","78,000","76,500","78,500","76,400","77,086","-2,400",-3.04,2.10,161.98,0.00,0.00,2.10,161.98,"175,700.60"
517,02/08/2024,GAS,"78,900","78,100","78,900","78,900","77,800","78,250",0,0.00,1.40,109.21,0.00,0.00,1.40,109.21,"181,212.77"
518,01/08/2024,GAS,"79,900","80,100","78,900","81,100","78,700","79,769","-1,000",-1.25,1.42,113.50,0.00,0.00,1.42,113.50,"181,212.77"
519,31/07/2024,GAS,"77,200","77,400","79,900","80,500","77,400","79,335","2,700",3.50,3.19,252.97,0.00,0.00,3.19,252.97,"183,509.51"
520,30/07/2024,GAS,"77,000","77,000","77,200","77,200","76,800","76,944",200,0.26,0.63,48.60,0.00,0.00,0.63,48.60,"177,308.32"
521,29/07/2024,GAS,"77,200","77,500","77,000","77,500","77,000","77,211",-200,-0.26,0.36,27.97,0.00,0.00,0.36,27.97,"176,848.97"
522,26/07/2024,GAS,"76,800","76,600","77,200","77,200","76,500","76,808",400,0.52,0.55,41.92,0.00,0.00,0.55,41.92,"177,308.32"
523,25/07/2024,GAS,"77,000","76,900","76,800","77,000","76,400","76,643",-200,-0.26,0.49,37.60,0.00,0.00,0.49,37.60,"176,389.62"
524,24/07/2024,GAS,"76,800","76,700","77,000","77,400","76,300","76,602",200,0.26,1.01,77.08,0.00,0.00,1.01,77.08,"176,848.97"
525,23/07/2024,GAS,"77,000","77,100","76,800","77,300","76,800","76,972",-200,-0.26,0.66,50.56,0.00,0.00,0.66,50.56,"176,389.62"
526,22/07/2024,GAS,"77,800","77,800","77,000","77,800","76,600","77,070",-800,-1.03,1.14,88.08,0.00,0.00,1.14,88.08,"176,848.97"
527,19/07/2024,GAS,"78,100","78,100","77,800","78,400","77,700","78,007",-300,-0.38,0.66,51.74,0.00,0.00,0.66,51.75,"178,686.36"
528,18/07/2024,GAS,"78,000","78,100","78,100","78,600","77,800","78,187",100,0.13,1.13,88.50,0.00,0.02,1.13,88.52,"179,375.38"
529,17/07/2024,GAS,"78,300","78,800","78,000","78,800","77,100","78,281",-300,-0.38,1.57,123.14,0.00,0.01,1.57,123.15,"179,145.71"
530,16/07/2024,GAS,"78,300","79,000","78,300","79,100","78,300","78,688",0,0.00,0.91,71.43,0.00,0.02,0.91,71.45,"179,834.73"
531,15/07/2024,GAS,"78,000","79,000","78,300","79,400","78,300","78,725",300,0.38,1.21,95.15,0.00,0.01,1.21,95.16,"179,834.73"
532,12/07/2024,GAS,"78,200","78,700","78,000","79,900","77,700","78,359",-200,-0.26,1.23,96.59,0.00,0.01,1.23,96.60,"179,145.71"
533,11/07/2024,GAS,"78,500","78,600","78,200","78,900","78,200","78,495",-300,-0.38,0.73,57.14,0.00,0.02,0.73,57.16,"179,605.06"
534,10/07/2024,GAS,"79,000","79,200","78,500","79,700","78,500","78,978",-500,-0.63,1.12,88.57,0.00,0.01,1.12,88.58,"180,294.08"
535,09/07/2024,GAS,"78,700","79,000","79,000","79,000","78,400","78,585",300,0.38,1.54,120.66,0.00,0.02,1.54,120.68,"181,442.45"
536,08/07/2024,GAS,"78,600","78,700","78,700","79,100","78,500","78,736",100,0.13,0.79,62.46,0.00,0.01,0.79,62.47,"180,753.43"
537,05/07/2024,GAS,"78,200","78,500","78,600","79,300","78,400","78,857",400,0.51,0.75,59.31,0.00,0.03,0.75,59.33,"180,523.75"
538,04/07/2024,GAS,"78,200","78,400","78,200","79,700","78,200","78,676",0,0.00,1.17,91.71,0.00,0.01,1.17,91.73,"179,605.06"
539,03/07/2024,GAS,"78,200","78,500","78,200","78,500","78,000","78,172",0,0.00,0.64,50.09,0.00,0.01,0.64,50.10,"179,605.06"
540,02/07/2024,GAS,"77,700","78,000","78,200","78,300","77,600","78,060",500,0.64,0.88,68.41,0.00,0.01,0.88,68.43,"179,605.06"
541,01/07/2024,GAS,"76,600","76,700","77,700","77,700","76,600","77,069","1,100",1.44,0.79,61.05,0.00,0.01,0.79,61.06,"178,456.69"
542,28/06/2024,GAS,"76,500","76,600","76,600","77,200","76,500","76,693",100,0.13,0.66,50.63,0.00,0.00,0.66,50.64,"175,930.27"
543,27/06/2024,GAS,"76,500","76,600","76,500","77,800","76,500","76,904",0,0.00,1.01,77.67,0.00,0.01,1.01,77.69,"175,700.60"
544,26/06/2024,GAS,"76,300","76,500","76,500","76,900","76,100","76,565",200,0.26,1.13,86.81,0.00,0.01,1.13,86.82,"175,700.60"
545,25/06/2024,GAS,"76,500","76,600","76,300","77,200","76,300","76,692",-200,-0.26,1.02,78.07,0.02,1.56,1.04,79.63,"175,241.25"
546,24/06/2024,GAS,"77,900","77,900","76,500","78,400","76,400","77,194","-1,400",-1.80,1.73,133.28,0.00,0.01,1.73,133.29,"175,700.60"
547,21/06/2024,GAS,"78,000","78,200","77,900","79,000","77,900","78,175",-100,-0.13,1.05,82.34,0.00,0.01,1.05,82.35,"178,916.03"
548,20/06/2024,GAS,"78,200","78,700","78,000","78,900","78,000","78,336",-200,-0.26,0.83,65.14,0.00,0.01,0.83,65.15,"179,145.71"
549,19/06/2024,GAS,"78,000","78,200","78,200","78,800","77,900","78,296",200,0.26,0.99,77.83,0.00,0.02,0.99,77.85,"179,605.06"
550,18/06/2024,GAS,"77,600","78,000","78,000","79,000","78,000","78,420",400,0.52,0.94,73.57,0.00,0.00,0.94,73.57,"179,145.71"
551,17/06/2024,GAS,"79,000","79,000","77,600","79,300","77,600","78,250","-1,400",-1.77,1.25,97.93,0.02,1.58,1.27,99.51,"178,227.01"
552,14/06/2024,GAS,"80,200","80,200","79,000","80,600","79,000","79,758","-1,200",-1.50,2.28,181.63,0.02,1.61,2.30,183.24,"181,442.45"
553,13/06/2024,GAS,"80,400","81,000","80,200","81,000","80,200","80,461",-200,-0.25,1.40,112.94,0.00,0.00,1.40,112.94,"184,198.54"
554,12/06/2024,GAS,"80,300","80,500","80,400","81,000","80,100","80,420",100,0.12,1.34,107.50,0.00,0.00,1.34,107.50,"184,657.88"
555,11/06/2024,GAS,"80,300","80,700","80,300","81,600","80,300","80,782",0,0.00,2.39,193.29,0.00,0.01,2.39,193.30,"184,428.21"
556,10/06/2024,GAS,"80,300","80,800","80,300","81,000","80,300","80,537",0,0.00,1.12,89.86,0.00,0.01,1.12,89.88,"184,428.21"
557,07/06/2024,GAS,"80,300","80,500","80,300","81,000","80,300","80,539",0,0.00,0.87,70.39,0.00,0.01,0.87,70.41,"184,428.21"
558,06/06/2024,GAS,"80,600","81,500","80,300","81,500","80,200","80,687",-300,-0.37,1.06,85.22,0.00,0.01,1.06,85.24,"184,428.21"
559,05/06/2024,GAS,"80,800","80,900","80,600","82,200","80,600","81,287",-200,-0.25,1.78,144.79,0.03,2.04,1.81,146.83,"185,117.23"
560,04/06/2024,GAS,"80,400","80,400","80,800","81,900","80,300","81,148",400,0.50,1.52,122.96,0.00,0.01,1.52,122.97,"185,576.58"
561,03/06/2024,GAS,"80,100","80,900","80,400","81,700","80,400","80,934",300,0.37,1.71,138.07,0.00,0.01,1.71,138.08,"184,657.88"
562,31/05/2024,GAS,"81,100","81,500","80,100","81,700","80,100","80,783","-1,000",-1.23,1.43,115.48,0.00,0.02,1.43,115.50,"183,968.86"
563,30/05/2024,GAS,"82,200","81,900","81,100","82,300","80,100","81,047","-1,100",-1.34,2.36,190.90,0.00,0.00,2.36,190.90,"186,265.60"
564,29/05/2024,GAS,"81,900","83,000","82,200","84,500","81,100","83,203",300,0.37,3.69,307.18,0.06,4.91,3.75,312.09,"188,792.02"
565,28/05/2024,GAS,"81,000","82,000","81,900","82,400","81,000","81,810",900,1.11,2.23,182.66,0.02,1.64,2.25,184.29,"188,102.99"
566,27/05/2024,GAS,"79,000","79,000","81,000","81,300","78,100","80,166","2,000",2.53,2.13,171.07,0.00,0.01,2.13,171.07,"186,035.93"
567,24/05/2024,GAS,"79,900","80,500","79,000","81,500","77,800","79,809",-900,-1.13,2.57,205.33,0.00,0.00,2.57,205.34,"181,442.45"
568,23/05/2024,GAS,"76,600","76,600","79,900","79,900","76,400","78,695","3,300",4.31,3.99,313.96,0.03,1.95,4.01,315.91,"183,509.51"
569,22/05/2024,GAS,"76,700","77,300","76,600","77,300","76,500","76,853",-100,-0.13,0.83,63.97,0.00,0.01,0.83,63.97,"175,930.27"
570,21/05/2024,GAS,"76,000","76,200","76,700","77,600","76,000","76,913",700,0.92,1.70,130.51,0.00,0.01,1.70,130.52,"176,159.95"
571,20/05/2024,GAS,"75,700","76,100","76,000","76,800","76,000","76,405",300,0.40,1.11,84.86,0.00,0.01,1.11,84.86,"174,552.23"
572,17/05/2024,GAS,"75,900","76,200","75,700","76,200","75,500","75,760",-200,-0.26,0.97,73.12,0.00,0.00,0.97,73.12,"173,863.21"
573,16/05/2024,GAS,"75,500","76,000","75,900","76,500","75,900","76,071",400,0.53,1.12,84.95,0.00,0.00,1.12,84.95,"174,322.55"
574,15/05/2024,GAS,"75,200","75,200","75,500","75,800","74,900","75,187",300,0.40,0.88,66.41,0.00,0.01,0.88,66.42,"173,403.86"
575,14/05/2024,GAS,"75,200","75,500","75,200","75,900","74,900","75,250",0,0.00,0.79,59.09,0.00,0.01,0.79,59.10,"172,714.84"
576,13/05/2024,GAS,"75,500","75,900","75,200","76,100","75,000","75,448",-300,-0.40,0.63,47.59,0.00,0.01,0.63,47.59,"172,714.84"
577,10/05/2024,GAS,"76,100","76,300","75,500","76,800","74,900","75,625",-600,-0.79,0.65,49.22,0.00,0.00,0.65,49.23,"173,403.86"
578,09/05/2024,GAS,"77,400","77,500","76,100","77,500","76,100","76,572","-1,300",-1.68,0.77,59.14,0.00,0.00,0.77,59.14,"174,781.90"
579,08/05/2024,GAS,"76,300","76,400","77,400","77,600","75,200","76,956","1,100",1.44,1.38,106.44,0.00,0.00,1.38,106.44,"177,767.66"
580,07/05/2024,GAS,"74,800","75,400","76,300","76,300","74,700","75,773","1,500",2.01,1.50,113.40,0.00,0.00,1.50,113.40,"175,241.25"
581,06/05/2024,GAS,"74,200","74,500","74,800","75,200","74,500","74,882",600,0.81,0.89,66.67,0.00,0.00,0.89,66.67,"171,796.14"
582,03/05/2024,GAS,"73,900","74,100","74,200","74,600","73,900","74,202",300,0.41,0.51,38.19,0.00,0.00,0.51,38.19,"170,418.10"
583,02/05/2024,GAS,"73,500","73,000","73,900","74,300","73,000","73,553",400,0.54,0.69,50.90,0.00,0.00,0.69,50.90,"169,729.07"
584,26/04/2024,GAS,"74,000","73,900","73,500","74,200","73,500","73,695",-500,-0.68,0.77,57.04,0.00,0.00,0.77,57.04,"168,810.38"
585,25/04/2024,GAS,"74,600","74,600","74,000","74,900","74,000","74,293",-600,-0.80,0.79,58.58,0.02,1.50,0.81,60.08,"169,958.75"
586,24/04/2024,GAS,"74,200","75,000","74,600","75,000","74,300","74,631",400,0.54,0.85,63.61,0.00,0.00,0.85,63.61,"171,336.79"
587,23/04/2024,GAS,"75,000","75,500","74,200","75,500","74,000","74,708",-800,-1.07,0.47,35.45,0.00,0.00,0.47,35.45,"170,418.10"
588,22/04/2024,GAS,"75,000","75,200","75,000","75,600","74,900","75,096",0,0.00,0.82,61.58,0.03,1.91,0.85,63.48,"172,255.49"
589,19/04/2024,GAS,"75,100","75,100","75,000","76,200","74,700","75,170",-100,-0.13,0.88,66.46,0.00,0.00,0.88,66.46,"172,255.49"
590,17/04/2024,GAS,"76,000","76,200","75,100","76,500","75,100","75,668",-900,-1.18,0.65,49.19,0.04,2.74,0.69,51.93,"172,485.16"
591,16/04/2024,GAS,"76,000","76,200","76,000","76,900","75,000","75,899",0,0.00,1.12,84.70,0.00,0.00,1.12,84.70,"174,552.23"
592,15/04/2024,GAS,"79,700","79,900","76,000","80,600","74,200","78,037","-3,700",-4.64,1.10,85.57,0.00,0.00,1.10,85.57,"174,552.23"
593,12/04/2024,GAS,"78,800","79,000","79,700","79,800","78,800","79,231",900,1.14,0.36,28.52,0.00,0.00,0.36,28.52,"183,050.17"
594,11/04/2024,GAS,"79,200","78,900","78,800","79,300","78,600","78,920",-400,-0.51,0.65,50.94,0.00,0.00,0.65,50.94,"180,983.10"
595,10/04/2024,GAS,"79,900","79,900","79,200","80,500","79,200","79,685",-700,-0.88,0.64,50.83,0.05,4.00,0.69,54.83,"181,901.80"
596,09/04/2024,GAS,"79,800","80,000","79,900","80,500","79,500","79,925",100,0.13,0.62,49.84,0.00,0.00,0.62,49.84,"183,509.51"
597,08/04/2024,GAS,"80,900","81,000","79,800","81,000","79,800","80,466","-1,100",-1.36,0.68,54.37,0.00,0.00,0.68,54.37,"183,279.84"
598,05/04/2024,GAS,"81,500","81,000","80,900","83,200","80,400","81,851",-600,-0.74,1.38,113.31,0.00,0.00,1.38,113.31,"185,806.25"
599,04/04/2024,GAS,"81,800","82,000","81,500","82,400","81,100","81,744",-300,-0.37,0.75,61.46,0.00,0.00,0.75,61.46,"187,184.30"
600,03/04/2024,GAS,"82,500","82,500","81,800","83,400","81,800","82,340",-700,-0.85,1.76,145.06,0.00,0.00,1.76,145.06,"187,873.32"
601,02/04/2024,GAS,"80,600","80,400","82,500","82,600","79,900","81,259","1,900",2.36,1.74,141.57,0.00,0.00,1.74,141.57,"189,481.04"
602,01/04/2024,GAS,"80,200","80,200","80,600","80,700","79,800","80,280",400,0.50,0.75,60.03,0.00,0.00,0.75,60.03,"185,117.23"
603,29/03/2024,GAS,"80,300","80,600","80,200","81,200","80,200","80,592",-100,-0.12,0.62,49.68,0.00,0.00,0.62,49.68,"184,198.54"
604,28/03/2024,GAS,"80,300","80,400","80,300","80,700","79,900","80,157",0,0.00,0.77,62.11,0.00,0.00,0.77,62.11,"184,428.21"
605,27/03/2024,GAS,"80,700","81,200","80,300","81,700","80,100","80,884",-400,-0.50,0.85,68.53,0.00,0.00,0.85,68.53,"184,428.21"
606,26/03/2024,GAS,"80,400","80,500","80,700","80,900","80,000","80,382",300,0.37,0.60,47.95,0.00,0.00,0.60,47.95,"185,346.91"
607,25/03/2024,GAS,"80,500","80,500","80,400","81,400","80,100","80,706",-100,-0.12,0.97,78.52,0.00,0.00,0.97,78.52,"184,657.88"
608,22/03/2024,GAS,"81,000","81,000","80,500","81,500","80,400","80,715",-500,-0.62,1.24,99.68,0.00,0.00,1.24,99.68,"184,887.56"
609,21/03/2024,GAS,"81,000","81,900","81,000","81,900","80,500","80,982",0,0.00,0.94,76.02,0.00,0.00,0.94,76.02,"186,035.93"
610,20/03/2024,GAS,"79,700","80,000","81,000","81,200","79,600","80,570","1,300",1.63,1.46,117.82,0.00,0.00,1.46,117.82,"186,035.93"
611,19/03/2024,GAS,"80,200","81,000","79,700","81,000","79,700","80,343",-500,-0.62,0.95,76.36,0.04,2.92,0.99,79.28,"183,050.17"
612,18/03/2024,GAS,"82,300","82,300","80,200","82,900","79,900","80,884","-2,100",-2.55,2.49,201.74,0.00,0.00,2.49,201.74,"184,198.54"
613,15/03/2024,GAS,"81,000","81,300","82,300","82,900","80,700","81,982","1,300",1.60,2.40,196.67,0.00,0.00,2.40,196.67,"189,021.69"
614,14/03/2024,GAS,"79,000","79,700","81,000","81,400","79,400","80,696","2,000",2.53,3.84,309.63,0.00,0.00,3.84,309.63,"186,035.93"
615,13/03/2024,GAS,"77,900","78,400","79,000","79,200","78,000","78,570","1,100",1.41,1.23,96.71,0.00,0.00,1.23,96.71,"181,442.45"
616,12/03/2024,GAS,"77,800","77,800","77,900","78,500","77,700","77,901",100,0.13,1.17,91.50,0.00,0.00,1.17,91.50,"178,916.03"
617,11/03/2024,GAS,"79,500","79,500","77,800","79,500","77,800","78,486","-1,700",-2.14,1.48,116.00,0.04,2.85,1.51,118.85,"178,686.36"
618,08/03/2024,GAS,"80,400","81,000","79,500","81,600","79,500","80,305",-900,-1.12,2.11,169.11,0.00,0.00,2.11,169.11,"182,590.82"
619,07/03/2024,GAS,"80,100","80,200","80,400","80,700","79,600","80,119",300,0.37,1.25,99.92,0.04,3.22,1.29,103.14,"184,657.88"
620,06/03/2024,GAS,"79,000","79,400","80,100","81,600","79,400","80,561","1,100",1.39,2.29,184.40,0.00,0.00,2.29,184.40,"183,968.86"
621,05/03/2024,GAS,"77,800","78,000","79,000","79,200","77,800","78,623","1,200",1.54,2.07,162.72,0.00,0.00,2.07,162.72,"181,442.45"
622,04/03/2024,GAS,"77,600","77,800","77,800","78,500","77,700","77,954",200,0.26,1.14,88.69,0.03,2.43,1.17,91.12,"178,686.36"
623,01/03/2024,GAS,"77,400","77,800","77,600","77,800","77,300","77,463",200,0.26,0.99,76.77,0.00,0.00,0.99,76.77,"178,227.01"
624,29/02/2024,GAS,"78,000","78,500","77,400","78,500","77,200","77,756",-600,-0.77,1.26,97.65,0.03,2.42,1.29,100.07,"177,767.66"
625,28/02/2024,GAS,"77,600","78,000","78,000","79,200","77,700","78,310",400,0.52,1.57,122.99,0.00,0.00,1.57,122.99,"179,145.71"
626,27/02/2024,GAS,"76,200","76,500","77,600","77,800","76,200","77,020","1,400",1.84,1.15,88.90,0.00,0.00,1.15,88.90,"178,227.01"
627,26/02/2024,GAS,"76,400","76,500","76,200","76,800","75,800","76,131",-200,-0.26,1.09,83.35,0.00,0.00,1.09,83.35,"175,011.58"
628,23/02/2024,GAS,"77,900","78,100","76,400","78,300","76,400","77,564","-1,500",-1.93,1.96,151.65,0.00,0.00,1.96,151.65,"175,470.92"
629,22/02/2024,GAS,"77,700","78,000","77,900","78,700","77,500","78,026",200,0.26,1.04,80.96,0.04,2.93,1.07,83.89,"178,916.03"
630,21/02/2024,GAS,"78,600","78,600","77,700","78,600","77,500","77,793",-900,-1.15,1.11,86.50,0.00,0.00,1.11,86.50,"178,456.69"
631,20/02/2024,GAS,"79,300","79,500","78,600","79,700","78,200","78,676",-700,-0.88,1.01,79.25,0.00,0.00,1.01,79.25,"180,523.75"
632,19/02/2024,GAS,"76,600","77,100","79,300","79,500","77,000","78,587","2,700",3.52,2.37,186.49,0.00,0.00,2.37,186.49,"182,131.47"
633,16/02/2024,GAS,"75,700","75,700","76,600","77,000","75,700","76,546",900,1.19,1.01,77.58,0.00,0.00,1.01,77.58,"175,930.27"
634,15/02/2024,GAS,"75,700","75,800","75,700","76,000","75,700","75,778",0,0.00,0.55,41.66,0.00,0.00,0.55,41.66,"173,863.21"
635,07/02/2024,GAS,"75,700","75,700","75,700","75,800","75,500","75,657",0,0.00,0.47,35.88,0.00,0.00,0.47,35.88,"173,863.21"
636,06/02/2024,GAS,"75,200","75,500","75,700","75,900","75,400","75,658",500,0.66,0.80,60.29,0.00,0.00,0.80,60.29,"173,863.21"
637,05/02/2024,GAS,"75,200","75,200","75,200","75,800","75,100","75,335",0,0.00,0.64,48.12,0.00,0.00,0.64,48.12,"172,714.84"
638,02/02/2024,GAS,"75,500","75,900","75,200","75,900","75,200","75,376",-300,-0.40,0.68,50.91,0.00,0.00,0.68,50.91,"172,714.84"
639,01/02/2024,GAS,"75,400","75,500","75,500","75,700","75,300","75,473",100,0.13,0.51,38.85,0.00,0.00,0.51,38.85,"173,403.86"
640,31/01/2024,GAS,"76,400","76,500","75,400","76,500","75,400","75,808","-1,000",-1.31,0.60,45.16,0.00,0.00,0.60,45.16,"173,174.18"
641,30/01/2024,GAS,"76,600","76,100","76,400","76,600","76,100","76,318",-200,-0.26,0.50,38.49,0.00,0.00,0.50,38.49,"175,470.92"
642,29/01/2024,GAS,"75,200","75,300","76,600","76,700","75,300","76,288","1,400",1.86,0.92,70.54,0.00,0.00,0.92,70.54,"175,930.27"
643,26/01/2024,GAS,"75,400","76,000","75,200","76,500","75,200","75,449",-200,-0.27,0.73,55.00,0.00,0.00,0.73,55.00,"172,714.84"
644,25/01/2024,GAS,"75,800","75,800","75,400","76,100","75,400","75,546",-400,-0.53,0.55,41.40,0.00,0.00,0.55,41.40,"173,174.18"
645,24/01/2024,GAS,"76,100","76,100","75,800","76,400","75,700","75,945",-300,-0.39,0.48,36.42,0.00,0.00,0.48,36.42,"174,092.88"
646,23/01/2024,GAS,"76,300","76,400","76,100","76,700","76,000","76,265",-200,-0.26,0.76,58.19,0.00,0.00,0.76,58.19,"174,781.90"
647,22/01/2024,GAS,"76,700","76,900","76,300","76,900","76,200","76,443",-400,-0.52,0.48,36.90,0.00,0.00,0.48,36.90,"175,241.25"
648,19/01/2024,GAS,"75,300","75,500","76,700","76,700","75,400","76,317","1,400",1.86,1.00,76.64,0.00,0.00,1.00,76.64,"176,159.95"
649,18/01/2024,GAS,"75,200","75,200","75,300","75,600","75,200","75,359",100,0.13,0.41,31.13,0.04,3.31,0.46,34.44,"172,944.51"
650,17/01/2024,GAS,"75,600","76,000","75,200","76,000","75,100","75,383",-400,-0.53,0.83,62.70,0.00,0.00,0.83,62.70,"172,714.84"
651,16/01/2024,GAS,"75,700","75,500","75,600","75,700","75,000","75,423",-100,-0.13,0.46,34.48,0.00,0.00,0.46,34.48,"173,633.53"
652,15/01/2024,GAS,"75,100","75,500","75,700","75,900","75,500","75,722",600,0.80,0.44,33.40,0.00,0.00,0.44,33.40,"173,863.21"
653,12/01/2024,GAS,"76,000","76,100","75,100","76,100","75,000","75,374",-900,-1.18,0.81,61.05,0.00,0.00,0.81,61.05,"172,485.16"
654,11/01/2024,GAS,"75,500","75,700","76,000","76,100","75,500","75,818",500,0.66,0.49,37.45,0.00,0.00,0.49,37.45,"174,552.23"
655,10/01/2024,GAS,"75,900","76,200","75,500","76,400","75,500","75,784",-400,-0.53,1.03,77.86,0.00,0.00,1.03,77.86,"173,403.86"
656,09/01/2024,GAS,"76,800","76,800","75,900","77,000","75,900","76,174",-900,-1.17,0.89,67.91,0.00,0.00,0.89,67.91,"174,322.55"
657,08/01/2024,GAS,"77,200","77,300","76,800","77,800","76,500","77,052",-400,-0.52,1.02,78.82,0.00,0.00,1.02,78.82,"176,389.62"
658,05/01/2024,GAS,"76,700","77,000","77,200","77,400","77,000","77,161",500,0.65,1.08,83.11,0.00,0.00,1.08,83.11,"177,308.32"
659,04/01/2024,GAS,"76,000","76,000","76,700","77,400","76,000","76,582",700,0.92,1.51,115.46,0.00,0.00,1.51,115.46,"176,159.95"
660,03/01/2024,GAS,"75,600","75,500","76,000","76,000","75,400","75,728",400,0.53,0.57,43.11,0.00,0.00,0.57,43.11,"174,552.23"
661,02/01/2024,GAS,"75,500","75,800","75,600","76,300","75,500","75,862",100,0.13,0.69,52.60,0.00,0.00,0.69,52.60,"173,633.53"
662,29/12/2023,GAS,"76,000","76,200","75,500","76,300","75,500","75,782",-500,-0.66,1.03,78.43,0.02,1.89,1.06,80.32,"173,403.86"
663,28/12/2023,GAS,"76,300","76,400","76,000","76,400","75,600","75,972",-300,-0.39,0.77,58.29,0.02,1.75,0.79,60.03,"174,552.23"
664,27/12/2023,GAS,"76,400","76,400","76,300","76,700","76,100","76,328",-100,-0.13,0.71,53.92,0.00,0.00,0.71,53.92,"175,241.25"
665,26/12/2023,GAS,"76,500","76,700","76,400","76,700","75,700","76,119",-100,-0.13,0.76,57.47,0.00,0.00,0.76,57.47,"175,470.92"
666,25/12/2023,GAS,"74,700","74,700","76,500","76,700","74,700","75,661","1,800",2.41,1.06,79.92,0.00,0.00,1.06,79.92,"175,700.60"
667,22/12/2023,GAS,"74,700","74,900","74,700","75,200","74,300","74,560",0,0.00,0.62,45.97,0.00,0.00,0.62,45.97,"171,566.47"
668,21/12/2023,GAS,"75,200","75,000","74,700","75,100","74,400","74,676",-500,-0.66,0.73,54.35,0.00,0.00,0.73,54.35,"171,566.47"
669,20/12/2023,GAS,"75,000","75,500","75,200","75,500","74,800","75,062",200,0.27,0.57,43.06,0.00,0.00,0.57,43.06,"172,714.84"
670,19/12/2023,GAS,"75,500","75,000","75,000","75,400","74,200","74,729",-500,-0.66,0.89,66.25,0.00,0.00,0.89,66.25,"172,255.49"
671,18/12/2023,GAS,"76,000","76,000","75,500","76,100","75,500","75,651",-500,-0.66,0.62,46.55,0.00,0.00,0.62,46.55,"173,403.86"
672,15/12/2023,GAS,"76,900","76,900","76,000","76,900","76,000","76,273",-900,-1.17,0.81,61.52,0.00,0.00,0.81,61.52,"174,552.23"
673,14/12/2023,GAS,"76,900","76,900","76,900","77,700","76,700","76,944",0,0.00,0.40,31.02,0.00,0.00,0.40,31.02,"176,619.29"
674,13/12/2023,GAS,"78,200","78,200","76,900","78,200","76,800","77,262","-1,300",-1.66,1.12,86.52,0.02,1.56,1.14,88.08,"176,619.29"
675,12/12/2023,GAS,"78,300","78,300","78,200","78,400","77,900","78,070",-100,-0.13,0.47,36.78,0.00,0.00,0.47,36.78,"179,605.06"
676,11/12/2023,GAS,"77,600","78,600","78,300","78,600","77,800","78,199",700,0.90,0.69,54.31,0.00,0.00,0.69,54.31,"179,834.73"
677,08/12/2023,GAS,"77,900","78,100","77,600","78,700","77,500","77,963",-300,-0.39,0.88,68.96,0.00,0.00,0.88,68.96,"178,227.01"
678,07/12/2023,GAS,"79,800","79,400","77,900","79,500","77,500","78,377","-1,900",-2.38,0.86,67.15,0.00,0.00,0.86,67.15,"178,916.03"
679,06/12/2023,GAS,"79,000","79,000","79,800","79,800","78,900","79,275",800,1.01,0.48,38.06,0.07,5.92,0.55,43.98,"183,279.84"
680,05/12/2023,GAS,"79,000","79,000","79,000","79,900","78,700","79,397",0,0.00,0.66,52.52,0.00,0.00,0.66,52.52,"181,442.45"
681,04/12/2023,GAS,"77,700","77,800","79,000","79,100","77,700","78,583","1,300",1.67,0.78,61.57,0.20,15.61,0.98,77.18,"181,442.45"
682,01/12/2023,GAS,"76,500","77,000","77,700","77,900","76,600","77,335","1,200",1.57,0.49,38.10,0.00,0.00,0.49,38.10,"178,456.69"
683,30/11/2023,GAS,"77,800","77,900","76,500","78,300","76,500","77,397","-1,300",-1.67,0.47,36.04,0.00,0.00,0.47,36.04,"175,700.60"
684,29/11/2023,GAS,"77,000","76,700","77,800","78,000","76,600","77,247",800,1.04,0.60,46.05,0.00,0.00,0.60,46.05,"178,686.36"
685,28/11/2023,GAS,"76,800","76,500","77,000","77,000","75,800","76,164",200,0.26,0.53,40.09,0.00,0.00,0.53,40.09,"176,848.97"
686,27/11/2023,GAS,"77,500","77,700","76,800","77,700","76,500","76,934",-700,-0.90,0.40,31.09,0.00,0.00,0.40,31.09,"176,389.62"
687,24/11/2023,GAS,"77,000","77,100","77,500","77,600","76,000","76,724",500,0.65,0.62,47.95,0.00,0.00,0.62,47.95,"177,997.34"
688,23/11/2023,GAS,"79,000","79,100","77,000","79,200","77,000","78,234","-2,000",-2.53,0.61,47.84,0.00,0.00,0.61,47.84,"176,848.97"
689,22/11/2023,GAS,"79,000","79,000","79,000","79,300","78,400","78,760",0,0.00,0.48,37.93,0.00,0.00,0.48,37.93,"181,442.45"
690,21/11/2023,GAS,"78,300","78,800","79,000","79,100","78,300","78,827",700,0.89,0.38,29.90,0.00,0.00,0.38,29.90,"181,442.45"
691,20/11/2023,GAS,"78,700","77,700","78,300","78,900","77,600","78,178",-400,-0.51,0.57,44.77,0.00,0.00,0.57,44.77,"179,834.73"
692,17/11/2023,GAS,"80,000","79,600","78,700","79,700","78,300","78,919","-1,300",-1.63,0.78,61.46,0.00,0.00,0.78,61.46,"180,753.43"
693,16/11/2023,GAS,"80,100","79,900","80,000","80,000","79,000","79,331",-100,-0.12,0.65,51.72,0.00,0.00,0.65,51.72,"183,739.19"
694,15/11/2023,GAS,"79,100","79,600","80,100","80,700","79,600","80,129","1,000",1.26,0.82,66.01,0.00,0.00,0.82,66.01,"183,968.86"
695,14/11/2023,GAS,"79,000","79,300","79,100","79,700","78,500","79,080",100,0.13,0.45,35.23,0.00,0.00,0.45,35.23,"181,672.12"
696,13/11/2023,GAS,"78,700","79,000","79,000","79,500","78,600","78,945",300,0.38,0.31,24.18,0.00,0.00,0.31,24.18,"181,442.45"
697,10/11/2023,GAS,"80,000","79,000","78,700","80,000","78,500","78,855","-1,300",-1.63,0.53,41.45,0.00,0.00,0.53,41.45,"180,753.43"
698,09/11/2023,GAS,"80,000","80,000","80,000","80,400","79,000","79,597",0,0.00,0.63,50.00,0.00,0.00,0.63,50.00,"183,739.19"
699,08/11/2023,GAS,"78,800","78,500","80,000","80,000","78,000","79,207","1,200",1.52,0.50,39.94,0.00,0.00,0.50,39.94,"183,739.19"
700,07/11/2023,GAS,"79,000","79,000","78,800","80,400","78,500","79,406",-200,-0.25,0.31,24.60,0.00,0.00,0.31,24.60,"180,983.10"
701,06/11/2023,GAS,"79,100","79,100","79,000","79,100","78,000","78,507",-100,-0.13,0.42,32.60,0.00,0.00,0.42,32.60,"181,442.45"
702,03/11/2023,GAS,"79,200","79,400","79,100","79,700","78,300","78,858",-100,-0.13,0.46,35.90,0.00,0.00,0.46,35.90,"181,672.12"
703,02/11/2023,GAS,"76,900","77,300","79,200","79,200","76,900","78,246","2,300",2.99,0.44,34.80,0.00,0.00,0.44,34.80,"181,901.80"
704,01/11/2023,GAS,"76,600","77,500","76,900","77,500","76,300","76,622",300,0.39,0.30,22.73,0.00,0.00,0.30,22.73,"176,619.29"
705,31/10/2023,GAS,"76,600","76,600","76,600","77,100","76,000","76,478",0,0.00,0.36,27.17,0.00,0.00,0.36,27.17,"175,930.27"
706,30/10/2023,GAS,"77,600","77,600","76,600","77,700","76,500","77,151","-1,000",-1.29,0.26,19.80,0.00,0.00,0.26,19.80,"175,930.27"
707,27/10/2023,GAS,"75,500","76,500","77,600","78,500","75,600","76,930","2,100",2.78,0.38,29.06,0.00,0.00,0.38,29.06,"178,227.01"
708,26/10/2023,GAS,"80,400","77,800","75,500","80,000","75,500","76,546","-4,900",-6.09,1.07,82.13,0.00,0.00,1.07,82.13,"173,403.86"
709,25/10/2023,GAS,"81,200","81,000","80,400","81,400","80,400","80,932",-800,-0.99,0.33,26.66,0.13,10.72,0.46,37.38,"184,657.88"
710,24/10/2023,GAS,"80,600","81,000","81,200","81,300","80,000","80,586",600,0.74,0.35,28.08,0.00,0.00,0.35,28.08,"186,495.28"
711,23/10/2023,GAS,"83,200","83,300","80,600","83,300","80,400","81,151","-2,600",-3.13,0.47,37.93,0.00,0.00,0.47,37.93,"185,117.23"
712,20/10/2023,GAS,"81,900","82,200","83,200","83,200","80,000","81,105","1,300",1.59,0.81,65.91,0.00,0.00,0.81,65.91,"191,088.76"
713,19/10/2023,GAS,"83,000","83,000","81,900","83,500","81,900","82,599","-1,100",-1.33,0.64,52.76,0.00,0.00,0.64,52.76,"188,102.99"
714,18/10/2023,GAS,"85,200","85,000","83,000","85,100","81,500","83,961","-2,200",-2.58,0.79,66.56,0.00,0.00,0.79,66.56,"190,629.41"
715,17/10/2023,GAS,"86,900","86,700","85,200","86,900","85,200","85,984","-1,700",-1.96,0.45,39.07,0.00,0.00,0.45,39.07,"195,682.23"
716,16/10/2023,GAS,"85,800","86,500","86,900","87,900","86,500","87,198","1,100",1.28,0.87,76.26,0.00,0.00,0.87,76.26,"199,586.69"
717,13/10/2023,GAS,"86,000","85,100","85,800","86,000","84,400","85,195",-200,-0.23,0.43,36.79,0.00,0.00,0.43,36.79,"197,060.28"
718,12/10/2023,GAS,"86,000","86,400","86,000","86,400","85,000","85,431",0,0.00,0.64,54.67,0.00,0.00,0.64,54.67,"197,519.63"
719,11/10/2023,GAS,"86,400","87,000","86,000","87,500","85,500","86,250",-400,-0.46,0.66,56.81,0.06,5.07,0.72,61.88,"197,519.63"
720,10/10/2023,GAS,"86,600","87,200","86,400","88,200","85,400","87,000",-200,-0.23,0.99,85.79,0.00,0.00,0.99,85.79,"198,438.32"
721,09/10/2023,GAS,"84,200","86,500","86,600","87,300","85,500","86,707","2,400",2.85,0.51,44.64,0.00,0.00,0.51,44.64,"198,897.67"
722,06/10/2023,GAS,"84,200","84,100","84,200","84,200","83,000","83,530",0,0.00,0.35,29.27,0.00,0.00,0.35,29.27,"193,385.50"
723,05/10/2023,GAS,"85,800","85,700","84,200","85,800","84,200","84,911","-1,600",-1.86,0.59,50.09,0.00,0.00,0.59,50.09,"193,385.50"
724,04/10/2023,GAS,"86,300","86,000","85,800","86,500","85,800","86,105",-500,-0.58,0.60,51.97,0.00,0.00,0.60,51.97,"164,216.91"
725,03/10/2023,GAS,"89,300","88,800","86,300","88,800","86,000","86,791","-3,000",-3.36,0.55,47.39,0.02,1.91,0.57,49.30,"165,173.89"
726,02/10/2023,GAS,"90,700","90,500","89,300","90,500","88,900","89,654","-1,400",-1.54,0.29,25.92,0.00,0.00,0.29,25.92,"170,915.74"
727,29/09/2023,GAS,"91,500","91,700","90,700","91,700","89,500","90,528",-800,-0.87,0.60,54.00,0.00,0.00,0.60,54.00,"173,595.27"
728,28/09/2023,GAS,"88,900","89,800","91,500","91,500","88,900","89,946","2,600",2.92,0.92,83.11,0.00,0.00,0.92,83.11,"175,126.43"
729,27/09/2023,GAS,"88,800","89,000","88,900","89,500","86,000","87,953",100,0.11,0.57,50.18,0.52,46.40,1.09,96.58,"170,150.16"
730,26/09/2023,GAS,"89,500","89,500","88,800","90,200","88,800","89,599",-700,-0.78,0.44,39.57,0.00,0.00,0.44,39.57,"169,958.76"
732,22/09/2023,GAS,"88,800","89,900","90,900","91,000","88,800","90,004","2,100",2.36,0.73,65.78,0.00,0.00,0.73,65.78,"173,978.06"
733,21/09/2023,GAS,"109,000","108,600","106,500","109,000","106,500","107,226","-2,500",-2.29,0.77,83.00,0.00,0.00,0.77,83.00,"203,835.68"
734,20/09/2023,GAS,"110,000","110,000","109,000","110,000","108,400","109,139","-1,000",-0.91,0.43,46.76,0.00,0.00,0.43,46.76,"208,620.55"
735,19/09/2023,GAS,"109,000","109,000","110,000","111,000","107,600","108,778","1,000",0.92,0.40,43.96,0.00,0.00,0.40,43.96,"210,534.50"
736,18/09/2023,GAS,"109,600","109,900","109,000","111,900","108,000","109,661",-600,-0.55,0.47,51.49,0.00,0.00,0.47,51.49,"208,620.55"
737,15/09/2023,GAS,"106,000","107,000","109,600","109,700","106,100","108,537","3,600",3.40,0.79,86.07,0.00,0.00,0.79,86.07,"209,768.92"
738,14/09/2023,GAS,"105,600","105,600","106,000","107,900","104,500","106,072",400,0.38,0.55,58.65,0.00,0.00,0.55,58.65,"202,878.70"
739,13/09/2023,GAS,"102,700","103,100","105,600","106,300","102,700","104,420","2,900",2.82,1.30,135.36,0.00,0.00,1.30,135.36,"202,113.12"
740,12/09/2023,GAS,"101,400","102,200","102,700","103,600","101,100","102,823","1,300",1.28,0.59,60.54,0.00,0.00,0.59,60.54,"196,562.67"
731,25/09/2023,GAS,"90,900","90,900","89,500","92,000","89,000","90,735","-1,400",-1.54,0.51,46.07,0.00,0.00,0.51,46.07,"171,298.53"
741,11/09/2023,GAS,"102,200","103,500","101,400","103,500","101,100","102,039",-800,-0.78,0.37,37.94,0.00,0.00,0.37,37.94,"194,074.53"
742,08/09/2023,GAS,"102,900","102,900","102,200","103,300","102,200","103,041",-700,-0.68,0.55,56.56,0.00,0.00,0.55,56.56,"195,605.69"
743,07/09/2023,GAS,"101,500","101,400","102,900","103,200","100,600","102,215","1,400",1.38,0.91,93.21,0.00,0.00,0.91,93.21,"196,945.46"
744,06/09/2023,GAS,"99,600","99,900","101,500","101,800","99,700","100,748","1,900",1.91,0.55,55.20,0.00,0.00,0.55,55.20,"194,265.93"
745,05/09/2023,GAS,"98,600","100,200","99,600","100,200","98,700","99,662","1,000",1.01,0.42,41.92,0.00,0.00,0.42,41.92,"190,629.42"
746,31/08/2023,GAS,"99,300","99,300","98,600","99,500","98,600","98,925",-700,-0.70,0.57,56.75,0.00,0.00,0.57,56.75,"188,715.47"
747,30/08/2023,GAS,"99,900","100,000","99,300","100,000","98,800","99,123",-600,-0.60,0.43,42.29,0.00,0.00,0.43,42.29,"190,055.24"
748,29/08/2023,GAS,"99,600","101,000","99,900","101,000","99,400","99,963",300,0.30,0.54,54.29,0.00,0.00,0.54,54.29,"191,203.61"
749,28/08/2023,GAS,"101,400","102,300","103,200","103,800","101,800","102,669","1,800",1.78,0.69,70.58,0.00,0.00,0.69,70.58,"197,519.64"
750,25/08/2023,GAS,"102,400","102,400","101,400","102,400","101,000","101,562","-1,000",-0.98,0.54,54.80,0.00,0.00,0.54,54.80,"194,074.53"
751,24/08/2023,GAS,"101,900","102,500","102,400","102,500","101,900","102,150",500,0.49,0.55,56.53,0.00,0.00,0.55,56.53,"195,988.48"
752,23/08/2023,GAS,"100,300","100,300","101,900","102,100","100,300","101,545","1,600",1.60,0.72,73.55,0.00,0.00,0.72,73.55,"195,031.51"
753,22/08/2023,GAS,"99,100","99,500","100,300","101,000","99,000","99,910","1,200",1.21,0.60,59.78,0.00,0.00,0.60,59.78,"191,969.19"
754,21/08/2023,GAS,"97,600","98,600","99,100","99,400","98,100","98,851","1,500",1.54,0.45,44.65,0.00,0.00,0.45,44.65,"189,672.45"
755,18/08/2023,GAS,"100,000","99,900","97,600","99,900","97,600","98,702","-2,400",-2.40,0.91,89.35,0.00,0.00,0.91,89.35,"186,801.52"
756,17/08/2023,GAS,"100,200","100,000","100,000","101,000","99,600","99,923",-200,-0.20,0.42,41.61,0.00,0.00,0.42,41.61,"191,395.00"
757,16/08/2023,GAS,"100,400","100,400","100,200","101,400","100,000","100,781",-200,-0.20,0.40,40.66,0.00,0.00,0.40,40.66,"191,777.79"
758,15/08/2023,GAS,"100,600","100,700","100,400","100,700","100,100","100,300",-200,-0.20,0.33,32.74,0.00,0.00,0.33,32.74,"192,160.58"
759,14/08/2023,GAS,"101,500","101,600","100,600","101,900","100,500","100,894",-900,-0.89,0.55,55.42,0.00,0.00,0.55,55.42,"192,543.37"
760,11/08/2023,GAS,"102,000","101,800","101,500","102,000","100,700","101,182",-500,-0.49,0.34,34.83,0.00,0.00,0.34,34.83,"194,265.93"
761,10/08/2023,GAS,"101,000","101,900","102,000","103,700","101,500","102,701","1,000",0.99,0.77,79.28,0.00,0.00,0.77,79.28,"195,222.90"
762,09/08/2023,GAS,"101,200","101,400","101,000","101,400","100,600","100,945",-200,-0.20,0.37,37.50,0.00,0.00,0.37,37.50,"193,308.95"
763,08/08/2023,GAS,"100,900","100,900","101,200","101,400","100,600","101,093",300,0.30,0.53,53.55,0.00,0.00,0.53,53.55,"193,691.74"
764,07/08/2023,GAS,"100,300","101,300","100,900","101,300","99,900","100,641",600,0.60,0.35,35.35,0.00,0.00,0.35,35.35,"193,117.56"
765,04/08/2023,GAS,"99,600","99,600","100,300","100,900","99,400","99,983",700,0.70,0.54,54.47,0.00,0.00,0.54,54.47,"191,969.19"
766,03/08/2023,GAS,"100,400","100,400","99,600","100,500","99,600","99,880",-800,-0.80,0.45,45.05,0.00,0.00,0.45,45.05,"190,629.42"
767,02/08/2023,GAS,"100,700","101,000","100,400","101,600","99,900","100,514",-300,-0.30,0.33,33.22,0.00,0.00,0.33,33.22,"192,160.58"
768,01/08/2023,GAS,"101,600","102,300","100,700","102,300","100,700","101,718",-900,-0.89,0.61,61.94,0.00,0.00,0.61,61.94,"192,734.77"
769,31/07/2023,GAS,"99,500","100,100","101,600","102,600","100,100","101,593","2,100",2.11,1.19,120.89,0.00,0.00,1.19,120.89,"194,457.32"
770,28/07/2023,GAS,"98,200","98,000","99,500","99,600","98,000","99,045","1,300",1.32,0.54,53.22,0.00,0.00,0.54,53.22,"190,438.03"
771,27/07/2023,GAS,"98,200","98,500","98,200","98,800","98,100","98,387",0,0.00,0.47,46.07,0.00,0.00,0.47,46.07,"187,949.89"
772,26/07/2023,GAS,"98,800","98,800","98,200","98,800","98,200","98,414",-600,-0.61,0.39,38.40,0.00,0.00,0.39,38.40,"187,949.89"
773,25/07/2023,GAS,"98,500","98,800","98,800","99,600","98,500","98,947",300,0.30,0.41,40.90,0.00,0.00,0.41,40.90,"189,098.26"
774,24/07/2023,GAS,"99,400","99,700","98,500","99,900","98,400","98,854",-900,-0.91,0.54,53.29,0.00,0.00,0.54,53.29,"188,524.08"
775,21/07/2023,GAS,"98,700","98,700","99,400","99,400","98,100","98,791",700,0.71,0.53,52.62,0.00,0.00,0.53,52.62,"190,246.63"
776,20/07/2023,GAS,"98,900","98,700","98,700","99,200","97,500","98,285",-200,-0.20,0.56,55.30,0.04,4.23,0.60,59.53,"188,906.87"
777,19/07/2023,GAS,"99,800","100,300","98,900","100,300","98,900","99,346",-900,-0.90,0.53,52.26,0.03,2.43,0.55,54.69,"189,289.66"
778,18/07/2023,GAS,"99,000","99,000","99,800","100,400","98,500","99,914",800,0.81,0.74,74.17,0.00,0.00,0.74,74.17,"191,012.21"
779,17/07/2023,GAS,"99,000","99,100","99,000","99,200","98,100","98,652",0,0.00,0.51,50.72,0.03,2.48,0.54,53.19,"189,481.05"
780,14/07/2023,GAS,"99,300","99,500","99,000","100,500","98,500","99,478",-300,-0.30,0.70,69.16,0.00,0.00,0.70,69.16,"189,481.05"
781,13/07/2023,GAS,"96,500","97,000","99,300","99,600","96,600","98,461","2,800",2.90,1.37,134.72,0.00,0.00,1.37,134.72,"190,055.24"
782,12/07/2023,GAS,"97,200","97,600","96,500","97,600","96,200","96,799",-700,-0.72,0.57,55.03,0.00,0.00,0.57,55.03,"184,696.18"
783,11/07/2023,GAS,"97,500","97,800","97,200","98,000","97,000","97,440",-300,-0.31,0.72,70.12,0.00,0.00,0.72,70.12,"186,035.94"
784,10/07/2023,GAS,"96,000","96,500","97,500","97,600","96,400","97,245","1,500",1.56,1.13,109.49,0.00,0.00,1.13,109.49,"186,610.13"
785,07/07/2023,GAS,"95,200","95,700","96,000","96,600","95,300","96,184",800,0.84,0.67,64.68,0.00,0.00,0.67,64.68,"183,739.20"
786,06/07/2023,GAS,"94,300","95,000","95,200","96,500","94,700","95,612",900,0.95,1.37,131.40,0.00,0.00,1.37,131.40,"182,208.04"
787,05/07/2023,GAS,"95,100","95,300","94,300","95,300","94,300","94,676",-800,-0.84,0.41,38.85,0.00,0.00,0.41,38.85,"180,485.49"
788,04/07/2023,GAS,"94,000","94,400","95,100","95,400","94,100","94,864","1,100",1.17,0.50,47.28,0.00,0.00,0.50,47.28,"182,016.65"
789,03/07/2023,GAS,"93,000","93,800","94,000","94,500","93,600","94,043","1,000",1.08,0.38,35.82,0.00,0.00,0.38,35.82,"179,911.30"
790,30/06/2023,GAS,"94,600","94,600","93,000","95,000","93,000","93,976","-1,600",-1.69,0.68,64.04,0.00,0.00,0.68,64.04,"177,997.35"
791,29/06/2023,GAS,"95,400","95,500","94,600","95,800","94,600","95,129",-800,-0.84,0.71,67.55,0.00,0.00,0.71,67.55,"181,059.67"
792,28/06/2023,GAS,"96,300","96,900","95,400","96,900","95,400","96,077",-900,-0.93,0.76,73.26,0.01,0.52,0.77,73.78,"182,590.83"
793,27/06/2023,GAS,"96,000","96,700","96,300","97,000","96,000","96,490",300,0.31,0.51,49.27,0.00,0.00,0.51,49.27,"184,313.39"
794,26/06/2023,GAS,"95,200","95,200","96,000","96,300","95,100","95,621",800,0.84,0.94,90.11,0.00,0.00,0.94,90.11,"183,739.20"
795,23/06/2023,GAS,"95,600","96,300","95,200","96,300","95,000","95,458",-400,-0.42,0.63,59.98,0.00,0.00,0.63,59.98,"182,208.04"
796,22/06/2023,GAS,"95,800","95,800","95,600","96,500","95,500","95,727",-200,-0.21,0.81,77.81,0.00,0.00,0.81,77.81,"182,973.62"
797,21/06/2023,GAS,"96,500","96,500","95,800","96,500","95,300","95,708",-700,-0.73,0.48,46.28,0.00,0.00,0.48,46.28,"183,356.41"
798,20/06/2023,GAS,"95,200","95,200","96,500","96,500","94,800","95,295","1,300",1.37,0.51,48.43,0.00,0.00,0.51,48.43,"184,696.18"
799,19/06/2023,GAS,"95,500","95,700","95,200","96,900","95,200","95,957",-300,-0.31,0.64,61.21,0.00,0.00,0.64,61.21,"182,208.04"
800,16/06/2023,GAS,"96,600","97,200","95,500","97,400","95,500","96,214","-1,100",-1.14,0.59,56.75,0.00,0.00,0.59,56.75,"182,782.23"
801,15/06/2023,GAS,"94,600","94,900","96,600","97,800","94,700","96,421","2,000",2.11,1.30,125.26,0.05,4.82,1.35,130.08,"184,887.57"
802,14/06/2023,GAS,"94,000","94,100","94,600","95,700","94,100","94,815",600,0.64,0.76,72.07,0.00,0.00,0.76,72.07,"181,059.67"
803,13/06/2023,GAS,"93,900","94,300","94,000","94,400","93,600","93,908",100,0.11,0.58,54.66,0.00,0.00,0.58,54.66,"179,911.30"
804,12/06/2023,GAS,"93,700","94,400","93,900","94,400","92,900","93,413",200,0.21,0.49,45.79,0.00,0.00,0.49,45.79,"179,719.91"
805,09/06/2023,GAS,"93,600","93,600","93,700","94,100","93,200","93,684",100,0.11,0.29,27.06,0.00,0.00,0.29,27.06,"179,337.12"
806,08/06/2023,GAS,"94,500","95,000","93,600","95,200","93,300","94,057",-900,-0.95,0.63,59.44,0.00,0.00,0.63,59.44,"179,145.72"
807,07/06/2023,GAS,"95,100","95,200","94,500","95,500","93,800","94,368",-600,-0.63,0.71,66.69,0.00,0.00,0.71,66.69,"180,868.28"
808,06/06/2023,GAS,"94,000","94,500","95,100","95,800","94,300","94,965","1,100",1.17,0.84,79.55,0.00,0.00,0.84,79.55,"182,016.65"
809,05/06/2023,GAS,"92,000","92,600","94,000","94,000","92,600","93,447","2,000",2.17,0.52,48.74,0.00,0.00,0.52,48.74,"179,911.30"
810,02/06/2023,GAS,"92,000","92,300","92,000","92,800","92,000","92,208",0,0.00,0.57,53.00,0.00,0.00,0.57,53.00,"176,083.40"
811,01/06/2023,GAS,"92,800","93,500","92,000","93,500","92,000","92,341",-800,-0.86,0.55,50.61,0.00,0.00,0.55,50.61,"176,083.40"
812,31/05/2023,GAS,"92,900","92,800","92,800","93,200","92,800","92,889",-100,-0.11,0.41,37.66,0.00,0.00,0.41,37.66,"177,614.56"
813,30/05/2023,GAS,"93,800","93,800","92,900","94,000","92,800","93,265",-900,-0.96,0.59,54.70,0.00,0.00,0.59,54.70,"177,805.96"
814,29/05/2023,GAS,"93,700","94,000","93,800","94,400","93,500","93,834",100,0.11,0.42,39.01,0.00,0.00,0.42,39.01,"179,528.51"
815,26/05/2023,GAS,"94,700","95,400","93,700","95,400","93,500","94,128","-1,000",-1.06,0.43,40.36,0.00,0.00,0.43,40.36,"179,337.12"
816,25/05/2023,GAS,"92,500","93,000","94,700","94,800","92,500","93,803","2,200",2.38,0.61,57.34,0.00,0.00,0.61,57.34,"181,251.07"
817,24/05/2023,GAS,"93,200","93,700","92,500","93,700","92,500","92,981",-700,-0.75,0.41,38.49,0.00,0.00,0.41,38.49,"177,040.38"
818,23/05/2023,GAS,"94,700","94,900","93,200","94,900","93,100","93,663","-1,500",-1.58,0.44,40.78,0.00,0.00,0.44,40.78,"178,380.14"
819,22/05/2023,GAS,"94,900","95,500","94,700","95,600","94,000","94,687",-200,-0.21,0.36,34.00,0.00,0.00,0.36,34.00,"181,251.07"
820,19/05/2023,GAS,"93,000","93,200","94,900","95,500","93,100","94,442","1,900",2.04,0.86,81.37,0.00,0.00,0.86,81.37,"181,633.86"
821,18/05/2023,GAS,"91,900","92,000","93,000","93,500","91,800","92,458","1,100",1.20,0.50,46.50,0.00,0.00,0.50,46.50,"177,997.35"
822,17/05/2023,GAS,"92,400","92,500","91,900","93,000","91,800","92,141",-500,-0.54,0.29,26.81,0.04,3.51,0.33,30.32,"175,892.01"
823,16/05/2023,GAS,"92,200","93,000","92,400","93,200","92,200","92,695",200,0.22,0.25,23.46,0.04,3.58,0.29,27.04,"176,848.98"
824,15/05/2023,GAS,"92,500","93,000","92,200","93,900","92,200","92,947",-300,-0.32,0.40,36.84,0.04,3.59,0.43,40.42,"176,466.19"
825,12/05/2023,GAS,"92,200","92,000","92,500","92,800","92,000","92,226",300,0.33,0.26,24.28,0.00,0.00,0.26,24.28,"177,040.38"
826,11/05/2023,GAS,"93,200","93,500","92,200","93,800","92,200","92,615","-1,000",-1.07,0.41,37.72,0.00,0.00,0.41,37.72,"176,466.19"
827,10/05/2023,GAS,"94,100","94,600","93,200","94,600","92,800","93,317",-900,-0.96,0.25,23.10,0.00,0.00,0.25,23.10,"178,380.14"
828,09/05/2023,GAS,"93,100","93,500","94,100","94,700","93,500","94,346","1,000",1.07,0.28,26.10,0.00,0.00,0.28,26.10,"180,102.70"
829,08/05/2023,GAS,"91,900","92,200","93,100","93,100","92,200","92,669","1,200",1.31,0.26,24.41,0.00,0.00,0.26,24.41,"178,188.75"
830,05/05/2023,GAS,"92,000","92,000","91,900","92,400","91,600","91,868",-100,-0.11,0.17,15.40,0.00,0.00,0.17,15.40,"175,892.01"
831,04/05/2023,GAS,"92,800","92,100","92,000","92,800","91,600","91,983",-800,-0.86,0.20,18.78,0.00,0.00,0.20,18.78,"176,083.40"
832,28/04/2023,GAS,"92,200","93,300","92,800","93,300","92,300","92,790",600,0.65,0.16,14.97,0.00,0.00,0.16,14.97,"177,614.56"
833,27/04/2023,GAS,"93,400","93,600","92,200","94,200","92,200","93,070","-1,200",-1.28,0.30,27.83,0.00,0.00,0.30,27.83,"176,466.19"
834,26/04/2023,GAS,"92,000","91,600","93,400","94,200","91,600","93,117","1,400",1.52,0.34,31.33,0.00,0.00,0.34,31.33,"178,762.93"
835,25/04/2023,GAS,"93,100","94,000","92,000","94,000","92,000","92,779","-1,100",-1.18,0.32,29.85,0.00,0.00,0.32,29.85,"176,083.40"
836,24/04/2023,GAS,"95,400","95,500","93,100","95,700","93,100","94,514","-2,300",-2.41,0.56,53.29,0.00,0.00,0.56,53.29,"178,188.75"
837,21/04/2023,GAS,"96,000","96,800","95,400","96,800","95,200","95,562",-600,-0.63,0.41,39.64,0.00,0.00,0.41,39.64,"182,590.83"
838,20/04/2023,GAS,"95,600","96,000","96,000","97,500","95,600","96,476",400,0.42,0.28,27.10,0.00,0.00,0.28,27.10,"183,739.20"
839,19/04/2023,GAS,"96,800","97,500","95,600","97,800","95,100","96,304","-1,200",-1.24,0.33,32.20,0.00,0.00,0.33,32.20,"182,973.62"
840,18/04/2023,GAS,"97,200","97,500","96,800","97,800","96,700","97,007",-400,-0.41,0.22,21.36,0.00,0.00,0.22,21.36,"185,270.36"
841,17/04/2023,GAS,"98,100","98,200","97,200","98,600","97,100","97,693",-900,-0.92,0.24,23.29,0.00,0.00,0.24,23.29,"186,035.94"
842,14/04/2023,GAS,"100,000","100,700","98,100","100,700","98,100","99,179","-1,900",-1.90,0.28,27.89,0.00,0.00,0.28,27.89,"187,758.50"
843,13/04/2023,GAS,"99,800","100,900","100,000","100,900","99,700","99,895",200,0.20,0.18,18.12,0.00,0.00,0.18,18.12,"191,395.00"
844,12/04/2023,GAS,"99,900","100,000","99,800","101,100","99,600","100,104",-100,-0.10,0.28,28.04,0.00,0.00,0.28,28.04,"191,012.21"
845,11/04/2023,GAS,"99,500","99,500","99,900","100,400","99,500","99,779",400,0.40,0.24,23.95,0.00,0.00,0.24,23.95,"191,203.61"
846,10/04/2023,GAS,"101,200","101,100","99,500","101,700","99,500","100,393","-1,700",-1.68,0.47,46.97,0.00,0.00,0.47,46.97,"190,438.03"
847,07/04/2023,GAS,"101,500","101,400","101,200","101,900","101,000","101,317",-300,-0.30,0.14,14.69,0.00,0.00,0.14,14.69,"193,691.74"
848,06/04/2023,GAS,"101,900","102,700","101,500","102,700","101,400","101,732",-400,-0.39,0.31,31.24,0.00,0.00,0.31,31.24,"194,265.93"
849,05/04/2023,GAS,"101,900","102,900","101,900","102,900","101,800","102,102",0,0.00,0.22,22.25,0.00,0.00,0.22,22.25,"195,031.51"
850,04/04/2023,GAS,"102,500","103,500","101,900","103,500","101,800","102,146",-600,-0.59,0.56,57.70,0.00,0.00,0.56,57.70,"195,031.51"
851,03/04/2023,GAS,"102,000","103,600","102,500","103,800","102,000","102,744",500,0.49,0.32,33.09,0.00,0.00,0.32,33.09,"196,179.88"
852,31/03/2023,GAS,"102,400","102,400","102,000","103,200","101,800","102,211",-400,-0.39,0.25,25.24,0.00,0.00,0.25,25.24,"195,222.90"
853,30/03/2023,GAS,"102,800","103,000","102,400","103,900","102,400","102,909",-400,-0.39,0.14,14.29,0.00,0.00,0.14,14.29,"195,988.48"
854,29/03/2023,GAS,"103,700","103,700","102,800","103,700","102,600","102,870",-900,-0.87,0.10,10.22,0.00,0.00,0.10,10.22,"196,754.06"
855,28/03/2023,GAS,"102,000","102,400","103,700","104,100","102,400","103,098","1,700",1.67,0.27,27.92,0.00,0.00,0.27,27.92,"198,476.62"
856,27/03/2023,GAS,"102,400","102,500","102,000","103,100","102,000","102,331",-400,-0.39,0.10,10.45,0.00,0.00,0.10,10.45,"195,222.90"
857,24/03/2023,GAS,"102,500","102,600","102,400","103,600","102,100","102,673",-100,-0.10,0.25,25.81,0.00,0.00,0.25,25.81,"195,988.48"
858,23/03/2023,GAS,"102,900","102,500","102,500","103,000","102,000","102,447",-400,-0.39,0.15,15.03,0.00,0.00,0.15,15.03,"196,179.88"
859,22/03/2023,GAS,"103,200","104,000","102,900","104,000","102,700","102,961",-300,-0.29,0.13,13.00,0.00,0.00,0.13,13.00,"196,945.46"
860,21/03/2023,GAS,"103,000","103,200","103,200","104,000","102,600","103,063",200,0.19,0.11,11.54,0.00,0.00,0.11,11.54,"197,519.64"
861,20/03/2023,GAS,"103,700","104,000","103,000","104,600","102,900","103,303",-700,-0.68,0.19,19.58,0.00,0.00,0.19,19.58,"197,136.85"
862,17/03/2023,GAS,"104,600","105,300","103,700","106,200","103,700","104,206",-900,-0.86,0.23,23.61,0.00,0.00,0.23,23.61,"198,476.62"
863,16/03/2023,GAS,"107,000","107,000","104,600","107,000","104,200","105,077","-2,400",-2.24,0.28,29.18,0.00,0.00,0.28,29.18,"200,199.17"
864,15/03/2023,GAS,"107,700","107,700","107,000","108,000","106,600","107,193",-700,-0.65,0.20,21.04,0.00,0.00,0.20,21.04,"204,792.65"
865,14/03/2023,GAS,"108,100","106,300","107,700","108,000","105,500","106,308",-400,-0.37,0.19,19.67,0.00,0.00,0.19,19.67,"206,132.42"
866,13/03/2023,GAS,"107,000","107,000","108,100","108,500","105,900","107,556","1,100",1.03,0.35,37.32,0.00,0.00,0.35,37.32,"206,898.00"
867,10/03/2023,GAS,"106,800","106,300","107,000","107,300","105,500","106,809",200,0.19,0.23,24.50,0.00,0.00,0.23,24.50,"204,792.65"
868,09/03/2023,GAS,"105,900","105,300","106,800","107,900","105,300","106,495",900,0.85,0.19,20.30,0.00,0.00,0.19,20.30,"204,409.86"
869,08/03/2023,GAS,"104,500","103,800","105,900","105,900","103,700","104,878","1,400",1.34,0.15,15.50,0.00,0.00,0.15,15.50,"202,687.31"
870,07/03/2023,GAS,"103,700","104,900","104,500","105,500","103,900","104,948",800,0.77,0.20,21.38,0.00,0.00,0.20,21.38,"200,007.78"
871,06/03/2023,GAS,"104,500","105,000","103,700","105,500","103,600","104,472",-800,-0.77,0.09,9.60,0.00,0.00,0.09,9.60,"198,476.62"
872,03/03/2023,GAS,"105,000","105,900","104,500","105,900","102,800","103,877",-500,-0.48,0.18,19.16,0.00,0.00,0.18,19.16,"200,007.78"
873,02/03/2023,GAS,"105,100","105,000","105,000","105,800","104,600","104,970",-100,-0.10,0.12,12.08,0.00,0.00,0.12,12.08,"200,964.75"
874,01/03/2023,GAS,"103,500","103,200","105,100","105,900","103,200","105,027","1,600",1.55,0.11,11.87,0.00,0.00,0.11,11.87,"201,156.15"
875,28/02/2023,GAS,"104,000","105,000","103,500","105,400","103,400","104,041",-500,-0.48,0.07,7.65,0.00,0.00,0.07,7.65,"198,093.83"
876,27/02/2023,GAS,"106,500","106,500","104,000","106,500","103,000","104,433","-2,500",-2.35,0.25,25.61,0.00,0.00,0.25,25.61,"199,050.80"
877,24/02/2023,GAS,"105,800","106,000","106,500","107,500","105,000","105,887",700,0.66,0.13,13.49,0.00,0.00,0.13,13.49,"203,835.68"
878,23/02/2023,GAS,"107,000","107,600","105,800","107,600","104,800","105,976","-1,200",-1.12,0.17,18.51,0.00,0.00,0.17,18.51,"202,495.91"
879,22/02/2023,GAS,"108,300","107,500","107,000","110,000","106,900","108,425","-1,300",-1.20,0.24,26.10,0.00,0.00,0.24,26.10,"204,792.65"
880,21/02/2023,GAS,"109,000","108,500","108,300","109,500","108,300","108,821",-700,-0.64,0.22,23.53,0.00,0.00,0.22,23.53,"207,280.79"
881,20/02/2023,GAS,"107,200","107,300","109,000","109,000","107,300","108,041","1,800",1.68,0.20,21.62,0.00,0.00,0.20,21.62,"208,620.55"
882,17/02/2023,GAS,"107,900","107,500","107,200","107,900","106,700","107,236",-700,-0.65,0.19,19.98,0.00,0.00,0.19,19.98,"205,175.44"
883,16/02/2023,GAS,"107,100","106,400","107,900","108,900","106,400","108,254",800,0.75,0.26,28.27,0.00,0.00,0.26,28.27,"206,515.21"
884,15/02/2023,GAS,"105,600","106,000","107,100","107,500","105,700","106,990","1,500",1.42,0.18,19.44,0.00,0.00,0.18,19.44,"204,984.05"
885,14/02/2023,GAS,"105,900","106,300","105,600","107,000","105,600","105,906",-300,-0.28,0.11,11.46,0.00,0.00,0.11,11.46,"202,113.12"
886,13/02/2023,GAS,"106,100","106,100","105,900","107,800","105,300","106,564",-200,-0.19,0.20,21.46,0.00,0.00,0.20,21.46,"202,687.31"
887,10/02/2023,GAS,"108,100","108,100","106,100","108,100","106,100","106,645","-2,000",-1.85,0.20,21.59,0.00,0.00,0.20,21.59,"203,070.10"
888,09/02/2023,GAS,"107,300","107,900","108,100","108,800","107,300","108,296",800,0.75,0.31,34.07,0.00,0.00,0.31,34.07,"206,898.00"
889,08/02/2023,GAS,"106,300","106,300","107,300","108,000","106,200","107,324","1,000",0.94,0.27,29.35,0.00,0.00,0.27,29.35,"205,366.84"
890,07/02/2023,GAS,"106,000","106,700","106,300","107,800","105,000","106,674",300,0.28,0.29,30.66,0.00,0.00,0.29,30.66,"203,452.89"
891,06/02/2023,GAS,"105,200","105,200","106,000","107,000","104,200","105,682",800,0.76,0.24,25.58,0.00,0.00,0.24,25.58,"202,878.70"
892,03/02/2023,GAS,"107,000","106,800","105,200","107,000","105,200","105,952","-1,800",-1.68,0.26,27.43,0.00,0.00,0.26,27.43,"201,347.54"
893,02/02/2023,GAS,"106,600","107,000","107,000","108,000","106,400","106,965",400,0.38,0.29,31.44,0.00,0.00,0.29,31.44,"204,792.65"
894,01/02/2023,GAS,"106,300","106,900","106,600","110,600","106,000","108,323",300,0.28,0.73,79.38,0.00,0.00,0.73,79.38,"204,027.07"
895,31/01/2023,GAS,"106,600","106,600","106,300","107,500","105,600","106,239",-300,-0.28,0.28,30.14,0.00,0.00,0.28,30.14,"203,452.89"
896,30/01/2023,GAS,"108,200","109,000","106,600","109,100","106,600","107,970","-1,600",-1.48,0.27,28.88,0.00,0.00,0.27,28.88,"204,027.07"
897,27/01/2023,GAS,"104,500","105,100","108,200","110,200","105,100","107,518","3,700",3.54,0.54,57.57,0.00,0.00,0.54,57.57,"207,089.39"
898,19/01/2023,GAS,"104,300","104,700","104,500","104,900","103,500","104,183",200,0.19,0.25,26.03,0.00,0.00,0.25,26.03,"200,007.78"
899,18/01/2023,GAS,"104,200","104,900","104,300","105,700","104,200","104,895",100,0.10,0.15,15.92,0.00,0.00,0.15,15.92,"199,624.99"
900,17/01/2023,GAS,"103,000","103,000","104,200","104,700","102,500","103,076","1,200",1.17,0.29,29.92,0.00,0.00,0.29,29.92,"199,433.59"
901,16/01/2023,GAS,"104,500","104,800","103,000","104,800","103,000","103,699","-1,500",-1.44,0.24,25.40,0.00,0.00,0.24,25.40,"197,136.85"
902,13/01/2023,GAS,"105,000","104,600","104,500","105,500","104,400","104,816",-500,-0.48,0.19,20.24,0.00,0.00,0.19,20.24,"200,007.78"
903,12/01/2023,GAS,"104,200","104,200","105,000","105,200","104,200","104,962",800,0.77,0.24,24.86,0.00,0.00,0.24,24.86,"200,964.75"
904,11/01/2023,GAS,"104,600","104,900","104,200","105,400","104,100","104,514",-400,-0.38,0.11,11.30,0.00,0.00,0.11,11.30,"199,433.59"
905,10/01/2023,GAS,"104,500","104,500","104,600","104,600","103,100","103,792",100,0.10,0.26,26.60,0.00,0.00,0.26,26.60,"200,199.17"
906,09/01/2023,GAS,"104,700","105,300","104,500","105,600","104,000","104,450",-200,-0.19,0.15,16.03,0.00,0.00,0.15,16.03,"200,007.78"
907,06/01/2023,GAS,"106,600","106,500","104,700","106,900","104,600","105,231","-1,900",-1.78,0.14,14.61,0.00,0.00,0.14,14.61,"200,390.57"
908,05/01/2023,GAS,"105,000","105,000","106,600","106,700","104,500","105,472","1,600",1.52,0.27,28.49,0.00,0.00,0.27,28.49,"204,027.07"
909,04/01/2023,GAS,"105,000","105,500","105,000","105,500","104,000","104,844",0,0.00,0.23,23.59,0.00,0.00,0.23,23.59,"200,964.75"
910,03/01/2023,GAS,"101,500","102,000","105,000","105,000","101,900","103,739","3,500",3.45,0.29,29.86,0.00,0.00,0.29,29.86,"200,964.75"
911,30/12/2022,GAS,"102,600","102,600","101,500","102,800","101,500","102,057","-1,100",-1.07,0.14,14.44,0.00,0.00,0.14,14.44,"194,265.93"
912,29/12/2022,GAS,"103,000","103,900","102,600","103,900","102,600","102,900",-400,-0.39,0.10,10.04,0.00,0.00,0.10,10.04,"196,371.27"
913,28/12/2022,GAS,"103,100","103,600","103,000","104,000","102,200","103,075",-100,-0.10,0.22,22.86,0.00,0.00,0.22,22.86,"197,136.85"
914,27/12/2022,GAS,"102,600","103,900","103,100","104,000","101,800","103,445",500,0.49,0.15,16.00,0.00,0.00,0.15,16.00,"197,328.25"
915,26/12/2022,GAS,"101,500","102,100","102,600","104,600","102,100","103,424","1,100",1.08,0.33,34.38,0.00,0.00,0.33,34.38,"196,371.27"
916,23/12/2022,GAS,"101,200","102,500","101,500","103,800","101,500","102,447",300,0.30,0.26,26.79,0.00,0.00,0.26,26.79,"194,265.93"
917,22/12/2022,GAS,"103,500","105,000","101,200","105,000","101,200","103,079","-2,300",-2.22,0.25,26.18,0.00,0.00,0.25,26.18,"193,691.74"
918,21/12/2022,GAS,"104,800","106,000","103,500","106,000","103,500","104,607","-1,300",-1.24,0.20,20.75,0.00,0.00,0.20,20.75,"198,093.83"
919,20/12/2022,GAS,"105,200","105,000","104,800","105,500","103,600","104,485",-400,-0.38,0.22,22.81,0.00,0.00,0.22,22.81,"200,581.96"
920,19/12/2022,GAS,"106,400","106,000","105,200","106,800","105,200","106,022","-1,200",-1.13,0.45,47.66,0.00,0.00,0.45,47.66,"201,347.54"
921,16/12/2022,GAS,"106,300","106,300","106,400","107,900","105,800","106,431",100,0.09,0.26,27.26,0.00,0.00,0.26,27.26,"203,644.28"
922,15/12/2022,GAS,"107,500","107,000","106,300","108,000","105,600","106,751","-1,200",-1.12,0.50,53.89,0.00,0.00,0.50,53.89,"203,452.89"
923,14/12/2022,GAS,"105,600","106,600","107,500","108,000","106,500","107,182","1,900",1.80,0.28,29.74,0.02,2.14,0.30,31.89,"205,749.63"
924,13/12/2022,GAS,"105,000","106,900","105,600","107,500","105,100","106,219",600,0.57,0.40,42.58,0.00,0.00,0.40,42.58,"202,113.12"
925,12/12/2022,GAS,"106,000","108,000","105,000","108,400","105,000","106,790","-1,000",-0.94,0.35,37.40,0.00,0.00,0.35,37.40,"200,964.75"
926,09/12/2022,GAS,"106,000","107,900","106,000","108,500","106,000","106,902",0,0.00,0.37,40.06,0.00,0.00,0.37,40.06,"202,878.70"
927,08/12/2022,GAS,"106,800","108,100","106,000","110,900","106,000","107,989",-800,-0.75,0.47,50.31,0.00,0.00,0.47,50.31,"202,878.70"
928,07/12/2022,GAS,"109,500","109,500","106,800","111,500","106,800","109,074","-2,700",-2.47,0.34,36.75,0.09,10.12,0.43,46.87,"204,409.86"
929,06/12/2022,GAS,"113,200","113,000","109,500","113,500","109,000","110,886","-3,700",-3.27,0.49,54.83,0.00,0.00,0.49,54.83,"209,577.53"
930,05/12/2022,GAS,"111,200","113,000","113,200","113,600","110,700","112,675","2,000",1.80,0.50,56.41,0.00,0.00,0.50,56.41,"216,659.14"
931,02/12/2022,GAS,"106,500","106,500","111,200","113,000","106,500","110,967","4,700",4.41,0.57,63.47,0.00,0.00,0.57,63.47,"212,831.24"
932,01/12/2022,GAS,"110,200","112,000","106,500","112,000","105,000","109,121","-3,700",-3.36,0.51,56.13,0.00,0.00,0.51,56.13,"203,835.68"
933,30/11/2022,GAS,"112,000","112,000","110,200","112,000","110,000","110,728","-1,800",-1.61,0.28,31.33,0.00,0.00,0.28,31.33,"210,917.29"
934,29/11/2022,GAS,"112,100","112,000","112,000","113,900","108,900","111,286",-100,-0.09,0.41,45.09,0.00,0.00,0.41,45.09,"214,362.40"
935,28/11/2022,GAS,"104,800","104,800","112,100","112,100","104,000","109,028","7,300",6.97,0.37,40.36,0.10,10.95,0.47,51.31,"214,553.80"
936,25/11/2022,GAS,"105,800","107,000","104,800","107,500","104,000","105,241","-1,000",-0.95,0.40,41.97,0.00,0.00,0.40,41.97,"200,581.96"
937,24/11/2022,GAS,"108,200","109,000","105,800","109,000","105,000","106,586","-2,400",-2.22,0.47,50.58,0.00,0.00,0.47,50.58,"202,495.91"
938,23/11/2022,GAS,"109,200","109,600","108,200","111,700","108,000","109,223","-1,000",-0.92,0.23,24.87,0.00,0.00,0.23,24.87,"207,089.39"
939,22/11/2022,GAS,"111,300","111,100","109,200","114,900","109,100","111,487","-2,100",-1.89,0.31,35.02,0.00,0.00,0.31,35.02,"209,003.34"
940,21/11/2022,GAS,"114,300","114,300","111,300","114,500","110,500","111,870","-3,000",-2.62,0.17,19.26,0.00,0.00,0.17,19.26,"213,022.64"
941,18/11/2022,GAS,"119,700","119,100","114,300","119,400","112,000","114,009","-5,400",-4.51,0.40,45.44,0.00,0.00,0.40,45.44,"218,764.49"
942,17/11/2022,GAS,"117,000","115,600","119,700","120,000","115,600","118,985","2,700",2.31,0.44,52.64,0.00,0.00,0.44,52.64,"229,099.82"
943,16/11/2022,GAS,"111,500","105,500","117,000","117,000","105,500","113,915","5,500",4.93,0.31,35.85,0.15,16.95,0.46,52.79,"223,932.15"
944,15/11/2022,GAS,"113,800","113,800","111,500","114,500","109,000","112,347","-2,300",-2.02,0.42,47.30,0.00,0.00,0.42,47.30,"213,405.43"
945,14/11/2022,GAS,"113,900","113,700","113,800","116,000","110,800","114,121",-100,-0.09,0.35,39.99,0.19,22.00,0.54,61.99,"217,807.51"
946,11/11/2022,GAS,"113,400","113,600","113,900","116,500","113,600","115,561",500,0.44,0.17,19.66,0.10,10.94,0.27,30.59,"217,998.91"
947,10/11/2022,GAS,"116,400","115,100","113,400","116,800","110,000","114,627","-3,000",-2.58,0.28,31.66,0.10,10.95,0.38,42.61,"217,041.93"
948,09/11/2022,GAS,"114,400","114,500","116,400","117,500","114,400","116,556","2,000",1.75,0.40,47.18,0.00,0.00,0.40,47.18,"222,783.78"
949,08/11/2022,GAS,"112,900","113,900","114,400","115,000","112,900","114,232","1,500",1.33,0.38,43.59,0.00,0.00,0.38,43.59,"218,955.88"
950,07/11/2022,GAS,"111,000","111,500","112,900","113,500","111,500","112,539","1,900",1.71,0.40,45.57,0.00,0.00,0.40,45.57,"216,084.96"
951,04/11/2022,GAS,"111,400","111,400","111,000","112,000","108,100","109,603",-400,-0.36,0.33,36.13,0.00,0.00,0.33,36.13,"212,448.45"
952,03/11/2022,GAS,"110,000","111,800","111,400","112,200","110,000","111,664","1,400",1.27,0.16,18.12,0.00,0.00,0.16,18.12,"213,214.03"
953,02/11/2022,GAS,"110,000","110,600","110,000","113,500","108,700","110,380",0,0.00,0.58,64.47,0.00,0.00,0.58,64.47,"210,534.50"
954,01/11/2022,GAS,"111,100","111,400","110,000","113,500","109,200","111,531","-1,100",-0.99,0.45,50.33,0.00,0.00,0.45,50.33,"210,534.50"
955,31/10/2022,GAS,"109,000","109,000","111,100","111,100","108,500","109,527","2,100",1.93,0.16,17.12,0.00,0.00,0.16,17.12,"212,639.85"
956,28/10/2022,GAS,"110,000","110,100","109,000","111,000","109,000","110,021","-1,000",-0.91,0.19,21.36,0.00,0.00,0.19,21.36,"208,620.55"
957,27/10/2022,GAS,"108,000","108,900","110,000","111,200","107,100","109,991","2,000",1.85,0.47,51.54,0.00,0.00,0.47,51.54,"210,534.50"
958,26/10/2022,GAS,"107,200","107,200","108,000","108,200","106,900","107,822",800,0.75,0.18,19.60,0.00,0.00,0.18,19.60,"206,706.60"
959,25/10/2022,GAS,"107,200","107,200","107,200","109,000","105,600","106,992",0,0.00,0.37,39.30,0.00,0.00,0.37,39.30,"205,175.44"
960,24/10/2022,GAS,"107,200","107,200","107,200","108,900","106,500","107,528",0,0.00,0.50,54.15,0.00,0.00,0.50,54.15,"205,175.44"
961,21/10/2022,GAS,"110,900","110,900","107,200","112,600","107,200","109,242","-3,700",-3.34,0.47,51.16,0.00,0.00,0.47,51.16,"205,175.44"
962,20/10/2022,GAS,"109,100","109,000","110,900","111,000","108,200","110,339","1,800",1.65,0.17,18.23,0.00,0.00,0.17,18.23,"212,257.06"
963,19/10/2022,GAS,"111,000","111,100","109,100","113,000","108,000","110,043","-1,900",-1.71,0.42,46.57,0.00,0.00,0.42,46.57,"208,811.95"
964,18/10/2022,GAS,"111,500","113,200","111,000","113,200","111,000","112,397",-500,-0.45,0.45,50.41,0.00,0.00,0.45,50.41,"212,448.45"
965,17/10/2022,GAS,"109,800","107,900","111,500","113,200","107,200","110,050","1,700",1.55,0.30,33.04,0.00,0.00,0.30,33.04,"213,405.43"
966,14/10/2022,GAS,"108,000","108,100","109,800","110,200","108,000","108,510","1,800",1.67,0.39,42.08,0.00,0.00,0.39,42.08,"210,151.71"
967,13/10/2022,GAS,"107,000","105,900","108,000","108,200","105,100","107,233","1,000",0.93,0.54,58.40,0.00,0.00,0.54,58.40,"206,706.60"
968,12/10/2022,GAS,"106,100","105,100","107,000","107,800","105,100","106,991",900,0.85,0.17,18.17,0.00,0.00,0.17,18.17,"204,792.65"
969,11/10/2022,GAS,"106,000","106,000","106,100","109,100","105,000","106,861",100,0.09,0.51,54.31,0.00,0.00,0.51,54.31,"203,070.10"
970,10/10/2022,GAS,"102,000","102,000","106,000","109,100","102,000","107,088","4,000",3.92,0.43,46.16,0.00,0.00,0.43,46.16,"202,878.70"
971,07/10/2022,GAS,"106,900","106,900","102,000","106,900","102,000","103,467","-4,900",-4.58,0.33,34.56,0.03,3.21,0.36,37.77,"195,222.90"
972,06/10/2022,GAS,"107,000","107,200","106,900","108,500","106,900","107,863",-100,-0.09,0.45,48.30,0.05,5.39,0.50,53.69,"204,601.26"
973,05/10/2022,GAS,"106,000","106,100","107,000","108,900","106,100","107,566","1,000",0.94,0.40,43.27,0.03,3.21,0.43,46.48,"204,792.65"
974,04/10/2022,GAS,"107,000","107,100","106,000","109,000","103,500","105,588","-1,000",-0.93,0.26,27.50,0.00,0.00,0.26,27.50,"202,878.70"
975,03/10/2022,GAS,"110,000","109,000","107,000","109,000","106,300","107,354","-3,000",-2.73,0.37,39.44,0.00,0.00,0.37,39.44,"204,792.65"
976,30/09/2022,GAS,"105,000","102,000","110,000","112,000","101,400","104,874","5,000",4.76,0.72,75.42,0.00,0.00,0.72,75.42,"210,534.50"
977,29/09/2022,GAS,"104,000","106,500","105,000","107,700","105,000","106,554","1,000",0.96,0.31,32.78,0.00,0.00,0.31,32.78,"200,964.75"
978,28/09/2022,GAS,"111,500","110,000","104,000","112,200","104,000","108,704","-7,500",-6.73,0.66,72.05,0.00,0.00,0.66,72.05,"199,050.80"
979,27/09/2022,GAS,"113,600","114,000","111,500","114,000","111,000","112,621","-2,100",-1.85,0.22,24.24,0.00,0.00,0.22,24.24,"213,405.43"
980,26/09/2022,GAS,"112,500","111,000","113,600","114,200","111,000","112,740","1,100",0.98,0.67,75.16,0.00,0.00,0.67,75.16,"217,424.72"
981,23/09/2022,GAS,"111,000","111,400","112,500","114,500","111,000","112,754","1,500",1.35,0.36,40.78,0.00,0.00,0.36,40.78,"215,319.38"
982,22/09/2022,GAS,"109,000","109,000","111,000","111,400","108,800","110,465","2,000",1.83,0.23,25.67,0.00,0.00,0.23,25.67,"212,448.45"
983,21/09/2022,GAS,"109,100","109,100","109,000","109,900","108,300","108,837",-100,-0.09,0.22,23.59,0.00,0.00,0.22,23.59,"208,620.55"
984,20/09/2022,GAS,"108,000","110,000","109,100","110,000","107,500","109,036","1,100",1.02,0.40,43.99,0.00,0.00,0.40,43.99,"208,811.95"
985,19/09/2022,GAS,"111,000","111,000","108,000","112,800","108,000","110,838","-3,000",-2.70,0.50,55.55,0.00,0.00,0.50,55.55,"206,706.60"
986,16/09/2022,GAS,"111,800","111,000","111,000","113,000","110,500","111,259",-800,-0.72,0.50,55.50,0.00,0.00,0.50,55.50,"212,448.45"
987,15/09/2022,GAS,"112,500","114,000","111,800","114,200","111,200","112,613",-700,-0.62,0.57,63.78,0.00,0.00,0.57,63.78,"213,979.61"
988,14/09/2022,GAS,"114,200","112,300","112,500","113,700","111,800","112,532","-1,700",-1.49,0.32,35.68,0.00,0.00,0.32,35.68,"215,319.38"
989,13/09/2022,GAS,"113,700","113,600","114,200","114,800","112,800","113,554",500,0.44,0.25,27.99,0.00,0.00,0.25,27.99,"218,573.09"
990,12/09/2022,GAS,"114,000","114,000","113,700","115,400","113,500","114,609",-300,-0.26,0.36,41.75,0.32,36.23,0.68,77.98,"217,616.12"
991,09/09/2022,GAS,"111,800","112,900","114,000","114,000","111,600","112,762","2,200",1.97,0.33,37.52,0.09,8.94,0.42,46.46,"218,190.30"
992,08/09/2022,GAS,"112,000","113,000","111,800","113,500","110,600","111,875",-200,-0.18,0.32,35.26,0.00,0.00,0.32,35.26,"213,979.61"
993,07/09/2022,GAS,"116,500","116,000","112,000","116,000","112,000","113,914","-4,500",-3.86,0.85,96.38,0.00,0.00,0.85,96.38,"214,362.40"
994,06/09/2022,GAS,"116,400","117,500","116,500","117,800","116,400","116,704",100,0.09,0.25,28.86,0.00,0.00,0.25,28.86,"222,975.18"
995,05/09/2022,GAS,"117,100","116,300","116,400","117,500","115,700","116,501",-700,-0.60,0.33,37.92,0.00,0.00,0.33,37.92,"222,783.78"
996,31/08/2022,GAS,"118,900","117,800","117,100","119,000","116,900","117,533","-1,800",-1.51,0.43,50.46,0.00,0.00,0.43,50.46,"224,123.55"
997,30/08/2022,GAS,"117,500","117,600","118,900","120,000","117,000","118,592","1,400",1.19,0.73,85.99,0.00,0.00,0.73,85.99,"227,568.66"
998,29/08/2022,GAS,"115,200","114,200","117,500","117,500","114,200","115,839","2,300",2.00,0.67,77.59,0.00,0.00,0.67,77.59,"224,889.13"
999,26/08/2022,GAS,"116,500","116,500","115,200","116,500","115,100","115,646","-1,300",-1.12,0.49,56.84,0.00,0.00,0.49,56.84,"220,487.04"
1000,25/08/2022,GAS,"117,300","117,900","116,500","119,000","116,500","117,498",-800,-0.68,0.42,49.88,0.00,0.00,0.42,49.88,"222,975.18"
1001,24/08/2022,GAS,"117,000","118,000","117,300","119,500","117,000","118,042",300,0.26,0.36,42.27,0.10,10.85,0.46,53.12,"224,506.34"
1002,23/08/2022,GAS,"114,900","115,500","117,000","117,300","115,500","116,538","2,100",1.83,0.45,52.03,0.45,52.65,0.90,104.68,"223,932.15"
1003,22/08/2022,GAS,"115,600","115,400","114,900","117,000","114,700","115,594",-700,-0.61,0.37,42.79,0.00,0.00,0.37,42.79,"219,912.86"
1004,19/08/2022,GAS,"113,700","114,900","115,600","118,000","114,400","116,451","1,900",1.67,0.54,62.51,0.00,0.00,0.54,62.51,"221,252.62"
1005,18/08/2022,GAS,"112,400","113,000","113,700","117,900","111,900","114,304","1,300",1.16,0.99,112.86,0.00,0.00,0.99,112.86,"217,616.12"
1006,17/08/2022,GAS,"113,500","114,000","112,400","114,900","111,500","112,986","-1,100",-0.97,0.88,99.34,0.00,0.00,0.88,99.34,"215,127.98"
1007,16/08/2022,GAS,"114,000","113,000","113,500","114,000","112,000","112,943",-500,-0.44,0.33,36.84,0.00,0.00,0.33,36.84,"217,233.33"
1008,15/08/2022,GAS,"114,400","115,000","114,000","115,200","112,700","113,782",-400,-0.35,0.40,46.00,0.00,0.00,0.40,46.00,"218,190.30"
1009,12/08/2022,GAS,"113,000","113,000","114,400","115,900","113,000","114,373","1,400",1.24,0.36,41.61,0.07,6.89,0.43,48.50,"218,955.88"
1010,11/08/2022,GAS,"110,900","112,000","113,000","113,900","111,300","112,594","2,100",1.89,0.85,95.36,0.00,0.00,0.85,95.36,"216,276.35"
1011,10/08/2022,GAS,"112,000","111,000","110,900","112,200","110,100","111,091","-1,100",-0.98,0.39,43.28,0.00,0.00,0.39,43.28,"212,257.06"
1012,09/08/2022,GAS,"111,000","111,300","112,000","112,500","110,000","111,300","1,000",0.90,0.37,41.03,0.00,0.00,0.37,41.03,"214,362.40"
1013,08/08/2022,GAS,"109,500","109,100","111,000","112,000","108,000","110,425","1,500",1.37,0.35,38.72,0.00,0.00,0.35,38.72,"212,448.45"
1014,05/08/2022,GAS,"109,000","107,800","109,500","110,000","106,500","108,106",500,0.46,0.73,78.50,0.10,10.83,0.83,89.33,"209,577.53"
1015,04/08/2022,GAS,"112,000","111,500","109,000","111,900","108,500","109,870","-3,000",-2.68,0.77,84.58,0.00,0.00,0.77,84.58,"208,620.55"
1016,03/08/2022,GAS,"108,200","108,300","112,000","113,000","108,000","111,335","3,800",3.51,0.58,64.97,0.00,0.00,0.58,64.97,"214,362.40"
1017,02/08/2022,GAS,"107,900","107,500","108,200","108,400","105,700","106,781",300,0.28,0.44,47.50,0.00,0.00,0.44,47.50,"207,089.39"
1018,01/08/2022,GAS,"107,500","107,500","107,900","109,500","106,800","108,193",400,0.37,0.42,45.97,0.00,0.00,0.42,45.97,"206,515.21"
1019,29/07/2022,GAS,"106,300","108,000","107,500","109,500","106,800","108,270","1,200",1.13,0.53,57.39,1.00,109.00,1.53,166.39,"205,749.63"
1020,28/07/2022,GAS,"104,700","107,000","106,300","109,700","105,500","107,184","1,600",1.53,0.51,54.55,0.02,2.23,0.53,56.77,"203,452.89"
1021,27/07/2022,GAS,"104,700","104,600","104,700","105,400","103,500","104,461",0,0.00,0.37,39.13,0.00,0.00,0.37,39.13,"200,390.57"
1022,26/07/2022,GAS,"104,700","107,700","104,700","107,700","104,000","104,923",0,0.00,0.48,50.72,0.00,0.00,0.48,50.72,"200,390.57"
1023,25/07/2022,GAS,"107,800","107,500","104,700","109,500","104,400","106,825","-3,100",-2.88,0.54,58.08,0.00,0.00,0.54,58.08,"200,390.57"
1024,22/07/2022,GAS,"104,100","104,000","107,800","109,900","104,000","107,030","3,700",3.55,1.09,116.42,0.00,0.00,1.09,116.42,"206,323.81"
1025,21/07/2022,GAS,"103,000","102,900","104,100","105,000","101,500","104,127","1,100",1.07,0.86,89.85,0.00,0.00,0.86,89.85,"199,242.20"
1026,20/07/2022,GAS,"101,900","103,500","103,000","104,100","102,000","103,346","1,100",1.08,0.89,92.45,0.07,7.19,0.97,99.64,"197,136.85"
1027,19/07/2022,GAS,"97,500","98,800","101,900","102,000","98,300","100,478","4,400",4.51,0.93,93.84,0.00,0.00,0.93,93.84,"195,031.51"
1028,18/07/2022,GAS,"97,500","97,600","97,500","98,500","96,500","97,674",0,0.00,0.57,55.47,0.00,0.00,0.57,55.47,"186,610.13"
1029,15/07/2022,GAS,"98,800","98,800","97,500","98,900","97,000","97,520","-1,300",-1.32,0.52,50.41,0.00,0.00,0.52,50.41,"186,610.13"
1030,14/07/2022,GAS,"96,300","97,000","98,800","99,200","97,000","98,269","2,500",2.60,0.70,68.56,0.00,0.00,0.70,68.56,"189,098.26"
1031,13/07/2022,GAS,"99,000","97,000","96,300","97,000","95,400","96,155","-2,700",-2.73,0.90,86.19,0.00,0.00,0.90,86.19,"184,313.39"
1032,12/07/2022,GAS,"94,900","95,200","99,000","99,000","95,200","97,621","4,100",4.32,0.78,76.09,0.00,0.00,0.78,76.09,"189,481.05"
1033,11/07/2022,GAS,"95,600","95,500","94,900","96,900","94,900","95,661",-700,-0.73,0.48,45.64,0.00,0.00,0.48,45.64,"181,633.86"
1034,08/07/2022,GAS,"94,100","97,500","95,600","98,200","95,000","96,429","1,500",1.59,0.69,66.76,0.00,0.00,0.69,66.76,"182,973.62"
1035,07/07/2022,GAS,"95,800","94,100","94,100","96,500","92,600","94,145","-1,700",-1.77,0.63,59.16,0.00,0.00,0.63,59.16,"180,102.70"
1036,06/07/2022,GAS,"103,000","99,600","95,800","99,900","95,800","97,044","-7,200",-6.99,1.69,163.91,0.02,2.20,1.71,166.11,"183,356.41"
1037,05/07/2022,GAS,"108,600","109,000","103,000","110,800","102,000","105,320","-5,600",-5.16,1.50,158.34,0.30,32.10,1.80,190.44,"197,136.85"
1038,04/07/2022,GAS,"110,000","112,100","108,600","112,500","108,500","110,415","-1,400",-1.27,0.46,51.10,0.00,0.00,0.46,51.10,"207,854.97"
1039,01/07/2022,GAS,"115,500","114,800","113,000","115,800","110,000","112,389","-2,500",-2.16,0.97,109.52,0.00,0.00,0.97,109.52,"216,276.35"
1040,30/06/2022,GAS,"117,000","116,500","115,500","119,500","115,500","116,990","-1,500",-1.28,1.01,117.95,0.00,0.00,1.01,117.95,"221,061.23"
1041,29/06/2022,GAS,"116,000","116,000","117,000","118,000","114,300","116,090","1,000",0.86,0.97,112.46,0.00,0.00,0.97,112.46,"223,932.15"
1042,28/06/2022,GAS,"114,400","116,500","116,000","117,600","115,400","116,823","1,600",1.40,0.80,93.26,0.00,0.00,0.80,93.26,"222,018.20"
1043,27/06/2022,GAS,"114,000","115,000","114,400","117,700","114,000","115,458",400,0.35,0.90,104.33,0.00,0.00,0.90,104.33,"218,955.88"
1044,24/06/2022,GAS,"116,800","116,800","114,000","117,700","113,800","114,890","-2,800",-2.40,0.81,92.60,0.25,29.29,1.06,121.89,"218,190.30"
1045,23/06/2022,GAS,"111,200","110,000","116,800","118,900","110,000","114,620","5,600",5.04,1.11,127.65,0.48,52.82,1.59,180.47,"223,549.36"
1046,22/06/2022,GAS,"119,500","118,500","111,200","120,000","111,200","113,283","-8,300",-6.95,1.89,213.81,0.00,0.00,1.89,213.81,"212,831.24"
1047,21/06/2022,GAS,"124,700","124,000","119,500","127,300","116,000","120,269","-5,200",-4.17,2.35,282.09,0.00,0.00,2.35,282.09,"228,717.03"
1048,20/06/2022,GAS,"134,000","131,000","124,700","132,000","124,700","127,877","-9,300",-6.94,1.72,219.68,0.40,51.12,2.12,270.80,"238,669.57"
1049,17/06/2022,GAS,"128,000","125,000","134,000","134,000","124,500","129,918","6,000",4.69,1.56,202.41,0.10,13.40,1.66,215.81,"256,469.30"
1050,16/06/2022,GAS,"124,000","125,100","128,000","131,900","122,800","129,042","4,000",3.23,2.33,300.77,0.00,0.00,2.33,300.77,"244,985.60"
1051,15/06/2022,GAS,"126,000","124,000","124,000","128,100","120,800","123,935","-2,000",-1.59,2.22,275.56,0.00,0.00,2.22,275.56,"237,329.80"
1052,14/06/2022,GAS,"118,000","120,000","126,000","126,000","118,100","121,789","8,000",6.78,1.36,165.35,0.00,0.00,1.36,165.35,"241,157.70"
1053,13/06/2022,GAS,"118,700","115,000","118,000","122,100","114,500","118,278",-700,-0.59,1.74,205.47,0.00,0.00,1.74,205.47,"225,846.10"
1054,10/06/2022,GAS,"127,600","126,500","118,700","127,600","118,700","124,155","-8,900",-6.97,2.46,304.90,0.00,0.00,2.46,304.90,"227,185.87"
1055,09/06/2022,GAS,"128,900","128,900","127,600","130,200","127,200","128,725","-1,300",-1.01,1.29,166.54,0.00,0.00,1.29,166.54,"244,220.02"
1056,08/06/2022,GAS,"130,000","130,000","128,900","131,900","128,300","130,106","-1,100",-0.85,1.70,221.61,0.00,0.00,1.70,221.61,"246,708.16"
1057,07/06/2022,GAS,"129,900","129,900","130,000","131,000","124,100","128,007",100,0.08,2.04,260.61,0.26,36.11,2.30,296.72,"248,813.50"
1058,06/06/2022,GAS,"124,200","125,500","129,900","132,500","125,500","128,855","5,700",4.59,2.65,340.98,0.50,64.95,3.15,405.93,"248,622.11"
1059,03/06/2022,GAS,"118,900","118,000","124,200","125,000","118,000","122,670","5,300",4.46,2.36,290.05,0.00,0.00,2.36,290.05,"237,712.59"
1060,02/06/2022,GAS,"121,000","120,000","118,900","123,000","117,800","119,785","-2,100",-1.74,1.40,167.62,0.10,11.98,1.50,179.60,"227,568.66"
1061,01/06/2022,GAS,"117,700","118,700","121,000","123,900","117,000","121,442","3,300",2.80,1.74,211.33,0.00,0.00,1.74,211.33,"231,587.95"
1062,31/05/2022,GAS,"110,000","110,800","117,700","117,700","109,500","116,008","7,700",7.00,2.36,273.56,0.00,0.00,2.36,273.56,"225,271.92"
1063,30/05/2022,GAS,"110,000","111,700","110,000","112,300","109,800","110,798",0,0.00,0.68,75.56,0.26,26.47,0.94,102.03,"210,534.50"
1064,27/05/2022,GAS,"107,600","108,500","110,000","111,200","108,500","109,859","2,400",2.23,0.40,44.46,0.00,0.00,0.40,44.46,"210,534.50"
1065,26/05/2022,GAS,"108,400","110,000","107,600","111,200","106,000","109,335",-800,-0.74,0.57,61.81,0.00,0.00,0.57,61.81,"205,941.02"
1066,25/05/2022,GAS,"105,800","106,300","108,400","108,400","105,800","107,294","2,600",2.46,0.76,82.07,0.00,0.00,0.76,82.07,"207,472.18"
1067,24/05/2022,GAS,"103,500","103,500","105,800","106,900","102,600","104,864","2,300",2.22,0.84,88.13,0.00,0.00,0.84,88.13,"202,495.91"
1068,23/05/2022,GAS,"104,500","105,500","103,500","105,700","102,800","104,641","-1,000",-0.96,0.54,56.62,0.00,0.00,0.54,56.62,"198,093.83"
1069,20/05/2022,GAS,"105,800","105,500","104,500","106,700","103,600","105,080","-1,300",-1.23,0.29,30.78,0.00,0.00,0.29,30.78,"200,007.78"
1070,19/05/2022,GAS,"105,000","99,500","105,800","106,500","99,500","103,947",800,0.76,1.14,118.15,0.04,4.08,1.18,122.23,"202,495.91"
1071,18/05/2022,GAS,"100,900","101,000","105,000","106,400","100,300","104,099","4,100",4.06,0.91,94.72,0.00,0.00,0.91,94.72,"200,964.75"
1072,17/05/2022,GAS,"95,000","95,000","100,900","100,900","94,000","98,009","5,900",6.21,0.52,50.64,0.00,0.00,0.52,50.64,"193,117.56"
1073,16/05/2022,GAS,"100,000","103,000","95,000","103,600","95,000","99,618","-5,000",-5.00,0.96,95.23,0.00,0.00,0.96,95.23,"181,825.25"
1074,13/05/2022,GAS,"105,600","104,300","100,000","106,500","100,000","102,892","-5,600",-5.30,0.90,92.54,0.00,0.00,0.90,92.54,"191,395.00"
1075,12/05/2022,GAS,"108,900","108,000","105,600","108,000","103,600","105,930","-3,300",-3.03,0.83,88.34,0.00,0.00,0.83,88.34,"202,113.12"
1076,11/05/2022,GAS,"108,000","107,300","108,900","109,500","106,000","107,458",900,0.83,0.33,35.30,0.00,0.00,0.33,35.30,"208,429.16"
1077,10/05/2022,GAS,"104,900","100,500","108,000","108,100","100,000","104,127","3,100",2.96,0.65,67.18,0.00,0.00,0.65,67.18,"206,706.60"
1078,09/05/2022,GAS,"109,800","109,000","104,900","109,000","103,000","105,186","-4,900",-4.46,0.57,60.16,0.00,0.00,0.57,60.16,"200,773.36"
1079,06/05/2022,GAS,"109,400","106,500","109,800","109,900","106,500","109,096",400,0.37,0.58,62.87,0.00,0.00,0.58,62.87,"210,151.71"
1080,05/05/2022,GAS,"108,000","111,000","109,400","111,000","108,900","109,735","1,400",1.30,0.35,38.54,0.00,0.00,0.35,38.54,"209,386.13"
1081,04/05/2022,GAS,"106,000","107,600","108,000","110,000","107,200","109,010","2,000",1.89,0.52,56.81,0.00,0.00,0.52,56.81,"206,706.60"
1082,29/04/2022,GAS,"107,700","107,000","106,000","108,400","105,000","106,726","-1,700",-1.58,0.55,58.52,0.00,0.00,0.55,58.52,"202,878.70"
1083,28/04/2022,GAS,"111,000","110,300","107,700","110,300","107,700","108,728","-3,300",-2.97,0.22,23.42,0.00,0.00,0.22,23.42,"206,132.42"
1084,27/04/2022,GAS,"109,000","105,000","111,000","111,500","104,000","107,338","2,000",1.83,0.79,84.75,0.00,0.00,0.79,84.75,"212,448.45"
1085,26/04/2022,GAS,"104,500","102,000","109,000","109,000","98,100","103,021","4,500",4.31,0.67,68.99,0.00,0.00,0.67,68.99,"208,620.55"
1086,25/04/2022,GAS,"112,300","109,000","104,500","112,300","104,500","106,866","-7,800",-6.95,0.68,73.12,0.00,0.00,0.68,73.12,"200,007.78"
1087,22/04/2022,GAS,"105,000","105,100","112,300","112,300","100,000","105,932","7,300",6.95,1.34,142.14,0.00,0.00,1.34,142.14,"214,936.59"
1088,21/04/2022,GAS,"106,600","104,000","105,000","108,300","103,000","105,863","-1,600",-1.50,1.07,113.54,0.00,0.00,1.07,113.54,"200,964.75"
1089,20/04/2022,GAS,"113,900","113,600","106,600","113,600","106,500","110,145","-7,300",-6.41,1.41,155.22,0.00,0.00,1.41,155.22,"204,027.07"
1090,19/04/2022,GAS,"115,300","117,500","113,900","117,500","113,900","115,506","-1,400",-1.21,0.68,78.13,0.00,0.00,0.68,78.13,"217,998.91"
1091,18/04/2022,GAS,"115,100","116,800","115,300","117,900","114,200","115,884",200,0.17,0.85,98.27,0.00,0.00,0.85,98.27,"220,678.44"
1092,15/04/2022,GAS,"111,600","112,500","115,100","118,000","112,000","115,670","3,500",3.14,1.79,206.69,0.00,0.00,1.79,206.69,"220,295.65"
1093,14/04/2022,GAS,"110,100","111,400","111,600","112,500","111,300","111,904","1,500",1.36,0.46,51.67,0.00,0.00,0.46,51.67,"213,596.82"
1094,13/04/2022,GAS,"108,900","109,100","110,100","110,500","107,900","108,884","1,200",1.10,0.51,55.92,0.00,0.00,0.51,55.92,"210,725.90"
1095,12/04/2022,GAS,"110,200","110,700","108,900","112,500","107,000","109,093","-1,300",-1.18,0.63,69.05,0.00,0.00,0.63,69.05,"208,429.16"
1096,08/04/2022,GAS,"112,800","113,800","110,200","114,500","110,200","112,537","-2,600",-2.30,0.62,69.47,0.00,0.00,0.62,69.47,"210,917.29"
1097,07/04/2022,GAS,"113,700","113,700","112,800","115,000","111,900","112,981",-900,-0.79,0.73,82.36,0.00,0.00,0.73,82.36,"215,893.56"
1098,06/04/2022,GAS,"114,300","114,400","113,700","116,500","113,200","114,384",-600,-0.52,0.83,95.24,0.00,0.00,0.83,95.24,"217,616.12"
1099,05/04/2022,GAS,"112,400","112,700","114,300","114,800","111,000","113,533","1,900",1.69,0.73,82.63,0.00,0.00,0.73,82.63,"218,764.49"
1100,04/04/2022,GAS,"109,700","110,100","112,400","112,900","109,900","111,127","2,700",2.46,0.61,67.84,0.00,0.00,0.61,67.84,"215,127.98"
1101,01/04/2022,GAS,"108,300","107,800","109,700","110,900","107,000","108,678","1,400",1.29,0.43,46.71,0.00,0.00,0.43,46.71,"209,960.32"
1102,31/03/2022,GAS,"110,100","110,000","108,300","111,900","108,200","109,057","-1,800",-1.63,0.37,40.81,0.00,0.00,0.37,40.81,"207,280.79"
1103,30/03/2022,GAS,"111,900","110,900","110,100","111,400","109,100","110,008","-1,800",-1.61,0.59,64.96,0.00,0.00,0.59,64.96,"210,725.90"
1104,29/03/2022,GAS,"110,500","110,000","111,900","113,000","108,900","110,441","1,400",1.27,0.70,76.83,0.00,0.00,0.70,76.83,"214,171.01"
1105,28/03/2022,GAS,"110,700","110,800","110,500","113,000","110,300","111,148",-200,-0.18,0.36,39.70,0.00,0.00,0.36,39.70,"211,491.48"
1106,25/03/2022,GAS,"112,300","113,900","110,700","114,000","108,000","110,794","-1,600",-1.42,0.39,42.68,0.00,0.00,0.39,42.68,"211,874.27"
1107,24/03/2022,GAS,"112,300","114,900","112,300","115,000","111,900","113,034",0,0.00,0.60,67.37,0.00,0.00,0.60,67.37,"214,936.59"
1108,23/03/2022,GAS,"115,000","114,300","112,300","115,200","112,100","113,692","-2,700",-2.35,0.62,70.55,0.45,51.17,1.07,121.71,"214,936.59"
1109,22/03/2022,GAS,"114,000","115,000","115,000","116,500","113,500","115,056","1,000",0.88,0.79,90.71,0.12,13.44,0.91,104.15,"220,104.25"
1110,21/03/2022,GAS,"108,900","109,400","114,000","115,000","108,900","112,475","5,100",4.68,0.83,93.44,0.30,34.20,1.13,127.64,"218,190.30"
1111,18/03/2022,GAS,"106,000","108,000","108,900","109,800","107,500","108,720","2,900",2.74,0.60,65.34,0.00,0.00,0.60,65.34,"208,429.16"
1112,17/03/2022,GAS,"109,200","108,100","106,000","109,800","106,000","107,772","-3,200",-2.93,0.74,80.19,0.00,0.00,0.74,80.19,"202,878.70"
1113,16/03/2022,GAS,"108,000","108,500","109,200","110,000","106,000","108,011","1,200",1.11,0.62,66.64,0.00,0.00,0.62,66.64,"209,003.34"
1114,15/03/2022,GAS,"106,000","104,000","108,000","108,000","102,000","104,577","2,000",1.89,0.97,101.13,0.00,0.00,0.97,101.13,"206,706.60"
1115,14/03/2022,GAS,"112,900","110,000","106,000","112,000","106,000","108,267","-6,900",-6.11,1.39,150.42,0.00,0.00,1.39,150.42,"202,878.70"
1116,11/03/2022,GAS,"118,500","118,000","112,900","118,000","112,300","115,122","-5,600",-4.73,1.62,186.44,0.00,0.00,1.62,186.44,"216,084.96"
1117,10/03/2022,GAS,"122,200","118,000","118,500","119,800","116,800","118,376","-3,700",-3.03,0.96,114.06,0.00,0.00,0.96,114.06,"226,803.08"
1118,09/03/2022,GAS,"120,700","122,800","122,200","125,200","120,700","122,552","1,500",1.24,1.30,159.02,0.00,0.00,1.30,159.02,"233,884.69"
1119,08/03/2022,GAS,"124,600","122,600","120,700","125,800","120,100","122,744","-3,900",-3.13,1.43,175.13,0.00,0.00,1.43,175.13,"231,013.77"
1120,07/03/2022,GAS,"118,000","125,500","124,600","125,500","122,500","124,501","6,600",5.59,2.26,281.88,0.00,0.00,2.26,281.88,"238,478.17"
1121,04/03/2022,GAS,"120,700","120,000","118,000","120,000","118,000","119,062","-2,700",-2.24,1.56,185.24,0.02,2.39,1.58,187.63,"225,846.10"
1122,03/03/2022,GAS,"119,200","121,900","120,700","121,900","119,000","120,555","1,500",1.26,1.37,164.98,0.00,0.00,1.37,164.98,"231,013.77"
1123,02/03/2022,GAS,"117,700","120,000","119,200","121,200","118,000","119,698","1,500",1.27,1.56,186.51,0.00,0.00,1.56,186.51,"228,142.84"
1124,01/03/2022,GAS,"118,000","119,000","117,700","119,000","116,100","117,175",-300,-0.25,1.04,121.59,0.00,0.00,1.04,121.59,"225,271.92"
1125,28/02/2022,GAS,"117,200","119,000","118,000","119,600","117,000","117,971",800,0.68,0.94,110.93,0.00,0.00,0.94,110.93,"225,846.10"
1126,25/02/2022,GAS,"119,000","120,100","117,200","122,200","116,600","119,338","-1,800",-1.51,1.32,157.56,0.00,0.00,1.32,157.56,"224,314.94"
1127,24/02/2022,GAS,"117,000","118,000","119,000","122,500","117,300","120,111","2,000",1.71,1.89,227.01,0.00,0.00,1.89,227.01,"227,760.05"
1128,23/02/2022,GAS,"116,500","117,600","117,000","120,500","116,300","118,899",500,0.43,1.29,153.63,0.00,0.00,1.29,153.63,"223,932.15"
1129,22/02/2022,GAS,"115,800","118,000","116,500","118,500","116,000","117,550",700,0.60,0.72,84.78,0.00,0.00,0.72,84.78,"222,975.18"
1130,21/02/2022,GAS,"117,000","116,500","115,800","117,000","115,500","116,007","-1,200",-1.03,0.33,38.58,0.00,0.00,0.33,38.58,"221,635.41"
1131,18/02/2022,GAS,"118,700","116,500","117,000","118,700","115,300","117,073","-1,700",-1.43,0.73,85.74,0.00,0.00,0.73,85.74,"223,932.15"
1132,17/02/2022,GAS,"114,500","114,400","118,700","118,700","113,700","116,522","4,200",3.67,1.13,131.45,0.00,0.00,1.13,131.45,"227,185.87"
1133,16/02/2022,GAS,"117,400","114,500","114,500","115,900","113,000","114,151","-2,900",-2.47,0.72,82.58,0.12,14.01,0.85,96.58,"219,147.28"
1134,15/02/2022,GAS,"116,000","116,000","117,400","119,600","113,600","117,944","1,400",1.21,1.43,168.14,0.00,0.00,1.43,168.14,"224,697.73"
1135,14/02/2022,GAS,"111,000","113,600","116,000","118,000","112,800","115,179","5,000",4.50,1.82,209.38,0.00,0.00,1.82,209.38,"222,018.20"
1136,11/02/2022,GAS,"112,000","112,500","111,000","112,800","111,000","111,725","-1,000",-0.89,0.48,53.96,0.00,0.00,0.48,53.96,"212,448.45"
1137,10/02/2022,GAS,"110,000","112,000","112,000","112,800","110,000","111,422","2,000",1.82,0.86,95.80,0.00,0.00,0.86,95.80,"214,362.40"
1138,09/02/2022,GAS,"114,000","113,000","110,000","113,600","110,000","111,731","-4,000",-3.51,1.83,204.35,0.00,0.00,1.83,204.35,"210,534.50"
1139,08/02/2022,GAS,"114,700","114,500","114,000","115,500","112,600","114,033",-700,-0.61,0.64,72.73,0.00,0.00,0.64,72.73,"218,190.30"
1140,07/02/2022,GAS,"109,000","113,800","114,700","116,000","112,100","114,766","5,700",5.23,0.93,106.31,0.00,0.00,0.93,106.31,"219,530.07"
1141,28/01/2022,GAS,"111,800","111,900","109,000","113,000","106,500","108,940","-2,800",-2.50,1.66,180.45,0.00,0.00,1.66,180.45,"208,620.55"
1142,27/01/2022,GAS,"112,200","112,500","111,800","114,900","110,200","113,170",-400,-0.36,0.91,103.15,0.00,0.00,0.91,103.15,"213,979.61"
1143,26/01/2022,GAS,"109,500","110,300","112,200","113,000","109,000","111,088","2,700",2.47,1.44,160.03,0.00,0.00,1.44,160.03,"214,745.19"
1144,25/01/2022,GAS,"107,100","106,000","109,500","109,500","104,000","107,128","2,400",2.24,1.32,141.63,0.00,0.00,1.32,141.63,"209,577.53"
1145,24/01/2022,GAS,"107,400","107,000","107,100","109,000","106,800","107,840",-300,-0.28,1.03,110.99,0.00,0.00,1.03,110.99,"204,984.05"
1146,21/01/2022,GAS,"108,600","108,000","107,400","108,800","104,700","106,850","-1,200",-1.10,1.06,113.67,0.00,0.00,1.06,113.67,"205,558.23"
1147,20/01/2022,GAS,"107,000","107,000","108,600","108,600","105,500","107,281","1,600",1.50,0.72,76.95,0.00,0.00,0.72,76.95,"207,854.97"
1148,19/01/2022,GAS,"107,000","108,100","107,000","108,900","105,500","107,564",0,0.00,0.66,71.48,0.00,0.00,0.66,71.48,"204,792.65"
1149,18/01/2022,GAS,"104,600","104,000","107,000","108,000","104,000","106,314","2,400",2.29,0.93,99.00,0.00,0.00,0.93,99.00,"204,792.65"
1150,17/01/2022,GAS,"105,500","106,700","104,600","109,700","98,200","107,370",-900,-0.85,1.45,155.86,0.19,20.47,1.65,176.33,"200,199.17"
1151,14/01/2022,GAS,"105,000","104,000","105,500","106,500","103,500","105,048",500,0.48,0.54,56.66,0.03,3.25,0.57,59.92,"201,921.73"
1152,13/01/2022,GAS,"108,000","109,100","105,000","111,000","105,000","107,830","-3,000",-2.78,0.77,83.33,0.00,0.00,0.77,83.33,"200,964.75"
1153,12/01/2022,GAS,"103,300","105,000","108,000","108,900","105,000","107,233","4,700",4.55,1.48,158.25,0.15,16.07,1.63,174.33,"206,706.60"
1154,11/01/2022,GAS,"102,000","103,000","103,300","104,500","102,000","103,426","1,300",1.27,0.65,67.24,0.03,3.63,0.68,70.87,"197,711.04"
1155,10/01/2022,GAS,"107,500","107,500","102,000","107,500","102,000","105,809","-5,500",-5.12,1.00,105.87,0.00,0.00,1.00,105.87,"195,222.90"
1156,07/01/2022,GAS,"103,700","104,500","107,500","109,300","103,300","106,120","3,800",3.66,1.78,188.67,0.00,0.00,1.78,188.67,"205,749.63"
1157,06/01/2022,GAS,"105,000","104,000","103,700","104,900","102,900","103,826","-1,300",-1.24,0.83,86.00,0.23,24.02,1.06,110.02,"198,476.62"
1158,05/01/2022,GAS,"101,900","102,700","105,000","105,400","102,500","104,595","3,100",3.04,2.08,217.84,0.10,10.49,2.18,228.33,"200,964.75"
1159,04/01/2022,GAS,"96,200","96,900","101,900","101,900","96,900","100,139","5,700",5.93,1.73,173.27,0.00,0.00,1.73,173.27,"195,031.51"
1160,31/12/2021,GAS,"97,000","97,400","96,200","97,400","96,100","96,600",-800,-0.82,0.67,65.19,0.03,3.45,0.71,68.64,"184,121.99"
1161,30/12/2021,GAS,"97,000","98,000","97,000","98,400","97,000","97,606",0,0.00,0.58,56.67,0.00,0.00,0.58,56.67,"185,653.15"
1162,29/12/2021,GAS,"98,100","98,800","97,000","98,800","96,800","97,450","-1,100",-1.12,0.46,44.64,0.14,12.84,0.60,57.48,"185,653.15"
1163,28/12/2021,GAS,"95,900","97,000","98,100","98,500","97,000","97,851","2,200",2.29,1.09,106.34,0.03,2.97,1.12,109.31,"187,758.50"
1164,27/12/2021,GAS,"95,700","95,700","95,900","96,800","95,700","96,154",200,0.21,0.33,31.63,0.00,0.00,0.33,31.63,"183,547.81"
1165,24/12/2021,GAS,"95,200","96,300","95,700","97,000","95,300","96,013",500,0.53,0.70,67.21,0.00,0.00,0.70,67.21,"183,165.02"
1166,23/12/2021,GAS,"95,200","96,000","95,200","97,700","94,500","95,829",0,0.00,1.52,145.90,0.03,3.39,1.56,149.29,"182,208.04"
1167,22/12/2021,GAS,"94,000","95,900","95,200","96,600","94,600","95,541","1,200",1.28,0.59,56.56,0.00,0.00,0.59,56.56,"182,208.04"
1168,21/12/2021,GAS,"96,700","96,700","94,000","96,900","94,000","95,378","-2,700",-2.79,1.26,120.13,0.30,27.00,1.56,147.13,"179,911.30"
1169,20/12/2021,GAS,"99,000","98,000","96,700","98,000","96,000","96,900","-2,300",-2.32,0.86,83.40,0.03,3.07,0.89,86.47,"185,078.97"
1170,17/12/2021,GAS,"98,600","99,100","99,000","100,000","97,800","98,945",400,0.41,0.53,52.62,0.16,16.91,0.69,69.53,"189,481.05"
1171,16/12/2021,GAS,"97,700","98,000","98,600","100,100","97,100","98,734",900,0.92,0.96,94.45,0.30,31.20,1.26,125.65,"188,715.47"
1172,15/12/2021,GAS,"98,200","97,600","97,700","98,200","96,400","97,148",-500,-0.51,0.47,45.99,0.03,3.50,0.51,49.49,"186,992.92"
1173,14/12/2021,GAS,"98,000","97,900","98,200","98,900","96,500","97,089",200,0.20,0.77,74.27,0.00,0.00,0.77,74.27,"187,949.89"
1174,13/12/2021,GAS,"96,600","98,000","98,000","99,300","97,200","98,405","1,400",1.45,0.72,70.93,0.00,0.00,0.72,70.93,"187,567.10"
1175,10/12/2021,GAS,"98,700","98,400","96,600","98,400","96,200","97,313","-2,100",-2.13,0.68,65.92,0.00,0.00,0.68,65.92,"184,887.57"
1176,09/12/2021,GAS,"98,200","97,900","98,700","100,000","97,000","98,842",500,0.51,0.56,55.38,0.00,0.00,0.56,55.38,"188,906.87"
1177,08/12/2021,GAS,"96,500","97,500","98,200","99,300","96,800","98,343","1,700",1.76,1.10,108.03,0.00,0.00,1.10,108.03,"187,949.89"
1178,07/12/2021,GAS,"92,000","94,500","96,500","96,500","93,500","94,837","4,500",4.89,0.96,91.42,0.00,0.00,0.96,91.42,"184,696.18"
1179,06/12/2021,GAS,"96,600","96,300","92,000","97,000","91,000","94,273","-4,600",-4.76,1.23,116.17,0.00,0.00,1.23,116.17,"176,083.40"
1180,03/12/2021,GAS,"98,400","99,100","96,600","99,100","96,600","97,766","-1,800",-1.83,1.03,101.01,0.00,0.00,1.03,101.01,"184,887.57"
1181,02/12/2021,GAS,"98,500","98,400","98,400","99,500","98,000","98,616",-100,-0.10,0.59,58.29,0.00,0.00,0.59,58.29,"188,332.68"
1182,01/12/2021,GAS,"98,300","97,600","98,500","99,500","97,500","98,191",200,0.20,1.46,143.84,0.00,0.00,1.46,143.84,"188,524.08"
1183,30/11/2021,GAS,"99,400","100,100","98,300","101,700","98,300","99,449","-1,100",-1.11,1.39,138.34,0.00,0.00,1.39,138.34,"188,141.29"
1184,29/11/2021,GAS,"102,000","97,600","99,400","101,100","97,600","99,889","-2,600",-2.55,1.29,129.06,0.00,0.00,1.29,129.06,"190,246.63"
1185,26/11/2021,GAS,"103,900","103,900","102,000","104,000","101,600","102,714","-1,900",-1.83,1.26,129.01,0.03,3.33,1.29,132.34,"195,222.90"
1186,25/11/2021,GAS,"103,000","103,600","103,900","105,100","102,800","103,994",900,0.87,0.66,68.40,0.00,0.00,0.66,68.40,"198,859.41"
1187,24/11/2021,GAS,"104,600","106,700","103,000","106,900","103,000","104,834","-1,600",-1.53,0.92,96.73,0.00,0.00,0.92,96.73,"197,136.85"
1188,23/11/2021,GAS,"102,100","102,500","104,600","105,500","102,500","104,028","2,500",2.45,0.77,79.94,0.00,0.00,0.77,79.94,"200,199.17"
1189,22/11/2021,GAS,"106,000","104,000","102,100","106,300","101,600","103,598","-3,900",-3.68,1.44,148.82,0.00,0.00,1.44,148.82,"195,414.30"
1190,19/11/2021,GAS,"113,800","113,800","106,000","114,000","105,900","109,265","-7,800",-6.85,2.91,317.46,0.08,8.63,2.99,326.09,"202,878.70"
1191,18/11/2021,GAS,"117,400","116,000","113,800","117,000","113,800","115,207","-3,600",-3.07,1.28,147.18,0.00,0.00,1.28,147.18,"217,807.51"
1192,17/11/2021,GAS,"116,700","117,000","117,400","118,700","116,800","117,798",700,0.60,0.70,82.60,0.00,0.00,0.70,82.60,"224,697.73"
1193,16/11/2021,GAS,"118,900","118,000","116,700","120,200","116,300","118,447","-2,200",-1.85,1.55,183.07,0.02,2.37,1.57,185.44,"223,357.97"
1194,15/11/2021,GAS,"118,100","119,000","118,900","119,900","114,700","116,417",800,0.68,2.16,251.17,0.00,0.00,2.16,251.17,"227,568.66"
1195,12/11/2021,GAS,"119,000","119,200","118,100","120,900","116,400","118,156",-900,-0.76,1.37,161.90,0.00,0.00,1.37,161.90,"226,037.50"
1196,11/11/2021,GAS,"120,400","120,000","119,000","122,000","117,400","119,055","-1,400",-1.16,1.90,225.70,0.03,3.48,1.92,229.18,"227,760.05"
1197,10/11/2021,GAS,"119,200","120,100","120,400","122,700","119,000","120,667","1,200",1.01,1.01,121.83,0.06,6.60,1.06,128.43,"230,439.58"
1198,09/11/2021,GAS,"123,000","120,800","119,200","124,000","119,000","120,945","-3,800",-3.09,1.67,201.48,0.08,9.52,1.74,211.00,"228,142.84"
1199,08/11/2021,GAS,"122,400","123,800","123,000","123,900","119,200","121,075",600,0.49,1.65,199.56,0.00,0.00,1.65,199.56,"235,415.85"
1200,05/11/2021,GAS,"117,100","118,000","122,400","123,600","116,300","119,835","5,300",4.53,1.34,160.68,0.27,31.96,1.61,192.63,"234,267.48"
1201,04/11/2021,GAS,"120,000","118,100","117,100","122,000","117,000","118,636","-2,900",-2.42,1.66,197.04,0.00,0.00,1.66,197.04,"224,123.55"
1202,03/11/2021,GAS,"121,600","121,600","120,000","122,900","118,500","120,333","-1,600",-1.32,1.89,227.57,0.02,2.60,1.91,230.17,"229,674.00"
1203,02/11/2021,GAS,"121,300","122,900","121,600","122,900","120,300","121,411",300,0.25,1.51,183.02,0.00,0.00,1.51,183.02,"232,736.32"
1204,01/11/2021,GAS,"124,500","124,600","121,300","127,000","121,000","123,694","-3,200",-2.57,2.08,256.85,0.00,0.00,2.08,256.85,"232,162.14"
1205,29/10/2021,GAS,"125,000","124,000","124,500","127,500","121,500","124,182",-500,-0.40,1.16,144.03,0.00,0.00,1.16,144.03,"238,286.78"
1206,28/10/2021,GAS,"121,700","121,500","125,000","128,400","119,300","124,375","3,300",2.71,2.34,291.20,0.00,0.00,2.34,291.20,"239,243.75"
1207,27/10/2021,GAS,"113,800","115,200","121,700","121,700","114,700","118,917","7,900",6.94,4.18,497.42,0.00,0.00,4.18,497.42,"232,927.72"
1208,26/10/2021,GAS,"112,000","113,000","113,800","115,100","112,400","113,984","1,800",1.61,2.37,269.81,0.00,0.00,2.37,269.81,"217,807.51"
1209,25/10/2021,GAS,"112,100","113,000","112,000","115,200","111,700","113,527",-100,-0.09,2.12,240.34,0.00,0.00,2.12,240.34,"214,362.40"
1210,22/10/2021,GAS,"112,200","112,400","112,100","113,900","110,700","111,970",-100,-0.09,1.28,143.41,0.00,0.00,1.28,143.41,"214,553.80"
1211,21/10/2021,GAS,"114,500","115,000","112,200","115,400","112,000","113,106","-2,300",-2.01,1.64,185.55,0.00,0.00,1.64,185.55,"214,745.19"
1212,20/10/2021,GAS,"114,500","115,400","114,500","115,400","110,500","113,279",0,0.00,1.71,193.54,0.00,0.00,1.71,193.54,"219,147.28"
1213,19/10/2021,GAS,"116,500","116,000","114,500","117,500","114,000","116,047","-2,000",-1.72,1.07,123.67,0.00,0.00,1.07,123.67,"219,147.28"
1214,18/10/2021,GAS,"112,000","112,500","116,500","119,100","112,300","116,303","4,500",4.02,3.11,361.62,0.00,0.00,3.11,361.62,"222,975.18"
1215,15/10/2021,GAS,"111,300","112,000","112,000","113,000","111,500","112,130",700,0.63,1.10,123.30,0.00,0.00,1.10,123.30,"214,362.40"
1216,14/10/2021,GAS,"111,000","110,700","111,300","114,500","110,700","113,028",300,0.27,3.00,339.47,0.00,0.00,3.00,339.47,"213,022.64"
1217,13/10/2021,GAS,"112,000","112,500","111,000","112,500","110,000","110,923","-1,000",-0.89,1.79,198.47,0.00,0.00,1.79,198.47,"212,448.45"
1218,12/10/2021,GAS,"112,500","111,800","112,000","114,500","110,600","112,428",-500,-0.44,1.95,219.20,0.00,0.00,1.95,219.20,"214,362.40"
1219,11/10/2021,GAS,"112,400","112,600","112,500","113,000","110,100","111,431",100,0.09,2.26,251.82,0.02,2.09,2.28,253.91,"215,319.38"
1220,08/10/2021,GAS,"111,000","111,800","112,400","113,900","109,500","111,644","1,400",1.26,1.83,204.38,0.00,0.00,1.83,204.38,"215,127.98"
1221,07/10/2021,GAS,"113,500","111,000","111,000","113,000","109,500","111,037","-2,500",-2.20,2.26,250.43,0.00,0.00,2.26,250.43,"212,448.45"
1222,06/10/2021,GAS,"109,000","109,000","113,500","113,600","109,000","111,546","4,500",4.13,2.42,270.03,0.02,2.08,2.44,272.11,"217,233.33"
1223,05/10/2021,GAS,"104,000","107,000","109,000","109,900","105,500","106,893","5,000",4.81,2.09,223.41,0.00,0.00,2.09,223.41,"208,620.55"
1224,04/10/2021,GAS,"103,500","106,000","104,000","110,700","104,000","108,193",500,0.48,4.05,437.83,0.00,0.00,4.05,437.83,"199,050.80"
1225,01/10/2021,GAS,"97,000","96,000","103,500","103,700","95,900","100,274","6,500",6.70,4.34,434.79,0.98,88.74,5.32,523.52,"198,093.83"
1226,30/09/2021,GAS,"96,800","96,600","97,000","97,200","95,600","96,429",200,0.21,1.24,120.04,0.00,0.00,1.24,120.04,"185,653.15"
1227,29/09/2021,GAS,"95,100","95,500","96,800","98,400","95,300","96,742","1,700",1.79,2.76,266.65,0.00,0.00,2.76,266.65,"185,270.36"
1228,28/09/2021,GAS,"90,000","91,000","95,100","95,500","90,200","93,504","5,100",5.67,4.52,422.25,0.13,11.80,4.64,434.05,"182,016.65"
1229,27/09/2021,GAS,"91,000","92,400","90,000","92,500","90,000","91,398","-1,000",-1.10,1.12,102.76,0.00,0.00,1.12,102.76,"172,255.50"
1230,24/09/2021,GAS,"90,600","91,500","91,000","92,800","90,600","91,605",400,0.44,0.93,84.74,0.00,0.00,0.93,84.74,"174,169.45"
1231,23/09/2021,GAS,"88,400","89,200","90,600","92,000","88,800","90,235","2,200",2.49,1.09,98.75,0.00,0.00,1.09,98.75,"173,403.87"
1232,22/09/2021,GAS,"88,200","88,500","88,400","89,500","87,600","88,580",200,0.23,0.71,63.07,0.00,0.00,0.71,63.07,"169,193.18"
1233,21/09/2021,GAS,"88,800","88,100","88,200","88,500","86,300","87,528",-600,-0.68,1.44,126.39,0.00,0.00,1.44,126.39,"168,810.39"
1234,20/09/2021,GAS,"91,900","91,900","88,800","91,900","88,800","90,239","-3,100",-3.37,1.52,136.83,0.00,0.00,1.52,136.83,"169,958.76"
1235,17/09/2021,GAS,"92,600","92,200","91,900","92,800","91,700","92,144",-700,-0.76,0.83,76.85,0.00,0.00,0.83,76.85,"175,892.01"
1236,16/09/2021,GAS,"91,500","92,000","92,600","92,800","91,900","92,436","1,100",1.20,0.98,90.74,0.00,0.00,0.98,90.74,"177,231.77"
1237,15/09/2021,GAS,"89,000","89,500","91,500","92,300","88,500","90,391","2,500",2.81,1.38,124.68,0.00,0.00,1.38,124.68,"175,126.43"
1238,14/09/2021,GAS,"88,600","89,600","89,000","90,100","88,800","89,601",400,0.45,0.67,59.95,0.00,0.00,0.67,59.95,"170,341.55"
1239,13/09/2021,GAS,"88,600","89,800","88,600","89,800","88,600","89,147",0,0.00,0.61,54.68,0.00,0.00,0.61,54.68,"169,575.97"
1240,10/09/2021,GAS,"88,600","88,500","88,600","89,300","88,500","88,877",0,0.00,0.42,37.43,0.00,0.00,0.42,37.43,"169,575.97"
1241,09/09/2021,GAS,"87,800","88,400","88,600","89,100","88,100","88,740",800,0.91,0.44,39.45,0.00,0.00,0.44,39.45,"169,575.97"
1242,08/09/2021,GAS,"88,700","88,700","87,800","89,000","87,700","88,114",-900,-1.01,0.55,48.51,0.00,0.00,0.55,48.51,"168,044.81"
1243,07/09/2021,GAS,"90,400","90,500","88,700","90,600","88,700","89,779","-1,700",-1.88,0.72,64.65,0.00,0.00,0.72,64.65,"169,767.37"
1244,06/09/2021,GAS,"88,600","89,500","90,400","90,500","89,200","90,005","1,800",2.03,0.87,78.13,0.00,0.00,0.87,78.13,"173,021.08"
1245,01/09/2021,GAS,"89,400","89,200","88,600","89,400","88,600","88,937",-800,-0.89,0.54,47.68,0.00,0.00,0.54,47.68,"169,575.97"
1246,31/08/2021,GAS,"87,500","88,000","89,400","89,400","87,600","88,538","1,900",2.17,0.88,77.81,0.00,0.00,0.88,77.81,"171,107.13"
1247,30/08/2021,GAS,"87,000","88,400","87,500","88,500","87,200","87,742",500,0.57,0.79,69.59,0.17,14.82,0.96,84.41,"167,470.63"
1248,27/08/2021,GAS,"86,300","86,300","87,000","87,100","86,000","86,505",700,0.81,0.93,80.23,0.00,0.00,0.93,80.23,"166,513.65"
1249,26/08/2021,GAS,"87,300","87,700","86,300","87,700","86,100","87,123","-1,000",-1.15,0.69,59.92,0.00,0.00,0.69,59.92,"165,173.89"
1250,25/08/2021,GAS,"86,000","86,100","87,300","87,300","86,000","86,707","1,300",1.51,0.56,48.32,0.00,0.00,0.56,48.32,"167,087.84"
1251,24/08/2021,GAS,"85,800","87,000","86,000","87,300","85,000","85,917",200,0.23,1.08,92.95,0.00,0.00,1.08,92.95,"164,599.70"
1252,23/08/2021,GAS,"87,500","87,500","85,800","88,500","85,800","86,667","-1,700",-1.94,1.16,100.42,0.00,0.00,1.16,100.42,"164,216.91"
1253,20/08/2021,GAS,"90,900","90,000","87,500","90,500","87,200","88,458","-3,400",-3.74,2.77,244.70,0.00,0.00,2.77,244.70,"167,470.63"
1254,19/08/2021,GAS,"92,600","92,500","90,900","92,500","89,700","90,779","-1,700",-1.84,2.39,216.80,0.20,18.15,2.59,234.95,"173,978.06"
1255,18/08/2021,GAS,"92,400","92,400","92,600","93,000","92,100","92,598",200,0.22,0.52,48.36,0.00,0.00,0.52,48.36,"177,231.77"
1256,17/08/2021,GAS,"94,200","94,200","92,400","94,200","92,400","92,962","-1,800",-1.91,1.13,105.26,0.00,0.00,1.13,105.26,"176,848.98"
1257,16/08/2021,GAS,"93,000","92,500","94,200","95,000","92,000","93,053","1,200",1.29,1.11,103.31,0.00,0.00,1.11,103.31,"180,294.09"
1258,13/08/2021,GAS,"94,500","94,100","93,000","94,200","91,600","92,862","-1,500",-1.59,1.31,121.82,0.20,18.55,1.51,140.37,"177,997.35"
1259,12/08/2021,GAS,"95,500","94,500","94,500","95,500","94,500","95,014","-1,000",-1.05,0.73,69.08,0.00,0.00,0.73,69.08,"180,868.28"
1260,11/08/2021,GAS,"96,000","97,000","95,500","98,900","95,200","97,252",-500,-0.52,1.51,146.64,0.00,0.00,1.51,146.64,"182,782.23"
1261,10/08/2021,GAS,"93,000","93,000","96,000","96,900","92,900","95,163","3,000",3.23,2.22,211.05,0.00,0.00,2.22,211.05,"183,739.20"
1262,09/08/2021,GAS,"92,400","92,000","93,000","93,500","91,000","91,939",600,0.65,1.06,97.00,0.00,0.00,1.06,97.00,"177,997.35"
1263,06/08/2021,GAS,"93,800","93,800","92,400","94,600","92,200","93,291","-1,400",-1.49,1.31,122.14,0.00,0.00,1.31,122.14,"176,848.98"
1264,05/08/2021,GAS,"94,000","93,600","93,800","93,900","92,500","93,156",-200,-0.21,0.63,59.12,0.00,0.00,0.63,59.12,"179,528.51"
1265,04/08/2021,GAS,"93,000","93,000","94,000","94,700","92,800","93,933","1,000",1.08,0.54,50.56,0.00,0.00,0.54,50.56,"179,911.30"
1266,03/08/2021,GAS,"93,500","93,500","93,000","93,600","91,900","92,817",-500,-0.53,0.97,90.47,0.00,0.00,0.97,90.47,"177,997.35"
1267,02/08/2021,GAS,"89,600","91,000","93,500","94,700","90,600","93,065","3,900",4.35,1.57,145.89,0.00,0.00,1.57,145.89,"178,954.33"
1268,30/07/2021,GAS,"89,500","90,000","89,600","90,700","89,500","89,885",100,0.11,0.53,47.66,0.00,0.00,0.53,47.66,"171,489.92"
1269,29/07/2021,GAS,"89,100","89,900","89,500","90,000","88,900","89,217",400,0.45,0.50,44.99,0.00,0.00,0.50,44.99,"171,298.53"
1270,28/07/2021,GAS,"89,000","89,000","89,100","90,500","89,000","89,721",100,0.11,0.32,28.91,0.00,0.00,0.32,28.91,"170,532.95"
1271,27/07/2021,GAS,"88,300","90,000","89,000","90,600","88,500","89,837",700,0.79,0.88,78.87,0.00,0.00,0.88,78.87,"170,341.55"
1272,26/07/2021,GAS,"88,000","87,800","88,300","89,600","86,700","87,515",300,0.34,0.61,53.78,0.00,0.00,0.61,53.78,"169,001.79"
1273,23/07/2021,GAS,"89,400","89,300","88,000","89,900","88,000","88,530","-1,400",-1.57,0.36,31.55,0.00,0.00,0.36,31.55,"168,427.60"
1274,22/07/2021,GAS,"87,400","88,500","89,400","90,200","87,400","88,520","2,000",2.29,0.49,43.17,0.00,0.00,0.49,43.17,"171,107.13"
1275,21/07/2021,GAS,"89,000","90,000","87,400","90,000","86,800","87,677","-1,600",-1.80,0.57,49.91,0.00,0.00,0.57,49.91,"167,279.23"
1276,20/07/2021,GAS,"86,700","86,100","89,000","89,600","85,000","86,620","2,300",2.65,0.67,57.61,0.00,0.00,0.67,57.61,"170,341.55"
1277,19/07/2021,GAS,"90,000","87,500","86,700","89,000","86,700","87,557","-3,300",-3.67,0.70,61.57,0.00,0.00,0.70,61.57,"165,939.47"
1278,16/07/2021,GAS,"90,500","90,000","90,000","91,100","90,000","90,308",-500,-0.55,0.28,25.20,0.00,0.00,0.28,25.20,"172,255.50"
1279,15/07/2021,GAS,"91,300","90,500","90,500","91,500","90,000","90,711",-800,-0.88,0.49,44.81,0.00,0.00,0.49,44.81,"173,212.48"
1280,14/07/2021,GAS,"91,500","91,500","91,300","92,700","90,700","91,810",-200,-0.22,0.61,56.14,0.00,0.00,0.61,56.14,"174,743.64"
1281,13/07/2021,GAS,"88,000","90,800","91,500","92,900","89,100","90,939","3,500",3.98,0.58,52.86,0.00,0.00,0.58,52.86,"175,126.43"
1282,12/07/2021,GAS,"91,700","91,900","88,000","91,900","87,300","90,027","-3,700",-4.03,0.99,89.20,0.00,0.00,0.99,89.20,"168,427.60"
1283,09/07/2021,GAS,"93,000","91,700","91,700","94,900","90,300","93,371","-1,300",-1.40,1.08,100.84,0.00,0.00,1.08,100.84,"175,509.22"
1284,08/07/2021,GAS,"91,500","90,800","93,000","93,800","89,900","91,997","1,500",1.64,0.91,83.92,0.00,0.00,0.91,83.92,"177,997.35"
1285,07/07/2021,GAS,"85,800","86,000","91,500","91,500","86,000","88,914","5,700",6.64,1.40,124.26,0.00,0.00,1.40,124.26,"175,126.43"
1286,06/07/2021,GAS,"92,000","94,600","85,800","94,900","85,800","94,084","-6,200",-6.74,1.05,99.09,0.00,0.00,1.05,99.09,"164,216.91"
1287,05/07/2021,GAS,"96,600","96,100","92,000","96,600","92,000","94,437","-4,600",-4.76,1.55,146.73,0.00,0.00,1.55,146.73,"176,083.40"
1288,02/07/2021,GAS,"94,200","95,200","96,600","97,500","95,100","96,528","2,400",2.55,1.85,178.37,0.00,0.00,1.85,178.37,"184,887.57"
1289,01/07/2021,GAS,"93,000","93,500","94,200","94,200","92,500","93,656","1,200",1.29,0.98,92.11,0.00,0.00,0.98,92.11,"180,294.09"
1290,30/06/2021,GAS,"93,000","93,000","93,000","94,400","91,500","93,309",0,0.00,0.84,78.51,0.00,0.00,0.84,78.51,"177,997.35"
1291,29/06/2021,GAS,"95,000","94,000","93,000","94,500","92,100","93,238","-2,000",-2.11,0.79,73.71,0.00,0.00,0.79,73.71,"177,997.35"
1292,28/06/2021,GAS,"95,000","96,800","95,000","96,900","88,900","95,191",0,0.00,0.87,82.69,0.00,0.00,0.87,82.69,"181,825.25"
1293,25/06/2021,GAS,"95,800","96,000","98,000","98,000","95,100","97,213","2,200",2.30,1.54,149.63,0.00,0.00,1.54,149.63,"187,567.10"
1294,24/06/2021,GAS,"93,900","94,000","95,800","96,700","93,900","95,514","1,900",2.02,1.36,129.67,0.00,0.00,1.36,129.67,"183,356.41"
1295,23/06/2021,GAS,"94,900","94,800","93,900","95,200","92,800","94,245","-1,000",-1.05,0.91,85.50,0.00,0.00,0.91,85.50,"179,719.91"
1296,22/06/2021,GAS,"93,000","94,500","94,900","95,200","93,500","94,694","1,900",2.04,1.27,120.56,0.00,0.00,1.27,120.56,"181,633.86"
1297,21/06/2021,GAS,"92,700","93,100","93,000","96,000","92,600","93,672",300,0.32,0.97,90.62,0.00,0.00,0.97,90.62,"177,997.35"
1298,18/06/2021,GAS,"93,900","93,700","92,700","93,800","92,500","92,939","-1,200",-1.28,0.75,69.99,0.00,0.00,0.75,69.99,"177,423.17"
1299,17/06/2021,GAS,"91,900","90,900","93,900","94,500","90,500","93,165","2,000",2.18,1.66,156.32,0.04,3.63,1.70,159.95,"179,719.91"
1300,16/06/2021,GAS,"88,700","89,800","91,900","92,500","89,500","91,024","3,200",3.61,2.15,195.71,0.00,0.00,2.15,195.71,"175,892.01"
1301,15/06/2021,GAS,"89,500","89,500","88,700","89,800","88,500","89,176",-800,-0.89,0.55,48.92,0.00,0.00,0.55,48.92,"169,767.37"
1302,14/06/2021,GAS,"87,000","89,000","89,500","90,400","88,000","89,492","2,500",2.87,1.65,147.23,0.04,3.52,1.69,150.75,"171,298.53"
1303,11/06/2021,GAS,"86,100","87,000","87,000","87,300","86,200","86,957",900,1.05,0.39,33.97,0.00,0.00,0.39,33.97,"166,513.65"
1304,10/06/2021,GAS,"87,400","86,500","86,100","87,200","85,500","86,386","-1,300",-1.49,1.04,89.51,0.10,8.64,1.14,98.14,"164,791.10"
1305,09/06/2021,GAS,"88,100","88,400","87,400","89,000","86,100","87,768",-700,-0.79,0.87,76.06,0.40,35.05,1.27,111.11,"167,279.23"
1306,08/06/2021,GAS,"90,700","89,700","88,100","90,600","87,600","88,656","-2,600",-2.87,0.97,86.21,0.00,0.00,0.97,86.21,"168,619.00"
1307,07/06/2021,GAS,"91,400","91,900","90,700","92,100","86,000","91,026",-700,-0.77,1.62,147.23,0.00,0.00,1.62,147.23,"173,595.27"
1308,04/06/2021,GAS,"88,300","87,800","91,400","91,800","85,000","88,558","3,100",3.51,2.15,190.77,0.22,18.70,2.37,209.47,"174,935.03"
1309,03/06/2021,GAS,"87,400","89,000","88,300","89,000","88,000","88,484",900,1.03,1.26,111.76,0.03,2.13,1.29,113.90,"169,001.79"
1310,02/06/2021,GAS,"83,700","84,300","87,400","87,500","84,000","85,955","3,700",4.42,1.98,170.32,0.00,0.00,1.98,170.32,"167,279.23"
1311,01/06/2021,GAS,"82,600","84,900","83,700","84,900","83,600","84,196","1,100",1.33,1.01,85.33,0.00,0.00,1.01,85.33,"160,197.62"
1312,31/05/2021,GAS,"82,000","81,900","82,600","82,700","80,800","82,110",600,0.73,0.85,70.10,0.03,2.13,0.88,72.23,"158,092.27"
1313,28/05/2021,GAS,"80,100","81,100","82,000","82,400","80,500","81,414","1,900",2.37,0.66,53.36,0.03,2.34,0.69,55.70,"156,943.90"
1314,27/05/2021,GAS,"81,900","81,700","80,100","82,000","80,000","80,993","-1,800",-2.20,0.69,55.68,0.00,0.00,0.69,55.68,"153,307.39"
1315,26/05/2021,GAS,"82,900","82,200","81,900","82,700","81,900","82,140","-1,000",-1.21,0.41,34.04,0.00,0.00,0.41,34.04,"156,752.51"
1316,25/05/2021,GAS,"82,000","82,500","82,900","83,200","82,100","82,758",900,1.10,0.59,49.22,0.00,0.00,0.59,49.22,"158,666.45"
1317,24/05/2021,GAS,"81,000","81,600","82,000","82,500","81,300","81,629","1,000",1.23,0.50,41.19,0.00,0.00,0.50,41.19,"156,943.90"
1318,21/05/2021,GAS,"80,800","80,000","81,000","81,800","79,800","80,761",200,0.25,0.60,48.20,0.00,0.00,0.60,48.20,"155,029.95"
1319,20/05/2021,GAS,"81,600","81,800","80,800","81,800","80,300","80,838",-800,-0.98,0.71,57.75,0.00,0.00,0.71,57.75,"154,647.16"
1320,19/05/2021,GAS,"82,000","82,000","81,600","83,000","81,500","82,013",-400,-0.49,0.30,24.56,0.00,0.00,0.30,24.56,"156,178.32"
1321,18/05/2021,GAS,"82,500","82,800","82,000","83,000","81,300","81,805",-500,-0.61,1.10,89.67,0.03,2.49,1.13,92.16,"156,943.90"
1322,17/05/2021,GAS,"84,100","85,000","82,500","85,000","82,200","82,988","-1,600",-1.90,1.04,86.25,0.00,0.00,1.04,86.25,"157,900.88"
1323,14/05/2021,GAS,"85,600","85,100","84,100","85,600","83,500","84,339","-1,500",-1.75,0.83,69.65,0.03,2.14,0.85,71.79,"160,963.20"
1324,13/05/2021,GAS,"86,400","86,400","85,600","86,600","85,500","86,102",-800,-0.93,0.55,47.29,0.00,0.00,0.55,47.29,"163,834.12"
1325,12/05/2021,GAS,"85,300","85,500","86,400","86,400","85,100","85,761","1,100",1.29,0.62,52.85,0.00,0.00,0.62,52.85,"165,365.28"
1326,11/05/2021,GAS,"86,000","85,700","85,300","86,100","85,000","85,484",-700,-0.81,0.74,63.07,0.00,0.00,0.74,63.07,"163,259.94"
1327,10/05/2021,GAS,"84,000","83,500","86,000","86,000","83,000","84,601","2,000",2.38,0.76,64.63,0.00,0.00,0.76,64.63,"164,599.70"
1328,07/05/2021,GAS,"84,900","84,000","84,000","84,900","82,000","83,252",-900,-1.06,0.86,71.34,0.05,4.15,0.91,75.49,"160,771.80"
1329,06/05/2021,GAS,"85,500","85,800","84,900","85,800","84,400","84,960",-600,-0.70,0.91,77.42,0.00,0.00,0.91,77.42,"162,494.36"
1330,05/05/2021,GAS,"83,300","84,500","85,500","86,000","84,000","84,835","2,200",2.64,0.92,78.03,0.00,0.00,0.92,78.03,"163,642.73"
1331,04/05/2021,GAS,"83,500","83,000","83,300","83,300","82,000","82,926",-200,-0.24,0.93,77.17,0.00,0.00,0.93,77.17,"159,432.04"
1332,29/04/2021,GAS,"81,900","83,000","83,500","83,600","82,300","83,242","1,600",1.95,0.62,51.98,0.00,0.00,0.62,51.98,"159,814.83"
1333,28/04/2021,GAS,"81,500","81,500","81,900","82,500","81,100","81,836",400,0.49,0.63,51.71,0.00,0.00,0.63,51.71,"156,752.51"
1334,27/04/2021,GAS,"81,500","81,500","81,500","82,000","80,200","81,308",0,0.00,0.79,64.32,0.00,0.00,0.79,64.32,"155,986.92"
1335,26/04/2021,GAS,"86,000","85,600","81,500","85,600","81,500","83,417","-4,500",-5.23,1.07,89.43,0.00,0.00,1.07,89.43,"155,986.92"
1336,23/04/2021,GAS,"85,800","85,700","86,000","86,000","84,000","84,916",200,0.23,0.85,72.15,0.00,0.00,0.85,72.15,"164,599.70"
1337,22/04/2021,GAS,"88,000","88,000","85,800","88,000","85,800","86,830","-2,200",-2.50,1.10,95.65,0.00,0.00,1.10,95.65,"164,216.91"
1338,20/04/2021,GAS,"87,200","87,500","88,000","89,000","87,100","88,147",800,0.92,1.41,124.33,0.00,0.00,1.41,124.33,"168,427.60"
1339,19/04/2021,GAS,"86,000","86,000","87,200","87,200","85,600","86,480","1,200",1.40,0.58,49.93,0.00,0.00,0.58,49.93,"166,896.44"
1340,16/04/2021,GAS,"86,000","86,000","86,000","87,000","85,500","86,026",0,0.00,0.59,50.78,0.00,0.00,0.59,50.78,"164,599.70"
1341,15/04/2021,GAS,"86,500","87,800","86,000","88,300","85,500","86,543",-500,-0.58,1.47,127.34,0.00,0.00,1.47,127.34,"164,599.70"
1342,14/04/2021,GAS,"86,000","86,000","86,500","87,800","85,500","86,666",500,0.58,0.74,64.28,0.00,0.00,0.74,64.28,"165,556.67"
1343,13/04/2021,GAS,"87,900","87,600","86,000","87,900","85,700","86,649","-1,900",-2.16,1.36,117.72,0.00,0.00,1.36,117.72,"164,599.70"
1344,12/04/2021,GAS,"88,800","89,000","87,900","89,100","86,800","87,424",-900,-1.01,1.91,167.15,0.00,0.00,1.91,167.15,"168,236.21"
1345,09/04/2021,GAS,"89,000","89,000","88,800","89,900","88,500","89,077",-200,-0.22,0.38,33.78,0.00,0.00,0.38,33.78,"169,958.76"
1346,08/04/2021,GAS,"89,100","90,000","89,000","90,000","88,900","89,365",-100,-0.11,0.68,61.19,0.00,0.00,0.68,61.19,"170,341.55"
1347,07/04/2021,GAS,"89,700","89,900","89,100","91,000","89,000","89,582",-600,-0.67,1.20,107.61,0.00,0.00,1.20,107.61,"170,532.95"
1348,06/04/2021,GAS,"89,400","89,300","89,700","89,800","89,000","89,354",300,0.34,0.67,60.30,0.00,0.00,0.67,60.30,"171,681.32"
1349,05/04/2021,GAS,"90,300","90,500","89,400","91,200","89,400","90,033",-900,-1.00,0.72,65.14,0.00,0.00,0.72,65.14,"171,107.13"
1350,02/04/2021,GAS,"90,600","91,300","90,300","91,700","90,300","91,223",-300,-0.33,0.95,86.76,0.00,0.00,0.95,86.76,"172,829.69"
1351,01/04/2021,GAS,"89,700","89,800","90,600","90,600","89,600","90,120",900,1.00,0.63,56.97,0.60,54.30,1.23,111.27,"173,403.87"
1352,31/03/2021,GAS,"89,600","89,200","89,700","90,700","89,000","89,465",100,0.11,0.63,56.39,0.00,0.00,0.63,56.39,"171,681.32"
1353,30/03/2021,GAS,"89,500","89,500","89,600","90,000","89,000","89,369",100,0.11,0.59,52.55,0.40,36.00,0.99,88.55,"171,489.92"
1354,29/03/2021,GAS,"89,200","90,000","89,500","90,500","89,000","89,674",300,0.34,0.26,23.13,0.04,3.25,0.30,26.38,"171,298.53"
1355,26/03/2021,GAS,"90,300","89,300","89,200","89,500","86,000","88,310","-1,100",-1.22,0.38,33.13,0.00,0.00,0.38,33.13,"170,724.34"
1356,25/03/2021,GAS,"90,100","90,100","90,300","91,800","89,000","90,066",200,0.22,0.64,57.26,0.00,0.00,0.64,57.26,"172,829.69"
1357,24/03/2021,GAS,"91,800","89,000","90,100","90,100","88,800","89,416","-1,700",-1.85,0.73,65.18,2.00,172.00,2.73,237.18,"172,446.90"
1358,23/03/2021,GAS,"90,500","90,000","91,800","92,000","89,900","90,382","1,300",1.44,0.56,50.93,0.00,0.00,0.56,50.93,"175,700.61"
1359,22/03/2021,GAS,"90,900","91,000","90,500","91,600","90,000","90,658",-400,-0.44,0.51,46.32,0.00,0.00,0.51,46.32,"173,212.48"
1360,19/03/2021,GAS,"91,800","90,500","90,900","90,900","89,700","90,132",-900,-0.98,0.97,87.14,0.05,4.51,1.02,91.65,"173,978.06"
1361,18/03/2021,GAS,"92,800","92,900","91,800","93,000","91,500","92,229","-1,000",-1.08,0.28,25.49,0.00,0.00,0.28,25.49,"175,700.61"
1362,17/03/2021,GAS,"90,300","90,400","92,800","95,000","89,600","90,919","2,500",2.77,0.80,72.62,0.00,0.00,0.80,72.62,"177,614.56"
1363,16/03/2021,GAS,"91,100","91,100","90,300","91,500","89,700","90,615",-800,-0.88,0.89,80.96,0.00,0.00,0.89,80.96,"172,829.69"
1364,15/03/2021,GAS,"91,100","91,500","91,100","92,000","91,100","91,311",0,0.00,0.40,36.36,0.00,0.00,0.40,36.36,"174,360.85"
1365,12/03/2021,GAS,"92,700","93,000","91,100","93,000","90,900","91,968","-1,600",-1.73,0.40,36.64,0.00,0.00,0.40,36.64,"174,360.85"
1366,11/03/2021,GAS,"92,000","93,000","92,700","93,000","92,000","92,494",700,0.76,0.34,31.19,0.00,0.00,0.34,31.19,"177,423.17"
1367,10/03/2021,GAS,"93,700","93,100","92,000","93,100","91,000","91,655","-1,700",-1.81,1.00,91.25,0.00,0.00,1.00,91.25,"176,083.40"
1368,09/03/2021,GAS,"95,000","94,800","93,700","94,800","91,000","93,482","-1,300",-1.37,0.70,65.07,0.00,0.00,0.70,65.07,"179,337.12"
1369,08/03/2021,GAS,"92,500","95,000","95,000","96,000","93,700","94,885","2,500",2.70,1.65,156.47,0.00,0.00,1.65,156.47,"181,825.25"
1370,05/03/2021,GAS,"90,900","92,200","92,500","93,700","90,500","92,480","1,600",1.76,1.47,135.87,0.00,0.00,1.47,135.87,"177,040.38"
1371,04/03/2021,GAS,"91,000","91,200","90,900","92,000","89,000","90,804",-100,-0.11,1.33,120.32,0.00,0.00,1.33,120.32,"173,978.06"
1372,03/03/2021,GAS,"91,000","91,000","91,000","91,500","90,200","91,003",0,0.00,0.70,63.42,0.00,0.00,0.70,63.42,"174,169.45"
1373,02/03/2021,GAS,"91,900","92,000","91,000","93,500","91,000","92,104",-900,-0.98,1.39,127.72,0.00,0.00,1.39,127.72,"174,169.45"
1374,01/03/2021,GAS,"89,300","90,300","91,900","91,900","89,400","90,315","2,600",2.91,1.66,150.02,0.00,0.00,1.66,150.02,"175,892.01"
1375,26/02/2021,GAS,"89,200","87,200","89,300","89,300","87,200","88,182",100,0.11,0.87,76.97,0.00,0.00,0.87,76.97,"170,915.74"
1376,25/02/2021,GAS,"88,100","89,000","89,200","89,400","88,200","88,827","1,100",1.25,1.37,121.34,0.00,0.00,1.37,121.34,"170,724.34"
1377,24/02/2021,GAS,"89,400","89,000","88,100","89,000","87,000","88,284","-1,300",-1.45,0.82,72.40,0.00,0.00,0.82,72.40,"168,619.00"
1378,23/02/2021,GAS,"88,200","90,000","89,400","90,300","88,600","89,813","1,200",1.36,1.55,138.87,0.00,0.00,1.55,138.87,"171,107.13"
1379,22/02/2021,GAS,"88,900","88,000","88,200","89,200","87,100","88,276",-700,-0.79,1.16,102.09,0.00,0.00,1.16,102.09,"168,810.39"
1380,19/02/2021,GAS,"90,100","88,000","88,900","89,500","88,000","88,771","-1,200",-1.33,1.13,100.73,0.00,0.00,1.13,100.73,"170,150.16"
1381,18/02/2021,GAS,"86,900","88,900","90,100","90,500","87,300","89,670","3,200",3.68,2.26,202.63,0.00,0.00,2.26,202.63,"172,446.90"
1382,17/02/2021,GAS,"81,300","85,000","86,900","86,900","83,500","86,196","5,600",6.89,1.92,165.76,0.00,0.00,1.92,165.76,"166,322.26"
1383,09/02/2021,GAS,"79,000","79,500","81,300","81,300","78,000","79,898","2,300",2.91,1.22,97.20,0.00,0.00,1.22,97.20,"155,604.14"
1384,08/02/2021,GAS,"81,200","82,800","79,000","82,900","77,100","79,509","-2,200",-2.71,1.70,134.78,0.00,0.00,1.70,134.78,"151,202.05"
1385,05/02/2021,GAS,"81,000","82,200","81,200","83,000","81,200","81,836",200,0.25,0.80,65.39,0.04,3.18,0.84,68.57,"155,412.74"
1386,04/02/2021,GAS,"80,000","81,000","81,000","81,700","79,800","80,698","1,000",1.25,0.79,63.82,0.00,0.00,0.79,63.82,"155,029.95"
1387,03/02/2021,GAS,"76,500","78,500","80,000","80,000","78,000","79,004","3,500",4.58,0.87,69.09,0.00,0.00,0.87,69.09,"153,116.00"
1388,02/02/2021,GAS,"75,200","75,200","76,500","77,000","74,800","75,757","1,300",1.73,0.93,70.77,0.02,1.54,0.95,72.30,"146,417.17"
1389,01/02/2021,GAS,"76,300","76,800","75,200","77,700","74,500","76,522","-1,100",-1.44,0.67,51.29,0.00,0.00,0.67,51.29,"143,929.04"
1390,29/01/2021,GAS,"73,500","73,500","76,300","78,000","72,500","75,267","2,800",3.81,0.90,67.94,0.00,0.00,0.90,67.94,"146,034.39"
1391,28/01/2021,GAS,"79,000","74,000","73,500","78,000","73,500","74,934","-5,500",-6.96,1.57,117.64,0.00,0.00,1.57,117.64,"140,675.33"
1392,27/01/2021,GAS,"83,300","83,300","79,000","83,300","79,000","80,630","-4,300",-5.16,0.94,75.86,0.00,0.00,0.94,75.86,"151,202.05"
1393,26/01/2021,GAS,"84,700","84,800","83,300","84,800","81,000","83,098","-1,400",-1.65,1.33,110.45,0.00,0.00,1.33,110.45,"159,432.04"
1394,25/01/2021,GAS,"86,600","86,300","84,700","86,700","84,600","85,138","-1,900",-2.19,1.23,104.33,0.00,0.00,1.23,104.33,"162,111.57"
1395,22/01/2021,GAS,"87,500","87,500","86,600","88,000","86,400","87,295",-900,-1.03,1.06,92.73,0.00,0.00,1.06,92.73,"165,748.07"
1396,21/01/2021,GAS,"86,500","87,500","87,500","87,900","86,500","87,231","1,000",1.16,0.97,84.30,0.00,0.00,0.97,84.30,"167,470.63"
1397,20/01/2021,GAS,"85,000","86,000","86,500","86,500","80,200","85,140","1,500",1.76,1.02,87.06,0.00,0.00,1.02,87.06,"165,556.67"
1398,19/01/2021,GAS,"90,600","90,600","85,000","90,600","84,300","87,116","-5,600",-6.18,1.16,100.92,0.62,56.13,1.78,157.04,"162,685.75"
1399,18/01/2021,GAS,"91,600","92,000","90,600","92,000","89,900","90,742","-1,000",-1.09,0.97,88.20,0.00,0.00,0.97,88.20,"173,403.87"
1400,15/01/2021,GAS,"92,100","93,000","91,600","93,300","90,500","91,707",-500,-0.54,1.77,162.05,0.03,2.29,1.79,164.33,"175,317.82"
1401,14/01/2021,GAS,"93,000","92,600","92,100","93,000","91,500","92,013",-900,-0.97,0.78,71.31,0.00,0.00,0.78,71.31,"176,274.80"
1402,13/01/2021,GAS,"93,600","94,600","93,000","94,600","92,700","93,740",-600,-0.64,1.09,102.33,0.00,0.00,1.09,102.33,"177,997.35"
1403,12/01/2021,GAS,"93,300","93,300","93,600","93,900","92,000","92,998",300,0.32,0.95,88.26,0.00,0.00,0.95,88.26,"179,145.72"
1404,11/01/2021,GAS,"92,700","93,000","93,300","94,700","92,700","93,662",600,0.65,0.74,69.65,0.00,0.00,0.74,69.65,"178,571.54"
1405,08/01/2021,GAS,"92,700","92,700","92,700","93,300","91,700","92,676",0,0.00,0.93,86.62,0.00,0.00,0.93,86.62,"177,423.17"
1406,07/01/2021,GAS,"90,400","91,000","92,700","92,800","89,200","90,897","2,300",2.54,1.45,131.49,0.06,5.67,1.51,137.16,"177,423.17"
1407,06/01/2021,GAS,"90,000","91,000","90,400","91,900","90,000","91,084",400,0.44,1.16,105.83,0.04,3.22,1.20,109.05,"173,021.08"
1408,05/01/2021,GAS,"88,800","88,000","90,000","90,200","86,600","89,332","1,200",1.35,1.26,112.80,0.00,0.00,1.26,112.80,"172,255.50"
1409,04/01/2021,GAS,"86,600","87,900","88,800","89,400","87,100","88,145","2,200",2.54,1.36,120.11,0.00,0.00,1.36,120.11,"169,958.76"
1410,31/12/2020,GAS,"86,900","87,000","86,600","87,100","86,200","86,646",-300,-0.35,0.96,82.95,0.04,3.24,0.99,86.19,"165,748.07"
1411,30/12/2020,GAS,"87,100","87,100","86,900","87,500","86,800","87,146",-200,-0.23,0.67,58.64,0.00,0.00,0.67,58.64,"166,322.26"
1412,29/12/2020,GAS,"86,900","87,000","87,100","88,000","86,000","87,295",200,0.23,0.49,42.85,0.00,0.00,0.49,42.85,"166,705.05"
1413,28/12/2020,GAS,"84,200","85,000","86,900","88,600","84,300","86,817","2,700",3.21,2.38,206.37,0.00,0.00,2.38,206.37,"166,322.26"
1414,25/12/2020,GAS,"83,900","83,800","84,200","84,700","82,500","83,767",300,0.36,0.62,51.71,0.00,0.00,0.62,51.71,"161,154.59"
1415,24/12/2020,GAS,"84,700","85,000","83,900","85,400","82,000","83,665",-800,-0.94,1.25,104.84,0.00,0.00,1.25,104.84,"160,580.41"
1416,23/12/2020,GAS,"85,300","85,100","84,700","85,800","84,600","84,947",-600,-0.70,0.55,46.82,0.00,0.00,0.55,46.82,"162,111.57"
1417,22/12/2020,GAS,"86,300","85,500","85,300","86,000","84,600","85,271","-1,000",-1.16,0.91,77.58,0.00,0.00,0.91,77.58,"163,259.94"
1418,21/12/2020,GAS,"84,900","85,200","86,300","86,400","84,600","85,254","1,400",1.65,1.30,110.53,0.00,0.00,1.30,110.53,"165,173.89"
1419,18/12/2020,GAS,"84,100","84,100","84,900","85,100","84,100","84,740",800,0.95,0.59,50.05,0.00,0.00,0.59,50.05,"162,494.36"
1420,17/12/2020,GAS,"85,800","85,200","84,100","85,600","84,100","84,754","-1,700",-1.98,1.84,156.29,0.00,0.00,1.84,156.29,"160,963.20"
1421,16/12/2020,GAS,"85,400","86,000","85,800","86,400","85,100","85,717",400,0.47,0.77,66.33,0.00,0.00,0.77,66.33,"164,216.91"
1422,15/12/2020,GAS,"87,000","86,500","85,400","86,900","85,200","85,946","-1,600",-1.84,1.10,94.15,0.00,0.00,1.10,94.15,"163,451.33"
1423,14/12/2020,GAS,"86,100","86,100","87,000","87,200","85,800","86,618",900,1.05,0.86,74.50,0.00,0.00,0.86,74.50,"166,513.65"
1424,11/12/2020,GAS,"84,400","85,600","86,100","86,100","84,700","85,396","1,700",2.01,0.91,78.10,0.03,2.50,0.94,80.60,"164,791.10"
1425,10/12/2020,GAS,"86,100","86,100","84,400","86,400","84,400","85,289","-1,700",-1.97,1.09,92.62,0.23,18.86,1.32,111.48,"161,537.38"
1426,09/12/2020,GAS,"86,100","86,000","86,100","87,600","85,500","86,379",0,0.00,1.14,98.06,0.04,3.47,1.18,101.53,"164,791.10"
1427,08/12/2020,GAS,"86,300","86,500","86,100","86,500","85,500","86,006",-200,-0.23,1.14,98.09,0.00,0.00,1.14,98.09,"164,791.10"
1428,07/12/2020,GAS,"85,500","85,700","86,300","86,400","85,100","85,701",800,0.94,1.39,119.14,0.18,15.33,1.57,134.46,"165,173.89"
1429,04/12/2020,GAS,"84,500","85,000","85,500","86,400","84,500","85,447","1,000",1.18,1.50,128.42,0.00,0.00,1.50,128.42,"163,642.73"
1430,03/12/2020,GAS,"84,000","84,000","84,500","84,900","83,500","84,116",500,0.60,0.98,82.34,0.00,0.00,0.98,82.34,"161,728.78"
1431,02/12/2020,GAS,"83,500","83,500","84,000","84,500","82,700","83,534",500,0.60,0.98,82.17,0.00,0.00,0.98,82.17,"160,771.80"
1432,01/12/2020,GAS,"83,500","82,000","83,500","84,700","81,800","82,949",0,0.00,1.33,110.56,0.00,0.00,1.33,110.56,"159,814.83"
1433,30/11/2020,GAS,"83,500","83,600","83,500","86,100","83,500","84,566",0,0.00,1.33,112.70,0.00,0.00,1.33,112.70,"159,814.83"
1434,27/11/2020,GAS,"83,300","83,500","83,500","83,500","82,700","83,087",200,0.24,0.95,78.76,0.00,0.00,0.95,78.76,"159,814.83"
1435,26/11/2020,GAS,"82,700","82,500","83,300","83,400","81,700","82,777",600,0.73,1.10,91.02,0.00,0.00,1.10,91.02,"159,432.04"
1436,25/11/2020,GAS,"82,500","83,600","82,700","83,700","82,700","83,127",200,0.24,1.43,118.75,0.00,0.00,1.43,118.75,"158,283.67"
1437,24/11/2020,GAS,"83,500","83,500","82,500","83,800","81,000","82,445","-1,000",-1.20,1.82,150.40,0.00,0.00,1.82,150.40,"157,900.88"
1438,23/11/2020,GAS,"81,800","82,100","83,500","83,500","81,200","82,422","1,700",2.08,1.80,148.04,0.00,0.00,1.80,148.04,"159,814.83"
1439,20/11/2020,GAS,"82,100","81,500","81,800","82,200","80,900","81,478",-300,-0.37,1.21,98.41,0.00,0.00,1.21,98.41,"156,561.11"
1440,19/11/2020,GAS,"80,000","80,400","82,100","84,300","80,400","82,589","2,100",2.63,2.28,188.58,0.00,0.00,2.28,188.58,"157,135.30"
1441,18/11/2020,GAS,"75,500","75,600","80,000","80,000","75,100","77,877","4,500",5.96,3.45,268.74,0.00,0.00,3.45,268.74,"153,116.00"
1442,17/11/2020,GAS,"72,500","73,000","75,500","75,500","72,900","74,410","3,000",4.14,2.19,163.15,0.00,0.00,2.19,163.15,"144,503.23"
1443,16/11/2020,GAS,"73,500","73,900","72,500","74,000","72,500","73,370","-1,000",-1.36,1.26,92.12,0.00,0.00,1.26,92.12,"138,761.38"
1444,13/11/2020,GAS,"73,400","73,100","73,500","73,500","72,700","73,155",100,0.14,0.90,65.61,0.00,0.00,0.90,65.61,"140,675.33"
1445,12/11/2020,GAS,"73,200","73,500","73,400","74,000","73,100","73,464",200,0.27,0.55,40.23,0.00,0.00,0.55,40.23,"140,483.93"
1446,11/11/2020,GAS,"72,200","73,300","73,200","73,800","72,900","73,353","1,000",1.39,1.59,116.94,0.00,0.00,1.59,116.94,"140,101.14"
1447,10/11/2020,GAS,"71,400","73,600","72,200","73,800","72,200","73,268",800,1.12,1.27,93.16,0.00,0.00,1.27,93.16,"138,187.19"
1448,09/11/2020,GAS,"70,800","71,000","71,400","71,800","71,000","71,450",600,0.85,0.72,51.26,0.00,0.00,0.72,51.26,"136,656.03"
1449,06/11/2020,GAS,"71,500","71,400","70,800","71,800","70,700","71,028",-700,-0.98,0.47,33.69,0.00,0.00,0.47,33.69,"135,507.66"
1450,05/11/2020,GAS,"71,900","72,000","71,500","72,000","71,300","71,717",-400,-0.56,0.43,30.99,0.00,0.00,0.43,30.99,"136,847.42"
1451,04/11/2020,GAS,"70,200","70,900","71,900","72,500","70,800","71,755","1,700",2.42,0.58,41.42,0.00,0.00,0.58,41.42,"137,613.01"
1452,03/11/2020,GAS,"69,700","70,000","70,200","71,200","69,900","70,252",500,0.72,0.98,68.52,0.00,0.00,0.98,68.52,"134,359.29"
1453,02/11/2020,GAS,"70,400","70,500","69,700","70,800","69,400","69,952",-700,-0.99,0.93,64.81,0.00,0.00,0.93,64.81,"133,402.32"
1454,30/10/2020,GAS,"71,000","72,000","70,400","72,000","70,000","70,723",-600,-0.85,0.79,55.62,0.08,5.51,0.86,61.13,"134,742.08"
1455,29/10/2020,GAS,"71,900","71,700","71,000","72,200","71,000","71,438",-900,-1.25,0.78,55.70,0.00,0.00,0.78,55.70,"135,890.45"
1456,28/10/2020,GAS,"72,000","72,000","71,900","72,700","71,700","72,222",-100,-0.14,0.78,56.05,0.00,0.00,0.78,56.05,"137,613.01"
1457,27/10/2020,GAS,"72,000","72,400","72,000","72,600","71,900","72,212",0,0.00,0.65,47.17,0.00,0.00,0.65,47.17,"137,804.40"
1458,26/10/2020,GAS,"73,500","73,600","72,000","74,000","72,000","73,291","-1,500",-2.04,0.65,47.63,0.00,0.00,0.65,47.63,"137,804.40"
1459,23/10/2020,GAS,"73,700","73,800","73,500","74,200","73,400","73,674",-200,-0.27,0.61,44.70,0.00,0.00,0.61,44.70,"140,675.33"
1460,22/10/2020,GAS,"72,300","72,300","73,700","73,700","71,900","72,279","1,400",1.94,0.80,57.56,0.00,0.00,0.80,57.56,"141,058.12"
1461,21/10/2020,GAS,"72,600","73,000","72,300","73,400","72,300","72,737",-300,-0.41,0.95,69.10,0.00,0.00,0.95,69.10,"138,378.59"
1462,20/10/2020,GAS,"74,000","73,500","72,600","74,000","72,500","73,144","-1,400",-1.89,1.12,81.87,0.00,0.00,1.12,81.87,"138,952.77"
1463,19/10/2020,GAS,"75,400","75,500","74,000","76,000","73,900","74,677","-1,400",-1.86,1.20,89.36,0.00,0.00,1.20,89.36,"141,632.30"
1464,16/10/2020,GAS,"75,000","75,000","75,400","76,000","74,400","75,302",400,0.53,1.09,82.16,0.00,0.00,1.09,82.16,"144,311.83"
1465,15/10/2020,GAS,"75,200","76,000","75,000","76,900","75,000","76,004",-200,-0.27,1.38,104.67,0.00,0.00,1.38,104.67,"143,546.25"
1466,14/10/2020,GAS,"75,000","75,500","75,200","76,200","74,900","75,584",200,0.27,1.26,95.50,0.00,0.00,1.26,95.50,"143,929.04"
1467,13/10/2020,GAS,"75,000","75,100","75,000","75,700","74,700","75,238",0,0.00,0.60,44.90,0.00,0.00,0.60,44.90,"143,546.25"
1468,12/10/2020,GAS,"74,300","74,300","75,000","76,600","74,000","75,531",700,0.94,1.92,144.79,0.00,0.00,1.92,144.79,"143,546.25"
1469,09/10/2020,GAS,"74,600","75,000","74,300","75,000","74,100","74,437",-300,-0.40,0.44,32.67,0.00,0.00,0.44,32.67,"142,206.48"
1470,08/10/2020,GAS,"74,100","74,900","74,600","75,200","74,100","74,689",500,0.67,0.77,57.85,0.00,0.00,0.77,57.85,"142,780.67"
1471,07/10/2020,GAS,"72,500","72,500","74,100","75,300","72,200","74,452","1,600",2.21,2.29,170.81,0.00,0.00,2.29,170.81,"141,823.70"
1472,06/10/2020,GAS,"72,500","72,800","72,500","73,200","72,400","72,759",0,0.00,0.76,55.53,0.00,0.00,0.76,55.53,"138,761.38"
1473,05/10/2020,GAS,"71,900","71,900","72,500","72,800","71,600","72,102",600,0.83,0.70,50.79,0.00,0.00,0.70,50.79,"138,761.38"
1474,02/10/2020,GAS,"72,400","72,400","71,900","72,500","71,100","71,905",-500,-0.69,0.61,44.07,0.00,0.00,0.61,44.07,"137,613.01"
1475,01/10/2020,GAS,"71,300","71,500","72,400","72,400","71,500","72,051","1,100",1.54,0.25,18.20,0.00,0.00,0.25,18.20,"138,569.98"
1476,30/09/2020,GAS,"71,500","71,500","71,300","72,000","71,300","71,510",-200,-0.28,0.62,44.01,0.00,0.00,0.62,44.01,"136,464.64"
1477,29/09/2020,GAS,"72,200","72,200","71,500","73,000","71,500","72,108",-700,-0.97,1.07,77.39,0.00,0.00,1.07,77.39,"136,847.42"
1478,28/09/2020,GAS,"73,100","73,100","72,200","73,500","72,200","72,791",-900,-1.23,0.42,30.36,0.00,0.00,0.42,30.36,"138,187.19"
1479,25/09/2020,GAS,"73,500","73,500","73,100","73,600","72,600","73,216",-400,-0.54,0.46,33.66,0.00,0.00,0.46,33.66,"139,909.75"
1480,24/09/2020,GAS,"72,700","72,700","73,500","73,800","72,400","73,492",800,1.10,0.82,60.31,0.00,0.00,0.82,60.31,"140,675.33"
1481,23/09/2020,GAS,"71,900","72,500","72,700","73,500","72,200","72,770",800,1.11,0.82,59.90,0.00,0.00,0.82,59.90,"139,144.17"
1482,22/09/2020,GAS,"72,800","72,500","71,900","72,900","71,900","72,217",-900,-1.24,0.82,59.33,0.00,0.00,0.82,59.33,"137,613.01"
1483,21/09/2020,GAS,"72,500","72,900","72,800","73,600","72,100","72,972",300,0.41,0.94,68.57,0.00,0.00,0.94,68.57,"139,335.56"
1484,18/09/2020,GAS,"71,700","72,200","72,500","72,700","71,600","72,110",800,1.12,0.37,26.91,0.00,0.00,0.37,26.91,"138,761.38"
1485,17/09/2020,GAS,"72,000","72,500","71,700","72,800","71,700","72,037",-300,-0.42,0.40,28.68,0.00,0.00,0.40,28.68,"137,230.22"
1486,16/09/2020,GAS,"72,300","72,400","72,000","73,000","72,000","72,563",-300,-0.41,0.35,25.65,0.00,0.00,0.35,25.65,"137,804.40"
1487,15/09/2020,GAS,"71,400","72,200","72,300","72,300","71,400","71,895",900,1.26,0.73,52.32,0.10,7.19,0.83,59.51,"138,378.59"
1488,14/09/2020,GAS,"71,800","72,000","71,400","72,500","71,400","71,944",-400,-0.56,0.56,40.10,0.00,0.00,0.56,40.10,"136,656.03"
1489,11/09/2020,GAS,"72,000","71,700","71,800","72,500","71,300","71,927",-200,-0.28,0.26,19.00,0.00,0.00,0.26,19.00,"137,421.61"
1490,10/09/2020,GAS,"71,700","72,500","72,000","72,900","71,900","72,244",300,0.42,0.62,44.85,0.00,0.00,0.62,44.85,"137,804.40"
1491,09/09/2020,GAS,"72,000","71,000","71,700","72,000","70,900","71,437",-300,-0.42,0.74,52.93,0.00,0.00,0.74,52.93,"137,230.22"
1492,08/09/2020,GAS,"72,000","72,000","72,000","73,300","72,000","72,321",0,0.00,0.66,48.02,0.00,0.00,0.66,48.02,"137,804.40"
1493,07/09/2020,GAS,"74,600","74,400","72,000","74,400","72,000","73,200","-2,600",-3.49,1.34,97.81,0.00,0.00,1.34,97.81,"137,804.40"
1494,04/09/2020,GAS,"75,800","74,100","74,600","75,200","74,100","74,772","-1,200",-1.58,0.94,70.09,0.00,0.00,0.94,70.09,"142,780.67"
1495,03/09/2020,GAS,"75,400","76,000","75,800","76,200","75,300","75,680",400,0.53,0.59,44.44,0.00,0.00,0.59,44.44,"145,077.41"
1496,01/09/2020,GAS,"74,100","74,100","75,400","75,500","73,800","74,991","1,300",1.75,0.84,63.30,0.00,0.00,0.84,63.30,"144,311.83"
1497,31/08/2020,GAS,"74,200","74,400","74,100","75,000","73,500","74,249",-100,-0.13,0.55,40.83,0.00,0.00,0.55,40.83,"141,823.70"
1498,28/08/2020,GAS,"73,000","74,000","74,200","75,000","73,100","74,345","1,200",1.64,1.01,75.22,0.00,0.00,1.01,75.22,"142,015.09"
1499,27/08/2020,GAS,"73,500","73,400","73,000","73,400","72,500","73,014",-500,-0.68,0.50,36.60,0.00,0.00,0.50,36.60,"139,718.35"
1500,26/08/2020,GAS,"73,800","74,000","73,500","74,400","73,500","73,952",-300,-0.41,0.43,31.89,0.00,0.00,0.43,31.89,"140,675.33"
1501,25/08/2020,GAS,"73,000","73,200","73,800","74,500","73,200","74,132",800,1.10,0.72,53.57,0.00,0.00,0.72,53.57,"141,249.51"
1502,24/08/2020,GAS,"72,000","72,200","73,000","73,500","72,200","72,791","1,000",1.39,0.64,46.51,0.00,0.00,0.64,46.51,"139,718.35"
1503,21/08/2020,GAS,"71,000","71,200","72,000","72,100","71,100","71,668","1,000",1.41,0.49,35.45,0.00,0.00,0.49,35.45,"137,804.40"
1504,20/08/2020,GAS,"72,100","71,900","71,000","72,200","71,000","71,475","-1,100",-1.53,0.44,31.76,0.00,0.00,0.44,31.76,"135,890.45"
1505,19/08/2020,GAS,"71,900","72,000","72,100","72,300","71,800","72,079",200,0.28,0.22,16.18,0.00,0.00,0.22,16.18,"137,995.80"
1506,18/08/2020,GAS,"72,000","73,000","71,900","73,000","71,500","72,359",-100,-0.14,0.30,21.55,0.08,5.63,0.38,27.18,"137,613.01"
1507,17/08/2020,GAS,"72,300","72,000","72,000","72,400","71,200","71,859",-300,-0.41,0.46,33.12,0.00,0.00,0.46,33.12,"137,804.40"
1508,14/08/2020,GAS,"72,600","72,000","72,300","72,800","71,800","72,368",-300,-0.41,0.87,63.01,0.00,0.00,0.87,63.01,"138,378.59"
1509,13/08/2020,GAS,"71,200","71,500","72,600","72,900","71,500","72,554","1,400",1.97,0.95,69.05,0.00,0.00,0.95,69.05,"138,952.77"
1510,12/08/2020,GAS,"70,000","70,500","71,200","71,600","70,000","70,688","1,200",1.71,0.97,68.80,0.00,0.00,0.97,68.80,"136,273.24"
1511,11/08/2020,GAS,"70,500","70,500","70,000","70,800","69,700","70,089",-500,-0.71,0.55,38.61,0.00,0.00,0.55,38.61,"133,976.50"
1512,10/08/2020,GAS,"70,200","70,300","70,500","71,100","70,200","70,526",300,0.43,0.47,33.10,0.00,0.00,0.47,33.10,"134,933.48"
1513,07/08/2020,GAS,"69,500","69,500","70,200","70,700","69,200","69,951",700,1.01,0.57,40.00,0.00,0.00,0.57,40.00,"134,359.29"
1514,06/08/2020,GAS,"68,600","68,500","69,500","69,800","68,400","69,243",900,1.31,0.64,44.36,0.00,0.00,0.64,44.36,"133,019.53"
1515,05/08/2020,GAS,"68,100","68,100","68,600","68,900","67,800","68,238",500,0.73,0.57,38.63,0.00,0.00,0.57,38.63,"131,296.97"
1516,04/08/2020,GAS,"67,200","68,500","68,100","68,500","67,700","68,020",900,1.34,0.39,26.34,0.00,0.00,0.39,26.34,"130,340.00"
1517,03/08/2020,GAS,"65,500","65,300","67,200","67,500","65,200","66,683","1,700",2.60,0.54,35.76,0.00,0.00,0.54,35.76,"128,617.44"
1518,31/07/2020,GAS,"65,500","64,500","65,500","65,500","63,800","64,914",0,0.00,0.31,20.40,0.00,0.00,0.31,20.40,"125,363.73"
1519,30/07/2020,GAS,"63,500","67,900","65,500","67,900","64,500","65,408","2,000",3.15,0.42,27.32,0.00,0.00,0.42,27.32,"125,363.73"
1520,29/07/2020,GAS,"67,800","65,100","63,500","66,600","63,300","64,126","-4,300",-6.34,0.78,49.86,0.00,0.00,0.78,49.86,"121,535.83"
1521,28/07/2020,GAS,"64,000","66,000","67,800","67,800","64,000","65,383","3,800",5.94,0.68,44.69,0.00,0.00,0.68,44.69,"129,765.81"
1522,27/07/2020,GAS,"68,300","64,200","64,000","69,000","63,800","65,426","-4,300",-6.30,1.32,86.34,0.00,0.00,1.32,86.34,"122,492.80"
1523,24/07/2020,GAS,"71,100","71,100","68,300","71,500","67,500","69,266","-2,800",-3.94,1.17,81.28,0.10,6.92,1.27,88.20,"130,722.79"
1524,23/07/2020,GAS,"70,200","70,200","71,100","71,600","70,200","70,685",900,1.28,0.63,44.51,0.00,0.00,0.63,44.51,"136,081.85"
1525,22/07/2020,GAS,"71,000","71,500","70,200","71,500","70,100","70,763",-800,-1.13,0.34,24.31,0.00,0.00,0.34,24.31,"134,359.29"
1526,21/07/2020,GAS,"70,900","70,900","71,000","71,700","70,800","71,113",100,0.14,0.26,18.81,0.00,0.00,0.26,18.81,"135,890.45"
1527,20/07/2020,GAS,"71,900","71,200","70,900","71,800","70,900","71,125","-1,000",-1.39,0.49,35.03,0.00,0.00,0.49,35.03,"135,699.06"
1528,17/07/2020,GAS,"72,200","72,200","71,900","72,500","71,900","72,137",-300,-0.42,0.38,27.59,0.00,0.00,0.38,27.59,"137,613.01"
1529,16/07/2020,GAS,"72,100","72,700","72,200","72,900","72,200","72,417",100,0.14,0.53,38.69,0.00,0.00,0.53,38.69,"138,187.19"
1530,15/07/2020,GAS,"72,200","72,900","72,100","73,600","72,100","72,706",-100,-0.14,0.51,36.93,0.00,0.00,0.51,36.93,"137,995.80"
1531,14/07/2020,GAS,"71,400","72,000","72,200","73,500","71,900","72,294",800,1.12,0.63,45.69,0.00,0.00,0.63,45.69,"138,187.19"
1532,13/07/2020,GAS,"74,300","75,000","74,900","75,300","74,300","74,824",600,0.81,0.59,44.32,0.00,0.00,0.59,44.32,"143,354.86"
1533,10/07/2020,GAS,"75,200","75,000","74,300","75,400","74,200","74,734",-900,-1.20,0.46,34.50,0.00,0.00,0.46,34.50,"142,206.48"
1534,09/07/2020,GAS,"72,900","73,900","75,200","75,800","73,700","74,870","2,300",3.16,1.18,88.34,0.00,0.00,1.18,88.34,"143,929.04"
1535,08/07/2020,GAS,"72,400","73,000","72,900","74,100","72,500","73,466",500,0.69,0.53,39.23,0.00,0.00,0.53,39.23,"139,526.95"
1536,07/07/2020,GAS,"72,400","73,000","72,400","74,300","72,400","73,689",0,0.00,0.82,60.35,0.00,0.00,0.82,60.35,"138,569.98"
1537,06/07/2020,GAS,"70,300","71,800","72,400","72,800","71,200","72,097","2,100",2.99,0.49,34.97,0.00,0.00,0.49,34.97,"138,569.98"
1538,03/07/2020,GAS,"70,500","71,400","70,300","71,400","70,300","70,617",-200,-0.28,0.31,21.89,0.00,0.00,0.31,21.89,"134,550.69"
1539,02/07/2020,GAS,"71,000","71,400","70,500","71,500","70,500","70,932",-500,-0.70,0.21,14.96,0.00,0.00,0.21,14.96,"134,933.48"
1540,01/07/2020,GAS,"69,000","69,500","71,000","71,000","69,000","69,767","2,000",2.90,0.39,27.03,0.00,0.00,0.39,27.03,"135,890.45"
1541,30/06/2020,GAS,"69,700","70,600","69,000","71,500","68,000","69,387",-700,-1.00,0.46,31.86,0.12,8.33,0.58,40.18,"132,062.55"
1542,29/06/2020,GAS,"72,200","72,000","69,700","72,000","69,700","70,681","-2,500",-3.46,0.57,40.41,0.00,0.00,0.57,40.41,"133,402.32"
1543,26/06/2020,GAS,"72,400","72,500","72,200","73,200","72,000","72,505",-200,-0.28,0.32,23.41,0.00,0.00,0.32,23.41,"138,187.19"
1544,25/06/2020,GAS,"72,600","72,000","72,400","73,000","71,500","72,459",-200,-0.28,0.34,24.29,0.00,0.00,0.34,24.29,"138,569.98"
1545,24/06/2020,GAS,"73,900","73,600","72,600","74,200","72,000","73,222","-1,300",-1.76,0.24,17.58,0.00,0.00,0.24,17.58,"138,952.77"
1546,23/06/2020,GAS,"73,100","73,200","73,900","74,300","73,000","73,648",800,1.09,0.35,25.76,0.00,0.00,0.35,25.76,"141,440.91"
1547,22/06/2020,GAS,"72,600","73,200","73,100","73,700","73,000","73,270",500,0.69,0.23,16.68,0.00,0.00,0.23,16.68,"139,909.75"
1548,19/06/2020,GAS,"72,200","73,200","72,600","73,300","72,600","72,949",400,0.55,0.30,22.16,0.00,0.00,0.30,22.16,"138,952.77"
1549,18/06/2020,GAS,"72,900","72,600","72,200","73,000","72,000","72,505",-700,-0.96,0.32,23.03,0.00,0.00,0.32,23.03,"138,187.19"
1550,17/06/2020,GAS,"73,100","73,500","72,900","73,900","72,600","73,025",-200,-0.27,0.33,24.12,0.00,0.00,0.33,24.12,"139,526.95"
1551,16/06/2020,GAS,"72,100","73,500","73,100","73,500","72,500","73,008","1,000",1.39,0.45,33.16,0.00,0.00,0.45,33.16,"139,909.75"
1552,15/06/2020,GAS,"74,600","74,600","72,100","75,400","72,100","73,026","-2,500",-3.35,0.55,40.52,0.00,0.00,0.55,40.52,"137,995.80"
1553,12/06/2020,GAS,"72,600","70,100","74,600","74,900","70,100","72,210","2,000",2.75,0.88,63.44,0.00,0.00,0.88,63.44,"142,780.67"
1554,11/06/2020,GAS,"78,000","77,500","72,600","78,100","72,600","76,734","-5,400",-6.92,1.25,96.03,0.00,0.00,1.25,96.03,"138,952.77"
1555,10/06/2020,GAS,"78,400","78,000","78,000","78,400","77,500","77,910",-400,-0.51,0.43,33.22,0.00,0.00,0.43,33.22,"149,288.10"
1556,09/06/2020,GAS,"79,000","78,200","78,400","78,900","78,000","78,433",-600,-0.76,0.48,37.77,0.00,0.00,0.48,37.77,"150,053.68"
1557,08/06/2020,GAS,"77,000","79,500","79,000","79,500","78,300","78,857","2,000",2.60,0.66,52.00,0.00,0.00,0.66,52.00,"151,202.05"
1558,05/06/2020,GAS,"78,000","77,000","77,000","78,000","76,500","77,023","-1,000",-1.28,0.88,67.88,0.00,0.00,0.88,67.88,"147,374.15"
1559,04/06/2020,GAS,"78,000","78,100","78,000","79,500","78,000","78,980",0,0.00,0.85,66.98,0.00,0.00,0.85,66.98,"149,288.10"
1560,03/06/2020,GAS,"76,400","77,500","78,000","78,300","76,700","77,374","1,600",2.09,0.63,49.05,0.00,0.00,0.63,49.05,"149,288.10"
1561,02/06/2020,GAS,"75,300","75,300","76,400","77,800","75,000","76,274","1,100",1.46,1.45,110.77,0.00,0.00,1.45,110.77,"146,225.78"
1562,01/06/2020,GAS,"74,400","74,900","75,300","76,000","74,600","75,222",900,1.21,0.60,44.84,0.00,0.00,0.60,44.84,"144,120.44"
1563,29/05/2020,GAS,"73,900","74,500","74,400","74,500","73,700","74,153",500,0.68,0.37,27.63,0.00,0.00,0.37,27.63,"142,397.88"
1564,28/05/2020,GAS,"75,000","75,000","73,900","75,400","73,900","74,741","-1,100",-1.47,0.55,41.20,0.00,0.00,0.55,41.20,"141,440.91"
1565,27/05/2020,GAS,"74,900","75,500","75,000","76,300","74,800","75,599",100,0.13,1.14,86.30,0.00,0.00,1.14,86.30,"143,546.25"
1566,26/05/2020,GAS,"73,700","74,500","74,900","74,900","73,800","74,244","1,200",1.63,0.62,45.73,0.00,0.00,0.62,45.73,"143,354.86"
1567,25/05/2020,GAS,"73,900","73,900","73,700","74,100","73,400","73,756",-200,-0.27,0.55,40.93,0.00,0.00,0.55,40.93,"141,058.12"
1568,22/05/2020,GAS,"75,000","74,900","73,900","74,900","73,600","74,135","-1,100",-1.47,0.98,72.85,0.00,0.00,0.98,72.85,"141,440.91"
1569,21/05/2020,GAS,"74,200","74,500","75,000","75,600","74,000","74,936",800,1.08,0.95,71.40,0.00,0.00,0.95,71.40,"143,546.25"
1570,20/05/2020,GAS,"74,800","73,000","74,200","74,800","73,000","74,162",-600,-0.80,0.55,40.68,0.15,11.12,0.70,51.81,"142,015.09"
1571,19/05/2020,GAS,"73,500","75,400","74,800","75,400","74,100","74,945","1,300",1.77,1.14,85.79,0.00,0.00,1.14,85.79,"143,163.46"
1572,18/05/2020,GAS,"70,900","71,600","73,500","73,500","71,600","72,940","2,600",3.67,1.07,78.15,0.00,0.00,1.07,78.15,"140,675.33"
1573,15/05/2020,GAS,"71,500","72,900","70,900","73,000","70,900","71,666",-600,-0.84,0.90,64.81,0.00,0.00,0.90,64.81,"135,699.06"
1574,14/05/2020,GAS,"72,400","71,600","71,500","72,400","71,200","71,654",-900,-1.24,0.69,49.30,0.00,0.00,0.69,49.30,"136,847.42"
1575,13/05/2020,GAS,"73,200","73,000","72,400","73,900","72,000","72,646",-800,-1.09,0.99,72.00,0.00,0.00,0.99,72.00,"138,569.98"
1576,12/05/2020,GAS,"73,000","72,900","73,200","74,000","71,000","72,616",200,0.27,1.15,83.20,0.00,0.00,1.15,83.20,"140,101.14"
1577,11/05/2020,GAS,"69,600","73,000","73,000","73,000","70,000","71,487","3,400",4.89,1.08,77.55,0.00,0.00,1.08,77.55,"139,718.35"
1578,08/05/2020,GAS,"68,700","68,700","69,600","70,800","68,700","69,491",900,1.31,1.70,118.18,0.00,0.00,1.70,118.18,"133,210.92"
1579,07/05/2020,GAS,"68,600","68,600","68,700","69,500","67,700","68,464",100,0.15,0.71,48.32,0.00,0.00,0.71,48.32,"131,488.37"
1580,06/05/2020,GAS,"65,500","66,700","68,600","68,800","66,700","67,537","3,100",4.73,1.54,104.05,0.00,0.00,1.54,104.05,"131,296.97"
1581,05/05/2020,GAS,"63,800","65,000","65,500","65,500","64,000","64,904","1,700",2.66,0.65,42.37,0.00,0.00,0.65,42.37,"125,363.73"
1582,04/05/2020,GAS,"63,400","65,000","63,800","65,600","63,600","64,772",400,0.63,0.41,26.57,0.00,0.00,0.41,26.57,"122,110.01"
1583,29/04/2020,GAS,"62,800","63,400","63,400","64,200","63,000","63,594",600,0.96,0.62,39.67,0.00,0.00,0.62,39.67,"121,344.43"
1584,28/04/2020,GAS,"64,200","62,600","62,800","64,000","62,400","62,722","-1,400",-2.18,0.78,48.65,0.00,0.00,0.78,48.65,"120,196.06"
1585,27/04/2020,GAS,"65,100","65,100","64,200","65,900","64,000","64,786",-900,-1.38,0.48,30.87,0.00,0.00,0.48,30.87,"122,875.59"
1586,24/04/2020,GAS,"65,100","65,800","65,100","66,000","64,700","65,165",0,0.00,0.58,37.99,0.00,0.00,0.58,37.99,"124,598.15"
1587,23/04/2020,GAS,"63,500","65,000","65,100","66,000","64,800","65,316","1,600",2.52,0.62,40.51,0.00,0.00,0.62,40.51,"124,598.15"
1588,22/04/2020,GAS,"64,500","61,000","63,500","64,600","61,000","62,964","-1,000",-1.55,0.76,47.89,0.07,4.37,0.83,52.26,"121,535.83"
1589,21/04/2020,GAS,"68,800","66,000","64,500","67,200","64,500","65,566","-4,300",-6.25,1.56,102.09,0.00,0.00,1.56,102.09,"123,449.78"
1590,20/04/2020,GAS,"67,700","68,000","68,800","69,000","67,100","68,137","1,100",1.62,1.23,83.64,0.00,0.00,1.23,83.64,"131,679.76"
1591,17/04/2020,GAS,"67,400","67,500","67,700","69,000","67,500","67,942",300,0.45,0.81,55.15,0.00,0.00,0.81,55.15,"129,574.42"
1592,16/04/2020,GAS,"66,600","66,600","67,400","68,000","65,800","66,988",800,1.20,0.72,48.06,0.00,0.00,0.72,48.06,"129,000.23"
1593,15/04/2020,GAS,"67,000","65,800","66,600","67,300","65,500","66,538",-400,-0.60,0.65,42.93,0.00,0.00,0.65,42.93,"127,469.07"
1594,14/04/2020,GAS,"68,000","67,000","67,000","67,300","65,400","66,153","-1,000",-1.47,1.27,84.23,0.00,0.00,1.27,84.23,"128,234.65"
1595,13/04/2020,GAS,"67,100","68,200","68,000","69,500","67,500","68,795",900,1.34,1.05,72.15,0.00,0.00,1.05,72.15,"130,148.60"
1596,10/04/2020,GAS,"67,000","66,000","67,100","67,500","65,000","66,415",100,0.15,0.94,62.71,0.00,0.00,0.94,62.71,"128,426.05"
1597,09/04/2020,GAS,"62,700","63,400","67,000","67,000","63,100","65,641","4,300",6.86,1.51,98.91,0.00,0.00,1.51,98.91,"128,234.65"
1598,08/04/2020,GAS,"62,900","61,300","62,700","62,800","60,800","61,869",-200,-0.32,0.87,53.80,0.00,0.00,0.87,53.80,"120,004.67"
1599,07/04/2020,GAS,"63,000","63,900","62,900","63,900","61,800","62,617",-100,-0.16,0.95,59.18,0.00,0.00,0.95,59.18,"120,387.46"
1600,06/04/2020,GAS,"59,200","62,000","63,000","63,000","61,000","61,952","3,800",6.42,1.51,93.75,0.00,0.00,1.51,93.75,"120,578.85"
1601,03/04/2020,GAS,"56,100","60,000","59,200","60,000","57,500","58,964","3,100",5.53,1.15,67.65,0.00,0.00,1.15,67.65,"113,305.84"
1602,01/04/2020,GAS,"54,800","54,700","56,100","57,600","54,700","55,886","1,300",2.37,0.58,32.30,0.00,0.00,0.58,32.30,"107,372.60"
1603,31/03/2020,GAS,"54,600","57,700","54,800","57,700","54,000","55,160",200,0.37,0.41,22.87,0.00,0.00,0.41,22.87,"104,884.46"
1604,30/03/2020,GAS,"58,200","54,900","54,600","55,400","54,500","54,889","-3,600",-6.19,0.56,30.52,0.00,0.00,0.56,30.52,"104,501.67"
1605,27/03/2020,GAS,"58,700","58,700","58,200","59,100","57,100","58,092",-500,-0.85,0.48,28.13,0.00,0.00,0.48,28.13,"111,391.89"
1606,26/03/2020,GAS,"60,100","60,000","58,700","60,400","58,500","59,525","-1,400",-2.33,0.56,33.58,0.00,0.00,0.56,33.58,"112,348.87"
1607,25/03/2020,GAS,"56,200","59,300","60,100","60,100","58,200","59,439","3,900",6.94,1.07,63.87,0.00,0.00,1.07,63.87,"115,028.40"
1608,24/03/2020,GAS,"53,900","56,000","56,200","56,400","54,500","55,578","2,300",4.27,0.77,42.76,0.10,5.56,0.87,48.32,"107,563.99"
1609,23/03/2020,GAS,"57,900","55,200","53,900","56,000","53,900","54,270","-4,000",-6.91,0.78,42.32,0.00,0.00,0.78,42.32,"103,161.91"
1610,20/03/2020,GAS,"55,300","57,000","57,900","58,100","56,000","57,227","2,600",4.70,0.56,32.25,0.00,0.00,0.56,32.25,"110,817.71"
1611,19/03/2020,GAS,"58,000","56,000","55,300","56,500","54,900","55,233","-2,700",-4.66,0.90,49.59,0.00,0.00,0.90,49.59,"105,841.44"
1612,18/03/2020,GAS,"59,800","60,000","58,000","60,000","57,800","58,383","-1,800",-3.01,1.11,64.88,0.07,3.79,1.18,68.67,"111,009.10"
1613,17/03/2020,GAS,"59,300","56,200","59,800","59,900","56,200","58,100",500,0.84,0.53,30.88,0.10,5.81,0.63,36.69,"114,454.21"
1614,16/03/2020,GAS,"57,000","56,800","59,300","60,200","56,000","58,900","2,300",4.04,0.66,39.13,0.00,0.00,0.66,39.13,"113,497.24"
1615,13/03/2020,GAS,"59,400","55,300","57,000","58,500","55,300","55,819","-2,400",-4.04,0.98,54.47,0.00,0.00,0.98,54.47,"109,095.15"
1616,12/03/2020,GAS,"63,800","59,400","59,400","60,900","59,400","59,428","-4,400",-6.90,0.83,49.45,0.18,10.76,1.01,60.21,"113,688.63"
1617,11/03/2020,GAS,"68,500","70,000","63,800","71,100","63,800","65,905","-4,700",-6.86,1.02,67.41,0.06,3.90,1.08,71.31,"122,110.01"
1618,10/03/2020,GAS,"72,100","67,100","68,500","70,900","67,100","67,970","-3,600",-4.99,1.38,93.62,0.00,0.00,1.38,93.62,"131,105.58"
1619,09/03/2020,GAS,"77,500","72,100","72,100","72,100","72,100","72,098","-5,400",-6.97,0.23,16.32,0.00,0.00,0.23,16.32,"137,995.80"
1620,06/03/2020,GAS,"78,100","78,000","77,500","78,100","77,100","77,535",-600,-0.77,0.21,16.16,0.00,0.00,0.21,16.16,"148,331.13"
1621,05/03/2020,GAS,"78,100","78,100","78,100","80,000","78,100","78,657",0,0.00,0.26,20.66,0.00,0.00,0.26,20.66,"149,479.50"
1622,04/03/2020,GAS,"80,000","79,500","78,100","79,500","77,800","78,410","-1,900",-2.38,0.31,24.11,0.15,11.82,0.46,35.93,"149,479.50"
1623,03/03/2020,GAS,"79,000","82,900","80,000","82,900","80,000","81,287","1,000",1.27,0.27,21.99,0.10,8.13,0.37,30.11,"153,116.00"
1624,02/03/2020,GAS,"75,800","75,600","79,000","79,500","75,400","77,725","3,200",4.22,0.26,19.88,0.00,0.00,0.26,19.88,"151,202.05"
1625,28/02/2020,GAS,"79,000","75,100","75,800","77,900","75,100","75,707","-3,200",-4.05,0.45,34.04,0.22,16.93,0.67,50.97,"145,077.41"
1626,27/02/2020,GAS,"79,900","79,800","79,000","79,900","78,100","78,835",-900,-1.13,0.36,28.31,0.00,0.00,0.36,28.31,"151,202.05"
1627,26/02/2020,GAS,"83,000","82,500","79,900","82,500","79,600","80,412","-3,100",-3.73,0.48,38.47,0.00,0.00,0.48,38.47,"152,924.61"
1628,25/02/2020,GAS,"83,900","82,500","83,000","83,900","82,500","83,078",-900,-1.07,0.35,28.99,0.24,20.30,0.59,49.29,"158,857.85"
1629,24/02/2020,GAS,"85,400","85,000","83,900","85,000","83,500","84,280","-1,500",-1.76,0.35,29.34,0.00,0.00,0.35,29.34,"160,580.41"
1630,21/02/2020,GAS,"85,300","86,000","85,400","86,200","85,400","85,651",100,0.12,0.17,14.68,0.00,0.00,0.17,14.68,"163,451.33"
1631,20/02/2020,GAS,"85,300","88,000","85,300","88,000","85,200","85,918",0,0.00,0.20,17.03,0.00,0.00,0.20,17.03,"163,259.94"
1632,19/02/2020,GAS,"86,000","86,000","85,300","86,100","85,300","85,767",-700,-0.81,0.17,14.31,0.00,0.00,0.17,14.31,"163,259.94"
1633,18/02/2020,GAS,"87,300","87,000","86,000","87,400","85,800","86,545","-1,300",-1.49,0.22,18.66,0.00,0.00,0.22,18.66,"164,599.70"
1634,17/02/2020,GAS,"88,500","88,500","87,300","89,300","87,300","88,208","-1,200",-1.36,0.18,15.88,0.00,0.00,0.18,15.88,"167,087.84"
1635,14/02/2020,GAS,"87,500","87,500","88,500","88,900","87,000","88,083","1,000",1.14,0.16,14.35,0.00,0.00,0.16,14.35,"169,384.58"
1636,13/02/2020,GAS,"86,000","85,800","87,500","88,100","85,800","87,129","1,500",1.74,0.27,23.72,0.00,0.00,0.27,23.72,"167,470.63"
1637,12/02/2020,GAS,"85,600","86,600","86,000","86,600","85,600","86,278",400,0.47,0.18,15.14,0.00,0.00,0.18,15.14,"164,599.70"
1638,11/02/2020,GAS,"86,800","86,100","85,600","86,800","85,400","85,859","-1,200",-1.38,0.24,20.24,0.20,17.17,0.44,37.41,"163,834.12"
1639,10/02/2020,GAS,"86,000","85,000","86,800","86,900","84,000","85,736",800,0.93,0.28,24.22,0.00,0.00,0.28,24.22,"166,130.86"
1640,07/02/2020,GAS,"85,900","85,900","86,000","87,000","85,000","85,910",100,0.12,0.30,25.72,0.00,0.00,0.30,25.72,"164,599.70"
1641,06/02/2020,GAS,"81,600","81,600","85,900","85,900","81,600","83,578","4,300",5.27,0.25,21.22,0.00,0.00,0.25,21.22,"164,408.31"
1642,05/02/2020,GAS,"82,000","83,000","81,600","84,000","80,600","82,249",-400,-0.49,0.29,23.87,0.00,0.00,0.29,23.87,"156,178.32"
1643,04/02/2020,GAS,"83,200","84,900","82,000","85,000","82,000","83,645","-1,200",-1.44,0.38,31.48,0.00,0.00,0.38,31.48,"156,943.90"
1644,03/02/2020,GAS,"86,500","85,000","83,200","85,900","80,600","83,734","-3,300",-3.82,0.57,47.39,0.25,21.19,0.82,68.59,"159,240.64"
1645,31/01/2020,GAS,"92,000","91,100","86,500","91,700","86,000","89,064","-5,500",-5.98,0.55,49.14,0.00,0.00,0.55,49.14,"165,556.67"
1646,30/01/2020,GAS,"94,900","91,000","92,000","93,800","91,000","92,609","-2,900",-3.06,0.38,35.19,0.00,0.00,0.38,35.19,"176,083.40"
1647,22/01/2020,GAS,"94,900","94,900","94,900","95,400","94,300","94,797",0,0.00,0.16,15.43,0.00,0.00,0.16,15.43,"181,633.86"
1648,21/01/2020,GAS,"93,400","93,400","94,900","94,900","93,400","94,281","1,500",1.61,0.18,17.06,0.00,0.00,0.18,17.06,"181,633.86"
1649,20/01/2020,GAS,"93,200","93,200","93,400","93,600","92,900","93,211",200,0.21,0.13,12.51,0.04,3.80,0.17,16.31,"178,762.93"
1650,17/01/2020,GAS,"93,300","93,300","93,200","94,200","92,700","93,274",-100,-0.11,0.28,26.28,0.00,0.00,0.28,26.28,"178,380.14"
1651,16/01/2020,GAS,"94,000","94,000","93,300","94,300","93,000","93,460",-700,-0.74,0.51,47.51,0.00,0.00,0.51,47.51,"178,571.54"
1652,15/01/2020,GAS,"94,900","95,000","94,000","95,000","93,100","94,096",-900,-0.95,0.20,18.95,0.00,0.00,0.20,18.95,"179,911.30"
1653,14/01/2020,GAS,"95,300","95,200","94,900","96,000","94,900","95,109",-400,-0.42,0.17,15.87,0.72,68.14,0.88,84.00,"181,633.86"
1654,13/01/2020,GAS,"95,900","95,900","95,300","95,900","94,700","95,262",-600,-0.63,0.36,33.84,0.00,0.00,0.36,33.84,"182,399.44"
1655,10/01/2020,GAS,"95,200","95,500","95,900","96,000","95,000","95,411",700,0.74,0.16,15.34,0.00,0.00,0.16,15.34,"183,547.81"
1656,09/01/2020,GAS,"97,000","96,000","95,200","96,800","94,800","95,526","-1,800",-1.86,0.32,30.66,0.04,4.10,0.36,34.76,"182,208.04"
1657,08/01/2020,GAS,"97,100","98,600","97,000","99,000","97,000","98,003",-100,-0.10,0.44,43.05,0.00,0.00,0.44,43.05,"185,653.15"
1658,07/01/2020,GAS,"97,800","97,700","97,100","97,700","96,300","97,178",-700,-0.72,0.14,13.88,0.00,0.00,0.14,13.88,"185,844.55"
1659,06/01/2020,GAS,"94,800","96,700","97,800","98,000","96,200","97,441","3,000",3.16,0.43,42.01,0.00,0.00,0.43,42.01,"187,184.31"
1660,03/01/2020,GAS,"94,600","94,600","94,800","96,400","94,600","95,502",200,0.21,0.22,20.91,0.00,0.00,0.22,20.91,"181,442.46"
1661,02/01/2020,GAS,"93,700","93,700","94,600","95,200","93,700","94,542",900,0.96,0.14,13.36,0.00,0.00,0.14,13.36,"181,059.67"
1662,31/12/2019,GAS,"96,400","96,800","93,700","96,800","93,500","94,361","-2,700",-2.80,0.39,36.63,0.02,2.11,0.41,38.74,"179,337.12"
1663,30/12/2019,GAS,"97,000","97,000","96,400","97,300","96,400","96,827",-600,-0.62,0.22,21.76,0.00,0.00,0.22,21.76,"184,504.78"
1664,27/12/2019,GAS,"96,200","96,700","97,000","97,200","96,100","96,699",800,0.83,0.15,14.53,0.19,17.89,0.34,32.42,"185,653.15"
1665,26/12/2019,GAS,"96,900","97,000","96,200","97,300","96,200","96,831",-700,-0.72,0.14,13.14,0.00,0.00,0.14,13.14,"184,121.99"
1666,25/12/2019,GAS,"96,300","96,700","96,900","97,400","96,300","97,051",600,0.62,0.18,17.24,0.00,0.00,0.18,17.24,"185,461.76"
1667,24/12/2019,GAS,"95,800","95,600","96,300","96,400","95,600","96,033",500,0.52,0.20,19.32,0.10,9.60,0.30,28.92,"184,313.39"
1668,23/12/2019,GAS,"96,000","96,500","95,800","96,900","95,500","95,912",-200,-0.21,0.38,36.64,0.00,0.00,0.38,36.64,"183,356.41"
1669,20/12/2019,GAS,"95,800","97,100","96,000","97,100","96,000","96,197",200,0.21,0.19,18.57,0.00,0.00,0.19,18.57,"183,739.20"
1670,19/12/2019,GAS,"95,500","96,000","95,800","96,800","95,600","96,070",300,0.31,0.29,27.70,0.07,6.92,0.36,34.62,"183,356.41"
1671,18/12/2019,GAS,"97,500","97,300","95,500","97,800","95,500","96,710","-2,000",-2.05,0.35,34.21,0.07,6.45,0.42,40.67,"182,782.23"
1672,17/12/2019,GAS,"98,200","98,600","97,500","98,800","97,500","98,110",-700,-0.71,0.18,17.60,0.07,6.82,0.25,24.42,"186,610.13"
1673,16/12/2019,GAS,"98,000","98,000","98,200","99,200","97,900","98,430",200,0.20,0.17,16.67,0.15,14.97,0.32,31.65,"187,949.89"
1674,13/12/2019,GAS,"97,900","99,000","98,000","99,000","98,000","98,416",100,0.10,0.21,20.82,0.00,0.00,0.21,20.82,"187,567.10"
1675,12/12/2019,GAS,"98,100","98,300","97,900","98,300","97,400","97,866",-200,-0.20,0.25,24.72,0.05,4.89,0.30,29.61,"187,375.71"
1676,11/12/2019,GAS,"97,900","97,900","98,100","98,500","97,300","97,789",200,0.20,0.17,16.94,0.00,0.00,0.17,16.94,"187,758.50"
1677,10/12/2019,GAS,"99,800","99,900","97,900","99,900","97,300","98,413","-1,900",-1.90,0.24,23.76,0.00,0.00,0.24,23.76,"187,375.71"
1678,09/12/2019,GAS,"98,000","98,000","99,800","99,800","98,000","99,271","1,800",1.84,0.26,25.32,0.00,0.00,0.26,25.32,"191,012.21"
1679,06/12/2019,GAS,"98,000","98,000","98,000","99,000","97,000","98,274",0,0.00,0.09,8.77,0.00,0.00,0.09,8.77,"187,567.10"
1680,05/12/2019,GAS,"99,300","100,000","98,000","100,000","97,400","98,690","-1,300",-1.31,0.24,23.58,0.00,0.00,0.24,23.58,"187,567.10"
1681,04/12/2019,GAS,"97,200","97,200","99,300","99,500","96,600","97,684","2,100",2.16,0.23,22.40,0.00,0.00,0.23,22.40,"190,055.24"
1682,03/12/2019,GAS,"98,000","98,000","97,200","98,800","97,000","97,856",-800,-0.82,0.30,29.36,0.00,0.00,0.30,29.36,"186,035.94"
1683,02/12/2019,GAS,"100,500","101,000","98,000","101,400","96,500","99,650","-2,500",-2.49,0.50,49.55,0.00,0.00,0.50,49.55,"187,567.10"
1684,29/11/2019,GAS,"100,800","101,400","100,500","101,400","100,400","100,879",-300,-0.30,0.18,18.47,0.00,0.00,0.18,18.47,"192,351.98"
1685,28/11/2019,GAS,"102,000","102,000","100,800","102,600","100,200","100,855","-1,200",-1.18,0.61,61.83,0.00,0.00,0.61,61.83,"192,926.16"
1686,27/11/2019,GAS,"102,000","102,700","102,000","102,700","101,900","102,266",0,0.00,0.21,21.53,0.00,0.00,0.21,21.53,"195,222.90"
1687,26/11/2019,GAS,"103,100","103,800","102,000","103,800","102,000","102,557","-1,100",-1.07,0.25,25.91,0.02,2.03,0.27,27.95,"195,222.90"
1688,25/11/2019,GAS,"103,100","102,700","103,100","104,000","102,400","102,993",0,0.00,0.21,21.82,0.00,0.00,0.21,21.82,"197,328.25"
1689,22/11/2019,GAS,"104,100","105,200","103,100","105,400","101,800","103,999","-1,000",-0.96,0.41,42.60,0.00,0.00,0.41,42.60,"197,328.25"
1690,21/11/2019,GAS,"105,000","104,000","104,100","106,000","104,000","104,621",-900,-0.86,0.39,40.82,0.00,0.00,0.39,40.82,"199,242.20"
1691,20/11/2019,GAS,"107,500","107,000","105,000","107,100","105,000","105,960","-2,500",-2.33,0.63,66.64,0.00,0.00,0.63,66.64,"200,964.75"
1692,19/11/2019,GAS,"108,500","108,000","107,500","108,000","106,900","107,508","-1,000",-0.92,0.28,30.53,0.00,0.00,0.28,30.53,"205,749.63"
1693,18/11/2019,GAS,"108,000","108,500","108,500","109,000","108,300","108,623",500,0.46,0.51,54.96,0.00,0.00,0.51,54.96,"207,663.58"
1694,15/11/2019,GAS,"106,500","106,500","108,000","108,500","106,000","107,880","1,500",1.41,0.57,61.29,0.00,0.00,0.57,61.29,"206,706.60"
1695,14/11/2019,GAS,"105,000","105,000","106,500","107,700","104,900","106,580","1,500",1.43,0.65,68.78,0.00,0.00,0.65,68.78,"203,835.68"
1696,13/11/2019,GAS,"105,000","105,000","105,000","105,000","104,100","104,550",0,0.00,0.18,18.79,0.00,0.00,0.18,18.79,"200,964.75"
1697,12/11/2019,GAS,"104,300","104,100","105,000","105,400","104,000","104,780",700,0.67,0.18,18.57,0.00,0.00,0.18,18.57,"200,964.75"
1698,11/11/2019,GAS,"105,700","105,700","104,300","106,000","104,300","105,150","-1,400",-1.32,0.28,29.41,0.00,0.00,0.28,29.41,"199,624.99"
1699,08/11/2019,GAS,"106,100","107,000","105,700","107,000","105,600","106,040",-400,-0.38,0.22,23.79,0.00,0.00,0.22,23.79,"202,304.52"
1700,07/11/2019,GAS,"105,800","105,500","106,100","106,400","105,100","105,730",300,0.28,0.18,18.61,0.00,0.00,0.18,18.61,"203,070.10"
1701,06/11/2019,GAS,"107,000","107,000","105,800","107,000","105,500","106,150","-1,200",-1.12,0.35,37.22,0.00,0.00,0.35,37.22,"202,495.91"
1702,05/11/2019,GAS,"105,500","105,600","107,000","107,200","105,500","106,320","1,500",1.42,0.62,65.71,0.00,0.00,0.62,65.71,"204,792.65"
1703,04/11/2019,GAS,"104,500","105,100","105,500","106,500","105,100","105,790","1,000",0.96,0.50,52.88,0.00,0.00,0.50,52.88,"201,921.73"
1704,01/11/2019,GAS,"103,500","102,400","104,500","104,800","102,400","103,990","1,000",0.97,0.40,41.73,0.00,0.00,0.40,41.73,"200,007.78"
1705,31/10/2019,GAS,"103,200","103,500","103,500","103,800","102,300","103,272",300,0.29,0.41,42.42,0.00,0.00,0.41,42.42,"198,093.83"
1706,30/10/2019,GAS,"102,200","102,300","103,200","103,300","101,700","102,856","1,000",0.98,0.34,34.93,0.00,0.00,0.34,34.93,"197,519.64"
1707,29/10/2019,GAS,"102,900","103,000","102,200","103,000","102,200","102,617",-700,-0.68,0.13,13.06,0.00,0.00,0.13,13.06,"195,605.69"
1708,28/10/2019,GAS,"102,500","102,700","102,900","103,200","102,500","102,933",400,0.39,0.22,22.39,0.00,0.00,0.22,22.39,"196,945.46"
1709,25/10/2019,GAS,"102,400","103,000","102,500","103,000","102,000","102,460",100,0.10,0.25,26.10,0.00,0.00,0.25,26.10,"196,179.88"
1710,24/10/2019,GAS,"101,200","102,000","102,400","102,500","101,800","102,109","1,200",1.19,0.15,15.40,0.00,0.00,0.15,15.40,"195,988.48"
1711,23/10/2019,GAS,"101,400","101,400","101,200","101,600","101,000","101,221",-200,-0.20,0.11,10.69,0.00,0.00,0.11,10.69,"193,691.74"
1712,22/10/2019,GAS,"101,200","101,200","101,400","101,700","101,200","101,430",200,0.20,0.12,12.41,0.00,0.00,0.12,12.41,"194,074.53"
1713,21/10/2019,GAS,"101,000","101,000","101,200","101,900","100,500","101,130",200,0.20,0.17,17.21,0.00,0.00,0.17,17.21,"193,691.74"
1714,18/10/2019,GAS,"101,000","101,800","101,000","101,800","100,900","101,070",0,0.00,0.17,16.93,0.00,0.00,0.17,16.93,"193,308.95"
1715,17/10/2019,GAS,"101,200","101,300","101,000","101,900","100,500","101,190",-200,-0.20,0.25,25.08,0.10,10.52,0.35,35.60,"193,308.95"
1716,16/10/2019,GAS,"101,200","101,200","101,200","101,900","101,100","101,440",0,0.00,0.15,14.91,0.00,0.00,0.15,14.91,"193,691.74"
1717,15/10/2019,GAS,"102,000","102,000","101,200","102,000","101,000","101,310",-800,-0.78,0.19,19.67,0.00,0.00,0.19,19.67,"193,691.74"
1718,14/10/2019,GAS,"102,300","102,900","102,000","103,000","101,600","102,380",-300,-0.29,0.22,22.27,0.00,0.00,0.22,22.27,"195,222.90"
1719,11/10/2019,GAS,"101,100","101,200","102,300","103,000","101,200","102,030","1,200",1.19,0.21,21.72,0.00,0.00,0.21,21.72,"195,797.09"
1720,10/10/2019,GAS,"100,300","100,300","101,100","101,200","100,300","100,980",800,0.80,0.17,17.56,0.25,25.25,0.42,42.81,"193,500.35"
1721,09/10/2019,GAS,"99,900","99,900","100,300","101,000","99,700","100,330",400,0.40,0.20,20.17,0.00,0.00,0.20,20.17,"191,969.19"
1722,08/10/2019,GAS,"100,700","100,700","99,900","100,900","99,600","100,070",-800,-0.79,0.43,42.59,0.00,0.00,0.43,42.59,"191,203.61"
1723,07/10/2019,GAS,"100,500","101,500","100,700","101,500","100,500","100,840",200,0.20,0.22,22.61,0.00,0.00,0.22,22.61,"192,734.77"
1724,04/10/2019,GAS,"102,000","102,000","100,500","102,900","100,500","101,530","-1,500",-1.47,0.60,60.47,0.00,0.00,0.60,60.47,"192,351.98"
1725,03/10/2019,GAS,"103,500","103,000","102,000","103,000","101,500","102,160","-1,500",-1.45,0.51,52.26,0.00,0.00,0.51,52.26,"195,222.90"
1726,02/10/2019,GAS,"106,200","106,000","103,500","106,000","103,200","104,330","-2,700",-2.54,0.45,47.01,0.00,0.00,0.45,47.01,"198,093.83"
1727,01/10/2019,GAS,"106,300","106,200","106,200","106,500","105,000","105,700",-100,-0.09,0.28,30.00,0.00,0.00,0.28,30.00,"203,261.49"
1728,30/09/2019,GAS,"105,000","105,000","106,300","107,500","105,000","106,390","1,300",1.24,0.63,67.28,0.00,0.00,0.63,67.28,"203,452.89"
1729,27/09/2019,GAS,"104,000","104,400","105,000","105,900","104,400","104,990","1,000",0.96,0.49,51.39,0.00,0.00,0.49,51.39,"200,964.75"
1730,26/09/2019,GAS,"102,400","102,400","104,000","104,300","101,800","102,940","1,600",1.56,0.34,35.34,0.00,0.00,0.34,35.34,"199,050.80"
1731,25/09/2019,GAS,"103,500","103,000","102,400","103,000","101,700","102,160","-1,100",-1.06,0.22,22.11,0.00,0.00,0.22,22.11,"195,988.48"
1732,24/09/2019,GAS,"103,500","103,900","103,500","104,600","103,000","103,900",0,0.00,0.23,23.85,0.00,0.00,0.23,23.85,"198,093.83"
1733,23/09/2019,GAS,"102,800","102,800","103,500","104,600","102,800","103,910",700,0.68,0.26,26.74,0.00,0.00,0.26,26.74,"198,093.83"
1734,20/09/2019,GAS,"103,800","103,800","102,800","104,700","102,600","103,310","-1,000",-0.96,0.28,28.55,0.00,0.00,0.28,28.55,"196,754.06"
1735,19/09/2019,GAS,"104,000","103,000","103,800","103,800","102,900","103,300",-200,-0.19,0.27,27.51,0.00,0.00,0.27,27.51,"198,668.01"
1736,18/09/2019,GAS,"106,900","106,000","104,000","106,000","103,700","104,530","-2,900",-2.71,0.69,72.30,0.08,8.04,0.77,80.34,"199,050.80"
1737,17/09/2019,GAS,"103,400","104,000","106,900","107,000","103,500","105,211","3,500",3.38,0.84,88.03,0.00,0.00,0.84,88.03,"204,601.26"
1738,16/09/2019,GAS,"101,000","104,000","103,400","104,100","102,800","103,515","2,400",2.38,0.62,64.47,0.00,0.00,0.62,64.47,"197,902.43"
1739,13/09/2019,GAS,"99,300","99,000","101,000","101,700","99,000","100,515","1,700",1.71,0.26,26.15,0.00,0.00,0.26,26.15,"193,308.95"
1740,12/09/2019,GAS,"98,700","99,000","99,300","99,900","98,900","99,248",600,0.61,0.09,8.44,0.00,0.00,0.09,8.44,"190,055.24"
1741,11/09/2019,GAS,"99,300","99,300","98,700","99,500","98,500","98,988",-600,-0.60,0.17,16.92,0.00,0.00,0.17,16.92,"188,906.87"
1742,10/09/2019,GAS,"100,100","100,500","99,300","101,000","98,900","99,584",-800,-0.80,0.34,33.75,0.02,2.00,0.36,35.74,"190,055.24"
1743,09/09/2019,GAS,"100,800","100,200","100,100","101,000","100,100","100,449",-700,-0.69,0.10,10.07,0.00,0.00,0.10,10.07,"191,586.40"
1744,06/09/2019,GAS,"100,500","101,500","100,800","101,500","100,400","100,850",300,0.30,0.07,7.12,0.00,0.00,0.07,7.12,"192,926.16"
1745,05/09/2019,GAS,"100,400","101,500","100,500","102,000","100,400","101,056",100,0.10,0.11,11.10,0.00,0.00,0.11,11.10,"192,351.98"
1746,04/09/2019,GAS,"99,800","100,700","100,400","100,700","99,800","100,123",600,0.60,0.24,23.54,0.00,0.00,0.24,23.54,"192,160.58"
1747,03/09/2019,GAS,"100,600","100,700","99,800","100,700","97,000","99,931",-800,-0.80,0.16,15.89,0.00,0.00,0.16,15.89,"191,012.21"
1748,30/08/2019,GAS,"100,500","100,500","100,600","101,600","100,500","100,867",100,0.10,0.18,17.80,0.00,0.00,0.18,17.80,"192,543.37"
1749,29/08/2019,GAS,"100,000","101,000","100,500","101,800","100,500","100,887",500,0.50,0.21,20.70,0.00,0.00,0.21,20.70,"192,351.98"
1750,28/08/2019,GAS,"101,900","102,000","102,300","103,200","102,000","102,478",400,0.39,0.11,10.96,0.00,0.00,0.11,10.96,"195,797.09"
1751,27/08/2019,GAS,"101,500","102,800","101,900","102,800","101,500","102,149",400,0.39,0.15,15.40,0.00,0.00,0.15,15.40,"195,031.51"
1752,26/08/2019,GAS,"104,000","102,600","101,500","103,000","101,000","101,706","-2,500",-2.40,0.52,52.69,0.00,0.00,0.52,52.69,"194,265.93"
1753,23/08/2019,GAS,"104,600","105,000","104,000","105,000","102,900","103,751",-600,-0.57,0.29,30.43,0.00,0.00,0.29,30.43,"199,050.80"
1754,22/08/2019,GAS,"105,200","105,400","104,600","105,400","104,000","104,448",-600,-0.57,0.28,29.75,0.00,0.00,0.28,29.75,"200,199.17"
1755,21/08/2019,GAS,"103,000","103,500","105,200","105,700","103,200","104,740","2,200",2.14,0.50,51.88,0.00,0.00,0.50,51.88,"201,347.54"
1756,20/08/2019,GAS,"101,800","102,500","103,000","103,300","102,300","102,718","1,200",1.18,0.32,32.43,0.00,0.00,0.32,32.43,"197,136.85"
1757,19/08/2019,GAS,"100,900","102,000","101,800","102,500","101,000","101,810",900,0.89,0.18,18.11,0.00,0.00,0.18,18.11,"194,840.11"
1758,16/08/2019,GAS,"100,900","100,800","100,900","101,800","100,600","101,088",0,0.00,0.37,37.73,0.00,0.00,0.37,37.73,"193,117.56"
1759,15/08/2019,GAS,"100,900","99,000","100,900","100,900","98,700","99,925",0,0.00,0.27,26.63,0.00,0.00,0.27,26.63,"193,117.56"
1760,14/08/2019,GAS,"100,000","102,500","100,900","102,500","100,500","101,100",900,0.90,0.16,16.58,0.00,0.00,0.16,16.58,"193,117.56"
1761,13/08/2019,GAS,"102,000","101,100","100,000","101,800","99,900","100,218","-2,000",-1.96,0.50,50.07,0.10,10.02,0.60,60.09,"191,395.00"
1762,12/08/2019,GAS,"101,300","102,200","102,000","103,000","102,000","102,498",700,0.69,0.21,21.25,0.00,0.00,0.21,21.25,"195,222.90"
1763,09/08/2019,GAS,"101,000","101,200","101,300","102,500","101,100","101,553",300,0.30,0.17,17.33,0.00,0.00,0.17,17.33,"193,883.14"
1764,08/08/2019,GAS,"100,500","100,100","101,000","103,500","99,400","100,720",500,0.50,0.40,40.02,0.00,0.00,0.40,40.02,"193,308.95"
1765,07/08/2019,GAS,"102,000","101,200","100,500","103,000","99,900","101,262","-1,500",-1.47,0.22,21.98,0.00,0.00,0.22,21.98,"192,351.98"
1766,06/08/2019,GAS,"104,000","101,200","102,000","103,000","100,000","101,506","-2,000",-1.92,0.41,41.58,0.00,0.00,0.41,41.58,"195,222.90"
1767,05/08/2019,GAS,"106,000","105,600","104,000","106,000","103,900","104,337","-2,000",-1.89,0.34,35.82,0.00,0.00,0.34,35.82,"199,050.80"
1768,02/08/2019,GAS,"108,300","106,000","106,000","107,100","105,000","105,988","-2,300",-2.12,0.44,46.24,0.00,0.00,0.44,46.24,"202,878.70"
1769,01/08/2019,GAS,"109,100","109,900","108,300","109,900","107,800","108,558",-800,-0.73,0.24,25.52,0.00,0.00,0.24,25.52,"207,280.79"
1770,31/07/2019,GAS,"109,000","109,000","109,100","110,500","108,600","109,442",100,0.09,0.13,13.85,0.00,0.00,0.13,13.85,"208,811.95"
1771,30/07/2019,GAS,"111,000","111,000","109,000","112,500","109,000","110,685","-2,000",-1.80,0.38,41.91,0.00,0.00,0.38,41.91,"208,620.55"
1772,29/07/2019,GAS,"108,000","108,200","111,000","111,000","107,600","109,809","3,000",2.78,0.67,73.46,0.00,0.00,0.67,73.46,"212,448.45"
1773,26/07/2019,GAS,"108,000","108,000","108,000","109,000","107,900","108,642",0,0.00,0.30,32.60,0.00,0.00,0.30,32.60,"206,706.60"
1774,25/07/2019,GAS,"106,700","106,600","108,000","108,500","106,000","107,590","1,300",1.22,0.44,46.92,0.00,0.00,0.44,46.92,"206,706.60"
1775,24/07/2019,GAS,"107,100","107,300","106,700","108,200","106,600","107,263",-400,-0.37,0.13,14.27,0.03,3.15,0.16,17.42,"204,218.47"
1776,23/07/2019,GAS,"105,500","105,500","107,100","108,000","105,500","107,124","1,600",1.52,0.17,17.70,0.00,0.00,0.17,17.70,"204,984.05"
1777,22/07/2019,GAS,"106,000","105,100","105,500","107,100","105,100","106,087",-500,-0.47,0.13,13.42,0.00,0.00,0.13,13.42,"201,921.73"
1778,19/07/2019,GAS,"107,200","107,500","106,000","107,500","105,800","106,585","-1,200",-1.12,0.30,31.90,0.00,0.00,0.30,31.90,"202,878.70"
1779,18/07/2019,GAS,"108,900","108,900","107,200","108,900","107,000","107,658","-1,700",-1.56,0.20,21.19,0.00,0.00,0.20,21.19,"205,175.44"
1780,17/07/2019,GAS,"106,400","105,900","108,900","109,000","105,500","107,756","2,500",2.35,0.53,57.34,0.00,0.00,0.53,57.34,"208,429.16"
1781,16/07/2019,GAS,"106,000","106,000","106,400","106,500","105,500","106,090",400,0.38,0.23,24.57,0.03,3.39,0.26,27.96,"203,644.28"
1782,15/07/2019,GAS,"105,800","107,200","106,000","106,300","105,000","105,863",200,0.19,0.15,16.03,0.00,0.00,0.15,16.03,"202,878.70"
1783,12/07/2019,GAS,"106,200","107,200","105,800","107,300","105,400","106,476",-400,-0.38,0.17,17.76,0.00,0.00,0.17,17.76,"202,495.91"
1784,11/07/2019,GAS,"105,800","106,800","106,200","107,400","106,200","106,745",400,0.38,0.20,21.18,0.00,0.00,0.20,21.18,"203,261.49"
1785,10/07/2019,GAS,"104,400","105,000","105,800","105,800","105,000","105,401","1,400",1.34,0.41,42.90,0.00,0.00,0.41,42.90,"202,495.91"
1786,09/07/2019,GAS,"103,000","103,000","104,400","104,900","102,600","103,815","1,400",1.36,0.22,23.35,0.00,0.00,0.22,23.35,"199,816.38"
1787,08/07/2019,GAS,"103,600","103,900","103,000","103,900","102,200","103,133",-600,-0.58,0.16,16.53,0.00,0.00,0.16,16.53,"197,136.85"
1788,05/07/2019,GAS,"103,200","103,800","103,600","103,800","103,200","103,526",400,0.39,0.22,22.96,0.00,0.00,0.22,22.96,"198,285.22"
1789,04/07/2019,GAS,"103,000","103,000","103,200","104,000","103,000","103,630",200,0.19,0.13,13.97,0.00,0.00,0.13,13.97,"197,519.64"
1790,03/07/2019,GAS,"103,900","103,000","103,000","103,200","102,100","102,813",-900,-0.87,0.20,20.65,0.00,0.00,0.20,20.65,"197,136.85"
1791,02/07/2019,GAS,"103,700","103,900","103,900","104,000","102,800","103,403",200,0.19,0.20,20.66,0.05,5.17,0.25,25.83,"198,859.41"
1792,01/07/2019,GAS,"97,500","103,000","103,700","103,700","101,600","102,517","6,200",6.36,0.36,36.62,0.00,0.00,0.36,36.62,"198,476.62"
1793,28/06/2019,GAS,"98,000","102,000","97,500","103,600","97,500","100,380",-500,-0.51,1.00,99.91,0.00,0.00,1.00,99.91,"186,610.13"
1794,27/06/2019,GAS,"104,700","105,300","98,000","105,500","98,000","102,182","-6,700",-6.40,0.22,22.43,0.00,0.00,0.22,22.43,"187,567.10"
1795,26/06/2019,GAS,"103,500","104,500","104,700","105,300","103,900","104,573","1,200",1.16,0.15,15.69,0.00,0.00,0.15,15.69,"200,390.57"
1796,25/06/2019,GAS,"104,500","103,500","103,500","105,000","103,300","103,759","-1,000",-0.96,0.23,23.38,0.08,7.78,0.30,31.16,"198,093.83"
1797,24/06/2019,GAS,"105,500","101,000","104,500","105,200","101,000","104,651","-1,000",-0.95,0.14,14.81,0.00,0.00,0.14,14.81,"200,007.78"
1798,21/06/2019,GAS,"104,800","105,500","105,500","106,100","105,000","105,487",700,0.67,0.19,20.49,0.00,0.00,0.19,20.49,"201,921.73"
1799,20/06/2019,GAS,"103,700","103,700","104,800","105,200","103,000","104,629","1,100",1.06,0.33,34.11,0.00,0.00,0.33,34.11,"200,581.96"
1800,19/06/2019,GAS,"101,500","103,700","103,700","103,700","102,400","103,154","2,200",2.17,0.18,18.31,0.00,0.00,0.18,18.31,"198,476.62"
1801,18/06/2019,GAS,"101,900","101,500","101,500","101,900","101,100","101,379",-400,-0.39,0.16,15.95,0.00,0.00,0.16,15.95,"194,265.93"
1802,17/06/2019,GAS,"102,000","102,000","101,900","102,700","101,100","101,697",-100,-0.10,0.12,11.98,0.00,0.00,0.12,11.98,"195,031.51"
1803,14/06/2019,GAS,"101,500","101,500","102,000","102,600","101,500","102,138",500,0.49,0.18,18.54,0.00,0.00,0.18,18.54,"195,222.90"
1804,13/06/2019,GAS,"101,500","99,900","101,500","102,500","99,600","100,335",0,0.00,0.28,27.89,0.22,22.52,0.50,50.40,"194,265.93"
1805,12/06/2019,GAS,"104,000","103,100","101,500","103,400","101,500","102,390","-2,500",-2.40,0.22,22.75,0.00,0.00,0.22,22.75,"194,265.93"
1806,11/06/2019,GAS,"103,500","103,500","104,000","104,100","102,100","103,564",500,0.48,0.24,24.79,0.19,20.13,0.43,44.92,"199,050.80"
1807,10/06/2019,GAS,"103,000","104,000","103,500","104,600","103,000","103,980",500,0.49,0.30,31.33,0.00,0.00,0.30,31.33,"198,093.83"
1808,07/06/2019,GAS,"99,800","101,000","103,000","103,000","99,800","100,694","3,200",3.21,0.55,55.70,0.10,10.07,0.65,65.77,"197,136.85"
1809,06/06/2019,GAS,"102,000","101,000","99,800","101,000","99,800","100,067","-2,200",-2.16,0.34,34.36,0.00,0.00,0.34,34.36,"191,012.21"
1810,05/06/2019,GAS,"102,000","103,500","102,000","103,700","102,000","102,480",0,0.00,0.10,10.29,0.00,0.00,0.10,10.29,"195,222.90"
1811,04/06/2019,GAS,"101,400","101,400","102,000","103,000","100,000","101,509",600,0.59,0.19,19.03,0.06,6.09,0.25,25.12,"195,222.90"
1812,03/06/2019,GAS,"104,300","102,300","101,400","103,000","99,000","100,960","-2,900",-2.78,0.59,59.09,0.03,2.79,0.61,61.88,"194,074.53"
1813,31/05/2019,GAS,"108,100","106,500","104,300","107,800","104,300","106,115","-3,800",-3.52,0.37,39.31,0.00,0.00,0.37,39.31,"199,624.99"
1814,30/05/2019,GAS,"108,700","108,700","108,100","109,100","108,000","108,602",-600,-0.55,0.11,11.49,0.00,0.00,0.11,11.49,"206,898.00"
1815,29/05/2019,GAS,"107,900","107,900","108,700","108,900","107,500","108,247",800,0.74,0.25,27.54,0.00,0.00,0.25,27.54,"208,046.37"
1816,28/05/2019,GAS,"107,700","108,900","107,900","108,900","107,000","107,847",200,0.19,0.14,15.30,0.12,12.94,0.26,28.24,"206,515.21"
1817,27/05/2019,GAS,"106,500","107,000","107,700","108,100","106,500","107,509","1,200",1.13,0.20,21.09,0.00,0.00,0.20,21.09,"206,132.42"
1818,24/05/2019,GAS,"109,100","107,000","106,500","109,100","106,500","107,769","-2,600",-2.38,0.61,65.27,0.00,0.00,0.61,65.27,"203,835.68"
1819,23/05/2019,GAS,"110,500","110,000","109,100","110,500","107,500","108,849","-1,400",-1.27,0.47,51.11,0.00,0.00,0.47,51.11,"208,811.95"
1820,22/05/2019,GAS,"111,500","110,500","110,500","113,500","110,500","111,602","-1,000",-0.90,0.26,28.54,0.00,0.00,0.26,28.54,"211,491.48"
1821,21/05/2019,GAS,"113,000","113,000","111,500","113,200","111,300","112,342","-1,500",-1.33,0.40,44.51,0.10,11.23,0.50,55.74,"213,405.43"
1822,20/05/2019,GAS,"110,200","110,700","113,000","113,000","110,200","111,969","2,800",2.54,0.40,44.32,0.05,5.60,0.45,49.92,"216,276.35"
1823,17/05/2019,GAS,"110,100","111,000","110,200","111,400","110,200","110,683",100,0.09,0.29,32.29,0.00,0.00,0.29,32.29,"210,917.29"
1824,16/05/2019,GAS,"110,000","112,000","110,100","112,000","110,100","111,109",100,0.09,0.19,20.71,0.04,4.00,0.22,24.71,"210,725.90"
1825,15/05/2019,GAS,"109,000","109,000","110,000","110,800","109,000","110,163","1,000",0.92,0.31,33.99,0.00,0.00,0.31,33.99,"210,534.50"
1826,14/05/2019,GAS,"106,600","106,500","109,000","109,000","105,800","106,420","2,400",2.25,0.31,33.45,0.00,0.00,0.31,33.45,"208,620.55"
1827,13/05/2019,GAS,"107,900","108,000","106,600","108,000","106,500","106,954","-1,300",-1.20,0.27,28.55,0.08,8.23,0.34,36.78,"204,027.07"
1828,10/05/2019,GAS,"106,600","106,600","107,900","108,400","106,600","107,686","1,300",1.22,0.24,26.10,0.05,5.28,0.29,31.38,"206,515.21"
1829,09/05/2019,GAS,"109,000","109,000","106,600","109,000","106,400","107,263","-2,400",-2.20,0.32,34.25,0.06,6.44,0.38,40.68,"204,027.07"
1830,08/05/2019,GAS,"108,500","108,500","109,000","109,500","106,000","107,653",500,0.46,0.39,41.86,0.05,5.76,0.44,47.63,"208,620.55"
1831,07/05/2019,GAS,"107,900","108,800","108,500","109,800","108,000","108,792",600,0.56,0.24,25.65,0.17,18.47,0.41,44.12,"207,663.58"
1832,06/05/2019,GAS,"112,500","110,000","107,900","111,500","106,700","108,497","-4,600",-4.09,0.39,42.17,0.00,0.00,0.39,42.17,"206,515.21"
1833,03/05/2019,GAS,"114,000","112,300","112,500","113,900","111,500","112,362","-1,500",-1.32,0.21,23.41,0.00,0.00,0.21,23.41,"215,319.38"
1834,02/05/2019,GAS,"112,800","112,000","114,000","114,500","111,900","113,298","1,200",1.06,0.23,25.99,0.00,0.00,0.23,25.99,"218,190.30"
1835,26/04/2019,GAS,"113,000","112,200","112,800","113,500","112,000","112,853",-200,-0.18,0.16,17.51,0.00,0.00,0.16,17.51,"215,893.56"
1836,25/04/2019,GAS,"112,200","112,200","113,000","113,800","111,700","112,336",800,0.71,0.31,34.88,0.00,0.00,0.31,34.88,"216,276.35"
1837,24/04/2019,GAS,"112,200","112,000","112,200","114,900","112,000","113,815",0,0.00,0.45,51.38,0.00,0.00,0.45,51.38,"214,745.19"
1838,23/04/2019,GAS,"108,600","110,000","112,200","112,900","109,500","111,429","3,600",3.31,0.74,82.87,0.00,0.00,0.74,82.87,"214,745.19"
1839,22/04/2019,GAS,"106,200","106,300","108,600","110,000","106,200","107,441","2,400",2.26,0.42,44.66,0.00,0.00,0.42,44.66,"207,854.97"
1840,19/04/2019,GAS,"105,600","107,000","106,200","107,600","105,900","106,677",600,0.57,0.22,23.63,0.00,0.00,0.22,23.63,"203,261.49"
1841,18/04/2019,GAS,"106,800","106,500","105,600","107,000","105,300","105,815","-1,200",-1.12,0.27,28.08,0.00,0.00,0.27,28.08,"202,113.12"
1842,17/04/2019,GAS,"105,300","105,400","106,800","107,900","105,400","106,882","1,500",1.42,0.66,71.00,0.10,10.50,0.76,81.50,"204,409.86"
1843,16/04/2019,GAS,"106,500","105,000","105,300","105,800","104,000","105,112","-1,200",-1.13,0.30,31.85,0.00,0.00,0.30,31.85,"201,538.94"
1844,12/04/2019,GAS,"105,000","104,500","106,500","107,300","103,700","105,613","1,500",1.43,0.39,41.56,0.00,0.00,0.39,41.56,"203,835.68"
1845,11/04/2019,GAS,"105,200","106,200","105,000","106,200","105,000","105,107",-200,-0.19,0.28,29.58,0.00,0.00,0.28,29.58,"200,964.75"
1846,10/04/2019,GAS,"105,000","104,500","105,200","105,700","103,900","105,021",200,0.19,0.47,49.14,0.00,0.00,0.47,49.14,"201,347.54"
1847,09/04/2019,GAS,"107,000","108,000","105,000","108,000","104,500","105,977","-2,000",-1.87,0.71,74.79,0.00,0.00,0.71,74.79,"200,964.75"
1848,08/04/2019,GAS,"103,800","105,000","107,000","107,000","105,000","106,024","3,200",3.08,0.89,93.96,0.00,0.00,0.89,93.96,"204,792.65"
1849,05/04/2019,GAS,"101,300","101,300","103,800","103,800","101,000","102,708","2,500",2.47,0.85,86.82,0.30,30.19,1.14,117.02,"198,668.01"
1850,04/04/2019,GAS,"101,500","101,900","101,300","102,200","101,200","101,607",-200,-0.20,0.38,38.58,0.10,9.66,0.47,48.24,"193,883.14"
1851,03/04/2019,GAS,"101,000","101,100","101,500","101,900","100,100","101,467",500,0.50,0.45,45.78,0.02,2.39,0.47,48.16,"194,265.93"
1852,02/04/2019,GAS,"100,700","102,100","101,000","102,600","101,000","101,596",300,0.30,0.56,57.22,0.00,0.00,0.56,57.22,"193,308.95"
1853,01/04/2019,GAS,"98,200","98,500","100,700","101,000","98,500","99,523","2,500",2.55,0.43,43.17,0.00,0.00,0.43,43.17,"192,734.77"
1854,29/03/2019,GAS,"98,600","98,900","98,200","99,500","98,100","98,436",-400,-0.41,0.26,25.17,0.00,0.00,0.26,25.17,"187,949.89"
1855,28/03/2019,GAS,"97,200","96,000","98,600","98,600","96,000","97,473","1,400",1.44,0.34,33.21,0.00,0.00,0.34,33.21,"188,715.47"
1856,27/03/2019,GAS,"97,100","98,600","97,200","98,600","97,100","97,920",100,0.10,0.37,36.38,0.00,0.00,0.37,36.38,"186,035.94"
1857,26/03/2019,GAS,"98,200","99,000","97,100","99,000","96,200","97,637","-1,100",-1.12,0.35,34.09,0.00,0.00,0.35,34.09,"185,844.55"
1858,25/03/2019,GAS,"99,900","96,500","98,200","98,200","95,600","96,837","-1,700",-1.70,0.88,84.79,0.00,0.00,0.88,84.79,"187,949.89"
1859,22/03/2019,GAS,"99,000","99,900","99,900","100,400","98,700","99,547",900,0.91,0.72,71.25,0.00,0.00,0.72,71.25,"191,203.61"
1860,21/03/2019,GAS,"102,200","103,500","99,000","103,500","99,000","101,802","-3,200",-3.13,0.69,70.21,0.00,0.00,0.69,70.21,"189,481.05"
1861,20/03/2019,GAS,"103,500","103,000","102,200","103,000","101,100","102,146","-1,300",-1.26,0.59,60.54,0.00,0.00,0.59,60.54,"195,605.69"
1862,19/03/2019,GAS,"104,000","104,900","103,500","105,000","102,500","103,933",-500,-0.48,0.75,78.43,0.00,0.00,0.75,78.43,"198,093.83"
1863,18/03/2019,GAS,"101,600","102,000","104,000","104,500","101,900","103,083","2,400",2.36,0.82,85.04,0.23,24.25,1.06,109.29,"199,050.80"
1864,15/03/2019,GAS,"100,300","102,000","101,600","102,100","101,000","101,560","1,300",1.30,0.62,63.42,0.15,15.55,0.78,78.97,"194,457.32"
1865,14/03/2019,GAS,"101,600","102,500","102,300","103,200","101,600","102,378",700,0.69,0.75,76.41,0.00,0.00,0.75,76.41,"195,797.09"
1866,13/03/2019,GAS,"101,900","103,000","101,600","103,400","101,000","102,226",-300,-0.29,0.45,46.28,0.00,0.00,0.45,46.28,"194,457.32"
1867,12/03/2019,GAS,"100,200","102,000","101,900","102,000","100,200","101,373","1,700",1.70,0.53,53.53,0.00,0.00,0.53,53.53,"195,031.51"
1868,11/03/2019,GAS,"101,000","101,000","100,200","101,100","98,900","99,831",-800,-0.79,0.50,49.66,0.00,0.00,0.50,49.66,"191,777.79"
1869,08/03/2019,GAS,"103,000","102,100","101,000","102,700","100,700","101,586","-2,000",-1.94,0.72,72.89,0.00,0.00,0.72,72.89,"193,308.95"
1870,07/03/2019,GAS,"104,000","104,500","103,000","105,500","103,000","104,244","-1,000",-0.96,0.64,66.39,0.00,0.00,0.64,66.39,"197,136.85"
1871,06/03/2019,GAS,"104,000","103,100","104,000","104,000","101,500","102,716",0,0.00,0.61,62.40,0.00,0.00,0.61,62.40,"199,050.80"
1872,05/03/2019,GAS,"103,000","101,500","104,000","105,000","101,200","103,536","1,000",0.97,0.88,90.97,0.06,6.64,0.94,97.61,"199,050.80"
1873,04/03/2019,GAS,"100,000","101,200","103,000","103,000","101,200","102,115","3,000",3.00,1.06,108.66,0.00,0.00,1.06,108.66,"197,136.85"
1874,01/03/2019,GAS,"98,200","99,500","100,000","100,000","98,400","99,391","1,800",1.83,0.55,54.65,0.00,0.00,0.55,54.65,"191,395.00"
1875,28/02/2019,GAS,"98,500","99,000","98,200","100,800","98,000","99,266",-300,-0.30,1.01,100.73,0.00,0.00,1.01,100.73,"187,949.89"
1876,27/02/2019,GAS,"97,900","98,200","98,500","99,200","97,700","98,434",600,0.61,0.48,46.81,0.00,0.00,0.48,46.81,"188,524.08"
1877,26/02/2019,GAS,"99,200","98,500","97,900","98,900","97,000","97,827","-1,300",-1.31,0.92,90.00,0.00,0.00,0.92,90.00,"187,375.71"
1878,25/02/2019,GAS,"99,300","100,500","99,200","101,000","99,000","99,796",-100,-0.10,0.59,58.64,0.00,0.00,0.59,58.64,"189,863.84"
1879,22/02/2019,GAS,"97,200","96,600","99,300","99,800","96,100","98,107","2,100",2.16,0.88,86.10,0.00,0.00,0.88,86.10,"190,055.24"
1880,21/02/2019,GAS,"96,000","96,000","97,200","97,500","95,700","96,450","1,200",1.25,1.21,117.01,0.00,0.00,1.21,117.01,"186,035.94"
1881,20/02/2019,GAS,"96,000","96,000","96,000","96,300","95,100","95,810",0,0.00,0.53,51.08,0.00,0.00,0.53,51.08,"183,739.20"
1882,19/02/2019,GAS,"97,200","97,200","96,000","97,900","95,500","96,987","-1,200",-1.23,0.78,76.04,0.00,0.00,0.78,76.04,"183,739.20"
1883,18/02/2019,GAS,"94,000","95,500","97,200","97,400","95,000","95,886","3,200",3.40,0.97,93.19,0.00,0.00,0.97,93.19,"186,035.94"
1884,15/02/2019,GAS,"92,500","92,800","94,000","94,300","92,500","93,577","1,500",1.62,0.92,85.80,0.00,0.00,0.92,85.80,"179,911.30"
1885,14/02/2019,GAS,"93,000","93,100","92,500","93,700","92,300","92,868",-500,-0.54,0.48,44.15,0.00,0.00,0.48,44.15,"177,040.38"
1886,13/02/2019,GAS,"91,000","91,800","93,000","93,600","91,600","92,762","2,000",2.20,0.57,53.03,0.00,0.00,0.57,53.03,"177,997.35"
1887,12/02/2019,GAS,"90,500","90,200","91,000","92,000","90,000","91,331",500,0.55,0.62,56.95,0.00,0.00,0.62,56.95,"174,169.45"
1888,11/02/2019,GAS,"88,000","88,800","90,500","90,500","87,800","88,571","2,500",2.84,0.51,45.46,0.00,0.00,0.51,45.46,"173,212.48"
1889,01/02/2019,GAS,"87,800","88,300","88,000","88,800","88,000","88,174",200,0.23,0.33,29.04,0.05,4.41,0.38,33.45,"168,427.60"
1890,31/01/2019,GAS,"88,000","89,400","87,800","89,400","87,800","88,184",-200,-0.23,0.33,28.84,0.00,0.00,0.33,28.84,"168,044.81"
1891,30/01/2019,GAS,"87,900","88,000","88,000","89,000","88,000","88,538",100,0.11,0.22,19.14,0.00,0.00,0.22,19.14,"168,427.60"
1892,29/01/2019,GAS,"89,500","88,600","87,900","89,000","87,500","88,115","-1,600",-1.79,0.31,27.31,0.00,0.00,0.31,27.31,"168,236.21"
1893,28/01/2019,GAS,"89,500","90,100","89,500","90,200","89,200","89,619",0,0.00,0.19,16.97,0.00,0.00,0.19,16.97,"171,298.53"
1894,25/01/2019,GAS,"89,800","89,400","89,500","90,300","89,300","89,584",-300,-0.33,0.33,29.14,0.00,0.00,0.33,29.14,"171,298.53"
1895,24/01/2019,GAS,"90,000","90,100","89,800","91,300","89,800","90,213",-200,-0.22,0.33,29.97,0.00,0.00,0.33,29.97,"171,872.71"
1896,23/01/2019,GAS,"89,700","89,600","90,000","90,500","89,100","89,592",300,0.33,0.23,20.39,0.00,0.00,0.23,20.39,"172,255.50"
1897,22/01/2019,GAS,"90,500","90,800","89,700","90,900","89,700","90,352",-800,-0.88,0.22,19.97,0.00,0.00,0.22,19.97,"171,681.32"
1898,21/01/2019,GAS,"89,000","90,800","90,500","91,100","89,500","90,517","1,500",1.69,0.26,23.32,0.00,0.00,0.26,23.32,"173,212.48"
1899,18/01/2019,GAS,"89,000","89,500","89,000","89,800","88,700","89,003",0,0.00,0.23,20.23,0.00,0.00,0.23,20.23,"170,341.55"
1900,17/01/2019,GAS,"90,600","91,000","89,000","91,000","89,000","90,004","-1,600",-1.77,0.18,16.08,0.00,0.00,0.18,16.08,"170,341.55"
1901,16/01/2019,GAS,"90,300","91,400","90,600","91,400","90,300","90,804",300,0.33,0.20,18.05,0.00,0.00,0.20,18.05,"173,403.87"
1902,15/01/2019,GAS,"89,500","89,500","90,300","90,500","89,500","90,035",800,0.89,0.37,33.17,0.24,21.53,0.61,54.70,"172,829.69"
1903,14/01/2019,GAS,"91,000","90,800","89,500","90,800","89,000","89,601","-1,500",-1.65,0.37,33.18,0.04,3.58,0.41,36.77,"171,298.53"
1904,11/01/2019,GAS,"91,300","91,400","91,000","91,700","90,100","91,093",-300,-0.33,0.34,30.83,0.00,0.00,0.34,30.83,"174,169.45"
1905,10/01/2019,GAS,"89,900","90,900","91,300","92,200","90,500","91,531","1,400",1.56,0.69,62.75,0.00,0.00,0.69,62.75,"174,743.64"
1906,09/01/2019,GAS,"88,300","89,700","89,900","90,400","89,000","89,897","1,600",1.81,0.52,46.34,0.00,0.00,0.52,46.34,"172,064.11"
1907,08/01/2019,GAS,"86,300","86,300","88,300","88,700","86,300","87,654","2,000",2.32,0.60,52.62,0.00,0.00,0.60,52.62,"169,001.79"
1908,07/01/2019,GAS,"84,500","86,500","86,300","87,300","85,500","86,535","1,800",2.13,0.26,22.14,0.00,0.00,0.26,22.14,"165,173.89"
1909,04/01/2019,GAS,"84,700","83,800","84,500","85,500","82,400","84,308",-200,-0.24,0.34,28.37,0.00,0.00,0.34,28.37,"161,728.78"
1910,03/01/2019,GAS,"86,800","86,500","84,700","87,000","84,000","85,851","-2,100",-2.42,0.40,34.73,0.10,8.85,0.51,43.57,"162,111.57"
1911,02/01/2019,GAS,"86,600","86,100","86,800","86,900","86,100","86,731",200,0.23,0.42,36.21,0.00,0.00,0.42,36.21,"166,130.86"
1912,28/12/2018,GAS,"86,500","86,500","86,600","87,100","85,200","86,522",100,0.12,0.35,30.37,0.00,0.00,0.35,30.37,"165,748.07"
1913,27/12/2018,GAS,"83,000","87,000","86,500","87,700","85,800","86,943","3,500",4.22,0.56,48.31,0.00,0.00,0.56,48.31,"165,556.67"
1914,26/12/2018,GAS,"85,800","85,800","83,000","86,400","82,400","84,255","-2,800",-3.26,0.68,57.70,0.04,2.93,0.72,60.62,"158,857.85"
1915,25/12/2018,GAS,"89,000","84,500","85,800","86,500","83,500","84,862","-3,200",-3.60,0.76,64.37,0.00,0.00,0.76,64.37,"164,216.91"
1916,24/12/2018,GAS,"91,700","91,100","89,000","91,300","89,000","90,114","-2,700",-2.94,0.72,64.74,0.00,0.00,0.72,64.74,"170,341.55"
1917,21/12/2018,GAS,"93,500","92,000","91,700","92,400","91,000","91,845","-1,800",-1.93,0.21,19.19,0.00,0.00,0.21,19.19,"175,509.22"
1918,20/12/2018,GAS,"92,000","91,600","93,500","93,500","91,600","92,616","1,500",1.63,0.30,28.09,0.00,0.00,0.30,28.09,"178,954.33"
1919,19/12/2018,GAS,"93,500","93,500","92,000","93,500","90,500","91,545","-1,500",-1.60,0.80,73.50,0.00,0.00,0.80,73.50,"176,083.40"
1920,18/12/2018,GAS,"93,000","91,000","93,500","93,500","90,800","91,779",500,0.54,0.82,75.15,0.00,0.00,0.82,75.15,"178,954.33"
1921,17/12/2018,GAS,"95,800","95,800","93,000","95,800","93,000","94,123","-2,800",-2.92,0.81,75.85,0.00,0.00,0.81,75.85,"177,997.35"
1922,14/12/2018,GAS,"97,100","97,300","95,800","98,000","95,500","97,097","-1,300",-1.34,0.58,56.72,0.00,0.00,0.58,56.72,"183,356.41"
1923,13/12/2018,GAS,"97,000","97,000","97,100","98,400","96,800","97,518",100,0.10,0.46,45.30,0.18,17.56,0.64,62.86,"185,844.55"
1924,12/12/2018,GAS,"96,100","96,100","97,000","97,600","96,100","96,970",900,0.94,0.47,45.19,0.00,0.00,0.47,45.19,"185,653.15"
1925,11/12/2018,GAS,"97,700","97,000","96,100","97,300","96,000","96,545","-1,600",-1.64,0.61,59.26,0.00,0.00,0.61,59.26,"183,930.60"
1926,10/12/2018,GAS,"96,300","96,500","97,700","99,000","96,200","97,357","1,400",1.45,1.02,99.03,0.00,0.00,1.02,99.03,"186,992.92"
1927,07/12/2018,GAS,"95,100","95,000","96,300","96,800","95,000","95,872","1,200",1.26,0.94,89.75,0.00,0.00,0.94,89.75,"184,313.39"
1928,06/12/2018,GAS,"96,100","95,500","95,100","96,900","94,200","95,312","-1,000",-1.04,0.83,79.23,0.00,0.00,0.83,79.23,"182,016.65"
1929,05/12/2018,GAS,"96,500","95,500","96,100","96,500","94,500","95,609",-400,-0.41,0.58,55.09,0.25,24.37,0.83,79.45,"183,930.60"
1930,04/12/2018,GAS,"97,000","97,000","96,500","97,500","95,500","96,391",-500,-0.52,0.85,82.01,0.00,0.00,0.85,82.01,"184,696.18"
1931,03/12/2018,GAS,"90,800","94,000","97,000","97,000","93,200","94,870","6,200",6.83,1.36,128.79,0.00,0.00,1.36,128.79,"185,653.15"
1932,30/11/2018,GAS,"90,100","90,200","90,800","91,200","89,700","90,417",700,0.78,0.44,39.56,0.00,0.00,0.44,39.56,"173,786.66"
1933,29/11/2018,GAS,"91,500","92,200","90,100","92,200","89,100","90,652","-1,400",-1.53,0.91,82.40,0.00,0.00,0.91,82.40,"172,446.90"
1934,28/11/2018,GAS,"90,600","90,600","91,500","92,500","90,500","91,127",900,0.99,0.56,51.33,0.00,0.00,0.56,51.33,"175,126.43"
1935,27/11/2018,GAS,"90,800","91,800","90,600","92,400","90,300","90,854",-200,-0.22,0.53,48.15,0.00,0.00,0.53,48.15,"173,403.87"
1936,26/11/2018,GAS,"92,500","90,600","90,800","91,700","90,200","90,730","-1,700",-1.84,0.67,60.66,0.00,0.00,0.67,60.66,"173,786.66"
1937,23/11/2018,GAS,"93,200","93,000","92,500","93,600","92,100","92,746",-700,-0.75,0.29,27.14,0.00,0.00,0.29,27.14,"177,040.38"
1938,22/11/2018,GAS,"93,900","93,900","93,200","95,400","93,000","94,192",-700,-0.75,0.30,27.86,0.00,0.00,0.30,27.86,"178,380.14"
1939,21/11/2018,GAS,"96,100","94,000","93,900","94,500","93,200","93,680","-2,200",-2.29,0.73,68.79,0.00,0.00,0.73,68.79,"179,719.91"
1940,20/11/2018,GAS,"96,400","95,800","96,100","96,900","95,100","95,828",-300,-0.31,0.51,49.20,0.00,0.00,0.51,49.20,"183,930.60"
1941,19/11/2018,GAS,"95,000","95,000","96,400","97,000","95,000","96,243","1,400",1.47,0.52,49.67,0.00,0.00,0.52,49.67,"184,504.78"
1942,16/11/2018,GAS,"90,400","92,500","95,000","95,000","91,300","93,115","4,600",5.09,0.58,54.07,0.00,0.00,0.58,54.07,"181,825.25"
1943,15/11/2018,GAS,"90,200","91,900","90,400","93,000","90,100","90,941",200,0.22,0.61,55.71,0.00,0.00,0.61,55.71,"173,021.08"
1944,14/11/2018,GAS,"93,900","92,000","90,200","93,500","89,000","91,055","-3,700",-3.94,0.81,73.55,0.00,0.00,0.81,73.55,"172,638.29"
1945,13/11/2018,GAS,"96,600","93,400","93,900","94,800","93,100","93,908","-2,700",-2.80,0.44,41.16,0.00,0.00,0.44,41.16,"179,719.91"
1946,12/11/2018,GAS,"95,000","95,000","96,600","97,400","93,500","95,656","1,600",1.68,0.44,41.91,0.00,0.00,0.44,41.91,"184,887.57"
1947,09/11/2018,GAS,"100,100","99,600","95,000","99,600","95,000","97,503","-5,100",-5.09,0.68,66.45,0.00,0.00,0.68,66.45,"181,825.25"
1948,08/11/2018,GAS,"99,800","102,000","100,100","102,000","100,100","100,772",300,0.30,0.23,23.11,0.00,0.00,0.23,23.11,"191,586.40"
1949,07/11/2018,GAS,"101,900","100,800","99,800","102,000","99,100","100,388","-2,100",-2.06,0.61,60.76,0.00,0.00,0.61,60.76,"191,012.21"
1950,06/11/2018,GAS,"102,300","103,700","101,900","104,400","101,600","103,210",-400,-0.39,0.41,42.63,0.00,0.00,0.41,42.63,"195,031.51"
1951,05/11/2018,GAS,"102,700","101,500","102,300","102,500","99,900","101,219",-400,-0.39,0.46,46.60,0.00,0.00,0.46,46.60,"195,797.09"
1952,02/11/2018,GAS,"101,500","101,300","102,700","102,900","99,500","101,521","1,200",1.18,0.67,67.53,0.00,0.00,0.67,67.53,"196,562.67"
1953,01/11/2018,GAS,"104,000","103,000","101,500","103,400","101,300","102,273","-2,500",-2.40,0.28,28.89,0.00,0.00,0.28,28.89,"194,265.93"
1954,31/10/2018,GAS,"99,000","100,500","104,000","104,000","100,000","101,922","5,000",5.05,0.52,52.66,0.00,0.00,0.52,52.66,"199,050.80"
1955,30/10/2018,GAS,"97,000","96,600","99,000","99,500","96,200","97,687","2,000",2.06,0.53,51.43,0.00,0.00,0.53,51.43,"189,481.05"
1956,29/10/2018,GAS,"101,800","101,600","97,000","101,700","95,500","97,785","-4,800",-4.72,0.48,47.10,0.00,0.00,0.48,47.10,"185,653.15"
1957,26/10/2018,GAS,"101,800","104,000","101,800","104,300","101,800","103,077",0,0.00,0.47,48.85,0.07,7.28,0.54,56.13,"194,840.11"
1958,25/10/2018,GAS,"101,800","97,000","101,800","102,000","95,100","98,348",0,0.00,0.57,55.92,0.13,12.75,0.70,68.67,"194,840.11"
1959,24/10/2018,GAS,"109,400","107,100","101,800","108,300","101,800","104,627","-7,600",-6.95,0.80,83.51,0.00,0.00,0.80,83.51,"194,840.11"
1960,23/10/2018,GAS,"112,000","112,000","109,400","112,000","106,100","109,306","-2,600",-2.32,0.38,42.03,0.00,0.00,0.38,42.03,"209,386.13"
1961,22/10/2018,GAS,"112,000","113,000","112,000","114,600","112,000","113,551",0,0.00,0.34,38.83,0.00,0.00,0.34,38.83,"214,362.40"
1962,19/10/2018,GAS,"114,500","110,000","112,000","113,800","110,000","111,135","-2,500",-2.18,0.65,72.73,0.00,0.00,0.65,72.73,"214,362.40"
1963,18/10/2018,GAS,"117,100","116,100","114,500","116,500","114,500","115,314","-2,600",-2.22,0.24,27.96,0.00,0.00,0.24,27.96,"219,147.28"
1964,17/10/2018,GAS,"116,800","119,000","117,100","119,500","116,800","117,500",300,0.26,0.49,57.82,0.40,46.89,0.89,104.71,"224,123.55"
1965,16/10/2018,GAS,"115,000","115,000","116,800","118,400","114,900","116,744","1,800",1.57,0.32,36.97,0.00,0.00,0.32,36.97,"223,549.36"
1966,15/10/2018,GAS,"119,900","118,000","115,000","120,000","115,000","117,401","-4,900",-4.09,0.47,55.58,0.00,0.00,0.47,55.58,"220,104.25"
1967,12/10/2018,GAS,"112,600","112,600","119,900","119,900","108,000","114,662","7,300",6.48,0.61,69.70,0.13,15.22,0.74,84.92,"229,482.61"
1968,11/10/2018,GAS,"121,000","112,800","112,600","116,800","112,600","113,772","-8,400",-6.94,0.94,107.43,0.00,0.00,0.94,107.43,"215,510.77"
1969,10/10/2018,GAS,"119,300","120,000","121,000","121,100","119,300","120,384","1,700",1.42,0.19,22.31,0.00,0.00,0.19,22.31,"231,587.95"
1970,09/10/2018,GAS,"116,500","120,000","119,300","120,000","117,900","118,949","2,800",2.40,0.17,20.21,0.00,0.00,0.17,20.21,"228,334.24"
1971,08/10/2018,GAS,"120,000","117,500","116,500","118,800","116,200","117,432","-3,500",-2.92,0.35,40.83,0.00,0.00,0.35,40.83,"222,975.18"
1972,05/10/2018,GAS,"124,000","121,900","120,000","123,600","120,000","121,525","-4,000",-3.23,0.40,49.03,0.00,0.00,0.40,49.03,"229,674.00"
1973,04/10/2018,GAS,"122,700","125,000","124,000","125,000","123,000","124,098","1,300",1.06,0.23,28.28,0.00,0.00,0.23,28.28,"237,329.80"
1974,03/10/2018,GAS,"121,500","120,900","122,700","123,000","120,800","122,159","1,200",0.99,0.24,29.28,0.07,8.42,0.31,37.70,"234,841.67"
1975,02/10/2018,GAS,"119,600","119,800","121,500","123,500","119,700","121,681","1,900",1.59,0.52,62.75,0.00,0.00,0.52,62.75,"232,544.93"
1976,01/10/2018,GAS,"115,700","115,800","119,600","119,900","115,800","118,835","3,900",3.37,0.49,58.62,0.00,0.00,0.49,58.62,"228,908.42"
1977,28/09/2018,GAS,"117,200","118,000","115,700","118,000","115,700","116,486","-1,500",-1.28,0.29,33.39,0.00,0.00,0.29,33.39,"221,444.02"
1978,27/09/2018,GAS,"117,100","117,800","117,200","117,900","114,700","116,460",100,0.09,0.39,45.00,0.00,0.00,0.39,45.00,"224,314.94"
1979,26/09/2018,GAS,"118,000","118,000","117,100","118,800","117,100","117,801",-900,-0.76,0.33,38.59,0.00,0.00,0.33,38.59,"224,123.55"
1980,25/09/2018,GAS,"117,800","119,900","118,000","119,900","118,000","118,682",200,0.17,0.41,48.89,0.00,0.00,0.41,48.89,"225,846.10"
1981,24/09/2018,GAS,"115,900","115,900","117,800","118,000","115,900","117,461","1,900",1.64,0.34,39.89,0.00,0.00,0.34,39.89,"225,463.31"
1982,21/09/2018,GAS,"116,000","115,600","115,900","116,800","114,300","115,457",-100,-0.09,0.46,53.30,0.00,0.00,0.46,53.30,"221,826.81"
1983,20/09/2018,GAS,"112,100","113,000","116,000","116,400","112,600","114,497","3,900",3.48,0.56,64.50,0.13,14.95,0.69,79.45,"222,018.20"
1984,19/09/2018,GAS,"109,600","112,000","112,100","112,900","111,000","112,312","2,500",2.28,0.55,61.23,0.13,14.73,0.68,75.96,"214,553.80"
1985,18/09/2018,GAS,"109,000","108,000","109,600","109,800","107,200","108,779",600,0.55,0.27,29.16,0.00,0.00,0.27,29.16,"209,768.92"
1986,17/09/2018,GAS,"108,000","108,000","109,000","110,800","107,200","109,281","1,000",0.93,0.69,75.11,0.00,0.00,0.69,75.11,"208,620.55"
1987,14/09/2018,GAS,"108,000","107,100","108,000","109,700","106,500","108,348",0,0.00,0.50,54.45,0.00,0.00,0.50,54.45,"206,706.60"
1988,13/09/2018,GAS,"109,000","109,200","108,000","112,500","106,700","109,929","-1,000",-0.92,0.47,51.93,0.00,0.00,0.47,51.93,"206,706.60"
1989,12/09/2018,GAS,"103,500","105,000","109,000","110,600","104,000","108,141","5,500",5.31,1.24,134.04,0.00,0.00,1.24,134.04,"208,620.55"
1990,11/09/2018,GAS,"100,800","100,000","103,500","103,500","100,000","102,542","2,700",2.68,0.46,47.51,0.00,0.00,0.46,47.51,"198,093.83"
1991,10/09/2018,GAS,"100,400","100,400","100,800","102,300","100,400","101,591",400,0.40,0.20,20.06,0.00,0.00,0.20,20.06,"192,926.16"
1992,07/09/2018,GAS,"100,200","99,200","100,400","101,000","98,900","99,785",200,0.20,0.37,36.74,0.00,0.00,0.37,36.74,"192,160.58"
1993,06/09/2018,GAS,"100,100","100,000","100,200","101,500","99,000","100,253",100,0.10,0.26,25.77,0.00,0.00,0.26,25.77,"191,777.79"
1994,05/09/2018,GAS,"103,000","101,500","100,100","103,000","98,500","100,882","-2,900",-2.82,0.51,51.26,0.00,0.00,0.51,51.26,"191,586.40"
1995,04/09/2018,GAS,"103,000","103,000","103,000","104,000","101,700","102,829",0,0.00,0.43,44.53,0.00,0.00,0.43,44.53,"197,136.85"
1996,31/08/2018,GAS,"105,000","105,000","103,000","106,200","103,000","104,488","-2,000",-1.90,0.38,40.00,0.00,0.00,0.38,40.00,"197,136.85"
1997,30/08/2018,GAS,"100,900","101,000","105,000","105,000","100,000","102,826","4,100",4.06,0.72,74.40,0.00,0.00,0.72,74.40,"200,964.75"
1998,29/08/2018,GAS,"102,200","102,200","100,900","102,600","99,800","100,909","-1,300",-1.27,0.37,37.42,0.00,0.00,0.37,37.42,"193,117.56"
1999,28/08/2018,GAS,"100,200","100,900","102,200","102,500","99,700","101,431","2,000",2.00,0.43,43.94,0.00,0.00,0.43,43.94,"195,605.69"
2000,27/08/2018,GAS,"99,500","100,900","100,200","101,200","100,000","100,793",700,0.70,0.45,45.50,0.00,0.00,0.45,45.50,"191,777.79"
2001,24/08/2018,GAS,"100,400","99,800","101,500","102,400","99,800","101,026","1,100",1.10,0.52,52.08,0.00,0.00,0.52,52.08,"194,265.93"
2002,23/08/2018,GAS,"100,000","101,000","100,400","102,200","99,100","100,544",400,0.40,0.33,33.48,0.00,0.00,0.33,33.48,"192,160.58"
2003,22/08/2018,GAS,"97,500","98,500","100,000","100,500","98,100","99,521","2,500",2.56,0.57,56.69,0.00,0.00,0.57,56.69,"191,395.00"
2004,21/08/2018,GAS,"98,200","97,100","97,500","98,000","96,300","97,112",-700,-0.71,0.49,47.47,0.00,0.00,0.49,47.47,"186,610.13"
2005,20/08/2018,GAS,"96,200","96,200","98,200","98,300","95,800","97,494","2,000",2.08,0.34,33.38,0.00,0.00,0.34,33.38,"187,949.89"
2006,17/08/2018,GAS,"94,500","97,000","96,200","97,100","95,400","96,271","1,700",1.80,0.25,23.65,0.04,3.36,0.28,27.01,"184,121.99"
2007,16/08/2018,GAS,"95,000","93,000","94,500","95,900","90,000",0,-500,-0.53,0.93,85.79,0.00,0.00,0.93,85.79,"180,868.28"
2008,15/08/2018,GAS,"101,200","101,200","95,000","102,000","95,000","97,648","-6,200",-6.13,0.66,64.47,0.00,0.00,0.66,64.47,"181,825.25"
2009,14/08/2018,GAS,"103,000","103,000","101,200","103,600","100,000","101,762","-1,800",-1.75,0.40,40.61,0.00,0.00,0.40,40.61,"193,691.74"
2010,13/08/2018,GAS,"98,700","98,000","103,000","103,000","97,400","99,734","4,300",4.36,0.55,55.14,0.00,0.00,0.55,55.14,"197,136.85"
2011,10/08/2018,GAS,"98,200","98,200","98,700","98,800","97,200","98,091",500,0.51,0.57,56.10,0.00,0.00,0.57,56.10,"188,906.87"
2012,09/08/2018,GAS,"98,000","97,500","98,200","98,500","96,100","97,572",200,0.20,0.57,55.93,0.00,0.00,0.57,55.93,"187,949.89"
2013,08/08/2018,GAS,"94,000","95,100","98,000","98,000","95,000","96,301","4,000",4.26,0.89,85.92,0.00,0.00,0.89,85.92,"187,567.10"
2014,07/08/2018,GAS,"96,100","96,500","94,000","96,500","93,700","95,155","-2,100",-2.19,0.66,62.91,0.15,14.48,0.81,77.38,"179,911.30"
2015,06/08/2018,GAS,"93,600","94,400","96,100","97,000","93,000","95,173","2,500",2.67,0.80,75.68,0.00,0.00,0.80,75.68,"183,930.60"
2016,03/08/2018,GAS,"91,000","91,500","93,600","95,400","91,500","93,646","2,600",2.86,0.79,73.66,0.08,7.53,0.87,81.19,"179,145.72"
2017,02/08/2018,GAS,"88,700","89,300","91,000","91,500","88,100","90,067","2,300",2.59,0.64,57.49,0.08,7.20,0.72,64.69,"174,169.45"
2018,01/08/2018,GAS,"87,800","87,800","88,700","90,300","87,100","89,196",900,1.03,0.60,53.66,0.11,9.39,0.71,63.06,"169,767.37"
2019,31/07/2018,GAS,"86,900","87,500","87,800","89,400","86,200","88,088",900,1.04,0.59,52.07,0.13,11.38,0.72,63.44,"168,044.81"
2020,30/07/2018,GAS,"84,800","85,300","86,900","86,900","84,000","85,429","2,100",2.48,0.50,42.39,0.05,4.27,0.55,46.66,"166,322.26"
2021,27/07/2018,GAS,"83,100","84,500","84,800","85,500","83,400","84,729","1,700",2.05,0.33,27.83,0.00,0.00,0.33,27.83,"162,302.96"
2022,26/07/2018,GAS,"83,700","84,100","83,100","84,900","82,400","83,325",-600,-0.72,0.32,26.50,0.00,0.00,0.32,26.50,"159,049.25"
2023,25/07/2018,GAS,"84,800","85,500","83,700","86,400","83,600","84,994","-1,100",-1.30,0.40,33.87,0.00,0.00,0.40,33.87,"160,197.62"
2024,24/07/2018,GAS,"84,600","84,900","84,800","86,000","82,400","84,458",200,0.24,0.41,34.30,0.00,0.00,0.41,34.30,"162,302.96"
2025,23/07/2018,GAS,"82,700","84,200","84,600","86,100","83,500","85,013","1,900",2.30,0.67,56.87,0.00,0.00,0.67,56.87,"161,920.17"
2026,20/07/2018,GAS,"84,200","84,000","82,700","84,000","82,100","82,907","-1,500",-1.78,0.55,45.21,0.00,0.00,0.55,45.21,"158,283.67"
2027,19/07/2018,GAS,"83,000","84,000","84,200","85,100","83,300","84,338","1,200",1.45,0.46,38.44,0.00,0.00,0.46,38.44,"161,154.59"
2028,18/07/2018,GAS,"79,000","80,000","83,000","83,000","79,500","81,445","4,000",5.06,0.70,56.75,0.00,0.00,0.70,56.75,"158,857.85"
2029,17/07/2018,GAS,"81,200","79,600","79,000","79,800","78,000","79,026","-2,200",-2.71,0.52,40.99,0.00,0.00,0.52,40.99,"151,202.05"
2030,16/07/2018,GAS,"81,800","82,000","81,200","82,500","80,200","81,521",-600,-0.73,0.22,17.89,0.00,0.00,0.22,17.89,"155,412.74"
2031,13/07/2018,GAS,"79,000","79,000","81,800","82,000","79,000","81,073","2,800",3.54,0.42,33.78,0.00,0.00,0.42,33.78,"156,561.11"
2032,12/07/2018,GAS,"77,800","76,500","79,000","79,900","76,100","78,153","1,200",1.54,0.24,18.52,0.00,0.00,0.24,18.52,"151,202.05"
2033,11/07/2018,GAS,"80,000","78,000","77,800","80,000","76,100","77,822","-2,200",-2.75,0.62,47.96,0.00,0.00,0.62,47.96,"148,905.31"
2034,10/07/2018,GAS,"79,500","80,500","80,000","83,000","80,000","81,322",500,0.63,0.55,44.90,0.00,0.00,0.55,44.90,"153,116.00"
2035,09/07/2018,GAS,"79,100","79,500","79,500","83,800","79,500","81,976",400,0.51,0.50,40.92,0.00,0.00,0.50,40.92,"152,159.03"
2036,06/07/2018,GAS,"74,000","73,000","79,100","79,100","70,000","76,352","5,100",6.89,0.74,56.84,0.00,0.00,0.74,56.84,"151,393.45"
2037,05/07/2018,GAS,"79,500","79,500","74,000","80,500","74,000","76,006","-5,500",-6.92,0.63,47.52,0.15,11.40,0.78,58.92,"141,632.30"
2038,04/07/2018,GAS,"83,000","84,000","79,500","84,600","77,900","79,913","-3,500",-4.22,0.87,69.26,0.00,0.00,0.87,69.26,"152,159.03"
2039,03/07/2018,GAS,"88,400","88,400","83,000","88,500","83,000","85,609","-5,400",-6.11,0.55,47.11,0.00,0.00,0.55,47.11,"158,857.85"
2040,02/07/2018,GAS,"88,500","87,000","88,400","89,300","84,100","86,952",-100,-0.11,0.78,67.96,0.00,0.00,0.78,67.96,"169,193.18"
2041,29/06/2018,GAS,"87,300","87,300","88,500","89,000","86,000","87,988","1,200",1.37,0.38,33.60,0.00,0.00,0.38,33.60,"169,384.58"
2042,28/06/2018,GAS,"88,200","88,900","87,300","89,500","87,000","88,627",-900,-1.02,0.42,37.50,0.00,0.00,0.42,37.50,"167,087.84"
2043,27/06/2018,GAS,"90,000","91,900","90,200","92,500","90,000","91,725",200,0.22,0.76,69.67,0.00,0.00,0.76,69.67,"172,638.29"
2044,26/06/2018,GAS,"91,000","88,000","90,000","90,500","88,000","89,121","-1,000",-1.10,0.36,32.32,0.00,0.00,0.36,32.32,"172,255.50"
2045,25/06/2018,GAS,"90,700","93,900","91,000","94,500","91,000","92,419",300,0.33,0.56,51.71,0.00,0.00,0.56,51.71,"174,169.45"
2046,22/06/2018,GAS,"89,100","87,100","90,700","92,100","87,000","90,413","1,600",1.80,0.95,86.21,0.00,0.00,0.95,86.21,"173,595.27"
2047,21/06/2018,GAS,"92,000","92,000","89,100","92,000","88,500","89,900","-2,900",-3.15,0.42,38.12,0.00,0.00,0.42,38.12,"170,532.95"
2048,20/06/2018,GAS,"87,000","88,000","92,000","92,000","85,500","88,881","5,000",5.75,0.59,52.44,0.00,0.00,0.59,52.44,"176,083.40"
2049,19/06/2018,GAS,"90,000","88,500","87,000","89,500","83,700","84,876","-3,000",-3.33,1.74,147.51,0.00,0.00,1.74,147.51,"166,513.65"
2050,18/06/2018,GAS,"95,900","95,000","90,000","95,300","90,000","92,294","-5,900",-6.15,0.80,74.23,0.00,0.00,0.80,74.23,"172,255.50"
2051,15/06/2018,GAS,"94,000","94,000","95,900","95,900","94,000","94,934","1,900",2.02,0.42,40.33,0.00,0.00,0.42,40.33,"183,547.81"
2052,14/06/2018,GAS,"96,600","97,000","94,000","98,000","94,000","95,807","-2,600",-2.69,0.44,42.27,0.00,0.00,0.44,42.27,"179,911.30"
2053,13/06/2018,GAS,"92,200","93,000","96,600","96,600","93,000","94,828","4,400",4.77,0.58,55.13,0.00,0.00,0.58,55.13,"184,887.57"
2054,12/06/2018,GAS,"97,200","95,600","92,200","96,800","91,000","93,368","-5,000",-5.14,0.98,91.06,0.00,0.00,0.98,91.06,"176,466.19"
2055,11/06/2018,GAS,"97,500","96,000","97,200","99,900","95,100","98,290",-300,-0.31,0.43,42.31,0.15,14.74,0.58,57.06,"186,035.94"
2056,08/06/2018,GAS,"99,600","99,500","97,500","101,000","96,000","97,717","-2,100",-2.11,0.89,86.61,0.00,0.00,0.89,86.61,"186,610.13"
2057,07/06/2018,GAS,"102,900","103,000","99,600","103,000","97,000","99,537","-3,300",-3.21,1.22,121.51,0.00,0.00,1.22,121.51,"190,629.42"
2058,06/06/2018,GAS,"98,700","101,000","102,900","103,300","99,000","101,264","4,200",4.26,0.61,61.79,0.00,0.00,0.61,61.79,"196,945.46"
2059,05/06/2018,GAS,"92,300","92,000","98,700","98,700","91,900","97,013","6,400",6.93,1.38,133.41,0.00,0.00,1.38,133.41,"188,906.87"
2060,04/06/2018,GAS,"92,500","92,900","92,300","93,600","91,000","92,265",-200,-0.22,0.95,87.47,0.00,0.00,0.95,87.47,"176,657.59"
2061,01/06/2018,GAS,"90,400","92,000","92,500","93,300","91,500","92,329","2,100",2.32,0.63,58.43,0.04,4.03,0.68,62.46,"177,040.38"
2062,31/05/2018,GAS,"89,300","91,000","90,400","93,000","90,400","91,534","1,100",1.23,1.08,98.76,0.00,0.00,1.08,98.76,"173,021.08"
2063,30/05/2018,GAS,"96,000","96,000","89,300","96,000","89,300","90,140","-6,700",-6.98,1.18,106.07,0.00,0.00,1.18,106.07,"170,915.74"
2064,29/05/2018,GAS,"98,000","91,200","96,000","99,900","91,200","92,902","-2,000",-2.04,1.24,115.30,0.00,0.00,1.24,115.30,"183,739.20"
2065,28/05/2018,GAS,"105,300","98,000","98,000","100,000","98,000","98,135","-7,300",-6.93,0.48,47.09,0.00,0.00,0.48,47.09,"187,567.10"
2066,25/05/2018,GAS,"113,200","110,000","105,300","111,000","105,300","106,982","-7,900",-6.98,0.48,51.35,0.00,0.00,0.48,51.35,"201,538.94"
2067,24/05/2018,GAS,"113,300","113,500","113,200","115,100","108,100","112,560",-100,-0.09,0.29,32.16,0.00,0.00,0.29,32.16,"216,659.14"
2068,23/05/2018,GAS,"105,900","105,500","113,300","113,300","105,000","108,231","7,400",6.99,0.60,64.94,0.00,0.00,0.60,64.94,"216,850.54"
2069,22/05/2018,GAS,"108,500","108,000","105,900","110,500","102,200","106,783","-2,600",-2.40,0.46,49.57,0.12,13.02,0.58,62.59,"202,687.31"
2070,21/05/2018,GAS,"115,000","117,500","108,500","117,500","108,500","113,205","-6,500",-5.65,0.44,50.02,0.00,0.00,0.44,50.02,"207,663.58"
2071,18/05/2018,GAS,"116,000","116,000","115,000","117,000","109,100","114,146","-1,000",-0.86,0.78,89.14,0.00,0.00,0.78,89.14,"220,104.25"
2072,17/05/2018,GAS,"119,700","121,000","116,000","122,000","116,000","118,962","-3,700",-3.09,0.40,48.02,0.00,0.00,0.40,48.02,"222,018.20"
2073,16/05/2018,GAS,"118,600","116,000","119,700","120,200","116,000","118,726","1,100",0.93,0.61,72.04,0.00,0.00,0.61,72.04,"229,099.82"
2074,15/05/2018,GAS,"118,000","119,000","118,600","121,500","118,600","119,937",600,0.51,0.68,81.42,0.00,0.00,0.68,81.42,"226,994.47"
2075,14/05/2018,GAS,"111,100","111,200","118,000","118,000","111,200","113,799","6,900",6.21,0.62,70.31,0.00,0.00,0.62,70.31,"225,846.10"
2076,11/05/2018,GAS,"105,000","105,000","111,100","111,100","102,500","106,346","6,100",5.81,0.81,86.21,0.03,2.63,0.84,88.84,"212,639.85"
2077,10/05/2018,GAS,"107,500","110,100","105,000","112,500","105,000","109,463","-2,500",-2.33,0.88,96.29,0.00,0.00,0.88,96.29,"200,964.75"
2078,09/05/2018,GAS,"103,000","104,000","107,500","109,800","103,500","106,238","4,500",4.37,0.82,87.20,0.17,18.08,0.99,105.28,"205,749.63"
2079,08/05/2018,GAS,"103,500","103,500","103,000","106,000","102,000","104,238",-500,-0.48,0.80,83.23,0.00,0.00,0.80,83.23,"197,136.85"
2080,07/05/2018,GAS,"98,000","101,000","103,500","103,500","98,700","101,109","5,500",5.61,0.43,43.11,0.10,10.11,0.53,53.22,"198,093.83"
2081,04/05/2018,GAS,"96,500","98,000","98,000","101,800","96,600","98,703","1,500",1.55,0.69,67.73,0.00,0.00,0.69,67.73,"187,567.10"
2082,03/05/2018,GAS,"103,700","96,500","96,500","100,000","96,500","96,512","-7,200",-6.94,1.51,145.98,0.00,0.00,1.51,145.98,"184,696.18"
2083,02/05/2018,GAS,"111,500","105,000","103,700","108,000","103,700","104,184","-7,800",-7.00,0.28,29.61,0.00,0.00,0.28,29.61,"198,476.62"
2084,27/04/2018,GAS,"119,800","116,000","111,500","119,700","111,500","113,409","-8,300",-6.93,0.95,108.13,0.00,0.00,0.95,108.13,"213,405.43"
2085,26/04/2018,GAS,"128,800","128,900","119,800","129,500","119,800","122,865","-9,000",-6.99,1.08,132.11,0.00,0.00,1.08,132.11,"229,291.21"
2086,24/04/2018,GAS,"124,700","124,700","128,800","129,500","118,000","126,093","4,100",3.29,0.64,80.98,0.00,0.00,0.64,80.98,"246,516.76"
2087,23/04/2018,GAS,"134,000","133,700","124,700","136,000","124,700","132,346","-9,300",-6.94,0.93,122.42,0.00,0.00,0.93,122.42,"238,669.57"
2088,20/04/2018,GAS,"129,300","128,200","134,000","134,000","128,200","130,754","4,700",3.63,0.95,123.86,0.00,0.00,0.95,123.86,"256,469.30"
2089,19/04/2018,GAS,"129,300","130,800","129,300","132,200","128,100","130,198",0,0.00,1.15,150.04,0.00,0.00,1.15,150.04,"247,473.74"
2090,18/04/2018,GAS,"128,000","129,200","129,300","129,700","127,100","128,889","1,300",1.02,0.80,103.66,0.02,2.40,0.82,106.06,"247,473.74"
2091,17/04/2018,GAS,"127,300","127,000","128,000","128,600","124,000","126,281",700,0.55,0.65,81.69,0.33,40.80,0.98,122.48,"244,985.60"
2092,16/04/2018,GAS,"128,000","129,500","127,300","129,500","126,200","127,586",-700,-0.55,0.38,48.48,0.00,0.00,0.38,48.48,"243,645.84"
2093,13/04/2018,GAS,"130,500","132,000","128,000","132,000","126,000","128,087","-2,500",-1.92,0.41,52.54,0.29,36.63,0.70,89.16,"244,985.60"
2094,12/04/2018,GAS,"126,500","128,000","130,500","130,500","126,000","127,726","4,000",3.16,0.79,101.10,0.05,6.39,0.84,107.49,"249,770.48"
2095,11/04/2018,GAS,"129,500","131,500","126,500","132,500","126,500","129,801","-3,000",-2.32,0.82,106.31,0.10,13.42,0.92,119.73,"242,114.68"
2096,10/04/2018,GAS,"129,800","130,000","129,500","131,500","129,500","130,375",-300,-0.23,0.59,77.48,0.15,19.58,0.74,97.06,"247,856.53"
2097,09/04/2018,GAS,"129,800","128,100","129,800","131,000","128,000","129,522",0,0.00,0.42,54.38,0.14,17.93,0.56,72.31,"248,430.71"
2098,06/04/2018,GAS,"129,900","130,000","129,800","132,900","128,500","129,242",-100,-0.08,0.33,42.29,0.00,0.00,0.33,42.29,"248,430.71"
2099,05/04/2018,GAS,"130,000","130,000","129,900","131,000","126,600","127,862",-100,-0.08,1.03,131.57,0.00,0.00,1.03,131.57,"248,622.11"
2100,04/04/2018,GAS,"133,000","134,900","130,000","135,000","129,000","132,313","-3,000",-2.26,0.85,112.64,0.00,0.00,0.85,112.64,"248,813.50"
2101,03/04/2018,GAS,"136,100","136,100","133,000","136,100","133,000","134,053","-3,100",-2.28,0.74,99.01,0.12,16.32,0.86,115.33,"254,555.35"
2102,02/04/2018,GAS,"131,400","132,000","136,100","136,400","131,700","134,988","4,700",3.58,0.81,109.59,0.00,0.00,0.81,109.59,"260,488.60"
2103,30/03/2018,GAS,"126,500","127,000","131,400","131,700","126,500","130,280","4,900",3.87,0.61,78.95,0.03,3.92,0.64,82.87,"251,493.03"
2104,29/03/2018,GAS,"127,000","127,000","126,500","127,200","125,500","126,301",-500,-0.39,0.25,32.08,0.00,0.00,0.25,32.08,"242,114.68"
2105,28/03/2018,GAS,"126,800","126,900","127,000","127,500","125,500","126,668",200,0.16,0.42,53.32,0.00,0.00,0.42,53.32,"243,071.65"
2106,27/03/2018,GAS,"129,600","132,000","126,800","133,000","125,800","129,379","-2,800",-2.16,0.85,110.57,0.00,0.00,0.85,110.57,"242,688.86"
2107,26/03/2018,GAS,"130,900","130,000","129,600","135,800","129,600","131,726","-1,300",-0.99,0.96,126.51,0.00,0.00,0.96,126.51,"248,047.92"
2108,23/03/2018,GAS,"133,800","129,500","130,900","132,000","128,500","130,266","-2,900",-2.17,0.72,94.07,0.00,0.00,0.72,94.07,"250,536.06"
2109,22/03/2018,GAS,"127,200","129,800","133,800","134,900","128,800","131,539","6,600",5.19,0.90,118.16,0.00,0.00,0.90,118.16,"256,086.51"
2110,21/03/2018,GAS,"126,000","128,000","127,200","129,600","126,500","128,443","1,200",0.95,0.62,79.82,0.00,0.00,0.62,79.82,"243,454.44"
2111,20/03/2018,GAS,"128,500","126,500","126,000","129,000","126,000","127,731","-2,500",-1.95,0.62,79.16,0.00,0.00,0.62,79.16,"241,157.70"
2112,19/03/2018,GAS,"128,000","127,000","128,500","129,500","126,500","128,294",500,0.39,0.73,93.32,0.00,0.00,0.73,93.32,"245,942.58"
2113,16/03/2018,GAS,"121,000","121,000","128,000","128,000","119,800","123,986","7,000",5.79,1.23,152.74,0.00,0.00,1.23,152.74,"244,985.60"
2114,15/03/2018,GAS,"118,200","117,000","121,000","121,000","116,000","118,684","2,800",2.37,0.58,68.60,0.00,0.00,0.58,68.60,"231,587.95"
2115,14/03/2018,GAS,"115,000","115,000","118,200","118,500","114,600","117,099","3,200",2.78,0.82,95.57,0.00,0.00,0.82,95.57,"226,228.89"
2116,13/03/2018,GAS,"116,200","116,200","115,000","116,200","113,900","114,815","-1,200",-1.03,0.22,25.06,0.00,0.00,0.22,25.06,"220,104.25"
2117,12/03/2018,GAS,"112,000","116,000","116,200","116,800","114,000","113,528","4,200",3.75,0.50,58.45,0.00,0.00,0.50,58.45,"222,400.99"
2118,09/03/2018,GAS,"114,600","114,800","112,000","115,500","112,000","113,528","-2,600",-2.27,0.61,68.87,0.00,0.00,0.61,68.87,"214,362.40"
2119,08/03/2018,GAS,"114,800","113,100","114,600","116,900","113,100","114,524",-200,-0.17,0.30,34.54,0.00,0.00,0.30,34.54,"219,338.67"
2120,07/03/2018,GAS,"117,000","117,000","114,800","117,800","111,500","115,263","-2,200",-1.88,0.72,82.80,0.00,0.00,0.72,82.80,"219,721.46"
2121,06/03/2018,GAS,"112,000","115,000","117,000","117,200","113,000","115,420","5,000",4.46,0.81,93.04,0.00,0.00,0.81,93.04,"223,932.15"
2122,05/03/2018,GAS,"117,000","119,000","112,000","120,300","112,000","118,057","-5,000",-4.27,0.82,97.05,0.00,0.00,0.82,97.05,"214,362.40"
2123,02/03/2018,GAS,"116,000","114,000","117,000","118,000","114,000","116,083","1,000",0.86,0.92,107.19,0.00,0.00,0.92,107.19,"223,932.15"
2124,01/03/2018,GAS,"113,900","113,000","116,000","117,400","112,000","115,566","2,100",1.84,0.88,101.13,0.00,0.00,0.88,101.13,"222,018.20"
2125,28/02/2018,GAS,"113,500","112,500","113,900","114,200","111,500","112,964",400,0.35,0.72,81.49,0.00,0.00,0.72,81.49,"217,998.91"
2126,27/02/2018,GAS,"113,000","116,000","113,500","116,000","112,600","114,162",500,0.44,0.61,69.48,0.00,0.00,0.61,69.48,"217,233.33"
2127,26/02/2018,GAS,"111,000","111,500","113,000","118,000","111,500","114,952","2,000",1.80,0.85,97.16,0.04,4.54,0.89,101.70,"216,276.35"
2128,23/02/2018,GAS,"106,000","109,000","111,000","111,500","107,200","109,610","5,000",4.72,0.75,82.01,0.00,0.00,0.75,82.01,"212,448.45"
2129,22/02/2018,GAS,"112,000","110,000","106,000","110,300","106,000","108,846","-6,000",-5.36,0.61,65.90,0.00,0.00,0.61,65.90,"202,878.70"
2130,21/02/2018,GAS,"108,000","110,000","112,000","113,800","108,900","111,962","4,000",3.70,0.55,61.97,0.00,0.00,0.55,61.97,"214,362.40"
2131,13/02/2018,GAS,"103,500","105,300","108,000","109,000","105,300","107,843","4,500",4.35,0.54,58.37,0.00,0.00,0.54,58.37,"206,706.60"
2132,12/02/2018,GAS,"96,800","95,200","103,500","103,500","95,200","99,096","6,700",6.92,1.34,132.96,0.00,0.00,1.34,132.96,"198,093.83"
2133,09/02/2018,GAS,"104,000","96,800","96,800","100,000","96,800","96,886","-7,200",-6.92,1.15,111.10,0.12,11.50,1.26,122.60,"185,270.36"
2134,08/02/2018,GAS,"110,000","105,000","104,000","107,900","104,000","105,486","-6,000",-5.45,0.68,72.19,0.00,0.00,0.68,72.19,"199,050.80"
2135,07/02/2018,GAS,"104,800","107,900","110,000","111,800","106,700","109,090","5,200",4.96,0.71,77.25,0.00,0.00,0.71,77.25,"210,534.50"
2136,06/02/2018,GAS,"112,600","104,800","104,800","109,500","104,800","105,026","-7,800",-6.93,1.05,110.78,0.00,0.00,1.05,110.78,"200,581.96"
2137,05/02/2018,GAS,"121,000","118,100","112,600","119,800","112,600","115,857","-8,400",-6.94,1.08,125.38,0.00,0.00,1.08,125.38,"215,510.77"
2138,02/02/2018,GAS,"122,200","122,200","121,000","124,000","120,000","121,579","-1,200",-0.98,0.56,68.26,0.00,0.00,0.56,68.26,"231,587.95"
2139,01/02/2018,GAS,"124,600","124,600","122,200","124,600","119,000","122,757","-2,400",-1.93,1.18,145.25,0.00,0.00,1.18,145.25,"233,884.69"
2140,31/01/2018,GAS,"116,500","115,000","124,600","124,600","114,000","120,846","8,100",6.95,2.29,276.30,0.02,2.20,2.31,278.50,"238,478.17"
2141,30/01/2018,GAS,"115,900","114,000","116,500","116,800","112,500","114,890",600,0.52,1.17,134.60,0.00,0.00,1.17,134.60,"222,975.18"
2142,29/01/2018,GAS,"116,400","118,900","115,900","118,900","115,000","116,612",-500,-0.43,0.93,108.43,0.00,0.00,0.93,108.43,"221,826.81"
2143,26/01/2018,GAS,"113,300","118,800","116,400","120,000","112,000","116,528","3,100",2.74,2.22,259.01,0.00,0.00,2.22,259.01,"222,783.78"
2144,25/01/2018,GAS,"105,900","112,500","113,300","113,300","111,000","112,926","7,400",6.99,1.16,130.59,0.00,0.00,1.16,130.59,"216,782.34"
2145,22/01/2018,GAS,"99,000","99,000","105,900","105,900","98,000","104,012","6,900",6.97,1.81,188.48,0.00,0.00,1.81,188.48,"202,623.56"
2146,19/01/2018,GAS,"100,100","99,900","99,000","101,000","99,000","99,758","-1,100",-1.10,0.72,72.28,0.08,8.03,0.81,80.31,"189,421.46"
2147,18/01/2018,GAS,"99,900","99,000","100,100","100,100","96,800","98,605",200,0.20,1.02,100.11,0.00,0.00,1.02,100.11,"191,526.14"
2148,17/01/2018,GAS,"103,500","99,900","99,900","104,200","99,900","102,931","-3,600",-3.48,1.02,104.67,0.00,0.00,1.02,104.67,"191,143.47"
2149,16/01/2018,GAS,"102,200","103,500","103,500","103,900","101,800","103,172","1,300",1.27,1.14,117.45,0.23,23.22,1.36,140.67,"198,031.53"
2150,15/01/2018,GAS,"100,500","100,500","102,200","102,200","98,600","99,730","1,700",1.69,0.97,96.57,0.00,0.00,0.97,96.57,"195,544.17"
2151,12/01/2018,GAS,"103,200","100,500","100,500","103,600","100,000","101,627","-2,700",-2.62,1.05,106.65,0.00,0.00,1.05,106.65,"192,291.48"
2152,11/01/2018,GAS,"103,000","103,500","103,200","104,000","101,100","102,974",200,0.19,0.70,71.81,0.00,0.00,0.70,71.81,"197,457.52"
2153,10/01/2018,GAS,"102,000","104,000","103,000","105,000","102,800","103,802","1,000",0.98,0.90,93.89,0.00,0.00,0.90,93.89,"197,074.85"
2154,09/01/2018,GAS,"100,400","102,000","102,000","103,400","100,400","101,957","1,600",1.59,0.78,79.34,0.00,0.00,0.78,79.34,"195,161.50"
2155,08/01/2018,GAS,"100,400","100,000","100,400","101,900","99,000","100,346",0,0.00,0.73,73.27,0.00,0.00,0.73,73.27,"192,100.15"
2156,05/01/2018,GAS,"102,000","102,600","100,400","103,500","100,000","101,950","-1,600",-1.57,0.83,84.60,0.00,0.00,0.83,84.60,"192,100.15"
2157,04/01/2018,GAS,"97,400","98,000","102,000","102,000","98,000","100,075","4,600",4.72,0.98,97.77,0.15,14.85,1.13,112.62,"195,161.50"
2158,03/01/2018,GAS,"95,300","96,000","97,400","97,800","95,000","96,852","2,100",2.20,0.76,73.16,0.30,29.10,1.06,102.26,"186,360.10"
2159,02/01/2018,GAS,"97,400","97,000","95,300","98,200","94,000","95,536","-2,100",-2.16,1.42,135.50,0.00,0.00,1.42,135.50,"182,342.07"
