No,Date,Ticker,Reference,Open_price,Close_price,Highest_price,Lowest_price,Average,Change,Change_percent,Matched_volume,Matched_value,Negotiated_volume,Negotiated_value,Total_volume,Total_value,Market_cap
1,28/08/2026,HPG,"22,200","22,250","22,100","22,350","22,050","22,203",-100,-0.45,17.13,380.20,0.12,2.83,17.25,383.03,"186,589.52"
2,27/08/2026,HPG,"22,050","22,050","22,200","22,400","22,050","22,222",150,0.68,19.20,426.68,0.78,16.91,19.98,443.59,"187,433.81"
3,26/08/2026,HPG,"21,800","21,800","22,050","22,100","21,750","21,941",250,1.15,19.39,425.73,0.00,0.00,19.39,425.73,"186,167.37"
4,25/08/2026,HPG,"22,250","22,250","21,800","22,300","21,800","22,024",-450,-2.02,25.84,568.78,0.00,0.00,25.84,568.78,"184,056.63"
5,24/08/2026,HPG,"21,700","22,000","22,250","22,300","21,850","22,069",550,2.53,28.79,636.13,1.32,30.62,30.11,666.75,"187,855.96"
6,21/08/2026,HPG,"21,150","21,150","21,700","21,750","21,050","21,439",550,2.60,25.14,539.38,0.00,0.00,25.14,539.38,"183,212.33"
7,20/08/2026,HPG,"21,200","21,250","21,150","21,450","21,150","21,251",-50,-0.24,15.16,322.00,0.20,4.40,15.36,326.40,"178,568.70"
8,19/08/2026,HPG,"21,000","21,100","21,200","21,200","20,900","21,022",200,0.95,15.31,322.00,1.51,31.75,16.83,353.76,"178,990.85"
9,18/08/2026,HPG,"21,200","21,150","21,000","21,400","21,000","21,182",-200,-0.94,16.37,346.71,0.40,8.82,16.77,355.53,"177,302.25"
10,17/08/2026,HPG,"21,250","21,250","21,200","21,450","21,050","21,190",-50,-0.24,18.46,391.22,0.00,0.00,18.46,391.22,"178,990.85"
11,14/08/2026,HPG,"21,700","21,700","21,250","21,800","21,200","21,478",-450,-2.07,27.44,589.01,0.23,5.18,27.67,594.19,"179,413.00"
12,13/08/2026,HPG,"22,100","22,200","21,700","22,250","21,700","21,938",-400,-1.81,25.70,563.76,1.15,25.66,26.86,589.42,"183,212.33"
13,12/08/2026,HPG,"22,050","22,000","22,100","22,350","21,950","22,195",50,0.23,15.93,353.62,0.23,5.28,16.15,358.90,"186,589.52"
14,11/08/2026,HPG,"22,100","22,200","22,050","22,250","22,050","22,136",-50,-0.23,13.69,303.14,1.96,44.93,15.66,348.08,"186,167.37"
15,10/08/2026,HPG,"22,000","22,250","22,100","22,300","21,950","22,102",100,0.45,16.73,369.89,1.32,30.42,18.05,400.30,"186,589.52"
16,07/08/2026,HPG,"21,850","21,900","22,000","22,300","21,750","22,046",150,0.69,13.02,287.11,0.20,4.07,13.22,291.18,"185,745.22"
17,06/08/2026,HPG,"22,000","22,250","21,850","22,300","21,850","21,985",-150,-0.68,14.37,315.91,1.22,28.37,15.59,344.27,"184,478.77"
18,05/08/2026,HPG,"22,150","22,350","22,000","22,600","21,950","22,180",-150,-0.68,27.96,620.54,0.20,4.74,28.16,625.28,"185,745.22"
19,04/08/2026,HPG,"22,550","22,550","22,150","22,600","22,100","22,258",-400,-1.77,22.69,505.24,2.64,59.30,25.33,564.54,"187,011.66"
20,03/08/2026,HPG,"21,700","21,700","22,550","22,650","21,650","22,296",850,3.92,44.45,991.17,0.70,14.58,45.15,"1,005.75","190,388.85"
21,31/07/2026,HPG,"21,800","21,800","21,700","21,850","21,400","21,596",-100,-0.46,24.11,520.88,0.54,12.50,24.65,533.38,"183,212.33"
22,30/07/2026,HPG,"21,650","21,650","21,800","22,050","21,500","21,753",150,0.69,29.97,652.59,1.42,29.66,31.38,682.24,"184,056.63"
23,29/07/2026,HPG,"21,000","21,050","21,650","21,650","20,900","21,313",650,3.10,36.25,773.26,1.15,25.71,37.40,798.97,"182,790.18"
24,28/07/2026,HPG,"20,350","20,150","21,000","21,000","20,100","20,705",650,3.19,29.15,603.11,1.13,23.61,30.28,626.72,"177,302.25"
25,27/07/2026,HPG,"20,800","20,900","20,350","21,000","20,300","20,680",-450,-2.16,18.17,375.42,0.00,0.00,18.17,375.42,"171,814.33"
26,24/07/2026,HPG,"20,800","20,700","20,800","21,000","20,600","20,805",0,0.00,17.63,366.81,3.30,72.99,20.93,439.80,"175,613.66"
27,23/07/2026,HPG,"20,700","20,700","20,800","21,000","20,150","20,646",100,0.48,36.97,763.62,0.09,1.86,37.06,765.48,"175,613.66"
28,22/07/2026,HPG,"20,800","20,900","20,700","21,050","20,500","20,725",-100,-0.48,43.47,900.62,0.00,0.00,43.47,900.62,"174,769.37"
29,21/07/2026,HPG,"20,600","20,500","20,800","21,150","20,500","20,856",200,0.97,27.20,567.23,0.36,7.88,27.56,575.11,"175,613.66"
30,20/07/2026,HPG,"21,850","21,750","20,600","21,750","20,500","21,023","-1,250",-5.72,53.25,"1,117.39",0.56,12.33,53.81,"1,129.73","173,925.07"
31,17/07/2026,HPG,"22,200","22,200","21,850","22,350","21,850","22,029",-350,-1.58,17.01,374.63,0.51,11.49,17.52,386.12,"184,478.77"
32,16/07/2026,HPG,"22,400","22,300","22,200","22,400","21,800","22,114",-200,-0.89,22.88,506.02,0.73,16.22,23.61,522.24,"187,433.81"
33,15/07/2026,HPG,"22,500","22,500","22,400","22,600","22,150","22,296",-100,-0.44,21.46,478.85,0.43,9.98,21.89,488.83,"189,122.41"
34,14/07/2026,HPG,"22,400","22,300","22,500","22,500","22,000","22,346",100,0.45,22.48,500.30,0.78,17.23,23.26,517.52,"189,966.70"
35,13/07/2026,HPG,"22,950","22,950","22,400","22,950","22,350","22,613",-550,-2.40,32.31,730.01,0.03,0.74,32.34,730.74,"189,122.41"
36,10/07/2026,HPG,"23,200","23,200","22,950","23,250","22,950","23,075",-250,-1.08,11.91,274.69,1.49,34.63,13.39,309.32,"193,766.04"
37,09/07/2026,HPG,"23,200","23,200","23,200","23,250","23,100","23,177",0,0.00,11.64,269.89,0.00,0.00,11.64,269.89,"195,876.78"
38,08/07/2026,HPG,"23,100","23,150","23,200","23,400","23,050","23,199",100,0.43,12.50,290.03,0.64,14.81,13.14,304.84,"195,876.78"
39,07/07/2026,HPG,"23,100","23,200","23,100","23,250","23,000","23,082",0,0.00,13.84,319.46,0.00,0.00,13.84,319.46,"195,032.48"
40,06/07/2026,HPG,"23,250","23,400","23,100","23,600","23,000","23,277",-150,-0.65,21.30,495.93,1.50,35.25,22.80,531.18,"195,032.48"
44,30/06/2026,HPG,"23,650","23,700","23,300","23,700","23,250","23,450",-350,-1.48,30.59,717.05,0.05,1.26,30.64,718.32,"196,721.07"
45,29/06/2026,HPG,"23,500","23,550","23,650","23,650","23,450","23,569",150,0.64,14.16,333.69,1.75,40.89,15.91,374.57,"199,676.11"
46,26/06/2026,HPG,"23,400","23,400","23,500","23,500","23,350","23,422",100,0.43,15.47,362.22,1.50,34.95,16.97,397.17,"180,373.45"
47,25/06/2026,HPG,"23,500","23,500","23,400","23,600","23,400","23,482",-100,-0.43,7.66,179.80,1.70,40.15,9.36,219.95,"179,605.90"
48,24/06/2026,HPG,"23,300","23,400","23,500","23,600","23,300","23,408",200,0.86,12.93,302.81,2.68,58.98,15.61,361.79,"180,373.45"
49,23/06/2026,HPG,"23,600","23,650","23,300","23,700","23,300","23,464",-300,-1.27,29.07,681.94,0.36,8.65,29.43,690.59,"178,838.35"
50,22/06/2026,HPG,"23,600","23,700","23,600","23,850","23,600","23,694",0,0.00,10.68,253.08,0.43,10.19,11.11,263.28,"181,140.99"
41,03/07/2026,HPG,"23,400","23,400","23,250","23,500","23,250","23,329",-150,-0.64,15.94,371.67,0.10,2.34,16.04,374.01,"196,298.93"
42,02/07/2026,HPG,"23,450","23,500","23,400","23,650","23,350","23,466",-50,-0.21,13.37,313.62,1.64,38.36,15.01,351.98,"197,565.37"
43,01/07/2026,HPG,"23,300","23,400","23,450","23,550","23,350","23,465",150,0.64,14.94,350.57,1.75,40.84,16.69,391.41,"197,987.52"
51,19/06/2026,HPG,"23,650","23,800","23,600","23,900","23,600","23,764",-50,-0.21,20.06,475.79,0.83,21.02,20.89,496.81,"181,140.99"
52,18/06/2026,HPG,"24,000","24,050","23,650","24,150","23,650","23,941",-350,-1.46,18.04,430.93,0.70,17.30,18.74,448.23,"181,524.77"
53,17/06/2026,HPG,"24,200","24,200","24,000","24,300","24,000","24,167",-200,-0.83,19.04,459.86,3.59,91.70,22.63,551.56,"184,211.18"
54,16/06/2026,HPG,"24,350","24,250","24,200","24,350","24,100","24,237",-150,-0.62,14.15,342.80,0.06,1.26,14.20,344.05,"185,746.27"
55,15/06/2026,HPG,"23,200","23,550","24,350","24,350","23,550","23,977","1,150",4.96,30.70,736.12,6.25,137.81,36.95,873.92,"186,897.59"
56,12/06/2026,HPG,"23,300","23,550","23,200","23,550","23,200","23,362",-100,-0.43,13.27,310.01,1.86,44.01,15.13,354.02,"178,070.81"
57,11/06/2026,HPG,"23,600","23,500","23,300","23,550","23,300","23,422",-300,-1.27,10.18,238.25,1.97,46.43,12.14,284.68,"178,838.35"
58,10/06/2026,HPG,"23,550","23,550","23,600","23,700","23,450","23,600",50,0.21,7.51,177.19,2.06,49.34,9.56,226.53,"181,140.99"
59,09/06/2026,HPG,"23,300","23,350","23,550","23,550","23,300","23,420",250,1.07,12.44,291.70,4.18,103.21,16.62,394.91,"180,757.22"
60,08/06/2026,HPG,"23,750","23,650","23,300","23,750","23,300","23,526",-450,-1.89,22.77,535.43,2.25,54.51,25.02,589.94,"178,838.35"
61,05/06/2026,HPG,"23,950","23,950","23,750","24,050","23,750","23,855",-200,-0.84,13.89,331.22,0.58,14.02,14.47,345.24,"182,292.31"
62,04/06/2026,HPG,"24,150","24,150","23,950","24,150","23,900","23,996",-200,-0.83,10.07,241.49,1.72,41.44,11.78,282.94,"183,827.41"
63,03/06/2026,HPG,"23,700","23,700","24,150","24,150","23,600","23,837",450,1.90,20.57,491.25,0.26,6.22,20.83,497.47,"185,362.50"
64,02/06/2026,HPG,"24,050","24,000","23,700","24,050","23,700","23,843",-350,-1.46,25.53,608.13,0.24,5.51,25.77,613.64,"181,908.54"
65,01/06/2026,HPG,"24,000","24,000","24,050","24,150","23,950","24,052",50,0.21,9.67,232.65,0.79,17.95,10.46,250.60,"184,594.95"
66,29/05/2026,HPG,"24,000","24,050","24,000","24,200","23,900","24,039",0,0.00,16.37,393.52,0.56,13.56,16.93,407.08,"184,211.18"
67,28/05/2026,HPG,"24,150","24,150","24,000","24,250","24,000","24,102",-150,-0.62,15.67,377.43,0.65,16.38,16.32,393.81,"184,211.18"
68,27/05/2026,HPG,"24,250","24,400","24,150","24,500","24,150","24,292",-100,-0.41,23.11,561.42,0.73,18.25,23.84,579.67,"185,362.50"
69,26/05/2026,HPG,"24,100","24,100","24,250","24,250","24,000","24,119",150,0.62,20.72,500.09,0.04,0.79,20.76,500.88,"186,130.05"
70,25/05/2026,HPG,"23,950","24,250","24,100","24,350","24,100","24,221",150,0.63,26.99,653.56,0.20,5.00,27.19,658.56,"184,978.73"
71,22/05/2026,HPG,"26,550","26,600","26,350","26,650","26,350","26,436",-200,-0.75,25.79,681.91,0.00,0.00,25.79,681.91,"202,248.53"
72,21/05/2026,HPG,"26,200","26,350","26,550","26,700","26,300","26,529",350,1.34,30.56,811.15,2.81,78.03,33.37,889.18,"203,783.62"
73,20/05/2026,HPG,"26,250","26,300","26,200","26,400","25,750","26,101",-50,-0.19,40.98,"1,069.16",0.06,1.68,41.04,"1,070.84","201,097.21"
74,19/05/2026,HPG,"26,450","26,500","26,250","26,650","26,250","26,427",-200,-0.76,25.11,663.72,0.35,9.27,25.46,672.99,"201,480.98"
75,18/05/2026,HPG,"26,550","26,500","26,450","26,700","26,250","26,435",-100,-0.38,27.49,726.77,1.40,39.14,28.89,765.91,"203,016.07"
76,15/05/2026,HPG,"27,050","27,050","26,550","27,100","26,450","26,635",-500,-1.85,75.84,"2,020.38",0.07,1.91,75.91,"2,022.29","203,783.62"
77,14/05/2026,HPG,"27,100","27,300","27,050","27,400","27,050","27,194",-50,-0.18,14.05,381.94,3.69,103.23,17.74,485.17,"207,621.35"
78,13/05/2026,HPG,"26,900","26,950","27,100","27,250","26,800","26,993",200,0.74,21.54,581.79,1.00,27.07,22.54,608.85,"208,005.12"
79,12/05/2026,HPG,"27,000","27,000","26,900","27,200","26,850","26,935",-100,-0.37,19.17,516.32,2.95,80.05,22.13,596.37,"206,470.03"
80,11/05/2026,HPG,"27,350","27,500","27,000","27,500","27,000","27,209",-350,-1.28,23.66,643.68,6.72,181.69,30.37,825.37,"207,237.58"
81,08/05/2026,HPG,"27,750","27,750","27,850","27,900","27,550","27,760",100,0.36,20.68,574.25,0.10,2.77,20.78,577.02,"213,761.72"
82,07/05/2026,HPG,"27,600","27,800","27,750","27,900","27,600","27,749",150,0.54,20.35,564.59,7.01,192.45,27.35,757.04,"212,994.18"
83,06/05/2026,HPG,"27,300","27,400","27,600","27,800","27,300","27,546",300,1.10,27.67,762.40,0.20,5.60,27.87,768.00,"211,842.86"
84,05/05/2026,HPG,"27,600","27,650","27,300","27,700","27,200","27,349",-300,-1.09,30.69,839.44,6.55,180.72,37.24,"1,020.16","209,540.22"
85,04/05/2026,HPG,"27,750","27,750","27,600","27,950","27,400","27,616",-150,-0.54,32.37,893.88,0.24,6.71,32.61,900.59,"211,842.86"
86,29/04/2026,HPG,"27,750","27,650","27,750","27,900","27,600","27,746",0,0.00,17.24,478.40,0.00,0.00,17.24,478.40,"212,994.18"
87,28/04/2026,HPG,"27,900","27,800","27,750","28,000","27,700","27,836",-150,-0.54,14.07,391.44,0.05,1.48,14.12,392.92,"212,994.18"
88,24/04/2026,HPG,"27,800","27,900","27,900","27,950","27,500","27,705",100,0.36,23.40,648.93,0.53,14.67,23.93,663.61,"214,145.50"
89,23/04/2026,HPG,"28,200","28,200","27,800","28,350","27,600","27,938",-400,-1.42,41.13,"1,148.75",0.00,0.00,41.13,"1,148.75","213,377.95"
90,22/04/2026,HPG,"28,550","28,550","28,200","28,700","28,050","28,296",-350,-1.23,27.75,784.43,0.04,1.20,27.79,785.63,"216,448.14"
91,21/04/2026,HPG,"28,450","29,150","28,550","29,450","28,500","29,045",100,0.35,99.65,"2,893.21",0.42,11.74,100.07,"2,904.95","219,134.55"
92,20/04/2026,HPG,"28,000","28,150","28,450","28,450","28,050","28,238",450,1.61,26.44,747.08,0.16,4.56,26.60,751.64,"218,367.00"
93,17/04/2026,HPG,"27,950","27,950","28,000","28,250","27,900","28,052",50,0.18,21.40,600.43,0.00,0.00,21.40,600.43,"214,913.04"
94,16/04/2026,HPG,"28,050","28,050","27,950","28,200","27,750","27,944",-100,-0.36,27.97,781.92,0.00,0.00,27.97,781.92,"214,529.27"
95,15/04/2026,HPG,"28,550","28,700","28,050","28,750","28,050","28,286",-500,-1.75,29.75,841.06,0.35,9.80,30.10,850.86,"215,296.82"
96,14/04/2026,HPG,"27,800","28,100","28,550","28,800","27,950","28,412",750,2.70,61.93,"1,759.88",0.37,10.44,62.30,"1,770.32","219,134.55"
97,13/04/2026,HPG,"28,000","27,850","27,800","28,150","27,800","27,939",-200,-0.71,23.01,642.84,0.80,22.40,23.81,665.24,"213,377.95"
98,10/04/2026,HPG,"28,250","28,600","28,000","28,600","28,000","28,314",-250,-0.88,35.47,"1,004.14",0.52,15.32,35.99,"1,019.46","214,913.04"
99,09/04/2026,HPG,"28,000","27,900","28,250","28,600","27,650","28,141",250,0.89,51.61,"1,453.20",0.44,11.92,52.05,"1,465.12","216,831.91"
100,08/04/2026,HPG,"26,800","27,500","28,000","28,050","27,400","27,812","1,200",4.48,67.65,"1,879.46",20.15,544.96,87.80,"2,424.42","214,913.04"
101,07/04/2026,HPG,"26,850","26,800","26,800","27,100","26,750","26,888",-50,-0.19,13.16,353.84,1.54,40.61,14.70,394.45,"205,702.48"
102,06/04/2026,HPG,"26,650","26,650","26,850","27,100","26,600","26,805",200,0.75,19.75,529.37,19.95,539.36,39.70,"1,068.73","206,086.26"
103,03/04/2026,HPG,"27,350","27,350","26,650","27,400","26,600","26,920",-700,-2.56,31.38,845.19,1.43,37.58,32.81,882.77,"204,551.17"
104,02/04/2026,HPG,"27,150","27,000","27,350","27,500","26,750","27,160",200,0.74,50.01,"1,360.92",0.00,0.00,50.01,"1,360.92","209,923.99"
105,01/04/2026,HPG,"26,900","27,350","27,150","27,450","27,100","27,274",250,0.93,31.50,859.23,5.82,151.25,37.32,"1,010.49","208,388.90"
106,31/03/2026,HPG,"26,900","27,050","26,900","27,250","26,800","26,991",0,0.00,23.55,635.71,2.14,55.67,25.69,691.38,"206,470.03"
107,30/03/2026,HPG,"26,500","26,150","26,900","27,100","25,950","26,656",400,1.51,41.28,"1,099.62",5.71,148.55,46.99,"1,248.17","206,470.03"
108,27/03/2026,HPG,"25,900","25,950","26,500","26,700","25,850","26,272",600,2.32,26.86,706.53,0.00,0.00,26.86,706.53,"203,399.85"
109,26/03/2026,HPG,"26,350","26,300","25,900","26,350","25,900","26,044",-450,-1.71,18.42,479.78,0.54,14.23,18.96,494.01,"198,794.57"
110,25/03/2026,HPG,"25,950","26,300","26,350","26,400","26,100","26,238",400,1.54,22.97,602.80,0.00,0.00,22.97,602.80,"202,248.53"
111,24/03/2026,HPG,"25,500","26,000","25,950","26,300","25,850","26,031",450,1.76,27.78,723.10,0.69,18.57,28.46,741.66,"199,178.34"
112,23/03/2026,HPG,"25,900","25,650","25,500","26,200","25,250","25,659",-400,-1.54,44.36,"1,138.32",0.00,0.00,44.36,"1,138.32","195,724.38"
113,20/03/2026,HPG,"26,700","26,500","25,900","26,550","25,900","26,219",-800,-3.00,60.89,"1,591.33",2.81,77.76,63.69,"1,669.09","198,794.57"
114,19/03/2026,HPG,"26,800","26,500","26,700","26,850","26,350","26,524",-100,-0.37,36.84,978.85,0.55,15.76,37.39,994.61,"204,934.94"
115,18/03/2026,HPG,"26,900","26,900","26,800","27,150","26,650","26,872",-100,-0.37,23.06,619.67,0.05,1.28,23.11,620.95,"205,702.48"
116,17/03/2026,HPG,"26,750","27,000","26,900","27,350","26,900","27,100",150,0.56,24.18,654.85,0.24,6.42,24.42,661.27,"206,470.03"
117,16/03/2026,HPG,"26,650","26,650","26,750","26,950","26,550","26,676",100,0.38,19.88,530.66,0.16,4.10,20.04,534.76,"205,318.71"
118,13/03/2026,HPG,"26,800","26,700","26,650","27,200","26,500","26,825",-150,-0.56,28.67,769.27,0.60,16.36,29.27,785.63,"204,551.17"
119,12/03/2026,HPG,"27,400","27,000","26,800","27,150","26,650","26,903",-600,-2.19,44.05,"1,185.17",0.07,1.79,44.12,"1,186.96","205,702.48"
120,11/03/2026,HPG,"27,100","27,150","27,400","27,650","26,950","27,263",300,1.11,49.91,"1,361.26",0.10,2.56,50.01,"1,363.83","210,307.76"
121,10/03/2026,HPG,"25,350","26,800","27,100","27,100","26,150","26,856","1,750",6.90,91.24,"2,452.32",1.48,39.97,92.71,"2,492.30","208,005.12"
122,09/03/2026,HPG,"27,250","25,500","25,350","26,150","25,350","25,423","-1,900",-6.97,120.98,"3,075.22",1.50,42.00,122.48,"3,117.22","194,573.06"
123,06/03/2026,HPG,"27,250","27,000","27,250","27,600","26,850","27,087",0,0.00,44.35,"1,202.76",0.10,2.85,44.46,"1,205.61","209,156.44"
124,05/03/2026,HPG,"27,700","27,950","27,250","28,150","27,100","27,533",-450,-1.62,48.00,"1,321.39",0.00,0.00,48.00,"1,321.39","209,156.44"
125,04/03/2026,HPG,"27,700","27,600","27,700","27,850","26,800","27,335",0,0.00,68.28,"1,867.26",0.00,0.00,68.28,"1,867.26","212,610.40"
126,03/03/2026,HPG,"28,500","28,800","27,700","28,850","27,600","28,115",-800,-2.81,69.29,"1,947.76",0.25,6.69,69.54,"1,954.45","212,610.40"
127,02/03/2026,HPG,"28,800","28,200","28,500","29,250","28,050","28,523",-300,-1.04,86.91,"2,480.44",0.00,0.00,86.91,"2,480.44","218,750.78"
128,27/02/2026,HPG,"29,400","29,350","28,800","29,400","28,800","29,030",-600,-2.04,47.31,"1,372.21",2.75,80.79,50.06,"1,453.00","221,053.42"
129,26/02/2026,HPG,"29,300","29,500","29,400","29,550","28,800","29,095",100,0.34,54.50,"1,585.11",1.00,28.10,55.50,"1,613.21","225,658.70"
130,25/02/2026,HPG,"28,300","28,400","29,300","29,700","28,400","29,242","1,000",3.53,136.41,"3,988.01",0.15,4.25,136.56,"3,992.26","224,891.15"
131,24/02/2026,HPG,"27,500","27,500","28,300","28,400","27,350","28,053",800,2.91,99.50,"2,791.80",0.53,13.71,100.02,"2,805.51","217,215.68"
132,23/02/2026,HPG,"26,850","27,100","27,500","27,500","27,100","27,330",650,2.42,36.09,986.53,0.33,9.03,36.42,995.56,"211,075.31"
133,13/02/2026,HPG,"26,900","26,900","26,850","27,150","26,800","26,931",-50,-0.19,24.07,648.09,0.00,0.00,24.07,648.09,"206,086.26"
134,12/02/2026,HPG,"26,850","27,000","26,900","27,100","26,750","26,926",50,0.19,13.14,353.70,1.55,41.82,14.69,395.52,"206,470.03"
135,11/02/2026,HPG,"26,550","26,650","26,850","27,100","26,500","26,847",300,1.13,26.50,712.07,5.70,153.14,32.20,865.21,"206,086.26"
136,10/02/2026,HPG,"26,750","26,900","26,550","26,950","26,400","26,647",-200,-0.75,32.54,867.38,0.34,9.10,32.89,876.48,"203,783.62"
137,09/02/2026,HPG,"26,800","27,050","26,750","27,300","26,700","26,867",-50,-0.19,24.31,653.20,6.83,182.85,31.14,836.05,"205,318.71"
138,06/02/2026,HPG,"27,550","27,350","26,800","28,100","26,800","27,459",-750,-2.72,67.07,"1,842.39",3.01,84.37,70.09,"1,926.76","205,702.48"
139,05/02/2026,HPG,"28,300","28,300","27,550","28,350","27,550","27,823",-750,-2.65,32.89,913.95,0.08,2.12,32.97,916.07,"211,459.08"
140,04/02/2026,HPG,"26,750","26,850","28,300","28,600","26,850","27,965","1,550",5.79,145.42,"4,064.92",0.47,12.15,145.89,"4,077.07","217,215.68"
141,03/02/2026,HPG,"26,550","26,650","26,750","27,100","26,650","26,867",200,0.75,32.03,860.70,0.52,13.82,32.55,874.52,"205,318.71"
142,02/02/2026,HPG,"26,800","26,800","26,550","26,800","26,250","26,477",-250,-0.93,44.02,"1,165.87",0.19,4.88,44.21,"1,170.76","203,783.62"
143,30/01/2026,HPG,"27,100","27,300","26,800","27,500","26,750","27,038",-300,-1.11,40.56,"1,096.65",15.70,418.90,56.26,"1,515.54","205,702.48"
144,29/01/2026,HPG,"26,700","26,800","27,100","27,100","26,800","26,981",400,1.50,27.61,745.31,0.93,25.77,28.53,771.08,"208,005.12"
145,28/01/2026,HPG,"26,450","26,550","26,700","27,100","26,550","26,743",250,0.95,29.98,801.74,2.94,78.68,32.92,880.42,"204,934.94"
146,27/01/2026,HPG,"26,300","26,350","26,450","26,550","26,200","26,368",150,0.57,21.01,554.31,0.19,4.92,21.20,559.23,"203,016.07"
147,26/01/2026,HPG,"26,750","26,750","26,300","26,800","26,150","26,449",-450,-1.68,33.76,892.53,0.34,9.21,34.10,901.74,"201,864.75"
148,23/01/2026,HPG,"26,850","27,100","26,750","27,150","26,750","26,897",-100,-0.37,24.23,651.96,0.48,12.98,24.71,664.93,"205,318.71"
149,22/01/2026,HPG,"26,800","26,900","26,850","27,300","26,850","27,029",50,0.19,27.73,749.37,0.10,2.50,27.83,751.86,"206,086.26"
150,21/01/2026,HPG,"27,250","27,150","26,800","27,250","26,650","26,916",-450,-1.65,37.23,"1,002.28",0.50,13.83,37.74,"1,016.11","205,702.48"
151,20/01/2026,HPG,"27,700","27,850","27,250","27,950","27,100","27,456",-450,-1.62,44.17,"1,212.45",1.65,46.32,45.82,"1,258.78","209,156.44"
152,19/01/2026,HPG,"27,600","27,900","27,700","28,200","27,650","27,911",100,0.36,40.47,"1,129.58",0.15,4.14,40.62,"1,133.72","212,610.40"
153,16/01/2026,HPG,"27,600","27,800","27,600","28,250","27,300","27,880",0,0.00,65.58,"1,829.62",0.72,20.82,66.30,"1,850.44","211,842.86"
154,15/01/2026,HPG,"27,250","27,250","27,600","27,900","27,250","27,598",350,1.28,61.94,"1,709.76",0.00,0.00,61.94,"1,709.76","211,842.86"
155,14/01/2026,HPG,"27,250","27,450","27,250","27,600","27,000","27,268",0,0.00,53.91,"1,469.87",0.50,13.63,54.41,"1,483.50","209,156.44"
156,13/01/2026,HPG,"27,500","27,750","27,250","27,900","27,000","27,311",-250,-0.91,45.78,"1,254.18",0.00,0.00,45.78,"1,254.18","209,156.44"
157,12/01/2026,HPG,"26,200","26,350","27,500","27,600","26,350","27,088","1,300",4.96,83.53,"2,260.87",0.00,0.00,83.53,"2,260.87","211,075.31"
158,09/01/2026,HPG,"26,400","26,800","26,200","26,800","26,200","26,416",-200,-0.76,35.09,926.65,0.00,0.00,35.09,926.65,"201,097.21"
159,08/01/2026,HPG,"26,600","26,700","26,400","26,800","26,400","26,603",-200,-0.75,37.52,998.34,4.50,119.56,42.02,"1,117.90","202,632.30"
160,07/01/2026,HPG,"25,950","25,950","26,600","26,750","25,950","26,441",650,2.50,37.25,984.65,1.30,32.17,38.55,"1,016.82","204,167.39"
161,06/01/2026,HPG,"25,950","26,000","25,950","26,200","25,350","25,769",0,0.00,39.62,"1,021.63",10.55,283.10,50.17,"1,304.73","199,178.34"
162,05/01/2026,HPG,"26,400","26,400","25,950","26,550","25,700","26,117",-450,-1.70,46.49,"1,213.56",12.94,346.15,59.43,"1,559.71","199,178.34"
163,31/12/2025,HPG,"26,500","26,450","26,400","26,600","26,350","26,456",-100,-0.38,20.15,533.03,1.70,42.76,21.85,575.78,"202,632.30"
164,30/12/2025,HPG,"26,700","26,700","26,500","26,850","26,500","26,591",-200,-0.75,24.58,653.52,0.14,3.68,24.72,657.19,"203,399.85"
165,29/12/2025,HPG,"26,900","27,000","26,700","27,000","26,650","26,848",-200,-0.74,16.53,443.67,1.62,43.32,18.14,486.99,"204,934.94"
166,26/12/2025,HPG,"26,250","27,100","26,900","27,700","26,650","27,018",650,2.48,94.04,"2,542.56",1.89,52.89,95.93,"2,595.45","206,470.03"
167,25/12/2025,HPG,"26,550","26,550","26,250","26,650","26,250","26,417",-300,-1.13,29.78,787.21,11.25,301.00,41.03,"1,088.21","201,480.98"
168,24/12/2025,HPG,"26,750","26,850","26,550","26,850","26,500","26,644",-200,-0.75,23.14,616.59,14.18,379.14,37.32,995.73,"203,783.62"
169,23/12/2025,HPG,"26,900","27,050","26,750","27,200","26,650","26,958",-150,-0.56,29.59,797.86,1.76,48.57,31.34,846.43,"205,318.71"
170,22/12/2025,HPG,"26,700","26,700","26,900","27,100","26,600","26,816",200,0.75,54.88,"1,472.30",3.62,92.03,58.50,"1,564.33","206,470.03"
171,19/12/2025,HPG,"26,400","26,400","26,700","26,700","26,400","26,520",300,1.14,29.58,785.32,5.12,134.47,34.70,919.79,"204,934.94"
172,18/12/2025,HPG,"26,400","26,400","26,400","26,550","26,250","26,384",0,0.00,18.78,495.38,1.22,32.27,19.99,527.65,"202,632.30"
173,17/12/2025,HPG,"26,700","26,700","26,400","26,700","26,400","26,525",-300,-1.12,16.55,438.68,5.08,139.81,21.63,578.49,"202,632.30"
174,16/12/2025,HPG,"26,250","26,350","26,700","26,950","26,250","26,521",450,1.71,29.33,778.44,1.00,26.21,30.33,804.65,"204,934.94"
175,15/12/2025,HPG,"26,000","26,250","26,250","26,400","26,050","26,255",250,0.96,23.94,628.55,2.19,57.08,26.13,685.63,"201,480.98"
176,12/12/2025,HPG,"26,550","26,600","26,000","26,700","26,000","26,344",-550,-2.07,37.09,975.83,14.74,394.97,51.83,"1,370.80","199,562.11"
177,11/12/2025,HPG,"26,650","26,700","26,550","26,900","26,500","26,697",-100,-0.38,17.14,457.72,0.27,7.22,17.41,464.94,"203,783.62"
178,10/12/2025,HPG,"26,400","26,650","26,650","27,000","26,600","26,790",250,0.95,19.71,527.85,14.74,390.01,34.45,917.86,"204,551.17"
179,09/12/2025,HPG,"26,750","26,700","26,400","26,900","26,400","26,580",-350,-1.31,39.91,"1,060.57",1.13,29.54,41.04,"1,090.11","202,632.30"
180,08/12/2025,HPG,"27,000","26,900","26,750","27,100","26,750","26,907",-250,-0.93,21.46,577.02,2.87,77.40,24.32,654.42,"205,318.71"
181,05/12/2025,HPG,"27,300","27,350","27,000","27,350","27,000","27,127",-300,-1.10,17.66,478.78,0.33,8.63,17.99,487.41,"207,237.58"
182,04/12/2025,HPG,"26,800","26,950","27,300","27,450","26,900","27,136",500,1.87,35.08,952.03,0.08,2.17,35.16,954.20,"209,540.22"
183,03/12/2025,HPG,"26,500","26,600","26,800","26,850","26,450","26,621",300,1.13,21.53,573.44,1.93,51.10,23.46,624.54,"205,702.48"
184,02/12/2025,HPG,"26,500","26,550","26,500","26,650","26,200","26,356",0,0.00,26.07,687.41,1.58,42.59,27.65,729.99,"203,399.85"
185,01/12/2025,HPG,"26,550","26,650","26,500","26,750","26,500","26,593",-50,-0.19,19.75,525.21,7.28,190.58,27.02,715.79,"203,399.85"
186,28/11/2025,HPG,"26,900","26,900","26,550","27,050","26,550","26,750",-350,-1.30,20.79,556.14,7.13,196.74,27.92,752.87,"203,783.62"
187,27/11/2025,HPG,"27,100","27,200","26,900","27,300","26,900","27,023",-200,-0.74,13.96,377.25,5.00,138.72,18.96,515.97,"206,470.03"
188,26/11/2025,HPG,"26,900","26,950","27,100","27,200","26,850","27,036",200,0.74,19.02,514.39,9.46,257.28,28.48,771.67,"208,005.12"
189,25/11/2025,HPG,"27,100","27,150","26,900","27,350","26,900","27,095",-200,-0.74,24.35,659.70,3.68,100.92,28.02,760.62,"206,470.03"
190,24/11/2025,HPG,"27,400","27,400","27,100","27,550","27,100","27,315",-300,-1.09,14.71,401.75,2.01,55.12,16.71,456.87,"208,005.12"
191,21/11/2025,HPG,"27,250","27,150","27,400","27,450","26,900","27,108",150,0.55,22.61,613.14,0.72,18.99,23.33,632.13,"210,307.76"
192,20/11/2025,HPG,"27,600","27,700","27,250","27,800","27,150","27,317",-350,-1.27,23.05,629.70,0.48,13.33,23.53,643.03,"209,156.44"
193,19/11/2025,HPG,"27,500","27,500","27,600","28,350","27,450","27,906",100,0.36,56.32,"1,571.88",2.20,57.87,58.52,"1,629.75","211,842.86"
194,18/11/2025,HPG,"27,300","27,250","27,500","27,600","27,150","27,429",200,0.73,35.03,961.02,5.83,157.26,40.86,"1,118.28","211,075.31"
195,17/11/2025,HPG,"26,900","27,050","27,300","27,350","27,050","27,222",400,1.49,32.16,875.38,0.43,11.50,32.58,886.88,"209,540.22"
196,14/11/2025,HPG,"26,550","26,500","26,900","26,950","26,500","26,795",350,1.32,22.11,592.84,7.92,211.92,30.03,804.76,"206,470.03"
197,13/11/2025,HPG,"27,000","27,000","26,550","27,050","26,550","26,747",-450,-1.67,18.93,506.10,1.17,33.47,20.10,539.57,"203,783.62"
198,12/11/2025,HPG,"26,600","26,650","27,000","27,100","26,650","26,897",400,1.50,30.66,824.99,4.56,121.61,35.22,946.60,"207,237.58"
199,11/11/2025,HPG,"26,450","26,600","26,600","26,900","26,450","26,686",150,0.57,31.33,836.30,2.12,55.72,33.45,892.02,"204,167.39"
200,10/11/2025,HPG,"26,050","26,200","26,450","26,750","26,100","26,527",400,1.54,48.02,"1,273.07",0.93,24.97,48.95,"1,298.04","203,016.07"
201,07/11/2025,HPG,"26,100","26,150","26,050","26,550","26,000","26,165",-50,-0.19,55.10,"1,444.36",2.12,55.79,57.22,"1,500.15","199,945.89"
202,06/11/2025,HPG,"26,300","26,350","26,100","26,500","26,100","26,223",-200,-0.76,21.21,556.14,0.26,6.72,21.47,562.86,"200,329.66"
203,05/11/2025,HPG,"26,750","26,450","26,300","26,750","26,250","26,473",-450,-1.68,20.84,551.95,3.49,92.97,24.33,644.92,"201,864.75"
204,04/11/2025,HPG,"26,050","26,150","26,750","26,850","25,950","26,277",700,2.69,37.77,995.31,0.96,25.66,38.73,"1,020.97","205,318.71"
205,03/11/2025,HPG,"26,700","26,750","26,050","26,900","26,050","26,468",-650,-2.43,28.36,750.34,2.10,56.15,30.46,806.49,"199,945.89"
206,31/10/2025,HPG,"26,900","26,900","26,700","27,100","26,700","26,834",-200,-0.74,19.78,530.51,1.10,29.92,20.88,560.42,"204,934.94"
207,30/10/2025,HPG,"27,250","27,400","26,900","27,400","26,900","27,064",-350,-1.28,23.69,641.28,0.63,17.10,24.32,658.38,"206,470.03"
208,29/10/2025,HPG,"26,800","26,900","27,250","27,550","26,900","27,225",450,1.68,39.45,"1,074.16",4.72,119.60,44.17,"1,193.75","209,156.44"
209,28/10/2025,HPG,"26,250","26,350","26,800","26,800","26,150","26,445",550,2.10,28.51,753.99,0.22,6.00,28.73,759.99,"205,702.48"
210,27/10/2025,HPG,"26,400","26,750","26,250","26,850","26,250","26,514",-150,-0.57,27.39,726.50,0.71,18.90,28.10,745.40,"201,480.98"
211,24/10/2025,HPG,"26,500","26,500","26,400","26,700","26,100","26,413",-100,-0.38,30.59,807.67,0.22,6.05,30.81,813.72,"202,632.30"
212,23/10/2025,HPG,"26,700","26,750","26,500","27,000","26,500","26,720",-200,-0.75,23.44,626.37,0.08,2.19,23.52,628.57,"203,399.85"
213,22/10/2025,HPG,"26,800","26,900","26,700","26,900","26,150","26,510",-100,-0.37,37.27,989.35,1.72,45.95,38.99,"1,035.30","204,934.94"
214,21/10/2025,HPG,"26,050","26,300","26,800","27,000","26,000","26,462",750,2.88,74.28,"1,965.18",2.28,60.43,76.55,"2,025.61","205,702.48"
215,20/10/2025,HPG,"28,000","27,900","26,050","28,250","26,050","27,110","-1,950",-6.96,102.96,"2,775.39",0.22,6.28,103.18,"2,781.66","199,945.89"
216,17/10/2025,HPG,"28,250","28,300","28,000","28,650","28,000","28,298",-250,-0.88,46.51,"1,316.22",0.98,27.73,47.49,"1,343.94","214,913.04"
217,16/10/2025,HPG,"28,250","28,250","28,250","28,800","28,000","28,241",0,0.00,44.72,"1,263.43",2.70,81.08,47.42,"1,344.51","216,831.91"
218,15/10/2025,HPG,"28,350","28,400","28,250","28,700","28,200","28,398",-100,-0.35,34.62,983.52,5.56,160.00,40.19,"1,143.52","216,831.91"
219,14/10/2025,HPG,"29,000","29,050","28,350","29,250","28,300","28,692",-650,-2.24,84.31,"2,420.77",3.24,97.76,87.55,"2,518.54","217,599.46"
220,13/10/2025,HPG,"29,600","29,050","29,000","29,250","28,850","29,010",-600,-2.03,80.24,"2,328.89",8.00,235.17,88.24,"2,564.05","222,588.51"
221,10/10/2025,HPG,"28,950","29,000","29,600","29,750","28,900","29,411",650,2.25,62.70,"1,843.65",5.74,171.61,68.44,"2,015.26","227,193.79"
222,09/10/2025,HPG,"29,200","29,400","28,950","29,400","28,850","29,054",-250,-0.86,42.55,"1,236.60",1.70,52.42,44.25,"1,289.01","222,204.74"
223,08/10/2025,HPG,"29,000","29,250","29,200","29,400","28,750","29,091",200,0.69,59.95,"1,745.11",2.20,67.47,62.15,"1,812.58","224,123.60"
224,07/10/2025,HPG,"29,200","29,200","29,000","29,350","29,000","29,138",-200,-0.68,41.40,"1,206.25",2.93,84.58,44.33,"1,290.83","222,588.51"
225,06/10/2025,HPG,"27,650","28,100","29,200","29,200","28,100","28,823","1,550",5.61,71.27,"2,052.06",2.93,77.78,74.19,"2,129.84","224,123.60"
226,03/10/2025,HPG,"28,100","28,100","27,650","28,100","27,350","27,754",-450,-1.60,58.12,"1,613.72",2.60,70.26,60.72,"1,683.98","212,226.63"
227,02/10/2025,HPG,"28,300","28,350","28,100","28,650","28,050","28,283",-200,-0.71,30.17,853.25,3.10,88.16,33.27,941.42,"215,680.59"
228,01/10/2025,HPG,"28,150","28,300","28,300","28,500","28,100","28,321",150,0.53,29.85,845.68,0.10,2.93,29.95,848.61,"217,215.68"
229,30/09/2025,HPG,"28,600","28,550","28,150","28,600","27,900","28,185",-450,-1.57,53.74,"1,515.50",2.86,82.92,56.59,"1,598.42","216,064.36"
230,29/09/2025,HPG,"28,550","28,550","28,600","28,900","28,400","28,602",50,0.18,38.83,"1,111.31",4.70,129.08,43.53,"1,240.39","219,518.32"
231,26/09/2025,HPG,"28,800","28,850","28,550","29,200","28,550","28,782",-250,-0.87,38.13,"1,097.65",1.22,35.84,39.35,"1,133.49","219,134.55"
232,25/09/2025,HPG,"29,050","29,150","28,800","29,300","28,750","29,015",-250,-0.86,34.44,999.11,4.13,124.93,38.57,"1,124.04","221,053.42"
233,24/09/2025,HPG,"28,650","28,650","29,050","29,050","28,250","28,634",400,1.40,30.74,880.93,0.16,4.75,30.90,885.68,"222,972.28"
234,23/09/2025,HPG,"28,400","28,550","28,650","28,850","28,450","28,601",250,0.88,24.90,712.43,3.00,80.68,27.90,793.11,"219,902.10"
235,22/09/2025,HPG,"29,250","29,250","28,400","29,250","28,300","28,599",-850,-2.91,66.07,"1,890.00",0.30,8.55,66.37,"1,898.55","217,983.23"
236,19/09/2025,HPG,"29,150","29,300","29,250","29,400","28,800","29,017",100,0.34,45.02,"1,308.52",4.84,147.96,49.86,"1,456.47","224,507.38"
237,18/09/2025,HPG,"29,200","29,350","29,150","29,400","28,600","28,953",-50,-0.17,75.69,"2,192.54",0.13,3.92,75.82,"2,196.46","223,739.83"
238,17/09/2025,HPG,"29,950","29,900","29,200","30,250","29,200","29,625",-750,-2.50,124.42,"3,685.09",10.69,316.81,135.12,"4,001.90","224,123.60"
239,16/09/2025,HPG,"30,350","30,550","29,950","30,550","29,750","30,193",-400,-1.32,66.86,"2,018.16",1.73,51.84,68.59,"2,070.01","229,880.20"
240,15/09/2025,HPG,"30,000","30,250","30,350","30,850","30,100","30,463",350,1.17,88.92,"2,707.74",7.30,219.79,96.22,"2,927.53","232,950.39"
241,12/09/2025,HPG,"29,150","29,200","30,000","30,100","29,150","29,739",850,2.92,104.62,"3,109.78",4.26,125.36,108.88,"3,235.13","230,263.98"
242,11/09/2025,HPG,"28,850","28,700","29,150","29,200","28,000","28,646",300,1.04,71.78,"2,057.41",3.04,83.86,74.82,"2,141.27","223,739.83"
243,10/09/2025,HPG,"28,850","28,850","28,850","29,200","28,400","28,692",0,0.00,52.46,"1,505.55",0.51,14.05,52.96,"1,519.59","221,437.19"
244,09/09/2025,HPG,"28,900","29,200","28,850","29,250","28,200","28,548",-50,-0.17,73.86,"2,109.53",3.52,107.37,77.39,"2,216.90","221,437.19"
245,08/09/2025,HPG,"28,800","28,700","28,900","29,750","28,650","29,193",100,0.35,141.77,"4,138.58",0.00,0.00,141.77,"4,138.58","221,820.96"
246,05/09/2025,HPG,"29,850","30,000","28,800","30,100","28,800","29,499","-1,050",-3.52,95.26,"2,806.72",10.09,292.14,105.35,"3,098.86","221,053.42"
247,04/09/2025,HPG,"28,150","28,450","29,850","29,900","28,350","29,165","1,700",6.04,141.44,"4,123.48",1.01,28.62,142.45,"4,152.10","229,112.66"
248,03/09/2025,HPG,"27,500","27,400","28,150","29,000","27,250","28,223",650,2.36,119.14,"3,358.21",4.74,134.04,123.88,"3,492.25","216,064.36"
249,29/08/2025,HPG,"27,100","27,200","27,500","27,850","27,050","27,500",400,1.48,81.74,"2,247.68",5.39,147.70,87.13,"2,395.38","211,075.31"
250,28/08/2025,HPG,"26,750","26,950","27,100","27,500","26,850","27,092",350,1.31,63.17,"1,710.89",0.04,1.14,63.21,"1,712.04","208,005.12"
251,27/08/2025,HPG,"27,200","27,250","26,750","27,250","26,750","26,963",-450,-1.65,85.99,"2,319.61",4.11,112.41,90.10,"2,432.02","205,318.71"
252,26/08/2025,HPG,"25,950","26,100","27,200","27,200","26,100","26,738","1,250",4.82,51.99,"1,391.42",0.05,1.41,52.04,"1,392.83","208,772.67"
253,25/08/2025,HPG,"26,000","26,500","25,950","26,750","25,850","26,255",-50,-0.19,68.32,"1,793.45",0.14,3.64,68.46,"1,797.09","199,178.34"
254,22/08/2025,HPG,"27,400","26,950","26,000","27,100","26,000","26,605","-1,400",-5.11,132.31,"3,516.87",3.89,109.44,136.21,"3,626.31","199,562.11"
255,21/08/2025,HPG,"27,400","27,450","27,400","27,800","27,300","27,505",0,0.00,69.98,"1,924.66",0.81,22.14,70.79,"1,946.80","210,307.76"
256,20/08/2025,HPG,"28,150","28,200","27,400","28,250","27,050","27,609",-750,-2.66,101.01,"2,790.73",3.78,106.47,104.79,"2,897.20","210,307.76"
257,19/08/2025,HPG,"28,400","28,600","28,150","28,700","28,100","28,238",-250,-0.88,63.02,"1,779.91",0.10,2.93,63.12,"1,782.84","216,064.36"
258,18/08/2025,HPG,"28,000","28,300","28,400","28,800","28,200","28,436",400,1.43,69.04,"1,963.67",0.00,0.00,69.04,"1,963.67","217,983.23"
259,15/08/2025,HPG,"28,200","28,450","28,000","28,800","27,850","28,224",-200,-0.71,107.93,"3,048.25",0.73,20.79,108.66,"3,069.05","214,913.04"
260,14/08/2025,HPG,"28,100","28,200","28,200","28,450","28,000","28,146",100,0.36,76.05,"2,140.90",2.80,73.36,78.84,"2,214.26","216,448.14"
261,13/08/2025,HPG,"28,500","28,550","28,100","28,600","27,850","28,131",-400,-1.40,79.77,"2,244.29",0.03,0.87,79.80,"2,245.16","215,680.59"
262,12/08/2025,HPG,"28,150","28,350","28,500","29,100","28,150","28,602",350,1.24,84.20,"2,408.31",0.14,3.86,84.33,"2,412.17","218,750.78"
263,11/08/2025,HPG,"28,000","28,150","28,150","28,450","27,800","28,068",150,0.54,67.22,"1,885.96",0.47,12.84,67.69,"1,898.80","216,064.36"
264,08/08/2025,HPG,"28,500","28,600","28,000","28,650","27,600","28,006",-500,-1.75,121.06,"3,387.77",0.00,0.00,121.06,"3,387.77","214,913.04"
265,07/08/2025,HPG,"27,100","27,350","28,500","28,550","27,000","27,888","1,400",5.17,139.12,"3,872.50",2.02,53.96,141.14,"3,926.45","218,750.78"
266,06/08/2025,HPG,"26,400","26,750","27,100","27,700","26,650","27,210",700,2.65,96.17,"2,616.80",0.06,1.49,96.23,"2,618.29","208,005.12"
267,05/08/2025,HPG,"25,300","25,450","26,400","27,050","25,450","26,500","1,100",4.35,216.00,"5,722.99",0.26,6.71,216.26,"5,729.70","202,632.30"
268,04/08/2025,HPG,"25,150","25,100","25,300","25,450","24,950","25,191",150,0.60,37.06,934.16,2.19,55.11,39.24,989.27,"194,189.29"
269,01/08/2025,HPG,"24,950","24,850","25,150","25,300","24,800","25,005",200,0.80,50.80,"1,271.34",0.40,10.34,51.20,"1,281.68","193,037.97"
270,31/07/2025,HPG,"25,400","25,450","24,950","25,600","24,750","25,028",-450,-1.77,85.33,"2,136.00",1.40,33.11,86.73,"2,169.11","191,502.87"
271,30/07/2025,HPG,"25,350","25,600","25,400","25,750","25,100","25,444",50,0.20,50.19,"1,276.96",1.40,36.39,51.59,"1,313.35","194,956.83"
272,29/07/2025,HPG,"26,350","26,450","25,350","26,600","25,350","25,928","-1,000",-3.80,82.60,"2,142.07",0.13,3.33,82.73,"2,145.41","194,573.06"
273,28/07/2025,HPG,"26,050","26,100","26,350","26,850","26,000","26,323",300,1.15,99.59,"2,619.87",1.38,35.85,100.97,"2,655.72","202,248.53"
274,25/07/2025,HPG,"26,000","26,000","26,050","26,300","25,900","26,027",50,0.19,51.08,"1,329.79",0.17,4.44,51.25,"1,334.23","199,945.89"
275,24/07/2025,HPG,"26,400","26,400","26,000","26,450","25,900","26,121",-400,-1.52,51.91,"1,355.07",0.23,6.01,52.13,"1,361.08","199,562.11"
276,23/07/2025,HPG,"26,450","26,550","26,400","26,950","26,400","26,583",-50,-0.19,43.12,"1,146.23",0.23,5.99,43.35,"1,152.22","202,632.30"
277,22/07/2025,HPG,"26,200","26,150","26,450","26,450","26,000","26,211",250,0.95,31.50,825.84,0.68,17.82,32.18,843.65,"203,016.07"
278,21/07/2025,HPG,"25,900","26,400","26,200","27,000","26,100","26,461",300,1.16,55.77,"1,476.75",1.53,39.80,57.30,"1,516.55","201,097.21"
279,18/07/2025,HPG,"26,000","26,000","25,900","26,100","25,750","25,898",-100,-0.38,40.72,"1,054.81",0.21,5.60,40.93,"1,060.41","198,794.57"
280,17/07/2025,HPG,"26,100","26,200","26,000","26,350","25,900","26,086",-100,-0.38,56.23,"1,466.56",1.17,30.51,57.40,"1,497.07","199,562.11"
281,16/07/2025,HPG,"25,500","25,450","26,100","26,200","25,400","25,883",600,2.35,45.89,"1,187.74",6.29,150.79,52.19,"1,338.53","200,329.66"
282,15/07/2025,HPG,"25,750","25,800","25,500","26,000","25,500","25,745",-250,-0.97,46.51,"1,197.61",1.65,42.30,48.16,"1,239.91","163,104.38"
283,14/07/2025,HPG,"26,000","26,200","25,750","26,450","25,550","25,839",-250,-0.96,49.44,"1,277.82",0.25,6.63,49.69,"1,284.45","164,703.44"
284,11/07/2025,HPG,"25,150","25,250","26,000","26,250","25,050","25,767",850,3.38,65.29,"1,681.36",0.33,8.15,65.61,"1,689.50","166,302.51"
285,10/07/2025,HPG,"24,750","24,850","25,150","25,200","24,550","24,849",400,1.62,85.28,"2,117.98",0.73,18.21,86.01,"2,136.20","160,865.69"
286,09/07/2025,HPG,"24,700","24,800","24,750","25,100","24,600","24,816",50,0.20,43.46,"1,078.64",3.27,75.13,46.73,"1,153.77","158,307.19"
287,08/07/2025,HPG,"23,600","23,650","24,700","24,800","23,550","24,353","1,100",4.66,77.48,"1,887.71",0.00,0.00,77.48,"1,887.71","157,987.38"
288,07/07/2025,HPG,"23,250","23,700","23,600","23,700","23,400","23,526",350,1.51,36.00,846.96,0.28,6.79,36.28,853.75,"150,951.50"
289,04/07/2025,HPG,"23,100","23,150","23,250","23,250","23,100","23,182",150,0.65,19.40,449.77,2.03,46.75,21.43,496.52,"148,712.82"
290,03/07/2025,HPG,"22,900","23,000","23,100","23,650","23,000","23,302",200,0.87,42.51,990.90,5.50,125.16,48.02,"1,116.07","177,303.26"
291,02/07/2025,HPG,"22,650","22,650","22,900","22,900","22,550","22,688",250,1.10,18.90,429.11,7.85,177.54,26.75,606.65,"146,474.13"
292,01/07/2025,HPG,"22,700","22,750","22,650","22,900","22,600","22,722",-50,-0.22,19.77,449.07,2.46,55.94,22.23,505.01,"144,875.07"
293,30/06/2025,HPG,"22,850","22,900","22,700","22,950","22,700","22,791",-150,-0.66,19.89,453.15,0.05,1.22,19.94,454.37,"145,194.88"
294,27/06/2025,HPG,"22,800","22,950","22,850","22,950","22,750","22,832",50,0.22,16.48,376.25,2.07,47.30,18.55,423.55,"146,154.32"
295,26/06/2025,HPG,"22,650","23,050","22,800","23,150","22,750","22,959",150,0.66,38.37,880.95,3.10,70.41,41.47,951.36,"145,834.50"
296,25/06/2025,HPG,"27,000","27,100","27,200","27,450","26,950","27,138",200,0.74,38.64,"1,048.67",7.00,189.00,45.64,"1,237.67","173,978.01"
297,24/06/2025,HPG,"26,850","27,050","27,000","27,200","26,950","27,065",150,0.56,27.87,754.15,0.00,0.00,27.87,754.15,"172,698.76"
298,23/06/2025,HPG,"27,000","26,850","26,850","27,000","26,600","26,839",-150,-0.56,22.19,595.59,2.52,64.21,24.71,659.80,"171,739.32"
299,20/06/2025,HPG,"26,900","27,000","27,000","27,100","26,850","26,961",100,0.37,23.42,631.45,0.52,14.18,23.94,645.62,"172,698.76"
300,19/06/2025,HPG,"27,150","27,150","26,900","27,200","26,800","26,979",-250,-0.92,23.41,631.20,0.00,0.00,23.41,631.20,"172,059.13"
301,18/06/2025,HPG,"26,850","26,900","27,150","27,200","26,800","27,018",300,1.12,31.47,850.43,1.79,47.98,33.25,898.41,"173,658.19"
302,17/06/2025,HPG,"26,750","26,900","26,850","27,100","26,750","26,900",100,0.37,26.63,716.30,0.10,2.50,26.72,718.80,"171,739.32"
303,16/06/2025,HPG,"26,400","26,350","26,750","27,000","26,350","26,688",350,1.33,29.74,793.90,2.25,60.32,31.99,854.22,"171,099.69"
304,13/06/2025,HPG,"26,800","26,600","26,400","26,750","26,300","26,389",-400,-1.49,38.77,"1,026.84",0.00,0.00,38.77,"1,026.84","168,861.01"
305,12/06/2025,HPG,"26,100","26,150","26,800","27,100","26,150","26,794",700,2.68,52.22,"1,396.97",3.31,88.01,55.53,"1,484.98","171,419.51"
306,11/06/2025,HPG,"26,200","26,300","26,100","26,350","26,000","26,105",-100,-0.38,16.55,431.81,0.63,15.37,17.18,447.18,"166,942.13"
307,10/06/2025,HPG,"26,300","26,500","26,200","26,850","26,200","26,543",-100,-0.38,29.41,780.63,3.31,88.57,32.72,869.20,"167,581.76"
308,09/06/2025,HPG,"26,050","26,100","26,300","26,400","25,950","26,164",250,0.96,24.99,654.32,0.26,6.89,25.24,661.20,"168,221.38"
309,06/06/2025,HPG,"25,750","26,050","26,050","26,500","25,900","26,203",300,1.17,42.24,"1,106.79",0.00,0.00,42.24,"1,106.79","166,622.32"
310,05/06/2025,HPG,"25,950","26,000","25,750","26,050","25,700","25,861",-200,-0.77,18.79,485.59,0.70,18.05,19.49,503.63,"164,703.44"
311,04/06/2025,HPG,"26,000","26,100","25,950","26,400","25,950","25,997",-50,-0.19,25.69,671.10,0.30,7.73,25.99,678.83,"165,982.69"
312,03/06/2025,HPG,"25,550","25,800","26,000","26,200","25,750","25,945",450,1.76,31.04,805.90,0.50,12.90,31.54,818.80,"166,302.51"
313,02/06/2025,HPG,"25,750","25,600","25,550","25,650","25,350","25,519",-200,-0.78,21.93,559.71,0.40,10.43,22.33,570.14,"163,424.19"
314,30/05/2025,HPG,"25,550","25,650","25,750","26,650","25,650","26,153",200,0.78,64.98,"1,700.32",0.00,0.00,64.98,"1,700.32","164,703.44"
315,29/05/2025,HPG,"25,600","25,700","25,550","25,800","25,500","25,590",-50,-0.20,16.43,420.66,0.10,2.50,16.53,423.16,"163,424.19"
316,28/05/2025,HPG,"25,550","25,750","25,600","25,900","25,550","25,659",50,0.20,15.60,400.46,0.00,0.00,15.60,400.46,"163,744.01"
317,27/05/2025,HPG,"25,550","25,550","25,550","26,150","25,550","25,748",0,0.00,26.89,692.76,0.00,0.00,26.89,692.76,"163,424.19"
318,26/05/2025,HPG,"25,600","25,650","25,550","25,650","25,050","25,369",-50,-0.20,27.43,696.31,0.00,0.00,27.43,696.31,"163,424.19"
319,23/05/2025,HPG,"25,650","25,750","25,600","25,850","25,550","25,645",-50,-0.19,11.10,284.53,0.00,0.00,11.10,284.53,"163,744.01"
320,22/05/2025,HPG,"25,750","25,750","25,650","25,950","25,550","25,755",-100,-0.39,24.36,627.70,2.17,55.82,26.54,683.52,"164,063.82"
321,21/05/2025,HPG,"25,650","25,750","25,750","26,100","25,650","25,825",100,0.39,20.15,520.33,1.16,30.01,21.31,550.34,"164,703.44"
322,20/05/2025,HPG,"25,650","25,600","25,650","25,800","25,600","25,691",0,0.00,17.45,448.33,3.30,85.01,20.75,533.34,"164,063.82"
323,19/05/2025,HPG,"25,800","25,750","25,650","25,950","25,550","25,703",-150,-0.58,15.00,385.40,1.16,30.01,16.16,415.41,"164,063.82"
324,16/05/2025,HPG,"26,150","26,150","25,800","26,200","25,800","25,945",-350,-1.34,16.81,435.97,1.97,49.81,18.78,485.78,"165,023.26"
325,15/05/2025,HPG,"26,150","26,200","26,150","26,200","25,850","26,001",0,0.00,22.62,588.17,0.00,0.00,22.62,588.17,"167,261.94"
326,14/05/2025,HPG,"25,800","25,900","26,150","26,550","25,850","26,210",350,1.36,34.07,892.89,10.77,261.85,44.84,"1,154.73","167,261.94"
327,13/05/2025,HPG,"25,400","25,600","25,800","26,000","25,600","25,775",400,1.57,20.30,523.29,0.98,25.27,21.28,548.56,"165,023.26"
328,12/05/2025,HPG,"25,650","25,550","25,400","25,750","24,750","25,168",-250,-0.97,64.73,"1,630.18",1.13,29.07,65.86,"1,659.26","162,464.76"
329,09/05/2025,HPG,"25,700","25,700","25,650","25,750","25,500","25,603",-50,-0.19,11.01,281.84,0.00,0.00,11.01,281.84,"164,063.82"
330,08/05/2025,HPG,"25,400","25,400","25,700","25,850","25,300","25,575",300,1.18,19.89,508.86,0.67,17.22,20.56,526.08,"164,383.63"
331,07/05/2025,HPG,"25,450","25,350","25,400","25,500","25,350","25,408",-50,-0.20,11.50,292.30,0.33,8.53,11.84,300.82,"162,464.76"
332,06/05/2025,HPG,"25,700","25,750","25,450","26,050","25,450","25,730",-250,-0.97,20.94,538.67,0.23,5.51,21.17,544.17,"162,784.57"
333,05/05/2025,HPG,"25,500","25,650","25,700","25,750","25,350","25,509",200,0.78,12.55,320.33,0.37,9.45,12.92,329.78,"164,383.63"
334,29/04/2025,HPG,"25,650","25,650","25,500","25,700","25,400","25,538",-150,-0.58,14.47,369.46,13.45,345.39,27.92,714.85,"163,104.38"
335,28/04/2025,HPG,"25,700","25,700","25,650","25,700","25,350","25,518",-50,-0.19,9.76,248.98,3.93,100.32,13.68,349.30,"164,063.82"
336,25/04/2025,HPG,"25,600","25,450","25,700","25,700","25,250","25,559",100,0.39,24.85,635.11,4.68,121.43,29.53,756.54,"164,383.63"
337,24/04/2025,HPG,"25,550","25,700","25,600","25,700","25,200","25,493",50,0.20,17.21,438.78,4.39,112.21,21.60,550.99,"163,744.01"
338,23/04/2025,HPG,"25,050","25,500","25,550","25,700","25,350","25,517",500,2.00,22.23,567.32,0.20,5.28,22.44,572.60,"163,424.19"
339,22/04/2025,HPG,"24,950","24,800","25,050","25,100","23,400","24,454",100,0.40,47.45,"1,160.27",0.30,7.38,47.75,"1,167.65","160,226.07"
340,21/04/2025,HPG,"25,450","25,450","24,950","25,450","24,950","25,118",-500,-1.96,17.31,434.70,1.77,44.97,19.08,479.67,"159,586.44"
341,18/04/2025,HPG,"25,500","25,650","25,450","25,750","25,450","25,592",-50,-0.20,20.77,531.43,0.32,8.33,21.08,539.76,"162,784.57"
342,17/04/2025,HPG,"25,500","25,200","25,500","25,600","24,800","25,119",0,0.00,24.44,613.94,0.25,6.35,24.69,620.29,"163,104.38"
343,16/04/2025,HPG,"25,850","25,900","25,500","26,000","25,050","25,447",-350,-1.35,25.71,654.12,0.38,10.02,26.09,664.14,"163,104.38"
344,15/04/2025,HPG,"25,350","25,150","25,850","26,150","25,050","25,691",500,1.97,50.57,"1,299.22",0.18,4.51,50.75,"1,303.73","165,343.07"
345,14/04/2025,HPG,"24,300","24,800","25,350","25,750","24,750","25,312","1,050",4.32,51.20,"1,296.08",4.01,103.39,55.21,"1,399.47","162,144.94"
346,11/04/2025,HPG,"22,750","24,200","24,300","24,300","23,500","24,170","1,550",6.81,76.27,"1,843.54",0.49,11.87,76.76,"1,855.41","155,428.88"
347,10/04/2025,HPG,"21,300","22,750","22,750","22,750","22,750","22,750","1,450",6.81,3.06,69.67,0.41,9.40,3.48,79.07,"145,514.69"
348,09/04/2025,HPG,"22,900","21,300","21,300","22,300","21,300","21,407","-1,600",-6.99,77.16,"1,651.70",0.40,9.59,77.55,"1,661.29","136,240.13"
349,08/04/2025,HPG,"24,600","23,500","22,900","24,000","22,900","23,022","-1,700",-6.91,35.44,815.98,1.18,27.96,36.63,843.94,"146,474.13"
350,04/04/2025,HPG,"25,350","23,600","24,600","24,850","23,600","24,082",-750,-2.96,73.18,"1,762.35",0.20,5.29,73.39,"1,767.64","157,347.75"
351,03/04/2025,HPG,"27,250","25,800","25,350","26,450","25,350","25,734","-1,900",-6.97,80.70,"2,076.63",0.74,19.24,81.44,"2,095.86","162,144.94"
352,02/04/2025,HPG,"27,000","27,150","27,250","27,400","27,100","27,244",250,0.93,16.79,457.31,0.09,2.39,16.87,459.70,"174,297.82"
353,01/04/2025,HPG,"26,750","26,800","27,000","27,050","26,750","26,889",250,0.93,14.02,376.94,0.40,11.26,14.42,388.20,"172,698.76"
354,31/03/2025,HPG,"27,150","27,050","26,750","27,100","26,750","26,901",-400,-1.47,26.54,713.87,0.90,24.40,27.44,738.26,"171,099.69"
355,28/03/2025,HPG,"27,500","27,450","27,150","27,500","27,100","27,255",-350,-1.27,17.07,465.24,0.40,11.26,17.47,476.50,"173,658.19"
356,27/03/2025,HPG,"27,550","27,700","27,500","27,700","27,450","27,579",-50,-0.18,12.01,331.21,9.56,258.68,21.57,589.89,"175,896.88"
357,26/03/2025,HPG,"27,200","27,200","27,550","27,950","27,150","27,583",350,1.29,43.98,"1,213.08",0.25,6.75,44.23,"1,219.83","176,216.69"
358,25/03/2025,HPG,"27,150","27,250","27,200","27,400","27,100","27,241",50,0.18,20.10,547.58,12.06,327.54,32.16,875.12,"173,978.01"
359,24/03/2025,HPG,"27,150","27,150","27,150","27,250","26,900","27,046",0,0.00,16.23,438.94,3.26,88.98,19.49,527.92,"173,658.19"
360,21/03/2025,HPG,"27,150","27,100","27,150","27,250","27,050","27,154",0,0.00,18.91,513.54,3.31,90.12,22.22,603.66,"173,658.19"
361,20/03/2025,HPG,"27,250","27,300","27,150","27,450","27,050","27,154",-100,-0.37,25.02,679.45,0.00,0.00,25.02,679.45,"173,658.19"
362,19/03/2025,HPG,"27,600","27,600","27,250","27,600","27,100","27,326",-350,-1.27,37.93,"1,036.36",0.83,22.85,38.76,"1,059.20","174,297.82"
363,18/03/2025,HPG,"27,850","27,900","27,600","28,050","27,600","27,798",-250,-0.90,18.74,520.99,0.00,0.00,18.74,520.99,"176,536.51"
364,17/03/2025,HPG,"27,550","27,900","27,850","28,150","27,750","27,962",300,1.09,19.72,551.41,0.02,0.55,19.74,551.96,"178,135.57"
365,14/03/2025,HPG,"27,700","27,700","27,550","27,850","27,550","27,660",-150,-0.54,18.28,505.62,0.80,22.09,19.08,527.71,"176,216.69"
366,13/03/2025,HPG,"27,800","27,850","27,700","28,050","27,700","27,858",-100,-0.36,24.81,691.14,0.02,0.59,24.83,691.74,"177,176.13"
367,12/03/2025,HPG,"28,150","28,200","27,800","28,200","27,800","27,953",-350,-1.24,20.64,576.99,0.18,5.10,20.82,582.09,"177,815.76"
368,11/03/2025,HPG,"27,950","27,600","28,150","28,150","27,600","27,900",200,0.72,26.09,727.87,0.00,0.00,26.09,727.87,"180,054.44"
369,10/03/2025,HPG,"28,050","28,100","27,950","28,200","27,950","28,050",-100,-0.36,23.58,661.44,0.28,7.99,23.86,669.43,"178,775.19"
370,07/03/2025,HPG,"27,950","28,000","28,050","28,100","27,750","27,944",100,0.36,33.13,925.83,0.00,0.00,33.13,925.83,"179,414.82"
371,06/03/2025,HPG,"27,550","27,600","27,950","27,950","27,600","27,820",400,1.45,36.98,"1,028.66",0.18,5.17,37.16,"1,033.84","178,775.19"
372,05/03/2025,HPG,"27,850","27,850","27,550","27,900","27,550","27,682",-300,-1.08,30.39,841.13,1.06,29.67,31.45,870.80,"176,216.69"
373,04/03/2025,HPG,"28,050","28,050","27,850","28,050","27,650","27,886",-200,-0.71,27.42,764.76,0.53,15.15,27.96,779.92,"178,135.57"
374,03/03/2025,HPG,"28,000","28,050","28,050","28,250","28,000","28,109",50,0.18,20.66,580.84,1.57,43.85,22.23,624.70,"179,414.82"
375,28/02/2025,HPG,"28,450","28,400","28,000","28,400","27,950","28,127",-450,-1.58,24.21,681.07,0.97,27.43,25.18,708.50,"179,095.01"
376,27/02/2025,HPG,"27,750","27,800","28,450","28,450","27,600","28,072",700,2.52,51.12,"1,435.04",1.57,41.27,52.69,"1,476.31","181,973.32"
377,26/02/2025,HPG,"27,500","27,600","27,750","27,950","27,550","27,737",250,0.91,31.82,882.59,0.50,14.06,32.32,896.65,"177,495.94"
378,25/02/2025,HPG,"27,700","27,600","27,500","27,700","27,200","27,406",-200,-0.72,31.58,865.36,1.59,43.77,33.17,909.13,"175,896.88"
379,24/02/2025,HPG,"26,450","28,300","27,700","28,300","27,550","27,989","1,250",4.73,73.89,"2,068.10",0.20,5.60,74.09,"2,073.70","177,176.13"
380,21/02/2025,HPG,"26,550","26,550","26,450","26,600","26,400","26,494",-100,-0.38,11.06,293.13,2.08,55.33,13.14,348.46,"169,180.82"
381,20/02/2025,HPG,"26,500","26,550","26,550","26,600","26,500","26,533",50,0.19,11.91,316.02,0.00,0.00,11.91,316.02,"169,820.44"
382,19/02/2025,HPG,"26,550","26,600","26,500","26,600","26,400","26,521",-50,-0.19,13.65,362.09,0.21,5.63,13.86,367.72,"169,500.63"
383,18/02/2025,HPG,"26,150","26,350","26,550","26,600","26,300","26,493",400,1.53,24.94,660.72,0.09,2.40,25.03,663.11,"169,820.44"
384,17/02/2025,HPG,"26,100","26,150","26,150","26,250","26,050","26,121",50,0.19,14.37,375.34,4.40,110.17,18.77,485.51,"167,261.94"
385,14/02/2025,HPG,"25,900","26,100","26,100","26,300","26,000","26,115",200,0.77,18.58,485.23,0.00,0.00,18.58,485.24,"166,942.13"
386,13/02/2025,HPG,"25,850","25,950","25,900","26,000","25,850","25,916",50,0.19,9.50,246.18,3.20,81.42,12.70,327.60,"165,662.88"
387,12/02/2025,HPG,"26,100","26,200","25,850","26,200","25,850","25,962",-250,-0.96,13.65,354.41,2.74,71.39,16.39,425.80,"165,343.07"
388,11/02/2025,HPG,"25,400","25,450","26,100","26,100","25,450","25,855",700,2.76,28.90,747.11,3.54,91.25,32.44,838.36,"166,942.13"
389,10/02/2025,HPG,"26,650","26,500","25,400","26,500","25,400","25,868","-1,250",-4.69,61.10,"1,580.46",0.06,1.43,61.15,"1,581.89","162,464.76"
390,07/02/2025,HPG,"26,800","26,800","26,650","26,800","26,600","26,694",-150,-0.56,12.55,334.94,1.74,46.36,14.29,381.30,"170,460.07"
391,06/02/2025,HPG,"26,800","26,800","26,800","26,950","26,750","26,832",0,0.00,13.54,363.17,0.03,0.79,13.57,363.95,"171,419.51"
392,05/02/2025,HPG,"26,850","26,850","26,800","27,000","26,750","26,851",-50,-0.19,14.47,388.44,1.56,41.50,16.03,429.94,"171,419.51"
393,04/02/2025,HPG,"26,400","26,500","26,850","27,000","26,450","26,770",450,1.70,17.36,464.68,1.17,30.94,18.53,495.62,"171,739.32"
394,03/02/2025,HPG,"26,550","26,500","26,400","26,600","26,250","26,430",-150,-0.56,16.97,448.56,1.16,30.78,18.14,479.33,"168,861.01"
395,24/01/2025,HPG,"26,650","26,650","26,550","26,650","26,450","26,564",-100,-0.38,10.40,276.30,0.52,13.86,10.92,290.15,"169,820.44"
396,23/01/2025,HPG,"26,150","26,200","26,650","26,750","26,150","26,438",500,1.91,15.79,417.50,0.40,10.69,16.19,428.19,"170,460.07"
397,22/01/2025,HPG,"26,300","26,400","26,150","26,400","26,150","26,267",-150,-0.57,10.28,270.02,0.81,21.34,11.09,291.36,"167,261.94"
398,21/01/2025,HPG,"26,450","26,600","26,300","26,600","26,200","26,378",-150,-0.57,10.42,274.90,2.59,68.38,13.01,343.29,"168,221.38"
399,20/01/2025,HPG,"26,500","26,500","26,450","26,750","26,450","26,594",-50,-0.19,9.65,256.75,0.92,24.07,10.58,280.81,"169,180.82"
400,17/01/2025,HPG,"26,300","26,300","26,500","26,500","26,100","26,326",200,0.76,13.95,367.25,4.10,108.52,18.05,475.76,"169,500.63"
401,16/01/2025,HPG,"26,200","26,300","26,300","26,450","26,050","26,245",100,0.38,11.21,294.12,0.43,11.19,11.63,305.31,"168,221.38"
402,15/01/2025,HPG,"25,850","26,000","26,200","26,250","25,900","26,116",350,1.35,11.22,293.06,0.63,16.30,11.85,309.36,"167,581.76"
403,14/01/2025,HPG,"25,900","25,950","25,850","26,000","25,800","25,883",-50,-0.19,7.66,198.28,0.21,5.50,7.87,203.79,"165,343.07"
404,13/01/2025,HPG,"25,550","25,550","25,900","26,050","25,450","25,767",350,1.37,13.58,349.82,0.63,16.30,14.21,366.11,"165,662.88"
405,10/01/2025,HPG,"26,000","26,000","25,550","26,100","25,550","25,813",-450,-1.73,14.27,368.44,0.00,0.00,14.27,368.44,"163,424.19"
406,09/01/2025,HPG,"26,250","26,300","26,000","26,300","25,900","26,064",-250,-0.95,9.24,240.76,0.48,13.14,9.72,253.90,"166,302.51"
407,08/01/2025,HPG,"26,050","26,050","26,250","26,250","25,950","26,100",200,0.77,12.96,338.19,0.00,0.00,12.96,338.19,"167,901.57"
408,07/01/2025,HPG,"26,050","26,150","26,050","26,400","26,050","26,222",0,0.00,14.40,377.59,0.86,23.16,15.26,400.75,"166,622.32"
409,06/01/2025,HPG,"26,600","26,600","26,050","26,700","26,050","26,410",-550,-2.07,15.25,402.76,0.00,0.00,15.25,402.76,"166,622.32"
410,03/01/2025,HPG,"27,000","26,900","26,600","27,000","26,600","26,781",-400,-1.48,13.20,353.51,0.34,9.35,13.54,362.86,"170,140.26"
411,02/01/2025,HPG,"26,650","26,700","27,000","27,050","26,700","26,901",350,1.31,14.96,402.47,5.32,136.73,20.28,539.20,"172,698.76"
412,31/12/2024,HPG,"26,750","26,750","26,650","26,750","26,600","26,651",-100,-0.37,10.25,273.11,0.87,23.63,11.11,296.73,"170,460.07"
413,30/12/2024,HPG,"26,850","26,800","26,750","26,850","26,650","26,743",-100,-0.37,12.17,325.41,3.76,97.43,15.93,422.84,"171,099.69"
414,27/12/2024,HPG,"27,000","27,000","26,850","27,000","26,800","26,913",-150,-0.56,11.39,306.52,3.99,105.90,15.38,412.41,"171,739.32"
415,26/12/2024,HPG,"27,150","27,150","27,000","27,200","26,850","27,000",-150,-0.55,9.98,269.33,0.51,13.78,10.49,283.10,"172,698.76"
416,25/12/2024,HPG,"26,700","26,750","27,150","27,150","26,750","27,016",450,1.69,17.14,463.17,2.49,67.74,19.63,530.92,"173,658.19"
417,24/12/2024,HPG,"27,000","26,900","26,700","26,900","26,600","26,746",-300,-1.11,13.46,360.07,1.03,27.90,14.50,387.97,"170,779.88"
418,23/12/2024,HPG,"26,700","26,750","27,000","27,050","26,750","26,868",300,1.12,12.90,346.56,0.51,13.40,13.41,359.96,"172,698.76"
419,20/12/2024,HPG,"26,850","26,850","26,700","26,950","26,700","26,810",-150,-0.56,13.75,368.56,0.24,6.52,13.99,375.08,"170,779.88"
420,19/12/2024,HPG,"27,350","27,000","26,850","27,150","26,800","26,938",-500,-1.83,30.33,817.09,4.93,133.51,35.26,950.60,"171,739.32"
421,18/12/2024,HPG,"27,000","27,000","27,350","27,350","26,950","27,139",350,1.30,12.79,347.23,3.64,92.14,16.44,439.37,"174,937.44"
422,17/12/2024,HPG,"27,000","27,000","27,000","27,100","26,850","26,960",0,0.00,10.81,291.42,3.01,80.95,13.82,372.38,"172,698.76"
423,16/12/2024,HPG,"27,200","27,200","27,000","27,350","26,850","27,035",-200,-0.74,16.65,450.21,2.92,82.54,19.57,532.74,"172,698.76"
424,13/12/2024,HPG,"27,500","27,300","27,200","27,400","27,100","27,266",-300,-1.09,17.27,470.78,1.31,35.32,18.58,506.09,"173,978.01"
425,12/12/2024,HPG,"27,750","27,750","27,500","27,900","27,350","27,616",-250,-0.90,20.97,578.97,0.46,12.55,21.42,591.52,"175,896.88"
426,11/12/2024,HPG,"27,900","27,900","27,750","28,150","27,600","27,858",-150,-0.54,17.03,474.47,0.54,14.70,17.57,489.17,"177,495.94"
427,10/12/2024,HPG,"27,650","27,700","27,900","28,200","27,600","27,930",250,0.90,32.69,913.01,1.54,42.28,34.23,955.29,"178,455.38"
428,09/12/2024,HPG,"27,600","27,650","27,650","27,900","27,500","27,672",50,0.18,15.95,441.33,0.40,11.32,16.35,452.64,"176,856.32"
429,06/12/2024,HPG,"27,850","27,850","27,600","27,900","27,500","27,647",-250,-0.90,23.75,656.65,1.93,51.14,25.68,707.78,"176,536.51"
430,05/12/2024,HPG,"26,700","26,700","27,850","27,850","26,400","27,284","1,150",4.31,44.75,"1,220.89",4.40,115.57,49.15,"1,336.45","178,135.57"
431,04/12/2024,HPG,"27,000","26,850","26,700","26,850","26,650","26,750",-300,-1.11,12.51,334.60,0.39,10.50,12.90,345.10,"170,779.88"
432,03/12/2024,HPG,"26,900","26,850","27,000","27,000","26,600","26,808",100,0.37,15.81,423.89,4.03,106.46,19.84,530.35,"172,698.76"
433,02/12/2024,HPG,"26,750","26,950","26,900","27,150","26,750","26,955",150,0.56,18.58,500.70,1.90,48.82,20.48,549.52,"172,059.13"
434,29/11/2024,HPG,"26,400","26,450","26,750","26,750","26,300","26,601",350,1.33,13.88,369.15,7.14,185.54,21.02,554.68,"171,099.69"
435,28/11/2024,HPG,"26,300","26,450","26,400","26,750","26,300","26,541",100,0.38,14.13,375.05,2.31,61.34,16.44,436.39,"168,861.01"
436,27/11/2024,HPG,"26,350","26,350","26,300","26,450","26,100","26,242",-50,-0.19,7.97,209.06,6.70,177.08,14.66,386.14,"168,221.38"
437,26/11/2024,HPG,"26,300","26,300","26,350","26,500","26,200","26,389",50,0.19,13.18,347.83,1.39,35.58,14.57,383.41,"168,541.19"
438,25/11/2024,HPG,"26,100","26,100","26,300","26,300","26,050","26,191",200,0.77,12.83,336.04,6.04,156.70,18.87,492.74,"168,221.38"
439,22/11/2024,HPG,"25,850","25,900","26,100","26,250","25,850","26,124",250,0.97,17.27,451.06,1.19,31.80,18.45,482.87,"166,942.13"
440,21/11/2024,HPG,"25,600","25,650","25,850","25,950","25,550","25,759",250,0.98,12.78,329.12,5.34,137.30,18.11,466.42,"165,343.07"
441,20/11/2024,HPG,"25,450","25,400","25,600","26,000","25,250","25,653",150,0.59,22.75,583.62,0.96,25.05,23.71,608.67,"163,744.01"
442,19/11/2024,HPG,"25,800","25,850","25,450","26,000","25,450","25,604",-350,-1.36,15.84,405.64,0.45,12.22,16.29,417.86,"162,784.57"
443,18/11/2024,HPG,"25,900","26,000","25,800","26,050","25,500","25,750",-100,-0.39,20.60,530.44,1.49,39.74,22.08,570.18,"165,023.26"
444,15/11/2024,HPG,"26,300","26,300","25,900","26,350","25,900","26,108",-400,-1.52,27.60,720.68,0.45,11.95,28.05,732.63,"165,662.88"
445,14/11/2024,HPG,"27,050","27,050","26,300","27,100","26,300","26,645",-750,-2.77,26.56,707.80,0.40,10.27,26.96,718.07,"168,221.38"
446,13/11/2024,HPG,"27,500","27,200","27,050","27,400","26,850","27,107",-450,-1.64,22.29,604.15,2.34,64.71,24.63,668.86,"173,018.57"
447,12/11/2024,HPG,"27,700","27,750","27,500","27,900","27,300","27,585",-200,-0.72,23.96,661.02,0.02,0.52,23.98,661.54,"175,896.88"
448,11/11/2024,HPG,"27,000","27,050","27,700","27,700","26,950","27,329",700,2.59,40.88,"1,117.13",1.65,44.72,42.53,"1,161.85","177,176.13"
449,08/11/2024,HPG,"26,950","27,200","27,000","27,500","27,000","27,175",50,0.19,24.76,672.93,0.00,0.00,24.76,672.93,"172,698.76"
450,07/11/2024,HPG,"26,950","27,100","26,950","27,300","26,950","27,118",0,0.00,15.98,433.47,0.20,5.28,16.18,438.75,"172,378.94"
451,06/11/2024,HPG,"26,500","26,650","26,950","27,150","26,550","26,899",450,1.70,20.99,564.66,1.38,37.20,22.38,601.87,"172,378.94"
452,05/11/2024,HPG,"26,300","26,300","26,500","26,550","26,200","26,431",200,0.76,8.09,213.95,0.40,10.24,8.49,224.19,"169,500.63"
453,04/11/2024,HPG,"26,550","26,550","26,300","26,550","26,150","26,330",-250,-0.94,18.31,482.10,1.81,48.63,20.12,530.72,"168,221.38"
454,01/11/2024,HPG,"26,900","26,800","26,550","26,850","26,450","26,623",-350,-1.30,13.20,351.46,0.15,4.04,13.35,355.50,"169,820.44"
455,31/10/2024,HPG,"27,000","27,050","26,900","27,050","26,800","26,937",-100,-0.37,13.33,358.94,1.23,33.00,14.55,391.94,"172,059.13"
456,30/10/2024,HPG,"27,050","27,050","27,000","27,100","26,800","26,912",-50,-0.18,11.07,297.82,0.00,0.00,11.07,297.82,"172,698.76"
457,29/10/2024,HPG,"26,750","26,800","27,050","27,150","26,700","26,882",300,1.12,15.73,422.94,0.95,25.37,16.68,448.31,"173,018.57"
458,28/10/2024,HPG,"26,450","26,500","26,750","26,950","26,500","26,716",300,1.13,11.93,318.80,0.00,0.00,11.93,318.80,"171,099.69"
459,25/10/2024,HPG,"26,450","26,600","26,450","26,650","26,450","26,548",0,0.00,9.45,250.77,1.73,45.95,11.17,296.71,"169,180.82"
460,24/10/2024,HPG,"26,450","26,500","26,450","26,700","26,350","26,501",0,0.00,15.90,421.33,0.33,8.74,16.22,430.07,"169,180.82"
461,23/10/2024,HPG,"26,650","26,650","26,450","26,700","26,350","26,519",-200,-0.75,13.61,360.86,0.85,22.65,14.45,383.51,"169,180.82"
462,22/10/2024,HPG,"26,750","26,650","26,650","26,850","26,500","26,655",-100,-0.37,18.32,488.19,0.02,0.54,18.34,488.73,"170,460.07"
463,21/10/2024,HPG,"26,950","26,950","26,750","27,050","26,700","26,836",-200,-0.74,13.89,372.88,0.02,0.54,13.91,373.42,"171,099.69"
464,18/10/2024,HPG,"27,250","27,250","26,950","27,300","26,950","27,093",-300,-1.10,16.24,440.05,0.40,10.90,16.64,450.95,"172,378.94"
465,17/10/2024,HPG,"27,100","27,150","27,250","27,250","26,750","27,027",150,0.55,20.56,555.71,0.10,2.57,20.66,558.27,"174,297.82"
466,16/10/2024,HPG,"27,150","27,150","27,100","27,300","27,100","27,201",-50,-0.18,11.63,316.31,0.31,8.26,11.93,324.57,"173,338.38"
467,15/10/2024,HPG,"27,050","27,400","27,150","27,450","27,150","27,286",100,0.37,20.16,550.12,0.00,0.00,20.16,550.12,"173,658.19"
468,14/10/2024,HPG,"27,300","27,350","27,050","27,450","27,050","27,220",-250,-0.92,17.97,489.27,0.35,9.17,18.32,498.44,"173,018.57"
469,11/10/2024,HPG,"27,250","27,350","27,300","27,450","27,000","27,224",50,0.18,15.76,429.10,3.69,99.05,19.45,528.15,"174,617.63"
470,10/10/2024,HPG,"27,500","27,600","27,250","27,700","27,250","27,430",-250,-0.91,23.82,653.49,0.06,1.72,23.89,655.20,"174,297.82"
471,09/10/2024,HPG,"26,950","27,150","27,500","27,500","27,050","27,332",550,2.04,41.61,"1,137.39",4.23,114.15,45.84,"1,251.53","175,896.88"
472,08/10/2024,HPG,"26,400","26,400","26,950","27,100","26,350","26,739",550,2.08,38.17,"1,020.61",0.15,3.88,38.32,"1,024.49","172,378.94"
473,07/10/2024,HPG,"26,200","26,400","26,400","26,500","26,200","26,360",200,0.76,12.47,328.62,2.99,78.26,15.45,406.88,"168,861.01"
474,04/10/2024,HPG,"26,200","26,200","26,200","26,500","26,100","26,285",0,0.00,17.56,461.45,0.02,0.49,17.58,461.93,"167,581.76"
475,03/10/2024,HPG,"26,300","26,450","26,200","26,650","26,100","26,371",-100,-0.38,26.80,706.71,2.97,77.74,29.77,784.44,"167,581.76"
476,02/10/2024,HPG,"26,750","26,700","26,300","26,700","26,300","26,478",-450,-1.68,21.29,563.60,7.15,187.32,28.43,750.92,"168,221.38"
477,01/10/2024,HPG,"26,350","26,800","26,750","27,000","26,650","26,858",400,1.52,37.85,"1,016.64",0.29,7.63,38.14,"1,024.27","171,099.69"
478,30/09/2024,HPG,"26,050","26,200","26,350","26,600","26,150","26,437",300,1.15,37.43,989.42,0.54,14.14,37.97,"1,003.56","168,541.19"
479,27/09/2024,HPG,"26,050","26,150","26,050","26,300","25,900","26,082",0,0.00,30.54,796.54,0.48,12.27,31.02,808.81,"166,622.32"
480,26/09/2024,HPG,"26,200","26,300","26,050","26,450","26,050","26,219",-150,-0.57,21.75,570.13,4.58,115.54,26.32,685.67,"166,622.32"
481,25/09/2024,HPG,"25,850","26,100","26,200","26,400","26,050","26,234",350,1.35,41.01,"1,075.85",0.28,6.77,41.29,"1,082.62","167,581.76"
482,24/09/2024,HPG,"25,700","25,700","25,850","25,850","25,650","25,754",150,0.58,10.65,274.20,4.76,121.99,15.41,396.19,"165,343.07"
483,23/09/2024,HPG,"25,650","25,800","25,700","26,100","25,700","25,839",50,0.19,15.51,400.84,3.24,83.19,18.76,484.03,"164,383.63"
484,20/09/2024,HPG,"25,250","25,500","25,650","26,050","25,450","25,799",400,1.58,44.59,"1,150.33",9.65,232.13,54.24,"1,382.46","164,063.82"
485,19/09/2024,HPG,"25,100","25,300","25,250","25,500","25,200","25,319",150,0.60,13.68,346.29,0.18,4.26,13.85,350.55,"161,505.32"
486,18/09/2024,HPG,"25,250","25,250","25,100","25,350","25,100","25,198",-150,-0.59,13.23,333.48,2.51,64.53,15.75,398.01,"160,545.88"
487,17/09/2024,HPG,"24,850","24,900","25,250","25,250","24,800","24,975",400,1.61,13.17,329.01,0.08,1.93,13.25,330.93,"161,505.32"
488,16/09/2024,HPG,"25,000","25,000","24,850","25,250","24,850","25,000",-150,-0.60,14.57,364.34,1.41,36.64,15.98,400.98,"158,946.82"
489,13/09/2024,HPG,"25,100","25,150","25,000","25,300","25,000","25,078",-100,-0.40,12.43,311.67,0.03,0.81,12.46,312.48,"159,906.26"
490,12/09/2024,HPG,"25,350","25,400","25,100","25,550","25,100","25,318",-250,-0.99,9.04,228.77,0.00,0.00,9.04,228.77,"160,545.88"
491,11/09/2024,HPG,"25,150","25,150","25,350","25,550","25,050","25,241",200,0.80,14.21,358.75,0.61,15.31,14.82,374.06,"162,144.94"
492,10/09/2024,HPG,"25,600","25,750","25,150","25,850","25,150","25,386",-450,-1.76,15.02,381.28,0.00,0.00,15.02,381.29,"160,865.69"
493,09/09/2024,HPG,"25,400","25,400","25,600","26,200","25,300","25,803",200,0.79,32.65,842.37,1.06,27.31,33.71,869.67,"163,744.01"
494,06/09/2024,HPG,"25,050","25,050","25,400","25,400","24,750","25,028",350,1.40,22.85,571.92,1.15,28.89,24.01,600.81,"162,464.76"
495,05/09/2024,HPG,"25,250","25,350","25,050","25,350","25,000","25,155",-200,-0.79,22.56,567.58,0.56,14.09,23.12,581.67,"160,226.07"
496,04/09/2024,HPG,"25,500","25,300","25,250","25,450","25,100","25,249",-250,-0.98,19.06,481.31,0.06,1.40,19.12,482.71,"161,505.32"
497,30/08/2024,HPG,"25,600","25,700","25,500","25,750","25,500","25,627",-100,-0.39,17.97,460.41,0.59,15.19,18.55,475.59,"163,104.38"
498,29/08/2024,HPG,"25,700","25,800","25,600","25,950","25,600","25,758",-100,-0.39,16.16,416.34,0.32,8.47,16.48,424.80,"163,744.01"
499,28/08/2024,HPG,"25,750","25,850","25,700","25,950","25,650","25,773",-50,-0.19,18.66,480.83,0.17,4.50,18.83,485.33,"164,383.63"
500,27/08/2024,HPG,"26,000","26,000","25,750","26,050","25,700","25,835",-250,-0.96,12.45,321.66,1.67,44.16,14.12,365.83,"164,703.44"
501,26/08/2024,HPG,"26,050","26,150","26,000","26,400","25,950","26,120",-50,-0.19,21.64,565.34,0.10,2.50,21.74,567.84,"166,302.51"
502,23/08/2024,HPG,"25,750","25,750","26,050","26,050","25,400","25,654",300,1.17,22.41,574.87,1.57,38.33,23.97,613.20,"166,622.32"
503,22/08/2024,HPG,"26,150","26,200","25,750","26,250","25,700","25,848",-400,-1.53,24.03,621.12,0.72,18.64,24.75,639.75,"164,703.44"
504,21/08/2024,HPG,"25,800","25,850","26,150","26,250","25,800","25,973",350,1.36,24.81,644.43,0.50,13.05,25.31,657.48,"167,261.94"
505,20/08/2024,HPG,"25,850","26,000","25,800","26,200","25,800","25,963",-50,-0.19,20.45,530.88,0.00,0.00,20.45,530.88,"165,023.26"
506,19/08/2024,HPG,"25,600","25,800","25,850","26,350","25,700","26,006",250,0.98,24.43,635.25,0.40,10.52,24.83,645.77,"165,343.07"
507,16/08/2024,HPG,"25,200","25,200","25,600","25,700","25,000","25,435",400,1.59,36.33,923.97,0.18,4.47,36.50,928.44,"163,744.01"
508,15/08/2024,HPG,"25,450","25,450","25,200","25,450","25,200","25,290",-250,-0.98,16.23,410.45,1.04,27.02,17.26,437.47,"161,185.51"
509,14/08/2024,HPG,"25,400","25,500","25,450","25,700","25,300","25,488",50,0.20,13.69,348.97,1.26,33.07,14.95,382.04,"162,784.57"
510,13/08/2024,HPG,"25,850","25,900","25,400","25,950","25,200","25,494",-450,-1.74,26.24,669.08,0.82,21.48,27.06,690.57,"162,464.76"
511,12/08/2024,HPG,"26,050","26,050","25,850","26,100","25,700","25,857",-200,-0.77,12.58,325.18,0.69,17.94,13.27,343.12,"165,343.07"
512,09/08/2024,HPG,"25,600","25,900","26,050","26,100","25,700","25,896",450,1.76,12.12,313.94,1.26,33.28,13.38,347.22,"166,622.32"
513,08/08/2024,HPG,"26,050","25,950","25,600","26,100","25,550","25,825",-450,-1.73,21.92,565.98,0.00,0.00,21.92,565.98,"163,744.01"
514,07/08/2024,HPG,"26,300","26,450","26,050","26,450","25,950","26,073",-250,-0.95,15.41,401.83,0.84,22.44,16.25,424.27,"166,622.32"
515,06/08/2024,HPG,"25,950","26,050","26,300","26,450","25,850","26,186",350,1.35,19.76,517.41,0.67,18.20,20.43,535.61,"168,221.38"
516,05/08/2024,HPG,"27,250","26,800","25,950","26,850","25,800","26,300","-1,300",-4.77,45.61,"1,199.54",0.40,10.60,46.01,"1,210.14","165,982.69"
517,02/08/2024,HPG,"26,700","26,650","27,250","27,300","26,500","26,898",550,2.06,17.55,471.94,0.10,2.60,17.64,474.54,"174,297.82"
518,01/08/2024,HPG,"27,200","27,500","26,700","27,650","26,600","27,017",-500,-1.84,30.48,823.48,0.97,26.15,31.45,849.63,"170,779.88"
519,31/07/2024,HPG,"27,900","27,900","27,200","27,900","27,100","27,454",-700,-2.51,24.29,666.75,0.29,8.15,24.58,674.90,"173,978.01"
520,30/07/2024,HPG,"27,900","28,000","27,900","28,200","27,900","28,002",0,0.00,15.54,435.22,0.07,2.00,15.61,437.22,"178,455.38"
521,29/07/2024,HPG,"27,450","27,650","27,900","28,100","27,600","27,942",450,1.64,15.44,431.53,1.29,35.64,16.74,467.17,"178,455.38"
522,26/07/2024,HPG,"27,350","27,350","27,450","27,650","27,350","27,478",100,0.37,8.81,241.99,0.06,1.71,8.87,243.70,"175,577.07"
523,25/07/2024,HPG,"27,700","27,600","27,350","27,650","27,300","27,414",-350,-1.26,13.32,365.14,0.10,2.75,13.42,367.89,"174,937.44"
524,24/07/2024,HPG,"27,800","27,750","27,700","27,950","27,100","27,644",-100,-0.36,19.23,531.67,0.03,0.86,19.26,532.53,"177,176.13"
525,23/07/2024,HPG,"28,050","28,050","27,800","28,200","27,800","27,946",-250,-0.89,15.06,420.78,0.78,20.46,15.84,441.24,"177,815.76"
526,22/07/2024,HPG,"28,200","28,100","28,050","28,200","27,750","27,990",-150,-0.53,18.40,515.00,1.71,45.52,20.11,560.52,"179,414.82"
527,19/07/2024,HPG,"28,400","28,400","28,200","28,400","28,200","28,293",-200,-0.70,11.87,335.70,3.27,92.50,15.13,428.20,"180,374.26"
528,18/07/2024,HPG,"28,200","28,200","28,400","28,450","28,050","28,226",200,0.71,20.48,577.99,0.51,14.69,20.99,592.68,"181,653.51"
529,17/07/2024,HPG,"28,450","28,550","28,200","28,600","27,600","28,230",-250,-0.88,25.55,721.19,0.52,15.08,26.07,736.27,"180,374.26"
530,16/07/2024,HPG,"28,450","28,500","28,450","28,650","28,400","28,536",0,0.00,12.33,351.77,0.51,14.66,12.84,366.44,"181,973.32"
531,15/07/2024,HPG,"28,500","28,550","28,450","28,750","28,200","28,416",-50,-0.18,16.29,462.82,0.22,6.46,16.51,469.28,"181,973.32"
532,12/07/2024,HPG,"28,850","28,900","28,500","28,950","28,450","28,693",-350,-1.21,18.05,517.92,0.35,9.66,18.40,527.57,"182,293.13"
533,11/07/2024,HPG,"28,950","29,150","28,850","29,250","28,850","29,020",-100,-0.35,14.51,421.14,0.28,7.93,14.79,429.06,"184,531.82"
534,10/07/2024,HPG,"29,000","29,100","28,950","29,500","28,950","29,165",-50,-0.17,30.97,903.23,0.37,10.75,31.34,913.97,"185,171.44"
535,09/07/2024,HPG,"28,800","28,800","29,000","29,200","28,750","28,975",200,0.69,22.55,653.32,0.28,8.04,22.82,661.36,"185,491.26"
536,08/07/2024,HPG,"28,650","28,700","28,800","29,050","28,650","28,833",150,0.52,18.43,531.40,1.12,31.38,19.55,562.78,"184,212.01"
537,05/07/2024,HPG,"28,700","28,700","28,650","28,950","28,600","28,681",-50,-0.17,12.36,354.57,3.26,93.34,15.62,447.90,"183,252.57"
538,04/07/2024,HPG,"28,750","28,850","28,700","29,050","28,600","28,776",-50,-0.17,9.35,269.15,0.02,0.61,9.37,269.75,"183,572.38"
539,03/07/2024,HPG,"28,700","29,000","28,750","29,100","28,700","28,877",50,0.17,17.25,498.21,2.27,65.10,19.52,563.31,"183,892.19"
540,02/07/2024,HPG,"28,350","28,350","28,700","28,850","28,250","28,540",350,1.23,21.26,606.72,0.12,3.45,21.38,610.17,"183,572.38"
541,01/07/2024,HPG,"28,300","28,300","28,350","28,500","28,050","28,248",50,0.18,13.56,382.97,0.17,4.88,13.73,387.85,"181,333.69"
542,28/06/2024,HPG,"28,850","28,750","28,300","28,900","28,300","28,535",-550,-1.91,22.18,632.97,1.18,34.23,23.36,667.20,"181,013.88"
543,27/06/2024,HPG,"28,900","29,000","28,850","29,050","28,700","28,846",-50,-0.17,10.08,290.78,0.00,0.01,10.08,290.79,"184,531.82"
544,26/06/2024,HPG,"28,700","28,750","28,900","29,200","28,600","28,890",200,0.70,19.75,570.49,0.53,15.36,20.28,585.85,"184,851.63"
545,25/06/2024,HPG,"28,700","28,600","28,700","29,050","28,500","28,730",0,0.00,16.66,478.49,1.15,33.67,17.80,512.16,"183,572.38"
546,24/06/2024,HPG,"29,050","29,000","28,700","29,100","28,250","28,576",-350,-1.20,37.85,"1,081.50",0.52,14.96,38.37,"1,096.46","183,572.38"
547,21/06/2024,HPG,"29,350","29,350","29,050","29,350","29,000","29,144",-300,-1.02,14.29,416.39,1.22,35.84,15.50,452.23,"185,811.07"
548,20/06/2024,HPG,"29,350","29,250","29,350","29,400","28,950","29,132",0,0.00,27.77,809.12,0.14,4.16,27.91,813.28,"187,729.94"
549,19/06/2024,HPG,"29,400","29,500","29,350","29,550","29,250","29,358",-50,-0.17,19.18,563.03,0.66,19.34,19.83,582.37,"187,729.94"
550,18/06/2024,HPG,"29,450","29,500","29,400","29,700","29,400","29,516",-50,-0.17,16.53,488.02,3.66,108.53,20.19,596.55,"188,049.76"
551,17/06/2024,HPG,"29,100","29,100","29,450","29,950","29,000","29,518",350,1.20,34.37,"1,014.61",0.06,1.83,34.44,"1,016.44","188,369.57"
552,14/06/2024,HPG,"29,500","29,500","29,100","29,950","29,100","29,604",-400,-1.36,34.29,"1,015.18",8.90,261.38,43.20,"1,276.56","186,130.88"
553,13/06/2024,HPG,"29,600","29,650","29,500","29,700","29,300","29,468",-100,-0.34,20.55,605.54,2.00,59.00,22.55,664.54,"188,689.38"
554,12/06/2024,HPG,"29,100","29,000","29,600","29,600","29,000","29,227",500,1.72,19.28,563.63,5.62,163.73,24.90,727.36,"189,329.01"
555,11/06/2024,HPG,"29,300","29,400","29,100","29,650","29,050","29,289",-200,-0.68,26.99,790.40,2.00,58.45,28.99,848.85,"186,130.88"
556,10/06/2024,HPG,"29,300","29,400","29,300","29,450","29,150","29,248",0,0.00,20.26,592.56,0.40,11.58,20.66,604.15,"187,410.13"
557,07/06/2024,HPG,"29,300","29,350","29,300","29,400","29,100","29,262",0,0.00,14.88,435.51,1.50,43.95,16.38,479.46,"187,410.13"
558,06/06/2024,HPG,"29,250","29,250","29,300","29,650","28,900","29,275",50,0.17,20.82,609.58,6.71,200.18,27.54,809.76,"187,410.13"
559,05/06/2024,HPG,"29,300","29,300","29,250","29,500","29,100","29,248",-50,-0.17,19.20,561.44,0.00,0.00,19.20,561.44,"187,090.32"
560,04/06/2024,HPG,"29,000","29,000","29,300","29,800","29,000","29,442",300,1.03,39.65,"1,167.52",5.19,156.20,44.85,"1,323.71","187,410.13"
561,03/06/2024,HPG,"28,600","28,800","29,000","29,100","28,800","28,961",400,1.40,20.63,597.59,0.02,0.54,20.65,598.12,"168,628.79"
562,31/05/2024,HPG,"28,250","28,400","28,600","28,800","28,050","28,471",350,1.24,17.74,504.98,0.06,1.72,17.80,506.70,"166,302.87"
563,30/05/2024,HPG,"28,600","28,500","28,250","28,550","28,000","28,268",-350,-1.22,27.26,770.53,0.19,5.71,27.45,776.23,"164,267.70"
564,29/05/2024,HPG,"29,150","29,100","28,600","29,250","28,600","28,891",-550,-1.89,21.60,624.03,2.52,72.05,24.12,696.07,"166,302.87"
565,28/05/2024,HPG,"28,900","29,000","29,150","29,200","28,800","28,953",250,0.87,17.56,508.54,0.17,5.18,17.74,513.73,"169,501.00"
566,27/05/2024,HPG,"28,900","28,900","28,900","29,300","28,650","28,918",0,0.00,15.76,455.71,1.59,48.92,17.34,504.64,"168,047.31"
567,24/05/2024,HPG,"29,500","29,300","28,900","29,500","28,500","28,969",-600,-2.03,30.15,873.46,0.20,6.08,30.35,879.54,"168,047.31"
568,23/05/2024,HPG,"28,450","28,850","29,500","29,500","28,600","29,007","1,050",3.69,37.87,"1,098.49",1.59,42.13,39.46,"1,140.62","171,536.18"
569,22/05/2024,HPG,"31,850","31,850","31,300","31,950","31,150","31,406",-550,-1.73,39.78,"1,249.40",0.73,22.31,40.51,"1,271.71","182,002.79"
570,21/05/2024,HPG,"32,000","32,000","31,850","32,000","31,450","31,739",-150,-0.47,20.86,662.18,0.02,0.66,20.88,662.84,"185,200.92"
571,20/05/2024,HPG,"31,600","31,650","32,000","32,150","31,600","31,938",400,1.27,46.49,"1,484.80",0.31,9.55,46.80,"1,494.34","186,073.14"
572,17/05/2024,HPG,"31,600","31,600","31,600","31,600","31,150","31,331",0,0.00,28.64,897.34,0.50,15.30,29.14,912.65,"183,747.23"
573,16/05/2024,HPG,"31,200","31,600","31,600","31,850","31,450","31,597",400,1.28,27.40,865.88,0.30,9.36,27.71,875.24,"183,747.23"
574,15/05/2024,HPG,"30,200","30,250","31,200","31,350","30,250","30,969","1,000",3.31,45.11,"1,397.03",0.53,16.22,45.64,"1,413.25","181,421.31"
575,14/05/2024,HPG,"30,200","30,400","30,200","30,700","30,100","30,321",0,0.00,15.66,474.94,0.61,18.45,16.27,493.39,"175,606.53"
576,13/05/2024,HPG,"30,450","30,550","30,200","30,650","30,100","30,302",-250,-0.82,13.17,399.12,0.00,0.00,13.17,399.12,"175,606.53"
577,10/05/2024,HPG,"30,450","30,600","30,450","30,650","29,950","30,266",0,0.00,18.98,574.50,0.18,5.85,19.16,580.35,"177,060.22"
578,09/05/2024,HPG,"30,700","30,900","30,450","30,900","30,050","30,486",-250,-0.81,19.42,592.12,0.02,0.59,19.44,592.71,"177,060.22"
579,08/05/2024,HPG,"30,150","30,150","30,700","31,000","29,750","30,408",550,1.82,34.29,"1,042.69",0.48,14.92,34.77,"1,057.61","178,513.92"
580,07/05/2024,HPG,"29,300","29,400","30,150","30,200","29,250","29,723",850,2.90,30.14,895.83,1.26,35.81,31.40,931.64,"175,315.79"
581,06/05/2024,HPG,"28,650","28,850","29,300","29,350","28,800","29,164",650,2.27,27.11,790.58,2.49,75.66,29.60,866.24,"170,373.22"
582,03/05/2024,HPG,"28,350","28,350","28,650","29,100","28,350","28,818",300,1.06,16.71,481.69,0.04,1.10,16.75,482.79,"166,593.61"
583,02/05/2024,HPG,"28,400","28,400","28,350","28,400","28,050","28,235",-50,-0.18,7.32,206.74,0.14,4.02,7.46,210.76,"164,849.17"
584,26/04/2024,HPG,"28,550","28,300","28,400","28,550","28,050","28,299",-150,-0.53,18.30,517.99,0.61,16.29,18.91,534.28,"165,139.91"
585,25/04/2024,HPG,"28,800","28,700","28,550","28,700","28,300","28,495",-250,-0.87,11.24,320.18,0.19,5.26,11.42,325.44,"166,012.13"
586,24/04/2024,HPG,"27,600","27,900","28,800","28,950","27,750","28,386","1,200",4.35,23.05,654.35,0.38,10.66,23.43,665.01,"167,465.83"
587,23/04/2024,HPG,"28,000","28,000","27,600","28,050","27,450","27,755",-400,-1.43,18.36,509.57,0.19,5.26,18.55,514.84,"160,488.09"
588,22/04/2024,HPG,"27,800","28,200","28,000","28,200","27,850","28,046",200,0.72,12.39,347.52,0.02,0.58,12.41,348.10,"162,814.00"
589,19/04/2024,HPG,"28,000","27,800","27,800","28,350","27,500","27,928",-200,-0.71,26.14,730.00,0.19,5.45,26.33,735.45,"161,651.04"
590,17/04/2024,HPG,"28,350","28,500","28,000","28,550","27,900","28,250",-350,-1.23,15.58,439.99,0.69,18.54,16.27,458.52,"162,814.00"
591,16/04/2024,HPG,"28,500","28,500","28,350","28,550","27,850","28,213",-150,-0.53,33.42,943.00,0.19,5.45,33.61,948.46,"164,849.17"
592,15/04/2024,HPG,"29,950","29,850","28,500","29,950","28,100","29,275","-1,450",-4.84,31.11,910.68,0.02,0.58,31.13,911.26,"165,721.39"
593,12/04/2024,HPG,"29,900","30,000","29,950","30,100","29,850","29,921",50,0.17,13.92,416.41,0.09,2.69,14.01,419.10,"174,152.83"
594,11/04/2024,HPG,"29,650","29,450","29,900","30,150","29,450","29,915",250,0.84,19.25,575.75,0.23,6.80,19.48,582.55,"173,862.09"
595,10/04/2024,HPG,"29,900","29,950","29,650","30,100","29,650","29,916",-250,-0.84,11.13,333.10,0.00,0.00,11.13,333.10,"172,408.40"
596,09/04/2024,HPG,"29,600","29,600","29,900","29,900","29,550","29,730",300,1.01,9.84,292.48,0.40,11.23,10.24,303.71,"173,862.09"
597,08/04/2024,HPG,"29,450","29,450","29,600","29,800","29,300","29,565",150,0.51,16.71,494.00,0.08,2.40,16.79,496.40,"172,117.66"
598,05/04/2024,HPG,"29,600","29,450","29,450","29,750","29,250","29,488",-150,-0.51,24.02,708.26,0.08,2.40,24.10,710.66,"171,245.44"
599,04/04/2024,HPG,"29,950","29,950","29,600","30,050","29,550","29,736",-350,-1.17,26.37,784.19,1.36,41.43,27.73,825.61,"172,117.66"
600,03/04/2024,HPG,"30,400","30,350","29,950","30,450","29,950","30,177",-450,-1.48,21.49,648.49,0.15,4.51,21.64,653.01,"174,152.83"
601,02/04/2024,HPG,"30,100","29,900","30,400","30,400","29,800","30,050",300,1.00,26.30,790.28,2.17,65.86,28.47,856.13,"176,769.49"
602,01/04/2024,HPG,"30,250","30,200","30,100","30,350","29,950","30,117",-150,-0.50,20.76,625.22,0.66,20.14,21.42,645.36,"175,025.05"
603,29/03/2024,HPG,"30,550","30,600","30,250","30,600","30,250","30,374",-300,-0.98,14.82,450.19,2.94,89.92,17.76,540.11,"175,897.27"
604,28/03/2024,HPG,"30,600","30,850","30,550","30,850","30,450","30,574",-50,-0.16,19.11,584.38,1.03,31.51,20.15,615.89,"177,641.70"
605,27/03/2024,HPG,"30,550","30,900","30,600","31,100","30,600","30,880",50,0.16,24.33,751.31,1.52,45.40,25.85,796.71,"177,932.44"
606,26/03/2024,HPG,"30,200","30,200","30,550","30,550","30,100","30,400",350,1.16,11.98,364.08,0.20,5.90,12.18,369.99,"177,641.70"
607,25/03/2024,HPG,"30,550","30,550","30,200","30,950","30,050","30,469",-350,-1.15,21.35,650.52,1.53,44.01,22.88,694.53,"175,606.53"
608,22/03/2024,HPG,"30,250","30,350","30,550","30,700","30,200","30,489",300,0.99,37.38,"1,139.79",0.32,9.90,37.70,"1,149.69","177,641.70"
609,21/03/2024,HPG,"30,000","30,350","30,250","30,550","30,100","30,311",250,0.83,19.97,605.30,1.00,30.17,20.97,635.47,"175,897.27"
610,20/03/2024,HPG,"29,800","29,850","30,000","30,100","29,750","29,908",200,0.67,12.97,387.95,0.40,11.47,13.38,399.42,"174,443.57"
611,19/03/2024,HPG,"29,600","29,500","29,800","30,600","29,400","29,993",200,0.68,26.97,809.02,0.14,4.09,27.12,813.11,"173,280.61"
612,18/03/2024,HPG,"30,100","30,150","29,600","30,200","29,000","29,527",-500,-1.66,50.10,"1,479.31",0.12,3.48,50.22,"1,482.79","172,117.66"
613,15/03/2024,HPG,"30,350","30,350","30,100","30,700","30,000","30,232",-250,-0.82,35.82,"1,083.01",0.00,0.00,35.82,"1,083.01","175,025.05"
614,14/03/2024,HPG,"30,800","30,900","30,350","30,900","30,250","30,576",-450,-1.46,30.77,940.95,0.62,19.24,31.39,960.18,"176,478.75"
615,13/03/2024,HPG,"30,200","30,200","30,800","30,850","30,100","30,545",600,1.99,29.37,897.03,0.43,12.15,29.80,909.17,"179,095.40"
616,12/03/2024,HPG,"29,900","29,850","30,200","30,400","29,800","30,043",300,1.00,30.14,905.35,0.56,16.96,30.69,922.31,"175,606.53"
617,11/03/2024,HPG,"30,300","30,300","29,900","30,600","29,800","30,173",-400,-1.32,30.42,917.72,0.54,15.57,30.95,933.29,"173,862.09"
618,08/03/2024,HPG,"31,000","31,000","30,300","31,050","30,250","30,560",-700,-2.26,47.32,"1,446.18",2.22,68.96,49.54,"1,515.13","176,188.01"
619,07/03/2024,HPG,"30,800","30,700","31,000","31,350","30,600","30,939",200,0.65,32.26,998.17,1.13,33.22,33.40,"1,031.39","180,258.36"
620,06/03/2024,HPG,"31,150","31,100","30,800","31,150","30,500","30,774",-350,-1.12,28.06,863.51,3.44,103.53,31.50,967.04,"179,095.40"
621,05/03/2024,HPG,"30,800","30,800","31,150","31,300","30,700","31,004",350,1.14,29.92,927.56,0.31,9.33,30.22,936.89,"181,130.57"
622,04/03/2024,HPG,"30,850","31,000","30,800","31,400","30,700","31,027",-50,-0.16,28.58,886.73,0.39,11.57,28.97,898.30,"179,095.40"
623,01/03/2024,HPG,"31,000","31,200","30,850","31,200","30,650","30,865",-150,-0.48,26.96,832.09,0.48,14.71,27.44,846.80,"179,386.14"
624,29/02/2024,HPG,"30,600","30,750","31,000","31,150","30,500","30,792",400,1.31,33.58,"1,034.01",0.50,15.44,34.08,"1,049.45","180,258.36"
625,28/02/2024,HPG,"30,350","30,400","30,600","30,950","30,150","30,426",250,0.82,35.20,"1,071.05",1.80,53.22,37.00,"1,124.27","177,932.44"
626,27/02/2024,HPG,"28,800","28,900","30,350","30,450","28,800","29,947","1,550",5.38,86.84,"2,600.63",0.72,20.92,87.56,"2,621.54","176,478.75"
627,26/02/2024,HPG,"28,400","28,400","28,800","28,800","28,300","28,519",400,1.41,19.22,548.19,1.16,33.46,20.38,581.65,"167,465.83"
628,23/02/2024,HPG,"28,550","28,550","28,400","28,850","28,400","28,597",-150,-0.53,27.30,780.72,1.24,36.84,28.54,817.57,"165,139.91"
629,22/02/2024,HPG,"28,800","28,700","28,550","28,800","28,550","28,680",-250,-0.87,22.41,642.81,0.20,5.63,22.61,648.44,"166,012.13"
630,21/02/2024,HPG,"29,200","29,100","28,800","29,150","28,700","28,910",-400,-1.37,31.58,912.98,1.26,37.57,32.84,950.55,"167,465.83"
631,20/02/2024,HPG,"29,200","29,200","29,200","29,350","29,050","29,153",0,0.00,21.39,623.63,0.35,10.11,21.74,633.74,"169,791.74"
632,19/02/2024,HPG,"28,600","28,650","29,200","29,400","28,450","28,935",600,2.10,42.28,"1,223.25",4.91,139.25,47.19,"1,362.50","169,791.74"
633,16/02/2024,HPG,"28,700","28,750","28,600","28,800","28,600","28,664",-100,-0.35,16.72,479.23,0.85,22.77,17.57,502.00,"166,302.87"
634,15/02/2024,HPG,"28,150","28,300","28,700","28,900","28,250","28,674",550,1.95,36.99,"1,060.53",0.50,14.21,37.49,"1,074.73","166,884.35"
635,07/02/2024,HPG,"28,050","28,050","28,150","28,300","28,050","28,189",100,0.36,13.81,389.24,0.00,0.00,13.81,389.24,"163,686.22"
636,06/02/2024,HPG,"28,000","28,150","28,050","28,250","28,000","28,110",50,0.18,14.66,412.11,0.66,17.64,15.32,429.75,"163,104.74"
637,05/02/2024,HPG,"27,900","27,900","28,000","28,300","27,900","28,101",100,0.36,16.23,456.12,0.04,1.12,16.27,457.24,"162,814.00"
638,02/02/2024,HPG,"27,850","27,700","27,900","28,100","27,700","27,955",50,0.18,14.16,395.90,0.93,26.65,15.09,422.55,"162,232.52"
639,01/02/2024,HPG,"27,750","27,750","27,850","28,100","27,700","27,893",100,0.36,10.64,296.68,0.00,0.00,10.64,296.68,"161,941.78"
640,31/01/2024,HPG,"28,000","27,950","27,750","28,100","27,750","27,908",-250,-0.89,24.46,682.54,0.84,24.08,25.30,706.62,"161,360.30"
641,30/01/2024,HPG,"28,000","28,000","28,000","28,100","27,850","27,981",0,0.00,17.53,490.48,0.09,2.58,17.62,493.06,"162,814.00"
642,29/01/2024,HPG,"28,350","28,350","28,000","28,400","28,000","28,133",-350,-1.23,21.58,606.96,0.28,8.06,21.86,615.02,"162,814.00"
643,26/01/2024,HPG,"28,250","28,400","28,350","28,500","28,250","28,359",100,0.35,14.37,407.58,7.22,203.68,21.59,611.26,"164,849.17"
644,25/01/2024,HPG,"28,250","28,250","28,250","28,400","28,000","28,219",0,0.00,15.23,429.70,0.50,15.10,15.73,444.80,"164,267.70"
645,24/01/2024,HPG,"28,350","28,300","28,250","28,500","28,250","28,356",-100,-0.35,16.14,457.59,0.28,7.99,16.42,465.58,"164,267.70"
646,23/01/2024,HPG,"28,300","28,450","28,350","28,500","28,250","28,318",50,0.18,21.68,613.88,3.64,103.05,25.32,716.93,"164,849.17"
647,22/01/2024,HPG,"27,800","28,000","28,300","28,650","27,850","28,300",500,1.80,66.07,"1,869.72",0.60,16.93,66.67,"1,886.64","164,558.44"
648,19/01/2024,HPG,"27,650","27,750","27,800","27,900","27,600","27,755",150,0.54,14.86,412.43,0.15,4.19,15.01,416.62,"161,651.04"
649,18/01/2024,HPG,"27,650","27,700","27,650","27,850","27,600","27,702",0,0.00,12.64,350.12,0.23,6.07,12.86,356.20,"160,778.82"
650,17/01/2024,HPG,"27,800","27,850","27,650","27,950","27,650","27,807",-150,-0.54,23.41,650.97,0.19,5.24,23.60,656.21,"160,778.82"
651,16/01/2024,HPG,"27,100","27,100","27,800","27,800","27,050","27,460",700,2.58,19.77,542.82,0.20,5.44,19.97,548.26,"161,651.04"
652,15/01/2024,HPG,"27,150","27,200","27,100","27,450","27,100","27,292",-50,-0.18,12.50,341.08,0.12,3.24,12.62,344.31,"157,580.69"
653,12/01/2024,HPG,"27,500","27,350","27,150","27,450","27,050","27,225",-350,-1.27,28.63,779.36,0.04,1.10,28.67,780.46,"157,871.43"
654,11/01/2024,HPG,"27,350","27,450","27,500","27,650","27,400","27,544",150,0.55,15.26,420.46,0.08,2.09,15.34,422.55,"159,906.61"
655,10/01/2024,HPG,"27,700","27,700","27,350","27,750","27,250","27,472",-350,-1.26,32.64,896.75,0.05,1.51,32.70,898.26,"159,034.39"
656,09/01/2024,HPG,"27,850","27,900","27,700","27,950","27,500","27,726",-150,-0.54,28.62,793.62,1.22,33.84,29.84,827.46,"161,069.56"
657,08/01/2024,HPG,"27,800","27,950","27,850","28,250","27,850","28,046",50,0.18,31.24,876.26,1.67,47.09,32.91,923.35,"161,941.78"
658,05/01/2024,HPG,"27,750","27,750","27,800","27,900","27,550","27,725",50,0.18,17.33,480.56,0.05,1.51,17.39,482.07,"161,651.04"
659,04/01/2024,HPG,"27,800","27,800","27,750","28,100","27,700","27,902",-50,-0.18,38.54,"1,075.30",0.15,4.31,38.69,"1,079.61","161,360.30"
660,03/01/2024,HPG,"27,450","27,400","27,800","27,800","27,400","27,571",350,1.28,18.58,512.13,0.00,0.00,18.58,512.13,"161,651.04"
661,02/01/2024,HPG,"27,950","28,100","27,450","28,150","27,450","27,718",-500,-1.79,22.19,614.99,0.00,0.00,22.19,614.99,"159,615.87"
662,29/12/2023,HPG,"27,950","27,950","27,950","28,100","27,800","27,945",0,0.00,20.47,571.96,2.14,60.53,22.61,632.49,"162,523.26"
663,28/12/2023,HPG,"27,750","27,750","27,950","28,200","27,650","27,908",200,0.72,31.31,873.75,1.20,33.40,32.51,907.15,"162,523.26"
664,27/12/2023,HPG,"27,800","27,850","27,750","28,000","27,750","27,872",-50,-0.18,19.85,553.31,1.12,31.53,20.98,584.84,"161,360.30"
665,26/12/2023,HPG,"27,450","27,400","27,800","27,900","27,400","27,667",350,1.28,33.74,933.60,0.10,2.77,33.84,936.37,"161,651.04"
666,25/12/2023,HPG,"27,050","27,150","27,450","27,600","27,150","27,417",400,1.48,20.41,559.50,1.64,44.60,22.05,604.10,"159,615.87"
667,22/12/2023,HPG,"27,200","27,200","27,050","27,350","27,050","27,200",-150,-0.55,17.43,474.08,0.10,2.65,17.53,476.72,"157,289.95"
668,21/12/2023,HPG,"27,200","27,100","27,200","27,300","26,950","27,126",0,0.00,14.31,388.11,0.90,25.17,15.20,413.27,"158,162.17"
669,20/12/2023,HPG,"27,200","27,200","27,200","27,350","27,100","27,236",0,0.00,17.66,481.03,0.33,8.84,17.99,489.87,"158,162.17"
670,19/12/2023,HPG,"26,600","26,600","27,200","27,200","26,550","26,810",600,2.26,20.50,549.50,0.83,21.68,21.33,571.19,"158,162.17"
671,18/12/2023,HPG,"26,800","26,900","26,600","27,000","26,600","26,781",-200,-0.75,14.88,398.38,0.58,15.94,15.46,414.32,"154,673.30"
672,15/12/2023,HPG,"27,050","27,100","26,800","27,200","26,750","26,948",-250,-0.92,34.69,934.72,0.80,21.99,35.48,956.71,"155,836.26"
673,14/12/2023,HPG,"27,350","27,550","27,050","27,550","27,050","27,296",-300,-1.10,31.78,867.39,0.56,14.99,32.33,882.38,"157,289.95"
674,13/12/2023,HPG,"27,950","28,100","27,350","28,200","27,300","27,782",-600,-2.15,33.35,926.45,0.21,5.60,33.56,932.06,"159,034.39"
675,12/12/2023,HPG,"27,500","27,500","27,950","28,200","27,500","27,992",450,1.64,31.68,886.83,0.55,15.39,32.23,902.22,"162,523.26"
676,11/12/2023,HPG,"27,700","27,700","27,500","27,800","27,300","27,524",-200,-0.72,17.85,491.17,0.14,4.29,17.99,495.46,"159,906.61"
677,08/12/2023,HPG,"27,600","27,800","27,700","28,250","27,500","28,004",100,0.36,52.78,"1,478.16",0.00,0.00,52.78,"1,478.16","161,069.56"
678,07/12/2023,HPG,"27,600","27,650","27,600","27,900","26,950","27,557",0,0.00,49.43,"1,362.19",0.14,4.09,49.58,"1,366.28","160,488.09"
679,06/12/2023,HPG,"27,250","27,250","27,600","27,600","27,200","27,368",350,1.28,18.65,510.36,0.00,0.00,18.65,510.36,"160,488.09"
680,05/12/2023,HPG,"27,500","27,500","27,250","27,550","27,150","27,297",-250,-0.91,22.51,614.49,0.14,4.09,22.66,618.58,"158,452.91"
681,04/12/2023,HPG,"26,900","27,200","27,500","27,750","27,050","27,422",600,2.23,42.34,"1,161.09",0.04,1.08,42.38,"1,162.17","159,906.61"
682,01/12/2023,HPG,"26,550","26,800","26,900","27,100","26,450","26,802",350,1.32,15.40,412.75,2.08,56.24,17.48,468.99,"156,417.74"
683,30/11/2023,HPG,"27,000","27,100","26,550","27,200","26,550","26,861",-450,-1.67,21.21,569.68,0.17,4.71,21.38,574.38,"154,382.56"
684,29/11/2023,HPG,"26,700","26,700","27,000","27,100","26,650","26,894",300,1.12,22.50,605.19,0.60,16.13,23.10,621.33,"156,999.21"
685,28/11/2023,HPG,"26,300","26,400","26,700","26,700","26,050","26,391",400,1.52,18.86,497.84,0.46,12.14,19.32,509.97,"155,254.78"
686,27/11/2023,HPG,"26,400","26,500","26,300","26,750","26,200","26,420",-100,-0.38,16.72,441.86,0.00,0.00,16.72,441.86,"152,928.86"
687,24/11/2023,HPG,"25,850","26,000","26,400","26,400","25,550","25,916",550,2.13,26.23,679.73,0.00,0.00,26.23,679.73,"153,510.34"
688,23/11/2023,HPG,"27,200","27,300","25,850","27,350","25,850","26,676","-1,350",-4.96,21.68,578.45,0.12,3.24,21.80,581.69,"150,312.21"
689,22/11/2023,HPG,"27,050","27,000","27,200","27,200","26,900","27,044",150,0.55,17.02,460.15,0.33,8.93,17.35,469.09,"158,162.17"
690,21/11/2023,HPG,"26,650","27,000","27,050","27,500","26,950","27,183",400,1.50,26.70,725.87,0.07,1.88,26.77,727.75,"157,289.95"
691,20/11/2023,HPG,"26,500","26,100","26,650","26,900","26,100","26,420",150,0.57,18.25,482.17,0.00,0.00,18.25,482.17,"154,964.04"
692,17/11/2023,HPG,"27,200","27,200","26,500","27,400","26,300","26,828",-700,-2.57,38.53,"1,033.73",4.82,130.06,43.35,"1,163.79","154,091.82"
693,16/11/2023,HPG,"27,000","26,850","27,200","27,200","26,800","26,948",200,0.74,16.26,438.21,0.07,1.89,16.33,440.10,"158,162.17"
694,15/11/2023,HPG,"27,000","27,550","27,000","27,800","27,000","27,351",0,0.00,34.62,946.84,0.18,4.84,34.79,951.67,"156,999.21"
695,14/11/2023,HPG,"27,200","27,400","27,000","27,500","26,700","27,014",-200,-0.74,23.26,628.26,0.26,7.13,23.52,635.39,"156,999.21"
696,13/11/2023,HPG,"26,500","26,500","27,200","27,600","26,500","27,216",700,2.64,44.00,"1,197.51",0.05,1.24,44.05,"1,198.75","158,162.17"
697,10/11/2023,HPG,"26,700","26,400","26,500","27,100","26,350","26,653",-200,-0.75,28.03,747.10,0.35,9.37,28.38,756.47,"154,091.82"
698,09/11/2023,HPG,"26,950","26,950","26,700","27,400","26,600","26,981",-250,-0.93,31.36,846.15,0.00,0.00,31.36,846.15,"155,254.78"
699,08/11/2023,HPG,"25,800","25,800","26,950","26,950","25,600","26,359","1,150",4.46,34.85,918.66,0.65,16.75,35.50,935.41,"156,708.47"
700,07/11/2023,HPG,"25,750","25,800","25,800","26,200","25,450","25,763",50,0.19,19.86,511.69,0.02,0.51,19.88,512.20,"150,021.47"
701,06/11/2023,HPG,"25,100","25,350","25,750","25,900","25,200","25,614",650,2.59,20.38,522.02,26.69,623.47,47.07,"1,145.49","149,730.73"
702,03/11/2023,HPG,"25,250","25,400","25,100","25,500","24,750","25,122",-150,-0.59,20.50,514.95,0.00,0.00,20.50,514.95,"145,951.12"
703,02/11/2023,HPG,"23,950","24,200","25,250","25,600","24,100","24,821","1,300",5.43,26.64,661.28,0.93,23.08,27.57,684.36,"146,823.34"
704,01/11/2023,HPG,"23,000","23,000","23,950","23,950","22,950","23,379",950,4.13,19.14,447.56,16.42,351.46,35.56,799.01,"139,264.12"
705,31/10/2023,HPG,"23,000","23,500","23,000","23,500","22,900","23,127",0,0.00,20.79,480.85,0.18,4.14,20.97,484.99,"133,740.07"
706,30/10/2023,HPG,"23,350","23,350","23,000","23,750","23,000","23,413",-350,-1.50,16.17,378.68,0.03,0.70,16.20,379.38,"133,740.07"
707,27/10/2023,HPG,"22,800","23,250","23,350","23,500","22,850","23,144",550,2.41,15.02,347.53,6.74,161.63,21.75,509.16,"135,775.25"
708,26/10/2023,HPG,"24,050","23,800","22,800","23,850","22,600","23,126","-1,250",-5.20,31.03,717.61,0.08,1.92,31.11,719.54,"132,577.11"
709,25/10/2023,HPG,"24,000","24,050","24,050","24,600","24,050","24,353",50,0.21,12.06,293.75,0.00,0.00,12.06,293.75,"139,845.60"
710,24/10/2023,HPG,"24,000","24,050","24,000","24,400","23,650","24,042",0,0.00,9.71,233.52,0.20,4.86,9.91,238.38,"139,554.86"
711,23/10/2023,HPG,"24,350","24,350","24,000","24,350","23,700","24,025",-350,-1.44,11.95,287.07,0.03,0.73,11.98,287.80,"139,554.86"
712,20/10/2023,HPG,"23,700","23,700","24,350","24,350","23,350","23,797",650,2.74,16.37,389.54,0.04,0.98,16.41,390.51,"141,590.03"
713,19/10/2023,HPG,"24,000","24,100","23,700","24,200","23,450","23,774",-300,-1.25,20.81,494.70,0.13,3.23,20.93,497.93,"137,810.42"
714,18/10/2023,HPG,"24,800","24,800","24,000","24,950","23,200","24,218",-800,-3.23,30.93,749.06,0.59,13.68,31.52,762.74,"139,554.86"
715,17/10/2023,HPG,"25,000","25,200","24,800","25,450","24,800","25,063",-200,-0.80,14.71,368.57,0.62,15.56,15.32,384.13,"144,206.69"
716,16/10/2023,HPG,"25,750","25,750","25,000","25,800","25,000","25,314",-750,-2.91,16.20,410.22,0.06,1.55,16.27,411.77,"145,369.64"
717,13/10/2023,HPG,"25,800","25,600","25,750","25,750","25,050","25,392",-50,-0.19,19.57,496.98,0.88,22.89,20.45,519.86,"149,730.73"
718,12/10/2023,HPG,"26,200","26,300","25,800","26,300","25,600","25,961",-400,-1.53,22.05,572.56,1.06,27.49,23.11,600.05,"150,021.47"
719,11/10/2023,HPG,"26,000","26,150","26,200","26,250","25,800","26,007",200,0.77,13.50,351.15,0.24,5.94,13.74,357.09,"152,347.39"
720,10/10/2023,HPG,"25,500","25,700","26,000","26,250","25,600","25,994",500,1.96,20.00,520.00,0.14,3.59,20.15,523.59,"151,184.43"
721,09/10/2023,HPG,"24,950","24,950","25,500","25,600","24,950","25,358",550,2.20,11.43,289.89,0.21,5.19,11.64,295.08,"148,277.04"
722,06/10/2023,HPG,"24,900","24,850","24,950","25,300","24,650","24,919",50,0.20,15.25,380.02,5.60,145.56,20.85,525.58,"145,078.90"
723,05/10/2023,HPG,"25,250","25,400","24,900","25,500","24,850","25,166",-350,-1.39,10.42,262.33,0.10,2.49,10.52,264.82,"144,788.16"
724,04/10/2023,HPG,"24,800","24,500","25,250","25,500","24,000","24,884",450,1.81,21.10,524.93,0.00,0.00,21.10,524.93,"146,823.34"
725,03/10/2023,HPG,"26,200","26,100","24,800","26,100","24,700","25,216","-1,400",-5.34,40.64,"1,024.72",0.03,0.79,40.67,"1,025.51","144,206.69"
726,02/10/2023,HPG,"26,300","26,300","26,200","26,450","26,000","26,251",-100,-0.38,11.41,299.58,0.42,10.23,11.83,309.82,"152,347.39"
727,29/09/2023,HPG,"26,600","26,800","26,300","26,850","26,250","26,450",-300,-1.13,15.02,397.26,1.22,32.35,16.24,429.61,"152,928.86"
728,28/09/2023,HPG,"26,500","26,600","26,600","26,850","26,200","26,559",100,0.38,16.56,439.89,0.90,23.64,17.46,463.53,"154,673.30"
729,27/09/2023,HPG,"26,200","26,150","26,500","26,700","26,150","26,397",300,1.15,20.33,536.53,1.96,51.59,22.29,588.12,"154,091.82"
730,26/09/2023,HPG,"26,000","25,850","26,200","26,800","25,850","26,352",200,0.77,30.84,812.65,0.20,5.42,31.03,818.07,"152,347.39"
731,25/09/2023,HPG,"27,300","27,000","26,000","27,500","25,700","26,419","-1,300",-4.76,36.87,974.15,0.00,0.00,36.87,974.15,"151,184.43"
732,22/09/2023,HPG,"28,400","27,750","27,300","27,950","26,750","27,275","-1,100",-3.87,50.58,"1,379.66",0.79,21.62,51.38,"1,401.28","158,743.65"
733,21/09/2023,HPG,"28,400","28,400","28,400","29,100","28,150","28,673",0,0.00,42.92,"1,230.70",0.04,1.13,42.96,"1,231.82","165,139.91"
734,20/09/2023,HPG,"28,150","28,150","28,400","28,550","28,050","28,243",250,0.89,26.60,751.30,0.26,7.52,26.86,758.81,"165,139.91"
735,19/09/2023,HPG,"27,600","28,000","28,150","28,150","27,500","27,825",550,1.99,21.03,585.25,1.00,25.75,22.03,611.00,"163,686.22"
736,18/09/2023,HPG,"27,600","27,600","27,600","28,100","27,200","27,777",0,0.00,20.89,580.29,0.35,9.94,21.24,590.23,"160,488.09"
737,15/09/2023,HPG,"27,800","27,900","27,600","28,100","27,600","27,810",-200,-0.72,24.75,688.32,1.00,28.30,25.75,716.62,"160,488.09"
738,14/09/2023,HPG,"28,400","28,400","27,800","28,550","27,750","28,072",-600,-2.11,34.68,973.63,1.44,40.56,36.13,"1,014.19","161,651.04"
739,13/09/2023,HPG,"28,750","28,800","28,400","29,400","28,250","28,899",-350,-1.22,49.19,"1,421.63",0.07,2.00,49.26,"1,423.62","165,139.91"
740,12/09/2023,HPG,"28,000","28,000","28,750","28,750","27,700","28,294",750,2.68,22.62,639.87,0.18,5.16,22.80,645.04,"167,175.09"
741,11/09/2023,HPG,"28,750","29,000","28,000","29,050","27,750","28,372",-750,-2.61,47.70,"1,353.28",0.00,0.00,47.70,"1,353.28","162,814.00"
742,08/09/2023,HPG,"28,650","28,500","28,750","29,150","28,400","28,803",100,0.35,33.79,973.36,2.15,61.92,35.95,"1,035.28","167,175.09"
743,07/09/2023,HPG,"29,000","29,000","28,650","29,300","28,500","28,792",-350,-1.21,33.67,969.47,0.21,6.00,33.88,975.47,"166,593.61"
744,06/09/2023,HPG,"27,800","27,750","29,000","29,000","27,400","28,196","1,200",4.32,52.57,"1,482.38",0.41,11.72,52.98,"1,494.10","168,628.79"
745,05/09/2023,HPG,"27,600","27,800","27,800","27,950","27,250","27,577",200,0.72,24.50,675.69,0.07,1.91,24.57,677.60,"161,651.04"
746,31/08/2023,HPG,"27,200","27,400","27,600","27,900","27,300","27,686",400,1.47,25.93,718.01,0.00,0.00,25.93,718.01,"160,488.09"
747,30/08/2023,HPG,"27,000","27,000","27,200","27,250","26,750","26,979",200,0.74,20.14,543.45,0.27,7.13,20.41,550.58,"158,162.17"
748,29/08/2023,HPG,"26,850","26,900","27,000","27,150","26,700","26,915",150,0.56,17.97,483.66,0.03,0.87,18.00,484.53,"156,999.21"
749,28/08/2023,HPG,"25,950","26,000","26,850","26,850","26,000","26,533",900,3.47,22.82,605.49,0.30,7.95,23.12,613.44,"156,127.00"
750,25/08/2023,HPG,"26,300","26,200","25,950","26,400","25,950","26,066",-350,-1.33,21.85,569.49,0.03,0.87,21.88,570.36,"150,893.69"
751,24/08/2023,HPG,"25,650","25,650","26,300","26,300","25,600","25,996",650,2.53,16.60,431.45,0.04,1.09,16.64,432.54,"152,928.86"
752,23/08/2023,HPG,"26,150","26,350","25,650","26,450","25,650","25,877",-500,-1.91,21.77,563.46,0.08,2.13,21.85,565.59,"149,149.25"
753,22/08/2023,HPG,"26,200","26,200","26,150","26,350","25,100","25,658",-50,-0.19,35.17,902.45,2.33,61.13,37.50,963.58,"152,056.65"
754,21/08/2023,HPG,"26,500","26,450","26,200","26,550","25,900","26,221",-300,-1.13,31.44,824.42,0.04,1.08,31.48,825.50,"152,347.39"
755,18/08/2023,HPG,"28,100","27,900","26,500","28,000","26,200","27,202","-1,600",-5.69,46.36,"1,261.05",0.04,1.09,46.40,"1,262.15","154,091.82"
756,17/08/2023,HPG,"27,950","28,000","28,100","28,700","28,000","28,375",150,0.54,46.60,"1,322.43",0.60,16.61,47.20,"1,339.04","163,395.48"
757,16/08/2023,HPG,"27,950","27,950","27,950","28,000","27,650","27,794",0,0.00,14.99,416.76,0.00,0.00,14.99,416.77,"162,523.26"
758,15/08/2023,HPG,"28,150","28,150","27,950","28,250","27,850","27,999",-200,-0.71,17.94,502.25,0.36,10.17,18.30,512.42,"162,523.26"
759,14/08/2023,HPG,"27,700","27,800","28,150","28,350","27,650","28,055",450,1.62,44.95,"1,260.95",0.23,6.42,45.18,"1,267.37","163,686.22"
760,11/08/2023,HPG,"27,350","27,400","27,700","27,750","27,150","27,445",350,1.28,23.38,641.71,0.20,5.46,23.58,647.17,"161,069.56"
761,10/08/2023,HPG,"27,800","27,900","27,350","27,900","27,300","27,515",-450,-1.62,17.06,469.54,0.00,0.00,17.06,469.54,"159,034.39"
762,09/08/2023,HPG,"27,200","27,200","27,800","27,850","27,050","27,583",600,2.21,42.66,"1,176.76",0.10,2.75,42.76,"1,179.52","161,651.04"
763,08/08/2023,HPG,"27,550","27,600","27,200","27,900","27,150","27,470",-350,-1.27,25.57,702.38,0.39,10.72,25.96,713.09,"158,162.17"
764,07/08/2023,HPG,"27,350","27,550","27,550","27,750","27,300","27,491",200,0.73,23.09,634.81,0.68,18.36,23.77,653.17,"160,197.35"
765,04/08/2023,HPG,"26,850","26,800","27,350","27,500","26,800","27,055",500,1.86,22.17,599.83,0.00,0.00,22.17,599.83,"159,034.39"
766,03/08/2023,HPG,"27,500","27,350","26,850","27,500","26,500","26,928",-650,-2.36,58.03,"1,562.63",0.33,8.85,58.36,"1,571.48","156,127.00"
767,02/08/2023,HPG,"27,500","27,400","27,500","27,850","27,250","27,488",0,0.00,18.52,509.18,0.00,0.00,18.52,509.19,"159,906.61"
768,01/08/2023,HPG,"28,200","28,100","27,500","28,100","27,500","27,732",-700,-2.48,28.01,776.81,0.15,4.41,28.16,781.22,"159,906.61"
769,31/07/2023,HPG,"28,300","28,200","28,200","28,250","27,350","27,716",-100,-0.35,45.53,"1,261.89",1.02,28.26,46.55,"1,290.15","163,976.96"
770,28/07/2023,HPG,"28,400","28,400","28,300","28,600","28,150","28,379",-100,-0.35,22.70,644.27,0.34,9.72,23.04,653.99,"164,558.44"
771,27/07/2023,HPG,"28,400","28,400","28,400","28,700","28,100","28,331",0,0.00,21.32,603.89,0.00,0.00,21.32,603.89,"165,139.91"
772,26/07/2023,HPG,"28,250","28,250","28,400","28,450","28,150","28,351",150,0.53,22.87,648.34,0.21,5.97,23.08,654.31,"165,139.91"
773,25/07/2023,HPG,"28,250","28,250","28,250","28,350","28,000","28,191",0,0.00,20.23,570.16,0.00,0.00,20.23,570.16,"164,267.70"
774,24/07/2023,HPG,"28,400","28,450","28,250","28,600","28,000","28,255",-150,-0.53,17.16,484.97,0.13,3.44,17.29,488.41,"164,267.70"
775,21/07/2023,HPG,"28,200","28,350","28,400","28,400","28,100","28,301",200,0.71,18.46,522.33,0.00,0.00,18.46,522.33,"165,139.91"
776,20/07/2023,HPG,"27,400","27,300","28,200","28,200","27,300","27,793",800,2.92,30.87,857.84,0.23,6.29,31.10,864.13,"163,976.96"
777,19/07/2023,HPG,"27,200","27,100","27,400","27,700","27,050","27,388",200,0.74,15.38,421.17,0.00,0.00,15.38,421.17,"159,325.13"
778,18/07/2023,HPG,"27,300","27,300","27,200","27,350","27,050","27,158",-100,-0.37,12.40,336.83,0.09,2.55,12.49,339.38,"158,162.17"
779,17/07/2023,HPG,"27,500","27,700","27,300","27,750","27,200","27,451",-200,-0.73,12.53,344.09,0.06,1.67,12.59,345.76,"158,743.65"
780,14/07/2023,HPG,"27,050","27,150","27,500","27,500","27,050","27,253",450,1.66,17.08,465.43,0.00,0.00,17.08,465.43,"159,906.61"
781,13/07/2023,HPG,"27,000","27,500","27,050","27,500","26,900","27,089",50,0.19,14.01,379.44,0.21,5.82,14.21,385.26,"157,289.95"
782,12/07/2023,HPG,"27,300","27,300","27,000","27,450","26,650","26,961",-300,-1.10,27.76,748.39,0.00,0.00,27.76,748.39,"156,999.21"
783,11/07/2023,HPG,"27,700","27,800","27,300","28,050","27,250","27,647",-400,-1.44,24.01,663.92,0.21,5.82,24.22,669.75,"158,743.65"
784,10/07/2023,HPG,"27,450","27,450","27,700","27,950","27,350","27,571",250,0.91,24.27,669.09,0.00,0.00,24.27,669.09,"161,069.56"
785,07/07/2023,HPG,"27,000","26,900","27,450","27,450","26,500","27,030",450,1.67,22.61,611.27,2.61,65.76,25.23,677.02,"159,615.87"
786,06/07/2023,HPG,"26,950","26,900","27,000","27,150","26,500","26,747",50,0.19,27.61,738.53,0.51,13.56,28.12,752.09,"156,999.21"
787,05/07/2023,HPG,"26,250","26,400","26,950","27,200","26,250","26,759",700,2.67,31.80,851.06,1.73,42.76,33.53,893.81,"156,708.47"
788,04/07/2023,HPG,"26,200","26,150","26,250","26,250","25,900","26,072",50,0.19,19.73,514.35,2.00,52.14,21.73,566.49,"152,638.12"
789,03/07/2023,HPG,"26,150","26,200","26,200","26,450","25,900","26,119",50,0.19,17.06,445.51,0.27,7.15,17.33,452.66,"152,347.39"
790,30/06/2023,HPG,"25,800","25,700","26,150","26,200","25,650","25,953",350,1.36,23.07,598.71,9.90,245.01,32.97,843.71,"152,056.65"
791,29/06/2023,HPG,"26,600","26,650","25,800","26,700","25,800","26,106",-800,-3.01,36.80,960.80,2.67,68.35,39.47,"1,029.15","150,021.47"
792,28/06/2023,HPG,"25,800","26,000","26,600","26,700","25,900","26,210",800,3.10,30.31,794.51,2.16,56.51,32.47,851.02,"154,673.30"
793,27/06/2023,HPG,"25,200","25,350","25,800","25,800","25,100","25,383",600,2.38,19.94,506.22,0.11,2.65,20.05,508.87,"150,021.47"
794,26/06/2023,HPG,"25,400","25,400","25,200","25,500","24,700","25,045",-200,-0.79,20.40,510.91,0.00,0.00,20.40,510.91,"146,532.60"
795,23/06/2023,HPG,"24,850","24,850","25,400","25,550","24,750","25,229",550,2.21,29.16,735.60,0.26,6.50,29.42,742.10,"147,695.56"
796,22/06/2023,HPG,"24,600","24,700","24,850","24,950","24,350","24,653",250,1.02,23.04,567.91,0.00,0.00,23.04,567.91,"144,497.42"
797,21/06/2023,HPG,"23,650","23,700","24,600","24,650","23,500","24,086",950,4.02,35.61,857.61,2.30,55.47,37.91,913.07,"143,043.73"
798,20/06/2023,HPG,"23,350","23,350","23,650","23,650","23,300","23,507",300,1.28,14.61,343.40,0.00,0.00,14.61,343.40,"137,519.68"
799,19/06/2023,HPG,"23,450","23,450","23,350","23,500","23,300","23,400",-100,-0.43,13.18,308.44,0.18,4.21,13.36,312.65,"135,775.25"
800,16/06/2023,HPG,"23,150","23,250","23,450","23,800","23,150","23,488",300,1.30,33.01,775.34,0.06,1.37,33.07,776.71,"136,356.72"
801,15/06/2023,HPG,"23,100","23,000","23,150","23,250","23,000","23,120",50,0.22,17.47,403.99,0.23,5.23,17.70,409.22,"134,612.29"
802,14/06/2023,HPG,"23,400","23,450","23,100","23,450","23,100","23,325",-300,-1.28,23.48,547.58,2.20,51.62,25.68,599.20,"134,321.55"
803,13/06/2023,HPG,"22,950","23,000","23,400","23,450","22,900","23,241",450,1.96,36.94,858.63,0.21,4.80,37.15,863.44,"136,065.99"
804,12/06/2023,HPG,"22,900","23,100","22,950","23,150","22,500","22,719",50,0.22,22.22,504.80,0.00,0.00,22.22,504.80,"133,449.33"
805,09/06/2023,HPG,"22,800","22,800","22,900","22,900","22,500","22,681",100,0.44,23.87,541.47,0.35,7.53,24.22,548.99,"133,158.59"
806,08/06/2023,HPG,"22,600","22,700","22,800","23,150","22,700","22,950",200,0.88,42.52,975.87,0.21,4.87,42.73,980.74,"132,577.11"
807,07/06/2023,HPG,"21,750","22,000","22,600","22,800","22,000","22,480",850,3.91,55.51,"1,247.98",0.00,0.00,55.51,"1,247.98","131,414.16"
808,06/06/2023,HPG,"21,650","21,700","21,750","21,850","21,550","21,698",100,0.46,11.80,256.04,0.00,0.00,11.80,256.04,"126,471.59"
809,05/06/2023,HPG,"21,600","21,800","21,650","22,050","21,600","21,831",50,0.23,20.04,437.60,0.05,1.00,20.09,438.60,"125,890.11"
810,02/06/2023,HPG,"21,400","21,500","21,600","21,800","21,450","21,591",200,0.93,18.87,407.34,0.15,3.21,19.02,410.55,"125,599.37"
811,01/06/2023,HPG,"21,200","21,150","21,400","21,400","21,050","21,178",200,0.94,10.84,229.49,0.00,0.00,10.84,229.49,"124,436.41"
812,31/05/2023,HPG,"21,350","21,400","21,200","21,450","21,150","21,262",-150,-0.70,13.09,278.23,0.48,10.01,13.57,288.24,"123,273.46"
813,30/05/2023,HPG,"21,450","21,500","21,350","21,600","21,250","21,402",-100,-0.47,13.46,288.02,0.00,0.00,13.46,288.02,"124,145.67"
814,29/05/2023,HPG,"21,100","21,300","21,450","21,450","21,200","21,357",350,1.66,11.09,236.89,0.00,0.00,11.09,236.89,"124,727.15"
815,26/05/2023,HPG,"21,200","21,300","21,100","21,400","20,850","21,064",-100,-0.47,16.09,338.88,0.00,0.00,16.09,338.88,"122,691.98"
816,25/05/2023,HPG,"21,300","21,300","21,200","21,450","21,200","21,297",-100,-0.47,13.26,282.36,0.27,5.97,13.53,288.33,"123,273.46"
817,24/05/2023,HPG,"21,700","21,900","21,300","21,900","21,300","21,553",-400,-1.84,20.27,436.92,0.05,1.08,20.32,438.00,"123,854.94"
818,23/05/2023,HPG,"21,900","21,950","21,700","22,050","21,600","21,792",-200,-0.91,13.62,296.81,0.27,6.06,13.89,302.87,"126,180.85"
819,22/05/2023,HPG,"21,800","21,800","21,900","22,100","21,750","21,892",100,0.46,14.87,325.53,0.05,1.08,14.92,326.61,"127,343.81"
820,19/05/2023,HPG,"21,950","22,000","21,800","22,100","21,650","21,849",-150,-0.68,11.51,251.56,1.45,31.89,12.96,283.44,"126,762.33"
821,18/05/2023,HPG,"21,800","21,900","21,950","22,200","21,800","21,978",150,0.69,18.61,409.03,0.03,0.67,18.64,409.70,"127,634.55"
822,17/05/2023,HPG,"22,000","22,000","21,800","22,100","21,750","21,928",-200,-0.91,26.00,570.10,3.17,67.86,29.16,637.96,"126,762.33"
823,16/05/2023,HPG,"22,100","22,100","22,000","22,300","21,900","22,170",-100,-0.45,17.81,394.74,0.70,15.51,18.50,410.26,"127,925.29"
824,15/05/2023,HPG,"22,350","22,450","22,100","22,600","22,100","22,330",-250,-1.12,17.69,395.09,0.18,4.01,17.87,399.10,"128,506.76"
825,12/05/2023,HPG,"21,750","21,750","22,350","22,500","21,600","22,242",600,2.76,45.11,"1,003.22",0.10,2.07,45.20,"1,005.29","129,960.46"
826,11/05/2023,HPG,"21,700","21,800","21,750","21,950","21,600","21,756",50,0.23,13.64,296.76,0.10,2.19,13.74,298.95,"126,471.59"
827,10/05/2023,HPG,"21,800","21,800","21,700","21,900","21,650","21,764",-100,-0.46,8.74,190.20,0.10,2.07,8.83,192.27,"126,180.85"
828,09/05/2023,HPG,"21,600","21,600","21,800","22,150","21,600","21,913",200,0.93,22.41,491.16,0.00,0.00,22.41,491.16,"126,762.33"
829,08/05/2023,HPG,"21,450","21,550","21,600","21,750","21,450","21,576",150,0.70,10.45,225.49,1.00,21.48,11.45,246.97,"125,599.37"
830,05/05/2023,HPG,"21,300","21,300","21,450","21,700","21,200","21,435",150,0.70,10.79,231.21,2.04,44.40,12.83,275.61,"124,727.15"
831,04/05/2023,HPG,"21,650","21,450","21,300","21,600","21,200","21,367",-350,-1.62,16.54,353.46,0.10,2.15,16.64,355.61,"123,854.94"
832,28/04/2023,HPG,"21,700","21,700","21,650","21,800","21,400","21,575",-50,-0.23,15.75,339.84,0.94,21.07,16.69,360.91,"125,890.11"
833,27/04/2023,HPG,"22,000","22,000","21,700","22,000","21,600","21,786",-300,-1.36,17.14,373.35,2.06,44.82,19.20,418.17,"126,180.85"
834,26/04/2023,HPG,"21,050","21,050","22,000","22,000","20,900","21,473",950,4.51,26.82,575.88,16.52,361.20,43.34,937.08,"127,925.29"
835,25/04/2023,HPG,"20,650","20,800","21,050","21,250","20,700","21,078",400,1.94,18.46,389.15,2.57,54.58,21.04,443.73,"122,401.24"
836,24/04/2023,HPG,"20,700","20,700","20,650","20,800","20,550","20,684",-50,-0.24,10.58,218.74,5.79,119.67,16.36,338.41,"120,075.32"
837,21/04/2023,HPG,"20,800","20,800","20,700","20,850","20,700","20,783",-100,-0.48,11.14,231.60,2.27,45.27,13.42,276.87,"120,366.06"
838,20/04/2023,HPG,"20,800","20,800","20,800","20,900","20,750","20,809",0,0.00,6.55,136.29,0.09,1.91,6.64,138.21,"120,947.54"
839,19/04/2023,HPG,"20,950","21,050","20,800","21,050","20,800","20,922",-150,-0.72,10.48,219.25,0.00,0.00,10.48,219.25,"120,947.54"
840,18/04/2023,HPG,"20,850","20,900","20,950","21,000","20,800","20,907",100,0.48,11.57,241.93,0.00,0.00,11.57,241.93,"121,819.76"
841,17/04/2023,HPG,"20,650","20,600","20,850","20,900","20,600","20,748",200,0.97,9.28,192.45,0.00,0.00,9.28,192.45,"121,238.28"
842,14/04/2023,HPG,"20,450","20,550","20,650","20,850","20,500","20,672",200,0.98,13.61,281.30,0.20,3.81,13.81,285.11,"120,075.32"
843,13/04/2023,HPG,"20,750","20,800","20,450","20,800","20,350","20,591",-300,-1.45,14.71,302.95,0.37,7.86,15.08,310.81,"118,912.37"
844,12/04/2023,HPG,"20,800","20,900","20,750","20,900","20,650","20,752",-50,-0.24,10.64,220.76,0.15,3.28,10.79,224.04,"120,656.80"
845,11/04/2023,HPG,"20,700","20,700","20,800","20,850","20,600","20,716",100,0.48,14.42,298.64,0.25,5.50,14.67,304.14,"120,947.54"
846,10/04/2023,HPG,"21,200","21,250","20,700","21,350","20,600","20,930",-500,-2.36,26.55,555.59,0.30,6.45,26.85,562.04,"120,366.06"
847,07/04/2023,HPG,"21,500","21,500","21,200","21,600","21,100","21,381",-300,-1.40,18.56,396.90,0.00,0.00,18.56,396.90,"123,273.46"
848,06/04/2023,HPG,"21,500","21,550","21,500","21,900","21,400","21,644",0,0.00,27.84,602.55,0.05,1.10,27.89,603.66,"125,017.89"
849,05/04/2023,HPG,"21,100","21,100","21,500","21,500","20,950","21,180",400,1.90,25.52,540.57,0.00,0.00,25.52,540.57,"125,017.89"
850,04/04/2023,HPG,"21,000","21,150","21,100","21,200","20,950","21,057",100,0.48,19.86,418.29,0.00,0.00,19.86,418.29,"122,691.98"
851,03/04/2023,HPG,"20,800","21,050","21,000","21,100","20,850","20,956",200,0.96,21.37,447.85,0.00,0.00,21.37,447.85,"122,110.50"
852,31/03/2023,HPG,"20,800","20,800","20,800","20,900","20,350","20,706",0,0.00,23.77,492.19,0.00,0.00,23.77,492.19,"120,947.54"
853,30/03/2023,HPG,"20,800","21,000","20,800","21,150","20,750","20,923",0,0.00,20.96,438.51,0.14,2.77,21.10,441.28,"120,947.54"
854,29/03/2023,HPG,"20,700","20,700","20,800","21,100","20,700","20,875",100,0.48,17.94,374.55,0.32,6.58,18.26,381.14,"120,947.54"
855,28/03/2023,HPG,"20,800","20,900","20,700","21,000","20,700","20,791",-100,-0.48,12.33,256.33,0.17,3.58,12.50,259.91,"120,366.06"
856,27/03/2023,HPG,"20,400","20,400","20,800","20,900","20,350","20,665",400,1.96,20.27,418.84,0.32,6.58,20.58,425.42,"120,947.54"
857,24/03/2023,HPG,"20,400","20,450","20,400","20,500","20,300","20,422",0,0.00,13.69,279.57,1.66,31.83,15.35,311.40,"118,621.63"
858,23/03/2023,HPG,"20,300","20,200","20,400","20,400","20,050","20,246",100,0.49,10.74,217.52,3.48,70.60,14.22,288.12,"118,621.63"
859,22/03/2023,HPG,"20,450","20,550","20,300","20,600","20,150","20,384",-150,-0.73,12.86,262.08,0.08,1.66,12.94,263.75,"118,040.15"
860,21/03/2023,HPG,"20,000","20,200","20,450","20,550","19,850","20,159",450,2.25,19.06,384.24,0.56,11.52,19.62,395.76,"118,912.37"
861,20/03/2023,HPG,"20,400","20,400","20,000","20,600","20,000","20,224",-400,-1.96,22.99,464.93,0.00,0.00,22.99,464.93,"116,295.71"
862,17/03/2023,HPG,"20,850","21,050","20,400","21,050","20,400","20,540",-450,-2.16,33.96,697.51,0.26,5.36,34.21,702.87,"118,621.63"
863,16/03/2023,HPG,"21,300","21,000","20,850","21,100","20,500","20,700",-450,-2.11,30.25,626.14,0.00,0.00,30.25,626.14,"121,238.28"
864,15/03/2023,HPG,"20,300","20,800","21,300","21,300","20,600","20,912","1,000",4.93,26.78,560.00,0.68,14.23,27.46,574.24,"123,854.94"
865,14/03/2023,HPG,"21,100","21,050","20,300","21,100","20,200","20,532",-800,-3.79,30.87,633.72,0.05,1.00,30.92,634.72,"118,040.15"
866,13/03/2023,HPG,"21,300","21,050","21,100","21,400","20,900","21,097",-200,-0.94,20.93,441.57,0.14,3.07,21.07,444.64,"122,691.98"
867,10/03/2023,HPG,"21,200","21,150","21,300","21,450","21,000","21,207",100,0.47,22.46,476.28,0.05,1.08,22.51,477.35,"123,854.94"
868,09/03/2023,HPG,"21,200","21,200","21,200","21,550","21,200","21,355",0,0.00,23.27,497.03,0.26,5.53,23.53,502.56,"123,273.46"
869,08/03/2023,HPG,"21,100","20,900","21,200","21,200","20,800","21,020",100,0.47,16.16,339.68,0.05,1.09,16.21,340.77,"123,273.46"
870,07/03/2023,HPG,"20,400","20,600","21,100","21,350","20,550","21,019",700,3.43,29.32,616.37,0.18,3.69,29.50,620.06,"122,691.98"
871,06/03/2023,HPG,"20,350","20,650","20,400","20,850","20,400","20,609",50,0.25,11.37,234.26,0.33,6.96,11.70,241.22,"118,621.63"
872,03/03/2023,HPG,"20,600","20,800","20,350","21,100","20,350","20,739",-250,-1.21,13.61,282.23,8.00,160.46,21.61,442.69,"118,330.89"
873,02/03/2023,HPG,"20,900","21,000","20,600","21,100","20,600","20,812",-300,-1.44,8.87,184.55,0.77,15.84,9.63,200.39,"119,784.59"
874,01/03/2023,HPG,"20,000","20,000","20,900","20,900","19,800","20,368",900,4.50,18.62,379.25,0.84,17.01,19.46,396.26,"121,529.02"
875,28/02/2023,HPG,"20,100","20,450","20,000","20,500","19,900","20,194",-100,-0.50,15.22,307.31,1.11,22.36,16.33,329.67,"116,295.71"
876,27/02/2023,HPG,"20,800","20,400","20,100","20,550","19,950","20,168",-700,-3.37,31.32,631.58,0.07,1.40,31.39,632.98,"116,877.19"
877,24/02/2023,HPG,"21,500","21,500","20,800","21,500","20,650","21,024",-700,-3.26,14.60,306.89,0.56,11.84,15.16,318.73,"120,947.54"
878,23/02/2023,HPG,"21,200","21,150","21,500","21,500","20,400","20,870",300,1.42,33.59,701.04,0.00,0.00,33.59,701.04,"125,017.89"
879,22/02/2023,HPG,"21,600","21,400","21,200","22,100","21,200","21,643",-400,-1.85,32.63,706.30,1.67,34.60,34.30,740.90,"123,273.46"
880,21/02/2023,HPG,"21,900","22,050","21,600","22,300","21,600","21,922",-300,-1.37,20.64,452.53,0.80,17.33,21.44,469.86,"125,599.37"
881,20/02/2023,HPG,"21,000","21,000","21,900","21,900","21,000","21,543",900,4.29,24.74,533.00,1.00,19.55,25.74,552.55,"127,343.81"
882,17/02/2023,HPG,"21,300","21,300","21,000","21,350","21,000","21,132",-300,-1.41,12.29,259.67,1.41,29.71,13.69,289.38,"122,110.50"
883,16/02/2023,HPG,"20,800","20,950","21,300","21,400","20,600","20,999",500,2.40,23.91,502.19,0.00,0.00,23.91,502.19,"123,854.94"
884,15/02/2023,HPG,"20,600","20,600","20,800","21,050","20,250","20,807",200,0.97,20.08,417.72,0.00,0.00,20.08,417.72,"120,947.54"
885,14/02/2023,HPG,"20,200","20,300","20,600","20,900","20,250","20,532",400,1.98,17.29,355.10,0.00,0.00,17.29,355.10,"119,784.59"
886,13/02/2023,HPG,"20,500","20,400","20,200","20,400","19,750","19,986",-300,-1.46,18.74,374.57,0.10,1.91,18.84,376.48,"117,458.67"
887,10/02/2023,HPG,"20,600","20,700","20,500","20,800","20,150","20,494",-100,-0.49,15.83,324.39,0.16,3.31,15.99,327.71,"119,203.11"
888,09/02/2023,HPG,"20,850","21,000","20,600","21,250","20,600","20,812",-250,-1.20,16.34,340.15,0.10,2.09,16.44,342.24,"119,784.59"
889,08/02/2023,HPG,"19,750","19,750","20,850","21,100","19,750","20,351","1,100",5.57,33.81,688.13,0.00,0.00,33.81,688.13,"121,238.28"
890,07/02/2023,HPG,"21,150","21,150","19,750","21,200","19,700","20,247","-1,400",-6.62,43.38,878.29,0.00,0.00,43.38,878.29,"114,842.02"
891,06/02/2023,HPG,"21,100","21,100","21,150","21,150","20,550","20,813",50,0.24,22.28,463.77,0.78,16.79,23.06,480.55,"122,982.72"
892,03/02/2023,HPG,"21,300","21,450","21,100","21,550","21,000","21,289",-200,-0.94,20.96,446.13,0.00,0.00,20.96,446.13,"122,691.98"
893,02/02/2023,HPG,"21,100","21,200","21,300","21,700","21,100","21,337",200,0.95,25.39,541.73,0.29,6.40,25.68,548.13,"123,854.94"
894,01/02/2023,HPG,"22,100","22,200","21,100","22,650","21,000","22,053","-1,000",-4.52,51.91,"1,144.68",0.00,0.00,51.91,"1,144.68","122,691.98"
895,31/01/2023,HPG,"21,750","21,900","22,100","22,100","21,700","21,923",350,1.61,28.11,616.16,0.25,5.33,28.35,621.48,"128,506.76"
896,30/01/2023,HPG,"21,500","21,700","21,750","22,200","21,350","21,953",250,1.16,42.34,929.52,0.20,4.19,42.54,933.71,"126,471.59"
897,27/01/2023,HPG,"21,150","21,000","21,500","21,550","20,850","21,283",350,1.65,26.52,564.53,0.05,1.02,26.57,565.56,"125,017.89"
898,19/01/2023,HPG,"21,700","21,600","21,150","21,850","20,850","21,302",-550,-2.53,43.94,936.01,1.54,32.83,45.48,968.84,"122,982.72"
899,18/01/2023,HPG,"21,650","22,000","21,700","22,050","21,550","21,779",50,0.23,25.85,563.00,0.60,12.60,26.45,575.60,"126,180.85"
900,17/01/2023,HPG,"20,250","20,450","21,650","21,650","20,450","21,236","1,400",6.91,41.58,883.10,0.47,9.57,42.05,892.67,"125,890.11"
901,16/01/2023,HPG,"19,950","20,000","20,250","20,650","19,950","20,260",300,1.50,22.32,452.20,2.57,52.08,24.89,504.28,"117,749.41"
902,13/01/2023,HPG,"20,050","20,250","19,950","20,350","19,900","20,129",-100,-0.50,19.17,385.97,1.75,34.48,20.92,420.44,"116,004.97"
903,12/01/2023,HPG,"20,200","20,100","20,050","20,250","19,900","20,118",-150,-0.74,20.17,405.85,2.72,52.14,22.90,457.99,"116,586.45"
904,11/01/2023,HPG,"19,800","20,000","20,200","20,550","19,900","20,209",400,2.02,25.71,519.55,0.00,0.00,25.71,519.55,"117,458.67"
905,10/01/2023,HPG,"19,600","19,600","19,800","20,100","19,200","19,750",200,1.02,26.85,530.32,0.42,8.36,27.27,538.68,"115,132.76"
906,09/01/2023,HPG,"19,400","19,800","19,600","20,100","19,500","19,766",200,1.03,16.18,319.92,0.00,0.00,16.18,319.92,"113,969.80"
907,06/01/2023,HPG,"19,800","19,700","19,400","20,100","19,200","19,708",-400,-2.02,19.63,386.88,0.28,5.57,19.91,392.45,"112,806.84"
908,05/01/2023,HPG,"19,400","19,400","19,800","20,000","19,150","19,571",400,2.06,21.50,420.83,0.22,4.21,21.72,425.04,"115,132.76"
909,04/01/2023,HPG,"19,250","19,450","19,400","19,800","19,300","19,527",150,0.78,20.23,395.03,0.25,4.70,20.48,399.73,"112,806.84"
910,03/01/2023,HPG,"18,000","18,300","19,250","19,250","18,200","18,993","1,250",6.94,27.99,531.63,0.82,14.27,28.81,545.91,"111,934.62"
911,30/12/2022,HPG,"18,000","18,100","18,000","18,450","17,900","18,161",0,0.00,14.45,262.48,0.72,13.57,15.17,276.05,"104,666.14"
912,29/12/2022,HPG,"18,200","18,300","18,000","18,500","17,850","18,230",-200,-1.10,17.42,317.63,0.05,0.87,17.47,318.49,"104,666.14"
913,28/12/2022,HPG,"18,250","18,400","18,200","18,500","17,950","18,254",-50,-0.27,14.31,261.23,1.48,27.31,15.79,288.54,"105,829.10"
914,27/12/2022,HPG,"17,100","17,100","18,250","18,250","17,100","17,752","1,150",6.73,23.66,419.93,0.74,11.99,24.39,431.92,"106,119.84"
915,26/12/2022,HPG,"18,350","18,300","17,100","18,300","17,100","17,524","-1,250",-6.81,31.37,549.74,5.48,103.63,36.85,653.37,"99,432.84"
916,23/12/2022,HPG,"18,900","18,850","18,350","18,900","18,100","18,415",-550,-2.91,24.81,456.90,2.57,48.72,27.38,505.61,"106,701.32"
917,22/12/2022,HPG,"18,900","19,100","18,900","19,600","18,700","19,102",0,0.00,18.97,362.27,0.38,7.42,19.35,369.69,"109,899.45"
918,21/12/2022,HPG,"19,000","19,400","18,900","19,450","18,100","18,869",-100,-0.53,27.70,522.73,0.09,1.58,27.79,524.31,"109,899.45"
919,20/12/2022,HPG,"20,000","19,800","19,000","20,100","18,750","19,300","-1,000",-5.00,45.55,879.16,0.26,5.10,45.81,884.26,"110,480.93"
920,19/12/2022,HPG,"20,400","20,600","20,000","21,250","20,000","20,740",-400,-1.96,48.04,996.36,2.10,39.85,50.14,"1,036.20","116,295.71"
921,16/12/2022,HPG,"19,350","19,200","20,400","20,450","18,950","20,118","1,050",5.43,55.38,"1,114.22",0.00,0.00,55.38,"1,114.22","118,621.63"
922,15/12/2022,HPG,"19,200","19,100","19,350","19,650","19,100","19,401",150,0.78,20.98,407.09,0.15,2.81,21.13,409.90,"112,516.10"
923,14/12/2022,HPG,"19,000","19,350","19,200","19,600","19,000","19,266",200,1.05,34.29,660.55,0.17,3.19,34.45,663.75,"111,643.89"
924,13/12/2022,HPG,"18,600","18,600","19,000","19,000","18,250","18,566",400,2.15,24.34,451.96,0.27,5.05,24.61,457.01,"110,480.93"
925,12/12/2022,HPG,"19,200","19,200","18,600","19,550","18,600","19,097",-600,-3.13,35.83,684.28,0.00,0.00,35.83,684.28,"108,155.01"
926,09/12/2022,HPG,"18,900","18,900","19,200","19,450","18,500","18,976",300,1.59,34.55,655.61,0.30,5.52,34.84,661.13,"111,643.89"
927,08/12/2022,HPG,"18,250","18,900","18,900","19,350","18,500","18,997",650,3.56,29.94,568.85,1.02,19.38,30.96,588.23,"109,899.45"
928,07/12/2022,HPG,"18,600","18,000","18,250","19,150","17,700","18,245",-350,-1.88,34.62,631.64,0.12,2.23,34.74,633.87,"106,119.84"
929,06/12/2022,HPG,"20,000","19,900","18,600","19,950","18,600","19,185","-1,400",-7.00,62.78,"1,204.34",3.81,71.48,66.58,"1,275.82","108,155.01"
930,05/12/2022,HPG,"19,450","19,800","20,000","20,400","19,500","20,012",550,2.83,46.51,930.83,3.66,71.77,50.17,"1,002.60","116,295.71"
931,02/12/2022,HPG,"18,200","18,000","19,450","19,450","17,800","18,679","1,250",6.87,45.68,853.34,0.00,0.00,45.68,853.34,"113,097.58"
932,01/12/2022,HPG,"18,400","18,750","18,200","19,650","18,000","19,134",-200,-1.09,66.59,"1,274.09",0.29,5.46,66.87,"1,279.54","105,829.10"
933,30/11/2022,HPG,"17,400","17,550","18,400","18,400","17,200","17,772","1,000",5.75,57.72,"1,025.82",0.18,3.11,57.90,"1,028.93","106,992.06"
934,29/11/2022,HPG,"16,350","16,600","17,400","17,450","16,350","16,966","1,050",6.42,64.31,"1,091.00",1.48,25.08,65.78,"1,116.08","101,177.27"
935,28/11/2022,HPG,"15,300","15,600","16,350","16,350","15,600","16,119","1,050",6.86,58.84,948.52,0.08,1.15,58.92,949.68,"95,071.75"
936,25/11/2022,HPG,"14,350","14,600","15,300","15,300","14,350","14,789",950,6.62,26.53,392.41,0.00,0.00,26.53,392.41,"88,966.22"
937,24/11/2022,HPG,"13,800","13,700","14,350","14,400","13,600","14,011",550,3.99,31.12,435.97,0.00,0.00,31.12,435.97,"83,442.17"
938,23/11/2022,HPG,"14,800","14,700","13,800","14,850","13,800","14,340","-1,000",-6.76,30.30,434.56,0.08,1.12,30.38,435.68,"80,244.04"
939,22/11/2022,HPG,"14,950","14,650","14,800","15,450","14,450","14,801",-150,-1.00,43.25,640.09,0.10,1.40,43.35,641.49,"86,058.83"
940,21/11/2022,HPG,"15,100","15,200","14,950","15,250","14,750","14,976",-150,-0.99,31.60,473.33,0.00,0.00,31.60,473.33,"86,931.05"
941,18/11/2022,HPG,"14,250","14,600","15,100","15,200","14,250","14,906",850,5.96,99.66,"1,485.56",0.00,0.00,99.66,"1,485.56","87,803.26"
942,17/11/2022,HPG,"13,350","13,900","14,250","14,250","13,800","14,144",900,6.74,21.51,304.29,12.42,175.57,33.94,479.86,"82,860.70"
943,16/11/2022,HPG,"12,500","12,300","13,350","13,350","11,800","12,571",850,6.80,34.90,438.75,20.98,264.15,55.88,702.90,"77,627.39"
944,15/11/2022,HPG,"12,200","12,000","12,500","12,550","12,000","12,322",300,2.46,40.42,498.02,4.00,50.80,44.42,548.82,"72,684.82"
945,14/11/2022,HPG,"12,300","12,150","12,200","12,450","11,850","12,147",-100,-0.81,60.27,732.08,0.00,0.00,60.27,732.08,"70,940.39"
946,11/11/2022,HPG,"12,100","12,300","12,300","12,650","12,000","12,355",200,1.65,60.72,750.14,3.12,35.31,63.84,785.45,"71,521.86"
947,10/11/2022,HPG,"13,000","12,700","12,100","12,800","12,100","12,245",-900,-6.92,79.75,976.51,0.07,0.93,79.82,977.44,"70,358.91"
948,09/11/2022,HPG,"13,150","13,200","13,000","13,600","12,950","13,282",-150,-1.14,32.79,435.48,0.00,0.00,32.79,435.48,"75,592.21"
949,08/11/2022,HPG,"13,700","13,100","13,150","13,700","13,000","13,270",-550,-4.01,46.27,614.07,0.00,0.00,46.27,614.07,"76,464.43"
950,07/11/2022,HPG,"14,650","14,550","13,700","14,800","13,700","14,061",-950,-6.48,38.26,538.01,1.69,23.11,39.95,561.12,"79,662.56"
951,04/11/2022,HPG,"15,200","15,000","14,650","15,150","14,500","14,740",-550,-3.62,43.89,646.95,0.00,0.00,43.89,646.95,"85,186.61"
952,03/11/2022,HPG,"15,350","15,250","15,200","15,450","15,100","15,253",-150,-0.98,20.63,314.66,0.00,0.00,20.63,314.66,"88,384.74"
953,02/11/2022,HPG,"15,000","15,000","15,350","15,700","15,000","15,326",350,2.33,40.12,614.92,0.00,0.00,40.12,614.92,"89,256.96"
954,01/11/2022,HPG,"15,650","15,750","15,000","16,000","14,800","15,256",-650,-4.15,81.55,"1,244.20",0.00,0.00,81.55,"1,244.20","87,221.79"
955,31/10/2022,HPG,"16,800","15,650","15,650","16,000","15,650","15,680","-1,150",-6.85,66.30,"1,039.54",0.06,0.86,66.35,"1,040.40","91,001.40"
956,28/10/2022,HPG,"17,400","17,400","16,800","17,650","16,800","17,084",-600,-3.45,31.20,533.10,0.20,3.53,31.40,536.63,"97,688.40"
957,27/10/2022,HPG,"16,900","16,950","17,400","17,600","16,900","17,243",500,2.96,21.37,368.44,0.00,0.00,21.37,368.44,"101,177.27"
958,26/10/2022,HPG,"17,100","17,000","16,900","17,400","16,850","17,035",-200,-1.17,11.24,191.54,0.78,13.33,12.02,204.87,"98,269.88"
959,25/10/2022,HPG,"16,400","16,400","17,100","17,500","16,050","16,807",700,4.27,31.11,522.85,0.08,1.24,31.19,524.09,"99,432.84"
960,24/10/2022,HPG,"16,900","17,000","16,400","17,050","16,200","16,593",-500,-2.96,27.97,464.15,0.17,2.88,28.15,467.03,"95,362.49"
961,21/10/2022,HPG,"18,100","18,300","16,900","18,300","16,900","17,222","-1,200",-6.63,45.16,777.69,0.00,0.00,45.16,777.69,"98,269.88"
962,20/10/2022,HPG,"18,400","18,350","18,100","18,600","18,050","18,196",-300,-1.63,26.03,473.70,0.00,0.00,26.03,473.70,"105,247.62"
963,19/10/2022,HPG,"18,850","18,850","18,400","18,850","18,350","18,550",-450,-2.39,20.24,375.37,0.00,0.00,20.24,375.37,"106,992.06"
964,18/10/2022,HPG,"19,250","19,500","18,850","19,700","18,700","19,117",-400,-2.08,24.39,466.23,4.12,79.23,28.51,545.45,"109,608.71"
965,17/10/2022,HPG,"19,450","19,250","19,250","19,350","18,900","19,060",-200,-1.03,17.06,325.19,5.77,104.45,22.83,429.63,"111,934.62"
966,14/10/2022,HPG,"19,500","19,750","19,450","19,900","19,300","19,573",-50,-0.26,22.59,442.12,1.00,19.50,23.59,461.62,"113,097.58"
967,13/10/2022,HPG,"18,700","18,800","19,500","19,600","18,550","19,071",800,4.28,24.20,461.47,0.27,4.86,24.46,466.33,"113,388.32"
968,12/10/2022,HPG,"17,500","17,800","18,700","18,700","17,500","18,399","1,200",6.86,29.00,533.51,0.00,0.00,29.00,533.51,"108,736.49"
969,11/10/2022,HPG,"18,350","18,400","17,500","18,400","17,350","17,786",-850,-4.63,26.45,470.43,0.31,5.53,26.76,475.95,"101,758.75"
970,10/10/2022,HPG,"17,600","17,300","18,350","18,600","17,200","18,029",750,4.26,25.06,451.78,0.12,2.03,25.18,453.81,"106,701.32"
971,07/10/2022,HPG,"18,000","17,650","17,600","17,800","17,050","17,399",-400,-2.22,36.47,634.63,0.76,13.30,37.23,647.93,"102,340.23"
972,06/10/2022,HPG,"19,200","19,300","18,000","19,300","18,000","18,365","-1,200",-6.25,37.46,688.03,0.13,2.52,37.59,690.55,"104,666.14"
973,05/10/2022,HPG,"18,850","19,200","19,200","19,350","18,850","19,072",350,1.86,25.32,482.83,0.33,6.39,25.64,489.22,"111,643.89"
974,04/10/2022,HPG,"19,750","20,100","18,850","20,250","18,650","19,399",-900,-4.56,30.51,591.86,0.87,17.10,31.38,608.96,"109,608.71"
975,03/10/2022,HPG,"21,200","21,200","19,750","21,200","19,750","20,234","-1,450",-6.84,33.57,679.29,0.56,11.43,34.13,690.72,"114,842.02"
976,30/09/2022,HPG,"21,650","21,500","21,200","21,650","20,700","21,157",-450,-2.08,23.37,494.43,0.00,0.00,23.37,494.43,"123,273.46"
977,29/09/2022,HPG,"21,800","22,150","21,650","22,300","21,650","21,950",-150,-0.69,10.33,226.77,0.00,0.00,10.33,226.77,"125,890.11"
978,28/09/2022,HPG,"22,400","22,200","21,800","22,450","21,600","22,117",-600,-2.68,14.07,311.14,0.53,12.34,14.60,323.48,"126,762.33"
979,27/09/2022,HPG,"22,400","22,450","22,400","22,500","22,100","22,366",0,0.00,9.01,201.54,0.58,13.15,9.59,214.69,"130,251.20"
980,26/09/2022,HPG,"22,700","22,450","22,400","22,600","21,850","22,194",-300,-1.32,25.88,574.29,0.53,12.34,26.41,586.62,"130,251.20"
981,23/09/2022,HPG,"23,000","23,050","22,700","23,200","22,700","23,000",-300,-1.30,14.59,335.64,0.77,17.88,15.37,353.52,"131,995.64"
982,22/09/2022,HPG,"22,900","22,700","23,000","23,100","22,650","22,860",100,0.44,11.59,265.04,0.57,12.98,12.16,278.02,"133,740.07"
983,21/09/2022,HPG,"23,000","22,900","22,900","22,950","22,700","22,821",-100,-0.43,9.92,226.30,0.18,4.14,10.10,230.44,"133,158.59"
984,20/09/2022,HPG,"22,650","22,800","23,000","23,000","22,600","22,788",350,1.55,11.51,262.32,1.50,34.41,13.01,296.73,"133,740.07"
985,19/09/2022,HPG,"23,000","23,100","22,650","23,250","22,450","22,860",-350,-1.52,27.48,628.16,0.00,0.00,27.48,628.16,"131,704.90"
986,16/09/2022,HPG,"23,600","23,400","23,000","23,600","23,000","23,267",-600,-2.54,27.51,640.09,0.00,0.00,27.51,640.09,"133,740.07"
987,15/09/2022,HPG,"23,700","23,900","23,600","23,900","23,450","23,610",-100,-0.42,13.73,324.17,0.00,0.00,13.73,324.17,"137,228.94"
988,14/09/2022,HPG,"23,700","23,250","23,700","23,800","23,250","23,523",0,0.00,27.03,635.80,2.16,49.57,29.19,685.38,"137,810.42"
989,13/09/2022,HPG,"23,800","23,750","23,700","24,000","23,500","23,738",-100,-0.42,14.68,348.50,2.71,60.00,17.39,408.50,"137,810.42"
990,12/09/2022,HPG,"23,800","23,900","23,800","24,300","23,800","24,067",0,0.00,26.17,629.86,0.32,7.65,26.49,637.51,"138,391.90"
991,09/09/2022,HPG,"23,100","23,350","23,800","23,800","23,100","23,492",700,3.03,26.05,611.91,0.47,10.98,26.52,622.89,"138,391.90"
992,08/09/2022,HPG,"23,000","23,200","23,100","23,450","22,900","23,091",100,0.43,20.37,470.25,0.20,4.71,20.57,474.96,"134,321.55"
993,07/09/2022,HPG,"23,550","23,550","23,000","23,800","23,000","23,413",-550,-2.34,25.03,585.92,0.17,4.08,25.20,590.00,"133,740.07"
994,06/09/2022,HPG,"23,900","24,000","23,550","24,200","23,550","23,813",-350,-1.46,15.33,365.12,0.20,4.71,15.53,369.83,"136,938.20"
995,05/09/2022,HPG,"23,000","23,050","23,900","24,100","23,050","23,617",900,3.91,26.28,620.70,0.00,0.00,26.28,620.70,"138,973.38"
996,31/08/2022,HPG,"23,050","23,000","23,000","23,150","22,750","22,972",-50,-0.22,14.98,344.05,0.84,19.43,15.82,363.48,"133,740.07"
997,30/08/2022,HPG,"23,000","23,100","23,050","23,300","22,950","23,119",50,0.22,15.31,353.94,0.10,2.39,15.41,356.34,"134,030.81"
998,29/08/2022,HPG,"23,500","23,050","23,000","23,250","22,650","22,919",-500,-2.13,32.47,744.14,0.33,7.61,32.79,751.75,"133,740.07"
999,26/08/2022,HPG,"23,850","24,000","23,500","24,000","23,500","23,746",-350,-1.47,16.47,391.09,0.00,0.00,16.47,391.09,"136,647.46"
1000,25/08/2022,HPG,"23,500","23,750","23,850","24,050","23,600","23,783",350,1.49,18.26,434.25,0.30,7.05,18.56,441.30,"138,682.64"
1001,24/08/2022,HPG,"23,650","23,650","23,500","23,750","23,500","23,604",-150,-0.63,12.13,286.21,0.10,2.30,12.23,288.51,"136,647.46"
1002,23/08/2022,HPG,"23,350","23,100","23,650","23,650","23,100","23,383",300,1.28,16.69,390.21,0.00,0.00,16.69,390.21,"137,519.68"
1003,22/08/2022,HPG,"23,750","23,650","23,350","23,750","23,150","23,473",-400,-1.68,23.80,558.63,0.30,7.05,24.10,565.68,"135,775.25"
1004,19/08/2022,HPG,"24,150","24,100","23,750","24,250","23,650","23,950",-400,-1.66,31.46,753.40,0.80,20.64,32.26,774.04,"138,101.16"
1005,18/08/2022,HPG,"24,300","24,100","24,150","24,350","24,050","24,176",-150,-0.62,23.22,561.24,0.55,13.71,23.77,574.96,"140,427.07"
1006,17/08/2022,HPG,"24,550","24,600","24,300","24,650","24,150","24,324",-250,-1.02,27.44,667.56,0.35,8.14,27.80,675.70,"141,299.29"
1007,16/08/2022,HPG,"24,000","24,000","24,550","24,700","24,000","24,434",550,2.29,65.49,"1,600.19",1.47,35.93,66.96,"1,636.13","142,752.99"
1008,15/08/2022,HPG,"23,950","24,100","24,000","24,200","23,800","23,957",50,0.21,31.51,754.96,1.70,40.01,33.21,794.97,"139,554.86"
1009,12/08/2022,HPG,"23,400","23,300","23,950","24,050","23,250","23,638",550,2.35,33.80,798.92,0.17,4.12,33.97,803.04,"139,264.12"
1010,11/08/2022,HPG,"23,800","24,050","23,400","24,150","23,300","23,743",-400,-1.68,34.35,815.65,0.35,7.84,34.71,823.49,"136,065.99"
1011,10/08/2022,HPG,"24,100","24,000","23,800","24,400","23,800","24,042",-300,-1.24,30.12,724.24,0.00,0.00,30.12,724.24,"138,391.90"
1012,09/08/2022,HPG,"23,600","23,900","24,100","24,300","23,650","24,072",500,2.12,48.22,"1,160.81",3.16,76.12,51.38,"1,236.93","140,136.34"
1013,08/08/2022,HPG,"23,300","23,400","23,600","23,900","23,300","23,575",300,1.29,30.37,715.88,0.00,0.00,30.37,715.88,"137,228.94"
1014,05/08/2022,HPG,"23,650","23,400","23,300","23,650","23,150","23,300",-350,-1.48,42.52,990.65,0.02,0.47,42.54,991.12,"135,484.51"
1015,04/08/2022,HPG,"23,750","23,900","23,650","23,950","23,500","23,708",-100,-0.42,30.03,712.00,0.09,2.16,30.12,714.16,"137,519.68"
1016,03/08/2022,HPG,"22,900","22,700","23,750","23,850","22,600","23,376",850,3.71,58.85,"1,375.60",0.10,2.14,58.95,"1,377.74","138,101.16"
1017,02/08/2022,HPG,"22,800","22,900","22,900","23,150","22,700","22,908",100,0.44,27.73,635.25,0.00,0.00,27.73,635.25,"133,158.59"
1018,01/08/2022,HPG,"21,500","21,700","22,800","22,850","21,600","22,343","1,300",6.05,38.14,852.24,0.00,0.00,38.14,852.24,"132,577.11"
1019,29/07/2022,HPG,"21,400","21,600","21,500","21,950","21,500","21,695",100,0.47,20.59,446.65,0.10,2.14,20.69,448.79,"125,017.89"
1020,28/07/2022,HPG,"21,250","21,500","21,400","21,700","21,250","21,456",150,0.71,23.51,504.45,0.00,0.00,23.51,504.45,"124,436.41"
1021,27/07/2022,HPG,"21,650","21,450","21,250","21,500","21,050","21,236",-400,-1.85,28.60,607.36,0.11,2.32,28.72,609.67,"123,564.20"
1022,26/07/2022,HPG,"21,900","21,800","21,650","22,000","21,600","21,780",-250,-1.14,26.38,574.52,0.04,0.90,26.42,575.42,"125,890.11"
1023,25/07/2022,HPG,"22,200","22,200","21,900","22,300","21,800","21,956",-300,-1.35,20.72,454.97,0.14,3.29,20.87,458.26,"127,343.81"
1024,22/07/2022,HPG,"22,700","22,700","22,200","22,800","22,200","22,450",-500,-2.20,16.64,373.61,0.00,0.00,16.64,373.61,"129,088.24"
1025,21/07/2022,HPG,"22,350","22,350","22,700","23,000","22,300","22,670",350,1.57,23.04,522.40,0.00,0.00,23.04,522.40,"131,995.64"
1026,20/07/2022,HPG,"22,150","22,350","22,350","22,750","22,300","22,470",200,0.90,16.89,379.58,0.85,19.14,17.74,398.72,"129,960.46"
1027,19/07/2022,HPG,"22,600","22,500","22,150","22,600","22,100","22,290",-450,-1.99,16.28,362.80,0.00,0.00,16.28,362.80,"128,797.50"
1028,18/07/2022,HPG,"23,200","23,200","22,600","23,300","22,500","22,949",-600,-2.59,19.93,457.36,0.24,5.59,20.17,462.95,"131,414.16"
1029,15/07/2022,HPG,"22,200","22,350","23,200","23,500","22,350","22,843","1,000",4.50,47.70,"1,089.55",0.31,6.90,48.01,"1,096.45","134,903.03"
1030,14/07/2022,HPG,"22,300","22,200","22,200","22,400","22,100","22,252",-100,-0.45,12.52,278.60,0.00,0.00,12.52,278.60,"129,088.24"
1031,13/07/2022,HPG,"22,300","22,200","22,300","22,800","22,150","22,505",0,0.00,17.86,401.84,0.00,0.00,17.86,401.84,"129,669.72"
1032,12/07/2022,HPG,"22,050","22,050","22,300","22,500","21,950","22,180",250,1.13,12.15,269.41,0.14,3.19,12.29,272.60,"129,669.72"
1033,11/07/2022,HPG,"22,450","22,400","22,050","22,650","21,950","22,318",-400,-1.78,12.48,278.45,2.50,52.25,14.98,330.70,"128,216.02"
1034,08/07/2022,HPG,"21,750","22,000","22,450","22,550","22,000","22,385",700,3.22,19.50,436.61,0.00,0.00,19.50,436.61,"130,541.94"
1035,07/07/2022,HPG,"21,450","21,450","21,750","21,750","21,400","21,545",300,1.40,10.83,233.29,2.50,49.88,13.33,283.16,"126,471.59"
1036,06/07/2022,HPG,"21,900","21,700","21,450","22,250","21,300","21,824",-450,-2.05,18.23,397.92,0.00,0.00,18.23,397.92,"124,727.15"
1037,05/07/2022,HPG,"22,000","22,100","21,900","22,350","21,750","22,042",-100,-0.45,15.09,332.69,0.50,10.25,15.59,342.94,"127,343.81"
1038,04/07/2022,HPG,"22,400","22,650","22,000","22,650","22,000","22,275",-400,-1.79,12.44,277.17,0.16,3.59,12.60,280.76,"127,925.29"
1039,01/07/2022,HPG,"22,300","22,300","22,400","22,600","21,550","22,058",100,0.45,15.20,335.29,0.61,13.31,15.81,348.60,"130,251.20"
1040,30/06/2022,HPG,"22,750","22,900","22,300","23,400","22,300","22,919",-450,-1.98,19.95,457.26,0.00,0.00,19.95,457.26,"129,669.72"
1041,29/06/2022,HPG,"22,500","22,300","22,750","23,150","22,100","22,611",250,1.11,20.19,456.52,0.42,9.54,20.61,466.06,"132,286.37"
1042,28/06/2022,HPG,"22,900","22,850","22,500","22,850","22,250","22,489",-400,-1.75,17.84,401.16,0.00,0.00,17.84,401.16,"130,832.68"
1043,27/06/2022,HPG,"21,800","22,000","22,900","22,900","21,350","22,035","1,100",5.05,20.74,457.00,0.00,0.00,20.74,457.00,"102,429.93"
1044,24/06/2022,HPG,"21,800","21,850","21,800","22,500","21,700","21,979",0,0.00,12.83,281.97,0.90,20.25,13.72,302.22,"97,509.71"
1045,23/06/2022,HPG,"21,500","21,500","21,800","21,850","21,500","21,661",300,1.40,6.93,150.03,0.00,0.00,6.93,150.03,"97,509.71"
1046,22/06/2022,HPG,"20,800","20,850","21,500","22,000","20,850","21,504",700,3.37,21.44,461.10,0.08,1.55,21.52,462.65,"96,167.84"
1047,21/06/2022,HPG,"21,600","21,350","20,800","21,500","20,500","21,035",-800,-3.70,39.94,840.02,1.00,20.93,40.94,860.95,"93,036.79"
1048,20/06/2022,HPG,"23,200","22,750","21,600","23,000","21,600","21,829","-1,600",-6.90,37.27,813.63,0.16,3.74,37.43,817.37,"96,615.13"
1049,17/06/2022,HPG,"23,450","23,450","23,200","23,500","21,950","22,732",-250,-1.07,30.24,687.36,0.00,0.00,30.24,687.36,"103,771.81"
1050,16/06/2022,HPG,"29,400","30,150","31,000","31,350","29,900","30,601","1,600",5.44,33.39,"1,021.63",0.19,5.74,33.58,"1,027.37","138,660.60"
1051,15/06/2022,HPG,"30,300","30,100","29,400","30,900","28,850","29,604",-900,-2.97,28.70,849.71,2.67,81.83,31.37,931.55,"131,503.93"
1052,14/06/2022,HPG,"31,800","31,500","30,300","31,550","30,200","30,812","-1,500",-4.72,28.44,876.24,0.02,0.60,28.46,876.84,"135,529.56"
1053,13/06/2022,HPG,"33,600","33,000","31,800","33,500","31,700","32,543","-1,800",-5.36,21.24,691.09,0.00,0.00,21.24,691.09,"142,238.94"
1054,10/06/2022,HPG,"33,800","33,800","33,600","34,250","33,600","33,946",-200,-0.59,15.18,515.37,0.19,6.27,15.37,521.64,"150,290.20"
1055,09/06/2022,HPG,"32,900","32,900","33,800","34,550","32,750","33,944",900,2.74,26.98,915.80,0.44,14.65,27.42,930.46,"151,184.79"
1056,08/06/2022,HPG,"33,200","33,300","32,900","33,450","32,750","33,059",-300,-0.90,24.84,821.25,0.00,0.00,24.84,821.25,"147,159.16"
1057,07/06/2022,HPG,"33,300","33,300","33,200","33,550","32,650","33,051",-100,-0.30,19.38,640.41,0.17,5.84,19.55,646.25,"148,501.03"
1058,06/06/2022,HPG,"33,400","34,150","33,300","34,250","33,100","33,730",-100,-0.30,17.77,599.36,0.00,0.00,17.77,599.36,"148,948.33"
1059,03/06/2022,HPG,"33,150","33,300","33,400","34,000","33,250","33,570",250,0.75,14.71,493.81,0.30,10.37,15.01,504.18,"149,395.62"
1060,02/06/2022,HPG,"34,350","34,000","33,150","34,300","33,050","33,575","-1,200",-3.49,25.38,852.16,0.54,19.81,25.92,871.97,"148,277.39"
1061,01/06/2022,HPG,"34,700","34,500","34,350","34,800","33,800","34,179",-350,-1.01,21.64,739.79,0.03,0.93,21.67,740.72,"153,644.89"
1062,31/05/2022,HPG,"35,450","35,350","34,700","35,350","34,500","34,836",-750,-2.12,18.84,656.31,0.61,20.56,19.45,676.87,"155,210.42"
1063,30/05/2022,HPG,"35,450","35,500","35,450","35,850","35,300","35,532",0,0.00,15.05,534.91,0.54,20.22,15.59,555.12,"158,565.11"
1064,27/05/2022,HPG,"35,000","35,000","35,450","35,900","34,800","35,297",450,1.29,17.59,620.95,0.03,0.92,17.62,621.86,"158,565.11"
1065,26/05/2022,HPG,"34,450","35,000","35,000","35,600","34,550","35,096",550,1.60,16.23,569.47,0.00,0.00,16.23,569.47,"156,552.29"
1066,25/05/2022,HPG,"34,900","34,500","34,450","34,950","33,050","34,088",-450,-1.29,39.42,"1,343.67",0.07,2.58,39.49,"1,346.25","154,092.19"
1067,24/05/2022,HPG,"36,750","36,750","34,900","37,000","34,200","34,940","-1,850",-5.03,42.20,"1,474.51",1.02,36.90,43.22,"1,511.40","156,105.00"
1068,23/05/2022,HPG,"37,650","37,950","36,750","38,200","36,300","37,374",-900,-2.39,10.18,380.42,0.38,14.90,10.56,395.33,"164,379.91"
1069,20/05/2022,HPG,"37,900","37,700","37,650","37,800","37,250","37,634",-250,-0.66,13.93,524.23,0.00,0.00,13.93,524.23,"168,405.54"
1070,19/05/2022,HPG,"38,200","37,300","37,900","38,100","36,850","37,401",-300,-0.79,16.04,599.91,0.84,31.65,16.88,631.55,"169,523.77"
1071,18/05/2022,HPG,"38,200","38,400","38,200","38,700","37,850","38,208",0,0.00,16.07,614.12,1.77,63.02,17.85,677.14,"170,865.65"
1072,17/05/2022,HPG,"36,300","36,200","38,200","38,200","36,000","36,964","1,900",5.23,23.42,865.51,0.13,4.85,23.54,870.36,"170,865.65"
1073,16/05/2022,HPG,"35,900","37,050","36,300","37,500","36,300","37,060",400,1.11,29.39,"1,089.19",0.14,4.74,29.53,"1,093.94","162,367.09"
1074,13/05/2022,HPG,"38,250","38,150","35,900","38,550","35,750","37,300","-2,350",-6.14,43.00,"1,603.84",0.30,11.19,43.30,"1,615.03","160,577.93"
1075,12/05/2022,HPG,"40,650","40,600","38,250","40,650","38,250","39,281","-2,400",-5.90,25.25,991.94,1.10,44.22,26.35,"1,036.16","171,089.29"
1076,11/05/2022,HPG,"41,100","41,000","40,650","41,300","40,550","40,896",-450,-1.09,9.56,390.95,0.39,15.68,9.95,406.63,"181,824.31"
1077,10/05/2022,HPG,"39,950","39,500","41,100","41,100","38,700","39,778","1,150",2.88,19.44,773.29,0.40,16.25,19.84,789.54,"183,837.12"
1078,09/05/2022,HPG,"41,800","41,500","39,950","41,900","39,950","40,904","-1,850",-4.43,26.28,"1,075.10",0.10,4.20,26.38,"1,079.30","178,693.26"
1079,06/05/2022,HPG,"42,050","41,400","41,800","43,000","41,400","42,091",-250,-0.59,15.01,631.81,0.20,7.83,15.21,639.64,"186,968.17"
1080,05/05/2022,HPG,"42,000","42,600","42,050","42,600","41,500","41,999",50,0.12,13.82,580.31,2.06,87.74,15.88,668.05,"188,086.40"
1081,04/05/2022,HPG,"43,300","43,300","42,000","43,300","42,000","42,586","-1,300",-3.00,14.90,634.58,1.83,79.40,16.73,713.98,"187,862.75"
1082,29/04/2022,HPG,"43,100","42,900","43,300","43,400","42,850","43,192",200,0.46,12.35,533.33,1.20,50.86,13.55,584.18,"193,677.55"
1083,28/04/2022,HPG,"42,500","42,500","43,100","43,450","42,500","43,091",600,1.41,13.61,586.55,0.02,1.01,13.63,587.56,"192,782.97"
1084,27/04/2022,HPG,"41,200","41,200","42,500","42,900","41,100","41,689","1,300",3.16,18.78,782.93,0.75,30.76,19.53,813.69,"190,099.22"
1085,26/04/2022,HPG,"40,750","40,150","41,200","41,400","39,600","40,680",450,1.10,23.28,947.04,0.17,6.90,23.45,953.94,"184,284.42"
1086,25/04/2022,HPG,"43,800","43,800","40,750","43,800","40,750","41,875","-3,050",-6.96,29.06,"1,216.68",1.29,56.46,30.34,"1,273.13","182,271.60"
1087,22/04/2022,HPG,"43,350","44,000","43,800","44,050","42,350","43,494",450,1.04,12.70,552.29,0.00,0.00,12.70,552.29,"195,914.01"
1088,21/04/2022,HPG,"43,200","43,000","43,350","44,100","42,100","43,284",150,0.35,17.81,770.97,2.08,91.19,19.89,862.16,"193,901.20"
1089,20/04/2022,HPG,"43,300","43,500","43,200","44,000","43,100","43,534",-100,-0.23,13.24,576.25,0.21,8.69,13.44,584.95,"193,230.26"
1090,19/04/2022,HPG,"42,650","43,000","43,300","43,900","42,900","43,531",650,1.52,19.05,829.47,0.19,7.96,19.24,837.43,"193,677.55"
1091,18/04/2022,HPG,"44,200","44,050","42,650","44,550","42,650","43,493","-1,550",-3.51,23.19,"1,008.44",0.25,10.92,23.44,"1,019.36","190,770.15"
1092,15/04/2022,HPG,"44,900","45,000","44,200","45,000","44,150","44,572",-700,-1.56,18.38,819.17,0.02,0.89,18.40,820.06,"197,703.18"
1093,14/04/2022,HPG,"45,200","45,300","44,900","45,550","44,900","45,127",-300,-0.66,12.04,543.28,1.38,61.49,13.42,604.76,"200,834.23"
1094,13/04/2022,HPG,"45,100","45,300","45,200","45,450","44,700","45,113",100,0.22,12.71,573.51,1.66,75.16,14.37,648.66,"202,176.11"
1095,12/04/2022,HPG,"46,400","46,500","45,100","46,500","45,050","45,604","-1,300",-2.80,18.23,831.51,0.30,12.96,18.53,844.47,"201,728.81"
1096,08/04/2022,HPG,"46,550","46,750","46,400","47,050","46,350","46,636",-150,-0.32,13.74,640.73,0.28,12.99,14.02,653.72,"207,543.61"
1097,07/04/2022,HPG,"47,250","47,500","46,550","47,600","46,550","47,007",-700,-1.48,14.51,682.21,0.00,0.00,14.51,682.21,"208,214.55"
1098,06/04/2022,HPG,"46,100","46,000","47,250","47,950","46,000","47,154","1,150",2.49,29.71,"1,400.83",3.26,141.38,32.97,"1,542.21","211,345.60"
1099,05/04/2022,HPG,"45,850","46,000","46,100","46,400","45,950","46,171",250,0.55,12.12,559.78,0.00,0.00,12.12,559.78,"206,201.74"
1100,04/04/2022,HPG,"45,700","46,000","45,850","46,300","45,750","45,977",150,0.33,12.16,558.91,1.56,70.48,13.71,629.39,"205,083.51"
1101,01/04/2022,HPG,"45,100","45,000","45,700","46,000","44,500","45,301",600,1.33,19.70,892.51,2.45,110.01,22.15,"1,002.52","204,412.57"
1102,31/03/2022,HPG,"45,500","45,650","45,100","45,950","44,800","45,311",-400,-0.88,18.89,856.02,0.16,7.05,19.05,863.07,"201,728.81"
1103,30/03/2022,HPG,"45,850","45,800","45,500","46,400","45,400","45,751",-350,-0.76,15.73,719.52,0.34,15.78,16.07,735.29,"203,517.98"
1104,29/03/2022,HPG,"45,900","46,200","45,850","46,250","45,800","46,006",-50,-0.11,12.99,597.44,1.45,62.72,14.44,660.16,"205,083.51"
1105,28/03/2022,HPG,"46,400","46,100","45,900","46,850","45,800","46,104",-500,-1.08,19.51,899.27,1.56,72.18,21.06,971.45,"205,307.15"
1106,25/03/2022,HPG,"46,400","46,550","46,400","46,950","46,200","46,466",0,0.00,13.44,624.72,1.26,58.10,14.70,682.82,"207,543.61"
1107,24/03/2022,HPG,"46,800","47,000","46,400","47,000","46,350","46,687",-400,-0.85,14.93,696.92,0.69,34.25,15.61,731.17,"207,543.61"
1108,23/03/2022,HPG,"46,900","47,200","46,800","47,450","46,800","47,134",-100,-0.21,17.29,815.00,2.01,93.01,19.30,908.02,"209,332.78"
1109,22/03/2022,HPG,"46,850","46,900","46,900","46,950","46,300","46,566",50,0.11,22.97,"1,069.42",0.82,36.43,23.79,"1,105.84","209,780.07"
1110,21/03/2022,HPG,"46,500","46,700","46,850","47,200","46,400","46,839",350,0.75,19.31,904.60,0.02,0.96,19.33,905.57,"209,556.43"
1111,18/03/2022,HPG,"45,950","46,200","46,500","46,850","46,050","46,495",550,1.20,17.73,824.24,0.61,29.90,18.34,854.14,"207,990.91"
1112,17/03/2022,HPG,"46,200","46,600","45,950","46,700","45,900","46,204",-250,-0.54,14.96,691.10,0.16,7.45,15.12,698.55,"205,530.80"
1113,16/03/2022,HPG,"46,150","46,900","46,200","47,150","46,200","46,639",50,0.11,11.42,532.56,0.02,0.99,11.44,533.54,"206,649.03"
1114,15/03/2022,HPG,"45,800","45,950","46,150","46,700","45,450","45,997",350,0.76,20.86,959.69,0.00,0.00,20.86,959.69,"206,425.38"
1115,14/03/2022,HPG,"47,600","47,300","45,800","48,200","45,800","46,874","-1,800",-3.78,33.85,"1,586.48",2.12,93.93,35.96,"1,680.41","204,859.86"
1116,11/03/2022,HPG,"49,150","49,200","47,600","49,300","46,850","48,195","-1,550",-3.15,44.34,"2,136.97",0.03,1.28,44.37,"2,138.25","212,911.12"
1117,10/03/2022,HPG,"49,850","50,000","49,150","50,100","49,100","49,503",-700,-1.40,26.83,"1,328.09",0.92,44.67,27.75,"1,372.76","219,844.15"
1118,09/03/2022,HPG,"49,450","50,000","49,850","50,300","48,850","49,677",400,0.81,34.78,"1,727.54",0.62,30.90,35.40,"1,758.44","222,975.20"
1119,08/03/2022,HPG,"51,100","50,600","49,450","51,200","49,450","50,274","-1,650",-3.23,40.51,"2,036.57",1.39,73.30,41.90,"2,109.87","221,186.03"
1120,07/03/2022,HPG,"49,800","50,200","51,100","52,500","50,000","51,379","1,300",2.61,38.46,"1,975.84",0.55,26.52,39.01,"2,002.36","228,566.35"
1121,04/03/2022,HPG,"50,100","51,000","49,800","51,300","49,800","50,352",-300,-0.60,33.38,"1,680.69",0.23,10.83,33.61,"1,691.53","222,751.55"
1122,03/03/2022,HPG,"46,900","47,600","50,100","50,100","47,300","48,850","3,200",6.82,76.24,"3,724.16",1.61,70.61,77.84,"3,794.77","224,093.43"
1123,02/03/2022,HPG,"46,900","47,000","46,900","47,350","46,600","46,984",0,0.00,19.90,934.80,0.00,0.00,19.90,934.80,"209,780.07"
1124,01/03/2022,HPG,"47,200","47,700","46,900","48,100","46,850","47,511",-300,-0.64,23.37,"1,110.51",0.00,0.00,23.37,"1,110.51","209,780.07"
1125,28/02/2022,HPG,"45,900","46,050","47,200","47,800","46,050","46,996","1,300",2.83,35.20,"1,654.28",0.53,23.31,35.73,"1,677.59","211,121.95"
1126,25/02/2022,HPG,"46,000","46,100","45,900","46,350","45,900","46,050",-100,-0.22,12.78,588.32,2.62,121.66,15.40,709.97,"205,307.15"
1127,24/02/2022,HPG,"46,700","46,750","46,000","46,850","45,100","45,963",-700,-1.50,22.45,"1,031.67",0.16,7.17,22.60,"1,038.83","205,754.44"
1128,23/02/2022,HPG,"46,400","46,650","46,700","47,200","46,250","46,630",300,0.65,12.98,605.31,0.00,0.00,12.98,605.31,"208,885.49"
1129,22/02/2022,HPG,"46,650","46,300","46,400","46,600","45,700","46,101",-250,-0.54,17.67,814.58,3.47,157.42,21.13,971.99,"207,543.61"
1130,21/02/2022,HPG,"47,050","47,100","46,650","47,500","46,550","46,956",-400,-0.85,12.18,571.79,0.00,0.00,12.18,571.79,"208,661.84"
1131,18/02/2022,HPG,"46,500","46,200","47,050","47,650","46,050","47,127",550,1.18,21.38,"1,007.38",1.76,82.17,23.14,"1,089.55","210,451.01"
1132,17/02/2022,HPG,"46,000","46,000","46,500","46,750","46,000","46,395",500,1.09,11.35,526.74,0.57,26.22,11.93,552.95,"207,990.91"
1133,16/02/2022,HPG,"46,000","46,100","46,000","46,500","45,600","46,078",0,0.00,9.35,430.85,0.49,21.12,9.84,451.97,"205,754.44"
1134,15/02/2022,HPG,"46,200","46,200","46,000","46,550","45,400","45,919",-200,-0.43,15.56,714.71,0.31,14.70,15.87,729.41,"205,754.44"
1135,14/02/2022,HPG,"47,150","46,500","46,200","47,500","46,150","46,760",-950,-2.01,18.25,853.22,0.35,16.60,18.60,869.82,"206,649.03"
1136,11/02/2022,HPG,"47,000","46,600","47,150","47,500","46,300","46,787",150,0.32,17.34,811.44,0.80,36.68,18.14,848.11,"210,898.31"
1137,10/02/2022,HPG,"47,300","47,400","47,000","47,900","46,700","47,353",-300,-0.63,23.60,"1,117.45",1.64,74.99,25.24,"1,192.44","210,227.37"
1138,09/02/2022,HPG,"45,550","45,800","47,300","48,300","45,700","47,429","1,750",3.84,40.30,"1,911.28",0.92,42.91,41.22,"1,954.18","211,569.24"
1139,08/02/2022,HPG,"43,050","43,000","45,550","45,550","43,000","44,690","2,500",5.81,26.53,"1,185.58",2.49,107.43,29.02,"1,293.01","203,741.63"
1140,07/02/2022,HPG,"42,200","42,800","43,050","43,700","41,800","42,721",850,2.01,16.61,709.58,0.11,4.77,16.72,714.35,"192,559.32"
1141,28/01/2022,HPG,"42,150","42,250","42,200","42,800","41,700","42,143",50,0.12,14.94,629.68,0.92,39.94,15.86,669.62,"188,757.34"
1142,27/01/2022,HPG,"43,450","43,200","42,150","43,500","42,000","42,606","-1,300",-2.99,14.70,626.34,0.04,1.62,14.74,627.96,"188,533.69"
1143,26/01/2022,HPG,"43,250","43,500","43,450","44,450","43,450","43,909",200,0.46,15.21,667.65,2.35,98.74,17.56,766.38,"194,348.49"
1144,25/01/2022,HPG,"40,700","40,500","43,250","43,300","40,200","41,488","2,550",6.27,17.89,742.12,1.88,74.95,19.77,817.08,"193,453.91"
1145,24/01/2022,HPG,"43,300","43,100","40,700","43,200","40,700","41,792","-2,600",-6.00,29.43,"1,229.73",2.63,109.09,32.06,"1,338.82","182,047.95"
1146,21/01/2022,HPG,"44,000","44,000","43,300","44,450","43,100","43,615",-700,-1.59,16.28,709.94,0.10,4.71,16.38,714.65,"193,677.55"
1147,20/01/2022,HPG,"43,500","43,800","44,000","44,200","43,300","43,845",500,1.15,14.67,643.00,0.42,18.95,15.09,661.95,"196,808.60"
1148,19/01/2022,HPG,"44,000","44,400","43,500","44,550","43,450","43,913",-500,-1.14,17.71,777.49,0.26,11.55,17.97,789.04,"194,572.14"
1149,18/01/2022,HPG,"44,700","44,500","44,000","45,250","43,000","44,191",-700,-1.57,21.44,947.55,0.00,0.00,21.44,947.55,"196,808.60"
1150,17/01/2022,HPG,"46,250","46,250","44,700","46,500","44,700","45,454","-1,550",-3.35,21.66,984.59,4.07,195.00,25.73,"1,179.59","199,939.64"
1151,14/01/2022,HPG,"46,700","46,500","46,250","46,850","46,200","46,487",-450,-0.96,7.90,367.34,0.70,31.72,8.60,399.06,"206,872.68"
1152,13/01/2022,HPG,"46,200","46,300","46,700","47,300","46,200","46,716",500,1.08,24.99,"1,167.45",0.59,25.93,25.58,"1,193.38","208,885.49"
1153,12/01/2022,HPG,"45,100","45,200","46,200","46,250","45,150","45,778","1,100",2.44,14.69,672.33,0.00,0.00,14.69,672.33,"206,649.03"
1154,11/01/2022,HPG,"45,650","46,050","45,100","46,050","45,100","45,636",-550,-1.20,12.76,582.25,0.51,24.98,13.27,607.23,"201,728.81"
1155,10/01/2022,HPG,"45,800","45,850","45,650","46,650","45,500","45,968",-150,-0.33,17.48,803.41,3.18,147.21,20.65,950.62,"204,188.92"
1156,07/01/2022,HPG,"46,100","46,100","45,800","46,200","45,650","45,873",-300,-0.65,16.34,749.35,0.00,0.00,16.34,749.35,"204,859.86"
1157,06/01/2022,HPG,"46,800","46,500","46,100","46,700","46,100","46,402",-700,-1.50,17.17,796.85,0.41,18.01,17.59,814.86,"206,201.74"
1158,05/01/2022,HPG,"46,750","46,900","46,800","47,350","46,800","47,106",50,0.11,18.76,883.74,0.79,35.92,19.55,919.65,"209,332.78"
1159,04/01/2022,HPG,"46,400","46,800","46,750","47,200","46,600","46,822",350,0.75,20.10,941.16,0.00,0.00,20.10,941.16,"209,109.14"
1160,31/12/2021,HPG,"45,700","46,000","46,400","46,650","45,850","46,179",700,1.53,13.78,636.40,1.35,61.74,15.13,698.14,"207,543.61"
1161,30/12/2021,HPG,"45,800","46,300","45,700","46,300","45,700","45,871",-100,-0.22,10.29,471.78,1.47,66.04,11.76,537.82,"204,412.57"
1162,29/12/2021,HPG,"45,800","45,800","45,800","46,300","45,500","45,885",0,0.00,15.12,693.69,2.54,108.27,17.66,801.96,"204,859.86"
1163,28/12/2021,HPG,"45,900","45,900","45,800","46,700","45,600","45,968",-100,-0.22,12.36,568.01,1.10,46.95,13.46,614.96,"204,859.86"
1164,27/12/2021,HPG,"46,050","46,550","45,900","46,600","45,550","45,969",-150,-0.33,10.68,490.72,1.51,70.52,12.18,561.24,"205,307.15"
1165,24/12/2021,HPG,"44,950","45,300","46,050","46,650","45,250","45,936","1,100",2.45,19.17,880.52,4.30,181.72,23.46,"1,062.24","205,978.09"
1166,23/12/2021,HPG,"45,100","45,100","44,950","45,100","44,100","44,515",-150,-0.33,26.67,"1,187.38",2.08,97.15,28.75,"1,284.53","201,057.88"
1167,22/12/2021,HPG,"46,100","46,300","45,100","46,500","45,100","45,601","-1,000",-2.17,24.67,"1,124.79",2.93,128.49,27.59,"1,253.27","201,728.81"
1168,21/12/2021,HPG,"46,900","46,900","46,100","46,950","46,100","46,326",-800,-1.71,17.09,791.91,0.82,37.59,17.92,829.50,"206,201.74"
1169,20/12/2021,HPG,"46,700","46,700","46,900","47,350","46,500","46,843",200,0.43,9.99,467.79,2.54,112.22,12.52,580.01,"209,780.07"
1170,17/12/2021,HPG,"47,500","47,350","46,700","47,550","46,600","46,883",-800,-1.68,22.02,"1,032.16",0.95,43.64,22.96,"1,075.80","208,885.49"
1171,16/12/2021,HPG,"47,800","48,100","47,500","48,100","47,300","47,612",-300,-0.63,11.03,525.17,0.79,40.10,11.82,565.27,"212,463.83"
1172,15/12/2021,HPG,"47,700","48,000","47,800","48,600","47,700","48,073",100,0.21,9.05,434.85,2.34,111.27,11.39,546.12,"213,805.71"
1173,14/12/2021,HPG,"46,550","46,550","47,700","49,100","46,200","48,055","1,150",2.47,35.68,"1,714.44",2.08,93.40,37.75,"1,807.84","213,358.41"
1174,13/12/2021,HPG,"46,500","46,550","46,550","47,150","46,300","46,691",50,0.11,14.31,668.13,2.81,122.87,17.12,791.00,"208,214.55"
1175,10/12/2021,HPG,"47,100","47,050","46,500","47,200","46,400","46,817",-600,-1.27,19.43,909.54,1.21,53.06,20.64,962.60,"207,990.91"
1176,09/12/2021,HPG,"47,200","46,900","47,100","47,300","46,800","47,032",-100,-0.21,10.32,485.39,2.33,104.50,12.66,589.89,"210,674.66"
1177,08/12/2021,HPG,"47,600","47,900","47,200","47,900","47,050","47,359",-400,-0.84,11.11,526.10,1.23,55.40,12.34,581.50,"211,121.95"
1178,07/12/2021,HPG,"45,750","46,450","47,600","47,600","46,000","46,810","1,850",4.04,21.94,"1,026.79",0.59,25.42,22.53,"1,052.21","212,911.12"
1179,06/12/2021,HPG,"47,700","47,500","45,750","47,950","45,500","46,643","-1,950",-4.09,34.63,"1,615.42",0.06,3.00,34.69,"1,618.42","204,636.21"
1180,03/12/2021,HPG,"48,600","48,800","47,700","49,150","47,700","48,406",-900,-1.85,21.68,"1,049.57",0.24,10.98,21.92,"1,060.56","213,358.41"
1181,02/12/2021,HPG,"49,000","49,200","48,600","49,250","48,600","48,885",-400,-0.82,12.83,627.31,3.51,160.56,16.34,787.87,"217,384.04"
1182,01/12/2021,HPG,"48,950","49,500","49,000","49,500","48,900","49,099",50,0.10,13.82,678.74,0.37,16.94,14.20,695.69,"219,173.21"
1183,30/11/2021,HPG,"48,400","48,950","48,950","49,950","48,500","49,088",550,1.14,22.18,"1,088.59",0.75,33.93,22.93,"1,122.52","218,949.57"
1184,29/11/2021,HPG,"49,050","48,200","48,400","48,900","48,200","48,467",-650,-1.33,21.80,"1,056.65",0.20,9.68,22.00,"1,066.32","216,489.46"
1185,26/11/2021,HPG,"49,250","49,300","49,050","49,950","49,000","49,452",-200,-0.41,26.73,"1,321.85",0.00,0.00,26.73,"1,321.85","219,396.86"
1186,25/11/2021,HPG,"48,650","48,700","49,250","49,350","48,700","49,073",600,1.23,21.76,"1,068.00",4.70,228.37,26.46,"1,296.37","220,291.44"
1187,24/11/2021,HPG,"49,550","49,500","48,650","49,700","48,500","48,972",-900,-1.82,27.13,"1,328.47",0.06,3.18,27.19,"1,331.65","217,607.69"
1188,23/11/2021,HPG,"48,650","48,900","49,550","49,800","48,600","49,360",900,1.85,15.65,772.46,1.65,76.16,17.30,848.62,"221,633.32"
1189,22/11/2021,HPG,"48,000","48,200","48,650","49,200","48,000","48,725",650,1.35,22.63,"1,102.67",0.93,45.80,23.56,"1,148.47","217,607.69"
1190,19/11/2021,HPG,"49,950","49,600","48,000","49,700","47,900","48,828","-1,950",-3.90,48.47,"2,366.74",0.34,16.37,48.81,"2,383.11","214,700.29"
1191,18/11/2021,HPG,"51,400","51,400","49,950","51,400","49,600","50,264","-1,450",-2.82,58.61,"2,945.81",2.39,122.69,60.99,"3,068.50","223,422.49"
1192,17/11/2021,HPG,"52,000","52,000","51,400","52,600","51,400","51,946",-600,-1.15,30.00,"1,558.53",1.90,93.12,31.90,"1,651.65","229,908.23"
1193,16/11/2021,HPG,"53,600","53,300","52,000","53,600","52,000","52,693","-1,600",-2.99,39.78,"2,095.97",1.20,63.23,40.98,"2,159.20","232,591.98"
1194,15/11/2021,HPG,"54,600","54,500","53,600","54,600","53,300","53,812","-1,000",-1.83,30.65,"1,649.17",3.00,154.16,33.64,"1,803.32","239,748.66"
1195,12/11/2021,HPG,"54,000","53,900","54,600","54,800","53,800","54,222",600,1.11,20.85,"1,130.36",2.73,140.46,23.58,"1,270.82","244,221.58"
1196,11/11/2021,HPG,"55,300","55,000","54,000","55,300","53,600","54,342","-1,300",-2.35,54.29,"2,950.39",0.32,17.32,54.61,"2,967.71","241,537.83"
1197,10/11/2021,HPG,"56,500","56,500","55,300","56,600","55,200","55,632","-1,200",-2.12,43.38,"2,413.15",0.14,8.09,43.52,"2,421.24","247,352.63"
1198,09/11/2021,HPG,"56,800","56,800","56,500","57,600","56,400","56,873",-300,-0.53,24.72,"1,405.74",0.00,0.00,24.72,"1,405.74","252,720.13"
1199,08/11/2021,HPG,"56,600","56,900","56,800","57,000","56,200","56,696",200,0.35,21.26,"1,205.10",0.28,15.11,21.54,"1,220.20","254,062.01"
1200,05/11/2021,HPG,"56,300","56,300","56,600","57,000","55,700","56,375",300,0.53,19.38,"1,092.41",0.04,2.00,19.41,"1,094.42","253,167.43"
1201,04/11/2021,HPG,"55,600","55,600","56,300","56,900","55,600","56,260",700,1.26,14.85,835.41,0.92,47.55,15.76,882.96,"251,825.55"
1202,03/11/2021,HPG,"55,500","56,200","55,600","56,300","55,300","55,859",100,0.18,29.87,"1,668.34",0.41,21.20,30.28,"1,689.54","248,694.50"
1203,02/11/2021,HPG,"55,700","55,500","55,500","56,400","55,200","55,715",-200,-0.36,25.67,"1,430.18",0.00,0.00,25.67,"1,430.18","248,247.21"
1204,01/11/2021,HPG,"57,100","57,100","55,700","57,100","55,700","56,308","-1,400",-2.45,45.22,"2,546.14",0.70,40.33,45.92,"2,586.47","249,141.79"
1205,29/10/2021,HPG,"58,000","58,000","57,100","58,100","57,100","57,529",-900,-1.55,23.88,"1,373.67",0.50,28.65,24.38,"1,402.31","255,403.89"
1206,28/10/2021,HPG,"57,900","57,900","58,000","58,200","57,300","57,776",100,0.17,21.92,"1,266.66",0.04,2.15,21.96,"1,268.81","259,429.52"
1207,27/10/2021,HPG,"56,300","56,300","57,900","57,900","56,300","57,318","1,600",2.84,28.94,"1,658.68",0.84,45.03,29.78,"1,703.70","258,982.22"
1208,26/10/2021,HPG,"55,100","54,800","56,300","56,300","54,200","55,162","1,200",2.18,27.91,"1,539.60",0.53,29.04,28.44,"1,568.65","251,825.55"
1209,25/10/2021,HPG,"56,700","56,500","55,100","56,700","55,100","55,886","-1,600",-2.82,41.61,"2,325.20",0.00,0.00,41.61,"2,325.20","246,458.04"
1210,22/10/2021,HPG,"57,200","57,400","56,700","57,800","56,700","57,103",-500,-0.87,19.85,"1,133.45",0.17,8.92,20.02,"1,142.38","253,614.72"
1211,21/10/2021,HPG,"56,900","57,200","57,200","58,200","56,600","57,576",300,0.53,39.19,"2,256.55",0.79,42.17,39.98,"2,298.72","255,851.18"
1212,20/10/2021,HPG,"57,200","57,400","56,900","57,500","55,800","56,713",-300,-0.52,34.66,"1,965.72",0.00,0.00,34.66,"1,965.72","254,509.30"
1213,19/10/2021,HPG,"57,900","57,600","57,200","58,000","57,100","57,517",-700,-1.21,23.72,"1,364.36",2.08,119.05,25.80,"1,483.42","255,851.18"
1214,18/10/2021,HPG,"57,300","57,600","57,900","58,400","57,500","58,049",600,1.05,20.74,"1,203.77",0.73,39.94,21.47,"1,243.71","258,982.22"
1215,15/10/2021,HPG,"56,800","57,300","57,300","57,700","57,000","57,426",500,0.88,18.52,"1,063.53",0.82,44.01,19.34,"1,107.54","256,298.47"
1216,14/10/2021,HPG,"56,800","56,800","56,800","57,400","56,700","56,964",0,0.00,19.28,"1,098.25",1.28,71.20,20.56,"1,169.46","254,062.01"
1217,13/10/2021,HPG,"57,000","57,000","56,800","57,400","56,500","57,015",-200,-0.35,15.58,888.44,1.00,57.21,16.59,945.65,"254,062.01"
1218,12/10/2021,HPG,"57,200","57,300","57,000","57,600","56,800","57,171",-200,-0.35,18.11,"1,035.23",1.12,64.15,19.23,"1,099.38","254,956.59"
1219,11/10/2021,HPG,"55,700","56,100","57,200","57,300","55,700","56,734","1,500",2.69,25.55,"1,449.48",1.27,70.21,26.82,"1,519.68","255,851.18"
1220,08/10/2021,HPG,"55,600","55,800","55,700","56,200","55,200","55,736",100,0.18,21.69,"1,209.12",1.40,77.22,23.09,"1,286.34","249,141.79"
1221,07/10/2021,HPG,"56,100","56,400","55,600","56,700","55,500","56,001",-500,-0.89,26.77,"1,499.29",0.90,48.08,27.68,"1,547.36","248,694.50"
1222,06/10/2021,HPG,"55,300","55,800","56,100","56,300","55,400","55,941",800,1.45,26.77,"1,497.32",1.96,112.94,28.73,"1,610.26","250,930.96"
1223,05/10/2021,HPG,"55,500","55,500","55,300","55,900","55,100","55,363",-200,-0.36,26.57,"1,471.07",0.96,51.82,27.53,"1,522.88","247,352.63"
1224,04/10/2021,HPG,"53,400","53,900","55,500","55,900","53,900","54,889","2,100",3.93,45.36,"2,489.63",0.11,5.22,45.46,"2,494.85","248,247.21"
1225,01/10/2021,HPG,"52,900","52,900","53,400","53,700","52,700","53,309",500,0.95,30.48,"1,624.77",8.92,443.41,39.39,"2,068.18","238,854.07"
1226,30/09/2021,HPG,"53,300","53,700","52,900","53,700","52,800","53,166",-400,-0.75,23.15,"1,230.72",1.42,73.92,24.56,"1,304.64","236,617.61"
1227,29/09/2021,HPG,"52,600","52,700","53,300","53,600","52,600","53,175",700,1.33,34.90,"1,855.75",0.36,19.28,35.26,"1,875.03","238,406.78"
1228,28/09/2021,HPG,"50,800","50,600","52,600","52,700","50,600","51,732","1,800",3.54,35.61,"1,842.24",0.61,31.06,36.22,"1,873.30","235,275.73"
1229,27/09/2021,HPG,"50,800","51,400","50,800","52,000","50,800","51,258",0,0.00,28.47,"1,459.28",0.62,31.63,29.09,"1,490.91","227,224.47"
1230,24/09/2021,HPG,"51,000","51,000","50,800","51,700","50,700","51,076",-200,-0.39,15.88,811.31,0.72,36.72,16.60,848.03,"227,224.47"
1231,23/09/2021,HPG,"50,900","51,300","51,000","51,900","50,900","51,454",100,0.20,17.77,914.51,0.08,4.24,17.86,918.75,"228,119.06"
1232,22/09/2021,HPG,"50,800","50,800","50,900","51,100","50,600","50,831",100,0.20,13.14,668.11,1.66,78.56,14.80,746.67,"227,671.77"
1233,21/09/2021,HPG,"51,300","50,600","50,800","51,200","50,200","50,725",-500,-0.97,28.85,"1,463.26",0.90,43.96,29.75,"1,507.22","227,224.47"
1234,20/09/2021,HPG,"51,800","52,400","51,300","52,400","50,900","51,838",-500,-0.97,32.33,"1,675.82",0.00,0.00,32.33,"1,675.82","229,460.93"
1235,17/09/2021,HPG,"51,300","51,400","51,800","52,000","51,300","51,673",500,0.97,24.55,"1,268.49",2.53,125.48,27.08,"1,393.97","231,697.40"
1236,16/09/2021,HPG,"51,600","52,000","51,300","52,300","51,300","51,781",-300,-0.58,17.98,931.13,0.80,39.50,18.78,970.63,"229,460.93"
1237,15/09/2021,HPG,"50,300","50,100","51,600","52,000","49,900","50,938","1,300",2.58,25.91,"1,319.74",3.14,154.23,29.05,"1,473.97","230,802.81"
1238,14/09/2021,HPG,"50,800","50,800","50,300","51,000","50,200","50,555",-500,-0.98,22.43,"1,134.09",0.78,36.77,23.21,"1,170.85","224,988.01"
1239,13/09/2021,HPG,"51,500","51,500","50,800","51,500","50,700","51,024",-700,-1.36,27.23,"1,389.25",1.01,52.32,28.24,"1,441.57","227,224.47"
1240,10/09/2021,HPG,"51,900","52,000","51,500","52,200","51,400","51,754",-400,-0.77,17.22,891.10,1.42,70.11,18.64,961.21,"230,355.52"
1241,09/09/2021,HPG,"51,300","51,600","51,900","52,400","51,500","51,950",600,1.17,36.72,"1,907.51",1.07,53.14,37.78,"1,960.66","232,144.69"
1242,08/09/2021,HPG,"50,700","50,700","51,300","51,900","50,400","51,228",600,1.18,33.04,"1,692.57",0.20,9.60,33.24,"1,702.17","229,460.93"
1243,07/09/2021,HPG,"51,200","51,600","50,700","52,000","50,600","51,424",-500,-0.98,31.25,"1,606.83",1.23,64.60,32.48,"1,671.43","226,777.18"
1244,06/09/2021,HPG,"49,200","49,500","51,200","51,400","49,400","50,487","2,000",4.07,48.10,"2,428.39",0.84,38.24,48.93,"2,466.63","229,013.64"
1245,01/09/2021,HPG,"49,300","49,000","49,200","49,550","48,900","49,264",-100,-0.20,15.07,742.24,0.00,0.00,15.07,742.24,"220,067.80"
1246,31/08/2021,HPG,"48,700","49,000","49,300","49,700","48,800","49,317",600,1.23,25.87,"1,275.96",0.05,2.30,25.92,"1,278.26","220,515.09"
1247,30/08/2021,HPG,"47,600","48,000","48,700","48,750","47,650","48,351","1,100",2.31,17.00,822.19,1.15,53.71,18.15,875.90,"217,831.34"
1248,27/08/2021,HPG,"47,700","47,500","47,600","47,850","46,750","47,283",-100,-0.21,24.49,"1,158.01",1.91,84.70,26.40,"1,242.71","212,911.12"
1249,26/08/2021,HPG,"48,400","48,600","47,700","48,600","47,550","48,134",-700,-1.45,13.86,667.03,4.39,198.14,18.25,865.17,"213,358.41"
1250,25/08/2021,HPG,"47,750","47,950","48,400","48,500","47,400","47,948",650,1.36,16.40,786.49,0.00,0.00,16.40,786.49,"216,489.46"
1251,24/08/2021,HPG,"47,500","47,600","47,750","48,250","47,500","47,798",250,0.53,21.93,"1,048.19",0.17,7.93,22.10,"1,056.12","213,582.06"
1252,23/08/2021,HPG,"49,000","49,000","47,500","49,000","47,500","48,177","-1,500",-3.06,32.83,"1,581.46",1.64,80.58,34.46,"1,662.04","212,463.83"
1253,20/08/2021,HPG,"50,900","50,800","49,000","51,000","48,200","49,763","-1,900",-3.73,49.33,"2,455.00",4.37,213.45,53.70,"2,668.45","219,173.21"
1254,19/08/2021,HPG,"50,400","50,600","50,900","51,300","50,400","50,895",500,0.99,27.51,"1,399.94",1.01,50.55,28.52,"1,450.49","227,671.77"
1255,18/08/2021,HPG,"50,400","50,500","50,400","50,900","49,900","50,467",0,0.00,20.16,"1,017.59",5.15,241.73,25.31,"1,259.32","225,435.30"
1256,17/08/2021,HPG,"49,450","49,650","50,400","50,900","49,600","50,210",950,1.92,45.48,"2,283.73",1.16,53.75,46.65,"2,337.48","225,435.30"
1257,16/08/2021,HPG,"48,650","49,000","49,450","49,500","48,950","49,267",800,1.64,22.22,"1,094.85",1.60,78.85,23.82,"1,173.70","221,186.03"
1258,13/08/2021,HPG,"48,400","48,400","48,650","48,700","47,700","48,289",250,0.52,25.81,"1,246.31",0.44,20.77,26.24,"1,267.07","217,607.69"
1259,12/08/2021,HPG,"48,950","48,900","48,400","49,000","48,400","48,697",-550,-1.12,21.55,"1,049.30",2.02,93.38,23.57,"1,142.68","216,489.46"
1260,11/08/2021,HPG,"49,400","49,800","48,950","49,800","48,950","49,283",-450,-0.91,21.90,"1,079.10",0.09,4.40,21.98,"1,083.49","218,949.57"
1261,10/08/2021,HPG,"49,700","50,100","49,400","50,500","49,100","49,759",-300,-0.60,23.32,"1,160.30",2.98,142.63,26.29,"1,302.93","220,962.38"
1262,09/08/2021,HPG,"48,400","48,100","49,700","49,700","47,950","48,840","1,300",2.69,30.42,"1,485.68",0.22,11.30,30.64,"1,496.98","222,304.26"
1263,06/08/2021,HPG,"48,800","48,600","48,400","49,100","48,300","48,692",-400,-0.82,20.10,978.80,0.10,4.82,20.20,983.62,"216,489.46"
1264,05/08/2021,HPG,"47,500","47,450","48,800","49,000","47,350","48,587","1,300",2.74,29.70,"1,443.24",0.73,33.47,30.43,"1,476.70","218,278.63"
1265,04/08/2021,HPG,"47,250","47,550","47,500","48,000","47,250","47,630",250,0.53,24.33,"1,158.81",0.25,11.90,24.58,"1,170.70","212,463.83"
1266,03/08/2021,HPG,"47,250","47,300","47,250","47,650","46,750","47,202",0,0.00,28.30,"1,335.68",0.60,28.20,28.90,"1,363.88","211,345.60"
1267,02/08/2021,HPG,"47,300","47,100","47,250","47,900","46,900","47,390",-50,-0.11,24.21,"1,147.17",0.60,27.60,24.81,"1,174.77","211,345.60"
1268,30/07/2021,HPG,"47,100","47,100","47,300","47,600","47,100","47,380",200,0.42,23.02,"1,090.52",0.58,27.28,23.59,"1,117.80","211,569.24"
1269,29/07/2021,HPG,"46,700","46,950","47,100","47,700","46,800","47,212",400,0.86,32.78,"1,547.76",0.09,3.70,32.87,"1,551.46","210,674.66"
1270,28/07/2021,HPG,"46,200","46,300","46,700","47,100","46,200","46,793",500,1.08,21.22,992.72,0.00,0.00,21.22,992.72,"208,885.49"
1271,27/07/2021,HPG,"45,600","46,000","46,200","46,800","45,700","46,349",600,1.32,18.21,843.84,0.00,0.00,18.21,843.84,"206,649.03"
1272,26/07/2021,HPG,"45,800","45,500","45,600","46,100","44,650","45,358",-200,-0.44,23.49,"1,065.24",0.88,39.33,24.37,"1,104.57","203,965.28"
1273,23/07/2021,HPG,"47,200","46,800","45,800","47,000","45,800","46,479","-1,400",-2.97,28.90,"1,343.45",1.70,79.23,30.61,"1,422.68","204,859.86"
1274,22/07/2021,HPG,"46,750","46,700","47,200","47,700","46,300","47,218",450,0.96,21.49,"1,014.93",0.00,0.00,21.49,"1,014.93","211,121.95"
1275,21/07/2021,HPG,"47,300","47,500","46,750","47,800","46,600","47,262",-550,-1.16,21.34,"1,008.37",0.00,0.00,21.34,"1,008.37","209,109.14"
1276,20/07/2021,HPG,"44,300","45,000","47,300","47,300","44,450","45,470","3,000",6.77,40.97,"1,862.69",0.57,25.23,41.54,"1,887.92","211,569.24"
1277,19/07/2021,HPG,"46,750","45,650","44,300","45,900","44,000","44,750","-2,450",-5.24,39.43,"1,764.30",0.32,14.07,39.74,"1,778.37","198,150.48"
1278,16/07/2021,HPG,"46,500","46,700","46,750","47,450","46,500","47,045",250,0.54,22.25,"1,046.93",0.16,7.30,22.41,"1,054.23","209,109.14"
1279,15/07/2021,HPG,"45,000","44,600","46,500","46,850","44,600","45,929","1,500",3.33,28.55,"1,311.12",0.87,40.37,29.42,"1,351.49","207,990.91"
1280,14/07/2021,HPG,"45,500","45,900","45,000","46,000","44,350","45,351",-500,-1.10,27.43,"1,244.01",1.31,59.33,28.74,"1,303.34","201,281.52"
1281,13/07/2021,HPG,"44,950","45,500","45,500","46,000","44,550","45,316",550,1.22,25.50,"1,155.50",1.85,83.76,27.35,"1,239.25","203,517.98"
1282,12/07/2021,HPG,"47,300","46,700","44,950","46,900","44,000","44,662","-2,350",-4.97,75.50,"3,372.00",0.73,32.03,76.23,"3,404.03","201,057.88"
1283,09/07/2021,HPG,"49,000","48,500","47,300","49,100","46,000","48,113","-1,700",-3.47,46.89,"2,256.13",0.46,22.26,47.35,"2,278.39","211,569.24"
1284,08/07/2021,HPG,"49,900","49,900","49,000","50,100","48,600","49,404",-900,-1.80,30.63,"1,513.37",0.56,28.04,31.20,"1,541.41","219,173.21"
1285,07/07/2021,HPG,"48,000","49,000","49,900","49,900","47,850","49,035","1,900",3.96,40.55,"1,988.52",2.06,102.21,42.62,"2,090.72","223,198.84"
1286,06/07/2021,HPG,"51,200","51,100","48,000","52,200","48,000","51,324","-3,200",-6.25,39.63,"2,033.78",0.20,10.00,39.83,"2,043.78","214,700.29"
1287,05/07/2021,HPG,"52,300","52,300","51,200","52,300","50,800","51,498","-1,100",-2.10,37.07,"1,908.81",4.28,225.28,41.35,"2,134.08","229,013.64"
1288,02/07/2021,HPG,"52,800","53,000","52,300","53,400","52,200","52,773",-500,-0.95,30.06,"1,586.28",0.74,36.41,30.80,"1,622.69","233,933.86"
1289,01/07/2021,HPG,"51,500","51,700","52,800","52,900","51,600","52,300","1,300",2.52,39.67,"2,074.75",1.19,59.79,40.86,"2,134.54","236,170.32"
1290,30/06/2021,HPG,"51,800","51,900","51,500","52,200","51,400","51,757",-300,-0.58,18.90,978.16,1.93,94.83,20.83,"1,072.99","230,355.52"
1291,29/06/2021,HPG,"52,400","52,500","51,800","52,600","51,700","52,168",-600,-1.15,19.83,"1,034.50",0.06,2.99,19.89,"1,037.49","231,697.40"
1292,28/06/2021,HPG,"50,700","51,300","52,400","52,500","50,800","51,825","1,700",3.35,39.16,"2,029.37",2.74,138.59,41.90,"2,167.96","234,381.15"
1293,25/06/2021,HPG,"50,600","50,700","50,700","51,200","49,800","50,361",100,0.20,26.19,"1,319.01",0.77,39.16,26.97,"1,358.17","226,777.18"
1294,24/06/2021,HPG,"51,400","51,400","50,600","51,700","50,500","51,063",-800,-1.56,19.99,"1,020.53",0.39,19.97,20.37,"1,040.50","226,329.89"
1295,23/06/2021,HPG,"51,700","51,600","51,400","51,900","51,100","51,482",-300,-0.58,18.56,955.47,0.10,4.81,18.66,960.28,"229,908.23"
1296,22/06/2021,HPG,"51,200","51,500","51,700","52,400","51,200","51,874",500,0.98,18.46,957.55,0.92,46.10,19.38,"1,003.64","231,250.10"
1297,21/06/2021,HPG,"52,100","52,000","51,200","52,500","51,200","51,720",-900,-1.73,22.61,"1,169.43",0.08,3.88,22.69,"1,173.31","229,013.64"
1298,18/06/2021,HPG,"51,400","51,900","52,100","53,300","51,400","52,203",700,1.36,28.99,"1,513.51",0.99,51.58,29.98,"1,565.09","233,039.27"
1299,17/06/2021,HPG,"51,800","50,900","51,400","51,900","50,900","51,395",-400,-0.77,20.22,"1,039.10",0.23,11.19,20.44,"1,050.29","229,908.23"
1300,16/06/2021,HPG,"53,200","52,800","51,800","53,000","51,500","52,144","-1,400",-2.63,28.93,"1,508.48",0.84,41.92,29.76,"1,550.41","231,697.40"
1301,15/06/2021,HPG,"53,600","53,000","53,200","53,600","52,700","53,094",-400,-0.75,21.71,"1,152.55",0.12,6.42,21.83,"1,158.97","237,959.49"
1302,14/06/2021,HPG,"53,100","53,500","53,600","54,300","52,800","53,786",500,0.94,28.59,"1,537.60",0.55,27.50,29.14,"1,565.10","239,748.66"
1303,11/06/2021,HPG,"51,600","52,100","53,100","53,200","51,600","52,625","1,500",2.91,29.03,"1,527.72",0.12,6.51,29.15,"1,534.24","237,512.20"
1304,10/06/2021,HPG,"50,300","50,200","51,600","52,600","50,000","51,531","1,300",2.58,29.31,"1,510.52",0.00,0.00,29.31,"1,510.52","230,802.81"
1305,09/06/2021,HPG,"50,000","49,900","50,300","51,400","49,000","50,120",300,0.60,40.96,"2,052.74",0.39,19.00,41.34,"2,071.74","224,988.01"
1306,08/06/2021,HPG,"52,700","52,300","50,000","52,900","50,000","51,451","-2,700",-5.12,38.49,"1,980.15",1.89,94.56,40.37,"2,074.71","223,646.14"
1307,07/06/2021,HPG,"54,500","54,600","52,700","55,000","52,000","53,267","-1,800",-3.30,34.65,"1,845.89",0.35,19.60,35.01,"1,865.49","174,610.00"
1308,04/06/2021,HPG,"54,300","54,500","54,500","55,300","54,300","54,629",200,0.37,31.68,"1,730.63",0.41,22.36,32.09,"1,752.98","180,573.90"
1309,03/06/2021,HPG,"54,000","54,000","54,300","54,600","53,000","53,776",300,0.56,36.97,"1,988.10",0.86,46.52,37.83,"2,034.62","179,911.25"
1310,02/06/2021,HPG,"55,500","55,000","54,000","55,500","53,000","54,616","-1,500",-2.70,40.00,"2,184.66",0.05,2.85,40.05,"2,187.51","178,917.26"
1311,01/06/2021,HPG,"52,700","54,600","55,500","56,300","54,000","55,689","2,800",5.31,33.41,"1,860.77",0.10,5.44,33.51,"1,866.21","183,887.19"
1312,31/05/2021,HPG,"49,300","52,700","52,700","52,700","51,800","52,542","3,400",6.90,60.31,"3,168.77",0.82,38.10,61.13,"3,206.86","174,610.00"
1313,28/05/2021,HPG,"66,800","67,100","67,100","67,300","66,200","66,859",300,0.45,30.14,"2,015.00",0.63,40.03,30.77,"2,055.03","222,321.27"
1314,27/05/2021,HPG,"67,800","67,700","66,800","67,800","66,200","67,137","-1,000",-1.47,19.17,"1,286.69",2.39,154.25,21.56,"1,440.94","221,327.28"
1315,26/05/2021,HPG,"67,400","67,400","67,800","67,800","67,200","67,470",400,0.59,15.49,"1,044.77",2.24,142.30,17.72,"1,187.07","224,640.56"
1316,25/05/2021,HPG,"65,400","65,300","67,400","67,800","65,200","66,388","2,000",3.06,22.69,"1,506.28",4.16,254.42,26.85,"1,760.70","223,315.25"
1317,24/05/2021,HPG,"65,600","65,600","65,400","66,100","65,000","65,546",-200,-0.30,23.59,"1,546.37",2.63,164.82,26.22,"1,711.19","216,688.69"
1318,21/05/2021,HPG,"66,600","66,100","65,600","66,400","65,400","65,913","-1,000",-1.50,22.95,"1,512.83",4.30,269.30,27.25,"1,782.13","217,351.34"
1319,20/05/2021,HPG,"66,100","66,200","66,600","66,700","65,500","66,145",500,0.76,21.55,"1,425.57",4.61,284.53,26.16,"1,710.11","220,664.63"
1320,19/05/2021,HPG,"63,400","64,000","66,100","66,700","63,500","65,330","2,700",4.26,28.41,"1,855.85",2.00,118.00,30.41,"1,973.85","219,007.98"
1321,18/05/2021,HPG,"61,900","62,500","63,400","63,700","62,500","63,290","1,500",2.42,39.15,"2,477.57",0.00,0.00,39.15,"2,477.57","210,062.12"
1322,17/05/2021,HPG,"61,400","61,400","61,900","62,400","60,600","61,505",500,0.81,34.00,"2,091.41",3.14,184.01,37.14,"2,275.42","205,092.20"
1323,14/05/2021,HPG,"61,500","62,000","61,400","62,500","61,000","61,694",-100,-0.16,31.82,"1,962.83",1.14,65.13,32.95,"2,027.96","203,435.56"
1324,13/05/2021,HPG,"62,700","62,400","61,500","63,000","61,500","62,222","-1,200",-1.91,24.65,"1,534.04",3.12,182.31,27.77,"1,716.35","203,766.88"
1325,12/05/2021,HPG,"62,000","61,600","62,700","62,700","61,300","61,761",700,1.13,29.32,"1,810.62",2.19,133.98,31.51,"1,944.60","207,742.82"
1326,11/05/2021,HPG,"63,000","63,300","62,000","63,300","62,000","62,640","-1,000",-1.59,29.57,"1,851.97",0.10,5.60,29.66,"1,857.57","205,423.52"
1327,10/05/2021,HPG,"60,800","60,800","63,000","63,300","60,800","62,872","2,200",3.62,28.16,"1,770.47",0.39,22.46,28.55,"1,792.93","208,736.81"
1328,07/05/2021,HPG,"59,400","59,200","60,800","61,500","59,100","60,475","1,400",2.36,29.55,"1,787.21",0.11,5.81,29.66,"1,793.02","201,447.59"
1329,06/05/2021,HPG,"59,300","59,300","59,400","60,300","58,800","59,555",100,0.17,21.61,"1,286.96",0.90,51.86,22.51,"1,338.82","196,808.99"
1330,05/05/2021,HPG,"59,800","60,000","59,300","60,300","59,300","59,835",-500,-0.84,24.47,"1,464.06",1.25,71.10,25.72,"1,535.16","196,477.66"
1331,04/05/2021,HPG,"58,100","57,300","59,800","60,400","57,000","58,285","1,700",2.93,33.00,"1,923.17",0.00,0.00,33.00,"1,923.17","198,134.30"
1332,29/04/2021,HPG,"56,000","56,500","58,100","58,700","56,400","57,811","2,100",3.75,27.88,"1,611.63",0.00,0.00,27.88,"1,611.63","192,501.72"
1333,28/04/2021,HPG,"56,300","56,300","56,000","56,500","55,500","56,091",-300,-0.53,15.62,876.10,0.84,45.45,16.46,921.55,"185,543.83"
1334,27/04/2021,HPG,"55,100","55,100","56,300","56,400","54,400","55,449","1,200",2.18,21.29,"1,180.76",2.23,121.36,23.52,"1,302.12","186,537.81"
1335,26/04/2021,HPG,"56,400","56,500","55,100","56,600","55,000","55,631","-1,300",-2.30,25.16,"1,399.49",0.77,40.50,25.93,"1,439.99","182,561.87"
1336,23/04/2021,HPG,"55,000","55,500","56,400","56,400","54,800","55,579","1,400",2.55,28.49,"1,583.63",0.42,24.27,28.91,"1,607.90","186,869.14"
1337,22/04/2021,HPG,"57,200","56,500","55,000","57,900","55,000","56,595","-2,200",-3.85,33.05,"1,870.44",0.04,2.15,33.09,"1,872.59","182,230.55"
1338,20/04/2021,HPG,"57,800","58,000","57,200","58,600","56,000","57,209",-600,-1.04,37.83,"2,164.16",0.51,27.89,38.34,"2,192.05","189,519.77"
1339,19/04/2021,HPG,"54,600","55,200","57,800","57,800","54,700","56,220","3,200",5.86,34.81,"1,956.92",0.02,1.10,34.83,"1,958.02","191,507.74"
1340,16/04/2021,HPG,"54,500","54,100","54,600","55,700","53,500","54,487",100,0.18,28.43,"1,549.25",0.20,10.84,28.63,"1,560.09","180,905.23"
1341,15/04/2021,HPG,"53,000","53,500","54,500","54,700","52,500","53,809","1,500",2.83,32.08,"1,726.09",0.00,0.00,32.08,"1,726.09","180,573.90"
1342,14/04/2021,HPG,"50,100","50,100","53,000","53,300","49,900","51,326","2,900",5.79,28.75,"1,475.79",0.20,10.26,28.95,"1,486.05","175,603.98"
1343,13/04/2021,HPG,"51,200","51,500","50,100","51,500","50,100","50,891","-1,100",-2.15,26.96,"1,371.86",0.00,0.00,26.96,"1,371.86","165,995.46"
1344,12/04/2021,HPG,"49,550","49,900","51,200","51,500","49,750","50,421","1,650",3.33,27.01,"1,361.89",0.10,5.16,27.11,"1,367.06","169,640.07"
1345,09/04/2021,HPG,"49,350","49,300","49,550","49,900","49,050","49,521",200,0.41,15.62,773.68,4.91,225.75,20.54,999.44,"164,173.16"
1346,08/04/2021,HPG,"49,450","49,500","49,350","49,600","49,000","49,327",-100,-0.20,11.97,590.45,0.17,8.51,12.14,598.96,"163,510.50"
1347,07/04/2021,HPG,"49,400","49,400","49,450","49,600","48,900","49,282",50,0.10,14.41,710.04,0.11,5.27,14.51,715.31,"163,841.83"
1348,06/04/2021,HPG,"49,300","49,300","49,400","49,550","49,100","49,371",100,0.20,14.03,692.84,0.50,22.93,14.53,715.76,"163,676.16"
1349,05/04/2021,HPG,"49,050","49,500","49,300","49,600","48,950","49,273",250,0.51,15.38,757.71,0.44,20.11,15.82,777.81,"163,344.84"
1350,02/04/2021,HPG,"48,500","48,800","49,050","49,300","48,600","48,993",550,1.13,16.68,817.14,0.15,6.78,16.83,823.92,"162,516.51"
1351,01/04/2021,HPG,"46,800","47,000","48,500","48,500","46,950","47,708","1,700",3.63,27.68,"1,320.66",0.54,23.68,28.22,"1,344.34","160,694.21"
1352,31/03/2021,HPG,"46,450","46,450","46,800","47,350","46,350","46,895",350,0.75,16.32,765.51,0.56,24.20,16.88,789.70,"155,061.63"
1353,30/03/2021,HPG,"46,300","46,500","46,450","46,750","46,100","46,340",150,0.32,13.33,617.89,0.50,21.60,13.83,639.49,"153,901.98"
1354,29/03/2021,HPG,"46,200","46,500","46,300","46,600","46,150","46,332",100,0.22,13.25,613.99,0.50,21.78,13.76,635.77,"153,404.99"
1355,26/03/2021,HPG,"45,000","45,500","46,200","46,200","45,050","45,692","1,200",2.67,28.11,"1,284.39",1.13,47.52,29.24,"1,331.90","153,073.66"
1356,25/03/2021,HPG,"45,450","45,700","45,000","45,750","44,800","45,386",-450,-0.99,19.93,904.51,0.45,19.13,20.38,923.63,"149,097.72"
1357,24/03/2021,HPG,"46,600","46,050","45,450","46,350","45,100","45,752","-1,150",-2.47,23.65,"1,082.19",0.31,13.99,23.97,"1,096.17","150,588.70"
1358,23/03/2021,HPG,"46,750","46,650","46,600","47,100","46,400","46,729",-150,-0.32,12.49,583.51,0.04,1.74,12.53,585.25,"154,398.97"
1359,22/03/2021,HPG,"47,150","47,300","46,750","47,450","46,700","47,019",-400,-0.85,11.05,519.46,0.13,5.75,11.18,525.21,"154,895.96"
1360,19/03/2021,HPG,"46,600","46,600","47,150","47,450","46,600","47,147",550,1.18,18.39,867.12,1.51,68.82,19.90,935.95,"156,221.28"
1361,18/03/2021,HPG,"46,300","46,700","46,600","46,750","46,350","46,506",300,0.65,11.17,519.31,2.33,104.80,13.50,624.11,"154,398.97"
1362,17/03/2021,HPG,"46,100","46,150","46,300","46,450","46,050","46,185",200,0.43,12.19,563.08,0.90,38.70,13.09,601.78,"153,404.99"
1363,16/03/2021,HPG,"46,500","46,600","46,100","46,600","45,800","46,136",-400,-0.86,14.10,650.39,3.62,159.67,17.72,810.06,"152,742.33"
1364,15/03/2021,HPG,"46,450","46,600","46,500","46,900","46,400","46,607",50,0.11,11.91,554.86,1.25,54.56,13.15,609.42,"154,067.64"
1365,12/03/2021,HPG,"46,400","46,600","46,450","46,600","46,200","46,415",50,0.11,12.15,564.12,1.67,73.33,13.82,637.45,"153,901.98"
1366,11/03/2021,HPG,"45,600","45,900","46,400","46,650","45,800","46,095",800,1.75,15.57,717.68,1.95,86.31,17.52,803.98,"153,736.32"
1367,10/03/2021,HPG,"45,850","45,850","45,600","45,850","45,150","45,447",-250,-0.55,15.77,716.81,0.49,21.12,16.26,737.93,"151,085.69"
1368,09/03/2021,HPG,"46,300","46,000","45,850","46,200","45,050","45,799",-450,-0.97,16.29,746.06,0.40,17.28,16.69,763.34,"151,914.01"
1369,08/03/2021,HPG,"46,000","46,600","46,300","46,900","46,000","46,332",300,0.65,17.78,823.67,1.31,56.92,19.08,880.59,"153,404.99"
1370,05/03/2021,HPG,"45,900","45,650","46,000","46,100","45,100","45,635",100,0.22,21.40,976.44,1.39,59.83,22.79,"1,036.27","152,411.00"
1371,04/03/2021,HPG,"46,800","46,900","45,900","46,900","45,000","45,866",-900,-1.92,27.96,"1,282.51",0.65,28.34,28.61,"1,310.85","152,079.67"
1372,03/03/2021,HPG,"46,700","46,550","46,800","47,050","46,500","46,746",100,0.21,22.26,"1,040.71",0.72,31.77,22.98,"1,072.48","155,061.63"
1373,02/03/2021,HPG,"46,200","46,800","46,700","47,100","46,200","46,755",500,1.08,23.67,"1,106.72",0.44,20.28,24.11,"1,127.00","154,730.30"
1374,01/03/2021,HPG,"45,600","46,250","46,200","46,300","45,800","46,093",600,1.32,22.00,"1,013.97",0.13,5.90,22.13,"1,019.87","153,073.66"
1375,26/02/2021,HPG,"44,150","43,700","45,600","45,700","43,600","44,735","1,450",3.28,40.93,"1,830.94",2.21,97.00,43.14,"1,927.94","151,085.69"
1376,25/02/2021,HPG,"43,600","44,000","44,150","44,400","43,650","44,058",550,1.26,21.93,966.28,0.00,0.00,21.93,966.28,"146,281.43"
1377,24/02/2021,HPG,"43,300","43,650","43,600","44,400","43,300","43,810",300,0.69,27.28,"1,195.25",0.21,9.15,27.49,"1,204.39","144,459.12"
1378,23/02/2021,HPG,"43,400","43,200","43,300","43,750","42,950","43,223",-100,-0.23,17.92,774.62,0.00,0.00,17.92,774.62,"143,465.14"
1379,22/02/2021,HPG,"43,450","43,450","43,400","44,400","43,000","43,624",-50,-0.12,21.36,931.92,0.07,2.75,21.43,934.67,"143,796.47"
1380,19/02/2021,HPG,"43,850","43,300","43,450","43,900","43,100","43,563",-400,-0.91,17.01,740.89,0.66,28.78,17.67,769.67,"143,962.13"
1381,18/02/2021,HPG,"43,450","43,400","43,850","44,000","42,950","43,481",400,0.92,21.34,928.06,0.27,11.91,21.62,939.96,"145,287.44"
1382,17/02/2021,HPG,"41,800","42,450","43,450","43,450","42,300","42,854","1,650",3.95,24.25,"1,039.34",0.02,0.84,24.27,"1,040.17","143,962.13"
1383,09/02/2021,HPG,"40,900","40,900","41,800","41,900","40,450","41,147",900,2.20,26.16,"1,076.60",0.00,0.00,26.16,"1,076.60","138,495.22"
1384,08/02/2021,HPG,"42,500","42,500","40,900","42,600","40,000","41,130","-1,600",-3.76,32.92,"1,353.93",0.35,13.86,33.27,"1,367.79","135,513.26"
1385,05/02/2021,HPG,"41,800","41,950","42,500","42,700","41,700","42,233",700,1.67,23.37,987.03,1.30,51.55,24.67,"1,038.57","140,814.51"
1386,04/02/2021,HPG,"42,000","42,000","41,800","42,200","41,550","41,871",-200,-0.48,22.25,931.76,1.02,40.12,23.28,971.88,"138,495.22"
1387,03/02/2021,HPG,"40,500","41,200","42,000","42,350","41,000","41,625","1,500",3.70,34.84,"1,450.19",0.91,36.78,35.75,"1,486.96","139,157.87"
1388,02/02/2021,HPG,"38,350","38,500","40,500","40,500","38,250","39,528","2,150",5.61,28.54,"1,128.17",1.46,57.95,30.00,"1,186.12","134,187.95"
1389,01/02/2021,HPG,"39,150","39,000","38,350","39,850","38,200","38,943",-800,-2.04,21.32,830.42,2.15,81.56,23.47,911.98,"127,064.39"
1390,29/01/2021,HPG,"37,500","37,000","39,150","39,950","37,000","38,377","1,650",4.40,40.25,"1,544.61",0.14,5.41,40.39,"1,550.02","129,715.02"
1391,28/01/2021,HPG,"40,300","37,600","37,500","39,050","37,500","37,889","-2,800",-6.95,49.93,"1,892.00",0.11,4.35,50.05,"1,896.35","124,248.10"
1392,27/01/2021,HPG,"42,300","41,400","40,300","42,400","39,500","40,956","-2,000",-4.73,28.06,"1,149.07",0.48,20.23,28.53,"1,169.29","133,525.29"
1393,26/01/2021,HPG,"43,700","43,600","42,300","43,600","41,600","42,642","-1,400",-3.20,24.10,"1,027.64",0.32,14.73,24.42,"1,042.37","140,151.86"
1394,25/01/2021,HPG,"43,650","43,250","43,700","45,450","43,100","44,226",50,0.11,33.09,"1,463.48",1.27,52.97,34.37,"1,516.45","144,790.45"
1395,22/01/2021,HPG,"44,200","44,300","43,650","44,700","43,550","44,133",-550,-1.24,14.80,653.11,0.90,39.66,15.70,692.77,"144,624.79"
1396,21/01/2021,HPG,"41,700","42,850","44,200","44,200","41,800","43,135","2,500",6.00,20.83,898.48,0.64,26.95,21.47,925.43,"146,447.09"
1397,20/01/2021,HPG,"41,600","42,000","41,700","42,950","40,000","41,483",100,0.24,37.92,"1,572.86",0.52,21.38,38.43,"1,594.24","138,163.89"
1398,19/01/2021,HPG,"44,600","44,600","41,600","44,600","41,500","42,759","-3,000",-6.73,25.78,"1,102.26",3.14,139.52,28.92,"1,241.78","137,832.56"
1399,18/01/2021,HPG,"44,500","44,500","44,600","44,850","44,250","44,547",100,0.22,18.11,806.87,1.14,51.46,19.25,858.32,"147,772.41"
1400,15/01/2021,HPG,"44,450","44,300","44,500","45,050","44,300","44,528",50,0.11,14.79,658.50,0.00,0.00,14.79,658.50,"147,441.08"
1401,14/01/2021,HPG,"44,700","44,700","44,450","44,700","43,850","44,198",-250,-0.56,17.53,774.66,0.30,13.26,17.83,787.92,"147,275.41"
1402,13/01/2021,HPG,"44,900","45,200","44,700","45,450","44,400","45,094",-200,-0.45,16.13,727.45,0.25,11.21,16.38,738.67,"148,103.73"
1403,12/01/2021,HPG,"43,050","43,200","44,900","44,900","42,900","43,850","1,850",4.30,22.74,997.11,0.10,4.39,22.84,"1,001.49","148,766.39"
1404,11/01/2021,HPG,"42,750","43,100","43,050","43,300","42,600","42,943",300,0.70,16.65,714.79,0.00,0.00,16.65,714.79,"142,636.82"
1405,08/01/2021,HPG,"42,800","42,900","42,750","43,300","42,600","42,913",-50,-0.12,19.98,857.33,0.58,24.71,20.56,882.04,"141,642.83"
1406,07/01/2021,HPG,"42,800","43,150","42,800","43,200","42,250","42,682",0,0.00,21.78,929.65,4.09,174.54,25.87,"1,104.20","141,808.50"
1407,06/01/2021,HPG,"42,350","42,500","42,800","43,300","42,300","42,736",450,1.06,17.95,767.05,1.87,78.41,19.82,845.45,"141,808.50"
1408,05/01/2021,HPG,"42,300","41,800","42,350","42,800","41,700","42,156",50,0.12,18.63,785.55,0.00,0.00,18.63,785.55,"140,317.52"
1409,04/01/2021,HPG,"41,450","42,000","42,300","43,000","41,650","42,453",850,2.05,15.83,672.14,1.59,62.41,17.42,734.55,"140,151.86"
1410,31/12/2020,HPG,"40,900","40,900","41,450","41,750","40,700","41,334",550,1.34,11.87,490.54,0.27,11.81,12.14,502.35,"137,335.57"
1420,17/12/2020,HPG,"38,800","38,400","37,650","38,650","37,650","38,105","-1,150",-2.96,30.65,"1,167.75",0.13,4.97,30.78,"1,172.71","124,745.09"
1411,30/12/2020,HPG,"41,600","41,600","40,900","41,600","40,750","41,120",-700,-1.68,21.91,900.83,0.44,18.09,22.35,918.92,"135,513.26"
1412,29/12/2020,HPG,"41,550","41,250","41,600","41,850","41,050","41,543",50,0.12,13.44,558.51,0.30,12.57,13.75,571.08,"137,832.56"
1413,28/12/2020,HPG,"40,750","41,800","41,550","41,950","41,000","41,496",800,1.96,21.02,872.45,0.33,13.63,21.36,886.08,"137,666.89"
1414,25/12/2020,HPG,"39,950","40,000","40,750","40,850","39,500","40,437",800,2.00,22.67,916.60,0.20,7.44,22.87,924.04,"135,016.27"
1415,24/12/2020,HPG,"40,000","40,600","39,950","40,800","38,600","39,639",-50,-0.13,18.51,733.62,0.31,12.14,18.81,745.77,"132,365.64"
1416,23/12/2020,HPG,"39,350","39,450","40,000","41,200","39,400","40,324",650,1.65,28.10,"1,133.00",0.06,2.30,28.15,"1,135.30","132,531.31"
1417,22/12/2020,HPG,"38,550","38,550","39,350","39,450","38,300","38,990",800,2.08,26.05,"1,015.73",0.39,15.00,26.44,"1,030.72","130,377.67"
1418,21/12/2020,HPG,"38,600","39,000","38,550","39,050","38,350","38,761",-50,-0.13,15.79,612.02,0.64,25.17,16.43,637.19,"127,727.05"
1419,18/12/2020,HPG,"37,650","38,100","38,600","38,750","37,900","38,300",950,2.52,19.96,764.35,0.16,5.44,20.11,769.79,"127,892.71"
1421,16/12/2020,HPG,"38,600","38,800","38,800","39,350","38,500","38,747",200,0.52,17.32,671.20,1.58,58.20,18.90,729.40,"128,555.37"
1422,15/12/2020,HPG,"39,250","39,050","38,600","39,150","38,500","38,804",-650,-1.66,19.58,759.86,1.02,37.32,20.60,797.18,"127,892.71"
1423,14/12/2020,HPG,"38,800","39,400","39,250","39,500","38,950","39,255",450,1.16,14.48,568.55,1.09,39.63,15.57,608.18,"130,046.34"
1424,11/12/2020,HPG,"37,600","38,000","38,800","38,800","37,700","38,185","1,200",3.19,16.64,635.45,1.32,48.23,17.96,683.68,"128,555.37"
1425,10/12/2020,HPG,"38,500","38,500","37,600","38,600","37,200","37,943",-900,-2.34,30.40,"1,153.57",12.39,448.12,42.79,"1,601.69","124,579.43"
1426,09/12/2020,HPG,"38,400","38,500","38,500","38,600","38,100","38,396",100,0.26,15.26,586.09,1.10,39.33,16.36,625.41,"127,561.38"
1427,08/12/2020,HPG,"38,200","38,200","38,400","38,800","38,000","38,393",200,0.52,20.33,780.68,0.49,19.02,20.82,799.69,"127,230.05"
1428,07/12/2020,HPG,"36,950","37,050","38,200","38,400","36,850","37,466","1,250",3.38,24.40,914.19,1.29,45.15,25.69,959.34,"126,567.40"
1429,04/12/2020,HPG,"36,850","37,050","36,950","37,250","36,700","36,962",100,0.27,17.77,656.71,1.94,67.21,19.70,723.91,"122,425.79"
1430,03/12/2020,HPG,"35,300","35,550","36,850","36,850","35,300","36,178","1,550",4.39,22.51,814.41,1.20,39.85,23.71,854.26,"122,094.47"
1431,02/12/2020,HPG,"35,600","35,600","35,300","35,650","35,100","35,379",-300,-0.84,14.64,518.07,3.10,106.10,17.74,624.17,"116,958.88"
1432,01/12/2020,HPG,"35,500","34,900","35,600","35,600","34,550","35,239",100,0.28,21.80,768.31,0.10,3.31,21.90,771.62,"117,952.86"
1433,30/11/2020,HPG,"36,250","36,250","35,500","36,400","35,500","35,821",-750,-2.07,17.46,625.41,24.31,821.08,41.77,"1,446.49","117,621.53"
1434,27/11/2020,HPG,"35,100","35,000","36,250","36,400","35,000","35,992","1,150",3.28,16.03,576.86,0.61,21.85,16.63,598.71,"120,106.50"
1435,26/11/2020,HPG,"35,600","35,100","35,100","35,400","34,300","34,703",-500,-1.40,33.16,"1,150.86",0.44,14.97,33.60,"1,165.82","116,296.22"
1436,25/11/2020,HPG,"37,500","36,800","35,600","36,900","35,200","35,769","-1,900",-5.07,55.70,"1,992.24",4.00,142.80,59.70,"2,135.04","117,952.86"
1437,24/11/2020,HPG,"37,500","37,750","37,500","38,500","36,300","37,438",0,0.00,48.94,"1,832.11",2.60,93.08,51.54,"1,925.19","124,248.10"
1438,23/11/2020,HPG,"35,700","35,700","37,500","37,850","35,500","36,572","1,800",5.04,23.68,866.07,1.07,38.69,24.75,904.76,"124,248.10"
1439,20/11/2020,HPG,"35,200","35,300","35,700","35,700","34,950","35,333",500,1.42,18.14,640.97,0.15,5.42,18.29,646.39,"118,284.19"
1440,19/11/2020,HPG,"34,600","34,700","35,200","35,500","34,450","35,018",600,1.73,26.53,929.15,0.00,0.00,26.53,929.15,"116,627.55"
1441,18/11/2020,HPG,"33,350","33,600","34,600","34,600","33,350","33,935","1,250",3.75,22.12,750.48,0.00,0.00,22.12,750.48,"114,639.58"
1442,17/11/2020,HPG,"32,250","32,500","33,350","33,350","32,400","32,884","1,100",3.41,16.23,533.67,0.00,0.00,16.23,533.67,"110,497.98"
1443,16/11/2020,HPG,"31,950","32,300","32,250","32,750","31,900","32,286",300,0.94,25.54,824.53,0.00,0.00,25.54,824.53,"106,853.37"
1444,13/11/2020,HPG,"31,450","31,500","31,950","31,950","31,450","31,725",500,1.59,12.16,385.83,0.00,0.00,12.16,385.83,"105,859.38"
1445,12/11/2020,HPG,"31,300","31,300","31,450","31,500","31,250","31,367",150,0.48,9.80,307.52,0.00,0.00,9.80,307.52,"104,202.74"
1446,11/11/2020,HPG,"31,300","31,300","31,300","31,600","31,150","31,361",0,0.00,14.56,456.76,0.00,0.00,14.56,456.76,"103,705.75"
1447,10/11/2020,HPG,"31,500","32,100","31,300","32,200","31,300","31,713",-200,-0.63,20.65,654.72,0.03,0.88,20.68,655.59,"103,705.75"
1448,09/11/2020,HPG,"30,400","30,800","31,500","31,500","30,700","31,119","1,100",3.62,18.31,569.92,0.24,7.57,18.56,577.49,"104,368.40"
1449,06/11/2020,HPG,"30,250","30,300","30,400","30,700","30,200","30,386",150,0.50,13.41,407.49,0.00,0.00,13.41,407.49,"100,723.79"
1450,05/11/2020,HPG,"30,650","30,650","30,250","30,750","30,250","30,526",-400,-1.31,11.60,354.05,0.00,0.00,11.60,354.05,"100,226.80"
1451,04/11/2020,HPG,"30,700","30,700","30,650","31,000","30,350","30,641",-50,-0.16,18.29,560.52,0.02,0.61,18.31,561.13,"101,552.11"
1452,03/11/2020,HPG,"30,600","31,000","30,700","31,300","30,550","30,906",100,0.33,17.52,541.51,0.00,0.00,17.52,541.51,"101,717.78"
1453,02/11/2020,HPG,"30,550","30,550","30,600","30,700","30,350","30,538",50,0.16,10.39,317.14,0.03,1.03,10.42,318.17,"101,386.45"
1454,30/10/2020,HPG,"30,600","30,800","30,550","30,900","29,900","30,324",-50,-0.16,19.04,577.35,0.42,12.69,19.46,590.04,"101,220.79"
1455,29/10/2020,HPG,"30,400","29,950","30,600","30,750","29,950","30,278",200,0.66,20.78,629.15,0.11,3.32,20.89,632.47,"101,386.45"
1456,28/10/2020,HPG,"31,400","31,150","30,400","31,650","30,200","30,938","-1,000",-3.18,25.66,793.97,0.00,0.00,25.66,793.97,"100,723.79"
1457,27/10/2020,HPG,"30,800","30,600","31,400","31,700","30,550","31,138",600,1.95,25.28,787.22,0.24,7.52,25.52,794.74,"104,037.08"
1458,26/10/2020,HPG,"30,900","31,000","30,800","32,000","30,700","31,218",-100,-0.32,20.36,635.51,0.05,1.53,20.41,637.04,"102,049.11"
1459,23/10/2020,HPG,"29,600","29,800","30,900","30,900","29,650","30,428","1,300",4.39,29.53,898.70,0.55,16.44,30.09,915.14,"102,380.43"
1460,22/10/2020,HPG,"29,100","29,000","29,600","29,600","28,900","29,279",500,1.72,13.07,382.73,0.14,4.25,13.22,386.98,"98,073.17"
1461,21/10/2020,HPG,"29,350","29,450","29,100","29,600","29,000","29,372",-250,-0.85,10.67,313.39,1.04,29.08,11.71,342.47,"96,416.53"
1462,20/10/2020,HPG,"28,900","28,750","29,350","29,350","28,700","28,938",450,1.56,13.32,385.43,1.11,32.19,14.43,417.62,"97,244.85"
1463,19/10/2020,HPG,"29,100","29,150","28,900","29,250","28,850","29,029",-200,-0.69,10.94,317.55,0.00,0.00,10.94,317.55,"95,753.87"
1464,16/10/2020,HPG,"29,050","29,200","29,100","29,500","28,950","29,239",50,0.17,17.32,506.39,0.00,0.00,17.32,506.39,"96,416.53"
1465,15/10/2020,HPG,"28,350","30,000","29,050","30,000","29,050","29,584",700,2.47,30.53,903.06,0.17,4.97,30.70,908.03,"96,250.86"
1466,14/10/2020,HPG,"28,000","27,950","28,350","28,350","27,800","28,048",350,1.25,14.24,399.41,2.30,64.38,16.54,463.79,"93,931.56"
1467,13/10/2020,HPG,"28,250","28,200","28,000","28,250","27,900","28,054",-250,-0.88,10.67,299.22,0.00,0.00,10.67,299.22,"92,771.91"
1468,12/10/2020,HPG,"28,500","28,650","28,250","28,750","28,050","28,395",-250,-0.88,12.26,348.09,2.00,55.60,14.26,403.69,"93,600.24"
1469,09/10/2020,HPG,"28,100","28,200","28,500","28,700","28,000","28,390",400,1.42,9.46,268.71,0.15,4.25,9.61,272.96,"94,428.56"
1470,08/10/2020,HPG,"27,800","28,000","28,100","28,100","27,700","27,880",300,1.08,18.24,508.53,2.29,63.74,20.53,572.27,"93,103.24"
1471,07/10/2020,HPG,"28,250","28,100","27,800","28,300","27,800","28,123",-450,-1.59,14.75,414.89,1.23,34.54,15.98,449.43,"92,109.26"
1472,06/10/2020,HPG,"27,350","27,450","28,250","28,250","27,200","27,780",900,3.29,23.61,655.88,0.00,0.00,23.61,655.88,"93,600.24"
1473,05/10/2020,HPG,"26,700","26,850","27,350","27,400","26,850","27,153",650,2.43,12.79,347.33,0.00,0.00,12.79,347.33,"90,618.28"
1474,02/10/2020,HPG,"27,000","27,050","26,700","27,250","26,000","26,764",-300,-1.11,20.21,540.99,0.25,6.82,20.47,547.81,"88,464.65"
1475,01/10/2020,HPG,"26,400","26,600","27,000","27,200","26,500","26,842",600,2.27,17.16,460.66,0.00,0.00,17.16,460.66,"89,458.63"
1476,30/09/2020,HPG,"26,350","26,350","26,400","26,550","26,100","26,341",50,0.19,12.99,342.05,0.00,0.00,12.99,342.05,"87,470.66"
1477,29/09/2020,HPG,"26,400","26,450","26,350","26,800","26,350","26,545",-50,-0.19,18.46,489.93,0.34,9.04,18.80,498.97,"87,305.00"
1478,28/09/2020,HPG,"25,750","25,800","26,400","26,400","25,700","26,005",650,2.52,17.57,456.99,0.28,7.22,17.85,464.20,"87,470.66"
1479,25/09/2020,HPG,"25,650","25,800","25,750","25,800","25,500","25,655",100,0.39,10.09,258.97,0.30,7.52,10.39,266.49,"85,317.03"
1480,24/09/2020,HPG,"25,800","25,700","25,650","25,900","25,500","25,705",-150,-0.58,12.44,319.65,0.00,0.00,12.44,319.65,"84,985.70"
1481,23/09/2020,HPG,"25,550","25,650","25,800","25,900","25,550","25,730",250,0.98,12.59,323.93,0.07,1.67,12.65,325.59,"85,482.69"
1482,22/09/2020,HPG,"25,700","25,500","25,550","25,700","25,400","25,547",-150,-0.58,15.29,390.51,0.17,4.42,15.46,394.93,"84,654.37"
1483,21/09/2020,HPG,"25,700","25,900","25,700","25,950","25,600","25,756",0,0.00,11.63,299.58,0.11,2.68,11.74,302.26,"85,151.36"
1484,18/09/2020,HPG,"25,400","25,550","25,700","25,700","25,500","25,585",300,1.18,12.48,319.19,0.26,6.44,12.74,325.62,"85,151.36"
1485,17/09/2020,HPG,"24,700","24,750","25,400","25,500","24,700","25,238",700,2.83,26.76,675.35,0.48,12.07,27.24,687.41,"84,157.38"
1486,16/09/2020,HPG,"24,700","24,750","24,700","24,800","24,600","24,694",0,0.00,6.89,170.07,0.10,2.64,6.99,172.71,"81,838.08"
1487,15/09/2020,HPG,"24,600","24,750","24,700","24,950","24,650","24,818",100,0.41,8.86,219.87,0.20,4.90,9.06,224.77,"81,838.08"
1488,14/09/2020,HPG,"24,450","24,500","24,600","24,750","24,500","24,597",150,0.61,12.72,312.96,0.00,0.00,12.72,312.96,"81,506.75"
1489,11/09/2020,HPG,"24,550","24,550","24,450","24,650","24,450","24,527",-100,-0.41,11.67,286.29,0.00,0.00,11.67,286.29,"81,009.76"
1490,10/09/2020,HPG,"24,500","24,700","24,550","24,850","24,500","24,604",50,0.20,12.11,297.86,2.30,56.44,14.41,354.30,"81,341.09"
1491,09/09/2020,HPG,"24,650","24,400","24,500","24,950","24,350","24,581",-150,-0.61,19.63,482.59,0.00,0.00,19.63,482.59,"81,175.43"
1492,08/09/2020,HPG,"24,500","24,600","24,650","24,700","24,450","24,544",150,0.61,12.26,300.91,0.32,7.87,12.58,308.78,"81,672.42"
1493,07/09/2020,HPG,"24,950","25,000","24,500","25,100","24,500","24,767",-450,-1.80,14.34,355.06,0.10,2.30,14.43,357.36,"81,175.43"
1494,04/09/2020,HPG,"25,000","24,650","24,950","25,100","24,650","24,899",-50,-0.20,18.82,468.62,0.30,7.60,19.13,476.22,"82,666.40"
1495,03/09/2020,HPG,"24,800","25,000","25,000","25,200","24,900","25,014",200,0.81,14.55,364.05,0.09,2.32,14.65,366.37,"82,832.07"
1496,01/09/2020,HPG,"24,550","24,550","24,800","24,950","24,450","24,751",250,1.02,16.75,414.68,0.85,20.58,17.61,435.26,"82,169.41"
1497,31/08/2020,HPG,"24,300","24,200","24,550","24,800","24,200","24,488",250,1.03,13.33,326.52,0.05,1.08,13.38,327.61,"81,341.09"
1498,28/08/2020,HPG,"24,300","24,500","24,300","24,500","24,250","24,306",0,0.00,11.60,282.04,0.00,0.00,11.60,282.04,"80,512.77"
1499,27/08/2020,HPG,"24,200","24,200","24,300","24,350","24,100","24,254",100,0.41,8.80,213.47,0.31,7.03,9.11,220.50,"80,512.77"
1500,26/08/2020,HPG,"24,550","24,500","24,200","24,550","24,200","24,328",-350,-1.43,16.33,397.20,1.09,26.37,17.42,423.57,"80,181.44"
1501,25/08/2020,HPG,"24,800","24,900","24,550","25,050","24,550","24,726",-250,-1.01,10.72,265.12,0.03,0.60,10.75,265.72,"81,341.09"
1502,24/08/2020,HPG,"24,350","24,500","24,800","24,950","24,400","24,723",450,1.85,13.93,344.49,0.74,17.99,14.67,362.48,"82,169.41"
1503,21/08/2020,HPG,"24,100","24,100","24,350","24,400","24,050","24,220",250,1.04,8.93,216.31,0.04,0.93,8.97,217.24,"80,678.43"
1504,20/08/2020,HPG,"24,250","24,250","24,100","24,350","24,000","24,138",-150,-0.62,9.69,233.78,0.70,16.83,10.38,250.61,"79,850.11"
1505,19/08/2020,HPG,"24,150","24,200","24,250","24,400","24,100","24,278",100,0.41,9.27,224.99,0.14,3.44,9.41,228.43,"80,347.10"
1506,18/08/2020,HPG,"24,300","24,400","24,150","24,400","24,100","24,250",-150,-0.62,5.13,124.42,0.53,12.95,5.66,137.36,"80,015.78"
1507,17/08/2020,HPG,"24,100","24,050","24,300","24,300","23,950","24,098",200,0.83,8.43,203.11,0.06,1.44,8.49,204.55,"80,512.77"
1508,14/08/2020,HPG,"24,500","24,500","24,100","24,600","23,900","24,264",-400,-1.63,15.36,372.60,0.00,0.00,15.36,372.60,"79,850.11"
1509,13/08/2020,HPG,"24,300","24,500","24,500","24,600","24,300","24,444",200,0.82,7.56,184.87,0.30,7.80,7.86,192.67,"81,175.43"
1510,12/08/2020,HPG,"24,250","24,300","24,300","24,500","24,100","24,261",50,0.21,8.83,214.16,0.14,3.55,8.97,217.71,"80,512.77"
1511,11/08/2020,HPG,"24,300","24,400","24,250","24,550","24,100","24,257",-50,-0.21,9.68,234.71,0.10,2.50,9.78,237.21,"80,347.10"
1512,10/08/2020,HPG,"24,200","24,450","24,300","24,750","24,300","24,570",100,0.41,14.14,347.52,1.32,31.82,15.47,379.34,"67,094.10"
1513,07/08/2020,HPG,"24,050","24,000","24,200","24,300","23,950","24,148",150,0.62,12.16,293.69,0.00,0.00,12.16,293.69,"66,817.99"
1514,06/08/2020,HPG,"24,100","24,100","24,050","24,400","23,800","24,105",-50,-0.21,13.74,331.31,0.04,0.92,13.78,332.23,"66,403.83"
1515,05/08/2020,HPG,"23,000","23,000","24,100","24,350","22,900","23,801","1,100",4.78,25.91,616.76,0.94,20.67,26.85,637.43,"66,541.89"
1516,04/08/2020,HPG,"22,900","23,200","23,000","23,300","22,800","23,043",100,0.44,11.09,255.46,0.30,6.91,11.39,262.37,"63,504.70"
1517,03/08/2020,HPG,"21,700","21,700","22,900","23,000","21,700","22,514","1,200",5.53,16.90,380.40,0.34,7.19,17.23,387.59,"63,228.60"
1518,31/07/2020,HPG,"22,100","21,450","21,700","22,050","21,450","21,795",-400,-1.81,7.66,166.87,0.04,0.92,7.70,167.79,"59,915.31"
1519,30/07/2020,HPG,"21,750","21,900","22,100","22,300","21,850","22,043",350,1.61,11.36,250.35,0.14,2.98,11.49,253.33,"61,019.74"
1520,29/07/2020,HPG,"22,400","22,300","21,750","22,800","21,150","21,908",-650,-2.90,18.54,406.28,0.20,4.35,18.74,410.63,"60,053.36"
1521,28/07/2020,HPG,"25,950","26,500","27,350","27,500","26,200","26,886","1,400",5.39,14.12,379.61,0.06,1.56,14.18,381.17,"75,515.38"
1522,27/07/2020,HPG,"26,850","26,050","25,950","27,150","25,800","26,301",-900,-3.35,18.39,483.66,0.05,1.22,18.43,484.88,"71,649.87"
1523,24/07/2020,HPG,"28,200","28,000","26,850","28,050","26,300","27,324","-1,350",-4.79,21.29,581.69,0.00,0.00,21.29,581.69,"74,134.84"
1524,23/07/2020,HPG,"28,100","28,100","28,200","28,200","27,700","27,909",100,0.36,10.18,284.03,0.00,0.00,10.18,284.03,"77,862.29"
1525,22/07/2020,HPG,"28,100","28,300","28,100","28,400","27,950","28,113",0,0.00,7.46,209.77,0.00,0.00,7.46,209.77,"77,586.18"
1526,21/07/2020,HPG,"28,000","28,100","28,100","28,250","27,800","27,981",100,0.36,11.72,328.07,0.49,13.81,12.22,341.87,"77,586.18"
1527,20/07/2020,HPG,"28,550","28,500","28,000","28,700","28,000","28,312",-550,-1.93,11.60,328.49,0.52,14.71,12.12,343.20,"77,310.08"
1528,17/07/2020,HPG,"28,600","28,700","28,550","28,750","28,550","28,640",-50,-0.17,6.76,193.59,0.07,2.12,6.83,195.70,"78,828.67"
1529,16/07/2020,HPG,"28,050","28,200","28,600","28,900","27,950","28,495",550,1.96,17.92,510.53,1.01,28.76,18.93,539.30,"78,966.72"
1530,15/07/2020,HPG,"27,900","28,200","28,050","28,400","28,050","28,196",150,0.54,6.56,185.00,0.02,0.57,6.58,185.56,"77,448.13"
1531,14/07/2020,HPG,"27,650","27,450","27,900","27,950","27,400","27,753",250,0.90,5.76,159.78,0.00,0.00,5.76,159.78,"77,033.97"
1532,13/07/2020,HPG,"27,750","27,550","27,650","27,850","27,250","27,605",-100,-0.36,14.70,405.86,0.30,8.28,15.00,414.14,"76,343.70"
1533,10/07/2020,HPG,"28,150","28,000","27,750","28,250","27,600","27,922",-400,-1.42,14.46,403.68,1.10,32.27,15.55,435.95,"76,619.81"
1534,09/07/2020,HPG,"28,050","28,100","28,150","28,300","27,950","28,155",100,0.36,7.59,213.65,0.20,5.63,7.79,219.28,"77,724.24"
1535,08/07/2020,HPG,"28,350","28,150","28,050","28,450","27,900","28,115",-300,-1.06,9.16,257.42,0.00,0.00,9.16,257.42,"77,448.13"
1536,07/07/2020,HPG,"27,600","27,750","28,350","28,900","27,700","28,412",750,2.72,28.05,796.91,0.62,17.83,28.67,814.74,"78,276.45"
1537,06/07/2020,HPG,"27,500","27,700","27,600","27,750","27,450","27,591",100,0.36,9.76,269.42,0.02,0.55,9.78,269.97,"76,205.65"
1538,03/07/2020,HPG,"27,600","27,700","27,500","27,750","27,400","27,562",-100,-0.36,8.11,223.57,0.52,14.62,8.63,238.19,"75,929.54"
1539,02/07/2020,HPG,"27,400","27,500","27,600","27,750","27,400","27,578",200,0.73,13.00,358.53,0.00,0.00,13.00,358.53,"76,205.65"
1540,01/07/2020,HPG,"26,800","27,000","27,400","27,500","26,900","27,267",600,2.24,10.84,295.66,0.64,17.58,11.48,313.24,"75,653.43"
1541,30/06/2020,HPG,"26,650","26,800","26,800","27,400","26,550","26,942",150,0.56,14.83,399.45,0.60,16.54,15.43,415.99,"73,996.79"
1542,29/06/2020,HPG,"27,200","26,900","26,650","27,000","26,250","26,611",-550,-2.02,12.38,329.39,0.00,0.00,12.38,329.39,"73,582.63"
1543,26/06/2020,HPG,"27,300","27,400","27,200","27,600","27,000","27,333",-100,-0.37,9.36,255.94,0.00,0.00,9.36,255.94,"75,101.22"
1544,25/06/2020,HPG,"27,000","26,700","27,300","27,800","26,550","27,343",300,1.11,24.41,667.45,0.34,8.84,24.75,676.29,"75,377.32"
1545,24/06/2020,HPG,"27,000","27,000","27,000","27,350","26,800","27,017",0,0.00,6.52,176.07,0.08,2.16,6.59,178.23,"74,549.00"
1546,23/06/2020,HPG,"27,300","27,300","27,000","27,700","26,750","27,235",-300,-1.10,11.38,310.01,0.58,15.45,11.96,325.46,"74,549.00"
1547,22/06/2020,HPG,"27,350","27,400","27,300","27,800","26,950","27,376",-50,-0.18,9.73,266.37,0.00,0.00,9.73,266.37,"75,377.32"
1548,19/06/2020,HPG,"26,800","27,000","27,350","27,350","27,000","27,161",550,2.05,10.53,286.08,0.00,0.00,10.53,286.08,"75,515.38"
1549,18/06/2020,HPG,"26,250","25,950","26,800","26,850","25,850","26,529",550,2.10,9.06,240.22,0.00,0.00,9.06,240.22,"73,996.79"
1550,17/06/2020,HPG,"26,200","26,200","26,250","26,450","25,900","26,146",50,0.19,7.07,184.75,0.13,3.64,7.20,188.38,"72,478.20"
1551,16/06/2020,HPG,"25,400","26,000","26,200","26,400","25,650","26,068",800,3.15,9.02,235.25,0.07,1.89,9.09,237.14,"72,340.14"
1552,15/06/2020,HPG,"26,500","26,300","25,400","26,500","25,350","25,808","-1,100",-4.15,11.33,292.48,0.02,0.49,11.35,292.97,"70,131.28"
1553,12/06/2020,HPG,"25,500","24,500","26,500","26,500","24,500","25,332","1,000",3.92,18.88,478.29,2.36,56.05,21.24,534.34,"73,168.46"
1554,11/06/2020,HPG,"27,000","26,850","25,500","27,150","25,500","26,312","-1,500",-5.56,22.87,601.84,0.09,2.30,22.96,604.14,"70,407.39"
1555,10/06/2020,HPG,"27,100","27,000","27,000","27,400","26,650","26,940",-100,-0.37,9.87,265.94,0.04,1.19,9.91,267.13,"74,549.00"
1556,09/06/2020,HPG,"27,700","27,950","27,100","28,000","26,950","27,349",-600,-2.17,18.69,511.25,0.00,0.00,18.69,511.25,"74,825.11"
1557,08/06/2020,HPG,"27,050","27,500","27,700","28,100","27,300","27,725",650,2.40,17.14,475.35,0.30,8.15,17.44,483.50,"76,481.75"
1558,05/06/2020,HPG,"26,600","26,500","27,050","27,300","26,200","26,866",450,1.69,13.53,363.56,0.15,3.90,13.68,367.46,"74,687.05"
1559,04/06/2020,HPG,"26,950","27,000","26,600","27,400","26,600","26,895",-350,-1.30,13.49,362.77,1.04,29.95,14.53,392.72,"73,444.57"
1560,03/06/2020,HPG,"27,050","27,050","26,950","27,200","26,600","26,896",-100,-0.37,12.02,323.24,0.04,1.18,12.06,324.42,"74,410.95"
1561,02/06/2020,HPG,"27,650","27,800","27,050","27,800","26,950","27,298",-600,-2.17,11.49,313.63,0.00,0.00,11.49,313.63,"74,687.05"
1562,01/06/2020,HPG,"27,400","27,800","27,650","27,800","27,450","27,636",250,0.91,8.02,221.72,0.00,0.00,8.02,221.72,"76,343.70"
1563,29/05/2020,HPG,"27,200","27,300","27,400","27,700","27,000","27,416",200,0.74,12.58,344.91,0.64,17.49,13.22,362.40,"75,653.43"
1564,28/05/2020,HPG,"27,200","27,500","27,200","27,600","26,900","27,271",0,0.00,14.49,395.05,0.10,2.60,14.59,397.65,"75,101.22"
1565,27/05/2020,HPG,"28,400","28,600","27,200","28,600","27,200","27,986","-1,200",-4.23,19.78,553.54,0.49,13.76,20.27,567.30,"75,101.22"
1566,26/05/2020,HPG,"27,300","27,350","28,400","28,400","27,300","27,880","1,100",4.03,11.50,320.71,0.20,5.61,11.70,326.33,"78,414.50"
1567,25/05/2020,HPG,"27,250","27,500","27,300","27,800","27,150","27,441",50,0.18,11.17,306.49,0.07,1.92,11.24,308.41,"75,377.32"
1568,22/05/2020,HPG,"26,500","26,350","27,250","27,450","26,250","26,835",750,2.83,16.25,436.15,1.78,47.85,18.04,483.99,"75,239.27"
1569,21/05/2020,HPG,"26,450","26,350","26,500","26,550","26,100","26,313",50,0.19,11.21,295.07,0.30,7.89,11.51,302.96,"73,168.46"
1570,20/05/2020,HPG,"26,150","26,000","26,450","26,600","25,650","26,229",300,1.15,11.58,303.85,0.26,6.92,11.85,310.77,"73,030.41"
1571,19/05/2020,HPG,"25,100","26,400","26,150","26,850","26,050","26,513","1,050",4.18,18.84,499.58,0.49,12.76,19.33,512.34,"72,202.09"
1572,18/05/2020,HPG,"23,500","24,450","25,100","25,100","24,000","24,754","1,600",6.81,13.49,333.97,0.85,21.08,14.34,355.05,"69,302.96"
1573,15/05/2020,HPG,"23,950","23,950","23,500","24,050","23,400","23,662",-450,-1.88,7.93,187.69,1.45,34.19,9.38,221.88,"64,885.24"
1574,14/05/2020,HPG,"24,100","23,800","23,950","24,100","23,700","23,915",-150,-0.62,6.52,155.86,0.10,2.31,6.62,158.17,"66,127.73"
1575,13/05/2020,HPG,"23,650","23,450","24,100","24,200","23,300","23,867",450,1.90,9.61,229.32,0.34,7.99,9.95,237.31,"66,541.89"
1576,12/05/2020,HPG,"23,950","23,650","23,650","23,900","23,400","23,657",-300,-1.25,10.53,249.05,0.38,8.94,10.91,258.00,"65,299.40"
1577,11/05/2020,HPG,"23,400","23,950","23,950","24,100","23,300","23,797",550,2.35,7.22,171.82,0.10,2.28,7.32,174.10,"66,127.73"
1578,08/05/2020,HPG,"23,600","23,800","23,400","24,150","23,400","23,764",-200,-0.85,12.48,296.68,0.32,7.65,12.81,304.33,"64,609.13"
1579,07/05/2020,HPG,"22,200","22,300","23,600","23,600","22,300","23,085","1,400",6.31,14.73,340.12,0.60,13.85,15.34,353.97,"65,161.35"
1580,06/05/2020,HPG,"21,400","21,550","22,200","22,200","21,500","21,895",800,3.74,7.62,166.86,0.69,15.12,8.31,181.98,"61,295.85"
1581,05/05/2020,HPG,"21,000","21,400","21,400","21,650","21,300","21,466",400,1.90,5.89,126.53,0.00,0.00,5.89,126.53,"59,086.99"
1582,04/05/2020,HPG,"21,500","21,500","21,000","21,550","21,000","21,205",-500,-2.33,4.83,102.52,0.00,0.00,4.83,102.52,"57,982.56"
1583,29/04/2020,HPG,"21,400","21,500","21,500","21,700","21,000","21,412",100,0.47,7.45,159.46,0.00,0.00,7.45,159.46,"59,363.09"
1584,28/04/2020,HPG,"21,950","22,000","21,400","22,100","21,250","21,540",-550,-2.51,7.69,165.58,0.07,1.43,7.76,167.01,"59,086.99"
1585,27/04/2020,HPG,"22,100","22,250","21,950","22,600","21,850","22,219",-150,-0.68,6.64,147.45,0.86,18.77,7.50,166.22,"60,605.58"
1586,24/04/2020,HPG,"21,600","21,700","22,100","22,200","21,300","21,888",500,2.31,8.30,181.70,0.22,4.78,8.52,186.48,"61,019.74"
1587,23/04/2020,HPG,"20,800","21,300","21,600","21,950","21,300","21,642",800,3.85,8.35,180.62,0.17,3.34,8.52,183.95,"59,639.20"
1588,22/04/2020,HPG,"20,200","20,500","20,800","21,300","20,300","20,785",600,2.97,11.04,229.44,0.28,5.78,11.32,235.21,"57,430.34"
1589,21/04/2020,HPG,"21,200","20,750","20,200","21,250","20,150","20,674","-1,000",-4.72,11.93,246.74,0.50,10.33,12.43,257.07,"55,773.70"
1590,20/04/2020,HPG,"20,700","21,000","21,200","21,500","20,550","21,051",500,2.42,9.42,198.36,0.00,0.00,9.42,198.36,"58,534.77"
1591,17/04/2020,HPG,"20,250","20,250","20,700","20,800","20,200","20,542",450,2.22,8.82,181.16,0.17,3.46,8.99,184.62,"57,154.23"
1592,16/04/2020,HPG,"20,100","19,950","20,250","20,400","19,750","20,025",150,0.75,6.67,133.48,0.13,2.57,6.79,136.05,"55,911.75"
1593,15/04/2020,HPG,"19,950","20,000","20,100","20,300","19,950","20,146",150,0.75,5.96,120.08,0.00,0.00,5.96,120.08,"55,497.59"
1594,14/04/2020,HPG,"19,350","19,300","19,950","19,950","19,200","19,541",600,3.10,8.74,170.89,0.00,0.00,8.74,170.89,"55,083.43"
1595,13/04/2020,HPG,"18,800","18,800","19,350","19,500","18,700","19,152",550,2.93,9.04,173.13,0.26,5.01,9.30,178.13,"53,426.78"
1596,10/04/2020,HPG,"18,550","18,500","18,800","19,000","18,300","18,661",250,1.35,5.56,103.73,0.50,8.65,6.06,112.38,"51,908.19"
1597,09/04/2020,HPG,"18,700","18,800","18,550","19,000","18,550","18,777",-150,-0.80,7.13,133.97,0.00,0.00,7.13,133.97,"51,217.92"
1598,08/04/2020,HPG,"19,000","18,400","18,700","18,800","18,300","18,528",-300,-1.58,5.11,94.62,0.00,0.00,5.11,94.62,"51,632.09"
1599,07/04/2020,HPG,"18,850","19,050","19,000","19,100","18,250","18,782",150,0.80,7.66,143.78,0.03,0.56,7.68,144.34,"52,460.41"
1600,06/04/2020,HPG,"17,650","18,150","18,850","18,850","17,900","18,433","1,200",6.80,10.21,188.16,0.30,5.66,10.51,193.81,"52,046.25"
1601,03/04/2020,HPG,"17,250","17,250","17,650","17,700","17,200","17,517",400,2.32,6.50,113.92,0.00,0.00,6.50,113.92,"48,732.96"
1602,01/04/2020,HPG,"16,850","16,700","17,250","17,500","16,650","17,192",400,2.37,4.86,83.55,1.08,18.32,5.94,101.87,"47,628.53"
1603,31/03/2020,HPG,"16,350","16,350","16,850","17,350","15,250","16,751",500,3.06,11.16,187.00,0.22,3.68,11.38,190.68,"46,524.10"
1604,30/03/2020,HPG,"16,200","15,300","16,350","16,700","15,250","15,889",150,0.93,10.87,172.72,0.30,4.84,11.17,177.55,"45,143.56"
1605,27/03/2020,HPG,"16,950","16,900","16,200","17,000","15,800","16,482",-750,-4.42,13.44,221.56,0.00,0.00,13.44,221.56,"44,729.40"
1606,26/03/2020,HPG,"17,800","17,550","16,950","17,600","16,900","17,270",-850,-4.78,8.51,147.05,1.08,18.93,9.59,165.98,"46,800.21"
1607,25/03/2020,HPG,"17,100","17,850","17,800","17,850","17,400","17,661",700,4.09,7.76,137.01,0.00,0.00,7.76,137.01,"49,147.12"
1608,24/03/2020,HPG,"17,300","17,000","17,100","17,350","16,650","17,014",-200,-1.16,13.83,235.33,0.33,5.30,14.16,240.63,"47,214.37"
1609,23/03/2020,HPG,"18,600","17,400","17,300","18,000","17,300","17,334","-1,300",-6.99,12.95,224.42,0.07,1.32,13.02,225.74,"47,766.58"
1610,20/03/2020,HPG,"19,150","19,250","18,600","19,300","18,600","18,973",-550,-2.87,13.40,254.26,0.00,0.00,13.40,254.26,"51,355.98"
1611,19/03/2020,HPG,"19,700","19,400","19,150","19,500","18,900","19,116",-550,-2.79,7.77,148.60,0.16,3.01,7.93,151.61,"52,874.57"
1612,18/03/2020,HPG,"19,200","19,400","19,700","20,100","19,350","19,721",500,2.60,10.40,205.03,1.27,24.75,11.67,229.78,"54,393.16"
1613,17/03/2020,HPG,"19,100","18,600","19,200","19,300","18,600","19,052",100,0.52,6.05,115.33,0.80,15.28,6.85,130.61,"53,012.62"
1614,16/03/2020,HPG,"19,050","19,200","19,100","19,850","18,950","19,350",50,0.26,9.28,179.64,0.98,19.10,10.26,198.74,"52,736.52"
1615,13/03/2020,HPG,"19,250","18,050","19,050","19,700","17,950","18,371",-200,-1.04,12.84,235.83,1.13,21.40,13.97,257.23,"52,598.46"
1616,12/03/2020,HPG,"20,550","19,550","19,250","19,800","19,150","19,258","-1,300",-6.33,13.04,251.14,2.11,40.47,15.15,291.61,"53,150.68"
1617,11/03/2020,HPG,"21,650","21,700","20,550","21,800","20,150","20,871","-1,100",-5.08,8.53,177.98,0.68,14.64,9.20,192.62,"56,740.07"
1618,10/03/2020,HPG,"20,850","20,500","21,650","21,750","20,500","21,287",800,3.84,8.14,173.23,0.00,0.00,8.14,173.23,"59,777.25"
1619,09/03/2020,HPG,"22,400","20,850","20,850","21,550","20,850","21,082","-1,550",-6.92,16.57,349.28,0.56,11.76,17.13,361.04,"57,568.40"
1620,06/03/2020,HPG,"22,350","22,350","22,400","22,450","22,250","22,345",50,0.22,3.04,67.83,0.24,5.35,3.27,73.18,"61,848.06"
1621,05/03/2020,HPG,"22,350","22,600","22,350","22,650","22,350","22,471",0,0.00,2.59,58.31,0.00,0.00,2.59,58.31,"61,710.01"
1622,04/03/2020,HPG,"22,300","22,400","22,350","22,600","22,350","22,445",50,0.22,2.95,66.13,0.00,0.00,2.95,66.13,"61,710.01"
1623,03/03/2020,HPG,"22,300","22,800","22,300","22,800","22,300","22,433",0,0.00,4.41,98.97,0.00,0.00,4.41,98.97,"61,571.95"
1624,02/03/2020,HPG,"22,350","22,200","22,300","22,500","22,200","22,320",-50,-0.22,3.96,88.33,0.40,9.03,4.35,97.37,"61,571.95"
1625,28/02/2020,HPG,"22,950","22,550","22,350","22,800","22,250","22,443",-600,-2.61,6.58,147.77,0.22,5.01,6.80,152.78,"61,710.01"
1626,27/02/2020,HPG,"22,750","22,700","22,950","23,050","22,700","22,938",200,0.88,3.32,76.11,1.12,25.82,4.44,101.93,"63,366.65"
1627,26/02/2020,HPG,"23,100","22,750","22,750","23,000","22,700","22,814",-350,-1.52,4.50,102.73,0.00,0.00,4.50,102.73,"62,814.44"
1628,25/02/2020,HPG,"22,700","22,600","23,100","23,100","22,600","22,885",400,1.76,5.30,121.38,0.22,5.01,5.52,126.39,"63,780.81"
1629,24/02/2020,HPG,"23,550","22,750","22,700","23,150","22,700","22,890",-850,-3.61,12.94,296.15,0.30,6.68,13.24,302.83,"62,676.38"
1630,21/02/2020,HPG,"23,750","23,750","23,550","23,800","23,500","23,625",-200,-0.84,4.51,106.64,0.12,3.05,4.63,109.69,"65,023.30"
1631,20/02/2020,HPG,"23,250","23,450","23,750","23,750","23,250","23,473",500,2.15,5.23,122.65,0.20,4.90,5.43,127.55,"65,575.51"
1632,19/02/2020,HPG,"23,300","23,300","23,250","23,450","23,100","23,257",-50,-0.21,5.48,127.49,2.52,57.82,8.00,185.31,"64,194.97"
1633,18/02/2020,HPG,"23,750","23,850","23,300","23,850","23,300","23,501",-450,-1.89,7.46,175.23,0.10,2.35,7.56,177.58,"64,333.03"
1634,17/02/2020,HPG,"23,700","23,700","23,750","23,850","23,600","23,737",50,0.21,2.72,64.49,0.03,0.60,2.74,65.08,"65,575.51"
1635,14/02/2020,HPG,"23,700","23,600","23,700","23,750","23,350","23,610",0,0.00,5.05,119.28,2.65,61.22,7.70,180.50,"65,437.46"
1636,13/02/2020,HPG,"23,800","23,750","23,700","23,900","23,600","23,718",-100,-0.42,5.26,124.83,1.22,27.84,6.49,152.67,"65,437.46"
1637,12/02/2020,HPG,"23,600","23,500","23,800","24,150","23,450","23,824",200,0.85,9.58,228.28,0.27,6.34,9.85,234.61,"65,713.56"
1638,11/02/2020,HPG,"24,350","24,450","23,600","24,600","23,450","23,968",-750,-3.08,12.55,300.83,0.10,2.40,12.65,303.23,"65,161.35"
1639,10/02/2020,HPG,"24,350","24,000","24,350","24,650","23,950","24,356",0,0.00,4.79,116.78,0.99,24.27,5.78,141.05,"67,232.15"
1640,07/02/2020,HPG,"25,200","25,200","24,350","25,300","24,200","24,698",-850,-3.37,8.12,200.56,0.03,0.63,8.15,201.19,"67,232.15"
1641,06/02/2020,HPG,"24,450","24,350","25,200","25,200","24,300","24,909",750,3.07,9.21,229.51,0.22,5.43,9.43,234.94,"69,579.07"
1642,05/02/2020,HPG,"24,600","24,850","24,450","25,000","24,200","24,598",-150,-0.61,6.94,170.68,1.01,25.05,7.95,195.73,"67,508.26"
1643,04/02/2020,HPG,"24,550","24,650","24,600","24,800","24,100","24,590",50,0.20,8.09,198.83,3.59,88.19,11.67,287.02,"67,922.42"
1644,03/02/2020,HPG,"24,100","23,300","24,550","24,800","22,700","23,605",450,1.87,12.08,285.12,0.50,12.05,12.58,297.17,"67,784.37"
1645,31/01/2020,HPG,"25,300","25,000","24,100","25,300","24,100","24,807","-1,200",-4.74,10.99,272.75,0.23,5.33,11.22,278.08,"66,541.89"
1646,30/01/2020,HPG,"26,300","25,550","25,300","25,900","24,950","25,432","-1,000",-3.80,13.03,331.35,0.53,13.31,13.55,344.67,"69,855.18"
1647,22/01/2020,HPG,"25,850","25,850","26,300","26,400","25,850","26,162",450,1.74,8.92,233.36,0.74,19.36,9.66,252.72,"72,616.25"
1648,21/01/2020,HPG,"25,500","25,750","25,850","26,000","25,550","25,787",350,1.37,5.91,152.44,0.47,12.13,6.39,164.57,"71,373.77"
1649,20/01/2020,HPG,"25,000","25,000","25,500","25,500","24,700","25,083",500,2.00,5.71,143.27,0.55,13.61,6.26,156.88,"70,407.39"
1650,17/01/2020,HPG,"25,300","25,300","25,000","25,650","24,900","25,276",-300,-1.19,6.33,159.97,0.45,11.37,6.78,171.35,"69,026.85"
1651,16/01/2020,HPG,"25,150","25,000","25,300","25,350","24,950","25,141",150,0.60,6.86,172.34,1.14,28.71,8.00,201.05,"69,855.18"
1652,15/01/2020,HPG,"25,000","25,050","25,150","25,350","24,900","25,178",150,0.60,5.88,148.08,0.77,19.37,6.65,167.45,"69,441.01"
1653,14/01/2020,HPG,"24,250","24,250","25,000","25,050","24,200","24,741",750,3.09,9.57,236.66,0.35,8.44,9.91,245.10,"69,026.85"
1654,13/01/2020,HPG,"24,200","24,200","24,250","24,400","24,100","24,250",50,0.21,4.46,108.07,1.30,31.45,5.75,139.52,"66,956.05"
1655,10/01/2020,HPG,"24,000","24,100","24,200","24,550","24,050","24,366",200,0.83,10.01,243.81,0.64,14.84,10.65,258.65,"66,817.99"
1656,09/01/2020,HPG,"23,450","23,600","24,000","24,150","23,600","23,893",550,2.35,4.61,110.23,0.11,2.63,4.72,112.86,"66,265.78"
1657,08/01/2020,HPG,"23,700","23,500","23,450","23,650","23,150","23,441",-250,-1.05,6.42,150.51,0.16,3.71,6.58,154.22,"64,747.19"
1658,07/01/2020,HPG,"24,000","24,100","23,700","24,200","23,600","23,858",-300,-1.25,4.87,116.22,0.50,11.93,5.37,128.14,"65,437.46"
1659,06/01/2020,HPG,"24,150","24,000","24,000","24,250","23,850","24,028",-150,-0.62,5.37,129.05,0.00,0.00,5.37,129.05,"66,265.78"
1660,03/01/2020,HPG,"24,000","24,200","24,150","24,350","24,050","24,175",150,0.63,7.83,189.35,0.00,0.00,7.83,189.35,"66,679.94"
1661,02/01/2020,HPG,"23,500","23,500","24,000","24,000","23,350","23,774",500,2.13,4.23,100.62,0.00,0.00,4.23,100.62,"66,265.78"
1662,31/12/2019,HPG,"23,650","23,650","23,500","23,700","23,350","23,502",-150,-0.63,2.88,67.61,0.40,8.87,3.27,76.48,"64,885.24"
1663,30/12/2019,HPG,"23,550","23,650","23,650","23,850","23,500","23,634",100,0.42,2.94,69.44,0.42,9.99,3.36,79.42,"65,299.40"
1664,27/12/2019,HPG,"23,000","23,000","23,550","23,550","22,850","23,221",550,2.39,4.18,97.10,0.28,6.48,4.46,103.58,"65,023.30"
1665,26/12/2019,HPG,"23,150","23,300","23,000","23,300","23,000","23,118",-150,-0.65,3.01,69.53,0.38,8.78,3.39,78.31,"63,504.70"
1666,25/12/2019,HPG,"23,200","23,200","23,150","23,400","23,150","23,258",-50,-0.22,2.38,55.33,0.90,19.44,3.28,74.77,"63,918.87"
1667,24/12/2019,HPG,"23,050","23,050","23,200","23,300","22,950","23,147",150,0.65,3.22,74.53,0.94,21.63,4.16,96.16,"64,056.92"
1668,23/12/2019,HPG,"23,000","23,150","23,050","23,500","22,950","23,238",50,0.22,4.01,93.16,0.00,0.00,4.01,93.16,"63,642.76"
1669,20/12/2019,HPG,"22,800","22,950","23,000","23,250","22,800","23,041",200,0.88,5.42,124.77,1.67,39.28,7.09,164.05,"63,504.70"
1670,19/12/2019,HPG,"22,550","22,550","22,800","23,100","22,550","22,934",250,1.11,5.75,131.94,6.12,140.17,11.87,272.10,"62,952.49"
1671,18/12/2019,HPG,"23,150","23,150","22,550","23,150","22,500","22,842",-600,-2.59,7.59,173.30,1.59,35.93,9.18,209.23,"62,262.22"
1672,17/12/2019,HPG,"23,750","23,750","23,150","23,850","22,900","23,363",-600,-2.53,9.87,230.51,1.70,40.27,11.56,270.78,"63,918.87"
1673,16/12/2019,HPG,"23,800","23,800","23,750","23,900","23,550","23,758",-50,-0.21,5.12,121.65,2.04,48.60,7.16,170.25,"65,575.51"
1674,13/12/2019,HPG,"24,200","24,200","23,800","24,500","23,800","24,173",-400,-1.65,9.48,229.08,0.00,0.00,9.48,229.08,"65,713.56"
1675,12/12/2019,HPG,"24,400","24,300","24,200","24,400","24,100","24,194",-200,-0.82,4.15,100.45,0.30,7.26,4.45,107.71,"66,817.99"
1676,11/12/2019,HPG,"24,400","24,300","24,400","24,400","23,900","24,114",0,0.00,5.40,130.29,0.22,5.23,5.62,135.52,"67,370.21"
1677,10/12/2019,HPG,"24,200","24,200","24,400","24,550","24,100","24,332",200,0.83,10.16,247.24,0.18,4.27,10.34,251.52,"67,370.21"
1678,09/12/2019,HPG,"23,850","23,850","24,200","24,450","23,850","24,196",350,1.47,7.90,191.20,0.50,11.85,8.40,203.05,"66,817.99"
1679,06/12/2019,HPG,"23,100","23,100","23,850","23,900","23,100","23,611",750,3.25,7.13,168.28,0.10,2.07,7.22,170.35,"65,851.62"
1680,05/12/2019,HPG,"23,450","23,350","23,100","23,450","23,050","23,251",-350,-1.49,5.18,120.49,0.09,1.86,5.27,122.35,"63,780.81"
1681,04/12/2019,HPG,"23,450","23,400","23,450","23,600","23,350","23,478",0,0.00,4.91,115.36,1.20,28.12,6.12,143.49,"64,747.19"
1682,03/12/2019,HPG,"22,950","22,950","23,450","23,700","22,700","23,378",500,2.18,9.33,218.17,1.95,45.97,11.28,264.15,"64,747.19"
1683,02/12/2019,HPG,"22,850","22,850","22,950","23,200","22,850","23,021",100,0.44,9.10,209.41,0.00,0.00,9.10,209.41,"63,366.65"
1684,29/11/2019,HPG,"22,600","22,600","22,850","22,950","22,450","22,738",250,1.11,6.34,144.12,0.30,7.32,6.64,151.44,"63,090.54"
1685,28/11/2019,HPG,"22,600","22,600","22,600","22,700","22,450","22,545",0,0.00,3.75,84.65,1.95,43.56,5.71,128.21,"62,400.27"
1686,27/11/2019,HPG,"22,650","22,750","22,600","22,800","22,550","22,660",-50,-0.22,3.52,79.88,0.00,0.00,3.52,79.88,"62,400.27"
1687,26/11/2019,HPG,"22,250","22,350","22,650","22,800","22,350","22,634",400,1.80,5.49,124.21,2.87,63.72,8.35,187.92,"62,538.33"
1688,25/11/2019,HPG,"22,100","22,150","22,250","22,350","22,000","22,191",150,0.68,4.23,93.95,2.11,46.72,6.35,140.67,"61,433.90"
1689,22/11/2019,HPG,"22,000","22,200","22,100","22,350","22,000","22,203",100,0.45,5.77,128.01,0.50,11.10,6.27,139.11,"61,019.74"
1690,21/11/2019,HPG,"22,400","22,300","22,000","22,350","22,000","22,113",-400,-1.79,7.50,165.87,2.02,42.72,9.52,208.59,"60,743.63"
1691,20/11/2019,HPG,"22,800","22,800","22,400","22,800","22,250","22,454",-400,-1.75,6.96,156.26,0.41,9.09,7.37,165.35,"61,848.06"
1692,19/11/2019,HPG,"22,900","22,950","22,800","22,950","22,700","22,808",-100,-0.44,4.17,95.09,14.56,310.50,18.73,405.59,"62,952.49"
1693,18/11/2019,HPG,"22,650","22,700","22,900","23,000","22,700","22,870",250,1.10,3.84,87.72,0.36,7.87,4.20,95.59,"63,228.60"
1694,15/11/2019,HPG,"22,650","22,650","22,650","22,800","22,550","22,700",0,0.00,3.43,77.89,0.83,18.43,4.26,96.32,"62,538.33"
1695,14/11/2019,HPG,"22,650","22,650","22,650","22,850","22,500","22,670",0,0.00,5.53,125.29,0.08,1.78,5.61,127.08,"62,538.33"
1696,13/11/2019,HPG,"23,000","23,100","22,650","23,150","22,650","22,900",-350,-1.52,6.51,149.15,0.15,3.29,6.66,152.44,"62,538.33"
1697,12/11/2019,HPG,"22,800","22,750","23,000","23,100","22,550","22,890",200,0.88,6.55,149.99,0.57,13.15,7.13,163.13,"63,504.70"
1698,11/11/2019,HPG,"22,700","22,600","22,800","23,100","22,600","22,920",100,0.44,8.00,183.37,0.82,18.77,8.82,202.14,"62,952.49"
1699,08/11/2019,HPG,"22,700","22,700","22,700","22,800","22,500","22,640",0,0.00,5.28,119.58,0.55,11.83,5.83,131.40,"62,676.38"
1700,07/11/2019,HPG,"22,000","22,150","22,700","22,750","22,100","22,500",700,3.18,13.24,297.99,1.22,27.35,14.47,325.34,"62,676.38"
1701,06/11/2019,HPG,"21,900","22,000","22,000","22,150","21,950","22,060",100,0.46,4.53,99.83,1.02,21.44,5.55,121.27,"60,743.63"
1702,05/11/2019,HPG,"21,750","21,800","21,900","22,150","21,750","21,990",150,0.69,5.52,121.35,0.87,18.56,6.38,139.91,"60,467.52"
1703,04/11/2019,HPG,"21,900","22,100","21,750","22,200","21,700","21,850",-150,-0.68,6.04,131.93,1.07,23.25,7.11,155.18,"60,053.36"
1704,01/11/2019,HPG,"21,800","21,900","21,900","22,100","21,800","21,970",100,0.46,4.06,89.19,0.65,15.00,4.71,104.19,"60,467.52"
1705,31/10/2019,HPG,"22,000","22,000","21,800","22,050","21,700","21,831",-200,-0.91,5.77,125.92,1.66,35.62,7.42,161.54,"60,191.42"
1706,30/10/2019,HPG,"22,200","22,250","22,000","22,250","22,000","22,109",-200,-0.90,3.07,67.79,0.00,0.00,3.07,67.79,"60,743.63"
1707,29/10/2019,HPG,"22,200","22,200","22,200","22,450","22,100","22,305",0,0.00,5.34,119.20,0.53,11.87,5.88,131.07,"61,295.85"
1708,28/10/2019,HPG,"21,800","21,800","22,200","22,300","21,650","22,043",400,1.83,7.28,160.50,2.66,57.61,9.94,218.11,"61,295.85"
1709,25/10/2019,HPG,"22,000","22,000","21,800","22,000","21,750","21,830",-200,-0.91,2.38,51.93,0.33,7.21,2.71,59.14,"60,191.42"
1710,24/10/2019,HPG,"21,850","21,900","22,000","22,100","21,850","21,961",150,0.69,5.14,112.95,0.24,5.18,5.38,118.13,"60,743.63"
1711,23/10/2019,HPG,"21,600","21,600","21,850","22,100","21,600","21,918",250,1.16,6.90,151.14,0.70,16.17,7.60,167.31,"60,329.47"
1712,22/10/2019,HPG,"21,200","21,200","21,600","21,650","21,200","21,487",400,1.89,4.10,88.01,0.41,8.84,4.51,96.85,"59,639.20"
1713,21/10/2019,HPG,"21,400","21,400","21,200","21,450","21,200","21,310",-200,-0.93,3.17,67.56,0.23,4.98,3.40,72.54,"58,534.77"
1714,18/10/2019,HPG,"21,400","21,550","21,400","21,550","21,300","21,400",0,0.00,2.29,48.99,0.91,18.74,3.20,67.72,"59,086.99"
1715,17/10/2019,HPG,"21,300","21,300","21,400","21,650","21,300","21,430",100,0.47,4.83,103.53,0.00,0.00,4.83,103.53,"59,086.99"
1716,16/10/2019,HPG,"21,350","21,400","21,300","21,500","21,300","21,390",-50,-0.23,2.62,56.06,0.60,12.85,3.22,68.91,"58,810.88"
1717,15/10/2019,HPG,"21,450","21,500","21,350","21,700","21,350","21,480",-100,-0.47,3.61,77.62,0.64,14.65,4.25,92.27,"58,948.93"
1718,14/10/2019,HPG,"21,500","21,700","21,450","21,700","21,450","21,540",-50,-0.23,2.96,63.71,0.20,4.22,3.15,67.93,"59,225.04"
1719,11/10/2019,HPG,"21,500","21,600","21,500","21,700","21,400","21,500",0,0.00,4.15,89.18,0.00,0.00,4.15,89.18,"59,363.09"
1720,10/10/2019,HPG,"21,900","21,900","21,500","22,100","21,500","21,770",-400,-1.83,3.93,85.65,0.25,5.37,4.18,91.02,"59,363.09"
1721,09/10/2019,HPG,"21,900","21,900","21,900","21,900","21,700","21,840",0,0.00,3.08,67.29,0.07,1.54,3.15,68.83,"60,467.52"
1722,08/10/2019,HPG,"21,300","21,400","21,900","21,900","21,250","21,600",600,2.82,3.98,85.92,0.27,5.44,4.25,91.36,"60,467.52"
1723,07/10/2019,HPG,"21,350","21,350","21,300","21,500","21,200","21,370",-50,-0.23,3.32,70.96,0.44,9.22,3.76,80.19,"58,810.88"
1724,04/10/2019,HPG,"21,550","21,600","21,350","21,700","21,300","21,460",-200,-0.93,4.78,102.48,0.22,4.69,4.99,107.17,"58,948.93"
1725,03/10/2019,HPG,"21,750","21,700","21,550","21,700","21,450","21,550",-200,-0.92,4.56,98.22,0.43,9.16,4.99,107.37,"59,501.15"
1726,02/10/2019,HPG,"21,900","22,000","21,750","22,050","21,700","21,800",-150,-0.68,4.36,95.11,0.60,13.08,4.96,108.19,"60,053.36"
1727,01/10/2019,HPG,"21,950","21,950","21,900","22,200","21,850","22,000",-50,-0.23,4.06,89.41,0.22,5.03,4.28,94.44,"60,467.52"
1728,30/09/2019,HPG,"22,150","22,200","21,950","22,250","21,950","22,030",-200,-0.90,3.42,75.37,1.00,21.62,4.42,96.99,"60,605.58"
1729,27/09/2019,HPG,"22,250","22,250","22,150","22,450","22,150","22,300",-100,-0.45,3.19,71.14,0.00,0.00,3.19,71.14,"61,157.79"
1730,26/09/2019,HPG,"21,900","22,000","22,250","22,250","21,700","21,870",350,1.60,3.33,72.90,0.57,12.12,3.90,85.02,"61,433.90"
1731,25/09/2019,HPG,"22,150","22,100","21,900","22,100","21,750","21,900",-250,-1.13,3.96,86.76,1.94,42.23,5.90,128.99,"60,467.52"
1732,24/09/2019,HPG,"22,000","21,950","22,150","22,150","21,850","22,030",150,0.68,1.98,43.73,0.65,14.98,2.64,58.70,"61,157.79"
1733,23/09/2019,HPG,"22,650","22,600","22,000","22,600","22,000","22,150",-650,-2.87,5.36,118.67,0.00,0.00,5.36,118.67,"60,743.63"
1734,20/09/2019,HPG,"22,950","22,950","22,650","22,950","22,550","22,670",-300,-1.31,5.10,115.60,1.36,30.97,6.46,146.57,"62,538.33"
1735,19/09/2019,HPG,"23,000","23,000","22,950","23,050","22,700","22,850",-50,-0.22,3.41,77.86,1.65,37.43,5.06,115.29,"63,366.65"
1736,18/09/2019,HPG,"22,700","22,700","23,000","23,050","22,600","22,890",300,1.32,6.15,140.82,1.39,31.09,7.55,171.90,"63,504.70"
1737,17/09/2019,HPG,"22,650","22,650","22,700","22,700","22,400","22,577",50,0.22,3.60,81.21,1.17,26.40,4.77,107.62,"62,676.38"
1738,16/09/2019,HPG,"22,600","22,450","22,650","22,650","22,250","22,433",50,0.22,5.40,121.15,0.00,0.00,5.40,121.15,"62,538.33"
1739,13/09/2019,HPG,"22,550","22,500","22,600","22,650","22,400","22,540",50,0.22,4.66,105.14,0.95,20.96,5.62,126.10,"62,400.27"
1740,12/09/2019,HPG,"22,050","22,150","22,550","22,600","22,150","22,441",500,2.27,5.57,124.90,0.15,3.43,5.72,128.33,"62,262.22"
1741,11/09/2019,HPG,"21,300","21,300","22,050","22,050","21,250","21,861",750,3.52,4.70,102.77,2.02,44.05,6.72,146.82,"60,881.68"
1742,10/09/2019,HPG,"21,200","21,200","21,300","21,350","21,100","21,203",100,0.47,3.45,73.15,1.94,42.21,5.39,115.36,"58,810.88"
1743,09/09/2019,HPG,"21,400","21,500","21,200","21,550","21,200","21,341",-200,-0.93,3.55,75.79,0.49,10.56,4.04,86.34,"58,534.77"
1744,06/09/2019,HPG,"21,700","21,800","21,400","21,900","21,400","21,537",-300,-1.38,4.21,90.58,0.20,4.16,4.41,94.74,"59,086.99"
1745,05/09/2019,HPG,"21,600","21,650","21,700","21,950","21,600","21,728",100,0.46,2.48,53.86,1.06,22.93,3.53,76.79,"59,915.31"
1746,04/09/2019,HPG,"21,650","22,200","21,600","21,800","21,500","21,648",-50,-0.23,5.85,126.63,0.55,11.86,6.40,138.50,"59,639.20"
1747,03/09/2019,HPG,"22,200","22,200","21,650","22,300","21,650","21,833",-550,-2.48,5.37,117.31,0.22,4.78,5.59,122.09,"59,777.25"
1748,30/08/2019,HPG,"22,150","22,150","22,200","22,450","22,050","22,182",50,0.23,3.33,73.85,0.44,9.91,3.77,83.76,"61,295.85"
1749,29/08/2019,HPG,"22,250","22,250","22,150","22,250","22,000","22,069",-100,-0.45,4.94,109.07,1.40,30.32,6.34,139.39,"61,157.79"
1750,28/08/2019,HPG,"22,400","22,400","22,250","22,500","22,100","22,268",-150,-0.67,4.34,96.54,0.22,4.78,4.55,101.32,"61,433.90"
1751,27/08/2019,HPG,"22,800","23,000","22,400","23,050","22,400","22,576",-400,-1.75,9.00,203.08,0.24,5.49,9.24,208.57,"61,848.06"
1752,26/08/2019,HPG,"23,400","23,100","22,800","23,150","22,700","22,897",-600,-2.56,5.68,130.00,0.68,15.44,6.36,145.44,"62,952.49"
1753,23/08/2019,HPG,"23,050","23,250","23,400","23,450","23,100","23,257",350,1.52,5.39,125.28,0.00,0.00,5.39,125.28,"64,609.13"
1754,22/08/2019,HPG,"23,200","23,300","23,050","23,350","23,000","23,122",-150,-0.65,3.31,76.64,0.03,0.72,3.34,77.36,"63,642.76"
1755,21/08/2019,HPG,"22,900","22,900","23,200","23,250","22,800","22,978",300,1.31,4.82,110.74,0.61,14.03,5.43,124.77,"64,056.92"
1756,20/08/2019,HPG,"23,050","23,050","22,900","23,300","22,750","22,963",-150,-0.65,4.79,110.01,0.45,9.90,5.24,119.91,"63,228.60"
1757,19/08/2019,HPG,"23,050","23,000","23,050","23,300","22,950","23,102",0,0.00,2.54,58.70,0.00,0.00,2.54,58.70,"63,642.76"
1758,16/08/2019,HPG,"23,250","23,250","23,050","23,350","22,900","23,017",-200,-0.86,8.86,203.84,0.38,8.72,9.24,212.56,"63,642.76"
1759,15/08/2019,HPG,"23,450","23,000","23,250","23,250","22,800","23,054",-200,-0.85,6.88,158.63,0.23,5.11,7.11,163.74,"64,194.97"
1760,14/08/2019,HPG,"23,450","23,800","23,450","23,800","23,400","23,540",0,0.00,3.87,91.13,0.40,9.41,4.27,100.54,"64,747.19"
1761,13/08/2019,HPG,"23,600","23,300","23,450","23,900","23,300","23,548",-150,-0.64,6.42,151.16,0.98,22.65,7.40,173.81,"64,747.19"
1762,12/08/2019,HPG,"23,100","23,100","23,600","23,850","23,100","23,584",500,2.16,8.13,191.68,0.00,0.00,8.13,191.68,"65,161.35"
1763,09/08/2019,HPG,"23,300","23,400","23,100","23,500","23,000","23,140",-200,-0.86,3.68,85.23,0.67,15.10,4.36,100.33,"63,780.81"
1764,08/08/2019,HPG,"22,100","22,150","23,300","23,300","22,150","22,884","1,200",5.43,11.12,254.55,1.00,22.15,12.12,276.70,"64,333.03"
1765,07/08/2019,HPG,"21,750","21,550","22,100","22,150","21,800","21,930",350,1.61,3.49,76.43,0.27,5.82,3.76,82.25,"61,019.74"
1766,06/08/2019,HPG,"22,150","21,550","21,750","22,000","21,550","21,782",-400,-1.81,5.65,123.10,0.44,10.15,6.09,133.24,"60,053.36"
1767,05/08/2019,HPG,"22,450","22,350","22,150","22,500","22,000","22,205",-300,-1.34,6.16,136.87,0.77,17.09,6.93,153.96,"61,157.79"
1768,02/08/2019,HPG,"22,600","22,200","22,450","22,550","22,100","22,377",-150,-0.66,7.14,159.82,0.10,2.26,7.24,162.08,"61,986.11"
1769,01/08/2019,HPG,"22,550","22,500","22,600","22,750","22,250","22,586",50,0.22,5.95,134.37,0.27,5.82,6.22,140.19,"62,400.27"
1770,31/07/2019,HPG,"21,500","21,400","22,550","22,550","21,300","22,112","1,050",4.88,6.54,144.58,0.00,0.00,6.54,144.58,"62,262.22"
1771,30/07/2019,HPG,"22,100","22,100","21,500","22,200","21,500","21,884",-600,-2.71,6.11,133.74,0.32,6.90,6.43,140.63,"59,363.09"
1772,29/07/2019,HPG,"22,550","22,550","22,100","22,550","21,750","22,094",-450,-2.00,6.95,153.65,1.21,26.65,8.16,180.30,"61,019.74"
1773,26/07/2019,HPG,"22,400","22,600","22,550","23,050","22,450","22,696",150,0.67,9.79,222.18,1.48,32.20,11.27,254.38,"62,262.22"
1774,25/07/2019,HPG,"21,550","21,500","22,400","22,400","21,500","22,060",850,3.94,9.47,208.98,0.30,6.84,9.77,215.83,"61,848.06"
1775,24/07/2019,HPG,"21,700","21,700","21,550","21,800","21,400","21,593",-150,-0.69,3.70,79.84,0.05,1.03,3.75,80.88,"59,501.15"
1776,23/07/2019,HPG,"20,750","20,800","21,700","21,750","20,800","21,394",950,4.58,9.01,192.82,2.54,49.41,11.56,242.23,"59,915.31"
1777,22/07/2019,HPG,"20,600","20,600","20,750","21,200","20,300","20,822",150,0.73,6.89,143.38,0.00,0.00,6.89,143.38,"57,292.29"
1778,19/07/2019,HPG,"20,950","21,000","20,600","21,200","20,400","20,660",-350,-1.67,11.18,231.02,0.26,5.52,11.44,236.54,"56,878.13"
1779,18/07/2019,HPG,"21,350","21,350","20,950","21,400","20,850","21,074",-400,-1.87,8.48,178.75,0.27,5.37,8.75,184.13,"57,844.50"
1780,17/07/2019,HPG,"21,600","21,650","21,350","21,650","21,300","21,429",-250,-1.16,5.46,117.03,0.00,0.00,5.46,117.03,"58,948.93"
1781,16/07/2019,HPG,"21,450","21,600","21,600","21,650","21,450","21,530",150,0.70,3.48,74.85,0.95,20.45,4.43,95.30,"59,639.20"
1782,15/07/2019,HPG,"21,900","21,700","21,450","22,000","21,450","21,615",-450,-2.05,3.90,84.35,0.00,0.00,3.90,84.35,"59,225.04"
1783,12/07/2019,HPG,"21,550","21,700","21,900","22,000","21,650","21,853",350,1.62,3.37,73.58,0.00,0.00,3.37,73.58,"60,467.52"
1784,11/07/2019,HPG,"21,350","21,400","21,550","21,650","21,400","21,539",200,0.94,3.10,66.86,0.40,8.54,3.50,75.40,"59,501.15"
1785,10/07/2019,HPG,"21,350","21,400","21,350","21,750","21,300","21,487",0,0.00,3.75,80.49,2.04,46.12,5.79,126.61,"58,948.93"
1786,09/07/2019,HPG,"21,750","21,800","21,350","21,950","21,350","21,584",-400,-1.84,6.32,136.33,0.58,12.50,6.89,148.83,"58,948.93"
1787,08/07/2019,HPG,"22,300","22,200","21,750","22,300","21,700","21,920",-550,-2.47,7.43,162.85,0.80,17.56,8.23,180.41,"60,053.36"
1788,05/07/2019,HPG,"22,300","22,300","22,300","22,450","22,150","22,279",0,0.00,3.07,68.33,1.61,34.73,4.68,103.06,"61,571.95"
1789,04/07/2019,HPG,"22,150","22,000","22,300","22,500","22,000","22,280",150,0.68,5.06,112.64,1.40,30.88,6.45,143.51,"61,571.95"
1790,03/07/2019,HPG,"22,600","22,600","22,150","22,650","22,100","22,392",-450,-1.99,6.32,141.41,0.02,0.45,6.34,141.86,"61,157.79"
1791,02/07/2019,HPG,"23,000","23,000","22,600","23,000","22,550","22,662",-400,-1.74,4.78,108.25,0.24,5.44,5.02,113.69,"62,400.27"
1792,01/07/2019,HPG,"23,500","23,200","23,000","23,300","22,800","23,043",-500,-2.13,3.84,88.41,1.33,32.64,5.17,121.04,"63,504.70"
1793,28/06/2019,HPG,"22,550","22,550","23,500","23,500","22,450","22,744",950,4.21,3.92,89.23,0.77,17.57,4.70,106.80,"64,885.24"
1794,27/06/2019,HPG,"22,900","22,900","22,550","22,950","22,550","22,673",-350,-1.53,3.76,85.18,1.24,27.82,5.00,113.00,"62,262.22"
1795,26/06/2019,HPG,"23,100","23,050","22,900","23,250","22,900","23,045",-200,-0.87,1.91,43.93,1.06,24.44,2.97,68.37,"63,228.60"
1796,25/06/2019,HPG,"23,350","23,200","23,100","23,400","23,000","23,125",-250,-1.07,3.28,75.96,2.60,59.46,5.88,135.43,"63,780.81"
1797,24/06/2019,HPG,"23,700","23,800","23,350","24,050","23,300","23,665",-350,-1.48,3.09,73.11,0.98,23.08,4.07,96.18,"64,471.08"
1798,21/06/2019,HPG,"23,600","23,900","23,700","23,900","23,600","23,730",100,0.42,4.43,105.10,0.39,8.61,4.82,113.71,"65,437.46"
1799,20/06/2019,HPG,"23,850","24,100","23,600","24,100","23,600","23,756",-250,-1.05,4.37,103.82,1.05,25.20,5.42,129.02,"65,161.35"
1800,19/06/2019,HPG,"23,050","23,850","23,850","23,850","23,300","23,562",800,3.47,8.37,197.12,0.00,0.00,8.37,197.12,"65,851.62"
1801,18/06/2019,HPG,"22,450","22,450","23,050","23,100","22,450","22,791",600,2.67,5.06,115.28,0.90,19.64,5.96,134.92,"63,642.76"
1802,17/06/2019,HPG,"22,950","22,950","22,450","23,000","22,450","22,559",-500,-2.18,3.64,82.21,0.51,11.74,4.15,93.95,"61,986.11"
1803,14/06/2019,HPG,"23,000","23,000","22,950","23,050","22,950","22,991",-50,-0.22,2.07,47.55,2.41,55.21,4.48,102.75,"63,366.65"
1804,13/06/2019,HPG,"23,100","23,400","23,000","23,400","22,900","23,013",-100,-0.43,2.52,58.07,0.48,11.18,3.00,69.25,"63,504.70"
1805,12/06/2019,HPG,"23,000","22,900","23,100","23,250","22,850","23,075",100,0.43,3.13,72.29,0.20,4.28,3.33,76.57,"49,062.26"
1806,11/06/2019,HPG,"22,900","23,000","23,000","23,200","22,700","22,982",100,0.44,4.41,101.33,1.63,37.23,6.04,138.56,"48,849.86"
1807,10/06/2019,HPG,"22,950","23,250","22,900","23,400","22,850","23,045",-50,-0.22,6.57,151.34,0.32,7.26,6.89,158.60,"48,637.47"
1808,07/06/2019,HPG,"22,700","23,000","22,950","23,300","22,850","23,007",250,1.10,5.10,117.37,0.34,7.83,5.45,125.20,"48,743.67"
1809,06/06/2019,HPG,"23,800","23,900","22,700","23,900","22,350","22,761","-1,100",-4.62,7.08,161.20,1.69,40.40,8.78,201.60,"48,212.69"
1810,05/06/2019,HPG,"24,300","24,400","23,800","24,700","23,700","24,118",-500,-2.06,2.99,72.08,0.00,0.00,2.99,72.08,"50,548.99"
1811,04/06/2019,HPG,"24,250","24,600","24,300","24,800","24,050","24,406",50,0.21,3.34,81.46,0.15,3.66,3.49,85.12,"51,610.94"
1812,03/06/2019,HPG,"32,100","32,050","31,500","32,100","31,400","31,800",-600,-1.87,12.27,390.34,0.75,23.85,13.02,414.19,"66,903.08"
1813,31/05/2019,HPG,"32,000","32,000","32,100","32,200","32,000","32,070",100,0.31,3.39,108.85,0.20,6.43,3.59,115.28,"68,177.42"
1814,30/05/2019,HPG,"32,500","32,500","32,000","32,500","31,950","32,184",-500,-1.54,4.19,134.99,2.64,91.58,6.84,226.58,"67,965.03"
1815,29/05/2019,HPG,"32,050","32,300","32,500","32,500","32,050","32,249",450,1.40,1.66,53.54,0.00,0.00,1.66,53.54,"69,026.98"
1816,28/05/2019,HPG,"32,200","32,500","32,050","32,500","32,050","32,147",-150,-0.47,2.84,91.27,1.00,31.70,3.84,122.96,"68,071.22"
1817,27/05/2019,HPG,"32,150","32,100","32,200","32,350","32,100","32,188",50,0.16,1.70,54.70,0.00,0.00,1.70,54.70,"68,389.81"
1818,24/05/2019,HPG,"32,750","32,500","32,150","32,650","32,150","32,352",-600,-1.83,3.67,118.66,0.00,0.00,3.67,118.66,"68,283.62"
1819,23/05/2019,HPG,"33,000","33,000","32,750","33,050","32,650","32,833",-250,-0.76,2.53,83.18,0.00,0.00,2.53,83.18,"69,557.96"
1820,22/05/2019,HPG,"32,900","33,000","33,000","33,400","32,900","33,184",100,0.30,2.51,83.44,0.00,0.00,2.51,83.44,"70,088.94"
1821,21/05/2019,HPG,"32,800","32,950","32,900","33,200","32,800","32,973",100,0.30,2.15,70.81,3.17,102.75,5.31,173.56,"69,876.55"
1822,20/05/2019,HPG,"32,250","32,250","32,800","33,050","32,250","32,816",550,1.71,2.22,72.73,0.17,5.68,2.39,78.42,"69,664.16"
1823,17/05/2019,HPG,"32,300","32,300","32,250","32,400","32,200","32,287",-50,-0.15,1.49,48.16,0.05,1.61,1.54,49.77,"68,496.01"
1824,16/05/2019,HPG,"32,400","32,450","32,300","32,700","32,300","32,506",-100,-0.31,1.38,44.81,2.89,93.65,4.27,138.46,"68,602.20"
1825,15/05/2019,HPG,"32,400","32,400","32,400","32,700","32,300","32,449",0,0.00,2.54,82.33,0.00,0.00,2.54,82.33,"68,814.59"
1826,14/05/2019,HPG,"32,050","31,700","32,400","32,400","31,700","32,000",350,1.09,1.82,58.43,0.15,4.84,1.97,63.27,"68,814.59"
1827,13/05/2019,HPG,"32,850","32,950","32,050","32,950","32,000","32,286",-800,-2.44,3.81,123.03,0.00,0.00,3.81,123.03,"68,071.22"
1828,10/05/2019,HPG,"32,900","33,100","32,850","33,200","32,600","32,855",-50,-0.15,1.91,62.73,0.00,0.00,1.91,62.73,"69,770.35"
1829,09/05/2019,HPG,"33,150","33,050","32,900","33,250","32,600","32,885",-250,-0.75,2.11,69.47,0.18,5.92,2.29,75.39,"69,876.55"
1830,08/05/2019,HPG,"33,500","33,250","33,150","33,300","33,000","33,152",-350,-1.04,2.81,93.24,0.06,1.86,2.87,95.11,"70,407.52"
1831,07/05/2019,HPG,"33,450","33,800","33,500","33,800","33,400","33,663",50,0.15,2.82,94.93,0.19,6.00,3.01,100.93,"71,150.89"
1832,06/05/2019,HPG,"34,150","33,400","33,450","33,800","33,200","33,417",-700,-2.05,4.50,150.38,0.00,0.00,4.50,150.38,"71,044.69"
1833,03/05/2019,HPG,"34,000","34,000","34,150","34,400","33,700","34,156",150,0.44,3.50,119.41,0.00,0.00,3.50,119.41,"72,531.43"
1834,02/05/2019,HPG,"33,600","33,700","34,000","34,000","33,300","33,631",400,1.19,3.81,128.05,1.42,44.87,5.23,172.92,"72,212.84"
1835,26/04/2019,HPG,"33,100","33,200","33,600","33,800","33,100","33,585",500,1.51,2.82,94.74,0.00,0.00,2.82,94.74,"71,363.28"
1836,25/04/2019,HPG,"33,350","33,500","33,100","33,650","33,000","33,328",-250,-0.75,4.09,136.47,0.00,0.00,4.09,136.47,"70,301.33"
1837,24/04/2019,HPG,"31,900","32,000","33,350","33,350","31,900","32,924","1,450",4.55,5.80,191.00,1.05,34.44,6.85,225.44,"70,832.30"
1838,23/04/2019,HPG,"31,850","32,000","31,900","32,000","31,850","31,942",50,0.16,1.69,53.85,1.43,45.60,3.12,99.46,"67,752.64"
1839,22/04/2019,HPG,"31,600","31,350","31,850","32,100","31,350","31,846",250,0.79,1.82,58.09,2.50,76.05,4.32,134.14,"67,646.44"
1840,19/04/2019,HPG,"31,300","31,350","31,600","31,700","31,350","31,549",300,0.96,1.21,38.30,1.50,43.73,2.71,82.02,"67,115.47"
1841,18/04/2019,HPG,"31,600","31,400","31,300","31,550","31,300","31,406",-300,-0.95,2.39,75.03,4.05,119.30,6.44,194.33,"66,478.29"
1842,17/04/2019,HPG,"31,750","31,750","31,600","31,850","31,500","31,741",-150,-0.47,1.86,59.05,0.02,0.68,1.88,59.73,"67,115.47"
1843,16/04/2019,HPG,"32,050","31,900","31,750","32,000","31,550","31,765",-300,-0.94,1.55,49.12,0.00,0.00,1.55,49.12,"67,434.05"
1844,12/04/2019,HPG,"31,950","31,950","32,050","32,050","31,850","31,959",100,0.31,1.58,50.40,0.00,0.00,1.58,50.40,"68,071.22"
1845,11/04/2019,HPG,"31,950","32,000","31,950","32,050","31,850","31,949",0,0.00,1.52,48.47,0.02,0.60,1.54,49.06,"67,858.83"
1846,10/04/2019,HPG,"32,100","32,000","31,950","32,050","31,650","31,886",-150,-0.47,2.21,70.39,0.00,0.00,2.21,70.39,"67,858.83"
1847,09/04/2019,HPG,"32,400","32,450","32,100","32,500","32,000","32,154",-300,-0.93,2.88,92.74,0.00,0.00,2.88,92.74,"68,177.42"
1848,08/04/2019,HPG,"32,500","32,500","32,400","32,650","32,300","32,422",-100,-0.31,1.38,44.77,0.20,6.82,1.58,51.59,"68,814.59"
1849,05/04/2019,HPG,"32,400","32,400","32,500","32,650","32,250","32,467",100,0.31,1.84,59.63,0.00,0.00,1.84,59.63,"69,026.98"
1850,04/04/2019,HPG,"32,100","32,150","32,400","32,400","32,000","32,159",300,0.93,2.77,88.93,0.10,3.22,2.87,92.14,"68,814.59"
1851,03/04/2019,HPG,"32,100","32,000","32,100","32,150","31,900","32,018",0,0.00,3.78,120.89,0.10,3.20,3.88,124.09,"68,177.42"
1852,02/04/2019,HPG,"31,950","32,200","32,100","32,250","31,950","32,117",150,0.47,1.80,57.71,0.00,0.00,1.80,57.71,"68,177.42"
1853,01/04/2019,HPG,"32,200","32,050","31,950","32,200","31,900","31,973",-250,-0.78,3.67,117.35,0.00,0.00,3.67,117.35,"67,858.83"
1854,29/03/2019,HPG,"32,450","32,550","32,200","32,700","31,900","32,100",-250,-0.77,6.53,209.75,0.00,0.00,6.53,209.75,"68,389.81"
1855,28/03/2019,HPG,"32,350","32,150","32,450","32,450","32,100","32,348",100,0.31,2.51,81.30,0.00,0.00,2.51,81.30,"68,920.79"
1856,27/03/2019,HPG,"31,600","31,900","32,350","32,350","31,650","32,164",750,2.37,2.54,81.68,0.00,0.00,2.54,81.68,"68,708.40"
1857,26/03/2019,HPG,"31,400","31,600","31,600","31,750","31,300","31,470",200,0.64,3.52,110.65,1.12,35.27,4.64,145.92,"67,115.47"
1858,25/03/2019,HPG,"31,950","31,100","31,400","31,650","31,100","31,368",-550,-1.72,3.74,117.20,1.45,45.67,5.19,162.87,"66,690.69"
1859,22/03/2019,HPG,"32,000","32,100","31,950","32,200","31,850","31,997",-50,-0.16,4.19,134.15,0.60,19.20,4.79,153.35,"67,858.83"
1860,21/03/2019,HPG,"32,300","32,300","32,000","32,450","31,950","32,154",-300,-0.93,2.74,88.04,1.14,36.60,3.87,124.64,"67,965.03"
1861,20/03/2019,HPG,"31,900","31,500","32,300","32,600","31,500","32,166",400,1.25,5.63,180.94,0.20,6.40,5.83,187.34,"68,602.20"
1862,19/03/2019,HPG,"31,850","31,800","31,900","31,950","31,100","31,507",50,0.16,7.39,232.71,0.15,4.73,7.54,237.44,"67,752.64"
1863,18/03/2019,HPG,"31,900","31,500","31,850","32,400","30,550","31,664",-50,-0.16,10.58,334.98,0.12,3.79,10.70,338.76,"67,646.44"
1864,15/03/2019,HPG,"34,200","32,900","31,900","33,100","31,850","32,175","-2,300",-6.73,17.03,547.93,0.00,0.00,17.03,547.93,"67,752.64"
1865,14/03/2019,HPG,"34,350","34,350","34,200","34,650","33,900","34,116",-150,-0.44,4.48,152.92,0.00,0.00,4.48,152.92,"72,637.63"
1866,13/03/2019,HPG,"33,850","34,000","34,350","34,350","33,900","34,168",500,1.48,3.20,109.37,0.00,0.00,3.20,109.37,"72,956.21"
1867,12/03/2019,HPG,"33,800","34,050","33,850","34,150","33,700","33,871",50,0.15,5.26,178.25,0.14,4.74,5.40,182.99,"71,894.26"
1868,11/03/2019,HPG,"33,950","34,000","33,800","34,200","33,600","33,791",-150,-0.44,4.86,164.18,0.00,0.00,4.86,164.18,"71,788.06"
1869,08/03/2019,HPG,"34,100","33,500","33,950","34,300","33,400","33,819",-150,-0.44,4.65,157.42,0.00,0.00,4.65,157.42,"72,106.65"
1870,07/03/2019,HPG,"35,000","35,000","34,100","35,050","34,100","34,421",-900,-2.57,4.56,156.80,0.31,10.69,4.87,167.49,"72,425.23"
1871,06/03/2019,HPG,"35,050","35,000","35,000","35,200","34,400","34,684",-50,-0.14,3.37,117.00,0.00,0.00,3.37,117.00,"74,336.75"
1872,05/03/2019,HPG,"35,350","35,100","35,050","35,600","34,950","35,124",-300,-0.85,5.70,200.38,0.05,1.68,5.75,202.06,"74,442.95"
1873,04/03/2019,HPG,"34,250","34,750","35,350","35,350","34,700","35,068","1,100",3.21,5.02,176.06,0.02,0.74,5.04,176.80,"75,080.12"
1874,01/03/2019,HPG,"33,600","33,600","34,250","34,250","33,600","34,084",650,1.93,4.61,157.16,0.00,0.00,4.61,157.16,"72,743.82"
1875,28/02/2019,HPG,"34,400","34,550","33,600","34,600","33,600","33,980",-800,-2.33,6.95,236.26,1.19,40.03,8.14,276.29,"71,363.28"
1876,27/02/2019,HPG,"34,500","34,950","34,400","34,950","34,150","34,491",-100,-0.29,5.00,172.43,0.69,23.39,5.69,195.82,"73,062.41"
1877,26/02/2019,HPG,"34,800","34,800","34,500","35,400","34,250","34,755",-300,-0.86,7.38,256.61,0.45,15.67,7.83,272.29,"73,274.80"
1878,25/02/2019,HPG,"33,900","34,450","34,800","35,550","34,200","34,938",900,2.65,11.78,411.64,0.00,0.00,11.78,411.64,"73,911.97"
1879,22/02/2019,HPG,"32,700","32,650","33,900","33,950","32,550","33,445","1,200",3.67,8.27,276.88,0.35,11.81,8.62,288.69,"72,000.45"
1880,21/02/2019,HPG,"32,200","32,300","32,700","32,700","31,900","32,374",500,1.55,6.01,194.57,0.00,0.00,6.01,194.57,"69,451.76"
1881,20/02/2019,HPG,"31,700","31,700","32,200","32,300","31,650","32,008",500,1.58,5.88,188.15,0.32,10.24,6.20,198.39,"68,389.81"
1882,19/02/2019,HPG,"32,150","32,450","31,700","32,500","31,650","31,955",-450,-1.40,5.90,188.68,0.70,21.51,6.60,210.19,"67,327.86"
1883,18/02/2019,HPG,"31,600","32,100","32,150","32,550","31,950","32,178",550,1.74,6.37,205.12,0.05,1.42,6.42,206.54,"68,283.62"
1884,15/02/2019,HPG,"31,000","31,000","31,600","32,500","30,800","31,536",600,1.94,9.33,294.11,1.50,47.57,10.83,341.68,"67,115.47"
1885,14/02/2019,HPG,"30,900","30,900","31,000","31,300","30,800","31,018",100,0.32,6.46,200.25,0.70,20.35,7.16,220.59,"65,841.12"
1886,13/02/2019,HPG,"29,500","29,500","30,900","31,100","29,500","30,369","1,400",4.75,11.08,336.48,0.59,18.06,11.67,354.53,"65,628.73"
1887,12/02/2019,HPG,"28,900","28,900","29,500","29,850","28,750","29,311",600,2.08,7.95,233.09,0.03,0.81,7.98,233.90,"62,655.26"
1888,11/02/2019,HPG,"27,300","27,650","28,900","28,900","27,600","28,180","1,600",5.86,2.84,79.93,1.60,44.09,4.44,124.02,"61,380.92"
1889,01/02/2019,HPG,"27,700","27,850","27,300","28,200","27,000","27,453",-400,-1.44,7.10,194.92,0.18,4.94,7.28,199.86,"57,982.67"
1890,31/01/2019,HPG,"29,000","29,000","27,700","29,150","27,600","28,353","-1,300",-4.48,7.17,203.33,1.43,39.78,8.60,243.11,"58,832.23"
1891,30/01/2019,HPG,"29,700","29,600","29,000","29,600","28,850","29,061",-700,-2.36,6.77,196.62,0.13,3.71,6.89,200.32,"61,593.31"
1892,29/01/2019,HPG,"29,750","29,850","29,700","29,850","29,500","29,621",-50,-0.17,1.81,53.75,0.11,3.27,1.92,57.02,"63,080.04"
1893,28/01/2019,HPG,"29,700","29,800","29,750","29,800","29,600","29,733",50,0.17,1.71,50.89,1.03,30.49,2.74,81.38,"63,186.24"
1894,25/01/2019,HPG,"29,850","30,000","29,700","30,100","29,550","29,769",-150,-0.50,1.61,47.93,0.24,7.12,1.85,55.04,"63,080.04"
1895,24/01/2019,HPG,"30,050","30,100","29,850","30,400","29,850","30,091",-200,-0.67,2.39,71.83,0.00,0.00,2.39,71.83,"63,398.63"
1896,23/01/2019,HPG,"29,500","29,400","30,050","30,400","29,350","29,878",550,1.86,3.79,113.20,0.02,0.55,3.81,113.75,"63,823.41"
1897,22/01/2019,HPG,"29,550","29,700","29,500","29,850","29,450","29,610",-50,-0.17,1.67,49.31,0.15,4.13,1.82,53.44,"62,655.26"
1898,21/01/2019,HPG,"29,200","29,300","29,550","29,750","29,200","29,451",350,1.20,1.92,56.46,0.15,4.68,2.07,61.14,"62,761.46"
1899,18/01/2019,HPG,"28,900","29,300","29,200","29,450","29,150","29,299",300,1.04,2.12,62.13,0.25,7.40,2.37,69.53,"62,018.09"
1900,17/01/2019,HPG,"29,450","29,450","28,900","29,450","28,900","29,156",-550,-1.87,1.96,57.08,0.00,0.00,1.96,57.08,"61,380.92"
1901,16/01/2019,HPG,"29,300","29,400","29,450","29,650","29,150","29,419",150,0.51,2.98,87.71,0.00,0.00,2.98,87.71,"62,549.07"
1902,15/01/2019,HPG,"29,300","29,300","29,300","29,600","29,150","29,364",0,0.00,2.64,77.53,0.30,8.81,2.94,86.35,"62,230.48"
1903,14/01/2019,HPG,"29,350","29,400","29,300","29,450","28,850","29,093",-50,-0.17,3.23,93.88,0.50,14.55,3.73,108.43,"62,230.48"
1904,11/01/2019,HPG,"29,800","29,800","29,350","29,900","29,350","29,659",-450,-1.51,2.66,78.87,0.21,6.53,2.87,85.41,"62,336.68"
1905,10/01/2019,HPG,"29,500","29,600","29,800","30,100","29,500","29,832",300,1.02,1.78,53.22,0.98,29.67,2.77,82.89,"63,292.43"
1906,09/01/2019,HPG,"28,850","29,000","29,500","29,800","29,000","29,460",650,2.25,1.88,55.27,1.06,31.23,2.94,86.50,"62,655.26"
1907,08/01/2019,HPG,"29,350","29,400","28,850","29,500","28,700","28,950",-500,-1.70,3.15,91.21,1.09,31.60,4.24,122.81,"61,274.72"
1908,07/01/2019,HPG,"29,700","30,300","29,350","30,350","29,150","29,661",-350,-1.18,2.49,73.83,0.00,0.00,2.49,73.83,"62,336.68"
1909,04/01/2019,HPG,"29,500","29,400","29,700","30,000","28,700","29,357",200,0.68,5.84,171.48,0.83,24.62,6.67,196.10,"63,080.04"
1910,03/01/2019,HPG,"30,800","30,750","29,500","30,900","29,500","30,021","-1,300",-4.22,6.88,206.47,0.16,4.92,7.03,211.40,"62,655.26"
1911,02/01/2019,HPG,"30,950","30,900","30,800","31,450","30,800","31,097",-150,-0.48,4.20,130.49,0.00,0.00,4.20,130.49,"65,416.34"
1912,28/12/2018,HPG,"30,950","30,800","30,950","30,950","30,500","30,847",0,0.00,7.47,230.54,1.27,38.02,8.74,268.56,"65,734.93"
1913,27/12/2018,HPG,"30,300","30,850","30,950","31,100","30,300","30,848",650,2.15,4.87,150.34,1.71,52.32,6.58,202.66,"65,734.93"
1914,26/12/2018,HPG,"30,400","30,400","30,300","30,400","29,750","30,050",-100,-0.33,3.83,115.00,0.44,13.32,4.27,128.32,"64,354.39"
1915,25/12/2018,HPG,"30,500","29,650","30,400","30,400","28,950","29,608",-100,-0.33,4.80,142.14,0.19,6.23,4.99,148.36,"64,566.78"
1916,24/12/2018,HPG,"29,950","29,950","30,500","30,500","29,950","30,267",550,1.84,3.26,98.73,0.11,3.32,3.37,102.05,"64,779.17"
1917,21/12/2018,HPG,"29,950","29,300","29,950","30,000","29,300","29,699",0,0.00,4.46,132.48,0.75,22.61,5.21,155.09,"63,611.02"
1918,20/12/2018,HPG,"29,700","29,600","29,950","30,150","29,300","29,749",250,0.84,6.10,181.41,1.33,39.02,7.43,220.43,"63,611.02"
1919,19/12/2018,HPG,"31,100","31,100","29,700","31,400","29,000","29,972","-1,400",-4.50,10.97,328.77,0.69,20.28,11.66,349.05,"63,080.04"
1920,18/12/2018,HPG,"32,400","31,700","31,100","32,050","30,650","31,364","-1,300",-4.01,8.16,255.88,0.10,3.16,8.26,259.04,"66,053.51"
1921,17/12/2018,HPG,"33,500","33,500","32,400","33,500","32,400","32,885","-1,100",-3.28,4.48,147.36,0.27,9.04,4.75,156.40,"68,814.59"
1922,14/12/2018,HPG,"34,000","33,950","33,500","33,950","33,400","33,563",-500,-1.47,3.87,129.75,0.00,0.00,3.87,129.75,"71,150.89"
1923,13/12/2018,HPG,"33,600","33,850","34,000","34,100","33,700","33,950",400,1.19,5.48,186.06,1.24,41.20,6.72,227.26,"72,212.84"
1924,12/12/2018,HPG,"33,450","33,500","33,600","33,750","33,000","33,442",150,0.45,3.58,119.77,0.00,0.00,3.58,119.77,"71,363.28"
1925,11/12/2018,HPG,"33,750","33,600","33,450","33,950","32,800","33,195",-300,-0.89,6.98,231.66,0.05,1.69,7.03,233.35,"71,044.69"
1926,10/12/2018,HPG,"34,650","34,500","33,750","34,600","33,650","33,976",-900,-2.60,5.40,183.40,1.05,36.53,6.44,219.94,"71,681.87"
1927,07/12/2018,HPG,"34,600","34,900","34,650","35,000","34,550","34,700",50,0.14,3.36,116.71,0.00,0.00,3.36,116.71,"73,593.38"
1928,06/12/2018,HPG,"35,300","35,100","34,600","35,400","34,500","34,856",-700,-1.98,4.63,161.46,0.00,0.00,4.63,161.46,"73,487.19"
1929,05/12/2018,HPG,"34,600","34,350","35,300","35,500","34,250","35,092",700,2.02,8.09,283.97,0.00,0.00,8.09,283.97,"74,973.92"
1930,04/12/2018,HPG,"34,800","35,000","34,600","35,200","34,250","34,626",-200,-0.57,4.31,149.27,0.00,0.00,4.31,149.27,"73,487.19"
1931,03/12/2018,HPG,"33,200","34,000","34,800","35,000","34,000","34,473","1,600",4.82,3.77,129.94,0.93,32.22,4.70,162.16,"73,911.97"
1932,30/11/2018,HPG,"34,200","34,000","33,200","34,000","33,200","33,494","-1,000",-2.92,7.47,250.18,0.02,0.75,7.49,250.92,"70,513.72"
1933,29/11/2018,HPG,"35,200","35,400","34,200","35,650","34,200","34,781","-1,000",-2.84,4.06,141.19,0.33,11.48,4.39,152.68,"72,637.63"
1934,28/11/2018,HPG,"35,600","35,700","35,200","35,850","34,950","35,126",-400,-1.12,4.09,143.67,0.40,14.05,4.49,157.72,"74,761.53"
1935,27/11/2018,HPG,"35,600","35,800","35,600","36,200","35,600","35,849",0,0.00,1.90,67.98,0.80,28.66,2.70,96.64,"75,611.10"
1936,26/11/2018,HPG,"35,550","35,600","35,600","36,200","35,550","35,775",50,0.14,2.48,88.62,0.36,12.88,2.84,101.51,"75,611.10"
1937,23/11/2018,HPG,"35,800","35,800","35,550","36,000","35,500","35,748",-250,-0.70,2.06,73.50,0.11,4.06,2.17,77.56,"75,504.90"
1938,22/11/2018,HPG,"36,500","36,600","35,800","36,750","35,800","36,091",-700,-1.92,2.74,99.02,0.85,28.79,3.59,127.80,"76,035.88"
1939,21/11/2018,HPG,"36,500","36,050","36,500","36,800","36,000","36,539",0,0.00,3.81,139.06,0.00,0.00,3.81,139.06,"77,522.61"
1940,20/11/2018,HPG,"35,450","35,600","36,500","36,650","35,400","36,275","1,050",2.96,5.71,207.13,0.95,31.42,6.66,238.55,"77,522.61"
1941,19/11/2018,HPG,"35,200","35,500","35,450","35,800","35,150","35,391",250,0.71,1.66,58.91,0.17,5.67,1.83,64.58,"75,292.51"
1942,16/11/2018,HPG,"35,000","35,500","35,200","35,700","35,050","35,315",200,0.57,2.32,82.00,0.06,2.13,2.38,84.13,"74,761.53"
1943,15/11/2018,HPG,"35,800","35,500","35,000","35,950","34,750","35,227",-800,-2.23,6.83,240.57,0.00,0.00,6.83,240.57,"74,336.75"
1944,14/11/2018,HPG,"36,900","36,850","35,800","36,850","35,250","36,093","-1,100",-2.98,8.27,298.64,0.21,7.67,8.48,306.31,"76,035.88"
1945,13/11/2018,HPG,"37,550","37,000","36,900","37,300","36,800","36,992",-650,-1.73,5.40,199.89,0.88,32.38,6.28,232.26,"78,372.17"
1946,12/11/2018,HPG,"37,600","37,600","37,550","37,750","37,150","37,526",-50,-0.13,2.80,105.21,0.24,9.02,3.04,114.22,"79,752.71"
1947,09/11/2018,HPG,"38,900","38,600","37,600","38,850","37,600","37,997","-1,300",-3.34,5.71,216.99,1.91,72.60,7.62,289.59,"79,858.91"
1948,08/11/2018,HPG,"39,150","39,850","38,900","39,850","38,900","39,103",-250,-0.64,2.80,109.54,0.12,4.51,2.92,114.05,"82,619.99"
1949,07/11/2018,HPG,"39,600","39,600","39,150","39,800","39,150","39,310",-450,-1.14,2.81,110.60,0.75,29.29,3.56,139.90,"83,150.97"
1950,06/11/2018,HPG,"40,000","40,100","39,600","40,150","39,600","39,824",-400,-1.00,1.70,67.71,0.14,5.05,1.84,72.76,"84,106.72"
1951,05/11/2018,HPG,"40,000","39,600","40,000","40,000","39,500","39,774",0,0.00,2.23,88.84,1.55,61.95,3.78,150.78,"84,956.29"
1952,02/11/2018,HPG,"39,600","40,000","40,000","40,150","39,800","40,004",400,1.01,3.60,143.84,0.00,0.00,3.60,143.84,"84,956.29"
1953,01/11/2018,HPG,"40,250","39,900","39,600","39,950","39,400","39,725",-650,-1.61,2.24,89.03,0.00,0.00,2.24,89.03,"84,106.72"
1954,31/10/2018,HPG,"38,700","39,100","40,250","40,250","39,050","39,760","1,550",4.01,4.24,168.56,4.68,175.49,8.92,344.05,"85,487.26"
1955,30/10/2018,HPG,"38,850","38,600","38,700","39,350","38,600","38,950",-150,-0.39,2.69,104.58,0.00,0.00,2.69,104.58,"82,195.21"
1956,29/10/2018,HPG,"38,900","38,650","38,850","38,900","38,600","38,808",-50,-0.13,4.46,173.12,0.00,0.00,4.46,173.12,"82,513.79"
1957,26/10/2018,HPG,"39,000","39,300","38,900","39,600","38,900","39,058",-100,-0.26,5.15,201.04,0.00,0.00,5.15,201.04,"82,619.99"
1958,25/10/2018,HPG,"39,200","38,000","39,000","39,150","37,850","38,251",-200,-0.51,7.24,277.02,0.00,0.00,7.24,277.02,"82,832.38"
1959,24/10/2018,HPG,"39,500","39,200","39,200","39,900","39,200","39,518",-300,-0.76,5.21,206.04,0.00,0.00,5.21,206.04,"83,257.16"
1960,23/10/2018,HPG,"40,100","39,950","39,500","39,950","38,900","39,353",-600,-1.50,10.01,394.01,0.17,6.68,10.18,400.70,"83,894.33"
1961,22/10/2018,HPG,"40,750","40,800","40,100","40,950","40,100","40,491",-650,-1.60,2.57,103.87,0.00,0.00,2.57,103.87,"85,168.68"
1962,19/10/2018,HPG,"41,000","40,700","40,750","41,050","40,400","40,751",-250,-0.61,4.99,203.46,0.00,0.00,4.99,203.46,"86,549.22"
1963,18/10/2018,HPG,"41,000","41,000","41,000","41,150","40,700","40,870",0,0.00,4.08,166.93,0.00,0.00,4.08,166.93,"87,080.19"
1964,17/10/2018,HPG,"40,750","41,200","41,000","41,250","40,850","41,022",250,0.61,5.13,210.26,1.07,40.70,6.20,250.96,"87,080.19"
1965,16/10/2018,HPG,"40,350","40,350","40,750","40,750","40,350","40,568",400,0.99,2.91,117.99,0.10,4.06,3.01,122.05,"86,549.22"
1966,15/10/2018,HPG,"40,800","40,700","40,350","40,700","40,200","40,490",-450,-1.10,4.22,170.80,0.00,0.00,4.22,170.80,"85,699.65"
1967,12/10/2018,HPG,"39,900","39,400","40,800","40,800","39,400","40,160",900,2.26,6.60,264.94,1.29,52.05,7.89,316.99,"86,655.41"
1968,11/10/2018,HPG,"41,400","40,100","39,900","40,600","39,300","39,940","-1,500",-3.62,15.99,638.68,0.00,0.00,15.99,638.68,"84,743.90"
1969,10/10/2018,HPG,"41,000","41,100","41,400","41,750","40,950","41,315",400,0.98,6.74,278.58,0.69,26.75,7.43,305.33,"87,929.76"
1970,09/10/2018,HPG,"41,200","41,500","41,000","41,500","41,000","41,147",-200,-0.49,3.71,152.59,0.99,39.61,4.70,192.19,"87,080.19"
1971,08/10/2018,HPG,"41,450","41,200","41,200","41,450","41,050","41,192",-250,-0.60,3.74,154.10,0.60,23.19,4.34,177.29,"87,504.98"
1972,05/10/2018,HPG,"41,400","41,400","41,450","41,900","41,200","41,587",50,0.12,6.05,251.53,5.64,233.50,11.69,485.03,"88,035.95"
1973,04/10/2018,HPG,"41,300","41,200","41,400","41,400","40,900","41,182",100,0.24,11.91,490.33,0.00,0.00,11.91,490.33,"87,929.76"
1974,03/10/2018,HPG,"41,300","41,000","41,300","41,600","41,000","41,368",0,0.00,4.99,206.55,0.42,17.34,5.41,223.89,"87,717.37"
1975,02/10/2018,HPG,"42,400","41,750","41,300","42,050","41,150","41,620","-1,100",-2.59,10.60,441.26,0.00,0.00,10.60,441.26,"87,717.37"
1976,01/10/2018,HPG,"42,300","42,300","42,400","42,950","42,050","42,505",100,0.24,6.82,289.72,0.00,0.00,6.82,289.72,"90,053.66"
1977,28/09/2018,HPG,"41,550","41,600","42,300","42,350","41,500","41,939",750,1.81,9.62,403.37,0.02,0.89,9.64,404.26,"89,841.27"
1978,27/09/2018,HPG,"41,000","41,200","41,550","41,600","41,100","41,357",550,1.34,5.59,231.29,0.00,0.00,5.59,231.29,"88,248.34"
1979,26/09/2018,HPG,"41,250","41,250","41,000","41,450","41,000","41,252",-250,-0.61,5.01,206.85,0.00,0.00,5.01,206.85,"87,080.19"
1980,25/09/2018,HPG,"41,300","41,000","41,250","41,400","40,850","41,111",-50,-0.12,4.48,184.02,0.15,6.17,4.63,190.19,"87,611.17"
1981,24/09/2018,HPG,"41,300","41,700","41,300","41,700","41,100","41,359",0,0.00,4.43,183.22,0.00,0.00,4.43,183.22,"87,717.37"
1982,21/09/2018,HPG,"40,900","41,000","41,300","41,400","40,650","41,127",400,0.98,14.27,587.03,0.00,0.00,14.27,587.03,"87,717.37"
1983,20/09/2018,HPG,"39,650","39,900","40,900","40,900","39,700","40,366","1,250",3.15,9.97,402.62,0.00,0.00,9.97,402.62,"86,867.80"
1984,19/09/2018,HPG,"39,450","39,800","39,650","39,900","39,600","39,732",200,0.51,4.49,178.41,0.80,31.74,5.29,210.15,"84,212.92"
1985,18/09/2018,HPG,"39,450","39,200","39,450","39,450","38,800","39,128",0,0.00,7.28,284.93,1.12,43.78,8.40,328.70,"83,788.14"
1986,17/09/2018,HPG,"39,500","39,300","39,450","39,650","39,150","39,419",-50,-0.13,2.37,93.53,0.00,0.00,2.37,93.53,"83,788.14"
1987,14/09/2018,HPG,"39,750","39,800","39,500","40,050","39,500","39,829",-250,-0.63,4.65,185.31,0.00,0.00,4.65,185.31,"83,894.33"
1988,13/09/2018,HPG,"39,500","39,700","39,750","40,250","39,500","39,931",250,0.63,4.75,189.72,1.70,64.20,6.45,253.92,"84,425.31"
1989,12/09/2018,HPG,"40,000","40,100","39,500","40,250","39,500","39,954",-500,-1.25,5.61,224.07,0.11,4.39,5.72,228.47,"83,894.33"
1990,11/09/2018,HPG,"39,200","39,050","40,000","40,200","39,050","39,884",800,2.04,6.92,275.94,0.82,30.26,7.74,306.19,"84,956.29"
1991,10/09/2018,HPG,"39,700","39,650","39,200","39,800","39,200","39,493",-500,-1.26,2.58,101.72,0.12,4.84,2.70,106.56,"83,257.16"
1992,07/09/2018,HPG,"38,650","38,600","39,700","39,800","38,600","39,339","1,050",2.72,5.41,212.72,0.30,10.80,5.71,223.52,"84,319.11"
1993,06/09/2018,HPG,"38,600","38,600","38,650","39,200","38,500","38,827",50,0.13,4.49,174.16,0.90,33.98,5.38,208.13,"82,089.01"
1994,05/09/2018,HPG,"39,000","38,800","38,600","39,250","38,500","38,872",-400,-1.03,4.63,180.09,0.00,0.00,4.63,180.09,"81,982.82"
1995,04/09/2018,HPG,"39,950","39,700","39,000","39,900","39,000","39,378",-950,-2.38,4.47,176.20,0.00,0.00,4.47,176.20,"82,832.38"
1996,31/08/2018,HPG,"39,650","39,800","39,950","40,350","39,600","39,976",300,0.76,6.13,245.23,0.30,11.99,6.43,257.23,"84,850.09"
1997,30/08/2018,HPG,"39,600","39,600","39,650","39,800","39,150","39,416",50,0.13,6.45,254.07,1.05,41.30,7.50,295.37,"84,212.92"
1998,29/08/2018,HPG,"39,900","40,000","39,600","40,650","39,600","40,050",-300,-0.75,6.88,275.47,0.00,0.00,6.88,275.47,"84,106.72"
1999,28/08/2018,HPG,"38,950","39,000","39,900","40,200","39,000","39,715",950,2.44,11.01,437.38,0.00,0.00,11.01,437.38,"84,743.90"
2000,27/08/2018,HPG,"38,350","38,600","38,950","39,300","38,500","39,022",600,1.56,5.47,213.43,0.38,13.74,5.85,227.17,"82,726.18"
2001,24/08/2018,HPG,"38,100","38,000","38,350","38,400","37,800","38,117",250,0.66,5.68,216.39,0.00,0.00,5.68,216.39,"81,451.84"
2002,23/08/2018,HPG,"38,000","37,900","38,100","38,350","37,900","38,165",100,0.26,3.85,146.87,0.00,0.00,3.85,146.87,"80,920.86"
2003,22/08/2018,HPG,"37,500","37,600","38,000","38,400","37,450","37,960",500,1.33,6.06,229.92,0.61,21.41,6.67,251.34,"80,708.47"
2004,21/08/2018,HPG,"37,250","37,100","37,500","37,500","37,050","37,225",250,0.67,3.42,127.42,0.00,0.00,3.42,127.42,"79,646.52"
2005,20/08/2018,HPG,"37,700","37,700","37,250","37,700","37,150","37,423",-450,-1.19,3.54,132.57,0.00,0.00,3.54,132.57,"79,115.54"
2006,17/08/2018,HPG,"37,500","37,900","37,700","38,200","37,450","37,819",200,0.53,3.75,141.64,0.00,0.00,3.75,141.64,"80,071.30"
2007,16/08/2018,HPG,"37,500","37,000","37,500","37,700","36,950",0,0,0.00,6.99,260.74,0.00,0.00,6.99,260.74,"79,646.52"
2008,15/08/2018,HPG,"38,500","38,500","37,500","38,750","37,300","37,953","-1,000",-2.60,4.69,177.82,0.00,0.00,4.69,177.82,"79,646.52"
2009,14/08/2018,HPG,"38,300","38,500","38,500","38,900","38,250","38,535",200,0.52,5.31,204.75,0.00,0.00,5.31,204.75,"81,770.43"
2010,13/08/2018,HPG,"37,000","36,900","38,300","38,350","36,700","37,839","1,300",3.51,11.40,431.37,0.00,0.00,11.40,431.37,"81,345.64"
2011,10/08/2018,HPG,"36,550","36,450","37,000","37,100","36,450","36,745",450,1.23,4.21,154.56,0.77,28.15,4.97,182.71,"78,584.57"
2012,09/08/2018,HPG,"36,700","36,900","36,550","37,200","36,500","36,869",-150,-0.41,4.59,169.10,0.77,28.52,5.36,197.62,"77,628.81"
2013,08/08/2018,HPG,"36,150","36,200","36,700","36,850","36,100","36,523",550,1.52,3.43,125.40,0.46,16.74,3.89,142.13,"77,947.39"
2014,07/08/2018,HPG,"36,150","36,150","36,150","36,150","35,800","36,032",0,0.00,4.87,175.34,0.84,30.30,5.71,205.64,"76,779.24"
2015,06/08/2018,HPG,"36,300","36,350","36,150","36,350","35,600","36,058",-150,-0.41,4.65,167.56,0.14,5.23,4.79,172.78,"76,779.24"
2016,03/08/2018,HPG,"37,250","37,500","36,300","37,550","36,300","36,760",-950,-2.55,5.95,218.71,0.00,0.00,5.95,218.71,"77,097.83"
2017,02/08/2018,HPG,"37,600","37,500","37,250","37,500","36,500","36,942",-350,-0.93,6.07,224.35,0.00,0.00,6.07,224.35,"79,115.54"
2018,01/08/2018,HPG,"37,350","37,400","37,600","38,150","37,300","37,820",250,0.67,6.86,259.40,0.15,5.67,7.01,265.07,"79,858.91"
2019,31/07/2018,HPG,"37,050","36,900","37,350","37,650","36,550","37,137",300,0.81,5.77,214.38,0.32,11.89,6.09,226.27,"79,327.93"
2020,30/07/2018,HPG,"37,300","37,600","37,050","37,800","36,900","37,417",-250,-0.67,6.04,226.00,0.00,0.00,6.04,226.00,"78,690.76"
2021,27/07/2018,HPG,"36,500","36,750","37,300","37,350","36,350","36,990",800,2.19,4.81,177.95,0.85,28.92,5.66,206.87,"79,221.74"
2022,26/07/2018,HPG,"35,500","35,500","36,500","36,500","35,400","35,834","1,000",2.82,8.22,294.44,0.23,7.75,8.45,302.19,"77,522.61"
2023,25/07/2018,HPG,"35,400","35,400","35,500","35,800","35,200","35,481",100,0.28,5.72,203.02,0.00,0.00,5.72,203.02,"75,398.70"
2024,24/07/2018,HPG,"36,950","36,900","35,400","36,950","35,100","35,803","-1,550",-4.19,12.25,438.44,0.00,0.00,12.25,438.44,"75,186.31"
2025,23/07/2018,HPG,"36,700","37,100","36,950","37,600","36,600","37,154",250,0.68,5.60,207.89,0.02,0.86,5.62,208.76,"78,478.37"
2026,20/07/2018,HPG,"37,200","36,800","36,700","37,000","36,250","36,594",-500,-1.34,4.98,182.10,0.00,0.00,4.98,182.10,"77,947.39"
2027,19/07/2018,HPG,"37,200","37,450","37,200","37,750","37,100","37,364",0,0.00,3.51,131.30,0.50,18.68,4.01,149.98,"79,009.35"
2028,18/07/2018,HPG,"36,100","36,300","37,200","37,350","36,100","36,844","1,100",3.05,6.33,233.25,2.00,67.80,8.33,301.05,"79,009.35"
2029,17/07/2018,HPG,"35,500","35,000","36,100","36,150","35,000","35,532",600,1.69,3.38,120.05,0.00,0.00,3.38,120.05,"76,673.05"
2030,16/07/2018,HPG,"35,600","36,100","35,500","36,250","35,350","35,928",-100,-0.28,3.33,119.62,2.00,71.20,5.33,190.82,"75,398.70"
2031,13/07/2018,HPG,"33,750","34,200","35,600","35,650","34,050","34,991","1,850",5.48,4.73,165.50,0.00,0.00,4.73,165.50,"75,611.10"
2032,12/07/2018,HPG,"34,400","33,300","33,750","34,150","33,200","33,758",-650,-1.89,3.33,112.33,0.00,0.00,3.33,112.33,"71,681.87"
2033,11/07/2018,HPG,"35,500","34,900","34,400","35,400","33,800","34,554","-1,100",-3.10,7.03,242.87,0.65,22.66,7.68,265.53,"73,062.41"
2034,10/07/2018,HPG,"35,700","35,500","35,500","36,100","35,500","35,676",-200,-0.56,3.02,107.87,1.72,61.13,4.74,168.99,"75,398.70"
2035,09/07/2018,HPG,"36,800","37,500","35,700","37,500","35,400","36,260","-1,100",-2.99,3.85,139.50,0.00,0.00,3.85,139.50,"75,823.49"
2036,06/07/2018,HPG,"36,100","36,050","36,800","37,800","35,200","36,389",700,1.94,5.28,192.10,0.29,10.49,5.57,202.60,"78,159.78"
2037,05/07/2018,HPG,"37,100","37,100","36,100","37,500","35,800","36,356","-1,000",-2.70,4.25,154.37,0.75,28.17,5.00,182.54,"76,673.05"
2038,04/07/2018,HPG,"36,300","36,800","37,100","37,450","36,200","36,832",800,2.20,3.77,138.82,0.00,0.00,3.77,138.82,"78,796.96"
2039,03/07/2018,HPG,"38,400","38,400","36,300","38,800","36,300","37,358","-2,100",-5.47,5.82,217.54,0.70,26.60,6.52,244.14,"77,097.83"
2040,02/07/2018,HPG,"38,400","38,000","38,400","38,500","37,000","37,786",0,0.00,6.22,235.15,0.65,23.98,6.87,259.12,"81,558.04"
2041,29/06/2018,HPG,"38,850","38,800","38,400","39,200","37,950","38,434",-450,-1.16,5.17,198.75,0.19,7.17,5.36,205.91,"81,558.04"
2042,28/06/2018,HPG,"39,500","38,800","38,850","39,800","38,600","39,164",-650,-1.65,4.26,166.85,0.32,11.93,4.58,178.78,"82,513.79"
2043,27/06/2018,HPG,"41,100","40,900","39,500","41,150","39,500","40,332","-1,600",-3.89,3.37,136.09,0.05,2.08,3.42,138.17,"83,894.33"
2044,26/06/2018,HPG,"41,500","40,600","41,100","41,150","40,000","40,663",-400,-0.96,2.67,108.68,0.45,17.42,3.12,126.10,"87,292.58"
2045,25/06/2018,HPG,"40,950","42,000","41,500","42,150","41,050","41,706",550,1.34,3.46,144.48,0.60,22.97,4.06,167.45,"62,958.78"
2046,22/06/2018,HPG,"39,250","39,000","40,950","40,950","38,800","40,000","1,700",4.33,7.18,287.13,0.07,2.67,7.25,289.80,"62,124.39"
2047,21/06/2018,HPG,"40,000","39,950","39,250","39,950","39,000","39,304",-750,-1.88,3.88,152.47,0.00,0.00,3.88,152.47,"59,545.35"
2048,20/06/2018,HPG,"38,350","39,000","40,000","40,000","37,800","39,105","1,650",4.30,5.77,225.55,0.00,0.00,5.77,225.55,"60,683.16"
2049,19/06/2018,HPG,"40,200","38,800","38,350","39,500","37,500","38,216","-1,850",-4.60,13.16,503.04,0.02,0.95,13.19,503.99,"58,179.98"
2050,18/06/2018,HPG,"43,000","42,700","40,200","42,700","40,200","41,282","-2,800",-6.51,7.39,305.00,0.52,21.50,7.91,326.50,"60,986.58"
2051,15/06/2018,HPG,"42,600","42,500","43,000","43,000","41,800","42,499",400,0.94,4.82,204.88,0.00,0.00,4.82,204.88,"65,234.40"
2052,14/06/2018,HPG,"43,400","43,800","42,600","44,450","42,550","43,417",-800,-1.84,6.57,285.44,0.00,0.00,6.57,285.44,"64,627.57"
2053,13/06/2018,HPG,"42,500","42,400","43,400","43,600","42,300","43,306",900,2.12,3.67,158.78,0.66,27.72,4.33,186.50,"65,841.23"
2054,12/06/2018,HPG,"43,300","44,300","42,500","44,300","41,700","43,068",-800,-1.85,10.59,456.15,0.24,10.36,10.83,466.50,"64,475.86"
2055,11/06/2018,HPG,"61,300","61,000","60,600","61,700","60,500","61,027",-700,-1.14,8.04,490.72,0.15,9.15,8.19,499.87,"91,934.99"
2056,08/06/2018,HPG,"61,900","62,000","61,300","62,000","61,200","61,549",-600,-0.97,3.60,221.60,0.09,5.53,3.69,227.13,"92,996.94"
2057,07/06/2018,HPG,"60,800","61,000","61,900","62,400","60,800","61,622","1,100",1.81,5.45,335.65,1.01,57.77,6.46,393.42,"93,907.19"
2058,06/06/2018,HPG,"59,000","59,200","60,800","61,000","58,500","59,972","1,800",3.05,6.06,363.63,0.50,27.60,6.56,391.23,"92,238.40"
2059,05/06/2018,HPG,"60,000","60,000","59,000","60,200","58,500","59,237","-1,000",-1.67,6.12,362.67,0.00,0.00,6.12,362.67,"89,507.66"
2060,04/06/2018,HPG,"57,000","57,900","60,000","60,000","57,300","59,090","3,000",5.26,5.65,333.64,0.81,45.97,6.46,379.60,"91,024.74"
2061,01/06/2018,HPG,"56,100","56,500","57,000","57,400","56,100","56,883",900,1.60,6.64,377.92,0.55,28.71,7.19,406.63,"86,473.50"
2062,31/05/2018,HPG,"52,800","52,900","56,100","56,100","52,800","55,331","3,300",6.25,9.23,510.83,0.99,52.36,10.23,563.19,"85,108.13"
2063,30/05/2018,HPG,"52,000","52,100","52,800","53,400","50,900","51,985",800,1.54,6.30,327.68,0.00,0.00,6.30,327.68,"80,101.77"
2064,29/05/2018,HPG,"48,700","48,700","52,000","52,100","48,700","50,819","3,300",6.78,4.98,253.23,0.25,11.33,5.23,264.55,"78,888.11"
2065,28/05/2018,HPG,"52,100","50,600","48,700","52,000","48,700","50,054","-3,400",-6.53,5.31,265.66,0.00,0.00,5.31,265.66,"73,881.75"
2066,25/05/2018,HPG,"52,400","52,400","52,100","53,300","51,800","52,680",-300,-0.57,5.35,281.70,0.87,44.86,6.22,326.56,"79,039.82"
2067,24/05/2018,HPG,"51,700","52,000","52,400","52,400","51,600","52,018",700,1.35,3.65,189.87,0.24,12.48,3.89,202.35,"79,494.94"
2068,23/05/2018,HPG,"50,500","50,300","51,700","52,000","50,300","51,010","1,200",2.38,3.29,167.90,0.10,5.11,3.39,173.01,"78,432.98"
2069,22/05/2018,HPG,"53,200","52,900","50,500","53,000","50,500","51,708","-2,700",-5.08,6.30,325.82,0.06,3.30,6.36,329.12,"76,612.49"
2070,21/05/2018,HPG,"53,900","54,500","53,200","54,600","53,200","53,841",-700,-1.30,2.37,127.41,0.24,12.22,2.61,139.63,"80,708.60"
2071,18/05/2018,HPG,"53,000","53,200","53,900","53,900","52,500","53,110",900,1.70,3.74,198.79,0.40,19.72,4.14,218.51,"81,770.56"
2072,17/05/2018,HPG,"54,000","54,000","53,000","54,200","52,800","53,265","-1,000",-1.85,4.12,219.32,0.00,0.00,4.12,219.32,"80,394.25"
2073,16/05/2018,HPG,"55,400","55,100","54,000","56,200","53,900","54,846","-1,400",-2.53,3.14,172.45,0.00,0.00,3.14,172.45,"81,911.12"
2074,15/05/2018,HPG,"55,800","55,900","55,400","56,200","55,200","55,681",-400,-0.72,2.48,138.25,0.20,10.38,2.68,148.63,"84,034.75"
2075,14/05/2018,HPG,"55,700","56,100","55,800","56,300","55,000","55,634",100,0.18,2.80,155.70,0.16,9.10,2.96,164.80,"84,641.50"
2076,11/05/2018,HPG,"55,200","54,600","55,700","55,800","54,500","55,235",500,0.91,2.73,150.72,0.00,0.00,2.73,150.72,"84,489.81"
2077,10/05/2018,HPG,"57,000","56,700","55,200","56,900","55,000","56,171","-1,800",-3.16,2.63,147.63,0.10,5.62,2.73,153.24,"83,731.37"
2078,09/05/2018,HPG,"57,000","56,800","57,000","57,500","56,100","56,853",0,0.00,2.02,114.64,0.34,19.33,2.36,133.97,"86,461.74"
2079,08/05/2018,HPG,"56,000","55,900","57,000","57,900","55,200","56,954","1,000",1.79,4.69,267.06,0.80,43.60,5.49,310.66,"86,461.74"
2080,07/05/2018,HPG,"54,000","54,400","56,000","56,000","53,900","54,777","2,000",3.70,3.77,206.72,0.31,16.89,4.08,223.61,"84,944.87"
2081,04/05/2018,HPG,"54,300","54,800","54,000","55,300","53,900","54,389",-300,-0.55,2.60,141.38,6.03,327.63,8.62,469.02,"81,911.12"
2082,03/05/2018,HPG,"54,400","54,300","54,300","54,500","53,400","53,938",-100,-0.18,5.33,287.26,1.37,73.78,6.69,361.03,"82,366.19"
2083,02/05/2018,HPG,"53,800","54,400","54,400","55,400","53,300","54,398",600,1.12,4.20,228.35,0.23,12.52,4.43,240.87,"82,517.87"
2084,27/04/2018,HPG,"53,500","53,500","53,800","54,000","51,800","52,991",300,0.56,5.14,272.12,0.00,0.00,5.14,272.12,"81,607.75"
2085,26/04/2018,HPG,"56,000","56,000","53,500","56,800","53,100","54,453","-2,500",-4.46,4.65,253.24,0.17,9.30,4.82,262.54,"81,152.69"
2086,24/04/2018,HPG,"55,600","55,500","56,000","56,900","55,000","56,072",400,0.72,3.81,213.56,0.00,0.00,3.81,213.56,"84,944.87"
2087,23/04/2018,HPG,"58,800","58,900","55,600","58,900","55,500","56,854","-3,200",-5.44,2.82,160.47,0.04,2.32,2.86,162.79,"84,338.12"
2088,20/04/2018,HPG,"57,000","57,000","58,800","58,800","56,200","57,387","1,800",3.16,3.30,189.25,0.00,0.00,3.30,189.25,"89,192.11"
2089,19/04/2018,HPG,"59,000","58,600","57,000","59,100","57,000","58,190","-2,000",-3.39,5.12,297.84,0.00,0.00,5.12,297.84,"86,461.74"
2090,18/04/2018,HPG,"59,700","59,900","59,000","60,200","59,000","59,592",-700,-1.17,2.76,164.34,0.00,0.00,2.76,164.34,"89,495.49"
2091,17/04/2018,HPG,"60,100","60,400","59,700","60,400","59,000","59,697",-400,-0.67,3.37,201.14,0.28,16.16,3.65,217.31,"90,557.30"
2092,16/04/2018,HPG,"61,200","60,500","60,100","61,000","60,100","60,428","-1,100",-1.80,2.18,131.62,0.13,8.04,2.31,139.67,"91,164.05"
2093,13/04/2018,HPG,"61,700","62,000","61,200","62,100","60,900","61,436",-500,-0.81,3.27,201.13,0.03,1.98,3.30,203.11,"92,832.61"
2094,12/04/2018,HPG,"60,500","60,200","61,700","61,900","59,900","60,902","1,200",1.98,4.51,274.85,0.00,0.00,4.51,274.85,"93,591.04"
2095,11/04/2018,HPG,"60,800","61,000","60,500","62,000","60,400","61,201",-300,-0.49,7.19,440.12,0.43,26.04,7.62,466.16,"91,770.80"
2096,10/04/2018,HPG,"60,800","60,800","60,800","61,100","60,100","60,775",0,0.00,4.65,282.72,6.46,391.75,11.11,674.47,"92,225.86"
2097,09/04/2018,HPG,"60,400","60,600","60,800","61,200","60,000","60,618",400,0.66,4.48,271.52,0.00,0.00,4.48,271.52,"92,225.86"
2098,06/04/2018,HPG,"58,800","58,700","60,400","60,400","58,500","59,417","1,600",2.72,4.90,291.09,0.83,47.12,5.73,338.21,"91,619.11"
2099,05/04/2018,HPG,"59,000","59,300","58,800","59,400","58,600","58,891",-200,-0.34,2.09,123.08,0.26,14.51,2.35,137.59,"89,192.11"
2100,04/04/2018,HPG,"58,500","59,000","59,000","59,300","58,500","58,872",500,0.85,2.91,171.24,0.50,29.14,3.41,200.38,"89,495.49"
2101,03/04/2018,HPG,"59,000","59,000","58,500","59,500","57,500","58,360",-500,-0.85,6.35,370.58,0.10,5.60,6.45,376.18,"88,737.05"
2102,02/04/2018,HPG,"60,400","60,500","59,000","60,600","59,000","59,516","-1,400",-2.32,6.09,362.68,0.00,0.00,6.09,362.68,"89,495.49"
2103,30/03/2018,HPG,"60,800","61,200","60,400","61,300","60,100","60,579",-400,-0.66,2.58,156.15,0.00,0.00,2.58,156.15,"91,619.11"
2104,29/03/2018,HPG,"59,900","60,000","60,800","61,200","59,800","60,411",900,1.50,3.68,222.52,0.69,42.05,4.37,264.57,"92,225.86"
2105,28/03/2018,HPG,"59,400","59,400","59,900","60,200","58,800","59,460",500,0.84,2.41,143.33,0.00,0.00,2.41,143.33,"90,860.67"
2106,27/03/2018,HPG,"58,900","58,600","59,400","59,900","58,600","59,147",500,0.85,5.80,342.95,0.00,0.00,5.80,342.95,"90,102.24"
2107,26/03/2018,HPG,"61,400","60,700","58,900","61,300","58,500","59,740","-2,500",-4.07,11.07,661.06,2.11,121.40,13.17,782.46,"89,343.80"
2108,23/03/2018,HPG,"62,800","60,500","61,400","62,000","60,500","61,273","-1,400",-2.23,5.42,332.16,0.25,15.34,5.67,347.49,"93,135.98"
2109,22/03/2018,HPG,"63,000","63,000","62,800","64,300","62,500","63,330",-200,-0.32,6.58,416.83,0.05,3.16,6.64,420.00,"95,259.60"
2110,21/03/2018,HPG,"61,500","61,600","63,000","63,400","61,600","62,708","1,500",2.44,4.87,305.17,0.03,1.65,4.89,306.82,"95,562.98"
2111,20/03/2018,HPG,"63,100","62,800","61,500","62,900","61,500","62,185","-1,600",-2.54,3.42,212.81,0.00,0.00,3.42,212.81,"93,287.67"
2112,19/03/2018,HPG,"60,200","61,000","63,100","63,900","61,000","62,725","2,900",4.82,5.22,327.36,0.20,12.70,5.42,340.06,"95,714.67"
2113,16/03/2018,HPG,"60,600","60,300","60,200","60,900","59,600","60,173",-400,-0.66,9.63,579.57,0.00,0.00,9.63,579.57,"91,315.73"
2114,15/03/2018,HPG,"61,800","61,500","60,600","61,500","60,400","60,946","-1,200",-1.94,4.15,252.88,0.00,0.00,4.15,252.88,"91,922.48"
2115,14/03/2018,HPG,"61,500","61,900","61,800","62,300","61,700","61,897",300,0.49,2.65,164.31,0.02,1.41,2.68,165.72,"93,742.73"
2116,13/03/2018,HPG,"62,000","61,900","61,500","62,000","61,200","61,566",-500,-0.81,2.93,180.14,0.00,0.00,2.93,180.14,"93,287.67"
2117,12/03/2018,HPG,"61,500","61,500","62,000","62,400","61,400","61,721",500,0.81,2.97,183.68,0.00,0.00,2.97,183.68,"94,046.11"
2118,09/03/2018,HPG,"61,800","62,000","61,500","62,400","61,200","61,721",-300,-0.49,4.79,295.80,0.06,3.96,4.85,299.76,"93,287.67"
2119,08/03/2018,HPG,"61,100","60,900","61,800","62,600","60,100","61,674",700,1.15,4.78,294.63,0.00,0.00,4.78,294.63,"93,742.73"
2120,07/03/2018,HPG,"63,900","61,500","61,100","63,900","60,500","62,039","-2,800",-4.38,6.71,416.44,0.22,13.09,6.93,429.53,"92,680.92"
2121,06/03/2018,HPG,"61,700","62,000","63,900","64,100","59,200","61,903","2,200",3.57,8.54,528.85,0.05,2.72,8.59,531.57,"96,928.16"
2122,05/03/2018,HPG,"66,300","66,200","61,700","66,300","61,700","63,121","-4,600",-6.94,18.96,"1,196.95",0.14,8.56,19.10,"1,205.52","93,591.04"
2123,02/03/2018,HPG,"66,700","65,100","66,300","66,700","64,700","65,623",-400,-0.60,7.75,508.33,0.07,4.62,7.82,512.95,"100,568.66"
2124,01/03/2018,HPG,"66,000","65,900","66,700","67,800","65,000","66,502",700,1.06,6.52,433.34,0.02,1.32,6.54,434.66,"101,175.41"
2125,28/02/2018,HPG,"64,100","63,500","66,000","66,000","62,900","64,411","1,900",2.96,11.05,711.79,0.76,49.03,11.81,760.82,"100,113.60"
2126,27/02/2018,HPG,"64,400","64,900","64,100","64,900","63,400","64,057",-300,-0.47,7.78,498.39,2.25,135.24,10.03,633.63,"97,231.54"
2127,26/02/2018,HPG,"61,600","62,900","64,400","64,600","62,200","63,419","2,800",4.55,8.76,555.65,0.05,3.07,8.81,558.72,"97,686.60"
2128,23/02/2018,HPG,"58,900","59,000","61,600","62,000","58,800","60,054","2,700",4.58,10.70,642.32,0.02,1.18,10.72,643.50,"93,439.36"
2129,22/02/2018,HPG,"60,000","59,500","58,900","59,600","58,700","59,106","-1,100",-1.83,4.93,291.33,0.10,5.91,5.03,297.24,"89,343.80"
2130,21/02/2018,HPG,"60,600","61,500","60,000","61,800","59,700","60,654",-600,-0.99,8.78,532.52,0.95,57.59,9.73,590.12,"91,012.36"
2131,13/02/2018,HPG,"58,800","59,000","60,600","61,100","59,000","60,027","1,800",3.06,5.28,317.05,0.02,1.12,5.30,318.17,"91,922.48"
2132,12/02/2018,HPG,"58,300","58,300","58,800","59,700","57,900","58,514",500,0.86,6.58,384.84,0.00,0.00,6.58,384.84,"89,192.11"
2133,09/02/2018,HPG,"59,700","56,800","58,300","59,400","56,800","58,162","-1,400",-2.35,9.03,525.13,0.05,2.80,9.08,527.93,"88,433.68"
2134,08/02/2018,HPG,"59,500","59,500","59,700","60,800","58,800","59,774",200,0.34,4.63,276.96,0.05,2.98,4.68,279.94,"90,557.30"
2135,07/02/2018,HPG,"58,000","60,500","59,500","61,500","59,100","60,444","1,500",2.59,5.68,343.45,1.76,105.29,7.44,448.73,"90,253.92"
2136,06/02/2018,HPG,"57,000","53,100","58,000","59,400","53,100","54,220","1,000",1.75,14.97,811.86,0.00,0.00,14.97,811.86,"87,978.62"
2137,05/02/2018,HPG,"61,100","59,900","57,000","60,400","57,000","58,590","-4,100",-6.71,7.32,428.72,0.04,2.34,7.36,431.06,"86,461.74"
2138,02/02/2018,HPG,"61,000","61,000","61,100","61,400","59,700","60,478",100,0.16,3.67,222.14,0.22,13.67,3.89,235.81,"92,680.92"
2139,01/02/2018,HPG,"62,300","62,300","61,000","63,000","60,500","61,374","-1,300",-2.09,2.81,172.65,0.00,0.00,2.81,172.65,"92,529.23"
2140,31/01/2018,HPG,"61,300","61,300","62,300","63,800","61,000","62,827","1,000",1.63,5.54,348.17,0.57,35.70,6.11,383.87,"94,501.17"
2141,30/01/2018,HPG,"61,500","60,500","61,300","61,500","58,500","60,281",-200,-0.33,10.29,620.39,0.04,2.54,10.33,622.93,"92,984.29"
2142,29/01/2018,HPG,"63,900","64,500","61,500","65,000","61,500","62,546","-2,400",-3.76,5.10,318.99,0.07,4.47,5.17,323.46,"93,287.67"
2143,26/01/2018,HPG,"61,500","62,000","63,900","64,500","61,000","62,950","2,400",3.90,5.00,314.65,0.00,0.00,5.00,314.65,"96,928.16"
2144,25/01/2018,HPG,"63,600","64,900","61,500","65,000","61,000","62,789","-2,100",-3.30,13.77,864.80,1.46,91.32,15.23,956.12,"93,287.67"
2145,22/01/2018,HPG,"59,700","59,500","63,600","63,800","59,500","61,663","3,900",6.53,6.66,410.82,0.04,2.37,6.70,413.19,"96,473.10"
2146,19/01/2018,HPG,"56,000","56,000","59,700","59,900","55,600","58,337","3,700",6.61,7.23,421.96,0.12,6.99,7.35,428.95,"90,557.30"
2147,18/01/2018,HPG,"53,600","53,400","56,000","56,000","52,800","53,804","2,400",4.48,5.54,298.20,0.08,4.14,5.62,302.35,"84,946.94"
2148,17/01/2018,HPG,"56,000","53,600","53,600","56,200","53,600","54,962","-2,400",-4.29,5.03,276.38,0.04,2.01,5.06,278.40,"81,306.36"
2149,16/01/2018,HPG,"54,600","56,000","56,000","56,000","53,600","54,760","1,400",2.56,4.33,237.05,0.45,24.06,4.78,261.10,"84,946.94"
2150,15/01/2018,HPG,"52,100","51,900","54,600","54,600","51,600","52,961","2,500",4.80,3.41,180.51,0.05,2.60,3.46,183.11,"82,823.27"
2151,12/01/2018,HPG,"51,700","52,100","52,100","52,900","51,200","52,207",400,0.77,5.39,281.57,0.05,2.40,5.44,283.98,"79,030.99"
2152,11/01/2018,HPG,"51,700","51,500","51,700","51,900","50,400","51,085",0,0.00,5.28,269.96,0.10,4.85,5.38,274.81,"78,424.23"
2153,10/01/2018,HPG,"52,900","53,500","51,700","54,000","50,600","52,329","-1,200",-2.27,6.23,326.12,0.02,0.98,6.25,327.10,"78,424.23"
2154,09/01/2018,HPG,"49,500","49,800","52,900","52,900","49,700","51,152","3,400",6.87,5.70,291.68,0.13,6.63,5.83,298.31,"80,244.52"
2155,08/01/2018,HPG,"48,000","47,700","49,500","49,500","47,500","48,291","1,500",3.13,3.70,178.81,0.00,0.00,3.70,178.81,"75,087.03"
2156,05/01/2018,HPG,"48,200","48,100","48,000","48,450","47,650","48,129",-200,-0.41,3.66,176.17,0.00,0.00,3.66,176.17,"72,811.66"
2157,04/01/2018,HPG,"47,600","47,800","48,200","48,400","47,600","48,040",600,1.26,4.64,222.92,0.13,6.03,4.77,228.95,"73,115.05"
2158,03/01/2018,HPG,"47,700","48,000","47,600","48,500","47,300","47,953",-100,-0.21,4.83,231.53,0.10,4.87,4.93,236.39,"72,204.90"
2159,02/01/2018,HPG,"46,850","46,950","47,700","47,750","46,450","47,006",850,1.81,4.11,192.97,0.00,0.00,4.11,192.97,"72,356.59"
