No,Date,Ticker,Reference,Open_price,Close_price,Highest_price,Lowest_price,Average,Change,Change_percent,Matched_volume,Matched_value,Negotiated_volume,Negotiated_value,Total_volume,Total_value,Market_cap
1,28/08/2026,MCH,"142,000","143,000","143,000","143,500","140,900","141,758","1,000",0.70,0.44,62.98,0.36,51.45,0.80,114.44,"186,958.91"
2,27/08/2026,MCH,"141,900","141,600","142,000","142,200","140,800","141,544",100,0.07,0.25,34.96,0.00,0.00,0.25,34.96,"185,651.50"
3,26/08/2026,MCH,"141,800","142,100","141,900","142,300","140,600","141,745",100,0.07,0.39,55.50,1.08,153.29,1.47,208.79,"185,520.76"
4,25/08/2026,MCH,"139,700","139,800","141,800","142,500","139,800","141,606","2,100",1.50,0.80,113.35,0.00,0.00,0.80,113.35,"185,390.02"
5,24/08/2026,MCH,"139,500","140,300","139,700","140,800","139,300","139,948",200,0.14,0.28,39.02,0.02,2.60,0.30,41.62,"182,644.47"
6,21/08/2026,MCH,"138,000","137,200","139,500","140,000","136,700","138,627","1,500",1.09,0.46,64.37,0.00,0.00,0.46,64.37,"182,382.99"
7,20/08/2026,MCH,"136,600","136,500","138,000","138,500","136,500","137,784","1,400",1.02,0.55,76.26,0.00,0.00,0.55,76.26,"180,421.88"
8,19/08/2026,MCH,"135,900","134,500","136,600","136,600","134,500","135,233",700,0.52,0.20,26.97,0.00,0.00,0.20,26.97,"178,591.52"
9,18/08/2026,MCH,"136,900","137,300","135,900","137,300","134,000","135,395","-1,000",-0.73,0.33,44.98,0.00,0.00,0.33,44.98,"177,676.33"
10,17/08/2026,MCH,"136,800","136,800","136,900","137,600","135,400","136,403",100,0.07,0.25,33.48,0.00,0.00,0.25,33.48,"178,983.74"
11,14/08/2026,MCH,"136,900","136,900","136,800","138,900","135,000","136,347",-100,-0.07,0.32,43.78,0.00,0.00,0.32,43.78,"178,853.00"
12,13/08/2026,MCH,"136,200","136,800","136,900","138,100","136,200","137,062",700,0.51,0.29,40.01,0.00,0.00,0.29,40.01,"178,983.74"
13,12/08/2026,MCH,"136,000","136,000","136,200","138,200","135,400","137,041",200,0.15,0.26,35.92,0.00,0.00,0.26,35.92,"178,068.55"
14,11/08/2026,MCH,"136,000","136,200","136,000","137,000","135,500","136,035",0,0.00,0.19,25.24,0.00,0.00,0.19,25.24,"177,807.07"
15,10/08/2026,MCH,"134,900","135,000","136,000","136,000","133,500","134,988","1,100",0.82,0.22,29.26,0.00,0.00,0.22,29.26,"177,807.07"
16,07/08/2026,MCH,"136,900","136,900","136,900","137,000","135,000","135,993",0,0.00,0.28,38.00,0.00,0.00,0.28,38.00,"178,983.74"
17,06/08/2026,MCH,"137,000","137,000","136,900","137,200","136,000","136,765",-100,-0.07,0.08,10.72,0.00,0.00,0.08,10.72,"178,983.74"
18,05/08/2026,MCH,"138,000","138,000","137,000","138,000","137,000","137,099","-1,000",-0.72,0.23,31.07,0.42,54.44,0.65,85.51,"179,114.48"
19,04/08/2026,MCH,"137,700","137,600","138,000","138,100","135,300","136,582",300,0.22,0.25,33.92,1.58,222.54,1.83,256.46,"180,421.88"
20,03/08/2026,MCH,"141,000","140,900","137,700","141,000","136,800","137,802","-3,300",-2.34,0.44,61.10,0.78,102.72,1.22,163.82,"180,029.66"
21,31/07/2026,MCH,"142,900","143,000","141,000","143,600","139,900","141,007","-1,900",-1.33,1.49,210.54,0.00,0.00,1.49,210.54,"184,344.10"
22,30/07/2026,MCH,"138,900","138,900","142,900","142,900","137,000","139,335","4,000",2.88,1.00,139.39,0.10,14.29,1.10,153.68,"186,828.17"
23,29/07/2026,MCH,"138,900","139,000","138,900","139,600","137,000","138,459",0,0.00,0.71,98.81,0.18,26.75,0.89,125.56,"181,598.55"
24,28/07/2026,MCH,"137,500","137,500","138,900","139,400","135,500","138,024","1,400",1.02,0.81,111.36,1.45,199.93,2.26,311.28,"181,598.55"
25,27/07/2026,MCH,"135,000","135,000","137,500","138,000","135,000","136,741","2,500",1.85,0.55,75.76,0.00,0.00,0.55,75.76,"179,768.18"
26,24/07/2026,MCH,"136,000","135,800","135,000","136,000","133,200","134,608","-1,000",-0.74,0.09,12.15,0.00,0.00,0.09,12.15,"176,499.67"
27,23/07/2026,MCH,"134,800","134,800","136,000","136,000","133,300","134,799","1,200",0.89,0.11,14.36,0.06,8.64,0.17,23.00,"177,807.07"
28,22/07/2026,MCH,"137,800","135,700","134,800","139,000","133,500","135,735","-3,000",-2.18,0.27,36.65,0.00,0.00,0.27,36.65,"176,238.19"
29,21/07/2026,MCH,"135,300","135,100","137,800","138,200","134,500","137,038","2,500",1.85,0.38,51.68,0.00,0.00,0.38,51.68,"180,160.40"
30,20/07/2026,MCH,"138,900","139,000","135,300","139,000","134,300","135,514","-3,600",-2.59,0.16,21.29,0.00,0.00,0.16,21.29,"176,891.89"
31,17/07/2026,MCH,"137,800","137,800","138,900","140,000","136,500","138,503","1,100",0.80,0.31,42.87,0.05,7.15,0.36,50.02,"181,598.55"
32,16/07/2026,MCH,"138,000","138,800","137,800","138,800","135,100","136,376",-200,-0.14,0.11,15.27,0.00,0.00,0.11,15.27,"180,160.40"
33,15/07/2026,MCH,"139,900","140,000","138,000","141,800","137,200","138,516","-1,900",-1.36,0.17,23.08,0.00,0.00,0.17,23.08,"180,421.88"
34,14/07/2026,MCH,"134,000","133,900","139,900","139,900","133,900","139,072","5,900",4.40,0.37,50.97,0.00,0.00,0.37,50.97,"182,905.95"
35,13/07/2026,MCH,"136,000","136,800","134,000","136,800","133,100","134,357","-2,000",-1.47,0.10,12.78,8.11,"1,037.75",8.20,"1,050.53","175,192.26"
36,10/07/2026,MCH,"133,800","133,800","136,000","137,100","133,700","135,498","2,200",1.64,0.11,15.40,0.00,0.00,0.11,15.40,"177,802.64"
37,09/07/2026,MCH,"136,800","134,600","133,800","135,200","132,800","133,585","-3,000",-2.19,0.17,23.33,0.00,0.00,0.17,23.33,"173,198.88"
38,08/07/2026,MCH,"137,600","137,600","136,800","138,400","134,000","135,268",-800,-0.58,0.19,25.45,0.00,0.00,0.19,25.45,"177,082.26"
39,07/07/2026,MCH,"139,000","137,900","137,600","139,500","137,000","137,899","-1,400",-1.01,0.14,19.35,16.00,"2,147.19",16.14,"2,166.54","178,117.83"
40,06/07/2026,MCH,"140,400","140,400","139,000","141,400","138,000","139,278","-1,400",-1.00,0.33,46.47,0.00,0.00,0.33,46.47,"179,930.07"
41,03/07/2026,MCH,"138,700","138,700","140,400","141,400","138,700","140,175","1,700",1.23,0.63,87.99,0.00,0.00,0.63,87.99,"181,742.32"
42,02/07/2026,MCH,"140,700","141,000","138,700","142,000","138,000","138,803","-2,000",-1.42,0.31,43.37,0.00,0.00,0.31,43.37,"179,541.74"
43,01/07/2026,MCH,"134,000","135,000","140,700","141,500","135,000","139,332","6,700",5.00,0.88,123.29,2.50,315.21,3.38,438.50,"182,130.66"
44,30/06/2026,MCH,"131,000","131,200","134,000","134,600","131,200","133,363","3,000",2.29,0.29,38.22,0.00,0.00,0.29,38.22,"173,457.77"
45,29/06/2026,MCH,"127,800","128,900","131,000","132,200","128,800","130,890","3,200",2.50,0.22,28.30,0.00,0.00,0.22,28.30,"169,574.39"
46,26/06/2026,MCH,"128,000","127,100","127,800","128,600","127,000","127,931",-200,-0.16,0.28,36.08,2.10,252.00,2.38,288.08,"165,432.11"
47,25/06/2026,MCH,"128,000","127,100","128,000","128,600","127,000","127,780",0,0.00,0.29,37.09,0.04,5.44,0.33,42.53,"165,691.00"
48,24/06/2026,MCH,"127,100","128,300","128,000","128,300","126,100","126,801",900,0.71,0.47,59.86,0.00,0.00,0.47,59.86,"165,691.00"
49,23/06/2026,MCH,"128,500","128,600","127,100","129,200","127,000","127,906","-1,400",-1.09,0.24,30.70,0.00,0.00,0.24,30.70,"164,525.99"
50,22/06/2026,MCH,"126,500","126,500","128,500","128,900","126,500","127,742","2,000",1.58,0.46,59.21,0.00,0.00,0.46,59.21,"166,338.23"
51,19/06/2026,MCH,"130,000","129,500","126,500","130,000","126,500","128,451","-3,500",-2.69,0.47,59.78,0.00,0.00,0.47,59.78,"163,749.31"
52,18/06/2026,MCH,"130,000","129,400","130,000","130,000","129,100","129,536",0,0.00,0.11,13.72,0.00,0.00,0.11,13.72,"168,279.93"
53,17/06/2026,MCH,"130,300","129,500","130,000","130,300","129,300","129,877",-300,-0.23,0.48,61.96,0.00,0.00,0.48,61.96,"168,279.93"
54,16/06/2026,MCH,"130,300","130,400","130,300","130,400","129,300","129,769",0,0.00,0.47,61.30,0.00,0.00,0.47,61.30,"168,668.26"
55,15/06/2026,MCH,"130,300","129,500","130,300","130,300","129,300","129,616",0,0.00,0.11,13.75,0.00,0.00,0.11,13.75,"168,668.26"
56,12/06/2026,MCH,"130,300","130,200","130,300","130,300","129,400","129,884",0,0.00,0.47,61.45,0.00,0.00,0.47,61.45,"168,668.26"
57,11/06/2026,MCH,"130,300","130,300","130,300","130,300","129,400","129,924",0,0.00,0.46,60.17,0.00,0.00,0.46,60.17,"168,668.26"
58,10/06/2026,MCH,"130,000","130,000","130,300","130,500","129,500","129,998",300,0.23,0.09,12.12,0.00,0.00,0.09,12.12,"168,668.26"
59,09/06/2026,MCH,"129,500","129,500","130,000","130,000","129,000","129,515",500,0.39,0.46,59.76,0.00,0.00,0.46,59.76,"168,279.93"
60,08/06/2026,MCH,"131,500","131,000","129,500","131,500","128,500","129,606","-2,000",-1.52,0.48,62.55,0.00,0.00,0.48,62.55,"167,632.69"
61,05/06/2026,MCH,"132,500","132,400","131,500","132,400","130,500","131,116","-1,000",-0.75,0.10,13.75,0.00,0.00,0.10,13.75,"170,221.62"
62,04/06/2026,MCH,"132,500","132,000","132,500","133,000","131,000","131,764",0,0.00,0.46,61.11,0.00,0.00,0.46,61.11,"171,516.08"
63,03/06/2026,MCH,"132,500","131,600","132,500","132,500","130,100","131,687",0,0.00,0.10,13.12,0.00,0.00,0.10,13.12,"171,516.08"
64,02/06/2026,MCH,"132,500","133,900","132,500","133,900","131,600","132,830",0,0.00,0.49,65.16,0.00,0.00,0.49,65.16,"171,516.08"
65,01/06/2026,MCH,"135,000","133,800","132,500","134,000","131,400","132,344","-2,500",-1.85,0.47,61.88,0.00,0.00,0.47,61.88,"171,516.08"
66,29/05/2026,MCH,"130,500","129,000","135,000","135,000","127,500","130,652","4,500",3.45,0.14,18.82,0.40,55.84,0.54,74.66,"174,752.23"
67,28/05/2026,MCH,"132,200","132,300","130,500","132,300","130,000","130,486","-1,700",-1.29,0.06,8.25,0.00,0.00,0.06,8.25,"168,927.16"
68,27/05/2026,MCH,"131,800","132,100","132,200","132,500","131,300","131,920",400,0.30,0.45,59.30,0.00,0.00,0.45,59.30,"171,127.74"
69,26/05/2026,MCH,"131,000","131,900","131,800","131,900","130,200","131,138",800,0.61,0.44,57.54,0.40,48.76,0.84,106.30,"170,609.95"
70,25/05/2026,MCH,"130,400","128,300","131,000","131,000","128,300","130,215",600,0.46,0.12,15.04,0.00,0.00,0.12,15.04,"169,574.39"
71,22/05/2026,MCH,"131,000","131,000","130,400","131,000","129,000","130,192",-600,-0.46,0.43,56.42,0.40,52.40,0.83,108.82,"168,797.71"
72,21/05/2026,MCH,"131,000","131,000","131,000","132,000","130,300","130,933",0,0.00,0.43,56.66,0.00,0.00,0.43,56.66,"169,574.39"
73,20/05/2026,MCH,"131,000","131,800","131,000","131,800","128,100","129,520",0,0.00,0.11,14.23,0.00,0.00,0.11,14.23,"169,574.39"
74,19/05/2026,MCH,"132,000","133,700","131,000","133,700","131,000","131,910","-1,000",-0.76,0.45,59.48,0.00,0.00,0.45,59.48,"169,574.39"
75,18/05/2026,MCH,"133,000","132,800","132,000","133,000","130,000","131,501","-1,000",-0.75,0.43,56.56,0.00,0.00,0.43,56.56,"170,868.85"
76,15/05/2026,MCH,"134,000","135,000","133,000","135,500","132,100","133,586","-1,000",-0.75,0.10,13.63,0.00,0.00,0.10,13.63,"172,163.31"
77,14/05/2026,MCH,"130,000","131,900","134,000","134,400","130,100","132,350","4,000",3.08,0.45,59.59,0.00,0.00,0.45,59.59,"173,457.77"
78,13/05/2026,MCH,"126,000","125,600","130,000","130,000","125,600","127,544","4,000",3.17,0.43,55.36,0.00,0.00,0.43,55.36,"168,279.93"
79,12/05/2026,MCH,"126,000","125,100","126,000","126,500","125,000","125,912",0,0.00,0.44,55.72,0.00,0.00,0.44,55.72,"163,102.08"
80,11/05/2026,MCH,"130,800","130,900","126,000","131,400","126,000","129,189","-4,800",-3.67,0.49,63.24,0.00,0.00,0.49,63.24,"163,102.08"
81,08/05/2026,MCH,"131,700","131,200","130,800","132,600","130,500","131,225",-900,-0.68,0.10,13.27,0.00,0.00,0.10,13.27,"169,315.49"
82,07/05/2026,MCH,"131,700","131,200","131,700","134,700","130,500","131,839",0,0.00,0.43,56.28,0.00,0.00,0.43,56.28,"170,480.51"
83,06/05/2026,MCH,"135,000","134,000","131,700","135,000","131,000","131,907","-3,300",-2.44,0.29,38.81,0.00,0.00,0.29,38.81,"170,480.51"
84,05/05/2026,MCH,"136,500","136,500","135,000","136,500","134,000","135,058","-1,500",-1.10,0.04,5.80,0.00,0.00,0.04,5.80,"174,752.23"
85,04/05/2026,MCH,"137,000","137,000","136,500","138,000","133,000","135,324",-500,-0.36,0.19,26.01,0.00,0.00,0.19,26.01,"176,693.92"
86,29/04/2026,MCH,"139,500","137,700","137,000","138,000","135,000","135,604","-2,500",-1.79,0.22,29.64,0.00,0.00,0.22,29.64,"177,341.15"
87,28/04/2026,MCH,"139,500","137,700","139,500","139,500","137,700","139,232",0,0.00,0.08,11.50,0.00,0.00,0.08,11.50,"180,577.30"
88,24/04/2026,MCH,"140,000","140,000","139,500","140,300","138,300","139,526",-500,-0.36,0.24,33.09,0.00,0.00,0.24,33.09,"180,577.30"
89,23/04/2026,MCH,"140,100","138,700","140,000","140,000","138,100","138,533",-100,-0.07,0.33,45.76,0.00,0.00,0.33,45.76,"181,224.53"
90,22/04/2026,MCH,"140,100","139,800","140,100","140,100","138,300","139,027",0,0.00,0.33,46.04,0.00,0.00,0.33,46.04,"181,353.98"
91,21/04/2026,MCH,"141,300","141,200","140,100","141,300","139,500","140,307","-1,200",-0.85,0.34,47.28,0.00,0.00,0.34,47.28,"181,353.98"
92,20/04/2026,MCH,"141,000","141,000","141,300","141,600","140,600","141,177",300,0.21,0.31,43.97,0.00,0.00,0.31,43.97,"182,907.33"
93,17/04/2026,MCH,"140,000","140,000","141,000","143,700","139,600","141,460","1,000",0.71,0.30,42.90,0.00,0.00,0.30,42.90,"182,519.00"
94,16/04/2026,MCH,"140,000","140,000","140,000","140,100","139,000","139,579",0,0.00,0.30,42.03,0.00,0.00,0.30,42.03,"181,224.53"
95,15/04/2026,MCH,"140,000","140,000","140,000","140,000","139,000","139,750",0,0.00,0.32,44.70,0.00,0.00,0.32,44.70,"181,224.53"
96,14/04/2026,MCH,"140,000","140,000","140,000","140,300","139,000","139,763",0,0.00,0.30,42.19,0.00,0.00,0.30,42.19,"181,224.53"
97,13/04/2026,MCH,"140,000","140,000","140,000","140,000","138,200","139,385",0,0.00,0.31,43.50,0.00,0.00,0.31,43.50,"181,224.53"
98,10/04/2026,MCH,"140,400","140,400","140,000","140,600","139,500","139,825",-400,-0.28,0.26,36.07,0.00,0.00,0.26,36.07,"181,224.53"
99,09/04/2026,MCH,"141,200","141,200","140,400","141,200","137,600","138,920",-800,-0.57,0.38,52.45,0.00,0.00,0.38,52.45,"181,742.32"
100,08/04/2026,MCH,"140,100","143,400","141,200","143,400","140,000","140,768","1,100",0.79,0.20,28.26,0.00,0.00,0.20,28.26,"182,777.89"
101,07/04/2026,MCH,"140,100","140,100","140,100","140,100","138,600","139,673",0,0.00,0.17,24.11,0.00,0.00,0.17,24.11,"181,353.98"
102,06/04/2026,MCH,"140,700","139,900","140,100","142,400","139,600","140,317",-600,-0.43,0.19,26.85,0.00,0.00,0.19,26.85,"181,353.98"
103,03/04/2026,MCH,"141,000","141,000","140,700","143,000","138,100","139,459",-300,-0.21,0.21,28.86,0.00,0.00,0.21,28.86,"182,130.66"
104,02/04/2026,MCH,"144,000","142,000","141,000","142,800","139,800","140,539","-3,000",-2.08,0.27,37.46,0.00,0.00,0.27,37.46,"182,519.00"
105,01/04/2026,MCH,"144,000","144,000","144,000","145,000","143,000","144,162",0,0.00,0.17,24.66,0.00,0.00,0.17,24.66,"186,402.38"
106,31/03/2026,MCH,"144,500","144,500","144,000","144,500","141,700","143,032",-500,-0.35,0.17,24.32,0.00,0.00,0.17,24.32,"186,402.38"
107,30/03/2026,MCH,"145,200","144,000","144,500","144,800","140,200","141,769",-700,-0.48,0.18,25.28,0.00,0.00,0.18,25.28,"187,049.61"
108,27/03/2026,MCH,"147,000","146,000","145,200","146,000","141,900","142,818","-1,800",-1.22,0.22,32.08,0.00,0.00,0.22,32.08,"187,955.73"
109,26/03/2026,MCH,"147,500","147,400","147,000","147,400","144,500","145,482",-500,-0.34,0.06,9.09,0.00,0.00,0.06,9.09,"190,285.76"
110,25/03/2026,MCH,"147,500","147,500","147,500","148,000","144,000","145,343",0,0.00,0.20,28.64,0.00,0.00,0.20,28.64,"190,932.99"
111,24/03/2026,MCH,"145,600","149,100","147,500","150,000","143,500","147,713","1,900",1.30,0.11,16.79,0.00,0.00,0.11,16.79,"190,932.99"
112,23/03/2026,MCH,"155,000","147,500","145,600","150,000","144,200","144,728","-9,400",-6.06,0.49,70.33,0.00,0.00,0.49,70.33,"188,473.52"
113,20/03/2026,MCH,"161,000","158,000","155,000","159,000","155,000","157,068","-6,000",-3.73,2.21,343.18,5.77,894.75,7.98,"1,237.93","200,641.45"
114,19/03/2026,MCH,"161,000","155,500","161,000","161,000","154,000","157,462",0,0.00,0.82,129.64,0.00,0.00,0.82,129.64,"208,408.21"
115,18/03/2026,MCH,"160,200","162,000","161,000","163,000","150,200","158,996",800,0.50,0.41,65.78,0.72,107.35,1.13,173.13,"208,408.21"
116,17/03/2026,MCH,"149,800","153,900","160,200","160,200","150,300","157,088","10,400",6.94,2.59,407.79,0.00,0.00,2.59,407.79,"207,372.65"
117,16/03/2026,MCH,"140,000","149,800","149,800","149,800","148,100","149,414","9,800",7.00,1.48,221.70,0.00,0.00,1.48,221.70,"193,910.25"
118,13/03/2026,MCH,"140,400","139,000","140,000","140,400","135,200","137,591",-400,-0.28,0.38,53.12,0.00,0.00,0.38,53.12,"181,224.53"
119,12/03/2026,MCH,"145,000","145,200","140,400","145,200","138,500","139,624","-4,600",-3.17,0.12,16.53,0.00,0.00,0.12,16.53,"181,742.32"
120,11/03/2026,MCH,"138,000","136,500","145,000","145,000","136,500","143,111","7,000",5.07,0.09,13.45,0.00,0.00,0.09,13.45,"187,696.84"
121,10/03/2026,MCH,"132,200","132,300","138,000","141,400","132,300","137,214","5,800",4.39,0.33,44.83,0.00,0.00,0.33,44.83,"178,635.61"
122,09/03/2026,MCH,"142,100","132,500","132,200","133,400","132,200","132,307","-9,900",-6.97,0.21,27.62,0.00,0.00,0.21,27.62,"171,127.74"
123,06/03/2026,MCH,"150,100","149,500","142,100","149,500","141,800","144,224","-8,000",-5.33,0.22,31.42,0.00,0.00,0.22,31.42,"183,942.90"
124,05/03/2026,MCH,"160,000","165,000","150,100","166,000","150,000","158,433","-9,900",-6.19,0.32,51.47,0.00,0.00,0.32,51.47,"194,298.59"
125,04/03/2026,MCH,"150,800","152,000","160,000","160,000","151,100","155,842","9,200",6.10,0.81,126.43,0.00,0.00,0.81,126.43,"207,113.75"
126,03/03/2026,MCH,"141,000","137,000","150,800","150,800","137,000","146,701","9,800",6.95,0.44,64.76,0.00,0.00,0.44,64.76,"195,204.71"
127,02/03/2026,MCH,"141,000","135,000","141,000","141,000","134,800","137,894",0,0.00,0.26,35.95,0.00,0.00,0.26,35.95,"182,519.00"
128,27/02/2026,MCH,"146,000","144,100","141,000","144,500","139,000","141,419","-5,000",-3.42,0.33,45.95,0.00,0.00,0.33,45.95,"182,519.00"
129,26/02/2026,MCH,"147,000","146,000","146,000","146,000","144,000","144,921","-1,000",-0.68,0.05,7.11,0.00,0.00,0.05,7.11,"188,991.30"
130,25/02/2026,MCH,"149,000","146,800","147,000","148,500","138,600","144,716","-2,000",-1.34,0.22,31.20,0.00,0.00,0.22,31.20,"190,285.76"
131,24/02/2026,MCH,"149,000","147,000","149,000","149,000","145,800","147,745",0,0.00,0.05,7.77,0.00,0.00,0.05,7.77,"192,874.68"
132,23/02/2026,MCH,"149,000","149,000","149,000","149,000","145,600","147,190",0,0.00,0.08,12.46,0.00,0.00,0.08,12.46,"192,874.68"
133,13/02/2026,MCH,"149,000","145,000","149,000","149,000","145,000","146,582",0,0.00,0.07,10.33,0.00,0.00,0.07,10.33,"192,874.68"
134,12/02/2026,MCH,"150,000","145,700","149,000","150,000","144,700","145,798","-1,000",-0.67,0.23,32.98,0.00,0.00,0.23,32.98,"192,874.68"
135,11/02/2026,MCH,"150,000","150,000","150,000","150,000","143,100","146,083",0,0.00,0.11,15.70,4.48,635.55,4.58,651.25,"194,169.14"
136,10/02/2026,MCH,"152,300","152,200","150,000","152,200","141,700","145,069","-2,300",-1.51,0.35,51.04,0.00,0.00,0.35,51.04,"194,169.14"
137,09/02/2026,MCH,"152,300","152,300","152,300","152,400","151,200","152,180",0,0.00,0.12,18.61,0.00,0.00,0.12,18.61,"197,146.40"
138,06/02/2026,MCH,"154,600","154,600","152,300","154,600","151,800","152,466","-2,300",-1.49,0.11,17.31,0.00,0.00,0.11,17.31,"197,146.40"
139,05/02/2026,MCH,"157,200","157,200","154,600","158,000","154,600","155,772","-2,600",-1.65,0.11,17.80,0.00,0.00,0.11,17.80,"200,123.66"
140,04/02/2026,MCH,"155,600","155,600","157,200","158,200","155,000","156,949","1,600",1.03,0.18,27.89,0.00,0.00,0.18,27.89,"203,489.26"
141,03/02/2026,MCH,"153,900","153,900","155,600","156,900","152,100","155,239","1,700",1.10,0.22,34.30,0.00,0.00,0.22,34.30,"201,418.13"
142,02/02/2026,MCH,"159,100","159,000","153,900","159,200","152,900","155,661","-5,200",-3.27,0.20,30.45,0.00,0.00,0.20,30.45,"164,301.82"
143,30/01/2026,MCH,"158,100","161,900","159,100","161,900","158,200","159,161","1,000",0.63,0.20,32.45,0.00,0.00,0.20,32.45,"168,121.82"
144,29/01/2026,MCH,"157,100","156,500","158,100","162,000","156,500","159,824","1,000",0.64,0.47,75.24,0.00,0.00,0.47,75.24,"167,065.12"
145,28/01/2026,MCH,"158,500","158,500","157,100","159,100","156,500","157,997","-1,400",-0.88,0.20,31.70,0.00,0.00,0.20,31.70,"166,008.41"
146,27/01/2026,MCH,"158,500","158,500","158,500","158,900","156,000","157,842",0,0.00,0.15,23.51,0.00,0.00,0.15,23.51,"167,487.80"
147,26/01/2026,MCH,"158,800","160,700","158,500","160,800","157,000","158,910",-300,-0.19,0.13,20.79,0.00,0.00,0.13,20.79,"167,487.80"
148,23/01/2026,MCH,"158,800","158,900","158,800","160,000","157,500","158,819",0,0.00,0.17,26.52,1.00,158.00,1.17,184.52,"167,804.81"
149,22/01/2026,MCH,"159,800","160,500","158,800","160,500","156,000","157,978","-1,000",-0.63,0.21,34.01,0.00,0.00,0.21,34.01,"167,804.81"
150,21/01/2026,MCH,"161,800","161,800","159,800","162,000","158,000","160,242","-2,000",-1.24,0.19,30.27,0.00,0.00,0.19,30.27,"168,861.52"
151,20/01/2026,MCH,"160,000","160,000","161,800","165,000","160,000","161,714","1,800",1.13,0.24,39.52,0.00,0.00,0.24,39.52,"170,974.93"
152,19/01/2026,MCH,"160,000","160,000","160,000","160,000","155,000","156,913",0,0.00,0.31,48.40,0.00,0.00,0.31,48.40,"169,072.86"
153,16/01/2026,MCH,"165,000","165,000","160,000","165,000","156,000","157,978","-5,000",-3.03,0.49,77.65,0.00,0.00,0.49,77.65,"169,072.86"
154,15/01/2026,MCH,"168,000","165,500","165,000","167,900","163,900","164,881","-3,000",-1.79,0.37,61.51,0.00,0.00,0.37,61.51,"174,356.38"
155,14/01/2026,MCH,"169,900","165,200","168,000","169,700","165,200","167,742","-1,900",-1.12,0.10,16.17,0.00,0.00,0.10,16.17,"177,526.50"
156,13/01/2026,MCH,"172,800","171,500","169,900","172,800","164,000","168,807","-2,900",-1.68,0.32,54.52,0.00,0.00,0.32,54.52,"179,534.24"
157,12/01/2026,MCH,"176,000","172,500","172,800","173,100","170,000","171,702","-3,200",-1.82,0.11,19.04,0.00,0.00,0.11,19.04,"182,598.69"
158,09/01/2026,MCH,"176,200","175,000","176,000","179,100","170,000","174,403",-200,-0.11,0.19,32.99,0.00,0.00,0.19,32.99,"185,980.14"
159,08/01/2026,MCH,"220,000","218,200","216,500","218,200","215,400","216,206","-3,500",-1.59,0.49,106.88,2.74,641.32,3.23,748.20,"228,776.71"
160,07/01/2026,MCH,"220,000","218,300","220,000","220,000","216,700","218,270",0,0.00,0.40,88.04,0.00,0.00,0.40,88.04,"232,475.18"
161,06/01/2026,MCH,"221,200","220,600","220,000","220,600","218,800","219,676","-1,200",-0.54,0.15,32.73,1.20,252.00,1.35,284.73,"232,475.18"
162,05/01/2026,MCH,"222,000","223,900","221,200","223,900","215,800","218,429",-800,-0.36,0.46,100.31,0.00,0.00,0.46,100.31,"233,743.23"
163,31/12/2025,MCH,"221,200","221,200","222,000","225,000","221,200","222,972",800,0.36,0.14,31.63,0.00,0.00,0.14,31.63,"234,588.59"
164,30/12/2025,MCH,"220,100","219,900","221,200","221,200","219,000","220,188","1,100",0.50,0.38,84.34,0.00,0.00,0.38,84.34,"233,743.23"
165,29/12/2025,MCH,"220,000","220,000","220,100","220,100","214,000","218,415",100,0.05,0.64,140.96,1.15,240.75,1.79,381.71,"232,580.85"
166,26/12/2025,MCH,"223,500","216,000","220,000","221,500","216,000","218,264","-3,500",-1.57,0.30,64.43,0.13,30.11,0.42,94.55,"232,475.18"
167,25/12/2025,MCH,"212,800","220,000","223,500","223,500","212,800","216,100","10,700",5.03,1.01,221.59,0.00,0.00,1.01,221.59,"236,173.65"
168,17/12/2025,MCH,"213,000","214,000","212,500","214,100","212,100","213,400",-500,-0.23,0.15,32.77,1.00,220.00,1.15,252.77,"224,549.89"
169,16/12/2025,MCH,"213,600","211,000","213,800","214,900","211,000","213,000",200,0.09,0.42,89.08,2.00,364.00,2.42,453.08,"225,923.61"
170,15/12/2025,MCH,"215,500","213,100","211,800","215,500","211,000","213,600","-3,700",-1.72,0.33,70.52,0.00,0.00,0.33,70.52,"223,810.19"
171,12/12/2025,MCH,"216,200","216,500","213,000","218,000","213,000","215,500","-3,200",-1.48,0.30,65.59,0.00,0.00,0.30,65.59,"225,078.24"
172,11/12/2025,MCH,"214,400","212,000","216,800","218,000","212,000","216,200","2,400",1.12,0.18,38.79,0.00,0.00,0.18,38.79,"229,093.72"
173,10/12/2025,MCH,"214,800","214,800","214,500","214,800","213,900","214,400",-300,-0.14,0.14,29.05,0.00,0.00,0.14,29.05,"226,663.30"
174,09/12/2025,MCH,"214,700","214,500","214,700","216,000","214,000","214,800",0,0.00,0.12,24.85,0.00,0.00,0.12,24.85,"226,874.64"
175,08/12/2025,MCH,"216,500","215,000","214,700","216,000","214,000","214,700","-1,800",-0.83,0.11,24.13,0.00,0.00,0.11,24.13,"226,874.64"
176,05/12/2025,MCH,"220,900","222,200","217,100","224,000","211,000","216,500","-3,800",-1.72,0.23,49.93,0.00,0.00,0.23,49.93,"229,410.73"
177,04/12/2025,MCH,"220,700","220,300","220,800","222,500","219,500","220,900",100,0.05,0.26,57.90,0.92,172.96,1.18,230.86,"233,320.54"
178,03/12/2025,MCH,"222,700","222,000","220,300","222,700","220,000","220,700","-2,400",-1.08,0.47,104.08,0.00,0.00,0.47,104.08,"232,792.19"
179,02/12/2025,MCH,"216,200","216,400","219,700","230,000","216,400","222,700","3,500",1.62,0.77,172.22,0.00,0.00,0.77,172.22,"232,158.17"
180,01/12/2025,MCH,"216,200","216,000","216,400","217,000","216,000","216,200",200,0.09,0.27,58.45,0.07,14.70,0.34,73.15,"228,671.04"
181,28/11/2025,MCH,"216,100","216,900","216,100","217,500","214,600","216,200",0,0.00,0.21,45.78,0.00,0.00,0.21,45.78,"228,354.03"
182,27/11/2025,MCH,"216,800","217,000","216,400","217,000","215,700","216,100",-400,-0.18,0.08,17.74,0.00,0.00,0.08,17.74,"228,671.04"
183,26/11/2025,MCH,"214,700","214,700","215,700","220,000","214,700","216,800","1,000",0.47,0.23,49.44,0.81,182.55,1.03,231.99,"227,931.35"
184,25/11/2025,MCH,"214,000","215,000","214,100","215,200","214,000","214,700",100,0.05,0.35,75.42,0.00,0.00,0.35,75.42,"226,240.62"
185,24/11/2025,MCH,"212,900","210,600","214,000","215,000","209,800","214,000","1,100",0.52,0.39,83.26,0.00,0.00,0.39,83.26,"226,134.95"
186,21/11/2025,MCH,"215,100","214,900","210,600","215,100","210,300","212,900","-4,500",-2.09,0.78,166.08,0.00,0.00,0.78,166.08,"222,542.15"
187,20/11/2025,MCH,"215,100","213,000","214,800","216,000","213,000","215,100",-300,-0.14,0.33,72.02,0.00,0.00,0.33,72.02,"226,980.31"
188,19/11/2025,MCH,"217,100","210,000","213,200","218,900","210,000","215,100","-3,900",-1.80,0.63,136.16,0.00,0.00,0.63,136.16,"225,289.58"
189,18/11/2025,MCH,"219,700","220,000","215,000","220,000","214,000","217,100","-4,700",-2.14,0.46,99.36,0.00,0.00,0.46,99.36,"227,191.65"
190,17/11/2025,MCH,"218,400","217,000","219,000","221,000","217,000","219,700",600,0.27,0.50,109.76,0.00,0.00,0.50,109.76,"231,418.47"
191,14/11/2025,MCH,"218,300","218,000","217,900","221,800","217,000","218,400",-400,-0.18,0.72,157.93,0.00,0.00,0.72,157.93,"230,256.10"
192,13/11/2025,MCH,"212,500","215,000","216,600","220,500","215,000","218,300","4,100",1.93,1.22,265.82,0.00,0.00,1.22,265.82,"228,882.38"
193,12/11/2025,MCH,"205,600","207,000","215,900","215,900","207,000","212,500","10,300",5.01,0.77,162.90,0.00,0.00,0.77,162.90,"228,142.69"
194,11/11/2025,MCH,"201,000","201,000","206,000","208,000","199,000","205,600","5,000",2.49,0.88,180.50,0.00,0.00,0.88,180.50,"217,681.30"
195,10/11/2025,MCH,"193,500","194,800","200,000","205,000","194,000","201,000","6,500",3.36,1.17,235.95,0.00,0.00,1.17,235.95,"211,341.07"
196,07/11/2025,MCH,"188,300","186,000","194,800","197,000","181,600","193,500","6,500",3.45,1.73,334.98,0.00,0.00,1.73,334.98,"205,846.20"
197,06/11/2025,MCH,"189,900","189,900","181,600","198,000","175,000","188,300","-8,300",-4.37,1.22,228.98,0.00,0.00,1.22,228.98,"191,897.69"
198,05/11/2025,MCH,"182,200","183,000","186,900","195,000","182,000","189,900","4,700",2.58,1.24,235.38,0.00,0.00,1.24,235.38,"197,498.23"
199,04/11/2025,MCH,"171,500","171,500","182,600","186,000","171,500","182,200","11,100",6.47,1.80,327.89,0.00,0.00,1.80,327.89,"192,954.40"
200,03/11/2025,MCH,"159,400","159,400","174,900","176,600","159,400","171,500","15,500",9.72,1.31,224.82,0.00,0.00,1.31,224.82,"184,817.77"
201,31/10/2025,MCH,"158,800","162,000","159,500","163,000","158,000","159,400",700,0.44,0.34,54.79,0.00,0.00,0.34,54.79,"168,544.50"
202,30/10/2025,MCH,"154,400","154,400","159,400","163,000","154,400","158,800","5,000",3.24,0.73,115.31,0.00,0.00,0.73,115.31,"168,438.83"
203,29/10/2025,MCH,"149,600","149,800","154,900","156,000","149,800","154,400","5,300",3.54,0.59,91.64,0.00,0.00,0.59,91.64,"163,683.66"
204,28/10/2025,MCH,"148,600","148,500","149,900","151,000","148,500","149,600","1,300",0.87,0.49,72.71,0.00,0.00,0.49,72.71,"158,400.13"
205,27/10/2025,MCH,"144,800","130,000","148,900","150,000","130,000","148,600","4,100",2.83,0.45,67.13,0.00,0.00,0.45,67.13,"157,343.43"
206,24/10/2025,MCH,"143,900","144,000","145,000","145,900","143,000","144,800","1,100",0.76,0.35,51.26,0.00,0.37,0.36,51.63,"153,222.28"
207,23/10/2025,MCH,"142,600","143,700","143,500","144,500","143,000","143,900",900,0.63,0.20,28.95,0.00,0.44,0.20,29.40,"151,637.22"
208,22/10/2025,MCH,"139,300","139,700","143,000","144,800","139,700","142,600","3,700",2.66,0.19,26.56,0.00,0.00,0.19,26.56,"151,108.87"
209,21/10/2025,MCH,"140,500","125,000","140,700","141,500","125,000","139,300",200,0.14,0.32,44.07,0.00,0.00,0.32,44.07,"148,678.44"
210,20/10/2025,MCH,"146,400","144,600","138,500","144,600","138,000","140,500","-7,900",-5.40,0.65,90.67,0.00,0.38,0.65,91.04,"146,353.69"
211,17/10/2025,MCH,"148,800","148,800","145,600","149,300","143,500","146,400","-3,200",-2.15,0.23,33.56,0.00,0.00,0.23,33.56,"153,856.30"
212,16/10/2025,MCH,"148,400","148,900","147,800","150,900","147,000","148,800",-600,-0.40,0.66,98.56,0.00,0.00,0.66,98.56,"156,181.05"
213,15/10/2025,MCH,"149,800","149,600","148,900","149,900","146,100","148,400",-900,-0.60,0.41,61.22,0.81,120.98,1.22,182.20,"157,343.43"
214,14/10/2025,MCH,"149,100","151,800","149,100","154,000","147,000","149,800",0,0.00,0.50,74.71,0.00,0.00,0.50,74.71,"157,554.77"
215,13/10/2025,MCH,"140,500","144,100","151,800","153,000","141,000","149,100","11,300",8.04,0.71,106.33,0.01,0.97,0.72,107.30,"160,407.87"
216,10/10/2025,MCH,"133,500","134,200","144,100","146,000","134,000","140,500","10,600",7.94,0.89,124.38,0.00,0.17,0.89,124.55,"152,271.24"
217,09/10/2025,MCH,"132,300","132,500","134,200","134,200","132,500","133,500","1,900",1.44,0.27,35.42,0.00,0.54,0.27,35.96,"141,809.86"
218,08/10/2025,MCH,"132,600","133,500","131,800","134,000","131,400","132,300",-800,-0.60,0.07,8.72,0.01,1.12,0.08,9.85,"139,273.77"
219,07/10/2025,MCH,"128,600","129,700","132,500","135,000","129,400","132,600","3,900",3.03,0.25,32.92,0.00,0.48,0.25,33.41,"140,013.46"
220,06/10/2025,MCH,"128,000","128,700","129,700","130,000","127,800","128,600","1,700",1.33,0.15,19.11,0.00,0.53,0.15,19.64,"137,054.68"
221,03/10/2025,MCH,"128,500","128,000","128,000","128,500","126,500","128,000",-500,-0.39,0.19,24.89,0.01,0.55,0.20,25.44,"135,258.29"
222,02/10/2025,MCH,"128,800","128,000","128,100","129,000","128,000","128,500",-700,-0.54,0.17,22.03,0.00,0.16,0.17,22.19,"135,363.96"
223,01/10/2025,MCH,"128,800","129,000","128,800","129,600","128,300","128,800",0,0.00,0.05,6.36,0.00,0.18,0.05,6.54,"136,103.65"
224,30/09/2025,MCH,"130,400","130,200","129,200","130,200","127,600","128,800","-1,200",-0.92,0.19,24.27,0.00,0.00,0.19,24.27,"136,526.33"
225,29/09/2025,MCH,"130,300","130,100","130,400","131,000","130,100","130,400",100,0.08,0.16,21.16,0.01,1.27,0.17,22.44,"137,794.38"
226,26/09/2025,MCH,"128,700","129,000","130,100","131,000","129,000","130,300","1,400",1.09,0.20,26.65,0.00,0.00,0.20,26.65,"137,477.37"
227,25/09/2025,MCH,"128,500","128,500","129,500","129,500","127,700","128,700","1,000",0.78,0.18,23.30,0.00,0.38,0.18,23.68,"136,843.34"
228,24/09/2025,MCH,"128,400","128,400","129,500","129,700","127,600","128,500","1,100",0.86,0.15,19.64,0.01,1.16,0.16,20.80,"136,843.34"
229,23/09/2025,MCH,"128,100","128,200","128,000","129,000","127,800","128,400",-100,-0.08,0.17,22.26,0.02,2.76,0.20,25.02,"135,258.29"
230,22/09/2025,MCH,"128,700","129,800","128,000","129,800","127,400","128,100",-700,-0.54,0.13,16.37,0.00,0.00,0.13,16.37,"135,258.29"
231,19/09/2025,MCH,"128,000","128,000","129,500","130,500","127,400","128,700","1,500",1.17,0.25,31.73,0.00,0.00,0.25,31.73,"136,843.34"
232,18/09/2025,MCH,"128,000","128,000","128,000","128,400","127,100","128,000",0,0.00,0.17,21.51,0.00,0.00,0.17,21.51,"135,258.29"
233,17/09/2025,MCH,"128,200","128,900","128,100","128,900","127,200","128,000",-100,-0.08,0.21,27.10,0.01,0.96,0.22,28.06,"135,363.96"
234,16/09/2025,MCH,"128,800","128,900","128,900","129,500","127,000","128,200",100,0.08,0.46,58.82,0.00,0.00,0.46,58.82,"136,209.32"
235,15/09/2025,MCH,"128,400","128,400","128,700","129,300","128,400","128,800",300,0.23,0.19,24.52,0.01,1.54,0.20,26.06,"135,997.98"
236,12/09/2025,MCH,"128,000","128,000","128,800","128,800","127,200","128,400",800,0.63,0.19,23.99,0.02,1.67,0.20,25.65,"136,103.65"
237,11/09/2025,MCH,"129,200","129,500","127,200","129,500","126,000","128,000","-2,000",-1.55,0.39,50.06,0.02,2.29,0.41,52.35,"134,412.92"
238,10/09/2025,MCH,"129,200","129,500","129,500","129,700","128,000","129,200",300,0.23,0.24,31.39,0.00,0.00,0.24,31.39,"136,843.34"
239,09/09/2025,MCH,"129,500","129,000","129,100","129,500","128,000","129,200",-400,-0.31,0.33,42.87,0.00,0.00,0.33,42.87,"136,420.66"
240,08/09/2025,MCH,"131,000","130,400","129,000","131,500","128,000","129,500","-2,000",-1.53,0.38,49.14,0.00,0.00,0.38,49.14,"136,314.99"
241,05/09/2025,MCH,"131,400","131,900","130,500","132,200","130,300","131,000",-900,-0.68,0.48,62.69,0.02,1.96,0.49,64.65,"137,900.05"
242,04/09/2025,MCH,"130,900","130,300","131,700","132,000","130,300","131,400",800,0.61,0.28,36.59,0.00,0.00,0.28,36.59,"139,168.10"
243,03/09/2025,MCH,"130,900","130,200","130,300","132,200","129,000","130,900",-600,-0.46,0.43,56.32,0.00,0.00,0.43,56.32,"137,688.71"
244,29/08/2025,MCH,"126,300","128,500","130,200","131,500","128,500","130,900","3,900",3.09,0.64,83.65,0.04,3.81,0.67,87.45,"137,583.04"
245,28/08/2025,MCH,"120,900","122,000","128,000","128,600","122,000","126,300","7,100",5.87,0.71,90.07,0.05,5.26,0.76,95.33,"135,258.29"
246,27/08/2025,MCH,"118,300","119,500","122,000","122,100","119,500","120,900","3,700",3.13,0.47,57.44,0.03,4.05,0.50,61.49,"128,918.05"
247,26/08/2025,MCH,"118,000","118,500","119,000","119,300","117,000","118,300","1,000",0.85,0.36,42.00,0.00,0.00,0.36,42.00,"125,747.94"
248,25/08/2025,MCH,"117,900","118,000","118,600","119,000","116,900","118,000",700,0.59,0.33,38.78,0.00,0.00,0.33,38.78,"125,325.26"
249,22/08/2025,MCH,"115,800","116,200","118,000","119,800","115,800","117,900","2,200",1.90,0.49,58.02,0.00,0.00,0.49,58.02,"124,691.23"
250,21/08/2025,MCH,"114,600","114,500","116,200","116,200","114,500","115,800","1,600",1.40,0.75,86.84,0.13,16.31,0.88,103.14,"122,789.16"
251,20/08/2025,MCH,"114,300","114,300","114,500","116,000","113,100","114,600",200,0.17,0.70,80.62,0.00,0.00,0.70,80.62,"120,992.76"
252,19/08/2025,MCH,"112,500","113,000","114,300","115,000","110,000","114,300","1,800",1.60,0.74,84.13,0.00,0.00,0.74,84.13,"120,781.42"
253,18/08/2025,MCH,"113,000","113,100","113,000","117,000","111,000","112,500",0,0.00,0.70,78.76,0.00,0.00,0.70,78.76,"119,407.71"
254,15/08/2025,MCH,"113,500","113,500","113,100","114,500","112,500","113,000",-400,-0.35,0.24,27.08,0.20,22.60,0.44,49.68,"119,513.38"
255,14/08/2025,MCH,"113,700","114,000","113,600","114,600","112,500","113,500",-100,-0.09,0.40,45.65,0.00,0.00,0.40,45.65,"120,041.73"
256,13/08/2025,MCH,"114,900","114,700","114,200","115,900","112,600","113,700",-700,-0.61,0.41,46.86,0.20,22.80,0.61,69.66,"120,675.75"
257,12/08/2025,MCH,"114,000","115,400","114,500","116,200","114,000","114,900",500,0.44,0.25,29.14,0.00,0.00,0.25,29.14,"120,390.96"
258,11/08/2025,MCH,"110,800","112,000","115,000","115,700","111,000","114,000","4,200",3.79,0.56,64.29,0.02,2.18,0.58,66.46,"120,916.68"
259,08/08/2025,MCH,"111,300","111,500","111,000","111,500","109,600","110,800",-300,-0.27,0.36,40.10,0.00,0.00,0.36,40.10,"116,710.89"
260,07/08/2025,MCH,"109,800","111,700","111,200","112,100","110,200","111,300","1,400",1.28,0.34,37.76,0.00,0.00,0.34,37.76,"116,921.18"
261,06/08/2025,MCH,"107,900","108,000","110,100","111,400","107,100","109,800","2,200",2.04,0.50,54.43,0.62,67.44,1.12,121.87,"115,764.58"
262,05/08/2025,MCH,"107,000","107,500","107,800","109,000","106,700","107,900",800,0.75,0.60,64.29,0.00,0.00,0.60,64.29,"113,346.25"
263,04/08/2025,MCH,"104,000","105,100","107,000","108,400","104,300","107,000","3,000",2.88,0.34,35.99,0.00,0.00,0.34,35.99,"112,505.09"
264,01/08/2025,MCH,"104,500","104,500","105,000","105,300","102,800","104,000",500,0.48,0.50,52.26,0.00,0.11,0.50,52.38,"110,402.19"
265,31/07/2025,MCH,"108,500","108,300","105,100","108,900","101,800","104,500","-3,400",-3.13,0.97,101.63,0.00,0.00,0.97,101.63,"110,507.34"
266,30/07/2025,MCH,"111,400","109,000","108,300","110,800","106,800","108,500","-3,100",-2.78,0.59,63.93,0.00,0.00,0.59,63.93,"113,871.97"
267,29/07/2025,MCH,"115,200","115,500","109,000","115,500","107,000","111,400","-6,200",-5.38,1.35,150.44,0.00,0.26,1.35,150.70,"114,607.99"
268,28/07/2025,MCH,"115,500","116,100","115,500","116,800","114,700","115,200",0,0.00,0.76,87.82,0.00,0.21,0.76,88.03,"121,442.41"
269,25/07/2025,MCH,"116,000","115,800","116,100","117,000","115,000","115,500",100,0.09,0.35,40.96,0.00,0.16,0.36,41.12,"122,073.28"
270,24/07/2025,MCH,"115,800","116,600","115,800","118,100","115,000","116,000",0,0.00,0.81,94.09,0.00,0.00,0.81,94.09,"121,757.84"
271,23/07/2025,MCH,"114,800","115,000","116,700","117,400","114,900","115,800","1,900",1.66,0.50,57.43,0.00,0.00,0.50,57.43,"122,704.15"
272,22/07/2025,MCH,"116,700","115,900","115,000","116,000","114,300","114,800","-1,700",-1.46,0.34,38.47,0.00,0.00,0.34,38.47,"120,916.68"
273,21/07/2025,MCH,"118,600","118,000","115,800","118,900","115,000","116,700","-2,800",-2.36,0.54,63.38,0.00,0.37,0.55,63.75,"121,757.84"
274,18/07/2025,MCH,"119,500","119,300","118,000","121,000","117,600","118,600","-1,500",-1.26,0.66,77.87,0.06,6.46,0.72,84.33,"124,071.03"
275,17/07/2025,MCH,"120,400","120,400","118,900","120,900","118,700","119,500","-1,500",-1.25,0.37,44.63,0.05,6.41,0.43,51.04,"125,017.34"
276,16/07/2025,MCH,"119,800","119,800","120,600","121,400","119,500","120,400",800,0.67,0.19,23.38,0.00,0.00,0.19,23.38,"126,804.80"
277,15/07/2025,MCH,"119,900","121,000","119,600","121,000","119,500","119,800",-300,-0.25,0.29,34.57,0.00,0.00,0.29,34.57,"125,753.35"
278,14/07/2025,MCH,"119,400","119,500","120,700","121,400","119,100","119,900","1,300",1.09,0.21,24.83,0.00,0.00,0.21,24.83,"126,909.95"
279,11/07/2025,MCH,"120,400","120,500","119,500","120,800","118,900","119,400",-900,-0.75,0.28,32.97,0.00,0.00,0.28,32.97,"125,648.21"
280,10/07/2025,MCH,"120,500","120,500","120,000","123,000","119,800","120,400",-500,-0.41,0.41,49.17,0.00,0.00,0.41,49.17,"126,173.93"
281,09/07/2025,MCH,"121,200","122,300","120,100","122,900","120,000","120,500","-1,100",-0.91,0.33,39.43,0.00,0.00,0.33,39.43,"126,279.08"
282,08/07/2025,MCH,"123,300","124,000","121,300","124,000","120,300","121,200","-2,000",-1.62,0.42,51.50,0.00,0.00,0.42,51.50,"127,540.82"
283,07/07/2025,MCH,"125,400","126,000","123,200","126,000","122,100","123,300","-2,200",-1.75,0.34,42.00,0.00,0.00,0.34,42.00,"129,538.57"
284,04/07/2025,MCH,"127,200","127,800","128,200","128,500","126,100","127,900","1,000",0.79,0.25,31.82,0.00,0.00,0.25,31.82,"134,795.82"
285,03/07/2025,MCH,"125,000","125,400","127,900","128,500","125,400","127,200","2,900",2.32,0.21,27.08,0.00,0.00,0.21,27.08,"134,480.38"
286,02/07/2025,MCH,"125,400","125,300","125,400","125,400","124,500","125,000",0,0.00,0.14,17.02,0.00,0.03,0.14,17.05,"131,851.76"
287,01/07/2025,MCH,"127,500","127,200","125,300","127,500","124,600","125,400","-2,200",-1.73,0.17,21.69,0.00,0.00,0.17,21.69,"131,746.61"
288,30/06/2025,MCH,"126,900","127,500","126,700","130,000","126,400","127,500",-200,-0.16,0.19,24.29,0.00,0.00,0.19,24.29,"133,218.64"
289,27/06/2025,MCH,"126,100","127,000","127,100","128,000","126,000","126,900","1,000",0.79,0.25,31.52,0.05,6.31,0.30,37.83,"133,639.22"
290,26/06/2025,MCH,"123,700","124,000","126,200","128,000","124,000","126,100","2,500",2.02,0.22,27.20,0.00,0.00,0.22,27.20,"132,692.92"
291,25/06/2025,MCH,"123,600","123,600","124,100","124,400","123,400","123,700",500,0.40,0.10,11.78,0.00,0.00,0.10,11.78,"130,484.87"
292,24/06/2025,MCH,"123,600","123,700","123,400","124,400","123,400","123,600",-200,-0.16,0.15,18.15,0.13,16.17,0.28,34.32,"129,748.86"
293,23/06/2025,MCH,"124,200","123,800","123,700","124,900","120,000","123,600",-500,-0.40,0.15,18.81,0.00,0.00,0.15,18.81,"130,064.29"
294,20/06/2025,MCH,"123,200","123,700","123,800","125,900","123,200","124,200",600,0.49,0.06,6.88,0.00,0.00,0.06,6.88,"130,169.44"
295,19/06/2025,MCH,"125,400","124,900","123,700","124,900","121,900","123,200","-1,700",-1.36,0.19,23.12,0.00,0.00,0.19,23.12,"130,064.29"
296,18/06/2025,MCH,"126,900","126,900","124,900","127,000","124,500","125,400","-2,000",-1.58,0.13,16.44,0.00,0.00,0.13,16.44,"131,326.03"
297,17/06/2025,MCH,"126,600","127,000","127,000","127,700","126,500","126,900",400,0.32,0.05,5.99,0.00,0.31,0.05,6.30,"133,534.08"
298,16/06/2025,MCH,"126,800","126,700","126,900","126,900","126,000","126,600",100,0.08,0.04,4.81,0.00,0.00,0.04,4.81,"133,428.93"
299,13/06/2025,MCH,"127,900","127,800","126,900","129,000","126,000","126,800","-1,000",-0.78,0.08,10.61,0.00,0.00,0.08,10.61,"133,428.93"
300,12/06/2025,MCH,"127,400","127,400","128,000","128,500","127,400","127,900",600,0.47,0.04,4.86,0.00,0.00,0.04,4.86,"134,585.53"
301,11/06/2025,MCH,"128,300","128,300","127,200","128,300","127,000","127,400","-1,100",-0.86,0.03,4.13,0.00,0.00,0.03,4.13,"133,744.37"
302,10/06/2025,MCH,"128,400","127,000","127,900","128,900","127,000","128,300",-500,-0.39,0.07,8.77,0.00,0.00,0.07,8.77,"134,480.38"
303,09/06/2025,MCH,"129,400","128,700","127,600","129,000","127,500","128,400","-1,800",-1.39,0.06,7.85,0.00,0.00,0.06,7.85,"134,164.95"
304,06/06/2025,MCH,"127,800","127,900","128,700","130,800","127,900","129,400",900,0.70,0.13,16.84,0.00,0.00,0.13,16.84,"135,321.54"
305,05/06/2025,MCH,"128,400","128,500","128,000","128,500","127,400","127,800",-400,-0.31,0.07,8.59,0.00,0.00,0.07,8.59,"134,585.53"
306,04/06/2025,MCH,"128,500","127,500","128,300","129,000","127,500","128,400",-200,-0.16,0.06,7.41,0.00,0.00,0.06,7.41,"134,900.96"
307,03/06/2025,MCH,"126,900","127,500","128,500","129,900","127,500","128,500","1,600",1.26,0.10,13.00,0.00,0.00,0.10,13.00,"135,111.25"
308,02/06/2025,MCH,"127,100","127,100","127,000","127,300","126,500","126,900",-100,-0.08,0.07,8.27,0.00,0.36,0.07,8.64,"133,534.08"
309,30/05/2025,MCH,"128,400","128,300","127,500","128,300","126,500","127,100",-900,-0.70,0.10,12.12,0.00,0.00,0.10,12.12,"134,059.80"
310,29/05/2025,MCH,"129,100","129,200","128,200","129,200","127,700","128,400",-900,-0.70,0.04,5.16,0.00,0.00,0.04,5.16,"134,795.82"
311,28/05/2025,MCH,"129,300","129,300","129,000","130,000","128,500","129,100",-300,-0.23,0.08,10.32,0.00,0.11,0.08,10.43,"135,636.98"
312,27/05/2025,MCH,"128,000","128,500","128,500","130,500","128,200","129,300",500,0.39,0.13,16.64,0.22,28.21,0.35,44.85,"135,111.25"
313,26/05/2025,MCH,"128,000","127,400","129,700","129,700","125,800","128,000","1,700",1.33,0.10,13.02,0.00,0.00,0.10,13.02,"136,372.99"
314,23/05/2025,MCH,"129,000","127,600","127,300","128,400","127,200","128,000","-1,700",-1.32,0.04,4.81,0.00,0.00,0.04,4.81,"133,849.51"
315,22/05/2025,MCH,"129,500","130,000","128,800","130,500","128,000","129,000",-700,-0.54,0.07,9.13,0.00,0.00,0.07,9.13,"135,426.69"
316,21/05/2025,MCH,"126,500","126,000","130,000","131,700","126,000","129,500","3,500",2.77,0.11,14.16,0.20,26.00,0.31,40.16,"136,688.43"
317,20/05/2025,MCH,"127,600","127,600","127,000","127,600","125,400","126,500",-600,-0.47,0.08,10.50,0.00,0.00,0.08,10.50,"133,534.08"
318,19/05/2025,MCH,"130,000","128,000","127,400","128,600","126,000","127,600","-2,600",-2.00,0.09,10.94,0.00,0.00,0.09,10.94,"133,954.66"
319,16/05/2025,MCH,"134,100","134,100","129,200","134,100","128,800","130,000","-4,900",-3.65,0.16,21.05,0.00,0.00,0.16,21.05,"135,847.27"
320,15/05/2025,MCH,"131,300","131,600","133,600","136,800","131,600","134,100","2,300",1.75,0.25,33.56,0.00,0.00,0.25,33.56,"140,473.64"
321,14/05/2025,MCH,"127,900","128,000","131,600","132,200","128,000","131,297","3,700",2.89,0.28,37.10,0.00,0.00,0.28,37.10,"138,370.75"
322,13/05/2025,MCH,"123,900","125,500","128,000","128,900","124,900","127,702","4,100",3.31,0.14,18.32,7.70,"1,042.27",7.84,"1,060.60","134,585.53"
323,12/05/2025,MCH,"119,800","120,300","124,800","125,500","120,000","123,874","5,000",4.17,0.15,18.47,7.35,991.30,7.49,"1,009.77","131,220.89"
324,09/05/2025,MCH,"117,300","118,000","120,200","120,500","117,300","119,789","2,900",2.47,0.16,19.56,0.60,64.31,0.76,83.87,"126,384.22"
325,08/05/2025,MCH,"117,500","117,500","118,100","119,200","116,600","117,425",600,0.51,0.08,9.80,0.00,0.00,0.08,9.80,"124,176.18"
326,07/05/2025,MCH,"118,300","116,600","118,000","118,900","116,600","117,473",-300,-0.25,0.06,6.69,1.61,167.12,1.66,173.80,"124,071.03"
327,06/05/2025,MCH,"118,200","119,500","118,000","119,500","117,600","118,281",-200,-0.17,0.07,8.44,0.01,0.80,0.08,9.25,"124,071.03"
328,05/05/2025,MCH,"119,400","119,600","119,500","120,000","117,000","117,906",100,0.08,0.07,8.06,22.33,"2,847.23",22.40,"2,855.30","125,648.21"
329,29/04/2025,MCH,"119,000","120,000","119,600","120,900","118,200","119,421",600,0.50,0.14,16.20,0.08,9.22,0.21,25.42,"125,753.35"
330,28/04/2025,MCH,"117,900","123,000","120,200","124,000","116,800","118,963","2,300",1.95,0.17,20.00,0.00,0.08,0.17,20.09,"126,384.22"
331,25/04/2025,MCH,"112,800","114,500","118,000","121,000","114,400","117,942","5,200",4.61,0.24,28.39,0.00,0.00,0.24,28.39,"124,071.03"
332,24/04/2025,MCH,"112,300","115,000","114,400","115,000","111,900","112,843","2,100",1.87,0.09,9.79,0.58,75.21,0.67,84.99,"120,285.82"
333,23/04/2025,MCH,"111,400","115,000","112,900","115,000","105,100","112,315","1,500",1.35,0.10,11.48,0.00,0.00,0.10,11.48,"118,708.64"
334,22/04/2025,MCH,"116,100","115,000","111,000","115,000","103,000","111,363","-5,100",-4.39,0.23,26.01,0.00,0.00,0.23,26.01,"116,710.89"
335,21/04/2025,MCH,"118,800","118,000","115,000","118,100","114,900","116,066","-3,800",-3.20,0.05,5.44,0.00,0.01,0.05,5.45,"120,916.68"
336,18/04/2025,MCH,"113,100","114,500","118,000","119,600","114,500","118,799","4,900",4.33,0.06,6.62,0.00,0.00,0.06,6.62,"124,071.03"
337,17/04/2025,MCH,"117,900","116,000","114,100","117,000","112,200","113,146","-3,800",-3.22,0.11,12.61,0.00,0.00,0.11,12.61,"119,970.38"
338,16/04/2025,MCH,"119,600","119,000","116,700","119,700","116,700","117,861","-2,900",-2.42,0.12,14.65,0.00,0.00,0.12,14.65,"122,704.15"
339,15/04/2025,MCH,"122,300","126,000","118,000","128,500","118,000","119,597","-4,300",-3.52,0.12,14.51,0.00,0.00,0.12,14.51,"124,071.03"
340,14/04/2025,MCH,"126,400","128,000","121,500","129,000","119,700","122,315","-4,900",-3.88,0.21,25.58,0.05,7.25,0.26,32.83,"127,751.11"
341,11/04/2025,MCH,"130,800","133,000","128,000","133,000","124,000","126,414","-2,800",-2.14,0.17,21.44,0.00,0.00,0.17,21.44,"92,753.64"
342,10/04/2025,MCH,"113,900","129,000","129,000","130,900","125,000","130,797","15,100",13.26,1.47,192.13,0.00,0.00,1.47,192.13,"93,478.28"
343,09/04/2025,MCH,"112,000","109,000","114,000","116,000","106,700","113,882","2,000",1.79,0.15,17.04,0.00,0.00,0.15,17.04,"82,608.71"
344,08/04/2025,MCH,"118,400","122,200","109,900","123,200","107,000","112,043","-8,500",-7.18,0.22,24.60,0.00,0.00,0.22,24.60,"79,637.69"
345,04/04/2025,MCH,"126,000","123,000","128,000","130,000","108,000","118,350","2,000",1.59,0.12,13.80,0.00,0.00,0.12,13.80,"92,753.64"
346,03/04/2025,MCH,"141,100","139,100","123,000","140,000","120,500","126,020","-18,100",-12.83,0.23,29.19,0.00,0.00,0.23,29.19,"89,130.45"
347,02/04/2025,MCH,"142,700","142,700","140,000","143,000","140,000","141,063","-2,700",-1.89,0.05,6.48,0.00,0.00,0.05,6.48,"101,449.29"
348,01/04/2025,MCH,"142,800","141,500","142,000","143,000","141,500","142,695",-800,-0.56,0.07,9.95,0.00,0.00,0.07,9.95,"102,898.57"
349,31/03/2025,MCH,"146,200","146,200","144,000","146,200","140,100","142,842","-2,200",-1.50,0.10,14.13,0.00,0.00,0.10,14.13,"104,347.84"
350,28/03/2025,MCH,"143,700","144,500","144,300","147,000","144,000","146,192",600,0.42,0.10,14.99,0.00,0.00,0.10,14.99,"104,565.23"
351,27/03/2025,MCH,"139,300","139,400","144,000","146,000","139,400","143,651","4,700",3.37,0.04,6.34,0.00,0.00,0.04,6.34,"104,347.84"
352,26/03/2025,MCH,"139,400","139,400","139,200","140,000","139,200","139,347",-200,-0.14,0.01,1.59,0.00,0.00,0.01,1.59,"100,869.58"
353,25/03/2025,MCH,"139,500","140,000","139,000","140,000","139,000","139,368",-500,-0.36,0.04,5.09,0.00,0.00,0.04,5.09,"100,724.65"
354,24/03/2025,MCH,"140,300","140,500","138,800","140,600","138,700","139,452","-1,500",-1.07,0.02,3.36,0.00,0.00,0.02,3.36,"100,579.73"
355,21/03/2025,MCH,"139,100","140,000","140,500","140,500","139,800","140,288","1,400",1.01,0.02,2.93,0.00,0.00,0.02,2.93,"101,811.61"
356,20/03/2025,MCH,"139,700","137,800","139,200","140,400","137,800","139,100",-500,-0.36,0.02,3.44,0.00,0.00,0.02,3.44,"100,869.58"
357,19/03/2025,MCH,"142,100","142,100","138,000","142,100","138,000","139,706","-4,100",-2.89,0.07,9.44,0.00,0.00,0.07,9.44,"100,000.02"
358,18/03/2025,MCH,"143,700","143,000","140,100","143,700","140,000","142,072","-3,600",-2.51,0.06,8.97,0.00,0.00,0.06,8.97,"101,521.75"
359,17/03/2025,MCH,"147,100","147,000","142,400","147,000","142,000","143,717","-4,700",-3.20,0.07,10.50,0.00,0.00,0.07,10.50,"103,188.42"
360,14/03/2025,MCH,"149,000","149,000","145,900","149,000","145,900","147,123","-3,100",-2.08,0.10,15.28,0.00,0.08,0.10,15.35,"105,724.65"
361,13/03/2025,MCH,"147,200","148,100","148,300","149,700","147,500","149,038","1,100",0.75,0.07,11.17,0.00,0.00,0.07,11.17,"107,463.78"
362,12/03/2025,MCH,"146,600","147,000","150,000","150,000","146,000","147,182","3,400",2.32,0.06,8.30,0.00,0.12,0.06,8.43,"108,695.67"
363,11/03/2025,MCH,"148,300","148,000","146,900","148,000","146,400","146,639","-1,400",-0.94,0.05,6.99,0.00,0.00,0.05,6.99,"106,449.29"
364,10/03/2025,MCH,"149,000","148,500","147,800","149,400","147,600","148,316","-1,200",-0.81,0.05,7.81,0.00,0.00,0.05,7.81,"107,101.47"
365,07/03/2025,MCH,"148,900","148,500","148,900","150,000","148,500","149,046",0,0.00,0.03,4.89,0.00,0.00,0.03,4.89,"107,898.57"
366,06/03/2025,MCH,"148,600","149,000","148,500","150,500","148,000","148,923",-100,-0.07,0.11,16.89,0.00,0.00,0.11,16.89,"107,608.71"
367,05/03/2025,MCH,"148,700","148,700","148,300","149,500","148,000","148,584",-400,-0.27,0.04,6.22,0.00,0.55,0.05,6.77,"107,463.78"
368,04/03/2025,MCH,"148,800","149,300","148,800","149,300","148,400","148,744",0,0.00,0.03,4.17,0.00,0.00,0.03,4.17,"107,826.10"
369,03/03/2025,MCH,"149,100","149,100","149,000","149,600","148,300","148,796",-100,-0.07,0.04,5.45,0.00,0.00,0.04,5.45,"107,971.03"
370,28/02/2025,MCH,"149,600","149,500","149,000","149,500","148,900","149,068",-600,-0.40,0.03,3.82,0.00,0.00,0.03,3.82,"107,971.03"
371,27/02/2025,MCH,"149,500","148,800","149,500","150,000","148,800","149,624",0,0.00,0.03,4.25,0.00,0.00,0.03,4.25,"108,333.35"
372,26/02/2025,MCH,"149,500","149,500","148,800","149,900","148,800","149,468",-700,-0.47,0.03,4.50,0.00,0.00,0.03,4.50,"107,826.10"
373,25/02/2025,MCH,"149,500","149,500","149,300","150,000","149,000","149,532",-200,-0.13,0.05,7.83,0.00,0.00,0.05,7.83,"108,188.42"
374,24/02/2025,MCH,"150,000","151,200","149,400","151,200","149,000","149,544",-600,-0.40,0.04,6.49,0.00,0.00,0.04,6.49,"108,260.89"
375,21/02/2025,MCH,"152,000","152,000","151,200","152,000","149,000","149,969",-800,-0.53,0.04,5.53,0.00,0.00,0.04,5.53,"109,565.23"
376,20/02/2025,MCH,"151,900","152,600","152,000","152,600","151,900","151,988",100,0.07,0.05,8.15,0.00,0.00,0.05,8.15,"110,144.94"
377,19/02/2025,MCH,"148,600","147,500","152,000","152,600","147,500","151,881","3,400",2.29,0.08,12.12,0.00,0.00,0.08,12.12,"110,144.94"
378,18/02/2025,MCH,"149,400","149,400","149,000","149,500","147,700","148,637",-400,-0.27,0.03,3.99,0.00,0.00,0.03,3.99,"107,971.03"
379,17/02/2025,MCH,"151,500","151,500","148,600","151,600","147,700","149,376","-2,900",-1.91,0.07,10.31,0.00,0.00,0.07,10.31,"107,681.18"
380,14/02/2025,MCH,"153,300","152,000","151,200","152,600","151,000","151,524","-2,100",-1.37,0.04,6.60,0.00,0.00,0.04,6.60,"109,565.23"
381,13/02/2025,MCH,"154,000","154,200","153,900","154,700","151,400","153,299",-100,-0.06,0.10,15.20,0.00,0.00,0.10,15.20,"111,521.76"
382,12/02/2025,MCH,"156,600","156,000","154,200","156,000","153,300","153,992","-2,400",-1.53,0.04,6.48,0.00,0.00,0.04,6.48,"111,739.15"
383,11/02/2025,MCH,"154,700","159,500","154,700","159,500","154,600","156,590",0,0.00,0.21,32.75,0.20,28.00,0.41,60.75,"112,101.47"
384,10/02/2025,MCH,"219,400","219,400","219,300","221,000","219,000","219,966",-100,-0.05,0.20,44.34,0.01,1.70,0.21,46.04,"158,913.07"
385,07/02/2025,MCH,"220,700","221,000","220,000","221,400","218,100","219,446",-700,-0.32,0.09,20.46,0.05,8.69,0.14,29.14,"159,420.31"
386,06/02/2025,MCH,"220,600","221,100","222,000","223,100","219,000","220,651","1,400",0.63,0.14,30.86,0.00,0.03,0.14,30.89,"160,869.59"
387,05/02/2025,MCH,"219,300","222,000","219,900","222,900","219,500","220,607",600,0.27,0.10,22.68,0.00,0.43,0.11,23.11,"159,347.85"
388,04/02/2025,MCH,"215,100","215,500","218,900","221,900","215,500","219,347","3,800",1.77,0.11,24.59,0.00,0.71,0.12,25.31,"158,623.21"
389,03/02/2025,MCH,"216,400","216,400","214,800","218,000","214,500","215,133","-1,600",-0.74,0.04,8.14,0.00,0.00,0.04,8.14,"155,652.20"
390,24/01/2025,MCH,"213,100","214,500","216,700","219,000","213,800","216,411","3,600",1.69,0.06,13.73,0.00,0.36,0.07,14.09,"157,029.01"
391,23/01/2025,MCH,"213,700","213,800","214,300","215,600","211,500","213,118",600,0.28,0.07,15.79,0.04,8.49,0.11,24.28,"155,289.88"
392,22/01/2025,MCH,"213,200","214,000","213,800","216,000","212,000","213,683",600,0.28,0.15,31.41,0.09,19.34,0.24,50.75,"154,927.56"
393,21/01/2025,MCH,"218,900","218,000","212,900","218,000","211,000","213,243","-6,000",-2.74,0.23,50.02,0.11,23.25,0.35,73.27,"154,275.39"
394,20/01/2025,MCH,"223,900","224,500","218,200","225,100","217,000","218,925","-5,700",-2.55,0.09,19.95,0.00,0.00,0.09,19.95,"158,115.97"
395,17/01/2025,MCH,"223,700","222,000","225,800","225,800","222,000","223,911","2,100",0.94,0.02,3.98,0.00,0.00,0.02,3.98,"163,623.21"
396,16/01/2025,MCH,"224,700","225,000","222,000","227,500","222,000","223,744","-2,700",-1.20,0.02,5.41,0.01,2.18,0.03,7.59,"160,869.59"
397,15/01/2025,MCH,"224,000","225,100","226,000","227,000","220,200","224,663","2,000",0.89,0.04,9.14,0.00,0.00,0.04,9.14,"163,768.14"
398,14/01/2025,MCH,"230,200","232,500","228,000","232,500","222,700","224,020","-2,200",-0.96,0.06,12.52,0.00,0.00,0.06,12.52,"165,217.42"
399,13/01/2025,MCH,"226,700","230,000","230,000","233,000","228,000","230,245","3,300",1.46,0.02,3.96,0.00,0.00,0.02,3.96,"166,666.69"
400,10/01/2025,MCH,"230,900","230,200","231,900","231,900","220,500","226,660","1,000",0.43,0.03,7.79,0.00,0.00,0.03,7.79,"168,043.50"
401,09/01/2025,MCH,"233,500","233,500","230,200","233,500","229,000","230,944","-3,300",-1.41,0.02,5.47,0.00,0.00,0.02,5.47,"166,811.62"
402,08/01/2025,MCH,"235,100","235,000","234,400","235,000","230,600","233,542",-700,-0.30,0.02,5.30,0.00,0.42,0.02,5.72,"169,855.10"
403,07/01/2025,MCH,"238,000","238,000","236,100","238,000","233,000","235,133","-1,900",-0.80,0.03,7.20,0.00,0.00,0.03,7.20,"171,086.98"
404,06/01/2025,MCH,"237,800","238,800","238,500","239,900","235,000","238,029",700,0.29,0.04,8.53,0.00,0.00,0.04,8.53,"172,826.11"
405,03/01/2025,MCH,"247,200","247,000","237,500","247,000","232,000","237,834","-9,700",-3.92,0.12,27.72,0.00,0.00,0.12,27.72,"172,101.48"
406,02/01/2025,MCH,"256,800","259,900","247,000","260,000","243,000","247,175","-9,800",-3.82,0.08,19.06,0.09,20.54,0.17,39.60,"178,985.53"
407,31/12/2024,MCH,"239,700","245,000","255,000","260,000","245,000","256,759","15,300",6.38,0.16,41.95,0.25,51.87,0.41,93.82,"184,782.64"
408,30/12/2024,MCH,"234,700","236,500","260,000","260,000","234,600","239,717","25,300",10.78,0.11,27.48,0.10,20.10,0.21,47.58,"188,405.83"
409,27/12/2024,MCH,"231,800","232,000","236,500","236,500","230,000","234,658","4,700",2.03,0.24,56.44,0.25,64.96,0.49,121.40,"171,376.84"
410,26/12/2024,MCH,"231,000","230,100","232,700","233,000","229,300","231,820","1,700",0.74,0.15,35.23,0.00,0.00,0.15,35.23,"168,623.21"
411,25/12/2024,MCH,"229,200","230,000","231,700","233,000","228,500","230,998","2,500",1.09,0.06,14.62,0.10,25.69,0.16,40.31,"167,898.58"
412,24/12/2024,MCH,"225,900","227,900","233,000","233,900","226,800","229,211","7,100",3.14,0.11,24.28,0.00,0.00,0.11,24.28,"168,840.61"
413,23/12/2024,MCH,"223,100","223,500","228,000","228,000","223,500","225,917","4,900",2.20,0.05,11.37,0.00,0.00,0.05,11.37,"165,217.42"
414,20/12/2024,MCH,"219,700","219,700","224,200","224,700","219,700","223,074","4,500",2.05,0.04,10.01,0.06,12.65,0.10,22.66,"162,463.79"
415,19/12/2024,MCH,"220,200","228,800","219,500","228,800","217,000","219,686",-700,-0.32,0.05,10.40,0.00,0.00,0.05,10.40,"159,058.00"
416,18/12/2024,MCH,"230,000","231,900","229,000","231,900","228,800","229,671","-1,000",-0.43,0.04,10.30,0.31,61.69,0.35,71.99,"165,942.05"
417,17/12/2024,MCH,"232,000","232,600","231,900","232,800","227,500","230,003",-100,-0.04,0.07,15.37,0.00,0.00,0.07,15.37,"168,043.50"
418,16/12/2024,MCH,"225,300","226,700","232,800","234,400","226,600","231,999","7,500",3.33,0.10,22.73,0.00,0.00,0.10,22.73,"168,695.68"
419,13/12/2024,MCH,"224,400","225,000","226,600","227,000","224,000","225,345","2,200",0.98,0.05,11.67,0.31,79.17,0.36,90.84,"164,202.92"
420,12/12/2024,MCH,"223,400","227,000","225,000","227,000","223,400","224,410","1,600",0.72,0.07,15.46,0.00,0.00,0.07,15.46,"163,043.50"
421,11/12/2024,MCH,"220,800","225,000","224,000","232,000","221,000","223,387","3,200",1.45,0.15,32.93,0.00,0.00,0.15,32.93,"162,318.87"
422,10/12/2024,MCH,"221,500","225,500","220,900","225,500","220,000","220,766",-600,-0.27,0.02,5.18,0.00,0.00,0.02,5.18,"160,072.49"
423,09/12/2024,MCH,"222,400","222,100","225,500","225,800","221,000","221,468","3,100",1.39,0.03,5.95,0.04,8.10,0.07,14.05,"163,405.82"
424,06/12/2024,MCH,"224,900","228,000","225,000","228,000","221,000","222,358",100,0.04,0.04,9.76,0.35,70.30,0.39,80.06,"163,043.50"
425,05/12/2024,MCH,"223,400","222,000","228,000","228,000","222,000","224,884","4,600",2.06,0.02,3.63,0.03,6.49,0.04,10.12,"165,217.42"
426,04/12/2024,MCH,"225,400","225,000","222,000","225,000","222,000","223,435","-3,400",-1.51,0.02,3.43,0.27,68.11,0.28,71.54,"160,869.59"
427,03/12/2024,MCH,"226,200","225,000","225,000","229,000","225,000","225,448","-1,200",-0.53,0.02,4.74,0.00,0.00,0.02,4.74,"163,043.50"
428,02/12/2024,MCH,"222,700","223,000","224,800","229,000","223,000","226,233","2,100",0.94,0.02,4.63,0.00,0.00,0.02,4.63,"162,898.58"
429,29/11/2024,MCH,"219,000","219,000","229,800","230,000","218,700","222,736","10,800",4.93,0.07,14.63,0.00,0.00,0.07,14.63,"166,521.76"
430,28/11/2024,MCH,"219,000","219,000","218,900","219,100","218,400","218,991",-100,-0.05,0.02,4.45,0.00,0.00,0.02,4.45,"158,623.21"
431,27/11/2024,MCH,"218,900","218,900","219,000","219,100","218,900","218,997",100,0.05,0.01,1.39,0.00,0.00,0.01,1.39,"158,695.68"
432,26/11/2024,MCH,"218,100","217,000","219,000","219,100","217,000","218,897",900,0.41,0.14,30.94,0.00,0.00,0.14,30.94,"158,695.68"
433,25/11/2024,MCH,"218,900","219,500","218,900","219,500","216,900","218,112",0,0.00,0.01,2.78,0.00,0.00,0.01,2.78,"158,623.21"
434,22/11/2024,MCH,"218,100","219,400","219,500","219,900","216,600","218,900","1,400",0.64,0.04,9.26,0.00,0.00,0.04,9.26,"159,058.00"
435,21/11/2024,MCH,"221,400","221,400","217,000","221,400","217,000","218,110","-4,400",-1.99,0.03,7.13,0.00,0.00,0.03,7.13,"157,246.40"
436,20/11/2024,MCH,"221,100","220,000","222,900","222,900","217,100","221,358","1,800",0.81,0.02,3.92,0.00,0.00,0.02,3.92,"161,521.76"
437,19/11/2024,MCH,"217,200","222,500","220,000","224,000","219,000","221,129","2,800",1.29,0.01,1.89,1.08,200.10,1.09,201.99,"159,420.31"
438,18/11/2024,MCH,"220,500","218,900","223,000","223,000","215,000","217,171","2,500",1.13,0.04,9.53,0.00,0.00,0.04,9.53,"161,594.23"
439,15/11/2024,MCH,"223,700","220,000","220,000","223,300","218,400","220,453","-3,700",-1.65,0.03,5.73,0.00,0.00,0.03,5.73,"159,420.31"
440,14/11/2024,MCH,"220,400","221,400","223,100","225,500","221,300","223,702","2,700",1.23,0.02,5.33,1.10,207.51,1.13,212.84,"161,666.69"
441,13/11/2024,MCH,"221,400","221,800","221,400","221,800","218,000","220,416",0,0.00,0.02,3.47,0.14,29.99,0.15,33.47,"160,434.81"
442,12/11/2024,MCH,"215,700","220,000","220,100","224,700","219,800","221,435","4,400",2.04,0.03,6.37,0.00,0.00,0.03,6.37,"159,492.78"
443,11/11/2024,MCH,"215,100","214,800","220,000","220,000","214,500","215,740","4,900",2.28,0.03,6.75,0.00,0.00,0.03,6.75,"159,420.31"
444,08/11/2024,MCH,"218,100","217,500","215,800","217,500","214,200","215,070","-2,300",-1.05,0.03,6.85,0.10,21.50,0.13,28.35,"156,376.84"
445,07/11/2024,MCH,"217,200","219,000","217,500","219,000","216,000","218,112",300,0.14,0.03,5.71,0.00,0.00,0.03,5.71,"157,608.72"
446,06/11/2024,MCH,"213,900","214,500","219,000","219,500","214,500","217,213","5,100",2.38,0.08,18.29,0.00,0.00,0.08,18.29,"158,695.68"
447,05/11/2024,MCH,"212,700","213,300","214,700","214,700","212,500","213,906","2,000",0.94,0.01,2.89,0.00,0.00,0.01,2.89,"155,579.73"
448,04/11/2024,MCH,"210,000","210,000","213,300","215,000","210,000","212,681","3,300",1.57,0.07,14.41,0.04,8.09,0.11,22.50,"154,565.24"
449,01/11/2024,MCH,"209,800","209,800","212,000","212,000","208,000","210,036","2,200",1.05,0.04,8.16,0.00,0.00,0.04,8.16,"153,623.21"
450,31/10/2024,MCH,"209,500","211,300","209,700","211,900","208,900","209,816",200,0.10,0.04,9.03,0.00,0.00,0.04,9.03,"151,956.54"
451,30/10/2024,MCH,"209,200","210,000","212,000","212,000","207,000","209,465","2,800",1.34,0.05,11.44,0.00,0.00,0.05,11.44,"153,623.21"
452,29/10/2024,MCH,"209,300","210,000","209,500","211,500","208,900","209,228",200,0.10,0.02,4.58,0.00,0.00,0.02,4.58,"151,811.62"
453,28/10/2024,MCH,"209,000","210,000","209,500","211,000","208,200","209,349",500,0.24,0.01,2.99,0.00,0.00,0.01,2.99,"151,811.62"
454,25/10/2024,MCH,"209,900","208,100","209,500","210,000","208,000","208,986",-400,-0.19,0.01,1.95,0.00,0.00,0.01,1.95,"151,811.62"
455,24/10/2024,MCH,"206,100","207,500","210,800","212,000","207,500","209,944","4,700",2.28,0.06,12.95,0.00,0.00,0.06,12.95,"152,753.65"
456,23/10/2024,MCH,"205,400","205,500","207,500","207,500","203,000","206,135","2,100",1.02,0.02,4.88,0.00,0.00,0.02,4.88,"150,362.34"
457,22/10/2024,MCH,"206,300","206,000","204,000","206,200","204,000","205,388","-2,300",-1.11,0.02,3.49,0.00,0.00,0.02,3.49,"147,826.11"
458,21/10/2024,MCH,"209,000","208,400","207,000","208,400","205,000","206,299","-2,000",-0.96,0.02,4.33,0.00,0.00,0.02,4.33,"150,000.02"
459,18/10/2024,MCH,"209,900","209,900","208,400","210,000","208,400","208,975","-1,500",-0.71,0.02,3.84,0.00,0.00,0.02,3.84,"151,014.52"
460,17/10/2024,MCH,"208,400","211,500","209,500","212,900","209,000","209,937","1,100",0.53,0.04,7.63,0.00,0.00,0.04,7.63,"151,811.62"
461,16/10/2024,MCH,"198,400","199,500","211,000","212,500","198,500","208,389","12,600",6.35,0.15,32.24,0.00,0.00,0.15,32.24,"152,898.57"
462,15/10/2024,MCH,"198,000","198,000","199,000","199,000","197,200","198,403","1,000",0.51,0.03,5.04,0.00,0.00,0.03,5.04,"144,202.92"
463,14/10/2024,MCH,"198,300","197,100","198,600","198,900","197,100","197,964",300,0.15,0.02,3.65,0.00,0.00,0.02,3.65,"143,913.07"
464,11/10/2024,MCH,"198,900","198,100","199,700","200,100","198,000","198,262",800,0.40,0.04,7.98,0.00,0.00,0.04,7.98,"144,710.17"
465,10/10/2024,MCH,"197,800","198,500","200,000","200,000","198,000","198,870","2,200",1.11,0.05,9.88,0.00,0.00,0.05,9.88,"144,927.56"
466,09/10/2024,MCH,"198,900","197,600","199,900","199,900","193,100","197,808","1,000",0.50,0.03,6.37,0.00,0.00,0.03,6.37,"144,855.09"
467,08/10/2024,MCH,"198,700","199,000","199,200","199,300","197,500","198,928",500,0.25,0.07,14.04,0.00,0.00,0.07,14.04,"144,347.85"
468,07/10/2024,MCH,"198,000","198,000","197,400","200,000","196,800","198,747",-600,-0.30,0.02,3.42,0.00,0.00,0.02,3.42,"143,043.50"
469,04/10/2024,MCH,"198,200","196,800","199,500","200,000","196,800","197,983","1,300",0.66,0.14,27.66,0.00,0.00,0.14,27.66,"144,565.24"
470,03/10/2024,MCH,"193,800","197,400","196,800","200,000","196,800","198,222","3,000",1.55,0.33,65.29,0.61,112.60,0.94,177.89,"142,608.72"
471,02/10/2024,MCH,"196,500","195,800","197,000","198,000","186,800","193,816",500,0.25,0.12,22.43,0.00,0.00,0.12,22.43,"142,753.64"
472,01/10/2024,MCH,"196,700","198,100","195,800","198,100","195,600","196,512",-900,-0.46,0.03,5.81,0.00,0.00,0.03,5.81,"141,884.08"
473,30/09/2024,MCH,"198,100","200,100","199,000","200,100","196,000","196,701",900,0.45,0.05,9.25,0.00,0.00,0.05,9.25,"144,202.92"
474,27/09/2024,MCH,"198,100","200,200","200,000","200,300","197,000","198,053","1,900",0.96,0.05,9.51,0.00,0.00,0.05,9.51,"144,927.56"
475,26/09/2024,MCH,"203,400","202,000","200,000","202,000","196,500","198,144","-3,400",-1.67,0.13,26.38,0.00,0.00,0.13,26.38,"144,927.56"
476,25/09/2024,MCH,"203,100","220,000","202,900","220,000","200,000","203,384",-200,-0.10,0.10,21.04,0.00,0.00,0.10,21.04,"147,029.01"
477,24/09/2024,MCH,"212,600","212,800","220,000","223,600","212,800","219,913","7,400",3.48,0.24,53.27,0.00,0.00,0.24,53.27,"159,420.31"
478,23/09/2024,MCH,"208,500","209,000","213,100","213,300","209,000","212,619","4,600",2.21,0.34,71.61,0.02,4.20,0.36,75.81,"154,420.31"
479,20/09/2024,MCH,"205,000","214,600","209,800","214,600","207,600","208,480","4,800",2.34,0.09,18.45,0.00,0.00,0.09,18.45,"152,029.01"
480,19/09/2024,MCH,"208,700","208,700","207,800","208,700","178,000","204,963",-900,-0.43,0.11,21.61,0.02,4.00,0.13,25.61,"150,579.73"
481,18/09/2024,MCH,"207,100","209,000","208,900","209,100","207,700","208,703","1,800",0.87,0.14,28.59,0.00,0.00,0.14,28.59,"151,376.83"
482,17/09/2024,MCH,"204,000","205,000","207,000","208,500","204,200","207,077","3,000",1.47,0.11,22.86,0.00,0.00,0.11,22.86,"150,000.02"
483,16/09/2024,MCH,"204,100","204,100","204,300","205,000","203,700","204,016",200,0.10,0.06,11.42,0.00,0.00,0.06,11.42,"148,043.50"
484,13/09/2024,MCH,"201,000","204,500","205,000","205,000","203,000","204,135","4,000",1.99,0.06,12.35,0.00,0.00,0.06,12.35,"148,550.75"
485,12/09/2024,MCH,"206,300","207,000","203,900","207,000","193,000","200,978","-2,400",-1.16,0.11,22.02,0.02,4.17,0.13,26.19,"147,753.65"
486,11/09/2024,MCH,"207,700","207,500","207,500","207,500","203,300","206,315",-200,-0.10,0.04,8.24,0.00,0.00,0.04,8.24,"150,362.34"
487,10/09/2024,MCH,"207,900","209,000","207,900","209,000","206,200","207,743",0,0.00,0.05,9.69,0.00,0.00,0.05,9.69,"150,652.20"
488,09/09/2024,MCH,"207,600","207,600","209,000","209,000","207,500","207,887","1,400",0.67,0.02,3.19,0.00,0.00,0.02,3.19,"151,449.30"
489,06/09/2024,MCH,"208,500","206,000","209,500","209,500","205,100","207,598","1,000",0.48,0.03,7.17,0.00,0.00,0.03,7.17,"150,317.75"
490,05/09/2024,MCH,"211,500","211,200","207,600","211,500","206,200","208,461","-3,900",-1.84,0.04,7.71,0.00,0.00,0.04,7.71,"148,954.49"
491,04/09/2024,MCH,"209,200","213,400","210,900","213,400","209,300","211,535","1,700",0.81,0.06,12.87,0.00,0.00,0.06,12.87,"151,322.26"
492,30/08/2024,MCH,"203,000","203,000","211,200","211,200","203,000","209,237","8,200",4.04,0.15,30.55,0.08,17.59,0.23,48.14,"151,537.51"
493,29/08/2024,MCH,"204,000","204,000","204,800","204,800","201,600","202,955",800,0.39,0.04,7.88,0.00,0.00,0.04,7.88,"146,945.47"
494,28/08/2024,MCH,"205,200","204,000","204,900","205,000","203,500","203,988",-300,-0.15,0.06,12.96,0.00,0.00,0.06,12.96,"147,017.22"
495,27/08/2024,MCH,"206,600","202,000","206,000","206,000","202,000","205,184",-600,-0.29,0.04,7.86,0.00,0.00,0.04,7.86,"147,806.47"
496,26/08/2024,MCH,"208,500","208,300","206,900","208,500","206,000","206,613","-1,600",-0.77,0.07,13.84,0.00,0.00,0.07,13.84,"148,452.23"
497,23/08/2024,MCH,"209,500","208,300","210,000","210,000","208,000","208,535",500,0.24,0.02,4.13,0.07,14.01,0.08,18.14,"150,676.50"
498,22/08/2024,MCH,"211,000","205,600","208,200","213,000","205,500","209,494","-2,800",-1.33,0.03,5.59,0.00,0.00,0.03,5.59,"149,384.99"
499,21/08/2024,MCH,"211,800","211,800","211,500","211,800","209,700","211,015",-300,-0.14,0.08,16.38,0.00,0.00,0.08,16.38,"151,752.76"
500,20/08/2024,MCH,"211,900","212,700","212,900","212,900","210,800","211,843","1,000",0.47,0.04,8.66,0.00,0.00,0.04,8.66,"152,757.27"
501,19/08/2024,MCH,"212,900","212,900","212,900","212,900","210,000","211,928",0,0.00,0.05,10.26,0.04,7.61,0.08,17.87,"152,757.27"
502,16/08/2024,MCH,"212,000","211,100","212,900","213,500","211,100","212,904",900,0.42,0.17,37.23,0.00,0.00,0.17,37.23,"152,757.27"
503,15/08/2024,MCH,"212,600","212,000","213,000","213,000","211,100","211,973",400,0.19,0.05,10.08,0.00,0.00,0.05,10.08,"152,829.02"
504,14/08/2024,MCH,"213,200","214,000","213,000","214,000","209,000","212,569",-200,-0.09,0.16,34.60,0.00,0.00,0.16,34.60,"152,829.02"
505,13/08/2024,MCH,"212,700","212,300","213,000","214,000","212,300","213,214",300,0.14,0.05,10.80,0.00,0.00,0.05,10.80,"152,829.02"
506,12/08/2024,MCH,"212,900","213,900","214,000","214,000","210,500","212,713","1,100",0.52,0.03,5.33,0.00,0.00,0.03,5.33,"153,546.53"
507,09/08/2024,MCH,"212,900","214,000","214,000","214,000","210,600","212,868","1,100",0.52,0.02,4.58,0.00,0.00,0.02,4.58,"153,546.53"
508,08/08/2024,MCH,"213,900","210,000","213,900","213,900","210,000","212,935",0,0.00,0.02,4.36,0.00,0.00,0.02,4.36,"153,474.78"
509,07/08/2024,MCH,"209,000","215,900","210,200","215,900","210,000","213,899","1,200",0.57,0.11,22.52,0.00,0.00,0.11,22.52,"150,820.00"
510,06/08/2024,MCH,"201,000","201,000","216,000","221,400","200,100","208,960","15,000",7.46,0.12,24.33,0.00,0.00,0.12,24.33,"154,981.55"
511,05/08/2024,MCH,"201,900","200,000","203,000","203,000","199,800","200,958","1,100",0.54,0.05,10.10,0.00,0.00,0.05,10.10,"145,653.95"
512,02/08/2024,MCH,"200,000","199,600","205,900","205,900","199,600","201,865","5,900",2.95,0.06,12.54,0.00,0.00,0.06,12.54,"147,734.72"
513,01/08/2024,MCH,"199,300","200,000","202,000","202,000","197,600","200,030","2,700",1.35,0.07,13.16,0.00,0.00,0.07,13.16,"144,936.45"
514,31/07/2024,MCH,"200,100","197,600","202,000","202,900","196,000","199,257","1,900",0.95,0.15,28.97,0.00,0.00,0.15,28.97,"144,936.45"
515,30/07/2024,MCH,"203,500","203,000","200,800","203,000","197,600","200,059","-2,700",-1.33,0.10,19.32,0.00,0.00,0.10,19.32,"144,075.44"
516,29/07/2024,MCH,"200,200","205,000","202,500","205,500","202,500","203,495","2,300",1.15,0.05,10.70,0.00,0.00,0.05,10.70,"145,295.20"
517,26/07/2024,MCH,"194,900","195,000","205,000","205,000","195,000","200,231","10,100",5.18,0.10,19.93,0.00,0.00,0.10,19.93,"147,088.97"
518,25/07/2024,MCH,"194,800","195,000","196,000","196,000","194,200","194,931","1,200",0.62,0.01,2.21,0.00,0.00,0.01,2.21,"140,631.40"
519,24/07/2024,MCH,"195,400","195,000","195,900","196,000","192,300","194,825",500,0.26,0.03,6.49,0.00,0.00,0.03,6.49,"140,559.65"
520,23/07/2024,MCH,"195,300","194,000","196,300","196,400","192,100","195,370","1,000",0.51,0.06,11.52,0.00,0.00,0.06,11.52,"140,846.65"
521,22/07/2024,MCH,"196,100","196,100","196,500","196,500","190,000","195,301",400,0.20,0.10,19.50,0.00,0.00,0.10,19.50,"140,990.16"
522,19/07/2024,MCH,"194,600","197,000","197,000","197,000","194,600","196,140","2,400",1.23,0.06,10.98,0.00,0.00,0.06,10.98,"141,348.91"
523,18/07/2024,MCH,"196,100","195,500","197,000","197,000","185,300","194,611",900,0.46,0.13,26.23,0.00,0.00,0.13,26.23,"141,348.91"
524,17/07/2024,MCH,"195,200","193,100","197,800","197,800","193,000","196,109","2,600",1.33,0.18,35.35,0.00,0.00,0.18,35.35,"141,922.92"
525,16/07/2024,MCH,"195,200","197,000","195,900","197,000","193,000","195,178",700,0.36,0.11,22.26,0.00,0.00,0.11,22.26,"140,559.65"
526,15/07/2024,MCH,"194,400","193,000","196,000","197,200","193,000","195,210","1,600",0.82,0.06,11.91,0.00,0.00,0.06,11.91,"140,631.40"
527,12/07/2024,MCH,"207,400","205,000","193,700","205,900","191,100","194,423","-13,700",-6.61,0.26,49.63,0.00,0.00,0.26,49.63,"138,981.14"
528,11/07/2024,MCH,"216,200","214,100","205,000","216,100","204,000","207,395","-11,200",-5.18,0.29,60.25,0.00,0.00,0.29,60.25,"147,088.97"
529,10/07/2024,MCH,"217,500","218,000","214,100","218,000","214,100","216,240","-3,400",-1.56,0.07,14.55,0.00,0.00,0.07,14.55,"153,618.28"
530,09/07/2024,MCH,"216,900","218,500","218,400","218,500","216,500","217,455","1,500",0.69,0.09,18.80,0.00,0.00,0.09,18.80,"156,703.56"
531,08/07/2024,MCH,"217,800","216,900","218,500","219,300","213,000","216,873",700,0.32,0.28,60.02,0.00,0.00,0.28,60.02,"156,775.31"
532,05/07/2024,MCH,"218,800","217,200","217,800","219,000","216,500","217,834","-1,000",-0.46,0.14,30.89,0.00,0.00,0.14,30.89,"156,273.06"
533,04/07/2024,MCH,"218,800","219,300","218,600","219,300","216,600","218,765",-200,-0.09,0.11,23.58,0.00,0.00,0.11,23.58,"156,847.06"
534,03/07/2024,MCH,"219,000","219,100","219,300","219,300","216,100","218,803",300,0.14,0.25,54.46,0.00,0.00,0.25,54.46,"157,349.32"
535,02/07/2024,MCH,"215,000","222,000","219,200","222,000","218,000","219,024","4,200",1.95,0.37,80.99,0.03,6.20,0.40,87.20,"157,277.57"
536,01/07/2024,MCH,"220,400","222,000","222,000","222,000","219,000","220,539","1,600",0.73,0.20,43.06,0.30,56.25,0.50,99.31,"159,286.59"
537,28/06/2024,MCH,"222,300","222,200","222,000","223,000","218,700","220,441",-300,-0.13,0.23,50.27,0.00,0.00,0.23,50.27,"159,286.59"
538,27/06/2024,MCH,"218,300","221,000","223,000","225,400","219,000","222,336","4,700",2.15,0.50,111.83,0.03,5.86,0.53,117.69,"160,004.10"
539,26/06/2024,MCH,"219,300","219,300","221,000","221,000","216,000","218,303","1,700",0.78,0.15,33.55,0.07,14.78,0.22,48.33,"158,569.08"
540,25/06/2024,MCH,"220,600","220,300","219,900","221,200","218,000","219,337",-700,-0.32,0.09,18.97,0.00,0.00,0.09,18.97,"157,779.82"
541,24/06/2024,MCH,"220,000","221,600","220,300","223,700","217,000","220,604",300,0.14,0.54,118.32,0.05,11.18,0.59,129.50,"158,066.83"
542,21/06/2024,MCH,"219,500","219,600","220,500","220,600","219,000","220,016","1,000",0.46,0.22,48.34,0.00,0.00,0.22,48.34,"158,210.33"
543,20/06/2024,MCH,"216,700","219,000","220,600","221,500","216,700","219,519","3,900",1.80,0.35,76.50,0.02,4.21,0.37,80.71,"158,282.08"
544,19/06/2024,MCH,"214,700","217,000","218,600","219,000","212,000","216,740","3,900",1.82,0.24,52.30,0.20,44.90,0.45,97.20,"156,847.06"
545,18/06/2024,MCH,"216,600","219,500","217,500","219,500","212,600","214,714",900,0.42,0.12,25.32,0.44,95.66,0.56,120.98,"156,057.81"
546,17/06/2024,MCH,"219,600","217,000","218,900","219,600","215,000","216,598",-700,-0.32,0.27,59.06,0.00,0.00,0.27,59.06,"157,062.32"
547,14/06/2024,MCH,"218,500","218,500","218,500","220,400","215,500","219,577",0,0.00,0.31,67.38,0.00,0.00,0.31,67.38,"156,775.31"
548,13/06/2024,MCH,"220,200","221,500","218,500","221,500","217,100","218,533","-1,700",-0.77,0.17,36.75,0.00,0.00,0.17,36.75,"156,775.31"
549,12/06/2024,MCH,"221,500","200,000","221,000","223,500","200,000","220,206",-500,-0.23,0.13,28.74,0.00,0.00,0.13,28.74,"158,569.08"
550,11/06/2024,MCH,"221,900","222,900","222,800","222,900","218,000","221,534",900,0.41,0.17,38.75,0.00,0.00,0.17,38.75,"159,860.59"
551,10/06/2024,MCH,"218,600","218,500","222,800","222,800","218,500","221,882","4,200",1.92,0.40,89.52,0.00,0.00,0.40,89.52,"159,860.59"
552,07/06/2024,MCH,"212,800","218,000","218,500","221,000","216,000","218,576","5,700",2.68,0.19,40.59,0.27,66.56,0.46,107.15,"156,775.31"
553,06/06/2024,MCH,"204,300","205,000","218,000","219,000","205,000","212,841","13,700",6.71,0.39,82.47,0.00,0.00,0.39,82.47,"156,416.56"
554,05/06/2024,MCH,"202,000","205,000","206,900","207,000","202,400","204,279","4,900",2.43,0.24,48.51,0.00,0.00,0.24,48.51,"148,452.23"
555,04/06/2024,MCH,"202,500","204,000","205,000","205,000","199,000","201,995","2,500",1.23,0.34,68.65,0.00,0.00,0.34,68.65,"147,088.97"
556,03/06/2024,MCH,"191,400","196,500","203,500","214,000","196,000","202,482","12,100",6.32,0.15,31.32,0.00,0.00,0.15,31.32,"146,012.71"
557,31/05/2024,MCH,"183,100","183,500","196,000","196,000","183,500","191,382","12,900",7.05,0.74,141.82,0.00,0.00,0.74,141.82,"140,631.40"
558,30/05/2024,MCH,"184,400","179,000","185,500","185,500","179,000","183,136","1,100",0.60,0.13,24.33,0.00,0.00,0.13,24.33,"133,097.58"
559,29/05/2024,MCH,"184,300","185,900","183,000","185,900","182,000","184,357","-1,300",-0.71,0.14,26.18,0.00,0.00,0.14,26.18,"131,303.81"
560,28/05/2024,MCH,"179,800","180,000","185,100","185,400","180,000","184,317","5,300",2.95,0.25,45.48,0.00,0.00,0.25,45.48,"132,810.57"
561,27/05/2024,MCH,"184,900","183,100","179,000","184,900","175,000","179,824","-5,900",-3.19,0.20,35.20,0.00,0.00,0.20,35.20,"128,433.78"
562,24/05/2024,MCH,"180,000","180,900","184,900","185,000","180,000","184,890","4,900",2.72,0.40,74.54,0.15,27.75,0.55,102.29,"132,667.07"
563,23/05/2024,MCH,"177,600","177,000","181,000","182,000","176,000","180,028","3,400",1.91,0.25,44.79,0.00,0.00,0.25,44.79,"129,868.80"
564,22/05/2024,MCH,"176,600","175,000","178,000","179,000","173,500","177,607","1,400",0.79,0.33,58.94,0.00,0.00,0.33,58.94,"127,716.27"
565,21/05/2024,MCH,"177,200","175,000","175,000","178,900","173,000","176,640","-2,200",-1.24,0.37,66.23,0.00,0.00,0.37,66.23,"125,563.75"
566,20/05/2024,MCH,"173,300","180,000","178,300","180,000","173,000","177,249","5,000",2.89,0.45,79.66,0.00,0.00,0.45,79.66,"127,931.53"
567,17/05/2024,MCH,"157,800","163,000","174,500","176,600","163,000","173,312","16,700",10.58,0.26,44.70,0.00,0.00,0.26,44.70,"125,205.00"
568,16/05/2024,MCH,"152,600","154,000","163,000","164,000","154,000","157,753","10,400",6.82,0.50,78.56,0.00,0.00,0.50,78.56,"116,953.67"
569,15/05/2024,MCH,"144,800","146,000","152,000","155,000","146,000","152,631","7,200",4.97,0.37,56.71,0.00,0.00,0.37,56.71,"109,061.09"
570,14/05/2024,MCH,"145,100","145,400","144,600","145,600","144,200","144,821",-500,-0.34,0.07,10.03,0.00,0.00,0.07,10.03,"103,751.53"
571,13/05/2024,MCH,"147,000","147,600","145,400","147,600","144,100","145,083","-1,600",-1.09,0.09,12.78,0.00,0.00,0.09,12.78,"104,325.54"
572,10/05/2024,MCH,"148,100","146,100","147,000","148,000","146,100","147,011","-1,100",-0.74,0.07,10.44,0.00,0.00,0.07,10.44,"105,473.55"
573,09/05/2024,MCH,"147,100","148,000","147,600","148,800","147,300","148,053",500,0.34,0.11,15.88,0.00,0.00,0.11,15.88,"105,904.06"
574,08/05/2024,MCH,"145,700","144,900","148,000","148,900","143,400","147,139","2,300",1.58,0.13,19.15,0.00,0.00,0.13,19.15,"106,191.06"
575,07/05/2024,MCH,"148,800","148,800","144,100","148,900","144,000","145,675","-4,700",-3.16,0.17,24.72,0.27,39.44,0.44,64.16,"103,392.78"
576,06/05/2024,MCH,"149,600","149,100","148,800","150,800","146,500","148,811",-800,-0.53,0.15,22.50,0.00,0.00,0.15,22.50,"106,765.06"
577,03/05/2024,MCH,"143,800","145,900","145,100","153,200","145,000","149,629","1,300",0.90,0.28,42.27,0.00,0.00,0.28,42.27,"104,110.29"
578,02/05/2024,MCH,"139,300","140,000","146,500","146,500","139,500","143,778","7,200",5.17,0.17,23.89,0.00,0.00,0.17,23.89,"105,114.80"
579,26/04/2024,MCH,"139,500","139,100","140,000","140,000","139,000","139,317",500,0.36,0.04,5.77,0.00,0.00,0.04,5.77,"100,451.00"
580,25/04/2024,MCH,"139,600","139,800","139,900","143,500","138,900","139,534",300,0.21,0.05,7.22,0.00,0.00,0.05,7.22,"100,379.25"
581,24/04/2024,MCH,"140,400","140,000","139,000","140,900","137,000","139,600","-1,400",-1.00,0.03,4.71,0.00,0.00,0.03,4.71,"99,733.49"
582,23/04/2024,MCH,"142,400","142,700","139,000","142,700","139,000","140,429","-3,400",-2.39,0.03,3.58,0.00,0.00,0.03,3.58,"99,733.49"
583,22/04/2024,MCH,"142,100","144,000","143,000","144,000","139,000","142,351",900,0.63,0.07,9.66,0.00,0.00,0.07,9.66,"102,603.52"
584,19/04/2024,MCH,"138,100","139,100","139,500","147,200","136,400","142,077","1,400",1.01,0.06,8.08,0.00,0.00,0.06,8.08,"100,092.25"
585,17/04/2024,MCH,"133,100","138,000","138,900","139,200","136,000","138,059","5,800",4.36,0.08,10.83,0.00,0.00,0.08,10.83,"99,661.74"
586,16/04/2024,MCH,"129,900","128,000","138,000","138,000","127,000","133,142","8,100",6.24,0.11,14.03,0.00,0.00,0.11,14.03,"99,015.99"
587,15/04/2024,MCH,"134,100","130,100","128,000","132,000","128,000","129,943","-6,100",-4.55,0.01,1.59,0.00,0.00,0.01,1.59,"91,840.92"
588,12/04/2024,MCH,"134,700","133,000","131,200","135,700","130,000","134,106","-3,500",-2.60,0.06,8.04,0.00,0.00,0.06,8.04,"94,136.94"
589,11/04/2024,MCH,"128,300","127,000","133,100","137,000","126,000","134,684","4,800",3.74,0.05,6.63,0.00,0.00,0.05,6.63,"95,500.20"
590,10/04/2024,MCH,"133,900","132,000","125,100","137,000","125,100","128,330","-8,800",-6.57,0.12,15.65,0.00,0.00,0.12,15.65,"89,760.15"
591,09/04/2024,MCH,"138,000","138,000","134,000","138,000","131,000","133,887","-4,000",-2.90,0.06,7.97,0.00,0.00,0.06,7.97,"96,145.96"
592,08/04/2024,MCH,"135,700","137,500","138,000","138,800","137,000","138,011","2,300",1.69,0.04,5.97,0.00,0.00,0.04,5.97,"99,015.99"
593,05/04/2024,MCH,"136,900","135,000","136,100","137,000","134,800","135,671",-800,-0.58,0.02,3.23,0.00,0.00,0.02,3.23,"97,652.72"
594,04/04/2024,MCH,"136,500","135,300","137,500","137,500","133,600","136,916","1,000",0.73,0.03,4.26,0.00,0.00,0.03,4.26,"98,657.23"
595,03/04/2024,MCH,"137,100","137,100","136,000","138,100","135,500","136,500","-1,100",-0.80,0.03,4.64,0.00,0.00,0.03,4.64,"97,580.97"
596,02/04/2024,MCH,"136,000","137,000","137,900","138,000","135,400","137,096","1,900",1.40,0.02,2.33,0.00,0.00,0.02,2.33,"98,944.24"
597,01/04/2024,MCH,"134,700","133,200","137,000","137,400","133,100","136,037","2,300",1.71,0.03,4.70,0.00,0.00,0.03,4.70,"98,298.48"
598,29/03/2024,MCH,"130,100","131,700","133,200","136,800","131,700","134,730","3,100",2.38,0.04,5.81,0.00,0.00,0.04,5.81,"95,571.95"
599,28/03/2024,MCH,"126,100","127,000","130,500","132,000","125,700","130,119","4,400",3.49,0.06,7.39,0.00,0.00,0.06,7.39,"93,634.68"
600,27/03/2024,MCH,"125,600","125,600","125,700","126,900","125,600","126,109",100,0.08,0.01,0.84,0.00,0.00,0.01,0.84,"90,190.65"
601,26/03/2024,MCH,"126,100","126,000","125,800","126,100","124,800","125,604",-300,-0.24,0.02,2.85,0.00,0.00,0.02,2.85,"90,262.40"
602,25/03/2024,MCH,"129,000","127,900","126,000","127,900","125,500","126,147","-3,000",-2.33,0.03,3.26,0.00,0.00,0.03,3.26,"90,405.90"
603,22/03/2024,MCH,"131,000","131,000","127,800","131,200","127,800","129,038","-3,200",-2.44,0.03,4.16,0.00,0.00,0.03,4.16,"91,697.41"
604,21/03/2024,MCH,"131,300","131,500","131,100","131,700","129,000","130,995",-200,-0.15,0.03,4.38,0.00,0.00,0.03,4.38,"94,065.19"
605,20/03/2024,MCH,"130,200","130,500","131,500","132,000","130,200","131,285","1,300",1.00,0.05,6.49,0.00,0.00,0.05,6.49,"94,352.19"
606,19/03/2024,MCH,"125,700","125,500","130,500","132,200","125,500","130,245","4,800",3.82,0.08,10.21,0.00,0.00,0.08,10.21,"93,634.68"
607,18/03/2024,MCH,"130,500","130,000","125,000","130,000","119,500","125,655","-5,500",-4.21,0.16,19.77,0.03,2.94,0.18,22.72,"89,688.39"
608,15/03/2024,MCH,"137,200","136,500","131,000","137,000","128,000","130,523","-6,200",-4.52,0.15,19.31,0.34,45.96,0.48,65.27,"93,993.44"
609,14/03/2024,MCH,"137,900","139,000","136,200","139,000","136,100","137,150","-1,700",-1.23,0.07,9.45,0.00,0.00,0.07,9.45,"97,724.47"
610,13/03/2024,MCH,"145,200","141,200","139,000","145,000","136,100","137,900","-6,200",-4.27,0.10,14.03,0.00,0.00,0.10,14.03,"99,733.49"
611,12/03/2024,MCH,"146,500","145,000","141,100","146,600","141,000","145,247","-5,400",-3.69,0.14,20.30,0.00,0.00,0.14,20.30,"101,240.26"
612,11/03/2024,MCH,"143,000","145,000","145,000","149,500","143,700","146,458","2,000",1.40,0.15,21.48,0.00,0.00,0.15,21.48,"104,038.54"
613,08/03/2024,MCH,"137,500","138,500","144,500","145,000","138,500","143,024","7,000",5.09,0.25,35.23,0.00,0.00,0.25,35.23,"103,679.78"
614,07/03/2024,MCH,"135,500","136,000","139,000","139,000","135,000","137,549","3,500",2.58,0.10,13.22,0.00,0.00,0.10,13.22,"99,733.49"
615,06/03/2024,MCH,"131,100","135,000","136,000","138,800","131,900","135,489","4,900",3.74,0.13,17.51,0.00,0.00,0.13,17.51,"97,580.97"
616,05/03/2024,MCH,"124,300","126,500","135,000","135,000","126,500","131,124","10,700",8.61,0.12,15.68,0.00,0.00,0.12,15.68,"96,863.47"
617,04/03/2024,MCH,"122,600","123,000","125,000","125,500","123,000","124,270","2,400",1.96,0.07,8.62,0.00,0.00,0.07,8.62,"89,688.39"
618,01/03/2024,MCH,"120,300","121,000","123,000","123,500","120,300","122,617","2,700",2.24,0.04,5.14,0.00,0.00,0.04,5.14,"88,253.38"
619,29/02/2024,MCH,"119,400","121,000","121,000","121,200","119,400","120,260","1,600",1.34,0.05,6.33,0.00,0.00,0.05,6.33,"86,818.37"
620,28/02/2024,MCH,"115,300","116,000","120,900","120,900","116,000","119,407","5,600",4.86,0.12,13.86,0.00,0.00,0.12,13.86,"86,746.62"
621,27/02/2024,MCH,"114,600","114,600","116,000","116,000","114,600","115,279","1,400",1.22,0.05,5.52,0.00,0.00,0.05,5.52,"83,230.83"
622,26/02/2024,MCH,"114,000","114,000","115,100","115,700","113,900","114,610","1,100",0.96,0.08,8.97,0.00,0.00,0.08,8.97,"82,585.07"
623,23/02/2024,MCH,"112,300","113,000","114,000","116,000","112,300","113,996","1,700",1.51,0.13,14.90,0.00,0.00,0.13,14.90,"81,795.82"
624,22/02/2024,MCH,"111,700","112,000","113,000","113,900","112,000","112,310","1,300",1.16,0.02,2.16,0.00,0.00,0.02,2.16,"81,078.31"
625,21/02/2024,MCH,"111,100","111,000","113,900","114,000","111,000","111,672","2,800",2.52,0.08,8.78,0.00,0.00,0.08,8.78,"81,724.07"
626,20/02/2024,MCH,"111,400","111,900","112,000","112,000","111,000","111,127",600,0.54,0.12,12.86,0.61,57.48,0.72,70.34,"80,360.80"
627,19/02/2024,MCH,"107,300","107,000","111,900","115,000","107,000","111,408","4,600",4.29,0.11,11.82,0.00,0.00,0.11,11.82,"80,289.05"
628,16/02/2024,MCH,"108,200","107,900","108,500","109,000","97,200","107,292",300,0.28,0.07,7.66,0.00,0.00,0.07,7.66,"77,849.53"
629,15/02/2024,MCH,"109,200","110,000","107,900","110,000","107,000","108,205","-1,300",-1.19,0.09,10.03,0.00,0.00,0.09,10.03,"77,419.02"
630,07/02/2024,MCH,"106,800","108,000","107,900","109,900","107,200","109,159","1,100",1.03,0.05,5.95,0.00,0.00,0.05,5.95,"77,419.02"
631,06/02/2024,MCH,"105,200","105,200","108,000","108,000","105,200","106,830","2,800",2.66,0.07,7.27,0.00,0.00,0.07,7.27,"77,490.77"
632,05/02/2024,MCH,"103,300","103,500","105,900","106,000","103,300","105,152","2,600",2.52,0.14,14.94,0.00,0.00,0.14,14.94,"75,984.01"
633,02/02/2024,MCH,"101,200","102,900","103,500","104,000","102,500","103,293","2,300",2.27,0.13,13.40,0.00,0.00,0.13,13.40,"74,261.99"
634,01/02/2024,MCH,"97,500","99,000","102,900","103,900","99,000","101,218","5,400",5.54,0.11,11.40,0.00,0.00,0.11,11.40,"73,831.49"
635,31/01/2024,MCH,"94,400","96,000","99,000","99,000","95,900","97,533","4,600",4.87,0.20,19.87,0.00,0.00,0.20,19.87,"71,033.21"
636,30/01/2024,MCH,"93,000","79,100","96,000","96,100","79,100","94,355","3,000",3.23,0.07,6.76,0.00,0.00,0.07,6.76,"68,880.69"
637,29/01/2024,MCH,"92,400","92,800","93,000","93,200","92,600","92,979",600,0.65,0.11,10.46,0.00,0.00,0.11,10.46,"66,728.17"
638,26/01/2024,MCH,"92,300","92,300","92,600","92,600","92,300","92,445",300,0.33,0.02,1.89,0.00,0.00,0.02,1.89,"66,441.16"
639,25/01/2024,MCH,"91,500","92,000","92,500","92,500","91,900","92,269","1,000",1.09,0.04,3.79,0.00,0.00,0.04,3.79,"66,369.41"
640,24/01/2024,MCH,"91,500","91,500","91,500","91,600","91,500","91,502",0,0.00,0.03,2.49,0.00,0.00,0.03,2.49,"65,651.90"
641,23/01/2024,MCH,"91,200","91,100","91,600","91,600","91,100","91,538",400,0.44,0.03,2.85,0.00,0.00,0.03,2.85,"65,723.66"
642,22/01/2024,MCH,"91,100","91,100","91,600","91,600","91,100","91,248",500,0.55,0.02,1.83,0.00,0.00,0.02,1.83,"65,723.66"
643,19/01/2024,MCH,"90,900","91,100","91,000","91,400","91,000","91,076",100,0.11,0.01,1.12,0.00,0.00,0.01,1.12,"65,293.15"
644,18/01/2024,MCH,"90,600","91,000","91,000","91,100","90,300","90,924",400,0.44,0.03,2.82,0.00,0.00,0.03,2.82,"65,205.73"
645,17/01/2024,MCH,"90,300","90,500","90,700","91,300","90,500","90,555",400,0.44,0.01,1.12,0.00,0.00,0.01,1.12,"64,990.77"
646,16/01/2024,MCH,"90,100","90,100","90,500","90,500","90,000","90,279",400,0.44,0.06,5.14,0.00,0.00,0.06,5.14,"64,847.46"
647,15/01/2024,MCH,"90,400","90,000","90,300","90,300","90,000","90,098",-100,-0.11,0.01,0.73,0.00,0.00,0.01,0.73,"64,704.15"
648,12/01/2024,MCH,"90,100","90,100","90,500","90,500","90,000","90,377",400,0.44,0.03,2.46,0.00,0.00,0.03,2.46,"64,847.46"
649,11/01/2024,MCH,"91,000","90,000","90,000","91,000","90,000","90,088","-1,000",-1.10,0.00,0.37,0.00,0.00,0.00,0.37,"64,489.18"
650,10/01/2024,MCH,"90,900","91,000","90,900","91,300","90,800","90,977",0,0.00,0.01,1.20,0.00,0.00,0.01,1.20,"65,134.08"
651,09/01/2024,MCH,"91,000","88,000","91,300","91,500","88,000","90,886",300,0.33,0.02,1.99,0.00,0.00,0.02,1.99,"65,420.69"
652,08/01/2024,MCH,"90,500","91,000","91,000","91,900","90,900","91,004",500,0.55,0.01,1.35,0.00,0.00,0.01,1.35,"65,205.73"
653,05/01/2024,MCH,"90,600","90,600","90,600","90,600","90,000","90,499",0,0.00,0.02,2.23,0.00,0.00,0.02,2.23,"64,919.11"
654,04/01/2024,MCH,"90,200","91,500","90,500","91,500","90,500","90,632",300,0.33,0.04,3.49,0.00,0.00,0.04,3.49,"64,847.46"
655,03/01/2024,MCH,"88,400","89,000","91,500","91,500","89,000","90,175","3,100",3.51,0.05,4.47,0.00,0.00,0.05,4.47,"65,564.00"
656,02/01/2024,MCH,"87,200","87,200","89,200","89,400","87,200","88,445","2,000",2.29,0.02,2.19,0.00,0.00,0.02,2.19,"63,915.95"
657,29/12/2023,MCH,"86,900","87,200","87,200","87,200","87,200","87,200",300,0.35,0.00,0.40,0.00,0.00,0.00,0.40,"62,482.85"
658,28/12/2023,MCH,"86,600","86,700","87,000","87,100","86,500","86,920",400,0.46,0.02,1.38,0.00,0.00,0.02,1.38,"62,339.54"
659,27/12/2023,MCH,"86,400","86,500","86,500","87,000","86,400","86,644",100,0.12,0.05,3.90,0.00,0.00,0.05,3.90,"61,981.27"
660,26/12/2023,MCH,"86,900","86,300","86,300","86,900","86,300","86,394",-600,-0.69,0.05,4.68,0.00,0.00,0.05,4.68,"61,837.96"
661,25/12/2023,MCH,"87,000","86,900","87,000","87,000","86,600","86,882",0,0.00,0.02,2.15,0.00,0.00,0.02,2.15,"62,339.54"
662,22/12/2023,MCH,"86,200","85,300","87,100","87,500","85,300","86,985",900,1.04,0.01,1.07,0.00,0.00,0.01,1.07,"62,411.20"
663,21/12/2023,MCH,"86,700","86,400","86,500","87,000","86,000","86,173",-200,-0.23,0.01,0.74,0.00,0.00,0.01,0.74,"61,981.27"
664,20/12/2023,MCH,"85,900","86,500","86,400","87,500","86,400","86,674",500,0.58,0.02,1.79,0.00,0.00,0.02,1.79,"61,909.62"
665,19/12/2023,MCH,"84,300","84,500","86,900","86,900","84,500","85,861","2,600",3.08,0.02,1.34,0.00,0.00,0.02,1.34,"62,267.89"
666,18/12/2023,MCH,"85,400","83,000","85,500","87,000","76,900","84,332",100,0.12,0.04,3.23,0.00,0.00,0.04,3.23,"61,264.72"
667,15/12/2023,MCH,"85,700","83,000","85,700","87,100","83,000","85,381",0,0.00,0.03,2.35,0.00,0.00,0.03,2.35,"61,408.03"
668,14/12/2023,MCH,"85,900","86,000","85,700","86,000","85,000","85,679",-200,-0.23,0.01,0.74,0.00,0.00,0.01,0.74,"61,408.03"
669,13/12/2023,MCH,"86,500","86,400","86,000","86,600","73,700","85,917",-500,-0.58,0.02,1.77,0.00,0.00,0.02,1.77,"61,623.00"
670,12/12/2023,MCH,"86,200","86,200","86,500","86,700","86,200","86,467",300,0.35,0.02,2.16,0.00,0.00,0.02,2.16,"61,981.27"
671,11/12/2023,MCH,"86,700","86,600","86,200","86,600","86,200","86,225",-500,-0.58,0.01,0.98,0.00,0.00,0.01,0.98,"61,766.31"
672,08/12/2023,MCH,"87,000","87,000","86,000","87,000","86,000","86,658","-1,000",-1.15,0.03,2.92,0.00,0.00,0.03,2.92,"61,623.00"
673,07/12/2023,MCH,"87,100","87,200","87,000","87,400","86,400","86,956",-100,-0.11,0.03,2.56,0.00,0.00,0.03,2.56,"62,339.54"
674,06/12/2023,MCH,"86,600","86,800","87,000","87,500","86,600","87,082",400,0.46,0.01,0.86,0.00,0.00,0.01,0.86,"62,339.54"
675,05/12/2023,MCH,"85,600","85,000","87,400","87,500","85,000","86,616","1,800",2.10,0.08,7.20,0.01,1.22,0.10,8.42,"62,626.16"
676,04/12/2023,MCH,"84,000","84,500","86,000","86,500","84,500","85,603","2,000",2.38,0.07,5.96,0.00,0.00,0.07,5.96,"61,623.00"
677,01/12/2023,MCH,"81,000","81,000","84,500","85,100","81,000","83,965","3,500",4.32,0.17,14.12,0.00,0.00,0.17,14.12,"60,548.18"
678,30/11/2023,MCH,"79,800","79,000","81,500","81,500","79,000","80,982","1,700",2.13,0.11,8.79,0.00,0.00,0.11,8.79,"58,398.54"
679,29/11/2023,MCH,"78,100","79,000","80,300","80,300","78,100","79,766","2,200",2.82,0.03,2.24,0.00,0.00,0.03,2.24,"57,538.68"
680,28/11/2023,MCH,"77,800","77,800","78,600","79,000","77,600","78,078",800,1.03,0.11,8.28,0.00,0.00,0.11,8.28,"56,320.55"
681,27/11/2023,MCH,"77,600","77,600","78,000","80,000","77,000","77,768",400,0.52,0.02,1.38,0.00,0.00,0.02,1.38,"55,890.63"
682,24/11/2023,MCH,"79,600","78,200","77,000","79,000","77,000","77,633","-2,600",-3.27,0.11,8.44,0.00,0.00,0.11,8.44,"55,174.08"
683,23/11/2023,MCH,"80,700","80,500","79,100","80,500","79,100","79,613","-1,600",-1.98,0.02,1.21,0.00,0.00,0.02,1.21,"56,678.83"
684,22/11/2023,MCH,"80,100","81,000","79,500","81,100","79,000","80,703",-600,-0.75,0.04,3.12,0.15,12.11,0.19,15.23,"56,965.45"
685,21/11/2023,MCH,"80,000","79,500","80,300","80,300","79,500","80,088",300,0.38,0.01,0.82,0.00,0.00,0.01,0.82,"57,538.68"
686,20/11/2023,MCH,"79,800","80,000","80,000","80,900","79,900","80,035",200,0.25,0.02,1.73,0.00,0.00,0.02,1.73,"57,323.72"
687,17/11/2023,MCH,"80,400","80,000","80,000","80,100","78,000","79,769",-400,-0.50,0.01,0.82,0.00,0.00,0.01,0.82,"57,323.72"
688,16/11/2023,MCH,"80,100","80,400","81,000","81,000","80,000","80,398",900,1.12,0.03,2.05,0.00,0.00,0.03,2.05,"58,040.27"
689,15/11/2023,MCH,"77,100","77,900","80,300","80,500","77,900","80,097","3,200",4.15,0.06,4.63,0.00,0.00,0.06,4.63,"57,538.68"
690,14/11/2023,MCH,"78,000","78,000","77,000","78,000","76,500","77,065","-1,000",-1.28,0.02,1.77,0.00,0.00,0.02,1.77,"55,174.08"
691,13/11/2023,MCH,"78,500","78,000","77,700","79,000","77,700","78,009",-800,-1.02,0.01,1.01,0.00,0.00,0.01,1.01,"55,675.66"
692,10/11/2023,MCH,"76,900","77,500","78,900","80,000","76,900","78,487","2,000",2.60,0.05,3.72,0.00,0.00,0.05,3.72,"56,535.52"
693,09/11/2023,MCH,"75,400","75,900","77,500","77,500","75,900","76,930","2,100",2.79,0.04,2.79,0.00,0.00,0.04,2.79,"55,532.35"
694,08/11/2023,MCH,"74,900","75,000","76,000","76,000","75,000","75,386","1,100",1.47,0.01,0.94,0.00,0.00,0.01,0.94,"54,457.53"
695,07/11/2023,MCH,"73,900","74,000","75,300","77,200","73,600","74,867","1,400",1.89,0.07,5.42,0.00,0.00,0.07,5.42,"53,955.95"
696,06/11/2023,MCH,"73,300","73,100","74,000","74,000","73,100","73,891",700,0.95,0.04,2.92,0.00,0.00,0.04,2.92,"53,024.44"
697,03/11/2023,MCH,"74,300","74,100","72,800","74,100","72,500","73,302","-1,500",-2.02,0.04,3.12,0.00,0.00,0.04,3.12,"52,164.58"
698,02/11/2023,MCH,"74,200","74,700","74,000","75,000","73,900","74,275",-200,-0.27,0.04,3.16,0.00,0.00,0.04,3.16,"53,024.44"
699,01/11/2023,MCH,"76,000","75,900","74,000","76,000","72,500","74,174","-2,000",-2.63,0.10,7.26,0.00,0.00,0.10,7.26,"53,024.44"
700,31/10/2023,MCH,"75,500","78,000","75,300","78,000","75,000","76,006",-200,-0.26,0.06,4.91,0.00,0.00,0.06,4.91,"53,955.95"
701,30/10/2023,MCH,"75,200","75,200","76,000","76,500","74,600","75,535",800,1.06,0.04,2.91,0.00,0.00,0.04,2.91,"54,457.53"
702,27/10/2023,MCH,"75,800","75,500","75,000","75,800","74,800","75,186",-800,-1.06,0.09,6.62,0.00,0.00,0.09,6.62,"53,740.99"
703,26/10/2023,MCH,"77,100","77,000","75,500","77,100","74,500","75,842","-1,600",-2.08,0.03,2.32,0.00,0.00,0.03,2.32,"54,099.26"
704,25/10/2023,MCH,"77,000","77,000","77,000","77,200","77,000","77,131",0,0.00,0.04,2.91,0.00,0.00,0.04,2.91,"55,174.08"
705,24/10/2023,MCH,"77,000","76,000","77,000","77,300","76,000","76,966",0,0.00,0.04,3.14,0.00,0.00,0.04,3.14,"55,174.08"
706,23/10/2023,MCH,"77,100","77,600","77,000","77,600","77,000","77,036",-100,-0.13,0.04,2.88,0.00,0.00,0.04,2.88,"55,174.08"
707,20/10/2023,MCH,"77,100","77,000","77,000","78,000","77,000","77,111",-100,-0.13,0.02,1.40,0.00,0.00,0.02,1.40,"55,174.08"
708,19/10/2023,MCH,"77,400","77,600","77,000","77,600","77,000","77,108",-400,-0.52,0.02,1.29,0.00,0.00,0.02,1.29,"55,174.08"
709,18/10/2023,MCH,"76,900","77,300","77,700","78,200","76,500","77,356",800,1.04,0.04,3.01,0.00,0.00,0.04,3.01,"55,675.66"
710,17/10/2023,MCH,"76,700","76,500","77,000","77,100","76,500","76,940",300,0.39,0.01,1.05,0.00,0.00,0.01,1.05,"55,174.08"
711,16/10/2023,MCH,"76,800","76,800","76,800","77,000","76,400","76,743",0,0.00,0.01,0.74,0.00,0.00,0.01,0.74,"55,030.77"
712,13/10/2023,MCH,"76,400","76,700","77,500","77,500","76,300","76,792","1,100",1.44,0.00,0.20,0.00,0.00,0.00,0.20,"55,532.35"
713,12/10/2023,MCH,"76,200","76,500","76,300","77,800","76,200","76,426",100,0.13,0.00,0.15,0.00,0.19,0.00,0.34,"54,672.50"
714,11/10/2023,MCH,"78,200","78,200","76,100","78,200","76,000","76,247","-2,100",-2.69,0.01,0.45,0.00,0.00,0.01,0.45,"54,529.19"
715,10/10/2023,MCH,"76,200","78,400","78,000","78,400","78,000","78,200","1,800",2.36,0.00,0.03,0.00,0.00,0.00,0.03,"55,890.63"
716,09/10/2023,MCH,"75,900","75,900","76,500","77,900","75,900","76,223",600,0.79,0.01,0.78,0.00,0.00,0.01,0.78,"54,815.81"
717,06/10/2023,MCH,"76,000","76,000","75,900","76,000","75,500","75,857",-100,-0.13,0.01,0.43,0.00,0.03,0.01,0.46,"54,385.88"
718,05/10/2023,MCH,"75,700","75,700","75,900","76,000","75,700","75,950",200,0.26,0.05,3.60,0.00,0.00,0.05,3.60,"54,385.88"
719,04/10/2023,MCH,"76,000","75,900","75,500","75,900","75,500","75,658",-500,-0.66,0.00,0.14,0.04,2.31,0.04,2.45,"54,099.26"
720,03/10/2023,MCH,"76,000","76,100","76,000","76,100","75,600","75,970",0,0.00,0.05,3.55,0.00,0.00,0.05,3.55,"54,457.53"
721,02/10/2023,MCH,"76,000","76,000","76,100","76,100","76,000","76,011",100,0.13,0.01,0.69,0.00,0.26,0.01,0.95,"54,529.19"
722,29/09/2023,MCH,"76,000","76,200","76,000","76,500","75,800","76,044",0,0.00,0.01,0.59,0.00,0.00,0.01,0.59,"54,457.53"
723,28/09/2023,MCH,"75,600","76,000","76,000","76,200","76,000","76,006",400,0.53,0.02,1.85,0.00,0.14,0.03,1.99,"54,457.53"
724,27/09/2023,MCH,"75,100","75,100","77,000","77,000","75,100","75,638","1,900",2.53,0.00,0.36,0.00,0.00,0.00,0.36,"55,174.08"
725,26/09/2023,MCH,"76,700","76,700","75,900","76,700","74,000","75,058",-800,-1.04,0.02,1.19,0.00,0.12,0.02,1.32,"54,385.88"
726,25/09/2023,MCH,"78,900","78,500","77,500","78,900","70,200","76,743","-1,400",-1.77,0.01,0.73,0.00,0.00,0.01,0.73,"55,532.35"
727,22/09/2023,MCH,"79,300","79,200","78,900","79,200","78,700","78,907",-400,-0.50,0.01,0.49,0.00,0.00,0.01,0.49,"56,535.52"
728,21/09/2023,MCH,"79,300","79,300","79,300","79,300","79,300","79,300",0,0.00,0.00,0.39,0.00,0.15,0.01,0.54,"56,822.14"
729,20/09/2023,MCH,"79,400","79,100","79,400","79,400","79,100","79,300",0,0.00,0.01,0.49,0.00,0.00,0.01,0.49,"56,893.79"
730,19/09/2023,MCH,"79,500","79,500","79,600","79,600","79,200","79,410",100,0.13,0.02,1.45,0.00,0.15,0.02,1.60,"57,037.10"
731,18/09/2023,MCH,"79,800","79,500","79,600","79,800","79,500","79,526",-200,-0.25,0.01,0.86,0.00,0.03,0.01,0.89,"57,037.10"
732,15/09/2023,MCH,"79,500","79,500","80,000","80,000","79,500","79,811",500,0.63,0.00,0.37,0.00,0.10,0.01,0.47,"57,323.72"
733,14/09/2023,MCH,"79,400","79,400","79,600","79,700","79,400","79,488",200,0.25,0.04,2.83,0.00,0.09,0.04,2.92,"57,037.10"
734,13/09/2023,MCH,"79,700","79,700","79,500","79,700","79,100","79,399",-200,-0.25,0.02,1.37,0.00,0.00,0.02,1.37,"56,965.45"
735,12/09/2023,MCH,"80,200","79,900","79,900","80,100","79,500","79,709",-300,-0.37,0.01,0.79,0.00,0.20,0.01,0.98,"57,252.06"
736,11/09/2023,MCH,"80,800","80,500","79,900","80,600","79,900","80,247",-900,-1.11,0.00,0.26,0.00,0.00,0.00,0.26,"57,252.06"
737,08/09/2023,MCH,"81,100","79,800","80,600","81,100","79,800","80,789",-500,-0.62,0.01,0.66,0.00,0.00,0.01,0.66,"57,753.65"
738,07/09/2023,MCH,"81,500","81,500","78,900","81,500","78,900","81,107","-2,600",-3.19,0.03,2.57,0.00,0.00,0.03,2.57,"56,535.52"
739,06/09/2023,MCH,"81,600","81,300","81,500","81,600","81,200","81,501",-100,-0.12,0.02,1.50,0.00,0.00,0.02,1.50,"58,398.54"
740,05/09/2023,MCH,"81,200","81,200","81,500","81,900","81,200","81,567",300,0.37,0.07,5.89,0.00,0.00,0.07,5.89,"58,398.54"
741,31/08/2023,MCH,"81,200","81,600","81,400","81,600","80,900","81,164",200,0.25,0.01,0.80,0.00,0.00,0.01,0.80,"58,326.88"
742,30/08/2023,MCH,"80,900","81,000","81,700","82,000","81,000","81,186",800,0.99,0.02,1.42,0.00,0.00,0.02,1.42,"58,541.85"
743,29/08/2023,MCH,"80,400","80,400","81,000","81,100","80,400","80,915",600,0.75,0.01,1.00,0.00,0.00,0.01,1.00,"58,040.27"
744,28/08/2023,MCH,"80,300","80,300","80,500","80,500","80,300","80,357",200,0.25,0.01,0.88,0.00,0.00,0.01,0.88,"57,681.99"
745,25/08/2023,MCH,"79,300","79,500","80,400","81,000","79,500","80,335","1,100",1.39,0.00,0.35,0.00,0.00,0.00,0.35,"57,610.34"
746,24/08/2023,MCH,"79,100","78,900","79,500","79,500","78,900","79,288",400,0.51,0.00,0.27,0.00,0.00,0.00,0.27,"56,965.45"
747,23/08/2023,MCH,"79,200","79,200","79,100","79,300","79,000","79,141",-100,-0.13,0.01,0.78,0.00,0.00,0.01,0.78,"56,678.83"
748,22/08/2023,MCH,"78,500","78,500","80,000","80,000","78,100","79,214","1,500",1.91,0.06,4.45,0.00,0.00,0.06,4.45,"57,323.72"
749,21/08/2023,MCH,"79,400","78,800","78,500","80,000","78,100","78,526",-900,-1.13,0.05,3.82,0.00,0.00,0.05,3.82,"56,248.90"
750,18/08/2023,MCH,"82,300","81,500","78,600","81,600","77,500","79,425","-3,700",-4.50,0.04,2.90,0.00,0.00,0.04,2.90,"56,320.55"
751,17/08/2023,MCH,"82,100","82,300","82,000","82,900","82,000","82,296",-100,-0.12,0.02,1.55,0.00,0.00,0.02,1.55,"58,756.81"
752,16/08/2023,MCH,"82,900","82,000","82,800","82,800","82,000","82,138",-100,-0.12,0.02,1.29,0.00,0.00,0.02,1.29,"59,330.05"
753,15/08/2023,MCH,"82,700","82,800","83,000","83,300","82,500","82,916",300,0.36,0.01,0.57,0.00,0.00,0.01,0.57,"59,473.36"
754,14/08/2023,MCH,"82,500","82,000","83,000","83,400","82,000","82,685",500,0.61,0.03,2.44,0.00,0.00,0.03,2.44,"59,473.36"
755,11/08/2023,MCH,"82,900","83,000","82,500","83,000","82,000","82,452",-400,-0.48,0.03,2.54,0.00,0.00,0.03,2.54,"59,115.09"
756,10/08/2023,MCH,"82,100","82,500","83,000","83,000","82,100","82,859",900,1.10,0.03,2.85,0.00,0.00,0.03,2.85,"59,473.36"
757,09/08/2023,MCH,"81,200","81,000","82,500","82,500","81,000","82,125","1,300",1.60,0.04,2.97,0.00,0.00,0.04,2.97,"59,115.09"
758,08/08/2023,MCH,"79,200","79,600","81,900","81,900","79,600","81,243","2,700",3.41,0.03,2.07,0.00,0.00,0.03,2.07,"58,685.16"
759,07/08/2023,MCH,"79,000","79,000","79,700","79,700","78,800","79,243",700,0.89,0.01,1.06,0.00,0.00,0.01,1.06,"57,108.76"
760,04/08/2023,MCH,"77,900","78,200","79,600","79,600","78,200","79,042","1,700",2.18,0.03,2.57,0.00,0.00,0.03,2.57,"57,037.10"
761,03/08/2023,MCH,"77,500","77,900","78,200","78,200","77,300","77,890",700,0.90,0.05,4.11,0.00,0.00,0.05,4.11,"56,033.94"
762,02/08/2023,MCH,"77,400","77,600","77,300","77,600","77,300","77,452",-100,-0.13,0.00,0.21,0.00,0.00,0.00,0.21,"55,389.04"
763,01/08/2023,MCH,"76,000","76,100","77,900","77,900","76,100","77,407","1,900",2.50,0.03,2.56,0.00,0.00,0.03,2.56,"55,818.97"
764,31/07/2023,MCH,"75,100","76,000","76,000","79,000","75,000","76,015",900,1.20,0.03,2.18,0.00,0.00,0.03,2.18,"54,457.53"
765,28/07/2023,MCH,"75,200","75,000","75,000","75,200","74,900","75,111",-200,-0.27,0.01,0.53,0.00,0.00,0.01,0.53,"53,740.99"
766,27/07/2023,MCH,"74,700","75,100","75,500","76,000","74,400","75,180",800,1.07,0.01,0.81,0.00,0.00,0.01,0.81,"54,099.26"
767,26/07/2023,MCH,"75,000","74,900","75,100","75,100","74,000","74,692",100,0.13,0.03,1.98,0.00,0.06,0.03,2.04,"53,812.64"
768,25/07/2023,MCH,"75,300","75,100","74,800","75,200","74,800","75,044",-500,-0.66,0.02,1.35,0.00,0.00,0.02,1.35,"53,597.68"
769,24/07/2023,MCH,"75,200","75,200","75,200","75,500","75,000","75,264",0,0.00,0.04,2.90,0.00,0.00,0.04,2.90,"53,884.30"
770,21/07/2023,MCH,"75,200","75,200","75,200","76,000","74,500","75,153",0,0.00,0.02,1.62,0.00,0.00,0.02,1.62,"53,884.30"
771,20/07/2023,MCH,"76,600","75,700","75,200","75,900","73,900","75,247","-1,400",-1.83,0.02,1.74,0.00,0.00,0.02,1.74,"53,884.30"
772,19/07/2023,MCH,"75,900","76,000","76,000","78,000","76,000","76,569",100,0.13,0.02,1.52,0.00,0.00,0.02,1.52,"54,457.53"
773,18/07/2023,MCH,"75,300","75,300","75,700","76,100","75,300","75,910",400,0.53,0.02,1.49,0.00,0.00,0.02,1.49,"54,242.57"
774,17/07/2023,MCH,"77,400","77,700","80,000","80,100","77,700","79,825","2,600",3.36,0.09,6.97,0.00,0.00,0.09,6.97,"57,323.72"
775,14/07/2023,MCH,"76,400","77,500","77,700","77,700","77,000","77,417","1,300",1.70,0.03,2.39,0.00,0.00,0.03,2.39,"55,675.66"
776,13/07/2023,MCH,"75,800","75,900","77,500","77,500","75,600","76,410","1,700",2.24,0.05,3.80,0.00,0.00,0.05,3.80,"55,532.35"
777,12/07/2023,MCH,"75,500","76,500","75,700","76,500","75,500","75,769",200,0.26,0.03,2.63,0.00,0.00,0.03,2.63,"54,242.57"
778,11/07/2023,MCH,"73,000","75,000","75,400","76,000","75,000","75,490","2,400",3.29,0.04,3.34,0.00,0.00,0.04,3.34,"54,027.61"
779,10/07/2023,MCH,"70,300","70,800","73,000","73,800","70,800","73,035","2,700",3.84,0.07,4.85,0.00,0.00,0.07,4.85,"52,307.89"
780,07/07/2023,MCH,"71,100","71,100","70,800","71,100","70,000","70,311",-300,-0.42,0.01,0.95,0.00,0.00,0.01,0.95,"50,731.49"
781,06/07/2023,MCH,"71,700","71,500","71,100","71,500","70,000","71,086",-600,-0.84,0.02,1.17,0.00,0.00,0.02,1.17,"50,946.46"
782,05/07/2023,MCH,"71,600","71,700","71,800","71,800","71,700","71,740",200,0.28,0.01,0.41,0.00,0.00,0.01,0.41,"51,448.04"
783,04/07/2023,MCH,"71,500","71,700","71,600","71,700","71,600","71,603",100,0.14,0.00,0.27,0.00,0.00,0.00,0.27,"51,304.73"
784,03/07/2023,MCH,"72,000","71,500","71,600","71,800","71,000","71,491",-400,-0.56,0.01,0.59,0.00,0.00,0.01,0.59,"51,304.73"
785,30/06/2023,MCH,"72,400","72,000","72,000","72,100","72,000","72,001",-400,-0.55,0.01,0.79,0.00,0.00,0.01,0.79,"51,591.35"
786,29/06/2023,MCH,"72,500","72,500","72,200","72,500","72,000","72,396",-300,-0.41,0.03,1.86,0.00,0.00,0.03,1.86,"51,734.66"
787,28/06/2023,MCH,"72,500","72,500","72,600","72,600","72,400","72,502",100,0.14,0.01,1.06,0.00,0.00,0.01,1.06,"52,021.28"
788,27/06/2023,MCH,"72,200","73,000","72,700","73,000","72,400","72,536",500,0.69,0.04,3.09,0.00,0.00,0.04,3.09,"52,092.93"
789,26/06/2023,MCH,"72,900","72,900","72,800","72,900","68,500","72,180",-100,-0.14,0.03,1.99,0.00,0.00,0.03,1.99,"52,164.58"
790,23/06/2023,MCH,"72,800","73,000","72,800","73,000","72,800","72,881",0,0.00,0.01,0.85,0.00,0.00,0.01,0.85,"52,164.58"
791,22/06/2023,MCH,"72,800","72,800","72,900","73,000","72,700","72,849",100,0.14,0.01,0.70,0.00,0.00,0.01,0.70,"52,236.24"
792,21/06/2023,MCH,"73,000","73,000","73,000","73,000","72,100","72,751",0,0.00,0.01,0.37,0.00,0.00,0.01,0.37,"52,307.89"
793,20/06/2023,MCH,"73,000","73,400","72,700","74,000","72,700","73,012",-300,-0.41,0.01,0.49,0.00,0.00,0.01,0.49,"52,092.93"
794,19/06/2023,MCH,"73,400","73,400","72,400","73,400","72,400","72,958","-1,000",-1.36,0.06,4.32,0.00,0.00,0.06,4.32,"51,877.97"
795,16/06/2023,MCH,"73,400","73,500","73,000","73,500","73,000","73,393",-400,-0.54,0.03,2.41,0.00,0.00,0.03,2.41,"52,307.89"
796,15/06/2023,MCH,"73,400","73,500","73,500","73,500","73,300","73,434",100,0.14,0.01,0.85,0.00,0.00,0.01,0.85,"52,666.17"
797,14/06/2023,MCH,"72,400","73,000","74,000","74,500","72,500","73,373","1,600",2.21,0.04,2.97,0.00,0.00,0.04,2.97,"53,024.44"
798,13/06/2023,MCH,"73,400","72,900","73,000","73,700","71,800","72,422",-400,-0.54,0.01,0.49,0.00,0.00,0.01,0.49,"52,307.89"
799,12/06/2023,MCH,"74,000","74,000","70,700","74,000","70,700","73,413","-3,300",-4.46,0.03,2.04,0.00,0.00,0.03,2.04,"50,659.84"
800,09/06/2023,MCH,"74,400","73,200","73,500","74,200","73,200","73,973",-900,-1.21,0.03,2.01,0.00,0.00,0.03,2.01,"52,666.17"
801,08/06/2023,MCH,"74,200","74,500","74,200","74,500","74,000","74,372",0,0.00,0.01,0.44,0.00,0.00,0.01,0.44,"53,167.75"
802,07/06/2023,MCH,"74,000","74,200","74,400","74,500","74,000","74,162",400,0.54,0.01,0.43,0.00,0.00,0.01,0.43,"53,311.06"
803,06/06/2023,MCH,"74,000","73,500","74,500","75,000","73,500","74,035",500,0.68,0.03,2.23,0.00,0.00,0.03,2.23,"53,382.71"
804,05/06/2023,MCH,"73,900","73,800","74,000","74,500","73,500","73,980",100,0.14,0.01,0.85,0.00,0.00,0.01,0.85,"53,024.44"
805,02/06/2023,MCH,"74,400","72,600","74,100","74,100","72,600","73,914",-300,-0.40,0.02,1.39,0.00,0.00,0.02,1.39,"53,096.09"
806,01/06/2023,MCH,"73,800","72,100","75,000","75,000","72,100","74,448","1,200",1.63,0.03,2.59,0.00,0.00,0.03,2.59,"53,740.99"
807,31/05/2023,MCH,"74,000","73,900","73,900","74,500","73,500","73,815",-100,-0.14,0.02,1.19,0.00,0.00,0.02,1.19,"52,952.79"
808,30/05/2023,MCH,"73,100","73,000","74,300","74,300","73,000","73,983","1,200",1.64,0.02,1.73,0.00,0.00,0.02,1.73,"53,239.40"
809,29/05/2023,MCH,"73,000","73,000","73,800","73,900","72,600","73,081",800,1.10,0.03,2.08,0.00,0.00,0.03,2.08,"52,881.13"
810,26/05/2023,MCH,"72,900","72,600","72,900","73,700","72,600","72,964",0,0.00,0.00,0.21,0.00,0.00,0.00,0.21,"52,236.24"
811,25/05/2023,MCH,"72,600","71,600","73,900","73,900","71,600","72,921","1,300",1.79,0.02,1.36,0.00,0.00,0.02,1.36,"52,952.79"
812,24/05/2023,MCH,"72,600","72,000","73,000","73,000","71,600","72,580",400,0.55,0.02,1.61,0.00,0.00,0.02,1.61,"52,307.89"
813,23/05/2023,MCH,"72,700","72,500","73,000","73,000","71,100","72,560",300,0.41,0.02,1.79,0.00,0.00,0.02,1.79,"52,307.89"
814,22/05/2023,MCH,"72,300","72,500","72,400","74,000","72,400","72,685",100,0.14,0.13,9.63,0.00,0.00,0.13,9.63,"51,877.97"
815,19/05/2023,MCH,"72,400","71,800","72,500","72,500","71,600","72,337",100,0.14,0.05,3.63,0.00,0.00,0.05,3.63,"51,949.62"
816,18/05/2023,MCH,"72,100","72,600","72,500","72,600","71,700","72,378",400,0.55,0.01,1.01,0.00,0.00,0.01,1.01,"51,949.62"
817,17/05/2023,MCH,"72,500","71,700","72,500","72,600","71,000","72,096",0,0.00,0.08,5.93,0.00,0.00,0.08,5.93,"51,949.62"
818,16/05/2023,MCH,"72,500","73,000","72,600","73,000","71,500","72,519",100,0.14,0.05,3.37,0.00,0.00,0.05,3.37,"52,021.28"
819,15/05/2023,MCH,"72,200","73,000","72,500","73,000","71,100","72,487",300,0.42,0.03,2.23,0.00,0.00,0.03,2.23,"51,949.62"
820,12/05/2023,MCH,"70,100","72,000","72,900","73,200","70,000","72,230","2,800",3.99,0.11,8.18,0.00,0.00,0.11,8.18,"52,236.24"
821,11/05/2023,MCH,"67,900","68,000","70,200","71,500","68,000","70,130","2,300",3.39,0.13,8.81,0.00,0.00,0.13,8.81,"50,301.56"
822,10/05/2023,MCH,"66,600","66,800","68,000","69,300","66,300","67,870","1,400",2.10,0.14,9.83,0.00,0.00,0.14,9.83,"48,725.16"
823,09/05/2023,MCH,"65,100","65,200","67,600","67,600","65,200","66,614","2,500",3.84,0.04,2.70,0.00,0.00,0.04,2.70,"48,438.54"
824,08/05/2023,MCH,"62,800","64,300","65,500","65,500","64,200","62,800","2,700",4.30,0.05,3.53,0.00,0.00,0.05,3.53,"46,933.80"
825,05/05/2023,MCH,"61,200","61,200","63,900","64,000","61,200","62,819","2,700",4.41,0.07,4.37,0.00,0.00,0.07,4.37,"45,787.32"
826,04/05/2023,MCH,"61,800","65,000","61,500","65,000","61,000","61,213",-300,-0.49,0.14,8.53,0.00,0.00,0.14,8.53,"44,067.61"
827,28/04/2023,MCH,"62,400","63,900","61,400","65,000","61,400","61,830","-1,000",-1.60,0.03,1.59,0.02,1.23,0.05,2.82,"43,995.95"
828,27/04/2023,MCH,"63,300","63,000","61,100","64,000","61,100","62,430","-2,200",-3.48,0.03,1.91,0.00,0.00,0.03,1.91,"43,780.99"
829,26/04/2023,MCH,"64,300","64,300","63,100","64,300","63,000","63,272","-1,200",-1.87,0.02,1.39,0.00,0.00,0.02,1.39,"45,214.08"
830,25/04/2023,MCH,"64,600","64,500","64,400","64,500","64,000","64,251",-200,-0.31,0.02,1.41,0.00,0.00,0.02,1.41,"46,145.59"
831,24/04/2023,MCH,"64,500","64,500","64,500","64,900","64,500","64,560",0,0.00,0.07,4.62,0.00,0.00,0.07,4.62,"46,217.25"
832,21/04/2023,MCH,"64,500","64,500","64,500","64,600","64,400","64,500",0,0.00,0.09,5.97,0.00,0.00,0.09,5.97,"46,217.25"
833,20/04/2023,MCH,"64,500","64,600","64,300","64,700","64,200","64,493",-200,-0.31,0.03,1.83,0.00,0.00,0.03,1.83,"46,073.94"
834,19/04/2023,MCH,"65,000","64,800","64,200","65,000","64,200","64,492",-800,-1.23,0.04,2.65,0.00,0.11,0.04,2.76,"46,002.28"
835,18/04/2023,MCH,"65,100","65,100","65,000","65,300","64,900","65,035",-100,-0.15,0.01,0.70,0.00,0.00,0.01,0.70,"46,575.52"
836,17/04/2023,MCH,"65,600","65,300","65,400","65,400","64,900","65,112",-200,-0.30,0.01,0.37,0.00,0.00,0.01,0.37,"46,862.14"
837,14/04/2023,MCH,"65,500","65,500","65,300","66,100","65,300","65,580",-200,-0.31,0.00,0.30,0.00,0.00,0.00,0.30,"46,790.49"
838,13/04/2023,MCH,"66,300","65,000","66,500","66,500","65,000","65,541",200,0.30,0.01,0.53,0.00,0.00,0.01,0.53,"47,650.34"
839,12/04/2023,MCH,"65,100","65,700","66,900","66,900","65,700","66,309","1,800",2.76,0.02,1.22,0.00,0.00,0.02,1.22,"47,936.96"
840,11/04/2023,MCH,"65,500","65,100","65,000","66,000","65,000","65,100",-500,-0.76,0.01,0.44,0.00,0.00,0.01,0.44,"46,575.52"
841,10/04/2023,MCH,"65,900","65,500","65,100","65,900","65,000","65,461",-800,-1.21,0.02,1.11,0.00,0.00,0.02,1.11,"46,647.18"
842,07/04/2023,MCH,"66,700","66,000","65,800","66,200","65,600","65,941",-900,-1.35,0.01,0.63,0.00,0.00,0.01,0.63,"47,148.76"
843,06/04/2023,MCH,"67,000","66,800","66,100","67,000","66,100","66,727",-900,-1.34,0.02,1.00,0.00,0.00,0.02,1.00,"47,363.72"
844,05/04/2023,MCH,"66,000","66,600","66,700","67,500","66,600","66,996",700,1.06,0.01,0.48,0.00,0.00,0.01,0.48,"47,793.65"
845,04/04/2023,MCH,"66,100","66,500","66,000","66,500","65,500","65,952",-100,-0.15,0.01,0.71,0.00,0.00,0.01,0.71,"47,292.07"
846,03/04/2023,MCH,"65,900","68,900","66,600","68,900","65,900","66,090",700,1.06,0.01,0.61,0.00,0.00,0.01,0.61,"47,722.00"
847,31/03/2023,MCH,"65,800","65,800","65,700","66,000","65,600","65,884",-100,-0.15,0.00,0.29,0.00,0.00,0.00,0.29,"47,077.10"
848,30/03/2023,MCH,"65,000","65,000","65,500","67,000","65,000","65,830",500,0.77,0.02,1.63,0.00,0.00,0.02,1.63,"46,933.80"
849,29/03/2023,MCH,"65,100","65,000","64,700","65,000","64,700","64,978",-400,-0.61,0.01,0.59,0.00,0.00,0.01,0.59,"46,360.56"
850,28/03/2023,MCH,"65,200","65,200","65,000","65,500","65,000","65,118",-200,-0.31,0.01,0.83,0.96,53.03,0.97,53.85,"46,575.52"
851,27/03/2023,MCH,"65,700","65,800","65,000","65,800","65,000","65,156",-700,-1.07,0.03,2.11,0.00,0.00,0.03,2.11,"46,575.52"
852,24/03/2023,MCH,"66,100","66,200","65,500","66,200","65,500","65,708",-600,-0.91,0.02,1.02,0.00,0.00,0.02,1.02,"46,933.80"
853,23/03/2023,MCH,"66,800","66,300","66,000","66,300","66,000","66,075",-800,-1.20,0.01,0.35,0.00,0.00,0.01,0.35,"47,292.07"
854,22/03/2023,MCH,"66,500","66,600","66,600","70,000","66,600","66,768",100,0.15,0.01,0.89,0.00,0.00,0.01,0.89,"47,722.00"
855,21/03/2023,MCH,"67,000","67,000","66,600","67,000","66,000","66,483",-400,-0.60,0.01,0.72,0.00,0.00,0.01,0.72,"47,722.00"
856,20/03/2023,MCH,"67,500","67,000","66,900","67,000","66,900","66,969",-600,-0.89,0.01,0.40,0.00,0.00,0.01,0.40,"47,936.96"
857,17/03/2023,MCH,"67,100","67,000","67,700","68,000","67,000","67,519",600,0.89,0.00,0.14,0.00,0.00,0.00,0.14,"48,510.20"
858,16/03/2023,MCH,"67,800","67,100","67,000","67,500","66,900","67,112",-800,-1.18,0.01,0.62,0.00,0.00,0.01,0.62,"48,008.61"
859,15/03/2023,MCH,"67,200","67,000","68,100","68,200","67,000","67,760",900,1.34,0.01,0.39,0.00,0.00,0.01,0.39,"48,796.82"
860,14/03/2023,MCH,"68,000","68,100","67,100","68,100","66,600","67,190",-900,-1.32,0.01,0.60,0.00,0.00,0.01,0.60,"48,080.27"
861,13/03/2023,MCH,"68,600","68,200","68,000","68,600","68,000","68,039",-600,-0.87,0.01,0.86,0.00,0.09,0.01,0.95,"48,725.16"
862,10/03/2023,MCH,"69,100","69,200","68,100","69,200","68,100","68,568","-1,000",-1.45,0.02,1.08,0.00,0.00,0.02,1.08,"48,796.82"
863,09/03/2023,MCH,"69,300","69,000","69,000","69,200","69,000","69,093",-300,-0.43,0.01,0.50,0.00,0.00,0.01,0.50,"49,441.71"
864,08/03/2023,MCH,"69,400","69,400","69,000","69,600","69,000","69,301",-400,-0.58,0.01,0.96,0.00,0.00,0.01,0.96,"49,441.71"
865,07/03/2023,MCH,"70,500","70,000","69,000","70,000","69,000","69,445","-1,500",-2.13,0.02,1.30,0.00,0.00,0.02,1.30,"49,441.71"
866,06/03/2023,MCH,"70,600","70,000","70,000","70,900","69,000","70,451",-600,-0.85,0.11,7.63,0.00,0.00,0.11,7.63,"50,158.25"
867,03/03/2023,MCH,"72,000","72,000","69,000","72,100","69,000","70,624","-3,000",-4.17,0.10,6.98,0.00,0.00,0.10,6.98,"49,441.71"
868,02/03/2023,MCH,"72,200","72,500","72,000","72,500","72,000","72,004",-200,-0.28,0.04,2.82,0.00,0.00,0.04,2.82,"51,591.35"
869,01/03/2023,MCH,"72,700","73,000","72,500","73,000","71,500","72,159",-200,-0.28,0.02,1.68,0.00,0.00,0.02,1.68,"51,949.62"
870,28/02/2023,MCH,"72,000","73,300","72,000","73,500","72,000","72,722",0,0.00,0.02,1.46,0.00,0.00,0.02,1.46,"51,591.35"
871,27/02/2023,MCH,"73,400","72,500","71,700","73,700","63,900","72,030","-1,700",-2.32,0.04,2.99,0.00,0.00,0.04,2.99,"51,376.38"
872,24/02/2023,MCH,"73,200","73,200","73,900","73,900","73,000","73,433",700,0.96,0.02,1.83,0.00,0.00,0.02,1.83,"52,952.79"
873,23/02/2023,MCH,"73,400","73,400","73,300","74,000","72,600","73,186",-100,-0.14,0.01,0.56,0.00,0.00,0.01,0.56,"52,522.86"
874,22/02/2023,MCH,"74,000","73,000","74,000","74,000","72,900","73,445",0,0.00,0.01,0.89,0.00,0.00,0.01,0.89,"53,024.44"
875,21/02/2023,MCH,"73,200","73,900","74,000","74,000","73,300","73,976",800,1.09,0.03,2.13,0.00,0.00,0.03,2.13,"53,024.44"
876,20/02/2023,MCH,"73,200","73,100","73,500","73,500","72,500","73,238",300,0.41,0.01,1.08,0.00,0.00,0.01,1.08,"52,666.17"
877,17/02/2023,MCH,"73,300","73,300","73,000","73,300","73,000","73,185",-300,-0.41,0.01,0.95,0.00,0.00,0.01,0.95,"52,307.89"
878,16/02/2023,MCH,"73,000","73,000","72,900","73,500","72,900","73,285",-100,-0.14,0.01,0.72,0.00,0.00,0.01,0.72,"52,236.24"
879,15/02/2023,MCH,"72,100","72,100","72,300","74,000","72,100","72,992",200,0.28,0.01,0.74,0.00,0.00,0.01,0.74,"51,806.31"
880,14/02/2023,MCH,"72,900","72,900","71,500","72,900","71,500","72,139","-1,400",-1.92,0.00,0.28,0.00,0.00,0.00,0.28,"51,233.07"
881,13/02/2023,MCH,"73,000","72,900","72,500","73,200","72,500","72,916",-500,-0.68,0.01,0.58,0.00,0.00,0.01,0.58,"51,949.62"
882,10/02/2023,MCH,"72,800","73,200","73,000","73,400","72,500","73,031",200,0.27,0.01,0.75,0.00,0.00,0.01,0.75,"52,307.89"
883,09/02/2023,MCH,"72,000","72,200","73,000","73,000","72,200","72,841","1,000",1.39,0.01,0.60,0.00,0.00,0.01,0.60,"52,307.89"
884,08/02/2023,MCH,"72,000","72,000","72,200","72,200","71,700","72,002",200,0.28,0.01,0.62,0.00,0.00,0.01,0.62,"51,734.66"
885,07/02/2023,MCH,"72,200","72,200","72,000","72,200","72,000","72,040",-200,-0.28,0.02,1.13,0.00,0.00,0.02,1.13,"51,591.35"
886,06/02/2023,MCH,"72,100","72,100","72,200","72,900","72,100","72,248",100,0.14,0.02,1.12,0.00,0.00,0.02,1.12,"51,734.66"
887,03/02/2023,MCH,"72,300","72,000","72,800","72,900","72,000","72,090",500,0.69,0.02,1.18,0.00,0.00,0.02,1.18,"52,164.58"
888,02/02/2023,MCH,"74,000","73,000","71,500","73,400","71,500","72,300","-2,500",-3.38,0.07,4.96,0.00,0.00,0.07,4.96,"51,233.07"
889,01/02/2023,MCH,"74,500","74,000","73,000","74,700","73,000","73,977","-1,500",-2.01,0.05,3.84,0.00,0.00,0.05,3.84,"52,307.89"
890,31/01/2023,MCH,"75,100","75,000","74,000","75,100","74,000","74,509","-1,100",-1.46,0.05,3.42,0.00,0.00,0.05,3.42,"53,024.44"
891,30/01/2023,MCH,"74,500","74,500","75,500","75,500","74,500","75,083","1,000",1.34,0.03,2.21,0.00,0.00,0.03,2.21,"54,099.26"
892,27/01/2023,MCH,"73,600","73,400","74,200","78,000","73,400","74,468",600,0.82,0.01,0.47,0.00,0.00,0.01,0.47,"53,167.75"
893,19/01/2023,MCH,"73,300","73,100","73,900","74,500","73,000","73,584",600,0.82,0.00,0.33,0.00,0.00,0.00,0.33,"52,952.79"
894,18/01/2023,MCH,"72,500","72,700","72,600","74,500","72,500","73,272",100,0.14,0.03,2.10,0.00,0.00,0.03,2.10,"52,021.28"
895,17/01/2023,MCH,"72,000","72,000","72,800","73,000","72,000","72,531",800,1.11,0.02,1.61,0.00,0.00,0.02,1.61,"52,164.58"
896,16/01/2023,MCH,"71,300","71,300","72,000","72,900","71,300","72,020",700,0.98,0.16,11.67,0.00,0.00,0.16,11.67,"51,591.35"
897,13/01/2023,MCH,"71,200","71,000","71,000","72,000","70,100","71,289",-200,-0.28,0.05,3.90,0.00,0.00,0.05,3.90,"50,874.80"
898,12/01/2023,MCH,"71,500","71,500","71,000","71,500","71,000","71,176",-500,-0.70,0.01,0.78,0.00,0.00,0.01,0.78,"50,874.80"
899,11/01/2023,MCH,"71,600","71,100","71,700","71,900","71,100","71,502",100,0.14,0.00,0.34,0.00,0.00,0.00,0.34,"51,376.38"
900,10/01/2023,MCH,"71,900","72,000","71,500","72,000","71,500","71,566",-400,-0.56,0.01,0.77,0.00,0.00,0.01,0.77,"51,233.07"
901,09/01/2023,MCH,"71,900","71,900","71,800","72,000","71,800","71,889",-100,-0.14,0.02,1.49,0.00,0.00,0.02,1.49,"51,448.04"
902,06/01/2023,MCH,"73,900","74,100","73,000","74,100","70,000","71,916",-900,-1.22,0.02,1.66,0.00,0.00,0.02,1.66,"52,307.89"
903,05/01/2023,MCH,"74,600","74,500","73,500","74,500","73,500","73,900","-1,100",-1.47,0.01,0.57,0.00,0.00,0.01,0.57,"52,666.17"
904,04/01/2023,MCH,"74,400","74,400","74,600","74,700","74,400","74,621",200,0.27,0.01,0.53,0.00,0.00,0.01,0.53,"53,454.37"
905,03/01/2023,MCH,"74,900","74,800","74,500","74,800","74,000","74,394",-400,-0.53,0.01,0.53,0.00,0.00,0.01,0.53,"53,382.71"
906,30/12/2022,MCH,"75,400","75,400","74,800","75,400","74,800","74,900",-600,-0.80,0.00,0.08,0.00,0.00,0.00,0.08,"53,597.68"
907,29/12/2022,MCH,"75,000","74,600","76,000","76,100","74,600","75,375","1,000",1.33,0.01,0.54,0.00,0.21,0.01,0.74,"54,457.53"
908,28/12/2022,MCH,"76,200","75,000","74,600","76,000","70,000","74,989","-1,600",-2.10,0.01,0.96,0.00,0.00,0.01,0.96,"53,454.37"
909,27/12/2022,MCH,"76,600","76,500","75,800","76,500","75,500","76,166",-800,-1.04,0.01,0.56,0.00,0.00,0.01,0.56,"54,314.22"
910,26/12/2022,MCH,"76,700","76,700","77,000","77,000","76,000","76,587",300,0.39,0.05,4.03,0.00,0.00,0.05,4.03,"55,174.08"
911,23/12/2022,MCH,"76,700","76,200","77,000","77,000","76,200","76,662",300,0.39,0.05,3.87,0.00,0.00,0.05,3.87,"55,174.08"
912,22/12/2022,MCH,"76,500","76,100","77,000","77,000","76,100","76,706",500,0.65,0.01,0.48,0.00,0.00,0.01,0.48,"55,174.08"
913,21/12/2022,MCH,"76,100","77,000","76,500","77,000","76,000","76,454",400,0.53,0.02,1.84,0.00,0.00,0.02,1.84,"54,815.81"
914,20/12/2022,MCH,"76,500","75,600","77,000","77,000","75,600","76,109",500,0.65,0.05,3.71,0.00,0.00,0.05,3.71,"55,174.08"
915,19/12/2022,MCH,"76,000","76,100","77,000","77,000","75,400","76,532","1,000",1.32,0.02,1.65,0.00,0.00,0.02,1.65,"55,174.08"
916,16/12/2022,MCH,"76,000","76,500","76,100","76,500","76,000","76,023",100,0.13,0.03,1.91,0.00,0.00,0.03,1.91,"54,529.19"
917,15/12/2022,MCH,"75,900","76,000","76,900","76,900","75,200","75,991","1,000",1.32,0.02,1.60,0.00,0.00,0.02,1.60,"55,102.43"
918,14/12/2022,MCH,"75,800","76,000","76,000","76,000","75,000","75,941",200,0.26,0.05,4.05,0.00,0.00,0.05,4.05,"54,457.53"
919,13/12/2022,MCH,"75,700","75,000","76,000","76,000","75,000","75,832",300,0.40,0.06,4.29,0.00,0.00,0.06,4.29,"54,457.53"
920,12/12/2022,MCH,"75,900","76,000","76,000","76,000","75,000","75,673",100,0.13,0.05,4.01,0.00,0.00,0.05,4.01,"54,457.53"
921,09/12/2022,MCH,"76,000","74,800","76,400","76,400","74,800","75,932",400,0.53,0.05,3.70,0.00,0.00,0.05,3.70,"54,744.15"
922,08/12/2022,MCH,"75,600","74,500","76,000","76,000","74,500","75,982",400,0.53,0.05,3.87,0.00,0.00,0.05,3.87,"54,457.53"
923,07/12/2022,MCH,"75,700","75,900","76,000","76,000","74,200","75,586",300,0.40,0.02,1.57,0.00,0.00,0.02,1.57,"54,457.53"
924,06/12/2022,MCH,"75,500","76,400","76,000","76,500","74,700","75,691",500,0.66,0.04,2.66,0.00,0.00,0.04,2.66,"54,457.53"
925,05/12/2022,MCH,"74,600","74,800","76,400","76,500","74,800","75,532","1,800",2.41,0.02,1.24,0.00,0.00,0.02,1.24,"54,744.15"
926,02/12/2022,MCH,"73,200","75,000","75,100","79,900","74,000","74,643","1,900",2.60,0.01,1.06,0.00,0.00,0.01,1.06,"53,812.64"
927,01/12/2022,MCH,"71,400","72,900","74,000","74,000","71,500","73,168","2,600",3.64,0.06,4.53,0.00,0.14,0.06,4.67,"53,024.44"
928,30/11/2022,MCH,"70,500","71,000","72,000","72,500","70,500","71,360","1,500",2.13,0.03,2.36,0.00,0.06,0.03,2.42,"51,591.35"
929,29/11/2022,MCH,"70,100","70,400","70,100","71,000","70,100","70,492",0,0.00,0.01,0.93,0.00,0.00,0.01,0.93,"50,229.91"
930,28/11/2022,MCH,"70,100","70,100","70,300","70,500","70,000","70,125",200,0.29,0.02,1.55,0.00,0.00,0.02,1.55,"50,373.22"
931,25/11/2022,MCH,"70,000","70,000","70,000","70,500","69,700","70,087",0,0.00,0.01,0.38,0.00,0.00,0.01,0.38,"50,158.25"
932,24/11/2022,MCH,"70,000","70,000","70,000","70,000","69,800","69,999",0,0.00,0.02,1.27,0.00,0.00,0.02,1.27,"50,158.25"
933,23/11/2022,MCH,"70,000","70,000","70,000","70,000","69,700","69,992",0,0.00,0.00,0.26,0.00,0.00,0.00,0.26,"50,158.25"
934,22/11/2022,MCH,"69,800","69,800","70,000","70,500","69,500","69,961",200,0.29,0.04,2.61,0.00,0.00,0.04,2.61,"50,158.25"
935,21/11/2022,MCH,"69,700","69,700","70,000","70,500","69,400","69,833",300,0.43,0.01,0.55,0.00,0.12,0.01,0.67,"50,158.25"
936,18/11/2022,MCH,"69,500","69,000","69,900","70,000","69,000","69,675",400,0.58,0.01,0.50,0.00,0.00,0.01,0.50,"50,086.60"
937,17/11/2022,MCH,"69,900","70,500","70,000","71,000","68,900","69,499",100,0.14,0.02,1.07,0.00,0.00,0.02,1.07,"50,158.25"
938,16/11/2022,MCH,"69,600","69,000","70,000","71,400","68,000","69,918",400,0.57,0.05,3.84,0.00,0.00,0.05,3.84,"50,158.25"
939,15/11/2022,MCH,"69,900","69,900","70,000","70,000","69,400","69,638",100,0.14,0.04,2.66,0.00,0.00,0.04,2.66,"50,158.25"
940,14/11/2022,MCH,"69,800","69,800","70,000","70,300","69,500","69,916",200,0.29,0.03,2.30,0.01,0.77,0.05,3.07,"50,158.25"
941,11/11/2022,MCH,"69,300","70,000","69,400","71,000","69,000","69,822",100,0.14,0.03,2.17,0.00,0.18,0.03,2.35,"49,728.33"
942,10/11/2022,MCH,"70,500","70,000","70,300","70,300","69,000","69,332",-200,-0.28,0.02,1.18,0.00,0.00,0.02,1.18,"50,373.22"
943,09/11/2022,MCH,"70,000","72,000","70,000","72,000","70,000","70,525",0,0.00,0.00,0.29,0.01,0.38,0.01,0.67,"50,158.25"
944,08/11/2022,MCH,"70,000","69,500","70,000","70,100","69,500","69,968",0,0.00,0.03,1.99,0.00,0.00,0.03,1.99,"50,158.25"
945,07/11/2022,MCH,"70,600","70,100","70,000","70,100","70,000","70,013",-600,-0.85,0.01,0.71,0.01,0.41,0.02,1.12,"50,158.25"
946,04/11/2022,MCH,"70,900","70,100","70,900","71,000","70,100","70,556",0,0.00,0.01,0.58,0.00,0.00,0.01,0.58,"50,803.15"
947,03/11/2022,MCH,"70,800","70,800","70,500","71,700","70,500","70,922",-300,-0.42,0.00,0.13,0.01,0.30,0.01,0.43,"50,516.53"
948,02/11/2022,MCH,"70,400","72,900","70,300","72,900","70,200","70,815",-100,-0.14,0.00,0.14,0.00,0.07,0.00,0.21,"50,373.22"
949,01/11/2022,MCH,"71,800","70,100","70,400","72,300","70,000","70,411","-1,400",-1.95,0.00,0.13,0.00,0.17,0.00,0.30,"50,444.87"
950,31/10/2022,MCH,"72,700","72,700","73,000","73,000","70,000","71,768",300,0.41,0.01,0.80,0.01,0.52,0.02,1.32,"52,307.89"
951,28/10/2022,MCH,"72,900","73,500","71,100","73,800","71,100","72,730","-1,800",-2.47,0.02,1.11,0.00,0.00,0.02,1.11,"50,946.46"
952,27/10/2022,MCH,"72,400","72,000","73,000","73,800","72,000","72,874",600,0.83,0.02,1.48,0.00,0.21,0.02,1.69,"52,307.89"
953,26/10/2022,MCH,"70,700","73,000","72,000","75,000","72,000","72,387","1,300",1.84,0.01,0.87,0.00,0.15,0.01,1.02,"51,591.35"
954,25/10/2022,MCH,"71,400","70,000","72,000","73,000","66,000","70,684",600,0.84,0.03,1.88,0.00,0.00,0.03,1.88,"51,591.35"
955,24/10/2022,MCH,"72,600","72,600","70,000","72,600","70,000","71,401","-2,600",-3.58,0.02,1.09,0.00,0.00,0.02,1.09,"50,158.25"
956,21/10/2022,MCH,"74,100","73,500","72,700","73,800","71,800","72,635","-1,400",-1.89,0.04,2.81,0.00,0.15,0.04,2.96,"52,092.93"
957,20/10/2022,MCH,"74,300","75,000","74,700","75,100","73,500","74,130",400,0.54,0.01,0.78,0.00,0.24,0.01,1.02,"53,526.02"
958,19/10/2022,MCH,"71,100","72,000","76,000","76,800","72,000","74,307","4,900",6.89,0.02,1.34,0.00,0.25,0.02,1.59,"54,457.53"
959,18/10/2022,MCH,"69,800","70,000","72,500","72,500","70,000","71,078","2,700",3.87,0.04,2.72,0.00,0.13,0.04,2.86,"51,949.62"
960,17/10/2022,MCH,"70,500","70,500","70,000","72,000","69,000","69,756",-500,-0.71,0.11,7.81,0.01,0.59,0.12,8.39,"50,158.25"
961,14/10/2022,MCH,"70,600","71,000","71,000","72,500","70,000","70,515",400,0.57,0.09,6.30,0.00,0.11,0.09,6.42,"50,874.80"
962,13/10/2022,MCH,"71,200","70,000","71,000","71,600","70,000","70,567",-200,-0.28,0.05,3.66,0.01,0.58,0.06,4.24,"50,874.80"
963,12/10/2022,MCH,"76,300","73,900","71,000","74,000","64,900","71,240","-5,300",-6.95,0.09,6.70,0.01,0.46,0.10,7.16,"50,874.80"
964,11/10/2022,MCH,"77,000","80,000","75,000","80,000","73,000","76,266","-2,000",-2.60,0.04,2.80,0.01,0.40,0.04,3.20,"53,740.99"
965,10/10/2022,MCH,"83,200","81,000","80,000","81,000","73,500","77,003","-3,200",-3.85,0.04,3.06,0.00,0.10,0.04,3.16,"57,323.72"
966,07/10/2022,MCH,"89,400","88,500","80,000","88,500","77,900","83,245","-9,400",-10.51,0.04,3.13,0.01,0.67,0.05,3.80,"57,323.72"
967,06/10/2022,MCH,"90,300","90,000","89,300","90,000","89,300","89,351","-1,000",-1.11,0.00,0.31,0.00,0.00,0.00,0.31,"63,987.60"
968,05/10/2022,MCH,"90,300","90,300","89,500","90,300","90,300","90,300",-800,-0.89,0.00,0.00,0.00,0.00,0.00,0.00,"64,130.91"
969,04/10/2022,MCH,"91,900","91,500","89,500","92,000","89,500","90,286","-2,400",-2.61,0.01,0.57,0.00,0.00,0.01,0.57,"64,130.91"
970,03/10/2022,MCH,"93,500","92,000","92,500","92,500","90,000","91,918","-1,000",-1.07,0.01,0.96,0.00,0.00,0.01,0.96,"66,280.55"
971,30/09/2022,MCH,"95,000","94,000","93,500","94,000","93,000","93,481","-1,500",-1.58,0.01,0.74,0.00,0.00,0.01,0.74,"66,997.10"
972,29/09/2022,MCH,"95,100","95,900","94,100","95,900","94,100","95,021","-1,000",-1.05,0.00,0.18,0.00,0.00,0.00,0.18,"67,427.02"
973,28/09/2022,MCH,"94,300","95,300","95,000","95,300","95,000","95,050",700,0.74,0.00,0.06,0.00,0.00,0.00,0.06,"68,071.92"
974,27/09/2022,MCH,"94,900","97,000","94,200","97,000","94,100","94,319",-700,-0.74,0.00,0.20,0.00,0.00,0.00,0.20,"67,498.68"
975,26/09/2022,MCH,"95,700","95,500","94,100","95,500","94,100","94,912","-1,600",-1.67,0.01,0.80,0.00,0.00,0.01,0.80,"67,427.02"
976,23/09/2022,MCH,"95,600","95,700","95,700","95,700","95,500","95,693",100,0.10,0.00,0.26,0.00,0.00,0.00,0.26,"68,573.50"
977,22/09/2022,MCH,"95,600","95,700","95,700","95,700","95,000","95,597",100,0.10,0.01,1.04,0.00,0.00,0.01,1.04,"68,573.50"
978,21/09/2022,MCH,"95,600","95,600","95,700","95,700","95,600","95,625",100,0.10,0.00,0.05,0.00,0.00,0.00,0.05,"68,573.50"
979,20/09/2022,MCH,"96,500","96,000","95,600","96,000","95,100","95,609",-900,-0.93,0.00,0.22,0.00,0.00,0.00,0.22,"68,501.84"
980,19/09/2022,MCH,"98,400","96,000","96,200","98,300","96,000","96,518","-2,200",-2.24,0.00,0.27,0.00,0.00,0.00,0.27,"68,931.77"
981,16/09/2022,MCH,"99,700","99,700","98,000","99,700","98,000","98,422","-1,700",-1.71,0.00,0.40,0.00,0.00,0.00,0.40,"70,221.56"
982,15/09/2022,MCH,"96,900","100,000","99,000","100,000","99,000","99,730","2,100",2.17,0.01,1.25,0.00,0.00,0.01,1.25,"70,938.10"
983,14/09/2022,MCH,"99,000","95,600","99,900","99,900","95,500","96,914",900,0.91,0.01,0.79,0.00,0.00,0.01,0.79,"71,582.99"
984,13/09/2022,MCH,"97,200","98,800","99,000","99,200","96,200","98,954","1,800",1.85,0.05,4.87,0.00,0.00,0.05,4.87,"70,938.10"
985,12/09/2022,MCH,"98,400","98,200","97,000","98,200","97,000","97,233","-1,400",-1.42,0.00,0.06,0.00,0.00,0.00,0.06,"69,505.01"
986,09/09/2022,MCH,"97,500","97,500","97,200","98,900","97,000","98,376",-300,-0.31,0.00,0.17,0.00,0.00,0.00,0.17,"69,648.32"
987,08/09/2022,MCH,"96,000","96,100","99,000","99,900","96,100","97,475","3,000",3.13,0.00,0.08,0.00,0.00,0.00,0.08,"70,938.10"
988,07/09/2022,MCH,"96,100","96,100","96,000","96,100","96,000","96,029",-100,-0.10,0.00,0.33,0.00,0.00,0.00,0.33,"68,788.46"
989,06/09/2022,MCH,"96,000","96,100","96,200","96,200","96,100","96,137",200,0.21,0.00,0.26,0.00,0.00,0.00,0.26,"68,931.77"
990,05/09/2022,MCH,"99,000","96,000","96,000","96,200","96,000","96,043","-3,000",-3.03,0.01,0.79,0.00,0.00,0.01,0.79,"68,788.46"
991,31/08/2022,MCH,"99,300","99,000","99,000","99,000","99,000","99,000",-300,-0.30,0.00,0.06,0.00,0.00,0.00,0.06,"70,938.10"
992,30/08/2022,MCH,"95,100","100,000","100,000","100,000","98,000","99,263","4,900",5.15,0.03,2.54,0.00,0.00,0.03,2.54,"71,654.65"
993,29/08/2022,MCH,"96,200","96,200","98,000","98,000","95,000","95,125","1,800",1.87,0.01,0.49,0.00,0.00,0.01,0.49,"70,156.09"
994,26/08/2022,MCH,"98,200","97,200","95,100","97,200","95,000","96,204","-3,100",-3.16,0.02,1.69,0.00,0.00,0.02,1.69,"68,080.04"
995,25/08/2022,MCH,"98,800","103,300","97,500","103,300","97,500","98,204","-1,300",-1.32,0.01,1.40,0.00,0.00,0.01,1.40,"69,798.15"
996,24/08/2022,MCH,"97,400","97,500","98,500","99,400","97,500","98,818","1,100",1.13,0.00,0.22,0.00,0.00,0.00,0.22,"70,514.03"
997,23/08/2022,MCH,"99,800","97,700","98,000","98,000","97,000","97,355","-1,800",-1.80,0.00,0.19,0.00,0.00,0.00,0.19,"70,156.09"
998,22/08/2022,MCH,"100,000","101,300","99,000","101,300","99,000","99,768","-1,000",-1.00,0.00,0.38,0.00,0.00,0.00,0.38,"70,871.96"
999,19/08/2022,MCH,"100,000","102,000","101,000","102,000","99,600","100,033","1,000",1.00,0.00,0.43,0.00,0.00,0.00,0.43,"72,303.72"
1000,18/08/2022,MCH,"101,800","100,100","100,000","100,100","100,000","100,015","-1,800",-1.77,0.00,0.33,0.00,0.00,0.00,0.33,"71,587.84"
1001,17/08/2022,MCH,"100,100","102,000","100,100","102,000","100,100","101,810",0,0.00,0.00,0.20,0.00,0.00,0.00,0.20,"71,659.43"
1002,16/08/2022,MCH,"99,800","100,100","100,100","102,000","100,000","100,144",300,0.30,0.00,0.25,0.00,0.00,0.00,0.25,"71,659.43"
1003,15/08/2022,MCH,"103,300","103,000","100,000","103,000","98,200","99,754","-3,300",-3.19,0.00,0.13,0.00,0.00,0.00,0.13,"71,587.84"
1004,12/08/2022,MCH,"103,300","103,000","103,500","103,500","103,000","103,271",200,0.19,0.00,0.14,0.00,0.00,0.00,0.14,"74,093.42"
1005,11/08/2022,MCH,"104,400","98,100","104,000","104,000","98,100","103,296",-400,-0.38,0.01,1.15,0.00,0.00,0.01,1.15,"74,451.36"
1006,10/08/2022,MCH,"102,800","97,700","102,000","104,900","97,700","104,449",-800,-0.78,0.02,2.43,0.00,0.00,0.02,2.43,"73,019.60"
1007,09/08/2022,MCH,"98,300","99,000","103,900","103,900","99,000","102,778","5,600",5.70,0.03,2.90,0.00,0.00,0.03,2.90,"74,379.77"
1008,08/08/2022,MCH,"96,700","95,100","105,500","105,500","95,000","98,258","8,800",9.10,0.05,5.23,0.00,0.00,0.05,5.23,"75,525.17"
1009,05/08/2022,MCH,"95,100","97,800","97,700","97,800","95,100","96,658","2,600",2.73,0.00,0.18,0.00,0.00,0.00,0.18,"69,941.32"
1010,04/08/2022,MCH,"95,200","95,200","96,000","98,000","94,100","95,141",800,0.84,0.01,0.86,0.00,0.00,0.01,0.86,"68,724.33"
1011,03/08/2022,MCH,"93,400","94,000","94,100","98,900","94,000","95,195",700,0.75,0.01,0.75,0.00,0.00,0.01,0.75,"67,364.16"
1012,02/08/2022,MCH,"91,200","92,900","94,900","94,900","92,500","93,395","3,700",4.06,0.04,3.44,0.00,0.00,0.04,3.44,"67,936.86"
1013,01/08/2022,MCH,"91,900","94,900","92,900","94,900","90,100","91,154","1,000",1.09,0.01,0.74,0.00,0.00,0.01,0.74,"66,505.11"
1014,29/07/2022,MCH,"92,100","94,500","94,000","94,500","89,100","91,929","1,900",2.06,0.01,0.54,0.00,0.00,0.01,0.54,"67,292.57"
1015,28/07/2022,MCH,"94,700","92,500","92,000","94,000","92,000","92,126","-2,700",-2.85,0.00,0.36,0.00,0.00,0.00,0.36,"65,860.82"
1016,27/07/2022,MCH,"94,600","94,900","94,600","95,000","91,000","94,685",0,0.00,0.00,0.19,0.00,0.00,0.00,0.19,"67,722.10"
1017,26/07/2022,MCH,"91,800","92,400","94,500","95,000","90,000","94,579","2,700",2.94,0.01,1.28,0.00,0.00,0.01,1.28,"67,650.51"
1018,25/07/2022,MCH,"92,000","95,200","90,000","95,200","90,000","91,775","-2,000",-2.17,0.02,1.64,0.00,0.00,0.02,1.64,"64,429.06"
1019,22/07/2022,MCH,"90,800","92,200","92,000","94,900","91,000","91,987","1,200",1.32,0.00,0.42,0.00,0.00,0.00,0.42,"65,860.82"
1020,21/07/2022,MCH,"89,700","90,000","92,300","92,300","89,700","90,764","2,600",2.90,0.02,2.06,0.00,0.00,0.02,2.06,"66,075.58"
1021,20/07/2022,MCH,"87,200","88,000","89,800","90,000","88,000","89,676","2,600",2.98,0.01,0.52,0.00,0.00,0.01,0.52,"64,285.88"
1022,19/07/2022,MCH,"85,900","85,900","88,800","88,900","85,900","87,178","2,900",3.38,0.00,0.35,0.00,0.00,0.00,0.35,"63,570.00"
1023,18/07/2022,MCH,"86,800","85,000","85,700","86,000","85,000","85,862","-1,100",-1.27,0.01,0.56,0.00,0.00,0.01,0.56,"61,350.78"
1024,15/07/2022,MCH,"88,700","90,000","86,200","90,200","85,000","86,754","-2,500",-2.82,0.02,1.37,0.00,0.00,0.02,1.37,"61,708.72"
1025,14/07/2022,MCH,"93,000","92,000","84,500","92,000","84,500","88,713","-8,500",-9.14,0.03,2.85,0.00,0.00,0.03,2.85,"60,491.73"
1026,13/07/2022,MCH,"93,000","93,000","92,500","93,100","92,500","92,989",-500,-0.54,0.00,0.33,0.00,0.00,0.00,0.33,"66,218.75"
1027,12/07/2022,MCH,"92,900","93,000","92,500","93,000","92,500","92,986",-400,-0.43,0.00,0.33,0.00,0.00,0.00,0.33,"66,218.75"
1028,11/07/2022,MCH,"94,200","94,000","93,000","94,400","92,600","92,924","-1,200",-1.27,0.03,2.43,0.00,0.00,0.03,2.43,"66,576.69"
1029,08/07/2022,MCH,"94,200","94,200","93,000","94,900","93,000","94,194","-1,200",-1.27,0.01,1.12,0.00,0.00,0.01,1.12,"66,576.69"
1030,07/07/2022,MCH,"94,600","95,000","94,200","95,000","93,000","94,200",-400,-0.42,0.00,0.07,0.00,0.00,0.00,0.07,"67,435.75"
1031,06/07/2022,MCH,"95,000","95,000","94,600","95,000","93,500","94,617",-400,-0.42,0.00,0.06,0.00,0.00,0.00,0.06,"67,722.10"
1032,05/07/2022,MCH,"95,300","95,300","95,000","95,300","95,000","95,033",-300,-0.31,0.00,0.23,0.00,0.00,0.00,0.23,"68,008.45"
1033,04/07/2022,MCH,"95,000","95,000","95,500","96,000","95,000","95,348",500,0.53,0.00,0.30,0.00,0.00,0.00,0.30,"68,366.39"
1034,01/07/2022,MCH,"97,100","95,000","95,000","95,000","95,000","95,000","-2,100",-2.16,0.00,0.06,0.00,0.00,0.00,0.06,"68,008.45"
1035,30/06/2022,MCH,"98,000","97,000","97,500","97,500","97,000","97,111",-500,-0.51,0.00,0.43,0.00,0.00,0.00,0.43,"69,798.15"
1036,29/06/2022,MCH,"97,900","98,000","97,500","98,000","97,500","97,956",-400,-0.41,0.01,1.01,0.00,0.00,0.01,1.01,"69,798.15"
1037,28/06/2022,MCH,"97,900","102,900","97,200","102,900","97,000","97,903",-700,-0.72,0.01,0.57,0.00,0.00,0.01,0.57,"69,583.38"
1038,27/06/2022,MCH,"95,400","104,800","98,000","104,800","95,200","97,948","2,600",2.73,0.01,0.91,0.00,0.00,0.01,0.91,"70,156.09"
1039,24/06/2022,MCH,"95,500","95,100","97,900","97,900","90,000","95,428","2,400",2.51,0.00,0.31,0.00,0.00,0.00,0.31,"70,084.50"
1040,23/06/2022,MCH,"98,000","95,100","97,000","97,000","95,000","95,543","-1,000",-1.02,0.00,0.13,0.00,0.00,0.00,0.13,"69,440.21"
1041,22/06/2022,MCH,"97,400","98,000","97,500","98,000","97,500","97,998",100,0.10,0.03,2.74,0.00,0.00,0.03,2.74,"69,798.15"
1042,21/06/2022,MCH,"98,700","97,200","98,700","99,900","97,100","97,354",0,0.00,0.01,0.53,0.00,0.00,0.01,0.53,"70,657.20"
1043,20/06/2022,MCH,"98,600","100,000","98,600","101,000","96,500","98,672",0,0.00,0.00,0.18,0.00,0.00,0.00,0.18,"70,585.61"
1044,17/06/2022,MCH,"100,900","99,900","98,000","99,900","97,000","98,633","-2,900",-2.87,0.00,0.12,0.00,0.00,0.00,0.12,"70,156.09"
1045,16/06/2022,MCH,"98,900","98,700","99,900","102,000","98,700","100,949","1,000",1.01,0.03,2.54,0.00,0.00,0.03,2.54,"71,516.26"
1046,15/06/2022,MCH,"99,700","108,900","99,000","108,900","97,000","98,903",-700,-0.70,0.00,0.34,0.11,11.19,0.12,11.52,"70,871.96"
1047,14/06/2022,MCH,"99,100","99,000","99,000","102,000","99,000","99,663",-100,-0.10,0.03,2.60,0.10,10.00,0.13,12.60,"70,871.96"
1048,13/06/2022,MCH,"100,800","100,000","98,500","100,000","98,500","99,088","-2,300",-2.28,0.01,0.73,0.00,0.00,0.01,0.73,"70,514.03"
1049,10/06/2022,MCH,"101,100","100,000","100,000","101,200","100,000","100,820","-1,100",-1.09,0.00,0.15,0.00,0.00,0.00,0.15,"71,587.84"
1050,09/06/2022,MCH,"101,000","101,900","100,000","101,900","100,000","101,065","-1,000",-0.99,0.00,0.17,0.00,0.00,0.00,0.17,"71,587.84"
1051,08/06/2022,MCH,"98,200","101,000","101,000","101,100","101,000","101,003","2,800",2.85,0.03,2.55,0.00,0.00,0.03,2.55,"72,303.72"
1052,07/06/2022,MCH,"99,600","99,000","99,000","100,000","96,900","98,185",-600,-0.60,0.01,0.59,0.00,0.00,0.01,0.59,"70,871.96"
1053,06/06/2022,MCH,"100,000","100,000","100,000","100,000","99,000","99,582",0,0.00,0.01,0.62,0.00,0.00,0.01,0.62,"71,587.84"
1054,03/06/2022,MCH,"100,100","100,000","100,000","100,000","100,000","100,000",-100,-0.10,0.00,0.40,0.00,0.00,0.00,0.40,"71,587.84"
1055,02/06/2022,MCH,"100,200","103,000","100,000","103,000","100,000","100,082",-200,-0.20,0.01,1.07,0.00,0.00,0.01,1.07,"71,587.84"
1056,01/06/2022,MCH,"101,200","100,300","100,900","101,000","100,000","100,249",-300,-0.30,0.01,0.86,0.00,0.00,0.01,0.86,"72,232.13"
1057,31/05/2022,MCH,"101,000","102,900","102,900","113,000","100,300","101,221","1,900",1.88,0.00,0.48,0.00,0.00,0.00,0.48,"73,663.89"
1058,30/05/2022,MCH,"102,000","102,000","100,500","102,500","100,100","101,046","-1,500",-1.47,0.01,0.57,0.00,0.00,0.01,0.57,"71,945.78"
1059,27/05/2022,MCH,"105,700","103,500","102,500","103,500","101,000","101,966","-3,200",-3.03,0.01,1.27,0.00,0.00,0.01,1.27,"73,377.54"
1060,26/05/2022,MCH,"102,700","104,900","102,500","114,000","102,100","105,656",-200,-0.19,0.00,0.10,0.00,0.00,0.00,0.10,"73,377.54"
1061,25/05/2022,MCH,"102,000","104,900","101,300","104,900","101,000","102,723",-700,-0.69,0.00,0.13,0.00,0.00,0.00,0.13,"72,518.48"
1062,24/05/2022,MCH,"102,600","104,900","101,300","104,900","101,000","101,975","-1,300",-1.27,0.00,0.16,0.00,0.00,0.00,0.16,"72,518.48"
1063,23/05/2022,MCH,"104,200","104,000","103,500","104,000","102,000","102,625",-700,-0.67,0.00,0.25,0.00,0.00,0.00,0.25,"74,093.42"
1064,20/05/2022,MCH,"103,100","104,900","102,700","105,000","102,700","104,241",-400,-0.39,0.00,0.18,0.00,0.00,0.00,0.18,"73,520.71"
1065,19/05/2022,MCH,"102,100","104,900","102,500","104,900","102,000","103,144",400,0.39,0.00,0.09,0.00,0.00,0.00,0.09,"73,377.54"
1066,18/05/2022,MCH,"101,300","103,000","102,500","105,000","101,000","102,130","1,200",1.18,0.00,0.20,0.00,0.00,0.00,0.20,"73,377.54"
1067,17/05/2022,MCH,"102,600","107,000","104,000","107,000","101,000","101,281","1,400",1.36,0.00,0.32,0.00,0.00,0.00,0.32,"74,451.36"
1068,16/05/2022,MCH,"102,400","105,000","102,000","108,000","102,000","102,627",-400,-0.39,0.00,0.38,0.00,0.00,0.00,0.38,"73,019.60"
1069,13/05/2022,MCH,"108,900","100,000","104,900","105,000","100,000","102,409","-4,000",-3.67,0.00,0.23,0.00,0.00,0.00,0.23,"75,095.65"
1070,12/05/2022,MCH,"108,100","111,400","109,900","111,400","108,000","108,883","1,800",1.67,0.00,0.07,0.00,0.00,0.00,0.07,"78,675.04"
1071,11/05/2022,MCH,"106,100","107,000","108,000","111,500","107,000","108,109","1,900",1.79,0.02,1.68,0.00,0.00,0.02,1.68,"77,314.87"
1072,10/05/2022,MCH,"107,900","106,900","105,500","106,900","105,500","106,050","-2,400",-2.22,0.00,0.15,0.00,0.00,0.00,0.15,"75,525.17"
1073,09/05/2022,MCH,"108,000","108,000","107,800","108,000","107,800","107,875",-200,-0.19,0.00,0.04,0.00,0.00,0.00,0.04,"77,171.69"
1074,06/05/2022,MCH,"108,200","108,000","108,000","110,500","104,200","107,981",-200,-0.18,0.00,0.35,0.00,0.00,0.00,0.35,"77,314.87"
1075,05/05/2022,MCH,"109,000","110,000","108,000","110,000","108,000","108,235","-1,000",-0.92,0.00,0.18,0.00,0.00,0.00,0.18,"77,314.87"
1076,04/05/2022,MCH,"109,000","110,000","109,000","110,000","108,800","109,032",0,0.00,0.01,0.68,0.00,0.00,0.01,0.68,"78,030.75"
1077,29/04/2022,MCH,"107,200","111,500","109,500","111,500","107,600","108,975","2,300",2.15,0.00,0.27,0.00,0.00,0.00,0.27,"78,388.69"
1078,28/04/2022,MCH,"107,000","111,800","109,500","111,800","106,700","107,233","2,500",2.34,0.00,0.32,0.00,0.00,0.00,0.32,"78,388.69"
1079,27/04/2022,MCH,"107,500","111,800","106,000","111,800","106,000","107,044","-1,500",-1.40,0.00,0.19,0.00,0.00,0.00,0.19,"75,883.11"
1080,26/04/2022,MCH,"109,100","106,000","109,800","109,800","105,900","107,459",700,0.64,0.00,0.18,0.00,0.00,0.00,0.18,"78,603.45"
1081,25/04/2022,MCH,"110,500","113,800","111,000","113,800","107,000","109,089",500,0.45,0.03,3.64,0.00,0.00,0.03,3.64,"79,462.51"
1082,22/04/2022,MCH,"111,800","114,000","111,000","114,000","110,000","110,462",-800,-0.72,0.06,7.13,0.00,0.00,0.06,7.13,"79,462.51"
1083,21/04/2022,MCH,"111,600","114,900","111,500","114,900","110,500","111,787",-100,-0.09,0.08,9.47,0.00,0.00,0.08,9.47,"79,820.44"
1084,20/04/2022,MCH,"113,800","118,000","111,000","118,000","111,000","111,619","-2,800",-2.46,0.06,6.97,0.00,0.00,0.06,6.97,"79,462.51"
1085,19/04/2022,MCH,"113,600","113,600","113,100","119,800","113,000","113,813",-500,-0.44,0.00,0.46,0.00,0.00,0.00,0.46,"80,965.85"
1086,18/04/2022,MCH,"113,000","114,000","113,000","115,900","113,000","113,577",0,0.00,0.01,1.41,0.00,0.00,0.01,1.41,"80,894.26"
1087,15/04/2022,MCH,"113,500","114,000","112,000","114,100","112,000","112,975","-1,500",-1.32,0.01,0.68,0.00,0.00,0.01,0.68,"80,178.38"
1088,14/04/2022,MCH,"112,100","113,000","113,900","114,000","112,000","113,466","1,800",1.61,0.01,0.69,0.00,0.00,0.01,0.69,"81,538.55"
1089,13/04/2022,MCH,"111,700","113,900","112,000","113,900","112,000","112,050",300,0.27,0.01,1.34,0.00,0.00,0.01,1.34,"80,178.38"
1090,12/04/2022,MCH,"112,900","112,200","112,300","113,000","111,200","111,683",-600,-0.53,0.01,1.29,0.00,0.00,0.01,1.29,"80,393.15"
1091,08/04/2022,MCH,"113,400","114,000","112,200","114,000","112,100","112,914","-1,200",-1.06,0.00,0.42,0.00,0.00,0.00,0.42,"80,321.56"
1092,07/04/2022,MCH,"113,600","113,600","114,000","114,000","113,000","113,409",400,0.35,0.01,1.25,0.00,0.00,0.01,1.25,"81,610.14"
1093,06/04/2022,MCH,"113,800","116,000","114,800","116,000","112,000","113,589","1,000",0.88,0.00,0.20,0.00,0.00,0.00,0.20,"82,182.84"
1094,05/04/2022,MCH,"114,900","114,900","115,400","115,800","113,500","113,846",500,0.44,0.07,7.76,0.00,0.00,0.07,7.76,"82,612.37"
1095,04/04/2022,MCH,"114,000","114,700","115,000","115,000","113,500","114,906","1,000",0.88,0.08,8.75,0.00,0.00,0.08,8.75,"82,326.02"
1096,01/04/2022,MCH,"112,700","111,100","114,900","115,000","111,100","113,995","2,200",1.95,0.00,0.45,0.00,0.00,0.00,0.45,"82,254.43"
1097,31/03/2022,MCH,"114,300","113,800","115,700","115,900","111,000","112,735","1,400",1.22,0.01,0.74,0.00,0.00,0.01,0.74,"82,827.13"
1098,30/03/2022,MCH,"113,500","115,000","113,500","117,000","113,000","114,279",0,0.00,0.01,1.42,0.07,7.82,0.08,9.24,"81,252.20"
1099,29/03/2022,MCH,"111,800","112,000","113,100","114,900","111,000","113,458","1,300",1.16,0.03,3.70,0.00,0.00,0.03,3.70,"80,965.85"
1100,28/03/2022,MCH,"112,000","112,100","112,000","112,100","111,700","111,846",0,0.00,0.01,1.15,0.00,0.00,0.01,1.15,"80,178.38"
1101,25/03/2022,MCH,"114,000","112,000","112,000","112,000","112,000","112,000","-2,000",-1.75,0.00,0.35,0.00,0.00,0.00,0.35,"80,178.38"
1102,24/03/2022,MCH,"112,200","117,000","114,800","117,000","111,700","114,025","2,600",2.32,0.02,2.00,0.00,0.00,0.02,2.00,"82,182.84"
1103,23/03/2022,MCH,"109,600","109,600","117,000","117,000","109,600","112,220","7,400",6.75,0.10,11.38,0.00,0.00,0.10,11.38,"83,757.78"
1104,22/03/2022,MCH,"109,800","111,000","110,000","111,000","109,000","109,564",200,0.18,0.02,1.92,0.00,0.00,0.02,1.92,"78,746.63"
1105,21/03/2022,MCH,"109,500","111,000","109,100","111,000","109,100","109,778",-400,-0.37,0.00,0.20,0.00,0.00,0.00,0.20,"78,102.34"
1106,18/03/2022,MCH,"109,100","110,000","110,000","110,000","109,000","109,498",900,0.82,0.00,0.48,0.00,0.00,0.00,0.48,"78,746.63"
1107,17/03/2022,MCH,"109,400","109,500","109,000","109,500","109,000","109,096",-400,-0.37,0.00,0.25,0.00,0.00,0.00,0.25,"78,030.75"
1108,16/03/2022,MCH,"109,100","109,200","109,700","109,700","108,600","109,434",600,0.55,0.01,1.23,0.00,0.00,0.01,1.23,"78,531.86"
1109,15/03/2022,MCH,"109,300","109,000","109,800","110,000","108,600","109,076",500,0.46,0.00,0.19,0.00,0.00,0.00,0.19,"78,603.45"
1110,14/03/2022,MCH,"110,700","110,500","110,900","111,000","108,600","109,320",200,0.18,0.01,0.81,0.00,0.00,0.01,0.81,"79,390.92"
1111,11/03/2022,MCH,"110,100","111,000","111,000","114,000","110,000","110,657",900,0.82,0.01,0.74,0.00,0.00,0.01,0.74,"79,462.51"
1112,10/03/2022,MCH,"109,800","110,000","111,000","111,000","109,800","110,118","1,200",1.09,0.01,1.16,0.00,0.00,0.01,1.16,"79,462.51"
1113,09/03/2022,MCH,"110,300","109,500","110,000","111,000","109,000","109,805",-300,-0.27,0.01,1.05,0.00,0.00,0.01,1.05,"78,746.63"
1114,08/03/2022,MCH,"111,200","110,600","109,500","111,300","109,500","110,271","-1,700",-1.53,0.01,1.43,0.00,0.00,0.01,1.43,"78,388.69"
1115,07/03/2022,MCH,"111,400","110,500","111,400","111,500","110,500","111,157",0,0.00,0.01,1.01,0.00,0.00,0.01,1.01,"79,748.86"
1116,04/03/2022,MCH,"111,500","111,500","111,200","111,500","111,200","111,352",-300,-0.27,0.01,1.19,0.00,0.00,0.01,1.19,"79,605.68"
1117,03/03/2022,MCH,"110,800","111,800","111,300","111,800","111,200","111,481",500,0.45,0.00,0.29,0.00,0.00,0.00,0.29,"79,677.27"
1118,02/03/2022,MCH,"112,000","111,600","110,400","112,000","110,000","110,814","-1,600",-1.43,0.01,1.05,0.00,0.00,0.01,1.05,"79,032.98"
1119,01/03/2022,MCH,"112,000","112,000","111,800","112,000","111,800","111,983",-200,-0.18,0.00,0.14,0.00,0.00,0.00,0.14,"80,035.21"
1120,28/02/2022,MCH,"112,100","114,000","112,100","114,000","110,800","111,954",0,0.00,0.00,0.31,0.00,0.00,0.00,0.31,"80,249.97"
1121,25/02/2022,MCH,"110,800","112,900","112,000","112,900","111,800","112,100","1,200",1.08,0.00,0.36,0.00,0.00,0.00,0.36,"80,178.38"
1122,24/02/2022,MCH,"111,300","111,600","112,500","112,500","110,000","110,811","1,200",1.08,0.01,0.99,0.00,0.00,0.01,0.99,"80,536.32"
1123,23/02/2022,MCH,"111,400","111,400","111,300","111,400","111,200","111,267",-100,-0.09,0.00,0.10,0.00,0.00,0.00,0.10,"79,677.27"
1124,22/02/2022,MCH,"112,100","112,100","112,000","112,100","110,200","111,374",-100,-0.09,0.00,0.39,0.14,13.35,0.14,13.74,"80,178.38"
1125,21/02/2022,MCH,"113,300","114,000","112,000","114,000","112,000","112,088","-1,300",-1.15,0.01,0.66,0.00,0.00,0.01,0.66,"80,178.38"
1126,18/02/2022,MCH,"112,000","112,000","113,800","113,800","112,000","113,258","1,800",1.61,0.00,0.29,0.00,0.00,0.00,0.29,"81,466.97"
1127,17/02/2022,MCH,"111,500","115,400","113,500","115,400","111,200","112,045","2,000",1.79,0.01,0.59,0.00,0.00,0.01,0.59,"81,252.20"
1128,16/02/2022,MCH,"111,300","113,800","113,900","114,000","111,200","111,517","2,600",2.34,0.01,1.06,0.00,0.00,0.01,1.06,"81,538.55"
1129,15/02/2022,MCH,"111,900","114,900","110,000","114,900","110,000","111,340","-1,900",-1.70,0.02,2.23,0.00,0.00,0.02,2.23,"78,746.63"
1130,14/02/2022,MCH,"112,300","112,000","112,400","112,400","111,700","111,852",100,0.09,0.00,0.35,0.00,0.00,0.00,0.35,"80,464.74"
1131,11/02/2022,MCH,"112,000","116,800","112,000","116,800","112,000","112,255",0,0.00,0.00,0.47,0.00,0.00,0.00,0.47,"80,178.38"
1132,10/02/2022,MCH,"112,000","113,300","114,000","114,000","111,800","111,998","2,000",1.79,0.02,2.58,0.00,0.00,0.02,2.58,"81,610.14"
1133,09/02/2022,MCH,"115,900","115,800","115,000","115,800","111,800","112,042",-900,-0.78,0.02,1.79,0.00,0.00,0.02,1.79,"82,326.02"
1134,08/02/2022,MCH,"112,800","110,000","117,000","119,700","110,000","115,943","4,200",3.72,0.02,2.09,0.00,0.00,0.02,2.09,"83,757.78"
1135,07/02/2022,MCH,"110,300","119,500","111,100","119,500","111,100","112,833",800,0.73,0.01,1.31,0.00,0.00,0.01,1.31,"79,534.09"
1136,28/01/2022,MCH,"109,500","110,200","110,100","111,500","110,000","110,336",600,0.55,0.02,2.13,0.00,0.00,0.02,2.13,"78,818.22"
1137,27/01/2022,MCH,"110,600","110,600","109,900","110,600","109,000","109,499",-700,-0.63,0.01,1.38,0.00,0.00,0.01,1.38,"78,675.04"
1138,26/01/2022,MCH,"111,400","111,400","110,000","111,400","110,000","110,602","-1,400",-1.26,0.02,2.17,0.00,0.00,0.02,2.17,"78,746.63"
1139,25/01/2022,MCH,"112,200","112,500","110,800","112,500","110,500","111,391","-1,400",-1.25,0.01,1.53,0.00,0.00,0.01,1.53,"79,319.33"
1140,24/01/2022,MCH,"113,400","113,000","112,000","113,400","110,000","112,172","-1,400",-1.23,0.01,1.19,0.00,0.00,0.01,1.19,"80,178.38"
1141,21/01/2022,MCH,"113,200","113,500","113,500","113,500","113,100","113,409",300,0.27,0.01,0.75,0.00,0.00,0.01,0.75,"81,252.20"
1142,20/01/2022,MCH,"112,700","113,000","113,500","113,700","112,900","113,202",800,0.71,0.01,0.69,0.00,0.00,0.01,0.69,"81,252.20"
1143,19/01/2022,MCH,"113,100","113,000","113,000","113,000","112,500","112,749",-100,-0.09,0.00,0.56,0.00,0.00,0.00,0.56,"80,894.26"
1144,18/01/2022,MCH,"112,800","112,500","113,000","114,000","112,500","113,090",200,0.18,0.00,0.33,0.00,0.00,0.00,0.33,"80,894.26"
1145,17/01/2022,MCH,"113,000","115,000","112,400","115,000","112,400","112,824",-600,-0.53,0.00,0.33,0.00,0.00,0.00,0.33,"80,464.74"
1146,14/01/2022,MCH,"113,200","113,000","113,000","113,000","112,800","112,964",-200,-0.18,0.01,0.66,0.00,0.00,0.01,0.66,"80,894.26"
1147,13/01/2022,MCH,"115,100","113,000","115,600","116,000","113,000","113,239",500,0.43,0.00,0.55,0.00,0.00,0.00,0.55,"82,755.55"
1148,12/01/2022,MCH,"113,200","117,300","114,900","117,300","114,700","115,050","1,700",1.50,0.00,0.18,0.00,0.00,0.00,0.18,"82,254.43"
1149,11/01/2022,MCH,"115,400","116,000","113,000","116,000","112,900","113,192","-2,400",-2.08,0.02,1.74,0.00,0.00,0.02,1.74,"80,894.26"
1150,10/01/2022,MCH,"117,200","117,200","115,000","117,200","115,000","115,375","-2,200",-1.88,0.00,0.42,0.00,0.00,0.00,0.42,"82,326.02"
1151,07/01/2022,MCH,"117,300","117,200","117,200","117,200","117,000","117,182",-100,-0.09,0.00,0.13,0.00,0.00,0.00,0.13,"83,900.95"
1152,06/01/2022,MCH,"118,100","118,900","117,000","119,900","116,500","117,271","-1,100",-0.93,0.00,0.16,0.00,0.00,0.00,0.16,"83,757.78"
1153,05/01/2022,MCH,"117,000","118,000","120,000","120,000","117,000","118,121","3,000",2.56,0.02,2.79,0.00,0.00,0.02,2.79,"85,905.41"
1154,04/01/2022,MCH,"114,400","116,500","117,700","117,700","116,300","116,950","3,300",2.88,0.03,3.70,0.00,0.00,0.03,3.70,"84,258.89"
1155,31/12/2021,MCH,"113,900","114,000","116,500","117,000","114,000","114,366","2,600",2.28,0.02,2.47,0.00,0.00,0.02,2.47,"83,399.84"
1156,30/12/2021,MCH,"114,800","118,800","112,900","118,900","112,900","113,916","-1,900",-1.66,0.00,0.51,0.00,0.00,0.00,0.51,"80,822.67"
1157,29/12/2021,MCH,"113,800","113,800","114,000","119,000","113,300","114,787",200,0.18,0.01,1.17,0.00,0.00,0.01,1.17,"81,610.14"
1158,28/12/2021,MCH,"114,200","115,000","112,600","119,900","112,500","113,768","-1,600",-1.40,0.01,0.71,0.00,0.00,0.01,0.71,"80,607.91"
1159,27/12/2021,MCH,"113,100","115,000","114,000","115,000","113,900","114,171",900,0.80,0.00,0.51,0.00,0.00,0.00,0.51,"81,610.14"
1160,24/12/2021,MCH,"114,200","113,000","113,900","114,800","112,800","113,103",-300,-0.26,0.01,0.67,0.00,0.00,0.01,0.67,"81,538.55"
1161,23/12/2021,MCH,"114,600","117,800","114,000","117,800","113,000","114,152",-600,-0.52,0.00,0.38,0.00,0.00,0.00,0.38,"81,610.14"
1162,22/12/2021,MCH,"115,400","114,000","115,000","115,000","114,000","114,600",-400,-0.35,0.00,0.06,0.00,0.00,0.00,0.06,"82,326.02"
1163,21/12/2021,MCH,"112,800","112,900","115,800","116,500","112,800","115,439","3,000",2.66,0.03,3.07,0.00,0.00,0.03,3.07,"82,898.72"
1164,20/12/2021,MCH,"113,400","113,000","113,300","113,300","112,500","112,820",-100,-0.09,0.01,0.61,0.00,0.00,0.01,0.61,"81,109.03"
1165,17/12/2021,MCH,"113,200","114,000","113,300","114,000","112,500","113,350",100,0.09,0.00,0.36,0.00,0.00,0.00,0.36,"81,109.03"
1166,16/12/2021,MCH,"113,400","114,000","113,000","114,000","113,000","113,204",-400,-0.35,0.00,0.54,0.00,0.00,0.00,0.54,"80,894.26"
1167,15/12/2021,MCH,"113,300","113,200","114,500","114,500","113,200","113,375","1,200",1.06,0.00,0.09,0.00,0.00,0.00,0.09,"81,968.08"
1168,14/12/2021,MCH,"113,100","113,100","113,000","115,500","113,000","113,315",-100,-0.09,0.00,0.39,0.00,0.00,0.00,0.39,"80,894.26"
1169,13/12/2021,MCH,"113,200","113,100","113,100","114,000","113,000","113,082",-100,-0.09,0.01,0.89,0.00,0.00,0.01,0.89,"80,965.85"
1170,10/12/2021,MCH,"113,900","114,500","113,100","114,500","113,100","113,233",-800,-0.70,0.00,0.37,0.00,0.00,0.00,0.37,"80,965.85"
1171,09/12/2021,MCH,"113,100","116,500","114,800","116,500","113,000","113,916","1,700",1.50,0.01,1.04,0.00,0.00,0.01,1.04,"82,182.84"
1172,08/12/2021,MCH,"114,200","113,000","115,000","115,000","113,000","113,091",800,0.70,0.00,0.50,0.00,0.00,0.00,0.50,"82,326.02"
1173,07/12/2021,MCH,"113,300","115,300","113,000","116,900","113,000","114,167",-300,-0.26,0.00,0.48,0.00,0.00,0.00,0.48,"80,894.26"
1174,06/12/2021,MCH,"113,900","119,800","116,900","119,800","112,500","113,275","3,000",2.63,0.01,1.17,0.00,0.00,0.01,1.17,"83,686.19"
1175,03/12/2021,MCH,"115,300","119,900","115,000","119,900","113,000","113,930",-300,-0.26,0.01,0.79,0.00,0.00,0.01,0.79,"82,326.02"
1176,02/12/2021,MCH,"117,100","115,000","115,000","120,000","114,400","115,287","-2,100",-1.79,0.02,2.64,0.00,0.00,0.02,2.64,"82,326.02"
1177,01/12/2021,MCH,"119,000","119,900","117,500","119,900","117,000","117,141","-1,500",-1.26,0.01,0.61,0.00,0.00,0.01,0.61,"84,115.72"
1178,30/11/2021,MCH,"126,800","121,900","117,900","121,900","116,100","118,977","-8,900",-7.02,0.02,2.15,0.00,0.00,0.02,2.15,"84,402.07"
1179,29/11/2021,MCH,"116,900","117,300","118,000","133,000","117,200","126,772","1,100",0.94,0.03,4.08,0.00,0.10,0.03,4.18,"84,473.65"
1180,26/11/2021,MCH,"117,300","116,000","117,200","117,200","116,000","116,900",-100,-0.09,0.00,0.06,0.00,0.00,0.00,0.06,"83,900.95"
1181,25/11/2021,MCH,"117,000","118,500","117,900","118,500","117,000","117,295",900,0.77,0.00,0.49,0.00,0.00,0.00,0.49,"84,402.07"
1182,24/11/2021,MCH,"115,300","118,500","116,000","118,500","116,000","117,002",700,0.61,0.01,0.74,0.00,0.00,0.01,0.74,"83,041.90"
1183,23/11/2021,MCH,"114,800","113,500","118,800","118,900","112,300","115,294","4,000",3.48,0.01,1.37,0.00,0.00,0.01,1.37,"85,046.36"
1184,22/11/2021,MCH,"117,000","118,000","113,500","118,000","113,300","114,838","-3,500",-2.99,0.01,1.24,0.00,0.00,0.01,1.24,"81,252.20"
1185,19/11/2021,MCH,"118,700","118,500","116,500","118,500","116,500","117,044","-2,200",-1.85,0.01,1.32,0.00,0.00,0.01,1.32,"83,399.84"
1186,18/11/2021,MCH,"119,000","118,500","118,000","120,000","118,000","118,703","-1,000",-0.84,0.00,0.37,0.00,0.00,0.00,0.37,"84,473.65"
1187,17/11/2021,MCH,"119,600","121,000","118,500","121,000","118,000","119,011","-1,100",-0.92,0.01,1.12,0.00,0.00,0.01,1.12,"84,831.59"
1188,16/11/2021,MCH,"120,400","121,000","118,900","121,000","118,800","119,589","-1,500",-1.25,0.01,1.22,0.00,0.00,0.01,1.22,"85,117.95"
1189,15/11/2021,MCH,"120,200","120,000","121,400","122,000","120,000","120,365","1,200",1.00,0.02,1.98,0.00,0.00,0.02,1.98,"86,907.64"
1190,12/11/2021,MCH,"121,100","120,600","121,800","121,800","120,000","120,215",700,0.58,0.01,0.71,0.00,0.00,0.01,0.71,"87,193.99"
1191,11/11/2021,MCH,"123,000","121,100","121,000","122,700","121,000","121,147","-2,000",-1.63,0.00,0.53,0.00,0.00,0.00,0.53,"86,621.29"
1192,10/11/2021,MCH,"123,200","123,900","122,400","124,000","122,300","122,996",-800,-0.65,0.00,0.32,0.00,0.00,0.00,0.32,"87,623.52"
1193,09/11/2021,MCH,"121,500","122,500","123,000","123,500","122,500","123,221","1,500",1.23,0.05,5.78,0.00,0.00,0.05,5.78,"88,053.05"
1194,08/11/2021,MCH,"121,700","121,000","122,500","122,500","121,000","121,479",800,0.66,0.05,5.52,0.00,0.00,0.05,5.52,"87,695.11"
1195,05/11/2021,MCH,"121,700","122,000","121,800","122,000","121,500","121,731",100,0.08,0.01,0.63,0.00,0.00,0.01,0.63,"87,193.99"
1196,04/11/2021,MCH,"121,800","121,500","122,000","122,000","121,000","121,713",200,0.16,0.01,0.78,0.00,0.00,0.01,0.78,"87,337.17"
1197,03/11/2021,MCH,"122,000","122,000","121,100","122,500","121,100","121,849",-900,-0.74,0.02,2.05,0.00,0.00,0.02,2.05,"86,692.88"
1198,02/11/2021,MCH,"122,800","125,200","122,000","125,200","121,600","121,971",-800,-0.65,0.01,1.38,0.00,0.00,0.01,1.38,"87,337.17"
1199,01/11/2021,MCH,"123,200","125,400","121,900","125,400","121,600","122,805","-1,300",-1.06,0.02,2.05,0.00,0.00,0.02,2.05,"87,265.58"
1200,29/10/2021,MCH,"122,900","124,000","124,400","124,900","122,200","123,203","1,500",1.22,0.01,0.74,0.00,0.00,0.01,0.74,"89,055.28"
1201,28/10/2021,MCH,"122,200","122,200","123,500","123,500","122,000","122,936","1,300",1.06,0.01,1.68,0.00,0.00,0.01,1.68,"88,410.99"
1202,27/10/2021,MCH,"121,500","123,000","122,000","123,000","122,000","122,213",500,0.41,0.00,0.39,0.00,0.00,0.00,0.39,"87,337.17"
1203,26/10/2021,MCH,"122,800","124,000","123,000","124,000","120,000","121,508",200,0.16,0.00,0.29,0.00,0.00,0.00,0.29,"88,053.05"
1204,25/10/2021,MCH,"122,100","121,000","123,000","123,700","121,000","122,757",900,0.74,0.00,0.18,0.00,0.00,0.00,0.18,"88,053.05"
1205,22/10/2021,MCH,"120,200","124,200","121,100","124,200","121,100","122,067",900,0.75,0.00,0.08,0.00,0.00,0.00,0.08,"86,692.88"
1206,21/10/2021,MCH,"122,400","122,400","120,900","122,400","117,000","120,198","-1,500",-1.23,0.00,0.57,0.00,0.00,0.00,0.57,"86,549.70"
1207,20/10/2021,MCH,"122,300","124,900","122,000","124,900","121,900","122,400",-300,-0.25,0.00,0.22,0.00,0.00,0.00,0.22,"87,337.17"
1208,19/10/2021,MCH,"121,500","121,500","122,800","123,500","121,500","122,252","1,300",1.07,0.00,0.33,0.00,0.00,0.00,0.33,"87,909.87"
1209,18/10/2021,MCH,"121,500","121,500","121,500","121,500","121,500","121,500",0,0.00,0.00,0.51,0.00,0.00,0.00,0.51,"86,979.23"
1210,15/10/2021,MCH,"122,100","122,000","121,000","122,000","121,000","121,476","-1,100",-0.90,0.00,0.26,0.00,0.00,0.00,0.26,"86,621.29"
1211,14/10/2021,MCH,"122,500","122,000","122,000","122,500","122,000","122,144",-500,-0.41,0.00,0.55,0.00,0.00,0.00,0.55,"87,337.17"
1212,13/10/2021,MCH,"122,500","122,800","122,000","122,800","122,000","122,461",-500,-0.41,0.01,0.67,0.00,0.00,0.01,0.67,"87,337.17"
1213,12/10/2021,MCH,"122,400","122,300","125,000","125,500","122,000","122,529","2,600",2.12,0.01,1.21,0.00,0.00,0.01,1.21,"89,484.80"
1214,11/10/2021,MCH,"125,100","125,700","124,700","125,700","122,100","122,422",-400,-0.32,0.01,1.07,0.00,0.00,0.01,1.07,"89,270.04"
1215,08/10/2021,MCH,"127,800","124,400","125,500","125,500","123,800","125,094","-2,300",-1.80,0.01,1.67,0.00,0.00,0.01,1.67,"89,842.74"
1216,07/10/2021,MCH,"122,200","124,800","122,300","139,800","122,300","127,775",100,0.08,0.01,1.17,0.00,0.00,0.01,1.17,"87,551.93"
1217,06/10/2021,MCH,"122,200","122,200","122,100","123,300","122,000","122,175",-100,-0.08,0.01,0.78,0.00,0.00,0.01,0.78,"87,408.76"
1218,05/10/2021,MCH,"122,300","122,300","123,100","123,100","121,800","122,155",800,0.65,0.01,0.79,0.00,0.00,0.01,0.79,"88,124.63"
1219,04/10/2021,MCH,"122,200","122,200","122,400","122,400","122,200","122,320",200,0.16,0.00,0.43,0.00,0.00,0.00,0.43,"87,623.52"
1220,01/10/2021,MCH,"122,700","122,800","122,000","122,800","122,000","122,220",-700,-0.57,0.00,0.38,0.00,0.00,0.00,0.38,"87,337.17"
1221,30/09/2021,MCH,"123,300","124,800","123,900","124,800","121,100","122,743",600,0.49,0.00,0.56,0.00,0.00,0.00,0.56,"88,697.34"
1222,29/09/2021,MCH,"124,100","123,000","123,500","124,600","121,100","123,270",-600,-0.48,0.00,0.50,0.00,0.00,0.00,0.50,"88,410.99"
1223,28/09/2021,MCH,"124,400","125,000","124,300","125,000","124,000","124,062",-100,-0.08,0.00,0.26,0.00,0.00,0.00,0.26,"88,983.69"
1224,27/09/2021,MCH,"124,500","126,500","123,500","126,500","123,500","124,368","-1,000",-0.80,0.00,0.35,0.00,0.00,0.00,0.35,"88,410.99"
1225,24/09/2021,MCH,"123,300","125,500","124,800","125,500","124,000","124,515","1,500",1.22,0.01,1.06,0.00,0.00,0.01,1.06,"88,457.47"
1226,23/09/2021,MCH,"123,600","123,000","123,400","123,500","123,000","123,275",-200,-0.16,0.00,0.56,0.00,0.00,0.00,0.56,"87,465.16"
1227,22/09/2021,MCH,"123,100","124,000","123,500","125,000","123,000","123,627",400,0.32,0.00,0.56,0.00,0.00,0.00,0.56,"87,536.04"
1228,21/09/2021,MCH,"124,800","120,300","123,500","124,900","120,200","123,135","-1,300",-1.04,0.01,0.64,0.00,0.00,0.01,0.64,"87,536.04"
1229,20/09/2021,MCH,"125,300","127,000","125,000","127,000","124,000","124,827",-300,-0.24,0.01,0.69,0.00,0.00,0.01,0.69,"88,599.23"
1230,17/09/2021,MCH,"125,700","126,800","125,000","126,800","125,000","125,272",-700,-0.56,0.01,1.59,0.00,0.00,0.01,1.59,"88,599.23"
1231,16/09/2021,MCH,"125,900","127,700","125,000","127,700","125,000","125,680",-900,-0.71,0.01,1.13,0.00,0.00,0.01,1.13,"88,599.23"
1232,15/09/2021,MCH,"126,000","126,000","126,000","126,000","125,500","125,925",0,0.00,0.01,1.76,0.00,0.00,0.01,1.76,"89,308.02"
1233,14/09/2021,MCH,"125,300","126,500","125,100","127,000","125,000","126,005",-200,-0.16,0.01,0.96,0.00,0.00,0.01,0.96,"88,670.11"
1234,13/09/2021,MCH,"125,200","123,600","126,900","129,200","123,600","125,318","1,700",1.36,0.00,0.14,0.00,0.00,0.00,0.14,"89,945.94"
1235,10/09/2021,MCH,"125,500","125,600","125,500","125,900","124,000","125,242",0,0.00,0.01,1.45,0.00,0.00,0.01,1.45,"88,953.62"
1236,09/09/2021,MCH,"126,000","127,600","125,500","127,600","124,200","125,480",-500,-0.40,0.00,0.38,0.00,0.00,0.00,0.38,"88,953.62"
1237,08/09/2021,MCH,"125,800","127,600","126,000","127,600","125,100","126,007",200,0.16,0.01,0.73,0.00,0.00,0.01,0.73,"89,308.02"
1238,07/09/2021,MCH,"126,100","125,100","127,700","127,900","125,000","125,778","1,600",1.27,0.01,0.96,0.00,0.00,0.01,0.96,"90,512.97"
1239,06/09/2021,MCH,"125,000","131,900","125,000","131,900","125,000","126,057",0,0.00,0.03,4.29,0.00,0.00,0.03,4.29,"88,599.23"
1240,01/09/2021,MCH,"127,900","125,100","126,800","129,300","124,900","125,001","-1,100",-0.86,0.02,2.04,0.00,0.00,0.02,2.04,"89,875.06"
1241,31/08/2021,MCH,"129,300","130,900","129,900","130,900","125,000","127,877",600,0.46,0.04,4.77,0.00,0.00,0.04,4.77,"92,072.32"
1242,30/08/2021,MCH,"129,400","130,000","128,000","132,300","128,000","129,304","-1,400",-1.08,0.03,4.37,0.00,0.00,0.03,4.37,"90,725.61"
1243,27/08/2021,MCH,"129,400","129,400","130,000","130,000","128,300","129,444",600,0.46,0.00,0.62,0.00,0.00,0.00,0.62,"92,143.20"
1244,26/08/2021,MCH,"131,200","131,200","130,000","131,200","127,200","129,392","-1,200",-0.91,0.00,0.32,0.00,0.00,0.00,0.32,"92,143.20"
1245,25/08/2021,MCH,"125,100","130,000","127,100","132,300","127,000","131,153","2,000",1.60,0.03,3.54,0.00,0.00,0.03,3.54,"90,087.69"
1246,24/08/2021,MCH,"125,700","125,700","128,600","128,600","124,900","125,061","2,900",2.31,0.08,9.50,0.00,0.00,0.08,9.50,"91,150.88"
1247,23/08/2021,MCH,"125,900","125,100","125,600","128,600","125,100","125,704",-300,-0.24,0.00,0.31,0.00,0.00,0.00,0.31,"89,024.50"
1248,20/08/2021,MCH,"128,300","128,300","128,500","128,500","125,100","125,948",200,0.16,0.02,2.21,0.00,0.00,0.02,2.21,"91,080.01"
1249,19/08/2021,MCH,"128,300","128,500","128,500","128,500","128,300","128,339",200,0.16,0.00,0.40,0.00,0.00,0.00,0.40,"91,080.01"
1250,18/08/2021,MCH,"125,800","125,500","128,500","130,000","125,300","128,312","2,700",2.15,0.04,5.58,0.00,0.00,0.04,5.58,"91,080.01"
1251,17/08/2021,MCH,"126,400","126,400","126,800","127,000","125,000","125,805",400,0.32,0.00,0.47,0.00,0.00,0.00,0.47,"89,875.06"
1252,16/08/2021,MCH,"125,100","125,200","127,500","128,000","125,000","126,417","2,400",1.92,0.07,8.69,0.00,0.00,0.07,8.69,"90,371.21"
1253,13/08/2021,MCH,"127,800","128,100","125,000","128,100","120,000","125,113","-2,800",-2.19,0.05,5.97,0.07,8.53,0.12,14.50,"88,599.23"
1254,12/08/2021,MCH,"128,600","126,100","128,100","128,300","126,100","127,780",-500,-0.39,0.00,0.06,0.00,0.00,0.00,0.06,"90,796.49"
1255,11/08/2021,MCH,"128,000","129,000","128,500","129,000","128,000","128,608",500,0.39,0.01,0.95,0.00,0.00,0.01,0.95,"91,080.01"
1256,10/08/2021,MCH,"125,800","127,000","127,500","129,000","127,000","127,998","1,700",1.35,0.03,3.80,0.00,0.00,0.03,3.80,"90,371.21"
1257,09/08/2021,MCH,"127,600","126,000","127,800","127,800","125,000","125,845",200,0.16,0.01,0.98,0.00,0.00,0.01,0.98,"90,583.85"
1258,06/08/2021,MCH,"125,200","129,000","126,000","129,000","126,000","127,625",800,0.64,0.04,4.56,0.00,0.00,0.04,4.56,"89,308.02"
1259,05/08/2021,MCH,"125,100","128,900","125,000","128,900","125,000","125,151",-100,-0.08,0.03,3.75,0.00,0.00,0.03,3.75,"88,599.23"
1260,04/08/2021,MCH,"125,800","125,900","126,000","127,900","125,000","125,136",200,0.16,0.06,7.89,0.00,0.00,0.06,7.89,"89,308.02"
1261,03/08/2021,MCH,"127,200","126,500","125,900","127,000","124,000","125,751","-1,300",-1.02,0.01,0.80,0.00,0.00,0.01,0.80,"89,237.14"
1262,02/08/2021,MCH,"126,200","127,000","126,900","128,500","126,900","127,208",700,0.55,0.01,0.92,0.00,0.00,0.01,0.92,"89,945.94"
1263,30/07/2021,MCH,"121,200","121,200","126,000","129,000","121,200","126,222","4,800",3.96,0.03,3.29,0.00,0.00,0.03,3.29,"89,308.02"
1264,29/07/2021,MCH,"118,500","120,000","125,400","128,500","119,900","121,214","6,900",5.82,0.02,2.06,0.00,0.00,0.02,2.06,"88,882.74"
1265,28/07/2021,MCH,"117,800","118,000","119,900","120,000","118,000","118,525","2,100",1.78,0.01,1.28,0.00,0.00,0.01,1.28,"84,984.38"
1266,27/07/2021,MCH,"116,000","117,000","118,300","118,300","115,000","117,766","2,300",1.98,0.04,4.70,0.00,0.00,0.04,4.70,"83,850.31"
1267,26/07/2021,MCH,"115,900","113,100","116,800","117,900","113,100","116,046",900,0.78,0.01,1.73,0.00,0.00,0.01,1.73,"82,787.12"
1268,23/07/2021,MCH,"116,000","116,000","116,000","116,000","115,000","115,938",0,0.00,0.01,0.84,0.00,0.00,0.01,0.84,"82,220.08"
1269,22/07/2021,MCH,"116,700","116,000","116,000","116,000","115,900","115,999",-700,-0.60,0.02,1.87,0.00,0.00,0.02,1.87,"82,220.08"
1270,21/07/2021,MCH,"117,700","116,000","116,000","117,500","114,000","116,709","-1,700",-1.44,0.01,1.03,0.00,0.00,0.01,1.03,"82,220.08"
1271,20/07/2021,MCH,"114,100","119,000","117,600","119,000","117,000","117,688","3,500",3.07,0.00,0.19,0.00,0.00,0.00,0.19,"83,354.15"
1272,19/07/2021,MCH,"115,800","114,100","114,000","115,000","113,100","114,066","-1,800",-1.55,0.03,3.31,0.00,0.00,0.03,3.31,"80,802.50"
1273,16/07/2021,MCH,"115,700","118,200","115,700","118,200","115,500","115,812",0,0.00,0.00,0.20,0.00,0.00,0.00,0.20,"82,007.44"
1274,15/07/2021,MCH,"115,700","119,300","116,000","119,300","115,000","115,663",300,0.26,0.00,0.09,0.00,0.00,0.00,0.09,"82,220.08"
1275,14/07/2021,MCH,"118,200","117,800","114,000","117,900","113,500","115,749","-4,200",-3.55,0.01,0.91,0.00,0.00,0.01,0.91,"80,802.50"
1276,13/07/2021,MCH,"114,400","114,400","117,900","131,500","114,400","118,191","3,500",3.06,0.00,0.53,0.00,0.00,0.00,0.53,"83,566.79"
1277,12/07/2021,MCH,"116,900","117,500","116,400","120,000","112,000","114,368",-500,-0.43,0.02,1.84,0.00,0.00,0.02,1.84,"82,503.60"
1278,09/07/2021,MCH,"115,100","119,900","117,000","119,900","115,100","116,947","1,900",1.65,0.00,0.40,0.00,0.00,0.00,0.40,"82,928.88"
1279,08/07/2021,MCH,"113,000","114,000","115,500","115,900","114,000","115,100","2,500",2.21,0.01,1.24,0.00,0.00,0.01,1.24,"81,865.69"
1280,07/07/2021,MCH,"113,000","112,800","113,000","114,000","112,800","113,015",0,0.00,0.03,3.33,0.00,0.00,0.03,3.33,"80,093.70"
1281,06/07/2021,MCH,"113,000","113,500","113,000","113,500","113,000","113,025",0,0.00,0.04,4.15,0.00,0.00,0.04,4.15,"80,093.70"
1282,05/07/2021,MCH,"113,200","114,200","112,900","114,200","112,900","113,047",-300,-0.27,0.04,4.15,0.00,0.00,0.04,4.15,"80,022.82"
1283,02/07/2021,MCH,"114,100","114,000","113,000","114,100","113,000","113,209","-1,100",-0.96,0.06,6.59,0.00,0.00,0.06,6.59,"80,093.70"
1284,01/07/2021,MCH,"113,400","115,000","114,000","115,000","114,000","114,051",600,0.53,0.01,1.03,0.00,0.00,0.01,1.03,"80,802.50"
1285,30/06/2021,MCH,"114,400","115,000","114,900","115,000","113,000","113,365",500,0.44,0.01,1.69,0.00,0.00,0.01,1.69,"81,440.41"
1286,29/06/2021,MCH,"114,200","130,500","114,200","130,500","114,000","114,430",0,0.00,0.01,0.95,0.00,0.00,0.01,0.95,"80,944.25"
1287,28/06/2021,MCH,"113,600","113,000","114,500","115,500","113,000","114,169",900,0.79,0.00,0.41,0.00,0.00,0.00,0.41,"81,156.89"
1288,25/06/2021,MCH,"114,100","114,500","113,200","114,500","113,200","113,607",-900,-0.79,0.01,0.61,0.00,0.00,0.01,0.61,"80,235.46"
1289,24/06/2021,MCH,"113,300","113,000","113,100","115,000","113,000","114,089",-200,-0.18,0.00,0.22,0.00,0.00,0.00,0.22,"80,164.58"
1290,23/06/2021,MCH,"112,600","112,600","113,000","114,000","112,600","113,260",400,0.36,0.00,0.23,0.00,0.00,0.00,0.23,"80,093.70"
1291,22/06/2021,MCH,"113,500","113,600","112,500","113,600","112,500","112,614","-1,000",-0.88,0.01,0.81,0.00,0.00,0.01,0.81,"79,739.30"
1292,21/06/2021,MCH,"114,900","112,000","114,000","114,800","112,000","113,500",-900,-0.78,0.00,0.27,0.00,0.00,0.00,0.27,"80,802.50"
1293,18/06/2021,MCH,"115,000","115,500","114,700","115,500","114,700","114,947",-300,-0.26,0.04,4.91,0.00,0.00,0.04,4.91,"81,298.65"
1294,17/06/2021,MCH,"115,100","114,800","115,000","115,900","114,800","114,982",-100,-0.09,0.01,1.32,0.00,0.00,0.01,1.32,"81,511.29"
1295,16/06/2021,MCH,"114,800","115,100","115,500","115,500","115,000","115,092",700,0.61,0.01,1.02,0.00,0.00,0.01,1.02,"81,865.69"
1296,15/06/2021,MCH,"114,200","115,000","115,100","115,100","114,000","114,831",900,0.79,0.03,3.59,0.00,0.00,0.03,3.59,"81,582.17"
1297,14/06/2021,MCH,"112,300","112,300","114,000","114,800","112,300","114,201","1,700",1.51,0.02,2.01,0.00,0.00,0.02,2.01,"80,802.50"
1298,11/06/2021,MCH,"111,900","112,000","112,300","114,000","112,000","112,292",400,0.36,0.00,0.28,0.00,0.00,0.00,0.28,"79,597.55"
1299,10/06/2021,MCH,"111,500","111,500","112,000","114,700","111,500","111,864",500,0.45,0.00,0.16,0.00,0.00,0.00,0.16,"79,384.91"
1300,09/06/2021,MCH,"114,600","114,600","111,500","114,600","110,100","111,455","-3,100",-2.71,0.00,0.23,0.00,0.00,0.00,0.23,"79,030.51"
1301,08/06/2021,MCH,"114,900","116,000","114,800","116,000","110,800","114,631",-100,-0.09,0.00,0.18,0.00,0.00,0.00,0.18,"81,369.53"
1302,07/06/2021,MCH,"115,100","115,100","114,900","115,100","114,900","114,927",-200,-0.17,0.03,3.02,0.00,0.00,0.03,3.02,"81,440.41"
1303,04/06/2021,MCH,"114,900","115,500","115,000","115,500","115,000","115,091",100,0.09,0.02,2.83,0.00,0.00,0.02,2.83,"81,511.29"
1304,03/06/2021,MCH,"116,800","115,000","116,500","116,500","114,000","114,866",-300,-0.26,0.04,4.89,0.00,0.00,0.04,4.89,"82,574.48"
1305,02/06/2021,MCH,"115,200","117,000","117,000","117,000","115,000","116,822","1,800",1.56,0.01,0.84,0.00,0.00,0.01,0.84,"82,928.88"
1306,01/06/2021,MCH,"113,400","118,500","115,000","118,500","115,000","115,206","1,600",1.41,0.04,4.10,0.01,0.76,0.04,4.86,"81,511.29"
1307,31/05/2021,MCH,"116,000","118,000","118,000","119,300","116,600","117,911","2,000",1.72,0.04,4.72,0.00,0.00,0.04,4.72,"83,637.67"
1308,28/05/2021,MCH,"116,700","117,000","116,400","117,000","115,000","116,047",-300,-0.26,0.01,0.92,0.00,0.00,0.01,0.92,"82,503.60"
1309,27/05/2021,MCH,"117,300","118,000","116,000","118,000","115,000","116,712","-1,300",-1.11,0.02,2.10,0.00,0.00,0.02,2.10,"82,220.08"
1310,26/05/2021,MCH,"118,800","119,000","116,500","119,000","116,500","117,324","-2,300",-1.94,0.01,1.37,0.00,0.00,0.01,1.37,"82,574.48"
1311,25/05/2021,MCH,"119,500","120,000","117,500","120,000","117,500","118,843","-2,000",-1.67,0.05,5.94,0.00,0.00,0.05,5.94,"83,283.27"
1312,24/05/2021,MCH,"118,800","118,000","118,800","135,000","118,000","119,463",0,0.00,0.04,4.31,0.00,0.00,0.04,4.31,"84,204.71"
1313,21/05/2021,MCH,"116,700","116,900","118,100","119,000","116,900","118,817","1,400",1.20,0.02,2.38,0.00,0.00,0.02,2.38,"83,708.55"
1314,20/05/2021,MCH,"115,700","117,000","116,900","117,000","116,200","116,671","1,200",1.04,0.01,0.60,0.00,0.00,0.01,0.60,"82,858.00"
1315,19/05/2021,MCH,"113,200","119,000","116,200","119,000","114,000","115,686","3,000",2.65,0.04,4.16,0.00,0.00,0.04,4.16,"82,361.84"
1316,18/05/2021,MCH,"113,100","113,000","113,500","114,000","111,000","113,162",400,0.35,0.01,0.96,0.00,0.00,0.01,0.96,"80,448.10"
1317,17/05/2021,MCH,"111,100","112,000","113,000","114,000","112,000","113,085","1,900",1.71,0.05,5.47,0.00,0.00,0.05,5.47,"80,093.70"
1318,14/05/2021,MCH,"109,800","113,000","111,100","113,000","109,900","111,114","1,300",1.18,0.01,0.73,0.00,0.00,0.01,0.73,"78,746.99"
1319,13/05/2021,MCH,"109,100","109,000","110,000","110,900","108,500","109,781",900,0.82,0.04,4.08,0.00,0.00,0.04,4.08,"77,967.32"
1320,12/05/2021,MCH,"109,100","111,000","109,000","111,000","108,500","109,068",-100,-0.09,0.02,2.45,0.00,0.00,0.02,2.45,"77,258.53"
1321,11/05/2021,MCH,"109,000","109,000","109,400","111,000","109,000","109,116",400,0.37,0.00,0.42,0.00,0.00,0.00,0.42,"77,542.04"
1322,10/05/2021,MCH,"109,000","109,000","109,000","109,000","109,000","109,000",0,0.00,0.00,0.05,0.00,0.00,0.00,0.05,"77,258.53"
1323,07/05/2021,MCH,"108,100","108,100","109,000","110,000","108,000","108,970",900,0.83,0.01,1.56,0.00,0.00,0.01,1.56,"77,258.53"
1324,06/05/2021,MCH,"107,900","108,400","108,400","109,000","108,000","108,054",500,0.46,0.03,3.28,0.00,0.00,0.03,3.28,"76,833.25"
1325,05/05/2021,MCH,"107,800","107,000","107,800","108,200","107,000","107,932",0,0.00,0.03,3.29,0.00,0.00,0.03,3.29,"76,407.97"
1326,04/05/2021,MCH,"107,000","108,400","108,000","108,400","104,200","107,780","1,000",0.93,0.00,0.50,0.00,0.00,0.00,0.50,"76,549.73"
1327,29/04/2021,MCH,"105,400","107,000","108,000","109,900","105,100","107,000","2,600",2.47,0.00,0.37,0.00,0.00,0.00,0.37,"76,549.73"
1328,28/04/2021,MCH,"105,400","105,000","105,500","105,500","105,000","105,402",100,0.09,0.01,0.98,0.00,0.00,0.01,0.98,"74,777.75"
1329,27/04/2021,MCH,"104,700","106,000","105,000","106,000","105,000","105,386",300,0.29,0.02,1.63,0.00,0.00,0.02,1.63,"74,423.35"
1330,26/04/2021,MCH,"105,100","106,000","106,000","110,000","104,200","104,721",900,0.86,0.02,2.48,0.00,0.00,0.02,2.48,"75,132.14"
1331,23/04/2021,MCH,"105,000","105,000","106,000","107,000","105,000","105,059","1,000",0.95,0.03,2.88,0.00,0.00,0.03,2.88,"75,132.14"
1332,22/04/2021,MCH,"107,600","105,500","105,000","105,500","102,200","105,003","-2,600",-2.42,0.06,6.43,0.00,0.00,0.06,6.43,"74,423.35"
1333,20/04/2021,MCH,"106,500","108,500","107,000","108,500","106,500","107,622",500,0.47,0.01,1.29,0.00,0.00,0.01,1.29,"75,840.94"
1334,19/04/2021,MCH,"106,000","106,100","108,500","109,100","105,000","106,520","2,500",2.36,0.05,5.03,0.00,0.00,0.05,5.03,"76,904.13"
1335,16/04/2021,MCH,"105,400","107,000","106,000","107,000","105,000","106,012",600,0.57,0.02,2.62,0.00,0.00,0.02,2.62,"75,132.14"
1336,15/04/2021,MCH,"105,000","105,000","105,500","107,600","105,000","105,400",500,0.48,0.07,7.34,0.00,0.00,0.07,7.34,"74,777.75"
1337,14/04/2021,MCH,"103,100","105,000","104,200","105,800","101,200","104,958","1,100",1.07,0.08,8.87,0.00,0.00,0.08,8.87,"73,856.32"
1338,13/04/2021,MCH,"103,200","103,000","102,900","103,600","102,400","103,065",-300,-0.29,0.02,2.10,0.00,0.00,0.02,2.10,"72,934.88"
1339,12/04/2021,MCH,"102,600","102,200","104,000","104,000","102,200","103,216","1,400",1.36,0.03,3.60,0.00,0.00,0.03,3.60,"73,714.56"
1340,09/04/2021,MCH,"101,200","101,000","101,300","103,000","100,100","102,595",100,0.10,0.02,2.47,0.00,0.00,0.02,2.47,"71,800.81"
1341,08/04/2021,MCH,"101,700","101,800","101,900","103,000","101,000","101,230",200,0.20,0.02,1.85,0.00,0.00,0.02,1.85,"72,226.09"
1342,07/04/2021,MCH,"101,900","103,500","102,000","103,500","101,000","101,670",100,0.10,0.01,1.42,0.00,0.00,0.01,1.42,"72,296.97"
1343,06/04/2021,MCH,"102,400","101,800","101,800","103,400","101,700","101,949",-600,-0.59,0.02,1.57,0.00,0.00,0.02,1.57,"72,155.21"
1344,05/04/2021,MCH,"103,000","103,000","102,000","106,000","101,200","102,414","-1,000",-0.97,0.02,1.72,0.00,0.00,0.02,1.72,"72,296.97"
1345,02/04/2021,MCH,"100,800","104,000","102,000","110,000","101,400","103,035","1,200",1.19,0.02,1.63,0.00,0.00,0.02,1.63,"72,296.97"
1346,01/04/2021,MCH,"100,400","104,900","102,800","104,900","100,500","100,802","2,400",2.39,0.01,1.49,0.00,0.00,0.01,1.49,"72,864.00"
1347,31/03/2021,MCH,"100,100","100,200","101,000","104,000","100,000","100,439",900,0.90,0.03,3.38,0.00,0.00,0.03,3.38,"71,588.18"
1348,30/03/2021,MCH,"103,800","100,200","100,200","102,400","100,000","100,092","-3,600",-3.47,0.06,6.08,0.00,0.00,0.06,6.08,"71,021.14"
1349,29/03/2021,MCH,"102,400","103,000","102,500","110,000","100,000","103,804",100,0.10,0.03,2.82,0.00,0.00,0.03,2.82,"72,651.37"
1350,26/03/2021,MCH,"109,400","106,000","104,500","108,100","100,000","102,415","-4,900",-4.48,0.04,4.30,0.00,0.00,0.04,4.30,"74,068.95"
1351,25/03/2021,MCH,"104,300","106,000","108,000","112,400","106,000","109,381","3,700",3.55,0.10,10.65,1.19,105.45,1.28,116.10,"76,549.73"
1352,24/03/2021,MCH,"102,700","101,000","105,000","105,000","101,000","104,272","2,300",2.24,0.09,9.17,0.00,0.00,0.09,9.17,"74,423.35"
1353,23/03/2021,MCH,"101,400","103,000","102,700","104,000","101,400","102,680","1,300",1.28,0.03,3.25,0.00,0.00,0.03,3.25,"72,793.13"
1354,22/03/2021,MCH,"100,000","100,400","101,400","103,000","100,400","101,353","1,400",1.40,0.02,1.97,0.00,0.00,0.02,1.97,"71,871.69"
1355,19/03/2021,MCH,"99,000","99,900","100,500","101,000","99,000","100,004","1,500",1.52,0.05,5.14,0.00,0.00,0.05,5.14,"71,233.78"
1356,18/03/2021,MCH,"98,700","99,000","99,200","99,500","98,800","99,009",500,0.51,0.03,3.39,0.00,0.01,0.03,3.39,"70,312.35"
1357,17/03/2021,MCH,"98,800","98,700","98,800","98,800","98,500","98,683",0,0.00,0.01,1.44,0.00,0.00,0.01,1.44,"70,028.83"
1358,16/03/2021,MCH,"98,500","98,000","98,900","99,000","98,000","98,754",400,0.41,0.03,3.30,0.00,0.00,0.03,3.30,"70,099.71"
1359,15/03/2021,MCH,"98,100","98,000","98,500","99,000","97,000","98,470",400,0.41,0.02,2.45,0.00,0.01,0.02,2.46,"69,816.19"
1360,12/03/2021,MCH,"97,400","97,400","98,100","99,000","97,400","98,087",700,0.72,0.04,4.35,0.00,0.00,0.04,4.35,"69,532.67"
1361,11/03/2021,MCH,"97,600","97,600","97,200","97,700","97,200","97,362",-400,-0.41,0.03,2.86,0.00,0.00,0.03,2.86,"68,894.76"
1362,10/03/2021,MCH,"97,800","97,400","97,600","97,900","97,400","97,596",-200,-0.20,0.02,1.56,0.00,0.00,0.02,1.56,"69,178.28"
1363,09/03/2021,MCH,"98,800","98,000","98,000","98,500","97,300","97,811",-800,-0.81,0.08,7.37,0.00,0.00,0.08,7.37,"69,461.79"
1364,08/03/2021,MCH,"94,600","96,000","98,000","104,000","96,000","98,764","3,400",3.59,0.06,5.84,0.00,0.00,0.06,5.84,"69,461.79"
1365,05/03/2021,MCH,"94,900","98,000","94,700","98,000","94,000","94,631",-200,-0.21,0.05,4.65,0.00,0.00,0.05,4.65,"67,122.77"
1366,04/03/2021,MCH,"96,000","95,200","94,900","95,200","94,700","94,904","-1,100",-1.15,0.02,2.17,0.00,0.00,0.02,2.17,"67,264.53"
1367,03/03/2021,MCH,"94,700","95,000","95,800","105,000","95,000","95,994","1,100",1.16,0.02,2.24,0.00,0.00,0.02,2.24,"67,902.45"
1368,02/03/2021,MCH,"95,200","95,100","94,000","95,100","94,000","94,700","-1,200",-1.26,0.03,2.37,0.00,0.00,0.03,2.37,"66,626.62"
1369,01/03/2021,MCH,"94,600","94,600","95,200","95,400","94,600","95,208",600,0.63,0.02,1.56,0.00,0.00,0.02,1.56,"67,477.17"
1370,26/02/2021,MCH,"94,800","94,800","94,700","94,800","94,500","94,639",-100,-0.11,0.02,1.85,0.00,0.00,0.02,1.85,"67,122.77"
1371,25/02/2021,MCH,"94,600","96,000","94,700","96,000","94,500","94,750",100,0.11,0.02,1.70,0.00,0.00,0.02,1.70,"67,122.77"
1372,24/02/2021,MCH,"94,900","95,000","94,600","95,000","94,200","94,559",-300,-0.32,0.02,2.33,0.00,0.00,0.02,2.33,"67,051.90"
1373,23/02/2021,MCH,"95,000","95,000","94,400","95,200","94,400","94,854",-600,-0.63,0.02,2.15,0.00,0.00,0.02,2.15,"66,910.14"
1374,22/02/2021,MCH,"95,000","95,000","95,000","95,500","94,500","95,021",0,0.00,0.02,1.50,0.00,0.00,0.02,1.50,"67,335.41"
1375,19/02/2021,MCH,"95,100","95,000","95,000","95,400","94,800","95,026",-100,-0.11,0.02,1.98,0.00,0.00,0.02,1.98,"67,335.41"
1376,18/02/2021,MCH,"94,100","94,500","95,000","95,900","94,500","95,074",900,0.96,0.03,2.68,0.00,0.00,0.03,2.68,"67,335.41"
1377,17/02/2021,MCH,"93,400","93,400","94,400","94,400","93,200","94,066","1,000",1.07,0.02,1.46,0.00,0.00,0.02,1.46,"66,910.14"
1378,09/02/2021,MCH,"93,100","93,000","93,000","93,800","93,000","93,367",-100,-0.11,0.02,1.72,0.00,0.00,0.02,1.72,"65,917.83"
1379,08/02/2021,MCH,"93,200","94,900","93,000","94,900","92,000","93,055",-200,-0.21,0.06,5.19,0.00,0.00,0.06,5.19,"65,917.83"
1380,05/02/2021,MCH,"93,900","93,500","93,200","93,500","92,900","93,242",-700,-0.75,0.02,2.01,0.00,0.00,0.02,2.01,"66,059.58"
1381,04/02/2021,MCH,"92,900","94,000","92,900","94,200","92,900","93,906",0,0.00,0.02,1.80,0.00,0.00,0.02,1.81,"65,846.95"
1382,03/02/2021,MCH,"92,100","93,000","93,500","94,000","92,500","92,882","1,400",1.52,0.02,2.21,0.00,0.00,0.02,2.21,"66,272.22"
1383,02/02/2021,MCH,"91,800","91,800","92,500","92,900","88,800","92,136",700,0.76,0.02,1.48,0.00,0.00,0.02,1.48,"65,563.43"
1384,01/02/2021,MCH,"90,900","95,000","91,500","95,000","90,100","91,768",600,0.66,0.03,2.94,0.00,0.00,0.03,2.94,"64,854.63"
1385,29/01/2021,MCH,"88,800","87,900","93,400","93,400","87,900","90,900","4,600",5.18,0.02,1.79,0.00,0.00,0.02,1.79,"66,201.34"
1386,28/01/2021,MCH,"93,200","90,500","87,900","90,600","87,900","88,829","-5,300",-5.69,0.08,6.97,0.00,0.00,0.08,6.97,"62,302.98"
1387,27/01/2021,MCH,"94,400","94,400","92,500","94,400","92,500","93,237","-1,900",-2.01,0.03,2.90,0.00,0.00,0.03,2.90,"65,563.43"
1388,26/01/2021,MCH,"96,000","95,000","95,000","95,500","93,000","94,374","-1,000",-1.04,0.04,3.71,0.00,0.00,0.04,3.71,"67,335.41"
1389,25/01/2021,MCH,"95,700","97,000","95,900","97,000","95,000","95,959",200,0.21,0.02,2.16,0.00,0.00,0.02,2.16,"67,973.33"
1390,22/01/2021,MCH,"96,400","96,300","96,500","97,400","94,000","95,702",100,0.10,0.04,3.48,0.00,0.00,0.04,3.48,"68,398.60"
1391,21/01/2021,MCH,"93,800","98,000","97,000","98,000","94,800","96,360","3,200",3.41,0.03,2.42,0.00,0.00,0.03,2.42,"68,753.00"
1392,20/01/2021,MCH,"94,300","94,300","94,300","94,500","93,000","93,766",0,0.00,0.03,2.37,0.00,0.00,0.03,2.37,"66,839.26"
1393,19/01/2021,MCH,"98,000","98,000","93,500","98,000","85,000","94,300","-4,500",-4.59,0.03,3.06,0.00,0.00,0.03,3.06,"66,272.22"
1394,18/01/2021,MCH,"98,400","98,400","98,000","98,500","97,200","98,029",-400,-0.41,0.04,3.87,0.00,0.00,0.04,3.87,"69,461.79"
1395,15/01/2021,MCH,"99,300","99,000","98,000","99,300","97,100","98,447","-1,300",-1.31,0.03,3.44,0.00,0.00,0.03,3.44,"69,461.79"
1396,14/01/2021,MCH,"99,400","99,500","99,000","99,500","99,000","99,252",-400,-0.40,0.03,3.29,0.00,0.00,0.03,3.29,"70,170.59"
1397,13/01/2021,MCH,"99,200","99,000","99,400","100,000","99,000","99,449",200,0.20,0.06,6.36,0.00,0.00,0.06,6.36,"70,454.11"
1398,12/01/2021,MCH,"98,500","99,500","99,000","99,500","98,800","99,200",500,0.51,0.05,4.47,0.00,0.00,0.05,4.47,"70,170.59"
1399,11/01/2021,MCH,"95,600","97,000","99,100","99,500","97,000","98,546","3,500",3.66,0.08,7.77,0.00,0.00,0.08,7.77,"70,241.47"
1400,08/01/2021,MCH,"94,300","94,000","97,000","97,400","94,000","95,556","2,700",2.86,0.17,15.81,0.00,0.00,0.17,15.81,"68,753.00"
1401,07/01/2021,MCH,"93,300","93,400","93,500","95,000","93,400","94,251",200,0.21,0.01,0.82,0.00,0.00,0.01,0.82,"66,272.22"
1402,06/01/2021,MCH,"95,000","94,000","94,500","95,000","92,900","93,265",-500,-0.53,0.06,5.22,0.00,0.00,0.06,5.22,"66,981.02"
1403,05/01/2021,MCH,"94,600","94,500","94,000","95,000","94,000","94,961",-600,-0.63,0.06,5.81,0.00,0.00,0.06,5.81,"66,626.62"
1404,04/01/2021,MCH,"92,600","94,500","94,500","95,000","94,300","94,616","1,900",2.05,0.02,1.80,0.00,0.00,0.02,1.80,"66,981.02"
1405,31/12/2020,MCH,"92,000","92,500","93,000","93,200","92,000","92,561","1,000",1.09,0.07,6.49,0.00,0.00,0.07,6.49,"65,917.83"
1406,30/12/2020,MCH,"91,800","92,000","91,500","92,800","91,500","92,000",-300,-0.33,0.02,2.20,0.00,0.00,0.02,2.20,"64,854.63"
1407,29/12/2020,MCH,"91,900","92,000","92,000","92,000","91,200","91,799",100,0.11,0.03,3.19,0.00,0.00,0.03,3.19,"65,209.03"
1408,28/12/2020,MCH,"91,600","91,400","91,500","93,400","91,400","91,908",-100,-0.11,0.06,5.74,0.00,0.00,0.06,5.74,"64,854.63"
1409,25/12/2020,MCH,"91,600","91,600","91,400","92,000","91,400","91,585",-200,-0.22,0.01,0.78,0.00,0.00,0.01,0.78,"64,783.75"
1410,24/12/2020,MCH,"91,700","92,900","92,000","92,900","91,100","91,640",300,0.33,0.01,1.20,0.00,0.00,0.01,1.20,"65,209.03"
1411,23/12/2020,MCH,"91,800","91,500","91,500","91,800","91,500","91,694",-300,-0.33,0.03,2.81,0.00,0.00,0.03,2.81,"64,854.63"
1412,22/12/2020,MCH,"91,800","91,800","92,000","92,000","91,100","91,751",200,0.22,0.06,5.33,0.00,0.00,0.06,5.33,"65,209.03"
1413,21/12/2020,MCH,"91,900","93,000","91,400","93,000","91,000","91,820",-500,-0.54,0.02,1.61,0.00,0.00,0.02,1.61,"64,783.75"
1414,18/12/2020,MCH,"92,400","93,500","91,800","93,500","91,000","91,900",-600,-0.65,0.07,6.32,0.00,0.00,0.07,6.32,"65,067.27"
1415,17/12/2020,MCH,"92,800","92,000","92,800","92,800","91,100","92,436",0,0.00,0.05,4.46,0.00,0.00,0.05,4.46,"65,776.07"
1416,16/12/2020,MCH,"93,200","92,800","93,000","93,200","92,000","92,798",-200,-0.21,0.03,2.35,0.06,4.96,0.09,7.31,"65,917.83"
1417,15/12/2020,MCH,"93,400","93,500","93,100","93,500","93,000","93,189",-300,-0.32,0.04,3.33,0.00,0.00,0.04,3.33,"65,988.70"
1418,14/12/2020,MCH,"93,500","93,700","93,300","94,000","93,000","93,383",-200,-0.21,0.02,2.06,0.00,0.00,0.02,2.06,"66,130.46"
1419,11/12/2020,MCH,"93,700","93,700","93,300","93,700","93,200","93,490",-400,-0.43,0.02,1.91,0.00,0.00,0.02,1.91,"66,130.46"
1420,10/12/2020,MCH,"94,000","94,000","93,500","94,000","93,500","93,733",-500,-0.53,0.05,4.35,0.00,0.00,0.05,4.35,"66,272.22"
1421,09/12/2020,MCH,"93,900","93,900","94,100","94,300","93,900","93,999",200,0.21,0.10,9.38,0.00,0.32,0.10,9.70,"66,697.50"
1422,08/12/2020,MCH,"93,700","93,700","93,800","94,000","93,500","93,907",100,0.11,0.05,4.50,0.00,0.00,0.05,4.50,"66,484.86"
1423,07/12/2020,MCH,"93,400","93,100","93,500","94,000","93,100","93,702",100,0.11,0.03,3.07,0.00,0.00,0.03,3.07,"66,272.22"
1424,04/12/2020,MCH,"93,000","93,000","94,000","94,000","93,000","93,420","1,000",1.08,0.05,4.91,0.00,0.00,0.05,4.91,"66,626.62"
1425,03/12/2020,MCH,"93,000","93,000","93,000","93,200","93,000","93,009",0,0.00,0.05,5.05,0.00,0.00,0.05,5.05,"65,917.83"
1426,02/12/2020,MCH,"91,800","93,000","93,200","93,200","92,600","92,971","1,400",1.53,0.10,9.18,0.00,0.00,0.10,9.18,"66,059.58"
1427,01/12/2020,MCH,"91,400","90,000","92,500","93,000","90,000","91,775","1,100",1.20,0.10,9.63,0.00,0.00,0.10,9.63,"65,563.43"
1428,30/11/2020,MCH,"93,700","93,500","91,100","93,500","90,600","91,390","-2,600",-2.77,0.10,9.31,0.00,0.00,0.10,9.31,"64,571.12"
1429,27/11/2020,MCH,"91,700","92,500","93,500","94,500","92,500","93,690","1,800",1.96,0.16,14.94,0.00,0.00,0.16,14.94,"66,272.22"
1430,26/11/2020,MCH,"89,700","90,000","92,100","92,300","89,700","91,689","2,400",2.68,0.11,10.20,0.00,0.00,0.11,10.20,"65,279.91"
1431,25/11/2020,MCH,"89,200","90,100","90,000","90,100","89,000","89,743",800,0.90,0.06,5.37,0.00,0.00,0.06,5.37,"63,791.44"
1432,24/11/2020,MCH,"88,600","88,800","90,000","90,100","88,500","89,198","1,400",1.58,0.11,9.77,0.00,0.00,0.11,9.77,"63,791.44"
1433,23/11/2020,MCH,"88,900","88,500","88,900","89,000","87,000","88,600",0,0.00,0.09,8.06,0.00,0.00,0.09,8.06,"63,011.77"
1434,20/11/2020,MCH,"86,400","86,100","88,900","89,400","86,000","88,900","2,500",2.89,0.09,8.41,0.00,0.00,0.09,8.41,"63,011.77"
1435,19/11/2020,MCH,"84,300","84,900","87,400","88,000","84,000","86,405","3,100",3.68,0.12,10.63,0.00,0.00,0.12,10.63,"61,948.58"
1436,18/11/2020,MCH,"80,600","81,300","85,000","85,500","81,000","84,286","4,400",5.46,0.19,16.14,0.00,0.00,0.19,16.14,"60,247.47"
1437,17/11/2020,MCH,"79,300","78,800","81,500","81,900","78,800","80,569","2,200",2.77,0.17,14.05,0.00,0.00,0.17,14.05,"57,766.70"
1438,16/11/2020,MCH,"79,700","79,700","79,200","80,000","78,500","79,268",-500,-0.63,0.06,4.40,0.00,0.00,0.06,4.40,"56,136.47"
1439,13/11/2020,MCH,"80,100","80,500","79,500","80,500","79,100","79,696",-600,-0.75,0.04,2.93,0.00,0.00,0.04,2.93,"56,349.11"
1440,12/11/2020,MCH,"80,400","80,400","80,200","80,500","79,500","80,137",-200,-0.25,0.04,3.47,0.00,0.07,0.04,3.54,"56,845.26"
1441,11/11/2020,MCH,"80,100","78,000","80,300","81,000","78,000","80,396",200,0.25,0.06,4.73,0.00,0.00,0.06,4.73,"56,916.14"
1442,10/11/2020,MCH,"77,700","78,900","80,200","81,000","78,900","80,113","2,500",3.22,0.12,9.94,0.00,0.00,0.12,9.94,"56,845.26"
1443,09/11/2020,MCH,"76,100","76,000","78,900","79,000","76,000","77,500","2,800",3.68,0.13,10.30,0.00,0.12,0.13,10.41,"55,923.83"
1444,06/11/2020,MCH,"75,400","75,500","76,300","76,400","75,400","76,108",900,1.19,0.08,5.77,0.00,0.00,0.08,5.77,"54,080.97"
1445,05/11/2020,MCH,"75,000","75,400","75,400","75,600","75,000","75,374",400,0.53,0.04,3.22,0.00,0.00,0.04,3.22,"53,443.05"
1446,04/11/2020,MCH,"74,000","74,300","75,400","76,000","73,900","75,047","1,400",1.89,0.10,7.40,0.00,0.00,0.10,7.40,"53,443.05"
1447,03/11/2020,MCH,"74,100","74,200","74,000","74,500","73,800","74,018",-100,-0.13,0.04,2.73,0.00,0.00,0.04,2.73,"52,450.74"
1448,02/11/2020,MCH,"73,100","72,900","73,800","75,000","72,900","74,090",700,0.96,0.08,5.60,0.00,0.00,0.08,5.60,"52,308.98"
1449,30/10/2020,MCH,"72,400","73,000","73,000","73,500","72,500","73,098",600,0.83,0.05,3.34,0.00,0.00,0.05,3.34,"51,741.95"
1450,29/10/2020,MCH,"72,600","72,000","72,200","72,600","72,000","72,352",-400,-0.55,0.09,6.46,0.00,0.00,0.09,6.46,"51,174.91"
1451,28/10/2020,MCH,"77,200","76,900","72,500","77,200","70,000","72,608","-4,700",-6.09,0.17,12.01,0.00,0.00,0.17,12.01,"51,387.55"
1452,27/10/2020,MCH,"77,800","77,900","76,500","77,900","76,100","77,154","-1,300",-1.67,0.03,1.98,0.00,0.00,0.03,1.98,"54,222.73"
1453,26/10/2020,MCH,"77,500","77,900","77,900","78,000","77,500","77,803",400,0.52,0.02,1.40,0.00,0.00,0.02,1.40,"55,215.04"
1454,23/10/2020,MCH,"77,300","77,500","78,000","78,000","77,000","77,460",700,0.91,0.05,3.52,0.00,0.00,0.05,3.52,"55,285.92"
1455,22/10/2020,MCH,"77,500","77,500","77,500","77,500","77,100","77,301",0,0.00,0.01,1.14,0.00,0.00,0.01,1.14,"54,931.52"
1456,21/10/2020,MCH,"76,300","77,400","77,000","78,500","77,000","77,457",700,0.92,0.03,2.20,0.00,0.00,0.03,2.20,"54,577.12"
1457,20/10/2020,MCH,"78,000","76,100","77,000","77,000","75,800","76,333","-1,000",-1.28,0.01,0.70,0.00,0.00,0.01,0.70,"54,577.12"
1458,19/10/2020,MCH,"77,000","77,900","77,500","78,200","77,500","78,006",500,0.65,0.02,1.34,0.00,0.00,0.02,1.34,"54,931.52"
1459,16/10/2020,MCH,"76,700","76,000","77,000","77,400","76,000","76,986",300,0.39,0.12,9.20,0.00,0.00,0.12,9.20,"54,577.12"
1460,15/10/2020,MCH,"76,500","76,500","76,400","77,500","75,900","76,685",-100,-0.13,0.07,5.46,0.00,0.00,0.07,5.46,"54,151.85"
1461,14/10/2020,MCH,"76,200","76,200","76,400","78,000","75,000","76,532",200,0.26,0.04,3.30,0.00,0.00,0.04,3.30,"54,151.85"
1462,13/10/2020,MCH,"75,900","76,000","76,000","76,400","75,500","76,180",100,0.13,0.06,4.52,0.00,0.00,0.06,4.52,"53,868.33"
1463,12/10/2020,MCH,"75,000","75,000","76,000","77,000","75,000","75,919","1,000",1.33,0.04,2.95,0.00,0.00,0.04,2.95,"53,868.33"
1464,09/10/2020,MCH,"74,500","74,500","75,000","76,500","74,100","75,012",500,0.67,0.10,7.85,0.00,0.00,0.10,7.85,"53,159.54"
1465,08/10/2020,MCH,"74,500","74,000","74,000","74,500","74,000","74,483",-500,-0.67,0.13,9.81,0.00,0.00,0.13,9.81,"52,450.74"
1466,07/10/2020,MCH,"74,400","74,500","74,500","74,600","74,000","74,479",100,0.13,0.13,9.82,0.00,0.00,0.13,9.82,"52,805.14"
1467,06/10/2020,MCH,"73,800","74,000","74,500","74,500","73,300","74,400",700,0.95,0.11,8.52,0.00,0.00,0.11,8.52,"52,805.14"
1468,05/10/2020,MCH,"72,800","72,900","74,000","74,700","72,900","73,800","1,200",1.65,0.08,6.25,0.00,0.00,0.08,6.25,"52,450.74"
1469,02/10/2020,MCH,"73,400","73,300","72,400","73,300","72,300","72,793","-1,000",-1.36,0.03,2.39,0.00,0.00,0.03,2.39,"51,316.67"
1470,01/10/2020,MCH,"73,900","73,900","73,500","73,900","73,000","73,374",-400,-0.54,0.04,2.85,0.00,0.00,0.04,2.85,"52,096.35"
1471,30/09/2020,MCH,"74,000","73,900","73,900","73,900","73,800","73,850",-100,-0.14,0.00,0.16,0.00,0.00,0.00,0.16,"52,379.86"
1472,29/09/2020,MCH,"73,800","73,800","74,000","74,100","73,800","73,993",200,0.27,0.04,3.29,0.00,0.00,0.04,3.29,"52,450.74"
1473,28/09/2020,MCH,"73,700","73,600","73,700","74,000","73,600","73,800",0,0.00,0.01,0.61,0.00,0.00,0.01,0.61,"52,238.10"
1474,25/09/2020,MCH,"74,200","73,900","73,600","73,900","73,600","73,693",-600,-0.81,0.01,0.66,0.00,0.00,0.01,0.66,"52,167.23"
1475,24/09/2020,MCH,"74,000","73,900","74,400","74,500","73,800","74,206",400,0.54,0.02,1.69,0.00,0.00,0.02,1.69,"52,734.26"
1476,23/09/2020,MCH,"74,200","74,100","73,900","74,200","73,600","74,014",-300,-0.40,0.03,2.34,0.00,0.00,0.03,2.34,"52,093.93"
1477,22/09/2020,MCH,"74,200","74,100","74,400","74,400","74,000","74,215",200,0.27,0.03,2.29,0.00,0.00,0.03,2.29,"52,446.39"
1478,21/09/2020,MCH,"74,300","74,900","74,200","74,900","74,200","74,233",-100,-0.13,0.03,2.59,0.00,0.00,0.03,2.59,"52,305.41"
1479,18/09/2020,MCH,"74,800","74,400","74,800","74,900","74,200","74,339",0,0.00,0.03,2.30,0.00,0.00,0.03,2.30,"52,728.36"
1480,17/09/2020,MCH,"74,900","74,900","74,400","75,000","74,400","74,766",-500,-0.67,0.03,1.90,0.00,0.00,0.03,1.90,"52,446.39"
1481,16/09/2020,MCH,"75,000","74,800","74,900","75,000","74,500","74,887",-100,-0.13,0.01,0.51,0.00,0.00,0.01,0.51,"52,798.85"
1482,15/09/2020,MCH,"74,500","75,000","74,500","75,000","74,500","75,000",0,0.00,0.05,3.85,0.00,0.00,0.05,3.85,"52,516.88"
1483,14/09/2020,MCH,"74,200","74,100","74,000","75,500","74,000","74,499",-200,-0.27,0.05,3.92,0.45,31.81,0.51,35.73,"52,164.42"
1484,11/09/2020,MCH,"74,400","74,500","74,100","74,500","74,000","74,230",-300,-0.40,0.01,0.98,0.50,34.98,0.51,35.96,"52,234.91"
1485,10/09/2020,MCH,"74,700","74,500","75,000","75,000","74,000","74,407",300,0.40,0.02,1.68,0.00,0.00,0.02,1.68,"52,869.35"
1486,09/09/2020,MCH,"73,500","72,500","75,500","76,000","72,500","74,739","2,000",2.72,0.03,2.39,0.02,1.52,0.05,3.91,"53,221.81"
1487,08/09/2020,MCH,"74,300","74,300","73,600","74,300","73,100","73,494",-700,-0.94,0.07,5.08,0.11,7.74,0.18,12.82,"51,882.45"
1488,07/09/2020,MCH,"75,100","75,100","73,900","76,000","72,900","74,272","-1,200",-1.60,0.06,4.24,0.00,0.00,0.06,4.24,"52,093.93"
1489,04/09/2020,MCH,"74,600","74,000","75,000","75,500","73,600","75,051",400,0.54,0.03,2.28,0.00,0.00,0.03,2.28,"52,869.35"
1490,03/09/2020,MCH,"73,800","73,700","75,000","75,000","73,700","74,558","1,200",1.63,0.08,5.87,0.00,0.00,0.08,5.87,"52,869.35"
1491,01/09/2020,MCH,"73,500","73,500","74,000","74,500","73,300","73,796",500,0.68,0.05,3.74,0.00,0.00,0.05,3.74,"52,164.42"
1492,31/08/2020,MCH,"73,500","73,300","73,500","74,000","73,200","73,461",0,0.00,0.02,1.56,0.00,0.00,0.02,1.56,"51,811.96"
1493,28/08/2020,MCH,"73,100","73,100","73,400","73,800","73,100","73,537",300,0.41,0.04,3.13,0.00,0.00,0.04,3.13,"51,741.47"
1494,27/08/2020,MCH,"72,100","72,100","73,000","73,500","72,100","73,060",900,1.25,0.08,6.15,0.00,0.00,0.08,6.15,"51,459.50"
1495,26/08/2020,MCH,"72,000","72,000","72,000","72,400","71,800","72,085",0,0.00,0.07,5.32,0.00,0.00,0.07,5.32,"50,754.57"
1496,25/08/2020,MCH,"71,800","72,000","72,000","72,500","71,800","71,980",200,0.28,0.15,10.50,0.00,0.00,0.15,10.50,"50,754.57"
1497,24/08/2020,MCH,"71,700","73,000","72,000","73,000","71,500","71,841",300,0.42,0.10,6.88,0.00,0.00,0.10,6.88,"50,754.57"
1498,21/08/2020,MCH,"71,400","71,300","72,000","73,000","71,300","71,731",600,0.84,0.06,4.16,0.00,0.00,0.06,4.16,"50,754.57"
1499,20/08/2020,MCH,"71,300","71,400","71,300","71,600","71,200","71,399",0,0.00,0.03,2.47,0.00,0.00,0.03,2.47,"50,261.12"
1500,19/08/2020,MCH,"71,200","71,200","71,400","71,500","71,200","71,323",200,0.28,0.02,1.12,0.00,0.00,0.02,1.12,"50,331.62"
1501,18/08/2020,MCH,"71,200","71,100","71,200","71,500","71,000","71,192",0,0.00,0.05,3.80,0.00,0.00,0.05,3.80,"50,190.63"
1502,17/08/2020,MCH,"71,400","71,300","71,100","71,300","70,700","71,162",-300,-0.42,0.05,3.41,0.00,0.00,0.05,3.41,"50,120.14"
1503,14/08/2020,MCH,"71,600","71,900","71,300","71,900","71,000","71,355",-300,-0.42,0.05,3.34,0.00,0.00,0.05,3.34,"50,261.12"
1504,13/08/2020,MCH,"71,300","71,300","71,900","72,000","71,300","71,601",600,0.84,0.04,2.79,0.00,0.00,0.04,2.79,"50,684.08"
1505,12/08/2020,MCH,"71,400","71,300","71,300","71,500","71,100","71,278",-100,-0.14,0.05,3.21,0.00,0.00,0.05,3.21,"50,261.12"
1506,11/08/2020,MCH,"71,900","71,900","71,500","71,900","71,000","71,431",-400,-0.56,0.08,5.72,0.00,0.00,0.08,5.72,"50,402.11"
1507,10/08/2020,MCH,"71,100","75,300","71,900","75,300","71,300","71,927",800,1.13,0.07,4.69,0.00,0.00,0.07,4.69,"50,684.08"
1508,07/08/2020,MCH,"76,500","76,200","75,300","76,200","75,300","75,605","-1,200",-1.57,0.14,10.73,0.00,0.00,0.14,10.73,"53,080.82"
1509,06/08/2020,MCH,"76,400","76,400","76,300","77,000","76,200","76,511",-100,-0.13,0.13,10.14,0.00,0.00,0.13,10.14,"53,785.75"
1510,05/08/2020,MCH,"74,500","75,000","76,300","77,100","75,000","76,364","1,800",2.42,0.15,11.80,0.00,0.00,0.15,11.80,"53,785.75"
1511,04/08/2020,MCH,"73,400","73,700","75,500","75,500","73,400","74,519","2,100",2.86,0.28,20.67,0.00,0.00,0.28,20.67,"53,221.81"
1512,03/08/2020,MCH,"73,700","73,700","73,400","75,000","72,500","73,360",-300,-0.41,0.07,4.85,0.40,30.00,0.47,34.85,"51,741.47"
1513,31/07/2020,MCH,"73,900","74,500","73,700","75,000","73,200","73,655",-200,-0.27,0.06,4.25,0.00,0.00,0.06,4.25,"51,952.94"
1514,30/07/2020,MCH,"71,400","71,400","73,500","77,000","71,400","73,875","2,100",2.94,0.07,5.05,0.00,0.00,0.07,5.05,"51,811.96"
1515,29/07/2020,MCH,"70,800","71,000","71,500","71,900","71,000","71,411",700,0.99,0.07,4.78,0.40,28.60,0.47,33.38,"50,402.11"
1516,28/07/2020,MCH,"70,100","70,100","71,000","71,200","70,000","70,782",900,1.28,0.06,4.29,0.00,0.00,0.06,4.29,"50,049.65"
1517,27/07/2020,MCH,"71,300","69,000","69,800","71,200","69,000","70,059","-1,500",-2.10,0.09,6.63,0.00,0.00,0.09,6.63,"49,203.74"
1518,24/07/2020,MCH,"71,700","71,000","71,700","71,700","70,000","71,294",0,0.00,0.13,9.31,0.00,0.00,0.13,9.31,"50,543.09"
1519,23/07/2020,MCH,"72,000","71,500","71,300","71,800","71,300","71,663",-700,-0.97,0.01,0.83,0.00,0.00,0.01,0.83,"50,261.12"
1520,22/07/2020,MCH,"72,000","72,000","72,000","72,000","71,900","72,000",0,0.00,0.03,2.02,0.00,0.00,0.03,2.02,"50,754.57"
1521,21/07/2020,MCH,"71,700","71,900","72,000","72,000","71,900","71,971",300,0.42,0.01,0.92,0.00,0.00,0.01,0.92,"50,754.57"
1522,20/07/2020,MCH,"72,000","72,000","71,400","72,000","71,400","71,710",-600,-0.83,0.01,0.97,0.00,0.00,0.01,0.97,"50,331.62"
1523,17/07/2020,MCH,"71,900","72,000","72,000","72,000","71,600","71,997",100,0.14,0.02,1.13,0.00,0.00,0.02,1.13,"50,754.57"
1524,16/07/2020,MCH,"71,900","71,400","72,000","72,000","71,400","71,940",100,0.14,0.03,1.94,0.00,0.00,0.03,1.94,"50,754.57"
1525,15/07/2020,MCH,"71,900","71,900","71,900","72,000","71,500","71,859",0,0.00,0.02,1.40,0.00,0.00,0.02,1.40,"50,684.08"
1526,14/07/2020,MCH,"71,900","71,800","71,900","71,900","71,800","71,899",0,0.00,0.04,3.01,0.00,0.00,0.04,3.01,"50,684.08"
1527,13/07/2020,MCH,"72,000","72,000","71,900","72,000","71,500","71,905",-100,-0.14,0.02,1.33,0.00,0.00,0.02,1.33,"50,684.08"
1528,10/07/2020,MCH,"71,900","71,500","72,000","72,200","71,200","71,996",100,0.14,0.05,3.76,0.00,0.00,0.05,3.76,"50,754.57"
1529,09/07/2020,MCH,"71,600","72,000","71,900","72,000","71,800","71,949",300,0.42,0.02,1.70,0.00,0.00,0.02,1.70,"50,684.08"
1530,08/07/2020,MCH,"71,700","72,000","71,900","72,000","69,300","71,571",200,0.28,0.02,1.63,0.00,0.00,0.02,1.63,"50,684.08"
1531,07/07/2020,MCH,"70,600","70,300","72,000","72,000","70,300","71,676","1,400",1.98,0.06,4.47,0.00,0.00,0.06,4.47,"50,754.57"
1532,06/07/2020,MCH,"69,900","69,100","71,000","71,100","69,100","70,608","1,100",1.57,0.03,2.41,0.00,0.00,0.03,2.41,"50,049.65"
1533,03/07/2020,MCH,"69,900","70,000","69,900","70,300","69,000","69,877",0,0.00,0.01,0.78,0.00,0.00,0.01,0.78,"49,274.23"
1534,02/07/2020,MCH,"70,000","70,000","70,000","70,500","69,000","69,888",0,0.00,0.02,1.69,0.00,0.00,0.02,1.69,"49,344.72"
1535,01/07/2020,MCH,"69,700","69,900","70,000","70,300","69,700","69,979",300,0.43,0.02,1.38,0.00,0.00,0.02,1.38,"49,344.72"
1536,30/06/2020,MCH,"70,200","70,500","69,300","70,500","69,000","69,676",-900,-1.28,0.02,1.20,0.00,0.00,0.02,1.20,"48,851.28"
1537,29/06/2020,MCH,"71,100","71,100","70,400","71,100","69,500","70,215",-700,-0.98,0.00,0.28,0.00,0.00,0.00,0.28,"49,626.69"
1538,26/06/2020,MCH,"71,500","71,500","71,000","71,700","71,000","71,093",-500,-0.70,0.02,1.43,0.00,0.00,0.02,1.43,"50,049.65"
1539,25/06/2020,MCH,"71,900","72,000","71,800","72,000","70,000","71,524",-100,-0.14,0.02,1.73,0.00,0.00,0.02,1.73,"50,613.59"
1540,24/06/2020,MCH,"70,100","72,000","72,100","72,200","71,000","71,929","2,000",2.85,0.11,8.08,0.00,0.00,0.11,8.08,"50,825.06"
1541,23/06/2020,MCH,"69,900","70,500","70,400","70,600","70,000","70,133",500,0.72,0.03,1.85,0.00,0.00,0.03,1.85,"49,626.69"
1542,22/06/2020,MCH,"69,200","69,200","70,000","70,100","69,200","69,877",800,1.16,0.02,1.57,0.00,0.00,0.02,1.57,"49,344.72"
1543,19/06/2020,MCH,"68,400","68,500","69,000","69,700","68,500","69,197",600,0.88,0.03,1.89,0.00,0.00,0.03,1.89,"48,639.80"
1544,18/06/2020,MCH,"69,200","68,500","69,000","69,900","67,200","68,354",-200,-0.29,0.03,2.30,0.00,0.00,0.03,2.30,"48,639.80"
1545,17/06/2020,MCH,"69,700","69,700","69,800","70,900","69,000","69,235",100,0.14,0.01,0.90,0.00,0.00,0.01,0.90,"49,203.74"
1546,16/06/2020,MCH,"70,000","70,100","71,000","71,500","68,500","69,745","1,000",1.43,0.03,1.83,0.00,0.00,0.03,1.83,"50,049.65"
1547,15/06/2020,MCH,"69,800","69,800","69,000","71,000","69,000","69,964",164,0.23,0.00,0.34,0.00,0.00,0.00,0.34,"48,639.80"
1548,12/06/2020,MCH,"71,600","70,000","71,500","71,000","69,000","69,818",-100,-0.14,0.02,1.34,0.00,0.00,0.02,1.34,"50,402.11"
1549,11/06/2020,MCH,"72,000","72,000","71,600","72,200","71,000","71,636",-400,-0.56,0.06,4.63,0.00,0.00,0.06,4.63,"50,472.60"
1550,10/06/2020,MCH,"72,000","72,000","72,100","72,200","72,000","72,008",100,0.14,0.04,2.68,0.00,0.00,0.04,2.68,"50,825.06"
1551,09/06/2020,MCH,"72,200","72,100","72,000","72,200","71,300","71,994",-200,-0.28,0.02,1.71,0.00,0.00,0.02,1.71,"50,754.57"
1552,08/06/2020,MCH,"72,000","72,000","72,100","72,900","71,900","72,171",100,0.14,0.02,1.73,0.00,0.00,0.02,1.73,"50,825.06"
1553,05/06/2020,MCH,"72,000","71,900","72,000","72,500","71,900","72,019",0,0.00,0.03,1.86,0.00,0.00,0.03,1.86,"50,754.57"
1554,04/06/2020,MCH,"72,000","72,000","72,000","72,000","66,600","71,954",0,0.00,0.02,1.18,0.00,0.01,0.02,1.18,"50,754.57"
1555,03/06/2020,MCH,"72,000","72,000","72,000","72,200","71,900","72,016",0,0.00,0.01,1.07,0.00,0.00,0.01,1.07,"50,754.57"
1556,02/06/2020,MCH,"71,800","71,800","72,500","73,000","71,800","71,993",700,0.97,0.03,2.00,0.00,0.00,0.03,2.00,"51,107.03"
1557,01/06/2020,MCH,"69,500","70,000","72,000","73,000","70,000","71,784","2,500",3.60,0.05,3.87,0.00,0.00,0.05,3.87,"50,754.57"
1558,29/05/2020,MCH,"67,700","67,700","69,900","72,000","67,700","69,535","2,200",3.25,0.04,2.85,0.00,0.00,0.04,2.85,"49,274.23"
1559,28/05/2020,MCH,"67,700","67,700","67,700","68,000","67,500","67,711",0,0.00,0.03,1.86,0.00,0.00,0.03,1.86,"47,723.40"
1560,27/05/2020,MCH,"67,700","67,500","67,700","67,800","67,500","67,713",0,0.00,0.02,1.17,0.00,0.00,0.02,1.17,"47,723.40"
1561,26/05/2020,MCH,"67,800","68,000","67,800","68,000","67,500","67,708",0,0.00,0.04,2.45,0.00,0.00,0.04,2.45,"47,793.89"
1562,25/05/2020,MCH,"67,600","68,200","67,800","68,200","67,200","67,752",200,0.30,0.01,0.39,0.00,0.00,0.01,0.39,"47,793.89"
1563,22/05/2020,MCH,"67,700","67,800","67,400","67,800","67,400","67,607",-300,-0.44,0.01,0.62,0.00,0.00,0.01,0.62,"47,511.92"
1564,21/05/2020,MCH,"67,600","67,900","67,400","68,000","67,400","67,694",94,0.14,0.02,1.17,0.00,0.00,0.02,1.17,"47,511.92"
1565,20/05/2020,MCH,"67,400","67,400","68,000","68,000","67,100","67,572",600,0.89,0.01,0.61,0.00,0.00,0.01,0.61,"47,934.87"
1566,19/05/2020,MCH,"67,500","67,500","67,100","68,000","67,000","67,420",-400,-0.59,0.02,1.67,1.72,116.35,1.75,118.02,"47,300.44"
1567,18/05/2020,MCH,"67,800","67,800","67,500","68,800","67,300","67,526",-300,-0.44,0.01,0.62,0.00,0.00,0.01,0.62,"47,582.41"
1568,15/05/2020,MCH,"67,800","67,800","67,500","67,900","67,500","67,767",-300,-0.44,0.02,1.02,0.00,0.00,0.02,1.02,"47,582.41"
1569,14/05/2020,MCH,"67,100","67,200","68,300","68,500","67,200","67,836","1,200",1.79,0.05,3.43,0.00,0.00,0.05,3.43,"48,146.35"
1570,13/05/2020,MCH,"67,300","67,300","67,200","67,700","66,500","67,097",-100,-0.15,0.01,0.61,0.00,0.00,0.01,0.61,"47,370.93"
1571,12/05/2020,MCH,"67,400","67,400","67,200","67,800","67,200","67,326",-200,-0.30,0.01,0.50,0.00,0.00,0.01,0.50,"47,370.93"
1572,11/05/2020,MCH,"67,800","67,800","67,800","67,900","66,500","67,391",0,0.00,0.02,1.42,0.00,0.00,0.02,1.42,"47,793.89"
1573,08/05/2020,MCH,"67,500","67,600","67,200","68,000","67,200","67,764",264,0.39,0.02,1.59,0.00,0.00,0.02,1.59,"47,370.93"
1574,07/05/2020,MCH,"66,900","67,000","67,800","68,000","56,900","67,471",900,1.35,0.00,0.15,0.00,0.03,0.00,0.18,"47,793.89"
1575,06/05/2020,MCH,"66,400","67,000","67,300","67,300","66,300","66,880",900,1.36,0.02,1.34,0.00,0.00,0.02,1.34,"47,441.43"
1576,05/05/2020,MCH,"67,200","66,500","66,500","66,900","66,200","66,409",-700,-1.04,0.01,0.43,0.00,0.00,0.01,0.43,"46,877.49"
1577,04/05/2020,MCH,"67,400","67,600","67,000","67,600","66,700","67,193",-400,-0.59,0.01,0.39,0.00,0.00,0.01,0.39,"47,229.95"
1578,29/04/2020,MCH,"67,200","68,000","67,500","68,000","67,100","67,419",300,0.45,0.01,0.73,0.00,0.00,0.01,0.73,"47,582.41"
1579,28/04/2020,MCH,"67,100","67,500","67,600","67,600","57,100","67,155",500,0.75,0.01,0.89,0.00,0.06,0.01,0.95,"47,652.90"
1580,27/04/2020,MCH,"67,100","67,800","67,100","67,800","67,000","67,083",0,0.00,0.01,0.63,0.00,0.00,0.01,0.63,"47,300.44"
1581,24/04/2020,MCH,"66,600","67,000","67,500","67,500","66,500","67,063",900,1.35,0.02,1.31,0.00,0.00,0.02,1.31,"47,582.41"
1582,23/04/2020,MCH,"66,000","66,000","67,000","67,000","65,000","66,621","1,000",1.52,0.02,1.01,0.00,0.00,0.02,1.01,"47,229.95"
1583,22/04/2020,MCH,"66,300","65,000","66,800","66,800","64,000","65,985",500,0.75,0.01,0.91,0.00,0.00,0.01,0.91,"47,088.96"
1584,21/04/2020,MCH,"67,900","67,900","66,000","67,900","65,000","66,293","-1,900",-2.80,0.03,1.98,0.00,0.00,0.03,1.98,"46,525.02"
1585,20/04/2020,MCH,"68,400","68,300","68,400","68,400","67,500","67,901",0,0.00,0.03,1.75,0.00,0.00,0.03,1.75,"48,216.84"
1586,17/04/2020,MCH,"66,600","68,000","68,000","69,400","68,000","68,381","1,400",2.10,0.05,3.20,0.00,0.00,0.05,3.20,"47,934.87"
1587,16/04/2020,MCH,"66,500","66,500","66,600","67,000","66,500","66,648",100,0.15,0.01,0.49,0.00,0.00,0.01,0.49,"46,947.98"
1588,15/04/2020,MCH,"65,100","65,600","65,600","68,000","55,400","66,539",500,0.77,0.03,1.71,0.00,0.04,0.03,1.75,"46,243.05"
1589,14/04/2020,MCH,"65,400","65,000","65,500","65,500","65,000","65,145",100,0.15,0.01,0.74,0.00,0.00,0.01,0.74,"46,172.56"
1590,13/04/2020,MCH,"66,300","66,000","65,100","66,000","64,000","65,372","-1,200",-1.81,0.02,1.59,0.00,0.00,0.02,1.59,"45,890.59"
1591,10/04/2020,MCH,"68,100","67,000","65,800","67,000","57,900","66,346","-2,300",-3.38,0.03,1.85,0.00,0.06,0.03,1.91,"46,384.04"
1592,09/04/2020,MCH,"68,500","68,500","67,200","70,000","67,200","68,127","-1,300",-1.90,0.04,2.55,0.00,0.04,0.04,2.59,"47,370.93"
1593,08/04/2020,MCH,"69,600","69,800","68,500","69,800","67,000","68,511","-1,100",-1.58,0.04,2.64,0.00,0.00,0.04,2.64,"48,287.34"
1594,07/04/2020,MCH,"67,400","69,000","70,100","70,200","57,300","69,589","2,700",4.01,0.10,6.70,0.00,0.05,0.10,6.75,"49,415.21"
1595,06/04/2020,MCH,"61,900","62,800","69,000","69,000","52,700","67,435","7,100",11.47,0.07,4.53,0.00,0.05,0.07,4.58,"48,639.80"
1596,03/04/2020,MCH,"58,300","59,000","62,700","63,100","49,600","61,948","4,400",7.55,0.04,2.40,0.00,0.03,0.04,2.43,"44,198.77"
1597,01/04/2020,MCH,"56,900","58,000","58,500","58,500","58,000","58,303","1,600",2.81,0.02,1.23,0.00,0.00,0.02,1.23,"41,238.09"
1598,31/03/2020,MCH,"56,200","56,400","57,000","57,000","56,000","56,879",800,1.42,0.01,0.72,0.00,0.00,0.01,0.72,"40,180.70"
1599,30/03/2020,MCH,"57,200","58,000","56,500","58,000","55,900","56,176",-700,-1.22,0.01,0.45,0.00,0.00,0.01,0.45,"39,828.24"
1600,27/03/2020,MCH,"57,000","58,000","57,000","58,000","56,000","57,202",0,0.00,0.02,1.29,0.00,0.00,0.02,1.29,"40,180.70"
1601,26/03/2020,MCH,"57,400","57,300","57,000","57,300","56,900","57,018",-400,-0.70,0.02,1.00,0.00,0.00,0.02,1.00,"40,180.70"
1602,25/03/2020,MCH,"55,000","57,000","57,300","59,000","57,000","57,403","2,300",4.18,0.00,0.22,0.00,0.00,0.00,0.22,"40,392.18"
1603,24/03/2020,MCH,"53,300","53,300","60,000","60,000","53,000","55,047","6,700",12.57,0.03,1.92,0.00,0.00,0.03,1.92,"42,295.48"
1604,23/03/2020,MCH,"56,300","55,100","54,000","55,100","51,000","53,304","-2,300",-4.09,0.03,1.80,0.00,0.00,0.03,1.80,"38,065.93"
1605,20/03/2020,MCH,"57,600","57,600","55,800","66,200","55,800","56,288","-1,800",-3.13,0.02,1.05,1.30,86.06,1.32,87.11,"39,334.79"
1606,19/03/2020,MCH,"58,100","57,900","57,800","57,900","57,600","57,636",-300,-0.52,0.00,0.26,0.00,0.00,0.00,0.26,"40,744.64"
1607,18/03/2020,MCH,"58,600","58,600","56,000","59,000","56,000","58,102","-2,600",-4.44,0.02,1.03,0.00,0.00,0.02,1.03,"39,475.78"
1608,17/03/2020,MCH,"58,100","58,900","59,000","59,000","49,400","58,638",900,1.55,0.01,0.64,0.00,0.23,0.02,0.87,"41,590.55"
1609,16/03/2020,MCH,"56,800","58,000","58,100","58,500","57,000","58,132","1,300",2.29,0.02,1.22,0.00,0.00,0.02,1.22,"40,956.12"
1610,13/03/2020,MCH,"59,800","54,100","58,000","59,000","54,100","56,826","-1,800",-3.01,0.01,0.46,0.00,0.00,0.01,0.46,"40,885.63"
1611,12/03/2020,MCH,"65,300","64,000","57,100","64,000","56,000","59,822","-8,200",-12.56,0.03,1.81,0.00,0.00,0.03,1.81,"40,251.19"
1612,11/03/2020,MCH,"66,400","66,300","65,500","76,300","64,600","65,343",-900,-1.36,0.00,0.20,0.35,26.44,0.35,26.64,"46,172.56"
1613,10/03/2020,MCH,"66,300","66,200","66,200","66,500","66,200","66,355",-100,-0.15,0.01,0.44,0.00,0.00,0.01,0.44,"46,666.01"
1614,09/03/2020,MCH,"67,000","67,000","64,100","67,000","63,500","66,310","-2,900",-4.33,0.03,1.82,0.00,0.00,0.03,1.82,"45,185.67"
1615,06/03/2020,MCH,"67,300","67,000","67,000","67,000","66,700","66,963",-300,-0.45,0.00,0.32,0.00,0.00,0.00,0.32,"47,229.95"
1616,05/03/2020,MCH,"67,000","67,100","67,000","67,500","67,000","67,251",251,0.37,0.02,1.05,0.00,0.00,0.02,1.05,"47,229.95"
1617,04/03/2020,MCH,"67,100","67,000","67,000","77,100","67,000","67,000",-100,-0.15,0.01,0.55,0.65,50.38,0.66,50.93,"47,229.95"
1618,03/03/2020,MCH,"67,200","67,000","67,200","67,200","67,000","67,060",0,0.00,0.01,0.80,0.00,0.00,0.01,0.80,"47,370.93"
1619,02/03/2020,MCH,"67,000","67,000","67,000","67,500","67,000","67,159",0,0.00,0.00,0.15,0.00,0.00,0.00,0.15,"47,229.95"
1620,28/02/2020,MCH,"67,700","67,000","67,000","67,000","67,000","67,000",-700,-1.03,0.01,0.57,0.00,0.00,0.01,0.57,"47,229.95"
1621,27/02/2020,MCH,"67,900","67,200","67,900","67,900","67,200","67,713",0,0.00,0.01,0.59,0.00,0.00,0.01,0.59,"47,864.38"
1622,26/02/2020,MCH,"67,700","68,000","67,900","68,000","67,900","67,949",200,0.30,0.00,0.28,0.00,0.00,0.00,0.28,"47,864.38"
1623,25/02/2020,MCH,"67,600","62,100","68,300","68,300","62,100","67,677",700,1.04,0.02,1.64,0.00,0.00,0.02,1.64,"48,146.35"
1624,24/02/2020,MCH,"68,000","67,500","67,500","67,900","67,500","67,634",-500,-0.74,0.01,0.58,0.00,0.00,0.01,0.58,"47,582.41"
1625,21/02/2020,MCH,"67,700","68,000","67,800","68,500","67,500","67,958",100,0.15,0.01,0.64,0.00,0.00,0.01,0.64,"47,793.89"
1626,20/02/2020,MCH,"67,300","67,000","67,300","68,000","67,000","67,684",384,0.57,0.01,0.51,0.00,0.00,0.01,0.51,"47,441.43"
1627,19/02/2020,MCH,"67,200","67,000","67,100","68,000","67,000","67,268",-100,-0.15,0.00,0.23,0.00,0.00,0.00,0.23,"47,300.44"
1628,18/02/2020,MCH,"67,200","67,200","67,200","67,200","67,200","67,214",0,0.00,0.00,0.24,0.00,0.00,0.00,0.24,"47,370.93"
1629,17/02/2020,MCH,"67,900","67,000","67,100","67,700","67,000","67,205",-800,-1.18,0.01,0.53,0.00,0.00,0.01,0.53,"47,300.44"
1630,14/02/2020,MCH,"67,900","68,500","67,700","68,500","67,700","67,920",-200,-0.29,0.01,0.62,0.00,0.00,0.01,0.62,"47,723.40"
1631,13/02/2020,MCH,"69,000","69,200","67,600","69,200","67,600","67,931","-1,400",-2.03,0.01,0.83,0.00,0.00,0.01,0.83,"47,652.90"
1632,12/02/2020,MCH,"68,500","69,000","69,000","69,000","60,000","69,000",500,0.73,0.01,0.46,0.00,0.03,0.01,0.50,"48,639.80"
1633,11/02/2020,MCH,"68,100","68,500","68,500","68,800","68,000","68,485",385,0.57,0.00,0.33,0.00,0.00,0.00,0.33,"48,287.34"
1634,10/02/2020,MCH,"69,100","67,200","67,800","68,800","67,200","68,134","-1,300",-1.88,0.01,0.51,0.00,0.00,0.01,0.51,"47,793.89"
1635,07/02/2020,MCH,"67,800","68,500","69,500","69,500","68,300","69,116","1,700",2.51,0.01,0.78,0.00,0.00,0.01,0.78,"48,992.26"
1636,06/02/2020,MCH,"65,800","65,800","68,300","68,500","65,800","67,797","1,997",3.03,0.01,0.42,0.00,0.00,0.01,0.42,"48,146.35"
1637,05/02/2020,MCH,"64,200","65,000","66,000","69,000","64,600","65,761","1,561",2.43,0.04,2.47,0.00,0.00,0.04,2.47,"46,525.02"
1638,04/02/2020,MCH,"64,700","65,000","64,900","65,000","64,000","64,249",200,0.31,0.02,1.38,0.00,0.00,0.02,1.38,"45,749.61"
1639,03/02/2020,MCH,"66,700","66,500","65,000","66,500","63,200","64,723","-1,700",-2.55,0.02,1.16,0.00,0.00,0.02,1.16,"45,820.10"
1640,31/01/2020,MCH,"67,400","67,000","66,500","67,400","66,400","66,698",-900,-1.34,0.01,0.70,0.00,0.00,0.01,0.70,"46,877.49"
1641,30/01/2020,MCH,"67,900","68,000","67,000","68,000","67,000","67,442",-900,-1.33,0.00,0.31,0.00,0.00,0.00,0.31,"47,229.95"
1642,22/01/2020,MCH,"69,500","69,400","68,000","69,400","67,500","67,893","-1,500",-2.16,0.02,1.11,0.00,0.00,0.02,1.11,"47,934.87"
1643,21/01/2020,MCH,"69,500","69,500","69,500","69,500","69,500","69,500",0,0.00,0.00,0.06,0.00,0.00,0.00,0.06,"48,992.26"
1644,20/01/2020,MCH,"69,400","69,900","69,200","70,000","68,900","69,479",79,0.11,0.01,0.70,0.00,0.00,0.01,0.70,"48,780.78"
1645,17/01/2020,MCH,"67,300","69,800","68,900","69,800","67,500","69,414","2,114",3.14,0.00,0.25,0.00,0.00,0.00,0.25,"48,569.31"
1646,16/01/2020,MCH,"67,400","67,400","66,500","67,500","66,500","67,330",-900,-1.34,0.01,0.66,0.00,0.00,0.01,0.66,"46,877.49"
1647,15/01/2020,MCH,"69,900","69,500","66,000","69,500","66,000","67,448","-3,900",-5.58,0.01,0.97,0.00,0.00,0.01,0.97,"46,525.02"
1648,14/01/2020,MCH,"70,100","70,100","69,000","70,100","69,000","69,910","-1,100",-1.57,0.00,0.29,0.00,0.00,0.00,0.29,"48,639.80"
1649,13/01/2020,MCH,"71,000","71,000","69,900","71,000","69,900","70,078","-1,100",-1.55,0.00,0.32,0.00,0.00,0.00,0.32,"49,274.23"
1650,10/01/2020,MCH,"70,700","71,000","71,000","71,000","71,000","71,000",300,0.42,0.00,0.34,0.00,0.00,0.00,0.34,"50,049.65"
1651,09/01/2020,MCH,"71,000","70,000","71,500","71,500","70,000","70,692",500,0.70,0.00,0.19,0.00,0.00,0.00,0.19,"50,402.11"
1652,08/01/2020,MCH,"71,400","71,200","70,000","71,200","71,000","70,964","-1,400",-1.96,0.01,0.49,0.00,0.00,0.01,0.49,"49,344.72"
1653,07/01/2020,MCH,"71,400","71,200","71,400","71,400","71,200","71,381",0,0.00,0.01,0.82,0.00,0.00,0.01,0.82,"50,331.62"
1654,06/01/2020,MCH,"72,100","72,000","71,200","72,000","71,300","71,425",-900,-1.25,0.02,1.25,0.00,0.00,0.02,1.25,"50,190.63"
1655,03/01/2020,MCH,"72,400","72,400","72,000","72,400","71,600","72,066",-400,-0.55,0.01,0.44,0.00,0.00,0.01,0.44,"50,754.57"
1656,02/01/2020,MCH,"72,000","72,500","72,000","72,800","72,500","72,376",800,1.11,0.02,1.67,0.00,0.00,0.02,1.67,"50,754.57"
1657,31/12/2019,MCH,"72,200","72,000","72,000","72,000","71,900","71,973",-200,-0.28,0.00,0.24,0.00,0.00,0.00,0.24,"50,754.57"
1658,30/12/2019,MCH,"73,000","72,900","72,500","72,900","72,900","72,900",-500,-0.68,0.03,2.34,0.00,0.00,0.03,2.34,"51,107.03"
1659,27/12/2019,MCH,"72,000","72,000","72,500","73,300","72,000","73,038","1,038",1.44,0.02,1.39,0.00,0.00,0.02,1.39,"51,107.03"
1660,26/12/2019,MCH,"72,000","72,000","72,000","72,000","72,000","72,000",0,0.00,0.01,0.69,0.00,0.00,0.01,0.69,"50,754.57"
1661,25/12/2019,MCH,"71,900","71,900","71,900","72,000","71,900","71,981",0,0.00,0.01,0.56,0.00,0.00,0.01,0.56,"50,684.08"
1662,24/12/2019,MCH,"71,900","72,000","72,000","72,000","71,500","71,937",100,0.14,0.04,2.62,0.00,0.00,0.04,2.62,"50,754.57"
1663,23/12/2019,MCH,"72,000","71,900","71,500","72,000","71,500","71,906",-500,-0.69,0.01,1.03,0.00,0.00,0.01,1.03,"50,402.11"
1664,20/12/2019,MCH,"72,200","72,000","72,000","72,000","72,000","72,000",-200,-0.28,0.01,0.79,0.00,0.00,0.01,0.79,"50,754.57"
1665,19/12/2019,MCH,"72,400","71,800","72,000","72,500","71,800","72,438",100,0.14,0.00,0.14,0.00,0.00,0.00,0.14,"50,754.57"
1666,18/12/2019,MCH,"72,200","72,500","72,000","73,000","71,800","72,386",-200,-0.28,0.01,0.50,0.00,0.00,0.01,0.50,"50,754.57"
1667,17/12/2019,MCH,"73,700","72,800","72,000","73,000","72,500","72,638","-1,700",-2.31,0.02,1.08,0.00,0.00,0.02,1.08,"50,754.57"
1668,16/12/2019,MCH,"72,100","72,000","73,000","74,000","72,000","73,845","1,900",2.64,0.02,1.35,0.00,0.00,0.02,1.35,"51,459.50"
1669,13/12/2019,MCH,"72,000","72,000","72,000","72,500","72,000","72,074",74,0.10,0.02,1.47,0.00,0.00,0.02,1.47,"50,754.57"
1670,12/12/2019,MCH,"72,700","72,000","72,100","72,500","62,000","72,027",-600,-0.83,0.03,1.97,0.00,0.28,0.03,2.24,"50,825.06"
1671,11/12/2019,MCH,"73,300","72,100","73,100","73,300","72,000","72,702",-200,-0.27,0.01,0.93,0.00,0.00,0.01,0.93,"51,529.99"
1672,10/12/2019,MCH,"75,100","74,000","73,100","75,000","73,000","73,292","-2,000",-2.66,0.01,0.76,0.00,0.00,0.01,0.76,"51,529.99"
1673,09/12/2019,MCH,"76,800","75,600","74,000","76,800","73,500","75,058","-2,800",-3.65,0.05,3.86,0.00,0.00,0.05,3.86,"52,164.42"
1674,06/12/2019,MCH,"79,800","78,900","75,600","79,000","75,600","76,784","-4,200",-5.26,0.02,1.76,0.00,0.00,0.02,1.76,"53,292.30"
1675,05/12/2019,MCH,"85,700","82,000","79,000","82,500","80,000","81,112","-6,700",-7.82,0.03,2.46,0.00,0.01,0.03,2.46,"55,689.04"
1676,04/12/2019,MCH,"79,300","78,000","82,200","90,000","68,000","85,735","6,435",8.11,0.25,21.41,0.00,0.08,0.25,21.49,"57,944.80"
1677,03/12/2019,MCH,"74,400","76,000","77,000","83,800","64,000","79,295","4,895",6.58,0.17,13.20,0.00,0.17,0.17,13.37,"54,279.19"
1678,02/12/2019,MCH,"70,300","70,500","75,500","76,000","60,000",0,"5,200",7.40,0.16,12.20,0.00,0.10,0.17,12.29,"53,221.81"
1679,29/11/2019,MCH,"70,600","69,500","70,600","70,600","69,500","70,297",0,0.00,0.00,0.23,0.00,0.00,0.00,0.23,"49,767.68"
1680,28/11/2019,MCH,"72,000","71,000","70,000","72,000","70,000","70,662","-2,000",-2.78,0.01,0.90,0.00,0.00,0.01,0.90,"49,344.72"
1681,27/11/2019,MCH,"72,000","72,000","71,500","72,000","71,500","71,987",-500,-0.69,0.01,0.54,0.00,0.00,0.01,0.54,"50,402.11"
1682,26/11/2019,MCH,"71,500","71,700","72,000","72,600","71,700","72,031",531,0.74,0.01,0.99,0.00,0.00,0.01,0.99,"50,754.57"
1683,25/11/2019,MCH,"73,800","72,700","73,000","73,100","62,800","71,546",-800,-1.08,0.02,1.69,0.00,0.00,0.02,1.69,"51,459.50"
1684,22/11/2019,MCH,"74,000","74,000","73,000","74,000","63,000","68,193","-1,000",-1.35,0.00,0.16,0.00,0.14,0.00,0.30,"51,459.50"
1685,21/11/2019,MCH,"74,100","74,000","74,000","74,000","74,000","74,000",-100,-0.13,0.01,0.77,0.00,0.00,0.01,0.77,"52,164.42"
1686,20/11/2019,MCH,"73,900","70,500","74,500","74,500","70,500","74,076",600,0.81,0.04,3.08,0.00,0.00,0.04,3.08,"52,516.88"
1687,19/11/2019,MCH,"73,900","73,500","75,000","75,000","68,500","73,915","1,100",1.49,0.05,3.62,0.00,0.00,0.05,3.62,"52,869.35"
1688,18/11/2019,MCH,"74,000","74,000","73,500","74,000","73,500","73,925",-500,-0.68,0.01,0.50,0.00,0.00,0.01,0.50,"51,811.96"
1689,15/11/2019,MCH,"80,000","74,000","74,000","74,000","74,000","74,000","-6,000",-7.50,0.00,0.04,0.00,0.00,0.00,0.04,"52,164.42"
1690,14/11/2019,MCH,"72,800","72,700","73,400","83,700","72,700","80,049",600,0.82,0.04,3.03,0.00,0.00,0.04,3.03,"51,741.47"
1691,13/11/2019,MCH,"73,500","73,000","72,500","73,000","63,000","72,769","-1,000",-1.36,0.01,0.79,0.00,0.04,0.01,0.82,"51,107.03"
1692,12/11/2019,MCH,"73,500","73,500","73,500","73,500","73,500","73,500",0,0.00,0.00,0.08,0.00,0.00,0.00,0.08,"51,811.96"
1693,11/11/2019,MCH,"73,200","73,500","73,500","73,800","73,000","73,485",300,0.41,0.00,0.26,0.00,0.00,0.00,0.26,"51,811.96"
1694,08/11/2019,MCH,"73,900","73,200","73,500","73,500","73,100","73,193",-400,-0.54,0.01,0.53,0.00,0.00,0.01,0.53,"51,811.96"
1695,07/11/2019,MCH,"73,500","73,500","73,200","74,000","73,100","73,897",397,0.54,0.04,2.64,0.00,0.00,0.04,2.64,"51,600.48"
1696,06/11/2019,MCH,"73,900","73,800","73,500","73,800","73,500","73,512",-400,-0.54,0.01,0.64,0.00,0.00,0.01,0.64,"51,811.96"
1697,05/11/2019,MCH,"74,000","73,900","74,000","74,100","73,800","73,936",0,0.00,0.01,1.06,0.12,8.64,0.13,9.70,"52,164.42"
1698,04/11/2019,MCH,"74,000","74,000","74,000","74,200","62,900","74,028",0,0.00,0.02,1.31,0.08,5.57,0.09,6.89,"52,164.42"
1699,01/11/2019,MCH,"74,200","73,900","74,200","74,200","73,900","74,024",0,0.00,0.00,0.28,0.00,0.00,0.00,0.28,"52,305.41"
1700,31/10/2019,MCH,"74,000","74,000","73,900","74,700","73,900","74,184",-100,-0.14,0.01,0.81,0.00,0.00,0.01,0.81,"52,093.93"
1701,30/10/2019,MCH,"74,000","74,100","74,000","74,100","62,900","73,990",0,0.00,0.03,1.98,0.00,0.01,0.03,1.99,"52,164.42"
1702,29/10/2019,MCH,"74,200","74,200","74,000","74,200","74,000","74,033",-200,-0.27,0.02,1.28,0.10,7.49,0.12,8.77,"52,164.42"
1703,28/10/2019,MCH,"74,000","74,000","74,100","74,400","74,000","74,196",100,0.14,0.01,0.57,0.00,0.00,0.01,0.57,"52,234.91"
1704,25/10/2019,MCH,"74,000","74,000","74,200","74,200","62,900","74,010",200,0.27,0.07,5.31,0.03,2.27,0.10,7.57,"52,305.41"
1705,24/10/2019,MCH,"74,000","74,000","74,000","74,000","74,000","74,000",0,0.00,0.00,0.25,0.00,0.00,0.00,0.25,"52,164.42"
1706,23/10/2019,MCH,"74,000","74,000","74,000","74,000","74,000","74,000",0,0.00,0.02,1.16,0.00,0.00,0.02,1.16,"52,164.42"
1707,22/10/2019,MCH,"74,000","74,000","74,000","74,100","74,000","74,009",0,0.00,0.04,2.99,0.03,2.22,0.07,5.21,"52,164.42"
1708,21/10/2019,MCH,"74,000","74,000","74,000","74,100","73,800","73,959",0,0.00,0.02,1.52,0.00,0.00,0.02,1.52,"52,164.42"
1709,18/10/2019,MCH,"74,000","74,000","74,000","74,000","74,000","74,000",0,0.00,0.00,0.28,0.00,0.00,0.00,0.28,"52,164.42"
1710,17/10/2019,MCH,"74,000","74,000","74,000","74,000","62,900","73,995",0,0.00,0.00,0.33,0.00,0.03,0.01,0.36,"52,164.42"
1711,16/10/2019,MCH,"74,000","74,000","73,900","74,000","73,700","73,955",-100,-0.14,0.02,1.59,0.00,0.00,0.02,1.59,"52,093.93"
1712,15/10/2019,MCH,"73,900","74,000","74,000","74,000","74,000","74,000",100,0.14,0.01,0.54,0.00,0.09,0.01,0.62,"52,164.42"
1713,14/10/2019,MCH,"74,000","74,000","74,000","74,000","73,500","73,960",0,0.00,0.01,0.77,0.00,0.00,0.01,0.77,"52,164.42"
1714,11/10/2019,MCH,"73,900","74,000","74,000","74,000","63,000","73,622",100,0.14,0.01,1.03,0.00,0.03,0.01,1.06,"52,164.42"
1715,10/10/2019,MCH,"74,000","73,800","74,000","74,000","73,700","73,931",0,0.00,0.01,0.82,0.00,0.00,0.01,0.82,"52,164.42"
1716,09/10/2019,MCH,"73,900","74,000","74,000","74,300","73,800","73,976",100,0.14,0.02,1.59,0.00,0.00,0.02,1.59,"52,164.42"
1717,08/10/2019,MCH,"73,800","73,800","74,000","74,000","62,800","73,947",147,0.20,0.02,1.44,0.00,0.11,0.02,1.55,"52,164.42"
1718,07/10/2019,MCH,"74,000","74,000","74,000","74,000","62,900","73,796",0,0.00,0.01,1.07,0.00,0.03,0.02,1.11,"52,164.42"
1719,04/10/2019,MCH,"74,000","74,100","73,800","74,100","73,800","73,999",-200,-0.27,0.07,5.07,0.05,3.52,0.12,8.59,"52,023.44"
1720,03/10/2019,MCH,"74,000","73,500","74,000","74,000","73,400","73,950",0,0.00,0.02,1.78,0.00,0.00,0.02,1.78,"52,164.42"
1721,02/10/2019,MCH,"73,900","74,300","74,000","74,300","73,800","73,998",98,0.13,0.04,2.69,0.00,0.00,0.04,2.69,"52,164.42"
1722,01/10/2019,MCH,"73,800","73,800","74,000","74,200","73,800","73,937",137,0.19,0.01,0.70,0.00,0.00,0.01,0.70,"52,164.42"
1723,30/09/2019,MCH,"74,000","74,000","74,000","74,100","62,900","73,412",0,0.00,0.04,3.26,0.04,2.61,0.08,5.87,"52,164.42"
1724,27/09/2019,MCH,"74,000","74,000","74,000","74,100","73,900","74,002",0,0.00,0.01,0.39,0.00,0.00,0.01,0.39,"52,164.42"
1725,26/09/2019,MCH,"73,900","74,000","74,000","74,000","62,900","73,990",90,0.12,0.03,2.17,0.00,0.05,0.03,2.22,"52,164.42"
1726,25/09/2019,MCH,"74,000","74,100","74,000","74,100","73,800","73,934",0,0.00,0.01,1.03,0.00,0.00,0.01,1.03,"52,164.42"
1727,24/09/2019,MCH,"74,000","74,000","74,000","74,000","62,900","73,995",0,0.00,0.05,3.81,0.04,2.73,0.09,6.54,"52,164.42"
1728,23/09/2019,MCH,"74,000","74,000","74,100","74,100","73,500","73,990",100,0.14,0.03,2.19,0.00,0.00,0.03,2.19,"52,234.91"
1729,20/09/2019,MCH,"73,900","73,900","74,000","74,200","73,100","73,968",100,0.14,0.03,1.90,0.00,0.00,0.03,1.90,"52,164.42"
1730,19/09/2019,MCH,"73,600","73,600","74,000","74,000","73,500","73,907",307,0.42,0.07,4.82,0.04,2.68,0.10,7.50,"52,164.42"
1731,18/09/2019,MCH,"72,200","72,200","73,595","75,000","72,200","73,595","1,395",1.93,0.03,2.53,0.00,0.00,0.03,2.53,"51,878.93"
1732,17/09/2019,MCH,"72,400","71,000","72,400","72,400","71,000","72,233",0,0.00,0.06,4.19,0.00,0.00,0.06,4.19,"51,036.54"
1733,16/09/2019,MCH,"72,700","73,000","72,200","73,000","61,800","72,234",-500,-0.69,0.07,5.33,0.00,0.08,0.08,5.41,"50,895.56"
1734,13/09/2019,MCH,"72,400","72,500","72,900","72,900","72,300","72,730",500,0.69,0.05,3.80,0.00,0.00,0.05,3.80,"51,389.00"
1735,12/09/2019,MCH,"72,400","72,500","72,300","72,500","72,200","72,494",-100,-0.14,0.04,2.81,0.04,2.62,0.07,5.43,"50,966.05"
1736,11/09/2019,MCH,"72,500","72,500","72,300","72,500","72,200","72,433",-200,-0.28,0.01,0.37,0.00,0.00,0.01,0.37,"50,966.05"
1737,10/09/2019,MCH,"72,500","72,500","72,000","73,000","61,700","68,223",-500,-0.69,0.01,0.59,0.00,0.21,0.01,0.80,"50,754.57"
1738,09/09/2019,MCH,"72,300","72,400","72,300","73,000","70,000","72,484",0,0.00,0.06,4.41,0.04,2.65,0.10,7.06,"50,966.05"
1739,06/09/2019,MCH,"72,400","72,700","72,400","73,000","72,000","72,271",0,0.00,0.01,0.49,0.00,0.00,0.01,0.49,"51,036.54"
1740,05/09/2019,MCH,"73,300","73,000","72,200","73,000","72,200","72,376","-1,100",-1.50,0.01,0.43,0.00,0.00,0.01,0.43,"50,895.56"
1741,04/09/2019,MCH,"73,600","73,500","73,000","73,600","73,000","73,339",-600,-0.82,0.00,0.17,0.00,0.00,0.00,0.17,"51,459.50"
1742,03/09/2019,MCH,"73,800","74,000","73,500","74,000","73,100","73,620",-300,-0.41,0.02,1.24,0.00,0.12,0.02,1.37,"51,811.96"
1743,30/08/2019,MCH,"73,300","73,500","73,300","74,500","73,300","71,860",0,0.00,0.01,0.60,0.00,0.10,0.01,0.70,"51,670.97"
1744,29/08/2019,MCH,"73,200","73,200","73,200","73,500","73,000","73,264",0,0.00,0.01,0.41,0.00,0.20,0.01,0.61,"51,600.48"
1745,28/08/2019,MCH,"73,500","73,900","73,000","73,900","73,000","73,164",-500,-0.68,0.01,0.53,0.00,0.00,0.01,0.53,"44,747.43"
1746,27/08/2019,MCH,"72,600","72,900","73,000","73,900","72,900","73,518",400,0.55,0.01,0.87,0.00,0.05,0.01,0.93,"44,747.43"
1747,26/08/2019,MCH,"74,000","73,000","72,500","73,000","72,500","72,599","-1,500",-2.03,0.02,1.10,0.00,0.00,0.02,1.10,"44,440.94"
1748,23/08/2019,MCH,"73,000","73,000","74,000","74,000","73,000","73,967","1,000",1.37,0.02,1.20,0.00,0.00,0.02,1.20,"45,360.41"
1749,22/08/2019,MCH,"84,900","84,900","84,000","84,900","82,500","83,865",-900,-1.06,0.01,0.71,0.08,6.85,0.09,7.56,"51,490.19"
1750,21/08/2019,MCH,"85,100","85,500","84,000","85,500","84,000","84,050","-1,100",-1.29,0.01,0.84,0.04,3.08,0.05,3.92,"51,490.19"
1751,20/08/2019,MCH,"85,500","85,500","84,500","85,500","84,500","84,561","-1,000",-1.17,0.03,2.85,0.00,0.15,0.04,3.00,"51,796.68"
1752,19/08/2019,MCH,"82,800","84,000","86,000","88,000","84,000","82,947","3,200",3.86,0.01,0.94,0.00,0.19,0.01,1.13,"52,716.15"
1753,16/08/2019,MCH,"82,400","82,000","83,400","83,500","82,000","83,709","1,000",1.21,0.01,0.91,0.04,3.04,0.05,3.95,"51,122.40"
1754,15/08/2019,MCH,"85,500","83,000","83,000","83,000","82,000","82,402","-2,500",-2.92,0.01,0.52,0.00,0.15,0.01,0.66,"50,877.21"
1755,14/08/2019,MCH,"87,400","86,500","85,000","86,500","85,000","85,760","-2,400",-2.75,0.01,0.60,0.00,0.05,0.01,0.64,"52,103.17"
1756,13/08/2019,MCH,"88,400","87,600","87,000","87,800","87,000","87,372","-1,400",-1.58,0.03,2.51,0.00,0.00,0.03,2.51,"53,329.12"
1757,12/08/2019,MCH,"90,100","90,000","88,000","90,000","87,900","88,372","-2,100",-2.33,0.01,0.87,0.00,0.00,0.01,0.87,"53,942.10"
1758,09/08/2019,MCH,"90,900","90,900","89,600","90,900","89,600","90,113","-1,300",-1.43,0.00,0.21,0.00,0.00,0.00,0.21,"54,922.87"
1759,08/08/2019,MCH,"92,100","90,100","91,000","91,000","90,000","90,925","-1,100",-1.19,0.03,2.53,0.00,0.00,0.03,2.53,"55,781.04"
1760,07/08/2019,MCH,"91,000","92,100","92,100","92,100","92,100","92,089","1,100",1.21,0.00,0.01,0.00,0.00,0.00,0.01,"56,455.32"
1761,06/08/2019,MCH,"92,500","92,000","91,000","92,500","90,600","90,995","-1,500",-1.62,0.03,2.60,0.00,0.00,0.03,2.60,"55,781.04"
1762,05/08/2019,MCH,"92,500","92,500","92,500","92,800","91,500","92,501",0,0.00,0.03,2.94,0.00,0.00,0.03,2.94,"56,700.51"
1763,02/08/2019,MCH,"92,500","92,400","92,500","92,500","91,500","92,470",0,0.00,0.04,3.76,0.00,0.00,0.04,3.76,"56,700.51"
1764,01/08/2019,MCH,"92,100","93,400","91,600","93,400","91,600","92,454",-500,-0.54,0.01,0.66,0.03,2.98,0.04,3.64,"56,148.83"
1765,31/07/2019,MCH,"92,900","92,100","92,100","93,500","92,100","92,144",-800,-0.86,0.00,0.29,0.00,0.00,0.00,0.29,"56,455.32"
1766,30/07/2019,MCH,"92,900","92,900","92,900","92,900","92,900","92,900",0,0.00,0.00,0.00,0.00,0.00,0.00,0.00,"56,945.70"
1767,29/07/2019,MCH,"93,900","93,500","93,500","93,500","91,500","96,336",-400,-0.43,0.01,0.54,0.03,2.92,0.04,3.46,"57,313.48"
1768,26/07/2019,MCH,"93,500","94,000","93,500","94,000","93,500","93,921",0,0.00,0.00,0.06,0.00,0.00,0.00,0.06,"57,313.48"
1769,25/07/2019,MCH,"94,300","93,500","93,500","93,500","93,500","93,500",-800,-0.85,0.00,0.03,0.00,0.00,0.00,0.03,"57,313.48"
1770,24/07/2019,MCH,"94,300","94,300","94,300","94,300","94,300","94,300",0,0.00,0.00,0.06,0.00,0.00,0.00,0.06,"57,803.87"
1771,23/07/2019,MCH,"94,300","94,300","94,300","94,300","94,300","94,300",0,0.00,0.00,0.10,0.00,0.00,0.00,0.10,"57,803.87"
1772,22/07/2019,MCH,"94,500","94,300","94,300","94,300","94,300","94,300",-200,-0.21,0.00,0.01,0.00,0.00,0.00,0.01,"57,803.87"
1773,19/07/2019,MCH,"95,000","95,000","94,500","95,000","94,500","94,542",-500,-0.53,0.00,0.11,0.00,0.00,0.00,0.11,"57,926.46"
1774,18/07/2019,MCH,"95,000","95,000","95,000","95,000","95,000","95,000",0,0.00,0.00,0.13,0.00,0.00,0.00,0.13,"58,232.95"
1775,17/07/2019,MCH,"97,600","95,000","95,000","95,000","95,000","95,000","-2,600",-2.66,0.00,0.10,0.00,0.00,0.00,0.10,"58,232.95"
1776,16/07/2019,MCH,"95,100","97,800","97,500","97,800","97,500","95,100","2,400",2.52,0.00,0.05,0.00,0.00,0.00,0.05,"59,765.40"
1777,15/07/2019,MCH,"97,800","95,100","95,000","95,200","95,000","95,063","-2,800",-2.86,0.00,0.29,0.00,0.00,0.00,0.29,"58,232.95"
1778,12/07/2019,MCH,"97,800","97,800","98,000","97,800","97,800","97,800",200,0.20,0.00,0.00,0.00,0.00,0.00,0.00,"59,773.05"
1779,11/07/2019,MCH,"95,400","95,500","98,000","109,700","95,500","97,835","2,600",2.73,0.00,0.23,0.00,0.00,0.00,0.23,"59,773.05"
1780,10/07/2019,MCH,"96,500","95,500","95,300","95,500","95,300","95,350","-1,200",-1.24,0.00,0.15,0.00,0.00,0.00,0.15,"58,126.25"
1781,09/07/2019,MCH,"97,500","96,500","96,500","96,500","96,500","96,500","-1,000",-1.03,0.00,0.13,0.00,0.00,0.00,0.13,"58,858.16"
1782,08/07/2019,MCH,"97,500","97,500","96,000","97,500","97,500","97,500","-1,500",-1.54,0.00,0.01,0.00,0.00,0.00,0.01,"58,553.20"
1783,05/07/2019,MCH,"96,000","98,000","96,000","98,000","96,000","97,545","1,545",1.61,0.00,0.21,0.00,0.00,0.00,0.21,"58,553.20"
1784,04/07/2019,MCH,"96,000","96,000","96,000","96,000","96,000","96,000",0,0.00,0.00,0.02,0.00,0.00,0.00,0.02,"58,553.20"
1785,03/07/2019,MCH,"96,000","96,000","96,000","96,000","96,000","96,000",0,0.00,0.00,0.03,0.00,0.00,0.00,0.03,"58,553.20"
1786,02/07/2019,MCH,"96,000","96,000","96,000","96,000","96,000","96,000",0,0.00,0.00,0.08,0.00,0.00,0.00,0.08,"58,553.20"
1787,01/07/2019,MCH,"96,000","96,000","96,000","96,000","96,000","96,000",0,0.00,0.00,0.00,0.00,0.00,0.00,0.00,"58,553.20"
1788,28/06/2019,MCH,"95,100","96,000","96,000","96,000","96,000","96,000",900,0.95,0.00,0.13,0.00,0.00,0.00,0.13,"58,553.20"
1789,27/06/2019,MCH,"96,400","95,200","95,100","95,200","95,100","95,100","-1,300",-1.35,0.00,0.23,0.00,0.00,0.00,0.23,"58,004.26"
1790,26/06/2019,MCH,"96,400","96,400","99,000","96,400","96,400","96,400","2,600",2.70,0.00,0.01,0.00,0.00,0.00,0.01,"60,382.98"
1791,25/06/2019,MCH,"96,400","96,400","96,400","96,400","96,400","96,400",0,0.00,0.00,0.00,0.00,0.00,0.00,0.00,"58,797.17"
1792,24/06/2019,MCH,"96,000","96,000","99,000","99,000","96,000","96,366","3,000",3.13,0.02,2.29,0.03,3.40,0.06,5.69,"60,382.98"
1793,21/06/2019,MCH,"97,900","96,000","96,000","96,000","96,000","96,000","-1,900",-1.94,0.00,0.01,0.00,0.00,0.00,0.01,"58,553.20"
1794,20/06/2019,MCH,"97,700","94,700","98,000","98,000","94,700","97,854",300,0.31,0.00,0.25,0.10,8.40,0.10,8.65,"59,773.05"
1795,19/06/2019,MCH,"97,700","97,700","98,000","97,700","97,700","97,700",300,0.31,0.00,0.00,0.03,3.40,0.03,3.40,"59,773.05"
1796,18/06/2019,MCH,"97,700","97,700","97,700","97,700","97,700","97,700",0,0.00,0.00,0.00,0.00,0.00,0.00,0.00,"59,590.08"
1797,17/06/2019,MCH,"97,700","97,700","97,700","97,700","97,700","97,700",0,0.00,0.00,0.00,0.10,8.40,0.10,8.40,"59,590.08"
1798,14/06/2019,MCH,"97,200","96,000","98,000","98,000","96,000","97,667",800,0.82,0.00,0.06,0.00,0.00,0.00,0.06,"59,773.05"
1799,13/06/2019,MCH,"99,900","95,600","98,000","98,000","94,000","97,184","-1,900",-1.90,0.00,0.43,0.00,0.00,0.00,0.43,"59,773.05"
1800,12/06/2019,MCH,"99,900","99,900","99,900","99,900","99,900","99,900",0,0.00,0.00,0.01,0.00,0.00,0.00,0.01,"60,931.92"
1801,11/06/2019,MCH,"99,000","99,800","99,900","99,900","99,800","99,850",900,0.91,0.00,0.04,0.00,0.00,0.00,0.04,"60,931.92"
1802,10/06/2019,MCH,"99,800","96,000","99,900","99,900","96,000","99,022",100,0.10,0.02,1.90,0.00,0.00,0.02,1.90,"60,931.92"
1803,07/06/2019,MCH,"95,400","99,900","94,000","100,200","94,000","99,773","-1,400",-1.47,0.00,0.27,0.00,0.00,0.00,0.27,"57,333.34"
1804,06/06/2019,MCH,"98,600","99,900","99,900","99,900","99,900","98,600","1,300",1.32,0.00,0.01,0.00,0.00,0.00,0.01,"60,931.92"
1805,05/06/2019,MCH,"98,800","98,900","99,000","99,000","98,500","98,616",200,0.20,0.01,0.57,0.00,0.00,0.01,0.57,"60,382.98"
1806,04/06/2019,MCH,"98,400","98,900","98,900","98,900","98,400","98,787",500,0.51,0.00,0.40,0.00,0.00,0.00,0.40,"60,321.99"
1807,03/06/2019,MCH,"98,300","98,300","98,500","98,500","98,300","98,400",200,0.20,0.00,0.20,0.00,0.00,0.00,0.20,"60,078.02"
1808,31/05/2019,MCH,"96,500","98,500","96,900","98,500","95,600","98,322",400,0.41,0.00,0.27,0.00,0.00,0.00,0.27,"59,102.13"
1809,30/05/2019,MCH,"95,400","97,700","96,300","97,700","96,300","96,533",900,0.94,0.00,0.06,0.00,0.00,0.00,0.06,"58,736.17"
1810,29/05/2019,MCH,"95,300","95,500","95,500","95,500","95,300","95,403",200,0.21,0.00,0.32,0.00,0.00,0.00,0.32,"58,248.23"
1811,28/05/2019,MCH,"98,000","97,000","94,500","97,000","94,500","95,424","-3,500",-3.57,0.00,0.03,0.00,0.00,0.00,0.03,"57,638.30"
1812,27/05/2019,MCH,"98,000","98,000","98,000","98,000","98,000",0,0,0.00,0.00,0.00,0.00,0.00,0.00,0.00,"59,773.05"
1813,24/05/2019,MCH,"98,800","98,000","98,000","98,000","98,000","98,000",-800,-0.81,0.00,0.14,0.00,0.00,0.00,0.14,"59,773.05"
1814,23/05/2019,MCH,"97,000","98,700","98,800","98,800","98,700","98,759","1,800",1.86,0.01,0.50,0.00,0.00,0.01,0.50,"60,261.00"
1815,22/05/2019,MCH,"96,200","97,000","97,000","97,000","97,000","97,000",800,0.83,0.00,0.21,0.00,0.00,0.00,0.21,"59,163.12"
1816,21/05/2019,MCH,"99,000","96,200","96,100","96,200","96,100","93,007","-2,900",-2.93,0.00,0.02,0.00,0.01,0.00,0.03,"58,614.19"
1817,20/05/2019,MCH,"98,800","99,000","99,000","99,000","99,000","98,157",200,0.20,0.00,0.02,0.00,0.00,0.00,0.02,"60,382.98"
1818,17/05/2019,MCH,"98,600","98,800","98,800","98,800","98,000","98,792",200,0.20,0.01,1.00,0.00,0.00,0.01,1.00,"60,261.00"
1819,16/05/2019,MCH,"97,500","98,500","98,600","98,600","98,500","98,582","1,100",1.13,0.01,0.67,0.00,0.00,0.01,0.67,"60,139.01"
1820,15/05/2019,MCH,"97,500","97,500","97,500","97,500","97,100","97,495",0,0.00,0.01,0.81,0.00,0.00,0.01,0.81,"59,468.09"
1821,14/05/2019,MCH,"97,500","97,000","97,500","98,000","97,000","97,543",0,0.00,0.00,0.45,0.00,0.00,0.00,0.45,"59,468.09"
1822,13/05/2019,MCH,"98,600","97,600","97,500","97,600","97,500","97,505","-1,100",-1.12,0.00,0.21,0.00,0.00,0.00,0.21,"59,468.09"
1823,10/05/2019,MCH,"97,500","98,000","98,600","98,600","98,000","98,562","1,100",1.13,0.01,0.49,0.00,0.00,0.01,0.49,"60,139.01"
1824,09/05/2019,MCH,"99,000","97,500","97,500","97,500","97,500","97,500","-1,500",-1.52,0.00,0.01,0.00,0.00,0.00,0.01,"59,468.09"
1825,08/05/2019,MCH,"99,000","99,000","99,000","99,000","99,000",0,0,0.00,0.00,0.00,0.00,0.00,0.00,0.00,"60,382.98"
1826,07/05/2019,MCH,"99,000","99,000","99,000","99,000","99,000","99,000",0,0.00,0.01,0.62,0.00,0.00,0.01,0.62,"60,382.98"
1827,06/05/2019,MCH,"99,000","99,000","99,000","99,000","99,000",0,0,0.00,0.00,0.01,0.03,2.48,0.03,2.48,"60,382.98"
1828,03/05/2019,MCH,"98,900","99,000","99,000","99,000","99,000","98,450",100,0.10,0.00,0.02,0.00,0.00,0.00,0.02,"60,382.98"
1829,02/05/2019,MCH,"98,800","99,000","99,000","99,000","97,500","99,136",200,0.20,0.02,1.55,0.01,1.09,0.03,2.64,"60,382.98"
1830,26/04/2019,MCH,"98,000","99,000","97,500","99,900","97,500","98,777",-500,-0.51,0.02,2.17,0.01,0.99,0.03,3.16,"59,468.09"
1831,25/04/2019,MCH,"98,600","97,200","98,000","99,000","97,200","98,008",-600,-0.61,0.00,0.42,0.02,1.96,0.02,2.38,"59,773.05"
1832,24/04/2019,MCH,"99,900","98,500","97,000","100,000","97,000","98,632","-2,900",-2.90,0.04,3.54,0.01,0.92,0.05,4.46,"59,163.12"
1833,23/04/2019,MCH,"99,300","100,000","99,100","100,000","99,100","99,888",-200,-0.20,0.00,0.33,0.00,0.00,0.00,0.33,"60,443.98"
1834,22/04/2019,MCH,"99,000","99,000","99,900","99,900","99,000","99,261",900,0.91,0.01,0.63,0.00,0.00,0.01,0.63,"60,931.92"
1835,19/04/2019,MCH,"97,900","99,000","99,000","99,000","99,000","99,000","1,100",1.12,0.00,0.01,0.00,0.00,0.00,0.01,"60,382.98"
1836,18/04/2019,MCH,"97,600","97,500","98,000","98,100","97,500","97,911",400,0.41,0.04,4.02,0.00,0.00,0.04,4.02,"59,773.05"
1837,17/04/2019,MCH,"98,100","96,100","98,100","98,100","96,100","97,604",0,0.00,0.01,0.82,0.00,0.00,0.01,0.82,"59,834.05"
1838,16/04/2019,MCH,"98,400","98,000","98,100","98,400","98,000","98,508",-300,-0.30,0.02,1.79,0.01,1.34,0.03,3.13,"59,834.05"
1839,12/04/2019,MCH,"98,800","99,500","98,100","99,500","98,100","98,406",-700,-0.71,0.03,3.41,0.00,0.00,0.03,3.41,"59,834.05"
1840,11/04/2019,MCH,"97,800","98,500","98,700","99,000","98,500","98,818",900,0.92,0.01,1.24,0.00,0.00,0.01,1.24,"60,200.00"
1841,10/04/2019,MCH,"97,500","98,000","98,000","98,300","96,900","97,793",500,0.51,0.00,0.46,0.00,0.00,0.00,0.46,"59,773.05"
1842,09/04/2019,MCH,"97,100","96,900","98,000","98,000","96,900","97,468",900,0.93,0.01,0.83,0.00,0.00,0.01,0.83,"59,773.05"
1843,08/04/2019,MCH,"98,500","97,000","97,500","97,500","97,000","97,145","-1,000",-1.02,0.01,1.14,0.00,0.00,0.01,1.14,"59,468.09"
1844,05/04/2019,MCH,"98,800","98,800","97,000","99,000","97,000","98,451","-1,800",-1.82,0.02,1.90,0.00,0.00,0.02,1.90,"59,163.12"
1845,04/04/2019,MCH,"96,700","99,000","98,000","99,000","97,000","98,803","1,300",1.34,0.02,1.61,0.00,0.00,0.02,1.61,"59,773.05"
1846,03/04/2019,MCH,"99,000","96,700","96,700","96,700","96,700","97,015","-2,300",-2.32,0.00,0.03,0.00,0.00,0.00,0.03,"58,980.15"
1847,02/04/2019,MCH,"98,800","98,900","99,000","99,000","98,800","98,958",200,0.20,0.01,1.02,0.00,0.00,0.01,1.02,"60,382.98"
1848,01/04/2019,MCH,"98,400","98,400","99,000","99,000","98,000","98,752",600,0.61,0.01,1.13,0.00,0.00,0.01,1.13,"60,382.98"
1849,29/03/2019,MCH,"98,400","98,400","98,800","98,400","98,400",0,400,0.41,0.00,0.00,0.00,0.00,0.00,0.00,"60,261.00"
1850,28/03/2019,MCH,"98,500","97,300","98,800","99,000","95,100","98,416",300,0.30,0.02,1.54,0.00,0.00,0.02,1.54,"60,261.00"
1851,27/03/2019,MCH,"98,200","98,700","98,800","98,800","98,000","98,451",600,0.61,0.06,5.68,0.00,0.00,0.06,5.68,"60,261.00"
1852,26/03/2019,MCH,"98,000","98,000","98,700","98,900","98,000","98,204",700,0.71,0.01,1.28,0.00,0.00,0.01,1.28,"60,200.00"
1853,25/03/2019,MCH,"97,700","98,000","98,000","98,000","98,000","98,000",300,0.31,0.00,0.18,0.00,0.00,0.00,0.18,"59,773.05"
1854,22/03/2019,MCH,"98,000","96,700","98,000","98,000","96,500","97,683",0,0.00,0.01,1.19,0.00,0.00,0.01,1.19,"59,773.05"
1855,21/03/2019,MCH,"97,900","98,000","98,000","98,500","98,000","98,008",100,0.10,0.01,0.61,0.00,0.00,0.01,0.61,"59,773.05"
1856,20/03/2019,MCH,"97,400","97,500","97,500","98,000","97,400","97,874",473,0.49,0.01,1.11,0.00,0.00,0.01,1.11,"59,468.09"
1857,19/03/2019,MCH,"97,900","98,000","97,000","98,000","97,000","97,339",-900,-0.92,0.00,0.05,0.00,0.00,0.00,0.05,"59,163.12"
1858,18/03/2019,MCH,"98,000","99,000","97,900","99,000","97,300","97,904",-100,-0.10,0.01,1.05,0.00,0.00,0.01,1.05,"59,712.06"
1859,15/03/2019,MCH,"99,200","98,000","98,000","98,000","98,000","98,000","-1,200",-1.21,0.00,0.06,0.00,0.00,0.00,0.06,"59,773.05"
1860,14/03/2019,MCH,"99,600","98,300","98,300","99,900","98,300","99,153","-1,300",-1.31,0.01,1.39,0.00,0.00,0.01,1.39,"59,956.03"
1861,13/03/2019,MCH,"100,300","100,000","99,000","100,100","99,000","99,595","-1,300",-1.30,0.00,0.41,0.00,0.00,0.00,0.41,"60,382.98"
1862,12/03/2019,MCH,"101,900","100,300","101,000","101,000","100,000","100,365",-900,-0.88,0.00,0.19,0.00,0.00,0.00,0.19,"61,602.84"
1863,11/03/2019,MCH,"103,600","102,000","102,000","102,000","101,600","101,927","-1,600",-1.54,0.00,0.27,0.00,0.00,0.00,0.27,"62,212.77"
1864,08/03/2019,MCH,"103,600","103,600","103,600","103,600","103,600",0,0,0.00,0.00,0.00,0.00,0.00,0.00,0.00,"63,188.66"
1865,07/03/2019,MCH,"103,500","105,500","103,000","105,500","103,000","103,625",125,0.12,0.00,0.29,0.00,0.00,0.00,0.29,"62,822.70"
1866,06/03/2019,MCH,"104,400","103,500","103,300","104,000","103,300","103,539","-1,100",-1.05,0.00,0.12,0.00,0.00,0.00,0.12,"63,005.68"
1867,05/03/2019,MCH,"104,100","105,000","104,100","105,000","104,100","104,406",306,0.29,0.00,0.19,0.00,0.00,0.00,0.19,"63,493.62"
1868,04/03/2019,MCH,"108,400","103,700","104,100","104,200","103,700","104,097","-4,300",-3.97,0.00,0.36,0.00,0.00,0.00,0.36,"63,493.62"
1869,01/03/2019,MCH,"106,500","108,000","108,700","108,700","108,000","107,851","1,850",1.74,0.00,0.03,0.00,0.00,0.00,0.03,"66,299.30"
1870,28/02/2019,MCH,"106,500","106,500","106,500","106,500","106,500",0,0,0.00,0.00,0.01,0.00,0.00,0.00,0.01,"64,957.45"
1871,27/02/2019,MCH,"110,000","105,000","106,500","107,000","105,000","106,571","-3,500",-3.18,0.00,0.39,0.00,0.00,0.00,0.39,"64,957.45"
1872,26/02/2019,MCH,"109,800","110,000","110,000","110,000","110,000","110,000",200,0.18,0.00,0.06,0.00,0.00,0.00,0.06,"67,092.20"
1873,25/02/2019,MCH,"109,700","109,000","110,000","110,000","102,500","109,772",72,0.07,0.01,0.84,0.00,0.00,0.01,0.84,"67,092.20"
1874,22/02/2019,MCH,"109,800","109,800","109,800","109,800","109,000","109,686",0,0.00,0.00,0.08,0.00,0.00,0.00,0.08,"66,970.22"
1875,21/02/2019,MCH,"109,900","109,900","109,900","110,000","109,000","109,755",0,0.00,0.00,0.27,0.00,0.00,0.00,0.27,"67,031.21"
1876,20/02/2019,MCH,"109,700","109,700","110,000","110,000","109,700","109,846",160,0.15,0.01,0.60,0.00,0.00,0.01,0.60,"67,092.20"
1877,19/02/2019,MCH,"109,900","109,500","109,900","109,900","109,500","109,688",0,0.00,0.01,1.30,0.00,0.00,0.01,1.30,"67,031.21"
1878,18/02/2019,MCH,"109,800","110,000","109,800","110,000","109,800","109,940",140,0.13,0.01,1.49,0.00,0.00,0.01,1.49,"66,970.22"
1879,15/02/2019,MCH,"109,000","109,000","110,000","110,000","109,000","109,794",794,0.73,0.02,2.26,0.00,0.00,0.02,2.26,"67,092.20"
1880,14/02/2019,MCH,"108,600","109,000","109,000","109,000","109,000","109,000",400,0.37,0.00,0.36,0.00,0.00,0.00,0.36,"66,482.27"
1881,13/02/2019,MCH,"108,600","108,000","108,600","108,900","108,000","108,561",0,0.00,0.04,4.51,0.00,0.00,0.04,4.51,"66,238.30"
1882,12/02/2019,MCH,"108,600","108,100","108,600","109,000","108,100","108,562",0,0.00,0.00,0.51,0.00,0.00,0.00,0.51,"66,238.30"
1883,11/02/2019,MCH,"106,100","108,000","109,000","109,000","108,000","108,575","2,475",2.33,0.02,1.66,0.00,0.00,0.02,1.66,"66,482.27"
1884,01/02/2019,MCH,"108,000","100,000","108,000","108,000","100,000","106,142",0,0.00,0.00,0.35,0.00,0.00,0.00,0.35,"65,872.35"
1885,31/01/2019,MCH,"108,000","108,000","108,000","108,000","107,900","107,690",0,0.00,0.00,0.08,0.00,0.00,0.00,0.08,"65,872.35"
1886,30/01/2019,MCH,"108,000","107,000","108,000","108,500","107,000","108,005",0,0.00,0.01,0.67,0.00,0.00,0.01,0.67,"65,872.35"
1887,29/01/2019,MCH,"107,900","106,000","108,000","108,500","106,000","107,954",54,0.05,0.02,2.26,0.00,0.00,0.02,2.26,"65,872.35"
1888,28/01/2019,MCH,"107,700","107,700","108,000","108,000","107,700","107,835",158,0.15,0.01,0.58,0.00,0.00,0.01,0.58,"65,872.35"
1889,25/01/2019,MCH,"106,900","107,500","108,000","108,000","106,900","107,729",838,0.78,0.01,0.71,0.00,0.00,0.01,0.71,"65,872.35"
1890,24/01/2019,MCH,"107,200","105,200","108,000","110,000","105,000","106,896",800,0.75,0.01,1.21,0.00,0.00,0.01,1.21,"65,872.35"
1891,23/01/2019,MCH,"107,800","106,000","110,000","110,000","106,000","107,183","2,200",2.04,0.06,6.36,0.00,0.00,0.06,6.36,"67,092.20"
1892,22/01/2019,MCH,"105,600","107,500","108,000","108,000","105,600","107,834","2,234",2.12,0.04,4.67,0.00,0.00,0.04,4.67,"65,872.35"
1893,21/01/2019,MCH,"105,400","105,000","106,500","106,500","105,000","105,585",185,0.18,0.02,2.06,0.00,0.00,0.02,2.06,"64,957.45"
1894,18/01/2019,MCH,"104,700","104,500","105,900","105,900","104,000","105,387",687,0.66,0.04,3.82,0.00,0.00,0.04,3.82,"64,591.49"
1895,17/01/2019,MCH,"103,000","103,000","106,000","106,000","103,000","103,034","1,710",1.66,0.05,5.40,0.00,0.00,0.05,5.40,"64,652.49"
1896,16/01/2019,MCH,"102,300","103,000","103,200","103,200","102,900","102,961",705,0.69,0.01,1.01,0.00,0.00,0.01,1.01,"62,944.69"
1897,15/01/2019,MCH,"102,200","102,000","102,200","103,000","90,000","102,322",122,0.12,0.02,1.70,0.00,0.09,0.02,1.79,"62,334.76"
1898,14/01/2019,MCH,"100,600","100,000","102,000","103,000","100,000","102,197","1,606",1.60,0.05,5.46,0.00,0.00,0.05,5.46,"62,212.77"
1899,11/01/2019,MCH,"100,200","99,600","101,000","101,000","99,600","100,576",376,0.38,0.01,0.53,0.00,0.00,0.01,0.53,"61,602.84"
1900,10/01/2019,MCH,"100,800","100,000","100,800","100,800","99,800","100,157",0,0.00,0.01,1.17,0.00,0.00,0.01,1.17,"61,480.86"
1901,09/01/2019,MCH,"100,400","100,000","100,100","101,000","100,000","100,809",409,0.41,0.02,2.21,0.00,0.00,0.02,2.21,"61,053.91"
1902,08/01/2019,MCH,"98,700","99,000","101,000","101,000","99,000","100,360","1,666",1.69,0.07,6.73,0.00,0.00,0.07,6.73,"61,602.84"
1903,07/01/2019,MCH,"100,300","100,000","100,000","100,000","97,100","98,639",-300,-0.30,0.00,0.15,0.00,0.00,0.00,0.15,"60,992.91"
1904,04/01/2019,MCH,"98,800","98,700","100,000","101,000","98,700","100,338","1,538",1.56,0.04,3.75,0.00,0.00,0.04,3.75,"60,992.91"
1905,03/01/2019,MCH,"99,600","99,000","100,500","100,500","96,300","98,584",900,0.90,0.00,0.09,0.00,0.00,0.00,0.09,"61,297.88"
1906,02/01/2019,MCH,"100,800","99,000","100,000","100,000","99,000","99,567",-800,-0.79,0.00,0.40,0.00,0.00,0.00,0.40,"60,992.91"
1907,28/12/2018,MCH,"99,700","99,900","102,000","102,000","96,000","100,842","1,142",1.15,0.04,3.91,0.00,0.00,0.04,3.91,"62,212.77"
1908,27/12/2018,MCH,"100,900","100,000","99,000","100,000","99,000","99,667","-1,900",-1.88,0.00,0.16,0.00,0.00,0.00,0.16,"60,382.98"
1909,26/12/2018,MCH,"99,600","99,500","101,000","101,000","99,500","99,500","1,280",1.29,0.04,3.72,0.00,0.00,0.04,3.72,"61,602.84"
1910,25/12/2018,MCH,"100,700","96,000","100,800","100,800","96,000","99,575",100,0.10,0.00,0.05,0.00,0.00,0.00,0.05,"61,480.86"
1911,24/12/2018,MCH,"102,000","100,000","101,000","101,000","100,000","100,617","-1,000",-0.98,0.00,0.15,0.00,0.00,0.00,0.15,"61,602.84"
1912,21/12/2018,MCH,"100,800","102,000","102,200","102,200","99,000","101,968","1,168",1.16,0.06,6.17,0.00,0.00,0.06,6.17,"62,334.76"
1913,20/12/2018,MCH,"100,800","100,800","101,000","101,000","100,000","100,774",200,0.20,0.06,6.13,0.00,0.00,0.06,6.13,"61,602.84"
1914,19/12/2018,MCH,"99,900","97,400","101,000","101,000","97,400","100,762",864,0.86,0.01,0.91,0.00,0.00,0.01,0.91,"61,602.84"
1915,18/12/2018,MCH,"99,700","99,400","101,000","101,000","99,400","99,879",181,0.18,0.03,3.29,0.00,0.00,0.03,3.29,"61,602.84"
1916,17/12/2018,MCH,"99,800","99,500","100,000","100,000","99,500","99,651",200,0.20,0.04,3.89,0.00,0.00,0.04,3.89,"60,992.91"
1917,14/12/2018,MCH,"100,600","99,000","101,000","101,000","99,000","99,810",400,0.40,0.05,5.13,0.00,0.00,0.05,5.13,"61,602.84"
1918,13/12/2018,MCH,"100,000","100,000","101,000","101,000","100,000","100,556",567,0.57,0.01,1.35,0.00,0.00,0.01,1.35,"61,602.84"
1919,12/12/2018,MCH,"99,900","100,000","100,000","100,000","100,000","99,981",100,0.10,0.01,0.58,0.00,0.00,0.01,0.58,"60,992.91"
1920,11/12/2018,MCH,"99,300","99,000","100,000","100,500","99,000","99,930",630,0.63,0.18,18.04,0.00,0.00,0.18,18.04,"60,992.91"
1921,10/12/2018,MCH,"98,000","98,500","99,400","99,500","98,500","99,327","1,327",1.35,0.02,1.94,0.00,0.00,0.02,1.94,"60,626.95"
1922,07/12/2018,MCH,"94,200","94,500","99,500","99,500","94,500","97,975","3,792",4.03,0.08,7.50,0.00,0.00,0.08,7.50,"60,687.95"
1923,06/12/2018,MCH,"93,600","93,500","94,900","95,000","93,500","94,185",585,0.63,0.08,7.12,0.00,0.00,0.08,7.12,"57,882.27"
1924,05/12/2018,MCH,"93,700","93,500","94,000","94,000","93,500","93,630",300,0.32,0.01,0.56,0.00,0.00,0.01,0.56,"57,333.34"
1925,04/12/2018,MCH,"92,800","93,000","96,000","96,000","93,000","93,748",948,1.02,0.05,4.53,0.00,0.00,0.05,4.53,"58,553.20"
1926,03/12/2018,MCH,"92,000","91,800","93,500","93,500","91,700","92,814",814,0.88,0.02,1.46,0.00,0.00,0.02,1.46,"57,028.37"
1927,30/11/2018,MCH,"92,000","92,000","92,000","92,000","92,000","91,997",0,0.00,0.01,0.84,0.00,0.00,0.01,0.84,"56,113.48"
1928,29/11/2018,MCH,"91,300","91,300","93,500","93,500","90,500","91,963",690,0.76,0.03,2.82,0.00,0.00,0.03,2.82,"57,028.37"
1929,28/11/2018,MCH,"91,400","91,000","91,400","91,400","91,000","91,347",0,0.00,0.00,0.42,0.00,0.00,0.00,0.42,"55,747.52"
1930,27/11/2018,MCH,"92,800","89,200","92,000","92,000","89,200","91,436",-800,-0.86,0.01,0.47,0.00,0.00,0.01,0.47,"56,113.48"
1931,26/11/2018,MCH,"92,800","92,800","92,800","92,800","92,800","92,800",0,0.00,0.00,0.02,0.00,0.00,0.00,0.02,"56,601.42"
1932,23/11/2018,MCH,"92,900","93,900","90,200","93,900","90,100","92,793","-2,700",-2.91,0.00,0.27,0.00,0.00,0.00,0.27,"55,015.61"
1933,22/11/2018,MCH,"93,200","93,000","92,600","93,000","92,600","92,902",-600,-0.64,0.03,2.68,0.00,0.00,0.03,2.68,"56,479.44"
1934,21/11/2018,MCH,"93,000","92,800","93,900","93,900","92,800","93,164",900,0.97,0.01,0.71,0.00,0.00,0.01,0.71,"57,272.34"
1935,20/11/2018,MCH,"93,100","93,000","93,000","93,000","92,500","92,979",-100,-0.11,0.04,4.14,0.00,0.00,0.04,4.14,"56,723.41"
1936,19/11/2018,MCH,"92,600","92,000","93,500","93,500","92,000","93,100",900,0.97,0.04,4.07,0.00,0.00,0.04,4.07,"57,028.37"
1937,16/11/2018,MCH,"90,700","90,700","93,200","93,500","90,700","92,590","2,500",2.76,0.04,3.74,0.00,0.00,0.04,3.74,"56,845.39"
1938,15/11/2018,MCH,"90,000","89,000","91,000","92,000","89,000","90,685","1,000",1.11,0.02,1.93,0.00,0.00,0.02,1.93,"55,503.55"
1939,14/11/2018,MCH,"88,900","89,500","90,000","90,000","89,500","89,997","1,100",1.24,0.04,3.95,0.00,0.00,0.04,3.95,"54,893.62"
1940,13/11/2018,MCH,"87,000","88,500","90,000","90,000","87,000","88,905","3,000",3.45,0.01,1.32,0.00,0.00,0.01,1.32,"54,893.62"
1941,12/11/2018,MCH,"86,000","86,000","88,000","88,000","86,000","87,006","2,000",2.33,0.03,2.31,0.00,0.00,0.03,2.31,"53,673.76"
1942,09/11/2018,MCH,"86,500","86,000","86,000","86,000","86,000","86,000",-500,-0.58,0.00,0.18,0.00,0.00,0.00,0.18,"52,453.90"
1943,08/11/2018,MCH,"86,000","86,000","87,000","87,000","86,000","86,493","1,000",1.16,0.00,0.26,0.00,0.00,0.00,0.26,"53,063.83"
1944,07/11/2018,MCH,"86,000","84,500","86,000","86,300","84,500","83,245",0,0.00,0.01,0.54,0.00,0.12,0.01,0.66,"52,453.90"
1945,06/11/2018,MCH,"85,000","85,200","86,000","86,500","85,200","86,010","1,000",1.18,0.01,1.17,0.00,0.00,0.01,1.17,"52,453.90"
1946,05/11/2018,MCH,"85,000","89,000","85,000","89,000","85,000","85,035",0,0.00,0.01,0.96,0.00,0.00,0.01,0.96,"51,843.98"
1947,02/11/2018,MCH,"84,100","85,000","85,000","85,000","85,000","85,000",900,1.07,0.00,0.01,0.00,0.00,0.00,0.01,"51,843.98"
1948,01/11/2018,MCH,"83,400","84,000","84,000","85,000","84,000","84,078",600,0.72,0.00,0.36,0.00,0.00,0.00,0.36,"51,234.05"
1949,31/10/2018,MCH,"84,200","75,000","84,500","87,000","75,000","83,395",300,0.36,0.00,0.35,0.00,0.00,0.00,0.35,"51,539.01"
1950,30/10/2018,MCH,"83,400","83,100","86,000","86,000","83,100","84,157","2,600",3.12,0.02,1.51,0.00,0.00,0.02,1.51,"52,453.90"
1951,29/10/2018,MCH,"83,900","83,000","83,000","83,900","83,000","83,365",-900,-1.07,0.00,0.14,0.00,0.00,0.00,0.14,"50,624.12"
1952,26/10/2018,MCH,"83,800","83,800","83,400","84,500","83,100","83,434",100,0.12,0.00,0.17,0.00,0.00,0.00,0.17,"50,868.09"
1953,25/10/2018,MCH,"84,400","84,800","84,000","84,800","80,100","83,843",-400,-0.47,0.00,0.06,0.00,0.00,0.00,0.06,"51,234.05"
1954,24/10/2018,MCH,"82,500","85,000","85,000","85,000","83,000","84,355","2,500",3.03,0.00,0.27,0.00,0.00,0.00,0.27,"51,843.98"
1955,23/10/2018,MCH,"85,000","82,000","82,000","86,000","82,000","82,808","-3,000",-3.53,0.00,0.26,0.00,0.00,0.00,0.26,"50,014.19"
1956,22/10/2018,MCH,"85,000","85,000","85,100","85,100","85,000","85,045",100,0.12,0.00,0.10,0.00,0.00,0.00,0.10,"51,904.97"
1957,19/10/2018,MCH,"86,900","85,000","85,000","85,000","85,000","85,000","-1,900",-2.19,0.01,0.85,0.00,0.00,0.01,0.85,"51,843.98"
1958,18/10/2018,MCH,"86,100","86,900","86,900","86,900","86,900","86,900",800,0.93,0.00,0.05,0.00,0.00,0.00,0.05,"53,002.84"
1959,17/10/2018,MCH,"86,100","86,300","86,100","86,300","86,100","86,118",0,0.00,0.00,0.10,0.00,0.00,0.00,0.10,"52,514.90"
1960,16/10/2018,MCH,"86,100","86,100","86,100","86,100","86,000","86,096",0,0.00,0.00,0.21,0.00,0.00,0.00,0.21,"52,514.90"
1961,15/10/2018,MCH,"86,000","86,000","86,000","87,000","86,000","86,113",122,0.14,0.01,0.65,0.00,0.00,0.01,0.65,"52,453.90"
1962,12/10/2018,MCH,"89,500","86,000","86,000","86,000","86,000","77,817","-3,500",-3.91,0.00,0.01,0.00,0.21,0.00,0.22,"52,453.90"
1963,11/10/2018,MCH,"89,400","89,600","89,300","89,600","89,300","89,228",-100,-0.11,0.00,0.32,0.00,0.00,0.00,0.32,"54,466.67"
1964,10/10/2018,MCH,"89,300","90,000","88,300","90,000","88,200","89,420","-1,000",-1.12,0.01,0.74,0.00,0.00,0.01,0.74,"53,856.74"
1965,09/10/2018,MCH,"89,600","89,300","89,300","89,300","89,300","89,300",-300,-0.33,0.00,0.01,0.00,0.25,0.00,0.26,"54,466.67"
1966,08/10/2018,MCH,"90,200","90,000","90,000","90,000","87,000","89,535",-200,-0.22,0.01,0.67,0.00,0.01,0.01,0.68,"54,893.62"
1967,05/10/2018,MCH,"90,200","90,200","90,000","90,500","90,000","90,206",-200,-0.22,0.01,0.81,0.00,0.00,0.01,0.81,"54,893.62"
1968,04/10/2018,MCH,"90,100","90,500","90,100","90,500","90,000","90,167",67,0.07,0.02,1.91,0.00,0.00,0.02,1.91,"47,786.66"
1969,03/10/2018,MCH,"90,300","90,000","90,500","90,500","90,000","90,111",200,0.22,0.01,0.50,0.00,0.03,0.01,0.53,"47,998.81"
1970,02/10/2018,MCH,"90,000","90,500","90,100","90,500","90,100","90,300",100,0.11,0.00,0.04,0.00,0.00,0.00,0.04,"47,786.66"
1971,01/10/2018,MCH,"90,000","88,600","90,100","90,500","88,600","90,019",100,0.11,0.02,2.19,0.00,0.00,0.02,2.19,"47,786.66"
1972,28/09/2018,MCH,"88,700","90,000","90,000","90,000","89,800","89,463","1,300",1.47,0.01,0.69,0.00,0.24,0.01,0.93,"47,733.62"
1973,27/09/2018,MCH,"89,500","88,500","88,600","89,500","88,500","88,663",-900,-1.01,0.01,0.67,0.00,0.07,0.01,0.73,"46,991.10"
1974,26/09/2018,MCH,"88,700","88,000","90,000","90,000","88,000","88,344","1,300",1.47,0.02,1.92,0.00,0.16,0.02,2.08,"47,733.62"
1975,25/09/2018,MCH,"88,500","88,500","89,000","89,000","88,500","88,707",500,0.56,0.01,0.52,0.00,0.00,0.01,0.52,"47,203.25"
1976,24/09/2018,MCH,"88,500","88,900","88,500","88,900","88,500","87,660",0,0.00,0.00,0.42,0.00,0.16,0.01,0.59,"46,938.06"
1977,21/09/2018,MCH,"88,000","88,000","88,500","88,500","88,000","88,474",500,0.57,0.01,0.95,0.00,0.00,0.01,0.95,"46,938.06"
1978,20/09/2018,MCH,"88,000","88,000","88,000","89,000","88,000","88,012",0,0.00,0.01,0.52,0.00,0.00,0.01,0.52,"46,672.88"
1979,19/09/2018,MCH,"87,900","88,000","88,000","88,000","88,000","88,000",100,0.11,0.01,0.54,0.00,0.00,0.01,0.54,"46,672.88"
1980,18/09/2018,MCH,"87,800","87,800","88,000","88,000","87,800","87,905",200,0.23,0.00,0.34,0.00,0.00,0.00,0.34,"46,672.88"
1981,17/09/2018,MCH,"88,500","87,000","88,000","88,000","87,000","87,833",-500,-0.56,0.00,0.06,0.00,0.00,0.00,0.06,"46,672.88"
1982,14/09/2018,MCH,"88,300","88,500","88,500","88,500","88,500","88,494",200,0.23,0.01,0.68,0.00,0.00,0.01,0.68,"46,938.06"
1983,13/09/2018,MCH,"88,500","88,500","88,600","88,600","88,000",0,100,0.11,0.00,0.16,0.00,0.00,0.00,0.16,"46,991.10"
1984,12/09/2018,MCH,"88,000","88,000","88,500","88,500","88,000","88,356",500,0.57,0.01,0.57,0.00,0.02,0.01,0.58,"46,938.06"
1985,11/09/2018,MCH,"88,500","88,000","88,500","88,500","88,000","87,984",0,0.00,0.01,0.73,0.00,0.00,0.01,0.73,"46,938.06"
1986,10/09/2018,MCH,"88,600","88,600","88,500","88,600","88,500","88,509",-100,-0.11,0.02,1.60,0.00,0.00,0.02,1.60,"46,938.06"
1987,07/09/2018,MCH,"88,600","88,600","88,600","88,800","88,600","88,611",0,0.00,0.01,0.54,0.00,0.00,0.01,0.54,"46,991.10"
1988,06/09/2018,MCH,"88,500","88,000","88,600","88,700","88,000","87,807",100,0.11,0.01,0.90,0.00,0.05,0.01,0.95,"46,991.10"
1989,05/09/2018,MCH,"88,500","88,500","88,500","88,500","88,400","88,480",0,0.00,0.01,0.78,0.00,0.00,0.01,0.78,"46,938.06"
1990,04/09/2018,MCH,"88,400","88,200","88,500","89,800","88,200","88,510",100,0.11,0.01,0.65,0.00,0.00,0.01,0.65,"46,938.06"
1991,31/08/2018,MCH,"87,800","88,000","88,300","90,000","88,000","88,311",500,0.57,0.00,0.28,0.00,0.00,0.00,0.28,"46,831.99"
1992,30/08/2018,MCH,"86,800","87,000","88,200","88,500","86,000","87,823","1,400",1.61,0.02,1.42,0.00,0.00,0.02,1.42,"46,778.95"
1993,29/08/2018,MCH,"86,100","87,000","87,000","88,000","86,000","86,825",900,1.05,0.01,0.72,0.00,0.00,0.01,0.72,"46,142.50"
1994,28/08/2018,MCH,"90,400","94,700","86,000","94,700","83,800","86,149","-4,400",-4.87,0.00,0.32,0.00,0.00,0.00,0.32,"45,612.13"
1995,27/08/2018,MCH,"84,900","96,600","90,000","97,000","89,900","90,339","5,100",6.01,0.01,0.49,0.00,0.00,0.01,0.49,"47,733.62"
1996,24/08/2018,MCH,"97,600","97,000","99,000","99,000","97,000","97,386",400,0.41,0.05,5.18,0.00,0.00,0.05,5.18,"52,506.99"
1997,23/08/2018,MCH,"97,500","98,000","97,500","98,000","97,000","97,555",55,0.06,0.04,4.24,0.00,0.03,0.04,4.27,"51,711.43"
1998,22/08/2018,MCH,"96,900","96,500","98,100","98,100","96,500","97,477","1,200",1.24,0.01,1.33,0.00,0.00,0.01,1.33,"52,029.65"
1999,21/08/2018,MCH,"96,900","96,500","96,900","97,000","96,500","96,873",0,0.00,0.00,0.40,0.48,46.70,0.49,47.11,"51,393.20"
2000,20/08/2018,MCH,"98,000","96,900","96,900","97,000","96,900","96,904","-1,100",-1.12,0.02,1.75,0.00,0.00,0.02,1.75,"51,393.20"
2001,17/08/2018,MCH,"98,600","98,000","98,000","98,300","98,000","98,006",-600,-0.61,0.01,0.51,0.00,0.00,0.01,0.51,"51,976.61"
2002,16/08/2018,MCH,"99,000","99,000","98,500","99,000","98,000",0,-500,-0.51,0.01,1.36,0.00,0.00,0.01,1.36,"52,241.80"
2003,15/08/2018,MCH,"99,000","99,000","99,100","99,100","99,000","98,641",100,0.10,0.03,3.42,0.00,0.07,0.04,3.49,"52,560.02"
2004,14/08/2018,MCH,"98,900","102,000","99,000","102,000","98,900","98,991",100,0.10,0.02,1.48,0.00,0.11,0.02,1.59,"52,506.99"
2005,13/08/2018,MCH,"98,000","98,000","103,000","112,000","98,000","98,912","5,000",5.10,0.00,0.33,0.00,0.00,0.00,0.33,"54,628.48"
2006,10/08/2018,MCH,"98,000","98,000","98,000","98,000","98,000","98,000",0,0.00,0.00,0.19,0.00,0.00,0.00,0.19,"51,976.61"
2007,09/08/2018,MCH,"95,800","97,900","98,000","99,000","97,900","97,991","2,200",2.30,0.02,2.00,0.00,0.00,0.02,2.00,"51,976.61"
2008,08/08/2018,MCH,"94,000","95,000","96,000","96,000","95,000","95,769","2,000",2.13,0.00,0.45,0.00,0.00,0.00,0.45,"50,915.87"
2009,07/08/2018,MCH,"94,900","93,100","94,500","94,500","93,100","94,019",-400,-0.42,0.00,0.26,0.00,0.00,0.00,0.26,"50,120.31"
2010,06/08/2018,MCH,"94,900","94,900","94,900","94,900","94,900",0,0,0.00,0.00,0.00,0.01,0.97,0.01,0.97,"50,332.46"
2011,03/08/2018,MCH,"92,300","92,100","95,000","95,000","92,100","94,903","2,700",2.93,0.02,1.74,0.00,0.00,0.02,1.74,"50,385.49"
2012,02/08/2018,MCH,"93,000","92,000","93,000","93,000","92,000","92,250",0,0.00,0.00,0.17,0.00,0.00,0.00,0.17,"49,324.75"
2013,01/08/2018,MCH,"93,000","93,100","93,000","93,100","93,000","93,036",0,0.00,0.00,0.13,0.00,0.00,0.00,0.13,"49,324.75"
2014,31/07/2018,MCH,"93,000","93,000","93,000","93,000","93,000",0,0,0.00,0.00,0.00,0.00,0.00,0.00,0.00,"49,324.75"
2015,30/07/2018,MCH,"92,000","93,000","93,000","93,000","93,000","92,998","1,000",1.09,0.02,1.92,0.00,0.00,0.02,1.92,"49,324.75"
2016,27/07/2018,MCH,"91,700","92,000","92,000","92,000","92,000",0,300,0.33,0.01,1.01,0.00,0.00,0.01,1.01,"48,794.37"
2017,26/07/2018,MCH,"91,700","92,000","91,700","92,000","91,700","91,714",0,0.00,0.00,0.18,0.00,0.00,0.00,0.18,"48,635.26"
2018,25/07/2018,MCH,"91,600","92,000","93,000","93,000","91,600","91,708","1,400",1.53,0.02,1.55,0.00,0.00,0.02,1.55,"49,324.75"
2019,24/07/2018,MCH,"91,000","91,000","92,000","92,000","91,000","91,623","1,000",1.10,0.01,0.48,0.00,0.00,0.01,0.48,"48,794.37"
2020,23/07/2018,MCH,"90,900","90,900","91,000","91,200","90,900","91,011",100,0.11,0.02,1.99,0.00,0.00,0.02,1.99,"48,264.00"
2021,20/07/2018,MCH,"88,700","90,900","91,000","91,000","90,900","90,930","2,300",2.59,0.00,0.09,0.00,0.00,0.00,0.09,"48,264.00"
2022,19/07/2018,MCH,"88,700","88,700","88,700","88,700","88,700",0,0,0.00,0.00,0.01,0.00,0.00,0.00,0.01,"47,044.14"
2023,18/07/2018,MCH,"88,100","90,000","88,200","90,000","88,100","88,707",100,0.11,0.01,0.86,0.00,0.00,0.01,0.86,"46,778.95"
2024,17/07/2018,MCH,"88,200","88,000","90,000","90,000","88,000","88,063","1,800",2.04,0.00,0.28,0.00,0.00,0.00,0.28,"47,733.62"
2025,16/07/2018,MCH,"88,600","88,200","88,300","88,300","88,200","88,218",-300,-0.34,0.01,0.50,0.00,0.00,0.01,0.50,"46,369.22"
2026,13/07/2018,MCH,"88,100","92,300","88,100","92,300","88,100","88,630",530,0.60,0.06,4.87,0.05,3.75,0.11,8.62,"46,264.20"
2027,12/07/2018,MCH,"88,100","90,000","88,100","90,000","88,100","88,102",0,0.00,0.09,7.59,0.00,0.00,0.09,7.59,"46,264.20"
2028,11/07/2018,MCH,"88,200","88,200","88,000","88,200","88,000","88,090",-200,-0.23,0.15,13.22,0.00,0.00,0.15,13.22,"46,211.68"
2029,10/07/2018,MCH,"88,100","88,100","88,300","88,300","88,100","88,167",200,0.23,0.00,0.03,0.00,0.00,0.00,0.03,"46,369.22"
2030,09/07/2018,MCH,"87,900","88,100","88,100","88,100","88,100","88,100",200,0.23,0.00,0.03,0.20,14.96,0.20,14.99,"46,264.20"
2031,06/07/2018,MCH,"89,300","88,100","89,900","89,900","87,800","87,940",600,0.67,0.08,7.26,0.00,0.00,0.08,7.26,"47,209.44"
2032,05/07/2018,MCH,"89,700","90,000","89,300","90,000","89,300","89,301",-400,-0.45,0.08,6.86,0.00,0.00,0.08,6.86,"46,894.36"
2033,04/07/2018,MCH,"90,000","89,300","90,000","91,400","89,300","89,706",0,0.00,0.18,16.16,0.00,0.00,0.18,16.16,"47,261.95"
2034,03/07/2018,MCH,"90,000","90,000","90,000","90,000","90,000","90,000",0,0.00,0.16,14.18,0.00,0.00,0.16,14.18,"47,261.95"
2035,02/07/2018,MCH,"90,900","92,900","90,000","92,900","88,000","90,001",-900,-0.99,0.05,4.50,0.10,9.00,0.15,13.50,"47,261.95"
2036,29/06/2018,MCH,"90,900","94,500","90,000","94,500","90,000","90,897",-900,-0.99,0.11,10.20,0.15,13.64,0.26,23.84,"47,261.95"
2037,28/06/2018,MCH,"90,900","95,000","90,900","95,000","90,900","90,924",0,0.00,0.03,2.51,0.00,0.00,0.03,2.51,"47,734.57"
2038,27/06/2018,MCH,"91,100","90,900","90,900","94,000","90,900","90,939",-200,-0.22,0.02,2.18,0.10,9.25,0.12,11.43,"47,734.57"
2039,26/06/2018,MCH,"90,300","95,400","90,900","95,400","90,900","91,058",600,0.66,0.01,0.65,0.00,0.00,0.01,0.65,"47,734.57"
2040,25/06/2018,MCH,"94,300","90,200","90,200","90,500","90,200","90,339","-4,100",-4.35,0.01,0.80,0.00,0.00,0.01,0.80,"47,366.98"
2041,22/06/2018,MCH,"94,300","94,300","95,000","94,300","94,300",0,700,0.74,0.00,0.00,0.12,11.32,0.12,11.32,"49,887.61"
2042,21/06/2018,MCH,"97,000","95,000","95,000","95,100","90,000","94,320","-2,000",-2.06,0.01,0.57,0.00,0.00,0.01,0.57,"49,887.61"
2043,20/06/2018,MCH,"93,100","95,000","99,000","99,000","95,000","97,000","5,900",6.34,0.00,0.02,0.10,9.60,0.10,9.62,"51,988.14"
2044,19/06/2018,MCH,"98,500","103,000","99,500","103,000","87,000","93,075","1,000",1.02,0.01,0.82,0.00,0.00,0.01,0.82,"52,250.71"
2045,18/06/2018,MCH,"99,000","99,000","97,000","99,000","97,000","98,470","-2,000",-2.02,0.01,0.56,0.13,12.74,0.14,13.30,"50,937.88"
2046,15/06/2018,MCH,"92,000","99,000","99,000","99,000","99,000","98,104","7,000",7.61,0.00,0.01,0.00,0.00,0.00,0.01,"51,988.14"
2047,14/06/2018,MCH,"98,800","98,900","96,000","98,900","96,000","96,507","-2,800",-2.83,0.01,0.56,0.00,0.00,0.01,0.56,"50,412.75"
2048,13/06/2018,MCH,"98,900","99,900","99,000","99,900","96,100","98,789",100,0.10,0.00,0.27,0.00,0.00,0.00,0.27,"51,988.14"
2049,12/06/2018,MCH,"98,300","100,000","100,000","100,000","95,000","98,930","1,700",1.73,0.01,0.91,3.94,329.22,3.95,330.13,"52,513.28"
2050,11/06/2018,MCH,"97,800","103,000","97,000","103,000","97,000","98,337",-800,-0.82,0.00,0.37,0.00,0.00,0.00,0.37,"50,937.88"
2051,08/06/2018,MCH,"96,000","100,000","98,700","103,000","95,300","97,825","2,700",2.81,0.01,0.52,0.00,0.00,0.01,0.52,"51,830.61"
2052,07/06/2018,MCH,"95,100","98,500","95,100","98,500","95,100","96,011",911,0.96,0.01,0.69,0.00,0.00,0.01,0.69,"49,940.13"
2053,06/06/2018,MCH,"96,100","96,100","97,500","97,500","93,100","95,099","1,400",1.46,0.01,0.89,0.00,0.00,0.01,0.89,"51,200.45"
2054,05/06/2018,MCH,"101,100","90,000","97,000","97,000","90,000","96,094","-4,100",-4.06,0.01,0.53,0.00,0.00,0.01,0.53,"50,937.88"
2055,04/06/2018,MCH,"99,000","102,000","99,000","102,000","99,000","99,007","2,143",2.16,0.00,0.08,0.10,9.90,0.10,9.98,"51,988.14"
2056,01/06/2018,MCH,"102,000","95,000","100,000","100,000","95,000","99,000","-2,000",-1.96,0.00,0.11,0.00,0.00,0.00,0.11,"52,513.28"
2057,31/05/2018,MCH,"93,700","102,000","101,900","102,000","101,900","101,983","8,200",8.75,0.00,0.06,0.00,0.00,0.00,0.06,"53,511.03"
2058,30/05/2018,MCH,"91,800","90,000","98,500","99,000","88,300","93,737","6,700",7.30,0.01,0.60,0.00,0.00,0.01,0.60,"51,725.58"
2059,29/05/2018,MCH,"90,500","92,000","92,000","92,000","90,000","91,830","1,500",1.66,0.00,0.43,0.00,0.00,0.00,0.43,"48,312.22"
2060,28/05/2018,MCH,"95,500","95,000","88,000","95,000","88,000","90,500","-7,500",-7.85,0.00,0.17,0.08,7.84,0.08,8.01,"46,211.68"
2061,25/05/2018,MCH,"96,700","96,000","95,100","96,000","95,000","95,517","-1,600",-1.65,0.00,0.06,0.00,0.00,0.00,0.06,"49,940.13"
2062,24/05/2018,MCH,"97,400","98,000","100,000","100,000","92,000","96,667","2,600",2.67,0.00,0.03,0.08,7.65,0.08,7.68,"52,513.28"
2063,23/05/2018,MCH,"97,600","97,600","98,900","99,000","96,500","97,365","1,300",1.33,0.00,0.23,0.00,0.00,0.00,0.23,"51,935.63"
2064,22/05/2018,MCH,"95,200","96,000","98,000","100,000","95,200","95,812","2,800",2.94,0.03,2.57,0.08,7.14,0.10,9.71,"51,463.01"
2065,21/05/2018,MCH,"96,900","96,500","94,000","96,500","93,000","95,178","-2,900",-2.99,0.01,0.65,0.00,0.00,0.01,0.65,"49,362.48"
2066,18/05/2018,MCH,"96,500","106,000","96,500","106,000","96,500","96,884",384,0.40,0.01,0.50,0.00,0.00,0.01,0.50,"50,675.31"
2067,17/05/2018,MCH,"103,100","96,000","101,000","101,000","96,000","96,455","-2,100",-2.04,0.00,0.11,0.00,0.00,0.00,0.11,"53,038.41"
2068,16/05/2018,MCH,"103,100","103,100","103,100","103,100","103,100","103,100",0,0.00,0.00,0.02,0.00,0.00,0.00,0.02,"54,141.19"
2069,15/05/2018,MCH,"101,800","112,000","102,000","112,000","102,000","103,063",200,0.20,0.01,0.75,0.00,0.00,0.01,0.75,"53,563.54"
2070,14/05/2018,MCH,"107,300","102,000","105,000","105,000","100,000","101,771","-2,300",-2.14,0.01,1.46,0.00,0.00,0.01,1.46,"55,138.94"
2071,11/05/2018,MCH,"111,600","108,000","107,000","109,000","107,000","107,290","-4,600",-4.12,0.01,0.56,0.00,0.00,0.01,0.56,"56,189.21"
2072,10/05/2018,MCH,"112,100","112,100","109,100","112,100","109,100","111,488","-3,000",-2.68,0.00,0.09,0.00,0.00,0.00,0.09,"57,291.99"
2073,09/05/2018,MCH,"112,900","112,900","112,500","112,900","110,000","112,035",-400,-0.35,0.01,1.18,0.00,0.00,0.01,1.18,"59,077.44"
2074,08/05/2018,MCH,"110,800","105,000","112,000","115,000","105,000","112,866","1,200",1.08,0.12,13.16,0.00,0.00,0.12,13.16,"58,814.87"
2075,07/05/2018,MCH,"113,400","112,000","108,000","112,000","108,000","110,817","-5,400",-4.76,0.00,0.40,0.00,0.00,0.00,0.40,"56,714.34"
2076,04/05/2018,MCH,"108,600","107,000","111,600","115,000","106,000","113,385","3,000",2.76,0.17,19.48,0.00,0.00,0.17,19.48,"58,604.82"
2077,03/05/2018,MCH,"107,700","103,000","111,900","111,900","98,700","108,586","4,200",3.90,0.11,11.48,0.00,0.00,0.11,11.48,"58,762.36"
2078,02/05/2018,MCH,"109,400","109,400","108,000","109,400","103,000","107,749","-1,400",-1.28,0.01,1.19,0.00,0.00,0.01,1.19,"56,714.34"
2079,27/04/2018,MCH,"104,400","104,500","112,500","112,500","103,800","109,355","8,100",7.76,0.05,5.60,0.00,0.00,0.05,5.60,"59,077.44"
2080,26/04/2018,MCH,"105,400","106,000","105,000","106,500","102,800","104,438",-400,-0.38,0.05,5.49,0.00,0.00,0.05,5.49,"55,138.94"
2081,24/04/2018,MCH,"104,300","104,000","106,500","106,500","104,000","105,354","2,200",2.11,0.09,9.88,0.00,0.00,0.09,9.88,"55,926.64"
2082,23/04/2018,MCH,"103,000","101,000","105,900","105,900","101,000","104,331","2,900",2.82,0.12,12.08,0.00,0.00,0.12,12.08,"55,611.56"
2083,20/04/2018,MCH,"100,400","102,000","103,700","104,000","101,000","102,985","3,300",3.29,0.07,7.38,0.00,0.00,0.07,7.38,"54,456.27"
2084,19/04/2018,MCH,"104,600","102,000","102,000","102,000","98,000","100,449","-2,600",-2.49,0.13,12.92,0.00,0.00,0.13,12.92,"53,563.54"
2085,18/04/2018,MCH,"102,600","105,000","104,000","105,000","102,600","104,586","1,400",1.36,0.10,10.55,0.00,0.00,0.10,10.55,"54,613.81"
2086,17/04/2018,MCH,"98,500","100,000","103,500","104,700","100,000","104,295","5,000",5.08,0.04,4.15,0.10,10.50,0.14,14.65,"54,351.24"
2087,16/04/2018,MCH,"96,000","96,300","101,000","102,000","96,000","98,506","5,000",5.21,0.07,7.31,0.00,0.00,0.07,7.31,"53,038.41"
2088,13/04/2018,MCH,"95,900","96,000","96,200","96,200","96,000","96,027",300,0.31,0.06,5.49,0.00,0.00,0.06,5.49,"50,517.77"
2089,12/04/2018,MCH,"95,600","93,300","96,000","96,000","93,300","95,909",400,0.42,0.02,2.05,0.00,0.00,0.02,2.05,"50,412.75"
2090,11/04/2018,MCH,"95,800","95,000","96,000","96,000","95,000","95,633",200,0.21,0.03,2.63,0.00,0.00,0.03,2.63,"50,412.75"
2091,10/04/2018,MCH,"96,000","94,900","96,000","96,000","94,900","95,760",0,0.00,0.04,3.80,0.00,0.00,0.04,3.80,"50,412.75"
2092,09/04/2018,MCH,"96,200","96,000","96,000","96,100","96,000","95,996",-200,-0.21,0.02,2.32,0.00,0.00,0.02,2.32,"50,412.75"
2093,06/04/2018,MCH,"95,900","96,100","96,800","97,000","96,000","96,208",900,0.94,0.02,1.48,0.00,0.00,0.02,1.48,"50,832.85"
2094,05/04/2018,MCH,"95,300","95,000","96,000","97,100","92,600","95,872",700,0.73,0.04,3.60,0.00,0.00,0.04,3.60,"50,412.75"
2095,04/04/2018,MCH,"95,300","95,000","95,000","96,000","95,000","95,310",-300,-0.31,0.01,0.76,0.00,0.00,0.01,0.76,"49,887.61"
2096,03/04/2018,MCH,"95,900","95,000","95,900","96,000","94,500","95,289",0,0.00,0.02,1.73,0.00,0.00,0.02,1.73,"50,360.23"
2097,02/04/2018,MCH,"96,100","92,700","96,000","96,000","92,700","95,890",-100,-0.10,0.02,1.72,0.00,0.00,0.02,1.72,"50,412.75"
2098,30/03/2018,MCH,"96,000","96,000","96,200","96,700","96,000","96,071",65,0.07,0.02,1.31,0.00,0.00,0.02,1.31,"50,517.77"
2099,29/03/2018,MCH,"97,600","96,000","96,000","96,000","96,000","96,000","-1,600",-1.64,0.01,0.79,0.00,0.00,0.01,0.79,"50,412.75"
2100,28/03/2018,MCH,"97,500","98,000","97,800","98,000","97,000","97,641",300,0.31,0.01,0.96,0.00,0.00,0.01,0.96,"51,357.99"
2101,27/03/2018,MCH,"96,200","97,000","97,900","98,000","97,000","97,507","1,700",1.77,0.02,2.10,0.00,0.00,0.02,2.10,"51,410.50"
2102,26/03/2018,MCH,"93,800","93,800","98,000","98,000","93,800","96,150","4,200",4.48,0.04,3.72,0.00,0.00,0.04,3.72,"51,463.01"
2103,23/03/2018,MCH,"94,100","94,000","94,600","94,600","92,100","93,788",500,0.53,0.06,5.19,0.00,0.00,0.06,5.19,"49,677.56"
2104,22/03/2018,MCH,"97,300","95,100","94,000","95,100","93,000","94,100","-3,300",-3.39,0.04,3.44,0.00,0.00,0.04,3.44,"49,362.48"
2105,21/03/2018,MCH,"97,200","98,500","96,000","98,500","96,000","97,332","-1,200",-1.23,0.02,1.85,0.00,0.00,0.02,1.85,"50,412.75"
2106,20/03/2018,MCH,"93,800","93,800","99,000","99,000","93,800","97,169","5,200",5.54,0.05,4.62,0.00,0.00,0.05,4.62,"51,988.14"
2107,19/03/2018,MCH,"91,900","92,000","94,500","95,000","92,000","93,787","1,600",1.74,0.04,4.04,0.00,0.00,0.04,4.04,"49,625.05"
2108,16/03/2018,MCH,"89,400","91,700","91,700","92,500","91,700","91,922","2,300",2.57,0.11,9.92,0.00,0.00,0.11,9.92,"48,154.68"
2109,15/03/2018,MCH,"89,100","88,500","89,500","90,000","88,500","89,353",400,0.45,0.05,4.25,0.00,0.00,0.05,4.25,"46,999.38"
2110,14/03/2018,MCH,"88,200","88,200","90,000","90,000","88,100","89,099","1,800",2.04,0.06,5.22,0.00,0.00,0.06,5.22,"47,261.95"
2111,13/03/2018,MCH,"88,200","88,300","88,800","89,000","88,000","88,185",600,0.68,0.03,2.79,0.00,0.00,0.03,2.79,"46,631.79"
2112,12/03/2018,MCH,"85,300","86,000","89,200","89,500","86,000","88,155","3,900",4.57,0.07,6.35,0.00,0.00,0.07,6.35,"46,841.84"
2113,09/03/2018,MCH,"82,400","84,000","86,800","86,800","83,000","85,327","4,400",5.34,0.05,4.30,0.00,0.00,0.05,4.30,"45,581.53"
2114,08/03/2018,MCH,"80,900","80,000","83,800","83,800","80,000","82,413","2,900",3.58,0.02,1.89,0.00,0.00,0.02,1.89,"44,006.13"
2115,07/03/2018,MCH,"80,800","80,600","80,800","82,000","80,600","80,886",99,0.12,0.01,0.67,0.00,0.00,0.01,0.67,"42,430.73"
2116,06/03/2018,MCH,"80,800","80,000","81,500","81,900","80,000","80,836",700,0.87,0.02,1.53,0.00,0.00,0.02,1.53,"42,798.32"
2117,05/03/2018,MCH,"80,800","79,500","81,500","81,500","79,500","80,835",700,0.87,0.01,1.19,0.00,0.00,0.01,1.19,"42,798.32"
2118,02/03/2018,MCH,"80,600","79,500","81,000","81,900","79,500","80,833",240,0.30,0.03,2.32,0.00,0.00,0.03,2.32,"42,535.75"
2119,01/03/2018,MCH,"79,800","80,000","81,000","81,000","79,800","80,599","1,200",1.50,0.03,2.14,0.00,0.00,0.03,2.14,"42,535.75"
2120,28/02/2018,MCH,"79,500","79,500","80,000","80,000","79,500","79,805",500,0.63,0.03,2.34,0.00,0.00,0.03,2.34,"42,010.62"
2121,27/02/2018,MCH,"79,900","78,000","80,200","80,200","78,000","79,450",300,0.38,0.02,1.38,0.00,0.00,0.02,1.38,"42,115.65"
2122,26/02/2018,MCH,"78,400","78,400","80,000","80,700","78,400","79,890","1,600",2.04,0.07,5.32,0.00,0.01,0.07,5.32,"42,010.62"
2123,23/02/2018,MCH,"78,400","78,000","78,300","78,600","78,000","78,368",-100,-0.13,0.01,2.70,0.03,1.73,0.04,4.43,"41,117.90"
2124,22/02/2018,MCH,"78,500","78,000","78,600","78,600","78,000","78,423",100,0.13,0.02,1.69,0.00,0.00,0.02,1.69,"41,275.44"
2125,21/02/2018,MCH,"75,800","76,000","78,600","79,200","75,800","78,461","2,800",3.69,0.05,3.83,0.00,0.00,0.05,3.83,"41,275.44"
2126,13/02/2018,MCH,"75,400","75,100","77,500","77,500","75,100","75,782","2,100",2.79,0.01,0.39,0.00,0.00,0.01,0.39,"40,697.79"
2127,12/02/2018,MCH,"76,300","75,000","75,000","76,000","75,000","75,386","-1,300",-1.70,0.01,0.65,0.00,0.00,0.01,0.65,"39,384.96"
2128,09/02/2018,MCH,"76,600","75,000","75,000","76,500","71,600","76,305","-1,600",-2.09,0.12,9.34,0.00,0.00,0.12,9.34,"39,384.96"
2129,08/02/2018,MCH,"76,600","76,500","76,500","77,000","76,500","76,604",-100,-0.13,0.02,1.26,0.00,0.00,0.02,1.26,"40,172.66"
2130,07/02/2018,MCH,"72,200","78,000","76,500","78,000","76,500","76,569","4,300",5.96,0.02,1.71,0.00,0.00,0.02,1.71,"40,172.66"
2131,06/02/2018,MCH,"75,400","70,000","80,000","80,000","64,300","70,827","4,600",6.10,0.11,6.33,0.00,0.00,0.11,6.33,"42,010.62"
2132,05/02/2018,MCH,"76,500","76,300","73,000","77,500","73,000","75,431","-3,500",-4.58,0.09,6.78,0.00,0.00,0.09,6.78,"38,334.69"
2133,02/02/2018,MCH,"77,700","78,000","77,000","78,000","76,000","76,476",-700,-0.90,0.07,5.68,0.00,0.00,0.07,5.68,"40,435.22"
2134,01/02/2018,MCH,"78,900","78,200","78,400","78,900","77,100","77,728",-500,-0.63,0.01,0.83,0.00,0.00,0.01,0.83,"41,170.41"
2135,31/01/2018,MCH,"78,200","79,000","78,200","79,300","78,200","78,859",700,0.90,0.06,4.51,0.00,0.00,0.06,4.51,"41,065.38"
2136,30/01/2018,MCH,"78,100","79,000","78,100","79,000","78,000","78,196",100,0.13,0.05,3.57,0.00,0.00,0.05,3.57,"41,012.87"
2137,29/01/2018,MCH,"79,400","78,600","78,000","79,000","76,000","78,117","-1,400",-1.76,0.08,6.46,0.00,0.00,0.08,6.46,"40,960.36"
2138,26/01/2018,MCH,"79,000","78,500","78,600","80,000","78,300","79,411",410,0.52,0.02,1.73,0.00,0.00,0.02,1.73,"41,275.44"
2139,25/01/2018,MCH,"80,200","80,000","78,300","81,000","78,300","79,015","-1,900",-2.37,0.04,3.03,0.00,0.00,0.04,3.03,"41,117.90"
2140,24/01/2018,MCH,"77,700","78,900","81,300","83,000","78,000","80,161","3,400",4.38,0.12,9.27,0.00,0.00,0.12,9.27,"42,693.29"
2141,23/01/2018,MCH,"77,200","77,200","78,000","79,000","75,300","77,648",300,0.39,0.05,4.15,0.00,0.00,0.05,4.15,"40,960.36"
2142,22/01/2018,MCH,"78,300","77,500","75,300","78,400","75,000","77,987","-3,000",-3.83,0.03,1.32,0.00,0.00,0.03,1.32,"39,542.50"
2143,19/01/2018,MCH,"78,200","78,500","78,500","79,000","78,000","78,345",300,0.38,0.02,1.46,0.00,0.00,0.02,1.46,"41,222.92"
2144,18/01/2018,MCH,"78,500","78,000","78,500","78,500","77,600","78,169",0,0.00,0.05,4.03,0.00,0.00,0.05,4.03,"41,222.92"
2145,17/01/2018,MCH,"78,500","78,500","78,000","79,600","77,500","78,526",-500,-0.64,0.11,8.12,0.00,0.00,0.11,8.12,"40,960.36"
2146,16/01/2018,MCH,"78,000","78,000","78,200","78,900","77,600","78,453",500,0.64,0.07,5.76,0.00,0.00,0.07,5.76,"41,065.38"
2147,15/01/2018,MCH,"76,400","77,000","78,200","78,500","76,700","78,028","1,700",2.23,0.05,3.79,0.00,0.00,0.05,3.79,"41,065.38"
2148,12/01/2018,MCH,"75,900","76,000","77,000","77,500","76,000","76,412",100,0.13,0.04,2.80,0.00,0.00,0.04,2.80,"40,435.22"
2149,11/01/2018,MCH,"76,500","75,000","76,500","77,000","75,000","75,885",500,0.65,0.05,3.69,0.00,0.00,0.05,3.69,"40,172.66"
2150,10/01/2018,MCH,"78,000","78,000","76,000","78,500","70,000","76,489","-2,000",-2.56,0.06,4.21,0.00,0.00,0.06,4.21,"39,910.09"
2151,09/01/2018,MCH,"78,400","79,000","78,000","79,000","77,500","77,880",-400,-0.51,0.03,2.66,0.00,0.03,0.03,2.69,"40,960.36"
2152,08/01/2018,MCH,"75,700","76,000","79,000","79,100","76,000","78,386","3,300",4.36,0.05,3.60,0.00,0.00,0.05,3.60,"41,485.49"
2153,05/01/2018,MCH,"74,100","74,000","76,000","77,200","73,500","75,678","1,900",2.56,0.09,7.06,0.00,0.03,0.09,7.09,"39,910.09"
2154,04/01/2018,MCH,"71,100","71,000","74,300","75,000","71,000","74,094","2,900",4.08,0.07,5.28,0.00,0.00,0.07,5.28,"39,017.37"
2155,03/01/2018,MCH,"69,800","70,000","72,000","72,000","70,000","71,101","2,200",3.15,0.03,2.48,0.00,0.00,0.03,2.48,"37,809.56"
2156,02/01/2018,MCH,"68,900","69,000","70,000","71,000","68,700","69,740","2,100",3.05,0.02,1.27,0.00,0.00,0.02,1.27,"36,759.29"
