No,Date,Ticker,Reference,Open_price,Close_price,Highest_price,Lowest_price,Average,Change,Change_percent,Matched_volume,Matched_value,Negotiated_volume,Negotiated_value,Total_volume,Total_value,Market_cap
1,28/08/2026,MSN,"70,200","70,500","70,200","70,600","69,800","70,193",0,0.00,3.34,234.05,0.24,16.65,3.58,250.71,"107,753.57"
2,27/08/2026,MSN,"70,100","70,300","70,200","71,100","69,600","70,460",100,0.14,4.81,338.89,0.04,2.81,4.85,341.69,"107,753.57"
3,26/08/2026,MSN,"69,500","69,500","70,100","70,300","69,100","69,721",600,0.86,3.82,266.57,2.21,153.60,6.03,420.17,"107,600.07"
4,25/08/2026,MSN,"70,000","70,000","69,500","70,500","69,000","69,592",-500,-0.71,4.64,323.05,1.22,85.09,5.86,408.14,"106,679.10"
5,24/08/2026,MSN,"69,800","70,700","70,000","70,800","69,500","70,025",200,0.29,4.72,330.43,0.98,68.01,5.69,398.44,"107,446.58"
6,21/08/2026,MSN,"68,100","68,200","69,800","70,200","67,900","69,302","1,700",2.50,7.44,515.38,0.00,0.00,7.44,515.38,"107,139.59"
7,20/08/2026,MSN,"66,400","66,500","68,100","68,900","66,300","67,769","1,700",2.56,7.13,484.05,0.74,50.35,7.87,534.40,"104,530.17"
8,19/08/2026,MSN,"66,800","66,700","66,400","66,800","65,500","65,934",-400,-0.60,3.51,231.38,0.00,0.00,3.51,231.38,"101,920.75"
9,18/08/2026,MSN,"66,900","66,900","66,800","67,300","66,100","66,605",-100,-0.15,2.28,152.20,0.74,50.60,3.02,202.80,"102,534.73"
10,17/08/2026,MSN,"66,300","66,300","66,900","66,900","65,900","66,267",600,0.90,3.31,219.49,0.20,14.10,3.51,233.59,"102,688.23"
11,14/08/2026,MSN,"67,600","67,400","66,300","67,900","65,800","66,754","-1,300",-1.92,6.33,421.78,0.00,0.00,6.33,421.78,"101,767.26"
12,13/08/2026,MSN,"67,200","67,500","67,600","68,300","67,400","67,898",400,0.60,5.68,385.68,0.00,0.00,5.68,385.68,"103,762.69"
13,12/08/2026,MSN,"67,100","67,200","67,200","67,800","66,900","67,340",100,0.15,2.04,137.34,0.00,0.00,2.04,137.34,"103,148.71"
14,11/08/2026,MSN,"67,700","67,800","67,100","68,200","67,100","67,695",-600,-0.89,2.88,194.71,0.15,10.14,3.03,204.85,"102,995.22"
15,10/08/2026,MSN,"67,400","67,400","67,700","68,100","66,900","67,661",300,0.45,3.06,206.94,0.46,32.89,3.52,239.82,"103,916.19"
16,07/08/2026,MSN,"66,500","66,300","67,400","67,800","66,200","67,016",900,1.35,3.17,212.50,0.00,0.00,3.17,212.50,"103,455.70"
17,06/08/2026,MSN,"67,200","67,500","66,500","67,500","66,400","66,741",-700,-1.04,2.29,152.60,0.00,0.00,2.29,152.60,"102,074.25"
18,05/08/2026,MSN,"68,400","68,800","67,200","69,400","67,000","67,858","-1,200",-1.75,4.18,284.25,0.04,2.74,4.22,286.99,"103,148.71"
19,04/08/2026,MSN,"68,200","68,400","68,400","68,600","67,700","68,186",200,0.29,3.12,212.61,0.04,2.92,3.16,215.53,"104,990.65"
20,03/08/2026,MSN,"66,100","66,500","68,200","68,300","66,400","67,741","2,100",3.18,4.35,294.54,0.03,1.81,4.37,296.35,"104,683.66"
21,31/07/2026,MSN,"67,900","67,900","66,100","67,900","66,100","66,905","-1,800",-2.65,3.74,249.67,0.08,5.43,3.82,255.10,"101,460.27"
22,30/07/2026,MSN,"66,300","66,000","67,900","68,100","65,900","67,052","1,600",2.41,4.86,325.69,0.00,0.00,4.86,325.69,"104,223.18"
23,29/07/2026,MSN,"65,700","65,800","66,300","66,600","65,100","65,788",600,0.91,3.69,243.25,0.00,0.00,3.69,243.25,"101,767.26"
24,28/07/2026,MSN,"63,900","63,200","65,700","66,400","63,200","64,826","1,800",2.82,5.57,361.99,0.00,0.00,5.57,361.99,"100,846.29"
25,27/07/2026,MSN,"63,900","65,000","63,900","65,100","63,500","64,414",0,0.00,4.61,296.51,0.00,0.00,4.61,296.51,"98,083.37"
26,24/07/2026,MSN,"64,000","63,900","63,900","64,000","62,800","63,354",-100,-0.16,3.34,212.34,0.00,0.00,3.34,212.34,"98,083.37"
27,23/07/2026,MSN,"63,900","63,900","64,000","64,600","61,700","63,052",100,0.16,5.07,320.10,0.00,0.00,5.07,320.10,"98,236.87"
28,22/07/2026,MSN,"64,900","65,500","63,900","67,000","63,500","64,807","-1,000",-1.54,9.08,588.96,0.25,17.35,9.33,606.31,"98,083.37"
29,21/07/2026,MSN,"64,800","64,500","64,900","66,100","64,500","65,277",100,0.15,4.69,306.34,0.12,8.32,4.81,314.65,"99,618.33"
30,20/07/2026,MSN,"68,000","67,800","64,800","67,800","64,600","66,028","-3,200",-4.71,6.39,420.38,0.00,0.00,6.39,420.38,"99,464.83"
31,17/07/2026,MSN,"68,000","67,800","68,000","68,200","67,400","67,793",0,0.00,2.75,186.64,0.00,0.00,2.75,186.64,"104,376.67"
32,16/07/2026,MSN,"68,000","67,500","68,000","68,000","66,700","67,399",0,0.00,3.44,231.87,0.00,0.00,3.44,231.87,"104,376.67"
33,15/07/2026,MSN,"68,400","68,400","68,000","68,500","67,400","67,906",-400,-0.58,2.63,178.84,0.10,6.37,2.73,185.21,"104,376.67"
34,14/07/2026,MSN,"67,900","67,300","68,400","68,400","67,100","68,192",500,0.74,2.36,160.52,0.00,0.00,2.36,160.52,"104,990.65"
35,13/07/2026,MSN,"68,800","68,300","67,900","68,500","66,700","67,710",-900,-1.31,5.49,371.61,0.03,2.21,5.52,373.81,"104,223.18"
36,10/07/2026,MSN,"68,900","68,600","68,800","69,100","68,100","68,504",-100,-0.15,2.70,185.17,0.13,9.24,2.83,194.40,"105,604.63"
37,09/07/2026,MSN,"69,000","68,800","68,900","69,600","68,600","68,837",-100,-0.14,2.30,158.27,0.00,0.00,2.30,158.27,"105,758.13"
38,08/07/2026,MSN,"68,600","68,400","69,000","69,700","67,500","68,140",400,0.58,10.94,745.81,0.00,0.00,10.94,745.81,"105,911.62"
39,07/07/2026,MSN,"70,500","70,400","68,600","70,400","68,300","68,929","-1,900",-2.70,9.70,667.78,0.00,0.00,9.70,667.78,"105,297.64"
40,06/07/2026,MSN,"71,800","71,600","70,500","71,800","69,200","70,774","-1,300",-1.81,4.68,330.94,0.00,0.00,4.68,330.94,"108,214.05"
41,03/07/2026,MSN,"72,400","72,100","71,800","72,400","71,500","71,750",-600,-0.83,2.72,195.28,0.00,0.00,2.72,195.28,"109,171.32"
42,02/07/2026,MSN,"72,500","72,800","72,400","73,100","71,900","72,373",-100,-0.14,3.05,220.84,0.00,0.00,3.05,220.84,"110,083.62"
43,01/07/2026,MSN,"72,100","72,000","72,500","72,800","71,900","72,395",400,0.55,2.28,164.96,4.30,313.27,6.58,478.24,"110,235.66"
44,30/06/2026,MSN,"72,100","72,200","72,100","72,700","71,600","72,028",0,0.00,2.68,193.34,0.00,0.00,2.68,193.34,"109,627.47"
45,29/06/2026,MSN,"71,400","71,600","72,100","72,100","71,400","71,832",700,0.98,2.19,157.27,6.61,484.58,8.79,641.85,"109,627.47"
46,26/06/2026,MSN,"71,500","71,400","71,400","71,500","70,900","71,141",-100,-0.14,1.95,138.75,2.32,169.04,4.27,307.80,"108,563.12"
47,25/06/2026,MSN,"71,500","71,700","71,500","71,700","71,200","71,400",0,0.00,1.09,78.06,2.30,168.10,3.40,246.16,"108,715.17"
48,24/06/2026,MSN,"71,500","71,400","71,500","71,600","70,600","70,944",0,0.00,2.09,148.16,6.94,506.27,9.03,654.43,"108,715.17"
49,23/06/2026,MSN,"71,500","71,800","71,500","72,300","70,700","71,367",0,0.00,3.92,280.15,0.00,0.00,3.92,280.15,"108,715.17"
50,22/06/2026,MSN,"72,000","72,600","71,500","72,600","71,500","71,906",-500,-0.69,1.68,120.73,9.82,711.96,11.50,832.70,"108,715.17"
51,19/06/2026,MSN,"72,100","72,200","72,000","72,600","72,000","72,165",-100,-0.14,2.20,158.90,0.50,36.95,2.70,195.84,"109,475.42"
52,18/06/2026,MSN,"72,500","72,500","72,100","73,200","72,100","72,721",-400,-0.55,2.96,214.54,0.07,5.09,3.03,219.63,"109,627.47"
53,17/06/2026,MSN,"73,000","73,100","72,500","73,300","72,500","72,878",-500,-0.68,2.46,179.50,0.45,32.99,2.91,212.49,"110,235.66"
54,16/06/2026,MSN,"72,200","72,500","73,000","73,200","72,200","72,625",800,1.11,2.00,145.24,0.25,17.73,2.24,162.98,"110,995.91"
55,15/06/2026,MSN,"71,100","72,100","72,200","72,800","71,900","72,434","1,100",1.55,2.83,204.92,0.00,0.00,2.83,204.92,"109,779.52"
56,12/06/2026,MSN,"71,000","72,000","71,100","72,200","71,100","71,703",100,0.14,2.52,181.04,0.30,21.45,2.82,202.49,"108,106.98"
57,11/06/2026,MSN,"71,900","71,500","71,000","71,800","71,000","71,397",-900,-1.25,1.78,126.82,0.00,0.00,1.78,126.82,"107,954.93"
58,10/06/2026,MSN,"72,400","72,200","71,900","72,300","71,600","71,961",-500,-0.69,1.53,109.96,7.97,570.96,9.50,680.92,"109,323.37"
59,09/06/2026,MSN,"70,800","71,300","72,400","72,500","70,900","71,557","1,600",2.26,3.42,244.93,1.34,99.80,4.76,344.73,"110,083.62"
60,08/06/2026,MSN,"73,100","72,400","70,800","72,700","70,800","71,802","-2,300",-3.15,5.81,416.70,9.45,700.71,15.26,"1,117.40","107,650.83"
61,05/06/2026,MSN,"74,000","74,300","73,100","74,300","73,000","73,497",-900,-1.22,2.86,210.31,1.36,101.58,4.22,311.89,"111,147.96"
62,04/06/2026,MSN,"75,100","74,900","74,000","74,900","73,900","74,238","-1,100",-1.46,1.88,139.48,9.34,700.79,11.22,840.27,"112,516.40"
63,03/06/2026,MSN,"73,200","73,100","75,100","75,100","72,600","73,791","1,900",2.60,3.87,286.55,0.00,0.00,3.87,286.55,"114,188.94"
64,02/06/2026,MSN,"74,700","74,700","73,200","74,800","73,200","74,008","-1,500",-2.01,3.42,252.66,4.55,340.00,7.97,592.66,"111,300.01"
65,01/06/2026,MSN,"74,700","74,800","74,700","75,200","74,200","74,646",0,0.00,2.09,155.95,0.09,6.27,2.17,162.22,"113,580.75"
66,29/05/2026,MSN,"75,500","75,800","74,700","75,800","74,700","75,210",-800,-1.06,3.64,273.48,0.09,7.26,3.73,280.75,"113,580.75"
67,28/05/2026,MSN,"76,500","76,600","75,500","76,900","75,500","76,306","-1,000",-1.31,3.04,231.87,0.15,12.35,3.19,244.22,"114,797.14"
68,27/05/2026,MSN,"77,000","77,300","76,500","77,500","76,500","76,998",-500,-0.65,3.27,251.91,3.78,288.16,7.05,540.07,"116,317.63"
69,26/05/2026,MSN,"77,200","77,300","77,000","77,300","76,700","76,904",-200,-0.26,2.64,202.80,0.16,12.60,2.80,215.39,"117,077.88"
70,25/05/2026,MSN,"76,000","76,000","77,200","77,300","75,700","76,771","1,200",1.58,4.61,354.04,2.26,172.60,6.87,526.64,"117,381.98"
71,22/05/2026,MSN,"76,200","76,100","76,000","76,700","75,600","76,204",-200,-0.26,2.60,198.38,0.00,0.00,2.60,198.38,"115,557.39"
72,21/05/2026,MSN,"75,600","76,000","76,200","76,900","75,800","76,307",600,0.79,3.55,270.94,0.00,0.00,3.55,270.94,"115,861.48"
73,20/05/2026,MSN,"76,500","76,400","75,600","76,800","74,400","75,441",-900,-1.18,7.86,592.91,0.82,63.92,8.68,656.84,"114,949.19"
74,19/05/2026,MSN,"76,500","76,800","76,500","77,400","76,300","76,795",0,0.00,5.11,392.64,0.07,5.76,5.19,398.40,"116,317.63"
75,18/05/2026,MSN,"77,500","77,100","76,500","77,300","76,400","76,739","-1,000",-1.29,5.62,431.33,1.70,132.20,7.32,563.53,"116,317.63"
76,15/05/2026,MSN,"79,100","79,100","77,500","79,100","77,100","77,932","-1,600",-2.02,4.81,374.45,0.00,0.00,4.81,374.45,"117,838.12"
77,14/05/2026,MSN,"78,900","79,300","79,100","79,500","78,600","78,966",200,0.25,4.32,341.49,0.07,5.45,4.39,346.93,"120,270.91"
78,13/05/2026,MSN,"77,700","77,700","78,900","79,300","77,500","78,408","1,200",1.54,6.48,508.14,0.00,0.00,6.48,508.14,"119,966.81"
79,12/05/2026,MSN,"77,500","77,700","77,700","78,000","76,600","77,137",200,0.26,6.06,468.05,0.10,7.27,6.16,475.32,"118,142.22"
80,11/05/2026,MSN,"80,200","80,800","77,500","80,800","77,500","78,771","-2,700",-3.37,8.19,644.80,0.46,36.53,8.65,681.33,"117,838.12"
81,08/05/2026,MSN,"81,000","81,000","80,200","82,400","80,000","81,241",-800,-0.99,8.82,716.75,0.00,0.00,8.82,716.75,"121,943.45"
82,07/05/2026,MSN,"78,400","79,700","81,000","82,300","79,200","80,921","2,600",3.32,15.77,"1,275.98",0.43,33.66,16.20,"1,309.64","123,159.85"
83,06/05/2026,MSN,"76,600","77,300","78,400","78,500","76,900","77,635","1,800",2.35,5.81,450.95,0.00,0.00,5.81,450.95,"119,206.57"
84,05/05/2026,MSN,"76,800","76,900","76,600","78,400","76,600","77,327",-200,-0.26,4.69,362.77,0.00,0.00,4.69,362.77,"116,469.68"
85,04/05/2026,MSN,"76,800","77,200","76,800","77,500","76,200","76,741",0,0.00,3.38,259.63,0.00,0.00,3.38,259.63,"116,773.78"
86,29/04/2026,MSN,"77,400","77,000","76,800","77,400","76,100","76,597",-600,-0.78,4.03,308.58,0.00,0.00,4.03,308.58,"116,773.78"
87,28/04/2026,MSN,"77,200","77,200","77,400","77,900","76,700","77,205",200,0.26,3.73,288.17,0.00,0.00,3.73,288.17,"117,686.08"
88,24/04/2026,MSN,"78,200","79,000","77,200","79,600","77,200","77,999","-1,000",-1.28,7.80,609.38,0.00,0.00,7.80,609.38,"117,381.98"
89,23/04/2026,MSN,"79,000","79,200","78,200","79,300","77,100","78,260",-800,-1.01,6.07,474.96,0.00,0.00,6.07,474.96,"118,902.47"
90,22/04/2026,MSN,"79,000","78,900","79,000","79,200","78,100","78,589",0,0.00,4.82,379.14,0.00,0.00,4.82,379.14,"120,118.86"
91,21/04/2026,MSN,"79,800","80,000","79,000","80,900","78,800","79,805",-800,-1.00,7.45,594.40,0.00,0.00,7.45,594.40,"120,118.86"
92,20/04/2026,MSN,"79,500","80,000","79,800","80,400","79,300","79,722",300,0.38,5.21,415.70,0.00,0.00,5.21,415.70,"121,335.26"
93,17/04/2026,MSN,"78,000","78,300","79,500","82,500","78,300","80,261","1,500",1.92,13.60,"1,091.86",0.00,0.00,13.60,"1,091.86","120,879.11"
94,16/04/2026,MSN,"77,200","77,200","78,000","78,800","76,700","78,033",800,1.04,7.35,573.20,0.00,0.00,7.35,573.20,"118,598.37"
95,15/04/2026,MSN,"77,600","78,400","77,200","78,400","77,000","77,764",-400,-0.52,4.32,335.68,1.00,75.67,5.32,411.36,"117,381.98"
96,14/04/2026,MSN,"77,000","77,700","77,600","78,000","77,000","77,328",600,0.78,4.52,349.79,0.00,0.00,4.52,349.79,"117,990.17"
97,13/04/2026,MSN,"78,000","77,200","77,000","77,600","76,400","76,949","-1,000",-1.28,5.03,387.22,0.00,0.00,5.03,387.22,"117,077.88"
98,10/04/2026,MSN,"78,000","78,500","78,000","78,700","77,500","78,121",0,0.00,3.90,304.44,0.00,0.00,3.90,304.44,"118,598.37"
99,09/04/2026,MSN,"77,700","77,600","78,000","79,500","76,800","78,262",300,0.39,6.33,496.16,0.89,67.14,7.23,563.30,"118,598.37"
100,08/04/2026,MSN,"75,100","77,200","77,700","77,800","76,300","77,123","2,600",3.46,10.01,771.94,1.20,89.76,11.21,861.70,"118,142.22"
101,07/04/2026,MSN,"75,300","75,400","75,100","75,700","74,300","75,029",-200,-0.27,3.19,239.43,0.89,67.14,4.09,306.57,"114,188.94"
102,06/04/2026,MSN,"75,300","75,100","75,300","76,200","74,500","75,369",0,0.00,4.24,319.63,1.20,89.76,5.44,409.39,"114,493.04"
103,03/04/2026,MSN,"76,100","76,200","75,300","77,100","74,800","75,681",-800,-1.05,5.24,395.94,0.00,0.00,5.24,395.94,"114,493.04"
104,02/04/2026,MSN,"76,900","76,600","76,100","76,700","75,300","75,942",-800,-1.04,5.42,411.78,0.04,3.29,5.46,415.07,"115,709.44"
105,01/04/2026,MSN,"75,500","76,800","76,900","77,400","75,900","76,704","1,400",1.85,8.28,635.74,1.41,101.81,9.69,737.54,"116,925.83"
106,31/03/2026,MSN,"74,800","75,500","75,500","76,400","75,000","75,773",700,0.94,5.91,448.22,1.46,106.67,7.37,554.89,"114,797.14"
107,30/03/2026,MSN,"73,300","72,000","74,800","75,300","71,800","73,505","1,500",2.05,6.57,484.68,0.00,0.00,6.57,484.68,"113,732.80"
108,27/03/2026,MSN,"72,100","72,200","73,300","73,400","72,200","72,854","1,200",1.66,4.26,310.82,0.00,0.00,4.26,310.82,"111,452.06"
109,26/03/2026,MSN,"73,200","73,000","72,100","73,200","71,800","72,252","-1,100",-1.50,4.01,290.00,0.80,57.28,4.81,347.28,"109,627.47"
110,25/03/2026,MSN,"72,100","73,500","73,200","73,500","72,200","72,850","1,100",1.53,4.08,297.15,0.00,0.00,4.08,297.15,"111,300.01"
111,24/03/2026,MSN,"70,800","72,500","72,100","72,800","71,700","72,234","1,300",1.84,3.69,266.69,0.50,35.64,4.19,302.33,"109,627.47"
112,23/03/2026,MSN,"71,300","70,600","70,800","72,800","70,600","71,648",-500,-0.70,8.31,594.73,2.13,159.04,10.44,753.77,"107,650.83"
113,20/03/2026,MSN,"75,400","75,100","71,300","75,500","71,300","73,812","-4,100",-5.44,8.88,647.63,4.90,369.71,13.78,"1,017.33","108,411.07"
114,19/03/2026,MSN,"75,300","73,600","75,400","75,700","73,500","74,790",100,0.13,8.22,615.19,3.02,227.04,11.24,842.22,"114,645.09"
115,18/03/2026,MSN,"75,400","75,800","75,300","75,800","74,000","75,150",-100,-0.13,5.03,377.88,0.00,0.00,5.03,377.88,"114,493.04"
116,17/03/2026,MSN,"73,500","74,000","75,400","75,700","73,800","75,124","1,900",2.59,8.48,636.54,0.89,67.03,9.37,703.57,"114,645.09"
117,16/03/2026,MSN,"73,900","74,700","73,500","75,200","73,400","73,893",-400,-0.54,4.58,338.43,0.00,0.00,4.58,338.43,"111,756.16"
118,13/03/2026,MSN,"73,100","73,400","73,900","74,700","72,700","73,912",800,1.09,8.34,616.70,0.00,0.00,8.34,616.70,"112,364.35"
119,12/03/2026,MSN,"73,000","73,200","73,100","74,500","71,800","73,110",100,0.14,8.49,620.89,0.00,0.00,8.49,620.89,"111,147.96"
120,11/03/2026,MSN,"68,300","69,300","73,000","73,000","69,100","71,451","4,700",6.88,10.58,755.62,0.00,0.00,10.58,755.62,"110,995.91"
121,10/03/2026,MSN,"68,200","69,000","68,300","69,800","66,100","68,210",100,0.15,13.57,926.98,0.00,0.00,13.57,926.98,"103,849.60"
122,09/03/2026,MSN,"73,300","68,200","68,200","70,000","68,200","68,225","-5,100",-6.96,4.33,295.09,0.03,1.73,4.35,296.82,"103,697.55"
123,06/03/2026,MSN,"75,300","74,900","73,300","75,000","73,200","74,030","-2,000",-2.66,7.96,588.37,0.03,2.30,7.99,590.66,"111,452.06"
124,05/03/2026,MSN,"76,000","76,800","75,300","77,500","75,300","76,283",-700,-0.92,6.07,463.17,0.00,0.00,6.07,463.17,"114,493.04"
125,04/03/2026,MSN,"77,000","77,100","76,000","77,600","74,000","75,561","-1,000",-1.30,11.19,846.01,1.41,108.43,12.60,954.44,"115,557.39"
126,03/03/2026,MSN,"78,400","79,200","77,000","79,700","77,000","78,168","-1,400",-1.79,7.77,607.06,3.03,237.32,10.79,844.38,"117,077.88"
127,02/03/2026,MSN,"79,000","77,800","78,400","80,700","77,300","79,062",-600,-0.76,10.25,810.03,0.00,0.00,10.25,810.03,"119,206.57"
128,27/02/2026,MSN,"80,400","80,500","79,000","80,600","79,000","79,674","-1,400",-1.74,5.05,402.55,0.00,0.00,5.05,402.55,"120,118.86"
129,26/02/2026,MSN,"80,300","80,700","80,400","81,200","79,900","80,347",100,0.12,4.99,401.26,0.00,0.00,4.99,401.26,"122,247.55"
130,25/02/2026,MSN,"80,900","81,300","80,300","81,600","80,300","80,817",-600,-0.74,5.85,473.16,3.49,282.59,9.34,755.75,"122,095.50"
131,24/02/2026,MSN,"79,200","79,300","80,900","80,900","78,600","79,606","1,700",2.15,8.48,676.02,0.08,6.65,8.56,682.68,"123,007.80"
132,23/02/2026,MSN,"78,000","78,800","79,200","79,200","78,300","78,810","1,200",1.54,3.79,298.92,1.44,116.02,5.23,414.93,"120,422.96"
133,13/02/2026,MSN,"78,000","78,000","78,000","78,300","77,700","78,011",0,0.00,3.96,309.26,0.13,9.98,4.09,319.25,"118,598.37"
134,12/02/2026,MSN,"78,000","78,400","78,000","78,400","78,000","78,236",0,0.00,2.76,215.89,0.00,0.00,2.76,215.89,"118,598.37"
135,11/02/2026,MSN,"76,800","77,300","78,000","78,600","76,900","77,992","1,200",1.56,5.60,436.84,0.27,21.97,5.87,458.81,"118,598.37"
136,10/02/2026,MSN,"78,200","78,200","76,800","78,400","75,600","77,280","-1,400",-1.79,6.02,464.83,0.00,0.00,6.02,464.83,"116,773.78"
137,09/02/2026,MSN,"78,200","79,000","78,200","79,200","78,000","78,323",0,0.00,3.68,288.38,0.00,0.00,3.68,288.38,"118,902.47"
138,06/02/2026,MSN,"79,400","78,400","78,200","79,500","77,700","78,437","-1,200",-1.51,9.42,738.92,0.14,11.89,9.56,750.81,"118,902.47"
139,05/02/2026,MSN,"82,700","82,800","79,400","82,900","79,400","80,980","-3,300",-3.99,10.43,843.65,0.00,0.00,10.43,843.65,"120,727.06"
140,04/02/2026,MSN,"83,800","84,100","82,700","84,900","82,500","83,398","-1,100",-1.31,8.32,695.20,0.00,0.00,8.32,695.20,"125,744.68"
141,03/02/2026,MSN,"83,800","84,500","83,800","84,800","83,300","83,793",0,0.00,8.43,706.73,0.08,6.81,8.51,713.54,"127,417.22"
142,02/02/2026,MSN,"84,000","83,900","83,800","85,500","82,200","83,533",-200,-0.24,11.83,988.83,0.00,0.00,11.83,988.83,"127,417.22"
143,30/01/2026,MSN,"84,100","84,600","84,000","85,000","83,300","84,071",-100,-0.12,10.78,906.17,0.02,1.96,10.80,908.13,"127,721.32"
144,29/01/2026,MSN,"79,500","80,300","84,100","85,000","80,200","83,184","4,600",5.79,24.72,"2,056.75",0.10,8.36,24.82,"2,065.11","127,873.37"
145,28/01/2026,MSN,"76,700","77,200","79,500","79,500","77,100","78,417","2,800",3.65,8.82,691.90,0.00,0.00,8.82,691.90,"120,879.11"
146,27/01/2026,MSN,"77,300","77,400","76,700","77,500","76,700","76,995",-600,-0.78,3.81,293.05,1.73,133.96,5.53,427.01,"116,621.73"
147,26/01/2026,MSN,"79,000","79,100","77,300","79,500","76,000","77,848","-1,700",-2.15,5.78,449.85,1.10,86.90,6.88,536.75,"117,534.03"
148,23/01/2026,MSN,"79,900","80,000","79,000","80,200","79,000","79,582",-900,-1.13,4.12,328.13,0.13,10.39,4.25,338.52,"120,118.86"
149,22/01/2026,MSN,"79,900","79,600","79,900","80,600","79,100","79,923",0,0.00,5.05,403.49,0.00,0.00,5.05,403.49,"121,487.30"
150,21/01/2026,MSN,"80,000","79,000","79,900","79,900","78,500","79,115",-100,-0.13,6.39,505.66,0.13,10.58,6.52,516.24,"121,487.30"
151,20/01/2026,MSN,"80,200","80,200","80,000","81,400","79,100","80,310",-200,-0.25,11.21,900.40,0.22,18.37,11.43,918.77,"121,639.35"
152,19/01/2026,MSN,"81,400","82,100","80,200","82,300","80,200","81,028","-1,200",-1.47,6.23,504.60,0.13,10.58,6.36,515.18,"121,943.45"
153,16/01/2026,MSN,"81,000","81,300","81,400","85,500","79,900","82,377",400,0.49,15.82,"1,305.55",0.32,25.55,16.14,"1,331.10","123,768.04"
154,15/01/2026,MSN,"80,600","80,500","81,000","82,500","79,800","80,950",400,0.50,9.10,737.64,0.20,15.56,9.31,753.19,"123,159.85"
155,14/01/2026,MSN,"79,300","79,100","80,600","82,000","78,600","80,375","1,300",1.64,13.86,"1,114.77",0.56,44.78,14.41,"1,159.55","122,551.65"
156,13/01/2026,MSN,"78,600","79,500","79,300","82,200","79,300","79,884",700,0.89,10.13,818.17,0.20,16.03,10.33,834.20,"120,575.01"
157,12/01/2026,MSN,"76,500","76,600","78,600","78,800","75,900","77,616","2,100",2.75,8.30,644.68,0.00,0.00,8.30,644.68,"119,510.67"
158,09/01/2026,MSN,"78,300","78,500","76,500","78,600","76,500","77,598","-1,800",-2.30,5.79,448.71,0.65,53.47,6.44,502.18,"116,317.63"
159,08/01/2026,MSN,"78,400","79,000","78,300","79,000","77,700","78,463",-100,-0.13,4.53,355.08,0.00,0.00,4.53,355.08,"119,054.52"
160,07/01/2026,MSN,"77,000","77,100","78,400","78,400","76,700","77,713","1,400",1.82,8.38,651.03,7.70,590.35,16.08,"1,241.38","119,206.57"
161,06/01/2026,MSN,"76,800","76,700","77,000","77,200","75,900","76,467",200,0.26,3.77,288.14,0.00,0.00,3.77,288.14,"117,077.88"
162,05/01/2026,MSN,"77,000","76,900","76,800","77,000","75,000","76,251",-200,-0.26,4.14,315.87,0.28,20.78,4.42,336.65,"116,773.78"
163,31/12/2025,MSN,"76,900","76,700","77,000","77,200","76,100","76,791",100,0.13,4.73,363.48,1.86,142.80,6.59,506.28,"117,077.88"
164,30/12/2025,MSN,"75,500","75,700","76,900","76,900","75,500","75,985","1,400",1.85,4.15,316.54,0.30,23.70,4.45,340.24,"116,925.83"
165,29/12/2025,MSN,"75,300","75,300","75,500","75,500","74,600","75,094",200,0.27,2.51,188.78,1.70,128.33,4.21,317.11,"114,797.14"
166,26/12/2025,MSN,"76,300","76,000","75,300","76,000","73,100","74,576","-1,000",-1.31,6.07,452.40,0.15,11.85,6.22,464.25,"114,493.04"
167,25/12/2025,MSN,"76,200","76,500","76,300","77,000","76,000","76,419",100,0.13,3.23,246.78,0.00,0.00,3.23,246.78,"116,013.53"
168,24/12/2025,MSN,"76,100","75,600","76,200","76,200","75,100","75,655",100,0.13,3.23,244.54,2.87,233.62,6.10,478.16,"115,861.48"
169,23/12/2025,MSN,"76,000","76,300","76,100","77,300","75,600","76,313",100,0.13,5.20,397.35,0.00,0.00,5.20,397.35,"115,709.44"
170,22/12/2025,MSN,"75,800","76,000","76,000","76,200","75,500","75,835",200,0.26,3.46,262.75,0.00,0.00,3.46,262.75,"115,557.39"
171,19/12/2025,MSN,"74,000","74,300","75,800","75,800","74,000","74,999","1,800",2.43,4.35,327.02,4.84,358.65,9.19,685.67,"115,253.29"
172,18/12/2025,MSN,"74,000","74,400","74,000","74,400","73,500","73,785",0,0.00,3.14,231.37,0.37,29.23,3.51,260.60,"112,516.40"
173,17/12/2025,MSN,"74,500","74,600","74,000","75,000","74,000","74,524",-500,-0.67,3.57,265.99,0.03,2.04,3.60,268.04,"112,516.40"
174,16/12/2025,MSN,"73,500","73,900","74,500","75,200","73,000","74,163","1,000",1.36,4.40,326.28,0.49,36.65,4.89,362.92,"113,276.65"
175,15/12/2025,MSN,"73,500","73,200","73,500","74,300","73,000","73,605",0,0.00,4.19,308.58,0.00,0.00,4.19,308.58,"111,756.16"
176,12/12/2025,MSN,"76,100","76,500","73,500","76,600","73,100","74,844","-2,600",-3.42,8.98,670.45,0.93,71.66,9.91,742.11,"111,756.16"
177,11/12/2025,MSN,"77,000","77,400","76,100","77,600","76,000","76,720",-900,-1.17,3.52,269.74,0.02,1.45,3.54,271.19,"115,709.44"
178,10/12/2025,MSN,"77,000","77,100","77,000","77,400","76,600","76,970",0,0.00,3.19,245.28,0.93,71.68,4.12,316.97,"117,077.88"
179,09/12/2025,MSN,"77,900","77,900","77,000","78,000","76,600","77,076",-900,-1.16,6.84,527.24,0.00,0.00,6.84,527.24,"117,077.88"
180,08/12/2025,MSN,"78,200","78,000","77,900","78,800","77,900","78,283",-300,-0.38,4.07,318.75,0.00,0.00,4.07,318.75,"118,446.32"
181,05/12/2025,MSN,"79,900","80,200","78,200","80,600","78,200","79,196","-1,700",-2.13,6.66,527.18,0.00,0.00,6.66,527.18,"118,902.47"
182,04/12/2025,MSN,"80,600","81,300","79,900","81,300","79,900","80,460",-700,-0.87,5.31,427.07,0.47,36.98,5.78,464.05,"121,487.30"
183,03/12/2025,MSN,"78,600","79,200","80,600","81,200","78,900","80,356","2,000",2.54,12.18,978.44,0.20,15.81,12.38,994.26,"122,551.65"
184,02/12/2025,MSN,"78,800","78,900","78,600","79,500","78,000","78,767",-200,-0.25,4.65,366.19,0.45,35.37,5.10,401.56,"119,510.67"
185,01/12/2025,MSN,"77,400","77,800","78,800","79,200","77,700","78,370","1,400",1.81,5.36,420.78,1.48,117.12,6.84,537.90,"119,814.76"
186,28/11/2025,MSN,"78,500","78,800","77,400","79,000","77,400","78,111","-1,100",-1.40,4.24,331.01,0.90,70.70,5.14,401.71,"117,686.08"
187,27/11/2025,MSN,"78,600","78,900","78,500","79,800","78,400","79,087",-100,-0.13,4.49,354.73,0.34,27.95,4.83,382.69,"119,358.62"
188,26/11/2025,MSN,"77,000","77,500","78,600","78,600","77,300","78,109","1,600",2.08,3.20,249.87,1.71,134.08,4.90,383.96,"119,510.67"
189,25/11/2025,MSN,"77,800","78,000","77,000","78,700","77,000","77,501",-800,-1.03,3.74,289.57,2.29,176.58,6.03,466.15,"117,077.88"
190,24/11/2025,MSN,"77,500","77,700","77,800","79,000","77,700","78,386",300,0.39,3.38,265.04,4.65,360.50,8.03,625.54,"118,294.27"
191,21/11/2025,MSN,"78,500","78,400","77,500","78,400","77,200","77,722","-1,000",-1.27,4.02,312.53,0.07,5.57,4.09,318.10,"117,838.12"
192,20/11/2025,MSN,"78,800","78,900","78,500","79,100","78,500","78,788",-300,-0.38,3.40,267.74,0.19,15.87,3.59,283.60,"119,358.62"
193,19/11/2025,MSN,"79,000","79,000","78,800","79,600","78,500","79,028",-200,-0.25,3.47,274.27,0.00,0.00,3.47,274.27,"119,814.76"
194,18/11/2025,MSN,"79,700","79,800","79,000","80,300","78,500","79,149",-700,-0.88,4.59,363.73,1.23,94.91,5.82,458.64,"120,118.86"
195,17/11/2025,MSN,"78,000","78,800","79,700","80,000","78,300","79,208","1,700",2.18,5.53,437.94,0.00,0.00,5.53,437.94,"121,183.21"
196,14/11/2025,MSN,"79,000","78,600","78,000","79,300","77,600","78,314","-1,000",-1.27,5.14,402.36,0.07,5.71,5.21,408.06,"118,598.37"
197,13/11/2025,MSN,"79,200","79,300","79,000","79,700","78,900","79,287",-200,-0.25,4.59,363.86,0.02,1.59,4.61,365.45,"120,118.86"
198,12/11/2025,MSN,"78,200","78,500","79,200","79,500","78,300","79,094","1,000",1.28,5.01,396.31,2.55,199.18,7.56,595.49,"120,422.96"
199,11/11/2025,MSN,"76,000","76,500","78,200","78,900","76,400","77,820","2,200",2.89,7.67,596.71,0.02,1.42,7.69,598.13,"118,902.47"
200,10/11/2025,MSN,"76,800","77,100","76,000","78,300","76,000","77,349",-800,-1.04,5.03,388.82,0.44,32.92,5.46,421.73,"115,557.39"
201,07/11/2025,MSN,"78,800","78,200","76,800","79,700","76,800","78,204","-2,000",-2.54,7.31,571.77,0.00,0.00,7.31,571.77,"116,773.78"
202,06/11/2025,MSN,"80,200","80,100","78,800","80,100","78,800","79,358","-1,400",-1.75,4.65,369.12,0.23,17.10,4.88,386.22,"119,814.76"
203,05/11/2025,MSN,"80,000","79,900","80,200","81,500","79,100","80,307",200,0.25,8.83,709.81,0.00,0.00,8.83,709.81,"121,943.45"
204,04/11/2025,MSN,"77,000","76,800","80,000","80,500","74,400","76,882","3,000",3.90,12.60,972.96,0.36,28.25,12.95,"1,001.20","121,639.35"
205,03/11/2025,MSN,"79,600","79,600","77,000","79,800","77,000","78,336","-2,600",-3.27,7.67,600.32,0.00,0.00,7.67,600.32,"117,077.88"
206,31/10/2025,MSN,"79,300","79,400","79,600","80,800","79,000","79,842",300,0.38,6.48,517.25,0.10,7.99,6.58,525.24,"121,031.16"
207,30/10/2025,MSN,"79,200","79,700","79,300","80,600","79,300","79,908",100,0.13,6.83,545.56,0.16,12.64,6.99,558.20,"120,575.01"
208,29/10/2025,MSN,"79,000","79,100","79,200","80,600","78,500","79,669",200,0.25,8.38,668.04,0.00,0.00,8.38,668.04,"120,422.96"
209,28/10/2025,MSN,"78,500","78,600","79,000","79,000","76,200","77,487",500,0.64,7.89,612.14,0.00,0.00,7.89,612.14,"120,118.86"
210,27/10/2025,MSN,"79,300","79,600","78,500","79,800","77,400","78,608",-800,-1.01,7.51,590.72,0.13,9.93,7.64,600.65,"119,358.62"
211,24/10/2025,MSN,"78,200","77,900","79,300","79,500","75,700","77,230","1,100",1.41,13.52,"1,046.24",0.00,0.00,13.52,"1,046.24","120,575.01"
212,23/10/2025,MSN,"79,000","79,600","78,200","80,000","77,600","78,701",-800,-1.01,9.73,764.95,0.29,22.36,10.02,787.31,"118,902.47"
213,22/10/2025,MSN,"78,000","79,900","79,000","80,600","77,400","79,184","1,000",1.28,13.81,"1,094.09",0.00,0.00,13.81,"1,094.09","120,118.86"
214,21/10/2025,MSN,"81,900","79,900","78,000","80,000","76,200","77,930","-3,900",-4.76,28.57,"2,228.19",0.00,0.00,28.57,"2,228.19","118,598.37"
215,20/10/2025,MSN,"88,000","87,000","81,900","88,800","81,900","83,962","-6,100",-6.93,31.68,"2,653.85",1.62,133.27,33.30,"2,787.12","124,528.29"
216,17/10/2025,MSN,"88,200","91,400","88,000","94,000","88,000","90,663",-200,-0.23,32.81,"2,975.35",0.40,32.84,33.21,"3,008.19","133,803.29"
217,16/10/2025,MSN,"82,500","85,000","88,200","88,200","84,800","87,187","5,700",6.91,17.21,"1,501.03",44.12,"3,473.35",61.33,"4,974.38","134,107.39"
218,15/10/2025,MSN,"82,500","83,000","82,500","83,700","82,500","82,878",0,0.00,6.59,546.17,0.20,16.54,6.79,562.71,"125,440.58"
219,14/10/2025,MSN,"85,000","85,600","82,500","85,600","82,500","83,901","-2,500",-2.94,12.78,"1,072.81",3.13,264.80,15.91,"1,337.61","125,440.58"
220,13/10/2025,MSN,"84,100","83,600","85,000","85,800","83,600","84,947",900,1.07,12.63,"1,073.65",0.54,46.30,13.18,"1,119.95","129,241.81"
221,10/10/2025,MSN,"83,100","83,500","84,100","84,200","83,000","83,607","1,000",1.20,13.45,"1,125.14",2.19,183.37,15.64,"1,308.51","127,873.37"
222,09/10/2025,MSN,"82,600","82,900","83,100","84,200","82,700","83,312",500,0.61,7.33,610.80,2.71,227.43,10.04,838.22,"126,352.88"
223,08/10/2025,MSN,"82,500","83,700","82,600","84,400","82,600","83,214",100,0.12,11.32,942.39,0.40,33.29,11.72,975.68,"125,592.63"
224,07/10/2025,MSN,"83,000","83,300","82,500","83,400","82,500","82,816",-500,-0.60,5.20,430.92,5.65,471.41,10.85,902.33,"125,440.58"
225,06/10/2025,MSN,"80,000","81,400","83,000","83,300","81,000","82,465","3,000",3.75,8.98,740.72,0.27,22.20,9.25,762.92,"126,200.83"
226,03/10/2025,MSN,"81,500","81,200","80,000","81,200","79,400","80,224","-1,500",-1.84,6.48,519.25,4.56,380.93,11.04,900.17,"121,639.35"
227,02/10/2025,MSN,"81,300","81,500","81,500","82,100","81,000","81,537",200,0.25,3.78,307.93,0.28,23.98,4.06,331.91,"123,920.09"
228,01/10/2025,MSN,"81,000","81,100","81,300","82,300","81,100","81,573",300,0.37,3.19,260.49,0.00,0.00,3.19,260.49,"123,615.99"
229,30/09/2025,MSN,"81,800","82,000","81,000","82,000","80,500","81,210",-800,-0.98,4.73,383.70,2.32,192.23,7.04,575.93,"123,159.85"
230,29/09/2025,MSN,"82,200","82,200","81,800","82,500","81,300","81,651",-400,-0.49,4.30,351.13,0.47,38.76,4.77,389.90,"124,376.24"
231,26/09/2025,MSN,"82,200","82,200","82,200","83,500","82,000","82,491",0,0.00,6.73,554.91,0.00,0.00,6.73,554.91,"124,984.44"
232,25/09/2025,MSN,"82,900","83,500","82,200","83,600","82,200","82,752",-700,-0.84,4.59,379.61,0.31,25.39,4.90,404.99,"124,984.44"
233,24/09/2025,MSN,"81,900","82,000","82,900","83,700","81,100","81,988","1,000",1.22,5.24,429.83,0.10,8.18,5.34,438.00,"126,048.78"
234,23/09/2025,MSN,"81,900","81,900","81,900","82,600","81,500","81,874",0,0.00,3.81,311.93,0.63,52.03,4.44,363.95,"124,528.29"
235,22/09/2025,MSN,"83,900","83,900","81,900","84,000","81,000","82,158","-2,000",-2.38,8.82,724.86,4.18,350.57,13.00,"1,075.44","124,528.29"
236,19/09/2025,MSN,"84,000","84,600","83,900","84,700","83,300","83,849",-100,-0.12,10.38,870.92,0.00,0.00,10.38,870.92,"127,569.27"
237,18/09/2025,MSN,"84,200","84,400","84,000","85,200","83,500","84,305",-200,-0.24,6.73,567.08,0.00,0.00,6.73,567.08,"127,721.32"
238,17/09/2025,MSN,"86,800","86,600","84,200","86,900","84,200","85,580","-2,600",-3.00,11.52,986.30,0.19,16.01,11.70,"1,002.31","128,025.42"
239,16/09/2025,MSN,"88,500","89,000","86,800","89,000","86,800","87,622","-1,700",-1.92,13.16,"1,152.76",0.48,41.26,13.64,"1,194.01","131,978.70"
240,15/09/2025,MSN,"86,000","86,800","88,500","89,000","86,300","87,839","2,500",2.91,16.60,"1,458.16",0.02,1.74,16.62,"1,459.90","134,563.54"
241,12/09/2025,MSN,"82,000","82,300","86,000","86,900","81,600","84,550","4,000",4.88,21.81,"1,846.12",0.00,0.00,21.81,"1,846.12","130,762.31"
242,11/09/2025,MSN,"81,000","80,800","82,000","82,300","79,100","80,588","1,000",1.23,10.20,823.26,0.00,0.00,10.20,823.26,"124,680.34"
243,10/09/2025,MSN,"81,000","81,400","81,000","81,400","80,000","80,507",0,0.00,4.26,343.06,2.96,240.08,7.22,583.15,"123,159.85"
244,09/09/2025,MSN,"81,000","81,000","81,000","81,300","79,800","80,482",0,0.00,6.00,483.28,0.00,0.00,6.00,483.28,"123,159.85"
245,08/09/2025,MSN,"83,000","82,600","81,000","83,300","80,000","81,673","-2,000",-2.41,13.95,"1,138.23",0.33,28.05,14.28,"1,166.28","123,159.85"
246,05/09/2025,MSN,"84,800","86,300","83,000","87,400","83,000","85,448","-1,800",-2.12,12.01,"1,025.37",0.00,0.00,12.01,"1,025.37","126,200.83"
247,04/09/2025,MSN,"83,000","83,500","84,800","85,300","82,000","83,331","1,800",2.17,13.23,"1,104.00",0.02,1.93,13.25,"1,105.93","128,937.72"
248,03/09/2025,MSN,"83,000","83,500","83,000","85,300","82,900","83,902",0,0.00,9.53,800.31,0.00,0.00,9.53,800.31,"126,200.83"
249,29/08/2025,MSN,"83,100","83,200","83,000","83,600","82,200","82,712",-100,-0.12,7.42,614.03,0.00,0.00,7.42,614.03,"126,200.83"
250,28/08/2025,MSN,"82,200","82,500","83,100","83,300","81,900","82,712",900,1.09,6.54,541.03,0.30,24.81,6.84,565.84,"126,352.88"
251,27/08/2025,MSN,"81,100","81,300","82,200","82,800","81,200","82,108","1,100",1.36,8.10,665.16,0.00,0.00,8.10,665.16,"124,984.44"
252,26/08/2025,MSN,"79,500","78,700","81,100","81,100","78,200","79,450","1,600",2.01,8.58,682.29,2.16,177.04,10.74,859.33,"123,311.90"
253,25/08/2025,MSN,"81,000","81,300","79,500","81,800","78,300","79,952","-1,500",-1.85,10.29,821.48,4.62,374.75,14.91,"1,196.23","120,879.11"
254,22/08/2025,MSN,"84,300","83,000","81,000","83,400","79,700","81,384","-3,300",-3.91,18.64,"1,516.87",0.00,0.00,18.64,"1,516.87","123,159.85"
255,21/08/2025,MSN,"83,900","83,900","84,300","84,800","83,300","83,881",400,0.48,9.70,813.98,0.00,0.00,9.70,813.98,"128,177.47"
256,20/08/2025,MSN,"85,000","86,800","83,900","87,400","81,000","84,410","-1,100",-1.29,19.06,"1,610.10",0.02,1.72,19.08,"1,611.82","127,569.27"
257,19/08/2025,MSN,"83,900","84,500","85,000","86,500","83,200","84,882","1,100",1.31,14.53,"1,235.30",0.81,67.31,15.34,"1,302.61","129,241.81"
258,18/08/2025,MSN,"83,100","83,100","83,900","84,400","83,000","83,440",800,0.96,8.97,749.03,0.94,77.24,9.91,826.27,"127,569.27"
259,15/08/2025,MSN,"84,800","84,800","83,100","86,200","82,700","84,282","-1,700",-2.00,13.66,"1,151.20",0.81,67.31,14.47,"1,218.51","126,352.88"
260,14/08/2025,MSN,"85,900","86,600","84,800","86,800","83,800","84,826","-1,100",-1.28,13.53,"1,147.62",0.00,0.00,13.53,"1,147.62","128,937.72"
261,13/08/2025,MSN,"83,600","84,400","85,900","87,400","82,100","84,599","2,300",2.75,24.21,"2,050.79",0.00,0.00,24.21,"2,050.79","130,610.26"
262,12/08/2025,MSN,"82,000","85,000","83,600","86,000","82,300","84,114","1,600",1.95,13.21,"1,112.91",0.38,29.63,13.60,"1,142.54","127,113.13"
263,11/08/2025,MSN,"76,700","77,900","82,000","82,000","77,800","81,275","5,300",6.91,29.73,"2,419.45",0.49,37.40,30.22,"2,456.86","124,680.34"
264,08/08/2025,MSN,"76,200","76,500","76,700","77,700","75,600","76,580",500,0.66,11.38,871.98,0.36,27.15,11.74,899.12,"116,621.73"
265,07/08/2025,MSN,"76,000","76,400","76,200","77,800","75,800","76,494",200,0.26,9.82,751.14,0.46,35.05,10.28,786.19,"115,285.12"
266,06/08/2025,MSN,"74,600","75,600","76,000","76,800","75,200","75,892","1,400",1.88,9.66,733.11,0.36,27.19,10.01,760.30,"114,982.53"
267,05/08/2025,MSN,"73,900","74,000","74,600","77,200","73,500","75,318",700,0.95,18.44,"1,389.41",1.00,72.33,19.43,"1,461.74","112,864.44"
268,04/08/2025,MSN,"72,500","72,100","73,900","74,000","71,800","73,011","1,400",1.93,5.92,432.26,0.10,7.58,6.02,439.84,"111,805.39"
269,01/08/2025,MSN,"72,500","72,300","72,500","72,500","71,100","71,711",0,0.00,5.60,402.09,0.96,69.39,6.56,471.48,"109,687.29"
270,31/07/2025,MSN,"73,000","73,100","72,500","73,400","70,800","71,769",-500,-0.68,9.18,659.08,0.02,1.46,9.20,660.54,"109,687.29"
271,30/07/2025,MSN,"72,200","73,000","73,000","73,500","71,000","72,473",800,1.11,9.48,688.02,0.22,15.89,9.70,703.91,"110,443.75"
272,29/07/2025,MSN,"77,600","78,500","72,200","78,500","72,200","75,802","-5,400",-6.96,16.02,"1,211.14",1.39,107.55,17.41,"1,318.69","109,233.41"
273,28/07/2025,MSN,"75,800","76,200","77,600","78,600","75,900","77,473","1,800",2.37,12.67,981.92,0.06,4.29,12.73,986.21,"117,403.22"
274,25/07/2025,MSN,"76,000","76,000","75,800","77,200","75,500","75,999",-200,-0.26,8.68,660.20,0.03,2.07,8.71,662.27,"114,679.95"
275,24/07/2025,MSN,"77,300","77,500","76,000","77,500","75,400","76,379","-1,300",-1.68,16.44,"1,256.26",0.00,0.00,16.44,"1,256.26","114,982.53"
276,23/07/2025,MSN,"77,700","78,700","77,300","79,300","77,200","77,923",-400,-0.51,8.23,641.66,0.17,12.90,8.39,654.56,"116,949.34"
277,22/07/2025,MSN,"77,500","77,300","77,700","78,400","76,600","77,296",200,0.26,7.38,570.57,0.00,0.00,7.38,570.57,"117,554.51"
278,21/07/2025,MSN,"79,100","79,600","77,500","79,800","77,500","78,489","-1,600",-2.02,7.87,617.41,0.00,0.00,7.87,617.41,"117,251.93"
279,18/07/2025,MSN,"76,200","76,500","79,100","81,000","76,500","79,174","2,900",3.81,14.57,"1,152.98",0.43,33.82,15.00,"1,186.80","119,672.61"
280,17/07/2025,MSN,"75,000","75,800","76,200","77,300","75,600","76,503","1,200",1.60,10.77,824.23,0.02,1.51,10.79,825.75,"115,285.12"
281,16/07/2025,MSN,"74,500","74,300","75,000","75,500","74,000","74,637",500,0.67,6.13,457.58,1.61,120.02,7.74,577.60,"113,469.61"
282,15/07/2025,MSN,"75,300","75,300","74,500","76,700","74,500","75,470",-800,-1.06,8.07,609.80,1.27,95.46,9.34,705.26,"112,713.14"
283,14/07/2025,MSN,"76,500","76,900","75,300","77,100","74,600","75,547","-1,200",-1.57,6.53,493.17,0.03,1.92,6.55,495.09,"113,923.48"
284,11/07/2025,MSN,"76,900","76,800","76,500","77,500","76,100","76,748",-400,-0.52,8.28,636.00,0.00,0.00,8.28,636.00,"115,739.00"
285,10/07/2025,MSN,"75,800","76,000","76,900","78,400","75,900","77,101","1,100",1.45,12.33,950.67,0.03,1.90,12.35,952.57,"116,344.17"
286,09/07/2025,MSN,"75,600","76,500","75,800","76,500","75,400","75,817",200,0.26,7.23,548.45,0.00,0.00,7.23,548.45,"114,679.95"
287,08/07/2025,MSN,"74,800","74,900","75,600","76,200","74,600","75,221",800,1.07,7.09,533.33,0.00,0.00,7.09,533.33,"114,377.36"
288,07/07/2025,MSN,"74,600","75,000","74,800","75,700","74,300","74,899",200,0.27,5.87,439.91,0.00,0.00,5.87,439.91,"113,167.02"
289,04/07/2025,MSN,"74,500","74,700","74,600","75,000","73,700","74,348",100,0.13,4.47,332.41,0.00,0.00,4.47,332.41,"112,864.44"
290,03/07/2025,MSN,"75,200","74,800","74,500","76,300","74,100","75,392",-700,-0.93,5.99,451.36,0.13,9.93,6.12,461.28,"112,713.14"
291,02/07/2025,MSN,"75,200","75,000","75,200","76,300","74,600","75,735",0,0.00,4.79,362.34,0.00,0.00,4.79,362.34,"113,772.19"
292,01/07/2025,MSN,"76,800","76,200","75,200","76,700","74,900","75,657","-1,600",-2.08,6.82,515.77,0.18,13.69,7.01,529.46,"113,772.19"
293,30/06/2025,MSN,"76,800","76,600","76,800","77,400","76,000","76,843",0,0.00,8.36,642.56,13.06,998.21,21.42,"1,640.76","116,192.88"
294,27/06/2025,MSN,"72,000","72,300","76,800","76,900","72,000","74,776","4,800",6.67,14.08,"1,056.15",0.02,1.49,14.10,"1,057.63","116,192.88"
295,26/06/2025,MSN,"70,300","70,400","72,000","72,000","70,200","71,227","1,700",2.42,8.62,614.05,2.69,188.97,11.30,803.02,"108,930.82"
296,25/06/2025,MSN,"69,200","69,700","70,300","70,400","69,100","69,722","1,100",1.59,7.94,553.19,0.81,56.73,8.75,609.92,"106,358.84"
297,24/06/2025,MSN,"68,000","68,900","69,200","69,300","68,300","68,747","1,200",1.76,6.56,450.63,7.52,511.19,14.07,961.82,"104,694.62"
298,23/06/2025,MSN,"67,500","66,800","68,000","68,000","66,200","67,212",500,0.74,5.82,391.45,7.66,515.28,13.48,906.73,"102,879.11"
299,20/06/2025,MSN,"67,500","67,400","67,500","67,600","66,800","67,200",0,0.00,6.01,404.25,5.21,351.91,11.21,756.16,"102,122.65"
300,19/06/2025,MSN,"67,500","67,000","67,500","67,500","66,100","66,694",0,0.00,5.63,375.87,0.00,0.00,5.63,375.87,"102,122.65"
301,18/06/2025,MSN,"67,900","67,900","67,500","67,900","66,600","67,240",-400,-0.59,5.47,368.25,0.00,0.00,5.47,368.25,"102,122.65"
302,17/06/2025,MSN,"66,800","67,000","67,900","67,900","66,200","66,734","1,100",1.65,5.76,384.95,4.84,316.45,10.60,701.40,"102,727.82"
303,16/06/2025,MSN,"65,400","65,700","66,800","67,000","65,400","66,117","1,400",2.14,7.85,519.24,0.09,5.78,7.93,525.01,"101,063.60"
304,13/06/2025,MSN,"65,800","65,000","65,400","65,400","64,300","65,003",-400,-0.61,5.91,383.73,0.00,0.00,5.91,383.73,"98,945.50"
305,12/06/2025,MSN,"64,800","65,300","65,800","66,000","65,200","65,651","1,000",1.54,6.87,450.36,0.00,0.00,6.87,450.36,"99,550.67"
306,11/06/2025,MSN,"64,800","64,800","64,800","65,200","64,100","64,569",0,0.00,2.85,184.08,0.00,0.00,2.85,184.08,"98,037.74"
307,10/06/2025,MSN,"64,100","64,500","64,800","65,500","64,100","64,804",700,1.09,5.62,364.46,0.00,0.00,5.62,364.46,"98,037.74"
308,09/06/2025,MSN,"65,000","65,000","64,100","65,000","63,500","64,202",-900,-1.38,5.03,322.75,0.15,9.61,5.18,332.36,"96,978.69"
309,06/06/2025,MSN,"65,800","65,900","65,000","66,400","64,700","65,178",-800,-1.22,4.12,268.72,0.00,0.00,4.12,268.72,"98,340.33"
310,05/06/2025,MSN,"64,100","64,400","65,800","65,800","63,900","65,159","1,700",2.65,11.75,765.65,0.00,0.00,11.75,765.65,"99,550.67"
311,04/06/2025,MSN,"63,300","63,500","64,100","64,400","63,000","63,833",800,1.26,6.89,440.68,0.00,0.00,6.89,440.68,"96,978.69"
312,03/06/2025,MSN,"62,100","62,300","63,300","63,600","62,300","63,038","1,200",1.93,4.28,270.20,0.00,0.00,4.28,270.20,"95,768.35"
313,02/06/2025,MSN,"62,000","62,000","62,100","62,500","61,700","62,055",100,0.16,2.29,142.00,0.40,25.23,2.69,167.23,"93,952.83"
314,30/05/2025,MSN,"63,400","63,000","62,000","63,100","62,000","62,460","-1,400",-2.21,4.02,251.25,0.00,0.00,4.02,251.25,"93,801.54"
315,29/05/2025,MSN,"63,900","64,100","63,400","64,200","62,900","63,319",-500,-0.78,3.51,222.13,0.40,25.23,3.91,247.37,"95,919.64"
316,28/05/2025,MSN,"64,000","64,100","63,900","64,500","63,500","63,914",-100,-0.16,4.02,256.95,1.22,75.05,5.23,331.99,"96,676.10"
317,27/05/2025,MSN,"63,800","63,900","64,000","64,800","63,500","64,138",200,0.31,4.75,304.49,0.18,11.78,4.93,316.27,"96,827.40"
318,26/05/2025,MSN,"63,200","63,200","63,800","63,800","61,500","62,525",600,0.95,4.41,275.56,8.72,550.72,13.13,826.28,"96,524.81"
319,23/05/2025,MSN,"64,000","64,000","63,200","64,300","62,700","63,190",-800,-1.25,4.29,271.30,0.00,0.00,4.29,271.30,"95,617.06"
320,22/05/2025,MSN,"63,600","63,600","64,000","64,600","63,200","64,032",400,0.63,7.96,509.46,0.36,22.90,8.32,532.35,"96,827.40"
321,21/05/2025,MSN,"62,700","63,100","63,600","64,300","63,100","63,628",900,1.44,8.65,550.20,3.11,195.12,11.76,745.32,"96,222.23"
322,20/05/2025,MSN,"62,000","62,000","62,700","63,100","61,500","62,467",700,1.13,5.38,336.36,0.00,0.00,5.38,336.36,"94,860.59"
323,19/05/2025,MSN,"62,500","62,400","62,000","62,400","61,400","61,667",-500,-0.80,6.01,371.10,3.85,240.57,9.86,611.67,"93,801.54"
324,16/05/2025,MSN,"62,800","62,600","62,500","63,000","61,700","62,223",-300,-0.48,5.90,367.40,0.85,53.28,6.75,420.69,"94,558.01"
325,15/05/2025,MSN,"62,300","62,600","62,800","63,500","62,400","62,797",500,0.80,5.77,362.64,0.00,0.00,5.77,362.64,"95,011.88"
326,14/05/2025,MSN,"62,100","62,300","62,300","63,700","62,200","62,906",200,0.32,5.68,356.98,18.27,"1,081.40",23.94,"1,438.38","94,255.42"
327,13/05/2025,MSN,"62,000","62,400","62,100","63,200","62,100","62,457",100,0.16,4.74,295.78,0.00,0.00,4.74,295.78,"89,321.64"
328,12/05/2025,MSN,"62,800","62,800","62,000","63,300","62,000","62,545",-800,-1.27,3.82,238.74,0.00,0.00,3.82,238.74,"89,177.80"
329,09/05/2025,MSN,"63,000","63,000","62,800","63,000","62,200","62,678",-200,-0.32,3.32,208.28,0.25,15.99,3.58,224.27,"90,328.48"
330,08/05/2025,MSN,"60,900","61,000","63,000","63,000","60,700","61,848","2,100",3.45,4.44,275.16,0.00,0.00,4.44,275.16,"90,616.15"
331,07/05/2025,MSN,"62,000","61,600","60,900","61,800","60,900","61,279","-1,100",-1.77,3.35,205.36,0.00,0.00,3.35,205.36,"87,595.61"
332,06/05/2025,MSN,"62,500","62,400","62,000","62,400","61,800","62,104",-500,-0.80,3.96,245.60,1.29,80.06,5.24,325.66,"89,177.80"
333,05/05/2025,MSN,"62,500","62,700","62,500","62,800","61,600","62,118",0,0.00,2.95,183.42,0.00,0.00,2.95,183.42,"89,896.98"
334,29/04/2025,MSN,"62,500","61,800","62,500","62,500","61,800","62,190",0,0.00,3.85,239.69,3.94,245.16,7.79,484.85,"89,896.98"
335,28/04/2025,MSN,"62,000","62,400","62,500","62,500","61,000","61,814",500,0.81,4.25,262.56,0.00,0.00,4.25,262.56,"89,896.98"
336,25/04/2025,MSN,"59,900","60,000","62,000","62,000","59,900","60,989","2,100",3.51,10.55,643.15,0.09,5.29,10.64,648.45,"89,177.80"
337,24/04/2025,MSN,"59,600","60,000","59,900","60,000","58,300","59,225",300,0.50,4.95,293.06,1.15,67.51,6.10,360.56,"86,157.26"
338,23/04/2025,MSN,"58,700","59,700","59,600","59,900","58,900","59,395",900,1.53,5.30,314.52,1.25,72.44,6.55,386.97,"85,725.76"
339,22/04/2025,MSN,"58,100","57,500","58,700","59,100","54,100","56,535",600,1.03,9.27,524.00,6.82,397.21,16.09,921.21,"84,431.24"
340,21/04/2025,MSN,"58,000","58,000","58,100","58,500","56,900","57,611",100,0.17,3.79,218.20,0.00,0.00,3.79,218.20,"83,568.23"
341,18/04/2025,MSN,"57,300","57,900","58,000","59,000","57,900","58,393",700,1.22,3.63,211.98,0.00,0.00,3.63,211.98,"83,424.39"
342,17/04/2025,MSN,"56,400","55,000","57,300","57,600","55,000","56,762",900,1.60,4.98,282.70,0.66,39.22,5.64,321.92,"82,417.55"
343,16/04/2025,MSN,"58,500","58,300","56,400","58,800","56,400","57,363","-2,100",-3.59,6.39,366.61,0.58,34.86,6.97,401.47,"81,123.03"
344,15/04/2025,MSN,"60,000","59,000","58,500","60,900","58,100","59,192","-1,500",-2.50,6.08,359.69,0.00,0.00,6.08,359.69,"84,143.57"
345,14/04/2025,MSN,"57,100","57,700","60,000","60,300","56,900","58,733","2,900",5.08,7.93,465.61,0.58,34.86,8.51,500.47,"86,301.10"
346,11/04/2025,MSN,"53,800","55,400","57,100","57,500","53,100","55,601","3,300",6.13,14.12,785.01,0.00,0.00,14.12,785.01,"82,129.88"
347,10/04/2025,MSN,"50,300","53,800","53,800","53,800","53,800","53,800","3,500",6.96,0.49,26.45,1.30,70.05,1.79,96.50,"77,383.32"
348,09/04/2025,MSN,"54,000","50,300","50,300","52,900","50,300","50,576","-3,700",-6.85,13.47,681.47,0.02,1.12,13.49,682.59,"72,349.09"
349,08/04/2025,MSN,"58,000","55,100","54,000","56,800","54,000","54,262","-4,000",-6.90,5.45,295.85,1.79,96.82,7.24,392.66,"77,670.99"
350,04/04/2025,MSN,"61,400","57,200","58,000","58,700","57,200","57,523","-3,400",-5.54,14.30,822.38,0.05,2.86,14.35,825.24,"83,424.39"
351,03/04/2025,MSN,"66,000","63,000","61,400","63,900","61,400","61,856","-4,600",-6.97,10.61,656.26,0.00,0.00,10.61,656.26,"88,314.79"
352,02/04/2025,MSN,"66,200","66,700","66,000","67,000","66,000","66,353",-200,-0.30,3.64,241.38,0.00,0.00,3.64,241.38,"94,931.21"
353,01/04/2025,MSN,"66,800","67,800","66,200","67,800","65,600","66,285",-600,-0.90,6.50,430.78,0.00,0.00,6.50,430.78,"95,218.88"
354,31/03/2025,MSN,"68,500","68,500","66,800","69,700","66,800","67,916","-1,700",-2.48,6.98,473.83,0.03,2.07,7.01,475.90,"96,081.89"
355,28/03/2025,MSN,"69,400","69,400","68,500","69,600","68,300","68,904",-900,-1.30,3.80,261.65,16.37,"1,135.43",20.17,"1,397.09","98,527.09"
356,27/03/2025,MSN,"68,300","68,600","69,400","70,700","68,500","69,884","1,100",1.61,7.24,505.63,0.00,0.00,7.24,505.63,"99,821.60"
357,26/03/2025,MSN,"68,500","68,600","68,300","69,600","68,300","68,901",-200,-0.29,3.80,261.95,0.69,46.99,4.49,308.94,"98,239.42"
358,25/03/2025,MSN,"68,500","68,500","68,500","69,000","68,100","68,498",0,0.00,2.77,189.58,1.40,95.67,4.16,285.25,"98,527.09"
359,24/03/2025,MSN,"67,900","67,800","68,500","68,800","67,800","68,292",600,0.88,2.43,165.74,0.00,0.00,2.43,165.74,"98,527.09"
360,21/03/2025,MSN,"68,400","68,600","67,900","68,600","67,500","68,004",-500,-0.73,3.80,258.69,0.00,0.00,3.80,258.69,"97,664.07"
361,20/03/2025,MSN,"68,500","68,500","68,400","69,100","68,200","68,593",-100,-0.15,3.44,235.75,0.00,0.00,3.44,235.75,"98,383.25"
362,19/03/2025,MSN,"69,600","69,500","68,500","69,600","68,500","68,955","-1,100",-1.58,6.65,458.66,8.99,630.04,15.65,"1,088.70","98,527.09"
363,18/03/2025,MSN,"70,500","70,700","69,600","71,300","69,600","70,295",-900,-1.28,6.18,434.09,0.10,7.10,6.28,441.19,"100,109.27"
364,17/03/2025,MSN,"71,100","71,400","70,500","71,400","70,300","70,647",-600,-0.84,4.53,319.95,0.00,0.00,4.53,319.95,"101,403.79"
365,14/03/2025,MSN,"70,400","70,500","71,100","71,900","70,400","71,324",700,0.99,7.30,520.75,0.00,0.00,7.30,520.75,"102,266.80"
366,13/03/2025,MSN,"68,700","68,700","70,400","71,200","68,700","70,373","1,700",2.47,11.57,814.47,0.99,68.35,12.57,882.82,"101,259.95"
367,12/03/2025,MSN,"68,900","68,900","68,700","69,700","68,700","69,203",-200,-0.29,4.99,345.17,1.55,106.66,6.54,451.83,"98,814.76"
368,11/03/2025,MSN,"68,900","68,200","68,900","68,900","68,100","68,500",0,0.00,4.53,310.54,0.99,68.35,5.53,378.89,"99,102.43"
369,10/03/2025,MSN,"69,000","69,000","68,900","69,900","68,700","69,093",-100,-0.14,5.12,353.60,0.14,9.96,5.26,363.57,"99,102.43"
370,07/03/2025,MSN,"69,200","69,200","69,000","70,000","68,400","68,963",-200,-0.29,4.41,304.13,0.00,0.00,4.41,304.13,"99,246.26"
371,06/03/2025,MSN,"68,200","68,400","69,200","69,200","68,200","68,650","1,000",1.47,4.34,298.11,0.17,11.99,4.52,310.11,"99,533.93"
372,05/03/2025,MSN,"69,100","69,300","68,200","70,200","68,200","69,306",-900,-1.30,6.22,431.26,0.03,2.07,6.25,433.33,"98,095.58"
373,04/03/2025,MSN,"68,000","68,000","69,100","69,100","67,400","68,140","1,100",1.62,5.95,405.19,0.07,4.90,6.02,410.09,"99,390.10"
374,03/03/2025,MSN,"67,700","67,800","68,000","68,400","67,700","67,959",300,0.44,2.76,187.44,0.00,0.00,2.76,187.44,"97,807.91"
375,28/02/2025,MSN,"68,400","68,400","67,700","68,500","67,500","67,840",-700,-1.02,3.93,266.30,0.00,0.00,3.93,266.30,"97,376.40"
376,27/02/2025,MSN,"68,300","68,500","68,400","69,300","68,200","68,611",100,0.15,4.57,313.24,0.00,0.00,4.57,313.24,"98,383.25"
377,26/02/2025,MSN,"68,400","68,400","68,300","68,600","68,000","68,220",-100,-0.15,2.08,142.09,0.00,0.00,2.08,142.09,"98,239.42"
378,25/02/2025,MSN,"67,600","67,800","68,400","68,900","67,800","68,406",800,1.18,5.12,350.18,0.00,0.00,5.12,350.18,"98,383.25"
379,24/02/2025,MSN,"67,600","67,200","67,600","67,700","66,800","67,236",0,0.00,3.25,218.22,7.60,514.91,10.85,733.14,"97,232.57"
380,21/02/2025,MSN,"68,000","68,000","67,600","68,000","67,200","67,591",-400,-0.59,2.32,156.51,0.00,0.00,2.32,156.51,"97,232.57"
388,11/02/2025,MSN,"68,800","68,800","68,700","68,900","68,100","68,575",-100,-0.15,2.44,167.02,0.00,0.00,2.44,167.02,"98,814.76"
389,10/02/2025,MSN,"67,700","67,800","68,800","69,700","67,800","68,922","1,100",1.62,6.91,476.24,0.00,0.00,6.91,476.24,"98,958.59"
390,07/02/2025,MSN,"67,400","67,700","67,700","68,000","67,200","67,559",300,0.45,2.27,153.06,13.27,955.38,15.54,"1,108.44","97,376.40"
381,20/02/2025,MSN,"67,700","68,000","68,000","68,000","67,500","67,780",300,0.44,2.94,198.96,0.32,22.06,3.26,221.02,"97,807.91"
382,19/02/2025,MSN,"66,400","66,600","67,700","67,700","66,600","67,233","1,300",1.96,3.26,219.30,0.00,0.00,3.26,219.30,"97,376.40"
383,18/02/2025,MSN,"66,400","66,400","66,400","67,200","66,000","66,619",0,0.00,2.60,173.37,1.26,85.53,3.86,258.90,"95,506.55"
384,17/02/2025,MSN,"68,100","68,100","66,400","68,400","66,200","67,157","-1,700",-2.50,5.69,382.32,3.26,222.33,8.96,604.65,"95,506.55"
385,14/02/2025,MSN,"68,900","69,200","68,100","69,400","67,800","68,730",-800,-1.16,2.98,205.05,1.26,85.53,4.24,290.58,"97,951.75"
386,13/02/2025,MSN,"69,000","68,800","68,900","69,000","68,300","68,689",-100,-0.14,1.82,125.29,0.00,0.00,1.82,125.29,"99,102.43"
387,12/02/2025,MSN,"68,700","68,700","69,000","69,100","68,300","68,795",300,0.44,2.09,143.68,0.00,0.00,2.09,143.68,"99,246.26"
391,06/02/2025,MSN,"67,500","67,500","67,400","68,100","67,200","67,438",-100,-0.15,2.80,188.76,0.00,0.00,2.80,188.76,"96,944.90"
392,05/02/2025,MSN,"68,600","68,700","67,500","68,700","67,300","67,761","-1,100",-1.60,4.85,328.82,0.38,25.38,5.23,354.20,"97,088.73"
393,04/02/2025,MSN,"68,000","68,100","68,600","68,800","68,100","68,516",600,0.88,3.95,270.50,0.64,43.86,4.59,314.36,"98,670.92"
394,03/02/2025,MSN,"68,000","67,800","68,000","68,400","67,000","67,801",0,0.00,4.36,295.63,0.00,0.00,4.36,295.63,"97,807.91"
395,24/01/2025,MSN,"65,400","65,500","68,000","68,000","65,400","67,127","2,600",3.98,6.68,448.43,1.56,102.63,8.24,551.06,"97,807.91"
396,23/01/2025,MSN,"65,200","65,300","65,400","66,100","65,200","65,614",200,0.31,3.69,241.80,0.00,0.00,3.69,241.80,"94,068.20"
397,22/01/2025,MSN,"65,700","65,800","65,200","66,200","65,200","65,585",-500,-0.76,2.34,153.39,0.00,0.00,2.34,153.39,"93,780.53"
398,21/01/2025,MSN,"65,500","65,600","65,700","66,400","65,400","65,892",200,0.31,2.26,148.82,0.46,29.94,2.71,178.76,"94,499.70"
399,20/01/2025,MSN,"65,900","66,000","65,500","66,300","65,500","65,769",-400,-0.61,1.81,119.32,0.70,46.13,2.51,165.45,"94,212.03"
400,17/01/2025,MSN,"66,300","66,300","65,900","66,400","65,700","66,053",-400,-0.60,1.69,111.61,2.41,158.43,4.10,270.04,"94,787.37"
401,16/01/2025,MSN,"65,800","66,500","66,300","66,500","65,300","65,917",500,0.76,2.46,162.07,1.52,97.08,3.98,259.15,"95,362.71"
402,15/01/2025,MSN,"63,700","64,500","65,800","66,400","64,000","65,278","2,100",3.30,4.16,271.50,1.51,99.29,5.67,370.79,"94,643.54"
403,14/01/2025,MSN,"65,000","65,000","63,700","65,300","63,700","64,348","-1,300",-2.00,3.59,230.79,1.52,97.08,5.11,327.87,"91,623.00"
404,13/01/2025,MSN,"65,500","65,400","65,000","65,500","64,400","64,914",-500,-0.76,3.67,238.36,4.92,322.16,8.59,560.52,"93,492.86"
405,10/01/2025,MSN,"67,300","67,300","65,500","67,400","65,500","66,394","-1,800",-2.67,2.91,192.89,0.00,0.00,2.91,192.89,"94,212.03"
406,09/01/2025,MSN,"67,700","67,800","67,300","68,100","66,800","67,321",-400,-0.59,1.89,127.01,0.00,0.00,1.89,127.01,"96,801.06"
407,08/01/2025,MSN,"66,800","66,900","67,700","68,000","66,600","67,141",900,1.35,2.81,188.86,0.08,5.38,2.89,194.24,"97,376.40"
408,07/01/2025,MSN,"67,200","67,300","66,800","68,200","66,500","67,361",-400,-0.60,5.74,386.35,0.10,6.76,5.84,393.11,"96,081.89"
409,06/01/2025,MSN,"69,700","69,800","67,200","70,200","67,200","68,995","-2,500",-3.59,5.16,355.80,0.04,2.80,5.20,358.60,"96,657.23"
410,03/01/2025,MSN,"70,800","70,800","69,700","70,800","69,600","70,083","-1,100",-1.55,2.68,187.77,0.62,43.79,3.30,231.56,"100,253.11"
411,02/01/2025,MSN,"70,000","70,100","70,800","70,900","70,000","70,471",800,1.14,2.33,163.94,0.00,0.00,2.33,163.94,"101,835.29"
412,31/12/2024,MSN,"70,100","70,200","70,000","70,800","70,000","70,287",-100,-0.14,2.80,196.83,0.82,56.98,3.62,253.81,"100,684.61"
413,30/12/2024,MSN,"70,400","70,300","70,100","70,800","70,000","70,316",-300,-0.43,1.65,116.32,0.39,27.78,2.05,144.10,"100,828.45"
414,27/12/2024,MSN,"70,500","70,500","70,400","71,100","70,400","70,670",-100,-0.14,2.40,169.47,15.07,"1,062.44",17.47,"1,231.91","101,259.95"
415,26/12/2024,MSN,"70,700","71,100","70,500","71,300","70,500","70,855",-200,-0.28,2.13,151.22,0.39,27.78,2.53,179.00,"101,403.79"
416,25/12/2024,MSN,"70,200","70,200","70,700","71,200","70,200","70,953",500,0.71,3.71,263.45,1.32,92.66,5.03,356.11,"101,691.46"
417,24/12/2024,MSN,"70,300","70,400","70,200","70,600","69,900","70,131",-100,-0.14,3.83,268.84,1.88,131.95,5.71,400.80,"100,972.28"
418,23/12/2024,MSN,"70,300","70,900","70,300","71,000","70,300","70,524",0,0.00,1.76,123.80,6.92,486.55,8.67,610.35,"101,116.12"
419,20/12/2024,MSN,"70,400","70,500","70,300","70,600","70,000","70,310",-100,-0.14,2.75,193.62,0.00,0.00,2.75,193.62,"101,116.12"
420,19/12/2024,MSN,"71,400","71,000","70,400","71,200","70,300","70,711","-1,000",-1.40,3.51,248.42,2.29,161.43,5.80,409.85,"101,259.95"
421,18/12/2024,MSN,"71,000","71,100","71,400","71,400","71,000","71,197",400,0.56,2.49,177.06,5.66,402.21,8.14,579.27,"102,698.31"
422,17/12/2024,MSN,"71,100","71,000","71,000","71,300","71,000","71,098",-100,-0.14,1.65,117.48,1.00,70.73,2.65,188.21,"102,122.96"
423,16/12/2024,MSN,"71,100","71,200","71,100","71,700","70,900","71,152",0,0.00,2.46,175.22,0.00,0.00,2.46,175.22,"102,266.80"
424,13/12/2024,MSN,"72,100","72,000","71,100","72,000","71,000","71,449","-1,000",-1.39,3.54,252.69,0.49,34.55,4.02,287.24,"102,266.80"
425,12/12/2024,MSN,"72,700","72,500","72,100","72,700","72,100","72,359",-600,-0.83,2.67,193.52,0.00,0.00,2.67,193.52,"103,705.15"
426,11/12/2024,MSN,"72,700","73,000","72,700","73,700","72,200","72,737",0,0.00,2.86,207.85,0.00,0.00,2.86,207.85,"104,568.16"
427,10/12/2024,MSN,"73,200","73,000","72,700","73,300","72,700","72,971",-500,-0.68,2.51,183.33,0.00,0.00,2.51,183.33,"104,568.16"
428,09/12/2024,MSN,"73,400","73,400","73,200","73,600","73,100","73,331",-200,-0.27,2.81,206.13,0.16,11.64,2.97,217.77,"105,287.34"
429,06/12/2024,MSN,"73,700","74,100","73,400","74,200","73,200","73,813",-300,-0.41,5.64,415.96,0.00,0.00,5.64,415.96,"105,575.01"
430,05/12/2024,MSN,"72,100","71,900","73,700","73,700","71,800","72,985","1,600",2.22,5.39,393.45,0.52,37.42,5.91,430.87,"106,006.51"
431,04/12/2024,MSN,"72,700","72,500","72,100","72,500","71,400","72,078",-600,-0.83,4.11,295.98,0.00,0.00,4.11,295.98,"103,705.15"
432,03/12/2024,MSN,"72,600","72,400","72,700","73,000","72,400","72,719",100,0.14,2.93,212.95,0.02,1.45,2.95,214.40,"104,568.16"
433,02/12/2024,MSN,"73,200","73,200","72,600","73,500","72,500","72,832",-600,-0.82,2.72,198.45,0.33,23.90,3.05,222.34,"104,424.33"
434,29/11/2024,MSN,"72,400","72,500","73,200","73,600","72,200","72,869",800,1.10,4.42,322.40,2.66,193.02,7.09,515.41,"105,287.34"
435,28/11/2024,MSN,"72,700","72,900","72,400","73,000","72,200","72,624",-300,-0.41,3.11,225.58,0.00,0.00,3.11,225.58,"104,136.66"
436,27/11/2024,MSN,"72,700","72,500","72,700","72,900","72,400","72,631",0,0.00,2.24,162.64,2.63,191.26,4.87,353.90,"104,568.16"
437,26/11/2024,MSN,"72,200","72,300","72,700","73,100","72,100","72,690",500,0.69,4.76,345.74,2.15,155.45,6.91,501.18,"104,568.16"
438,25/11/2024,MSN,"71,000","71,200","72,200","72,500","71,000","71,940","1,200",1.69,4.92,353.62,0.34,24.41,5.25,378.04,"103,848.99"
439,22/11/2024,MSN,"71,300","71,300","71,000","71,600","70,800","71,180",-300,-0.42,3.66,260.42,0.42,30.24,4.08,290.66,"102,122.96"
440,21/11/2024,MSN,"70,300","70,500","71,300","71,500","70,100","70,868","1,000",1.42,3.80,269.29,0.65,45.67,4.45,314.96,"102,554.47"
441,20/11/2024,MSN,"70,000","69,900","70,300","70,900","69,100","70,289",300,0.43,3.92,275.53,0.39,27.16,4.31,302.68,"101,116.12"
442,19/11/2024,MSN,"70,300","70,600","70,000","71,400","70,000","70,375",-300,-0.43,3.92,275.89,5.38,378.47,9.30,654.35,"100,684.61"
443,18/11/2024,MSN,"70,600","70,600","70,300","71,100","69,300","70,330",-300,-0.42,5.23,367.48,0.00,0.00,5.23,367.48,"101,116.12"
444,15/11/2024,MSN,"71,400","71,100","70,600","71,700","70,600","71,209",-800,-1.12,5.69,404.86,0.00,0.00,5.69,404.86,"101,547.62"
445,14/11/2024,MSN,"73,000","72,600","71,400","73,200","71,400","72,324","-1,600",-2.19,4.52,326.99,0.14,10.01,4.66,336.99,"102,698.31"
446,13/11/2024,MSN,"72,500","72,300","73,000","73,100","71,900","72,444",500,0.69,4.12,298.66,0.00,0.00,4.12,298.66,"104,999.67"
447,12/11/2024,MSN,"73,500","73,500","72,500","73,900","72,400","72,954","-1,000",-1.36,3.99,291.11,0.16,11.97,4.16,303.08,"104,280.49"
448,11/11/2024,MSN,"72,300","72,300","73,500","73,700","71,300","72,345","1,200",1.66,8.24,596.11,2.73,209.83,10.96,805.93,"105,718.84"
449,08/11/2024,MSN,"73,300","73,300","72,300","73,600","72,200","72,706","-1,000",-1.36,7.81,567.96,0.00,0.00,7.81,567.96,"103,992.82"
450,07/11/2024,MSN,"74,200","74,300","73,300","74,400","73,300","73,764",-900,-1.21,4.43,327.05,0.12,8.94,4.55,335.99,"105,431.17"
451,06/11/2024,MSN,"73,100","73,500","74,200","74,400","73,300","73,828","1,100",1.50,6.27,462.76,0.00,0.00,6.27,462.76,"106,725.69"
452,05/11/2024,MSN,"73,200","73,200","73,100","73,700","73,000","73,301",-100,-0.14,4.97,364.14,0.42,31.05,5.38,395.19,"105,143.50"
453,04/11/2024,MSN,"74,500","74,500","73,200","74,700","73,100","73,677","-1,300",-1.74,8.32,613.27,0.60,45.42,8.92,658.69,"105,287.34"
454,01/11/2024,MSN,"76,600","76,100","74,500","76,400","74,200","75,124","-2,100",-2.74,13.05,980.21,0.08,6.00,13.13,986.21,"107,157.20"
455,31/10/2024,MSN,"78,100","77,300","76,600","77,400","76,000","76,625","-1,500",-1.92,8.54,654.39,76.38,"5,614.08",84.92,"6,268.47","110,177.73"
456,30/10/2024,MSN,"78,000","78,000","78,100","78,100","76,800","77,511",100,0.13,5.64,437.05,0.92,72.50,6.56,509.56,"112,335.26"
457,29/10/2024,MSN,"77,900","78,100","78,000","78,200","77,300","77,811",100,0.13,3.29,256.17,0.00,0.00,3.29,256.17,"112,191.43"
458,28/10/2024,MSN,"77,200","77,200","77,900","77,900","76,300","76,917",700,0.91,5.74,441.16,1.50,115.10,7.24,556.26,"112,047.59"
459,25/10/2024,MSN,"78,500","79,100","77,200","79,300","77,200","77,868","-1,300",-1.66,10.13,789.03,1.24,97.23,11.37,886.26,"111,040.74"
460,24/10/2024,MSN,"79,400","79,500","78,500","80,600","78,500","79,478",-900,-1.13,5.51,437.61,0.00,0.00,5.51,437.61,"112,910.60"
461,23/10/2024,MSN,"78,900","79,000","79,400","80,100","78,300","79,263",500,0.63,4.19,332.07,0.00,0.00,4.19,332.07,"114,205.12"
462,22/10/2024,MSN,"80,200","80,000","78,900","80,400","78,500","79,521","-1,300",-1.62,7.31,581.41,0.00,0.00,7.31,581.41,"113,485.94"
463,21/10/2024,MSN,"80,400","80,100","80,200","81,200","79,700","80,450",-200,-0.25,5.18,416.84,0.00,0.00,5.18,416.84,"115,355.80"
464,18/10/2024,MSN,"81,000","81,300","80,400","81,400","80,300","80,779",-600,-0.74,5.10,412.01,0.00,0.00,5.10,412.01,"115,643.47"
465,17/10/2024,MSN,"80,400","80,600","81,000","81,000","79,300","80,049",600,0.75,5.88,470.55,0.00,0.00,5.88,470.55,"116,506.48"
466,16/10/2024,MSN,"80,800","80,800","80,400","82,300","80,000","81,019",-400,-0.50,8.07,653.46,0.31,25.21,8.38,678.68,"115,643.47"
467,15/10/2024,MSN,"80,300","80,300","80,800","81,500","80,200","80,770",500,0.62,6.65,536.95,0.00,0.00,6.65,536.95,"116,218.81"
468,14/10/2024,MSN,"81,100","82,000","80,300","82,100","80,100","80,894",-800,-0.99,5.91,477.87,4.30,343.75,10.20,821.62,"115,499.63"
469,11/10/2024,MSN,"80,000","80,200","81,100","81,100","79,500","80,296","1,100",1.38,6.90,554.07,0.00,0.00,6.90,554.08,"116,650.32"
470,10/10/2024,MSN,"77,000","78,000","80,000","80,500","77,900","79,415","3,000",3.90,19.87,"1,578.04",0.04,3.11,19.91,"1,581.16","115,068.13"
471,09/10/2024,MSN,"75,200","75,300","77,000","77,100","75,100","76,552","1,800",2.39,8.35,638.93,0.04,3.20,8.39,642.13,"110,753.07"
472,08/10/2024,MSN,"74,800","75,000","75,200","75,400","74,600","74,958",400,0.53,2.77,207.73,0.00,0.01,2.77,207.74,"108,164.04"
473,07/10/2024,MSN,"75,600","76,000","74,800","76,300","74,500","75,146",-800,-1.06,4.12,309.84,0.00,0.00,4.12,309.84,"107,588.70"
474,04/10/2024,MSN,"76,000","76,000","75,600","76,400","75,500","75,905",-400,-0.53,3.19,242.09,0.05,3.70,3.24,245.79,"108,739.38"
475,03/10/2024,MSN,"76,000","76,000","76,000","77,300","76,000","76,731",0,0.00,7.17,549.79,0.00,0.00,7.17,549.79,"109,314.72"
476,02/10/2024,MSN,"76,600","76,300","76,000","76,500","76,000","76,227",-600,-0.78,2.35,178.81,0.00,0.00,2.35,178.81,"109,314.72"
477,01/10/2024,MSN,"75,700","75,800","76,600","77,400","75,800","76,882",900,1.19,6.91,531.41,0.02,1.52,6.93,532.93,"110,177.73"
478,30/09/2024,MSN,"75,900","75,900","75,700","76,600","75,600","76,057",-200,-0.26,3.47,264.18,0.00,0.00,3.47,264.18,"108,883.22"
479,27/09/2024,MSN,"76,100","76,300","75,900","76,400","75,200","75,697",-200,-0.26,3.73,281.99,13.63,"1,037.24",17.36,"1,319.23","109,170.89"
480,26/09/2024,MSN,"75,500","75,800","76,100","76,400","75,700","76,000",600,0.79,4.62,350.92,0.00,0.00,4.62,350.92,"109,458.56"
481,25/09/2024,MSN,"74,800","75,100","75,500","75,800","75,100","75,477",700,0.94,5.14,387.60,1.71,128.25,6.85,515.84,"108,595.55"
482,24/09/2024,MSN,"74,400","74,400","74,800","74,800","74,000","74,330",400,0.54,3.04,226.29,0.02,1.49,3.06,227.78,"107,588.70"
483,23/09/2024,MSN,"74,700","74,700","74,400","75,300","74,400","74,715",-300,-0.40,1.84,137.24,0.00,0.00,1.84,137.24,"107,013.36"
484,20/09/2024,MSN,"74,400","75,000","74,700","75,700","74,600","75,077",300,0.40,4.01,301.38,4.32,321.90,8.34,623.28,"107,444.87"
485,19/09/2024,MSN,"74,400","74,500","74,400","74,800","74,000","74,354",0,0.00,2.66,198.03,0.03,1.87,2.69,199.90,"107,013.36"
486,18/09/2024,MSN,"74,500","74,700","74,400","75,300","74,400","74,774",-100,-0.13,2.72,203.38,5.27,392.91,7.99,596.28,"107,013.36"
487,17/09/2024,MSN,"72,900","73,000","74,500","74,500","72,800","73,536","1,600",2.19,2.79,204.80,0.00,0.00,2.79,204.81,"107,157.20"
488,16/09/2024,MSN,"74,200","74,200","72,900","74,600","72,800","73,421","-1,300",-1.75,5.07,371.92,0.03,1.86,5.09,373.78,"104,855.83"
489,13/09/2024,MSN,"75,100","75,100","74,200","75,400","74,200","74,691",-900,-1.20,2.86,213.45,0.26,19.38,3.12,232.83,"106,725.69"
490,12/09/2024,MSN,"75,100","75,600","75,100","75,800","74,900","75,336",0,0.00,1.66,125.40,0.00,0.01,1.66,125.40,"108,020.21"
491,11/09/2024,MSN,"75,200","75,200","75,100","75,700","74,800","75,205",-100,-0.13,2.64,198.33,0.26,19.38,2.90,217.71,"108,020.21"
492,10/09/2024,MSN,"75,400","75,500","75,200","77,000","75,200","75,920",-200,-0.27,5.92,449.30,0.27,20.37,6.19,469.67,"108,164.04"
493,09/09/2024,MSN,"76,000","75,800","75,400","75,900","75,100","75,389",-600,-0.79,3.75,282.51,0.00,0.00,3.75,282.51,"108,451.71"
494,06/09/2024,MSN,"74,100","74,200","76,000","76,000","74,000","75,084","1,900",2.56,4.44,333.64,0.63,47.93,5.08,381.56,"109,314.72"
495,05/09/2024,MSN,"75,300","75,200","74,100","75,900","74,100","74,982","-1,200",-1.59,5.02,376.40,0.02,1.58,5.04,377.98,"106,581.85"
496,04/09/2024,MSN,"76,500","75,300","75,300","76,000","75,200","75,466","-1,200",-1.57,4.91,370.17,0.39,29.46,5.30,399.62,"108,307.88"
497,30/08/2024,MSN,"76,900","77,100","76,500","77,600","76,500","76,926",-400,-0.52,3.21,247.24,0.47,36.24,3.68,283.48,"110,033.90"
498,29/08/2024,MSN,"77,100","77,400","76,900","77,500","76,800","77,040",-200,-0.26,1.89,145.68,0.00,0.01,1.89,145.68,"110,609.24"
499,28/08/2024,MSN,"76,800","77,000","77,100","77,900","76,800","77,232",300,0.39,4.56,352.08,2.87,220.28,7.43,572.36,"110,896.91"
500,27/08/2024,MSN,"76,200","76,300","76,800","76,800","75,600","76,184",600,0.79,5.25,399.66,0.00,0.00,5.25,399.66,"110,465.40"
501,26/08/2024,MSN,"77,900","78,100","76,200","78,200","76,200","77,018","-1,700",-2.18,7.99,615.30,0.91,70.08,8.90,685.38,"109,602.39"
502,23/08/2024,MSN,"78,000","78,400","77,900","79,000","77,400","78,016",-100,-0.13,4.06,316.98,0.00,0.00,4.06,316.98,"112,047.59"
503,22/08/2024,MSN,"77,500","77,700","78,000","79,600","77,300","78,331",500,0.65,6.73,527.15,1.11,86.63,7.84,613.77,"112,191.43"
504,21/08/2024,MSN,"77,600","77,600","77,500","78,500","77,100","77,674",-100,-0.13,4.52,351.35,3.92,304.03,8.44,655.38,"111,472.25"
505,20/08/2024,MSN,"77,800","77,700","77,600","79,100","77,500","78,001",-200,-0.26,5.75,448.38,0.00,0.00,5.75,448.38,"111,616.09"
506,19/08/2024,MSN,"77,300","77,800","77,800","79,000","77,100","78,188",500,0.65,5.46,426.96,0.00,0.00,5.46,426.96,"111,903.76"
507,16/08/2024,MSN,"75,000","75,400","77,300","77,500","75,200","76,617","2,300",3.07,8.15,624.17,0.00,0.00,8.15,624.18,"111,184.58"
508,15/08/2024,MSN,"76,500","76,700","75,000","76,700","75,000","75,596","-1,500",-1.96,3.32,250.97,0.16,11.60,3.47,262.57,"107,876.37"
509,14/08/2024,MSN,"74,800","75,200","76,500","77,300","74,900","76,578","1,700",2.27,10.25,785.21,0.00,0.00,10.25,785.21,"110,033.90"
510,13/08/2024,MSN,"75,200","75,000","74,800","75,200","73,800","74,385",-400,-0.53,4.76,354.09,0.16,11.59,4.92,365.68,"107,588.70"
511,12/08/2024,MSN,"75,200","75,500","75,200","76,200","74,300","75,195",0,0.00,4.46,335.26,0.00,0.00,4.46,335.26,"108,164.04"
512,09/08/2024,MSN,"74,500","74,600","75,200","75,300","74,500","74,896",700,0.94,3.97,297.02,0.00,0.00,3.97,297.02,"108,164.04"
513,08/08/2024,MSN,"73,000","73,000","74,500","75,600","72,700","74,669","1,500",2.05,9.53,711.83,0.00,0.00,9.53,711.83,"107,157.20"
514,07/08/2024,MSN,"73,200","73,300","73,000","73,500","72,200","72,844",-200,-0.27,3.65,266.13,4.88,356.85,8.53,622.98,"104,999.67"
515,06/08/2024,MSN,"70,500","71,000","73,200","73,400","70,500","72,092","2,700",3.83,5.27,380.08,0.26,18.70,5.53,398.77,"105,287.34"
516,05/08/2024,MSN,"72,200","71,300","70,500","72,700","70,200","71,005","-1,700",-2.35,6.26,444.53,0.02,1.54,6.28,446.08,"101,403.79"
517,02/08/2024,MSN,"71,800","71,000","72,200","73,200","71,000","72,167",400,0.56,5.31,383.54,0.26,18.70,5.57,402.24,"103,848.99"
518,01/08/2024,MSN,"74,100","74,100","71,800","74,900","70,800","73,358","-2,300",-3.10,7.66,561.88,0.00,0.00,7.66,561.88,"103,273.65"
519,31/07/2024,MSN,"74,600","75,000","74,100","75,000","74,100","74,579",-500,-0.67,3.57,265.90,1.30,96.80,4.86,362.70,"106,581.85"
520,30/07/2024,MSN,"74,000","74,000","74,600","75,300","73,800","74,623",600,0.81,5.72,426.65,0.00,0.00,5.72,426.65,"107,301.03"
521,29/07/2024,MSN,"74,000","74,800","74,000","74,900","73,700","74,349",0,0.00,3.72,276.52,0.02,1.48,3.74,278.00,"106,438.02"
522,26/07/2024,MSN,"71,000","71,000","74,000","74,000","71,000","72,816","3,000",4.23,7.23,526.42,0.00,0.00,7.23,526.42,"106,438.02"
523,25/07/2024,MSN,"71,500","71,100","71,000","71,400","70,800","71,100",-500,-0.70,1.65,116.98,0.02,1.46,1.67,118.44,"102,122.96"
524,24/07/2024,MSN,"71,000","70,800","71,500","72,200","70,200","71,228",500,0.70,3.44,244.67,0.35,24.94,3.79,269.61,"102,842.14"
525,23/07/2024,MSN,"72,200","72,400","71,000","72,400","70,100","71,193","-1,200",-1.66,3.38,240.34,0.02,1.54,3.40,241.88,"102,122.96"
526,22/07/2024,MSN,"71,000","71,100","72,200","72,600","70,400","71,634","1,200",1.69,4.07,291.47,0.14,9.97,4.21,301.43,"103,848.99"
527,19/07/2024,MSN,"71,200","71,500","71,000","71,600","70,700","71,067",-200,-0.28,4.79,340.10,0.00,0.00,4.79,340.10,"102,122.96"
528,18/07/2024,MSN,"71,800","71,800","71,200","72,300","70,200","70,925",-600,-0.84,7.52,533.62,0.14,9.98,7.66,543.60,"102,410.64"
529,17/07/2024,MSN,"74,000","74,300","71,800","74,300","71,000","73,240","-2,200",-2.97,5.88,430.32,0.02,1.50,5.90,431.82,"103,273.65"
530,16/07/2024,MSN,"74,500","74,700","74,000","75,300","73,800","74,531",-500,-0.67,4.29,319.47,0.00,0.01,4.29,319.48,"106,438.02"
531,15/07/2024,MSN,"74,800","74,800","74,500","75,000","74,200","74,550",-300,-0.40,2.89,215.31,0.02,1.51,2.91,216.82,"107,157.20"
532,12/07/2024,MSN,"75,800","75,800","74,800","76,100","74,600","75,259","-1,000",-1.32,4.44,334.30,0.00,0.01,4.44,334.31,"107,588.70"
533,11/07/2024,MSN,"76,800","77,200","75,800","77,200","75,800","76,294","-1,000",-1.30,3.83,292.48,0.02,1.53,3.85,294.01,"109,027.05"
534,10/07/2024,MSN,"76,500","76,600","76,800","77,500","76,400","76,860",300,0.39,5.38,413.65,4.03,307.30,9.41,720.96,"110,465.40"
535,09/07/2024,MSN,"76,200","76,200","76,500","76,500","75,500","75,956",300,0.39,5.98,454.38,0.09,7.03,6.07,461.41,"110,033.90"
536,08/07/2024,MSN,"76,700","77,000","76,200","77,000","75,700","76,156",-500,-0.65,5.96,454.02,0.05,4.02,6.02,458.04,"109,602.39"
537,05/07/2024,MSN,"76,800","77,000","76,700","77,000","76,300","76,623",-100,-0.13,2.54,194.55,0.00,0.03,2.54,194.58,"110,321.57"
538,04/07/2024,MSN,"76,500","76,900","76,800","77,800","76,500","77,105",300,0.39,6.27,483.10,0.00,0.01,6.27,483.12,"110,465.40"
539,03/07/2024,MSN,"76,300","76,500","76,500","76,600","75,800","76,257",200,0.26,2.55,194.55,0.00,0.01,2.55,194.56,"110,033.90"
540,02/07/2024,MSN,"76,000","76,100","76,300","76,800","76,000","76,420",300,0.39,2.70,206.00,0.00,0.01,2.70,206.01,"109,746.23"
541,01/07/2024,MSN,"74,700","74,700","76,000","76,200","74,700","75,654","1,300",1.74,2.94,222.77,0.00,0.01,2.94,222.78,"109,314.72"
542,28/06/2024,MSN,"74,500","74,600","74,700","76,200","74,500","75,418",200,0.27,6.41,483.12,13.66,"1,017.53",20.06,"1,500.66","107,444.87"
543,27/06/2024,MSN,"74,000","73,900","74,500","75,200","73,600","74,400",500,0.68,3.77,280.16,0.08,5.97,3.85,286.13,"107,157.20"
544,26/06/2024,MSN,"73,900","73,900","74,000","74,500","73,100","73,597",100,0.14,3.53,259.61,0.02,1.58,3.55,261.18,"106,438.02"
545,25/06/2024,MSN,"73,700","74,200","73,900","74,500","73,600","74,035",200,0.27,5.26,389.60,5.71,420.99,10.97,810.59,"106,294.18"
546,24/06/2024,MSN,"76,200","75,500","73,700","76,300","73,700","74,663","-2,500",-3.28,8.31,620.12,1.32,97.29,9.63,717.41,"106,006.51"
547,21/06/2024,MSN,"75,800","75,800","76,200","77,500","75,500","76,613",400,0.53,3.97,304.47,0.00,0.01,3.97,304.47,"109,602.39"
548,20/06/2024,MSN,"75,600","75,600","75,800","76,200","75,100","75,691",200,0.26,4.16,314.83,0.00,0.01,4.16,314.84,"109,027.05"
549,19/06/2024,MSN,"76,200","76,700","75,600","76,700","74,900","75,539",-600,-0.79,6.66,502.91,1.88,142.91,8.53,645.82,"108,739.38"
550,18/06/2024,MSN,"76,200","76,200","76,200","77,300","76,200","76,647",0,0.00,4.13,316.27,5.04,383.69,9.16,699.96,"109,030.27"
551,17/06/2024,MSN,"78,000","78,000","76,200","78,000","76,200","76,847","-1,800",-2.31,6.24,479.72,0.02,1.55,6.26,481.27,"109,030.27"
552,14/06/2024,MSN,"78,600","78,700","78,000","80,300","78,000","79,274",-600,-0.76,9.03,715.69,4.10,322.55,13.13,"1,038.25","111,605.79"
553,13/06/2024,MSN,"77,800","78,500","78,600","78,800","78,000","78,414",800,1.03,6.21,486.99,0.03,1.98,6.24,488.96,"112,464.29"
554,12/06/2024,MSN,"75,800","76,000","77,800","78,100","76,000","77,206","2,000",2.64,5.84,450.71,0.00,0.00,5.84,450.71,"111,319.62"
555,11/06/2024,MSN,"77,100","77,200","75,800","77,500","75,700","76,346","-1,300",-1.69,6.57,501.86,0.49,37.35,7.06,539.21,"108,457.93"
556,10/06/2024,MSN,"77,600","77,600","77,100","78,000","76,800","77,334",-500,-0.64,5.32,411.73,0.00,0.02,5.32,411.74,"110,318.03"
557,07/06/2024,MSN,"78,100","78,500","77,600","78,600","77,000","77,732",-500,-0.64,4.62,359.21,0.02,1.58,4.64,360.79,"111,033.45"
558,06/06/2024,MSN,"78,100","78,400","78,100","78,800","77,500","78,265",0,0.00,4.73,369.97,0.00,0.01,4.73,369.99,"111,748.87"
559,05/06/2024,MSN,"77,500","77,500","78,100","79,400","77,500","78,611",600,0.77,7.55,593.50,0.03,2.35,7.58,595.85,"111,748.87"
560,04/06/2024,MSN,"77,700","78,000","77,500","78,000","77,100","77,495",-200,-0.26,4.40,341.26,0.05,3.79,4.45,345.05,"110,890.36"
561,03/06/2024,MSN,"76,600","77,300","77,700","78,500","76,800","77,942","1,100",1.44,6.57,512.08,3.38,257.27,9.95,769.35,"111,176.53"
562,31/05/2024,MSN,"77,200","78,000","76,600","78,400","76,600","77,609",-600,-0.78,5.59,434.01,0.00,0.02,5.59,434.03,"109,602.60"
563,30/05/2024,MSN,"75,000","74,300","77,200","77,400","74,100","75,994","2,200",2.93,11.16,848.20,0.02,1.51,11.18,849.71,"110,461.11"
564,29/05/2024,MSN,"75,500","75,700","75,000","76,900","75,000","75,921",-500,-0.66,8.00,607.65,0.00,0.01,8.00,607.66,"107,313.26"
565,28/05/2024,MSN,"73,500","74,200","75,500","75,500","73,800","74,834","2,000",2.72,5.10,381.69,2.22,162.89,7.32,544.58,"108,028.68"
566,27/05/2024,MSN,"73,500","73,500","73,500","74,000","72,700","73,284",0,0.00,3.88,284.45,0.02,1.49,3.90,285.94,"105,166.99"
567,24/05/2024,MSN,"75,800","75,500","73,500","76,300","73,100","74,472","-2,300",-3.03,7.67,571.19,0.00,0.01,7.67,571.19,"105,166.99"
568,23/05/2024,MSN,"73,900","73,900","75,800","75,800","73,200","74,256","1,900",2.57,6.13,455.05,0.00,0.01,6.13,455.05,"108,457.93"
569,22/05/2024,MSN,"75,800","76,000","73,900","76,400","73,800","74,801","-1,900",-2.51,8.35,624.93,0.02,1.50,8.37,626.43,"105,739.33"
570,21/05/2024,MSN,"76,400","76,200","75,800","76,500","74,900","75,639",-600,-0.79,5.88,444.65,2.39,180.25,8.27,624.90,"108,457.93"
571,20/05/2024,MSN,"75,500","76,500","76,400","77,300","75,700","76,336",900,1.19,7.87,600.76,0.02,1.50,7.89,602.26,"109,316.44"
572,17/05/2024,MSN,"72,400","72,600","75,500","76,000","72,400","74,933","3,100",4.28,12.30,921.73,0.60,44.33,12.90,966.06,"108,028.68"
573,16/05/2024,MSN,"72,200","72,900","72,400","73,000","72,000","72,470",200,0.28,4.05,293.17,0.02,1.46,4.07,294.63,"103,593.06"
574,15/05/2024,MSN,"70,600","72,000","72,200","73,300","71,900","72,493","1,600",2.27,6.89,499.39,0.28,20.22,7.17,519.61,"103,306.89"
575,14/05/2024,MSN,"70,800","71,000","70,600","71,400","70,100","70,683",-200,-0.28,3.69,260.97,0.00,0.01,3.69,260.98,"101,017.54"
576,13/05/2024,MSN,"70,800","70,900","70,800","71,700","70,300","70,862",0,0.00,2.57,182.22,0.61,43.64,3.18,225.86,"101,303.71"
577,10/05/2024,MSN,"71,400","71,400","70,800","71,900","70,600","71,123",-600,-0.84,3.71,264.21,0.10,6.95,3.81,271.16,"101,303.71"
578,09/05/2024,MSN,"72,300","72,100","71,400","73,800","70,600","72,173",-900,-1.24,7.17,517.15,1.25,88.88,8.41,606.03,"102,162.22"
579,08/05/2024,MSN,"71,200","70,900","72,300","73,200","70,200","71,954","1,100",1.54,6.12,440.58,0.00,0.00,6.12,440.58,"103,449.98"
580,07/05/2024,MSN,"71,100","71,400","71,200","71,500","70,500","70,944",100,0.14,3.24,230.14,1.26,88.63,4.50,318.77,"101,876.05"
581,06/05/2024,MSN,"69,800","70,700","71,100","71,300","70,100","70,765","1,300",1.86,5.11,361.28,2.97,207.39,8.07,568.66,"101,732.97"
582,03/05/2024,MSN,"68,000","68,600","69,800","70,900","68,100","69,841","1,800",2.65,7.05,492.33,0.74,51.87,7.79,544.20,"99,872.87"
583,02/05/2024,MSN,"67,200","67,800","68,000","68,000","67,100","67,609",800,1.19,2.28,154.11,0.00,0.00,2.28,154.11,"97,297.35"
584,26/04/2024,MSN,"68,100","67,500","67,200","68,300","67,100","67,632",-900,-1.32,3.59,243.00,1.44,98.13,5.03,341.13,"96,152.68"
585,25/04/2024,MSN,"66,900","67,200","68,100","68,500","66,200","67,926","1,200",1.79,6.07,412.64,0.00,0.00,6.07,412.64,"97,440.44"
586,24/04/2024,MSN,"64,700","65,500","66,900","67,500","65,200","66,576","2,200",3.40,3.28,218.15,0.00,0.00,3.28,218.15,"95,723.42"
587,23/04/2024,MSN,"66,900","67,700","64,700","67,700","64,500","66,253","-2,200",-3.29,5.05,334.41,0.02,1.34,5.07,335.75,"92,575.57"
588,22/04/2024,MSN,"66,500","67,300","66,900","67,500","66,700","67,076",400,0.60,2.93,196.65,0.00,0.00,2.93,196.65,"95,723.42"
589,19/04/2024,MSN,"66,800","66,000","66,500","67,900","65,900","66,846",-300,-0.45,4.77,318.70,0.04,2.68,4.81,321.38,"95,151.09"
590,17/04/2024,MSN,"66,100","66,400","66,800","68,900","65,500","67,277",700,1.06,7.22,485.51,0.30,20.04,7.52,505.55,"95,580.34"
591,16/04/2024,MSN,"66,900","66,900","66,100","67,400","64,600","65,926",-800,-1.20,8.05,530.69,0.53,34.59,8.58,565.28,"94,578.75"
592,15/04/2024,MSN,"71,900","71,900","66,900","71,900","66,900","69,076","-5,000",-6.95,10.95,756.06,0.33,22.19,11.28,778.25,"95,723.42"
593,12/04/2024,MSN,"71,800","71,800","71,900","72,600","71,700","71,899",100,0.14,3.57,256.89,0.00,0.00,3.57,256.89,"102,877.64"
594,11/04/2024,MSN,"72,500","71,900","71,800","72,200","71,500","71,875",-700,-0.97,3.58,257.09,0.00,0.00,3.58,257.09,"102,734.56"
595,10/04/2024,MSN,"73,500","73,500","72,500","73,900","72,500","73,009","-1,000",-1.36,3.03,221.26,0.21,15.23,3.24,236.49,"103,736.15"
596,09/04/2024,MSN,"71,900","72,400","73,500","73,500","72,200","72,928","1,600",2.23,4.12,300.71,0.22,16.23,4.34,316.94,"105,166.99"
597,08/04/2024,MSN,"71,900","72,100","71,900","72,800","71,700","72,238",0,0.00,2.80,202.58,4.17,299.97,6.98,502.55,"102,877.64"
598,05/04/2024,MSN,"73,400","72,800","71,900","73,200","71,900","72,553","-1,500",-2.04,5.61,406.98,0.00,0.00,5.61,406.98,"102,877.64"
599,04/04/2024,MSN,"73,400","73,100","73,400","74,500","73,000","73,426",0,0.00,3.74,274.54,0.17,12.66,3.91,287.20,"105,023.91"
600,03/04/2024,MSN,"74,500","74,500","73,400","75,400","73,200","74,066","-1,100",-1.48,4.99,369.35,0.16,11.81,5.15,381.16,"105,023.91"
601,02/04/2024,MSN,"73,400","73,400","74,500","75,000","73,300","74,240","1,100",1.50,3.74,277.55,1.60,119.10,5.34,396.65,"106,597.83"
602,01/04/2024,MSN,"74,200","74,400","73,400","74,900","72,600","73,598",-800,-1.08,7.70,566.79,0.00,0.00,7.70,566.79,"105,023.91"
603,29/03/2024,MSN,"76,000","76,500","74,200","76,500","74,200","74,722","-1,800",-2.37,8.32,622.05,12.38,940.86,20.71,"1,562.92","106,168.58"
604,28/03/2024,MSN,"75,400","76,900","76,000","77,700","75,700","76,680",600,0.80,6.24,478.25,0.14,10.21,6.38,488.47,"108,744.10"
605,27/03/2024,MSN,"74,000","75,000","75,400","76,100","74,100","75,362","1,400",1.89,6.07,457.72,39.61,"2,753.32",45.68,"3,211.04","107,885.59"
606,26/03/2024,MSN,"75,500","75,900","74,000","76,200","74,000","75,136","-1,500",-1.99,6.37,478.66,0.14,10.21,6.51,488.87,"105,882.41"
607,25/03/2024,MSN,"78,500","78,000","75,500","78,500","75,400","76,800","-3,000",-3.82,8.72,670.00,1.70,133.26,10.42,803.26,"108,028.68"
608,22/03/2024,MSN,"78,000","79,300","78,500","80,900","78,300","79,262",500,0.64,6.02,477.05,0.05,3.87,6.07,480.92,"112,321.21"
609,21/03/2024,MSN,"77,300","78,500","78,000","78,800","77,600","78,172",700,0.91,4.98,389.50,1.58,121.83,6.56,511.33,"111,605.79"
610,20/03/2024,MSN,"77,400","77,400","77,300","77,800","76,500","77,225",-100,-0.13,4.24,327.33,1.36,106.14,5.59,433.48,"110,604.20"
611,19/03/2024,MSN,"77,900","77,900","77,400","79,400","77,200","78,194",-500,-0.64,3.13,244.69,0.03,2.12,3.16,246.81,"110,747.28"
612,18/03/2024,MSN,"78,500","77,800","77,900","78,900","73,900","76,205",-600,-0.76,7.52,572.82,0.81,63.64,8.33,636.46,"111,462.70"
613,15/03/2024,MSN,"78,900","78,300","78,500","79,200","76,800","77,724",-400,-0.51,6.91,536.99,3.97,312.90,10.88,849.89,"112,321.21"
614,14/03/2024,MSN,"80,900","81,500","78,900","81,600","78,700","80,079","-2,000",-2.47,6.42,513.85,0.08,5.90,6.49,519.74,"112,893.54"
615,13/03/2024,MSN,"78,700","79,000","80,900","81,000","78,900","80,131","2,200",2.80,7.04,563.76,5.00,388.00,12.04,951.76,"115,755.23"
616,12/03/2024,MSN,"77,500","77,500","78,700","79,400","77,200","78,248","1,200",1.55,5.98,467.59,0.60,46.71,6.57,514.29,"112,607.38"
617,11/03/2024,MSN,"78,500","78,500","77,500","81,100","76,600","79,078","-1,000",-1.27,7.10,561.75,1.25,98.44,8.36,660.19,"110,890.36"
618,08/03/2024,MSN,"80,800","81,000","78,500","81,000","78,000","79,299","-2,300",-2.85,7.45,591.14,0.00,0.00,7.45,591.14,"112,321.21"
619,07/03/2024,MSN,"76,900","77,000","80,800","80,800","76,400","78,420","3,900",5.07,8.72,683.91,0.02,1.56,8.74,685.47,"115,612.15"
620,06/03/2024,MSN,"75,700","76,800","76,900","77,800","75,700","76,495","1,200",1.59,6.84,523.48,0.08,6.12,6.92,529.60,"110,031.86"
621,05/03/2024,MSN,"70,800","71,200","75,700","75,700","70,900","73,787","4,900",6.92,13.00,959.21,0.06,4.13,13.06,963.33,"108,314.85"
622,04/03/2024,MSN,"70,500","70,700","70,800","71,100","69,900","70,398",300,0.43,5.32,374.22,2.79,186.73,8.10,560.95,"101,303.71"
623,01/03/2024,MSN,"70,400","70,400","70,500","71,200","70,000","70,520",100,0.14,3.76,265.00,0.00,0.00,3.76,265.00,"100,874.46"
624,29/02/2024,MSN,"68,300","69,400","70,400","71,500","69,100","70,603","2,100",3.07,8.30,585.83,0.00,0.00,8.30,585.83,"100,731.38"
625,28/02/2024,MSN,"67,600","68,000","68,300","68,400","67,700","68,047",700,1.04,3.48,236.87,0.00,0.00,3.48,236.87,"97,726.60"
626,27/02/2024,MSN,"66,700","66,700","67,600","68,200","66,700","67,627",900,1.35,3.04,205.42,0.00,0.00,3.04,205.42,"96,725.01"
627,26/02/2024,MSN,"66,700","66,700","66,700","67,400","66,100","66,586",0,0.00,2.92,194.55,1.38,93.98,4.30,288.52,"95,437.26"
628,23/02/2024,MSN,"68,100","68,300","66,700","68,900","66,600","67,727","-1,400",-2.06,4.79,324.58,0.14,9.47,4.93,334.04,"95,437.26"
629,22/02/2024,MSN,"68,000","68,100","68,100","69,300","67,800","68,340",100,0.15,4.15,283.58,0.00,0.00,4.15,283.58,"97,440.44"
630,21/02/2024,MSN,"68,800","68,800","68,000","68,900","67,700","68,119",-800,-1.16,3.34,227.30,0.00,0.00,3.34,227.30,"97,297.35"
631,20/02/2024,MSN,"68,900","69,700","68,800","69,700","68,200","68,692",-100,-0.15,3.38,231.90,0.45,29.71,3.83,261.61,"98,442.03"
632,19/02/2024,MSN,"66,200","66,500","68,900","69,400","66,500","68,113","2,700",4.08,7.83,533.57,0.83,54.60,8.66,588.17,"98,585.11"
633,16/02/2024,MSN,"64,900","65,100","66,200","66,400","65,100","65,944","1,300",2.00,2.71,178.98,0.80,52.16,3.51,231.14,"94,721.83"
634,15/02/2024,MSN,"64,900","65,000","64,900","65,700","64,900","65,086",0,0.00,2.03,132.14,0.00,0.00,2.03,132.14,"92,861.74"
635,07/02/2024,MSN,"64,800","65,000","64,900","65,300","64,600","64,942",100,0.15,1.35,87.83,0.42,27.30,1.77,115.13,"92,861.74"
636,06/02/2024,MSN,"64,900","65,300","64,800","65,300","64,700","64,832",-100,-0.15,1.61,104.20,0.55,36.24,2.16,140.44,"92,718.65"
637,05/02/2024,MSN,"65,400","65,400","64,900","65,700","64,700","64,987",-500,-0.76,1.61,104.80,0.00,0.00,1.61,104.80,"92,861.74"
638,02/02/2024,MSN,"65,100","65,600","65,400","65,600","65,000","65,294",300,0.46,1.61,104.95,0.00,0.00,1.61,104.95,"93,577.16"
639,01/02/2024,MSN,"64,400","64,400","65,100","65,500","64,400","64,976",700,1.09,1.69,109.97,0.00,0.00,1.69,109.97,"93,147.91"
640,31/01/2024,MSN,"66,100","66,500","64,400","66,600","64,400","65,533","-1,700",-2.57,2.59,169.66,1.93,127.00,4.52,296.67,"92,146.32"
641,30/01/2024,MSN,"65,600","65,600","66,100","66,600","65,600","66,256",500,0.76,1.17,77.57,0.00,0.00,1.17,77.57,"94,578.75"
642,29/01/2024,MSN,"65,800","66,000","65,600","66,400","65,500","65,732",-200,-0.30,1.43,93.94,0.00,0.00,1.43,93.94,"93,863.33"
643,26/01/2024,MSN,"66,800","67,000","65,800","67,000","65,800","66,287","-1,000",-1.50,1.94,128.37,0.00,0.00,1.94,128.37,"94,149.50"
644,25/01/2024,MSN,"66,200","66,400","66,800","66,800","66,100","66,320",600,0.91,1.16,77.02,0.00,0.00,1.16,77.02,"95,580.34"
645,24/01/2024,MSN,"67,500","67,000","66,200","67,500","66,200","66,710","-1,300",-1.93,2.45,163.23,0.55,37.04,2.99,200.27,"94,721.83"
646,23/01/2024,MSN,"67,700","67,800","67,500","67,800","66,500","67,036",-200,-0.30,2.45,163.94,0.00,0.00,2.45,163.94,"96,581.93"
647,22/01/2024,MSN,"67,800","68,500","67,700","68,500","67,000","67,459",-100,-0.15,1.78,119.80,1.08,73.08,2.85,192.88,"96,868.10"
648,19/01/2024,MSN,"66,400","66,700","67,800","68,400","66,700","67,829","1,400",2.11,3.31,224.20,0.00,0.00,3.31,224.20,"97,011.18"
649,18/01/2024,MSN,"66,300","66,400","66,400","67,000","66,400","66,595",100,0.15,1.29,85.91,0.66,44.55,1.95,130.47,"95,008.00"
650,17/01/2024,MSN,"67,100","67,100","66,300","67,500","66,300","66,918",-800,-1.19,1.90,127.43,0.00,0.00,1.90,127.43,"94,864.92"
651,16/01/2024,MSN,"65,600","65,600","67,100","67,300","65,300","66,699","1,500",2.29,1.94,129.27,1.33,87.78,3.27,217.05,"96,009.59"
652,15/01/2024,MSN,"64,800","65,300","65,600","66,100","65,200","65,668",800,1.23,1.31,86.16,0.00,0.00,1.31,86.16,"93,863.33"
653,12/01/2024,MSN,"66,100","66,000","64,800","66,000","64,800","65,322","-1,300",-1.97,2.39,156.15,1.32,86.58,3.71,242.74,"92,718.65"
654,11/01/2024,MSN,"66,200","66,400","66,100","66,900","66,000","66,224",-100,-0.15,2.17,143.91,0.00,0.00,2.17,143.91,"94,578.75"
655,10/01/2024,MSN,"66,100","66,200","66,200","67,500","66,100","66,624",100,0.15,1.88,125.46,0.66,43.36,2.54,168.82,"94,721.83"
656,09/01/2024,MSN,"66,600","66,700","66,100","67,400","66,000","66,416",-500,-0.75,2.18,144.62,0.00,0.00,2.18,144.62,"94,578.75"
657,08/01/2024,MSN,"67,900","68,000","66,600","68,000","66,600","67,138","-1,300",-1.91,2.68,180.15,2.08,141.23,4.76,321.38,"95,294.17"
658,05/01/2024,MSN,"68,100","68,200","67,900","68,300","66,600","67,468",-200,-0.29,3.41,229.75,0.00,0.00,3.41,229.75,"97,154.27"
659,04/01/2024,MSN,"68,900","69,000","68,100","69,100","68,100","68,613",-800,-1.16,2.53,173.32,0.00,0.00,2.53,173.32,"97,440.44"
660,03/01/2024,MSN,"68,400","68,000","68,900","68,900","67,700","68,363",500,0.73,1.72,117.62,4.38,299.52,6.10,417.13,"98,585.11"
661,02/01/2024,MSN,"67,000","67,700","68,400","69,300","67,300","68,348","1,400",2.09,3.62,247.70,0.00,0.00,3.62,247.70,"97,869.69"
662,29/12/2023,MSN,"67,000","67,100","67,000","68,300","67,000","67,604",0,0.00,2.22,149.93,12.76,855.73,14.98,"1,005.66","95,866.51"
663,28/12/2023,MSN,"67,000","67,100","67,000","67,600","66,600","67,136",0,0.00,1.86,124.86,3.75,248.56,5.61,373.42,"95,866.51"
664,27/12/2023,MSN,"66,200","66,200","67,000","67,900","66,000","67,047",800,1.21,2.87,192.17,4.72,311.53,7.59,503.70,"95,866.51"
665,26/12/2023,MSN,"66,400","66,900","66,200","66,900","65,600","65,964",-200,-0.30,2.68,176.86,0.00,0.00,2.68,176.86,"94,721.83"
666,25/12/2023,MSN,"63,000","63,200","66,400","66,500","63,200","65,425","3,400",5.40,3.23,211.64,0.00,0.00,3.23,211.64,"95,008.00"
667,22/12/2023,MSN,"63,700","64,000","63,000","64,200","63,000","63,363",-700,-1.10,2.19,138.68,1.79,113.92,3.97,252.59,"90,143.13"
668,21/12/2023,MSN,"63,900","63,000","63,700","64,400","63,000","63,757",-200,-0.31,1.38,87.72,0.05,3.28,1.43,91.00,"91,144.72"
669,20/12/2023,MSN,"62,200","62,800","63,900","64,000","62,500","63,534","1,700",2.73,1.63,103.30,0.03,1.74,1.66,105.04,"91,430.89"
670,19/12/2023,MSN,"62,900","62,900","62,200","63,500","61,800","62,386",-700,-1.11,2.06,128.22,4.66,302.26,6.71,430.48,"88,998.46"
671,18/12/2023,MSN,"63,000","63,200","62,900","63,800","62,600","63,041",-100,-0.16,1.64,103.44,0.51,33.28,2.15,136.72,"90,000.05"
672,15/12/2023,MSN,"65,000","65,000","63,000","65,000","63,000","63,753","-2,000",-3.08,4.21,268.28,0.03,2.19,4.24,270.47,"90,143.13"
673,14/12/2023,MSN,"65,800","66,300","65,000","66,500","64,800","65,427",-800,-1.22,1.75,114.50,0.00,0.00,1.75,114.50,"93,004.82"
674,13/12/2023,MSN,"66,200","66,500","65,800","67,400","65,700","66,536",-400,-0.60,2.73,181.45,0.03,2.19,2.76,183.64,"94,149.50"
675,12/12/2023,MSN,"67,500","67,700","66,200","67,700","65,700","66,230","-1,300",-1.93,3.13,207.58,7.11,475.81,10.24,683.39,"94,721.83"
676,11/12/2023,MSN,"66,200","66,800","67,500","68,000","66,700","67,425","1,300",1.96,2.89,195.09,6.73,445.60,9.62,640.69,"96,581.93"
677,08/12/2023,MSN,"63,500","63,500","66,200","66,900","63,500","65,660","2,700",4.25,5.42,355.92,0.04,2.65,5.46,358.56,"94,721.83"
678,07/12/2023,MSN,"62,100","62,200","63,500","64,200","62,100","62,854","1,400",2.25,3.98,250.00,0.00,0.00,3.98,250.00,"90,858.56"
679,06/12/2023,MSN,"61,400","61,400","62,100","62,300","61,400","61,936",700,1.14,1.53,95.03,3.04,186.41,4.57,281.44,"88,855.38"
680,05/12/2023,MSN,"62,200","62,300","61,400","62,400","61,400","61,771",-800,-1.29,1.43,88.12,0.00,0.00,1.43,88.12,"87,853.79"
681,04/12/2023,MSN,"61,500","61,500","62,200","63,000","61,500","62,372",700,1.14,1.30,81.31,0.00,0.00,1.30,81.31,"88,998.46"
682,01/12/2023,MSN,"60,500","61,000","61,500","61,800","60,800","61,182","1,000",1.65,1.08,66.10,0.00,0.00,1.08,66.10,"87,996.87"
683,30/11/2023,MSN,"62,900","62,200","60,500","62,900","60,500","61,426","-2,400",-3.82,2.26,138.96,0.00,0.00,2.26,138.96,"86,566.03"
684,29/11/2023,MSN,"61,300","61,500","62,900","63,000","61,500","62,209","1,600",2.61,1.60,99.24,0.00,0.00,1.60,99.24,"90,000.05"
685,28/11/2023,MSN,"60,900","60,900","61,300","61,800","59,900","60,651",400,0.66,1.18,71.73,0.16,9.98,1.34,81.71,"87,710.70"
686,27/11/2023,MSN,"61,800","62,000","60,900","62,300","60,900","61,545",-900,-1.46,1.25,77.17,3.57,220.63,4.82,297.79,"87,138.36"
687,24/11/2023,MSN,"63,300","63,400","61,800","63,500","60,600","62,118","-1,500",-2.37,2.09,129.98,0.18,11.25,2.27,141.23,"88,426.12"
688,23/11/2023,MSN,"64,900","65,500","63,300","65,500","63,300","64,341","-1,600",-2.47,1.59,102.59,0.00,0.00,1.59,102.59,"90,572.39"
689,22/11/2023,MSN,"64,600","64,700","64,900","65,500","63,600","64,696",300,0.46,1.76,114.12,0.00,0.00,1.76,114.12,"92,861.74"
690,21/11/2023,MSN,"63,600","64,900","64,600","64,900","63,600","64,212","1,000",1.57,1.39,89.45,0.00,0.00,1.39,89.45,"92,432.48"
691,20/11/2023,MSN,"64,100","62,700","63,600","65,000","62,700","63,968",-500,-0.78,1.34,85.49,0.00,0.00,1.34,85.49,"91,001.64"
692,17/11/2023,MSN,"66,000","66,700","64,100","67,000","63,400","64,617","-1,900",-2.88,2.89,186.74,0.00,0.00,2.89,186.74,"91,717.06"
693,16/11/2023,MSN,"65,800","66,800","66,000","66,900","65,400","65,989",200,0.30,1.45,95.72,0.00,0.00,1.45,95.72,"94,435.66"
694,15/11/2023,MSN,"62,600","63,600","65,800","66,900","63,500","65,745","3,200",5.11,3.87,254.24,0.00,0.00,3.87,254.24,"94,149.50"
695,14/11/2023,MSN,"62,000","62,200","62,600","62,800","61,600","62,272",600,0.97,1.53,95.47,0.00,0.00,1.53,95.47,"89,570.80"
696,13/11/2023,MSN,"61,700","62,000","62,000","62,900","61,000","61,789",300,0.49,1.20,74.35,0.06,3.54,1.26,77.89,"88,712.29"
697,10/11/2023,MSN,"62,800","62,000","61,700","63,400","61,700","62,102","-1,100",-1.75,1.58,98.23,0.00,0.00,1.58,98.23,"88,283.04"
698,09/11/2023,MSN,"63,800","63,900","62,800","64,500","62,700","63,601","-1,000",-1.57,1.62,102.81,0.00,0.00,1.62,102.81,"89,856.97"
699,08/11/2023,MSN,"62,000","62,000","63,800","63,900","60,500","62,064","1,800",2.90,2.10,130.48,0.00,0.00,2.10,130.48,"91,287.81"
700,07/11/2023,MSN,"64,000","64,000","62,000","64,000","62,000","62,855","-2,000",-3.13,1.58,99.53,0.00,0.00,1.58,99.53,"88,712.29"
701,06/11/2023,MSN,"63,900","64,000","64,000","64,600","63,000","63,883",100,0.16,1.13,72.35,9.50,607.05,10.63,679.40,"91,573.98"
702,03/11/2023,MSN,"62,700","63,000","63,900","63,900","61,700","63,053","1,200",1.91,1.62,102.11,0.00,0.00,1.62,102.11,"91,430.89"
703,02/11/2023,MSN,"59,500","60,500","62,700","62,800","59,800","61,306","3,200",5.38,1.57,96.34,0.00,0.00,1.57,96.34,"89,713.88"
704,01/11/2023,MSN,"58,200","58,200","59,500","59,500","57,000","58,542","1,300",2.23,1.81,105.84,0.00,0.00,1.81,105.84,"85,135.18"
705,31/10/2023,MSN,"58,000","59,000","58,200","59,000","56,000","57,644",200,0.34,2.91,167.93,0.00,0.00,2.91,167.93,"83,275.09"
706,30/10/2023,MSN,"57,800","56,000","58,000","59,200","56,000","57,644",200,0.35,2.16,124.63,0.00,0.00,2.16,124.63,"82,988.92"
707,27/10/2023,MSN,"61,400","62,000","57,800","62,000","57,200","57,954","-3,600",-5.86,4.38,253.64,1.65,95.41,6.02,349.05,"82,702.75"
708,26/10/2023,MSN,"66,000","64,800","61,400","64,800","61,400","61,973","-4,600",-6.97,3.59,222.20,0.00,0.00,3.59,222.20,"87,853.79"
709,25/10/2023,MSN,"66,900","67,000","66,000","67,500","66,000","66,904",-900,-1.35,1.39,92.69,0.00,0.00,1.39,92.69,"94,435.66"
710,24/10/2023,MSN,"66,000","66,200","66,900","67,300","64,900","66,068",900,1.36,1.64,108.27,0.00,0.00,1.64,108.27,"95,723.42"
711,23/10/2023,MSN,"69,000","68,000","66,000","68,100","65,800","66,430","-3,000",-4.35,2.13,141.47,0.00,0.00,2.13,141.47,"94,435.66"
712,20/10/2023,MSN,"66,400","66,400","69,000","69,000","65,900","66,941","2,600",3.92,1.88,126.06,0.00,0.00,1.88,126.06,"98,728.20"
713,19/10/2023,MSN,"68,300","68,300","66,400","68,400","65,900","66,718","-1,900",-2.78,2.41,160.52,0.00,0.00,2.41,160.52,"95,008.00"
714,18/10/2023,MSN,"71,000","71,000","68,300","71,500","67,500","69,965","-2,700",-3.80,1.88,131.72,0.00,0.00,1.88,131.72,"97,726.60"
715,17/10/2023,MSN,"71,600","72,000","71,000","72,300","71,000","71,714",-600,-0.84,0.73,52.17,0.09,6.37,0.82,58.54,"101,589.88"
716,16/10/2023,MSN,"72,700","72,500","71,600","72,500","71,600","72,017","-1,100",-1.51,1.00,72.31,0.00,0.00,1.00,72.31,"102,448.39"
717,13/10/2023,MSN,"73,100","72,500","72,700","73,500","71,600","72,338",-400,-0.55,1.24,89.87,0.00,0.00,1.24,89.87,"104,022.32"
718,12/10/2023,MSN,"73,800","74,000","73,100","74,100","73,000","73,496",-700,-0.95,1.06,77.57,0.03,2.01,1.08,79.58,"104,594.65"
719,11/10/2023,MSN,"73,200","73,500","73,800","73,800","72,200","72,837",600,0.82,0.91,66.26,1.43,105.11,2.34,171.37,"105,596.24"
720,10/10/2023,MSN,"73,500","74,000","73,200","74,300","73,200","73,753",-300,-0.41,0.93,68.33,0.00,0.00,0.93,68.33,"104,737.74"
721,09/10/2023,MSN,"72,700","72,200","73,500","74,000","72,100","72,772",800,1.10,0.85,62.17,0.02,1.45,0.87,63.62,"105,166.99"
722,06/10/2023,MSN,"72,800","72,700","72,700","72,900","71,000","71,821",-100,-0.14,2.31,166.12,0.00,0.00,2.31,166.12,"104,022.32"
723,05/10/2023,MSN,"73,500","73,600","72,800","74,800","72,800","73,711",-700,-0.95,0.88,64.71,0.00,0.00,0.88,64.71,"104,165.40"
724,04/10/2023,MSN,"74,000","73,000","73,500","75,000","72,800","73,902",-500,-0.68,1.45,107.06,0.00,0.00,1.45,107.06,"105,166.99"
725,03/10/2023,MSN,"77,400","77,400","74,000","77,400","74,000","75,060","-3,400",-4.39,2.19,164.31,5.70,442.41,7.89,606.71,"105,882.41"
726,02/10/2023,MSN,"76,300","76,200","77,400","78,700","76,000","77,470","1,100",1.44,2.72,210.87,4.59,350.29,7.31,561.17,"110,747.28"
727,29/09/2023,MSN,"76,500","76,500","76,300","76,500","75,200","75,874",-200,-0.26,1.28,96.85,11.26,861.70,12.54,958.55,"109,173.35"
728,28/09/2023,MSN,"76,000","74,500","76,500","77,000","73,100","75,429",500,0.66,1.70,128.27,0.00,0.00,1.70,128.27,"109,459.52"
729,27/09/2023,MSN,"73,000","73,000","76,000","76,000","72,600","73,781","3,000",4.11,2.16,159.04,0.00,0.00,2.16,159.04,"108,744.10"
730,26/09/2023,MSN,"70,300","70,300","73,000","74,900","70,300","72,195","2,700",3.84,2.27,163.87,0.00,0.00,2.27,163.87,"104,451.57"
731,25/09/2023,MSN,"75,400","75,000","70,300","75,400","70,300","72,968","-5,100",-6.76,3.40,248.32,0.56,44.21,3.96,292.52,"100,588.29"
732,22/09/2023,MSN,"78,800","77,400","75,400","78,000","75,400","76,278","-3,400",-4.31,2.28,174.02,1.20,95.75,3.49,269.77,"107,885.59"
733,21/09/2023,MSN,"79,700","79,500","78,800","80,100","78,500","79,325",-900,-1.13,1.49,118.50,1.12,88.45,2.61,206.95,"112,750.46"
734,20/09/2023,MSN,"79,000","78,800","79,700","79,800","78,700","78,961",700,0.89,2.34,184.69,0.00,0.00,2.34,184.69,"114,038.22"
735,19/09/2023,MSN,"78,500","78,300","79,000","79,400","78,000","78,530",500,0.64,1.12,87.70,4.30,345.68,5.41,433.37,"113,036.63"
736,18/09/2023,MSN,"79,700","79,700","78,500","79,700","78,100","78,661","-1,200",-1.51,1.01,79.42,4.36,348.66,5.37,428.07,"112,321.21"
737,15/09/2023,MSN,"78,600","78,800","79,700","80,700","78,400","79,515","1,100",1.40,2.31,184.05,1.39,113.68,3.70,297.73,"114,038.22"
738,14/09/2023,MSN,"80,100","80,400","78,600","80,400","78,300","79,370","-1,500",-1.87,1.81,143.70,0.00,0.00,1.81,143.70,"112,464.29"
739,13/09/2023,MSN,"81,000","81,000","80,100","81,400","79,900","80,805",-900,-1.11,1.62,130.78,1.69,137.26,3.31,268.04,"114,610.56"
740,12/09/2023,MSN,"79,600","80,000","81,000","81,000","79,300","80,254","1,400",1.76,1.51,121.43,4.68,372.47,6.19,493.90,"115,898.32"
741,11/09/2023,MSN,"81,800","82,100","79,600","82,400","79,600","81,137","-2,200",-2.69,3.01,244.13,0.00,0.00,3.01,244.13,"113,895.14"
742,08/09/2023,MSN,"82,000","82,100","81,800","83,500","81,800","82,360",-200,-0.24,3.06,252.42,0.29,23.85,3.36,276.26,"117,042.99"
743,07/09/2023,MSN,"82,700","83,500","82,000","83,900","82,000","82,780",-700,-0.85,2.10,174.05,0.00,0.00,2.10,174.05,"117,329.16"
744,06/09/2023,MSN,"81,500","81,500","82,700","82,700","80,800","81,722","1,200",1.47,1.83,149.64,0.00,0.00,1.83,149.64,"118,330.75"
745,05/09/2023,MSN,"81,500","82,300","81,500","82,400","81,300","81,722",0,0.00,1.43,116.55,3.77,306.10,5.20,422.66,"116,613.74"
746,31/08/2023,MSN,"79,600","80,000","81,500","81,700","79,500","80,897","1,900",2.39,2.55,205.96,0.00,0.00,2.55,205.96,"116,613.74"
747,30/08/2023,MSN,"80,000","80,000","79,600","80,100","79,300","79,672",-400,-0.50,1.58,125.88,1.35,108.26,2.93,234.14,"113,895.14"
748,29/08/2023,MSN,"80,700","81,200","80,000","81,400","79,800","80,296",-700,-0.87,1.73,138.79,0.00,0.00,1.73,138.79,"114,467.47"
749,28/08/2023,MSN,"79,700","79,700","80,700","80,800","79,500","80,084","1,000",1.25,1.10,88.16,0.00,0.00,1.10,88.16,"115,469.06"
750,25/08/2023,MSN,"80,000","80,000","79,700","80,500","79,200","79,811",-300,-0.38,1.18,94.03,0.00,0.00,1.18,94.03,"114,038.22"
751,24/08/2023,MSN,"77,500","77,300","80,000","80,000","77,300","79,114","2,500",3.23,1.76,139.00,0.00,0.00,1.76,139.00,"114,467.47"
752,23/08/2023,MSN,"77,700","78,000","77,500","78,600","77,000","77,781",-200,-0.26,1.46,113.25,0.00,0.00,1.46,113.25,"110,890.36"
753,22/08/2023,MSN,"78,400","78,500","77,700","78,900","76,300","77,665",-700,-0.89,1.85,143.67,1.21,95.71,3.06,239.38,"111,176.53"
754,21/08/2023,MSN,"79,000","78,300","78,400","79,800","78,300","78,930",-600,-0.76,2.25,177.63,0.00,0.00,2.25,177.63,"112,178.12"
755,18/08/2023,MSN,"82,100","82,100","79,000","82,400","77,800","80,000","-3,100",-3.78,4.02,321.63,0.00,0.00,4.02,321.63,"113,036.63"
756,17/08/2023,MSN,"81,800","81,800","82,100","82,800","81,400","82,063",300,0.37,1.89,154.73,0.00,0.00,1.89,154.73,"117,472.24"
757,16/08/2023,MSN,"82,400","82,300","81,800","82,400","81,200","81,781",-600,-0.73,1.87,152.63,1.42,116.68,3.28,269.31,"117,042.99"
758,15/08/2023,MSN,"82,200","82,500","82,400","83,800","81,400","82,484",200,0.24,2.24,184.79,0.00,0.00,2.24,184.79,"117,901.50"
759,14/08/2023,MSN,"84,500","84,500","82,200","84,500","82,200","83,071","-2,300",-2.72,2.72,226.03,0.00,0.00,2.72,226.03,"117,615.33"
760,11/08/2023,MSN,"83,000","82,800","84,500","85,000","82,500","83,657","1,500",1.81,2.07,173.25,0.00,0.00,2.07,173.25,"120,906.27"
761,10/08/2023,MSN,"88,000","87,300","83,000","87,900","83,000","85,300","-5,000",-5.68,4.72,403.00,0.05,4.23,4.77,407.23,"118,760.00"
762,09/08/2023,MSN,"89,200","89,000","88,000","89,000","87,800","88,251","-1,200",-1.35,2.42,213.18,0.30,26.49,2.72,239.67,"125,914.22"
763,08/08/2023,MSN,"88,200","89,300","89,200","89,400","87,900","88,756","1,000",1.13,2.45,217.62,0.00,0.00,2.45,217.62,"127,631.23"
764,07/08/2023,MSN,"86,300","86,700","88,200","88,200","86,000","87,003","1,900",2.20,2.41,209.44,0.00,0.00,2.41,209.44,"126,200.39"
765,04/08/2023,MSN,"86,100","86,300","86,300","86,700","85,700","86,251",200,0.23,2.04,175.75,0.00,0.00,2.04,175.75,"123,481.79"
766,03/08/2023,MSN,"85,200","85,500","86,100","86,600","85,200","85,995",900,1.06,1.88,161.71,0.00,0.00,1.88,161.71,"123,195.62"
767,02/08/2023,MSN,"86,700","86,400","85,200","86,400","85,100","85,464","-1,500",-1.73,2.26,193.49,0.00,0.00,2.26,193.49,"121,907.86"
768,01/08/2023,MSN,"87,300","87,600","86,700","87,600","86,400","86,937",-600,-0.69,1.84,160.29,0.12,10.01,1.96,170.30,"124,054.12"
769,31/07/2023,MSN,"86,100","87,000","87,300","88,200","86,800","87,366","1,200",1.39,2.58,225.47,0.00,0.00,2.58,225.47,"124,912.63"
770,28/07/2023,MSN,"84,200","84,200","86,100","86,200","84,000","85,267","1,900",2.26,2.24,191.15,1.25,105.16,3.49,296.31,"123,195.62"
771,27/07/2023,MSN,"84,600","84,500","84,200","84,700","84,000","84,401",-400,-0.47,1.85,155.82,0.00,0.00,1.85,155.82,"120,477.01"
772,26/07/2023,MSN,"83,400","83,400","84,600","85,200","83,200","84,350","1,200",1.44,1.72,145.02,0.00,0.00,1.72,145.02,"121,049.35"
773,25/07/2023,MSN,"84,000","84,100","83,400","84,500","83,000","83,420",-600,-0.71,1.94,161.74,0.00,0.00,1.94,161.74,"119,332.34"
774,24/07/2023,MSN,"83,000","84,600","84,000","84,700","83,200","84,055","1,000",1.20,2.68,225.16,0.00,0.00,2.68,225.16,"120,190.85"
775,21/07/2023,MSN,"79,500","79,500","83,000","83,000","79,500","80,974","3,500",4.40,2.08,168.69,0.00,0.00,2.08,168.69,"118,760.00"
776,20/07/2023,MSN,"80,800","80,900","79,500","80,900","79,100","79,742","-1,300",-1.61,2.34,186.25,0.00,0.00,2.34,186.25,"113,752.05"
777,19/07/2023,MSN,"80,500","80,600","80,800","81,300","80,500","80,960",300,0.37,1.37,110.97,0.00,0.00,1.37,110.97,"115,612.15"
778,18/07/2023,MSN,"80,700","80,600","80,500","81,300","80,200","80,767",-200,-0.25,1.27,102.93,0.11,8.64,1.38,111.57,"115,182.89"
779,17/07/2023,MSN,"81,800","81,800","80,700","81,800","80,500","80,993","-1,100",-1.34,1.45,117.75,1.02,79.05,2.47,196.79,"115,469.06"
780,14/07/2023,MSN,"81,800","82,000","81,800","82,700","80,700","81,464",0,0.00,1.69,137.72,0.00,0.00,1.69,137.72,"116,460.69"
781,13/07/2023,MSN,"79,500","79,600","81,800","81,900","79,500","81,109","2,300",2.89,2.67,216.67,1.50,117.23,4.17,333.91,"116,460.69"
782,12/07/2023,MSN,"79,200","80,100","79,500","80,100","79,000","79,484",300,0.38,1.61,127.76,0.00,0.00,1.61,127.76,"113,186.12"
783,11/07/2023,MSN,"77,900","78,100","79,200","80,100","78,100","79,356","1,300",1.67,2.85,226.15,0.00,0.00,2.85,226.15,"112,759.00"
784,10/07/2023,MSN,"75,200","75,400","77,900","77,900","75,400","76,667","2,700",3.59,2.35,179.85,0.00,0.00,2.35,179.85,"110,908.16"
785,07/07/2023,MSN,"76,000","76,200","75,200","76,200","75,200","75,587",-800,-1.05,1.42,107.45,0.00,0.00,1.42,107.45,"107,064.10"
786,06/07/2023,MSN,"75,800","75,500","76,000","76,100","75,500","75,838",200,0.26,0.96,73.11,0.00,0.00,0.96,73.11,"108,203.08"
787,05/07/2023,MSN,"75,600","75,900","75,800","76,300","75,500","75,927",200,0.26,1.40,105.95,3.90,294.32,5.30,400.27,"107,918.34"
788,04/07/2023,MSN,"75,400","75,400","75,600","75,900","75,300","75,570",200,0.27,0.82,62.21,1.12,84.53,1.94,146.74,"107,633.59"
789,03/07/2023,MSN,"75,200","75,200","75,400","76,000","75,200","75,597",200,0.27,0.65,48.85,0.00,0.00,0.65,48.85,"107,348.85"
790,30/06/2023,MSN,"75,400","75,400","75,200","76,200","75,200","75,535",-200,-0.27,0.87,65.46,2.87,216.02,3.73,281.48,"107,064.10"
791,29/06/2023,MSN,"77,000","76,800","75,400","76,800","75,400","75,971","-1,600",-2.08,1.15,87.18,0.00,0.00,1.15,87.18,"107,348.85"
792,28/06/2023,MSN,"77,700","77,900","77,000","77,900","76,700","77,104",-700,-0.90,0.69,53.33,0.00,0.00,0.69,53.33,"109,626.81"
793,27/06/2023,MSN,"77,700","77,800","77,700","78,000","76,900","77,421",0,0.00,0.69,53.07,1.11,90.60,1.79,143.67,"110,623.42"
794,26/06/2023,MSN,"77,300","78,000","77,700","79,000","77,000","77,676",400,0.52,0.98,76.22,1.29,99.79,2.27,176.02,"110,623.42"
795,23/06/2023,MSN,"76,300","76,100","77,300","77,800","75,700","76,787","1,000",1.31,1.60,122.91,1.46,109.79,3.06,232.70,"110,053.93"
796,22/06/2023,MSN,"76,100","76,100","76,300","76,500","75,800","76,178",200,0.26,0.85,64.82,0.00,0.00,0.85,64.82,"108,630.20"
797,21/06/2023,MSN,"75,200","75,100","76,100","76,200","74,600","75,137",900,1.20,1.02,76.29,0.14,10.10,1.15,86.40,"108,345.46"
798,20/06/2023,MSN,"74,500","74,300","75,200","75,300","74,300","74,764",700,0.94,0.61,45.28,3.36,250.62,3.97,295.90,"107,064.10"
799,19/06/2023,MSN,"76,600","76,500","74,500","76,500","74,500","75,260","-2,100",-2.74,1.15,86.71,1.26,96.66,2.42,183.37,"106,067.50"
800,16/06/2023,MSN,"77,100","77,500","76,600","77,600","75,400","76,722",-500,-0.65,2.12,163.00,0.00,0.00,2.12,163.00,"109,057.32"
801,15/06/2023,MSN,"78,000","78,000","77,100","78,100","76,700","77,613",-900,-1.15,1.22,95.06,0.07,5.35,1.29,100.41,"109,769.18"
802,14/06/2023,MSN,"78,800","78,800","78,000","79,400","77,800","78,894",-800,-1.02,2.34,184.56,0.30,23.24,2.64,207.80,"111,050.53"
803,13/06/2023,MSN,"78,400","78,600","78,800","78,800","77,900","78,435",400,0.51,1.70,133.32,4.69,367.49,6.39,500.81,"112,189.51"
804,12/06/2023,MSN,"76,500","77,000","78,400","78,400","76,600","77,739","1,900",2.48,2.60,202.15,0.03,2.50,2.63,204.65,"111,620.02"
805,09/06/2023,MSN,"74,400","75,000","76,500","76,900","74,200","75,815","2,100",2.82,2.41,182.77,2.13,158.40,4.54,341.16,"108,914.95"
806,08/06/2023,MSN,"75,500","76,300","74,400","76,400","74,300","74,992","-1,100",-1.46,1.25,93.82,0.08,5.64,1.33,99.46,"105,925.12"
807,07/06/2023,MSN,"73,600","74,200","75,500","75,700","73,500","74,883","1,900",2.58,2.30,171.98,1.12,81.55,3.42,253.53,"107,491.22"
808,06/06/2023,MSN,"74,100","74,000","73,600","74,600","73,500","73,874",-500,-0.67,1.27,93.47,0.00,0.00,1.27,93.47,"104,786.14"
809,05/06/2023,MSN,"72,300","73,000","74,100","74,700","72,800","74,057","1,800",2.49,2.01,148.92,4.22,306.11,6.23,455.03,"105,498.01"
810,02/06/2023,MSN,"71,800","72,000","72,300","72,700","71,800","72,165",500,0.70,0.94,67.55,0.00,0.00,0.94,67.55,"102,935.30"
811,01/06/2023,MSN,"72,000","72,000","71,800","72,200","71,500","71,786",-200,-0.28,0.33,23.43,0.00,0.00,0.33,23.43,"102,223.44"
812,31/05/2023,MSN,"72,800","72,900","72,000","73,500","72,000","72,359",-800,-1.10,0.72,51.99,2.75,199.91,3.46,251.90,"102,508.18"
813,30/05/2023,MSN,"71,600","71,600","72,800","73,200","71,600","72,282","1,200",1.68,0.95,68.43,0.61,43.85,1.56,112.28,"103,647.16"
814,29/05/2023,MSN,"72,000","72,100","71,600","72,200","71,400","71,674",-400,-0.56,0.48,34.68,0.00,0.00,0.48,34.68,"101,938.69"
815,26/05/2023,MSN,"72,000","71,800","72,000","72,100","71,400","71,809",0,0.00,0.76,54.40,1.22,87.70,1.98,142.09,"102,508.18"
816,25/05/2023,MSN,"71,800","71,800","72,000","72,500","70,800","71,768",200,0.28,0.74,53.11,1.30,93.05,2.04,146.16,"102,508.18"
817,24/05/2023,MSN,"70,400","70,900","71,800","71,900","70,000","70,654","1,400",1.99,0.95,67.21,1.33,95.45,2.28,162.66,"102,223.44"
818,23/05/2023,MSN,"72,000","72,000","70,400","72,000","70,200","70,839","-1,600",-2.22,2.30,162.71,0.00,0.00,2.30,162.71,"100,230.22"
819,22/05/2023,MSN,"72,400","71,400","72,000","72,500","71,400","71,993",-400,-0.55,0.81,58.28,0.61,43.85,1.42,102.13,"102,508.18"
820,19/05/2023,MSN,"73,200","73,200","72,400","73,200","71,600","72,321",-800,-1.09,0.76,54.99,0.00,0.00,0.76,54.99,"103,077.67"
821,18/05/2023,MSN,"73,100","73,200","73,200","73,800","72,700","73,361",100,0.14,0.99,72.97,0.00,0.00,0.99,72.97,"104,216.65"
822,17/05/2023,MSN,"73,300","73,300","73,100","74,000","73,000","73,597",-200,-0.27,0.65,47.51,0.00,0.00,0.65,47.51,"104,074.28"
823,16/05/2023,MSN,"74,100","74,100","73,300","74,200","73,200","73,572",-800,-1.08,0.38,28.28,0.00,0.00,0.38,28.28,"104,359.03"
824,15/05/2023,MSN,"74,400","74,400","74,100","75,200","74,100","74,621",-300,-0.40,0.72,53.63,0.00,0.00,0.72,53.63,"105,498.01"
825,12/05/2023,MSN,"73,800","73,300","74,400","74,500","73,300","73,936",600,0.81,0.43,31.92,0.00,0.00,0.43,31.92,"105,925.12"
826,11/05/2023,MSN,"73,600","73,700","73,800","74,300","73,300","73,667",200,0.27,0.45,33.45,2.72,199.90,3.17,233.35,"105,070.89"
827,10/05/2023,MSN,"73,600","74,000","73,600","75,000","73,600","74,026",0,0.00,0.75,55.51,0.00,0.00,0.75,55.51,"104,786.14"
828,09/05/2023,MSN,"74,100","74,100","73,600","74,600","73,400","74,061",-500,-0.67,0.65,47.91,0.00,0.00,0.65,47.91,"104,786.14"
829,08/05/2023,MSN,"73,000","73,500","74,100","75,200","73,100","74,375","1,100",1.51,1.03,76.98,1.37,99.79,2.40,176.77,"105,498.01"
830,05/05/2023,MSN,"70,600","70,600","73,000","73,100","70,500","72,093","2,400",3.40,0.95,68.49,0.00,0.00,0.95,68.49,"103,931.91"
831,04/05/2023,MSN,"73,100","72,800","70,600","72,800","70,600","71,312","-2,500",-3.42,0.82,58.77,0.00,0.00,0.82,58.77,"100,514.97"
832,28/04/2023,MSN,"72,300","72,700","73,100","73,200","72,300","72,831",800,1.11,0.61,44.58,0.00,0.00,0.61,44.58,"104,074.28"
833,27/04/2023,MSN,"71,400","71,700","72,300","72,900","71,300","72,054",900,1.26,0.47,33.60,0.00,0.00,0.47,33.60,"102,935.30"
834,26/04/2023,MSN,"71,300","71,300","71,400","71,900","70,500","70,974",100,0.14,1.17,82.86,2.99,213.77,4.16,296.63,"101,653.95"
835,25/04/2023,MSN,"73,300","73,900","71,300","73,900","71,100","72,635","-2,000",-2.73,1.02,73.97,0.00,0.00,1.02,73.97,"101,511.58"
836,24/04/2023,MSN,"76,400","76,600","73,300","76,600","73,300","74,614","-3,100",-4.06,1.59,118.73,1.48,112.48,3.07,231.21,"104,359.03"
837,21/04/2023,MSN,"78,000","78,000","76,400","78,100","76,200","77,087","-1,600",-2.05,1.13,86.85,0.02,1.57,1.15,88.41,"108,772.57"
838,20/04/2023,MSN,"78,700","79,000","78,000","79,100","77,700","78,335",-700,-0.89,0.75,59.13,0.00,0.00,0.75,59.13,"111,050.53"
839,19/04/2023,MSN,"78,200","78,200","78,700","79,800","78,000","78,962",500,0.64,1.24,98.28,0.00,0.00,1.24,98.28,"112,047.14"
840,18/04/2023,MSN,"78,100","78,200","78,200","78,500","77,800","78,145",100,0.13,0.54,41.91,0.00,0.00,0.54,41.91,"111,335.28"
841,17/04/2023,MSN,"78,100","78,000","78,100","78,200","77,200","77,593",0,0.00,0.91,70.80,2.52,196.04,3.43,266.84,"111,192.91"
842,14/04/2023,MSN,"79,200","79,300","78,100","79,900","78,100","79,272","-1,100",-1.39,1.42,112.18,0.00,0.00,1.42,112.18,"111,192.91"
843,13/04/2023,MSN,"79,500","80,000","79,200","80,500","79,200","79,801",-300,-0.38,1.22,97.62,0.12,9.42,1.34,107.04,"112,759.00"
844,12/04/2023,MSN,"77,900","77,900","79,500","80,200","77,900","79,111","1,600",2.05,1.60,126.68,0.00,0.00,1.60,126.68,"113,186.12"
845,11/04/2023,MSN,"77,200","77,600","77,900","78,000","77,200","77,648",700,0.91,0.75,58.52,0.00,0.00,0.75,58.52,"110,908.16"
846,10/04/2023,MSN,"77,600","77,700","77,200","78,100","77,100","77,532",-400,-0.52,0.86,66.93,3.42,265.39,4.28,332.33,"109,911.55"
847,07/04/2023,MSN,"77,000","77,000","77,600","77,900","76,900","77,375",600,0.78,0.61,47.28,0.00,0.00,0.61,47.28,"110,481.04"
848,06/04/2023,MSN,"78,400","78,100","77,000","78,400","77,000","77,714","-1,400",-1.79,1.05,81.60,0.10,7.77,1.15,89.37,"109,626.81"
849,05/04/2023,MSN,"78,400","78,700","78,400","79,200","77,600","78,238",0,0.00,0.84,65.33,0.00,0.00,0.84,65.33,"111,620.02"
850,04/04/2023,MSN,"76,800","76,900","78,400","78,600","76,900","77,712","1,600",2.08,1.32,102.55,0.23,18.25,1.55,120.80,"111,620.02"
851,03/04/2023,MSN,"77,800","78,800","76,800","78,800","76,800","77,292","-1,000",-1.29,1.65,127.67,3.79,294.48,5.44,422.15,"109,342.06"
852,31/03/2023,MSN,"79,200","79,200","77,800","79,400","77,800","78,385","-1,400",-1.77,1.34,105.08,1.62,129.33,2.96,234.41,"110,765.79"
853,30/03/2023,MSN,"78,800","79,300","79,200","79,600","78,500","79,214",400,0.51,1.11,87.60,0.72,55.82,1.82,143.42,"112,759.00"
854,29/03/2023,MSN,"77,600","77,600","78,800","78,800","76,800","77,472","1,200",1.55,1.18,91.28,0.15,11.93,1.33,103.20,"112,189.51"
855,28/03/2023,MSN,"76,700","77,500","77,600","77,800","76,800","77,241",900,1.17,1.76,135.91,0.00,0.00,1.76,135.91,"110,481.04"
856,27/03/2023,MSN,"78,000","78,200","76,700","78,200","76,200","76,518","-1,300",-1.67,1.64,125.51,0.58,45.16,2.22,170.67,"109,199.69"
857,24/03/2023,MSN,"79,000","79,000","78,000","79,000","77,700","78,030","-1,000",-1.27,1.37,106.81,0.00,0.00,1.37,106.81,"111,050.53"
858,23/03/2023,MSN,"80,500","79,700","79,000","79,700","78,500","78,819","-1,500",-1.86,1.50,118.36,0.00,0.00,1.50,118.36,"112,474.26"
859,22/03/2023,MSN,"80,100","80,200","80,500","80,600","78,200","79,302",400,0.50,2.04,161.67,1.10,93.50,3.14,255.17,"114,609.85"
860,21/03/2023,MSN,"81,500","81,500","80,100","83,200","79,000","80,599","-1,400",-1.72,1.06,85.39,0.00,0.00,1.06,85.39,"114,040.36"
861,20/03/2023,MSN,"83,500","82,600","81,500","82,800","79,400","80,847","-2,000",-2.40,1.33,107.43,2.38,199.12,3.71,306.55,"116,033.57"
862,17/03/2023,MSN,"83,800","83,800","83,500","84,000","82,700","83,659",-300,-0.36,1.17,98.19,0.00,0.00,1.17,98.19,"118,881.02"
863,16/03/2023,MSN,"84,700","84,700","83,800","84,700","82,000","83,411",-900,-1.06,0.90,74.90,0.00,0.00,0.90,74.90,"119,308.14"
864,15/03/2023,MSN,"83,600","83,700","84,700","85,100","83,600","84,275","1,100",1.32,1.11,93.43,0.00,0.00,1.11,93.43,"120,589.49"
865,14/03/2023,MSN,"84,500","84,100","83,600","85,000","82,500","83,589",-900,-1.07,0.94,78.50,4.34,364.32,5.28,442.82,"119,023.39"
866,13/03/2023,MSN,"83,900","83,800","84,500","85,800","83,800","85,193",600,0.72,1.59,135.78,1.90,156.71,3.49,292.49,"120,304.74"
867,10/03/2023,MSN,"80,800","80,500","83,900","84,500","80,500","82,803","3,100",3.84,1.41,116.55,0.00,0.00,1.41,116.55,"119,450.51"
868,09/03/2023,MSN,"80,400","80,500","80,800","82,000","80,100","80,625",400,0.50,1.26,101.41,0.00,0.00,1.26,101.41,"115,036.96"
869,08/03/2023,MSN,"78,300","78,200","80,400","81,000","77,800","79,723","2,100",2.68,1.50,119.39,0.00,0.00,1.50,119.39,"114,467.47"
870,07/03/2023,MSN,"74,400","76,000","78,300","79,600","75,200","77,654","3,900",5.24,1.89,147.06,3.93,306.38,5.82,453.45,"111,477.65"
871,06/03/2023,MSN,"76,000","76,500","74,400","78,000","74,400","76,832","-1,600",-2.11,0.85,65.37,0.00,0.00,0.85,65.37,"105,925.12"
872,03/03/2023,MSN,"79,000","79,700","76,000","79,800","76,000","77,649","-3,000",-3.80,0.58,45.11,0.11,8.65,0.69,53.76,"108,203.08"
873,02/03/2023,MSN,"80,500","80,400","79,000","81,300","79,000","80,126","-1,500",-1.86,0.54,43.28,0.09,7.13,0.63,50.41,"112,474.26"
874,01/03/2023,MSN,"82,000","80,000","80,500","81,800","79,700","80,062","-1,500",-1.83,1.08,86.72,0.13,10.72,1.22,97.44,"114,609.85"
875,28/02/2023,MSN,"79,900","82,000","82,000","82,500","80,000","81,556","2,100",2.63,0.59,47.74,0.18,14.82,0.77,62.56,"116,745.43"
876,27/02/2023,MSN,"85,900","83,900","79,900","84,500","79,900","82,118","-6,000",-6.98,0.90,73.95,2.08,184.79,2.98,258.74,"113,755.61"
877,24/02/2023,MSN,"87,600","88,800","85,900","88,800","84,900","86,227","-1,700",-1.94,0.72,61.76,0.09,7.79,0.81,69.54,"122,297.96"
878,23/02/2023,MSN,"91,000","91,500","87,600","91,500","87,000","89,389","-3,400",-3.74,0.67,60.15,0.00,0.00,0.67,60.15,"124,718.29"
879,22/02/2023,MSN,"93,800","93,000","91,000","93,300","91,000","91,483","-2,800",-2.99,0.78,71.76,0.08,7.56,0.87,79.32,"129,558.96"
880,21/02/2023,MSN,"94,500","94,000","93,800","94,800","93,200","93,990",-700,-0.74,0.26,24.29,1.05,99.99,1.31,124.27,"133,545.38"
881,20/02/2023,MSN,"91,300","91,400","94,500","94,500","91,400","92,614","3,200",3.50,0.69,63.45,2.40,219.12,3.09,282.57,"134,541.99"
882,17/02/2023,MSN,"92,900","93,000","91,300","93,000","91,100","91,721","-1,600",-1.72,0.28,25.64,0.55,50.48,0.83,76.12,"129,986.07"
883,16/02/2023,MSN,"93,000","93,000","92,900","93,400","92,100","92,877",-100,-0.11,0.38,35.28,0.00,0.00,0.38,35.28,"132,264.03"
884,15/02/2023,MSN,"92,900","92,000","93,000","93,300","92,000","92,773",100,0.11,0.62,57.32,0.88,80.38,1.50,137.70,"132,406.40"
885,14/02/2023,MSN,"92,900","92,900","92,900","93,400","91,600","92,503",0,0.00,0.39,36.33,0.07,6.28,0.46,42.61,"132,264.03"
886,13/02/2023,MSN,"91,200","91,200","92,900","92,900","90,100","91,842","1,700",1.86,0.47,43.04,0.00,0.00,0.47,43.04,"132,264.03"
887,10/02/2023,MSN,"91,800","91,800","91,200","92,000","89,500","90,962",-600,-0.65,0.68,61.94,0.00,0.00,0.68,61.94,"129,843.70"
888,09/02/2023,MSN,"93,500","93,500","91,800","94,500","91,800","92,802","-1,700",-1.82,0.77,71.79,0.02,1.90,0.79,73.70,"130,697.94"
889,08/02/2023,MSN,"94,100","94,100","93,500","95,500","93,500","94,589",-600,-0.64,0.45,42.25,0.46,43.47,0.91,85.73,"133,118.27"
890,07/02/2023,MSN,"96,300","96,000","94,100","96,000","93,300","93,928","-2,200",-2.28,0.86,80.51,0.00,0.00,0.86,80.51,"133,972.50"
891,06/02/2023,MSN,"96,500","94,200","96,300","96,300","93,500","94,412",-200,-0.21,0.69,64.73,0.00,0.00,0.69,64.73,"137,104.70"
892,03/02/2023,MSN,"96,700","95,600","96,500","96,700","93,600","95,163",-200,-0.21,0.57,54.04,1.11,110.75,1.68,164.79,"137,389.44"
893,02/02/2023,MSN,"95,200","97,900","96,700","97,900","95,000","96,210","1,500",1.58,0.74,70.90,0.02,1.90,0.76,72.80,"137,674.19"
894,01/02/2023,MSN,"101,100","100,200","95,200","101,800","95,100","98,033","-5,900",-5.84,0.96,93.94,0.07,6.90,1.03,100.84,"135,538.60"
895,31/01/2023,MSN,"102,000","100,100","101,100","102,000","100,100","100,801",-900,-0.88,0.35,35.75,0.02,2.39,0.38,38.14,"143,938.58"
896,30/01/2023,MSN,"103,700","105,000","102,000","105,400","102,000","102,829","-1,700",-1.64,0.33,33.95,0.03,3.20,0.36,37.15,"145,219.93"
897,27/01/2023,MSN,"102,000","102,000","103,700","106,000","101,900","104,927","1,700",1.67,0.74,77.81,0.00,0.00,0.74,77.81,"147,640.26"
898,19/01/2023,MSN,"99,900","98,300","102,000","102,000","95,300","100,788","2,100",2.10,1.02,103.00,2.98,297.05,4.00,400.05,"145,219.93"
899,18/01/2023,MSN,"97,500","97,500","99,900","99,900","96,100","98,368","2,400",2.46,0.62,61.08,0.28,27.48,0.90,88.56,"142,230.11"
900,17/01/2023,MSN,"94,900","94,700","97,500","97,500","93,300","95,638","2,600",2.74,0.60,57.38,0.13,12.26,0.73,69.64,"138,813.17"
901,16/01/2023,MSN,"95,000","95,000","94,900","96,000","93,700","94,552",-100,-0.11,0.34,32.11,0.33,31.68,0.67,63.79,"135,111.48"
902,13/01/2023,MSN,"93,300","94,100","95,000","95,000","93,400","94,686","1,700",1.82,0.32,30.27,0.00,0.01,0.32,30.28,"135,253.85"
903,12/01/2023,MSN,"96,000","96,100","93,300","96,300","93,000","93,755","-2,700",-2.81,0.54,50.38,0.09,8.21,0.63,58.60,"132,833.52"
904,11/01/2023,MSN,"95,400","96,000","96,000","96,300","94,300","95,873",600,0.63,0.56,53.38,0.00,0.00,0.56,53.38,"136,677.58"
905,10/01/2023,MSN,"96,500","96,500","95,400","96,900","93,600","94,529","-1,100",-1.14,0.61,57.98,0.13,12.42,0.74,70.41,"135,823.34"
906,09/01/2023,MSN,"95,800","96,700","96,500","97,300","95,500","96,416",700,0.73,0.40,38.39,1.19,114.39,1.59,152.78,"137,389.44"
907,06/01/2023,MSN,"99,500","99,500","95,800","99,500","95,000","96,523","-3,700",-3.72,0.54,52.25,1.32,131.11,1.86,183.36,"136,392.83"
908,05/01/2023,MSN,"99,300","100,000","99,500","100,100","98,000","99,385",200,0.20,0.68,68.04,0.80,79.44,1.48,147.48,"141,660.62"
909,04/01/2023,MSN,"96,000","97,000","99,300","99,300","95,000","97,539","3,300",3.44,0.55,53.59,0.60,57.31,1.15,110.90,"141,375.87"
910,03/01/2023,MSN,"93,000","95,000","96,000","96,000","93,000","94,503","3,000",3.23,0.74,69.97,3.24,301.08,3.98,371.05,"136,677.58"
911,30/12/2022,MSN,"94,000","96,000","93,000","96,000","93,000","94,859","-1,000",-1.06,0.45,42.99,0.00,0.00,0.45,42.99,"132,406.40"
912,29/12/2022,MSN,"93,000","92,500","94,000","95,800","92,500","94,466","1,000",1.08,0.63,59.48,0.00,0.00,0.63,59.48,"133,830.13"
913,28/12/2022,MSN,"91,600","91,700","93,000","96,000","91,100","93,565","1,400",1.53,0.66,61.88,3.16,277.74,3.82,339.62,"132,406.40"
914,27/12/2022,MSN,"91,500","91,500","91,600","95,800","91,200","93,331",100,0.11,0.62,57.61,0.00,0.00,0.62,57.61,"130,413.19"
915,26/12/2022,MSN,"95,000","95,000","91,500","95,000","91,500","92,691","-3,500",-3.68,0.61,56.89,1.97,200.36,2.59,257.26,"130,270.82"
916,23/12/2022,MSN,"94,400","92,500","95,000","95,200","91,400","93,234",600,0.64,0.55,51.55,0.00,0.00,0.55,51.55,"135,253.85"
917,22/12/2022,MSN,"94,900","95,000","94,400","95,600","93,000","94,229",-500,-0.53,0.37,34.96,0.03,3.13,0.40,38.09,"134,399.62"
918,21/12/2022,MSN,"94,000","94,700","94,900","94,900","93,000","94,321",900,0.96,0.58,54.94,0.12,10.50,0.70,65.44,"135,111.48"
919,20/12/2022,MSN,"95,000","93,400","94,000","95,000","92,100","93,813","-1,000",-1.05,0.57,53.30,1.10,97.59,1.67,150.89,"133,830.13"
920,19/12/2022,MSN,"93,500","94,200","95,000","95,300","92,500","93,639","1,500",1.60,1.26,117.71,1.34,124.82,2.59,242.54,"135,253.85"
921,16/12/2022,MSN,"98,200","98,000","93,500","98,000","93,500","94,162","-4,700",-4.79,2.67,251.65,0.72,70.80,3.39,322.45,"133,118.27"
922,15/12/2022,MSN,"96,000","97,000","98,200","99,000","95,100","97,355","2,200",2.29,0.69,66.94,0.00,0.00,0.69,66.94,"139,809.77"
923,14/12/2022,MSN,"97,000","98,500","96,000","98,500","95,100","95,929","-1,000",-1.03,1.03,98.64,0.03,3.15,1.06,101.80,"136,677.58"
924,13/12/2022,MSN,"97,000","96,900","97,000","97,500","95,800","96,953",0,0.00,1.49,144.76,0.21,19.97,1.70,164.73,"138,101.30"
925,12/12/2022,MSN,"97,000","100,000","97,000","100,000","96,000","96,883",0,0.00,0.91,88.48,6.99,680.99,7.90,769.47,"138,101.30"
926,09/12/2022,MSN,"96,000","99,000","97,000","101,900","96,100","99,022","1,000",1.04,1.18,116.38,0.00,0.00,1.18,116.38,"138,101.30"
927,08/12/2022,MSN,"100,000","103,800","96,000","105,000","96,000","101,337","-4,000",-4.00,0.90,91.51,0.00,0.00,0.90,91.51,"136,677.58"
928,07/12/2022,MSN,"102,000","102,000","100,000","106,000","100,000","102,304","-2,000",-1.96,0.73,75.10,0.10,10.15,0.83,85.25,"142,372.48"
929,06/12/2022,MSN,"105,000","105,500","102,000","105,500","101,600","104,058","-3,000",-2.86,1.10,114.19,0.00,0.00,1.10,114.19,"145,219.93"
930,05/12/2022,MSN,"103,900","102,900","105,000","110,000","102,500","104,741","1,100",1.06,1.02,107.28,1.39,144.62,2.42,251.89,"149,491.10"
931,02/12/2022,MSN,"99,000","99,000","103,900","103,900","98,400","102,252","4,900",4.95,1.44,146.73,0.00,0.00,1.44,146.73,"147,925.00"
932,01/12/2022,MSN,"102,000","102,000","99,000","102,000","99,000","100,076","-3,000",-2.94,1.54,154.47,0.72,72.45,2.26,226.92,"140,948.75"
933,30/11/2022,MSN,"99,000","99,500","102,000","102,000","92,900","99,642","3,000",3.03,1.50,149.64,0.57,56.51,2.08,206.16,"145,219.93"
934,29/11/2022,MSN,"97,200","97,200","99,000","99,000","95,500","97,015","1,800",1.85,2.17,210.53,2.42,235.32,4.59,445.85,"140,948.75"
935,28/11/2022,MSN,"94,000","94,000","97,200","97,200","93,500","95,150","3,200",3.40,2.13,202.38,3.36,321.89,5.48,524.26,"138,386.05"
936,25/11/2022,MSN,"89,000","90,000","94,000","94,500","90,000","92,029","5,000",5.62,0.92,84.95,0.00,0.00,0.92,84.95,"133,830.13"
937,24/11/2022,MSN,"92,900","91,500","89,000","91,500","88,000","89,308","-3,900",-4.20,1.04,93.19,0.27,23.92,1.31,117.12,"126,711.51"
938,23/11/2022,MSN,"91,800","88,600","92,900","92,900","88,300","90,245","1,100",1.20,0.83,75.28,0.00,0.00,0.83,75.28,"132,264.03"
939,22/11/2022,MSN,"95,100","93,600","91,800","98,000","88,500","91,556","-3,300",-3.47,1.40,127.72,0.00,0.00,1.40,127.72,"130,697.94"
940,21/11/2022,MSN,"95,200","95,200","95,100","95,200","93,400","94,525",-100,-0.11,0.63,59.87,0.00,0.00,0.63,59.87,"135,396.23"
941,18/11/2022,MSN,"97,000","97,100","95,200","97,500","91,500","94,124","-1,800",-1.86,1.02,95.67,0.51,50.08,1.52,145.75,"135,538.60"
942,17/11/2022,MSN,"90,900","90,500","97,000","97,000","90,200","93,003","6,100",6.71,1.53,141.83,0.10,9.20,1.63,151.03,"138,101.30"
943,16/11/2022,MSN,"89,400","85,500","90,900","90,900","84,500","89,714","1,500",1.68,1.31,117.43,0.00,0.00,1.31,117.43,"129,416.58"
944,15/11/2022,MSN,"89,100","89,100","89,400","89,800","85,800","88,495",300,0.34,1.07,94.43,0.00,0.00,1.07,94.43,"127,281.00"
945,14/11/2022,MSN,"86,500","85,500","89,100","92,500","84,100","88,027","2,600",3.01,1.29,113.75,0.00,0.00,1.29,113.75,"126,853.88"
946,11/11/2022,MSN,"81,000","82,000","86,500","86,600","82,000","85,773","5,500",6.79,1.06,90.50,0.00,0.00,1.06,90.50,"123,152.19"
947,10/11/2022,MSN,"87,000","87,000","81,000","87,100","81,000","82,924","-6,000",-6.90,1.02,84.19,0.27,25.02,1.28,109.21,"115,321.71"
948,09/11/2022,MSN,"86,000","86,500","87,000","87,500","84,500","86,943","1,000",1.16,1.23,106.76,0.81,69.49,2.04,176.25,"123,864.06"
949,08/11/2022,MSN,"84,500","84,000","86,000","87,800","81,000","84,566","1,500",1.78,1.18,99.84,0.00,0.00,1.18,99.84,"122,440.33"
950,07/11/2022,MSN,"84,300","84,300","84,500","88,000","82,500","85,334",200,0.24,1.27,108.09,1.60,125.80,2.87,233.89,"120,304.74"
951,04/11/2022,MSN,"85,400","84,000","84,300","85,400","81,000","82,445","-1,100",-1.29,0.95,78.56,0.00,0.00,0.95,78.56,"120,020.00"
952,03/11/2022,MSN,"81,000","80,000","85,400","85,400","79,900","83,616","4,400",5.43,0.74,61.69,0.00,0.00,0.74,61.69,"121,586.10"
953,02/11/2022,MSN,"86,500","86,500","81,000","87,000","81,000","83,056","-5,500",-6.36,0.89,74.17,0.00,0.00,0.89,74.17,"115,321.71"
954,01/11/2022,MSN,"85,500","86,400","86,500","87,200","83,800","86,281","1,000",1.17,1.13,97.38,2.25,189.98,3.38,287.36,"123,152.19"
955,31/10/2022,MSN,"83,900","83,900","85,500","86,000","82,700","84,603","1,600",1.91,1.33,112.51,0.00,0.00,1.33,112.51,"121,728.47"
956,28/10/2022,MSN,"83,000","83,000","83,900","83,900","81,500","82,889",900,1.08,1.77,146.61,0.11,9.03,1.88,155.63,"119,450.51"
957,27/10/2022,MSN,"78,000","78,700","83,000","83,000","77,000","80,614","5,000",6.41,1.61,129.62,0.51,39.80,2.11,169.42,"118,169.16"
958,26/10/2022,MSN,"75,000","75,000","78,000","78,000","73,300","76,403","3,000",4.00,1.01,76.86,0.29,21.87,1.29,98.73,"111,050.53"
959,25/10/2022,MSN,"72,800","72,500","75,000","75,000","69,100","72,786","2,200",3.02,1.85,134.68,0.16,11.37,2.01,146.05,"106,779.36"
960,24/10/2022,MSN,"74,800","74,800","72,800","75,800","69,600","72,098","-2,000",-2.67,1.30,93.42,11.87,888.50,13.16,981.92,"103,647.16"
961,21/10/2022,MSN,"80,200","81,000","74,800","81,000","74,800","77,539","-5,400",-6.73,1.65,128.03,0.12,9.30,1.77,137.34,"106,494.61"
962,20/10/2022,MSN,"80,000","79,500","80,200","80,800","78,500","79,846",200,0.25,1.68,134.39,0.44,35.16,2.12,169.55,"114,182.73"
963,19/10/2022,MSN,"82,000","82,500","80,000","82,500","79,900","81,013","-2,000",-2.44,1.40,113.52,0.30,24.60,1.70,138.12,"113,897.98"
964,18/10/2022,MSN,"79,000","80,000","82,000","83,200","79,900","81,826","3,000",3.80,1.77,144.59,0.00,0.00,1.77,144.59,"116,745.43"
965,17/10/2022,MSN,"79,000","78,900","79,000","80,500","77,000","78,454",0,0.00,1.48,116.22,0.00,0.00,1.48,116.22,"112,474.26"
966,14/10/2022,MSN,"78,700","81,000","79,000","81,000","79,000","79,838",300,0.38,1.55,124.08,1.07,85.20,2.62,209.28,"112,474.26"
967,13/10/2022,MSN,"81,100","82,000","78,700","82,000","78,000","79,123","-2,400",-2.96,1.01,80.24,0.00,0.00,1.01,80.24,"112,047.14"
968,12/10/2022,MSN,"79,800","81,400","81,100","82,500","79,800","81,239","1,300",1.63,2.40,195.03,0.00,0.00,2.40,195.03,"115,464.08"
969,11/10/2022,MSN,"80,500","80,100","79,800","80,100","74,900","76,835",-700,-0.87,1.97,151.51,3.00,224.70,4.97,376.21,"113,613.24"
970,10/10/2022,MSN,"81,500","80,000","80,500","87,000","77,000","82,734","-1,000",-1.23,1.09,90.16,1.50,130.05,2.59,220.21,"114,609.85"
971,07/10/2022,MSN,"86,700","84,800","81,500","86,600","80,700","81,670","-5,200",-6.00,1.46,119.34,0.00,0.00,1.46,119.34,"116,033.57"
972,06/10/2022,MSN,"91,400","91,400","86,700","91,500","86,000","87,683","-4,700",-5.14,0.95,83.15,0.00,0.00,0.95,83.15,"123,436.94"
973,05/10/2022,MSN,"90,500","93,300","91,400","93,300","91,000","92,000",900,0.99,0.56,51.48,2.78,251.59,3.34,303.07,"130,128.45"
974,04/10/2022,MSN,"94,000","93,100","90,500","95,000","90,400","92,646","-3,500",-3.72,0.99,91.86,0.00,0.00,0.99,91.86,"128,847.09"
975,03/10/2022,MSN,"99,000","97,000","94,000","98,500","92,200","93,922","-5,000",-5.05,0.75,70.69,0.67,66.74,1.43,137.44,"133,830.13"
976,30/09/2022,MSN,"100,000","98,200","99,000","103,200","98,200","101,201","-1,000",-1.00,0.89,90.39,0.00,0.00,0.89,90.39,"140,948.75"
977,29/09/2022,MSN,"102,100","102,600","100,000","104,100","100,000","102,740","-2,100",-2.06,0.44,45.51,0.00,0.00,0.44,45.51,"142,372.48"
978,28/09/2022,MSN,"107,700","105,100","102,100","105,900","102,100","104,151","-5,600",-5.20,0.42,43.29,0.70,74.06,1.12,117.34,"145,362.30"
979,27/09/2022,MSN,"107,700","106,000","107,700","108,600","106,000","107,157",0,0.00,0.34,36.79,0.19,19.98,0.53,56.77,"153,335.16"
980,26/09/2022,MSN,"108,600","107,200","107,700","109,500","107,000","108,107",-900,-0.83,0.66,71.15,1.92,208.51,2.58,279.66,"153,335.16"
981,23/09/2022,MSN,"110,000","109,000","108,600","110,000","108,300","108,957","-1,400",-1.27,0.35,38.56,0.50,53.00,0.85,91.56,"154,616.51"
982,22/09/2022,MSN,"112,000","110,900","110,000","111,500","108,100","109,940","-2,000",-1.79,0.44,47.85,0.00,0.00,0.44,47.85,"156,609.73"
983,21/09/2022,MSN,"113,300","113,000","112,000","113,400","111,100","112,482","-1,300",-1.15,0.33,37.39,0.00,0.00,0.33,37.39,"159,457.18"
984,20/09/2022,MSN,"112,500","112,000","113,300","113,400","111,800","112,497",800,0.71,0.30,34.06,0.00,0.00,0.30,34.06,"161,308.02"
985,19/09/2022,MSN,"112,800","111,000","112,500","113,500","111,000","112,238",-300,-0.27,0.55,61.60,0.61,69.03,1.15,130.62,"160,169.04"
986,16/09/2022,MSN,"112,000","111,800","112,800","112,800","109,800","112,359",800,0.71,1.71,192.10,0.00,0.00,1.71,192.10,"160,596.16"
987,15/09/2022,MSN,"112,000","114,200","112,000","114,500","111,000","112,285",0,0.00,0.54,60.45,0.00,0.00,0.54,60.45,"159,457.18"
988,14/09/2022,MSN,"114,000","114,000","112,000","114,000","112,000","112,752","-2,000",-1.75,0.55,62.52,0.00,0.00,0.55,62.52,"159,457.18"
989,13/09/2022,MSN,"115,000","114,500","114,000","116,400","114,000","115,277","-1,000",-0.87,0.54,62.50,3.50,402.04,4.04,464.54,"162,304.63"
990,12/09/2022,MSN,"116,100","116,100","115,000","116,500","114,500","115,603","-1,100",-0.95,0.33,37.88,0.00,0.00,0.33,37.88,"163,728.35"
991,09/09/2022,MSN,"115,000","115,500","116,100","117,000","114,400","115,728","1,100",0.96,0.54,62.41,0.00,0.00,0.54,62.41,"165,294.45"
992,08/09/2022,MSN,"112,000","113,500","115,000","115,000","112,000","114,290","3,000",2.68,0.48,55.33,2.80,322.35,3.29,377.68,"163,728.35"
993,07/09/2022,MSN,"115,000","114,800","112,000","115,400","112,000","113,714","-3,000",-2.61,0.84,95.10,0.00,0.00,0.84,95.10,"159,457.18"
994,06/09/2022,MSN,"115,500","115,500","115,000","116,600","114,200","115,697",-500,-0.43,0.34,39.01,1.04,119.82,1.37,158.83,"163,728.35"
995,05/09/2022,MSN,"114,500","113,500","115,500","115,800","113,100","115,092","1,000",0.87,0.56,64.08,1.05,121.15,1.61,185.23,"164,440.21"
996,31/08/2022,MSN,"113,700","113,800","114,500","115,500","113,800","114,735",800,0.70,0.79,90.26,0.00,0.00,0.79,90.26,"163,016.49"
997,30/08/2022,MSN,"112,200","113,000","113,700","114,800","112,000","113,675","1,500",1.34,0.57,65.27,1.20,134.85,1.78,200.12,"161,877.51"
998,29/08/2022,MSN,"112,200","111,000","112,200","113,800","111,000","112,450",0,0.00,0.57,64.40,1.33,150.07,1.91,214.47,"159,741.92"
999,26/08/2022,MSN,"112,800","113,500","112,200","113,500","112,000","112,724",-600,-0.53,0.36,40.55,0.00,0.00,0.36,40.55,"159,741.92"
1000,25/08/2022,MSN,"111,900","111,200","112,800","113,400","111,000","111,842",900,0.80,0.56,63.16,0.36,40.23,0.92,103.39,"160,596.16"
1001,24/08/2022,MSN,"112,600","112,800","111,900","114,000","111,900","112,947",-700,-0.62,0.56,62.82,0.40,45.12,0.96,107.94,"159,314.80"
1002,23/08/2022,MSN,"111,800","111,200","112,600","113,000","111,000","112,194",800,0.72,0.65,72.87,0.00,0.00,0.65,72.87,"160,311.41"
1003,22/08/2022,MSN,"112,000","112,000","111,800","113,800","111,000","112,158",-200,-0.18,0.46,51.67,0.38,42.19,0.84,93.86,"159,172.43"
1004,19/08/2022,MSN,"112,000","112,000","112,000","113,900","110,800","111,767",0,0.00,0.46,51.22,0.00,0.00,0.46,51.22,"159,457.18"
1005,18/08/2022,MSN,"111,300","111,500","112,000","114,900","110,600","112,626",700,0.63,1.72,193.19,0.14,15.76,1.86,208.94,"159,457.18"
1006,17/08/2022,MSN,"109,000","109,300","111,300","111,700","108,500","110,092","2,300",2.11,1.17,128.86,0.00,0.00,1.17,128.86,"158,460.57"
1007,16/08/2022,MSN,"108,500","108,500","109,000","109,200","107,100","108,530",500,0.46,0.62,67.25,0.92,99.60,1.54,166.85,"155,186.00"
1008,15/08/2022,MSN,"107,200","107,900","108,500","108,800","106,500","107,672","1,300",1.21,0.55,59.72,0.50,54.25,1.05,113.97,"154,474.14"
1009,12/08/2022,MSN,"106,800","106,700","107,200","107,200","105,700","106,725",400,0.37,0.25,26.92,0.00,0.00,0.25,26.92,"152,623.30"
1010,11/08/2022,MSN,"105,800","106,000","106,800","107,500","105,300","106,529","1,000",0.95,0.77,82.25,0.93,98.39,1.70,180.65,"152,053.81"
1011,10/08/2022,MSN,"105,200","105,200","105,800","107,000","104,700","105,635",600,0.57,0.56,59.17,0.34,35.67,0.90,94.83,"150,630.08"
1012,09/08/2022,MSN,"104,800","106,000","105,200","106,100","104,500","104,931",400,0.38,0.50,52.77,0.00,0.00,0.50,52.77,"149,775.85"
1013,08/08/2022,MSN,"104,500","104,500","104,800","105,800","104,500","105,075",300,0.29,0.64,66.97,0.04,4.21,0.68,71.19,"149,206.36"
1014,05/08/2022,MSN,"107,900","107,900","104,500","108,000","104,100","105,583","-3,400",-3.15,1.92,202.80,0.00,0.00,1.92,202.80,"148,779.24"
1015,04/08/2022,MSN,"110,000","110,000","107,900","110,200","106,700","107,859","-2,100",-1.91,1.59,171.91,1.14,125.40,2.73,297.31,"153,619.90"
1016,03/08/2022,MSN,"110,000","109,500","110,000","110,200","106,800","108,513",0,0.00,1.45,157.64,0.05,5.73,1.51,163.37,"156,609.73"
1017,02/08/2022,MSN,"109,400","109,600","110,000","111,000","107,100","108,789",600,0.55,1.11,121.26,0.14,14.97,1.25,136.22,"156,609.73"
1018,01/08/2022,MSN,"106,100","107,000","109,400","111,000","106,500","108,938","3,300",3.11,0.73,79.59,0.00,0.00,0.73,79.59,"155,755.49"
1019,29/07/2022,MSN,"109,900","111,000","106,100","112,000","106,100","109,644","-3,800",-3.46,0.84,92.11,1.68,183.63,2.52,275.75,"151,057.20"
1020,28/07/2022,MSN,"109,900","110,000","109,900","110,500","108,000","109,842",0,0.00,0.62,68.01,0.00,0.00,0.62,68.01,"156,467.35"
1021,27/07/2022,MSN,"110,000","109,200","109,900","110,000","108,000","109,181",-100,-0.09,0.33,36.51,0.88,96.80,1.21,133.31,"156,467.35"
1022,26/07/2022,MSN,"108,600","107,000","110,000","110,000","107,000","108,771","1,400",1.29,0.49,53.02,0.00,0.00,0.49,53.02,"156,609.73"
1023,25/07/2022,MSN,"108,500","105,700","108,600","111,300","105,700","109,065",100,0.09,0.46,50.29,2.71,293.07,3.17,343.36,"154,616.51"
1024,22/07/2022,MSN,"105,500","105,100","108,500","109,000","103,700","106,424","3,000",2.84,1.24,132.13,0.00,0.00,1.24,132.13,"154,474.14"
1025,21/07/2022,MSN,"103,000","103,200","105,500","106,900","103,000","105,390","2,500",2.43,1.03,108.86,1.42,146.31,2.45,255.17,"150,202.96"
1026,20/07/2022,MSN,"102,000","102,100","103,000","105,500","102,000","103,861","1,000",0.98,0.68,70.56,0.00,0.00,0.68,70.56,"146,643.65"
1027,19/07/2022,MSN,"102,600","102,500","102,000","102,500","101,000","101,732",-600,-0.58,0.37,37.36,0.00,0.00,0.37,37.36,"145,219.93"
1028,18/07/2022,MSN,"101,200","101,100","102,600","103,800","100,500","102,486","1,400",1.38,0.67,68.32,0.00,0.00,0.67,68.32,"146,074.16"
1029,15/07/2022,MSN,"102,500","101,900","101,200","103,500","101,000","102,230","-1,300",-1.27,0.41,42.31,0.45,43.08,0.86,85.39,"144,080.95"
1030,14/07/2022,MSN,"101,000","101,200","102,500","103,000","101,100","102,451","1,500",1.49,0.36,36.49,0.00,0.00,0.36,36.49,"145,931.79"
1031,13/07/2022,MSN,"102,000","100,700","101,000","103,700","100,700","102,519","-1,000",-0.98,0.55,56.29,0.00,0.00,0.55,56.29,"143,796.20"
1032,12/07/2022,MSN,"102,500","103,500","102,000","104,000","101,500","102,348",-500,-0.49,0.29,29.38,1.98,203.28,2.27,232.66,"145,219.93"
1033,11/07/2022,MSN,"104,900","101,500","102,500","103,900","101,500","102,513","-2,400",-2.29,0.57,57.93,0.00,0.00,0.57,57.93,"145,931.79"
1034,08/07/2022,MSN,"103,000","103,500","104,900","104,900","103,500","104,010","1,900",1.84,0.61,63.42,0.00,0.00,0.61,63.42,"149,348.73"
1035,07/07/2022,MSN,"100,000","100,000","103,000","104,500","100,000","103,403","3,000",3.00,0.44,46.00,0.00,0.00,0.44,46.00,"146,643.65"
1036,06/07/2022,MSN,"102,000","102,000","100,000","106,200","100,000","102,909","-2,000",-1.96,1.18,121.57,1.52,150.26,2.70,271.83,"142,372.48"
1037,05/07/2022,MSN,"107,700","107,900","102,000","108,500","102,000","104,848","-5,700",-5.29,0.94,98.82,0.00,0.00,0.94,98.82,"145,219.93"
1038,04/07/2022,MSN,"108,700","109,500","107,700","110,000","107,100","108,485","-1,000",-0.92,0.36,38.82,0.00,0.00,0.36,38.82,"153,335.16"
1039,01/07/2022,MSN,"112,000","111,900","109,500","112,000","109,000","110,343","-2,500",-2.23,0.48,52.77,0.00,0.00,0.48,52.77,"155,897.86"
1040,30/06/2022,MSN,"114,000","112,200","112,000","114,200","111,500","113,314","-2,000",-1.75,0.46,51.67,0.00,0.00,0.46,51.67,"159,457.18"
1041,29/06/2022,MSN,"114,000","109,000","114,000","115,000","109,000","112,962",0,0.00,0.71,80.59,0.00,0.00,0.71,80.59,"162,304.63"
1042,28/06/2022,MSN,"113,000","113,000","114,000","114,200","110,300","112,835","1,000",0.88,1.21,136.49,0.00,0.00,1.21,136.49,"162,304.63"
1043,27/06/2022,MSN,"109,500","109,800","113,000","113,400","108,500","111,546","3,500",3.20,0.88,98.38,0.00,0.00,0.88,98.38,"160,880.90"
1044,24/06/2022,MSN,"110,000","108,500","109,500","110,200","108,500","109,366",-500,-0.45,0.54,59.39,0.06,6.04,0.60,65.42,"155,897.86"
1045,23/06/2022,MSN,"106,000","106,000","110,000","110,000","106,000","107,672","4,000",3.77,0.40,42.78,0.00,0.00,0.40,42.78,"156,609.73"
1046,22/06/2022,MSN,"111,000","111,000","106,000","114,000","106,000","109,750","-5,000",-4.50,0.80,88.10,0.10,10.90,0.90,99.00,"150,914.83"
1047,21/06/2022,MSN,"111,000","110,800","111,000","113,800","109,200","112,309",0,0.00,0.95,107.21,0.00,0.00,0.95,107.21,"158,033.45"
1048,20/06/2022,MSN,"117,000","115,000","111,000","117,500","111,000","114,991","-6,000",-5.13,0.86,99.12,0.57,66.77,1.43,165.89,"158,033.45"
1049,17/06/2022,MSN,"110,700","108,000","117,000","117,000","107,300","113,121","6,300",5.69,1.63,184.07,0.30,35.52,1.93,219.59,"166,575.80"
1050,16/06/2022,MSN,"106,000","107,000","110,700","113,400","107,000","112,041","4,700",4.43,1.39,156.29,0.09,10.66,1.49,166.95,"157,606.33"
1051,15/06/2022,MSN,"106,300","107,000","106,000","109,000","104,700","106,393",-300,-0.28,1.00,106.07,0.67,71.22,1.67,177.30,"150,914.83"
1052,14/06/2022,MSN,"109,000","104,100","106,300","109,800","104,100","106,947","-2,700",-2.48,1.66,177.41,1.37,149.33,3.03,326.74,"151,341.94"
1053,13/06/2022,MSN,"117,000","113,100","109,000","115,000","109,000","112,695","-8,000",-6.84,1.10,124.09,0.00,0.00,1.10,124.09,"155,186.00"
1054,10/06/2022,MSN,"118,500","115,100","117,000","118,500","115,100","117,222","-1,500",-1.27,0.63,74.14,2.45,291.47,3.09,365.61,"166,575.80"
1055,09/06/2022,MSN,"119,300","118,500","118,500","120,000","118,100","118,568",-800,-0.67,0.71,84.35,0.00,0.00,0.71,84.35,"167,872.03"
1056,08/06/2022,MSN,"117,900","118,000","119,300","121,500","117,900","119,937","1,400",1.19,1.32,158.17,0.15,17.83,1.47,176.00,"169,005.34"
1057,07/06/2022,MSN,"117,000","115,100","117,900","117,900","113,200","115,393",900,0.77,1.46,168.49,0.02,2.32,1.48,170.81,"167,022.04"
1058,06/06/2022,MSN,"112,800","112,800","117,000","117,000","108,000","113,229","4,200",3.72,1.73,195.83,0.12,13.72,1.85,209.55,"165,747.06"
1059,03/06/2022,MSN,"114,300","114,500","112,800","114,500","111,500","112,943","-1,500",-1.31,0.39,44.59,0.50,56.47,0.89,101.06,"159,797.17"
1060,02/06/2022,MSN,"115,000","115,000","114,300","115,000","112,900","114,085",-700,-0.61,0.46,52.23,0.41,47.23,0.87,99.46,"161,922.13"
1061,01/06/2022,MSN,"112,400","110,000","115,000","115,000","110,000","113,346","2,600",2.31,1.10,124.44,4.45,494.25,5.55,618.69,"162,913.78"
1062,31/05/2022,MSN,"110,000","108,000","112,400","112,400","108,000","110,533","2,400",2.18,1.27,139.86,0.70,76.82,1.97,216.67,"159,230.51"
1063,30/05/2022,MSN,"110,000","110,000","110,000","110,000","108,900","109,505",0,0.00,0.67,73.49,3.92,422.18,4.59,495.67,"155,830.57"
1064,27/05/2022,MSN,"108,600","108,800","110,000","111,900","108,000","109,996","1,400",1.29,0.77,84.88,0.92,99.91,1.69,184.80,"155,830.57"
1065,26/05/2022,MSN,"110,500","110,500","108,600","110,700","108,000","108,765","-1,900",-1.72,0.83,90.71,0.00,0.00,0.83,90.71,"153,847.28"
1066,25/05/2022,MSN,"109,000","109,000","110,500","113,500","107,500","109,934","1,500",1.38,0.83,91.21,0.00,0.00,0.83,91.21,"156,538.89"
1067,24/05/2022,MSN,"104,500","104,500","109,000","109,900","104,000","107,489","4,500",4.31,0.83,89.21,0.03,3.05,0.86,92.26,"154,413.93"
1068,23/05/2022,MSN,"107,800","108,600","104,500","108,900","104,000","106,098","-3,300",-3.06,0.70,74.34,0.00,0.00,0.70,74.34,"148,039.04"
1069,20/05/2022,MSN,"110,400","109,800","107,800","111,700","107,000","109,830","-2,600",-2.36,0.93,102.24,0.20,21.97,1.13,124.21,"152,713.96"
1070,19/05/2022,MSN,"103,200","102,000","110,400","110,400","100,000","107,829","7,200",6.98,1.72,185.78,0.00,0.00,1.72,185.78,"156,397.23"
1071,18/05/2022,MSN,"96,500","98,100","103,200","103,200","93,500","100,469","6,700",6.94,1.29,129.77,0.58,54.76,1.87,184.52,"146,197.41"
1072,17/05/2022,MSN,"90,200","88,000","96,500","96,500","85,700","92,206","6,300",6.98,1.57,145.12,0.72,68.15,2.29,213.27,"136,705.91"
1073,16/05/2022,MSN,"96,900","99,000","90,200","99,600","90,200","94,259","-6,700",-6.91,1.05,99.25,0.00,0.00,1.05,99.25,"127,781.07"
1074,13/05/2022,MSN,"104,100","103,100","96,900","105,000","96,900","100,051","-7,200",-6.92,1.76,176.25,0.10,10.01,1.86,186.25,"137,272.57"
1075,12/05/2022,MSN,"111,900","111,900","104,100","112,700","104,100","106,949","-7,800",-6.97,1.06,113.54,0.51,56.32,1.57,169.86,"147,472.39"
1076,11/05/2022,MSN,"116,100","113,700","111,900","115,000","111,500","112,702","-4,200",-3.62,0.99,111.67,1.68,193.56,2.67,305.23,"158,522.19"
1077,10/05/2022,MSN,"114,900","114,100","116,100","116,100","110,200","113,995","1,200",1.04,1.09,124.10,0.00,0.00,1.09,124.10,"164,472.09"
1078,09/05/2022,MSN,"117,000","116,000","114,900","116,200","111,000","114,731","-2,100",-1.79,1.08,124.39,0.00,0.00,1.08,124.39,"162,772.12"
1079,06/05/2022,MSN,"119,000","115,000","117,000","118,500","115,000","117,191","-2,000",-1.68,0.83,96.72,1.20,152.76,2.03,249.48,"165,747.06"
1080,05/05/2022,MSN,"113,100","114,000","119,000","119,000","113,400","115,764","5,900",5.22,0.93,108.04,0.00,0.00,0.93,108.04,"168,580.35"
1081,04/05/2022,MSN,"116,000","116,000","113,100","116,800","113,000","113,784","-2,900",-2.50,0.51,58.28,0.00,0.00,0.51,58.28,"160,222.16"
1082,29/04/2022,MSN,"116,500","117,000","116,000","118,600","115,100","116,575",-500,-0.43,1.10,128.08,0.00,0.00,1.10,128.08,"164,330.42"
1083,28/04/2022,MSN,"119,000","119,000","116,500","119,900","116,500","118,669","-2,500",-2.10,0.84,99.40,0.50,55.35,1.34,154.75,"165,038.74"
1084,27/04/2022,MSN,"116,000","116,000","119,000","121,800","111,000","114,651","3,000",2.59,1.24,142.36,4.11,470.51,5.35,612.87,"168,580.35"
1085,26/04/2022,MSN,"116,000","116,700","116,000","124,100","109,100","114,325",0,0.00,2.21,252.27,2.52,293.02,4.73,545.29,"164,330.42"
1086,25/04/2022,MSN,"123,300","124,600","116,000","124,600","115,800","119,668","-7,300",-5.92,1.08,128.87,0.00,0.00,1.08,128.87,"164,330.42"
1087,22/04/2022,MSN,"123,000","123,000","123,300","125,000","122,500","123,987",300,0.24,1.75,217.05,1.20,157.92,2.95,374.97,"174,671.91"
1088,21/04/2022,MSN,"124,300","122,000","123,000","125,000","122,000","123,173","-1,300",-1.05,1.51,185.72,0.12,13.97,1.62,199.69,"174,246.91"
1089,20/04/2022,MSN,"120,500","121,400","124,300","125,000","120,500","122,912","3,800",3.15,1.12,137.23,0.00,0.00,1.12,137.23,"176,088.55"
1090,19/04/2022,MSN,"124,000","124,900","120,500","125,500","119,500","122,291","-3,500",-2.82,0.94,115.33,0.02,2.70,0.96,118.04,"170,705.31"
1091,18/04/2022,MSN,"125,000","126,500","124,000","126,500","124,000","124,815","-1,000",-0.80,0.89,111.19,0.00,0.00,0.89,111.19,"175,663.56"
1092,15/04/2022,MSN,"125,700","126,200","125,000","126,600","124,100","125,549",-700,-0.56,1.01,127.43,0.00,0.00,1.01,127.43,"177,080.20"
1093,14/04/2022,MSN,"126,900","127,000","125,700","127,500","124,500","125,478","-1,200",-0.95,0.80,100.38,0.00,0.00,0.80,100.38,"148,393.21"
1094,13/04/2022,MSN,"125,400","126,000","126,900","129,500","126,000","128,007","1,500",1.20,0.99,126.66,0.00,0.00,0.99,126.66,"149,809.85"
1095,12/04/2022,MSN,"123,800","130,000","125,400","130,000","123,900","125,814","1,600",1.29,1.37,172.82,0.00,0.00,1.37,172.82,"148,039.05"
1096,08/04/2022,MSN,"151,000","151,500","148,500","151,500","148,500","149,760","-2,500",-1.66,1.17,175.16,0.00,0.00,1.17,175.16,"175,309.40"
1097,07/04/2022,MSN,"153,800","155,000","151,000","155,000","151,000","152,792","-2,800",-1.82,1.11,170.09,0.65,99.97,1.76,270.06,"178,260.74"
1098,06/04/2022,MSN,"151,600","151,900","153,800","155,000","150,100","151,891","2,200",1.45,1.37,208.74,0.83,125.21,2.20,333.96,"181,566.24"
1099,05/04/2022,MSN,"150,000","151,800","151,600","153,800","150,000","151,553","1,600",1.07,0.74,112.04,0.00,0.00,0.74,112.04,"178,969.06"
1100,04/04/2022,MSN,"146,500","149,000","150,000","155,000","148,500","152,071","3,500",2.39,1.69,256.30,0.00,0.00,1.69,256.30,"177,080.20"
1101,01/04/2022,MSN,"142,200","144,000","146,500","148,600","142,500","145,985","4,300",3.02,0.81,118.06,0.00,0.00,0.81,118.06,"172,948.33"
1102,31/03/2022,MSN,"144,000","143,900","142,200","144,300","141,900","142,595","-1,800",-1.25,0.59,84.02,0.00,0.00,0.59,84.02,"167,872.03"
1103,30/03/2022,MSN,"144,000","143,100","144,000","145,500","142,100","143,321",0,0.00,0.68,96.80,0.00,0.00,0.68,96.80,"169,997.00"
1104,29/03/2022,MSN,"145,600","146,000","144,000","147,400","143,500","145,543","-1,600",-1.10,0.60,86.63,0.00,0.00,0.60,86.63,"169,997.00"
1105,28/03/2022,MSN,"146,400","145,000","145,600","145,900","143,000","143,990",-800,-0.55,0.63,90.71,0.00,0.00,0.63,90.71,"171,885.85"
1106,25/03/2022,MSN,"146,600","147,000","146,400","147,800","144,700","146,025",-200,-0.14,0.55,79.67,0.09,13.52,0.64,93.20,"172,830.28"
1107,24/03/2022,MSN,"147,000","148,400","146,600","150,000","146,600","147,672",-400,-0.27,0.76,112.28,0.00,0.00,0.76,112.28,"173,066.39"
1108,23/03/2022,MSN,"148,500","146,800","147,000","153,800","145,100","149,457","-1,500",-1.01,1.40,208.64,0.55,82.20,1.95,290.84,"173,538.60"
1109,22/03/2022,MSN,"145,000","145,500","148,500","151,000","143,000","147,644","3,500",2.41,0.97,143.13,0.02,2.97,0.99,146.10,"175,309.40"
1110,21/03/2022,MSN,"136,700","138,900","145,000","145,200","138,800","142,784","8,300",6.07,0.89,127.14,0.46,61.95,1.35,189.09,"171,177.53"
1111,18/03/2022,MSN,"138,000","139,000","136,700","142,700","136,700","137,876","-1,300",-0.94,2.55,350.99,0.00,0.00,2.55,350.99,"161,379.09"
1112,17/03/2022,MSN,"140,500","141,000","138,000","142,300","138,000","139,961","-2,500",-1.78,0.77,107.32,0.00,0.00,0.77,107.32,"162,913.79"
1113,16/03/2022,MSN,"141,100","142,700","140,500","142,700","140,000","140,691",-600,-0.43,0.50,70.89,0.13,18.56,0.64,89.45,"165,865.12"
1114,15/03/2022,MSN,"136,100","135,500","141,100","141,100","135,500","137,894","5,000",3.67,1.02,140.72,0.00,0.00,1.02,140.72,"166,573.45"
1115,14/03/2022,MSN,"142,500","142,200","136,100","142,200","134,100","137,621","-6,400",-4.49,1.65,227.02,2.00,284.00,3.65,511.02,"160,670.77"
1116,11/03/2022,MSN,"150,000","149,000","142,500","151,500","142,500","145,425","-7,500",-5.00,1.57,227.66,0.00,0.00,1.57,227.66,"168,226.19"
1117,10/03/2022,MSN,"155,500","155,700","150,000","158,300","150,000","152,541","-5,500",-3.54,1.25,189.93,0.00,0.00,1.25,189.93,"177,080.20"
1118,09/03/2022,MSN,"158,800","158,500","155,500","159,900","154,500","157,197","-3,300",-2.08,0.88,137.56,0.00,0.00,0.88,137.56,"183,573.14"
1119,08/03/2022,MSN,"158,200","158,000","158,800","160,100","157,500","158,685",600,0.38,0.63,100.65,1.48,236.06,2.12,336.72,"187,468.91"
1120,07/03/2022,MSN,"161,300","159,700","158,200","162,400","158,000","159,522","-3,100",-1.92,0.94,150.32,0.00,0.00,0.94,150.32,"186,760.59"
1121,04/03/2022,MSN,"159,100","159,500","161,300","162,800","158,000","161,348","2,200",1.38,1.20,193.28,0.00,0.00,1.20,193.28,"190,420.25"
1122,03/03/2022,MSN,"157,000","158,700","159,100","162,000","156,700","159,552","2,100",1.34,0.75,120.13,1.21,189.45,1.96,309.58,"187,823.07"
1123,02/03/2022,MSN,"156,500","155,000","157,000","158,000","155,000","156,523",500,0.32,0.82,128.80,0.10,15.65,0.92,144.45,"185,343.95"
1124,01/03/2022,MSN,"156,000","157,000","156,500","157,500","155,500","156,192",500,0.32,0.36,56.23,0.00,0.00,0.36,56.23,"184,753.68"
1125,28/02/2022,MSN,"158,000","158,000","156,000","159,900","156,000","157,501","-2,000",-1.27,0.43,67.24,0.00,0.00,0.43,67.24,"184,163.41"
1126,25/02/2022,MSN,"159,500","161,000","158,000","161,000","158,000","159,736","-1,500",-0.94,0.57,91.45,0.00,0.00,0.57,91.45,"186,524.48"
1127,24/02/2022,MSN,"157,200","156,500","159,500","163,000","155,600","158,444","2,300",1.46,0.99,156.70,0.00,0.00,0.99,156.70,"188,295.28"
1128,23/02/2022,MSN,"157,500","157,400","157,200","159,500","156,500","157,628",-300,-0.19,0.46,72.45,0.00,0.00,0.46,72.45,"185,580.05"
1129,22/02/2022,MSN,"160,300","156,300","157,500","159,800","156,300","158,000","-2,800",-1.75,0.56,88.34,0.00,0.00,0.56,88.34,"185,934.21"
1130,21/02/2022,MSN,"163,300","163,400","160,300","163,400","160,100","161,433","-3,000",-1.84,0.96,154.52,0.00,0.00,0.96,154.52,"189,239.71"
1131,18/02/2022,MSN,"163,000","160,000","163,300","165,000","158,800","162,309",300,0.18,1.18,192.01,0.09,14.51,1.27,206.52,"192,781.32"
1132,17/02/2022,MSN,"158,100","158,000","163,000","163,000","157,700","160,110","4,900",3.10,1.67,267.88,0.00,0.00,1.67,267.88,"192,427.15"
1133,16/02/2022,MSN,"160,500","160,000","158,100","160,000","157,500","158,332","-2,400",-1.50,0.82,130.34,0.05,7.53,0.87,137.87,"186,642.53"
1134,15/02/2022,MSN,"151,600","151,800","160,500","160,500","150,000","156,057","8,900",5.87,1.58,245.91,1.20,172.36,2.78,418.27,"189,475.82"
1135,14/02/2022,MSN,"149,800","148,500","151,600","151,600","148,100","150,280","1,800",1.20,0.93,139.11,0.67,99.48,1.59,238.60,"178,969.06"
1136,11/02/2022,MSN,"149,600","150,000","149,800","151,500","148,100","149,941",200,0.13,0.49,73.10,0.00,0.00,0.49,73.10,"176,844.10"
1137,10/02/2022,MSN,"146,600","148,000","149,600","149,600","146,900","148,131","3,000",2.05,1.43,212.35,0.00,0.00,1.43,212.35,"176,607.99"
1138,09/02/2022,MSN,"145,500","146,500","146,600","148,500","145,000","147,199","1,100",0.76,0.59,86.19,0.00,0.00,0.59,86.19,"173,066.39"
1139,08/02/2022,MSN,"147,900","146,400","145,500","147,700","145,000","145,641","-2,400",-1.62,0.50,73.11,0.00,0.00,0.50,73.11,"171,767.80"
1140,07/02/2022,MSN,"143,000","145,000","147,900","148,500","143,000","146,818","4,900",3.43,0.61,89.84,0.20,29.52,0.81,119.36,"174,601.08"
1141,28/01/2022,MSN,"142,000","143,100","143,000","147,200","143,000","145,340","1,000",0.70,0.36,51.87,0.13,18.63,0.49,70.50,"168,816.46"
1142,27/01/2022,MSN,"147,000","146,500","142,000","146,500","142,000","142,989","-5,000",-3.40,0.73,104.05,0.00,0.00,0.73,104.05,"167,635.93"
1143,26/01/2022,MSN,"153,000","154,400","147,000","154,400","147,000","150,437","-6,000",-3.92,0.97,145.83,0.80,130.40,1.77,276.23,"173,538.60"
1144,25/01/2022,MSN,"143,000","144,000","153,000","153,000","141,100","147,845","10,000",6.99,1.05,155.25,1.05,150.15,2.10,305.40,"180,621.81"
1145,24/01/2022,MSN,"151,000","148,300","143,000","150,200","143,000","144,675","-8,000",-5.30,0.95,137.83,0.00,0.00,0.95,137.83,"168,816.46"
1146,21/01/2022,MSN,"149,200","152,400","151,000","152,400","149,200","150,588","1,800",1.21,0.87,130.92,0.66,100.85,1.53,231.77,"178,260.74"
1147,20/01/2022,MSN,"147,500","150,000","149,200","151,000","148,000","150,115","1,700",1.15,0.87,131.32,1.07,167.35,1.94,298.67,"176,135.78"
1148,19/01/2022,MSN,"142,100","141,200","147,500","151,500","141,200","148,965","5,400",3.80,1.27,188.99,33.02,"4,753.63",34.28,"4,942.63","174,128.87"
1149,18/01/2022,MSN,"142,000","140,000","142,100","151,900","139,500","142,662",100,0.07,0.87,124.49,0.31,45.20,1.18,169.69,"167,753.98"
1150,17/01/2022,MSN,"144,800","145,000","142,000","145,800","136,900","142,287","-2,800",-1.93,0.83,118.08,1.40,216.86,2.23,334.94,"167,635.93"
1151,14/01/2022,MSN,"144,800","142,100","144,800","145,000","142,100","143,849",0,0.00,0.49,70.60,0.16,22.13,0.66,92.73,"170,941.42"
1152,13/01/2022,MSN,"144,900","145,000","144,800","146,800","141,600","144,287",-100,-0.07,0.97,140.61,0.18,26.02,1.16,166.63,"170,941.42"
1153,12/01/2022,MSN,"144,900","145,500","144,900","147,800","144,700","145,882",0,0.00,1.06,154.39,0.00,0.00,1.06,154.39,"171,059.48"
1154,11/01/2022,MSN,"153,000","153,000","144,900","154,000","144,900","148,213","-8,100",-5.29,1.35,199.35,0.16,26.90,1.51,226.24,"171,059.48"
1155,10/01/2022,MSN,"154,000","155,900","153,000","155,900","153,000","153,680","-1,000",-0.65,0.45,68.45,1.83,293.12,2.27,361.57,"180,621.81"
1156,07/01/2022,MSN,"153,800","155,900","154,000","159,500","154,000","155,899",200,0.13,1.31,203.84,0.00,0.00,1.31,203.84,"181,802.34"
1157,06/01/2022,MSN,"161,000","161,000","153,800","161,000","153,800","156,527","-7,200",-4.47,1.65,258.33,0.16,24.61,1.81,282.94,"181,566.24"
1158,05/01/2022,MSN,"170,000","171,000","161,000","171,000","161,000","165,544","-9,000",-5.29,1.26,208.75,0.50,90.95,1.76,299.70,"190,066.09"
1159,04/01/2022,MSN,"171,000","171,000","170,000","171,000","169,000","169,735","-1,000",-0.58,1.00,169.40,0.00,0.00,1.00,169.40,"200,690.90"
1160,31/12/2021,MSN,"171,500","169,800","171,000","171,600","168,700","171,307",-500,-0.29,6.54,"1,121.03",2.16,397.15,8.71,"1,518.18","201,871.43"
1161,30/12/2021,MSN,"172,000","172,000","171,500","172,800","169,000","172,296",-500,-0.29,5.09,877.57,0.00,0.00,5.09,877.57,"202,461.70"
1162,29/12/2021,MSN,"171,500","171,500","172,000","174,100","169,500","173,603",500,0.29,6.22,"1,079.63",0.51,80.80,6.73,"1,160.44","203,051.97"
1163,28/12/2021,MSN,"169,000","169,500","171,500","174,800","167,200","173,624","2,500",1.48,7.69,"1,334.85",0.16,25.83,7.85,"1,360.68","202,461.70"
1164,27/12/2021,MSN,"171,000","170,900","169,000","175,000","168,100","173,953","-2,000",-1.17,7.12,"1,237.82",0.56,95.42,7.67,"1,333.23","199,510.36"
1165,24/12/2021,MSN,"171,000","171,000","171,000","175,000","168,100","173,982",0,0.00,7.73,"1,344.45",0.51,92.66,8.23,"1,437.11","201,871.43"
1166,23/12/2021,MSN,"170,000","169,900","171,000","175,000","166,600","173,205","1,000",0.59,9.87,"1,709.57",0.16,29.89,10.03,"1,739.45","201,871.43"
1167,22/12/2021,MSN,"166,600","168,000","170,000","171,000","166,200","169,960","3,400",2.04,8.68,"1,475.13",0.20,31.00,8.88,"1,506.13","200,690.90"
1168,21/12/2021,MSN,"162,000","162,000","166,600","166,700","160,000","165,696","4,600",2.84,7.52,"1,246.36",0.00,0.00,7.52,"1,246.36","196,677.08"
1169,20/12/2021,MSN,"157,500","162,000","162,000","162,900","157,500","162,167","4,500",2.86,5.03,816.28,0.57,87.65,5.60,903.94,"191,246.62"
1170,17/12/2021,MSN,"160,000","159,700","157,500","161,600","157,200","159,561","-2,500",-1.56,2.98,476.23,0.06,8.93,3.04,485.15,"185,934.21"
1171,16/12/2021,MSN,"161,000","161,000","160,000","161,900","152,200","160,155","-1,000",-0.62,0.96,153.32,0.02,3.12,0.98,156.44,"188,885.55"
1172,15/12/2021,MSN,"156,800","156,000","161,000","161,000","156,000","159,012","4,200",2.68,1.23,195.22,1.05,161.05,2.28,356.27,"190,066.09"
1173,14/12/2021,MSN,"156,000","155,900","157,000","157,500","155,700","156,703","1,000",0.64,0.94,147.66,0.91,131.90,1.85,279.56,"185,343.95"
1174,13/12/2021,MSN,"153,700","154,100","156,000","157,400","153,800","156,141","2,300",1.50,1.46,227.73,0.00,0.00,1.46,227.73,"184,163.41"
1175,10/12/2021,MSN,"154,000","153,000","153,700","154,000","150,200","152,562",-300,-0.19,1.00,152.01,0.00,0.00,1.00,152.01,"181,448.18"
1176,09/12/2021,MSN,"151,100","150,000","154,000","154,000","150,000","152,557","2,900",1.92,0.78,119.67,0.14,20.28,0.92,139.94,"181,802.34"
1177,08/12/2021,MSN,"151,900","151,200","151,100","152,000","151,100","151,527",-800,-0.53,0.65,98.25,0.57,86.89,1.22,185.14,"178,378.79"
1178,07/12/2021,MSN,"151,000","150,500","151,900","152,500","150,500","151,769",900,0.60,0.57,86.46,1.41,217.80,1.98,304.27,"179,323.22"
1179,06/12/2021,MSN,"151,000","151,000","151,000","153,000","145,000","150,910",0,0.00,1.10,165.74,0.00,0.00,1.10,165.74,"178,260.74"
1180,03/12/2021,MSN,"152,000","152,000","151,000","155,500","151,000","153,087","-1,000",-0.66,1.15,175.87,0.00,0.00,1.15,175.87,"178,260.74"
1181,02/12/2021,MSN,"149,900","150,000","152,000","153,400","150,000","151,584","2,100",1.40,1.00,152.24,0.19,29.21,1.20,181.45,"179,441.27"
1182,01/12/2021,MSN,"149,200","149,000","149,900","152,000","149,000","150,069",700,0.47,1.26,189.25,0.00,0.00,1.26,189.25,"176,962.15"
1183,30/11/2021,MSN,"152,500","152,700","149,200","153,900","149,200","151,525","-3,300",-2.16,1.49,225.47,0.91,129.08,2.40,354.55,"176,135.78"
1184,29/11/2021,MSN,"157,500","155,000","152,500","156,000","152,100","153,588","-5,000",-3.17,1.47,225.91,0.36,52.94,1.83,278.85,"180,031.54"
1185,26/11/2021,MSN,"157,500","156,000","157,500","157,500","155,200","156,632",0,0.00,1.13,177.28,0.00,0.00,1.13,177.28,"185,934.21"
1186,25/11/2021,MSN,"157,000","157,000","157,500","159,000","155,100","157,197",500,0.32,1.05,165.12,0.50,81.00,1.55,246.12,"185,934.21"
1187,24/11/2021,MSN,"156,500","155,500","157,000","159,700","154,100","155,700",500,0.32,1.30,202.18,0.25,39.88,1.55,242.05,"185,343.95"
1188,23/11/2021,MSN,"149,900","148,600","156,500","156,800","148,600","153,884","6,600",4.40,1.86,286.90,0.75,111.98,2.61,398.88,"184,753.68"
1189,22/11/2021,MSN,"147,400","147,500","149,900","149,900","147,000","148,881","2,500",1.70,0.63,94.48,0.00,0.00,0.63,94.48,"176,962.15"
1190,19/11/2021,MSN,"148,000","149,000","147,400","149,900","147,400","148,381",-600,-0.41,1.30,193.13,0.00,0.00,1.30,193.13,"174,010.81"
1191,18/11/2021,MSN,"150,500","150,500","148,000","152,000","148,000","149,680","-2,500",-1.66,1.06,158.35,0.00,0.00,1.06,158.35,"174,719.13"
1192,17/11/2021,MSN,"152,000","151,000","150,500","152,000","150,100","150,850","-1,500",-0.99,0.36,54.64,0.00,0.00,0.36,54.64,"177,670.47"
1193,16/11/2021,MSN,"154,000","153,800","152,000","155,100","150,000","152,714","-2,000",-1.30,1.70,259.31,0.00,0.00,1.70,259.31,"179,441.27"
1194,15/11/2021,MSN,"149,600","150,000","154,000","154,000","148,200","150,848","4,400",2.94,1.82,274.92,0.00,0.00,1.82,274.92,"181,802.34"
1195,12/11/2021,MSN,"146,900","146,900","149,600","150,100","146,800","148,361","2,700",1.84,1.46,216.12,0.00,0.00,1.46,216.12,"176,607.99"
1196,11/11/2021,MSN,"147,700","148,800","146,900","151,000","146,000","147,952",-800,-0.54,1.74,257.57,0.00,0.00,1.74,257.57,"173,420.55"
1197,10/11/2021,MSN,"147,800","148,000","147,700","149,800","146,900","147,734",-100,-0.07,1.32,194.64,0.00,0.00,1.32,194.64,"174,364.97"
1198,09/11/2021,MSN,"152,000","152,900","147,800","152,900","147,700","149,649","-4,200",-2.76,1.48,221.26,0.50,81.30,1.98,302.56,"174,483.03"
1199,08/11/2021,MSN,"147,800","150,000","152,000","152,600","148,800","151,115","4,200",2.84,1.88,283.64,0.05,7.48,1.93,291.12,"179,441.27"
1200,05/11/2021,MSN,"147,900","148,000","147,800","149,900","147,200","148,308",-100,-0.07,1.24,183.25,0.00,0.00,1.24,183.25,"174,483.03"
1201,04/11/2021,MSN,"145,500","145,800","147,900","149,500","145,000","147,695","2,400",1.65,1.15,169.58,0.00,0.00,1.15,169.58,"174,601.08"
1202,03/11/2021,MSN,"145,500","145,500","145,500","148,000","144,000","146,044",0,0.00,1.35,197.51,0.13,19.03,1.48,216.54,"171,767.80"
1203,02/11/2021,MSN,"145,500","145,500","145,500","148,700","145,400","146,086",0,0.00,1.02,149.27,0.00,0.00,1.02,149.27,"171,767.80"
1204,01/11/2021,MSN,"150,900","150,000","145,500","150,100","145,100","147,445","-5,400",-3.58,1.67,246.06,0.00,0.00,1.67,246.06,"171,767.80"
1205,29/10/2021,MSN,"151,700","150,000","150,900","152,000","147,500","149,889",-800,-0.53,1.55,231.88,0.00,0.00,1.55,231.88,"178,142.69"
1206,28/10/2021,MSN,"146,800","146,800","151,700","152,500","144,000","148,881","4,900",3.34,1.75,261.21,0.00,0.00,1.75,261.21,"179,087.11"
1207,27/10/2021,MSN,"139,600","140,000","146,800","147,900","139,800","144,413","7,200",5.16,2.01,290.66,0.00,0.00,2.01,290.66,"173,302.49"
1208,26/10/2021,MSN,"140,400","141,500","139,600","141,500","138,800","139,889",-800,-0.57,0.85,118.93,0.00,0.00,0.85,118.93,"164,802.64"
1209,25/10/2021,MSN,"140,100","143,000","140,400","143,000","140,400","141,612",300,0.21,0.57,81.43,0.00,0.00,0.57,81.43,"165,747.07"
1210,22/10/2021,MSN,"140,200","140,600","140,100","141,500","140,100","140,779",-100,-0.07,0.47,65.62,0.00,0.00,0.47,65.62,"165,392.91"
1211,21/10/2021,MSN,"143,100","143,000","140,200","143,100","140,200","141,338","-2,900",-2.03,1.09,153.44,0.00,0.00,1.09,153.44,"165,510.96"
1212,20/10/2021,MSN,"141,000","141,600","143,100","143,400","140,000","142,338","2,100",1.49,0.99,140.50,0.00,0.00,0.99,140.50,"168,934.51"
1213,19/10/2021,MSN,"143,000","143,700","141,000","143,700","140,900","141,916","-2,000",-1.40,0.77,108.57,0.00,0.00,0.77,108.57,"166,455.39"
1214,18/10/2021,MSN,"141,000","141,100","143,000","144,100","141,000","142,519","2,000",1.42,0.63,90.36,0.00,0.00,0.63,90.36,"168,816.46"
1215,15/10/2021,MSN,"142,100","142,200","141,000","143,400","141,000","142,000","-1,100",-0.77,0.89,126.61,0.00,0.00,0.89,126.61,"166,455.39"
1216,14/10/2021,MSN,"143,100","143,100","142,100","144,000","141,600","142,445","-1,000",-0.70,1.43,203.16,0.00,0.00,1.43,203.16,"167,753.98"
1217,13/10/2021,MSN,"145,500","147,000","143,100","147,000","143,000","144,883","-2,400",-1.65,1.14,165.11,0.00,0.00,1.14,165.11,"168,934.51"
1218,12/10/2021,MSN,"147,000","147,500","145,500","148,500","145,000","146,618","-1,500",-1.02,0.68,99.07,0.00,0.00,0.68,99.07,"171,767.80"
1219,11/10/2021,MSN,"145,500","145,500","147,000","148,500","143,000","146,290","1,500",1.03,0.92,135.20,2.72,396.32,3.65,531.52,"173,538.60"
1220,08/10/2021,MSN,"141,700","142,000","145,500","146,000","141,900","144,078","3,800",2.68,1.01,145.39,0.00,0.00,1.01,145.39,"171,767.80"
1221,07/10/2021,MSN,"142,200","143,000","141,700","143,000","141,000","141,888",-500,-0.35,0.55,77.80,0.00,0.00,0.55,77.80,"167,281.77"
1222,06/10/2021,MSN,"141,200","142,500","142,200","142,500","140,900","141,547","1,000",0.71,0.54,76.48,0.00,0.00,0.54,76.48,"167,872.03"
1223,05/10/2021,MSN,"141,200","142,700","141,200","142,900","140,600","141,680",0,0.00,0.60,84.91,0.00,0.00,0.60,84.91,"166,691.50"
1224,04/10/2021,MSN,"140,000","141,900","141,200","143,000","140,100","141,419","1,200",0.86,0.50,70.06,0.72,100.80,1.22,170.86,"166,691.50"
1225,01/10/2021,MSN,"142,600","142,000","140,000","143,000","140,000","140,937","-2,600",-1.82,0.86,121.11,1.01,144.15,1.87,265.26,"165,274.86"
1226,30/09/2021,MSN,"141,000","141,100","142,600","144,400","141,000","143,430","1,600",1.13,0.75,108.23,0.00,0.00,0.75,108.23,"168,344.25"
1227,29/09/2021,MSN,"136,000","138,900","141,000","141,000","138,000","139,138","5,000",3.68,0.56,78.40,0.00,0.00,0.56,78.40,"166,455.39"
1228,28/09/2021,MSN,"135,000","134,900","136,000","140,700","134,100","138,414","1,000",0.74,1.28,177.72,0.00,0.00,1.28,177.72,"160,552.72"
1229,27/09/2021,MSN,"142,400","142,700","135,000","143,500","135,000","139,366","-7,400",-5.20,1.21,169.07,0.00,0.00,1.21,169.07,"159,372.18"
1230,24/09/2021,MSN,"145,000","145,000","142,400","145,500","141,800","143,141","-2,600",-1.79,1.16,166.19,0.00,0.00,1.16,166.19,"168,108.14"
1231,23/09/2021,MSN,"147,000","146,500","145,000","148,500","143,000","146,020","-2,000",-1.36,0.93,136.15,0.00,0.00,0.93,136.15,"171,177.53"
1232,22/09/2021,MSN,"143,500","145,000","147,000","149,000","143,500","146,590","3,500",2.44,0.86,126.01,0.18,26.48,1.04,152.49,"173,538.60"
1233,21/09/2021,MSN,"143,000","141,000","143,500","145,000","141,000","143,222",500,0.35,1.33,190.33,0.00,0.00,1.33,190.33,"169,406.73"
1234,20/09/2021,MSN,"146,000","146,100","143,000","148,500","143,000","145,918","-3,000",-2.05,1.05,153.65,1.11,162.20,2.16,315.85,"168,816.46"
1235,17/09/2021,MSN,"149,800","148,000","146,000","149,500","145,500","146,881","-3,800",-2.54,2.39,351.02,0.00,0.00,2.39,351.02,"172,358.07"
1236,16/09/2021,MSN,"144,900","147,000","149,800","150,000","145,200","148,561","4,900",3.38,2.29,339.69,0.04,5.24,2.32,344.93,"176,844.10"
1237,15/09/2021,MSN,"135,500","135,000","144,900","144,900","135,000","140,719","9,400",6.94,2.80,393.46,0.39,53.12,3.18,446.58,"171,059.48"
1238,14/09/2021,MSN,"130,600","131,800","135,500","135,700","130,800","134,540","4,900",3.75,2.57,345.35,1.28,169.92,3.85,515.27,"159,962.45"
1239,13/09/2021,MSN,"130,000","131,000","130,600","132,000","130,100","131,195",600,0.46,1.26,165.88,0.50,65.75,1.76,231.63,"154,177.83"
1240,10/09/2021,MSN,"131,000","131,500","130,000","132,400","130,000","131,542","-1,000",-0.76,0.71,93.57,0.00,0.00,0.71,93.57,"153,469.51"
1241,09/09/2021,MSN,"128,000","127,800","131,000","132,200","127,600","130,739","3,000",2.34,1.03,134.22,0.02,2.76,1.05,136.97,"154,650.04"
1242,08/09/2021,MSN,"129,800","129,000","128,000","130,000","128,000","128,778","-1,800",-1.39,1.40,179.70,0.79,102.09,2.18,281.78,"151,108.44"
1243,07/09/2021,MSN,"131,100","131,200","129,800","131,200","129,500","130,102","-1,300",-0.99,1.54,200.27,0.00,0.00,1.54,200.27,"153,233.40"
1244,06/09/2021,MSN,"133,300","134,000","131,100","134,000","131,100","132,543","-2,200",-1.65,1.52,201.32,0.06,7.81,1.58,209.13,"154,768.10"
1245,01/09/2021,MSN,"135,000","134,200","133,300","135,500","133,000","134,075","-1,700",-1.26,1.02,137.41,19.63,"2,517.44",20.65,"2,654.85","157,365.27"
1246,31/08/2021,MSN,"132,600","132,600","135,000","136,000","132,000","134,614","2,400",1.81,3.13,420.98,0.16,21.02,3.28,442.00,"159,372.18"
1247,30/08/2021,MSN,"135,900","138,500","132,600","138,500","132,600","135,198","-3,300",-2.43,2.70,364.60,0.34,46.60,3.04,411.21,"156,538.90"
1248,27/08/2021,MSN,"134,000","132,100","135,900","136,400","132,100","135,245","1,900",1.42,1.93,260.62,0.00,0.00,1.93,260.62,"160,434.66"
1249,26/08/2021,MSN,"135,000","135,100","134,000","137,200","132,100","135,334","-1,000",-0.74,0.97,131.38,0.12,16.51,1.09,147.89,"158,191.65"
1250,25/08/2021,MSN,"128,500","129,800","135,000","136,500","129,100","131,542","6,500",5.06,1.16,153.00,0.00,0.00,1.16,153.00,"159,372.18"
1251,24/08/2021,MSN,"127,000","127,000","128,500","129,800","127,000","127,858","1,500",1.18,1.30,166.50,0.86,108.97,2.16,275.46,"151,698.71"
1252,23/08/2021,MSN,"133,800","133,000","127,000","133,500","127,000","129,957","-6,800",-5.08,1.72,223.51,0.00,0.00,1.72,223.51,"149,927.91"
1253,20/08/2021,MSN,"136,300","135,300","133,800","135,800","132,900","134,354","-2,500",-1.83,1.31,176.19,0.00,0.00,1.31,176.19,"157,955.54"
1254,19/08/2021,MSN,"134,500","136,000","136,300","136,300","134,500","135,705","1,800",1.34,0.84,114.32,0.00,0.00,0.84,114.32,"160,906.88"
1255,18/08/2021,MSN,"132,500","135,000","134,500","136,900","134,000","135,669","2,000",1.51,1.30,176.75,0.05,6.17,1.35,182.91,"158,781.92"
1256,17/08/2021,MSN,"133,500","134,800","132,500","134,900","132,500","133,300","-1,000",-0.75,0.79,105.79,0.00,0.00,0.79,105.79,"156,420.85"
1257,16/08/2021,MSN,"133,500","134,500","133,500","136,500","132,200","134,026",0,0.00,0.97,129.98,0.00,0.00,0.97,129.98,"157,601.38"
1258,13/08/2021,MSN,"134,000","132,500","133,500","134,000","131,800","132,574",-500,-0.37,1.39,184.89,0.00,0.00,1.39,184.89,"157,601.38"
1259,12/08/2021,MSN,"136,600","138,500","134,000","138,500","134,000","135,468","-2,600",-1.90,1.95,263.62,0.00,0.00,1.95,263.62,"158,191.65"
1260,11/08/2021,MSN,"138,500","139,000","136,600","141,000","136,600","139,063","-1,900",-1.37,0.99,138.16,0.00,0.00,0.99,138.16,"161,261.04"
1261,10/08/2021,MSN,"141,000","141,000","138,500","141,500","138,500","139,933","-2,500",-1.77,1.01,141.56,0.00,0.00,1.01,141.56,"163,504.05"
1262,09/08/2021,MSN,"134,500","134,000","141,000","141,000","134,000","137,622","6,500",4.83,1.53,209.93,0.00,0.00,1.53,209.93,"166,455.39"
1263,06/08/2021,MSN,"135,000","135,100","134,500","136,000","134,500","135,026",-500,-0.37,0.67,90.54,0.05,6.75,0.72,97.29,"158,781.92"
1264,05/08/2021,MSN,"136,000","135,100","135,000","136,900","134,300","135,123","-1,000",-0.74,1.35,182.27,0.00,0.00,1.35,182.27,"159,372.18"
1265,04/08/2021,MSN,"137,800","137,800","136,000","138,000","135,200","136,478","-1,800",-1.31,1.59,216.67,0.00,0.00,1.59,216.67,"160,552.72"
1266,03/08/2021,MSN,"136,200","136,000","137,800","138,000","135,000","136,518","1,600",1.17,1.36,185.05,0.30,40.92,1.66,225.97,"162,677.68"
1267,02/08/2021,MSN,"134,000","133,800","136,200","138,000","131,000","135,468","2,200",1.64,1.27,171.79,0.00,0.00,1.27,171.79,"160,788.83"
1268,30/07/2021,MSN,"127,700","128,000","134,000","136,600","127,200","132,965","6,300",4.93,2.65,352.94,0.00,0.00,2.65,352.94,"158,191.65"
1269,29/07/2021,MSN,"124,500","124,500","127,700","128,000","123,000","126,523","3,200",2.57,1.17,148.51,0.00,0.00,1.17,148.51,"150,754.28"
1270,28/07/2021,MSN,"125,500","125,000","124,500","125,400","124,000","124,801","-1,000",-0.80,0.84,104.82,0.00,0.00,0.84,104.82,"146,976.57"
1271,27/07/2021,MSN,"121,100","120,500","125,500","126,500","120,500","125,014","4,400",3.63,1.93,241.57,0.30,37.63,2.23,279.20,"148,157.10"
1272,26/07/2021,MSN,"119,000","119,900","121,100","121,500","117,700","118,838","2,100",1.76,1.26,149.39,0.10,11.07,1.36,160.46,"142,962.75"
1273,23/07/2021,MSN,"122,900","121,100","119,000","122,200","119,000","120,198","-3,900",-3.17,1.65,198.01,0.00,0.00,1.65,198.01,"140,483.63"
1274,22/07/2021,MSN,"122,000","122,000","122,900","123,000","120,000","121,984",900,0.74,1.10,134.02,0.00,0.00,1.10,134.02,"145,087.71"
1275,21/07/2021,MSN,"123,000","123,000","122,000","124,200","122,000","122,892","-1,000",-0.81,1.39,171.23,0.58,71.16,1.97,242.38,"144,025.23"
1276,20/07/2021,MSN,"119,400","119,500","123,000","123,000","117,600","120,664","3,600",3.02,1.78,214.76,0.00,0.00,1.78,214.76,"145,205.77"
1277,19/07/2021,MSN,"120,500","118,500","119,400","125,000","118,500","121,800","-1,100",-0.91,1.43,174.33,0.00,0.00,1.43,174.33,"140,955.84"
1278,16/07/2021,MSN,"115,000","115,500","120,500","121,000","114,800","119,185","5,500",4.78,1.98,235.61,0.11,12.79,2.08,248.39,"142,254.43"
1279,15/07/2021,MSN,"116,200","114,000","115,000","117,900","113,500","115,122","-1,200",-1.03,1.05,121.40,0.00,0.00,1.05,121.40,"135,761.49"
1280,14/07/2021,MSN,"115,000","115,000","116,200","116,900","111,200","115,083","1,200",1.04,1.43,164.94,0.00,0.00,1.43,164.94,"137,178.13"
1281,13/07/2021,MSN,"119,900","119,900","115,000","119,900","113,200","116,155","-4,900",-4.09,1.52,176.78,0.10,11.21,1.62,187.98,"135,761.49"
1282,12/07/2021,MSN,"116,900","118,000","119,900","119,900","109,500","116,301","3,000",2.57,2.10,244.47,2.50,293.01,4.61,537.48,"141,546.11"
1283,09/07/2021,MSN,"119,800","118,000","116,900","122,500","115,000","119,958","-2,900",-2.42,2.14,256.60,0.00,0.00,2.14,256.60,"138,004.51"
1284,08/07/2021,MSN,"116,000","115,000","119,800","120,000","114,000","117,831","3,800",3.28,2.50,294.87,0.00,0.00,2.50,294.87,"141,428.06"
1285,07/07/2021,MSN,"109,000","109,000","116,000","116,000","106,100","111,673","7,000",6.42,2.47,275.82,0.00,0.00,2.47,275.82,"136,942.02"
1286,06/07/2021,MSN,"111,600","110,000","109,000","112,000","108,000","110,634","-2,600",-2.33,1.56,173.12,0.00,0.00,1.56,173.12,"128,678.28"
1287,05/07/2021,MSN,"113,900","112,800","111,600","113,300","106,000","111,004","-2,300",-2.02,2.22,246.32,0.10,10.60,2.32,256.92,"131,747.67"
1288,02/07/2021,MSN,"113,500","114,000","113,900","114,400","113,200","113,770",400,0.35,1.29,147.26,0.00,0.00,1.29,147.26,"134,462.90"
1289,01/07/2021,MSN,"110,500","111,400","113,500","114,000","110,100","113,053","3,000",2.71,1.71,192.91,0.00,0.00,1.71,192.91,"133,990.69"
1290,30/06/2021,MSN,"108,500","109,000","111,400","112,500","109,000","111,112","2,900",2.67,2.25,250.20,0.00,0.00,2.25,250.20,"131,511.56"
1291,29/06/2021,MSN,"108,900","109,500","108,500","109,900","107,600","108,855",-400,-0.37,0.99,107.78,0.00,0.00,0.99,107.78,"128,088.01"
1292,28/06/2021,MSN,"106,400","107,000","108,900","109,900","106,700","108,329","2,500",2.35,1.49,161.41,0.10,10.85,1.59,172.26,"128,560.23"
1293,25/06/2021,MSN,"106,500","106,300","106,400","107,000","105,000","106,083",-100,-0.09,0.78,82.70,0.00,0.00,0.78,82.70,"125,608.89"
1294,24/06/2021,MSN,"106,800","106,500","106,500","107,900","105,600","106,281",-300,-0.28,0.77,81.47,0.00,0.00,0.77,81.47,"125,726.94"
1295,23/06/2021,MSN,"108,500","108,000","106,800","108,600","106,500","107,563","-1,700",-1.57,0.74,80.06,0.02,2.02,0.76,82.08,"126,081.11"
1296,22/06/2021,MSN,"108,700","109,100","108,500","110,000","107,400","109,041",-200,-0.18,1.23,134.10,0.00,0.00,1.23,134.10,"128,088.01"
1297,21/06/2021,MSN,"106,500","106,500","108,700","110,000","105,000","107,217","2,200",2.07,1.79,192.27,1.02,108.39,2.81,300.66,"128,324.12"
1298,18/06/2021,MSN,"103,000","105,400","106,500","107,000","103,000","104,939","3,500",3.40,1.51,158.54,0.02,2.10,1.53,160.64,"125,726.94"
1299,17/06/2021,MSN,"104,200","103,000","103,000","106,000","103,000","103,795","-1,200",-1.15,1.38,142.59,0.00,0.00,1.38,142.59,"121,595.07"
1300,16/06/2021,MSN,"106,500","106,000","104,200","107,000","104,000","105,851","-2,300",-2.16,1.03,109.19,0.00,0.00,1.03,109.19,"123,011.71"
1301,15/06/2021,MSN,"106,900","107,000","106,500","107,900","106,200","107,100",-400,-0.37,0.99,106.49,0.00,0.00,0.99,106.49,"125,726.94"
1302,14/06/2021,MSN,"106,000","107,000","106,900","108,000","105,000","106,920",900,0.85,1.49,159.16,0.02,1.97,1.51,161.13,"126,199.16"
1303,11/06/2021,MSN,"103,100","103,100","106,000","106,100","103,000","104,172","2,900",2.81,1.79,186.58,0.00,0.00,1.79,186.58,"125,136.68"
1304,10/06/2021,MSN,"104,500","104,000","103,100","104,900","103,000","103,609","-1,400",-1.34,0.88,90.82,0.00,0.00,0.88,90.82,"121,713.13"
1305,09/06/2021,MSN,"104,000","103,000","104,500","105,000","103,000","103,961",500,0.48,1.07,111.24,0.18,19.52,1.25,130.76,"123,365.88"
1306,08/06/2021,MSN,"104,500","104,600","104,000","106,700","104,000","105,468",-500,-0.48,1.59,167.64,0.00,0.00,1.59,167.64,"122,167.06"
1307,07/06/2021,MSN,"107,300","107,000","104,500","107,300","104,000","105,332","-2,800",-2.61,0.91,95.39,0.00,0.00,0.91,95.39,"122,754.40"
1308,04/06/2021,MSN,"105,000","104,500","107,300","107,300","103,000","104,004","2,300",2.19,1.56,162.30,0.33,36.50,1.89,198.80,"126,043.51"
1309,03/06/2021,MSN,"105,700","105,600","105,000","105,700","103,000","103,896",-700,-0.66,2.62,272.70,0.00,0.00,2.62,272.70,"123,341.74"
1310,02/06/2021,MSN,"107,000","108,200","105,700","108,500","105,500","106,843","-1,300",-1.21,1.87,199.56,0.00,0.00,1.87,199.56,"124,164.02"
1311,01/06/2021,MSN,"110,100","110,000","107,000","110,000","104,700","106,474","-3,100",-2.82,2.43,258.33,0.00,0.00,2.43,258.33,"125,691.11"
1312,31/05/2021,MSN,"112,500","112,000","110,100","112,200","109,500","110,297","-2,400",-2.13,1.01,111.59,0.00,0.00,1.01,111.59,"129,332.63"
1313,28/05/2021,MSN,"110,000","110,000","112,500","112,500","108,600","109,825","2,500",2.27,2.05,224.68,0.00,0.00,2.05,224.68,"132,151.87"
1314,27/05/2021,MSN,"113,600","113,600","110,000","113,800","105,700","111,958","-3,600",-3.17,1.64,183.86,0.25,30.25,1.89,214.11,"129,215.16"
1315,26/05/2021,MSN,"113,600","114,000","113,600","114,000","112,000","112,899",0,0.00,1.46,164.75,0.00,0.00,1.46,164.75,"133,444.02"
1316,25/05/2021,MSN,"112,000","111,500","113,600","115,500","111,000","113,291","1,600",1.43,1.73,196.45,0.95,106.42,2.69,302.86,"133,444.02"
1317,24/05/2021,MSN,"111,900","111,900","112,000","113,600","111,000","111,892",100,0.09,2.15,240.89,0.25,26.25,2.40,267.14,"131,564.52"
1318,21/05/2021,MSN,"113,600","112,500","111,900","113,800","111,600","112,396","-1,700",-1.50,2.58,290.48,0.00,0.00,2.58,290.48,"131,447.06"
1319,20/05/2021,MSN,"108,000","109,000","113,600","114,000","107,900","110,739","5,600",5.19,2.83,313.01,0.00,0.00,2.83,313.01,"133,444.02"
1320,19/05/2021,MSN,"105,100","106,000","108,000","109,000","105,100","107,527","2,900",2.76,2.09,225.19,0.00,0.00,2.09,225.19,"126,865.79"
1321,18/05/2021,MSN,"104,200","106,000","105,100","110,000","104,800","107,357",900,0.86,2.95,316.98,0.15,16.03,3.10,333.01,"123,459.21"
1322,17/05/2021,MSN,"108,100","109,000","104,200","109,500","104,200","106,668","-3,900",-3.61,2.37,252.29,0.00,0.00,2.37,252.29,"122,401.99"
1323,14/05/2021,MSN,"103,000","103,800","108,100","110,000","103,800","108,020","5,100",4.95,3.61,389.93,0.20,21.78,3.81,411.71,"126,983.26"
1324,13/05/2021,MSN,"104,000","103,700","103,000","104,800","102,800","103,726","-1,000",-0.96,2.42,251.44,0.02,2.26,2.45,253.70,"120,992.37"
1325,12/05/2021,MSN,"101,500","101,500","104,000","105,000","101,500","103,381","2,500",2.46,2.45,253.78,0.00,0.00,2.45,253.78,"122,167.06"
1326,11/05/2021,MSN,"101,600","104,000","101,500","105,800","101,500","104,509",-100,-0.10,3.40,354.91,0.00,0.00,3.40,354.91,"119,230.35"
1327,10/05/2021,MSN,"95,000","97,400","101,600","101,600","96,500","99,145","6,600",6.95,3.91,387.65,0.03,2.65,3.94,390.30,"119,347.82"
1328,07/05/2021,MSN,"95,600","95,100","95,000","96,600","94,300","95,295",-600,-0.63,2.57,244.59,0.03,2.88,2.60,247.47,"111,594.91"
1329,06/05/2021,MSN,"96,000","96,000","95,600","97,600","95,600","96,477",-400,-0.42,1.53,147.51,0.00,0.00,1.53,147.51,"112,299.72"
1330,05/05/2021,MSN,"95,900","95,900","96,000","98,900","95,800","96,750",100,0.10,1.79,173.06,0.18,17.60,1.97,190.65,"112,769.59"
1331,04/05/2021,MSN,"98,000","98,000","95,900","98,000","95,100","96,409","-2,100",-2.14,2.32,223.95,0.00,0.00,2.32,223.95,"112,652.12"
1332,29/04/2021,MSN,"99,000","99,200","98,000","99,400","97,000","98,265","-1,000",-1.01,1.80,177.23,0.00,0.00,1.80,177.23,"115,118.96"
1333,28/04/2021,MSN,"98,000","98,000","99,000","99,800","97,500","98,596","1,000",1.02,1.83,180.51,0.03,2.90,1.86,183.41,"116,293.64"
1334,27/04/2021,MSN,"95,000","95,000","98,000","98,600","93,600","96,347","3,000",3.16,2.38,229.59,0.00,0.00,2.38,229.59,"115,118.96"
1335,26/04/2021,MSN,"100,000","101,500","95,000","101,700","95,000","98,127","-5,000",-5.00,3.74,367.43,1.46,146.00,5.20,513.42,"111,594.91"
1336,23/04/2021,MSN,"98,200","98,200","100,000","101,500","96,000","97,760","1,800",1.83,5.01,489.83,0.00,0.00,5.01,489.83,"117,468.32"
1337,22/04/2021,MSN,"105,500","104,000","98,200","107,400","98,200","102,654","-7,300",-6.92,3.47,356.66,0.20,21.10,3.67,377.76,"115,353.89"
1338,20/04/2021,MSN,"107,100","107,100","105,500","111,500","104,100","108,180","-1,600",-1.49,4.29,464.16,0.00,0.00,4.29,464.16,"123,929.08"
1339,19/04/2021,MSN,"100,100","101,500","107,100","107,100","99,400","104,451","7,000",6.99,6.46,674.85,0.20,20.89,6.66,695.74,"125,808.58"
1340,16/04/2021,MSN,"100,000","99,800","100,100","101,500","95,200","99,204",100,0.10,3.08,305.32,0.02,2.00,3.10,307.32,"117,585.79"
1341,15/04/2021,MSN,"100,700","103,500","100,000","105,000","100,000","103,378",-700,-0.70,2.90,300.15,0.00,0.00,2.90,300.15,"117,468.32"
1342,14/04/2021,MSN,"94,200","94,600","100,700","100,700","93,700","98,264","6,500",6.90,6.64,652.20,0.00,0.00,6.64,652.20,"118,290.60"
1343,13/04/2021,MSN,"91,900","92,600","94,200","96,000","92,000","94,460","2,300",2.50,4.86,459.46,7.07,650.21,11.93,"1,109.67","110,655.16"
1344,12/04/2021,MSN,"92,100","92,100","91,900","92,500","91,400","91,852",-200,-0.22,1.54,141.10,1.16,106.34,2.69,247.44,"107,953.39"
1345,09/04/2021,MSN,"93,000","92,800","92,100","92,800","91,600","92,311",-900,-0.97,1.06,98.06,0.00,0.00,1.06,98.06,"108,188.33"
1346,08/04/2021,MSN,"93,800","94,500","93,000","94,500","92,400","93,177",-800,-0.85,1.21,112.35,0.06,5.56,1.26,117.91,"109,245.54"
1347,07/04/2021,MSN,"91,900","91,900","93,800","94,300","90,800","92,624","1,900",2.07,1.96,181.28,1.36,125.71,3.32,306.99,"110,185.29"
1348,06/04/2021,MSN,"93,000","93,000","91,900","93,200","91,300","92,235","-1,100",-1.18,1.81,166.76,0.24,21.90,2.05,188.66,"107,953.39"
1349,05/04/2021,MSN,"92,700","95,000","93,000","95,100","92,800","94,136",300,0.32,2.57,242.09,0.23,21.01,2.80,263.10,"109,245.54"
1350,02/04/2021,MSN,"92,300","93,000","92,700","93,300","92,300","92,703",400,0.43,2.16,199.80,1.15,106.38,3.30,306.19,"108,893.14"
1351,01/04/2021,MSN,"92,500","92,900","92,300","93,000","92,100","92,695",-200,-0.22,2.04,188.86,0.00,0.00,2.04,188.86,"108,423.26"
1352,31/03/2021,MSN,"88,500","88,500","92,500","93,000","88,500","91,612","4,000",4.52,3.15,288.16,0.32,27.88,3.46,316.03,"108,658.20"
1353,30/03/2021,MSN,"86,100","85,600","88,500","89,500","85,400","87,614","2,400",2.79,1.44,126.48,2.10,180.43,3.54,306.91,"103,959.47"
1354,29/03/2021,MSN,"85,900","85,500","86,100","86,500","85,000","85,749",200,0.23,0.92,78.79,0.92,79.12,1.84,157.91,"101,140.23"
1355,26/03/2021,MSN,"86,000","85,500","85,900","86,000","83,700","84,792",-100,-0.12,0.91,77.40,0.47,39.99,1.38,117.39,"100,905.29"
1356,25/03/2021,MSN,"85,100","85,500","86,000","86,000","84,000","85,042",900,1.06,1.08,91.54,3.89,330.97,4.97,422.51,"101,022.76"
1357,24/03/2021,MSN,"86,500","85,200","85,100","86,500","85,000","85,445","-1,400",-1.62,0.87,74.26,0.13,11.03,1.00,85.29,"99,965.54"
1358,23/03/2021,MSN,"88,100","88,100","86,500","88,200","86,000","86,935","-1,600",-1.82,1.02,88.93,2.68,237.89,3.70,326.82,"101,610.10"
1359,22/03/2021,MSN,"88,700","88,700","88,100","88,800","87,500","88,232",-600,-0.68,0.72,63.82,1.48,131.68,2.21,195.49,"103,489.59"
1360,19/03/2021,MSN,"89,700","89,000","88,700","89,400","86,500","88,344","-1,000",-1.11,1.15,101.49,0.11,9.50,1.26,110.99,"104,194.40"
1361,18/03/2021,MSN,"88,000","87,900","89,700","89,900","87,700","88,921","1,700",1.93,1.22,108.71,0.02,1.88,1.24,110.59,"105,369.09"
1362,17/03/2021,MSN,"88,000","87,600","88,000","88,100","87,000","87,635",0,0.00,0.58,50.51,0.00,0.00,0.58,50.51,"103,372.13"
1363,16/03/2021,MSN,"88,500","88,800","88,000","88,800","87,200","87,935",-500,-0.56,0.54,47.06,0.43,38.06,0.97,85.12,"103,372.13"
1364,15/03/2021,MSN,"87,300","88,000","88,500","89,200","87,300","88,279","1,200",1.37,1.19,104.92,0.00,0.00,1.19,104.92,"103,959.47"
1365,12/03/2021,MSN,"87,300","88,000","87,300","88,100","87,200","87,550",0,0.00,0.87,76.35,0.10,8.12,0.97,84.47,"102,549.85"
1366,11/03/2021,MSN,"87,000","87,800","87,300","88,400","86,900","87,613",300,0.34,0.88,76.92,0.00,0.00,0.88,76.92,"102,549.85"
1367,10/03/2021,MSN,"86,700","86,700","87,000","87,000","85,300","86,150",300,0.35,0.82,70.42,0.00,0.00,0.82,70.42,"102,197.44"
1368,09/03/2021,MSN,"87,400","87,700","86,700","87,700","81,300","85,829",-700,-0.80,1.17,100.14,0.09,7.69,1.25,107.83,"101,845.04"
1369,08/03/2021,MSN,"89,200","90,400","87,400","90,400","87,000","88,186","-1,800",-2.02,1.61,142.22,0.00,0.00,1.61,142.22,"102,667.32"
1370,05/03/2021,MSN,"88,400","88,000","89,200","90,000","87,500","88,462",800,0.90,1.14,100.95,1.13,101.98,2.27,202.94,"104,781.75"
1371,04/03/2021,MSN,"90,500","91,000","88,400","91,000","87,500","88,911","-2,100",-2.32,1.65,146.49,0.07,6.80,1.72,153.29,"103,842.00"
1372,03/03/2021,MSN,"90,900","90,900","90,500","91,000","90,000","90,374",-400,-0.44,0.80,72.59,0.00,0.00,0.80,72.59,"106,308.83"
1373,02/03/2021,MSN,"91,300","92,800","90,900","92,800","90,000","91,058",-400,-0.44,1.03,93.57,0.69,62.30,1.72,155.87,"106,778.71"
1374,01/03/2021,MSN,"90,300","90,400","91,300","91,900","90,300","91,042","1,000",1.11,0.86,78.22,0.00,0.00,0.86,78.22,"107,248.58"
1375,26/02/2021,MSN,"89,600","88,600","90,300","90,400","88,500","88,929",700,0.78,1.49,132.09,0.39,34.83,1.88,166.92,"106,073.90"
1376,25/02/2021,MSN,"91,000","91,800","89,600","91,800","89,400","90,442","-1,400",-1.54,1.57,142.14,0.00,0.00,1.57,142.14,"105,251.62"
1377,24/02/2021,MSN,"92,700","94,000","91,000","94,000","90,500","91,827","-1,700",-1.83,1.48,135.73,0.00,0.00,1.48,135.73,"106,896.18"
1378,23/02/2021,MSN,"94,600","94,500","92,700","94,500","92,500","93,197","-1,900",-2.01,1.59,148.45,1.07,103.89,2.66,252.34,"108,893.14"
1379,22/02/2021,MSN,"94,900","94,900","94,600","95,100","93,800","94,525",-300,-0.32,1.19,112.13,0.00,0.00,1.19,112.13,"111,125.04"
1380,19/02/2021,MSN,"95,100","93,600","94,900","95,500","93,600","94,855",-200,-0.21,1.42,134.63,0.00,0.00,1.42,134.63,"111,477.44"
1381,18/02/2021,MSN,"92,000","92,000","95,100","96,000","91,000","93,944","3,100",3.37,2.21,207.35,2.59,238.43,4.80,445.78,"111,712.38"
1382,17/02/2021,MSN,"88,700","89,800","92,000","92,000","88,800","90,756","3,300",3.72,1.14,103.73,1.13,100.23,2.27,203.96,"108,070.86"
1383,09/02/2021,MSN,"85,600","86,000","88,700","89,600","85,100","87,529","3,100",3.62,1.45,126.76,0.34,29.37,1.78,156.13,"104,194.40"
1384,08/02/2021,MSN,"89,600","89,600","85,600","89,900","84,000","86,409","-4,000",-4.46,2.26,195.35,0.10,8.63,2.36,203.98,"100,552.89"
1385,05/02/2021,MSN,"89,500","89,500","89,600","90,000","89,100","89,622",100,0.11,1.21,108.40,0.08,6.93,1.29,115.33,"105,251.62"
1386,04/02/2021,MSN,"88,900","88,000","89,500","90,500","87,500","89,040",600,0.67,1.42,126.01,0.23,20.12,1.64,146.13,"105,134.15"
1387,03/02/2021,MSN,"84,000","85,500","88,900","89,000","85,500","87,036","4,900",5.83,1.54,133.97,4.94,442.64,6.48,576.61,"104,429.34"
1388,02/02/2021,MSN,"82,000","82,000","84,000","85,000","80,000","82,581","2,000",2.44,1.93,159.18,0.39,32.80,2.32,191.97,"98,673.39"
1389,01/02/2021,MSN,"85,500","85,900","82,000","88,300","81,000","85,581","-3,500",-4.09,1.79,153.38,0.02,1.82,1.81,155.20,"96,324.03"
1390,29/01/2021,MSN,"85,300","80,500","85,500","91,000","80,500","85,608",200,0.23,2.84,243.00,0.00,0.00,2.84,243.00,"100,435.42"
1391,28/01/2021,MSN,"91,700","85,300","85,300","89,400","85,300","85,934","-6,400",-6.98,3.82,327.99,0.49,41.49,4.30,369.48,"100,200.48"
1392,27/01/2021,MSN,"95,500","94,500","91,700","94,800","90,200","92,363","-3,800",-3.98,2.24,207.23,0.00,0.00,2.24,207.23,"107,718.45"
1393,26/01/2021,MSN,"97,000","98,200","95,500","98,200","91,300","95,867","-1,500",-1.55,2.48,237.29,0.00,0.00,2.48,237.29,"112,182.25"
1394,25/01/2021,MSN,"93,300","95,000","97,000","98,000","94,000","96,287","3,700",3.97,3.87,372.62,0.00,0.00,3.87,372.62,"113,944.27"
1395,22/01/2021,MSN,"91,500","92,000","93,300","95,200","91,000","92,746","1,800",1.97,3.06,283.83,0.00,0.00,3.06,283.83,"109,597.95"
1396,21/01/2021,MSN,"90,900","91,500","91,500","92,100","89,400","90,969",600,0.66,2.18,198.39,2.38,216.31,4.56,414.71,"107,483.52"
1397,20/01/2021,MSN,"90,900","91,500","90,900","91,800","86,000","89,838",0,0.00,2.31,207.96,0.08,7.78,2.39,215.73,"106,778.71"
1398,19/01/2021,MSN,"95,100","95,800","90,900","95,800","88,500","91,387","-4,200",-4.42,2.42,220.85,0.78,74.37,3.20,295.22,"106,778.71"
1399,18/01/2021,MSN,"93,000","95,000","95,100","98,100","94,900","96,194","2,100",2.26,3.74,359.83,0.00,0.00,3.74,359.83,"111,712.38"
1400,15/01/2021,MSN,"92,300","93,000","93,000","93,400","92,500","92,933",700,0.76,2.14,199.33,19.66,"1,690.06",21.80,"1,889.39","109,245.54"
1401,14/01/2021,MSN,"93,300","93,200","92,300","93,300","91,700","92,415","-1,000",-1.07,1.45,133.76,0.00,0.00,1.45,133.76,"108,423.26"
1402,13/01/2021,MSN,"94,000","94,200","93,300","94,300","92,700","93,530",-700,-0.74,2.55,238.84,7.71,711.77,10.26,950.60,"109,597.95"
1403,12/01/2021,MSN,"94,100","94,100","94,000","94,300","93,100","93,906",-100,-0.11,1.83,171.93,0.00,0.00,1.83,171.93,"110,420.23"
1404,11/01/2021,MSN,"93,100","93,200","94,100","95,500","93,200","94,313","1,000",1.07,2.55,240.87,0.00,0.00,2.55,240.87,"110,537.69"
1405,08/01/2021,MSN,"92,000","93,000","93,100","94,400","92,000","93,198","1,100",1.20,2.64,246.01,0.00,0.00,2.64,246.01,"109,363.01"
1406,07/01/2021,MSN,"88,300","88,300","92,000","92,500","88,300","90,677","3,700",4.19,3.03,274.61,0.28,24.94,3.31,299.56,"108,070.86"
1407,06/01/2021,MSN,"89,300","89,300","88,300","91,000","88,000","89,405","-1,000",-1.12,2.34,209.60,0.00,0.00,2.34,209.60,"103,724.53"
1408,05/01/2021,MSN,"88,900","89,000","89,300","90,000","88,100","88,823",400,0.45,1.27,113.23,0.10,8.27,1.37,121.50,"104,899.21"
1409,04/01/2021,MSN,"88,900","91,000","88,900","91,000","88,900","90,583",0,0.00,1.92,173.53,0.00,0.00,1.92,173.53,"104,429.34"
1410,31/12/2020,MSN,"83,500","83,000","88,900","89,100","83,000","86,815","5,400",6.47,3.81,330.43,0.25,21.37,4.06,351.80,"104,429.34"
1420,17/12/2020,MSN,"83,500","83,500","84,000","84,300","82,800","83,530",500,0.60,1.18,98.54,0.00,0.00,1.18,98.54,"98,673.39"
1411,30/12/2020,MSN,"83,200","83,900","83,500","84,200","82,600","83,778",300,0.36,0.96,80.40,0.00,0.00,0.96,80.40,"98,086.05"
1412,29/12/2020,MSN,"82,400","84,000","83,200","84,000","83,000","83,407",800,0.97,1.44,120.12,0.10,8.33,1.54,128.45,"97,733.65"
1413,28/12/2020,MSN,"82,500","83,000","82,400","83,200","82,100","82,554",-100,-0.12,0.55,45.67,3.65,300.75,4.20,346.41,"96,793.90"
1414,25/12/2020,MSN,"82,700","83,000","82,500","83,100","82,400","82,806",-200,-0.24,0.60,49.57,3.80,314.48,4.40,364.04,"96,911.37"
1415,24/12/2020,MSN,"82,800","82,800","82,700","83,000","81,800","82,428",-100,-0.12,0.64,52.66,0.00,0.00,0.64,52.66,"97,146.30"
1416,23/12/2020,MSN,"82,800","82,700","82,800","84,300","82,600","83,548",0,0.00,0.91,76.04,0.00,0.00,0.91,76.04,"97,263.77"
1417,22/12/2020,MSN,"83,800","83,800","82,800","84,000","82,500","83,030","-1,000",-1.19,0.81,66.86,0.07,5.90,0.88,72.76,"97,263.77"
1418,21/12/2020,MSN,"84,100","85,000","83,800","85,000","83,400","83,913",-300,-0.36,0.83,69.40,0.00,0.00,0.83,69.40,"98,438.46"
1419,18/12/2020,MSN,"84,000","83,700","84,100","84,300","83,700","84,031",100,0.12,1.42,119.11,0.18,15.46,1.60,134.57,"98,790.86"
1421,16/12/2020,MSN,"84,500","84,000","84,500","84,600","83,900","84,397",0,0.00,0.65,54.74,0.00,0.00,0.65,54.74,"99,260.73"
1422,15/12/2020,MSN,"84,500","84,500","84,500","84,800","83,900","84,294",0,0.00,0.94,78.82,0.19,15.60,1.12,94.42,"99,260.73"
1423,14/12/2020,MSN,"84,500","84,700","84,500","85,100","83,900","84,405",0,0.00,1.08,91.10,1.77,149.73,2.85,240.84,"99,260.73"
1424,11/12/2020,MSN,"83,900","83,900","84,500","84,600","83,200","84,002",600,0.72,0.79,66.45,1.10,92.16,1.89,158.61,"99,260.73"
1425,10/12/2020,MSN,"85,400","85,400","83,900","85,400","83,600","84,538","-1,500",-1.76,1.43,121.14,0.00,0.00,1.43,121.14,"98,555.92"
1426,09/12/2020,MSN,"85,500","85,500","85,400","85,700","85,000","85,255",-100,-0.12,0.84,71.69,0.00,0.00,0.84,71.69,"100,317.95"
1427,08/12/2020,MSN,"86,000","86,100","85,500","86,400","85,300","85,778",-500,-0.58,0.86,73.42,0.00,0.00,0.86,73.42,"100,435.42"
1428,07/12/2020,MSN,"86,000","86,500","86,000","87,100","85,500","86,136",0,0.00,0.83,71.08,0.00,0.00,0.83,71.08,"101,022.76"
1429,04/12/2020,MSN,"83,400","84,000","86,000","87,500","83,500","85,512","2,600",3.12,1.98,169.15,0.00,0.00,1.98,169.15,"101,022.76"
1430,03/12/2020,MSN,"83,200","83,300","83,400","84,000","82,500","83,301",200,0.24,0.54,45.16,0.00,0.00,0.54,45.16,"97,968.58"
1431,02/12/2020,MSN,"83,000","83,000","83,200","84,000","82,000","83,285",200,0.24,0.74,61.73,0.00,0.00,0.74,61.73,"97,733.65"
1432,01/12/2020,MSN,"82,000","80,500","83,000","83,000","80,500","81,996","1,000",1.22,1.05,86.23,0.00,0.00,1.05,86.23,"97,498.71"
1433,30/11/2020,MSN,"83,700","82,100","82,000","83,500","81,700","82,065","-1,700",-2.03,0.96,79.17,0.00,0.00,0.96,79.17,"96,324.03"
1434,27/11/2020,MSN,"83,700","83,700","83,700","83,700","82,800","83,339",0,0.00,0.42,35.05,0.60,50.22,1.02,85.27,"98,320.99"
1435,26/11/2020,MSN,"82,300","81,700","83,700","83,900","81,600","82,462","1,400",1.70,0.51,42.11,1.02,86.70,1.53,128.81,"98,320.99"
1436,25/11/2020,MSN,"82,000","82,000","82,300","83,000","82,000","82,469",300,0.37,0.69,56.63,1.12,92.38,1.81,149.01,"96,676.43"
1437,24/11/2020,MSN,"83,100","83,100","82,000","83,100","80,000","82,040","-1,100",-1.32,0.68,55.75,0.00,0.00,0.68,55.75,"96,324.03"
1438,23/11/2020,MSN,"82,000","82,000","83,100","83,400","82,000","82,643","1,100",1.34,0.87,72.01,0.00,0.00,0.87,72.01,"97,616.18"
1439,20/11/2020,MSN,"82,000","81,700","82,000","83,900","81,100","81,862",0,0.00,1.17,95.52,0.00,0.00,1.17,95.52,"96,324.03"
1440,19/11/2020,MSN,"82,900","83,000","82,000","83,400","81,000","81,879",-900,-1.09,1.21,98.70,0.00,0.00,1.21,98.70,"96,324.03"
1441,18/11/2020,MSN,"85,000","85,100","82,900","85,100","82,700","83,337","-2,100",-2.47,0.99,82.13,0.00,0.00,0.99,82.13,"97,381.24"
1442,17/11/2020,MSN,"83,900","84,000","85,000","85,900","83,800","84,399","1,100",1.31,0.81,68.68,0.00,0.00,0.81,68.68,"99,848.08"
1443,16/11/2020,MSN,"90,100","89,500","83,900","90,100","83,900","85,964","-6,200",-6.88,2.45,211.04,1.55,139.66,4.00,350.69,"98,555.92"
1444,13/11/2020,MSN,"93,100","92,700","90,100","92,700","89,900","90,594","-3,000",-3.22,1.09,99.15,0.00,0.00,1.09,99.15,"105,838.96"
1445,12/11/2020,MSN,"95,400","95,500","93,100","95,500","93,100","94,096","-2,300",-2.41,0.48,45.55,0.00,0.00,0.48,45.55,"109,363.01"
1446,11/11/2020,MSN,"95,400","93,700","95,400","95,400","92,000","94,635",0,0.00,2.03,191.68,0.00,0.00,2.03,191.68,"112,064.78"
1447,10/11/2020,MSN,"95,600","96,000","95,400","98,000","94,900","95,435",-200,-0.21,3.49,333.04,0.00,0.00,3.49,333.04,"112,064.78"
1448,09/11/2020,MSN,"89,900","90,000","95,600","95,600","89,800","92,575","5,700",6.34,2.47,228.66,0.00,0.00,2.47,228.66,"112,299.72"
1449,06/11/2020,MSN,"87,900","87,800","89,900","89,900","87,000","88,958","2,000",2.28,1.22,108.38,0.36,30.24,1.58,138.62,"105,604.02"
1450,05/11/2020,MSN,"84,200","84,500","87,900","87,900","83,800","86,682","3,700",4.39,1.79,155.59,0.00,0.00,1.79,155.59,"103,254.66"
1451,04/11/2020,MSN,"84,000","84,000","84,200","84,700","83,100","84,270",200,0.24,2.01,169.27,2.25,189.00,4.26,358.27,"98,908.33"
1452,03/11/2020,MSN,"84,500","84,000","84,000","84,300","83,200","83,879",-500,-0.59,3.18,266.59,0.36,30.24,3.54,296.83,"98,673.39"
1453,02/11/2020,MSN,"84,000","84,000","84,500","84,500","82,300","84,099",500,0.60,3.85,323.44,0.00,0.00,3.85,323.44,"99,260.73"
1454,30/10/2020,MSN,"84,000","82,200","84,000","84,000","79,500","82,372",0,0.00,4.06,334.44,0.00,0.00,4.06,334.44,"98,673.39"
1455,29/10/2020,MSN,"86,000","83,000","84,000","85,000","80,000","83,255","-2,000",-2.33,6.71,558.46,0.00,0.00,6.71,558.46,"98,673.39"
1456,28/10/2020,MSN,"87,900","87,800","86,000","87,800","84,200","86,734","-1,900",-2.16,4.63,401.75,0.03,2.60,4.66,404.35,"101,022.76"
1457,27/10/2020,MSN,"87,900","88,000","87,900","89,000","85,000","87,434",0,0.00,4.04,353.49,0.00,0.00,4.04,353.49,"103,254.66"
1458,26/10/2020,MSN,"86,000","84,700","87,900","87,900","84,700","87,224","1,900",2.21,4.67,407.03,0.00,0.00,4.67,407.03,"103,254.66"
1459,23/10/2020,MSN,"85,000","85,100","86,000","86,100","84,500","85,849","1,000",1.18,3.42,293.59,0.11,9.67,3.53,303.27,"101,022.76"
1460,22/10/2020,MSN,"83,700","82,800","85,000","85,000","82,500","84,512","1,300",1.55,5.13,433.60,0.00,0.00,5.13,433.60,"99,848.08"
1461,21/10/2020,MSN,"83,700","83,000","83,700","84,900","82,000","84,280",0,0.00,1.76,148.03,2.19,183.30,3.95,331.34,"98,320.99"
1462,20/10/2020,MSN,"82,000","81,800","83,700","83,700","80,000","82,961","1,700",2.07,4.88,404.46,0.14,11.63,5.02,416.09,"98,320.99"
1463,19/10/2020,MSN,"80,000","76,200","82,000","82,000","76,200","79,976","2,000",2.50,3.07,245.76,0.00,0.00,3.07,245.76,"96,324.03"
1464,16/10/2020,MSN,"81,100","81,000","80,000","81,000","75,500","79,183","-1,100",-1.36,6.54,517.79,0.00,0.00,6.54,517.79,"93,974.66"
1465,15/10/2020,MSN,"80,000","80,000","81,100","82,900","78,300","81,269","1,100",1.38,5.70,463.08,1.40,104.45,7.10,567.53,"95,266.81"
1466,14/10/2020,MSN,"74,800","74,700","80,000","80,000","73,100","76,451","5,200",6.95,5.07,387.37,0.03,1.75,5.09,389.12,"93,974.66"
1467,13/10/2020,MSN,"70,200","70,000","74,800","75,100","68,000","71,798","4,600",6.55,4.66,334.88,0.00,0.00,4.66,334.88,"87,866.31"
1468,12/10/2020,MSN,"68,100","68,000","70,200","70,200","66,500","68,616","2,100",3.08,5.82,399.26,1.42,102.28,7.24,501.54,"82,462.76"
1469,09/10/2020,MSN,"63,900","63,500","68,100","68,200","62,200","65,604","4,200",6.57,5.34,350.30,0.10,5.76,5.43,356.06,"79,995.93"
1470,08/10/2020,MSN,"61,900","61,500","63,900","63,900","60,600","62,549","2,000",3.23,4.85,303.14,0.00,0.00,4.85,303.14,"75,062.26"
1471,07/10/2020,MSN,"58,000","58,000","61,900","62,000","57,900","60,286","3,900",6.72,6.44,387.99,0.08,4.70,6.52,392.69,"72,712.89"
1472,06/10/2020,MSN,"56,000","56,400","58,000","58,300","56,300","57,416","2,000",3.57,4.40,252.67,0.67,38.54,5.07,291.20,"68,131.63"
1473,05/10/2020,MSN,"54,100","54,600","56,000","56,200","54,100","55,649","1,900",3.51,3.27,181.86,0.07,4.15,3.34,186.01,"65,782.26"
1474,02/10/2020,MSN,"54,900","54,900","54,100","55,000","53,800","54,513",-800,-1.46,1.48,80.85,0.00,0.00,1.48,80.85,"63,550.36"
1475,01/10/2020,MSN,"54,600","54,700","54,900","55,000","54,600","54,813",300,0.55,0.96,52.85,0.10,5.27,1.06,58.12,"64,490.11"
1476,30/09/2020,MSN,"53,600","53,600","54,600","54,600","53,600","53,973","1,000",1.87,0.84,45.54,5.32,285.20,6.16,330.74,"64,137.71"
1477,29/09/2020,MSN,"54,700","54,900","53,600","54,900","53,600","54,269","-1,100",-2.01,1.28,69.63,0.07,3.70,1.35,73.33,"62,963.02"
1478,28/09/2020,MSN,"54,700","54,700","54,700","55,100","54,500","54,710",0,0.00,0.62,34.10,0.64,35.01,1.26,69.11,"64,255.17"
1479,25/09/2020,MSN,"55,000","55,000","54,700","55,300","54,500","54,842",-300,-0.55,0.71,38.85,2.38,130.90,3.09,169.75,"64,255.17"
1480,24/09/2020,MSN,"55,400","55,100","55,000","55,700","55,000","55,254",-400,-0.72,0.88,48.68,0.17,9.44,1.05,58.12,"64,607.58"
1481,23/09/2020,MSN,"54,300","54,600","55,400","55,400","54,400","55,074","1,100",2.03,1.28,70.76,0.60,33.10,1.88,103.86,"65,077.45"
1482,22/09/2020,MSN,"54,500","54,500","54,300","54,600","54,100","54,346",-200,-0.37,0.76,41.32,0.00,0.00,0.76,41.32,"63,785.30"
1483,21/09/2020,MSN,"54,200","54,400","54,500","54,800","54,400","54,532",300,0.55,0.88,47.98,4.96,268.99,5.84,316.98,"64,020.24"
1484,18/09/2020,MSN,"54,000","54,000","54,200","54,600","54,000","54,237",200,0.37,1.12,60.87,0.00,0.00,1.12,60.87,"63,667.83"
1485,17/09/2020,MSN,"54,900","54,900","54,000","54,900","54,000","54,437",-900,-1.64,1.24,67.58,0.08,4.41,1.32,72.00,"63,432.90"
1486,16/09/2020,MSN,"55,400","55,400","54,900","55,400","54,600","54,955",-500,-0.90,0.91,49.95,0.65,35.89,1.56,85.83,"64,490.11"
1487,15/09/2020,MSN,"55,600","55,600","55,400","55,800","55,100","55,316",-200,-0.36,0.79,43.96,0.00,0.00,0.79,43.96,"65,077.45"
1488,14/09/2020,MSN,"55,000","55,000","55,600","55,800","55,000","55,472",600,1.09,0.94,52.40,0.00,0.00,0.94,52.40,"65,312.39"
1489,11/09/2020,MSN,"54,800","54,600","55,000","55,000","54,300","54,691",200,0.36,0.54,29.52,0.00,0.00,0.54,29.52,"64,607.58"
1490,10/09/2020,MSN,"55,000","55,400","54,800","55,500","54,700","55,033",-200,-0.36,0.74,40.48,1.63,89.76,2.37,130.24,"64,372.64"
1491,09/09/2020,MSN,"54,800","54,100","55,000","55,400","54,100","54,681",200,0.36,1.08,59.19,0.00,0.00,1.08,59.19,"64,607.58"
1492,08/09/2020,MSN,"54,600","54,700","54,800","55,000","54,400","54,679",200,0.37,1.46,79.83,0.00,0.00,1.46,79.83,"64,372.64"
1493,07/09/2020,MSN,"56,300","56,600","54,600","57,100","54,600","55,901","-1,700",-3.02,2.27,126.64,0.30,16.68,2.57,143.33,"64,137.71"
1494,04/09/2020,MSN,"55,400","54,400","56,300","56,500","54,400","55,387",900,1.62,2.64,146.23,0.03,1.66,2.67,147.89,"66,134.67"
1495,03/09/2020,MSN,"54,600","55,400","55,400","55,500","54,700","55,191",800,1.47,1.75,96.81,0.13,7.16,1.88,103.97,"65,077.45"
1496,01/09/2020,MSN,"55,000","55,000","54,600","55,000","54,300","54,567",-400,-0.73,1.62,88.66,0.08,4.39,1.70,93.06,"64,137.71"
1497,31/08/2020,MSN,"54,500","55,000","55,000","55,500","54,400","54,960",500,0.92,1.29,71.15,0.00,0.00,1.29,71.15,"64,607.58"
1498,28/08/2020,MSN,"53,600","53,900","54,500","55,500","53,700","54,778",900,1.68,2.38,130.37,0.00,0.00,2.38,130.37,"64,020.24"
1499,27/08/2020,MSN,"53,500","53,500","53,600","53,700","53,400","53,515",100,0.19,0.82,43.69,0.24,12.63,1.05,56.32,"62,963.02"
1500,26/08/2020,MSN,"53,600","53,600","53,500","53,900","53,300","53,620",-100,-0.19,0.88,47.39,0.28,14.74,1.16,62.13,"62,845.55"
1501,25/08/2020,MSN,"53,600","54,000","53,600","54,400","53,600","53,975",0,0.00,1.70,91.69,0.06,3.26,1.76,94.96,"62,963.02"
1502,24/08/2020,MSN,"52,600","52,800","53,600","54,000","52,800","53,611","1,000",1.90,1.71,91.88,0.02,1.11,1.73,92.99,"62,963.02"
1503,21/08/2020,MSN,"52,000","52,000","52,600","52,900","52,000","52,578",600,1.15,0.97,50.94,0.00,0.00,0.97,50.94,"61,788.34"
1504,20/08/2020,MSN,"52,700","52,700","52,000","52,800","52,000","52,159",-700,-1.33,1.42,74.06,0.17,8.90,1.59,82.96,"60,785.22"
1505,19/08/2020,MSN,"52,400","52,400","52,700","52,900","52,100","52,488",300,0.57,0.87,45.51,0.05,2.61,0.92,48.12,"61,603.48"
1506,18/08/2020,MSN,"53,000","53,000","52,400","53,000","52,300","52,589",-600,-1.13,0.77,40.56,0.09,4.64,0.86,45.20,"61,252.79"
1507,17/08/2020,MSN,"53,400","53,400","53,000","53,500","52,300","52,880",-400,-0.75,1.10,58.15,0.42,22.31,1.52,80.46,"61,954.16"
1508,14/08/2020,MSN,"54,400","54,400","53,400","54,500","53,000","53,873","-1,000",-1.84,1.80,96.78,0.06,3.14,1.85,99.92,"62,421.74"
1509,13/08/2020,MSN,"54,200","54,200","54,400","54,600","54,000","54,275",200,0.37,0.95,51.73,0.00,0.00,0.95,51.73,"63,590.69"
1510,12/08/2020,MSN,"54,600","54,300","54,200","54,800","53,900","54,273",-400,-0.73,0.98,53.26,0.02,1.11,1.00,54.37,"63,356.90"
1511,11/08/2020,MSN,"54,500","54,800","54,600","54,800","54,100","54,501",100,0.18,0.66,35.90,0.00,0.00,0.66,35.90,"63,824.48"
1512,10/08/2020,MSN,"54,100","54,200","54,500","54,900","54,200","54,615",400,0.74,0.95,52.09,0.00,0.00,0.95,52.09,"63,707.58"
1513,07/08/2020,MSN,"53,900","54,000","54,100","54,800","53,800","54,191",200,0.37,0.96,51.98,0.00,0.00,0.96,51.98,"63,240.00"
1514,06/08/2020,MSN,"55,000","54,500","53,900","54,900","53,700","54,345","-1,100",-2.00,1.18,64.02,0.00,0.00,1.18,64.02,"63,006.21"
1515,05/08/2020,MSN,"54,000","53,500","55,000","55,000","53,200","54,031","1,000",1.85,1.81,97.84,0.00,0.00,1.81,97.84,"64,292.05"
1516,04/08/2020,MSN,"52,600","53,200","54,000","54,300","53,200","53,717","1,400",2.66,1.68,90.30,0.26,13.96,1.94,104.27,"63,123.11"
1517,03/08/2020,MSN,"50,500","50,500","52,600","52,700","50,500","51,978","2,100",4.16,1.40,72.53,0.00,0.00,1.40,72.53,"61,486.58"
1518,31/07/2020,MSN,"49,800","49,100","50,500","51,400","49,100","50,709",700,1.41,2.20,111.31,0.00,0.00,2.20,111.31,"59,031.80"
1519,30/07/2020,MSN,"49,350","49,900","49,800","50,100","49,500","49,918",450,0.91,0.82,41.02,0.00,0.00,0.82,41.02,"58,213.53"
1520,29/07/2020,MSN,"50,500","49,500","49,350","50,000","49,000","49,342","-1,150",-2.28,1.35,66.74,0.00,0.00,1.35,66.74,"57,687.51"
1521,28/07/2020,MSN,"49,500","50,000","50,500","51,000","49,500","50,278","1,000",2.02,1.32,66.31,0.48,24.13,1.80,90.44,"59,031.80"
1522,27/07/2020,MSN,"52,000","48,900","49,500","51,500","48,900","49,686","-2,500",-4.81,2.82,140.08,0.17,8.30,2.99,148.38,"57,862.85"
1523,24/07/2020,MSN,"53,900","53,700","52,000","53,900","50,800","52,385","-1,900",-3.53,2.05,107.17,0.00,0.00,2.05,107.17,"60,785.22"
1524,23/07/2020,MSN,"54,200","54,200","53,900","54,600","53,600","54,008",-300,-0.55,0.76,41.16,0.00,0.00,0.76,41.16,"63,006.21"
1525,22/07/2020,MSN,"54,700","54,700","54,200","55,200","54,200","54,728",-500,-0.91,0.83,45.63,0.29,16.06,1.13,61.69,"63,356.90"
1526,21/07/2020,MSN,"55,000","55,000","54,700","55,600","54,300","54,705",-300,-0.55,1.67,91.41,0.00,0.00,1.67,91.41,"63,941.37"
1527,20/07/2020,MSN,"56,200","56,000","55,000","56,000","55,000","55,662","-1,200",-2.14,0.94,52.57,0.02,1.15,0.96,53.72,"64,292.05"
1528,17/07/2020,MSN,"57,000","56,700","56,200","56,800","56,000","56,296",-800,-1.40,0.76,42.76,0.10,5.43,0.86,48.19,"65,694.79"
1529,16/07/2020,MSN,"55,700","56,000","57,000","57,000","55,500","56,126","1,300",2.33,0.98,54.93,0.10,5.61,1.08,60.54,"66,629.95"
1530,15/07/2020,MSN,"56,000","56,500","55,700","56,700","55,700","56,115",-300,-0.54,1.25,70.16,0.02,1.16,1.27,71.31,"65,110.32"
1531,14/07/2020,MSN,"56,600","56,400","56,000","56,600","55,700","56,130",-600,-1.06,0.93,52.16,0.00,0.00,0.93,52.16,"65,461.00"
1532,13/07/2020,MSN,"56,900","57,000","56,600","57,500","56,500","56,899",-300,-0.53,0.56,31.75,0.15,8.36,0.71,40.10,"66,162.37"
1533,10/07/2020,MSN,"57,400","57,400","56,900","57,600","56,000","57,095",-500,-0.87,0.56,32.25,0.37,21.14,0.93,53.39,"66,513.05"
1534,09/07/2020,MSN,"57,000","57,100","57,400","57,700","56,900","57,261",400,0.70,1.10,62.85,0.00,0.00,1.10,62.85,"67,097.53"
1535,08/07/2020,MSN,"57,000","57,000","57,000","57,500","57,000","57,172",0,0.00,0.47,26.71,0.00,0.00,0.47,26.71,"66,629.95"
1536,07/07/2020,MSN,"57,600","57,900","57,000","58,400","57,000","57,761",-600,-1.04,0.96,55.41,0.02,1.16,0.98,56.57,"66,629.95"
1537,06/07/2020,MSN,"57,200","57,200","57,600","58,000","57,100","57,681",400,0.70,0.86,49.36,0.00,0.00,0.86,49.36,"67,331.32"
1538,03/07/2020,MSN,"57,200","57,200","57,200","57,900","56,700","57,073",0,0.00,0.70,39.95,0.00,0.00,0.70,39.95,"66,863.74"
1539,02/07/2020,MSN,"55,500","56,000","57,200","57,600","55,500","56,564","1,700",3.06,1.09,61.90,0.00,0.00,1.09,61.90,"66,863.74"
1540,01/07/2020,MSN,"54,100","54,400","55,500","56,100","54,000","55,006","1,400",2.59,0.97,53.13,0.02,1.16,0.99,54.29,"64,876.53"
1541,30/06/2020,MSN,"55,100","55,900","54,100","56,100","54,000","54,771","-1,000",-1.81,1.38,75.53,0.00,0.00,1.38,75.53,"63,240.00"
1542,29/06/2020,MSN,"56,400","56,400","55,100","56,400","53,900","54,903","-1,300",-2.30,1.72,94.46,0.00,0.00,1.72,94.46,"64,408.95"
1543,26/06/2020,MSN,"56,700","56,700","56,400","57,900","56,400","56,932",-300,-0.53,0.57,32.73,0.04,2.39,0.61,35.12,"65,928.58"
1544,25/06/2020,MSN,"57,200","56,600","56,700","57,000","56,200","56,538",-500,-0.87,1.54,87.07,3.06,174.83,4.60,261.90,"66,279.26"
1545,24/06/2020,MSN,"58,400","58,400","57,200","58,800","56,500","57,945","-1,200",-2.05,0.94,54.23,0.00,0.00,0.94,54.23,"66,863.74"
1546,23/06/2020,MSN,"58,300","58,000","58,400","59,500","58,000","58,705",100,0.17,1.45,85.32,9.54,556.17,10.99,641.49,"68,266.47"
1547,22/06/2020,MSN,"57,000","57,500","58,300","58,500","57,500","58,125","1,300",2.28,1.62,94.27,0.36,20.89,1.98,115.16,"68,149.58"
1548,19/06/2020,MSN,"57,000","57,600","57,000","57,700","57,000","57,097",0,0.00,2.42,138.17,0.00,0.00,2.42,138.17,"66,629.95"
1549,18/06/2020,MSN,"57,500","57,000","57,000","57,400","55,900","56,832",-500,-0.87,0.93,52.76,0.98,55.91,1.91,108.67,"66,629.95"
1550,17/06/2020,MSN,"57,600","58,000","57,500","58,200","56,900","57,504",-100,-0.17,1.16,66.47,0.00,0.00,1.16,66.47,"67,214.42"
1551,16/06/2020,MSN,"56,400","57,400","57,600","57,800","56,500","57,151","1,200",2.13,1.49,85.29,0.00,0.00,1.49,85.29,"67,331.32"
1552,15/06/2020,MSN,"58,500","58,500","56,400","58,900","55,300","56,653","-2,100",-3.59,2.60,147.48,1.50,88.00,4.11,235.48,"65,928.58"
1553,12/06/2020,MSN,"58,500","57,000","58,500","58,700","57,000","57,971",0,0.00,3.04,176.35,0.00,0.00,3.04,176.35,"68,383.37"
1554,11/06/2020,MSN,"62,900","63,300","58,500","64,100","58,500","61,877","-4,400",-7.00,2.64,163.09,3.07,192.82,5.70,355.91,"68,383.37"
1555,10/06/2020,MSN,"63,000","62,900","62,900","63,000","62,500","62,753",-100,-0.16,1.21,75.97,0.00,0.00,1.21,75.97,"73,526.73"
1556,09/06/2020,MSN,"63,400","63,500","63,000","64,200","62,700","63,469",-400,-0.63,1.61,102.46,0.00,0.00,1.61,102.46,"73,643.63"
1557,08/06/2020,MSN,"63,000","63,400","63,400","64,400","62,800","63,429",400,0.63,1.76,111.56,0.00,0.00,1.76,111.56,"74,111.20"
1558,05/06/2020,MSN,"63,500","63,000","63,000","63,300","62,500","62,808",-500,-0.79,1.83,114.73,0.02,1.27,1.85,116.00,"73,643.63"
1559,04/06/2020,MSN,"64,000","64,600","63,500","64,600","63,300","63,824",-500,-0.78,1.53,97.52,0.13,8.65,1.66,106.17,"74,228.10"
1560,03/06/2020,MSN,"63,900","64,500","64,000","64,500","63,600","64,027",100,0.16,0.75,48.00,0.11,6.80,0.86,54.80,"74,812.57"
1561,02/06/2020,MSN,"63,100","63,600","63,900","65,800","63,400","64,542",800,1.27,4.19,270.44,0.02,1.27,4.21,271.71,"74,695.68"
1562,01/06/2020,MSN,"62,700","62,700","63,100","63,700","62,700","63,149",400,0.64,1.08,68.00,0.00,0.00,1.08,68.00,"73,760.52"
1563,29/05/2020,MSN,"62,800","62,800","62,700","62,900","62,200","62,517",-100,-0.16,0.70,43.64,0.10,6.25,0.80,49.89,"73,292.94"
1564,28/05/2020,MSN,"62,500","63,400","62,800","63,400","62,400","62,798",300,0.48,0.80,50.08,0.00,0.00,0.80,50.08,"73,409.84"
1565,27/05/2020,MSN,"62,500","63,200","62,500","64,600","62,500","63,663",0,0.00,2.19,139.36,0.00,0.00,2.19,139.36,"73,059.15"
1566,26/05/2020,MSN,"61,800","62,000","62,500","62,800","61,900","62,375",700,1.13,1.05,65.70,0.12,7.49,1.17,73.19,"73,059.15"
1567,25/05/2020,MSN,"62,000","62,200","61,800","62,700","61,500","62,065",-200,-0.32,1.35,84.07,0.00,0.00,1.35,84.07,"72,240.89"
1568,22/05/2020,MSN,"63,800","63,500","62,000","63,700","62,000","62,771","-1,800",-2.82,1.31,82.28,0.00,0.00,1.31,82.28,"72,474.68"
1569,21/05/2020,MSN,"63,800","63,800","63,800","64,000","62,800","63,522",0,0.00,1.51,96.14,0.00,0.00,1.51,96.14,"74,578.78"
1570,20/05/2020,MSN,"63,000","62,500","63,800","63,900","62,500","63,585",800,1.27,1.00,63.48,0.07,4.12,1.06,67.61,"74,578.78"
1571,19/05/2020,MSN,"62,500","63,300","63,000","64,400","62,500","63,376",500,0.80,1.92,121.90,0.12,7.79,2.05,129.69,"73,643.63"
1572,18/05/2020,MSN,"62,100","62,100","62,500","62,800","61,400","62,152",400,0.64,0.84,52.21,0.00,0.00,0.84,52.21,"73,059.15"
1573,15/05/2020,MSN,"63,900","64,500","62,100","64,900","62,100","63,793","-1,800",-2.82,1.31,83.31,0.00,0.00,1.31,83.31,"72,591.57"
1574,14/05/2020,MSN,"61,900","61,500","63,900","65,200","61,000","63,561","2,000",3.23,2.57,163.57,38.92,"2,335.00",41.49,"2,498.58","74,695.68"
1575,13/05/2020,MSN,"62,000","61,300","61,900","62,500","60,500","61,399",-100,-0.16,1.60,98.16,0.02,1.27,1.62,99.43,"72,357.79"
1576,12/05/2020,MSN,"63,100","63,000","62,000","63,200","61,800","62,451","-1,100",-1.74,1.03,64.22,0.12,7.43,1.15,71.65,"72,474.68"
1577,11/05/2020,MSN,"61,000","63,100","63,100","63,100","60,600","61,823","2,100",3.44,1.84,113.69,0.00,0.00,1.84,113.69,"73,760.52"
1578,08/05/2020,MSN,"58,800","59,000","61,000","62,400","58,900","60,915","2,200",3.74,3.32,202.23,0.00,0.00,3.32,202.23,"71,305.73"
1579,07/05/2020,MSN,"58,000","58,800","58,800","59,000","58,000","58,541",800,1.38,0.78,45.70,0.00,0.00,0.78,45.70,"68,734.05"
1580,06/05/2020,MSN,"56,400","57,000","58,000","58,000","55,700","56,830","1,600",2.84,1.02,57.97,0.47,27.19,1.49,85.16,"67,798.89"
1581,05/05/2020,MSN,"57,300","57,200","56,400","57,500","56,400","56,721",-900,-1.57,1.10,62.34,0.00,0.00,1.10,62.34,"65,928.58"
1582,04/05/2020,MSN,"58,800","57,200","57,300","58,700","57,100","57,757","-1,500",-2.55,1.15,66.35,0.00,0.00,1.15,66.35,"66,980.63"
1583,29/04/2020,MSN,"59,700","58,800","58,800","59,900","58,800","59,222",-900,-1.51,0.83,49.19,0.32,19.28,1.15,68.47,"68,734.05"
1584,28/04/2020,MSN,"58,500","58,500","59,700","60,300","58,000","59,399","1,200",2.05,1.10,65.06,0.73,43.39,1.83,108.45,"69,786.10"
1585,27/04/2020,MSN,"59,500","60,000","58,500","60,500","58,500","59,604","-1,000",-1.68,1.12,66.91,0.12,7.21,1.24,74.12,"68,383.37"
1586,24/04/2020,MSN,"58,200","57,800","59,500","59,500","57,200","58,181","1,300",2.23,1.22,70.90,0.00,0.00,1.22,70.90,"69,552.31"
1587,23/04/2020,MSN,"58,200","59,500","58,200","59,800","58,200","58,611",0,0.00,0.84,49.40,0.00,0.00,0.84,49.40,"68,032.68"
1588,22/04/2020,MSN,"56,600","55,500","58,200","58,600","55,500","57,403","1,600",2.83,1.06,61.02,0.00,0.00,1.06,61.02,"68,032.68"
1589,21/04/2020,MSN,"59,400","58,100","56,600","58,800","56,100","57,323","-2,800",-4.71,1.86,106.34,0.03,1.97,1.89,108.31,"66,162.37"
1590,20/04/2020,MSN,"60,600","60,600","59,400","61,000","59,400","59,792","-1,200",-1.98,1.84,110.24,0.00,0.00,1.84,110.24,"69,435.42"
1591,17/04/2020,MSN,"60,800","61,000","60,600","61,400","60,500","60,919",-200,-0.33,1.42,86.33,5.88,333.49,7.30,419.82,"70,838.15"
1592,16/04/2020,MSN,"60,900","59,600","60,800","61,200","59,600","60,329",-100,-0.16,0.98,59.21,5.60,318.08,6.58,377.29,"71,071.94"
1593,15/04/2020,MSN,"61,000","61,000","60,900","62,300","60,700","61,316",-100,-0.16,1.11,67.84,1.36,83.05,2.47,150.89,"71,188.84"
1594,14/04/2020,MSN,"58,100","58,000","61,000","61,000","57,200","58,656","2,900",4.99,1.45,85.04,0.00,0.00,1.45,85.04,"71,305.73"
1595,13/04/2020,MSN,"60,200","60,200","58,100","61,400","58,100","59,766","-2,100",-3.49,2.11,125.93,0.00,0.00,2.11,125.93,"67,915.79"
1596,10/04/2020,MSN,"59,400","59,000","60,200","62,500","58,300","60,648",800,1.35,1.91,116.10,0.00,0.00,1.91,116.10,"70,370.58"
1597,09/04/2020,MSN,"58,900","59,000","59,400","59,700","58,100","59,111",500,0.85,2.05,121.05,0.00,0.00,2.05,121.05,"69,435.42"
1598,08/04/2020,MSN,"57,500","56,100","58,900","58,900","55,500","57,022","1,400",2.43,1.34,76.30,0.00,0.00,1.34,76.30,"68,850.95"
1599,07/04/2020,MSN,"55,900","56,800","57,500","58,400","55,100","56,843","1,600",2.86,2.10,119.35,0.00,0.00,2.10,119.35,"67,214.42"
1600,06/04/2020,MSN,"52,300","53,300","55,900","55,900","53,100","54,926","3,600",6.88,2.56,140.44,0.00,0.00,2.56,140.44,"65,344.11"
1601,03/04/2020,MSN,"49,200","49,600","52,300","52,300","49,500","51,322","3,100",6.30,1.84,94.51,0.00,0.00,1.84,94.51,"61,135.90"
1602,01/04/2020,MSN,"49,000","48,800","49,200","50,000","48,800","49,451",200,0.41,1.73,85.35,2.07,101.60,3.80,186.95,"57,512.17"
1603,31/03/2020,MSN,"49,100","49,100","49,000","49,900","48,200","48,918",-100,-0.20,3.67,179.39,0.00,0.00,3.67,179.39,"57,278.38"
1604,30/03/2020,MSN,"49,300","48,500","49,100","49,100","48,400","48,996",-200,-0.41,1.38,67.56,0.09,4.61,1.47,72.18,"57,395.27"
1605,27/03/2020,MSN,"49,000","48,700","49,300","51,000","48,500","50,071",300,0.61,2.59,129.58,2.24,109.66,4.83,239.24,"57,629.06"
1606,26/03/2020,MSN,"49,100","49,000","49,000","49,200","48,550","48,974",-100,-0.20,2.76,135.34,0.00,0.00,2.76,135.34,"57,278.38"
1607,25/03/2020,MSN,"49,100","49,000","49,100","49,700","48,500","49,028",0,0.00,2.86,140.09,10.24,502.54,13.09,642.63,"57,395.27"
1608,24/03/2020,MSN,"49,200","48,500","49,100","49,100","48,300","48,881",-100,-0.20,3.56,173.94,3.06,150.55,6.62,324.49,"57,395.27"
1609,23/03/2020,MSN,"49,200","48,100","49,200","49,200","46,400","48,202",0,0.00,5.03,242.22,0.00,0.00,5.03,242.22,"57,512.17"
1610,20/03/2020,MSN,"49,200","49,000","49,200","49,200","47,800","48,684",0,0.00,4.12,200.62,0.00,0.00,4.12,200.62,"57,512.17"
1611,19/03/2020,MSN,"49,400","48,500","49,200","49,200","48,050","48,767",-200,-0.40,3.35,163.39,0.10,4.84,3.45,168.23,"57,512.17"
1612,18/03/2020,MSN,"49,500","49,500","49,400","49,700","48,800","49,243",-100,-0.20,2.17,106.88,3.45,171.03,5.62,277.90,"57,745.95"
1613,17/03/2020,MSN,"49,500","48,000","49,500","49,500","47,700","49,120",0,0.00,3.88,190.45,0.00,0.00,3.88,190.45,"57,862.85"
1614,16/03/2020,MSN,"49,850","49,000","49,500","49,800","47,500","48,930",-350,-0.70,3.22,157.40,0.03,1.33,3.24,158.73,"57,862.85"
1615,13/03/2020,MSN,"49,950","46,500","49,850","49,950","46,500","47,963",-100,-0.20,3.78,181.46,14.40,712.92,18.18,894.38,"58,271.98"
1616,12/03/2020,MSN,"49,950","47,200","49,950","49,950","46,500","47,378",0,0.00,4.07,192.96,0.20,9.47,4.27,202.43,"58,388.88"
1617,11/03/2020,MSN,"52,400","53,300","49,950","53,300","49,200","50,859","-2,450",-4.68,2.64,134.14,5.72,299.50,8.35,433.65,"58,388.88"
1618,10/03/2020,MSN,"52,000","52,900","52,400","53,800","52,000","52,957",400,0.77,2.39,126.40,0.46,24.16,2.85,150.56,"61,252.79"
1619,09/03/2020,MSN,"54,400","53,000","52,000","56,800","51,000","53,826","-2,400",-4.41,4.21,226.35,2.19,118.74,6.39,345.09,"60,785.22"
1620,06/03/2020,MSN,"50,900","50,800","54,400","54,400","50,100","52,245","3,500",6.88,2.79,145.99,0.00,0.00,2.79,145.99,"63,590.69"
1621,05/03/2020,MSN,"49,000","49,450","50,900","52,000","49,150","50,712","1,900",3.88,1.78,90.31,0.08,3.65,1.86,93.96,"59,499.37"
1622,04/03/2020,MSN,"49,000","48,900","49,000","49,350","48,650","49,038",0,0.00,0.91,44.62,0.52,25.31,1.43,69.92,"57,278.38"
1623,03/03/2020,MSN,"49,000","49,200","49,000","49,800","48,500","49,220",0,0.00,1.23,60.33,0.00,0.00,1.23,60.33,"57,278.38"
1624,02/03/2020,MSN,"49,000","48,350","49,000","49,000","47,850","48,310",0,0.00,1.59,76.72,0.08,3.65,1.67,80.37,"57,278.38"
1625,28/02/2020,MSN,"49,700","49,700","49,000","49,700","47,700","48,533",-700,-1.41,2.26,109.47,0.00,0.00,2.26,109.47,"57,278.38"
1626,27/02/2020,MSN,"49,750","49,200","49,700","49,800","48,800","49,221",-50,-0.10,1.64,80.83,0.00,0.00,1.64,80.83,"58,096.64"
1627,26/02/2020,MSN,"50,600","49,800","49,750","50,300","49,000","49,683",-850,-1.68,1.25,62.23,0.00,0.00,1.25,62.23,"58,155.09"
1628,25/02/2020,MSN,"51,100","50,500","50,600","51,300","49,800","50,575",-500,-0.98,0.90,45.35,0.00,0.00,0.90,45.35,"59,148.69"
1629,24/02/2020,MSN,"53,000","51,600","51,100","52,500","51,000","51,627","-1,900",-3.58,1.43,73.78,0.00,0.00,1.43,73.78,"59,733.16"
1630,21/02/2020,MSN,"51,100","51,500","53,000","54,000","51,500","53,176","1,900",3.72,2.06,109.60,0.10,5.31,2.16,114.90,"61,954.16"
1631,20/02/2020,MSN,"50,400","50,900","51,100","51,400","50,400","50,867",700,1.39,1.37,69.46,0.00,0.00,1.37,69.46,"59,733.16"
1632,19/02/2020,MSN,"49,700","49,600","50,400","51,700","49,600","50,978",700,1.41,1.82,92.71,0.00,0.00,1.82,92.71,"58,914.90"
1633,18/02/2020,MSN,"49,700","49,200","49,700","49,700","49,200","49,537",0,0.00,0.59,29.29,0.04,1.98,0.63,31.27,"58,096.64"
1634,17/02/2020,MSN,"49,800","49,800","49,700","49,800","48,950","49,416",-100,-0.20,1.49,73.74,0.00,0.00,1.49,73.74,"58,096.64"
1635,14/02/2020,MSN,"50,200","50,200","49,800","50,200","49,450","49,751",-400,-0.80,1.12,55.74,0.00,0.00,1.12,55.74,"58,213.53"
1636,13/02/2020,MSN,"50,500","50,700","50,200","50,900","50,100","50,375",-300,-0.59,0.55,27.60,0.00,0.00,0.55,27.60,"58,681.11"
1637,12/02/2020,MSN,"49,900","50,000","50,500","50,700","50,000","50,455",600,1.20,0.80,40.60,0.00,0.00,0.80,40.60,"59,031.80"
1638,11/02/2020,MSN,"49,900","49,200","49,900","51,700","49,200","50,509",0,0.00,2.08,105.15,0.05,2.34,2.13,107.49,"58,330.43"
1639,10/02/2020,MSN,"49,900","49,900","49,900","49,900","48,800","49,554",0,0.00,0.60,29.75,0.02,1.07,0.62,30.81,"58,330.43"
1640,07/02/2020,MSN,"49,900","49,800","49,900","49,900","48,800","49,458",0,0.00,0.93,46.11,0.30,14.95,1.23,61.05,"58,330.43"
1641,06/02/2020,MSN,"50,000","49,950","49,900","49,950","47,500","48,904",-100,-0.20,2.39,116.88,0.38,19.09,2.77,135.96,"58,330.43"
1642,05/02/2020,MSN,"50,000","50,500","50,000","50,500","49,200","49,749",0,0.00,0.75,37.35,0.84,41.77,1.59,79.12,"58,447.32"
1643,04/02/2020,MSN,"50,000","50,100","50,000","51,000","49,500","50,134",0,0.00,0.74,37.35,1.14,58.65,1.88,96.00,"58,447.32"
1644,03/02/2020,MSN,"50,100","46,700","50,000","50,000","46,600","47,560",-100,-0.20,1.29,61.38,1.16,57.94,2.45,119.32,"58,447.32"
1645,31/01/2020,MSN,"50,100","50,000","50,100","51,700","50,000","50,716",0,0.00,0.79,40.13,0.00,0.00,0.79,40.13,"58,564.22"
1646,30/01/2020,MSN,"53,400","53,000","50,100","53,000","50,000","50,783","-3,300",-6.18,1.59,80.80,0.59,32.56,2.18,113.36,"58,564.22"
1647,22/01/2020,MSN,"54,500","54,200","53,400","54,600","53,300","53,796","-1,100",-2.02,0.54,29.06,0.02,1.17,0.56,30.23,"62,421.74"
1648,21/01/2020,MSN,"54,300","54,300","54,500","54,900","54,100","54,315",200,0.37,0.37,20.06,0.00,0.00,0.37,20.06,"63,707.58"
1649,20/01/2020,MSN,"55,000","55,000","54,300","55,100","53,000","54,274",-700,-1.27,0.54,29.39,0.54,31.19,1.08,60.58,"63,473.79"
1650,17/01/2020,MSN,"56,200","56,100","55,000","56,400","55,000","55,717","-1,200",-2.14,0.50,27.69,0.17,9.45,0.67,37.14,"64,292.05"
1651,16/01/2020,MSN,"56,500","56,500","56,200","56,900","56,200","56,373",-300,-0.53,0.29,16.36,1.53,86.49,1.82,102.85,"65,694.79"
1652,15/01/2020,MSN,"56,600","57,000","56,500","57,000","56,000","56,305",-100,-0.18,0.37,21.02,1.62,94.98,1.99,116.00,"66,045.47"
1653,14/01/2020,MSN,"57,000","57,000","56,600","57,300","56,600","56,953",-400,-0.70,0.35,19.90,0.00,0.00,0.35,19.90,"66,162.37"
1654,13/01/2020,MSN,"56,500","56,600","57,000","57,100","56,400","56,801",500,0.88,0.41,23.51,0.03,1.33,0.44,24.83,"66,629.95"
1655,10/01/2020,MSN,"57,000","57,000","56,500","57,700","56,500","57,124",-500,-0.88,0.52,29.99,1.00,60.00,1.52,89.99,"66,045.47"
1656,09/01/2020,MSN,"56,000","56,600","57,000","57,200","56,500","56,971","1,000",1.79,0.51,28.81,0.02,1.31,0.53,30.12,"66,629.95"
1657,08/01/2020,MSN,"56,800","56,200","56,000","56,500","55,600","56,002",-800,-1.41,0.74,41.31,0.12,6.82,0.86,48.13,"65,461.00"
1658,07/01/2020,MSN,"56,600","56,800","56,800","57,300","56,700","56,966",200,0.35,0.32,18.21,0.50,30.00,0.82,48.21,"66,396.16"
1659,06/01/2020,MSN,"57,500","57,500","56,600","57,500","56,600","57,041",-900,-1.57,0.58,33.20,0.00,0.00,0.58,33.20,"66,162.37"
1660,03/01/2020,MSN,"57,000","57,200","57,500","57,700","56,800","57,379",500,0.88,0.78,44.62,0.00,0.00,0.78,44.62,"67,214.42"
1661,02/01/2020,MSN,"56,500","56,900","57,000","57,400","56,300","56,877",500,0.88,0.52,29.51,0.00,0.00,0.52,29.51,"66,629.95"
1662,31/12/2019,MSN,"57,100","57,100","56,500","57,300","55,900","56,598",-600,-1.05,0.70,39.38,0.03,1.84,0.73,41.22,"66,045.47"
1663,30/12/2019,MSN,"56,900","57,000","57,100","58,000","56,800","57,530",200,0.35,0.89,51.05,0.00,0.00,0.89,51.05,"66,746.84"
1664,27/12/2019,MSN,"57,000","56,500","56,900","57,400","56,000","56,647",-100,-0.18,0.63,35.66,0.00,0.00,0.63,35.66,"66,513.05"
1665,26/12/2019,MSN,"55,700","55,000","57,000","58,100","54,900","56,806","1,300",2.33,1.90,107.95,0.00,0.00,1.90,107.95,"66,629.95"
1666,25/12/2019,MSN,"54,500","54,800","55,700","56,200","54,500","55,723","1,200",2.20,1.31,73.04,0.25,14.20,1.56,87.24,"65,110.32"
1667,24/12/2019,MSN,"51,600","51,700","54,500","54,700","50,200","52,525","2,900",5.62,1.40,73.63,0.00,0.00,1.40,73.63,"63,707.58"
1668,23/12/2019,MSN,"55,000","55,600","51,600","55,900","51,600","52,681","-3,400",-6.18,2.23,117.22,0.03,1.53,2.25,118.75,"60,317.64"
1669,20/12/2019,MSN,"55,600","55,600","55,000","55,700","54,600","55,108",-600,-1.08,1.80,99.18,3.15,175.26,4.95,274.43,"64,292.05"
1670,19/12/2019,MSN,"56,400","56,000","55,600","56,400","55,500","55,801",-800,-1.42,0.83,46.42,0.08,4.34,0.91,50.76,"64,993.42"
1671,18/12/2019,MSN,"56,100","56,000","56,400","57,000","55,000","56,049",300,0.53,1.11,62.26,0.27,14.96,1.38,77.22,"65,928.58"
1672,17/12/2019,MSN,"56,700","56,800","56,100","56,900","55,700","56,250",-600,-1.06,1.13,63.73,0.39,22.01,1.52,85.73,"65,577.90"
1673,16/12/2019,MSN,"58,000","57,300","56,700","57,800","56,700","57,133","-1,300",-2.24,1.30,74.12,16.07,931.75,17.36,"1,005.87","66,279.26"
1674,13/12/2019,MSN,"58,500","59,000","58,000","59,400","57,000","58,406",-500,-0.85,1.74,101.40,1.51,88.07,3.24,189.47,"67,798.89"
1675,12/12/2019,MSN,"55,700","56,000","58,500","58,800","56,000","57,751","2,800",5.03,1.87,108.26,0.00,0.00,1.87,108.26,"68,383.37"
1676,11/12/2019,MSN,"56,600","56,200","55,700","57,500","54,400","55,697",-900,-1.59,2.33,129.79,0.76,42.93,3.09,172.71,"65,110.32"
1677,10/12/2019,MSN,"60,500","60,500","56,600","60,900","56,600","57,642","-3,900",-6.45,2.72,156.91,0.48,27.51,3.20,184.42,"66,162.37"
1678,09/12/2019,MSN,"62,500","62,300","60,500","62,400","60,300","61,025","-2,000",-3.20,1.42,86.83,0.00,0.00,1.42,86.83,"70,721.26"
1679,06/12/2019,MSN,"62,000","61,500","62,500","63,700","61,300","62,671",500,0.81,1.62,101.38,0.00,0.00,1.62,101.38,"73,059.15"
1680,05/12/2019,MSN,"62,500","62,500","62,000","62,500","60,500","61,320",-500,-0.80,1.46,89.47,0.00,0.00,1.46,89.47,"72,474.68"
1681,04/12/2019,MSN,"64,200","64,100","62,500","64,200","59,900","61,296","-1,700",-2.65,5.52,338.56,0.00,0.00,5.52,338.56,"73,059.15"
1682,03/12/2019,MSN,"69,000","68,700","64,200","69,100","64,200","66,105","-4,800",-6.96,2.27,150.17,1.13,81.80,3.40,231.97,"75,046.36"
1683,02/12/2019,MSN,"70,000","70,500","69,000","70,500","69,000","69,453","-1,000",-1.43,0.27,19.00,0.51,35.31,0.78,54.31,"80,657.30"
1684,29/11/2019,MSN,"69,500","69,500","70,000","70,400","68,900","69,925",500,0.72,0.30,21.14,0.00,0.00,0.30,21.14,"81,826.25"
1685,28/11/2019,MSN,"71,000","70,600","69,500","71,000","68,600","69,679","-1,500",-2.11,0.61,42.41,0.00,0.00,0.61,42.41,"81,241.78"
1686,27/11/2019,MSN,"71,500","71,500","71,000","72,000","70,900","71,362",-500,-0.70,0.21,15.24,0.40,28.86,0.62,44.10,"82,995.20"
1687,26/11/2019,MSN,"71,500","71,800","71,500","72,600","71,500","71,769",0,0.00,0.56,40.31,0.02,1.58,0.58,41.89,"83,579.67"
1688,25/11/2019,MSN,"70,500","70,600","71,500","71,600","70,500","71,191","1,000",1.42,0.31,22.17,0.00,0.00,0.31,22.17,"83,579.67"
1689,22/11/2019,MSN,"71,500","72,600","70,500","72,900","69,900","71,227","-1,000",-1.40,0.80,56.77,0.00,0.00,0.80,56.77,"82,410.72"
1690,21/11/2019,MSN,"73,600","73,000","71,500","73,800","71,500","72,098","-2,100",-2.85,0.84,60.80,0.00,0.00,0.84,60.80,"83,579.67"
1691,20/11/2019,MSN,"74,000","74,000","73,600","74,500","73,600","73,993",-400,-0.54,0.28,20.95,0.00,0.00,0.28,20.95,"86,034.46"
1692,19/11/2019,MSN,"74,400","74,500","74,000","74,900","73,900","74,187",-400,-0.54,0.54,40.28,0.00,0.00,0.54,40.28,"86,502.04"
1693,18/11/2019,MSN,"74,500","75,000","74,400","75,000","74,400","74,528",-100,-0.13,0.22,16.55,0.00,0.00,0.22,16.55,"86,969.62"
1694,15/11/2019,MSN,"75,200","75,200","74,500","75,200","74,500","74,851",-700,-0.93,0.28,20.60,0.00,0.00,0.28,20.60,"87,086.51"
1695,14/11/2019,MSN,"74,300","74,400","75,200","75,300","74,400","74,950",900,1.21,0.48,35.77,0.00,0.00,0.48,35.77,"87,904.77"
1696,13/11/2019,MSN,"75,000","75,200","74,300","75,200","74,300","74,580",-700,-0.93,0.65,48.17,1.82,135.72,2.47,183.90,"86,852.72"
1697,12/11/2019,MSN,"74,500","74,600","75,000","75,200","74,500","74,870",500,0.67,0.40,29.88,0.05,3.44,0.45,33.32,"87,670.98"
1698,11/11/2019,MSN,"76,800","76,700","74,500","76,700","74,500","75,310","-2,300",-2.99,1.14,85.87,0.00,0.00,1.14,85.87,"87,086.51"
1699,08/11/2019,MSN,"76,500","77,200","76,800","77,400","76,600","77,040",300,0.39,0.59,45.16,0.32,24.49,0.90,69.66,"89,775.09"
1700,07/11/2019,MSN,"76,000","76,000","76,500","76,500","75,700","76,240",500,0.66,0.43,32.91,0.79,60.10,1.22,93.01,"89,424.40"
1701,06/11/2019,MSN,"76,000","75,900","76,000","76,700","75,900","76,190",0,0.00,0.54,40.97,0.00,0.00,0.54,40.97,"88,839.93"
1702,05/11/2019,MSN,"76,300","76,300","76,000","76,400","75,600","76,010",-300,-0.39,0.76,58.13,0.22,16.83,0.99,74.96,"88,839.93"
1703,04/11/2019,MSN,"75,700","76,200","76,300","77,100","76,200","76,460",600,0.79,0.89,68.09,0.04,2.83,0.93,70.92,"89,190.61"
1704,01/11/2019,MSN,"74,200","74,500","75,700","76,000","74,500","75,410","1,500",2.02,1.60,120.43,0.00,0.00,1.60,120.43,"88,489.25"
1705,31/10/2019,MSN,"74,000","75,000","74,200","75,300","73,800","74,613",200,0.27,0.91,67.80,0.00,0.00,0.91,67.80,"86,735.83"
1706,30/10/2019,MSN,"74,000","74,600","74,000","74,800","73,800","74,065",0,0.00,0.64,47.28,0.00,0.00,0.64,47.28,"86,502.04"
1707,29/10/2019,MSN,"74,500","74,500","74,000","74,900","74,000","74,337",-500,-0.67,0.48,35.92,0.00,0.00,0.48,35.92,"86,502.04"
1708,28/10/2019,MSN,"74,600","74,700","74,500","75,000","74,500","74,731",-100,-0.13,0.50,37.55,0.00,0.00,0.50,37.55,"87,086.51"
1709,25/10/2019,MSN,"75,600","75,600","74,600","75,600","74,500","74,870","-1,000",-1.32,0.48,35.89,0.00,0.00,0.48,35.89,"87,203.40"
1710,24/10/2019,MSN,"75,800","76,000","75,600","76,000","75,200","75,543",-200,-0.26,0.27,20.61,0.00,0.00,0.27,20.61,"88,372.35"
1711,23/10/2019,MSN,"74,400","74,500","75,800","76,000","74,500","75,369","1,400",1.88,0.39,29.21,0.20,15.06,0.59,44.27,"88,606.14"
1712,22/10/2019,MSN,"75,000","75,000","74,400","75,400","74,100","74,574",-600,-0.80,0.43,32.19,0.00,0.00,0.43,32.19,"86,969.62"
1713,21/10/2019,MSN,"76,000","76,000","75,000","76,000","74,700","75,090","-1,000",-1.32,0.77,57.76,0.00,0.00,0.77,57.76,"87,670.98"
1714,18/10/2019,MSN,"77,000","77,000","76,000","77,500","76,000","76,510","-1,000",-1.30,0.45,34.32,0.32,24.67,0.77,59.00,"88,839.93"
1715,17/10/2019,MSN,"77,800","77,800","77,000","78,000","77,000","77,410",-800,-1.03,0.82,63.35,0.02,1.55,0.84,64.90,"90,008.88"
1716,16/10/2019,MSN,"78,200","78,500","77,800","78,500","77,800","78,250",-400,-0.51,0.32,25.30,0.08,6.02,0.40,31.32,"90,944.03"
1717,15/10/2019,MSN,"76,600","76,600","78,200","78,700","76,600","77,630","1,600",2.09,0.41,31.97,0.00,0.00,0.41,31.97,"91,411.61"
1718,14/10/2019,MSN,"77,000","77,200","76,600","77,400","76,600","76,830",-400,-0.52,0.20,15.34,1.27,98.10,1.47,113.44,"89,541.30"
1719,11/10/2019,MSN,"77,000","77,300","77,000","77,400","76,800","76,990",0,0.00,0.56,43.16,0.00,0.00,0.56,43.16,"90,008.88"
1720,10/10/2019,MSN,"77,000","77,000","77,000","77,500","76,700","76,990",0,0.00,0.42,32.15,0.02,1.64,0.44,33.79,"90,008.88"
1721,09/10/2019,MSN,"76,900","76,900","77,000","77,200","76,600","76,930",100,0.13,0.22,17.16,0.45,36.49,0.67,53.65,"90,008.88"
1722,08/10/2019,MSN,"76,500","76,800","76,900","77,500","76,600","77,000",400,0.52,0.26,19.87,0.00,0.00,0.26,19.87,"89,891.98"
1723,07/10/2019,MSN,"77,400","77,400","76,500","77,700","76,500","76,970",-900,-1.16,0.36,27.52,0.00,0.00,0.36,27.52,"89,424.40"
1724,04/10/2019,MSN,"78,000","78,000","77,400","78,500","77,100","77,750",-600,-0.77,0.17,12.88,0.04,3.44,0.21,16.32,"90,476.45"
1725,03/10/2019,MSN,"77,000","77,000","78,000","78,000","76,400","77,100","1,000",1.30,0.39,30.12,0.19,14.73,0.58,44.84,"91,177.82"
1726,02/10/2019,MSN,"78,800","79,000","77,000","79,000","77,000","77,770","-1,800",-2.28,0.70,54.46,0.05,4.16,0.75,58.62,"90,008.88"
1727,01/10/2019,MSN,"78,500","79,000","78,800","79,100","78,100","78,610",300,0.38,0.25,19.41,0.13,10.11,0.37,29.52,"92,112.98"
1728,30/09/2019,MSN,"79,400","79,400","78,500","79,500","78,500","78,910",-900,-1.13,0.56,44.42,0.00,0.00,0.56,44.42,"91,762.30"
1729,27/09/2019,MSN,"78,500","79,000","79,400","79,900","78,700","79,210",900,1.15,0.57,45.21,0.00,0.00,0.57,45.21,"92,814.35"
1730,26/09/2019,MSN,"79,000","78,800","78,500","79,000","78,300","78,610",-500,-0.63,0.22,17.30,0.13,10.11,0.35,27.41,"91,762.30"
1731,25/09/2019,MSN,"79,000","79,000","79,000","79,200","78,600","78,880",0,0.00,0.26,20.29,0.00,0.00,0.26,20.29,"92,346.77"
1732,24/09/2019,MSN,"80,000","79,900","79,000","79,900","78,400","78,870","-1,000",-1.25,0.56,44.27,0.05,3.81,0.61,48.07,"92,346.77"
1733,23/09/2019,MSN,"80,200","80,200","80,000","80,900","79,900","80,140",-200,-0.25,0.49,38.92,1.01,81.28,1.50,120.20,"93,515.72"
1734,20/09/2019,MSN,"80,200","80,100","80,200","80,200","79,100","80,090",0,0.00,0.82,65.37,0.00,0.00,0.82,65.37,"93,749.51"
1735,19/09/2019,MSN,"80,900","80,900","80,200","81,000","79,800","80,260",-700,-0.87,0.55,44.05,0.00,0.00,0.55,44.05,"93,749.51"
1736,18/09/2019,MSN,"79,500","79,500","80,900","80,900","79,000","80,090","1,400",1.76,0.91,72.58,1.03,82.20,1.94,154.79,"94,567.77"
1737,17/09/2019,MSN,"77,800","78,000","79,500","79,600","77,800","78,711","1,700",2.19,0.60,47.56,0.00,0.00,0.60,47.56,"92,931.24"
1738,16/09/2019,MSN,"76,500","76,500","77,800","78,000","76,500","77,709","1,300",1.70,0.33,25.93,3.78,290.14,4.12,316.07,"90,944.03"
1739,13/09/2019,MSN,"76,800","76,200","76,500","76,700","75,900","76,270",-300,-0.39,0.43,32.99,1.20,91.79,1.63,124.78,"89,424.40"
1740,12/09/2019,MSN,"78,000","78,000","76,800","78,000","76,800","77,182","-1,200",-1.54,0.29,22.53,0.04,2.71,0.33,25.23,"89,775.09"
1741,11/09/2019,MSN,"76,100","76,200","78,000","78,200","76,100","77,326","1,900",2.50,0.57,44.02,5.38,409.11,5.95,453.13,"91,177.82"
1742,10/09/2019,MSN,"74,000","74,000","76,100","76,400","74,000","75,256","2,100",2.84,0.42,31.66,4.25,314.42,4.67,346.08,"88,956.82"
1743,09/09/2019,MSN,"74,000","73,700","74,000","74,800","73,700","74,365",0,0.00,0.27,19.86,0.70,52.07,0.97,71.93,"86,502.04"
1744,06/09/2019,MSN,"74,500","74,500","74,000","75,000","74,000","74,419",-500,-0.67,0.24,18.05,0.00,0.00,0.24,18.05,"86,502.04"
1745,05/09/2019,MSN,"75,000","75,000","74,500","75,200","73,800","74,687",-500,-0.67,0.31,22.82,0.05,3.74,0.36,26.56,"87,086.51"
1746,04/09/2019,MSN,"74,000","75,400","75,000","75,500","74,000","74,756","1,000",1.35,0.26,19.11,0.27,20.14,0.52,39.25,"87,670.98"
1747,03/09/2019,MSN,"75,400","75,400","74,000","75,400","74,000","74,784","-1,400",-1.86,0.29,21.76,0.09,6.48,0.38,28.24,"86,502.04"
1748,30/08/2019,MSN,"75,000","75,000","75,400","75,800","74,900","75,134",400,0.53,0.18,13.63,0.00,0.00,0.18,13.63,"88,138.56"
1749,29/08/2019,MSN,"74,800","74,800","75,000","75,500","74,800","74,999",200,0.27,0.19,14.60,0.00,0.00,0.19,14.60,"87,670.98"
1750,28/08/2019,MSN,"75,000","75,000","74,800","75,800","74,600","75,044",-200,-0.27,0.27,20.11,0.00,0.00,0.27,20.11,"87,437.19"
1751,27/08/2019,MSN,"76,000","76,000","75,000","76,500","75,000","75,668","-1,000",-1.32,0.36,27.49,0.06,4.43,0.42,31.91,"87,670.98"
1752,26/08/2019,MSN,"77,000","76,000","76,000","76,500","75,200","75,813","-1,000",-1.30,0.41,30.95,0.16,12.10,0.57,43.06,"88,839.93"
1753,23/08/2019,MSN,"78,000","78,300","77,000","78,300","77,000","77,559","-1,000",-1.28,0.13,10.40,0.07,5.21,0.20,15.61,"90,008.88"
1754,22/08/2019,MSN,"77,000","77,000","78,000","78,000","76,500","77,450","1,000",1.30,0.40,30.89,0.00,0.00,0.40,30.89,"91,177.82"
1755,21/08/2019,MSN,"76,200","75,600","77,000","77,300","75,600","76,769",800,1.05,0.40,30.55,0.00,0.00,0.40,30.55,"90,008.88"
1756,20/08/2019,MSN,"77,100","77,000","76,200","77,000","76,000","76,356",-900,-1.17,0.26,19.75,0.50,38.02,0.76,57.77,"89,073.72"
1757,19/08/2019,MSN,"77,000","77,000","77,100","77,500","76,800","77,115",100,0.13,0.29,22.45,0.00,0.00,0.29,22.45,"90,125.77"
1758,16/08/2019,MSN,"76,100","75,200","77,000","77,500","75,200","76,846",900,1.18,0.41,31.16,0.06,4.61,0.47,35.77,"90,008.88"
1759,15/08/2019,MSN,"75,600","75,100","76,100","76,100","74,600","75,529",500,0.66,0.49,36.79,0.00,0.00,0.49,36.79,"88,956.82"
1760,14/08/2019,MSN,"75,600","76,500","75,600","76,500","75,600","75,930",0,0.00,0.43,32.88,0.11,8.17,0.54,41.05,"88,372.35"
1761,13/08/2019,MSN,"76,000","76,000","75,600","76,000","74,900","75,350",-400,-0.53,0.35,26.56,0.47,35.49,0.82,62.04,"88,372.35"
1762,12/08/2019,MSN,"76,100","76,000","76,000","76,500","75,500","76,009",-100,-0.13,0.26,19.68,0.37,28.05,0.63,47.73,"88,839.93"
1763,09/08/2019,MSN,"74,800","74,900","76,100","76,400","74,900","75,966","1,300",1.74,0.46,34.90,0.00,0.00,0.46,34.90,"88,956.82"
1764,08/08/2019,MSN,"74,800","73,600","74,800","74,800","72,800","73,751",0,0.00,0.80,59.03,0.10,7.41,0.90,66.44,"87,437.19"
1765,07/08/2019,MSN,"75,000","76,500","74,800","76,400","73,600","74,788",-200,-0.27,0.89,66.59,1.43,111.83,2.32,178.41,"87,437.19"
1766,06/08/2019,MSN,"76,800","76,500","75,000","76,600","74,700","75,221","-1,800",-2.34,1.02,76.85,0.00,0.00,1.02,76.85,"87,670.98"
1767,05/08/2019,MSN,"79,000","78,200","76,800","79,000","76,800","77,484","-2,200",-2.78,0.79,61.59,0.00,0.00,0.79,61.59,"89,775.09"
1768,02/08/2019,MSN,"80,100","79,000","79,000","80,000","79,000","79,431","-1,100",-1.37,0.33,26.13,0.24,19.24,0.57,45.36,"92,346.77"
1769,01/08/2019,MSN,"80,000","80,000","80,100","80,700","79,900","80,217",100,0.13,0.37,29.50,0.00,0.00,0.37,29.50,"93,632.61"
1770,31/07/2019,MSN,"79,900","79,000","80,000","80,000","78,600","79,247",100,0.13,0.69,54.84,0.11,8.87,0.80,63.71,"93,515.72"
1771,30/07/2019,MSN,"81,000","81,000","79,900","81,100","79,900","80,284","-1,100",-1.36,0.35,27.70,0.00,0.00,0.35,27.70,"93,398.82"
1772,29/07/2019,MSN,"80,900","80,700","81,000","81,000","80,100","80,549",100,0.12,0.35,28.52,0.06,5.16,0.42,33.68,"94,684.66"
1773,26/07/2019,MSN,"80,800","80,800","80,900","80,900","79,900","80,257",100,0.12,0.34,27.47,0.02,1.77,0.36,29.24,"94,567.77"
1774,25/07/2019,MSN,"80,700","80,300","80,800","81,300","79,900","80,700",100,0.12,0.32,26.00,0.00,0.00,0.32,26.00,"94,450.87"
1775,24/07/2019,MSN,"79,600","79,900","80,700","80,900","79,600","80,289","1,100",1.38,0.52,42.00,0.00,0.00,0.52,42.00,"94,333.98"
1776,23/07/2019,MSN,"79,200","78,200","79,600","79,700","78,000","79,057",400,0.51,0.76,59.79,0.10,7.92,0.86,67.71,"93,048.14"
1777,22/07/2019,MSN,"77,700","77,700","79,200","79,900","77,700","78,841","1,500",1.93,0.47,37.34,0.00,0.00,0.47,37.34,"92,580.56"
1778,19/07/2019,MSN,"75,800","76,000","77,700","77,800","75,800","76,918","1,900",2.51,0.51,39.39,0.00,0.00,0.51,39.39,"90,827.14"
1779,18/07/2019,MSN,"79,800","78,900","75,800","80,000","75,000","76,684","-4,000",-5.01,1.68,129.11,0.00,0.00,1.68,129.11,"88,606.14"
1780,17/07/2019,MSN,"80,400","80,700","79,800","80,700","79,500","79,969",-600,-0.75,0.54,43.48,0.00,0.00,0.54,43.48,"93,281.93"
1781,16/07/2019,MSN,"79,900","80,000","80,400","80,900","80,000","80,480",500,0.63,0.28,22.17,0.80,64.36,1.08,86.52,"93,983.29"
1782,15/07/2019,MSN,"81,500","82,500","79,900","81,500","79,400","80,200","-1,600",-1.96,0.68,54.48,0.00,0.00,0.68,54.48,"93,398.82"
1783,12/07/2019,MSN,"82,500","82,500","81,500","83,800","81,500","82,089","-1,000",-1.21,0.45,36.71,0.07,5.32,0.51,42.03,"95,269.14"
1784,11/07/2019,MSN,"84,200","84,200","82,500","84,500","82,500","83,068","-1,700",-2.02,0.59,48.61,0.00,0.00,0.59,48.61,"96,438.08"
1785,10/07/2019,MSN,"84,200","84,200","84,200","84,600","83,800","84,093",0,0.00,0.27,22.80,0.00,0.00,0.27,22.80,"98,425.29"
1786,09/07/2019,MSN,"84,500","84,000","84,200","84,500","83,900","84,155",-300,-0.36,0.20,16.41,0.94,79.32,1.14,95.73,"98,425.29"
1787,08/07/2019,MSN,"85,000","84,100","84,500","84,700","83,500","83,858",-500,-0.59,0.40,33.16,0.00,0.00,0.40,33.16,"98,775.97"
1788,05/07/2019,MSN,"85,200","84,900","85,000","85,200","84,200","84,793",-200,-0.23,0.10,8.19,0.28,23.82,0.38,32.01,"99,360.45"
1789,04/07/2019,MSN,"84,500","84,500","85,200","85,200","84,300","84,920",700,0.83,0.31,25.96,0.00,0.00,0.31,25.96,"99,594.24"
1790,03/07/2019,MSN,"84,600","84,600","84,500","84,900","83,200","83,980",-100,-0.12,0.39,32.92,0.00,0.00,0.39,32.92,"98,775.97"
1791,02/07/2019,MSN,"85,600","85,600","84,600","85,600","84,600","84,866","-1,000",-1.17,0.14,12.21,0.48,40.67,0.62,52.88,"98,892.87"
1792,01/07/2019,MSN,"83,000","84,000","85,600","85,600","83,900","84,508","2,600",3.13,0.33,27.86,0.00,0.00,0.33,27.86,"100,061.82"
1793,28/06/2019,MSN,"82,000","83,000","83,000","83,000","81,500","82,138","1,000",1.22,0.51,42.15,1.24,104.20,1.75,146.35,"97,022.56"
1794,27/06/2019,MSN,"85,500","84,700","82,000","85,600","82,000","83,486","-3,500",-4.09,0.60,50.00,0.04,3.33,0.64,53.32,"95,853.61"
1795,26/06/2019,MSN,"84,000","83,800","85,500","85,500","83,800","85,024","1,500",1.79,0.27,23.27,0.21,18.03,0.49,41.30,"99,449.29"
1796,25/06/2019,MSN,"84,100","84,000","84,000","84,700","84,000","84,394",-100,-0.12,0.25,20.80,0.88,73.68,1.12,94.48,"97,704.56"
1797,24/06/2019,MSN,"84,000","84,000","84,100","85,500","78,200","83,935",100,0.12,0.29,24.51,0.14,11.58,0.43,36.09,"97,820.88"
1798,21/06/2019,MSN,"82,500","82,500","84,000","84,000","82,400","83,690","1,500",1.82,0.74,61.92,0.64,52.94,1.37,114.86,"97,704.56"
1799,20/06/2019,MSN,"82,800","82,500","82,500","84,500","82,300","83,071",-300,-0.36,0.31,26.04,0.00,0.00,0.31,26.04,"95,959.84"
1800,19/06/2019,MSN,"82,000","82,800","82,800","83,400","82,000","82,459",800,0.98,0.27,22.04,0.56,46.18,0.83,68.23,"96,308.78"
1801,18/06/2019,MSN,"83,500","83,400","82,000","83,700","81,600","82,693","-1,500",-1.80,0.47,39.01,0.34,28.31,0.81,67.33,"95,378.26"
1802,17/06/2019,MSN,"84,200","83,300","83,500","84,800","83,000","83,453",-700,-0.83,0.33,27.89,3.41,286.51,3.74,314.40,"97,122.99"
1803,14/06/2019,MSN,"84,500","85,000","84,200","85,000","83,600","84,315",-300,-0.36,0.25,20.93,0.08,6.34,0.32,27.27,"97,937.19"
1804,13/06/2019,MSN,"85,000","85,000","84,500","86,200","84,300","84,643",-500,-0.59,0.11,9.44,0.48,40.47,0.59,49.91,"98,286.14"
1805,12/06/2019,MSN,"86,000","86,500","85,000","86,500","85,000","85,526","-1,000",-1.16,0.21,17.93,10.51,904.20,10.72,922.14,"98,867.71"
1806,11/06/2019,MSN,"86,700","86,700","86,000","86,800","86,000","86,344",-700,-0.81,0.23,19.59,0.10,8.63,0.33,28.22,"100,030.86"
1807,10/06/2019,MSN,"86,000","87,000","86,700","87,000","85,600","86,403",700,0.81,0.44,37.61,0.00,0.00,0.44,37.61,"100,845.07"
1808,07/06/2019,MSN,"85,200","85,500","86,000","86,900","85,000","85,909",800,0.94,0.29,25.17,0.00,0.00,0.29,25.17,"100,030.86"
1809,06/06/2019,MSN,"85,000","84,600","85,200","85,500","84,600","84,946",200,0.24,0.25,21.63,0.23,19.11,0.48,40.74,"99,100.34"
1810,05/06/2019,MSN,"85,000","85,900","85,000","85,900","85,000","85,510",0,0.00,0.21,18.33,0.00,0.00,0.21,18.33,"98,867.71"
1811,04/06/2019,MSN,"85,000","85,000","85,000","85,600","83,500","84,420",0,0.00,0.33,27.57,0.09,7.18,0.41,34.75,"98,867.71"
1812,03/06/2019,MSN,"85,800","85,800","85,000","86,400","85,000","85,450",-800,-0.93,0.38,32.62,0.09,7.93,0.47,40.55,"98,867.71"
1813,31/05/2019,MSN,"85,500","85,600","85,800","86,800","85,600","86,173",300,0.35,0.46,39.94,0.00,0.00,0.46,39.94,"99,798.23"
1814,30/05/2019,MSN,"87,300","87,300","85,500","87,800","85,500","86,888","-1,800",-2.06,0.31,26.87,0.00,0.00,0.31,26.87,"99,449.29"
1815,29/05/2019,MSN,"87,000","86,600","87,300","87,700","86,500","86,970",300,0.34,0.31,27.29,0.10,8.81,0.42,36.10,"101,542.96"
1816,28/05/2019,MSN,"88,400","88,000","87,000","88,500","86,500","86,996","-1,400",-1.58,0.64,55.88,0.47,40.98,1.11,96.86,"101,194.01"
1817,27/05/2019,MSN,"87,200","87,100","88,400","88,800","87,100","88,238","1,200",1.38,0.35,31.22,1.09,95.58,1.45,126.80,"102,822.42"
1818,24/05/2019,MSN,"90,000","90,000","87,200","90,500","87,200","88,831","-2,800",-3.11,0.69,61.07,0.21,18.41,0.90,79.47,"101,426.64"
1819,23/05/2019,MSN,"90,000","89,800","90,000","90,800","89,000","90,055",0,0.00,0.25,22.95,0.59,53.48,0.85,76.42,"104,683.46"
1820,22/05/2019,MSN,"91,300","90,000","90,000","91,600","89,800","90,563","-1,300",-1.42,0.44,39.54,1.00,90.60,1.44,130.13,"104,683.46"
1821,21/05/2019,MSN,"88,000","88,000","91,300","91,600","88,000","90,725","3,300",3.75,0.98,88.58,0.23,20.49,1.20,109.07,"106,195.55"
1822,20/05/2019,MSN,"86,500","86,600","88,000","88,200","86,500","87,332","1,500",1.73,0.40,34.67,0.05,4.37,0.45,39.04,"102,357.16"
1823,17/05/2019,MSN,"87,000","86,200","86,500","87,800","86,200","86,557",-500,-0.57,0.42,36.29,0.17,15.00,0.59,51.29,"100,612.44"
1824,16/05/2019,MSN,"87,800","87,800","87,000","88,300","87,000","87,504",-800,-0.91,0.36,31.44,0.17,15.08,0.53,46.52,"101,194.01"
1825,15/05/2019,MSN,"86,500","86,500","87,800","88,500","86,500","87,438","1,300",1.50,0.20,17.71,0.38,33.28,0.58,50.99,"102,124.53"
1826,14/05/2019,MSN,"86,700","84,100","86,500","87,800","84,100","86,308",-200,-0.23,0.33,28.31,0.10,8.64,0.43,36.94,"100,612.44"
1827,13/05/2019,MSN,"87,500","87,500","86,700","87,900","86,700","87,254",-800,-0.91,0.29,25.47,0.11,9.64,0.40,35.11,"100,845.07"
1828,10/05/2019,MSN,"87,700","87,100","87,500","88,300","87,100","87,904",-200,-0.23,0.19,16.62,0.62,54.15,0.81,70.77,"101,775.59"
1829,09/05/2019,MSN,"87,800","87,800","87,700","88,200","87,500","87,824",-100,-0.11,0.22,19.45,0.49,42.09,0.71,61.54,"102,008.22"
1830,08/05/2019,MSN,"87,900","87,000","87,800","88,500","87,000","87,728",-100,-0.11,0.51,44.73,0.90,78.83,1.41,123.55,"102,124.53"
1831,07/05/2019,MSN,"87,000","87,000","87,900","88,700","87,000","87,813",900,1.03,0.34,29.63,1.37,120.39,1.71,150.02,"102,240.85"
1832,06/05/2019,MSN,"88,600","88,400","87,000","88,400","86,500","87,370","-1,600",-1.81,0.09,7.88,0.11,9.70,0.20,17.58,"101,194.01"
1833,03/05/2019,MSN,"88,500","88,700","88,600","90,400","87,300","89,258",100,0.11,0.87,77.49,0.00,0.00,0.87,77.49,"103,055.05"
1834,02/05/2019,MSN,"86,900","87,000","88,500","88,500","86,500","87,424","1,600",1.84,0.68,59.33,0.00,0.00,0.68,59.33,"102,938.73"
1835,26/04/2019,MSN,"87,400","87,000","86,900","87,400","86,400","86,863",-500,-0.57,0.28,24.68,0.00,0.00,0.28,24.68,"101,077.70"
1836,25/04/2019,MSN,"88,000","88,000","87,400","88,000","87,100","87,709",-600,-0.68,0.27,23.81,0.10,8.33,0.37,32.14,"101,659.27"
1837,24/04/2019,MSN,"87,900","86,600","88,000","88,100","86,600","87,812",100,0.11,0.57,50.36,0.00,0.00,0.57,50.36,"102,357.16"
1838,23/04/2019,MSN,"87,900","87,100","87,900","88,000","87,100","87,844",0,0.00,0.34,29.74,0.00,0.00,0.34,29.74,"102,240.85"
1839,22/04/2019,MSN,"87,600","87,600","87,900","88,000","87,500","87,763",300,0.34,0.29,25.65,0.00,0.00,0.29,25.65,"102,240.85"
1840,19/04/2019,MSN,"86,000","86,000","87,600","88,000","86,000","87,543","1,600",1.86,0.06,5.03,0.00,0.00,0.06,5.03,"101,891.90"
1841,18/04/2019,MSN,"88,000","86,100","86,000","87,900","86,000","87,158","-2,000",-2.27,0.41,35.54,0.00,0.00,0.41,35.54,"100,030.86"
1842,17/04/2019,MSN,"87,800","87,800","88,000","88,100","87,000","87,957",200,0.23,0.73,64.24,0.47,41.20,1.20,105.43,"102,357.16"
1843,16/04/2019,MSN,"87,800","86,000","87,800","88,100","85,400","87,799",0,0.00,0.29,25.53,0.12,10.54,0.41,36.07,"102,124.53"
1844,12/04/2019,MSN,"87,700","87,800","87,800","88,100","87,000","87,839",100,0.11,0.10,8.40,0.00,0.00,0.10,8.40,"102,124.53"
1845,11/04/2019,MSN,"86,700","86,700","87,700","88,000","86,700","87,302","1,000",1.15,0.19,16.43,0.00,0.00,0.19,16.43,"102,008.22"
1846,10/04/2019,MSN,"87,500","85,200","86,700","87,000","85,200","86,146",-800,-0.91,0.29,25.16,0.00,0.00,0.29,25.16,"100,845.07"
1847,09/04/2019,MSN,"88,300","88,700","87,500","88,700","87,000","87,891",-800,-0.91,0.28,24.64,0.00,0.00,0.28,24.64,"101,775.59"
1848,08/04/2019,MSN,"88,300","88,000","88,300","88,500","85,800","87,082",0,0.00,0.58,50.72,0.16,13.82,0.74,64.54,"102,706.11"
1849,05/04/2019,MSN,"87,800","87,800","88,300","88,800","87,800","88,322",500,0.57,0.23,20.41,0.07,5.74,0.30,26.15,"102,706.11"
1850,04/04/2019,MSN,"87,700","87,100","87,800","88,100","87,100","87,888",100,0.11,0.34,29.56,0.00,0.00,0.34,29.56,"102,124.53"
1851,03/04/2019,MSN,"88,100","88,100","87,700","88,100","87,000","87,921",-400,-0.45,0.30,26.70,0.00,0.00,0.30,26.70,"102,008.22"
1852,02/04/2019,MSN,"88,000","88,300","88,100","88,600","86,300","87,993",100,0.11,0.39,34.60,0.97,85.71,1.37,120.31,"102,473.48"
1853,01/04/2019,MSN,"84,300","85,600","88,000","88,000","85,200","86,958","3,700",4.39,0.52,44.85,0.37,32.17,0.89,77.02,"102,357.16"
1854,29/03/2019,MSN,"85,000","85,000","84,300","86,900","84,300","85,816",-700,-0.82,0.76,64.88,0.46,39.47,1.22,104.35,"98,053.51"
1855,28/03/2019,MSN,"85,000","85,000","85,000","85,000","84,200","84,727",0,0.00,0.40,33.53,0.50,42.10,0.89,75.63,"98,867.71"
1856,27/03/2019,MSN,"83,100","83,100","85,000","85,200","83,100","84,749","1,900",2.29,0.46,38.64,0.63,53.14,1.08,91.77,"98,867.71"
1857,26/03/2019,MSN,"82,200","82,200","83,100","84,000","82,200","82,702",900,1.09,0.49,40.39,0.35,29.25,0.84,69.64,"96,657.73"
1858,25/03/2019,MSN,"84,500","83,000","82,200","83,700","82,100","82,680","-2,300",-2.72,0.49,40.36,0.28,23.14,0.77,63.50,"95,610.89"
1859,22/03/2019,MSN,"85,000","84,900","84,500","85,300","84,500","84,889",-500,-0.59,0.76,64.45,0.00,0.00,0.76,64.45,"98,286.14"
1860,21/03/2019,MSN,"85,000","85,100","85,000","85,400","84,300","84,883",0,0.00,0.67,56.45,0.05,3.82,0.71,60.27,"98,867.71"
1861,20/03/2019,MSN,"87,000","85,300","85,000","86,200","84,000","84,967","-2,000",-2.30,0.59,50.26,6.45,559.61,7.04,609.88,"98,867.71"
1862,19/03/2019,MSN,"86,800","87,300","87,000","87,300","86,000","86,934",200,0.23,0.44,38.47,6.50,574.26,6.95,612.72,"101,194.01"
1863,18/03/2019,MSN,"86,500","86,500","86,800","87,600","84,800","86,018",300,0.35,0.77,65.91,3.78,327.04,4.55,392.95,"100,961.38"
1864,15/03/2019,MSN,"88,600","88,600","86,500","89,000","85,300","86,417","-2,100",-2.37,1.37,118.61,7.01,614.38,8.38,732.99,"100,612.44"
1865,14/03/2019,MSN,"89,000","89,000","88,600","89,300","88,600","88,883",-400,-0.45,0.20,17.93,0.27,24.07,0.47,42.00,"103,055.05"
1866,13/03/2019,MSN,"88,500","88,500","89,000","89,500","88,500","88,959",500,0.56,1.01,90.26,0.00,0.00,1.01,90.26,"103,520.31"
1867,12/03/2019,MSN,"89,600","89,600","88,500","90,000","88,100","88,835","-1,100",-1.23,0.65,58.10,0.40,35.54,1.06,93.63,"102,938.73"
1868,11/03/2019,MSN,"89,800","88,100","89,600","89,700","88,100","89,131",-200,-0.22,0.60,53.69,0.25,22.28,0.85,75.97,"104,218.20"
1869,08/03/2019,MSN,"90,000","89,100","89,800","90,000","88,500","89,400",-200,-0.22,0.47,41.99,0.33,29.46,0.80,71.45,"104,450.83"
1870,07/03/2019,MSN,"90,000","90,700","90,000","91,000","89,800","90,154",0,0.00,0.95,85.42,0.57,51.55,1.52,136.97,"104,683.46"
1871,06/03/2019,MSN,"89,400","90,000","90,000","90,200","89,300","89,888",600,0.67,0.70,62.52,0.53,47.54,1.23,110.06,"104,683.46"
1872,05/03/2019,MSN,"89,500","89,500","89,400","90,900","89,300","89,953",-100,-0.11,0.77,69.45,0.26,23.74,1.04,93.20,"103,985.57"
1873,04/03/2019,MSN,"89,000","89,100","89,500","91,400","89,000","89,708",500,0.56,1.28,115.22,0.45,40.75,1.74,155.97,"104,101.88"
1874,01/03/2019,MSN,"88,900","89,000","89,000","89,200","88,200","88,884",100,0.11,0.68,60.75,0.90,80.11,1.58,140.86,"103,520.31"
1875,28/02/2019,MSN,"89,900","89,900","88,900","89,900","88,500","88,979","-1,000",-1.11,0.84,74.32,0.13,11.98,0.97,86.30,"103,403.99"
1876,27/02/2019,MSN,"90,000","90,100","89,900","90,900","89,800","90,159",-100,-0.11,0.79,71.13,0.39,35.35,1.18,106.48,"104,567.14"
1877,26/02/2019,MSN,"91,200","91,100","90,000","91,200","88,400","89,647","-1,200",-1.32,0.90,80.93,0.03,2.68,0.93,83.61,"104,683.46"
1878,25/02/2019,MSN,"88,400","92,000","91,200","92,000","90,500","91,660","2,800",3.17,1.14,104.49,0.00,0.00,1.14,104.49,"106,079.24"
1879,22/02/2019,MSN,"89,700","89,900","88,400","91,000","88,400","90,137","-1,300",-1.45,1.23,111.10,0.40,36.02,1.63,147.12,"102,822.42"
1880,21/02/2019,MSN,"86,000","86,300","89,700","89,900","86,300","88,119","3,700",4.30,2.22,196.06,0.48,42.54,2.71,238.60,"104,334.51"
1881,20/02/2019,MSN,"86,500","86,000","86,000","86,400","85,800","86,073",-500,-0.58,1.13,97.39,0.73,62.82,1.86,160.20,"100,030.86"
1882,19/02/2019,MSN,"85,400","85,100","86,500","86,600","85,100","86,005","1,100",1.29,1.12,96.47,0.55,47.58,1.67,144.05,"100,612.44"
1883,18/02/2019,MSN,"84,700","85,000","85,400","85,500","84,900","85,130",700,0.83,0.66,56.12,0.90,81.54,1.56,137.66,"99,332.97"
1884,15/02/2019,MSN,"86,000","85,800","84,700","85,800","84,600","85,006","-1,300",-1.51,0.78,66.29,0.25,21.25,1.03,87.54,"98,518.77"
1885,14/02/2019,MSN,"85,900","85,900","86,000","86,400","84,000","85,294",100,0.12,1.45,123.83,14.16,"1,189.89",15.61,"1,313.72","100,030.86"
1886,13/02/2019,MSN,"82,300","82,300","85,900","85,900","82,300","84,200","3,600",4.37,1.36,114.64,1.96,163.19,3.32,277.83,"99,914.55"
1887,12/02/2019,MSN,"80,200","81,500","82,300","83,000","80,800","82,029","2,100",2.62,1.03,84.72,0.30,24.60,1.33,109.32,"95,727.21"
1888,11/02/2019,MSN,"78,400","79,900","80,200","82,200","79,800","80,896","1,800",2.30,1.09,88.54,0.17,13.81,1.26,102.34,"93,284.59"
1889,01/02/2019,MSN,"77,700","78,000","78,400","78,600","77,500","78,257",700,0.90,0.68,53.18,0.22,17.01,0.90,70.19,"91,190.92"
1890,31/01/2019,MSN,"79,100","79,400","77,700","79,600","77,700","78,444","-1,400",-1.77,0.72,56.63,0.12,9.43,0.84,66.06,"90,376.72"
1891,30/01/2019,MSN,"79,500","79,100","79,100","79,600","79,100","79,364",-400,-0.50,0.59,46.94,0.11,8.54,0.70,55.47,"92,005.13"
1892,29/01/2019,MSN,"79,100","80,000","79,500","80,000","79,200","79,501",400,0.51,0.60,48.06,2.05,162.08,2.65,210.13,"92,470.39"
1893,28/01/2019,MSN,"78,300","78,300","79,100","79,300","78,300","78,941",800,1.02,0.75,59.13,0.06,4.75,0.81,63.88,"92,005.13"
1894,25/01/2019,MSN,"78,000","78,000","78,300","78,600","77,800","78,142",300,0.38,0.68,52.94,0.35,27.35,1.03,80.29,"91,074.61"
1895,24/01/2019,MSN,"78,000","78,700","78,000","78,900","77,500","78,083",0,0.00,0.44,34.02,2.23,168.52,2.66,202.54,"90,725.66"
1896,23/01/2019,MSN,"80,100","80,100","78,000","80,100","78,000","79,029","-2,100",-2.62,0.71,55.93,0.22,17.39,0.93,73.32,"90,725.66"
1897,22/01/2019,MSN,"80,800","80,800","80,100","80,900","80,100","80,593",-700,-0.87,0.12,9.33,0.38,30.36,0.49,39.69,"93,168.28"
1898,21/01/2019,MSN,"81,000","81,000","80,800","81,300","80,600","80,992",-200,-0.25,0.27,21.54,0.56,45.31,0.83,66.86,"93,982.48"
1899,18/01/2019,MSN,"80,200","80,200","81,000","81,400","80,200","81,001",800,1.00,0.36,29.09,15.47,"1,165.33",15.83,"1,194.41","94,215.11"
1900,17/01/2019,MSN,"81,400","81,300","80,200","82,100","80,200","81,200","-1,200",-1.47,0.32,25.99,0.00,0.00,0.32,25.99,"93,284.59"
1901,16/01/2019,MSN,"81,900","82,000","81,400","82,600","81,400","81,981",-500,-0.61,0.48,39.60,0.19,15.82,0.68,55.42,"94,680.37"
1902,15/01/2019,MSN,"80,500","80,600","81,900","82,000","80,400","81,362","1,400",1.74,0.40,32.85,0.02,1.98,0.43,34.83,"95,261.95"
1903,14/01/2019,MSN,"80,700","80,700","80,500","81,300","80,300","80,752",-200,-0.25,0.27,21.71,0.17,13.74,0.44,35.45,"93,633.54"
1904,11/01/2019,MSN,"80,200","80,300","80,700","81,200","80,000","80,677",500,0.62,0.45,36.49,0.05,4.03,0.50,40.52,"93,866.17"
1905,10/01/2019,MSN,"79,000","79,000","80,200","81,100","79,000","80,328","1,200",1.52,0.45,36.22,0.06,4.94,0.51,41.16,"93,284.59"
1906,09/01/2019,MSN,"79,000","79,000","79,000","79,800","78,900","79,236",0,0.00,0.34,26.90,0.03,2.04,0.37,28.94,"91,888.81"
1907,08/01/2019,MSN,"78,200","78,200","79,000","79,100","78,100","78,739",800,1.02,0.28,22.03,0.18,13.95,0.46,35.98,"91,888.81"
1908,07/01/2019,MSN,"76,200","78,100","78,200","78,500","77,200","77,956","2,000",2.62,0.34,26.22,0.22,17.16,0.55,43.39,"90,958.29"
1909,04/01/2019,MSN,"78,000","77,000","76,200","77,500","75,500","76,423","-1,800",-2.31,0.46,35.39,0.18,13.68,0.64,49.07,"88,632.00"
1910,03/01/2019,MSN,"78,600","78,900","78,000","78,900","77,600","78,073",-600,-0.76,0.57,44.16,0.00,0.00,0.57,44.16,"90,725.66"
1911,02/01/2019,MSN,"77,500","78,900","78,600","78,900","78,200","78,504","1,100",1.42,0.43,34.05,0.07,5.28,0.50,39.33,"91,423.55"
1912,28/12/2018,MSN,"79,000","79,400","77,500","80,000","77,500","78,648","-1,500",-1.90,0.55,42.94,0.08,6.44,0.63,49.38,"90,144.09"
1913,27/12/2018,MSN,"79,000","80,000","79,000","80,500","79,000","79,699",0,0.00,0.43,33.95,0.10,7.90,0.53,41.85,"91,888.81"
1914,26/12/2018,MSN,"80,000","80,000","79,000","80,200","79,000","79,830","-1,000",-1.25,0.58,46.08,0.30,23.98,0.87,70.05,"91,888.81"
1915,25/12/2018,MSN,"79,000","78,900","80,000","80,400","77,900","78,839","1,000",1.27,0.56,44.31,0.00,0.00,0.56,44.31,"93,051.96"
1916,24/12/2018,MSN,"78,600","80,000","79,000","80,900","79,000","80,076",400,0.51,0.38,30.36,0.93,74.12,1.31,104.48,"91,888.81"
1917,21/12/2018,MSN,"81,000","80,800","78,600","81,900","78,600","79,001","-2,400",-2.96,2.41,190.17,0.00,0.00,2.41,190.17,"91,423.55"
1918,20/12/2018,MSN,"81,500","81,000","81,000","82,000","81,000","81,308",-500,-0.61,0.34,27.43,0.00,0.00,0.34,27.43,"94,215.11"
1919,19/12/2018,MSN,"81,200","81,100","81,500","82,300","81,000","81,495",300,0.37,0.33,26.54,0.08,6.25,0.40,32.79,"94,796.69"
1920,18/12/2018,MSN,"82,000","80,300","81,200","81,400","80,300","81,099",-800,-0.98,0.60,48.28,0.11,8.78,0.70,57.06,"94,447.74"
1921,17/12/2018,MSN,"85,500","84,200","82,000","85,400","82,000","83,295","-3,500",-4.09,0.61,50.47,0.00,0.00,0.61,50.47,"95,378.26"
1922,14/12/2018,MSN,"87,100","87,400","85,500","87,400","85,500","86,305","-1,600",-1.84,0.37,31.71,0.00,0.00,0.37,31.71,"99,449.29"
1923,13/12/2018,MSN,"87,000","88,000","87,100","88,200","86,800","87,629",100,0.11,0.63,55.27,0.28,24.87,0.91,80.14,"101,310.33"
1924,12/12/2018,MSN,"85,900","85,900","87,000","87,000","85,200","86,286","1,100",1.28,0.38,32.59,0.04,3.82,0.42,36.41,"101,194.01"
1925,11/12/2018,MSN,"85,600","85,200","85,900","86,100","85,200","85,684",300,0.35,0.65,55.40,0.00,0.00,0.65,55.40,"99,914.55"
1926,10/12/2018,MSN,"84,600","84,500","85,600","86,000","84,100","85,324","1,000",1.18,0.49,41.41,0.08,6.74,0.56,48.15,"99,565.60"
1927,07/12/2018,MSN,"83,800","84,000","84,600","85,400","84,000","84,799",800,0.95,0.81,68.82,1.21,95.82,2.02,164.64,"98,402.45"
1928,06/12/2018,MSN,"84,100","84,000","83,800","85,300","83,500","84,218",-300,-0.36,0.63,53.03,0.00,0.00,0.63,53.03,"97,471.93"
1929,05/12/2018,MSN,"84,100","83,500","84,100","84,100","82,500","83,585",0,0.00,0.64,53.71,0.48,40.51,1.13,94.23,"97,820.88"
1930,04/12/2018,MSN,"82,200","82,500","84,100","84,500","82,400","83,530","1,900",2.31,1.14,95.10,0.45,37.34,1.59,132.44,"97,820.88"
1931,03/12/2018,MSN,"80,000","81,500","82,200","82,400","81,300","82,017","2,200",2.75,0.74,60.67,0.25,20.00,0.99,80.67,"95,610.89"
1932,30/11/2018,MSN,"81,000","81,000","80,000","81,400","79,500","80,069","-1,000",-1.23,0.64,51.63,1.02,87.96,1.67,139.59,"93,051.96"
1933,29/11/2018,MSN,"81,300","82,500","81,000","82,500","81,000","81,788",-300,-0.37,0.36,29.42,0.09,7.53,0.45,36.95,"94,215.11"
1934,28/11/2018,MSN,"82,000","81,600","81,300","82,000","81,000","81,353",-700,-0.85,0.32,26.33,5.18,417.94,5.50,444.27,"94,564.06"
1935,27/11/2018,MSN,"82,100","82,100","82,000","83,000","81,900","82,398",-100,-0.12,0.42,34.69,0.00,0.00,0.42,34.69,"95,378.26"
1936,26/11/2018,MSN,"81,600","81,600","82,100","82,300","81,200","81,980",500,0.61,0.35,28.67,12.38,999.07,12.73,"1,027.73","95,494.58"
1937,23/11/2018,MSN,"82,000","82,000","81,600","82,300","81,500","81,999",-400,-0.49,0.45,36.90,0.00,0.00,0.45,36.90,"94,913.00"
1938,22/11/2018,MSN,"81,200","81,200","82,000","82,500","81,000","81,869",800,0.99,0.55,45.19,0.25,20.30,0.80,65.49,"95,378.26"
1939,21/11/2018,MSN,"81,800","80,000","81,200","81,500","80,000","80,953",-600,-0.73,0.28,22.84,0.00,0.00,0.28,22.84,"94,447.74"
1940,20/11/2018,MSN,"81,800","81,200","81,800","82,400","81,200","81,759",0,0.00,0.33,27.32,0.59,48.20,0.92,75.52,"95,145.63"
1941,19/11/2018,MSN,"79,600","79,600","81,800","82,000","79,600","80,883","2,200",2.76,0.26,21.05,0.07,5.83,0.33,26.88,"95,145.63"
1942,16/11/2018,MSN,"79,400","80,900","79,600","80,900","79,000","79,865",200,0.25,0.40,31.94,0.17,13.75,0.57,45.69,"92,586.70"
1943,15/11/2018,MSN,"79,000","79,800","79,400","79,900","78,400","79,155",400,0.51,0.38,30.39,0.00,0.00,0.38,30.39,"92,354.07"
1944,14/11/2018,MSN,"79,000","79,100","79,000","80,600","77,000","79,372",0,0.00,0.33,26.31,0.00,0.00,0.33,26.31,"91,888.81"
1945,13/11/2018,MSN,"83,600","82,000","79,000","82,100","79,000","80,380","-4,600",-5.50,0.58,46.31,0.00,0.00,0.58,46.31,"91,888.81"
1946,12/11/2018,MSN,"84,300","83,100","83,600","84,200","82,400","83,004",-700,-0.83,0.24,20.01,0.00,0.00,0.24,20.01,"97,239.30"
1947,09/11/2018,MSN,"84,500","84,000","84,300","84,500","82,700","83,817",-200,-0.24,0.58,48.38,0.02,1.69,0.60,50.07,"98,053.51"
1948,08/11/2018,MSN,"84,700","85,000","84,500","86,000","84,000","84,875",-200,-0.24,0.15,12.38,0.00,0.00,0.15,12.38,"98,286.14"
1949,07/11/2018,MSN,"84,000","84,500","84,700","85,400","83,700","84,765",700,0.83,0.89,75.67,0.00,0.00,0.89,75.67,"98,518.77"
1950,06/11/2018,MSN,"85,200","86,200","84,000","87,000","84,000","85,867","-1,200",-1.41,1.00,85.48,0.03,2.41,1.02,87.89,"97,704.56"
1951,05/11/2018,MSN,"84,500","82,700","85,200","85,200","82,700","84,188",700,0.83,0.54,45.19,0.47,36.95,1.01,82.14,"99,100.34"
1952,02/11/2018,MSN,"82,000","82,700","84,500","84,500","82,000","83,896","2,500",3.05,0.99,83.33,0.00,0.00,0.99,83.33,"98,286.14"
1953,01/11/2018,MSN,"83,000","82,500","82,000","83,600","81,200","82,303","-1,000",-1.20,0.83,68.40,27.41,"2,275.18",28.24,"2,343.58","95,378.26"
1954,31/10/2018,MSN,"78,000","79,000","83,000","83,000","78,500","81,087","5,000",6.41,1.01,81.74,1.19,97.60,2.19,179.33,"96,541.41"
1955,30/10/2018,MSN,"76,500","75,300","78,000","78,700","75,200","77,911","1,500",1.96,0.82,63.83,0.40,29.85,1.22,93.68,"90,725.66"
1956,29/10/2018,MSN,"76,500","75,000","76,500","76,600","74,700","76,287",0,0.00,0.73,55.58,0.00,0.00,0.73,55.58,"88,980.94"
1957,26/10/2018,MSN,"77,500","77,000","76,500","77,400","76,300","76,598","-1,000",-1.29,0.79,60.18,0.00,0.00,0.79,60.18,"88,980.94"
1958,25/10/2018,MSN,"75,000","71,000","77,500","77,500","71,000","74,518","2,500",3.33,2.12,157.81,0.40,29.85,2.52,187.66,"90,144.09"
1959,24/10/2018,MSN,"77,500","76,100","75,000","77,400","74,200","75,415","-2,500",-3.23,1.77,133.68,0.40,32.90,2.17,166.58,"87,236.22"
1960,23/10/2018,MSN,"79,200","79,000","77,500","79,000","75,100","77,911","-1,700",-2.15,1.94,151.42,0.37,28.82,2.31,180.24,"90,144.09"
1961,22/10/2018,MSN,"81,000","81,000","79,200","81,400","79,200","80,764","-1,800",-2.22,0.55,44.55,0.29,23.19,0.84,67.74,"92,121.44"
1962,19/10/2018,MSN,"80,200","79,100","81,000","81,000","78,500","80,060",800,1.00,1.12,89.63,1.64,131.35,2.76,220.98,"94,215.11"
1963,18/10/2018,MSN,"81,000","81,000","80,200","81,300","79,800","80,629",-800,-0.99,0.64,51.95,0.04,3.21,0.68,55.16,"93,284.59"
1964,17/10/2018,MSN,"78,600","80,000","81,000","81,800","79,500","80,571","2,400",3.05,0.99,80.04,0.12,9.48,1.11,89.51,"94,215.11"
1965,16/10/2018,MSN,"78,500","78,400","78,600","79,200","77,500","78,470",100,0.13,0.85,66.80,0.02,1.56,0.87,68.36,"91,423.55"
1966,15/10/2018,MSN,"81,300","81,000","78,500","81,000","78,000","79,638","-2,800",-3.44,1.24,98.95,0.39,30.85,1.63,129.80,"91,307.24"
1967,12/10/2018,MSN,"78,600","75,400","81,300","81,300","75,400","79,345","2,700",3.44,1.44,114.62,0.11,8.47,1.55,123.10,"94,564.06"
1968,11/10/2018,MSN,"84,500","80,700","78,600","81,900","78,600","79,025","-5,900",-6.98,2.38,187.69,0.04,3.14,2.42,190.83,"91,423.55"
1969,10/10/2018,MSN,"88,000","88,000","84,500","88,000","84,500","85,854","-3,500",-3.98,1.32,113.63,0.00,0.00,1.32,113.63,"98,286.14"
1970,09/10/2018,MSN,"89,800","89,800","88,000","90,000","88,000","89,177","-1,800",-2.00,0.67,59.75,0.32,28.97,0.99,88.72,"102,357.16"
1971,08/10/2018,MSN,"91,000","90,400","89,800","91,000","87,600","89,591","-1,200",-1.32,1.96,175.47,5.38,479.45,7.33,654.92,"104,450.83"
1972,05/10/2018,MSN,"93,900","93,800","91,000","93,800","90,900","92,002","-2,900",-3.09,1.59,146.39,59.73,"5,328.17",61.32,"5,474.56","105,846.61"
1973,04/10/2018,MSN,"93,200","93,300","93,900","93,900","92,800","93,477",700,0.75,1.44,134.74,0.00,0.00,1.44,134.74,"109,219.74"
1974,03/10/2018,MSN,"94,000","93,500","93,200","93,700","92,500","93,116",-800,-0.85,0.60,56.29,0.00,0.00,0.60,56.29,"108,405.54"
1975,02/10/2018,MSN,"93,900","93,900","94,000","94,100","90,600","93,087",100,0.11,2.31,214.77,109.90,"10,989.99",112.21,"11,204.77","99,005.46"
1976,01/10/2018,MSN,"92,800","92,800","93,900","93,900","91,600","92,841","1,100",1.19,1.29,119.95,0.11,10.04,1.40,129.98,"98,900.14"
1977,28/09/2018,MSN,"92,500","93,400","92,800","93,400","91,500","92,406",300,0.32,0.69,63.48,0.00,0.00,0.69,63.48,"97,741.56"
1978,27/09/2018,MSN,"93,500","93,500","92,500","94,000","92,000","92,731","-1,000",-1.07,0.44,41.08,0.34,31.29,0.78,72.37,"97,425.59"
1979,26/09/2018,MSN,"94,400","93,500","93,500","94,200","93,300","93,687",-900,-0.95,0.66,61.80,0.00,0.00,0.66,61.80,"98,478.84"
1980,25/09/2018,MSN,"94,500","95,500","94,400","95,900","93,900","94,433",-100,-0.11,0.29,27.36,0.97,91.95,1.26,119.31,"99,426.76"
1981,24/09/2018,MSN,"91,000","93,000","94,500","95,000","92,900","94,125","3,500",3.85,0.56,52.54,1.41,133.41,1.97,185.95,"99,532.09"
1982,21/09/2018,MSN,"92,500","92,500","91,000","94,700","91,000","91,365","-1,500",-1.62,3.71,339.15,0.00,0.00,3.71,339.15,"95,845.72"
1983,20/09/2018,MSN,"91,200","91,500","92,500","92,700","91,500","92,368","1,300",1.43,0.64,58.93,0.60,54.99,1.23,113.92,"97,425.59"
1984,19/09/2018,MSN,"90,100","92,000","91,200","93,000","91,000","91,686","1,100",1.22,0.45,41.03,0.93,86.03,1.37,127.05,"96,056.36"
1985,18/09/2018,MSN,"91,600","91,500","90,100","91,500","89,100","90,180","-1,500",-1.64,0.28,25.32,0.51,45.88,0.79,71.20,"94,897.79"
1986,17/09/2018,MSN,"91,600","91,100","91,600","91,600","88,900","90,382",0,0.00,0.49,44.32,0.05,4.12,0.54,48.44,"96,477.66"
1987,14/09/2018,MSN,"92,400","92,400","91,600","92,400","91,500","91,890",-800,-0.87,0.42,38.87,1.41,130.48,1.83,169.35,"96,477.66"
1988,13/09/2018,MSN,"92,600","91,700","92,400","94,000","91,700","92,343",-200,-0.22,0.24,22.27,0.16,14.77,0.40,37.05,"97,320.26"
1989,12/09/2018,MSN,"92,500","93,600","92,600","94,500","92,600","93,860",100,0.11,0.31,29.49,0.00,0.00,0.31,29.49,"97,530.91"
1990,11/09/2018,MSN,"91,500","92,000","92,500","92,600","90,000","91,712","1,000",1.09,0.50,45.86,0.00,0.00,0.50,45.86,"97,425.59"
1991,10/09/2018,MSN,"95,000","94,100","91,500","95,000","91,500","93,171","-3,500",-3.68,0.39,36.59,0.12,10.82,0.51,47.41,"96,372.34"
1992,07/09/2018,MSN,"94,800","94,300","95,000","95,000","93,600","94,183",200,0.21,0.22,20.56,0.23,21.66,0.45,42.22,"100,058.71"
1993,06/09/2018,MSN,"93,000","93,000","94,800","95,500","92,900","94,478","1,800",1.94,0.50,47.36,0.79,74.08,1.30,121.44,"99,848.06"
1994,05/09/2018,MSN,"94,000","93,700","93,000","94,600","92,600","93,687","-1,000",-1.06,0.54,50.76,0.75,68.64,1.29,119.40,"97,952.21"
1995,04/09/2018,MSN,"95,000","95,000","94,000","96,300","94,000","95,531","-1,000",-1.05,0.82,78.54,0.00,0.00,0.82,78.54,"99,005.46"
1996,31/08/2018,MSN,"97,000","95,600","95,000","97,200","94,800","96,428","-2,000",-2.06,0.75,72.29,0.00,0.00,0.75,72.29,"100,058.71"
1997,30/08/2018,MSN,"91,000","92,000","97,000","97,000","91,500","93,482","6,000",6.59,0.74,69.55,0.00,0.00,0.74,69.55,"102,165.21"
1998,29/08/2018,MSN,"91,400","92,000","91,000","93,200","91,000","92,757",-400,-0.44,0.76,70.56,0.13,12.19,0.89,82.75,"95,845.72"
1999,28/08/2018,MSN,"91,200","92,000","91,400","92,000","91,000","91,449",200,0.22,0.32,28.81,0.00,0.00,0.32,28.81,"96,267.01"
2000,27/08/2018,MSN,"90,600","90,600","91,200","91,800","90,500","91,019",600,0.66,0.32,28.89,0.16,14.56,0.48,43.45,"96,056.36"
2001,24/08/2018,MSN,"91,200","91,200","90,600","92,000","90,600","91,105",-600,-0.66,0.47,42.54,0.23,20.81,0.69,63.35,"95,424.42"
2002,23/08/2018,MSN,"92,000","92,800","91,200","92,900","91,200","91,974",-800,-0.87,0.27,24.75,0.00,0.00,0.27,24.75,"96,056.36"
2003,22/08/2018,MSN,"90,300","90,800","92,000","92,300","90,500","91,747","1,700",1.88,0.36,33.17,0.60,55.44,0.96,88.61,"96,898.96"
2004,21/08/2018,MSN,"89,900","90,800","90,300","91,800","90,000","90,840",400,0.44,0.29,26.55,0.23,20.60,0.52,47.14,"95,108.44"
2005,20/08/2018,MSN,"89,600","90,500","89,900","90,500","89,300","89,665",300,0.33,0.26,22.97,0.00,0.00,0.26,22.97,"94,687.14"
2006,17/08/2018,MSN,"90,000","90,800","89,600","91,300","89,500","90,211",-400,-0.44,0.36,32.16,0.05,4.41,0.41,36.57,"94,371.17"
2007,16/08/2018,MSN,"91,500","90,100","90,000","91,100","88,600",0,"-1,500",-1.64,0.52,46.59,0.33,29.22,0.85,75.81,"94,792.47"
2008,15/08/2018,MSN,"93,500","93,500","91,500","93,800","91,500","92,974","-2,000",-2.14,0.32,29.96,3.27,291.37,3.59,321.33,"96,372.34"
2009,14/08/2018,MSN,"90,900","90,900","93,500","93,500","89,900","91,705","2,600",2.86,0.60,54.84,0.08,7.56,0.68,62.39,"98,478.84"
2010,13/08/2018,MSN,"89,000","88,300","90,900","91,800","87,900","89,807","1,900",2.13,0.74,66.89,0.00,0.00,0.74,66.89,"95,740.39"
2011,10/08/2018,MSN,"89,900","88,700","89,000","89,500","87,800","88,557",-900,-1.00,0.89,78.48,0.31,27.27,1.19,105.74,"93,739.22"
2012,09/08/2018,MSN,"90,000","90,000","89,900","90,900","88,900","89,847",-100,-0.11,0.33,29.95,1.13,102.21,1.46,132.15,"94,687.14"
2013,08/08/2018,MSN,"90,000","90,000","90,000","90,000","88,500","89,217",0,0.00,0.41,36.18,0.91,81.35,1.31,117.53,"94,792.47"
2014,07/08/2018,MSN,"87,400","87,400","90,000","90,600","87,000","88,911","2,600",2.97,0.68,60.05,2.86,255.09,3.54,315.15,"94,792.47"
2015,06/08/2018,MSN,"85,000","85,000","87,400","88,400","84,500","86,422","2,400",2.82,0.64,54.97,0.00,0.00,0.64,54.97,"92,054.02"
2016,03/08/2018,MSN,"84,200","85,100","85,000","85,200","84,200","84,723",800,0.95,0.48,40.54,0.14,11.85,0.62,52.40,"89,526.22"
2017,02/08/2018,MSN,"84,200","84,200","84,200","84,800","83,400","84,130",0,0.00,0.49,41.35,0.09,7.59,0.58,48.93,"88,683.62"
2018,01/08/2018,MSN,"84,200","84,500","84,200","84,500","82,700","83,635",0,0.00,0.30,25.07,0.00,0.00,0.30,25.07,"88,683.62"
2019,31/07/2018,MSN,"81,400","81,000","84,200","84,600","81,000","83,642","2,800",3.44,0.91,76.19,0.00,0.00,0.91,76.19,"88,683.62"
2020,30/07/2018,MSN,"81,300","81,800","81,400","81,800","80,000","80,894",100,0.12,0.52,41.74,0.00,0.00,0.52,41.74,"85,734.52"
2021,27/07/2018,MSN,"81,000","80,800","81,300","81,500","79,900","80,847",300,0.37,0.53,42.51,0.09,7.13,0.61,49.64,"85,629.19"
2022,26/07/2018,MSN,"81,000","81,900","81,000","82,100","80,000","81,079",0,0.00,0.43,35.17,0.27,22.23,0.71,57.40,"85,313.22"
2023,25/07/2018,MSN,"80,500","80,500","81,000","84,000","79,900","82,234",500,0.62,0.94,76.91,0.00,0.00,0.94,76.91,"85,313.22"
2024,24/07/2018,MSN,"79,100","79,100","80,500","81,200","78,200","80,302","1,400",1.77,1.01,81.06,0.00,0.00,1.01,81.06,"84,786.59"
2025,23/07/2018,MSN,"79,100","79,000","79,100","81,200","78,600","79,780",0,0.00,1.16,92.69,1.25,99.09,2.41,191.78,"83,312.04"
2026,20/07/2018,MSN,"79,100","79,600","79,100","80,000","78,100","78,915",0,0.00,0.77,60.53,0.00,0.00,0.77,60.53,"83,312.04"
2027,19/07/2018,MSN,"76,000","77,000","79,100","80,500","76,800","79,006","3,100",4.08,0.76,60.12,1.26,100.16,2.03,160.29,"83,312.04"
2028,18/07/2018,MSN,"74,500","74,500","76,000","77,000","74,200","75,457","1,500",2.01,1.23,92.83,0.00,0.00,1.23,92.83,"80,046.97"
2029,17/07/2018,MSN,"74,200","73,300","74,500","74,500","73,300","74,001",300,0.40,0.55,40.65,0.00,0.00,0.55,40.65,"78,467.10"
2030,16/07/2018,MSN,"74,900","74,500","74,200","75,200","73,900","74,533",-700,-0.93,1.01,75.40,0.00,0.00,1.01,75.40,"78,151.12"
2031,13/07/2018,MSN,"74,000","74,000","74,900","75,400","73,500","74,588",900,1.22,0.45,33.80,0.00,0.00,0.45,33.80,"78,888.40"
2032,12/07/2018,MSN,"74,000","72,700","74,000","74,000","72,600","73,829",0,0.00,0.52,38.50,0.00,0.00,0.52,38.50,"77,940.47"
2033,11/07/2018,MSN,"74,200","74,000","74,000","74,200","72,600","73,806",-200,-0.27,0.96,71.02,0.15,11.07,1.11,82.09,"77,940.47"
2034,10/07/2018,MSN,"74,200","74,000","74,200","74,900","73,900","74,129",0,0.00,0.50,36.76,0.00,0.00,0.50,36.76,"78,151.12"
2035,09/07/2018,MSN,"74,000","74,000","74,200","76,000","73,100","74,052",200,0.27,0.41,30.73,0.10,7.41,0.51,38.14,"78,151.12"
2036,06/07/2018,MSN,"73,900","71,800","74,000","74,100","71,100","73,761",100,0.14,1.49,110.25,0.00,0.00,1.49,110.25,"77,940.47"
2037,05/07/2018,MSN,"74,100","73,200","73,900","74,100","71,800","73,487",-200,-0.27,1.27,93.20,0.26,18.82,1.52,112.01,"77,835.15"
2038,04/07/2018,MSN,"74,000","73,000","74,100","74,600","71,000","73,798",100,0.14,0.97,71.39,0.00,0.00,0.97,71.39,"78,045.80"
2039,03/07/2018,MSN,"76,000","76,000","74,000","76,500","72,100","74,931","-2,000",-2.63,1.22,91.77,0.15,11.56,1.38,103.33,"77,940.47"
2040,02/07/2018,MSN,"79,000","77,400","76,000","78,900","73,500","74,973","-3,000",-3.80,1.50,112.74,0.00,0.00,1.50,112.74,"80,046.97"
2041,29/06/2018,MSN,"79,000","77,200","79,000","79,500","77,200","78,418",0,0.00,0.68,53.62,0.14,10.77,0.82,64.38,"83,206.72"
2042,28/06/2018,MSN,"81,000","80,000","79,000","80,900","77,000","78,913","-2,000",-2.47,0.81,63.99,0.26,19.65,1.07,83.64,"83,206.72"
2043,27/06/2018,MSN,"82,500","82,500","81,000","83,000","80,000","81,090","-1,500",-1.82,0.42,33.91,0.00,0.00,0.42,33.91,"85,313.22"
2044,26/06/2018,MSN,"83,000","82,500","82,500","82,500","80,900","81,682",-500,-0.60,0.26,21.12,0.19,15.82,0.45,36.94,"86,893.09"
2045,25/06/2018,MSN,"81,000","83,500","83,000","83,500","81,500","82,842","2,000",2.47,0.46,37.96,0.56,45.36,1.02,83.32,"87,419.72"
2046,22/06/2018,MSN,"81,000","81,000","81,000","81,000","79,100","80,261",0,0.00,0.61,48.71,0.00,0.00,0.61,48.71,"85,313.22"
2047,21/06/2018,MSN,"81,000","81,000","81,000","81,400","79,700","80,494",0,0.00,0.61,49.05,0.00,0.00,0.61,49.05,"85,313.22"
2048,20/06/2018,MSN,"80,000","80,000","81,000","81,900","78,000","80,002","1,000",1.25,0.99,78.92,0.00,0.00,0.99,78.92,"85,313.22"
2049,19/06/2018,MSN,"84,000","82,000","80,000","82,000","79,000","80,139","-4,000",-4.76,1.50,120.42,0.00,0.00,1.50,120.42,"84,259.97"
2050,18/06/2018,MSN,"85,000","84,000","84,000","85,000","81,500","83,803","-1,000",-1.18,0.83,69.21,0.21,17.56,1.03,86.77,"88,472.97"
2051,15/06/2018,MSN,"84,500","83,900","85,000","85,000","83,100","84,644",500,0.59,1.13,95.26,0.25,21.16,1.38,116.42,"89,526.22"
2052,14/06/2018,MSN,"83,500","84,500","84,500","85,300","83,100","84,517","1,000",1.20,0.75,63.74,0.00,0.00,0.75,63.74,"88,511.56"
2053,13/06/2018,MSN,"82,400","83,000","83,500","83,600","82,400","83,015","1,100",1.33,0.67,55.24,0.35,29.33,1.01,84.57,"87,464.08"
2054,12/06/2018,MSN,"85,000","84,000","82,400","84,000","79,500","81,995","-2,600",-3.06,1.39,113.84,0.57,47.96,1.96,161.80,"86,311.86"
2055,11/06/2018,MSN,"86,000","86,000","85,000","86,700","85,000","85,803","-1,000",-1.16,0.88,75.61,0.00,0.00,0.88,75.61,"89,035.29"
2056,08/06/2018,MSN,"87,300","87,300","86,000","87,800","85,600","86,625","-1,300",-1.49,0.67,58.29,0.08,7.05,0.75,65.33,"90,082.77"
2057,07/06/2018,MSN,"85,500","86,400","87,300","89,400","86,000","88,092","1,800",2.11,1.15,101.16,0.18,16.13,1.33,117.29,"91,444.48"
2058,06/06/2018,MSN,"85,400","85,400","85,500","85,500","84,500","84,973",100,0.12,1.17,99.49,0.45,38.57,1.62,138.06,"89,559.03"
2059,05/06/2018,MSN,"84,200","84,200","85,400","86,800","84,100","85,630","1,200",1.43,2.04,174.41,0.43,37.23,2.47,211.64,"89,454.28"
2060,04/06/2018,MSN,"83,900","84,900","84,200","84,900","83,600","84,176",300,0.36,1.03,87.00,0.44,37.08,1.47,124.08,"88,197.31"
2061,01/06/2018,MSN,"81,000","82,000","83,900","83,900","81,000","82,687","2,900",3.58,1.03,84.95,0.17,13.82,1.19,98.77,"87,883.07"
2062,31/05/2018,MSN,"80,000","79,000","81,000","84,500","79,000","79,878","1,000",1.25,1.46,117.01,0.34,26.84,1.80,143.85,"84,845.40"
2063,30/05/2018,MSN,"80,000","80,000","80,000","81,500","77,200","78,291",0,0.00,1.34,104.72,0.42,32.65,1.76,137.37,"83,797.92"
2064,29/05/2018,MSN,"80,000","78,000","80,000","82,500","75,500","78,447",0,0.00,1.17,92.16,0.00,0.00,1.17,92.16,"83,797.92"
2065,28/05/2018,MSN,"83,500","81,500","80,000","82,500","77,700","80,405","-3,500",-4.19,1.57,126.44,0.06,5.52,1.63,131.96,"83,797.92"
2066,25/05/2018,MSN,"84,500","84,000","83,500","84,500","82,500","83,466","-1,000",-1.18,0.78,64.83,0.00,0.00,0.78,64.83,"87,464.08"
2067,24/05/2018,MSN,"85,000","85,000","84,500","85,300","83,000","83,986",-500,-0.59,1.05,88.48,0.15,12.26,1.20,100.74,"88,511.56"
2068,23/05/2018,MSN,"85,000","83,200","85,000","85,200","83,000","84,453",0,0.00,1.42,119.89,0.05,4.23,1.47,124.11,"89,035.29"
2069,22/05/2018,MSN,"89,000","88,000","85,000","89,900","82,800","84,690","-4,000",-4.49,1.13,95.39,0.00,0.00,1.13,95.39,"89,035.29"
2070,21/05/2018,MSN,"92,500","92,500","89,000","93,500","89,000","91,626","-3,500",-3.78,0.50,45.43,0.00,0.00,0.50,45.43,"93,225.19"
2071,18/05/2018,MSN,"87,000","88,000","92,500","92,500","87,500","88,970","5,500",6.32,0.89,78.80,0.00,0.00,0.89,78.80,"96,891.35"
2072,17/05/2018,MSN,"92,900","92,700","87,000","93,900","87,000","89,940","-5,900",-6.35,1.14,102.79,0.00,0.00,1.14,102.79,"91,130.24"
2073,16/05/2018,MSN,"96,200","96,200","92,900","96,200","92,600","94,203","-3,300",-3.43,0.46,43.49,0.00,0.00,0.46,43.49,"97,310.34"
2074,15/05/2018,MSN,"98,000","99,000","96,200","99,400","96,000","98,463","-1,800",-1.84,0.74,72.75,0.00,0.00,0.74,72.75,"100,767.00"
2075,14/05/2018,MSN,"93,900","94,500","98,000","98,500","93,500","96,107","4,100",4.37,0.72,69.45,0.79,74.90,1.51,144.34,"102,652.46"
2076,11/05/2018,MSN,"94,000","94,000","93,900","94,800","92,500","93,600",-100,-0.11,0.32,29.82,0.09,8.42,0.41,38.24,"98,357.81"
2077,10/05/2018,MSN,"95,000","95,000","94,000","96,500","92,000","94,404","-1,000",-1.05,0.62,58.86,0.00,0.00,0.62,58.86,"98,462.56"
2078,09/05/2018,MSN,"97,000","97,000","95,000","98,000","94,500","96,653","-2,000",-2.06,0.93,90.08,0.14,13.34,1.07,103.41,"99,510.03"
2079,08/05/2018,MSN,"96,500","96,500","97,000","98,500","93,100","97,730",500,0.52,0.88,85.79,0.10,9.77,0.98,95.57,"101,604.98"
2080,07/05/2018,MSN,"91,500","91,500","96,500","97,000","91,000","94,470","5,000",5.46,0.69,64.98,0.00,0.00,0.69,64.98,"101,081.25"
2081,04/05/2018,MSN,"92,000","92,000","91,500","93,900","90,600","91,953",-500,-0.54,0.39,35.94,0.06,6.08,0.45,42.01,"95,843.87"
2082,03/05/2018,MSN,"93,400","93,400","92,000","93,500","91,500","92,478","-1,400",-1.50,1.15,106.18,0.00,0.00,1.15,106.18,"96,367.61"
2083,02/05/2018,MSN,"91,800","92,500","93,400","93,700","91,800","92,732","1,600",1.74,0.90,83.13,0.00,0.00,0.90,83.13,"97,834.08"
2084,27/04/2018,MSN,"89,200","87,300","91,800","93,000","87,000","90,997","2,600",2.91,0.75,67.97,0.30,27.04,1.05,95.01,"96,158.12"
2085,26/04/2018,MSN,"95,800","95,000","89,200","95,000","89,100","91,021","-6,600",-6.89,1.45,131.54,0.42,40.00,1.87,171.54,"93,434.68"
2086,24/04/2018,MSN,"95,000","95,000","95,800","96,000","89,000","94,036",800,0.84,1.41,132.42,0.14,12.56,1.55,144.98,"100,348.01"
2087,23/04/2018,MSN,"96,200","96,200","95,000","98,000","94,000","95,274","-1,200",-1.25,1.49,142.01,0.00,0.00,1.49,142.01,"99,510.03"
2088,20/04/2018,MSN,"93,000","90,500","96,200","96,200","86,800","90,016","3,200",3.44,2.40,216.22,0.20,18.63,2.60,234.85,"100,767.00"
2089,19/04/2018,MSN,"100,000","100,000","93,000","100,000","93,000","95,309","-7,000",-7.00,2.13,203.32,0.20,19.50,2.33,222.82,"97,415.09"
2090,18/04/2018,MSN,"104,000","104,000","100,000","105,000","99,100","101,137","-4,000",-3.85,1.09,110.09,0.80,83.20,1.89,193.29,"104,747.40"
2091,17/04/2018,MSN,"104,300","106,000","104,000","106,000","103,500","104,503",-300,-0.29,0.66,68.71,0.65,67.80,1.31,136.51,"108,937.30"
2092,16/04/2018,MSN,"102,500","104,000","104,300","106,800","103,500","104,861","1,800",1.76,0.86,90.17,23.41,"2,236.22",24.27,"2,326.39","109,251.54"
2093,13/04/2018,MSN,"102,000","102,000","102,500","103,300","100,000","101,640",500,0.49,0.71,71.82,16.00,"1,520.00",16.71,"1,591.82","107,366.09"
2094,12/04/2018,MSN,"98,000","98,000","102,000","102,800","97,000","100,024","4,000",4.08,0.76,75.58,0.00,0.00,0.76,75.58,"106,842.35"
2095,11/04/2018,MSN,"105,000","105,000","98,000","106,500","98,000","101,688","-7,000",-6.67,1.69,171.72,0.05,4.95,1.74,176.67,"102,652.46"
2096,10/04/2018,MSN,"107,000","109,000","105,000","109,000","104,100","105,641","-2,000",-1.87,0.81,85.89,0.42,44.03,1.23,129.92,"109,984.77"
2097,09/04/2018,MSN,"106,800","105,000","107,000","109,800","102,000","104,536",200,0.19,1.64,171.73,0.43,45.10,2.07,216.82,"112,079.72"
2098,06/04/2018,MSN,"109,500","109,500","106,800","112,000","105,000","108,621","-2,700",-2.47,0.88,95.60,0.00,0.00,0.88,95.60,"111,870.23"
2099,05/04/2018,MSN,"110,000","112,000","109,500","112,800","109,000","110,305",-500,-0.45,0.62,68.00,0.00,0.00,0.62,68.00,"114,698.41"
2100,04/04/2018,MSN,"113,000","113,000","110,000","114,900","110,000","112,011","-3,000",-2.65,1.27,141.84,0.43,48.77,1.70,190.62,"115,222.14"
2101,03/04/2018,MSN,"114,600","115,000","113,000","115,000","111,800","113,306","-1,600",-1.40,0.93,105.41,0.30,33.99,1.23,139.40,"118,364.57"
2102,02/04/2018,MSN,"113,500","113,000","114,600","118,000","113,000","115,863","1,100",0.97,1.03,119.87,0.25,28.38,1.28,148.24,"120,040.53"
2103,30/03/2018,MSN,"109,500","109,000","113,500","115,000","106,800","110,026","4,000",3.65,0.63,68.78,0.68,74.75,1.30,143.54,"118,888.30"
2104,29/03/2018,MSN,"110,400","111,500","109,500","112,000","108,000","110,650",-900,-0.82,0.52,57.03,0.62,68.66,1.14,125.69,"114,698.41"
2105,28/03/2018,MSN,"109,000","109,000","110,400","110,400","107,000","109,679","1,400",1.28,0.45,49.43,0.00,0.00,0.45,49.43,"115,641.13"
2106,27/03/2018,MSN,"109,100","111,000","109,000","114,000","109,000","110,551",-100,-0.09,0.97,107.13,0.17,18.61,1.14,125.73,"114,174.67"
2107,26/03/2018,MSN,"102,000","102,000","109,100","109,100","100,900","106,684","7,100",6.96,1.33,141.53,0.28,28.48,1.61,170.02,"114,279.42"
2108,23/03/2018,MSN,"103,600","99,500","102,000","103,000","99,500","101,321","-1,600",-1.54,0.95,95.93,1.57,157.21,2.52,253.14,"106,842.35"
2109,22/03/2018,MSN,"102,400","102,500","103,600","104,500","102,500","103,669","1,200",1.17,0.77,80.11,0.00,0.00,0.77,80.11,"108,518.31"
2110,21/03/2018,MSN,"100,500","100,500","102,400","103,400","99,600","100,891","1,900",1.89,0.90,90.94,2.01,204.99,2.91,295.92,"107,261.34"
2111,20/03/2018,MSN,"94,300","94,700","100,500","100,500","94,300","98,053","6,200",6.57,0.98,96.28,0.68,66.80,1.66,163.07,"105,271.14"
2112,19/03/2018,MSN,"92,000","92,000","94,300","94,300","92,000","93,538","2,300",2.50,0.37,34.50,0.20,18.71,0.57,53.20,"98,776.80"
2113,16/03/2018,MSN,"93,000","94,200","92,000","94,200","92,000","92,327","-1,000",-1.08,3.69,340.25,0.30,27.60,3.99,367.85,"96,367.61"
2114,15/03/2018,MSN,"94,000","95,000","93,000","95,000","93,000","93,960","-1,000",-1.06,0.46,42.94,0.00,0.00,0.46,42.94,"97,415.09"
2115,14/03/2018,MSN,"95,000","94,200","94,000","95,400","94,000","94,594","-1,000",-1.05,0.32,29.85,0.00,0.00,0.32,29.85,"98,462.56"
2116,13/03/2018,MSN,"95,200","95,200","95,000","95,200","93,500","94,405",-200,-0.21,0.26,24.84,0.13,12.27,0.39,37.11,"99,510.03"
2117,12/03/2018,MSN,"94,100","95,000","95,200","95,700","94,200","94,955","1,100",1.17,0.19,18.16,0.63,59.41,0.82,77.57,"99,719.53"
2118,09/03/2018,MSN,"94,000","95,000","94,100","96,000","93,900","94,955",100,0.11,0.40,37.83,0.38,35.99,0.78,73.82,"98,567.31"
2119,08/03/2018,MSN,"91,400","91,400","94,000","95,000","91,200","93,376","2,600",2.84,0.83,77.49,0.45,42.35,1.28,119.83,"98,462.56"
2120,07/03/2018,MSN,"90,500","90,600","91,400","91,700","90,400","90,907",900,0.99,1.14,103.72,0.13,12.03,1.27,115.75,"95,739.13"
2121,06/03/2018,MSN,"91,000","91,000","90,500","91,600","90,500","90,958",-500,-0.55,0.85,77.02,0.06,5.82,0.91,82.84,"94,796.40"
2122,05/03/2018,MSN,"91,500","93,000","91,000","93,000","91,000","91,912",-500,-0.55,0.70,64.76,0.12,10.84,0.82,75.60,"95,320.14"
2123,02/03/2018,MSN,"91,000","91,000","91,500","93,200","89,500","91,894",500,0.55,0.27,24.40,0.36,32.99,0.62,57.39,"95,843.87"
2124,01/03/2018,MSN,"89,200","90,000","91,000","91,500","89,300","90,206","1,800",2.02,0.69,61.92,0.00,0.00,0.69,61.92,"95,320.14"
2125,28/02/2018,MSN,"91,400","91,000","89,200","92,500","89,200","90,651","-2,200",-2.41,1.15,104.51,0.03,2.91,1.18,107.42,"93,434.68"
2126,27/02/2018,MSN,"89,900","91,500","91,400","92,000","90,400","91,276","1,500",1.67,0.57,51.81,0.00,0.00,0.57,51.81,"95,739.13"
2127,26/02/2018,MSN,"89,800","91,000","89,900","93,000","89,900","91,672",100,0.11,0.59,54.32,0.00,0.00,0.59,54.32,"94,167.92"
2128,23/02/2018,MSN,"88,000","89,000","89,800","90,700","88,100","89,640","1,800",2.05,0.65,58.55,0.00,0.00,0.65,58.55,"94,063.17"
2129,22/02/2018,MSN,"89,500","88,000","88,000","90,000","88,000","89,018","-1,500",-1.68,0.40,35.81,0.47,41.39,0.87,77.20,"92,177.72"
2130,21/02/2018,MSN,"85,600","85,600","89,500","90,000","85,600","88,523","3,900",4.56,0.33,28.88,0.87,77.13,1.19,106.00,"93,748.93"
2131,13/02/2018,MSN,"85,000","85,000","85,600","87,000","85,000","85,909",600,0.71,0.49,41.75,0.00,0.00,0.49,41.75,"89,663.78"
2132,12/02/2018,MSN,"82,200","84,000","85,000","85,000","81,100","83,613","2,800",3.41,1.00,83.39,0.00,0.00,1.00,83.39,"89,035.29"
2133,09/02/2018,MSN,"85,000","81,000","82,200","83,000","79,500","81,469","-2,800",-3.29,0.95,77.26,0.00,0.00,0.95,77.26,"86,102.37"
2134,08/02/2018,MSN,"83,000","83,900","85,000","86,400","82,500","85,428","2,000",2.41,0.47,40.29,0.00,0.00,0.47,40.29,"89,035.29"
2135,07/02/2018,MSN,"86,000","86,000","83,000","86,500","83,000","84,657","-3,000",-3.49,0.57,47.95,0.00,0.00,0.57,47.95,"86,940.35"
2136,06/02/2018,MSN,"84,700","78,800","86,000","86,000","78,800","79,612","1,300",1.53,1.87,148.94,0.00,0.00,1.87,148.94,"90,082.77"
2137,05/02/2018,MSN,"91,000","85,500","84,700","87,000","84,700","85,133","-6,300",-6.92,0.66,56.28,0.47,39.64,1.13,95.92,"88,721.05"
2138,02/02/2018,MSN,"92,100","92,000","91,000","92,500","86,700","89,355","-1,100",-1.19,0.67,59.80,0.12,10.37,0.79,70.17,"95,320.14"
2139,01/02/2018,MSN,"92,100","94,000","92,100","94,000","90,500","92,506",0,0.00,0.72,67.05,0.12,11.05,0.84,78.10,"96,472.36"
2140,31/01/2018,MSN,"90,800","90,800","92,100","95,000","90,600","93,381","1,300",1.43,1.08,101.11,0.25,23.35,1.33,124.46,"96,472.36"
2141,30/01/2018,MSN,"94,500","94,500","90,800","94,800","90,000","92,649","-3,700",-3.92,0.65,60.28,0.00,0.00,0.65,60.28,"95,110.64"
2142,29/01/2018,MSN,"97,500","97,500","94,500","98,000","94,200","95,489","-3,000",-3.08,0.36,34.69,0.22,21.09,0.58,55.79,"98,986.30"
2143,26/01/2018,MSN,"97,200","97,300","97,500","98,200","95,100","97,249",300,0.31,0.63,61.20,0.09,8.46,0.71,69.66,"102,128.72"
2144,25/01/2018,MSN,"92,500","93,000","97,200","97,500","93,000","95,423","4,700",5.08,1.03,98.75,1.03,96.58,2.07,195.33,"101,814.48"
2145,22/01/2018,MSN,"87,500","89,000","92,500","93,500","89,000","91,503","5,000",5.71,0.58,52.96,0.84,75.35,1.42,128.31,"96,891.35"
2146,19/01/2018,MSN,"92,000","92,000","87,500","92,200","87,500","89,615","-4,500",-4.89,1.28,114.83,0.00,0.00,1.28,114.83,"91,653.98"
2147,18/01/2018,MSN,"90,200","90,000","92,000","92,000","87,500","89,478","1,800",2.00,0.49,44.21,2.11,185.61,2.60,229.82,"96,367.61"
2148,17/01/2018,MSN,"92,400","90,200","90,200","92,600","90,200","91,525","-2,200",-2.38,0.33,30.58,1.59,145.94,1.93,176.53,"94,482.16"
2149,16/01/2018,MSN,"92,800","92,400","92,400","92,800","90,400","92,009",-400,-0.43,0.66,60.55,0.81,74.28,1.47,134.83,"96,786.60"
2150,15/01/2018,MSN,"93,000","93,300","92,800","93,700","90,100","91,855",-200,-0.22,0.88,80.91,0.54,49.58,1.42,130.49,"97,205.59"
2151,12/01/2018,MSN,"90,000","93,000","93,000","93,500","90,000","91,908","3,000",3.33,0.51,47.23,0.70,64.33,1.21,111.56,"97,415.09"
2152,11/01/2018,MSN,"87,000","85,700","90,000","90,000","85,700","88,217","3,000",3.45,0.65,57.39,0.89,78.17,1.54,135.56,"94,272.66"
2153,10/01/2018,MSN,"90,000","90,000","87,000","90,000","86,800","88,185","-3,000",-3.33,0.69,60.95,0.43,38.08,1.12,99.03,"91,130.24"
2154,09/01/2018,MSN,"88,800","88,800","90,000","90,600","88,200","89,426","1,200",1.35,0.52,46.28,0.00,0.00,0.52,46.28,"94,272.66"
2155,08/01/2018,MSN,"84,700","84,900","88,800","88,800","83,600","85,984","4,100",4.84,0.57,48.76,0.74,63.11,1.31,111.87,"93,015.69"
2156,05/01/2018,MSN,"82,500","82,500","84,700","85,000","81,800","84,061","2,200",2.67,0.55,46.56,0.00,0.00,0.55,46.56,"88,721.05"
2157,04/01/2018,MSN,"82,500","81,900","82,500","83,400","81,500","82,343",0,0.00,0.75,61.75,0.00,0.00,0.75,61.75,"86,416.61"
2158,03/01/2018,MSN,"80,000","80,000","82,500","84,300","80,000","82,865","2,500",3.13,0.70,57.97,0.00,0.00,0.70,57.97,"86,416.61"
2159,02/01/2018,MSN,"76,700","77,000","80,000","80,000","76,700","78,661","3,300",4.30,0.53,42.00,0.60,47.44,1.13,89.44,"83,797.92"
