No,Date,Ticker,Reference,Open_price,Close_price,Highest_price,Lowest_price,Average,Change,Change_percent,Matched_volume,Matched_value,Negotiated_volume,Negotiated_value,Total_volume,Total_value,Market_cap
1,28/08/2026,SSB,"16,000","16,000","17,100","17,100","16,000","16,880","1,100",6.88,4.91,82.78,0.45,7.70,5.36,90.47,"58,632.48"
2,27/08/2026,SSB,"16,000","15,850","16,000","16,050","15,750","15,903",0,0.00,2.16,34.31,0.00,0.00,2.16,34.31,"54,860.80"
3,26/08/2026,SSB,"15,850","15,900","16,000","16,000","15,700","15,871",150,0.95,2.05,32.45,12.52,198.44,14.57,230.89,"54,860.80"
4,25/08/2026,SSB,"15,500","15,550","15,850","16,050","15,500","15,778",350,2.26,2.26,35.66,8.27,129.01,10.53,164.67,"54,346.48"
5,24/08/2026,SSB,"15,300","15,500","15,500","15,500","15,200","15,392",200,1.31,2.27,35.04,0.00,0.00,2.27,35.04,"53,146.40"
6,21/08/2026,SSB,"15,100","15,000","15,300","15,300","14,850","15,067",200,1.32,2.24,33.77,0.00,0.00,2.24,33.77,"52,460.64"
7,20/08/2026,SSB,"15,050","15,100","15,100","15,100","14,900","15,022",50,0.33,2.56,38.42,0.00,0.00,2.56,38.42,"51,774.88"
8,19/08/2026,SSB,"15,050","15,100","15,050","15,100","14,750","14,884",0,0.00,2.40,35.77,0.00,0.00,2.40,35.77,"51,603.44"
9,18/08/2026,SSB,"15,200","15,250","15,050","15,300","14,850","14,988",-150,-0.99,1.91,28.76,0.00,0.00,1.91,28.76,"51,603.44"
10,17/08/2026,SSB,"15,050","15,050","15,200","15,250","15,000","15,121",150,1.00,2.07,31.24,0.00,0.00,2.07,31.24,"52,117.76"
11,14/08/2026,SSB,"15,200","15,150","15,050","15,350","14,800","15,016",-150,-0.99,2.41,36.28,0.00,0.00,2.41,36.28,"51,603.44"
12,13/08/2026,SSB,"15,450","15,450","15,200","15,500","15,200","15,343",-250,-1.62,1.89,28.98,0.00,0.00,1.89,28.98,"52,117.76"
13,12/08/2026,SSB,"15,400","15,450","15,450","15,550","15,300","15,475",50,0.32,1.95,30.12,0.00,0.00,1.95,30.12,"52,974.96"
14,11/08/2026,SSB,"15,250","15,250","15,400","15,450","15,250","15,348",150,0.98,1.90,29.18,0.00,0.00,1.90,29.18,"52,803.52"
15,10/08/2026,SSB,"15,050","15,050","15,250","15,300","14,800","15,122",200,1.33,2.23,33.79,0.00,0.00,2.23,33.79,"52,289.20"
16,07/08/2026,SSB,"15,200","15,200","15,050","15,200","15,050","15,101",-150,-0.99,2.03,30.62,0.00,0.00,2.03,30.62,"51,603.44"
17,06/08/2026,SSB,"15,350","15,300","15,200","15,300","15,050","15,156",-150,-0.98,2.11,31.96,34.30,555.66,36.41,587.62,"52,117.76"
18,05/08/2026,SSB,"15,450","15,400","15,350","15,400","15,150","15,281",-100,-0.65,2.16,33.00,0.00,0.00,2.16,33.00,"52,632.08"
19,04/08/2026,SSB,"15,550","15,500","15,450","15,500","15,200","15,313",-100,-0.64,2.21,33.93,0.13,1.99,2.34,35.92,"52,974.96"
20,03/08/2026,SSB,"15,550","15,550","15,550","15,550","15,400","15,475",0,0.00,2.22,34.34,0.00,0.00,2.22,34.34,"53,317.84"
21,31/07/2026,SSB,"15,550","15,650","15,550","15,650","15,350","15,469",0,0.00,2.15,33.27,11.53,184.55,13.68,217.82,"53,317.84"
22,30/07/2026,SSB,"15,400","15,300","15,550","15,550","15,050","15,316",150,0.97,2.20,33.67,0.00,0.00,2.20,33.67,"53,317.84"
23,29/07/2026,SSB,"15,550","15,400","15,400","15,500","14,950","15,232",-150,-0.96,2.06,31.47,0.00,0.00,2.06,31.47,"52,803.52"
24,28/07/2026,SSB,"15,550","15,400","15,550","15,550","15,350","15,494",0,0.00,2.08,32.24,0.00,0.00,2.08,32.24,"53,317.84"
25,27/07/2026,SSB,"15,400","15,450","15,550","15,550","15,300","15,494",150,0.97,1.84,28.59,0.00,0.00,1.84,28.59,"53,317.84"
26,24/07/2026,SSB,"15,650","15,450","15,400","15,600","15,250","15,392",-250,-1.60,1.96,30.19,0.00,0.00,1.96,30.19,"52,803.52"
27,23/07/2026,SSB,"15,650","15,600","15,650","15,800","15,350","15,608",0,0.00,2.32,36.17,15.23,243.66,17.55,279.83,"53,660.72"
28,22/07/2026,SSB,"15,650","15,650","15,650","15,750","15,050","15,548",0,0.00,2.77,43.15,0.00,0.00,2.77,43.15,"53,660.72"
29,21/07/2026,SSB,"15,750","15,800","15,650","15,800","15,500","15,664",-100,-0.63,2.20,34.43,2.14,33.39,4.34,67.82,"53,660.72"
30,20/07/2026,SSB,"15,950","15,900","15,750","15,900","15,250","15,695",-200,-1.25,2.32,36.47,0.00,0.00,2.32,36.47,"54,003.60"
31,17/07/2026,SSB,"16,000","16,000","15,950","16,050","15,450","15,716",-50,-0.31,2.33,36.66,3.89,62.24,6.22,98.90,"54,689.36"
32,16/07/2026,SSB,"15,800","15,800","16,000","16,000","15,650","15,855",200,1.27,2.06,32.51,24.00,386.40,26.06,418.91,"54,860.80"
33,15/07/2026,SSB,"15,900","15,900","15,800","15,900","15,600","15,739",-100,-0.63,2.09,32.94,0.00,0.00,2.09,32.94,"54,175.04"
34,14/07/2026,SSB,"15,650","15,650","15,900","15,900","15,250","15,636",250,1.60,2.12,32.94,0.00,0.00,2.12,32.94,"54,517.92"
35,13/07/2026,SSB,"16,250","16,200","15,650","16,250","15,450","15,850",-600,-3.69,2.49,39.54,5.16,84.62,7.65,124.17,"53,660.72"
36,10/07/2026,SSB,"15,950","15,700","16,250","16,250","15,650","15,939",300,1.88,2.25,35.81,0.00,0.00,2.25,35.81,"55,718.00"
37,09/07/2026,SSB,"16,400","16,350","15,950","16,400","15,850","16,101",-450,-2.74,2.24,36.15,20.22,325.52,22.46,361.67,"54,689.36"
38,08/07/2026,SSB,"16,400","16,400","16,400","16,400","16,250","16,326",0,0.00,2.28,37.15,0.00,0.00,2.28,37.15,"56,232.32"
39,07/07/2026,SSB,"16,400","16,400","16,400","16,400","16,150","16,337",0,0.00,2.17,35.41,0.00,0.00,2.17,35.41,"56,232.32"
40,06/07/2026,SSB,"16,500","16,500","16,400","16,500","16,050","16,408",-100,-0.61,2.43,39.81,0.00,0.00,2.43,39.81,"56,232.32"
41,03/07/2026,SSB,"16,500","16,500","16,500","16,500","16,350","16,428",0,0.00,2.09,34.35,0.00,0.00,2.09,34.35,"56,575.20"
42,02/07/2026,SSB,"16,500","16,450","16,500","16,550","16,300","16,407",0,0.00,2.23,36.61,0.00,0.00,2.23,36.61,"56,575.20"
43,01/07/2026,SSB,"16,200","16,200","16,500","16,500","15,900","16,206",300,1.85,3.21,52.02,28.20,459.66,31.41,511.68,"56,575.20"
44,30/06/2026,SSB,"16,150","16,150","16,200","16,200","15,700","15,982",50,0.31,2.97,47.45,0.00,0.00,2.97,47.45,"55,546.56"
45,29/06/2026,SSB,"16,100","16,350","16,150","16,350","16,000","16,135",50,0.31,2.06,33.19,0.00,0.00,2.06,33.19,"55,375.12"
46,26/06/2026,SSB,"15,200","15,200","16,100","16,250","15,100","15,788",900,5.92,3.32,52.44,0.00,0.00,3.32,52.44,"55,203.68"
47,25/06/2026,SSB,"15,150","15,100","15,200","15,200","15,000","15,092",50,0.33,2.24,33.74,0.00,0.00,2.24,33.74,"52,117.76"
48,24/06/2026,SSB,"15,150","15,150","15,150","15,200","14,900","15,050",0,0.00,2.43,36.59,0.00,0.00,2.43,36.59,"51,946.32"
49,23/06/2026,SSB,"14,950","15,000","15,150","15,150","14,850","15,020",200,1.34,2.08,31.25,0.00,0.00,2.08,31.25,"51,946.32"
50,22/06/2026,SSB,"14,900","14,850","14,950","15,000","14,750","14,853",50,0.34,2.66,39.42,0.00,0.00,2.66,39.42,"51,260.56"
51,19/06/2026,SSB,"14,850","14,850","14,900","14,900","14,700","14,805",50,0.34,2.34,34.57,0.10,1.54,2.44,36.11,"51,089.12"
52,18/06/2026,SSB,"14,900","14,900","14,850","14,900","14,650","14,769",-50,-0.34,2.49,36.80,0.00,0.00,2.49,36.80,"50,917.68"
53,17/06/2026,SSB,"14,850","14,850","14,900","14,900","14,700","14,824",50,0.34,1.90,28.20,0.00,0.00,1.90,28.20,"51,089.12"
54,16/06/2026,SSB,"14,850","14,850","14,850","14,900","14,650","14,765",0,0.00,2.12,31.23,11.36,168.70,13.48,199.92,"42,248.25"
55,15/06/2026,SSB,"14,550","14,650","14,850","14,850","14,500","14,641",300,2.06,2.32,33.93,31.43,458.88,33.75,492.81,"42,248.25"
56,12/06/2026,SSB,"14,500","14,550","14,550","14,700","14,400","14,559",50,0.34,2.18,31.77,0.17,2.44,2.35,34.20,"41,394.75"
57,11/06/2026,SSB,"14,400","14,350","14,500","14,500","14,350","14,448",100,0.69,2.11,30.47,0.00,0.00,2.11,30.47,"41,252.50"
58,10/06/2026,SSB,"14,350","14,350","14,400","14,500","14,300","14,416",50,0.35,2.27,32.73,0.17,2.44,2.44,35.17,"40,968.00"
59,09/06/2026,SSB,"14,300","14,250","14,350","14,350","14,150","14,281",50,0.35,2.41,34.39,30.20,434.88,32.61,469.27,"40,825.75"
60,08/06/2026,SSB,"14,350","14,350","14,300","14,350","14,100","14,180",-50,-0.35,2.64,37.38,0.17,2.45,2.81,39.82,"40,683.50"
61,05/06/2026,SSB,"14,350","14,350","14,350","14,350","14,050","14,178",0,0.00,2.98,42.30,0.09,1.20,3.07,43.50,"40,825.75"
62,04/06/2026,SSB,"14,400","14,450","14,350","14,450","14,150","14,243",-50,-0.35,2.97,42.23,3.61,52.32,6.58,94.55,"40,825.75"
63,03/06/2026,SSB,"14,400","14,400","14,400","14,500","14,200","14,389",0,0.00,3.46,49.80,0.00,0.00,3.46,49.80,"40,968.00"
64,02/06/2026,SSB,"14,200","14,200","14,400","14,450","14,200","14,309",200,1.41,2.90,41.44,1.56,22.16,4.46,63.60,"40,968.00"
65,01/06/2026,SSB,"14,000","14,000","14,200","14,250","13,950","14,112",200,1.43,2.87,40.50,0.00,0.00,2.87,40.50,"40,399.00"
66,29/05/2026,SSB,"14,450","14,500","14,000","14,500","14,000","14,117",-450,-3.11,2.36,33.32,0.00,0.00,2.36,33.32,"39,830.00"
67,28/05/2026,SSB,"14,850","14,850","14,450","14,950","14,300","14,699",-400,-2.69,1.86,27.24,0.00,0.00,1.86,27.24,"41,110.25"
68,27/05/2026,SSB,"17,450","17,450","17,900","17,900","17,250","17,542",450,2.58,3.94,69.19,18.31,320.40,22.25,389.59,"50,925.50"
69,26/05/2026,SSB,"17,200","17,150","17,450","17,450","17,100","17,267",250,1.45,2.12,36.54,11.43,192.23,13.54,228.77,"49,645.25"
70,25/05/2026,SSB,"16,700","16,700","17,200","17,200","16,700","17,034",500,2.99,1.90,32.27,0.00,0.00,1.90,32.27,"48,934.00"
71,22/05/2026,SSB,"16,550","16,550","16,700","16,700","16,500","16,602",150,0.91,1.85,30.61,0.00,0.00,1.85,30.61,"47,511.50"
72,21/05/2026,SSB,"16,450","16,450","16,550","16,550","16,350","16,454",100,0.61,2.09,34.43,0.00,0.00,2.09,34.43,"47,084.75"
73,20/05/2026,SSB,"16,500","16,450","16,450","16,500","16,350","16,412",-50,-0.30,1.88,30.81,0.00,0.00,1.88,30.81,"46,800.25"
74,19/05/2026,SSB,"16,550","16,600","16,500","16,600","16,400","16,487",-50,-0.30,1.99,32.78,0.07,1.20,2.06,33.98,"46,942.50"
75,18/05/2026,SSB,"16,500","16,550","16,550","16,550","16,350","16,457",50,0.30,1.94,31.94,0.00,0.00,1.94,31.94,"47,084.75"
76,15/05/2026,SSB,"16,700","16,700","16,500","16,700","16,500","16,626",-200,-1.20,2.01,33.37,0.00,0.00,2.01,33.37,"46,942.50"
77,14/05/2026,SSB,"16,650","16,650","16,700","16,700","16,600","16,654",50,0.30,1.83,30.52,3.16,52.90,4.99,83.42,"47,511.50"
78,13/05/2026,SSB,"16,550","16,650","16,650","16,650","16,500","16,576",100,0.60,1.92,31.77,0.00,0.00,1.92,31.77,"47,369.25"
79,12/05/2026,SSB,"16,700","16,700","16,550","16,700","16,550","16,627",-150,-0.90,1.96,32.53,0.00,0.00,1.96,32.53,"47,084.75"
80,11/05/2026,SSB,"16,800","16,750","16,700","16,800","16,600","16,687",-100,-0.60,2.10,35.02,0.00,0.00,2.10,35.02,"47,511.50"
81,08/05/2026,SSB,"16,800","16,800","16,800","16,850","16,650","16,758",0,0.00,1.84,30.86,0.00,0.00,1.84,30.86,"47,796.00"
82,07/05/2026,SSB,"16,800","16,800","16,800","16,900","16,750","16,810",0,0.00,1.89,31.83,0.00,0.00,1.89,31.83,"47,796.00"
83,06/05/2026,SSB,"16,750","16,600","16,800","16,800","16,600","16,725",50,0.30,1.90,31.76,0.00,0.00,1.90,31.76,"47,796.00"
84,05/05/2026,SSB,"16,750","16,750","16,750","16,750","16,550","16,669",0,0.00,1.92,32.04,0.00,0.00,1.92,32.04,"47,653.75"
85,04/05/2026,SSB,"16,700","16,700","16,750","16,750","16,600","16,690",50,0.30,1.99,33.19,0.00,0.00,1.99,33.19,"47,653.75"
86,29/04/2026,SSB,"16,650","16,550","16,700","16,700","16,500","16,592",50,0.30,1.81,30.02,0.00,0.00,1.81,30.02,"47,511.50"
87,28/04/2026,SSB,"16,650","16,650","16,650","16,650","16,500","16,570",0,0.00,1.42,23.47,0.00,0.00,1.42,23.47,"47,369.25"
88,24/04/2026,SSB,"16,700","16,700","16,650","16,750","16,500","16,601",-50,-0.30,1.89,31.36,0.00,0.00,1.89,31.36,"47,369.25"
89,23/04/2026,SSB,"16,800","16,750","16,700","16,800","16,600","16,699",-100,-0.60,2.02,33.64,0.00,0.00,2.02,33.64,"47,511.50"
90,22/04/2026,SSB,"16,800","16,800","16,800","16,850","16,600","16,710",0,0.00,2.36,39.35,0.00,0.00,2.36,39.35,"47,796.00"
91,21/04/2026,SSB,"16,850","16,850","16,800","16,850","16,650","16,742",-50,-0.30,1.84,30.78,9.25,154.48,11.09,185.26,"47,796.00"
92,20/04/2026,SSB,"16,850","16,800","16,850","16,900","16,650","16,754",0,0.00,2.20,36.83,4.80,82.25,7.00,119.07,"47,938.25"
93,17/04/2026,SSB,"16,650","16,650","16,850","16,850","16,550","16,652",200,1.20,2.12,35.35,14.10,241.11,16.22,276.46,"47,938.25"
94,16/04/2026,SSB,"16,900","16,800","16,650","16,900","16,600","16,754",-250,-1.48,1.96,32.76,0.00,0.00,1.96,32.76,"47,369.25"
95,15/04/2026,SSB,"17,000","17,000","16,900","17,050","16,800","16,911",-100,-0.59,1.93,32.66,0.00,0.00,1.93,32.66,"48,080.50"
96,14/04/2026,SSB,"17,100","17,100","17,000","17,100","16,900","17,025",-100,-0.58,2.18,37.15,0.00,0.00,2.18,37.15,"48,365.00"
97,13/04/2026,SSB,"17,150","16,950","17,100","17,150","16,950","17,036",-50,-0.29,2.04,34.77,4.92,84.38,6.96,119.14,"48,649.50"
98,10/04/2026,SSB,"17,150","17,150","17,150","17,150","16,900","17,068",0,0.00,2.37,40.43,35.27,604.87,37.64,645.30,"48,791.75"
99,09/04/2026,SSB,"17,000","17,350","17,150","17,350","17,050","17,142",150,0.88,1.71,29.29,0.00,0.00,1.71,29.29,"48,791.75"
100,08/04/2026,SSB,"16,800","17,000","17,000","17,000","16,850","16,960",200,1.19,1.79,30.26,0.00,0.00,1.79,30.26,"48,365.00"
101,07/04/2026,SSB,"16,750","16,800","16,800","16,800","16,650","16,736",50,0.30,1.85,31.00,0.00,0.00,1.85,31.00,"47,796.00"
102,06/04/2026,SSB,"16,800","16,800","16,750","16,800","16,650","16,734",-50,-0.30,1.94,32.41,0.00,0.00,1.94,32.41,"47,653.75"
103,03/04/2026,SSB,"16,900","16,900","16,800","16,950","16,700","16,784",-100,-0.59,1.80,30.25,0.00,0.00,1.80,30.25,"47,796.00"
104,02/04/2026,SSB,"17,000","16,950","16,900","16,950","16,750","16,817",-100,-0.59,1.86,31.25,21.10,358.70,22.96,389.95,"48,080.50"
105,01/04/2026,SSB,"16,950","17,000","17,000","17,050","16,900","16,978",50,0.29,1.75,29.64,26.20,448.02,27.95,477.66,"48,365.00"
106,31/03/2026,SSB,"16,900","16,850","16,950","16,950","16,750","16,867",50,0.30,1.80,30.35,0.00,0.00,1.80,30.35,"48,222.75"
107,30/03/2026,SSB,"16,900","16,850","16,900","16,900","16,600","16,810",0,0.00,1.94,32.55,0.00,0.00,1.94,32.55,"48,080.50"
108,27/03/2026,SSB,"16,750","16,700","16,900","16,900","16,650","16,817",150,0.90,1.88,31.58,14.60,244.55,16.48,276.13,"48,080.50"
109,26/03/2026,SSB,"16,750","16,750","16,750","16,750","16,600","16,672",0,0.00,2.02,33.72,0.00,0.00,2.02,33.72,"47,653.75"
110,25/03/2026,SSB,"16,800","16,750","16,750","16,850","16,650","16,728",-50,-0.30,1.77,29.70,0.00,0.00,1.77,29.70,"47,653.75"
111,24/03/2026,SSB,"16,800","16,800","16,800","16,800","16,600","16,670",0,0.00,1.99,33.26,0.00,0.00,1.99,33.26,"47,796.00"
112,23/03/2026,SSB,"16,900","16,850","16,800","16,850","16,350","16,678",-100,-0.59,1.86,30.94,0.00,0.00,1.86,30.94,"47,796.00"
113,20/03/2026,SSB,"16,950","16,950","16,900","16,950","16,750","16,825",-50,-0.29,1.83,30.80,0.03,0.45,1.86,31.25,"48,080.50"
114,19/03/2026,SSB,"16,800","16,650","16,950","17,000","16,600","16,832",150,0.89,2.88,48.34,0.00,0.00,2.88,48.34,"48,222.75"
115,18/03/2026,SSB,"16,650","16,700","16,800","16,800","16,600","16,709",150,0.90,1.83,30.54,24.50,414.48,26.33,445.02,"47,796.00"
116,17/03/2026,SSB,"16,550","16,550","16,650","16,650","16,550","16,601",100,0.60,1.75,29.06,16.20,268.92,17.95,297.98,"47,369.25"
117,16/03/2026,SSB,"16,550","16,550","16,550","16,550","16,350","16,463",0,0.00,2.10,34.66,17.60,292.16,19.70,326.82,"47,084.75"
118,13/03/2026,SSB,"16,550","16,500","16,550","16,550","16,350","16,472",0,0.00,1.56,25.67,5.25,88.20,6.81,113.87,"47,084.75"
119,12/03/2026,SSB,"16,600","16,350","16,550","16,550","16,300","16,353",-50,-0.30,2.12,34.76,0.00,0.00,2.12,34.76,"47,084.75"
120,11/03/2026,SSB,"16,500","16,300","16,600","16,650","16,250","16,414",100,0.61,2.00,32.87,5.24,89.60,7.24,122.47,"47,227.00"
121,10/03/2026,SSB,"16,300","16,500","16,500","16,550","16,200","16,331",200,1.23,2.04,33.34,8.19,139.23,10.23,172.57,"46,942.50"
122,09/03/2026,SSB,"17,000","16,600","16,300","16,650","15,950","16,210",-700,-4.12,2.31,37.47,14.48,251.22,16.79,288.69,"46,373.50"
123,06/03/2026,SSB,"17,000","16,950","17,000","17,000","16,650","16,825",0,0.00,2.32,39.01,0.00,0.00,2.32,39.01,"48,365.00"
124,05/03/2026,SSB,"16,800","16,600","17,000","17,000","16,500","16,667",200,1.19,2.78,46.58,0.00,0.00,2.78,46.58,"48,365.00"
125,04/03/2026,SSB,"16,750","16,550","16,800","16,800","16,400","16,546",50,0.30,2.36,39.09,0.00,0.00,2.36,39.09,"47,796.00"
126,03/03/2026,SSB,"16,800","16,800","16,750","16,800","16,500","16,623",-50,-0.30,1.93,32.03,0.00,0.00,1.93,32.03,"47,653.75"
127,02/03/2026,SSB,"16,900","16,600","16,800","16,800","16,550","16,629",-100,-0.59,2.26,37.62,0.00,0.00,2.26,37.62,"47,796.00"
128,27/02/2026,SSB,"17,000","16,950","16,900","17,000","16,750","16,862",-100,-0.59,1.99,33.59,0.00,0.00,1.99,33.59,"48,080.50"
129,26/02/2026,SSB,"16,950","16,950","17,000","17,000","16,750","16,861",50,0.29,2.11,35.64,20.03,339.51,22.14,375.14,"48,365.00"
130,25/02/2026,SSB,"17,000","16,900","16,950","17,000","16,800","16,889",-50,-0.29,2.12,35.83,0.00,0.00,2.12,35.83,"48,222.75"
131,24/02/2026,SSB,"17,100","17,000","17,000","17,050","16,900","16,969",-100,-0.58,2.22,37.65,0.06,1.08,2.28,38.72,"48,365.00"
132,23/02/2026,SSB,"17,000","17,150","17,100","17,150","16,950","17,057",100,0.59,1.61,27.42,0.00,0.00,1.61,27.42,"48,649.50"
133,13/02/2026,SSB,"16,950","16,900","17,000","17,000","16,750","16,880",50,0.29,2.28,38.49,0.00,0.00,2.28,38.49,"48,365.00"
134,12/02/2026,SSB,"17,000","17,000","16,950","17,000","16,650","16,850",-50,-0.29,2.13,35.94,0.00,0.00,2.13,35.94,"48,222.75"
135,11/02/2026,SSB,"16,750","16,700","17,000","17,000","16,600","16,783",250,1.49,2.25,37.78,11.21,187.56,13.47,225.35,"48,365.00"
136,10/02/2026,SSB,"16,750","16,700","16,750","16,750","16,500","16,610",0,0.00,2.01,33.46,0.00,0.00,2.01,33.46,"47,653.75"
137,09/02/2026,SSB,"16,800","16,700","16,750","16,800","16,550","16,662",-50,-0.30,2.21,36.86,28.11,488.09,30.32,524.95,"47,653.75"
138,06/02/2026,SSB,"16,800","16,800","16,800","16,800","16,550","16,645",0,0.00,2.25,37.40,0.00,0.00,2.25,37.40,"47,796.00"
139,05/02/2026,SSB,"17,000","16,950","16,800","17,000","16,800","16,871",-200,-1.18,2.23,37.67,0.00,0.00,2.23,37.67,"47,796.00"
140,04/02/2026,SSB,"17,000","17,000","17,000","17,000","16,850","16,919",0,0.00,2.10,35.61,0.00,0.00,2.10,35.61,"48,365.00"
141,03/02/2026,SSB,"17,150","17,050","17,000","17,150","16,850","16,969",-150,-0.87,2.11,35.75,11.50,203.55,13.61,239.30,"48,365.00"
142,02/02/2026,SSB,"17,150","17,050","17,150","17,150","16,750","16,919",0,0.00,2.94,49.70,16.50,289.30,19.44,339.00,"48,791.75"
143,30/01/2026,SSB,"17,450","17,400","17,150","17,500","17,150","17,301",-300,-1.72,2.38,41.08,0.00,0.00,2.38,41.08,"48,791.75"
144,29/01/2026,SSB,"17,450","17,450","17,450","17,450","17,250","17,320",0,0.00,1.86,32.14,1.20,21.12,3.06,53.26,"49,645.25"
145,28/01/2026,SSB,"17,450","17,500","17,450","17,550","17,250","17,397",0,0.00,1.85,32.13,1.78,30.99,3.62,63.12,"49,645.25"
146,27/01/2026,SSB,"17,350","17,350","17,450","17,500","17,200","17,321",100,0.58,1.80,31.19,0.00,0.00,1.80,31.19,"49,645.25"
147,26/01/2026,SSB,"17,650","17,600","17,350","17,600","17,200","17,394",-300,-1.70,1.97,34.25,0.00,0.00,1.97,34.25,"49,360.75"
148,23/01/2026,SSB,"17,700","17,550","17,650","17,700","17,400","17,540",-50,-0.28,1.99,34.96,0.00,0.00,1.99,34.96,"50,214.25"
149,22/01/2026,SSB,"17,400","17,300","17,700","17,700","17,300","17,461",300,1.72,1.97,34.49,2.00,34.80,3.97,69.29,"50,356.50"
150,21/01/2026,SSB,"17,700","17,650","17,400","17,650","17,250","17,386",-300,-1.69,2.31,40.16,0.00,0.00,2.31,40.16,"49,503.00"
151,20/01/2026,SSB,"18,000","17,950","17,700","17,950","17,650","17,767",-300,-1.67,2.62,46.61,0.00,0.00,2.62,46.61,"50,356.50"
152,19/01/2026,SSB,"18,000","18,000","18,000","18,000","17,800","17,901",0,0.00,2.36,42.17,8.60,156.52,10.96,198.69,"51,210.00"
153,16/01/2026,SSB,"17,950","17,950","18,000","18,000","17,800","17,881",50,0.28,1.92,34.35,0.00,0.00,1.92,34.35,"51,210.00"
154,15/01/2026,SSB,"17,900","17,900","17,950","17,950","17,650","17,755",50,0.28,2.16,38.39,0.00,0.00,2.16,38.39,"51,067.75"
155,14/01/2026,SSB,"17,700","17,700","17,900","17,950","17,550","17,751",200,1.13,3.41,60.42,0.00,0.00,3.41,60.42,"50,925.50"
156,13/01/2026,SSB,"17,750","17,800","17,700","17,800","17,500","17,554",-50,-0.28,2.66,46.72,0.00,0.00,2.66,46.72,"50,356.50"
157,12/01/2026,SSB,"17,350","17,400","17,750","17,750","17,300","17,547",400,2.31,2.81,49.32,4.74,82.24,7.55,131.56,"50,498.75"
158,09/01/2026,SSB,"17,400","17,400","17,350","17,450","17,250","17,350",-50,-0.29,2.10,36.37,0.00,0.00,2.10,36.37,"49,360.75"
159,08/01/2026,SSB,"17,350","17,350","17,400","17,500","17,200","17,355",50,0.29,2.68,46.50,17.00,297.50,19.68,344.00,"49,503.00"
160,07/01/2026,SSB,"17,300","17,300","17,350","17,350","17,150","17,282",50,0.29,2.37,40.98,27.53,481.78,29.90,522.75,"49,360.75"
161,06/01/2026,SSB,"17,200","17,250","17,300","17,300","17,000","17,123",100,0.58,2.07,35.45,0.00,0.00,2.07,35.45,"49,218.50"
162,05/01/2026,SSB,"17,450","17,400","17,200","17,400","17,050","17,155",-250,-1.43,2.07,35.50,0.00,0.00,2.07,35.50,"48,934.00"
163,31/12/2025,SSB,"17,200","17,250","17,450","17,450","17,050","17,203",250,1.45,2.41,41.57,0.00,0.00,2.41,41.57,"49,645.25"
164,30/12/2025,SSB,"17,300","17,300","17,200","17,300","17,100","17,213",-100,-0.58,1.79,30.79,0.00,0.00,1.79,30.79,"48,934.00"
165,29/12/2025,SSB,"17,300","17,150","17,300","17,300","17,100","17,193",0,0.00,1.79,30.79,0.00,0.00,1.79,30.79,"49,218.50"
166,26/12/2025,SSB,"17,350","17,400","17,300","17,400","17,100","17,197",-50,-0.29,2.09,36.01,0.00,0.00,2.09,36.01,"49,218.50"
167,25/12/2025,SSB,"17,500","17,300","17,350","17,500","17,200","17,349",-150,-0.86,2.05,35.50,12.29,213.61,14.34,249.11,"49,360.75"
168,24/12/2025,SSB,"17,500","17,600","17,500","17,600","17,200","17,377",0,0.00,2.31,40.12,0.00,0.00,2.31,40.12,"49,787.50"
169,23/12/2025,SSB,"17,750","17,700","17,500","17,700","17,400","17,552",-250,-1.41,2.66,46.76,0.00,0.00,2.66,46.76,"49,787.50"
170,22/12/2025,SSB,"17,500","17,500","17,750","17,750","17,350","17,592",250,1.43,2.16,37.92,7.54,131.95,9.70,169.87,"50,498.75"
171,19/12/2025,SSB,"17,450","17,450","17,500","17,500","17,300","17,410",50,0.29,2.25,39.10,49.31,862.69,51.56,901.80,"49,787.50"
172,18/12/2025,SSB,"17,450","17,400","17,450","17,450","17,100","17,279",0,0.00,3.12,53.91,24.19,424.53,27.31,478.45,"49,645.25"
173,17/12/2025,SSB,"17,550","17,450","17,450","17,500","17,200","17,361",-100,-0.57,2.42,42.07,24.06,422.53,26.48,464.60,"49,645.25"
174,16/12/2025,SSB,"17,200","17,200","17,550","17,550","17,050","17,287",350,2.03,2.45,42.42,0.00,0.00,2.45,42.42,"49,929.75"
175,15/12/2025,SSB,"17,300","17,250","17,200","17,250","17,000","17,118",-100,-0.58,2.73,46.66,3.50,61.43,6.23,108.08,"48,934.00"
176,12/12/2025,SSB,"17,450","17,450","17,300","17,450","17,000","17,287",-150,-0.86,2.49,42.99,0.00,0.00,2.49,42.99,"49,218.50"
177,11/12/2025,SSB,"17,450","17,500","17,450","17,500","17,200","17,381",0,0.00,2.34,40.62,0.00,0.00,2.34,40.62,"49,645.25"
178,10/12/2025,SSB,"17,400","17,300","17,450","17,550","17,200","17,376",50,0.29,2.44,42.34,0.00,0.00,2.44,42.34,"49,645.25"
179,09/12/2025,SSB,"17,550","17,400","17,400","17,500","17,100","17,240",-150,-0.85,2.74,47.27,0.00,0.00,2.74,47.27,"49,503.00"
180,08/12/2025,SSB,"17,700","17,350","17,550","17,600","17,350","17,458",-150,-0.85,2.40,42.01,0.00,0.00,2.40,42.01,"49,929.75"
181,05/12/2025,SSB,"17,700","17,700","17,700","17,700","17,350","17,520",0,0.00,2.92,51.13,0.00,0.00,2.92,51.13,"50,356.50"
182,04/12/2025,SSB,"17,750","17,800","17,700","17,800","17,500","17,608",-50,-0.28,2.56,45.07,7.44,132.05,10.00,177.12,"50,356.50"
183,03/12/2025,SSB,"17,250","17,300","17,750","17,750","17,250","17,515",500,2.90,3.15,55.18,0.00,0.00,3.15,55.18,"50,498.75"
184,02/12/2025,SSB,"17,200","17,200","17,250","17,250","17,050","17,165",50,0.29,2.77,47.61,0.00,0.00,2.77,47.61,"49,076.25"
185,01/12/2025,SSB,"17,300","17,300","17,200","17,300","17,050","17,147",-100,-0.58,2.66,45.54,2.17,39.93,4.83,85.47,"48,934.00"
186,28/11/2025,SSB,"17,350","17,200","17,300","17,350","17,100","17,218",-50,-0.29,2.73,46.96,0.00,0.00,2.73,46.96,"49,218.50"
187,27/11/2025,SSB,"17,250","17,300","17,350","17,450","17,150","17,285",100,0.58,2.88,49.75,7.60,139.84,10.48,189.59,"49,360.75"
188,26/11/2025,SSB,"17,100","17,050","17,250","17,250","17,000","17,149",150,0.88,3.30,56.49,5.70,97.38,8.99,153.88,"49,076.25"
189,25/11/2025,SSB,"17,400","17,200","17,100","17,300","16,900","17,082",-300,-1.72,2.52,43.12,24.27,422.37,26.80,465.49,"48,649.50"
190,24/11/2025,SSB,"17,150","17,100","17,400","17,400","16,950","17,117",250,1.46,2.41,41.23,0.00,0.00,2.41,41.23,"49,503.00"
191,21/11/2025,SSB,"17,000","16,800","17,150","17,150","16,800","16,869",150,0.88,2.86,48.19,0.00,0.00,2.86,48.19,"48,791.75"
192,20/11/2025,SSB,"17,200","17,150","17,000","17,200","17,000","17,093",-200,-1.16,3.06,52.37,0.00,0.00,3.06,52.37,"48,365.00"
193,19/11/2025,SSB,"17,350","17,350","17,200","17,350","17,000","17,127",-150,-0.86,3.17,54.36,11.36,198.23,14.53,252.59,"48,934.00"
194,18/11/2025,SSB,"17,450","17,450","17,350","17,450","17,050","17,233",-100,-0.57,3.41,58.80,0.00,0.00,3.41,58.80,"49,360.75"
195,17/11/2025,SSB,"17,000","17,000","17,450","17,450","16,900","17,104",450,2.65,3.40,58.09,9.14,155.38,12.54,213.47,"49,645.25"
196,14/11/2025,SSB,"17,150","17,050","17,000","17,100","16,900","16,985",-150,-0.87,3.22,54.68,0.00,0.00,3.22,54.68,"48,365.00"
197,13/11/2025,SSB,"17,150","17,000","17,150","17,250","16,900","17,083",0,0.00,3.53,60.31,0.00,0.00,3.53,60.31,"48,791.75"
198,12/11/2025,SSB,"16,600","16,650","17,150","17,200","16,600","16,868",550,3.31,3.63,61.20,0.00,0.00,3.63,61.20,"48,791.75"
199,11/11/2025,SSB,"16,850","16,900","16,600","16,900","16,600","16,710",-250,-1.48,2.89,48.30,0.00,0.00,2.89,48.30,"47,227.00"
200,10/11/2025,SSB,"17,200","17,250","16,850","17,250","16,850","17,006",-350,-2.03,2.66,45.25,0.00,0.00,2.66,45.25,"47,938.25"
201,07/11/2025,SSB,"17,450","17,200","17,200","17,350","16,900","17,114",-250,-1.43,2.92,50.09,5.61,104.66,8.53,154.75,"48,934.00"
202,06/11/2025,SSB,"17,500","17,350","17,450","17,500","17,200","17,339",-50,-0.29,2.48,43.12,11.23,210.08,13.72,253.19,"49,645.25"
203,05/11/2025,SSB,"17,800","17,700","17,500","17,750","17,350","17,546",-300,-1.69,2.44,42.80,0.00,0.00,2.44,42.80,"49,787.50"
204,04/11/2025,SSB,"17,750","17,400","17,800","17,800","17,200","17,511",50,0.28,3.18,55.78,0.00,0.00,3.18,55.78,"50,641.00"
205,03/11/2025,SSB,"17,700","17,700","17,750","17,750","17,300","17,547",50,0.28,2.88,50.54,0.33,5.48,3.21,56.02,"50,498.75"
206,31/10/2025,SSB,"17,900","17,800","17,700","17,900","17,450","17,622",-200,-1.12,4.15,73.29,0.00,0.00,4.15,73.29,"50,356.50"
207,30/10/2025,SSB,"17,950","17,950","17,900","17,950","17,550","17,738",-50,-0.28,2.60,46.07,0.00,0.00,2.60,46.07,"50,925.50"
208,29/10/2025,SSB,"17,750","17,750","17,950","17,950","17,400","17,767",200,1.13,3.22,57.32,0.00,0.00,3.22,57.32,"51,067.75"
209,28/10/2025,SSB,"17,550","17,600","17,750","17,750","17,050","17,523",200,1.14,2.47,43.39,0.00,0.00,2.47,43.39,"50,498.75"
210,27/10/2025,SSB,"18,000","17,950","17,550","17,950","17,550","17,704",-450,-2.50,2.73,48.29,1.64,27.53,4.37,75.82,"49,929.75"
211,24/10/2025,SSB,"18,150","18,150","18,000","18,150","17,650","17,854",-150,-0.83,2.74,48.98,1.67,28.37,4.41,77.35,"51,210.00"
212,23/10/2025,SSB,"18,250","18,400","18,150","18,400","17,800","17,964",-100,-0.55,2.61,46.97,3.94,67.20,6.55,114.18,"51,636.75"
213,22/10/2025,SSB,"18,550","18,700","18,250","18,700","17,650","18,061",-300,-1.62,2.61,47.32,31.60,593.31,34.21,640.63,"51,921.25"
214,21/10/2025,SSB,"17,400","17,900","18,550","18,600","17,450","17,866","1,150",6.61,3.55,63.52,0.00,0.00,3.55,63.52,"52,774.75"
215,20/10/2025,SSB,"18,450","18,650","17,400","18,800","17,400","18,393","-1,050",-5.69,3.43,62.85,11.68,215.27,15.11,278.12,"49,503.00"
216,17/10/2025,SSB,"19,000","18,950","18,450","18,950","18,450","18,693",-550,-2.89,2.76,51.62,3.49,62.00,6.26,113.62,"52,490.25"
217,16/10/2025,SSB,"19,000","19,050","19,000","19,150","18,600","18,844",0,0.00,3.68,69.69,0.00,0.00,3.68,69.69,"54,055.00"
218,15/10/2025,SSB,"19,400","19,200","19,000","19,350","19,000","19,197",-400,-2.06,2.61,50.07,6.21,120.38,8.81,170.45,"54,055.00"
219,14/10/2025,SSB,"19,450","19,450","19,400","19,450","19,100","19,256",-50,-0.26,2.92,56.16,0.00,0.00,2.92,56.16,"55,193.00"
220,13/10/2025,SSB,"19,450","19,200","19,450","19,450","19,000","19,149",0,0.00,3.55,68.09,4.14,80.52,7.69,148.61,"55,335.25"
221,10/10/2025,SSB,"19,100","19,100","19,450","19,450","19,050","19,146",350,1.83,2.94,56.40,3.66,65.31,6.60,121.71,"55,335.25"
222,09/10/2025,SSB,"19,200","19,150","19,100","19,350","19,050","19,155",-100,-0.52,2.54,48.58,3.80,72.90,6.33,121.48,"54,339.50"
223,08/10/2025,SSB,"19,200","19,350","19,200","19,450","19,200","19,338",0,0.00,3.09,59.62,0.00,0.00,3.09,59.62,"54,624.00"
224,07/10/2025,SSB,"19,700","19,700","19,200","19,750","19,200","19,427",-500,-2.54,2.27,44.18,0.00,0.00,2.27,44.18,"54,624.00"
225,06/10/2025,SSB,"19,000","19,900","19,700","19,900","19,100","19,304",700,3.68,2.62,50.52,0.00,0.00,2.62,50.52,"56,046.50"
226,03/10/2025,SSB,"19,300","19,350","19,000","19,350","19,000","19,160",-300,-1.55,2.25,43.02,2.61,50.33,4.85,93.35,"54,055.00"
227,02/10/2025,SSB,"19,400","19,400","19,300","19,450","19,200","19,345",-100,-0.52,2.99,57.87,0.00,0.00,2.99,57.87,"54,908.50"
228,01/10/2025,SSB,"19,300","19,300","19,400","19,400","19,100","19,257",100,0.52,2.44,47.07,0.00,0.00,2.44,47.07,"55,193.00"
229,30/09/2025,SSB,"19,500","19,500","19,300","19,500","19,050","19,155",-200,-1.03,2.23,42.67,0.07,1.44,2.30,44.12,"54,908.50"
230,29/09/2025,SSB,"19,500","19,500","19,500","19,500","19,050","19,251",0,0.00,2.52,48.52,0.00,0.00,2.52,48.52,"55,477.50"
231,26/09/2025,SSB,"19,450","19,550","19,500","19,600","19,300","19,443",50,0.26,2.93,56.97,0.00,0.00,2.93,56.97,"55,477.50"
232,25/09/2025,SSB,"19,500","19,550","19,450","19,800","19,450","19,527",-50,-0.26,3.51,68.49,1.05,21.84,4.56,90.33,"55,335.25"
233,24/09/2025,SSB,"19,300","19,300","19,500","20,000","19,000","19,435",200,1.04,2.85,55.07,0.00,0.00,2.85,55.07,"55,477.50"
234,23/09/2025,SSB,"19,300","19,350","19,300","19,550","19,200","19,363",0,0.00,3.91,75.78,7.20,148.68,11.11,224.46,"54,908.50"
235,22/09/2025,SSB,"19,600","19,600","19,300","19,850","19,300","19,455",-300,-1.53,4.01,77.87,17.31,341.45,21.32,419.32,"54,908.50"
236,19/09/2025,SSB,"20,000","19,950","19,600","20,000","19,600","19,839",-400,-2.00,2.23,44.24,8.44,168.80,10.67,213.04,"55,762.00"
237,18/09/2025,SSB,"20,100","20,100","20,000","20,150","19,550","19,792",-100,-0.50,2.47,48.94,11.22,235.62,13.69,284.56,"56,900.00"
238,17/09/2025,SSB,"20,000","19,950","20,100","20,200","19,800","20,016",100,0.50,2.91,58.27,26.85,539.49,29.76,597.76,"57,184.50"
239,16/09/2025,SSB,"19,850","20,000","20,000","20,100","19,650","19,889",150,0.76,3.09,61.57,0.10,1.85,3.19,63.42,"56,900.00"
240,15/09/2025,SSB,"19,650","19,900","19,850","19,900","19,600","19,753",200,1.02,2.67,52.79,27.89,548.04,30.56,600.83,"56,473.25"
241,12/09/2025,SSB,"20,100","20,100","19,650","20,250","19,600","19,832",-450,-2.24,2.54,50.38,16.62,334.08,19.16,384.46,"55,904.25"
242,11/09/2025,SSB,"19,950","20,000","20,100","20,300","19,200","19,651",150,0.75,2.72,53.36,7.52,149.96,10.23,203.31,"57,184.50"
243,10/09/2025,SSB,"19,650","19,750","19,950","20,100","19,750","19,921",300,1.53,2.50,49.75,28.38,557.67,30.88,607.42,"56,757.75"
244,09/09/2025,SSB,"19,950","19,950","19,650","20,200","19,600","19,924",-300,-1.50,2.87,57.11,0.00,0.00,2.87,57.11,"55,904.25"
245,08/09/2025,SSB,"21,000","21,050","19,950","21,150","19,950","20,635","-1,050",-5.00,3.58,73.81,1.00,21.00,4.58,94.81,"56,757.75"
246,05/09/2025,SSB,"21,650","21,650","21,000","21,950","21,000","21,561",-650,-3.00,3.37,72.71,0.00,0.00,3.37,72.71,"59,745.00"
247,04/09/2025,SSB,"21,150","21,400","21,650","21,650","21,200","21,347",500,2.36,2.61,55.69,0.00,0.00,2.61,55.69,"61,594.25"
248,03/09/2025,SSB,"21,400","21,100","21,150","21,500","21,050","21,208",-250,-1.17,2.67,56.74,1.04,22.13,3.71,78.86,"60,171.75"
249,29/08/2025,SSB,"21,500","21,650","21,400","21,800","21,200","21,548",-100,-0.47,2.96,63.72,0.00,0.00,2.96,63.72,"60,883.00"
250,28/08/2025,SSB,"21,400","21,300","21,500","21,650","20,800","21,182",100,0.47,2.66,56.29,0.00,0.00,2.66,56.29,"61,167.50"
251,27/08/2025,SSB,"21,800","21,800","21,400","21,850","21,100","21,316",-400,-1.83,3.03,64.67,0.00,0.00,3.03,64.67,"60,883.00"
252,26/08/2025,SSB,"20,750","20,700","21,800","21,800","20,200","20,755","1,050",5.06,2.77,57.54,0.00,0.00,2.77,57.54,"62,021.00"
253,25/08/2025,SSB,"22,100","22,550","20,750","22,550","20,700","21,355","-1,350",-6.11,4.14,88.09,1.00,22.10,5.14,110.19,"59,033.75"
254,22/08/2025,SSB,"23,100","23,100","22,100","23,800","21,900","22,922","-1,000",-4.33,5.14,117.54,0.10,2.15,5.24,119.69,"62,874.50"
255,21/08/2025,SSB,"21,600","21,900","23,100","23,100","21,600","22,621","1,500",6.94,4.81,108.87,0.00,0.00,4.81,108.87,"65,719.50"
256,20/08/2025,SSB,"20,700","20,700","21,600","21,600","20,400","21,001",900,4.35,6.44,134.97,9.44,193.99,15.88,328.97,"61,452.00"
257,19/08/2025,SSB,"20,600","20,600","20,700","20,800","20,300","20,554",100,0.49,3.54,72.66,0.10,1.92,3.64,74.58,"58,891.50"
258,18/08/2025,SSB,"20,650","20,700","20,600","20,800","20,250","20,510",-50,-0.24,3.33,68.25,7.18,148.27,10.51,216.52,"58,607.00"
259,15/08/2025,SSB,"20,800","21,900","20,650","21,900","20,550","20,999",-150,-0.72,5.45,114.15,0.00,0.00,5.45,114.15,"58,749.25"
260,14/08/2025,SSB,"19,950","20,250","20,800","20,800","19,950","20,428",850,4.26,5.19,106.09,0.15,2.79,5.34,108.88,"59,176.00"
261,13/08/2025,SSB,"20,400","20,400","19,950","20,450","19,850","20,105",-450,-2.21,4.28,86.02,0.00,0.00,4.28,86.02,"56,757.75"
262,12/08/2025,SSB,"20,500","20,500","20,400","20,550","20,100","20,293",-100,-0.49,4.14,83.90,0.00,0.00,4.14,83.90,"58,038.00"
263,11/08/2025,SSB,"20,100","20,100","20,500","20,600","20,000","20,290",400,1.99,5.10,103.50,0.00,0.00,5.10,103.50,"58,322.50"
264,08/08/2025,SSB,"19,800","19,900","20,100","20,100","19,800","19,925",300,1.52,3.83,76.27,0.30,5.55,4.13,81.82,"57,184.50"
265,07/08/2025,SSB,"20,000","20,050","19,800","20,200","19,600","19,776",-200,-1.00,4.21,83.35,3.55,66.03,7.76,149.38,"56,331.00"
266,06/08/2025,SSB,"19,600","19,800","20,000","20,500","19,700","19,980",400,2.04,4.51,90.09,0.00,0.00,4.51,90.09,"56,900.00"
267,05/08/2025,SSB,"20,250","20,250","19,600","20,850","19,500","20,341",-650,-3.21,4.15,84.62,0.21,4.06,4.37,88.68,"55,762.00"
268,04/08/2025,SSB,"19,600","19,850","20,250","20,250","19,150","19,772",650,3.32,2.96,58.58,0.00,0.00,2.96,58.58,"57,611.25"
269,01/08/2025,SSB,"19,500","20,850","19,600","20,850","19,600","20,122",100,0.51,4.12,82.84,0.00,0.00,4.12,82.84,"55,762.00"
270,31/07/2025,SSB,"19,250","19,550","19,500","20,150","19,500","19,737",250,1.30,2.88,56.86,0.00,0.00,2.88,56.86,"55,477.50"
271,30/07/2025,SSB,"19,900","19,850","19,250","20,250","19,100","19,540",-650,-3.27,2.63,51.28,0.00,0.00,2.63,51.28,"54,766.25"
272,29/07/2025,SSB,"21,100","20,700","19,900","21,150","19,900","20,650","-1,200",-5.69,2.38,49.11,1.54,32.40,3.93,81.52,"56,615.50"
273,28/07/2025,SSB,"20,700","20,900","21,100","21,150","20,500","20,925",400,1.93,3.19,66.67,0.00,0.00,3.19,66.67,"60,029.50"
274,25/07/2025,SSB,"19,950","19,950","20,700","20,950","19,950","20,483",750,3.76,2.94,60.17,0.00,0.00,2.94,60.17,"58,891.50"
275,24/07/2025,SSB,"19,850","19,900","19,950","20,100","19,800","19,933",100,0.50,1.94,38.67,0.00,0.00,1.94,38.67,"56,757.75"
276,23/07/2025,SSB,"20,000","20,000","19,850","20,100","19,750","19,943",-150,-0.75,2.40,47.82,25.14,502.80,27.54,550.62,"56,473.25"
277,22/07/2025,SSB,"19,900","20,050","20,000","20,050","19,500","19,716",100,0.50,3.37,66.29,0.00,0.00,3.37,66.29,"56,900.00"
278,21/07/2025,SSB,"19,800","19,800","19,900","19,950","19,600","19,758",100,0.51,2.56,50.50,7.40,146.52,9.96,197.02,"56,615.50"
279,18/07/2025,SSB,"20,000","19,950","19,800","20,000","19,650","19,855",-200,-1.00,2.33,46.18,1.95,39.00,4.28,85.18,"56,331.00"
280,17/07/2025,SSB,"19,400","19,500","20,000","20,000","19,300","19,636",600,3.09,2.83,55.50,0.00,0.00,2.83,55.50,"56,900.00"
281,16/07/2025,SSB,"19,300","19,250","19,400","19,400","19,200","19,297",100,0.52,2.43,46.77,0.00,0.00,2.43,46.77,"55,193.00"
282,15/07/2025,SSB,"19,250","19,300","19,300","19,300","19,100","19,196",50,0.26,2.19,42.10,1.59,30.62,3.78,72.72,"54,908.50"
283,14/07/2025,SSB,"19,300","19,350","19,250","19,350","19,050","19,193",-50,-0.26,2.32,44.58,4.10,79.13,6.42,123.71,"54,766.25"
284,11/07/2025,SSB,"19,200","19,250","19,300","19,400","19,050","19,193",100,0.52,2.51,48.11,0.00,0.00,2.51,48.11,"54,908.50"
285,10/07/2025,SSB,"19,100","19,150","19,200","19,200","19,000","19,094",100,0.52,2.57,49.03,0.00,0.00,2.57,49.03,"54,624.00"
286,09/07/2025,SSB,"18,900","18,900","19,100","19,100","18,850","18,968",200,1.06,2.52,47.72,0.00,0.00,2.52,47.72,"54,339.50"
287,08/07/2025,SSB,"18,900","18,850","18,900","19,000","18,700","18,846",0,0.00,2.22,41.78,0.00,0.00,2.22,41.78,"53,770.50"
288,07/07/2025,SSB,"18,500","18,500","18,900","18,900","18,500","18,739",400,2.16,2.65,49.52,0.00,0.00,2.65,49.52,"53,770.50"
289,04/07/2025,SSB,"18,300","18,400","18,500","18,500","18,250","18,349",200,1.09,2.06,37.70,0.00,0.00,2.06,37.70,"52,632.50"
290,03/07/2025,SSB,"18,150","18,150","18,300","18,350","18,050","18,216",150,0.83,2.14,38.93,0.00,0.00,2.14,38.93,"52,063.50"
291,02/07/2025,SSB,"18,000","18,000","18,150","18,150","18,000","18,083",150,0.83,2.09,37.72,0.00,0.00,2.09,37.72,"51,636.75"
292,01/07/2025,SSB,"18,150","18,150","18,000","18,150","18,000","18,093",-150,-0.83,1.93,34.95,0.00,0.00,1.93,34.95,"51,210.00"
293,30/06/2025,SSB,"18,150","18,150","18,150","18,150","18,050","18,103",0,0.00,1.90,34.41,0.00,0.00,1.90,34.41,"51,636.75"
294,27/06/2025,SSB,"18,150","18,150","18,150","18,150","17,950","18,057",0,0.00,2.03,36.62,0.03,0.54,2.06,37.17,"51,636.75"
295,26/06/2025,SSB,"18,100","17,950","18,150","18,150","17,900","18,004",50,0.28,2.16,38.88,0.00,0.00,2.16,38.88,"51,636.75"
296,25/06/2025,SSB,"18,100","18,100","18,100","18,100","17,900","18,000",0,0.00,1.94,34.87,12.32,223.61,14.26,258.47,"51,494.50"
297,24/06/2025,SSB,"18,100","18,100","18,100","18,150","17,950","18,072",0,0.00,2.14,38.67,6.47,120.62,8.61,159.29,"51,494.50"
298,23/06/2025,SSB,"18,150","18,100","18,100","18,100","18,000","18,051",-50,-0.28,1.81,32.64,10.07,182.13,11.87,214.77,"51,494.50"
299,20/06/2025,SSB,"18,100","18,100","18,150","18,150","18,000","18,082",50,0.28,2.58,46.57,0.00,0.00,2.58,46.57,"51,636.75"
300,19/06/2025,SSB,"17,950","17,750","18,100","18,100","17,750","17,906",150,0.84,2.23,39.82,5.25,94.33,7.48,134.15,"51,494.50"
301,18/06/2025,SSB,"17,950","17,950","17,950","18,000","17,750","17,867",0,0.00,1.89,33.80,11.79,212.27,13.68,246.08,"51,067.75"
302,17/06/2025,SSB,"17,950","18,000","17,950","18,000","17,750","17,858",0,0.00,1.96,35.00,0.00,0.00,1.96,35.00,"51,067.75"
303,16/06/2025,SSB,"17,950","18,000","17,950","18,000","17,750","17,880",0,0.00,2.07,37.09,3.20,57.28,5.27,94.37,"51,067.75"
304,13/06/2025,SSB,"18,150","18,100","17,950","18,100","17,700","17,809",-200,-1.10,2.32,41.41,0.00,0.00,2.32,41.41,"51,067.75"
305,12/06/2025,SSB,"18,050","18,200","18,150","18,200","17,950","18,078",100,0.55,2.04,36.85,0.00,0.00,2.04,36.85,"51,636.75"
306,11/06/2025,SSB,"18,100","18,050","18,050","18,200","17,950","17,993",-50,-0.28,2.17,39.02,0.00,0.00,2.17,39.02,"51,352.25"
307,10/06/2025,SSB,"18,150","18,350","18,100","18,350","18,050","18,189",-50,-0.28,2.09,38.06,0.00,0.00,2.09,38.06,"51,494.50"
308,09/06/2025,SSB,"18,200","18,100","18,150","18,150","18,000","18,091",-50,-0.27,1.99,36.03,0.00,0.00,1.99,36.03,"51,636.75"
309,06/06/2025,SSB,"18,100","18,050","18,200","18,250","18,000","18,082",100,0.55,1.95,35.21,0.00,0.00,1.95,35.21,"51,779.00"
310,05/06/2025,SSB,"18,250","18,350","18,100","18,400","18,100","18,256",-150,-0.82,2.25,41.10,0.00,0.00,2.25,41.10,"51,494.50"
311,04/06/2025,SSB,"18,300","18,350","18,250","18,450","18,250","18,321",-50,-0.27,2.37,43.55,0.00,0.00,2.37,43.55,"51,921.25"
312,03/06/2025,SSB,"18,500","18,500","18,300","18,600","18,300","18,514",-200,-1.08,2.28,42.17,2.79,53.01,5.07,95.18,"52,063.50"
313,02/06/2025,SSB,"18,400","18,400","18,500","18,550","18,200","18,457",100,0.54,2.17,40.02,20.88,386.37,23.05,426.39,"52,632.50"
314,30/05/2025,SSB,"18,400","18,400","18,400","18,400","18,250","18,317",0,0.00,2.37,43.36,0.00,0.00,2.37,43.36,"52,348.00"
315,29/05/2025,SSB,"18,600","18,600","18,400","18,600","18,400","18,490",-200,-1.08,1.92,35.57,0.00,0.00,1.92,35.57,"52,348.00"
316,28/05/2025,SSB,"18,450","18,450","18,600","18,650","18,450","18,544",150,0.81,2.00,37.06,0.00,0.00,2.00,37.06,"52,917.00"
317,27/05/2025,SSB,"18,650","18,650","18,450","18,650","18,450","18,533",-200,-1.07,1.76,32.61,0.00,0.00,1.76,32.61,"52,490.25"
318,26/05/2025,SSB,"18,650","18,550","18,650","18,650","18,250","18,450",0,0.00,2.41,44.43,0.00,0.00,2.41,44.43,"53,059.25"
319,23/05/2025,SSB,"18,650","18,700","18,650","18,800","18,500","18,616",0,0.00,1.74,32.36,0.00,0.00,1.74,32.36,"53,059.25"
320,22/05/2025,SSB,"18,700","18,600","18,650","18,650","18,500","18,589",-50,-0.27,2.08,38.68,0.00,0.00,2.08,38.68,"53,059.25"
321,21/05/2025,SSB,"18,850","18,850","18,700","18,850","18,600","18,690",-150,-0.80,2.21,41.40,12.88,242.34,15.10,283.75,"53,201.50"
322,20/05/2025,SSB,"18,800","18,600","18,850","18,850","18,500","18,680",50,0.27,2.09,38.99,0.00,0.00,2.09,38.99,"53,628.25"
323,19/05/2025,SSB,"19,000","19,000","18,800","19,000","18,650","18,800",-200,-1.05,1.97,37.01,7.75,147.25,9.72,184.26,"53,486.00"
324,16/05/2025,SSB,"19,400","19,250","19,000","19,400","18,950","19,126",-400,-2.06,1.98,37.86,0.00,0.00,1.98,37.86,"54,055.00"
325,15/05/2025,SSB,"18,850","18,750","19,400","19,500","18,750","19,200",550,2.92,2.78,53.27,0.00,0.00,2.78,53.27,"55,193.00"
326,14/05/2025,SSB,"18,700","18,600","18,850","18,900","18,600","18,767",150,0.80,2.40,45.06,0.00,0.00,2.40,45.06,"53,628.25"
327,13/05/2025,SSB,"19,000","19,000","18,700","19,050","18,700","18,846",-300,-1.58,2.10,39.66,0.00,0.00,2.10,39.66,"53,201.50"
328,12/05/2025,SSB,"18,700","18,750","19,000","19,150","18,600","18,832",300,1.60,2.49,46.64,0.00,0.00,2.49,46.64,"54,055.00"
329,09/05/2025,SSB,"18,700","18,500","18,700","18,800","18,500","18,671",0,0.00,1.68,31.40,0.00,0.00,1.68,31.40,"53,201.50"
330,08/05/2025,SSB,"18,550","18,450","18,700","18,700","18,400","18,513",150,0.81,2.04,37.69,0.00,0.00,2.04,37.69,"53,201.50"
331,07/05/2025,SSB,"18,450","18,500","18,550","18,550","18,350","18,454",100,0.54,1.76,32.45,0.02,0.38,1.78,32.82,"52,774.75"
332,06/05/2025,SSB,"18,450","18,450","18,450","18,600","18,250","18,428",0,0.00,1.71,31.53,0.00,0.00,1.71,31.53,"52,490.25"
333,05/05/2025,SSB,"18,400","18,450","18,450","18,500","18,200","18,296",50,0.27,1.81,33.12,0.02,0.37,1.83,33.49,"52,490.25"
334,29/04/2025,SSB,"18,600","18,700","18,400","18,800","18,400","18,543",-200,-1.08,1.74,32.28,0.98,19.39,2.72,51.67,"52,348.00"
335,28/04/2025,SSB,"18,100","18,250","18,600","18,700","18,200","18,487",500,2.76,1.79,33.03,11.90,215.39,13.69,248.43,"52,917.00"
336,25/04/2025,SSB,"18,600","18,700","18,100","18,750","18,100","18,309",-500,-2.69,4.41,80.77,0.00,0.00,4.41,80.77,"51,494.50"
337,24/04/2025,SSB,"18,500","18,550","18,600","18,900","18,450","18,600",100,0.54,2.20,40.86,0.00,0.00,2.20,40.86,"52,917.00"
338,23/04/2025,SSB,"19,200","19,850","18,500","19,900","18,500","19,287",-700,-3.65,1.96,37.83,25.90,494.69,27.86,532.52,"52,632.50"
339,22/04/2025,SSB,"19,050","18,800","19,200","19,200","18,250","18,779",150,0.79,2.62,49.24,13.33,259.54,15.95,308.78,"54,624.00"
340,21/04/2025,SSB,"19,350","19,300","19,050","19,350","18,800","19,142",-300,-1.55,1.83,34.98,0.00,0.00,1.83,34.98,"54,197.25"
341,18/04/2025,SSB,"19,350","19,600","19,350","19,600","19,250","19,359",0,0.00,2.00,38.63,0.00,0.00,2.00,38.63,"55,050.75"
342,17/04/2025,SSB,"18,700","19,100","19,350","19,750","18,900","19,296",650,3.48,2.85,55.04,0.00,0.00,2.85,55.04,"55,050.75"
343,16/04/2025,SSB,"18,600","18,300","18,700","18,700","18,150","18,387",100,0.54,1.98,36.41,0.00,0.00,1.98,36.41,"53,201.50"
344,15/04/2025,SSB,"19,150","18,600","18,600","19,100","18,100","18,442",-550,-2.87,1.97,36.31,2.92,57.02,4.89,93.33,"52,917.00"
345,14/04/2025,SSB,"20,000","19,150","19,150","19,950","19,100","19,368",-850,-4.25,2.44,47.34,3.84,76.80,6.28,124.14,"54,481.75"
346,11/04/2025,SSB,"20,650","19,550","20,000","20,800","19,550","19,849",-650,-3.15,2.33,46.25,0.00,0.00,2.33,46.25,"56,900.00"
347,10/04/2025,SSB,"19,300","20,450","20,650","20,650","20,000","20,624","1,350",6.99,2.67,55.00,0.00,0.00,2.67,55.00,"58,749.25"
348,09/04/2025,SSB,"19,000","18,900","19,300","19,350","18,100","18,659",300,1.58,2.47,46.12,0.00,0.00,2.47,46.12,"54,908.50"
349,08/04/2025,SSB,"19,200","19,300","19,000","19,300","18,150","18,507",-200,-1.04,1.60,29.59,0.00,0.00,1.60,29.59,"54,055.00"
350,04/04/2025,SSB,"18,700","19,800","19,200","19,800","18,850","19,267",500,2.67,2.66,51.26,0.00,0.00,2.66,51.26,"54,624.00"
351,03/04/2025,SSB,"19,200","19,500","18,700","19,500","18,550","19,186",-500,-2.60,1.90,36.43,0.00,0.00,1.90,36.43,"53,201.50"
352,02/04/2025,SSB,"19,550","19,600","19,200","19,600","19,200","19,347",-350,-1.79,2.06,39.85,0.00,0.00,2.06,39.85,"54,624.00"
353,01/04/2025,SSB,"19,550","19,600","19,550","19,600","19,350","19,469",0,0.00,1.96,38.17,6.49,127.20,8.45,165.37,"55,619.75"
354,31/03/2025,SSB,"19,700","19,700","19,550","19,700","19,350","19,454",-150,-0.76,1.83,35.67,0.00,0.00,1.83,35.67,"55,619.75"
355,28/03/2025,SSB,"19,600","19,650","19,700","19,700","19,400","19,510",100,0.51,1.93,37.57,4.50,87.08,6.43,124.64,"56,046.50"
356,27/03/2025,SSB,"19,550","19,800","19,600","19,800","19,400","19,531",50,0.26,1.80,35.06,11.41,226.44,13.21,261.50,"55,762.00"
357,26/03/2025,SSB,"19,800","19,600","19,550","19,850","19,550","19,741",-250,-1.26,1.91,37.72,11.60,219.18,13.51,256.90,"55,619.75"
358,25/03/2025,SSB,"19,750","19,800","19,800","19,900","19,500","19,712",50,0.25,1.99,39.23,8.80,173.80,10.79,213.03,"56,331.00"
359,24/03/2025,SSB,"19,850","19,850","19,750","19,850","19,500","19,646",-100,-0.50,2.01,39.43,26.04,518.00,28.05,557.43,"56,188.75"
360,21/03/2025,SSB,"19,850","19,800","19,850","19,850","19,550","19,737",0,0.00,1.99,39.18,6.80,134.54,8.78,173.72,"56,473.25"
361,20/03/2025,SSB,"19,800","19,800","19,850","19,850","19,650","19,778",50,0.25,2.06,40.76,17.00,336.60,19.06,377.36,"56,473.25"
362,19/03/2025,SSB,"19,700","19,700","19,800","19,800","19,550","19,690",100,0.51,1.73,34.12,2.80,55.16,4.53,89.28,"56,331.00"
363,18/03/2025,SSB,"19,800","19,850","19,700","19,850","19,600","19,712",-100,-0.51,1.51,29.81,7.85,155.41,9.36,185.22,"56,046.50"
364,17/03/2025,SSB,"19,800","19,900","19,800","19,900","19,650","19,785",0,0.00,1.79,35.45,0.00,0.00,1.79,35.45,"56,331.00"
365,14/03/2025,SSB,"19,800","19,800","19,800","19,800","19,600","19,716",0,0.00,1.68,33.14,9.98,210.04,11.66,243.18,"56,331.00"
366,13/03/2025,SSB,"19,850","19,850","19,800","19,850","19,550","19,715",-50,-0.25,1.85,36.42,0.00,0.00,1.85,36.42,"56,331.00"
367,12/03/2025,SSB,"19,800","19,800","19,850","19,900","19,550","19,735",50,0.25,1.62,31.99,9.43,196.14,11.05,228.13,"56,473.25"
368,11/03/2025,SSB,"19,800","19,800","19,800","19,800","19,450","19,677",0,0.00,1.86,36.51,0.00,0.00,1.86,36.51,"56,331.00"
369,10/03/2025,SSB,"19,650","19,700","19,800","19,850","19,650","19,734",150,0.76,1.86,36.68,10.79,223.05,12.65,259.73,"56,331.00"
370,07/03/2025,SSB,"19,450","19,450","19,650","19,650","19,300","19,508",200,1.03,1.79,34.96,0.00,0.00,1.79,34.96,"55,904.25"
371,06/03/2025,SSB,"19,450","19,500","19,450","19,750","19,400","19,610",0,0.00,1.88,36.85,0.00,0.00,1.88,36.85,"55,335.25"
372,05/03/2025,SSB,"19,450","19,450","19,450","19,500","19,300","19,395",0,0.00,1.80,34.95,1.11,21.18,2.91,56.13,"55,335.25"
373,04/03/2025,SSB,"19,450","19,150","19,450","19,450","19,150","19,343",0,0.00,1.91,36.98,16.10,312.34,18.01,349.32,"55,335.25"
374,03/03/2025,SSB,"19,400","19,400","19,450","19,600","19,100","19,366",50,0.26,1.71,33.14,1.70,33.24,3.41,66.38,"55,335.25"
375,28/02/2025,SSB,"19,500","19,550","19,400","19,550","19,050","19,242",-100,-0.51,2.26,43.51,0.00,0.00,2.26,43.51,"55,193.00"
376,27/02/2025,SSB,"19,300","19,300","19,500","19,500","19,050","19,308",200,1.04,1.77,34.25,0.00,0.00,1.77,34.25,"55,477.50"
377,26/02/2025,SSB,"19,600","19,700","19,300","19,700","19,300","19,515",-300,-1.53,1.78,34.75,0.00,0.00,1.78,34.75,"54,908.50"
378,25/02/2025,SSB,"19,650","19,650","19,600","19,700","19,400","19,566",-50,-0.25,1.77,34.72,0.00,0.00,1.77,34.72,"55,566.00"
379,24/02/2025,SSB,"19,550","19,300","19,650","19,650","19,150","19,379",100,0.51,2.05,39.64,0.03,0.56,2.08,40.20,"55,707.75"
380,21/02/2025,SSB,"19,600","19,500","19,550","19,600","19,300","19,415",-50,-0.26,1.84,35.78,0.00,0.00,1.84,35.78,"55,424.25"
381,20/02/2025,SSB,"19,600","19,400","19,600","19,750","19,300","19,518",0,0.00,2.22,43.23,0.00,0.00,2.22,43.23,"55,566.00"
382,19/02/2025,SSB,"19,750","19,600","19,600","19,800","19,500","19,653",-150,-0.76,1.77,34.83,9.60,189.60,11.37,224.43,"55,566.00"
383,18/02/2025,SSB,"19,850","19,900","19,750","19,900","19,600","19,724",-100,-0.50,1.98,38.96,21.82,420.05,23.80,459.01,"55,991.25"
384,17/02/2025,SSB,"19,500","19,350","19,850","19,900","19,250","19,696",350,1.79,2.08,41.04,0.00,0.00,2.08,41.04,"56,274.75"
385,14/02/2025,SSB,"19,050","19,200","19,500","19,500","19,150","19,355",450,2.36,2.37,45.89,0.00,0.00,2.37,45.89,"55,282.50"
386,13/02/2025,SSB,"18,950","18,900","19,050","19,050","18,650","18,896",100,0.53,1.66,31.38,0.00,0.00,1.66,31.38,"54,006.75"
387,12/02/2025,SSB,"18,950","18,950","18,950","18,950","18,700","18,838",0,0.00,2.28,42.97,0.00,0.00,2.28,42.97,"53,723.25"
388,11/02/2025,SSB,"18,700","18,650","18,950","18,950","18,450","18,669",250,1.34,2.69,50.29,0.00,0.00,2.69,50.29,"53,723.25"
389,10/02/2025,SSB,"18,700","18,500","18,700","18,700","18,100","18,439",0,0.00,2.48,45.71,0.00,0.00,2.48,45.71,"53,014.50"
390,07/02/2025,SSB,"18,650","18,200","18,700","18,750","18,200","18,509",50,0.27,2.24,41.51,0.04,0.83,2.29,42.34,"53,014.50"
391,06/02/2025,SSB,"18,650","18,800","18,650","18,800","18,350","18,500",0,0.00,2.18,40.40,0.10,1.75,2.28,42.15,"52,872.75"
392,05/02/2025,SSB,"18,800","18,550","18,650","18,800","18,500","18,665",-150,-0.80,1.99,37.22,0.00,0.00,1.99,37.22,"52,872.75"
393,04/02/2025,SSB,"18,700","18,700","18,800","18,800","18,100","18,506",100,0.53,1.94,35.82,0.20,3.76,2.14,39.57,"53,298.00"
394,03/02/2025,SSB,"18,750","18,300","18,700","18,700","17,600","18,043",-50,-0.27,2.09,37.76,0.00,0.00,2.09,37.76,"53,014.50"
395,24/01/2025,SSB,"18,750","18,600","18,750","18,800","18,100","18,488",0,0.00,2.28,42.11,0.00,0.00,2.28,42.11,"53,156.25"
396,23/01/2025,SSB,"18,750","18,750","18,750","18,950","18,600","18,796",0,0.00,2.13,40.13,0.25,4.38,2.38,44.50,"53,156.25"
397,22/01/2025,SSB,"18,450","18,600","18,750","18,750","18,350","18,570",300,1.63,1.96,36.46,19.06,351.66,21.02,388.12,"53,156.25"
398,21/01/2025,SSB,"18,000","18,000","18,450","18,450","17,950","18,180",450,2.50,2.69,48.92,13.61,244.42,16.30,293.34,"52,305.75"
399,20/01/2025,SSB,"17,900","17,650","18,000","18,000","17,650","17,832",100,0.56,1.94,34.52,0.00,0.00,1.94,34.52,"51,030.00"
400,17/01/2025,SSB,"17,800","17,600","17,900","17,900","17,600","17,761",100,0.56,2.08,36.89,0.00,0.00,2.08,36.89,"50,746.50"
401,16/01/2025,SSB,"17,700","17,700","17,800","17,800","17,300","17,541",100,0.56,2.52,44.28,0.00,0.00,2.52,44.28,"50,463.00"
402,15/01/2025,SSB,"17,450","17,250","17,700","17,700","17,100","17,386",250,1.43,3.36,58.34,1.64,28.69,5.00,87.03,"50,179.50"
403,14/01/2025,SSB,"17,500","17,150","17,450","17,450","17,150","17,351",-50,-0.29,1.89,32.72,0.00,0.00,1.89,32.72,"49,470.75"
404,13/01/2025,SSB,"17,400","17,050","17,500","17,600","17,050","17,349",100,0.57,2.53,43.97,4.40,76.56,6.93,120.53,"49,612.50"
405,10/01/2025,SSB,"17,050","17,050","17,400","17,400","16,950","17,172",350,2.05,2.16,37.02,0.00,0.00,2.16,37.02,"49,329.00"
406,09/01/2025,SSB,"17,100","17,300","17,050","17,300","16,900","17,059",-50,-0.29,1.95,33.21,0.00,0.00,1.95,33.21,"48,336.75"
407,08/01/2025,SSB,"16,800","16,650","17,100","17,100","16,600","16,837",300,1.79,2.12,35.76,0.00,0.00,2.12,35.76,"48,478.50"
408,07/01/2025,SSB,"16,750","16,750","16,800","16,800","16,550","16,705",50,0.30,3.20,53.47,0.00,0.00,3.20,53.47,"47,628.00"
409,06/01/2025,SSB,"16,800","16,650","16,750","16,750","16,600","16,680",-50,-0.30,1.71,28.51,0.00,0.00,1.71,28.51,"47,486.25"
410,03/01/2025,SSB,"16,750","16,750","16,800","16,800","16,500","16,619",50,0.30,1.76,29.26,0.00,0.00,1.76,29.26,"47,628.00"
411,02/01/2025,SSB,"16,750","16,900","16,750","16,900","16,450","16,608",0,0.00,1.64,27.31,0.00,0.00,1.64,27.31,"47,486.25"
412,31/12/2024,SSB,"16,700","16,850","16,750","16,850","16,600","16,737",50,0.30,1.63,27.30,0.53,8.42,2.16,35.72,"47,486.25"
413,30/12/2024,SSB,"16,900","16,800","16,700","16,950","16,700","16,807",-200,-1.18,1.73,29.03,0.00,0.00,1.73,29.03,"47,344.50"
414,27/12/2024,SSB,"16,900","17,050","16,900","17,200","16,900","17,029",0,0.00,1.74,29.66,0.00,0.00,1.74,29.66,"47,911.50"
415,26/12/2024,SSB,"17,250","17,250","16,900","17,300","16,900","17,133",-350,-2.03,1.69,29.01,0.00,0.00,1.69,29.01,"47,911.50"
416,25/12/2024,SSB,"17,050","16,850","17,250","17,250","16,850","17,142",200,1.17,1.92,32.99,10.00,170.50,11.92,203.49,"48,903.75"
417,24/12/2024,SSB,"16,950","16,900","17,050","17,050","16,750","16,868",100,0.59,1.70,28.69,10.27,174.08,11.97,202.77,"48,336.75"
418,23/12/2024,SSB,"16,700","16,650","16,950","16,950","16,600","16,780",250,1.50,1.75,29.34,0.00,0.00,1.75,29.34,"48,053.25"
419,20/12/2024,SSB,"16,500","16,800","16,700","16,900","16,500","16,651",200,1.21,1.58,26.33,0.00,0.00,1.58,26.33,"47,344.50"
420,19/12/2024,SSB,"17,250","17,050","16,500","17,100","16,500","16,876",-750,-4.35,2.26,38.22,4.44,76.97,6.71,115.19,"46,777.50"
421,18/12/2024,SSB,"17,300","17,100","17,250","17,250","17,100","17,199",-50,-0.29,1.53,26.26,0.23,4.08,1.76,30.34,"48,903.75"
422,17/12/2024,SSB,"17,300","17,250","17,300","17,300","16,950","17,137",0,0.00,2.37,40.66,1.34,23.31,3.71,63.97,"49,045.50"
423,16/12/2024,SSB,"17,350","17,350","17,300","17,350","17,100","17,250",-50,-0.29,1.70,29.41,0.23,4.03,1.94,33.44,"49,045.50"
424,13/12/2024,SSB,"17,400","17,250","17,350","17,400","17,100","17,230",-50,-0.29,1.79,30.91,0.00,0.00,1.79,30.91,"49,187.25"
425,12/12/2024,SSB,"17,350","17,350","17,400","17,400","17,150","17,325",50,0.29,1.75,30.39,0.00,0.00,1.75,30.39,"49,329.00"
426,11/12/2024,SSB,"17,350","17,350","17,350","17,400","17,100","17,293",0,0.00,2.09,36.08,0.00,0.00,2.09,36.08,"49,187.25"
427,10/12/2024,SSB,"17,300","17,300","17,350","17,450","17,250","17,323",50,0.29,2.29,39.65,9.32,160.30,11.61,199.95,"49,187.25"
428,09/12/2024,SSB,"17,250","17,100","17,300","17,400","17,000","17,133",50,0.29,2.47,42.33,8.16,140.35,10.63,182.68,"49,045.50"
429,06/12/2024,SSB,"17,200","17,000","17,250","17,600","17,000","17,261",50,0.29,1.86,32.05,0.00,0.00,1.86,32.05,"48,903.75"
430,05/12/2024,SSB,"16,950","16,950","17,200","17,200","16,800","16,976",250,1.47,2.30,39.08,0.00,0.00,2.30,39.08,"48,762.00"
431,04/12/2024,SSB,"17,000","16,800","16,950","16,950","16,750","16,860",-50,-0.29,1.75,29.47,0.00,0.00,1.75,29.47,"48,053.25"
432,03/12/2024,SSB,"16,950","16,950","17,000","17,000","16,750","16,876",50,0.29,1.83,30.87,23.55,409.49,25.38,440.35,"48,195.00"
433,02/12/2024,SSB,"17,000","17,000","16,950","17,050","16,850","16,930",-50,-0.29,1.74,29.47,0.00,0.00,1.74,29.47,"48,053.25"
434,29/11/2024,SSB,"17,000","17,000","17,000","17,000","16,800","16,929",0,0.00,2.16,36.61,6.85,121.93,9.01,158.54,"48,195.00"
435,28/11/2024,SSB,"16,950","17,000","17,000","17,100","16,800","16,952",50,0.29,1.94,32.93,0.00,0.00,1.94,32.93,"48,195.00"
436,27/11/2024,SSB,"16,900","16,750","16,950","16,950","16,750","16,865",50,0.30,1.94,32.70,0.00,0.00,1.94,32.70,"48,053.25"
437,26/11/2024,SSB,"16,850","16,800","16,900","16,900","16,750","16,849",50,0.30,1.85,31.09,0.00,0.00,1.85,31.09,"47,911.50"
438,25/11/2024,SSB,"16,900","16,850","16,850","16,900","16,700","16,829",-50,-0.30,1.97,33.20,6.23,107.12,8.20,140.32,"47,769.75"
439,22/11/2024,SSB,"16,900","16,850","16,900","16,900","16,700","16,843",0,0.00,1.70,28.59,0.00,0.00,1.70,28.59,"47,911.50"
440,21/11/2024,SSB,"16,900","16,700","16,900","16,900","16,550","16,792",0,0.00,2.24,37.67,10.13,171.20,12.37,208.87,"47,911.50"
441,20/11/2024,SSB,"16,900","16,550","16,900","16,900","16,550","16,801",0,0.00,1.91,32.01,0.00,0.00,1.91,32.01,"47,911.50"
442,19/11/2024,SSB,"16,850","16,550","16,900","17,000","16,500","16,823",50,0.30,3.30,55.48,0.00,0.00,3.30,55.48,"47,911.50"
443,18/11/2024,SSB,"16,800","16,600","16,850","16,850","16,400","16,633",50,0.30,3.55,58.97,7.53,126.50,11.08,185.47,"47,769.75"
444,15/11/2024,SSB,"16,750","16,700","16,800","16,800","16,550","16,725",50,0.30,1.78,29.83,0.00,0.00,1.78,29.83,"47,628.00"
445,14/11/2024,SSB,"16,700","16,400","16,750","16,750","16,400","16,618",50,0.30,1.87,31.12,26.40,451.44,28.27,482.56,"47,486.25"
446,13/11/2024,SSB,"16,650","16,400","16,700","16,700","16,350","16,544",50,0.30,1.86,30.79,5.44,91.83,7.30,122.61,"47,344.50"
447,12/11/2024,SSB,"16,700","16,700","16,650","16,700","16,450","16,604",-50,-0.30,1.72,28.51,24.40,414.80,26.12,443.31,"47,202.75"
448,11/11/2024,SSB,"16,750","16,750","16,700","16,800","16,400","16,587",-50,-0.30,1.71,28.31,13.10,220.08,14.81,248.39,"47,344.50"
449,08/11/2024,SSB,"16,850","16,850","16,750","16,900","16,500","16,769",-100,-0.59,1.74,29.09,3.50,58.80,5.24,87.89,"47,486.25"
450,07/11/2024,SSB,"16,900","16,900","16,850","17,000","16,650","16,789",-50,-0.30,1.62,27.15,0.00,0.00,1.62,27.15,"47,769.75"
451,06/11/2024,SSB,"16,750","16,750","16,900","16,950","16,650","16,811",150,0.90,1.86,31.24,0.00,0.00,1.86,31.24,"47,911.50"
452,05/11/2024,SSB,"16,700","16,600","16,750","16,750","16,350","16,543",50,0.30,1.76,29.07,1.04,17.68,2.80,46.76,"47,486.25"
453,04/11/2024,SSB,"16,950","16,800","16,700","16,800","16,400","16,565",-250,-1.47,2.03,33.61,22.75,385.65,24.78,419.25,"47,344.50"
454,01/11/2024,SSB,"16,550","16,350","16,950","16,950","16,350","16,632",400,2.42,2.70,44.85,0.00,0.00,2.70,44.85,"48,053.25"
455,31/10/2024,SSB,"16,500","16,450","16,550","16,550","16,250","16,430",50,0.30,1.93,31.72,0.00,0.00,1.93,31.72,"46,919.25"
456,30/10/2024,SSB,"16,600","16,500","16,500","16,500","16,250","16,396",-100,-0.60,3.27,53.53,16.71,277.39,19.98,330.92,"46,777.50"
457,29/10/2024,SSB,"16,650","16,650","16,600","16,700","16,450","16,603",-50,-0.30,1.84,30.57,14.07,234.22,15.91,264.78,"47,061.00"
458,28/10/2024,SSB,"16,650","16,400","16,650","16,650","16,400","16,545",0,0.00,1.89,31.34,17.92,299.26,19.81,330.60,"47,202.75"
459,25/10/2024,SSB,"16,650","16,650","16,650","16,650","16,350","16,546",0,0.00,1.74,28.78,4.92,81.92,6.66,110.70,"47,202.75"
460,24/10/2024,SSB,"16,650","16,600","16,650","16,650","16,400","16,530",0,0.00,1.72,28.39,43.77,770.04,45.49,798.44,"47,202.75"
461,23/10/2024,SSB,"16,700","16,700","16,650","16,700","16,450","16,561",-50,-0.30,1.86,30.73,13.10,218.77,14.96,249.50,"47,202.75"
462,22/10/2024,SSB,"16,700","16,650","16,700","16,700","16,450","16,594",0,0.00,1.85,30.69,0.00,0.00,1.85,30.69,"47,344.50"
463,21/10/2024,SSB,"16,700","16,450","16,700","16,750","16,450","16,613",0,0.00,2.02,33.55,0.00,0.00,2.02,33.55,"47,344.50"
464,18/10/2024,SSB,"16,750","16,750","16,700","17,150","16,700","16,867",-50,-0.30,1.70,28.68,22.60,384.73,24.30,413.40,"47,344.50"
465,17/10/2024,SSB,"16,700","16,700","16,750","16,800","16,200","16,467",50,0.30,2.14,35.24,1.68,28.12,3.82,63.36,"47,486.25"
466,16/10/2024,SSB,"17,400","17,000","16,700","17,300","16,700","17,007",-700,-4.02,1.67,28.39,0.00,0.00,1.67,28.39,"47,344.50"
467,15/10/2024,SSB,"17,400","17,100","17,400","17,600","17,100","17,413",0,0.00,1.61,28.05,0.00,0.00,1.61,28.05,"49,329.00"
468,14/10/2024,SSB,"17,600","17,750","17,400","17,750","17,400","17,572",-200,-1.14,2.02,35.53,4.50,79.20,6.52,114.73,"49,329.00"
469,11/10/2024,SSB,"17,500","17,650","17,600","17,700","17,500","17,571",100,0.57,1.60,28.15,0.00,0.00,1.60,28.15,"49,896.00"
470,10/10/2024,SSB,"17,500","17,600","17,500","17,800","17,500","17,623",0,0.00,2.14,37.63,6.82,119.42,8.96,157.05,"49,612.50"
471,09/10/2024,SSB,"17,100","17,100","17,500","18,000","16,950","17,242",400,2.34,2.21,38.19,0.00,0.00,2.21,38.19,"49,612.50"
472,08/10/2024,SSB,"17,100","17,100","17,100","17,200","16,950","17,092",0,0.00,2.26,38.65,0.00,0.00,2.26,38.65,"48,478.50"
473,07/10/2024,SSB,"17,500","17,450","17,100","17,500","17,100","17,347",-400,-2.29,1.64,28.38,0.00,0.00,1.64,28.38,"48,478.50"
474,04/10/2024,SSB,"17,800","17,800","17,500","17,800","17,450","17,617",-300,-1.69,2.10,37.06,0.00,0.00,2.10,37.06,"49,612.50"
475,03/10/2024,SSB,"17,550","17,500","17,800","18,000","17,500","17,804",250,1.42,2.63,46.91,0.00,0.00,2.63,46.91,"50,463.00"
476,02/10/2024,SSB,"17,450","17,300","17,550","17,600","17,200","17,438",100,0.57,1.75,30.58,0.00,0.00,1.75,30.58,"49,754.25"
477,01/10/2024,SSB,"17,050","17,050","17,450","17,550","17,000","17,253",400,2.35,2.01,34.72,10.08,171.86,12.09,206.58,"49,470.75"
478,30/09/2024,SSB,"17,000","17,000","17,050","17,050","16,850","16,964",50,0.29,1.55,26.23,10.00,170.00,11.55,196.23,"48,336.75"
479,27/09/2024,SSB,"17,000","17,000","17,000","17,150","16,850","16,992",0,0.00,1.64,27.93,0.00,0.00,1.64,27.93,"48,195.00"
480,26/09/2024,SSB,"16,650","16,650","17,000","17,050","16,650","16,859",350,2.10,2.56,43.22,0.00,0.00,2.56,43.22,"48,195.00"
481,25/09/2024,SSB,"16,500","17,000","16,650","17,000","16,550","16,774",150,0.91,1.94,32.47,10.97,181.01,12.91,213.48,"47,202.75"
482,24/09/2024,SSB,"15,950","16,000","16,500","16,650","15,900","16,349",550,3.45,1.05,17.16,102.41,"1,521.87",103.46,"1,539.03","46,777.50"
483,23/09/2024,SSB,"16,550","16,700","15,950","16,700","15,950","16,147",-600,-3.63,2.01,32.44,0.00,0.00,2.01,32.44,"45,218.25"
484,20/09/2024,SSB,"16,650","16,850","16,550","17,300","16,450","16,909",-100,-0.60,2.71,45.78,0.00,0.00,2.71,45.78,"46,919.25"
485,19/09/2024,SSB,"15,600","15,800","16,650","16,650","15,750","16,273","1,050",6.73,2.75,44.76,71.39,"1,038.80",74.14,"1,083.55","47,202.75"
486,18/09/2024,SSB,"15,450","15,600","15,600","15,800","15,600","15,680",150,0.97,1.75,27.40,97.82,"1,408.54",99.56,"1,435.94","44,226.00"
487,17/09/2024,SSB,"15,250","15,500","15,450","15,700","15,250","15,408",200,1.31,1.64,25.20,62.21,883.33,63.84,908.53,"43,800.75"
488,16/09/2024,SSB,"15,250","15,400","15,250","15,900","15,200","15,431",0,0.00,2.99,46.09,30.00,426.05,32.99,472.13,"43,233.75"
489,13/09/2024,SSB,"15,050","15,500","15,250","15,700","15,200","15,359",200,1.33,2.20,33.85,39.42,551.86,41.62,585.71,"43,233.75"
490,12/09/2024,SSB,"16,000","16,100","15,050","16,500","15,050","15,697",-950,-5.94,5.28,82.93,0.00,0.00,5.28,82.93,"42,666.75"
491,11/09/2024,SSB,"17,000","17,000","16,000","17,500","16,000","16,575","-1,000",-5.88,2.22,36.82,0.00,0.00,2.22,36.82,"45,360.00"
492,10/09/2024,SSB,"18,100","17,900","17,000","18,100","17,000","17,559","-1,100",-6.08,2.49,43.81,8.32,149.76,10.81,193.57,"48,195.00"
493,09/09/2024,SSB,"18,000","18,000","18,100","18,100","17,750","17,985",100,0.56,0.81,14.56,0.00,0.00,0.81,14.56,"51,313.50"
494,06/09/2024,SSB,"18,500","18,550","18,000","18,550","18,000","18,194",-500,-2.70,1.72,31.21,39.84,737.07,41.56,768.28,"51,030.00"
495,05/09/2024,SSB,"18,500","18,500","18,500","18,700","18,400","18,500",0,0.00,2.50,46.17,0.00,0.00,2.50,46.17,"52,447.50"
496,04/09/2024,SSB,"19,200","18,750","18,500","19,200","18,500","18,714",-700,-3.65,2.61,48.88,1.10,21.12,3.71,70.00,"52,447.50"
497,30/08/2024,SSB,"19,150","19,350","19,200","19,350","19,000","19,122",50,0.26,2.27,43.41,0.00,0.00,2.27,43.41,"54,432.00"
498,29/08/2024,SSB,"19,250","19,100","19,150","19,250","19,050","19,100",-100,-0.52,2.52,48.16,0.00,0.00,2.52,48.16,"47,792.66"
499,28/08/2024,SSB,"19,400","19,450","19,250","19,450","19,100","19,235",-150,-0.77,2.38,45.82,0.00,0.00,2.38,45.82,"48,042.23"
500,27/08/2024,SSB,"19,850","19,700","19,400","19,850","19,350","19,468",-450,-2.27,2.24,43.55,0.00,0.00,2.24,43.55,"48,416.58"
501,26/08/2024,SSB,"20,000","19,800","19,850","19,900","19,700","19,794",-150,-0.75,2.72,53.87,0.00,0.00,2.72,53.87,"49,539.65"
502,23/08/2024,SSB,"20,000","19,650","20,000","20,450","19,650","19,901",0,0.00,2.79,55.50,0.00,0.00,2.79,55.50,"49,914.00"
503,22/08/2024,SSB,"21,650","21,550","22,700","22,700","21,550","22,236","1,050",4.85,4.99,111.00,3.08,63.10,8.07,174.10,"56,652.39"
504,21/08/2024,SSB,"21,600","21,450","21,650","21,650","21,400","21,521",50,0.23,2.85,61.41,1.71,35.14,4.57,96.54,"54,031.91"
505,20/08/2024,SSB,"21,600","21,600","21,600","21,650","21,500","21,526",0,0.00,3.01,64.71,0.00,0.00,3.01,64.71,"53,907.12"
506,19/08/2024,SSB,"21,600","21,650","21,600","21,650","21,400","21,529",0,0.00,2.47,53.27,6.58,142.13,9.05,195.40,"53,907.12"
507,16/08/2024,SSB,"21,550","21,600","21,600","21,650","21,400","21,498",50,0.23,2.74,58.89,3.85,82.97,6.59,141.85,"53,907.12"
508,15/08/2024,SSB,"21,600","21,700","21,550","21,700","21,400","21,568",-50,-0.23,2.10,45.28,3.85,83.16,5.95,128.44,"53,782.34"
509,14/08/2024,SSB,"21,300","21,550","21,600","21,600","21,450","21,531",300,1.41,2.12,45.57,7.80,166.14,9.92,211.71,"53,907.12"
510,13/08/2024,SSB,"21,750","21,600","21,300","21,850","21,300","21,683",-450,-2.07,2.40,51.98,1.16,25.23,3.56,77.21,"53,158.41"
511,12/08/2024,SSB,"21,700","21,600","21,750","21,850","21,550","21,731",50,0.23,2.24,48.61,0.00,0.00,2.24,48.61,"54,281.48"
512,09/08/2024,SSB,"21,600","21,650","21,700","21,700","21,400","21,523",100,0.46,2.28,49.07,2.79,60.26,5.07,109.34,"54,156.69"
513,08/08/2024,SSB,"21,600","21,200","21,600","21,650","21,200","21,437",0,0.00,2.52,54.06,0.00,0.00,2.52,54.06,"53,907.12"
514,07/08/2024,SSB,"22,000","21,650","21,600","22,000","21,600","21,866",-400,-1.82,2.69,58.90,4.22,90.77,6.91,149.67,"53,907.12"
515,06/08/2024,SSB,"21,900","22,100","22,000","22,100","21,550","21,790",100,0.46,3.06,66.72,10.77,236.92,13.83,303.65,"54,905.40"
516,05/08/2024,SSB,"22,600","22,300","21,900","22,300","21,050","21,650",-700,-3.10,2.95,63.89,10.68,241.37,13.63,305.26,"54,655.83"
517,02/08/2024,SSB,"21,950","21,950","22,600","22,600","21,400","21,852",650,2.96,2.98,65.10,0.20,4.69,3.18,69.79,"56,402.82"
518,01/08/2024,SSB,"21,800","21,800","21,950","22,300","21,600","21,969",150,0.69,2.89,63.57,0.00,0.00,2.89,63.57,"54,780.62"
519,31/07/2024,SSB,"21,900","21,900","21,800","21,900","21,600","21,740",-100,-0.46,2.53,55.08,0.00,0.00,2.53,55.08,"54,406.26"
520,30/07/2024,SSB,"21,950","21,700","21,900","21,950","21,700","21,817",-50,-0.23,2.21,48.21,0.00,0.00,2.21,48.21,"54,655.83"
521,29/07/2024,SSB,"21,950","21,950","21,950","21,950","21,650","21,841",0,0.00,2.38,51.90,0.00,0.00,2.38,51.90,"54,780.62"
522,26/07/2024,SSB,"21,900","22,000","21,950","22,000","21,600","21,715",50,0.23,2.28,49.44,0.00,0.00,2.28,49.44,"54,780.62"
523,25/07/2024,SSB,"21,950","21,150","21,900","21,900","21,150","21,579",-50,-0.23,2.47,53.38,0.00,0.00,2.47,53.38,"54,655.83"
524,24/07/2024,SSB,"21,450","21,500","21,950","22,000","21,400","21,721",500,2.33,2.67,58.01,17.24,369.80,19.91,427.80,"54,780.62"
525,23/07/2024,SSB,"21,150","21,200","21,450","21,500","21,050","21,251",300,1.42,2.70,57.45,0.00,0.00,2.70,57.45,"53,532.77"
526,22/07/2024,SSB,"21,050","21,100","21,150","21,200","20,850","20,978",100,0.48,2.89,60.65,0.00,0.00,2.89,60.65,"52,784.06"
527,19/07/2024,SSB,"21,000","20,950","21,050","21,100","20,800","20,965",50,0.24,2.69,56.41,0.00,0.00,2.69,56.41,"52,534.49"
528,18/07/2024,SSB,"20,800","20,800","21,000","21,000","20,600","20,717",200,0.96,2.94,60.94,0.59,12.25,3.53,73.19,"52,409.70"
529,17/07/2024,SSB,"20,800","20,850","20,800","20,900","20,650","20,779",0,0.00,2.66,55.35,1.52,31.62,4.18,86.97,"51,910.56"
530,16/07/2024,SSB,"20,800","20,750","20,800","20,900","20,600","20,763",0,0.00,2.57,53.26,0.00,0.00,2.57,53.26,"51,910.56"
531,15/07/2024,SSB,"20,800","20,800","20,800","20,800","20,600","20,705",0,0.00,2.56,53.11,14.36,299.86,16.92,352.97,"51,910.56"
532,12/07/2024,SSB,"20,900","20,850","20,800","20,950","20,750","20,827",-100,-0.48,2.68,55.87,7.80,163.02,10.48,218.89,"51,910.56"
533,11/07/2024,SSB,"20,900","20,850","20,900","20,950","20,800","20,895",0,0.00,2.68,55.96,0.00,0.00,2.68,55.96,"52,160.13"
534,10/07/2024,SSB,"20,900","20,700","20,900","20,950","20,700","20,843",0,0.00,2.78,57.91,0.00,0.00,2.78,57.91,"52,160.13"
535,09/07/2024,SSB,"20,850","20,600","20,900","20,900","20,550","20,725",50,0.24,2.91,60.35,0.00,0.00,2.91,60.35,"52,160.13"
536,08/07/2024,SSB,"20,900","20,850","20,850","20,900","20,500","20,637",-50,-0.24,2.66,54.82,0.61,12.66,3.26,67.48,"52,035.35"
537,05/07/2024,SSB,"20,900","20,900","20,900","20,900","20,700","20,780",0,0.00,2.56,53.11,0.00,0.00,2.56,53.11,"52,160.13"
538,04/07/2024,SSB,"20,950","20,950","20,900","21,000","20,700","20,890",-50,-0.24,2.81,58.67,0.00,0.00,2.81,58.67,"52,160.13"
539,03/07/2024,SSB,"20,900","20,850","20,950","20,950","20,550","20,759",50,0.24,3.01,62.46,9.80,204.82,12.81,267.27,"52,284.92"
540,02/07/2024,SSB,"20,850","20,900","20,900","20,900","20,450","20,650",50,0.24,3.65,75.42,0.00,0.00,3.65,75.42,"52,160.13"
541,01/07/2024,SSB,"20,800","20,800","20,850","20,850","20,400","20,604",50,0.24,3.34,68.73,3.96,82.41,7.30,151.14,"52,035.35"
542,28/06/2024,SSB,"20,800","20,750","20,800","20,800","20,200","20,666",0,0.00,3.11,64.20,0.00,0.00,3.11,64.20,"51,910.56"
543,27/06/2024,SSB,"21,150","21,200","20,800","21,200","20,000","20,463",-350,-1.65,3.59,73.48,6.35,134.29,9.94,207.78,"51,910.56"
544,26/06/2024,SSB,"21,150","21,250","21,150","21,950","20,700","21,086",0,0.00,3.42,72.06,3.97,83.97,7.39,156.03,"52,784.06"
545,25/06/2024,SSB,"22,600","22,600","21,150","22,650","21,150","21,910","-1,450",-6.42,3.72,81.40,3.97,89.69,7.68,171.09,"52,784.06"
546,24/06/2024,SSB,"23,750","23,900","22,600","23,950","22,450","22,945","-1,150",-4.84,5.24,120.24,5.90,140.04,11.15,260.28,"56,402.82"
547,21/06/2024,SSB,"23,250","23,450","23,750","24,000","23,400","23,774",500,2.15,4.24,100.77,7.95,184.84,12.19,285.60,"59,272.88"
548,20/06/2024,SSB,"22,900","22,950","23,250","23,500","22,950","23,219",350,1.53,4.50,104.44,17.03,390.04,21.53,494.48,"58,025.03"
549,19/06/2024,SSB,"22,700","22,800","22,900","23,100","22,700","22,866",200,0.88,4.47,102.16,0.00,0.00,4.47,102.16,"57,151.53"
550,18/06/2024,SSB,"22,400","22,500","22,700","23,100","22,500","22,880",300,1.34,4.05,92.64,0.00,0.00,4.05,92.64,"56,652.39"
551,17/06/2024,SSB,"22,000","22,250","22,400","23,000","22,050","22,527",400,1.82,4.30,96.85,0.00,0.00,4.30,96.85,"55,903.68"
552,14/06/2024,SSB,"21,700","21,700","22,000","22,800","21,600","22,183",300,1.38,3.33,73.86,0.00,0.00,3.33,73.86,"54,905.40"
553,13/06/2024,SSB,"21,600","21,600","21,700","21,700","21,550","21,625",100,0.46,2.33,50.42,0.00,0.00,2.33,50.42,"54,156.69"
554,12/06/2024,SSB,"21,550","21,550","21,600","21,600","21,250","21,385",50,0.23,1.67,35.72,2.00,43.30,3.67,79.02,"53,907.12"
555,11/06/2024,SSB,"21,650","21,650","21,550","21,650","21,350","21,488",-100,-0.46,1.54,33.12,2.75,59.46,4.29,92.58,"53,782.34"
556,10/06/2024,SSB,"21,650","21,650","21,650","21,700","21,500","21,589",0,0.00,1.53,33.04,0.00,0.00,1.53,33.04,"54,031.91"
557,07/06/2024,SSB,"21,700","21,650","21,650","21,750","21,500","21,629",-50,-0.23,1.63,35.17,0.00,0.00,1.63,35.17,"54,031.91"
558,06/06/2024,SSB,"21,700","21,800","21,700","21,800","21,550","21,673",0,0.00,1.71,37.01,0.00,0.00,1.71,37.01,"54,156.69"
559,05/06/2024,SSB,"21,600","21,450","21,700","21,700","21,450","21,588",100,0.46,1.51,32.69,3.30,72.60,4.81,105.29,"54,156.69"
560,04/06/2024,SSB,"21,600","21,600","21,600","21,600","21,400","21,513",0,0.00,1.59,34.17,0.00,0.00,1.59,34.17,"53,907.12"
561,03/06/2024,SSB,"21,500","21,500","21,600","21,700","21,400","21,533",100,0.47,1.54,33.07,9.48,203.91,11.02,236.98,"53,907.12"
562,31/05/2024,SSB,"21,500","21,500","21,500","21,500","21,300","21,429",0,0.00,1.55,33.32,0.00,0.00,1.55,33.32,"53,657.55"
563,30/05/2024,SSB,"21,600","21,400","21,500","21,550","21,300","21,405",-100,-0.46,1.81,38.75,2.32,50.07,4.13,88.82,"53,657.55"
564,29/05/2024,SSB,"21,650","21,650","21,600","21,650","21,300","21,445",-50,-0.23,1.91,40.94,0.00,0.00,1.91,40.94,"53,907.12"
565,28/05/2024,SSB,"21,650","21,650","21,650","21,650","21,400","21,542",0,0.00,1.79,38.66,0.00,0.00,1.79,38.66,"54,031.91"
566,27/05/2024,SSB,"21,850","21,750","21,650","21,850","21,600","21,700",-200,-0.92,1.60,34.70,0.00,0.00,1.60,34.70,"54,031.91"
567,24/05/2024,SSB,"21,950","21,950","21,850","21,950","21,600","21,750",-100,-0.46,1.87,40.67,0.00,0.00,1.87,40.67,"54,531.05"
568,23/05/2024,SSB,"21,900","21,900","21,950","21,950","21,650","21,808",50,0.23,1.79,39.10,0.00,0.00,1.79,39.10,"54,780.62"
569,22/05/2024,SSB,"21,950","21,950","21,900","22,000","21,700","21,842",-50,-0.23,1.71,37.29,0.00,0.00,1.71,37.29,"54,655.83"
570,21/05/2024,SSB,"22,000","22,000","21,950","22,000","21,750","21,893",-50,-0.23,1.64,35.98,0.00,0.00,1.64,35.98,"54,780.62"
571,20/05/2024,SSB,"22,000","22,000","22,000","22,050","21,800","21,950",0,0.00,1.77,38.89,6.89,151.49,8.66,190.38,"54,905.40"
572,17/05/2024,SSB,"22,100","22,100","22,000","22,100","21,700","21,911",-100,-0.45,1.72,37.62,0.00,0.00,1.72,37.62,"54,905.40"
573,16/05/2024,SSB,"21,750","21,750","22,100","22,150","21,600","21,818",350,1.61,1.90,41.35,0.00,0.00,1.90,41.35,"55,154.97"
574,15/05/2024,SSB,"21,700","21,700","21,750","21,750","21,550","21,639",50,0.23,1.50,32.44,3.48,75.52,4.98,107.95,"54,281.48"
575,14/05/2024,SSB,"21,750","21,800","21,700","21,800","21,600","21,705",-50,-0.23,1.29,28.05,0.00,0.00,1.29,28.05,"54,156.69"
576,13/05/2024,SSB,"21,750","21,800","21,750","21,850","21,600","21,694",0,0.00,1.86,40.26,0.00,0.00,1.86,40.26,"54,281.48"
577,10/05/2024,SSB,"21,950","21,950","21,750","22,000","21,700","21,831",-200,-0.91,2.04,44.55,0.00,0.00,2.04,44.55,"54,281.48"
578,09/05/2024,SSB,"21,900","21,950","21,950","22,000","21,750","21,880",50,0.23,1.98,43.31,0.00,0.00,1.98,43.31,"54,780.62"
579,08/05/2024,SSB,"22,050","22,050","21,900","22,100","21,750","21,909",-150,-0.68,2.73,59.75,0.00,0.00,2.73,59.75,"54,655.83"
580,07/05/2024,SSB,"22,000","22,000","22,050","22,050","21,800","21,936",50,0.23,1.93,42.25,7.04,154.88,8.97,197.13,"55,030.19"
581,06/05/2024,SSB,"21,900","21,900","22,000","22,000","21,700","21,853",100,0.46,1.88,41.19,13.55,296.66,15.43,337.85,"54,905.40"
582,03/05/2024,SSB,"21,950","22,000","21,900","22,000","21,700","21,857",-50,-0.23,1.91,41.67,0.00,0.00,1.91,41.67,"54,655.83"
583,02/05/2024,SSB,"22,000","22,000","21,950","22,050","21,650","21,873",-50,-0.23,1.79,39.08,0.00,0.00,1.79,39.08,"54,780.62"
584,26/04/2024,SSB,"22,000","22,000","22,000","22,000","21,500","21,801",0,0.00,2.23,48.72,0.00,0.00,2.23,48.72,"54,905.40"
585,25/04/2024,SSB,"22,100","22,050","22,000","22,100","21,600","21,855",-100,-0.45,2.17,47.46,0.00,0.00,2.17,47.46,"54,905.40"
586,24/04/2024,SSB,"22,000","22,000","22,100","22,150","21,900","22,023",100,0.45,2.02,44.48,16.07,353.54,18.09,398.02,"55,154.97"
587,23/04/2024,SSB,"22,150","21,900","22,000","22,150","21,500","21,882",-150,-0.68,2.20,48.19,0.00,0.00,2.20,48.19,"54,905.40"
588,22/04/2024,SSB,"22,100","22,100","22,150","22,300","21,750","22,091",50,0.23,2.20,48.54,0.00,0.00,2.20,48.54,"55,279.76"
589,19/04/2024,SSB,"22,200","22,200","22,100","22,250","21,500","21,944",-100,-0.45,2.11,46.38,0.00,0.00,2.11,46.38,"55,154.97"
590,17/04/2024,SSB,"22,150","22,200","22,200","22,600","21,850","22,271",50,0.23,2.15,47.93,1.48,32.53,3.63,80.46,"55,404.54"
591,16/04/2024,SSB,"22,350","22,400","22,150","22,400","20,800","22,158",-200,-0.89,2.59,57.32,0.00,0.00,2.59,57.32,"55,279.76"
592,15/04/2024,SSB,"22,600","22,550","22,350","22,600","22,000","22,376",-250,-1.11,2.15,48.21,20.54,461.66,22.69,509.87,"55,778.90"
593,12/04/2024,SSB,"22,050","22,100","22,600","22,600","22,000","22,176",550,2.49,2.56,56.84,0.00,0.00,2.56,56.84,"56,402.82"
594,11/04/2024,SSB,"22,000","21,700","22,050","22,050","21,700","21,903",50,0.23,2.02,44.18,0.00,0.00,2.02,44.18,"55,030.19"
595,10/04/2024,SSB,"21,900","21,900","22,000","22,000","21,650","21,824",100,0.46,2.01,43.87,0.00,0.00,2.01,43.87,"54,905.40"
596,09/04/2024,SSB,"21,900","21,700","21,900","21,900","21,600","21,810",0,0.00,1.60,34.90,0.00,0.00,1.60,34.90,"54,655.83"
597,08/04/2024,SSB,"21,950","21,750","21,900","21,950","21,600","21,753",-50,-0.23,1.45,31.50,10.20,223.89,11.65,255.39,"54,655.83"
598,05/04/2024,SSB,"22,000","21,750","21,950","22,000","21,650","21,822",-50,-0.23,1.41,30.74,0.00,0.00,1.41,30.74,"54,780.62"
599,04/04/2024,SSB,"22,000","22,050","22,000","22,100","21,750","21,968",0,0.00,1.37,30.14,0.00,0.00,1.37,30.14,"54,905.40"
600,03/04/2024,SSB,"22,050","21,750","22,000","22,050","21,600","21,852",-50,-0.23,2.07,45.17,7.81,172.25,9.88,217.42,"54,905.40"
601,02/04/2024,SSB,"22,100","21,800","22,050","22,100","21,700","21,859",-50,-0.23,1.35,29.51,4.68,103.36,6.03,132.87,"55,030.19"
602,01/04/2024,SSB,"22,100","22,100","22,100","22,150","21,800","21,936",0,0.00,1.40,30.78,0.00,0.00,1.40,30.78,"55,154.97"
603,29/03/2024,SSB,"22,200","21,950","22,100","22,150","21,950","22,029",-100,-0.45,1.37,30.26,23.58,518.68,24.95,548.94,"55,154.97"
604,28/03/2024,SSB,"22,200","22,050","22,200","22,200","21,950","22,092",0,0.00,1.34,29.63,0.10,2.22,1.44,31.85,"55,404.54"
605,27/03/2024,SSB,"22,300","22,050","22,200","22,350","22,000","22,109",-100,-0.45,1.43,31.63,0.12,2.82,1.55,34.44,"55,404.54"
606,26/03/2024,SSB,"22,100","22,200","22,300","22,350","22,000","22,144",200,0.90,1.39,30.68,0.04,0.76,1.42,31.44,"55,654.11"
607,25/03/2024,SSB,"22,350","22,200","22,100","22,400","22,100","22,209",-250,-1.12,1.43,31.72,0.12,2.63,1.55,34.35,"55,154.97"
608,22/03/2024,SSB,"22,550","22,550","22,350","22,600","22,350","22,433",-200,-0.89,1.35,30.36,0.11,2.61,1.46,32.97,"55,778.90"
609,21/03/2024,SSB,"22,550","22,600","22,550","22,650","22,300","22,502",0,0.00,1.23,27.72,0.19,4.18,1.42,31.90,"56,278.04"
610,20/03/2024,SSB,"22,450","22,300","22,550","22,550","22,150","22,340",100,0.45,1.57,35.09,0.11,2.30,1.68,37.38,"56,278.04"
611,19/03/2024,SSB,"22,450","22,300","22,450","22,450","22,100","22,285",0,0.00,1.46,32.60,0.07,1.42,1.53,34.02,"56,028.47"
612,18/03/2024,SSB,"22,600","22,600","22,450","22,650","22,250","22,449",-150,-0.66,1.39,31.22,0.00,0.00,1.39,31.22,"56,028.47"
613,15/03/2024,SSB,"22,600","22,600","22,600","22,700","22,350","22,515",0,0.00,1.55,34.89,0.00,0.00,1.55,34.89,"56,402.82"
614,14/03/2024,SSB,"22,600","22,600","22,600","22,650","22,350","22,499",0,0.00,1.50,33.70,0.00,0.00,1.50,33.70,"56,402.82"
615,13/03/2024,SSB,"22,550","22,550","22,600","22,650","22,300","22,470",50,0.22,1.42,31.81,1.88,42.30,3.29,74.12,"56,402.82"
616,12/03/2024,SSB,"22,550","22,600","22,550","22,600","22,250","22,435",0,0.00,1.47,33.08,1.88,42.30,3.35,75.39,"56,278.04"
617,11/03/2024,SSB,"22,700","22,650","22,550","22,700","22,250","22,528",-150,-0.66,1.76,39.74,0.00,0.00,1.76,39.74,"56,278.04"
618,08/03/2024,SSB,"22,750","22,750","22,700","22,800","22,450","22,599",-50,-0.22,1.39,31.31,0.00,0.00,1.39,31.31,"56,652.39"
619,07/03/2024,SSB,"22,750","22,750","22,750","22,750","22,550","22,643",0,0.00,1.44,32.66,0.00,0.00,1.44,32.66,"56,777.18"
620,06/03/2024,SSB,"22,850","22,700","22,750","22,850","22,550","22,704",-100,-0.44,1.53,34.78,0.00,0.00,1.53,34.78,"56,777.18"
621,05/03/2024,SSB,"22,850","22,850","22,850","22,850","22,650","22,746",0,0.00,1.45,32.98,0.00,0.00,1.45,32.98,"57,026.75"
622,04/03/2024,SSB,"22,950","22,950","22,850","23,000","22,700","22,833",-100,-0.44,1.50,34.33,8.66,199.12,10.16,233.45,"57,026.75"
623,01/03/2024,SSB,"22,900","22,700","22,950","22,950","22,650","22,802",50,0.22,1.39,31.59,0.00,0.00,1.39,31.59,"57,276.32"
624,29/02/2024,SSB,"22,950","22,950","22,900","23,000","22,650","22,868",-50,-0.22,1.43,32.77,0.00,0.00,1.43,32.77,"57,151.53"
625,28/02/2024,SSB,"22,900","22,650","22,950","22,950","22,600","22,769",50,0.22,1.60,36.50,0.00,0.00,1.60,36.50,"57,276.32"
626,27/02/2024,SSB,"22,900","22,900","22,900","22,900","22,550","22,720",0,0.00,1.77,40.11,0.00,0.00,1.77,40.11,"57,151.53"
627,26/02/2024,SSB,"23,000","22,800","22,900","23,000","22,700","22,881",-100,-0.43,1.29,29.52,9.01,207.23,10.30,236.75,"57,151.53"
628,23/02/2024,SSB,"23,000","23,000","23,000","23,200","22,800","22,987",0,0.00,1.50,34.52,0.00,0.00,1.50,34.52,"57,401.10"
629,22/02/2024,SSB,"22,950","22,950","23,000","23,000","22,650","22,879",50,0.22,1.39,31.83,0.00,0.00,1.39,31.83,"57,401.10"
630,21/02/2024,SSB,"23,000","22,850","22,950","23,050","22,600","22,821",-50,-0.22,1.68,38.36,0.00,0.00,1.68,38.36,"57,276.32"
631,20/02/2024,SSB,"23,050","23,100","23,000","23,100","22,750","22,921",-50,-0.22,1.50,34.28,0.00,0.00,1.50,34.28,"57,401.10"
632,19/02/2024,SSB,"23,250","23,250","23,050","23,300","22,850","23,059",-200,-0.86,1.43,32.98,6.71,155.95,8.14,188.93,"57,525.89"
633,16/02/2024,SSB,"23,250","23,300","23,250","23,300","23,000","23,173",0,0.00,1.30,30.14,3.24,75.17,4.54,105.31,"58,025.03"
634,15/02/2024,SSB,"23,200","23,200","23,250","23,300","22,850","23,147",50,0.22,1.56,36.13,0.00,0.00,1.56,36.13,"58,025.03"
635,07/02/2024,SSB,"23,000","22,950","23,200","23,200","22,700","22,954",200,0.87,1.48,33.86,0.00,0.00,1.48,33.86,"57,900.24"
636,06/02/2024,SSB,"23,000","23,000","23,000","23,100","22,750","22,957",0,0.00,1.35,30.90,0.08,1.89,1.43,32.78,"57,401.10"
637,05/02/2024,SSB,"22,750","22,750","23,000","23,050","22,350","22,646",250,1.10,1.57,35.65,4.44,102.56,6.01,138.21,"57,401.10"
638,02/02/2024,SSB,"22,750","22,700","22,750","22,800","22,200","22,571",0,0.00,2.02,45.59,0.00,0.00,2.02,45.59,"56,777.18"
639,01/02/2024,SSB,"22,900","22,700","22,750","22,900","22,500","22,699",-150,-0.66,1.35,30.75,0.20,4.58,1.55,35.33,"56,777.18"
640,31/01/2024,SSB,"23,000","23,000","22,900","23,100","22,400","22,789",-100,-0.43,1.62,36.84,14.69,345.22,16.31,382.05,"57,151.53"
641,30/01/2024,SSB,"23,000","22,900","23,000","23,000","22,800","22,884",0,0.00,1.38,31.66,0.00,0.00,1.38,31.66,"57,401.10"
642,29/01/2024,SSB,"23,100","23,050","23,000","23,100","22,900","22,984",-100,-0.43,1.35,30.92,0.00,0.00,1.35,30.92,"57,401.10"
643,26/01/2024,SSB,"23,100","22,900","23,100","23,100","22,900","22,999",0,0.00,1.45,33.41,0.00,0.00,1.45,33.41,"57,650.67"
644,25/01/2024,SSB,"23,100","23,150","23,100","23,150","22,850","22,957",0,0.00,1.37,31.47,0.00,0.00,1.37,31.47,"57,650.67"
645,24/01/2024,SSB,"23,100","23,050","23,100","23,250","22,800","23,072",0,0.00,1.39,32.08,0.00,0.00,1.39,32.08,"57,650.67"
646,23/01/2024,SSB,"23,250","23,250","23,100","23,300","22,900","23,133",-150,-0.65,1.38,31.89,0.00,0.00,1.38,31.89,"57,650.67"
647,22/01/2024,SSB,"23,100","23,150","23,250","23,300","23,050","23,172",150,0.65,1.73,40.00,0.00,0.00,1.73,40.00,"58,025.03"
648,19/01/2024,SSB,"23,050","23,050","23,100","23,150","22,950","23,015",50,0.22,1.86,42.73,0.00,0.00,1.86,42.73,"57,650.67"
649,18/01/2024,SSB,"23,050","23,100","23,050","23,150","22,900","23,016",0,0.00,1.98,45.63,0.00,0.00,1.98,45.63,"57,525.89"
650,17/01/2024,SSB,"22,950","22,900","23,050","23,150","22,850","22,984",100,0.44,1.63,37.54,6.41,151.06,8.04,188.60,"57,525.89"
651,16/01/2024,SSB,"23,300","23,050","22,950","23,350","22,800","23,031",-350,-1.50,1.12,25.89,0.00,0.00,1.12,25.89,"57,276.32"
652,15/01/2024,SSB,"23,450","23,450","23,300","23,450","23,250","23,319",-150,-0.64,1.19,27.64,4.40,103.18,5.59,130.82,"58,149.81"
653,12/01/2024,SSB,"23,600","23,600","23,450","23,600","23,250","23,341",-150,-0.64,1.20,28.02,0.00,0.00,1.20,28.02,"58,524.17"
654,11/01/2024,SSB,"23,400","23,400","23,600","23,900","23,200","23,655",200,0.85,1.37,32.34,0.00,0.00,1.37,32.34,"58,898.52"
655,10/01/2024,SSB,"23,450","23,450","23,400","23,500","23,150","23,335",-50,-0.21,1.27,29.60,0.00,0.00,1.27,29.60,"58,399.38"
656,09/01/2024,SSB,"23,300","23,150","23,450","23,500","23,150","23,349",150,0.64,1.08,25.23,0.00,0.00,1.08,25.23,"58,524.17"
657,08/01/2024,SSB,"23,600","23,600","23,300","23,700","23,300","23,495",-300,-1.27,1.05,24.68,6.86,164.54,7.91,189.22,"58,149.81"
658,05/01/2024,SSB,"23,550","23,550","23,600","23,900","23,400","23,600",50,0.21,1.13,26.77,0.00,0.00,1.13,26.77,"58,898.52"
659,04/01/2024,SSB,"23,300","23,350","23,550","23,900","23,050","23,500",250,1.07,1.18,27.68,0.00,0.00,1.18,27.68,"58,773.74"
660,03/01/2024,SSB,"23,950","23,950","23,300","23,950","23,300","23,545",-650,-2.71,1.27,29.92,4.14,98.87,5.41,128.79,"58,149.81"
661,02/01/2024,SSB,"23,900","23,900","23,950","24,100","23,200","23,885",50,0.21,1.28,30.64,0.00,0.00,1.28,30.64,"59,772.02"
662,29/12/2023,SSB,"23,650","23,700","23,900","23,950","23,700","23,878",250,1.06,1.22,29.13,0.30,7.58,1.52,36.71,"59,647.23"
663,28/12/2023,SSB,"22,650","22,650","23,650","24,000","22,550","23,062","1,000",4.42,1.32,30.45,0.29,6.87,1.61,37.31,"59,023.31"
664,27/12/2023,SSB,"22,700","22,700","22,650","22,750","22,650","22,697",-50,-0.22,1.03,23.49,1.99,44.97,3.02,68.46,"56,527.61"
665,26/12/2023,SSB,"22,650","22,650","22,700","22,750","22,550","22,668",50,0.22,1.00,22.77,0.00,0.00,1.00,22.77,"56,652.39"
666,25/12/2023,SSB,"22,600","22,600","22,650","22,750","22,500","22,611",50,0.22,1.08,24.46,0.30,6.78,1.38,31.24,"56,527.61"
667,22/12/2023,SSB,"22,600","22,600","22,600","22,650","22,400","22,518",0,0.00,1.25,28.05,0.00,0.00,1.25,28.05,"56,402.82"
668,21/12/2023,SSB,"22,600","22,600","22,600","22,600","22,450","22,538",0,0.00,1.15,25.94,0.00,0.00,1.15,25.94,"56,402.82"
669,20/12/2023,SSB,"22,600","22,400","22,600","22,600","22,400","22,522",0,0.00,1.03,23.11,0.00,0.00,1.03,23.11,"55,453.62"
670,19/12/2023,SSB,"22,600","22,400","22,600","22,600","22,400","22,518",0,0.00,1.01,22.63,0.00,0.00,1.01,22.63,"55,453.62"
671,18/12/2023,SSB,"22,600","22,600","22,600","22,600","22,400","22,509",0,0.00,1.08,24.36,0.00,0.00,1.08,24.36,"55,453.62"
672,15/12/2023,SSB,"22,600","22,550","22,600","22,600","22,400","22,501",0,0.00,1.23,27.71,0.00,0.00,1.23,27.71,"55,453.62"
673,14/12/2023,SSB,"22,600","22,600","22,600","22,700","22,500","22,565",0,0.00,1.03,23.35,0.00,0.00,1.03,23.35,"55,453.62"
674,13/12/2023,SSB,"22,650","22,650","22,600","22,700","22,500","22,598",-50,-0.22,1.12,25.20,2.10,47.57,3.22,72.76,"55,453.62"
675,12/12/2023,SSB,"22,650","22,650","22,650","22,650","22,500","22,581",0,0.00,1.17,26.32,2.10,47.57,3.27,73.89,"55,576.31"
676,11/12/2023,SSB,"22,700","22,600","22,650","22,700","22,500","22,572",-50,-0.22,1.08,24.35,0.15,3.41,1.23,27.75,"55,576.31"
677,08/12/2023,SSB,"22,700","22,700","22,700","22,700","22,500","22,611",0,0.00,1.42,32.12,0.00,0.00,1.42,32.12,"55,698.99"
678,07/12/2023,SSB,"22,700","22,650","22,700","22,700","22,500","22,589",0,0.00,1.39,31.30,0.00,0.00,1.39,31.30,"55,698.99"
679,06/12/2023,SSB,"22,700","22,650","22,700","22,700","22,550","22,631",0,0.00,1.10,24.97,0.00,0.00,1.10,24.97,"55,698.99"
680,05/12/2023,SSB,"22,750","22,700","22,700","22,750","22,500","22,643",-50,-0.22,0.98,22.13,7.90,181.65,8.88,203.79,"55,698.99"
681,04/12/2023,SSB,"22,700","22,700","22,750","22,800","22,450","22,711",50,0.22,1.27,28.76,0.88,19.98,2.15,48.74,"55,821.68"
682,01/12/2023,SSB,"22,600","22,450","22,700","22,900","22,400","22,620",100,0.44,1.14,25.72,0.00,0.00,1.14,25.72,"55,698.99"
683,30/11/2023,SSB,"23,050","22,900","22,600","23,000","22,600","22,721",-450,-1.95,1.41,32.06,0.00,0.00,1.41,32.06,"55,453.62"
684,29/11/2023,SSB,"23,050","23,000","23,050","23,050","22,650","22,876",0,0.00,1.62,37.03,0.00,0.00,1.62,37.03,"56,557.79"
685,28/11/2023,SSB,"23,050","22,650","23,050","23,050","22,600","22,834",0,0.00,1.43,32.61,0.00,0.00,1.43,32.61,"56,557.79"
686,27/11/2023,SSB,"23,100","22,600","23,050","23,100","22,600","22,857",-50,-0.22,1.41,32.29,9.00,207.90,10.41,240.19,"56,557.79"
687,24/11/2023,SSB,"23,000","22,850","23,100","23,100","22,300","22,841",100,0.43,2.33,53.17,0.00,0.00,2.33,53.17,"56,680.47"
688,23/11/2023,SSB,"23,100","22,750","23,000","23,000","22,650","22,822",-100,-0.43,1.35,30.84,0.00,0.00,1.35,30.84,"56,435.10"
689,22/11/2023,SSB,"23,150","23,050","23,100","23,100","22,600","22,898",-50,-0.22,1.39,31.85,22.15,512.62,23.54,544.47,"56,680.47"
690,21/11/2023,SSB,"23,150","23,000","23,150","23,150","22,550","22,866",0,0.00,1.52,34.69,0.00,0.00,1.52,34.69,"56,803.16"
691,20/11/2023,SSB,"23,150","22,850","23,150","23,150","22,300","22,808",0,0.00,2.12,48.30,11.46,264.63,13.58,312.93,"56,803.16"
692,17/11/2023,SSB,"23,450","23,500","23,150","23,500","22,550","23,057",-300,-1.28,1.59,36.67,0.00,0.00,1.59,36.67,"56,803.16"
693,16/11/2023,SSB,"23,500","23,350","23,450","23,500","23,000","23,240",-50,-0.21,1.65,38.37,2.69,63.22,4.34,101.59,"57,539.27"
694,15/11/2023,SSB,"23,150","23,150","23,500","23,750","23,150","23,487",350,1.51,1.46,34.22,3.03,70.18,4.49,104.40,"57,661.95"
695,14/11/2023,SSB,"23,000","23,000","23,150","23,500","22,750","23,016",150,0.65,1.66,38.26,3.45,79.35,5.11,117.61,"56,803.16"
696,13/11/2023,SSB,"23,800","23,050","23,000","23,400","22,950","23,058",-800,-3.36,1.51,34.93,4.20,99.96,5.71,134.89,"56,435.10"
697,10/11/2023,SSB,"24,500","24,250","23,800","24,550","23,800","24,186",-700,-2.86,1.38,33.47,0.00,0.00,1.38,33.47,"58,398.06"
698,09/11/2023,SSB,"24,950","24,950","24,500","24,950","24,500","24,747",-450,-1.80,1.26,31.18,0.00,0.00,1.26,31.18,"60,115.65"
699,08/11/2023,SSB,"24,400","24,400","24,950","24,950","24,100","24,406",550,2.25,1.08,26.42,0.00,0.00,1.08,26.42,"61,219.82"
700,07/11/2023,SSB,"25,300","25,000","24,400","25,350","24,350","24,760",-900,-3.56,1.44,35.68,0.00,0.00,1.44,35.68,"59,870.28"
701,06/11/2023,SSB,"24,300","24,700","25,300","25,500","24,700","25,227","1,000",4.12,0.99,25.08,14.35,351.58,15.34,376.65,"62,078.61"
702,03/11/2023,SSB,"25,950","25,950","24,300","26,000","24,300","24,979","-1,650",-6.36,2.03,50.64,0.00,0.00,2.03,50.64,"59,624.91"
703,02/11/2023,SSB,"25,900","25,900","25,950","26,000","25,750","25,927",50,0.19,1.03,26.73,0.00,0.00,1.03,26.73,"63,673.52"
704,01/11/2023,SSB,"25,800","25,800","25,900","26,000","25,750","25,900",100,0.39,1.20,31.04,0.00,0.00,1.20,31.04,"63,550.83"
705,31/10/2023,SSB,"25,350","25,200","25,800","25,800","25,150","25,527",450,1.78,1.09,27.70,0.00,0.00,1.09,27.70,"63,305.46"
706,30/10/2023,SSB,"25,550","25,550","25,350","25,600","25,350","25,447",-200,-0.78,1.00,25.45,0.00,0.00,1.00,25.45,"62,201.30"
707,27/10/2023,SSB,"25,500","25,550","25,550","25,650","25,250","25,489",50,0.20,1.19,30.44,0.00,0.00,1.19,30.44,"62,692.04"
708,26/10/2023,SSB,"25,900","25,900","25,500","25,900","25,350","25,581",-400,-1.54,1.20,30.68,0.00,0.00,1.20,30.68,"62,569.35"
709,25/10/2023,SSB,"25,800","25,850","25,900","25,950","25,700","25,840",100,0.39,1.12,28.95,0.00,0.00,1.12,28.95,"63,550.83"
710,24/10/2023,SSB,"24,800","24,900","25,800","25,800","24,850","25,142","1,000",4.03,1.64,41.26,0.00,0.00,1.64,41.26,"63,305.46"
711,23/10/2023,SSB,"24,450","24,550","24,800","24,800","24,550","24,658",350,1.43,1.42,34.96,0.00,0.00,1.42,34.96,"60,851.76"
712,20/10/2023,SSB,"24,600","24,600","24,450","24,900","24,400","24,578",-150,-0.61,1.10,27.12,0.00,0.00,1.10,27.12,"59,992.97"
713,19/10/2023,SSB,"24,700","24,700","24,600","24,800","24,200","24,629",-100,-0.40,1.15,28.42,0.00,0.00,1.15,28.42,"60,361.02"
714,18/10/2023,SSB,"24,750","24,650","24,700","24,850","24,600","24,722",-50,-0.20,1.23,30.42,13.22,326.32,14.46,356.74,"60,606.39"
715,17/10/2023,SSB,"24,800","24,800","24,750","24,900","24,650","24,772",-50,-0.20,0.88,21.74,4.36,108.13,5.24,129.87,"60,729.08"
716,16/10/2023,SSB,"24,800","24,700","24,800","25,000","24,200","24,733",0,0.00,0.81,20.03,4.00,98.40,4.81,118.43,"60,851.76"
717,13/10/2023,SSB,"24,750","24,600","24,800","24,800","24,100","24,600",50,0.20,1.13,27.87,2.00,49.80,3.13,77.67,"60,851.76"
718,12/10/2023,SSB,"24,750","24,800","24,750","25,000","24,650","24,812",0,0.00,1.12,27.82,0.00,0.00,1.12,27.82,"60,729.08"
719,11/10/2023,SSB,"24,600","24,650","24,750","24,750","24,500","24,624",150,0.61,0.83,20.33,0.00,0.00,0.83,20.33,"60,729.08"
720,10/10/2023,SSB,"24,550","24,600","24,600","24,700","24,450","24,595",50,0.20,1.01,24.72,9.15,224.20,10.16,248.92,"60,361.02"
721,09/10/2023,SSB,"24,500","24,550","24,550","24,650","24,050","24,481",50,0.20,0.91,22.20,4.89,119.89,5.80,142.10,"60,238.34"
722,06/10/2023,SSB,"24,500","24,500","24,500","24,650","24,350","24,462",0,0.00,1.18,28.86,2.97,72.67,4.15,101.53,"60,115.65"
723,05/10/2023,SSB,"24,450","24,300","24,500","24,600","24,050","24,425",50,0.20,0.90,21.95,0.00,0.00,0.90,21.95,"60,115.65"
724,04/10/2023,SSB,"24,900","25,000","24,450","25,000","24,450","24,715",-450,-1.81,1.07,26.33,7.00,169.94,8.07,196.27,"59,992.97"
725,03/10/2023,SSB,"25,000","24,600","24,900","25,050","24,600","24,956",-100,-0.40,1.02,25.38,0.00,0.00,1.02,25.38,"61,097.13"
726,02/10/2023,SSB,"25,000","25,000","25,000","25,150","24,800","25,000",0,0.00,0.94,23.50,0.15,3.49,1.09,26.98,"61,342.50"
727,29/09/2023,SSB,"25,000","24,850","25,000","25,200","24,800","25,020",0,0.00,1.03,25.82,0.00,0.00,1.03,25.82,"61,342.50"
728,28/09/2023,SSB,"26,250","26,000","25,000","26,300","24,950","25,328","-1,250",-4.76,1.23,31.04,0.00,0.00,1.23,31.04,"61,342.50"
729,27/09/2023,SSB,"26,200","26,250","26,250","26,450","25,550","26,098",50,0.19,1.17,30.62,16.32,427.40,17.49,458.02,"64,409.63"
730,26/09/2023,SSB,"26,000","26,100","26,200","26,650","25,350","26,157",200,0.77,1.47,38.49,0.00,0.00,1.47,38.49,"64,286.94"
731,25/09/2023,SSB,"25,500","25,500","26,000","26,000","25,350","25,670",500,1.96,1.22,31.41,0.60,15.30,1.82,46.71,"63,796.20"
732,22/09/2023,SSB,"26,500","25,900","25,500","26,400","25,500","25,842","-1,000",-3.77,1.15,29.67,22.22,588.88,23.37,618.56,"62,569.35"
733,21/09/2023,SSB,"26,500","26,100","26,500","26,600","26,100","26,271",0,0.00,1.57,41.19,0.00,0.00,1.57,41.19,"65,023.05"
734,20/09/2023,SSB,"26,800","26,250","26,500","26,750","26,150","26,396",-300,-1.12,1.14,30.05,0.00,0.00,1.14,30.05,"65,023.05"
735,19/09/2023,SSB,"26,800","26,750","26,800","26,800","26,050","26,442",0,0.00,1.16,30.67,0.00,0.00,1.16,30.67,"65,759.16"
736,18/09/2023,SSB,"27,000","26,400","26,800","27,000","26,300","26,508",-200,-0.74,1.15,30.48,0.00,0.00,1.15,30.48,"65,759.16"
737,15/09/2023,SSB,"26,300","26,350","27,000","27,000","26,350","26,791",700,2.66,1.23,32.83,0.00,0.00,1.23,32.83,"66,249.90"
738,14/09/2023,SSB,"27,150","26,650","26,300","27,150","26,300","26,709",-850,-3.13,1.25,33.46,0.00,0.00,1.25,33.46,"64,532.31"
739,13/09/2023,SSB,"27,350","27,200","27,150","27,200","26,600","26,899",-200,-0.73,1.63,43.95,5.72,159.02,7.35,202.97,"66,617.96"
740,12/09/2023,SSB,"27,000","27,000","27,350","27,500","26,700","26,995",350,1.30,1.26,34.03,0.00,0.00,1.26,34.03,"67,108.70"
741,11/09/2023,SSB,"27,500","27,550","27,000","27,550","26,900","27,294",-500,-1.82,1.58,43.06,0.00,0.00,1.58,43.06,"66,249.90"
742,08/09/2023,SSB,"27,450","27,350","27,500","27,750","27,300","27,512",50,0.18,1.27,35.07,0.00,0.00,1.27,35.07,"67,476.75"
743,07/09/2023,SSB,"27,800","27,600","27,450","27,750","27,250","27,458",-350,-1.26,1.53,41.88,0.00,0.00,1.53,41.88,"67,354.07"
744,06/09/2023,SSB,"27,500","27,500","27,800","27,850","27,000","27,368",300,1.09,1.32,36.05,6.37,181.43,7.68,217.48,"68,212.86"
745,05/09/2023,SSB,"28,100","28,100","27,500","28,200","27,500","27,696",-600,-2.14,1.41,39.01,0.72,19.87,2.13,58.88,"67,476.75"
746,31/08/2023,SSB,"28,100","27,800","28,100","28,200","27,450","27,779",0,0.00,1.48,41.23,0.00,0.00,1.48,41.23,"68,948.97"
747,30/08/2023,SSB,"28,350","28,350","28,100","28,400","27,650","28,032",-250,-0.88,1.42,39.71,1.77,50.19,3.19,89.89,"68,948.97"
748,29/08/2023,SSB,"28,300","28,300","28,350","28,350","27,550","28,057",50,0.18,1.75,49.09,0.00,0.00,1.75,49.09,"69,562.40"
749,28/08/2023,SSB,"28,200","28,200","28,300","28,300","27,450","28,018",100,0.35,1.12,31.35,7.30,207.19,8.42,238.54,"69,439.71"
750,25/08/2023,SSB,"28,450","27,700","28,200","28,450","27,350","27,765",-250,-0.88,0.87,24.27,0.00,0.00,0.87,24.27,"69,194.34"
751,24/08/2023,SSB,"28,200","28,200","28,450","28,450","27,000","27,854",250,0.89,1.15,31.90,0.00,0.00,1.15,31.90,"69,807.77"
752,23/08/2023,SSB,"28,200","28,300","28,200","28,300","26,250","27,483",0,0.00,1.23,33.88,11.53,325.15,12.76,359.03,"69,194.34"
753,22/08/2023,SSB,"26,600","26,850","28,200","28,200","26,850","27,568","1,600",6.02,1.19,32.90,1.12,29.79,2.31,62.69,"69,194.34"
754,21/08/2023,SSB,"27,450","27,550","26,600","28,100","26,600","27,658",-850,-3.10,1.04,28.79,0.00,0.00,1.04,28.79,"65,268.42"
755,18/08/2023,SSB,"29,400","29,300","27,450","29,300","27,350","28,467","-1,950",-6.63,1.08,30.74,0.72,21.24,1.80,51.98,"67,354.07"
756,17/08/2023,SSB,"29,500","28,800","29,400","29,400","28,800","29,080",-100,-0.34,1.26,36.51,0.00,0.00,1.26,36.51,"72,138.78"
757,16/08/2023,SSB,"29,500","29,300","29,500","29,550","28,750","29,043",0,0.00,1.03,29.89,0.00,0.00,1.03,29.89,"72,384.15"
758,15/08/2023,SSB,"29,750","29,500","29,500","29,500","28,800","29,062",-250,-0.84,0.94,27.26,0.00,0.00,0.94,27.26,"72,384.15"
759,14/08/2023,SSB,"30,400","30,450","29,750","30,450","28,650","29,650",-650,-2.14,1.06,31.33,3.42,102.60,4.48,133.93,"72,997.58"
760,11/08/2023,SSB,"30,000","30,000","30,400","30,400","29,600","30,171",400,1.33,2.87,86.67,0.24,7.29,3.12,93.97,"74,592.48"
761,10/08/2023,SSB,"30,000","30,050","30,000","30,100","29,300","29,877",0,0.00,1.21,36.17,1.64,49.26,2.85,85.43,"73,611.00"
762,09/08/2023,SSB,"30,300","30,300","30,000","30,450","29,500","29,993",-300,-0.99,1.34,40.09,0.00,0.00,1.34,40.09,"73,611.00"
763,08/08/2023,SSB,"30,250","30,000","30,300","30,400","29,400","29,946",50,0.17,3.62,108.29,13.81,412.38,17.43,520.67,"74,347.11"
764,07/08/2023,SSB,"29,000","29,100","30,250","30,250","29,100","29,778","1,250",4.31,1.56,46.38,1.77,51.39,3.33,97.77,"74,224.43"
765,04/08/2023,SSB,"30,250","30,300","29,000","31,300","29,000","29,352","-1,250",-4.13,5.28,154.91,0.00,0.00,5.28,154.91,"71,157.30"
766,03/08/2023,SSB,"30,250","30,300","30,250","30,350","30,100","30,229",0,0.00,1.01,30.47,0.00,0.00,1.01,30.47,"74,224.43"
767,02/08/2023,SSB,"29,950","29,900","30,250","30,250","29,850","30,117",300,1.00,2.96,89.22,0.00,0.00,2.96,89.22,"74,224.43"
768,01/08/2023,SSB,"29,150","29,200","29,950","29,950","29,200","29,515",800,2.74,1.36,40.16,0.00,0.00,1.36,40.16,"73,488.32"
769,31/07/2023,SSB,"29,700","29,750","29,150","29,950","29,150","29,602",-550,-1.85,1.40,41.38,0.00,0.00,1.40,41.38,"71,525.36"
770,28/07/2023,SSB,"29,650","29,650","29,700","29,750","29,500","29,632",50,0.17,1.07,31.64,0.00,0.00,1.07,31.64,"72,874.89"
771,27/07/2023,SSB,"29,600","29,600","29,650","29,700","29,500","29,588",50,0.17,0.84,24.77,0.00,0.00,0.84,24.77,"72,752.21"
772,26/07/2023,SSB,"29,500","29,500","29,600","29,600","29,450","29,511",100,0.34,1.04,30.57,0.00,0.00,1.04,30.57,"72,629.52"
773,25/07/2023,SSB,"29,400","29,400","29,500","29,500","29,350","29,433",100,0.34,1.01,29.74,0.00,0.00,1.01,29.74,"72,384.15"
774,24/07/2023,SSB,"29,300","29,350","29,400","29,500","29,200","29,312",100,0.34,0.82,24.03,0.00,0.00,0.82,24.03,"72,138.78"
775,21/07/2023,SSB,"29,300","29,300","29,300","29,450","29,200","29,303",0,0.00,0.87,25.38,0.06,1.74,0.93,27.12,"71,893.41"
776,20/07/2023,SSB,"29,300","29,300","29,300","29,450","29,200","29,284",0,0.00,0.71,20.70,0.00,0.00,0.71,20.70,"71,893.41"
777,19/07/2023,SSB,"29,300","29,350","29,300","29,400","29,250","29,332",0,0.00,0.64,18.85,0.00,0.00,0.64,18.85,"71,893.41"
778,18/07/2023,SSB,"29,100","29,100","29,300","29,300","29,050","29,210",200,0.69,0.88,25.77,14.94,441.68,15.83,467.45,"71,893.41"
779,17/07/2023,SSB,"29,000","29,100","29,100","29,100","28,900","29,016",100,0.34,0.64,18.54,0.00,0.00,0.64,18.54,"71,402.67"
780,14/07/2023,SSB,"28,950","29,000","29,000","29,050","28,800","28,958",50,0.17,0.67,19.31,0.00,0.00,0.67,19.31,"71,157.30"
781,13/07/2023,SSB,"28,700","28,750","28,950","28,950","28,650","28,795",250,0.87,0.89,25.70,1.75,50.16,2.65,75.86,"71,034.62"
782,12/07/2023,SSB,"28,900","28,900","28,700","29,000","28,600","28,800",-200,-0.69,0.56,16.19,11.95,342.82,12.51,359.02,"70,421.19"
783,11/07/2023,SSB,"28,750","28,800","28,900","29,000","28,700","28,844",150,0.52,0.93,26.89,3.47,99.10,4.40,125.99,"70,911.93"
784,10/07/2023,SSB,"28,650","28,700","28,750","28,750","28,600","28,701",100,0.35,0.88,25.19,0.00,0.00,0.88,25.19,"70,543.88"
785,07/07/2023,SSB,"28,600","28,650","28,650","28,650","28,450","28,565",50,0.17,0.67,19.27,0.00,0.00,0.67,19.27,"70,298.51"
786,06/07/2023,SSB,"27,300","27,300","28,600","28,600","27,300","27,561","1,300",4.76,0.62,16.97,0.00,0.00,0.62,16.97,"70,175.82"
787,05/07/2023,SSB,"27,100","27,150","27,300","27,300","27,100","27,181",200,0.74,0.58,15.82,0.00,0.00,0.58,15.82,"66,986.01"
788,04/07/2023,SSB,"27,050","27,100","27,100","27,150","27,000","27,074",50,0.18,0.69,18.78,0.00,0.00,0.69,18.78,"66,495.27"
789,03/07/2023,SSB,"27,050","27,050","27,050","27,150","27,000","27,057",0,0.00,0.72,19.60,0.00,0.00,0.72,19.60,"66,372.59"
790,30/06/2023,SSB,"27,150","27,150","27,050","27,200","27,050","27,100",-100,-0.37,0.60,16.31,0.00,0.00,0.60,16.31,"55,190.07"
791,29/06/2023,SSB,"27,300","27,300","27,150","27,400","27,150","27,283",-150,-0.55,0.78,21.26,0.00,0.00,0.78,21.26,"55,394.10"
792,28/06/2023,SSB,"27,200","27,200","27,300","27,300","27,200","27,240",100,0.37,0.67,18.15,5.30,148.39,5.97,166.54,"55,700.14"
793,27/06/2023,SSB,"27,150","27,150","27,200","27,200","27,050","27,137",50,0.18,0.74,20.05,0.00,0.00,0.74,20.05,"55,496.11"
794,26/06/2023,SSB,"27,150","27,150","27,150","27,200","26,850","27,022",0,0.00,0.76,20.49,0.00,0.00,0.76,20.49,"55,394.10"
795,23/06/2023,SSB,"26,550","26,650","27,150","27,150","26,600","26,851",600,2.26,1.00,26.77,3.10,82.31,4.10,109.08,"55,394.10"
796,22/06/2023,SSB,"31,750","31,800","31,900","31,950","31,750","31,865",150,0.47,0.71,22.57,0.00,0.00,0.71,22.57,"65,085.51"
797,21/06/2023,SSB,"31,500","31,550","31,750","31,750","31,450","31,609",250,0.79,0.65,20.51,1.66,52.21,2.31,72.72,"64,779.47"
798,20/06/2023,SSB,"31,450","31,450","31,500","31,550","31,400","31,480",50,0.16,0.72,22.52,16.67,505.60,17.39,528.12,"64,269.40"
799,19/06/2023,SSB,"31,450","31,500","31,450","31,600","31,400","31,488",0,0.00,0.61,19.17,0.00,0.00,0.61,19.17,"64,167.38"
800,16/06/2023,SSB,"31,500","31,550","31,450","31,600","31,250","31,445",-50,-0.16,0.63,19.85,24.85,745.60,25.48,765.45,"64,167.38"
801,15/06/2023,SSB,"31,500","31,400","31,500","31,550","31,350","31,452",0,0.00,0.74,23.22,0.00,0.00,0.74,23.22,"64,269.40"
802,14/06/2023,SSB,"31,500","31,550","31,500","31,700","31,400","31,501",0,0.00,0.56,17.80,0.00,0.00,0.56,17.80,"64,269.40"
803,13/06/2023,SSB,"31,550","31,550","31,500","32,000","31,500","31,755",-50,-0.16,0.60,19.02,0.00,0.00,0.60,19.02,"64,269.40"
804,12/06/2023,SSB,"31,350","31,400","31,550","31,600","31,250","31,401",200,0.64,0.44,13.97,0.00,0.00,0.44,13.97,"64,371.41"
805,09/06/2023,SSB,"31,400","31,400","31,350","31,500","31,250","31,394",-50,-0.16,0.69,21.78,0.00,0.00,0.69,21.78,"63,963.35"
806,08/06/2023,SSB,"31,600","31,650","31,400","31,700","31,300","31,496",-200,-0.63,0.53,16.56,0.00,0.00,0.53,16.56,"64,065.37"
807,07/06/2023,SSB,"31,550","31,600","31,600","31,650","31,350","31,478",50,0.16,0.53,16.74,0.00,0.00,0.53,16.74,"64,473.43"
808,06/06/2023,SSB,"31,500","31,500","31,550","31,650","31,350","31,488",50,0.16,0.61,19.17,0.00,0.00,0.61,19.17,"64,371.41"
809,05/06/2023,SSB,"31,300","31,350","31,500","31,600","31,350","31,466",200,0.64,0.50,15.67,0.65,20.00,1.14,35.67,"64,269.40"
810,02/06/2023,SSB,"30,550","30,650","31,300","31,300","30,650","30,944",750,2.45,0.59,18.30,0.00,0.00,0.59,18.30,"63,861.34"
811,01/06/2023,SSB,"30,350","30,400","30,550","30,600","30,350","30,455",200,0.66,0.61,18.62,0.00,0.00,0.61,18.62,"62,331.11"
812,31/05/2023,SSB,"30,200","30,200","30,350","30,350","30,050","30,212",150,0.50,0.54,16.22,7.66,231.00,8.20,247.22,"61,923.05"
813,30/05/2023,SSB,"30,200","30,250","30,200","30,300","29,950","30,102",0,0.00,0.55,16.46,15.18,459.12,15.73,475.58,"61,617.01"
814,29/05/2023,SSB,"30,050","30,050","30,200","30,400","30,050","30,180",150,0.50,0.51,15.44,0.00,0.00,0.51,15.44,"61,617.01"
815,26/05/2023,SSB,"29,900","29,950","30,050","30,100","29,900","29,993",150,0.50,0.58,17.40,11.00,333.30,11.58,350.70,"61,310.96"
816,25/05/2023,SSB,"29,900","29,850","29,900","29,950","29,650","29,810",0,0.00,0.62,18.51,0.00,0.00,0.62,18.51,"61,004.92"
817,24/05/2023,SSB,"30,000","30,050","29,900","30,100","29,850","29,945",-100,-0.33,0.49,14.63,1.00,30.00,1.49,44.63,"61,004.92"
818,23/05/2023,SSB,"30,150","30,150","30,000","30,250","29,900","30,049",-150,-0.50,0.53,15.88,0.00,0.00,0.53,15.88,"61,208.95"
819,22/05/2023,SSB,"29,950","29,950","30,150","30,150","29,900","30,012",200,0.67,0.56,16.81,0.00,0.00,0.56,16.81,"61,514.99"
820,19/05/2023,SSB,"30,050","30,050","29,950","30,050","29,800","29,933",-100,-0.33,0.54,16.17,0.00,0.00,0.54,16.17,"61,106.93"
821,18/05/2023,SSB,"30,050","30,050","30,050","30,050","29,750","29,903",0,0.00,0.65,19.43,0.00,0.00,0.65,19.43,"61,310.96"
822,17/05/2023,SSB,"30,350","30,300","30,050","30,350","30,050","30,227",-300,-0.99,0.56,16.90,0.00,0.00,0.56,16.90,"61,310.96"
823,16/05/2023,SSB,"30,800","30,800","30,350","30,850","30,350","30,557",-450,-1.46,0.51,15.63,0.00,0.00,0.51,15.63,"61,923.05"
824,15/05/2023,SSB,"31,000","31,050","30,800","31,200","30,800","30,999",-200,-0.65,0.49,15.11,0.00,0.00,0.49,15.11,"62,841.19"
825,12/05/2023,SSB,"31,200","31,200","31,000","31,200","30,900","31,059",-200,-0.64,0.54,16.90,0.00,0.00,0.54,16.90,"63,249.25"
826,11/05/2023,SSB,"31,400","31,400","31,200","31,450","31,200","31,313",-200,-0.64,0.52,16.31,0.00,0.00,0.52,16.31,"63,657.31"
827,10/05/2023,SSB,"31,550","31,550","31,400","31,600","31,400","31,507",-150,-0.48,0.45,14.15,1.58,49.98,2.03,64.13,"64,065.37"
828,09/05/2023,SSB,"31,550","31,550","31,550","31,750","31,400","31,588",0,0.00,0.67,21.04,0.00,0.00,0.67,21.04,"64,371.41"
829,08/05/2023,SSB,"31,450","31,500","31,550","31,650","31,450","31,551",100,0.32,0.62,19.71,10.49,346.17,11.11,365.88,"64,371.41"
830,05/05/2023,SSB,"31,450","31,450","31,450","31,500","31,250","31,377",0,0.00,0.54,16.88,0.18,5.84,0.72,22.72,"64,167.38"
831,04/05/2023,SSB,"31,950","31,900","31,450","31,900","31,350","31,717",-500,-1.56,0.62,19.77,0.00,0.00,0.62,19.77,"64,167.38"
832,28/04/2023,SSB,"30,600","30,600","31,950","31,950","30,600","31,028","1,350",4.41,0.95,29.35,0.00,0.00,0.95,29.35,"65,187.53"
833,27/04/2023,SSB,"30,400","30,450","30,600","30,600","30,250","30,412",200,0.66,0.85,25.70,0.00,0.00,0.85,25.70,"62,433.13"
834,26/04/2023,SSB,"30,850","30,850","30,400","30,850","30,350","30,538",-450,-1.46,0.58,17.70,0.00,0.00,0.58,17.70,"62,025.07"
835,25/04/2023,SSB,"31,100","31,100","30,850","31,100","30,800","30,945",-250,-0.80,0.63,19.55,0.00,0.00,0.63,19.55,"62,943.20"
836,24/04/2023,SSB,"31,100","31,100","31,100","31,150","30,850","31,012",0,0.00,0.76,23.67,2.20,68.73,2.97,92.40,"63,453.28"
837,21/04/2023,SSB,"31,200","31,200","31,100","31,250","31,000","31,100",-100,-0.32,0.78,24.14,0.30,9.38,1.08,33.52,"63,453.28"
838,20/04/2023,SSB,"31,150","31,200","31,200","31,200","31,000","31,132",50,0.16,0.72,22.27,8.33,259.48,9.05,281.75,"63,657.31"
839,19/04/2023,SSB,"31,250","31,250","31,150","31,300","31,100","31,178",-100,-0.32,0.75,23.26,0.00,0.00,0.75,23.26,"63,555.29"
840,18/04/2023,SSB,"31,350","31,350","31,250","31,350","31,100","31,216",-100,-0.32,0.83,26.01,3.33,104.40,4.16,130.41,"63,759.32"
841,17/04/2023,SSB,"31,300","31,250","31,350","31,350","31,150","31,228",50,0.16,0.73,22.69,1.60,49.95,2.32,72.64,"63,963.35"
842,14/04/2023,SSB,"31,350","31,300","31,300","31,350","31,100","31,221",-50,-0.16,0.81,25.17,13.48,424.62,14.29,449.79,"63,861.34"
843,13/04/2023,SSB,"31,350","31,350","31,350","31,350","31,100","31,211",0,0.00,0.84,26.08,0.00,0.00,0.84,26.08,"63,963.35"
844,12/04/2023,SSB,"31,350","31,350","31,350","31,350","31,100","31,234",0,0.00,0.86,26.94,3.16,98.94,4.02,125.88,"63,963.35"
845,11/04/2023,SSB,"31,300","31,150","31,350","31,350","31,050","31,191",50,0.16,0.83,25.75,0.00,0.00,0.83,25.75,"63,963.35"
846,10/04/2023,SSB,"31,300","31,300","31,300","31,400","31,150","31,261",0,0.00,0.79,24.62,0.00,0.00,0.79,24.62,"63,861.34"
847,07/04/2023,SSB,"31,350","31,350","31,300","31,350","31,100","31,210",-50,-0.16,0.83,25.95,0.00,0.00,0.83,25.95,"63,861.34"
848,06/04/2023,SSB,"31,550","31,550","31,350","31,550","31,200","31,355",-200,-0.63,1.02,31.90,0.00,0.00,1.02,31.90,"63,963.35"
849,05/04/2023,SSB,"31,500","31,450","31,550","31,550","31,200","31,353",50,0.16,0.93,29.14,1.57,49.39,2.50,78.54,"64,371.41"
850,04/04/2023,SSB,"31,600","31,600","31,500","31,650","31,300","31,440",-100,-0.32,0.82,25.76,0.00,0.00,0.82,25.76,"64,269.40"
851,03/04/2023,SSB,"31,450","31,450","31,600","31,600","31,250","31,400",150,0.48,0.89,28.03,0.00,0.00,0.89,28.03,"64,473.43"
852,31/03/2023,SSB,"31,450","31,450","31,450","31,500","31,150","31,283",0,0.00,0.87,27.06,4.38,136.96,5.24,164.03,"64,167.38"
853,30/03/2023,SSB,"31,400","31,400","31,450","31,450","31,150","31,251",50,0.16,0.87,27.25,4.57,143.08,5.44,170.33,"64,167.38"
854,29/03/2023,SSB,"31,500","31,500","31,400","31,550","31,200","31,372",-100,-0.32,0.76,23.73,0.00,0.00,0.76,23.73,"64,065.37"
855,28/03/2023,SSB,"31,700","31,700","31,500","31,700","31,350","31,473",-200,-0.63,0.75,23.74,0.00,0.00,0.75,23.74,"64,269.40"
856,27/03/2023,SSB,"31,700","31,750","31,700","31,750","31,400","31,554",0,0.00,0.82,25.77,4.80,154.08,5.62,179.85,"64,677.46"
857,24/03/2023,SSB,"32,150","32,150","31,700","32,200","31,550","31,780",-450,-1.40,0.82,26.06,0.00,0.00,0.82,26.06,"64,677.46"
858,23/03/2023,SSB,"32,150","32,100","32,150","32,150","31,550","31,800",0,0.00,0.95,30.26,0.00,0.00,0.95,30.26,"65,595.59"
859,22/03/2023,SSB,"32,150","32,200","32,150","32,250","31,600","31,865",0,0.00,0.92,29.37,0.00,0.00,0.92,29.37,"65,595.59"
860,21/03/2023,SSB,"32,100","32,150","32,150","32,250","31,400","31,829",50,0.16,0.98,31.26,0.00,0.00,0.98,31.26,"65,595.59"
861,20/03/2023,SSB,"32,250","32,250","32,100","32,250","31,500","31,872",-150,-0.47,0.95,30.39,0.00,0.00,0.95,30.39,"65,493.57"
862,17/03/2023,SSB,"32,200","32,300","32,250","32,400","32,050","32,225",50,0.16,0.89,28.74,0.00,0.00,0.89,28.74,"65,799.62"
863,16/03/2023,SSB,"32,550","32,500","32,200","32,550","32,000","32,257",-350,-1.08,0.92,29.57,0.00,0.00,0.92,29.57,"65,697.60"
864,15/03/2023,SSB,"32,300","32,350","32,550","32,550","32,350","32,449",250,0.77,0.91,29.38,0.00,0.00,0.91,29.38,"66,411.71"
865,14/03/2023,SSB,"32,400","32,400","32,300","32,400","31,850","32,045",-100,-0.31,0.97,31.12,0.00,0.00,0.97,31.12,"65,901.63"
866,13/03/2023,SSB,"32,400","32,250","32,400","32,400","32,100","32,253",0,0.00,0.95,30.51,0.00,0.00,0.95,30.51,"66,105.66"
867,10/03/2023,SSB,"32,600","32,600","32,400","32,600","32,100","32,267",-200,-0.61,0.99,31.95,0.00,0.00,0.99,31.95,"66,105.66"
868,09/03/2023,SSB,"32,500","32,550","32,600","32,650","32,200","32,463",100,0.31,1.01,32.90,0.00,0.00,1.01,32.90,"66,513.72"
869,08/03/2023,SSB,"32,400","32,300","32,500","32,500","32,050","32,269",100,0.31,0.88,28.29,0.00,0.00,0.88,28.29,"66,309.69"
870,07/03/2023,SSB,"32,150","32,150","32,400","32,500","32,150","32,355",250,0.78,0.93,30.07,0.65,20.80,1.58,50.87,"66,105.66"
871,06/03/2023,SSB,"31,950","32,000","32,150","32,350","32,000","32,190",200,0.63,0.93,30.09,0.00,0.00,0.93,30.09,"65,595.59"
872,03/03/2023,SSB,"32,000","32,000","31,950","32,150","31,600","31,877",-50,-0.16,0.87,27.71,5.69,182.08,6.56,209.79,"65,187.53"
873,02/03/2023,SSB,"32,050","32,050","32,000","32,150","31,850","31,998",-50,-0.16,0.92,29.38,14.93,467.40,15.85,496.79,"65,289.54"
874,01/03/2023,SSB,"31,750","31,750","32,050","32,100","31,550","31,899",300,0.94,0.90,28.73,2.50,78.25,3.40,106.98,"65,391.56"
875,28/02/2023,SSB,"31,500","31,550","31,750","31,750","31,500","31,646",250,0.79,0.88,27.76,0.00,0.00,0.88,27.76,"64,779.47"
876,27/02/2023,SSB,"31,600","31,600","31,500","31,650","31,200","31,363",-100,-0.32,0.89,27.82,0.94,29.99,1.83,57.80,"64,269.40"
877,24/02/2023,SSB,"31,800","31,850","31,600","31,900","31,200","31,494",-200,-0.63,0.97,30.65,0.00,0.00,0.97,30.65,"64,473.43"
878,23/02/2023,SSB,"31,900","31,900","31,800","31,950","31,450","31,697",-100,-0.31,1.09,34.70,0.00,0.00,1.09,34.70,"64,881.48"
879,22/02/2023,SSB,"32,250","32,200","31,900","32,250","31,900","32,029",-350,-1.09,0.96,30.91,0.00,0.00,0.96,30.91,"65,085.51"
880,21/02/2023,SSB,"32,300","32,300","32,250","32,400","32,150","32,264",-50,-0.15,1.02,32.85,0.00,0.00,1.02,32.85,"65,799.62"
881,20/02/2023,SSB,"31,950","31,950","32,300","32,300","31,950","32,092",350,1.10,0.94,30.11,1.65,52.81,2.59,82.93,"65,901.63"
882,17/02/2023,SSB,"31,950","31,950","31,950","32,050","31,800","31,928",0,0.00,0.89,28.54,0.00,0.00,0.89,28.54,"65,187.53"
883,16/02/2023,SSB,"31,850","31,900","31,950","32,000","31,800","31,926",100,0.31,0.92,29.32,0.00,0.00,0.92,29.32,"65,187.53"
884,15/02/2023,SSB,"31,700","31,700","31,850","31,950","31,700","31,816",150,0.47,0.97,30.81,0.00,0.00,0.97,30.81,"64,983.50"
885,14/02/2023,SSB,"31,750","31,700","31,700","31,900","31,600","31,722",-50,-0.16,0.90,28.59,0.00,0.00,0.90,28.59,"64,677.46"
886,13/02/2023,SSB,"31,950","31,950","31,750","32,000","31,700","31,830",-200,-0.63,0.91,28.94,0.00,0.00,0.91,28.94,"64,779.47"
887,10/02/2023,SSB,"32,000","32,050","31,950","32,100","31,850","31,962",-50,-0.16,0.93,29.77,0.00,0.00,0.93,29.77,"65,187.53"
888,09/02/2023,SSB,"32,000","32,000","32,000","32,200","31,950","32,049",0,0.00,1.00,32.08,0.00,0.00,1.00,32.08,"65,289.54"
889,08/02/2023,SSB,"31,950","31,950","32,000","32,250","31,850","32,038",50,0.16,1.02,32.83,0.00,0.00,1.02,32.83,"65,289.54"
890,07/02/2023,SSB,"31,850","31,850","31,950","32,000","31,600","31,806",100,0.31,1.03,32.88,10.71,341.23,11.75,374.11,"65,187.53"
891,06/02/2023,SSB,"31,800","31,900","31,850","31,900","31,600","31,778",50,0.16,1.00,31.94,0.00,0.00,1.00,31.94,"64,983.50"
892,03/02/2023,SSB,"33,450","33,350","31,800","33,450","31,800","32,668","-1,650",-4.93,1.20,39.20,0.00,0.00,1.20,39.20,"64,881.48"
893,02/02/2023,SSB,"33,550","33,550","33,450","33,650","33,350","33,480",-100,-0.30,1.00,33.56,0.00,0.00,1.00,33.56,"68,247.98"
894,01/02/2023,SSB,"33,800","33,850","33,550","33,950","33,550","33,735",-250,-0.74,1.03,34.82,0.00,0.00,1.03,34.82,"68,452.01"
895,31/01/2023,SSB,"33,850","33,850","33,800","33,850","33,600","33,699",-50,-0.15,1.23,41.49,1.76,59.95,2.99,101.44,"68,962.08"
896,30/01/2023,SSB,"34,050","34,050","33,850","34,100","33,750","33,869",-200,-0.59,1.12,37.99,0.00,0.00,1.12,37.99,"69,064.10"
897,27/01/2023,SSB,"33,950","34,000","34,050","34,250","33,950","34,036",100,0.29,1.10,37.41,0.00,0.00,1.10,37.41,"69,472.16"
898,19/01/2023,SSB,"33,900","33,900","33,950","34,000","33,750","33,886",50,0.15,1.07,36.38,0.00,0.00,1.07,36.38,"69,268.13"
899,18/01/2023,SSB,"33,850","33,850","33,900","34,000","33,750","33,874",50,0.15,1.12,37.84,0.00,0.00,1.12,37.84,"69,166.11"
900,17/01/2023,SSB,"33,850","33,900","33,850","34,000","33,800","33,898",0,0.00,1.04,35.34,0.00,0.00,1.04,35.34,"69,064.10"
901,16/01/2023,SSB,"33,750","33,800","33,850","33,850","33,550","33,689",100,0.30,1.01,34.03,16.26,548.91,17.27,582.94,"69,064.10"
902,13/01/2023,SSB,"33,750","33,750","33,750","33,900","33,600","33,745",0,0.00,1.06,35.81,0.00,0.00,1.06,35.81,"68,860.07"
903,12/01/2023,SSB,"33,800","33,750","33,750","33,750","33,550","33,656",-50,-0.15,0.95,31.90,0.00,0.00,0.95,31.90,"68,860.07"
904,11/01/2023,SSB,"33,700","33,700","33,800","33,900","33,600","33,727",100,0.30,1.13,38.08,0.00,0.00,1.13,38.08,"68,962.08"
905,10/01/2023,SSB,"33,750","33,750","33,700","33,850","33,500","33,646",-50,-0.15,0.97,32.79,0.00,0.00,0.97,32.79,"68,758.05"
906,09/01/2023,SSB,"33,750","33,800","33,750","33,950","33,650","33,815",0,0.00,1.01,34.06,0.50,16.88,1.51,50.93,"68,860.07"
907,06/01/2023,SSB,"33,650","33,650","33,750","33,850","33,500","33,724",100,0.30,1.10,37.18,0.67,22.43,1.77,59.61,"68,860.07"
908,05/01/2023,SSB,"33,500","33,550","33,650","33,750","33,400","33,591",150,0.45,0.92,30.74,1.36,45.41,2.27,76.15,"68,656.04"
909,04/01/2023,SSB,"33,300","33,350","33,500","33,550","33,200","33,367",200,0.60,1.11,37.19,0.00,0.00,1.11,37.19,"68,349.99"
910,03/01/2023,SSB,"32,900","32,950","33,300","33,450","32,900","33,167",400,1.22,1.01,33.54,0.00,0.00,1.01,33.54,"67,941.93"
911,30/12/2022,SSB,"32,450","32,500","32,900","32,900","32,450","32,621",450,1.39,1.30,42.46,0.00,0.00,1.30,42.46,"67,125.81"
912,29/12/2022,SSB,"32,300","32,300","32,450","32,500","32,150","32,306",150,0.46,0.95,30.80,0.00,0.00,0.95,30.80,"66,207.68"
913,28/12/2022,SSB,"32,000","32,000","32,300","32,300","31,700","31,965",300,0.94,1.04,33.32,0.00,0.00,1.04,33.32,"65,901.63"
914,27/12/2022,SSB,"31,650","31,650","32,000","32,000","31,550","31,756",350,1.11,0.97,30.90,5.20,165.10,6.17,196.00,"65,289.54"
915,26/12/2022,SSB,"31,750","31,750","31,650","31,850","31,400","31,573",-100,-0.31,0.88,27.70,0.00,0.00,0.88,27.70,"64,575.44"
916,23/12/2022,SSB,"31,700","31,700","31,750","31,800","31,500","31,637",50,0.16,0.77,24.27,0.00,0.00,0.77,24.27,"64,779.47"
917,22/12/2022,SSB,"31,400","31,450","31,700","31,700","31,350","31,514",300,0.96,1.23,38.82,0.00,0.00,1.23,38.82,"64,677.46"
918,21/12/2022,SSB,"31,300","31,300","31,400","31,400","31,150","31,327",100,0.32,1.10,34.39,0.00,0.00,1.10,34.39,"64,065.37"
919,20/12/2022,SSB,"31,300","31,300","31,300","31,350","30,800","31,013",0,0.00,1.34,41.60,0.00,0.00,1.34,41.60,"63,861.34"
920,19/12/2022,SSB,"31,200","31,200","31,300","31,400","31,050","31,231",100,0.32,1.23,38.35,0.00,0.00,1.23,38.35,"63,861.34"
921,16/12/2022,SSB,"31,100","31,100","31,200","31,200","30,900","31,105",100,0.32,1.20,37.26,0.00,0.00,1.20,37.26,"63,657.31"
922,15/12/2022,SSB,"31,000","31,000","31,100","31,200","30,900","31,082",100,0.32,1.21,37.67,0.00,0.00,1.21,37.67,"63,453.28"
923,14/12/2022,SSB,"31,000","31,000","31,000","31,100","30,850","31,008",0,0.00,1.18,36.73,0.00,0.00,1.18,36.73,"63,249.25"
924,13/12/2022,SSB,"30,800","30,800","31,000","31,000","30,650","30,852",200,0.65,1.21,37.27,0.00,0.00,1.21,37.27,"63,249.25"
925,12/12/2022,SSB,"30,750","30,750","30,800","30,900","30,500","30,786",50,0.16,1.22,37.64,0.00,0.00,1.22,37.64,"62,841.19"
926,09/12/2022,SSB,"30,850","30,850","30,750","30,900","30,450","30,775",-100,-0.32,1.22,37.54,0.00,0.00,1.22,37.54,"62,739.17"
927,08/12/2022,SSB,"30,600","30,600","30,850","31,000","30,600","30,814",250,0.82,1.28,39.33,0.00,0.00,1.28,39.33,"62,943.20"
928,07/12/2022,SSB,"30,550","30,550","30,600","30,600","30,400","30,509",50,0.16,1.09,33.31,0.00,0.00,1.09,33.31,"62,433.13"
929,06/12/2022,SSB,"30,700","30,750","30,550","30,750","30,400","30,611",-150,-0.49,1.42,43.39,1.86,57.10,3.28,100.49,"62,331.11"
930,05/12/2022,SSB,"30,450","30,500","30,700","30,700","30,450","30,613",250,0.82,1.43,43.78,0.00,0.00,1.43,43.78,"62,637.16"
931,02/12/2022,SSB,"30,300","30,300","30,450","30,450","30,150","30,282",150,0.50,1.44,43.75,11.80,354.00,13.24,397.75,"62,127.08"
932,01/12/2022,SSB,"30,150","30,150","30,300","30,300","30,050","30,157",150,0.50,1.18,35.70,9.40,282.00,10.58,317.70,"61,821.04"
933,30/11/2022,SSB,"30,100","30,100","30,150","30,150","29,850","30,003",50,0.17,1.24,37.23,0.00,0.00,1.24,37.23,"61,514.99"
934,29/11/2022,SSB,"30,050","30,100","30,100","30,150","29,750","29,927",50,0.17,1.09,32.68,3.34,100.20,4.43,132.88,"61,412.98"
935,28/11/2022,SSB,"29,800","29,850","30,050","30,050","29,800","29,907",250,0.84,1.39,41.71,0.00,0.00,1.39,41.71,"61,310.96"
936,25/11/2022,SSB,"29,550","29,550","29,800","29,800","29,550","29,716",250,0.85,1.08,32.03,0.00,0.00,1.08,32.03,"60,800.89"
937,24/11/2022,SSB,"29,650","29,650","29,550","29,700","29,450","29,545",-100,-0.34,0.94,27.79,0.00,0.00,0.94,27.79,"60,290.81"
938,23/11/2022,SSB,"29,800","29,800","29,650","29,900","29,650","29,775",-150,-0.50,0.95,28.21,0.00,0.00,0.95,28.21,"60,494.84"
939,22/11/2022,SSB,"29,800","29,850","29,800","30,050","27,750","29,769",0,0.00,1.27,37.79,0.00,0.00,1.27,37.79,"60,800.89"
940,21/11/2022,SSB,"30,000","30,000","29,800","30,150","29,650","29,939",-200,-0.67,0.88,26.33,0.00,0.00,0.88,26.33,"60,800.89"
941,18/11/2022,SSB,"30,200","30,200","30,000","30,250","29,750","29,995",-200,-0.66,1.01,30.18,6.70,202.34,7.71,232.52,"61,208.95"
942,17/11/2022,SSB,"29,800","29,900","30,200","30,200","29,800","29,946",400,1.34,1.14,34.07,0.00,0.00,1.14,34.07,"61,617.01"
943,16/11/2022,SSB,"29,300","29,300","29,800","30,050","28,700","29,362",500,1.71,1.26,37.02,0.00,0.00,1.26,37.02,"60,800.89"
944,15/11/2022,SSB,"29,750","29,600","29,300","29,800","28,700","29,121",-450,-1.51,0.95,27.72,0.00,0.00,0.95,27.72,"59,780.74"
945,14/11/2022,SSB,"30,050","30,000","29,750","30,000","29,150","29,530",-300,-1.00,1.12,33.22,0.00,0.00,1.12,33.22,"60,698.87"
946,11/11/2022,SSB,"29,100","29,150","30,050","30,050","29,150","29,421",950,3.26,1.21,35.50,0.00,0.00,1.21,35.50,"61,310.96"
947,10/11/2022,SSB,"30,100","30,100","29,100","30,100","29,100","29,830","-1,000",-3.32,1.19,35.42,0.00,0.00,1.19,35.42,"59,372.68"
948,09/11/2022,SSB,"30,100","30,200","30,100","30,600","30,000","30,295",0,0.00,1.00,30.45,17.38,512.71,18.39,543.16,"61,412.98"
949,08/11/2022,SSB,"30,000","30,000","30,100","30,900","29,700","30,309",100,0.33,1.04,31.62,0.00,0.00,1.04,31.62,"61,412.98"
950,07/11/2022,SSB,"30,300","30,350","30,000","30,450","30,000","30,246",-300,-0.99,1.09,32.91,0.00,0.00,1.09,32.91,"61,208.95"
951,04/11/2022,SSB,"30,450","30,450","30,300","30,550","30,250","30,405",-150,-0.49,1.04,31.70,0.33,10.05,1.37,41.75,"61,821.04"
952,03/11/2022,SSB,"30,950","30,900","30,450","30,950","30,450","30,810",-500,-1.62,1.03,31.80,0.00,0.00,1.03,31.80,"62,127.08"
953,02/11/2022,SSB,"31,000","30,950","30,950","31,000","30,650","30,888",-50,-0.16,1.01,31.05,0.65,20.02,1.65,51.07,"63,147.23"
954,01/11/2022,SSB,"30,950","30,850","31,000","31,000","30,800","30,915",50,0.16,1.05,32.38,2.75,85.24,3.80,117.61,"63,249.25"
955,31/10/2022,SSB,"30,950","31,000","30,950","31,000","30,650","30,832",0,0.00,0.98,30.19,0.00,0.00,0.98,30.19,"63,147.23"
956,28/10/2022,SSB,"31,000","31,000","30,950","31,000","30,350","30,593",-50,-0.16,1.23,37.64,0.00,0.00,1.23,37.64,"61,308.80"
957,27/10/2022,SSB,"29,000","28,850","31,000","31,000","28,150","29,126","2,000",6.90,1.26,36.74,0.00,0.00,1.26,36.74,"61,407.85"
958,26/10/2022,SSB,"29,000","29,050","29,000","29,450","28,800","29,029",0,0.00,0.75,21.85,0.30,8.58,1.05,30.43,"57,446.05"
959,25/10/2022,SSB,"28,500","28,850","29,000","29,000","28,100","28,523",500,1.75,1.00,28.47,0.00,0.00,1.00,28.47,"57,446.05"
960,24/10/2022,SSB,"28,800","29,050","28,500","29,050","27,850","28,482",-300,-1.04,0.86,24.37,0.00,0.00,0.86,24.37,"56,455.60"
961,21/10/2022,SSB,"29,500","29,300","28,800","29,500","28,300","28,997",-700,-2.37,1.03,29.87,0.00,0.00,1.03,29.87,"57,049.87"
962,20/10/2022,SSB,"29,500","29,500","29,500","29,500","29,250","29,414",0,0.00,0.97,28.40,0.00,0.00,0.97,28.40,"58,436.50"
963,19/10/2022,SSB,"29,500","29,500","29,500","29,650","29,250","29,455",0,0.00,0.99,29.05,0.00,0.00,0.99,29.05,"58,436.50"
964,18/10/2022,SSB,"29,500","29,750","29,500","29,800","29,250","29,562",0,0.00,1.10,32.61,0.00,0.00,1.10,32.61,"58,436.50"
965,17/10/2022,SSB,"29,650","29,850","29,500","29,850","28,950","29,264",-150,-0.51,1.15,33.55,0.00,0.00,1.15,33.55,"58,436.50"
966,14/10/2022,SSB,"29,600","29,900","29,650","29,900","29,350","29,674",50,0.17,1.15,34.06,0.00,0.00,1.15,34.06,"58,733.63"
967,13/10/2022,SSB,"29,650","29,950","29,600","29,950","29,200","29,409",-50,-0.17,1.11,32.70,0.20,5.93,1.31,38.63,"58,634.59"
968,12/10/2022,SSB,"27,900","27,900","29,650","29,850","27,800","28,628","1,750",6.27,1.38,39.42,7.00,195.30,8.38,234.72,"58,733.63"
969,11/10/2022,SSB,"29,050","28,950","27,900","29,050","27,800","28,570","-1,150",-3.96,0.78,22.22,5.30,153.97,6.08,176.19,"55,267.06"
970,10/10/2022,SSB,"29,350","29,350","29,050","29,400","28,900","28,994",-300,-1.02,0.92,26.80,0.00,0.00,0.92,26.80,"57,545.09"
971,07/10/2022,SSB,"29,800","29,800","29,350","29,850","28,900","29,210",-450,-1.51,1.05,30.74,0.00,0.00,1.05,30.74,"58,139.36"
972,06/10/2022,SSB,"30,000","30,050","29,800","30,200","29,400","29,886",-200,-0.67,1.10,33.01,0.00,0.00,1.10,33.01,"59,030.77"
973,05/10/2022,SSB,"29,500","29,500","30,000","30,000","29,500","29,729",500,1.69,1.16,34.53,0.00,0.00,1.16,34.53,"59,426.95"
974,04/10/2022,SSB,"29,700","30,550","29,500","30,550","29,500","30,037",-200,-0.67,1.16,34.76,0.00,0.00,1.16,34.76,"58,436.50"
975,03/10/2022,SSB,"30,600","30,600","29,700","30,600","29,700","30,230",-900,-2.94,1.12,33.95,0.00,0.00,1.12,33.95,"58,832.68"
976,30/09/2022,SSB,"30,550","30,450","30,600","30,600","30,250","30,431",50,0.16,1.15,35.06,0.00,0.00,1.15,35.06,"60,615.49"
977,29/09/2022,SSB,"30,550","30,550","30,550","30,650","30,400","30,523",0,0.00,1.16,35.41,0.00,0.00,1.16,35.41,"60,516.44"
978,28/09/2022,SSB,"30,550","30,600","30,550","30,600","30,200","30,374",0,0.00,1.30,39.49,0.00,0.00,1.30,39.49,"60,516.44"
979,27/09/2022,SSB,"30,500","30,250","30,550","30,550","30,250","30,429",50,0.16,1.32,40.05,0.00,0.00,1.32,40.05,"60,516.44"
980,26/09/2022,SSB,"31,100","30,100","30,500","31,000","30,100","30,450",-600,-1.93,1.08,32.76,0.00,0.00,1.08,32.76,"60,417.40"
981,23/09/2022,SSB,"31,300","31,050","31,100","31,200","30,850","30,970",-200,-0.64,1.12,34.55,0.00,0.00,1.12,34.55,"61,605.94"
982,22/09/2022,SSB,"31,400","31,400","31,300","31,400","30,950","31,204",-100,-0.32,1.30,40.71,0.00,0.00,1.30,40.71,"62,002.12"
983,21/09/2022,SSB,"31,500","31,500","31,400","31,500","31,350","31,403",-100,-0.32,1.12,35.17,0.00,0.00,1.12,35.17,"62,200.21"
984,20/09/2022,SSB,"31,400","31,100","31,500","31,550","31,100","31,422",100,0.32,1.18,37.07,0.00,0.00,1.18,37.07,"62,398.30"
985,19/09/2022,SSB,"31,500","31,500","31,400","31,500","31,200","31,293",-100,-0.32,1.44,45.19,1.51,46.91,2.96,92.10,"62,200.21"
986,16/09/2022,SSB,"31,450","31,400","31,500","31,500","31,250","31,365",50,0.16,1.39,43.59,0.00,0.00,1.39,43.59,"62,398.30"
987,15/09/2022,SSB,"31,400","31,400","31,450","31,500","31,150","31,341",50,0.16,1.45,45.44,0.00,0.00,1.45,45.44,"62,299.25"
988,14/09/2022,SSB,"31,500","31,450","31,400","31,450","31,100","31,285",-100,-0.32,1.35,42.13,0.00,0.00,1.35,42.13,"62,200.21"
989,13/09/2022,SSB,"31,500","31,550","31,500","31,550","31,200","31,396",0,0.00,1.29,40.54,0.00,0.00,1.29,40.54,"62,398.30"
990,12/09/2022,SSB,"31,900","31,900","31,500","31,900","31,500","31,702",-400,-1.25,1.27,40.12,0.00,0.00,1.27,40.12,"62,398.30"
991,09/09/2022,SSB,"31,950","31,950","31,900","31,950","31,650","31,776",-50,-0.16,1.42,45.10,0.00,0.00,1.42,45.10,"63,190.65"
992,08/09/2022,SSB,"32,000","32,000","31,950","32,000","31,650","31,815",-50,-0.16,1.27,40.52,0.00,0.00,1.27,40.52,"63,289.70"
993,07/09/2022,SSB,"32,000","31,950","32,000","32,000","31,600","31,836",0,0.00,1.61,51.30,0.00,0.00,1.61,51.30,"63,388.74"
994,06/09/2022,SSB,"32,000","31,950","32,000","32,050","31,800","31,906",0,0.00,1.54,49.23,0.00,0.00,1.54,49.23,"63,388.74"
995,05/09/2022,SSB,"32,250","32,100","32,000","32,100","31,500","31,727",-250,-0.78,1.16,36.76,0.00,0.00,1.16,36.76,"63,388.74"
996,31/08/2022,SSB,"32,300","31,500","32,250","32,250","31,000","31,628",-50,-0.15,2.15,67.89,0.00,0.00,2.15,67.89,"63,883.97"
997,30/08/2022,SSB,"32,200","32,150","32,300","32,300","31,500","31,881",100,0.31,1.10,35.00,0.00,0.00,1.10,35.00,"63,983.01"
998,29/08/2022,SSB,"32,400","32,200","32,200","32,200","31,700","31,939",-200,-0.62,1.54,49.30,0.00,0.00,1.54,49.30,"63,784.92"
999,26/08/2022,SSB,"32,400","32,350","32,400","32,400","32,000","32,200",0,0.00,1.77,57.12,0.98,31.63,2.75,88.76,"64,181.10"
1000,25/08/2022,SSB,"32,400","32,300","32,400","32,400","31,800","32,052",0,0.00,1.45,46.48,0.98,31.65,2.43,78.14,"64,181.10"
1001,24/08/2022,SSB,"32,500","32,500","32,400","32,500","32,350","32,418",-100,-0.31,1.74,56.26,15.31,490.64,17.05,546.89,"64,181.10"
1002,23/08/2022,SSB,"32,500","32,500","32,500","32,500","32,100","32,323",0,0.00,1.85,59.94,8.69,282.07,10.54,342.01,"64,379.19"
1003,22/08/2022,SSB,"31,250","31,300","32,500","32,500","31,150","31,484","1,250",4.00,2.01,63.24,0.00,0.00,2.01,63.24,"64,379.19"
1004,19/08/2022,SSB,"31,350","31,350","31,250","31,350","31,150","31,239",-100,-0.32,1.68,52.48,4.70,147.35,6.38,199.82,"61,903.07"
1005,18/08/2022,SSB,"31,500","31,500","31,350","31,500","31,200","31,342",-150,-0.48,2.07,64.86,8.10,254.75,10.17,319.60,"62,101.16"
1006,17/08/2022,SSB,"31,450","31,350","31,500","31,500","31,300","31,386",50,0.16,1.85,58.04,19.00,597.55,20.85,655.59,"62,398.30"
1007,16/08/2022,SSB,"31,500","31,450","31,450","31,450","31,200","31,306",-50,-0.16,1.68,52.54,0.00,0.00,1.68,52.54,"62,299.25"
1008,15/08/2022,SSB,"31,350","31,500","31,500","31,500","31,250","31,343",150,0.48,1.71,53.60,0.97,30.07,2.68,83.67,"62,398.30"
1009,12/08/2022,SSB,"31,500","31,350","31,350","31,450","31,150","31,275",-150,-0.48,1.77,55.47,0.99,30.83,2.77,86.29,"62,101.16"
1010,11/08/2022,SSB,"31,100","31,250","31,500","31,500","30,950","31,125",400,1.29,2.10,65.44,0.00,0.00,2.10,65.44,"62,398.30"
1011,10/08/2022,SSB,"31,250","31,250","31,100","31,250","30,900","31,029",-150,-0.48,1.84,57.07,5.26,162.91,7.09,219.97,"61,605.94"
1012,09/08/2022,SSB,"31,450","31,450","31,250","31,500","31,100","31,264",-200,-0.64,1.95,60.99,0.00,0.00,1.95,60.99,"61,903.07"
1013,08/08/2022,SSB,"31,550","31,600","31,450","31,650","31,450","31,522",-100,-0.32,1.85,58.39,5.02,155.62,6.87,214.01,"62,299.25"
1014,05/08/2022,SSB,"31,750","31,700","31,550","31,750","31,450","31,622",-200,-0.63,1.81,57.22,0.12,3.70,1.93,60.92,"62,497.34"
1015,04/08/2022,SSB,"31,800","31,750","31,750","31,800","31,550","31,668",-50,-0.16,2.00,63.24,6.60,204.60,8.60,267.84,"62,893.52"
1016,03/08/2022,SSB,"31,850","31,700","31,800","31,800","31,500","31,652",-50,-0.16,1.66,52.59,4.43,137.80,6.10,190.39,"62,992.56"
1017,02/08/2022,SSB,"31,950","31,750","31,850","31,850","31,450","31,660",-100,-0.31,1.88,59.46,0.00,0.00,1.88,59.46,"63,091.61"
1018,01/08/2022,SSB,"31,850","31,750","31,950","31,950","31,500","31,732",100,0.31,1.96,62.15,0.00,0.00,1.96,62.15,"63,289.70"
1019,29/07/2022,SSB,"31,800","31,800","31,850","31,850","31,450","31,716",50,0.16,1.52,48.06,0.00,0.00,1.52,48.06,"63,091.61"
1020,28/07/2022,SSB,"31,750","30,600","31,800","31,800","30,100","30,988",50,0.16,2.16,66.96,0.00,0.00,2.16,66.96,"62,992.56"
1021,27/07/2022,SSB,"31,750","31,700","31,750","31,750","31,550","31,654",0,0.00,1.73,54.76,0.00,0.00,1.73,54.76,"62,893.52"
1022,26/07/2022,SSB,"31,650","31,500","31,750","31,750","31,350","31,495",100,0.32,1.37,43.26,0.00,0.00,1.37,43.26,"62,893.52"
1023,25/07/2022,SSB,"31,950","31,850","31,650","31,900","31,550","31,733",-300,-0.94,1.53,48.44,0.00,0.00,1.53,48.44,"62,695.43"
1024,22/07/2022,SSB,"32,000","31,950","31,950","32,100","31,700","31,913",-50,-0.16,1.66,52.99,0.00,0.00,1.66,52.99,"63,289.70"
1025,21/07/2022,SSB,"32,000","31,950","32,000","32,000","31,700","31,840",0,0.00,1.55,49.49,0.00,0.00,1.55,49.49,"63,388.74"
1026,20/07/2022,SSB,"31,850","31,800","32,000","32,000","31,750","31,863",150,0.47,1.79,56.97,0.00,0.00,1.79,56.97,"63,388.74"
1027,19/07/2022,SSB,"31,800","31,800","31,850","31,850","31,500","31,685",50,0.16,1.32,41.95,0.00,0.00,1.32,41.95,"63,091.61"
1028,18/07/2022,SSB,"31,450","31,500","31,800","31,800","31,250","31,424",350,1.11,1.61,50.66,0.00,0.00,1.61,50.66,"62,992.56"
1029,15/07/2022,SSB,"31,500","31,550","31,450","31,750","31,400","31,576",-50,-0.16,1.60,50.63,0.00,0.00,1.60,50.63,"62,299.31"
1030,14/07/2022,SSB,"31,650","31,550","31,500","31,600","31,250","31,465",-150,-0.47,1.23,38.72,0.00,0.00,1.23,38.72,"62,398.35"
1031,13/07/2022,SSB,"32,000","32,000","31,650","32,000","31,600","31,814",-350,-1.09,1.86,59.32,0.00,0.00,1.86,59.32,"62,695.49"
1032,12/07/2022,SSB,"31,700","31,600","32,000","32,000","31,550","31,699",300,0.95,1.27,40.14,0.00,0.00,1.27,40.14,"63,388.80"
1033,11/07/2022,SSB,"31,700","31,750","31,700","31,750","31,350","31,566",0,0.00,1.34,42.41,0.00,0.00,1.34,42.41,"62,794.53"
1034,08/07/2022,SSB,"31,300","31,350","31,700","31,700","30,950","31,143",400,1.28,1.90,59.32,0.00,0.00,1.90,59.32,"62,794.53"
1035,07/07/2022,SSB,"31,400","31,100","31,300","31,450","30,800","31,148",-100,-0.32,1.18,36.81,0.00,0.00,1.18,36.81,"62,002.17"
1036,06/07/2022,SSB,"31,700","31,650","31,400","31,700","31,100","31,419",-300,-0.95,1.77,55.54,0.00,0.00,1.77,55.54,"62,200.26"
1037,05/07/2022,SSB,"31,650","31,750","31,700","31,750","31,400","31,588",50,0.16,1.66,52.35,0.00,0.00,1.66,52.35,"62,794.53"
1038,04/07/2022,SSB,"31,650","31,750","31,650","31,750","31,300","31,531",0,0.00,1.34,42.37,0.00,0.00,1.34,42.37,"62,695.49"
1039,01/07/2022,SSB,"31,600","31,700","31,650","31,700","31,450","31,579",50,0.16,1.72,54.16,0.00,0.00,1.72,54.16,"62,695.49"
1040,30/06/2022,SSB,"31,600","31,700","31,600","31,800","31,500","31,659",0,0.00,1.47,46.48,0.00,0.00,1.47,46.48,"62,596.44"
1041,29/06/2022,SSB,"31,450","31,350","31,600","31,950","31,000","31,479",150,0.48,1.72,54.22,0.00,0.00,1.72,54.22,"62,596.44"
1042,28/06/2022,SSB,"31,350","31,400","31,450","31,850","31,200","31,515",100,0.32,1.78,56.16,0.00,0.00,1.78,56.16,"62,299.31"
1043,27/06/2022,SSB,"31,200","31,050","31,350","31,450","30,900","31,170",150,0.48,1.28,39.90,0.00,0.00,1.28,39.90,"62,101.22"
1044,24/06/2022,SSB,"30,900","30,900","31,200","31,200","30,150","30,762",300,0.97,2.07,63.59,0.00,0.00,2.07,63.59,"61,804.08"
1045,23/06/2022,SSB,"30,750","30,750","30,900","30,900","30,500","30,666",150,0.49,1.68,51.42,0.00,0.00,1.68,51.42,"51,287.82"
1046,22/06/2022,SSB,"29,950","29,950","30,750","30,900","29,200","29,855",800,2.67,2.72,81.22,0.00,0.00,2.72,81.22,"51,038.85"
1047,21/06/2022,SSB,"30,000","29,950","29,950","29,950","29,100","29,634",-50,-0.17,2.05,60.64,10.00,290.00,12.05,350.64,"49,711.01"
1048,20/06/2022,SSB,"30,000","29,950","30,000","30,000","29,000","29,714",0,0.00,2.04,60.49,0.00,0.00,2.04,60.49,"49,794.00"
1049,17/06/2022,SSB,"30,050","29,850","30,000","30,000","29,000","29,460",-50,-0.17,2.01,59.35,0.00,0.00,2.01,59.35,"49,794.00"
1050,16/06/2022,SSB,"28,500","28,900","30,050","30,050","28,450","28,990","1,550",5.44,1.95,56.66,0.00,0.00,1.95,56.66,"49,876.99"
1051,15/06/2022,SSB,"33,000","32,900","34,000","34,000","31,650","32,184","1,000",3.03,2.53,81.33,7.60,243.20,10.13,324.53,"56,433.20"
1052,14/06/2022,SSB,"31,600","31,350","33,000","33,000","30,550","31,314","1,400",4.43,2.89,90.56,0.00,0.00,2.89,90.56,"54,773.40"
1053,13/06/2022,SSB,"33,100","32,850","31,600","32,850","31,600","32,192","-1,500",-4.53,1.95,62.70,0.00,0.00,1.95,62.70,"52,449.68"
1054,10/06/2022,SSB,"33,450","33,400","33,100","33,450","33,000","33,197",-350,-1.05,1.67,55.29,0.00,0.00,1.67,55.29,"54,939.38"
1055,09/06/2022,SSB,"33,800","33,950","33,450","33,950","31,550","33,501",-350,-1.04,1.79,60.11,0.00,0.00,1.79,60.11,"55,520.31"
1056,08/06/2022,SSB,"33,400","33,750","33,800","33,850","33,400","33,622",400,1.20,2.24,75.39,0.00,0.00,2.24,75.39,"56,101.24"
1057,07/06/2022,SSB,"33,750","33,650","33,400","33,650","32,650","33,270",-350,-1.04,2.02,67.32,0.00,0.00,2.02,67.32,"55,437.32"
1058,06/06/2022,SSB,"33,800","33,950","33,750","33,950","33,500","33,713",-50,-0.15,1.90,64.01,0.04,1.37,1.94,65.38,"56,018.25"
1059,03/06/2022,SSB,"33,800","33,800","33,800","33,900","33,550","33,737",0,0.00,1.67,56.46,0.00,0.00,1.67,56.46,"56,101.24"
1060,02/06/2022,SSB,"33,500","33,550","33,800","33,850","33,150","33,397",300,0.90,2.67,89.25,0.00,0.00,2.67,89.25,"56,101.24"
1061,01/06/2022,SSB,"33,800","33,800","33,500","33,900","33,500","33,695",-300,-0.89,2.00,67.47,0.00,0.00,2.00,67.47,"55,603.30"
1062,31/05/2022,SSB,"34,300","34,050","33,800","34,150","33,650","33,869",-500,-1.46,2.22,75.10,0.00,0.00,2.22,75.10,"56,101.24"
1063,30/05/2022,SSB,"34,600","34,400","34,300","34,600","34,050","34,440",-300,-0.87,2.61,90.03,0.00,0.00,2.61,90.03,"56,931.14"
1064,27/05/2022,SSB,"34,250","34,200","34,600","34,600","33,800","34,116",350,1.02,2.08,70.87,0.00,0.00,2.08,70.87,"57,429.08"
1065,26/05/2022,SSB,"34,050","34,100","34,250","34,250","33,600","33,888",200,0.59,1.94,65.75,0.00,0.00,1.94,65.75,"56,848.15"
1066,25/05/2022,SSB,"34,050","34,200","34,050","34,200","33,300","33,679",0,0.00,2.09,70.37,0.00,0.00,2.09,70.37,"56,516.19"
1067,24/05/2022,SSB,"34,500","34,700","34,050","34,700","34,000","34,381",-450,-1.30,1.79,61.41,0.00,0.00,1.79,61.41,"56,516.19"
1068,23/05/2022,SSB,"34,850","34,900","34,500","35,000","34,350","34,680",-350,-1.00,1.87,64.85,0.00,0.00,1.87,64.85,"57,263.10"
1069,20/05/2022,SSB,"34,600","34,650","34,850","34,950","34,450","34,674",250,0.72,2.01,69.57,0.00,0.00,2.01,69.57,"57,844.03"
1070,19/05/2022,SSB,"34,800","34,650","34,600","34,750","34,050","34,427",-200,-0.57,1.54,52.98,0.00,0.00,1.54,52.98,"57,429.08"
1071,18/05/2022,SSB,"34,800","34,900","34,800","35,000","34,500","34,746",0,0.00,2.17,75.43,0.00,0.00,2.17,75.43,"57,761.04"
1072,17/05/2022,SSB,"34,800","34,650","34,800","35,000","34,200","34,687",0,0.00,1.98,68.55,0.00,0.00,1.98,68.55,"57,761.04"
1073,16/05/2022,SSB,"34,650","34,950","34,800","34,950","34,100","34,692",150,0.43,2.20,76.46,0.00,0.00,2.20,76.46,"57,761.04"
1074,13/05/2022,SSB,"35,000","35,000","34,650","35,300","33,500","34,115",-350,-1.00,1.65,56.45,0.00,0.00,1.65,56.45,"57,512.07"
1075,12/05/2022,SSB,"36,000","35,900","35,000","35,900","34,800","35,449","-1,000",-2.78,1.87,66.17,0.00,0.00,1.87,66.17,"58,093.00"
1076,11/05/2022,SSB,"36,000","35,950","36,000","36,000","35,000","35,634",0,0.00,1.79,63.95,0.00,0.00,1.79,63.95,"59,752.80"
1077,10/05/2022,SSB,"34,500","34,300","36,000","36,000","33,500","34,502","1,500",4.35,1.35,46.56,0.00,0.00,1.35,46.56,"59,752.80"
1078,09/05/2022,SSB,"35,300","35,000","34,500","35,100","33,950","34,773",-800,-2.27,1.36,47.32,0.00,0.00,1.36,47.32,"57,263.10"
1079,06/05/2022,SSB,"36,200","35,050","35,300","35,500","34,600","35,161",-900,-2.49,1.63,57.17,0.00,0.00,1.63,57.17,"58,590.94"
1080,05/05/2022,SSB,"36,250","36,300","36,200","36,400","35,750","36,091",-50,-0.14,1.74,62.87,0.00,0.00,1.74,62.87,"60,084.76"
1081,04/05/2022,SSB,"36,750","36,800","36,250","36,800","35,950","36,141",-500,-1.36,1.71,61.75,0.00,0.00,1.71,61.75,"60,167.75"
1082,29/04/2022,SSB,"37,250","37,250","36,750","37,300","36,200","36,696",-500,-1.34,2.12,77.88,0.00,0.00,2.12,77.88,"60,997.65"
1083,28/04/2022,SSB,"37,050","37,100","37,250","37,350","36,800","37,123",200,0.54,2.05,75.98,1.00,37.05,3.05,113.03,"61,827.55"
1084,27/04/2022,SSB,"36,450","36,450","37,050","37,050","36,100","36,370",600,1.65,1.92,69.90,0.00,0.00,1.92,69.90,"61,495.59"
1085,26/04/2022,SSB,"35,500","35,600","36,450","36,500","34,550","35,208",950,2.68,1.92,67.60,0.00,0.00,1.92,67.60,"60,499.71"
1086,25/04/2022,SSB,"37,750","37,750","35,500","37,750","35,500","37,303","-2,250",-5.96,1.89,70.44,0.00,0.00,1.89,70.44,"58,922.90"
1087,22/04/2022,SSB,"37,950","38,000","37,750","38,250","37,600","37,828",-200,-0.53,1.99,75.25,0.00,0.00,1.99,75.25,"62,657.45"
1088,21/04/2022,SSB,"37,750","37,700","37,950","38,000","37,550","37,744",200,0.53,2.15,81.26,2.00,75.50,4.15,156.76,"62,989.41"
1089,20/04/2022,SSB,"37,650","37,650","37,750","37,900","37,350","37,624",100,0.27,2.13,80.19,0.00,0.00,2.13,80.19,"62,657.45"
1090,19/04/2022,SSB,"37,750","37,700","37,650","37,800","37,500","37,692",-100,-0.26,1.57,59.11,0.00,0.00,1.57,59.11,"62,491.47"
1091,18/04/2022,SSB,"38,000","38,000","37,750","38,000","37,000","37,572",-250,-0.66,2.37,89.19,0.00,0.00,2.37,89.19,"62,657.45"
1092,15/04/2022,SSB,"38,150","38,100","38,000","38,100","37,750","37,941",-150,-0.39,2.23,84.71,0.00,0.00,2.23,84.71,"63,072.40"
1093,14/04/2022,SSB,"38,050","38,000","38,150","38,350","37,400","37,834",100,0.26,2.51,94.83,0.00,0.00,2.51,94.83,"63,321.37"
1094,13/04/2022,SSB,"38,000","37,850","38,050","38,050","37,700","37,842",50,0.13,2.63,99.46,0.00,0.00,2.63,99.46,"63,155.39"
1095,12/04/2022,SSB,"37,800","37,750","38,000","38,000","36,600","37,306",200,0.53,2.09,78.06,0.00,0.00,2.09,78.06,"63,072.40"
1096,08/04/2022,SSB,"38,150","38,000","37,800","38,050","36,900","37,476",-350,-0.92,2.56,96.01,0.00,0.00,2.56,96.01,"62,740.44"
1097,07/04/2022,SSB,"38,450","38,450","38,150","38,450","37,950","38,103",-300,-0.78,2.74,104.52,0.00,0.00,2.74,104.52,"63,321.37"
1098,06/04/2022,SSB,"38,450","38,350","38,450","38,450","38,050","38,245",0,0.00,1.96,75.07,0.00,0.00,1.96,75.07,"63,819.31"
1099,05/04/2022,SSB,"38,550","38,500","38,450","38,500","38,050","38,336",-100,-0.26,2.57,98.44,0.00,0.00,2.57,98.44,"63,819.31"
1100,04/04/2022,SSB,"38,500","38,500","38,550","38,600","38,000","38,345",50,0.13,2.62,100.58,0.00,0.00,2.62,100.58,"63,985.29"
1101,01/04/2022,SSB,"38,050","37,850","38,500","38,500","37,550","38,011",450,1.18,2.52,95.69,0.00,0.00,2.52,95.69,"63,902.30"
1102,31/03/2022,SSB,"38,050","37,950","38,050","38,250","37,550","37,905",0,0.00,2.73,103.63,0.00,0.00,2.73,103.63,"63,155.39"
1103,30/03/2022,SSB,"36,500","36,500","38,050","38,450","36,400","36,987","1,550",4.25,2.56,94.81,0.00,0.00,2.56,94.81,"63,155.39"
1104,29/03/2022,SSB,"37,650","37,650","36,500","37,650","36,500","37,230","-1,150",-3.05,2.41,89.90,0.00,0.00,2.41,89.90,"60,582.70"
1105,28/03/2022,SSB,"38,100","38,050","37,650","38,050","37,100","37,578",-450,-1.18,1.90,71.44,0.00,0.00,1.90,71.44,"62,491.47"
1106,25/03/2022,SSB,"38,100","38,050","38,100","38,250","37,450","37,965",0,0.00,1.82,69.02,0.00,0.00,1.82,69.02,"63,238.38"
1107,24/03/2022,SSB,"38,200","37,950","38,100","38,150","37,350","37,843",-100,-0.26,1.65,62.61,0.00,0.00,1.65,62.61,"63,238.38"
1108,23/03/2022,SSB,"38,300","37,900","38,200","38,300","37,800","38,144",-100,-0.26,1.67,63.63,0.00,0.00,1.67,63.63,"63,404.36"
1109,22/03/2022,SSB,"37,850","37,750","38,300","38,400","37,300","37,897",450,1.19,1.93,72.98,0.00,0.00,1.93,72.98,"63,570.34"
1110,21/03/2022,SSB,"37,850","37,750","37,850","37,950","37,100","37,594",0,0.00,1.81,68.12,0.00,0.00,1.81,68.12,"62,823.43"
1111,18/03/2022,SSB,"37,800","37,850","37,850","37,850","37,550","37,754",50,0.13,1.53,57.59,0.00,0.00,1.53,57.59,"62,823.43"
1112,17/03/2022,SSB,"37,700","37,700","37,800","37,800","37,100","37,527",100,0.27,1.77,66.52,0.00,0.00,1.77,66.52,"55,886.86"
1113,16/03/2022,SSB,"37,500","37,500","37,700","37,750","37,100","37,423",200,0.53,1.77,66.31,0.00,0.00,1.77,66.31,"55,739.01"
1114,15/03/2022,SSB,"37,400","37,250","37,500","37,500","37,050","37,299",100,0.27,1.71,63.61,0.00,0.00,1.71,63.61,"55,443.31"
1115,14/03/2022,SSB,"37,500","37,450","37,400","37,450","36,950","37,151",-100,-0.27,1.67,61.90,0.00,0.00,1.67,61.90,"55,295.47"
1116,11/03/2022,SSB,"37,500","37,350","37,500","37,500","37,000","37,205",0,0.00,1.64,61.05,0.00,0.00,1.64,61.05,"55,443.31"
1117,10/03/2022,SSB,"37,500","37,550","37,500","37,800","37,050","37,419",0,0.00,1.99,74.45,0.00,0.00,1.99,74.45,"55,443.31"
1118,09/03/2022,SSB,"37,700","37,600","37,500","37,700","36,800","37,133",-200,-0.53,1.97,73.05,0.00,0.00,1.97,73.05,"55,443.31"
1119,08/03/2022,SSB,"37,800","37,650","37,700","37,800","37,250","37,554",-100,-0.26,1.99,74.89,0.00,0.00,1.99,74.89,"55,739.01"
1120,07/03/2022,SSB,"38,000","38,000","37,800","38,050","37,100","37,549",-200,-0.53,1.79,67.11,0.00,0.00,1.79,67.11,"55,886.86"
1121,04/03/2022,SSB,"37,850","37,650","38,000","38,000","37,000","37,443",150,0.40,2.50,93.52,0.00,0.00,2.50,93.52,"56,182.56"
1122,03/03/2022,SSB,"37,800","37,350","37,850","37,850","36,600","37,224",50,0.13,1.95,72.43,0.00,0.00,1.95,72.43,"55,960.78"
1123,02/03/2022,SSB,"36,900","37,000","37,800","37,800","36,000","36,523",900,2.44,2.11,76.98,0.00,0.00,2.11,76.98,"55,886.86"
1124,01/03/2022,SSB,"35,400","35,550","36,900","37,050","34,650","35,443","1,500",4.24,2.36,83.77,0.00,0.00,2.36,83.77,"54,556.22"
1125,28/02/2022,SSB,"36,300","36,300","35,400","36,300","35,000","35,379",-900,-2.48,1.64,58.07,0.00,0.00,1.64,58.07,"52,338.49"
1126,25/02/2022,SSB,"36,200","36,100","36,300","36,300","35,950","36,129",100,0.28,1.95,70.49,0.00,0.00,1.95,70.49,"53,669.13"
1127,24/02/2022,SSB,"36,450","36,400","36,200","36,400","35,250","35,886",-250,-0.69,1.66,59.45,0.00,0.00,1.66,59.45,"53,521.28"
1128,23/02/2022,SSB,"36,000","36,350","36,450","36,450","35,100","35,908",450,1.25,2.47,88.71,0.00,0.00,2.47,88.71,"53,890.90"
1129,22/02/2022,SSB,"36,300","36,150","36,000","36,200","35,500","35,979",-300,-0.83,1.51,54.48,0.00,0.00,1.51,54.48,"53,225.58"
1130,21/02/2022,SSB,"36,200","36,150","36,300","36,350","35,750","36,010",100,0.28,1.58,56.83,0.00,0.00,1.58,56.83,"53,669.13"
1131,18/02/2022,SSB,"36,300","36,300","36,200","36,350","35,100","36,037",-100,-0.28,1.85,66.70,0.00,0.00,1.85,66.70,"53,521.28"
1132,17/02/2022,SSB,"36,800","37,050","36,300","37,400","36,300","36,799",-500,-1.36,1.75,64.38,0.00,0.00,1.75,64.38,"53,669.13"
1133,16/02/2022,SSB,"37,200","37,400","36,800","37,500","36,700","36,944",-400,-1.08,1.67,61.74,0.00,0.00,1.67,61.74,"54,408.37"
1134,15/02/2022,SSB,"36,600","36,400","37,200","37,600","35,500","36,554",600,1.64,1.68,61.59,0.00,0.00,1.68,61.59,"54,999.77"
1135,14/02/2022,SSB,"38,250","38,000","36,600","38,150","36,600","37,458","-1,650",-4.31,2.07,77.57,0.00,0.00,2.07,77.57,"54,112.67"
1136,11/02/2022,SSB,"38,600","38,500","38,250","38,500","37,850","38,159",-350,-0.91,1.68,64.20,0.00,0.00,1.68,64.20,"56,552.18"
1137,10/02/2022,SSB,"38,400","38,500","38,600","38,600","37,600","38,095",200,0.52,1.87,71.38,0.00,0.00,1.87,71.38,"57,069.65"
1138,09/02/2022,SSB,"38,200","38,200","38,400","39,050","37,350","38,015",200,0.52,2.32,88.06,0.09,3.64,2.41,91.70,"56,773.95"
1139,08/02/2022,SSB,"39,300","39,150","38,200","39,250","37,500","38,605","-1,100",-2.80,2.17,83.95,0.00,0.00,2.17,83.95,"56,478.26"
1140,07/02/2022,SSB,"39,300","39,250","39,300","39,350","38,700","39,165",0,0.00,1.49,58.43,0.00,0.00,1.49,58.43,"58,104.59"
1141,28/01/2022,SSB,"39,000","38,950","39,300","39,300","38,100","38,494",300,0.77,2.31,88.77,0.00,0.00,2.31,88.77,"58,104.59"
1142,27/01/2022,SSB,"39,600","39,400","39,000","39,400","38,300","38,651",-600,-1.52,1.87,72.20,0.00,0.00,1.87,72.20,"57,661.05"
1143,26/01/2022,SSB,"39,950","39,950","39,600","40,300","38,600","39,401",-350,-0.88,2.60,102.34,0.00,0.00,2.60,102.34,"58,548.14"
1144,25/01/2022,SSB,"39,200","39,150","39,950","39,950","38,800","39,135",750,1.91,1.85,72.47,0.00,0.00,1.85,72.47,"59,065.61"
1145,24/01/2022,SSB,"39,250","39,150","39,200","39,350","38,800","39,092",-50,-0.13,2.01,78.74,0.00,0.00,2.01,78.74,"57,956.74"
1146,21/01/2022,SSB,"39,250","39,250","39,250","39,250","37,650","38,525",0,0.00,2.82,108.60,0.00,0.00,2.82,108.60,"58,030.67"
1147,20/01/2022,SSB,"38,250","38,300","39,250","39,250","37,750","38,019","1,000",2.61,1.89,71.84,0.00,0.00,1.89,71.84,"58,030.67"
1148,19/01/2022,SSB,"38,250","38,100","38,250","38,450","37,500","38,215",0,0.00,1.90,72.52,0.00,0.00,1.90,72.52,"56,552.18"
1149,18/01/2022,SSB,"38,600","38,400","38,250","38,850","36,550","37,593",-350,-0.91,2.32,87.29,0.00,0.00,2.32,87.29,"56,552.18"
1150,17/01/2022,SSB,"38,800","39,800","38,600","39,800","37,250","38,499",-200,-0.52,1.60,61.60,0.00,0.00,1.60,61.60,"57,069.65"
1151,14/01/2022,SSB,"41,600","41,550","41,700","41,700","40,800","41,178",100,0.24,2.20,90.57,0.00,0.00,2.20,90.57,"61,652.96"
1152,13/01/2022,SSB,"41,000","42,000","41,600","42,200","40,750","41,069",600,1.46,2.29,94.21,0.00,0.00,2.29,94.21,"61,505.12"
1153,12/01/2022,SSB,"39,050","39,000","41,000","41,000","37,800","38,676","1,950",4.99,2.24,86.62,0.00,0.00,2.24,86.62,"60,618.02"
1154,11/01/2022,SSB,"40,750","40,000","39,050","40,450","39,050","39,671","-1,700",-4.17,1.54,61.19,0.00,0.00,1.54,61.19,"57,734.97"
1155,10/01/2022,SSB,"42,450","42,300","40,750","42,300","40,100","40,798","-1,700",-4.00,2.23,90.81,0.00,0.00,2.23,90.81,"60,248.40"
1156,07/01/2022,SSB,"43,950","43,800","42,450","43,800","41,800","42,440","-1,500",-3.41,2.22,94.25,0.00,0.00,2.22,94.25,"62,761.83"
1157,06/01/2022,SSB,"45,000","44,050","43,950","44,200","42,600","43,353","-1,050",-2.33,2.67,115.61,0.00,0.00,2.67,115.61,"64,979.56"
1158,05/01/2022,SSB,"45,600","45,450","45,000","45,600","44,250","44,965",-600,-1.32,1.89,85.07,0.00,0.00,1.89,85.07,"66,531.98"
1159,04/01/2022,SSB,"45,600","45,750","45,600","45,900","44,950","45,585",0,0.00,2.21,100.66,0.00,0.00,2.21,100.66,"67,419.07"
1160,31/12/2021,SSB,"45,050","44,900","45,600","45,900","44,800","45,346",550,1.22,2.26,102.34,0.00,0.00,2.26,102.34,"67,419.07"
1161,30/12/2021,SSB,"45,000","45,200","45,050","45,200","44,000","44,640",50,0.11,2.31,103.15,0.00,0.00,2.31,103.15,"66,605.90"
1162,29/12/2021,SSB,"43,950","43,950","45,000","45,000","42,500","43,633","1,050",2.39,2.47,107.86,0.00,0.00,2.47,107.86,"66,531.98"
1163,28/12/2021,SSB,"44,000","44,300","43,950","44,900","43,000","44,046",-50,-0.11,2.82,124.17,0.00,0.00,2.82,124.17,"64,979.56"
1164,27/12/2021,SSB,"41,250","41,500","44,000","44,000","41,300","42,588","2,750",6.67,3.68,156.76,0.00,0.00,3.68,156.76,"65,053.49"
1165,24/12/2021,SSB,"38,650","38,600","41,250","41,350","38,250","39,037","2,600",6.73,3.66,143.00,0.00,0.00,3.66,143.00,"60,987.65"
1166,23/12/2021,SSB,"39,050","39,050","38,650","39,050","37,500","38,503",-400,-1.02,4.13,159.13,0.00,0.00,4.13,159.13,"57,143.58"
1167,22/12/2021,SSB,"39,300","39,250","39,050","39,250","38,750","39,026",-250,-0.64,2.11,82.32,0.00,0.00,2.11,82.32,"57,734.97"
1168,21/12/2021,SSB,"39,250","39,200","39,300","39,300","38,850","39,080",50,0.13,1.79,70.03,0.00,0.00,1.79,70.03,"58,104.59"
1169,20/12/2021,SSB,"39,350","39,450","39,250","39,500","38,900","39,125",-100,-0.25,1.92,74.96,0.00,0.00,1.92,74.96,"58,030.67"
1170,17/12/2021,SSB,"39,650","39,600","39,350","39,650","38,650","39,191",-300,-0.76,2.25,88.02,0.00,0.00,2.25,88.02,"58,178.52"
1171,16/12/2021,SSB,"39,750","39,650","39,650","39,650","39,100","39,421",-100,-0.25,1.83,72.29,0.00,0.00,1.83,72.29,"58,622.06"
1172,15/12/2021,SSB,"39,650","39,700","39,750","39,750","39,150","39,487",100,0.25,2.06,81.48,0.00,0.00,2.06,81.48,"58,769.91"
1173,14/12/2021,SSB,"39,750","39,700","39,650","39,700","39,300","39,533",-100,-0.25,1.79,70.73,0.00,0.00,1.79,70.73,"58,622.06"
1174,13/12/2021,SSB,"39,600","39,700","39,750","39,900","38,500","39,291",150,0.38,2.04,80.14,0.00,0.00,2.04,80.14,"58,769.91"
1175,10/12/2021,SSB,"39,600","39,700","39,600","39,700","39,400","39,567",0,0.00,1.71,67.63,0.00,0.00,1.71,67.63,"58,548.14"
1176,09/12/2021,SSB,"39,500","39,500","39,600","39,600","39,000","39,276",100,0.25,1.91,74.84,0.00,0.00,1.91,74.84,"58,548.14"
1177,08/12/2021,SSB,"38,600","38,700","39,500","39,500","38,000","38,623",900,2.33,1.70,65.79,0.00,0.00,1.70,65.79,"58,400.29"
1178,07/12/2021,SSB,"38,000","38,500","38,600","39,400","38,000","38,545",600,1.58,1.70,65.59,0.00,0.00,1.70,65.59,"57,069.65"
1179,06/12/2021,SSB,"38,500","38,100","38,000","38,450","36,050","38,067",-500,-1.30,1.72,65.61,0.00,0.00,1.72,65.61,"56,182.56"
1180,03/12/2021,SSB,"39,550","39,550","38,500","39,650","38,500","39,283","-1,050",-2.65,2.10,82.62,0.00,0.00,2.10,82.62,"56,921.80"
1181,02/12/2021,SSB,"39,700","39,500","39,550","39,600","39,250","39,399",-150,-0.38,2.24,88.38,0.00,0.00,2.24,88.38,"58,474.21"
1182,01/12/2021,SSB,"39,600","38,200","39,700","39,700","38,200","39,022",100,0.25,1.79,69.81,0.00,0.00,1.79,69.81,"58,695.99"
1183,30/11/2021,SSB,"39,750","39,900","39,600","40,000","38,600","39,600",-150,-0.38,1.58,62.53,0.00,0.00,1.58,62.53,"53,162.54"
1184,29/11/2021,SSB,"40,800","38,000","39,750","40,300","38,000","39,130","-1,050",-2.57,1.95,76.41,0.00,0.00,1.95,76.41,"53,363.91"
1185,26/11/2021,SSB,"41,000","40,500","40,800","40,950","40,000","40,385",-200,-0.49,2.04,82.35,0.00,0.00,2.04,82.35,"54,773.53"
1186,25/11/2021,SSB,"39,500","40,750","41,000","41,200","40,000","40,501","1,500",3.80,1.19,48.22,0.00,0.00,1.19,48.22,"55,042.02"
1187,24/11/2021,SSB,"36,950","37,150","39,500","39,500","36,600","38,210","2,550",6.90,1.79,68.38,0.00,0.00,1.79,68.38,"53,028.29"
1188,23/11/2021,SSB,"36,950","37,450","36,950","37,450","36,750","36,890",0,0.00,1.01,37.18,0.00,0.00,1.01,37.18,"49,604.95"
1189,22/11/2021,SSB,"36,500","36,750","36,950","38,000","35,650","36,769",450,1.23,1.27,46.71,0.00,0.00,1.27,46.71,"49,604.95"
1190,19/11/2021,SSB,"36,350","36,650","36,500","36,650","36,250","36,454",150,0.41,1.79,65.40,0.00,0.00,1.79,65.40,"49,000.83"
1191,18/11/2021,SSB,"36,850","36,850","36,350","36,850","36,200","36,605",-500,-1.36,1.28,47.02,0.00,0.00,1.28,47.02,"48,799.45"
1192,17/11/2021,SSB,"36,850","36,900","36,850","36,950","36,250","36,645",0,0.00,2.10,76.97,2.00,76.20,4.10,153.17,"49,470.70"
1193,16/11/2021,SSB,"37,050","37,100","36,850","37,300","36,800","36,955",-200,-0.54,2.19,81.01,0.00,0.00,2.19,81.01,"49,470.70"
1194,15/11/2021,SSB,"37,200","37,250","37,050","37,400","36,900","37,086",-150,-0.40,2.16,80.13,0.00,0.00,2.16,80.13,"49,739.19"
1195,12/11/2021,SSB,"36,950","37,050","37,200","37,200","36,700","36,884",250,0.68,1.98,72.99,0.00,0.00,1.98,72.99,"49,940.57"
1196,11/11/2021,SSB,"37,250","37,200","36,950","37,200","36,700","36,909",-300,-0.81,2.02,74.66,0.00,0.00,2.02,74.66,"49,604.95"
1197,10/11/2021,SSB,"37,600","37,500","37,250","37,600","36,850","37,232",-350,-0.93,2.21,82.42,0.00,0.00,2.21,82.42,"50,007.69"
1198,09/11/2021,SSB,"37,600","37,550","37,600","37,650","36,850","37,407",0,0.00,2.36,88.37,0.00,0.00,2.36,88.37,"50,477.56"
1199,08/11/2021,SSB,"37,600","36,700","37,600","37,900","36,700","37,230",0,0.00,2.11,78.61,0.00,0.00,2.11,78.61,"50,477.56"
1200,05/11/2021,SSB,"37,600","37,600","37,600","37,600","36,500","36,903",0,0.00,3.31,122.15,0.00,0.00,3.31,122.15,"50,477.56"
1201,04/11/2021,SSB,"38,250","37,900","37,600","38,200","37,150","37,760",-650,-1.70,2.30,86.67,0.00,0.00,2.30,86.67,"50,477.56"
1202,03/11/2021,SSB,"37,200","37,200","38,250","38,400","36,550","37,233","1,050",2.82,2.19,81.48,0.00,0.00,2.19,81.48,"51,350.18"
1203,02/11/2021,SSB,"37,200","37,000","37,200","37,250","36,400","36,963",0,0.00,1.94,71.61,0.00,0.00,1.94,71.61,"49,940.57"
1204,01/11/2021,SSB,"37,100","36,900","37,200","37,250","36,200","36,678",100,0.27,2.04,74.72,0.00,0.00,2.04,74.72,"49,940.57"
1205,29/10/2021,SSB,"37,800","37,750","37,100","37,800","36,800","37,186",-700,-1.85,2.12,78.87,0.00,0.00,2.12,78.87,"49,806.32"
1206,28/10/2021,SSB,"36,550","36,600","37,800","37,800","36,350","36,617","1,250",3.42,1.70,62.31,0.00,0.00,1.70,62.31,"50,746.06"
1207,27/10/2021,SSB,"36,450","36,500","36,550","36,600","36,150","36,369",100,0.27,2.16,78.71,0.00,0.00,2.16,78.71,"49,067.95"
1208,26/10/2021,SSB,"36,600","36,500","36,450","36,600","35,950","36,260",-150,-0.41,2.03,73.50,0.00,0.00,2.03,73.50,"48,933.70"
1209,25/10/2021,SSB,"36,650","36,600","36,600","36,700","36,200","36,349",-50,-0.14,1.90,69.03,0.00,0.00,1.90,69.03,"49,135.07"
1210,22/10/2021,SSB,"37,000","37,050","36,650","37,050","36,550","36,767",-350,-0.95,2.16,79.45,0.00,0.00,2.16,79.45,"49,202.20"
1211,21/10/2021,SSB,"37,200","37,150","37,000","37,300","36,300","36,809",-200,-0.54,3.23,118.75,0.00,0.00,3.23,118.75,"49,672.07"
1212,20/10/2021,SSB,"37,200","37,000","37,200","37,200","36,800","37,012",0,0.00,1.89,69.99,0.00,0.00,1.89,69.99,"49,940.57"
1213,19/10/2021,SSB,"37,200","37,250","37,200","37,250","36,600","36,936",0,0.00,1.76,65.19,0.00,0.00,1.76,65.19,"49,940.57"
1214,18/10/2021,SSB,"37,400","37,400","37,200","37,550","36,500","37,112",-200,-0.53,2.99,110.93,0.00,0.00,2.99,110.93,"49,940.57"
1215,15/10/2021,SSB,"37,200","37,200","37,400","37,450","37,150","37,300",200,0.54,3.57,133.10,0.00,0.00,3.57,133.10,"50,209.07"
1216,14/10/2021,SSB,"37,050","37,000","37,200","37,350","36,750","37,111",150,0.40,3.23,119.80,0.00,0.00,3.23,119.80,"49,940.57"
1217,13/10/2021,SSB,"35,900","36,100","37,050","37,500","35,400","35,815","1,150",3.20,2.70,96.62,0.00,0.00,2.70,96.62,"49,739.19"
1218,12/10/2021,SSB,"38,000","38,050","38,000","38,050","37,700","37,870",0,0.00,2.10,79.65,0.00,0.00,2.10,79.65,"51,014.56"
1219,11/10/2021,SSB,"38,000","38,050","38,000","38,450","37,600","37,862",0,0.00,1.82,68.98,0.00,0.00,1.82,68.98,"51,014.56"
1220,08/10/2021,SSB,"37,600","37,650","38,000","38,500","37,600","38,083",400,1.06,2.07,78.68,0.00,0.00,2.07,78.68,"51,014.56"
1221,07/10/2021,SSB,"36,200","36,250","37,600","37,600","35,700","36,037","1,400",3.87,2.02,72.82,0.04,1.31,2.06,74.13,"50,477.56"
1222,06/10/2021,SSB,"35,950","36,000","36,200","36,200","35,450","35,881",250,0.70,2.02,72.30,0.00,0.00,2.02,72.30,"48,598.08"
1223,05/10/2021,SSB,"35,850","35,800","35,950","35,950","35,350","35,700",100,0.28,1.86,66.46,0.00,0.00,1.86,66.46,"48,262.46"
1224,04/10/2021,SSB,"35,850","35,850","35,850","35,900","35,450","35,653",0,0.00,2.06,73.48,0.00,0.00,2.06,73.48,"48,128.21"
1225,01/10/2021,SSB,"35,850","35,850","35,850","35,900","35,450","35,653",0,0.00,2.03,72.48,0.00,0.00,2.03,72.48,"48,128.21"
1226,30/09/2021,SSB,"35,850","35,800","35,850","35,950","35,200","35,580",0,0.00,2.69,95.86,0.00,0.00,2.69,95.86,"48,128.21"
1227,29/09/2021,SSB,"35,850","35,850","35,850","35,850","35,550","35,686",0,0.00,2.03,72.51,0.00,0.00,2.03,72.51,"48,128.21"
1228,28/09/2021,SSB,"35,750","35,600","35,850","35,850","35,450","35,591",100,0.28,2.04,72.75,0.34,11.42,2.39,84.16,"48,128.21"
1229,27/09/2021,SSB,"36,000","36,000","35,750","36,100","35,050","35,655",-250,-0.69,2.51,89.39,0.00,0.00,2.51,89.39,"47,993.96"
1230,24/09/2021,SSB,"35,800","35,950","36,000","36,000","35,750","35,834",200,0.56,1.79,64.14,0.08,2.65,1.87,66.78,"48,329.58"
1231,23/09/2021,SSB,"35,700","35,750","35,800","35,800","35,450","35,604",100,0.28,1.99,71.01,0.00,0.00,1.99,71.01,"48,061.08"
1232,22/09/2021,SSB,"35,700","35,750","35,700","35,800","35,150","35,471",0,0.00,1.90,67.53,0.00,0.00,1.90,67.53,"47,926.83"
1233,21/09/2021,SSB,"36,000","35,600","35,700","35,800","35,500","35,651",-300,-0.83,1.63,58.00,0.00,0.00,1.63,58.00,"47,926.83"
1234,20/09/2021,SSB,"35,950","35,900","36,000","36,100","35,850","35,944",50,0.14,2.19,78.75,0.00,0.00,2.19,78.75,"48,329.58"
1235,17/09/2021,SSB,"35,750","35,750","35,950","35,950","35,600","35,742",200,0.56,2.99,106.73,0.00,0.00,2.99,106.73,"48,262.46"
1236,16/09/2021,SSB,"35,750","35,800","35,750","35,950","35,250","35,661",0,0.00,3.06,109.05,0.00,0.00,3.06,109.05,"47,993.96"
1237,15/09/2021,SSB,"35,600","35,600","35,750","35,750","35,450","35,582",150,0.42,1.99,70.73,0.00,0.00,1.99,70.73,"47,993.96"
1238,14/09/2021,SSB,"35,600","35,600","35,600","35,800","35,450","35,576",0,0.00,2.02,71.83,0.00,0.00,2.02,71.83,"47,792.59"
1239,13/09/2021,SSB,"36,000","35,800","35,600","36,000","35,150","35,655",-400,-1.11,3.34,119.10,0.00,0.00,3.34,119.10,"47,792.59"
1240,10/09/2021,SSB,"36,000","36,000","36,000","36,050","35,650","35,896",0,0.00,2.79,100.19,0.00,0.00,2.79,100.19,"48,329.58"
1241,09/09/2021,SSB,"35,600","35,550","36,000","36,000","35,400","35,582",400,1.12,3.58,127.23,0.00,0.00,3.58,127.23,"48,329.58"
1242,08/09/2021,SSB,"36,000","35,950","35,600","35,950","35,450","35,733",-400,-1.11,3.64,130.19,0.00,0.00,3.64,130.19,"47,792.59"
1243,07/09/2021,SSB,"35,900","35,650","36,000","36,000","35,150","35,769",100,0.28,3.85,137.75,0.00,0.00,3.85,137.75,"48,329.58"
1244,06/09/2021,SSB,"35,900","35,300","35,900","35,950","35,100","35,626",0,0.00,3.04,108.45,0.00,0.00,3.04,108.45,"48,195.33"
1245,01/09/2021,SSB,"36,000","36,000","35,900","36,100","35,100","35,723",-100,-0.28,3.85,137.52,0.00,0.00,3.85,137.52,"48,195.33"
1246,31/08/2021,SSB,"36,000","36,000","36,000","36,100","35,650","35,851",0,0.00,3.01,107.89,0.00,0.00,3.01,107.89,"48,329.58"
1247,30/08/2021,SSB,"35,350","35,400","36,000","36,000","35,200","35,359",650,1.84,3.41,120.43,0.00,0.00,3.41,120.43,"48,329.58"
1248,27/08/2021,SSB,"35,350","35,300","35,350","35,350","34,200","34,899",0,0.00,3.17,110.55,0.00,0.00,3.17,110.55,"47,456.96"
1249,26/08/2021,SSB,"35,700","35,600","35,350","35,750","35,050","35,453",-350,-0.98,3.28,116.21,0.00,0.00,3.28,116.21,"47,456.96"
1250,25/08/2021,SSB,"35,600","35,700","35,700","35,950","35,200","35,504",100,0.28,2.70,95.97,0.00,0.00,2.70,95.97,"47,926.83"
1251,24/08/2021,SSB,"35,300","35,200","35,600","35,600","34,750","35,192",300,0.85,2.17,76.27,0.00,0.00,2.17,76.27,"47,792.59"
1252,23/08/2021,SSB,"35,800","35,600","35,300","35,700","34,950","35,132",-500,-1.40,2.29,80.28,0.00,0.00,2.29,80.28,"47,389.84"
1253,20/08/2021,SSB,"35,900","35,900","35,800","35,900","34,600","35,179",-100,-0.28,1.81,63.83,0.00,0.00,1.81,63.83,"48,061.08"
1254,19/08/2021,SSB,"36,250","36,200","35,900","36,200","35,600","35,872",-350,-0.97,2.06,73.88,0.00,0.00,2.06,73.88,"48,195.33"
1255,18/08/2021,SSB,"36,800","36,250","36,250","36,700","36,000","36,207",-550,-1.49,2.35,85.13,0.00,0.00,2.35,85.13,"48,665.20"
1256,17/08/2021,SSB,"36,600","36,600","36,800","37,500","36,500","36,804",200,0.55,2.52,92.76,0.00,0.00,2.52,92.76,"48,538.77"
1257,16/08/2021,SSB,"36,400","36,300","36,600","36,600","35,500","36,080",200,0.55,3.05,110.03,0.00,0.00,3.05,110.03,"48,274.97"
1258,13/08/2021,SSB,"36,600","36,500","36,400","36,500","35,500","35,991",-200,-0.55,2.63,94.54,0.00,0.00,2.63,94.54,"48,011.18"
1259,12/08/2021,SSB,"36,750","36,700","36,600","36,700","35,500","36,221",-150,-0.41,1.85,67.17,0.00,0.00,1.85,67.17,"48,274.97"
1260,11/08/2021,SSB,"36,900","36,300","36,750","36,950","35,500","36,360",-150,-0.41,2.42,88.00,0.00,0.00,2.42,88.00,"48,472.82"
1261,10/08/2021,SSB,"37,300","37,300","36,900","37,450","36,500","36,940",-400,-1.07,2.71,100.03,0.00,0.00,2.71,100.03,"48,670.67"
1262,09/08/2021,SSB,"37,150","36,800","37,300","37,300","36,450","36,697",150,0.40,1.54,56.61,0.00,0.00,1.54,56.61,"49,198.27"
1263,06/08/2021,SSB,"37,250","37,300","37,150","37,450","36,500","36,977",-100,-0.27,1.45,53.60,0.00,0.00,1.45,53.60,"44,904.85"
1264,05/08/2021,SSB,"37,000","36,950","37,250","37,550","35,800","36,712",250,0.68,3.36,123.38,0.00,0.00,3.36,123.38,"45,025.72"
1265,04/08/2021,SSB,"36,650","36,600","37,000","37,000","36,450","36,699",350,0.95,1.72,63.18,0.00,0.00,1.72,63.18,"44,723.54"
1266,03/08/2021,SSB,"36,400","36,200","36,650","36,650","35,800","36,242",250,0.69,1.49,53.82,0.00,0.00,1.49,53.82,"44,300.48"
1267,02/08/2021,SSB,"36,600","36,000","36,400","36,600","35,000","35,821",-200,-0.55,1.90,67.89,0.00,0.00,1.90,67.89,"43,998.29"
1268,30/07/2021,SSB,"37,000","36,950","36,600","37,200","36,000","36,647",-400,-1.08,2.35,86.18,0.00,0.00,2.35,86.18,"44,240.04"
1269,29/07/2021,SSB,"36,950","36,900","37,000","37,050","36,000","36,633",50,0.14,1.49,54.52,0.00,0.00,1.49,54.52,"44,723.54"
1270,28/07/2021,SSB,"37,200","37,000","36,950","37,150","36,000","36,681",-250,-0.67,1.31,47.99,0.00,0.00,1.31,47.99,"44,663.10"
1271,27/07/2021,SSB,"36,400","36,450","37,200","37,200","35,000","36,023",800,2.20,1.41,50.88,0.00,0.00,1.41,50.88,"44,965.28"
1272,26/07/2021,SSB,"37,550","37,450","36,400","37,450","35,500","36,488","-1,150",-3.06,1.21,44.23,0.00,0.00,1.21,44.23,"43,998.29"
1273,23/07/2021,SSB,"37,550","39,000","37,550","39,000","37,300","37,997",0,0.00,1.46,55.49,0.00,0.00,1.46,55.49,"45,388.35"
1274,22/07/2021,SSB,"39,000","38,900","41,000","41,000","38,200","39,505","2,000",5.13,2.11,83.19,0.00,0.00,2.11,83.19,"49,558.51"
1275,21/07/2021,SSB,"39,050","39,050","39,000","39,200","38,200","38,846",-50,-0.13,1.75,68.13,0.00,0.00,1.75,68.13,"47,141.02"
1276,20/07/2021,SSB,"37,000","37,000","39,050","39,300","35,000","36,677","2,050",5.54,1.74,63.84,0.00,0.00,1.74,63.84,"47,201.46"
1277,19/07/2021,SSB,"39,450","38,900","37,000","38,900","37,000","38,063","-2,450",-6.21,1.59,60.52,0.00,0.00,1.59,60.52,"44,723.54"
1278,16/07/2021,SSB,"40,300","40,300","39,450","41,000","38,950","39,748",-850,-2.11,1.96,78.05,0.00,0.00,1.96,78.05,"47,684.96"
1279,15/07/2021,SSB,"38,200","38,000","40,300","40,400","37,500","38,205","2,100",5.50,1.73,65.91,0.00,0.00,1.73,65.91,"48,712.39"
1280,14/07/2021,SSB,"38,600","38,500","38,200","38,500","37,100","37,978",-400,-1.04,1.80,68.29,0.00,0.00,1.80,68.29,"46,174.03"
1281,13/07/2021,SSB,"38,000","37,500","38,600","38,600","36,300","37,699",600,1.58,1.73,65.31,0.00,0.00,1.73,65.31,"46,657.53"
1282,12/07/2021,SSB,"40,600","40,300","38,000","40,300","37,800","38,477","-2,600",-6.40,1.63,62.53,0.00,0.00,1.63,62.53,"45,932.28"
1283,09/07/2021,SSB,"41,500","41,300","40,600","41,600","40,000","40,911",-900,-2.17,2.82,115.56,0.00,0.00,2.82,115.56,"49,075.01"
1284,08/07/2021,SSB,"41,900","41,800","41,500","41,800","40,500","41,466",-400,-0.95,2.66,110.17,0.00,0.00,2.66,110.17,"50,162.88"
1285,07/07/2021,SSB,"41,700","41,150","41,900","42,000","40,000","40,885",200,0.48,3.39,138.54,0.00,0.00,3.39,138.54,"50,646.38"
1286,06/07/2021,SSB,"42,200","42,200","41,700","42,350","40,300","41,561",-500,-1.18,2.96,122.82,0.00,0.00,2.96,122.82,"50,404.63"
1287,05/07/2021,SSB,"42,400","42,400","42,200","42,400","41,000","41,614",-200,-0.47,2.51,104.31,0.00,0.00,2.51,104.31,"51,009.01"
1288,02/07/2021,SSB,"40,850","40,900","42,400","42,400","39,950","41,127","1,550",3.79,3.29,135.51,0.00,0.00,3.29,135.51,"51,250.75"
1289,01/07/2021,SSB,"41,150","41,150","40,850","41,200","39,300","40,369",-300,-0.73,2.35,94.84,0.00,0.00,2.35,94.84,"49,377.20"
1290,30/06/2021,SSB,"40,950","40,950","41,150","41,350","39,500","40,958",200,0.49,2.20,89.92,0.00,0.00,2.20,89.92,"49,739.82"
1291,29/06/2021,SSB,"40,800","40,800","40,950","41,000","40,700","40,916",150,0.37,2.10,85.91,0.00,0.00,2.10,85.91,"49,498.08"
1292,28/06/2021,SSB,"40,100","39,100","40,800","41,000","38,500","39,639",700,1.75,2.09,82.98,0.00,0.00,2.09,82.98,"49,316.76"
1293,25/06/2021,SSB,"39,750","39,800","40,100","40,100","39,000","39,655",350,0.88,2.11,83.51,0.00,0.00,2.11,83.51,"48,470.64"
1294,24/06/2021,SSB,"39,700","39,700","39,750","39,850","39,000","39,684",50,0.13,2.28,90.34,0.00,0.00,2.28,90.34,"48,047.58"
1295,23/06/2021,SSB,"40,050","39,950","39,700","39,950","39,050","39,505",-350,-0.87,2.07,81.77,0.00,0.00,2.07,81.77,"47,987.15"
1296,22/06/2021,SSB,"40,000","40,000","40,050","40,100","38,900","39,656",50,0.13,2.39,94.77,0.00,0.00,2.39,94.77,"48,410.21"
1297,21/06/2021,SSB,"40,350","40,350","40,000","40,350","39,000","39,527",-350,-0.87,2.22,87.60,0.00,0.00,2.22,87.60,"48,349.77"
1298,18/06/2021,SSB,"39,700","38,000","40,350","40,450","37,000","38,705",650,1.64,2.73,105.85,0.00,0.00,2.73,105.85,"48,772.83"
1299,17/06/2021,SSB,"39,800","39,600","39,700","39,800","37,400","38,393","-1,700",-4.27,1.82,72.40,0.00,0.00,1.82,72.40,"47,987.15"
1300,16/06/2021,SSB,"41,300","41,300","39,800","41,300","38,600","39,433","-1,500",-3.63,1.49,58.74,0.00,0.00,1.49,58.74,"48,108.02"
1301,15/06/2021,SSB,"43,000","42,900","41,300","42,950","40,100","41,487","-1,700",-3.95,2.47,102.34,0.00,0.00,2.47,102.34,"49,921.14"
1302,14/06/2021,SSB,"42,900","42,900","43,000","43,000","41,000","41,917",100,0.23,2.78,116.62,0.00,0.00,2.78,116.62,"51,976.00"
1303,11/06/2021,SSB,"41,300","41,300","42,900","42,900","39,500","41,889","1,600",3.87,2.59,108.46,0.00,0.00,2.59,108.46,"51,855.13"
1304,10/06/2021,SSB,"40,200","40,700","41,300","42,600","37,500","39,859","1,100",2.74,3.34,133.05,0.00,0.00,3.34,133.05,"49,921.14"
1305,09/06/2021,SSB,"43,000","40,500","40,200","43,200","40,150","41,434","-2,800",-6.51,2.64,109.46,0.00,0.00,2.64,109.46,"48,591.52"
1306,08/06/2021,SSB,"43,500","41,500","43,000","43,000","40,600","41,603",-500,-1.15,2.45,101.93,0.00,0.00,2.45,101.93,"51,976.00"
1307,07/06/2021,SSB,"45,500","45,500","43,500","45,500","42,400","42,992","-2,000",-4.40,1.59,68.56,0.00,0.00,1.59,68.56,"52,580.37"
1308,04/06/2021,SSB,"43,000","43,400","45,500","45,500","40,100","41,860","2,500",5.81,4.45,186.07,0.00,0.00,4.45,186.07,"54,997.86"
1309,03/06/2021,SSB,"41,500","41,600","43,000","43,000","39,050","41,014","1,500",3.61,2.79,114.61,0.00,0.00,2.79,114.61,"51,976.00"
1310,02/06/2021,SSB,"40,900","40,700","41,500","41,500","38,900","40,200",600,1.47,1.82,73.04,0.00,0.00,1.82,73.04,"50,162.88"
1311,01/06/2021,SSB,"40,800","40,850","40,900","41,900","39,000","40,392",100,0.25,1.73,70.02,0.00,0.00,1.73,70.02,"49,437.64"
1312,31/05/2021,SSB,"39,000","39,000","40,800","40,800","38,000","39,121","1,800",4.62,1.83,71.69,0.00,0.00,1.83,71.69,"49,316.76"
1313,28/05/2021,SSB,"37,050","37,000","39,000","39,000","35,500","36,943","1,950",5.26,2.01,74.11,0.00,0.00,2.01,74.11,"47,141.02"
1314,27/05/2021,SSB,"37,200","37,300","37,050","37,350","35,050","36,161",-150,-0.40,2.08,75.12,0.00,0.00,2.08,75.12,"44,783.97"
1315,26/05/2021,SSB,"34,850","34,900","37,200","37,200","33,500","34,921","2,350",6.74,2.72,95.00,0.00,0.00,2.72,95.00,"44,965.28"
1316,25/05/2021,SSB,"32,600","32,950","34,850","34,850","30,500","32,184","2,250",6.90,3.73,119.91,0.00,0.00,3.73,119.91,"42,124.74"
1317,24/05/2021,SSB,"32,000","32,000","32,600","32,600","30,500","31,871",600,1.88,2.72,86.58,0.00,0.00,2.72,86.58,"39,405.06"
1318,21/05/2021,SSB,"31,750","31,750","32,000","32,000","30,350","31,662",250,0.79,4.27,135.28,0.00,0.00,4.27,135.28,"38,679.81"
1319,20/05/2021,SSB,"31,750","31,950","31,750","31,950","29,600","31,154",0,0.00,4.03,125.57,0.00,0.00,4.03,125.57,"38,377.63"
1320,19/05/2021,SSB,"31,500","31,500","31,750","31,950","29,500","31,090",250,0.79,3.51,109.14,0.00,0.00,3.51,109.14,"38,377.63"
1321,18/05/2021,SSB,"31,450","32,100","31,500","32,100","31,400","31,574",50,0.16,3.10,97.77,0.00,0.00,3.10,97.77,"38,075.44"
1322,17/05/2021,SSB,"30,250","30,300","31,450","32,000","30,300","31,578","1,200",3.97,3.15,99.31,0.00,0.00,3.15,99.31,"38,015.01"
1323,14/05/2021,SSB,"28,300","28,500","30,250","30,250","27,500","28,906","1,950",6.89,3.10,89.62,0.00,0.00,3.10,89.62,"36,564.51"
1324,13/05/2021,SSB,"28,000","28,000","28,300","28,500","27,100","28,030",300,1.07,2.07,58.00,0.00,0.00,2.07,58.00,"34,207.46"
1325,12/05/2021,SSB,"28,000","28,000","28,000","28,000","27,700","27,904",0,0.00,1.43,39.89,0.00,0.00,1.43,39.89,"33,844.84"
1326,11/05/2021,SSB,"28,000","28,300","28,000","28,300","27,700","27,937",0,0.00,0.94,26.33,0.00,0.00,0.94,26.33,"33,844.84"
1327,10/05/2021,SSB,"27,500","27,500","28,000","28,000","27,000","27,453",500,1.82,1.64,44.98,0.00,0.00,1.64,44.98,"33,844.84"
1328,07/05/2021,SSB,"27,350","27,500","27,500","27,700","27,000","27,389",150,0.55,1.12,30.73,0.00,0.00,1.12,30.73,"33,240.47"
1329,06/05/2021,SSB,"26,450","26,450","27,350","28,300","26,300","26,730",900,3.40,1.08,28.84,0.00,0.00,1.08,28.84,"33,059.15"
1330,05/05/2021,SSB,"26,400","26,400","26,450","26,500","26,100","26,402",50,0.19,0.65,17.10,0.00,0.00,0.65,17.10,"31,971.28"
1331,04/05/2021,SSB,"26,850","26,050","26,400","26,500","26,050","26,361",-450,-1.68,1.06,27.82,0.07,1.77,1.13,29.59,"31,910.85"
1332,29/04/2021,SSB,"26,800","26,100","26,850","26,950","26,100","26,759",50,0.19,1.20,32.11,0.00,0.00,1.20,32.11,"32,454.78"
1333,28/04/2021,SSB,"26,900","26,800","26,800","26,950","26,000","26,588",-100,-0.37,0.85,22.51,0.00,0.00,0.85,22.51,"32,394.34"
1334,27/04/2021,SSB,"26,800","25,100","26,900","26,900","25,100","26,389",100,0.37,0.71,18.61,0.00,0.00,0.71,18.61,"32,515.22"
1335,26/04/2021,SSB,"26,100","27,000","26,800","27,200","26,350","26,671",700,2.68,0.58,15.42,0.00,0.00,0.58,15.42,"32,394.34"
1336,23/04/2021,SSB,"27,500","27,500","26,100","27,500","26,100","26,904","-1,400",-5.09,0.85,22.97,0.00,0.00,0.85,22.97,"31,548.22"
1337,22/04/2021,SSB,"27,500","27,300","27,500","27,500","26,800","27,202",0,0.00,0.73,19.83,0.00,0.00,0.73,19.83,"33,240.47"
1338,20/04/2021,SSB,"27,500","27,600","27,500","27,600","27,400","27,517",0,0.00,1.47,40.32,0.00,0.00,1.47,40.32,"33,240.47"
1339,19/04/2021,SSB,"27,300","27,350","27,500","27,500","27,100","27,345",200,0.73,0.89,24.25,0.00,0.00,0.89,24.25,"33,240.47"
1340,16/04/2021,SSB,"27,000","27,000","27,300","27,300","26,500","26,838",300,1.11,0.57,15.42,0.00,0.00,0.57,15.42,"32,998.72"
1341,15/04/2021,SSB,"26,800","26,400","27,000","27,000","25,500","26,352",200,0.75,1.41,37.14,0.00,0.00,1.41,37.14,"32,636.09"
1342,14/04/2021,SSB,"27,300","27,000","26,800","27,250","26,800","26,994",-500,-1.83,0.58,15.65,0.00,0.00,0.58,15.65,"32,394.34"
1343,13/04/2021,SSB,"27,700","27,100","27,300","27,500","27,100","27,258",-400,-1.44,0.43,11.82,0.00,0.00,0.43,11.82,"32,998.72"
1344,12/04/2021,SSB,"27,700","27,300","27,700","27,700","27,000","27,275",0,0.00,0.85,23.10,0.00,0.00,0.85,23.10,"33,482.21"
1345,09/04/2021,SSB,"27,600","27,000","27,700","27,700","27,000","27,481",100,0.36,0.96,26.27,0.00,0.00,0.96,26.27,"33,482.21"
1346,08/04/2021,SSB,"28,000","27,800","27,600","27,800","27,500","27,690",-400,-1.43,0.91,25.23,0.00,0.00,0.91,25.23,"33,361.34"
1347,07/04/2021,SSB,"28,000","28,000","28,000","28,000","27,500","27,866",0,0.00,1.21,33.67,0.00,0.00,1.21,33.67,"33,844.84"
1348,06/04/2021,SSB,"28,100","28,000","28,000","28,000","27,300","27,758",-100,-0.36,1.88,52.23,0.00,0.00,1.88,52.23,"33,844.84"
1349,05/04/2021,SSB,"28,250","28,050","28,100","28,150","27,400","27,902",-150,-0.53,1.56,43.64,0.00,0.00,1.56,43.64,"33,965.71"
1350,02/04/2021,SSB,"28,200","27,700","28,250","28,250","27,700","28,097",50,0.18,2.99,84.03,0.00,0.00,2.99,84.03,"34,147.02"
1351,01/04/2021,SSB,"28,150","28,100","28,200","28,200","27,100","27,869",50,0.18,3.79,105.72,0.00,0.00,3.79,105.72,"34,086.59"
1352,31/03/2021,SSB,"26,350","28,150","28,150","28,150","27,200","27,974","1,800",6.83,4.14,115.78,0.00,0.00,4.14,115.78,"34,026.15"
1353,30/03/2021,SSB,"24,650","26,350","26,350","26,350","26,250","26,348","1,700",6.90,1.90,49.96,0.22,5.73,2.12,55.69,"31,850.41"
1354,29/03/2021,SSB,"23,050","24,650","24,650","24,650","24,000","24,614","1,600",6.94,3.99,98.26,0.25,6.16,4.24,104.43,"29,795.54"
1355,26/03/2021,SSB,"21,550","23,050","23,050","23,050","23,050","23,050","1,500",6.96,1.08,24.86,0.00,0.00,1.08,24.86,"27,861.55"
1356,25/03/2021,SSB,"20,150","21,550","21,550","21,550","21,550","21,550","1,400",6.95,1.46,31.55,0.14,2.54,1.60,34.09,"26,048.44"
1357,24/03/2021,SSB,"16,800","20,150","20,150","20,150","20,150","20,150","3,350",19.94,6.01,121.05,0.00,0.00,6.01,121.05,"24,356.20"
