No,Date,Ticker,Reference,Open_price,Close_price,Highest_price,Lowest_price,Average,Change,Change_percent,Matched_volume,Matched_value,Negotiated_volume,Negotiated_value,Total_volume,Total_value,Market_cap
1,28/08/2026,SSI,"21,400","21,300","21,350","21,600","21,300","21,418",-50,-0.23,20.30,434.76,0.00,0.00,20.30,434.76,"53,398.44"
2,27/08/2026,SSI,"21,650","21,750","21,400","21,750","21,350","21,480",-250,-1.15,15.96,342.81,6.25,136.28,22.21,479.09,"53,523.49"
3,26/08/2026,SSI,"21,250","21,100","21,650","21,650","21,100","21,440",400,1.88,27.95,599.59,0.00,0.00,27.95,599.59,"54,148.77"
4,25/08/2026,SSI,"21,250","21,250","21,250","21,500","21,100","21,285",0,0.00,30.66,652.51,6.00,122.38,36.66,774.89,"53,148.33"
5,24/08/2026,SSI,"20,750","21,400","21,250","21,600","21,100","21,308",500,2.41,32.45,691.69,0.90,19.80,33.35,711.49,"53,148.33"
6,21/08/2026,SSI,"19,400","19,700","20,750","20,750","19,650","20,306","1,350",6.96,38.71,785.58,7.48,151.89,46.19,937.47,"51,897.78"
7,20/08/2026,SSI,"19,400","19,600","19,400","19,700","19,400","19,535",0,0.00,11.04,215.68,1.50,30.51,12.54,246.19,"48,521.30"
8,19/08/2026,SSI,"19,500","19,500","19,400","19,600","19,200","19,349",-100,-0.51,11.09,214.52,5.96,121.06,17.04,335.59,"48,521.30"
9,18/08/2026,SSI,"19,800","19,800","19,500","19,900","19,300","19,633",-300,-1.52,15.28,299.68,1.50,30.75,16.78,330.43,"48,771.41"
10,17/08/2026,SSI,"19,600","19,800","19,800","20,100","19,700","19,894",200,1.02,18.21,362.41,5.36,109.81,23.57,472.22,"49,521.74"
11,14/08/2026,SSI,"25,000","24,950","24,500","24,950","24,300","24,652",-500,-2.00,34.02,838.23,0.24,6.10,34.26,844.33,"61,276.89"
12,13/08/2026,SSI,"25,300","25,300","25,000","25,500","25,000","25,216",-300,-1.19,28.04,706.72,8.02,203.63,36.05,910.35,"62,527.44"
13,12/08/2026,SSI,"25,150","25,150","25,300","25,350","25,000","25,225",150,0.60,15.73,396.88,0.00,0.00,15.73,396.88,"63,277.77"
14,11/08/2026,SSI,"25,100","25,150","25,150","25,400","25,000","25,228",50,0.20,22.67,572.24,8.02,204.61,30.68,776.85,"62,902.61"
15,10/08/2026,SSI,"24,450","24,650","25,100","25,250","24,600","25,002",650,2.66,20.35,508.85,0.28,6.48,20.64,515.33,"62,777.55"
16,07/08/2026,SSI,"24,300","24,250","24,450","24,650","24,200","24,485",150,0.62,13.29,325.39,2.08,48.30,15.37,373.69,"61,151.84"
17,06/08/2026,SSI,"24,400","24,400","24,300","24,650","24,000","24,329",-100,-0.41,14.73,358.41,0.00,0.00,14.73,358.41,"60,776.68"
18,05/08/2026,SSI,"24,550","24,850","24,400","24,850","24,350","24,575",-150,-0.61,16.49,405.35,0.47,12.09,16.96,417.44,"61,026.79"
19,04/08/2026,SSI,"24,550","24,600","24,550","24,700","24,300","24,485",0,0.00,14.13,346.01,0.68,17.25,14.81,363.27,"61,401.95"
20,03/08/2026,SSI,"23,550","23,800","24,550","24,800","23,750","24,389","1,000",4.25,24.34,593.97,3.70,92.77,28.04,686.74,"61,401.95"
21,31/07/2026,SSI,"24,000","24,100","23,550","24,100","23,500","23,757",-450,-1.88,17.84,424.05,0.51,12.68,18.35,436.73,"58,900.85"
22,30/07/2026,SSI,"23,250","23,350","24,000","24,300","23,200","23,845",750,3.23,29.02,692.09,3.34,79.41,32.35,771.49,"60,026.35"
23,29/07/2026,SSI,"23,000","23,300","23,250","23,550","23,000","23,209",250,1.09,18.81,436.78,2.03,43.68,20.84,480.46,"58,150.52"
24,28/07/2026,SSI,"22,000","21,800","23,000","23,300","21,700","22,659","1,000",4.55,30.41,688.84,0.03,0.64,30.44,689.49,"57,525.25"
25,27/07/2026,SSI,"22,800","23,050","22,000","23,150","22,000","22,739",-800,-3.51,16.50,374.91,1.79,40.49,18.29,415.40,"55,024.15"
26,24/07/2026,SSI,"23,550","23,150","22,800","23,300","22,800","23,056",-750,-3.18,17.65,407.00,0.00,0.00,17.65,407.00,"57,025.03"
27,23/07/2026,SSI,"22,650","22,550","23,550","24,000","22,200","23,149",900,3.97,29.88,691.49,0.20,4.80,30.08,696.29,"58,900.85"
28,22/07/2026,SSI,"23,200","23,250","22,650","23,650","22,400","22,807",-550,-2.37,34.75,792.71,0.30,7.44,35.05,800.15,"56,649.86"
29,21/07/2026,SSI,"22,700","22,600","23,200","23,700","22,600","23,210",500,2.20,23.00,533.85,0.00,0.00,23.00,533.85,"58,025.47"
30,20/07/2026,SSI,"24,250","23,900","22,700","24,050","22,700","23,200","-1,550",-6.39,36.25,837.88,0.26,5.90,36.51,843.78,"56,774.92"
31,17/07/2026,SSI,"25,000","25,000","24,250","25,000","24,250","24,549",-750,-3.00,11.59,284.34,0.00,0.00,11.59,284.34,"60,651.62"
32,16/07/2026,SSI,"24,700","24,500","25,000","25,000","23,700","24,238",300,1.21,34.76,841.80,0.00,0.00,34.76,841.80,"62,527.44"
33,15/07/2026,SSI,"25,550","25,450","24,700","25,750","24,700","25,189",-850,-3.33,19.92,500.98,0.00,0.00,19.92,500.98,"61,777.11"
34,14/07/2026,SSI,"25,650","25,250","25,550","25,850","25,000","25,578",-100,-0.39,17.96,456.49,0.10,2.39,18.06,458.88,"63,903.05"
35,13/07/2026,SSI,"26,550","26,500","25,650","26,500","25,100","25,808",-900,-3.39,35.13,906.04,0.00,0.00,35.13,906.04,"64,153.16"
36,10/07/2026,SSI,"26,950","27,000","26,550","27,050","26,500","26,681",-400,-1.48,15.21,405.65,6.45,175.99,21.66,581.64,"66,404.15"
37,09/07/2026,SSI,"27,200","27,100","26,950","27,250","26,800","26,993",-250,-0.92,10.59,285.88,0.62,15.84,11.21,301.72,"67,404.58"
38,08/07/2026,SSI,"27,150","27,150","27,200","27,800","27,100","27,495",50,0.18,21.90,602.27,2.00,54.30,23.90,656.57,"68,029.86"
39,07/07/2026,SSI,"26,750","26,750","27,150","27,150","26,450","26,741",400,1.50,15.26,408.63,4.30,117.91,19.56,526.54,"67,904.80"
40,06/07/2026,SSI,"27,350","27,500","26,750","27,700","26,300","27,087",-600,-2.19,18.22,493.22,0.00,0.00,18.22,493.22,"66,904.36"
41,03/07/2026,SSI,"27,100","27,250","27,350","27,500","26,950","27,255",250,0.92,20.10,548.19,0.00,0.00,20.10,548.19,"68,405.02"
42,02/07/2026,SSI,"27,200","27,250","27,100","27,500","27,100","27,273",-100,-0.37,13.09,356.98,7.45,204.26,20.54,561.24,"67,508.75"
43,01/07/2026,SSI,"26,750","26,800","27,200","27,300","26,750","27,091",450,1.68,11.58,313.55,0.13,3.62,11.70,317.17,"67,757.86"
44,30/06/2026,SSI,"26,600","26,650","26,750","27,150","26,600","26,950",150,0.56,14.72,396.66,7.45,204.88,22.17,601.54,"66,636.86"
45,29/06/2026,SSI,"26,400","26,500","26,600","26,750","26,500","26,608",200,0.76,7.30,194.21,0.13,3.59,7.43,197.80,"66,263.20"
46,26/06/2026,SSI,"26,500","26,500","26,400","26,600","26,250","26,416",-100,-0.38,9.39,248.07,0.00,0.00,9.39,248.07,"65,764.98"
47,25/06/2026,SSI,"26,700","26,800","26,500","26,850","26,500","26,594",-200,-0.75,10.26,272.94,0.60,16.20,10.86,289.14,"66,014.09"
48,24/06/2026,SSI,"26,850","26,900","26,700","26,950","26,550","26,714",-150,-0.56,10.24,273.79,1.79,48.22,12.03,322.01,"66,512.31"
49,23/06/2026,SSI,"27,200","27,250","26,850","27,450","26,850","27,167",-350,-1.29,16.48,447.99,0.00,0.00,16.48,447.99,"66,885.97"
50,22/06/2026,SSI,"27,150","27,200","27,200","27,450","26,900","27,161",50,0.18,9.67,262.63,0.52,14.07,10.19,276.70,"67,757.86"
51,19/06/2026,SSI,"27,500","27,500","27,150","27,650","27,150","27,405",-350,-1.27,13.63,373.15,0.15,4.45,13.78,377.59,"67,633.30"
52,18/06/2026,SSI,"27,700","27,700","27,500","28,000","27,500","27,709",-200,-0.72,12.75,353.40,0.00,0.00,12.75,353.40,"68,505.19"
53,17/06/2026,SSI,"27,600","27,650","27,700","27,900","27,450","27,694",100,0.36,15.14,419.12,0.00,0.00,15.14,419.12,"69,003.41"
54,16/06/2026,SSI,"27,050","27,200","27,600","27,800","27,050","27,476",550,2.03,23.19,637.08,0.00,0.00,23.19,637.08,"68,754.30"
55,15/06/2026,SSI,"26,150","26,700","27,050","27,200","26,600","26,992",900,3.44,24.10,650.40,0.33,8.94,24.43,659.33,"67,384.19"
56,12/06/2026,SSI,"26,300","26,700","26,150","26,800","26,150","26,365",-150,-0.57,14.20,374.72,0.00,0.00,14.20,374.72,"65,142.21"
57,11/06/2026,SSI,"26,550","26,400","26,300","26,550","26,300","26,392",-250,-0.94,7.45,196.59,0.00,0.00,7.45,196.59,"65,515.87"
58,10/06/2026,SSI,"26,500","26,500","26,550","26,750","26,350","26,525",50,0.19,9.11,241.70,0.97,26.19,10.08,267.89,"66,138.65"
59,09/06/2026,SSI,"26,350","26,400","26,500","26,800","26,250","26,519",150,0.57,11.33,300.50,0.00,0.00,11.33,300.50,"66,014.09"
60,08/06/2026,SSI,"27,000","26,800","26,350","26,850","26,350","26,578",-650,-2.41,19.03,505.83,1.57,42.39,20.60,548.22,"65,640.43"
61,05/06/2026,SSI,"27,100","27,150","27,000","27,250","26,900","27,068",-100,-0.37,9.21,249.26,0.00,0.00,9.21,249.26,"67,259.64"
62,04/06/2026,SSI,"27,300","27,350","27,100","27,400","27,000","27,154",-200,-0.73,10.18,276.24,0.00,0.00,10.18,276.24,"67,508.75"
63,03/06/2026,SSI,"27,000","27,000","27,300","27,550","26,900","27,228",300,1.11,14.77,401.73,0.33,8.77,15.10,410.50,"68,006.97"
64,02/06/2026,SSI,"27,450","27,450","27,000","27,700","26,950","27,216",-450,-1.64,16.94,460.78,0.65,16.61,17.59,477.38,"67,259.64"
65,01/06/2026,SSI,"27,500","27,500","27,450","27,950","27,350","27,607",-50,-0.18,11.69,322.57,0.15,4.28,11.84,326.85,"68,380.63"
66,29/05/2026,SSI,"27,550","27,600","27,500","28,000","27,450","27,687",-50,-0.18,11.72,324.61,0.00,0.00,11.72,324.61,"68,505.19"
67,28/05/2026,SSI,"27,900","27,900","27,550","28,200","27,550","27,880",-350,-1.25,15.08,420.78,0.10,2.60,15.18,423.38,"68,629.74"
68,27/05/2026,SSI,"28,000","28,100","27,900","28,200","27,850","27,980",-100,-0.36,10.10,282.62,2.30,63.14,12.40,345.76,"69,501.63"
69,26/05/2026,SSI,"27,450","27,400","28,000","28,100","27,400","27,843",550,2.00,19.10,532.05,0.02,0.61,19.12,532.67,"69,750.74"
70,25/05/2026,SSI,"27,550","27,750","27,450","27,850","27,450","27,596",-100,-0.36,8.01,220.87,2.40,65.60,10.41,286.46,"68,380.63"
71,22/05/2026,SSI,"27,100","27,150","27,550","27,950","26,800","27,366",450,1.66,23.55,645.28,0.00,0.00,23.55,645.28,"68,629.74"
72,21/05/2026,SSI,"27,250","27,400","27,100","27,550","27,050","27,268",-150,-0.55,16.61,452.78,0.00,0.00,16.61,452.78,"67,508.75"
73,20/05/2026,SSI,"27,800","27,800","27,250","27,900","26,500","27,212",-550,-1.98,24.52,666.57,0.00,0.00,24.52,666.57,"67,882.41"
74,19/05/2026,SSI,"28,150","28,300","27,800","28,750","27,650","28,214",-350,-1.24,38.48,"1,086.84",0.00,0.00,38.48,"1,086.84","69,252.52"
75,18/05/2026,SSI,"27,900","27,800","28,150","28,250","27,650","27,920",250,0.90,14.83,414.46,0.00,0.00,14.83,414.46,"70,124.40"
76,15/05/2026,SSI,"28,100","28,200","27,900","28,350","27,850","28,059",-200,-0.71,13.00,365.04,0.00,0.00,13.00,365.04,"69,501.63"
77,14/05/2026,SSI,"27,800","27,800","28,100","28,150","27,800","27,980",300,1.08,11.59,324.31,0.07,1.83,11.65,326.13,"69,999.85"
78,13/05/2026,SSI,"28,050","28,250","27,800","28,350","27,650","27,954",-250,-0.89,19.13,534.95,0.10,2.91,19.23,537.86,"69,252.52"
79,12/05/2026,SSI,"28,300","28,300","28,050","28,400","28,050","28,210",-250,-0.88,12.40,349.68,0.00,0.00,12.40,349.68,"69,875.29"
80,11/05/2026,SSI,"28,300","28,450","28,300","28,800","28,250","28,498",0,0.00,23.12,658.67,0.10,3.03,23.22,661.69,"70,498.07"
81,08/05/2026,SSI,"28,350","28,350","28,300","28,600","28,200","28,368",-50,-0.18,14.97,424.60,0.00,0.00,14.97,424.60,"70,498.07"
82,07/05/2026,SSI,"28,500","28,750","28,350","28,800","28,300","28,488",-150,-0.53,19.10,543.89,0.00,0.00,19.10,543.89,"70,622.62"
83,06/05/2026,SSI,"27,300","27,550","28,500","28,700","27,450","28,195","1,200",4.40,27.73,781.64,0.00,0.00,27.73,781.64,"70,996.29"
84,05/05/2026,SSI,"27,700","27,600","27,300","27,750","27,300","27,423",-400,-1.44,14.28,391.76,0.40,11.20,14.68,402.96,"68,006.97"
85,04/05/2026,SSI,"27,650","27,850","27,700","28,150","27,700","27,876",50,0.18,12.74,355.05,0.00,0.00,12.74,355.05,"69,003.41"
86,29/04/2026,SSI,"27,650","27,700","27,650","27,900","27,650","27,726",0,0.00,12.24,339.36,0.00,0.00,12.24,339.36,"68,878.85"
87,28/04/2026,SSI,"27,700","27,800","27,650","28,050","27,650","27,822",-50,-0.18,10.75,299.04,0.00,0.00,10.75,299.04,"68,878.85"
88,24/04/2026,SSI,"27,950","27,900","27,700","28,000","27,550","27,738",-250,-0.89,10.87,301.42,0.46,12.77,11.32,314.19,"69,003.41"
89,23/04/2026,SSI,"28,150","28,200","27,950","28,500","27,550","28,044",-200,-0.71,22.08,620.00,0.00,0.00,22.08,620.00,"69,626.18"
90,22/04/2026,SSI,"28,300","28,400","28,150","28,450","28,100","28,212",-150,-0.53,14.75,416.12,0.00,0.00,14.75,416.12,"70,124.40"
91,21/04/2026,SSI,"28,950","29,000","28,300","29,100","28,300","28,642",-650,-2.25,21.65,619.50,0.00,0.00,21.65,619.50,"70,498.07"
92,20/04/2026,SSI,"28,550","28,600","28,950","29,200","28,600","28,951",400,1.40,23.63,684.59,0.00,0.00,23.63,684.59,"72,117.28"
93,17/04/2026,SSI,"28,850","28,850","28,550","29,150","28,550","28,834",-300,-1.04,18.59,536.03,0.02,0.58,18.61,536.61,"71,120.84"
94,16/04/2026,SSI,"28,700","28,700","28,850","29,100","28,550","28,842",150,0.52,26.29,758.48,0.05,1.34,26.34,759.82,"71,868.17"
95,15/04/2026,SSI,"28,700","29,000","28,700","29,150","28,700","28,914",0,0.00,24.45,706.57,1.07,30.05,25.52,736.62,"71,494.51"
96,14/04/2026,SSI,"28,400","28,800","28,700","29,100","28,450","28,639",300,1.06,19.86,569.04,0.37,10.61,20.23,579.65,"71,494.51"
97,13/04/2026,SSI,"28,600","28,200","28,400","28,750","28,100","28,423",-200,-0.70,21.82,620.23,0.10,2.88,21.92,623.11,"70,747.18"
98,10/04/2026,SSI,"28,750","29,100","28,600","29,150","28,600","28,863",-150,-0.52,23.55,679.93,0.02,0.57,23.57,680.50,"71,245.40"
99,09/04/2026,SSI,"29,400","28,950","28,750","29,250","28,750","28,969",-650,-2.21,28.82,834.97,0.51,15.84,29.32,850.81,"71,619.06"
100,08/04/2026,SSI,"27,500","28,700","29,400","29,400","28,500","29,004","1,900",6.91,65.78,"1,906.84",0.15,4.07,65.93,"1,910.91","73,238.27"
101,07/04/2026,SSI,"26,950","27,150","27,500","27,500","26,750","27,069",550,2.04,18.14,491.44,0.07,1.83,18.20,493.27,"68,505.19"
102,06/04/2026,SSI,"27,000","26,900","26,950","27,500","26,850","27,181",-50,-0.19,17.57,477.61,0.13,3.53,17.70,481.14,"67,135.08"
103,03/04/2026,SSI,"27,550","27,700","27,000","27,800","27,000","27,303",-550,-2.00,27.13,740.93,0.05,1.24,27.18,742.18,"67,259.64"
104,02/04/2026,SSI,"27,900","27,650","27,550","27,950","27,350","27,589",-350,-1.25,25.17,694.44,1.02,28.13,26.19,722.57,"68,629.74"
105,01/04/2026,SSI,"26,950","27,700","27,900","28,500","27,600","28,012",950,3.53,40.30,"1,128.60",0.02,0.58,40.32,"1,129.17","69,501.63"
106,31/03/2026,SSI,"26,550","26,700","26,950","27,300","26,550","27,057",400,1.51,34.45,931.62,0.09,2.48,34.54,934.10,"67,135.08"
107,30/03/2026,SSI,"27,050","26,350","26,550","26,900","26,000","26,396",-500,-1.85,25.94,685.54,0.00,0.00,25.94,685.54,"66,138.65"
108,27/03/2026,SSI,"26,350","26,350","27,050","27,200","26,350","26,795",700,2.66,23.31,624.78,0.27,7.26,23.58,632.04,"67,384.19"
109,26/03/2026,SSI,"26,850","26,850","26,350","26,850","26,350","26,545",-500,-1.86,23.40,621.17,0.00,0.00,23.40,621.17,"65,640.43"
110,25/03/2026,SSI,"25,900","26,400","26,850","27,250","26,300","26,820",950,3.67,30.40,815.34,0.29,7.74,30.69,823.09,"66,885.97"
111,24/03/2026,SSI,"25,400","26,250","25,900","26,500","25,850","26,137",500,1.97,28.15,735.56,1.50,39.00,29.65,774.56,"64,519.43"
112,23/03/2026,SSI,"26,950","26,100","25,400","26,350","25,200","25,689","-1,550",-5.75,50.94,"1,306.77",0.00,0.00,50.94,"1,306.77","63,273.88"
113,20/03/2026,SSI,"27,000","26,800","26,950","27,300","26,650","26,977",-50,-0.19,34.79,938.19,0.03,0.93,34.82,939.13,"67,135.08"
114,19/03/2026,SSI,"28,000","27,400","27,000","27,600","26,600","27,102","-1,000",-3.57,60.36,"1,635.09",0.02,0.58,60.38,"1,635.67","67,259.64"
115,18/03/2026,SSI,"28,650","28,800","28,000","28,900","27,700","28,202",-650,-2.27,42.49,"1,197.28",0.09,2.66,42.58,"1,199.94","69,750.74"
116,17/03/2026,SSI,"28,400","28,800","28,650","29,450","28,650","29,043",250,0.88,29.27,850.14,0.00,0.00,29.27,850.14,"71,369.95"
117,16/03/2026,SSI,"28,400","28,450","28,400","29,250","28,300","28,571",0,0.00,26.04,744.13,0.18,5.18,26.22,749.31,"70,747.18"
118,13/03/2026,SSI,"29,150","28,750","28,400","29,200","28,200","28,621",-750,-2.57,54.94,"1,572.55",0.50,14.58,55.44,"1,587.13","70,747.18"
119,12/03/2026,SSI,"30,250","29,700","29,150","30,100","28,900","29,425","-1,100",-3.64,44.11,"1,297.35",0.00,0.00,44.11,"1,297.35","72,615.50"
120,11/03/2026,SSI,"29,650","29,800","30,250","30,800","29,400","30,114",600,2.02,39.07,"1,176.52",0.02,0.63,39.09,"1,177.16","75,355.71"
121,10/03/2026,SSI,"29,300","30,000","29,650","30,500","29,000","29,690",350,1.19,81.04,"2,406.65",0.00,0.00,81.04,"2,406.65","73,861.05"
122,09/03/2026,SSI,"31,500","29,300","29,300","29,450","29,300","29,302","-2,200",-6.98,33.53,982.49,0.05,1.47,33.58,983.95,"72,989.16"
123,06/03/2026,SSI,"33,500","33,100","31,500","33,200","31,500","32,282","-2,000",-5.97,70.60,"2,279.96",0.19,6.18,70.80,"2,286.14","78,469.58"
124,05/03/2026,SSI,"33,700","34,300","33,500","35,000","33,500","34,266",-200,-0.59,83.99,"2,877.19",0.62,20.94,84.61,"2,898.13","83,451.77"
125,04/03/2026,SSI,"32,600","32,550","33,700","33,700","31,500","32,420","1,100",3.37,92.51,"3,002.91",0.34,11.19,92.86,"3,014.10","83,949.99"
126,03/03/2026,SSI,"31,850","32,100","32,600","33,550","32,000","32,840",750,2.35,70.79,"2,322.77",0.00,0.00,70.79,"2,322.77","81,209.79"
127,02/03/2026,SSI,"32,400","31,500","31,850","32,800","31,300","32,079",-550,-1.70,72.56,"2,327.21",0.02,0.64,72.58,"2,327.85","79,341.46"
128,27/02/2026,SSI,"32,400","32,500","32,400","32,950","32,100","32,579",0,0.00,37.30,"1,215.22",0.06,1.92,37.36,"1,217.14","80,711.57"
129,26/02/2026,SSI,"32,150","32,300","32,400","32,700","32,000","32,336",250,0.78,30.43,984.31,0.00,0.00,30.43,984.31,"80,711.57"
130,25/02/2026,SSI,"32,100","32,000","32,150","32,700","31,800","32,165",50,0.16,42.66,"1,372.34",0.30,10.29,42.96,"1,382.63","80,088.79"
131,24/02/2026,SSI,"31,600","31,500","32,100","32,800","31,250","32,213",500,1.58,46.48,"1,497.43",0.16,5.15,46.64,"1,502.58","79,964.24"
132,23/02/2026,SSI,"31,400","31,600","31,600","31,850","31,300","31,616",200,0.64,16.67,526.99,0.00,0.00,16.67,526.99,"78,718.69"
133,13/02/2026,SSI,"31,250","31,100","31,400","31,550","30,900","31,243",150,0.48,19.53,610.58,0.00,0.00,19.53,610.58,"78,220.47"
134,12/02/2026,SSI,"31,200","31,250","31,250","31,500","31,050","31,257",50,0.16,11.76,367.64,0.00,0.00,11.76,367.64,"77,846.80"
135,11/02/2026,SSI,"29,950","30,150","31,200","31,200","30,100","30,906","1,250",4.17,22.74,702.76,0.00,0.00,22.74,702.76,"77,722.25"
136,10/02/2026,SSI,"29,600","29,600","29,950","30,000","29,500","29,709",350,1.18,19.13,568.52,0.04,1.16,19.17,569.68,"74,608.38"
137,09/02/2026,SSI,"29,900","30,250","29,600","30,350","29,600","29,879",-300,-1.00,14.65,437.65,0.00,0.00,14.65,437.65,"73,736.49"
138,06/02/2026,SSI,"31,000","30,700","29,900","31,000","29,900","30,389","-1,100",-3.55,37.36,"1,135.39",0.05,1.51,37.40,"1,136.90","74,483.82"
139,05/02/2026,SSI,"31,550","31,700","31,000","31,900","31,000","31,382",-550,-1.74,15.20,476.74,0.00,0.00,15.20,476.74,"77,224.03"
140,04/02/2026,SSI,"30,900","31,400","31,550","32,500","31,350","31,902",650,2.10,32.38,"1,033.00",1.59,50.29,33.98,"1,083.29","78,594.13"
141,03/02/2026,SSI,"30,800","31,000","30,900","31,500","30,900","31,202",100,0.32,27.63,862.43,0.12,3.81,27.75,866.23,"64,145.77"
142,02/02/2026,SSI,"31,150","31,150","30,800","31,150","30,600","30,813",-350,-1.12,20.34,626.81,0.00,0.00,20.34,626.81,"63,938.18"
143,30/01/2026,SSI,"31,150","31,200","31,150","31,600","31,100","31,254",0,0.00,18.98,593.36,0.00,0.00,18.98,593.36,"64,664.75"
144,29/01/2026,SSI,"30,950","31,050","31,150","31,500","30,950","31,245",200,0.65,11.08,346.08,0.00,0.00,11.08,346.08,"64,664.75"
145,28/01/2026,SSI,"30,850","31,000","30,950","31,400","30,500","30,906",100,0.32,24.98,772.30,0.00,0.00,24.98,772.30,"64,249.56"
146,27/01/2026,SSI,"31,000","31,000","30,850","31,400","30,850","31,077",-150,-0.48,17.98,558.70,0.00,0.00,17.98,558.70,"64,041.97"
147,26/01/2026,SSI,"31,900","31,750","31,000","32,400","30,800","31,402",-900,-2.82,25.99,816.34,0.00,0.00,25.99,816.34,"64,353.36"
148,23/01/2026,SSI,"31,900","32,200","31,900","32,700","31,800","32,254",0,0.00,26.07,841.10,0.10,3.41,26.17,844.51,"66,221.68"
149,22/01/2026,SSI,"31,700","32,050","31,900","32,550","31,700","32,136",200,0.63,23.30,748.46,0.02,0.65,23.32,749.10,"66,221.68"
150,21/01/2026,SSI,"32,600","32,250","31,700","32,500","31,400","31,850",-900,-2.76,45.56,"1,451.45",0.40,12.86,45.96,"1,464.31","65,806.50"
151,20/01/2026,SSI,"32,650","33,000","32,600","33,300","32,250","32,717",-50,-0.15,27.57,902.02,1.10,36.59,28.67,938.60,"67,674.82"
152,19/01/2026,SSI,"32,650","32,600","32,650","33,200","32,450","32,823",0,0.00,23.36,766.77,0.00,0.00,23.36,766.77,"67,778.62"
153,16/01/2026,SSI,"32,650","32,900","32,650","33,450","32,000","32,603",0,0.00,40.84,"1,332.19",0.00,0.00,40.84,"1,332.19","67,778.62"
154,15/01/2026,SSI,"33,350","33,300","32,650","33,800","32,350","32,877",-700,-2.10,42.15,"1,386.69",0.31,9.75,42.46,"1,396.44","67,778.62"
155,14/01/2026,SSI,"32,750","32,800","33,350","33,550","32,200","33,006",600,1.83,58.60,"1,933.56",0.00,0.00,58.60,"1,933.56","69,231.76"
156,13/01/2026,SSI,"32,450","33,550","32,750","33,900","32,650","32,964",300,0.92,50.15,"1,668.81",0.30,10.41,50.45,"1,679.22","67,986.21"
157,12/01/2026,SSI,"30,350","30,450","32,450","32,450","30,450","32,123","2,100",6.92,55.92,"1,798.37",0.00,0.00,55.92,"1,798.37","67,363.44"
158,09/01/2026,SSI,"30,550","30,950","30,350","31,050","30,300","30,579",-200,-0.65,29.02,886.91,0.87,27.90,29.89,914.82,"63,004.01"
159,08/01/2026,SSI,"30,100","30,200","30,550","31,300","30,200","30,737",450,1.50,43.20,"1,327.71",0.90,26.16,44.10,"1,353.87","63,419.20"
160,07/01/2026,SSI,"29,650","30,000","30,100","30,500","29,750","30,128",450,1.52,24.64,742.00,0.67,20.10,25.31,762.10,"62,485.04"
161,06/01/2026,SSI,"29,150","29,150","29,650","29,800","28,650","29,196",500,1.72,24.04,702.96,0.00,0.00,24.04,702.96,"61,550.87"
162,05/01/2026,SSI,"30,250","30,400","29,150","30,400","28,800","29,527","-1,100",-3.64,31.18,919.43,0.60,16.89,31.78,936.32,"60,512.92"
163,31/12/2025,SSI,"30,600","30,650","30,250","30,900","30,200","30,448",-350,-1.14,13.61,414.13,0.23,6.53,13.84,420.66,"62,796.42"
164,30/12/2025,SSI,"30,500","30,500","30,600","30,800","30,300","30,489",100,0.33,11.17,340.48,1.35,38.48,12.52,378.96,"63,522.99"
165,29/12/2025,SSI,"30,750","30,800","30,500","30,950","30,400","30,613",-250,-0.81,12.00,367.29,0.76,23.08,12.75,390.36,"63,315.40"
166,26/12/2025,SSI,"30,500","30,250","30,750","31,250","29,750","30,368",250,0.82,31.21,948.13,0.50,15.44,31.71,963.56,"63,834.38"
167,25/12/2025,SSI,"31,350","31,350","30,500","31,600","30,500","31,027",-850,-2.71,16.89,523.62,0.00,0.00,16.89,523.62,"63,315.40"
168,24/12/2025,SSI,"30,800","30,700","31,350","31,350","30,400","31,066",550,1.79,22.08,686.15,1.00,30.00,23.08,716.15,"65,079.93"
169,23/12/2025,SSI,"31,450","31,450","30,800","31,600","30,650","31,090",-650,-2.07,26.17,813.63,0.17,5.12,26.34,818.75,"63,938.18"
170,22/12/2025,SSI,"30,800","30,900","31,450","31,500","30,550","31,064",650,2.11,29.66,921.18,0.00,0.00,29.66,921.18,"65,287.52"
171,19/12/2025,SSI,"29,850","30,000","30,800","30,950","29,850","30,536",950,3.18,42.63,"1,303.00",1.40,43.17,44.03,"1,346.17","63,938.18"
172,18/12/2025,SSI,"29,650","29,650","29,850","30,100","29,350","29,766",200,0.67,16.28,484.81,0.42,12.11,16.70,496.92,"61,966.06"
173,17/12/2025,SSI,"30,250","30,000","29,650","30,100","29,600","29,876",-600,-1.98,13.67,408.23,0.76,23.51,14.43,431.74,"61,550.87"
174,16/12/2025,SSI,"28,400","28,600","30,250","30,350","28,000","29,290","1,850",6.51,32.10,943.43,0.49,14.23,32.59,957.66,"62,796.42"
175,15/12/2025,SSI,"28,100","28,050","28,400","28,850","28,050","28,414",300,1.07,18.67,530.21,1.85,51.80,20.52,582.01,"58,955.98"
176,12/12/2025,SSI,"29,050","29,300","28,100","29,400","28,000","28,897",-950,-3.27,21.56,621.50,1.67,48.87,23.23,670.37,"58,333.21"
177,11/12/2025,SSI,"29,250","29,350","29,050","29,700","28,950","29,285",-200,-0.68,11.69,342.46,0.13,3.77,11.82,346.24,"60,305.32"
178,10/12/2025,SSI,"28,750","29,000","29,250","29,300","28,900","29,093",500,1.74,12.14,353.15,1.60,48.38,13.74,401.53,"60,720.51"
179,09/12/2025,SSI,"29,400","29,350","28,750","29,400","28,400","28,841",-650,-2.21,30.83,889.48,1.37,42.86,32.20,932.34,"59,682.55"
180,08/12/2025,SSI,"29,400","30,000","29,400","30,450","29,400","29,844",0,0.00,31.94,952.78,4.85,137.08,36.79,"1,089.86","61,031.89"
181,05/12/2025,SSI,"32,800","32,950","32,250","33,000","32,200","32,456",-550,-1.68,47.09,"1,527.53",0.82,26.33,47.91,"1,553.86","66,948.25"
182,04/12/2025,SSI,"32,350","32,550","32,800","33,150","32,500","32,811",450,1.39,32.02,"1,050.49",2.92,100.83,34.94,"1,151.32","68,090.01"
183,03/12/2025,SSI,"32,300","32,400","32,350","32,550","32,150","32,341",50,0.15,22.05,713.23,0.03,0.99,22.08,714.23,"67,155.84"
184,02/12/2025,SSI,"32,000","31,700","32,300","32,450","31,700","32,088",300,0.94,31.34,"1,006.25",0.10,3.40,31.44,"1,009.65","67,052.05"
185,01/12/2025,SSI,"32,800","33,000","32,000","33,150","32,000","32,511",-800,-2.44,28.40,923.11,0.55,18.68,28.95,941.80,"66,429.27"
186,28/11/2025,SSI,"33,200","33,150","32,800","33,450","32,550","32,912",-400,-1.20,25.47,838.22,1.74,60.13,27.21,898.35,"68,090.01"
187,27/11/2025,SSI,"34,000","33,850","33,200","34,150","33,150","33,555",-800,-2.35,20.10,674.41,1.32,47.98,21.42,722.40,"68,920.37"
188,26/11/2025,SSI,"32,850","33,000","34,000","34,050","32,950","33,669","1,150",3.50,36.04,"1,213.99",1.29,45.15,37.33,"1,259.14","70,581.10"
189,25/11/2025,SSI,"34,400","34,150","32,850","34,300","32,600","33,304","-1,550",-4.51,53.03,"1,765.19",0.80,29.36,53.83,"1,794.55","68,193.80"
190,24/11/2025,SSI,"34,300","34,600","34,400","34,900","34,300","34,477",100,0.29,11.83,407.88,0.00,0.00,11.83,407.88,"71,411.47"
191,21/11/2025,SSI,"34,800","34,300","34,300","34,550","34,050","34,252",-500,-1.44,18.45,631.94,0.00,0.00,18.45,631.94,"71,203.88"
192,20/11/2025,SSI,"34,650","34,650","34,800","34,950","34,150","34,543",150,0.43,21.06,727.88,0.80,29.60,21.86,757.48,"72,241.83"
193,19/11/2025,SSI,"35,550","35,400","34,650","35,450","34,350","34,907",-900,-2.53,23.27,812.04,0.75,26.93,24.02,838.97,"71,930.45"
194,18/11/2025,SSI,"35,400","35,450","35,550","35,950","35,200","35,527",150,0.42,25.61,909.94,0.80,29.60,26.41,939.54,"73,798.77"
195,17/11/2025,SSI,"34,950","35,000","35,400","35,450","34,850","35,173",450,1.29,15.95,561.32,0.75,27.00,16.70,588.32,"73,487.38"
196,14/11/2025,SSI,"34,950","34,800","34,950","35,350","34,600","34,984",0,0.00,19.63,686.91,0.00,0.00,19.63,686.91,"72,553.22"
197,13/11/2025,SSI,"35,500","35,550","34,950","35,550","34,800","35,045",-550,-1.55,21.31,746.65,0.00,0.00,21.31,746.65,"72,553.22"
198,12/11/2025,SSI,"34,850","35,100","35,500","35,850","34,800","35,331",650,1.87,34.97,"1,234.95",0.00,0.00,34.97,"1,234.95","73,694.98"
199,11/11/2025,SSI,"33,600","34,100","34,850","34,950","33,700","34,392","1,250",3.72,30.20,"1,038.46",0.00,0.00,30.20,"1,038.46","72,345.63"
200,10/11/2025,SSI,"32,950","32,950","33,600","34,850","32,750","33,844",650,1.97,33.03,"1,117.43",0.00,0.00,33.03,"1,117.43","69,750.74"
201,07/11/2025,SSI,"34,300","34,150","32,950","34,200","32,850","33,547","-1,350",-3.94,36.68,"1,228.87",0.47,15.67,37.15,"1,244.54","68,401.39"
202,06/11/2025,SSI,"34,900","35,000","34,300","35,050","34,050","34,479",-600,-1.72,23.18,799.18,0.02,0.75,23.20,799.92,"71,203.88"
203,05/11/2025,SSI,"34,750","34,800","34,900","35,500","34,750","35,076",150,0.43,30.06,"1,054.38",0.30,9.90,30.36,"1,064.28","72,449.43"
204,04/11/2025,SSI,"32,500","32,400","34,750","34,750","32,100","33,584","2,250",6.92,57.84,"1,942.77",0.76,25.07,58.59,"1,967.83","72,138.04"
205,03/11/2025,SSI,"34,300","34,300","32,500","34,550","32,500","33,475","-1,800",-5.25,50.02,"1,671.34",0.09,3.01,50.11,"1,674.35","67,467.23"
206,31/10/2025,SSI,"34,850","34,750","34,300","35,250","34,300","34,681",-550,-1.58,26.77,927.76,3.54,115.30,30.32,"1,043.06","71,203.88"
207,30/10/2025,SSI,"35,600","35,650","34,850","35,850","34,800","35,158",-750,-2.11,28.04,985.34,0.06,2.15,28.10,987.49,"72,345.63"
208,29/10/2025,SSI,"35,850","35,950","35,600","36,200","35,600","35,916",-250,-0.70,22.90,822.31,0.12,4.08,23.02,826.39,"73,902.57"
209,28/10/2025,SSI,"34,800","34,700","35,850","36,000","34,700","35,190","1,050",3.02,34.46,"1,212.45",0.55,18.60,35.01,"1,231.05","74,421.55"
210,27/10/2025,SSI,"36,000","36,400","34,800","36,550","34,550","35,281","-1,200",-3.33,71.14,"2,508.29",0.40,13.42,71.54,"2,521.71","72,241.83"
211,24/10/2025,SSI,"37,500","37,200","36,000","37,400","35,700","36,238","-1,500",-4.00,82.08,"2,974.30",0.00,0.00,82.08,"2,974.30","74,732.93"
212,23/10/2025,SSI,"38,450","38,500","37,500","38,650","37,500","37,970",-950,-2.47,24.28,921.49,0.07,2.71,24.35,924.20,"77,846.80"
213,22/10/2025,SSI,"38,600","38,800","38,450","38,800","37,200","37,971",-150,-0.39,32.80,"1,245.13",0.45,18.04,33.25,"1,263.17","79,818.92"
214,21/10/2025,SSI,"37,950","37,950","38,600","39,500","36,950","38,207",650,1.71,81.19,"3,098.42",2.08,79.02,83.26,"3,177.44","80,130.31"
215,20/10/2025,SSI,"40,800","40,750","37,950","41,800","37,950","39,684","-2,850",-6.99,70.59,"2,778.11",0.20,8.34,70.79,"2,786.45","78,780.97"
216,17/10/2025,SSI,"41,350","41,500","40,800","41,950","40,700","41,306",-550,-1.33,38.97,"1,610.24",0.05,1.97,39.02,"1,612.21","84,697.32"
217,16/10/2025,SSI,"41,450","41,700","41,350","42,250","41,150","41,615",-100,-0.24,29.76,"1,238.06",1.07,44.32,30.83,"1,282.38","85,839.08"
218,15/10/2025,SSI,"41,000","41,100","41,450","41,750","40,850","41,228",450,1.10,30.11,"1,242.02",0.12,4.97,30.23,"1,246.99","86,046.67"
219,14/10/2025,SSI,"41,350","42,350","41,000","43,300","41,000","42,241",-350,-0.85,65.27,"2,757.71",4.95,203.47,70.22,"2,961.18","85,112.51"
220,13/10/2025,SSI,"40,700","40,150","41,350","41,700","40,000","40,813",650,1.60,42.26,"1,727.01",0.10,4.07,42.36,"1,731.08","85,839.08"
221,10/10/2025,SSI,"40,650","40,900","40,700","41,500","40,600","40,968",50,0.12,29.02,"1,189.46",1.63,62.94,30.66,"1,252.40","84,489.73"
222,09/10/2025,SSI,"41,200","41,250","40,650","41,300","40,550","40,796",-550,-1.33,33.45,"1,364.86",0.08,3.10,33.53,"1,367.96","84,385.94"
223,08/10/2025,SSI,"40,800","41,750","41,200","42,500","40,550","41,389",400,0.98,53.75,"2,227.26",0.06,2.45,53.81,"2,229.70","85,527.69"
224,07/10/2025,SSI,"40,250","41,000","40,800","41,350","40,550","40,935",550,1.37,40.54,"1,659.78",4.35,180.33,44.89,"1,840.11","84,697.32"
225,06/10/2025,SSI,"37,650","38,500","40,250","40,250","38,450","39,781","2,600",6.91,53.50,"2,127.43",0.28,10.73,53.78,"2,138.16","83,555.57"
226,03/10/2025,SSI,"37,850","37,750","37,650","38,200","37,200","37,677",-200,-0.53,25.06,944.75,0.12,4.35,25.18,949.10,"78,158.19"
227,02/10/2025,SSI,"38,600","38,650","37,850","38,950","37,700","38,344",-750,-1.94,21.16,810.83,0.21,8.19,21.37,819.02,"78,573.37"
228,01/10/2025,SSI,"38,550","38,850","38,600","39,200","38,450","38,707",50,0.13,16.97,656.48,2.00,74.00,18.97,730.48,"80,130.31"
229,30/09/2025,SSI,"37,550","37,600","38,550","38,800","37,300","38,036","1,000",2.66,38.23,"1,453.57",0.19,7.41,38.42,"1,460.99","80,026.52"
230,29/09/2025,SSI,"38,000","38,050","37,550","38,200","37,200","37,572",-450,-1.18,34.41,"1,293.17",0.10,3.60,34.51,"1,296.77","77,950.60"
231,26/09/2025,SSI,"39,000","38,900","38,000","38,950","38,000","38,401","-1,000",-2.56,38.84,"1,490.10",2.04,83.07,40.87,"1,573.17","78,884.76"
232,25/09/2025,SSI,"39,250","39,500","39,000","39,650","39,000","39,221",-250,-0.64,26.00,"1,019.92",1.33,52.28,27.33,"1,072.20","80,960.68"
233,24/09/2025,SSI,"39,400","39,500","40,250","40,250","38,550","39,229",850,2.16,36.38,"1,428.76",0.12,4.44,36.50,"1,433.21","83,555.57"
234,23/09/2025,SSI,"39,300","39,400","39,400","40,100","39,400","39,705",100,0.25,21.43,850.94,0.05,2.13,21.48,853.07,"81,791.04"
235,22/09/2025,SSI,"40,350","40,500","39,300","40,750","39,200","39,766","-1,050",-2.60,43.54,"1,732.40",0.40,16.14,43.94,"1,748.54","81,583.45"
236,19/09/2025,SSI,"40,800","41,000","40,350","41,250","40,350","40,754",-450,-1.10,27.87,"1,135.06",0.12,4.77,27.99,"1,139.83","83,763.16"
237,18/09/2025,SSI,"40,600","40,850","40,800","41,400","40,300","40,772",200,0.49,26.36,"1,075.05",0.74,30.31,27.10,"1,105.36","84,697.32"
238,17/09/2025,SSI,"41,600","41,400","40,600","41,650","40,500","40,981","-1,000",-2.40,37.92,"1,553.52",2.13,86.09,40.06,"1,639.61","84,282.14"
239,16/09/2025,SSI,"42,200","43,000","41,600","43,000","41,600","42,267",-600,-1.42,37.92,"1,603.18",1.52,63.76,39.43,"1,666.93","86,358.06"
240,15/09/2025,SSI,"41,900","42,100","42,200","42,650","41,450","41,992",300,0.72,40.52,"1,701.56",1.13,48.93,41.65,"1,750.49","87,603.60"
241,12/09/2025,SSI,"42,450","42,850","41,900","42,900","41,550","42,244",-550,-1.30,34.56,"1,462.24",0.03,1.28,34.59,"1,463.53","86,980.83"
242,11/09/2025,SSI,"42,450","41,800","42,450","42,600","39,800","40,789",0,0.00,85.92,"3,512.94",0.31,12.46,86.23,"3,525.40","88,122.58"
243,10/09/2025,SSI,"42,000","42,800","42,450","43,400","41,650","42,486",450,1.07,43.28,"1,838.55",0.14,5.37,43.41,"1,843.92","83,705.99"
244,09/09/2025,SSI,"40,200","40,550","42,000","42,000","39,300","40,385","1,800",4.48,52.00,"2,102.84",0.25,10.05,52.25,"2,112.89","82,818.64"
245,08/09/2025,SSI,"40,500","40,300","40,200","41,600","40,100","40,755",-300,-0.74,72.15,"2,940.03",0.00,0.00,72.15,"2,940.03","79,269.27"
246,05/09/2025,SSI,"42,300","42,750","40,500","43,400","40,500","42,151","-1,800",-4.26,51.53,"2,173.44",0.10,4.24,51.63,"2,177.67","79,860.83"
247,04/09/2025,SSI,"41,350","41,600","42,300","42,600","41,150","41,834",950,2.30,33.21,"1,390.24",0.00,0.00,33.21,"1,390.24","83,410.20"
248,03/09/2025,SSI,"42,200","42,200","41,350","42,650","40,900","41,500",-850,-2.01,54.13,"2,248.38",0.00,0.00,54.13,"2,248.38","81,536.93"
249,29/08/2025,SSI,"42,000","42,950","42,200","44,150","42,200","43,108",200,0.48,52.46,"2,262.13",1.55,65.04,54.01,"2,327.17","83,213.02"
250,28/08/2025,SSI,"40,250","40,500","42,000","42,000","40,150","41,240","1,750",4.35,54.93,"2,265.59",0.00,0.00,54.93,"2,265.59","82,818.64"
251,27/08/2025,SSI,"39,200","40,450","40,250","41,200","40,100","40,611","1,050",2.68,59.66,"2,423.13",0.27,9.96,59.93,"2,433.10","79,367.87"
252,26/08/2025,SSI,"36,650","36,550","39,200","39,200","36,150","37,895","2,550",6.96,94.36,"3,583.58",0.10,3.62,94.46,"3,587.20","77,297.40"
253,25/08/2025,SSI,"35,750","36,400","36,650","37,800","35,850","36,826",900,2.52,69.35,"2,553.71",0.28,9.90,69.62,"2,563.62","72,269.13"
254,22/08/2025,SSI,"37,050","36,450","35,750","36,800","35,350","36,097","-1,300",-3.51,63.81,"2,304.76",0.02,0.78,63.83,"2,305.54","70,494.44"
255,21/08/2025,SSI,"36,100","36,200","37,050","37,900","36,100","37,088",950,2.63,72.28,"2,677.83",2.49,84.53,74.76,"2,762.36","73,057.87"
256,20/08/2025,SSI,"36,750","36,750","36,100","36,800","34,500","35,705",-650,-1.77,60.34,"2,155.44",0.00,0.00,60.34,"2,155.44","71,184.60"
257,19/08/2025,SSI,"35,800","35,500","36,750","37,300","35,500","36,439",950,2.65,59.11,"2,155.21",2.20,73.70,61.31,"2,228.91","72,466.31"
258,18/08/2025,SSI,"36,550","36,600","35,800","36,800","35,650","36,035",-750,-2.05,50.23,"1,810.00",0.23,8.51,50.46,"1,818.52","70,593.03"
259,15/08/2025,SSI,"36,800","37,400","36,550","37,550","36,250","36,934",-250,-0.68,58.50,"2,160.79",0.50,18.44,59.00,"2,179.23","72,071.94"
260,14/08/2025,SSI,"36,750","37,000","36,800","37,800","36,100","37,089",50,0.14,70.44,"2,613.54",1.00,34.50,71.44,"2,648.04","72,564.91"
261,13/08/2025,SSI,"36,750","37,050","36,750","37,150","35,600","36,318",0,0.00,67.78,"2,464.65",0.03,1.08,67.81,"2,465.73","72,466.31"
262,12/08/2025,SSI,"37,500","37,900","36,750","37,950","36,400","37,034",-750,-2.00,45.37,"1,680.81",1.36,52.26,46.73,"1,733.07","72,466.31"
263,11/08/2025,SSI,"35,500","35,800","37,500","37,750","35,300","36,408","2,000",5.63,59.26,"2,155.33",0.53,18.64,59.79,"2,173.97","73,945.22"
264,08/08/2025,SSI,"35,150","35,700","35,500","37,200","35,100","35,935",350,1.00,95.43,"3,429.00",0.13,4.66,95.56,"3,433.66","70,001.47"
265,07/08/2025,SSI,"35,300","35,800","35,150","35,800","34,750","35,146",-150,-0.42,37.11,"1,303.97",0.10,3.58,37.21,"1,307.54","69,311.32"
266,06/08/2025,SSI,"34,650","34,750","35,300","35,300","34,400","34,926",650,1.88,50.09,"1,749.55",0.03,0.99,50.12,"1,750.54","69,607.10"
267,05/08/2025,SSI,"34,000","34,400","34,650","35,900","32,500","34,675",650,1.91,91.93,"3,183.22",0.33,11.06,92.27,"3,194.28","68,325.38"
268,04/08/2025,SSI,"33,200","32,500","34,000","34,000","32,400","32,948",800,2.41,56.73,"1,870.99",0.00,0.00,56.73,"1,870.99","67,043.66"
269,01/08/2025,SSI,"34,200","34,000","33,200","34,800","33,100","33,604","-1,000",-2.92,56.68,"1,907.22",0.43,13.71,57.11,"1,920.94","65,466.17"
270,31/07/2025,SSI,"33,900","34,100","34,200","34,600","33,100","33,988",300,0.88,49.38,"1,679.78",0.00,0.00,49.38,"1,679.78","67,438.04"
271,30/07/2025,SSI,"33,300","33,600","33,900","34,150","32,700","33,363",600,1.80,62.74,"2,095.10",0.00,0.00,62.74,"2,095.10","66,846.48"
272,29/07/2025,SSI,"35,800","36,100","33,300","36,200","33,300","34,377","-2,500",-6.98,105.00,"3,604.96",0.88,30.02,105.88,"3,634.98","65,663.35"
273,28/07/2025,SSI,"34,000","34,800","35,800","35,850","34,450","35,323","1,800",5.29,49.58,"1,750.87",0.00,0.00,49.58,"1,750.87","70,593.03"
274,25/07/2025,SSI,"32,000","32,150","34,000","34,100","32,000","33,219","2,000",6.25,62.12,"2,062.12",0.08,2.52,62.20,"2,064.64","67,043.66"
275,24/07/2025,SSI,"32,250","32,300","32,000","32,350","31,350","31,801",-250,-0.78,43.19,"1,373.27",0.00,0.00,43.19,"1,373.27","63,099.92"
276,23/07/2025,SSI,"32,000","32,300","32,250","33,350","31,900","32,409",250,0.78,43.85,"1,420.32",0.50,15.93,44.35,"1,436.25","63,592.89"
277,22/07/2025,SSI,"31,350","31,000","32,000","32,000","30,550","31,295",650,2.07,61.72,"1,930.73",0.81,25.57,62.53,"1,956.30","63,099.92"
278,21/07/2025,SSI,"31,800","32,050","31,350","32,100","30,800","31,263",-450,-1.42,55.03,"1,722.05",0.10,3.34,55.13,"1,725.39","61,818.20"
279,18/07/2025,SSI,"31,900","32,050","31,800","32,300","31,500","31,864",-100,-0.31,38.37,"1,222.44",0.00,0.00,38.37,"1,222.44","62,705.54"
280,17/07/2025,SSI,"31,600","32,000","31,900","32,100","31,350","31,659",300,0.95,49.67,"1,572.38",0.14,4.55,49.81,"1,576.93","62,902.73"
281,16/07/2025,SSI,"30,500","30,500","31,600","31,900","30,300","31,168","1,100",3.61,47.11,"1,470.53",4.56,129.75,51.67,"1,600.28","62,311.17"
282,15/07/2025,SSI,"29,750","29,800","30,500","31,800","29,650","30,844",750,2.52,62.85,"1,935.13",0.00,0.00,62.85,"1,935.13","60,142.11"
283,14/07/2025,SSI,"29,650","29,800","29,750","29,950","29,000","29,541",100,0.34,51.46,"1,519.74",0.09,2.47,51.54,"1,522.21","58,663.21"
284,11/07/2025,SSI,"28,950","28,950","29,650","30,000","28,950","29,517",700,2.42,62.93,"1,857.08",2.29,66.88,65.22,"1,923.96","58,466.02"
285,10/07/2025,SSI,"28,550","28,900","28,950","29,150","28,600","28,878",400,1.40,51.77,"1,495.17",2.00,57.76,53.77,"1,552.93","57,085.71"
286,09/07/2025,SSI,"27,050","27,250","28,550","28,850","27,250","28,134","1,500",5.55,72.54,"2,040.40",0.78,21.64,73.31,"2,062.04","56,296.96"
287,08/07/2025,SSI,"26,300","26,400","27,050","27,150","26,250","26,786",750,2.85,65.01,"1,740.97",0.50,13.39,65.51,"1,754.36","53,339.15"
288,07/07/2025,SSI,"25,900","26,200","26,300","26,450","26,050","26,254",400,1.54,33.31,874.57,0.79,20.52,34.09,895.09,"51,860.25"
289,04/07/2025,SSI,"25,750","25,900","25,900","26,150","25,600","25,825",150,0.58,21.02,542.86,2.28,58.73,23.30,601.59,"51,071.50"
290,03/07/2025,SSI,"25,500","25,500","25,750","26,300","25,150","25,814",250,0.98,58.32,"1,504.97",1.93,48.36,60.25,"1,553.32","50,518.22"
291,02/07/2025,SSI,"24,450","24,400","25,500","25,800","24,350","25,057","1,050",4.29,41.27,"1,035.03",0.04,0.91,41.30,"1,035.94","50,027.75"
292,01/07/2025,SSI,"24,700","24,750","24,450","24,800","24,350","24,553",-250,-1.01,15.14,371.75,0.00,0.00,15.14,371.75,"47,967.78"
293,30/06/2025,SSI,"24,650","25,000","24,700","25,150","24,700","24,898",50,0.20,26.59,661.79,1.30,32.05,27.89,693.84,"48,458.25"
294,27/06/2025,SSI,"24,500","24,600","24,650","24,850","24,450","24,572",150,0.61,19.51,479.49,0.00,0.00,19.51,479.49,"48,360.16"
295,26/06/2025,SSI,"24,500","24,500","24,500","24,600","24,150","24,341",0,0.00,18.42,448.38,0.00,0.00,18.42,448.38,"48,065.88"
296,25/06/2025,SSI,"24,300","24,350","24,500","24,800","24,200","24,521",200,0.82,25.86,634.00,0.00,0.00,25.86,634.00,"48,065.88"
297,24/06/2025,SSI,"23,750","24,150","24,300","24,550","24,000","24,286",550,2.32,48.49,"1,177.85",0.00,0.00,48.49,"1,177.85","47,673.50"
298,23/06/2025,SSI,"24,000","23,700","23,750","23,850","23,550","23,725",-250,-1.04,15.66,371.63,0.11,2.82,15.77,374.45,"46,594.47"
299,20/06/2025,SSI,"23,900","24,050","24,000","24,350","23,850","24,059",100,0.42,25.09,603.44,0.25,6.05,25.33,609.49,"47,084.94"
300,19/06/2025,SSI,"23,600","23,600","23,900","23,950","23,500","23,732",300,1.27,19.69,467.39,0.00,0.00,19.69,467.39,"46,888.75"
301,18/06/2025,SSI,"23,850","23,850","23,600","23,950","23,600","23,754",-250,-1.05,21.79,517.80,0.50,11.92,22.29,529.72,"46,300.19"
302,17/06/2025,SSI,"23,850","23,900","23,850","23,950","23,650","23,817",0,0.00,16.35,389.44,0.00,0.00,16.35,389.44,"46,790.66"
303,16/06/2025,SSI,"23,150","23,100","23,850","23,850","23,100","23,517",700,3.02,16.82,395.98,1.77,41.81,18.59,437.78,"46,790.66"
304,13/06/2025,SSI,"23,650","23,500","23,150","23,550","23,050","23,138",-500,-2.11,35.04,815.46,0.00,0.00,35.04,815.46,"45,417.35"
305,12/06/2025,SSI,"23,500","23,600","23,650","23,850","23,550","23,675",150,0.64,13.81,327.25,0.00,0.00,13.81,327.25,"46,398.28"
306,11/06/2025,SSI,"23,350","23,400","23,500","23,600","23,350","23,477",150,0.64,12.90,302.96,0.50,11.74,13.40,314.70,"46,104.00"
307,10/06/2025,SSI,"23,350","23,400","23,350","23,550","23,300","23,420",0,0.00,13.48,315.65,0.00,0.00,13.48,315.65,"45,809.72"
308,09/06/2025,SSI,"23,600","23,650","23,350","23,700","23,350","23,500",-250,-1.06,15.70,368.92,0.00,0.00,15.70,368.92,"45,809.72"
309,06/06/2025,SSI,"23,950","23,900","23,600","24,000","23,600","23,743",-350,-1.46,28.03,665.71,0.26,6.08,28.29,671.79,"46,300.19"
310,05/06/2025,SSI,"24,200","24,200","23,950","24,300","23,900","24,062",-250,-1.03,24.66,593.12,3.00,67.65,27.66,660.77,"46,986.85"
311,04/06/2025,SSI,"24,500","24,700","24,200","24,700","24,150","24,241",-300,-1.22,19.44,473.86,0.20,4.84,19.64,478.70,"47,477.31"
312,03/06/2025,SSI,"23,700","24,100","24,500","24,850","24,100","24,442",800,3.38,58.59,"1,430.24",0.00,0.00,58.59,"1,430.24","48,065.88"
313,02/06/2025,SSI,"23,450","23,350","23,700","23,700","23,350","23,552",250,1.07,12.06,284.00,3.00,75.15,15.06,359.15,"46,496.38"
314,30/05/2025,SSI,"23,500","23,500","23,450","23,950","23,400","23,589",-50,-0.21,19.75,466.16,0.00,0.00,19.75,466.16,"46,005.91"
315,29/05/2025,SSI,"23,700","23,850","23,500","23,900","23,500","23,639",-200,-0.84,14.89,351.90,0.00,0.00,14.89,351.90,"46,104.00"
316,28/05/2025,SSI,"23,700","23,950","23,700","24,200","23,550","23,889",0,0.00,24.60,588.00,1.60,36.16,26.20,624.16,"46,496.38"
317,27/05/2025,SSI,"23,600","23,700","23,700","24,000","23,500","23,760",100,0.42,24.42,580.36,0.05,1.14,24.47,581.49,"46,496.38"
318,26/05/2025,SSI,"23,350","23,450","23,600","23,600","22,800","23,283",250,1.07,20.91,487.10,0.08,1.86,20.99,488.95,"46,300.19"
319,23/05/2025,SSI,"23,350","23,400","23,350","23,550","23,250","23,373",0,0.00,16.23,379.36,0.00,0.00,16.23,379.36,"45,809.72"
320,22/05/2025,SSI,"23,350","23,350","23,350","23,900","23,250","23,561",0,0.00,27.66,651.42,0.00,0.00,27.66,651.42,"45,809.72"
321,21/05/2025,SSI,"23,500","23,550","23,350","23,700","23,250","23,392",-150,-0.64,24.38,570.45,0.00,0.00,24.38,570.45,"45,809.72"
322,20/05/2025,SSI,"23,350","23,400","23,500","23,650","23,300","23,468",150,0.64,15.34,360.02,0.00,0.00,15.34,360.02,"46,104.00"
323,19/05/2025,SSI,"23,700","23,550","23,350","23,700","23,350","23,484",-350,-1.48,19.74,463.69,0.00,0.00,19.74,463.69,"45,809.72"
324,16/05/2025,SSI,"23,900","23,950","23,700","24,400","23,700","24,009",-200,-0.84,30.22,725.79,0.00,0.00,30.22,725.79,"46,496.38"
325,15/05/2025,SSI,"23,900","24,150","23,900","24,250","23,850","24,013",0,0.00,23.85,572.55,0.00,0.00,23.85,572.55,"46,888.75"
326,14/05/2025,SSI,"23,400","23,450","23,900","24,200","23,300","23,659",500,2.14,36.62,867.29,0.00,0.00,36.62,867.29,"46,888.75"
327,13/05/2025,SSI,"23,200","23,550","23,400","23,900","23,350","23,575",200,0.86,25.55,602.53,0.00,0.00,25.55,602.53,"45,907.82"
328,12/05/2025,SSI,"22,950","23,100","23,200","23,200","22,850","23,040",250,1.09,20.02,461.35,0.00,0.00,20.02,461.35,"45,515.44"
329,09/05/2025,SSI,"23,100","23,200","22,950","23,300","22,900","23,057",-150,-0.65,15.34,353.76,0.00,0.00,15.34,353.76,"45,024.97"
330,08/05/2025,SSI,"22,850","22,950","23,100","23,300","22,750","22,997",250,1.09,18.52,426.18,0.00,0.00,18.52,426.18,"45,319.25"
331,07/05/2025,SSI,"23,150","23,150","22,850","23,150","22,750","22,930",-300,-1.30,18.89,433.14,0.00,0.00,18.89,433.14,"44,828.79"
332,06/05/2025,SSI,"23,100","23,200","23,150","23,500","23,100","23,338",50,0.22,16.48,384.39,5.20,121.33,21.68,505.72,"45,417.35"
333,05/05/2025,SSI,"22,950","23,400","23,100","23,450","23,000","23,138",150,0.65,9.31,215.52,0.02,0.49,9.33,216.02,"45,319.25"
334,29/04/2025,SSI,"23,050","23,150","22,950","23,150","22,950","23,024",-100,-0.43,9.78,225.14,0.67,15.41,10.45,240.55,"45,024.97"
335,28/04/2025,SSI,"22,800","22,900","23,050","23,150","22,800","22,959",250,1.10,12.06,276.90,0.51,11.48,12.57,288.38,"45,221.16"
336,25/04/2025,SSI,"23,000","23,200","22,800","23,200","22,800","22,979",-200,-0.87,15.31,351.86,0.63,14.48,15.94,366.34,"44,730.69"
337,24/04/2025,SSI,"22,750","22,900","23,000","23,150","22,650","22,895",250,1.10,17.95,410.88,0.50,11.22,18.45,422.10,"45,123.07"
338,23/04/2025,SSI,"22,250","22,950","22,750","22,950","22,600","22,780",500,2.25,13.49,307.37,0.00,0.00,13.49,307.37,"44,632.60"
339,22/04/2025,SSI,"22,900","22,500","22,250","22,900","21,300","21,788",-650,-2.84,48.46,"1,055.78",0.18,4.13,48.63,"1,059.91","43,651.66"
340,21/04/2025,SSI,"23,350","23,400","22,900","23,500","22,850","23,078",-450,-1.93,18.53,427.65,0.98,21.63,19.51,449.28,"44,926.88"
341,18/04/2025,SSI,"23,100","23,300","23,350","23,950","23,250","23,555",250,1.08,26.36,620.80,0.64,15.17,27.00,635.96,"45,809.72"
342,17/04/2025,SSI,"23,000","22,800","23,100","23,350","22,800","23,037",100,0.43,18.65,429.76,1.48,34.79,20.13,464.55,"45,319.25"
343,16/04/2025,SSI,"23,300","23,400","23,000","23,600","23,000","23,230",-300,-1.29,18.89,438.81,0.18,4.13,19.06,442.94,"45,123.07"
344,15/04/2025,SSI,"24,100","23,800","23,300","24,000","23,200","23,509",-800,-3.32,26.17,615.26,0.98,24.48,27.15,639.74,"45,711.63"
345,14/04/2025,SSI,"23,450","23,700","24,100","24,100","23,400","23,734",650,2.77,36.80,873.40,0.00,0.00,36.80,873.40,"47,281.13"
346,11/04/2025,SSI,"22,000","23,000","23,450","23,450","22,400","22,896","1,450",6.59,65.05,"1,489.41",0.00,0.00,65.05,"1,489.41","46,005.91"
347,10/04/2025,SSI,"20,600","22,000","22,000","22,000","22,000","22,000","1,400",6.80,5.22,114.84,2.75,52.93,7.97,167.78,"43,161.19"
348,09/04/2025,SSI,"22,100","20,600","20,600","22,050","20,600","20,809","-1,500",-6.79,73.69,"1,533.32",0.07,1.47,73.75,"1,534.79","40,414.57"
349,08/04/2025,SSI,"23,750","23,000","22,100","23,100","22,100","22,273","-1,650",-6.95,31.52,702.07,1.76,40.42,33.28,742.49,"43,357.38"
350,04/04/2025,SSI,"24,600","22,900","23,750","23,850","22,900","23,109",-850,-3.46,82.04,"1,895.84",0.10,2.60,82.14,"1,898.44","46,594.47"
351,03/04/2025,SSI,"26,450","25,200","24,600","25,800","24,600","24,971","-1,850",-6.99,54.28,"1,355.53",0.07,1.82,54.36,"1,357.35","48,262.06"
352,02/04/2025,SSI,"26,050","26,150","26,450","26,500","26,100","26,301",400,1.54,15.57,409.48,0.00,0.00,15.57,409.48,"51,891.53"
353,01/04/2025,SSI,"26,000","26,200","26,050","26,250","25,800","26,005",50,0.19,18.40,478.58,0.00,0.00,18.40,478.58,"51,106.78"
354,31/03/2025,SSI,"26,350","26,150","26,000","26,350","26,000","26,123",-350,-1.33,19.49,509.25,0.00,0.00,19.49,509.25,"51,008.68"
355,28/03/2025,SSI,"26,300","26,350","26,350","26,550","26,050","26,271",50,0.19,17.62,462.95,0.11,3.02,17.73,465.97,"51,695.34"
356,27/03/2025,SSI,"26,500","26,500","26,300","26,600","26,300","26,419",-200,-0.75,15.07,398.06,0.15,4.09,15.22,402.15,"51,597.25"
357,26/03/2025,SSI,"26,900","26,900","26,500","27,050","26,400","26,717",-400,-1.49,26.16,698.93,0.33,9.14,26.49,708.07,"51,989.62"
358,25/03/2025,SSI,"27,150","27,300","26,900","27,450","26,900","27,191",-250,-0.92,23.60,641.80,0.45,11.84,24.05,653.64,"52,774.37"
359,24/03/2025,SSI,"26,600","26,750","27,150","27,150","26,500","26,779",550,2.07,24.44,654.62,0.42,11.26,24.86,665.88,"53,264.84"
360,21/03/2025,SSI,"26,550","26,600","26,600","26,850","26,500","26,669",50,0.19,21.21,565.53,0.29,7.85,21.50,573.38,"52,185.81"
361,20/03/2025,SSI,"26,550","26,650","26,550","26,850","26,400","26,582",0,0.00,19.54,519.40,5.05,136.33,24.59,655.73,"52,087.71"
362,19/03/2025,SSI,"26,800","26,700","26,550","26,850","26,500","26,634",-250,-0.93,24.31,647.49,0.00,0.00,24.31,647.49,"52,087.71"
363,18/03/2025,SSI,"27,000","27,100","26,800","27,450","26,800","27,093",-200,-0.74,29.54,800.34,4.36,122.01,33.90,922.35,"52,578.18"
364,17/03/2025,SSI,"26,950","27,100","27,000","27,150","26,850","27,001",50,0.19,18.09,488.50,0.76,20.98,18.85,509.48,"52,970.56"
365,14/03/2025,SSI,"26,950","27,000","26,950","27,200","26,800","27,038",0,0.00,29.00,784.12,4.47,120.82,33.47,904.94,"52,872.46"
366,13/03/2025,SSI,"26,700","26,750","26,950","27,400","26,450","26,979",250,0.94,50.82,"1,370.95",0.00,0.00,50.82,"1,370.95","52,872.46"
367,12/03/2025,SSI,"26,700","26,850","26,700","26,950","26,550","26,747",0,0.00,26.79,716.54,5.10,142.54,31.88,859.07,"52,381.99"
368,11/03/2025,SSI,"26,650","26,350","26,700","26,700","26,350","26,535",50,0.19,26.43,701.23,0.00,0.00,26.43,701.23,"52,381.99"
369,10/03/2025,SSI,"26,900","27,000","26,650","27,250","26,500","26,845",-250,-0.93,45.64,"1,225.29",0.40,10.70,46.04,"1,235.99","52,283.90"
370,07/03/2025,SSI,"26,900","27,100","26,900","27,150","26,800","26,930",0,0.00,22.90,616.61,1.72,45.00,24.62,661.61,"52,774.37"
371,06/03/2025,SSI,"26,100","26,200","26,900","26,950","26,200","26,592",800,3.07,44.99,"1,196.36",0.00,0.00,44.99,"1,196.36","52,774.37"
372,05/03/2025,SSI,"26,350","26,400","26,100","26,650","26,100","26,349",-250,-0.95,27.56,726.28,0.90,22.78,28.46,749.06,"51,204.87"
373,04/03/2025,SSI,"26,600","26,450","26,350","26,600","26,100","26,346",-250,-0.94,24.07,634.21,0.20,5.30,24.27,639.51,"51,695.34"
374,03/03/2025,SSI,"26,300","26,300","26,600","26,800","26,150","26,512",300,1.14,25.65,679.90,1.31,33.33,26.95,713.23,"52,185.81"
375,28/02/2025,SSI,"26,100","26,200","26,300","26,800","26,200","26,435",200,0.77,41.40,"1,094.33",0.48,12.72,41.88,"1,107.05","51,597.25"
376,27/02/2025,SSI,"25,850","25,950","26,100","26,100","25,600","25,864",250,0.97,18.00,465.45,1.01,26.23,19.00,491.68,"51,204.87"
377,26/02/2025,SSI,"25,850","25,850","25,850","26,100","25,600","25,855",0,0.00,25.21,651.87,0.00,0.00,25.21,651.87,"50,714.40"
378,25/02/2025,SSI,"25,850","25,900","25,850","26,200","25,750","25,947",0,0.00,28.07,728.31,1.23,32.01,29.29,760.32,"50,714.40"
379,24/02/2025,SSI,"25,350","25,300","25,850","25,850","25,250","25,641",500,1.97,25.06,642.64,0.25,6.33,25.31,648.96,"50,714.40"
380,21/02/2025,SSI,"25,250","25,200","25,350","25,400","25,150","25,280",100,0.40,11.58,292.67,0.00,0.00,11.58,292.67,"49,733.47"
381,20/02/2025,SSI,"25,350","25,450","25,250","25,550","25,250","25,365",-100,-0.39,13.81,350.20,0.00,0.00,13.81,350.20,"49,537.28"
382,19/02/2025,SSI,"25,150","25,250","25,350","25,400","25,050","25,277",200,0.80,15.52,392.23,0.00,0.00,15.52,392.23,"49,733.47"
383,18/02/2025,SSI,"25,000","25,100","25,150","25,300","25,000","25,156",150,0.60,9.84,247.51,0.03,0.60,9.87,248.11,"49,341.09"
384,17/02/2025,SSI,"24,900","24,900","25,000","25,350","24,800","25,060",100,0.40,18.46,462.70,0.03,0.63,18.49,463.33,"49,046.81"
385,14/02/2025,SSI,"24,800","25,000","24,900","25,300","24,900","25,051",100,0.40,16.15,404.61,0.00,0.00,16.15,404.61,"48,850.62"
386,13/02/2025,SSI,"24,750","24,750","24,800","24,900","24,700","24,790",50,0.20,6.77,167.79,0.75,19.06,7.51,186.85,"48,654.44"
387,12/02/2025,SSI,"24,700","24,800","24,750","25,050","24,750","24,865",50,0.20,6.96,173.18,0.00,0.00,6.96,173.18,"48,556.34"
388,11/02/2025,SSI,"24,900","24,950","24,700","25,000","24,650","24,776",-200,-0.80,12.93,320.36,0.86,21.99,13.79,342.34,"48,458.25"
389,10/02/2025,SSI,"25,000","24,950","24,900","25,150","24,650","24,912",-100,-0.40,15.86,395.04,0.00,0.00,15.86,395.04,"48,850.62"
390,07/02/2025,SSI,"25,050","25,050","25,000","25,200","24,950","25,043",-50,-0.20,7.85,196.47,1.04,26.37,8.88,222.84,"49,046.81"
391,06/02/2025,SSI,"25,050","25,200","25,050","25,400","25,050","25,159",0,0.00,9.26,233.01,0.00,0.00,9.26,233.01,"49,144.90"
392,05/02/2025,SSI,"25,300","25,450","25,050","25,450","25,050","25,141",-250,-0.99,9.63,242.17,0.32,7.94,9.95,250.10,"49,144.90"
393,04/02/2025,SSI,"24,800","24,900","25,300","25,450","24,800","25,089",500,2.02,15.67,393.11,0.00,0.00,15.67,393.11,"49,635.37"
394,03/02/2025,SSI,"25,250","24,850","24,800","25,050","24,750","24,880",-450,-1.78,12.86,319.89,0.02,0.51,12.88,320.40,"48,654.44"
395,24/01/2025,SSI,"25,150","25,100","25,250","25,250","25,000","25,152",100,0.40,9.71,244.25,0.47,11.77,10.18,256.02,"49,537.28"
396,23/01/2025,SSI,"24,400","24,450","25,150","25,250","24,450","24,881",750,3.07,18.48,459.73,0.00,0.00,18.48,459.73,"49,341.09"
397,22/01/2025,SSI,"24,450","24,500","24,400","24,750","24,400","24,506",-50,-0.20,9.56,234.16,0.00,0.00,9.56,234.16,"47,869.69"
398,21/01/2025,SSI,"24,500","24,550","24,450","24,800","24,400","24,563",-50,-0.20,8.02,197.08,0.59,14.53,8.62,211.61,"47,967.78"
399,20/01/2025,SSI,"24,550","24,650","24,500","24,650","24,350","24,515",-50,-0.20,6.98,171.16,0.45,10.28,7.43,181.44,"48,065.88"
400,17/01/2025,SSI,"24,400","24,400","24,550","24,600","24,250","24,445",150,0.61,7.04,172.17,1.56,38.31,8.60,210.48,"48,163.97"
401,16/01/2025,SSI,"24,150","24,400","24,400","25,200","24,300","24,703",250,1.04,18.54,458.01,0.00,0.00,18.54,458.01,"47,869.69"
402,15/01/2025,SSI,"23,950","24,150","24,150","24,350","24,000","24,164",200,0.84,9.87,238.44,0.00,0.00,9.87,238.44,"47,379.22"
403,14/01/2025,SSI,"24,150","24,200","23,950","24,200","23,900","24,031",-200,-0.83,8.10,194.77,0.00,0.00,8.10,194.77,"46,986.85"
404,13/01/2025,SSI,"23,700","23,550","24,150","24,300","23,550","23,889",450,1.90,10.84,258.87,0.06,1.32,10.90,260.19,"47,379.22"
405,10/01/2025,SSI,"24,400","24,300","23,700","24,550","23,500","24,069",-700,-2.87,21.37,514.41,0.00,0.00,21.37,514.41,"46,496.38"
406,09/01/2025,SSI,"24,700","24,700","24,400","24,950","24,400","24,599",-300,-1.21,8.91,219.11,0.40,9.82,9.31,228.93,"47,869.69"
407,08/01/2025,SSI,"24,550","24,500","24,700","24,800","24,450","24,606",150,0.61,9.13,224.77,0.24,6.11,9.37,230.88,"48,458.25"
408,07/01/2025,SSI,"24,900","25,350","24,550","25,350","24,500","24,771",-350,-1.41,18.56,459.84,0.05,1.13,18.61,460.97,"48,163.97"
409,06/01/2025,SSI,"25,350","25,350","24,900","25,500","24,850","25,169",-450,-1.78,9.99,251.31,0.00,0.00,9.99,251.31,"48,850.62"
410,03/01/2025,SSI,"25,950","25,900","25,350","25,950","25,350","25,620",-600,-2.31,16.07,411.61,2.13,51.99,18.19,463.60,"49,733.47"
411,02/01/2025,SSI,"26,050","26,050","25,950","26,350","25,900","26,021",-100,-0.38,8.94,232.58,0.00,0.00,8.94,232.58,"50,910.59"
412,31/12/2024,SSI,"26,450","26,450","26,050","26,450","26,050","26,245",-400,-1.51,8.23,216.11,0.03,0.74,8.26,216.84,"51,106.78"
413,30/12/2024,SSI,"26,600","26,600","26,450","26,900","26,450","26,608",-150,-0.56,11.49,305.83,0.00,0.00,11.49,305.83,"51,891.53"
414,27/12/2024,SSI,"26,350","26,400","26,600","26,700","26,300","26,495",250,0.95,16.35,433.12,0.00,0.00,16.35,433.12,"52,185.81"
415,26/12/2024,SSI,"26,550","26,500","26,350","26,600","26,350","26,444",-200,-0.75,8.76,231.76,0.00,0.00,8.76,231.76,"51,695.34"
416,25/12/2024,SSI,"25,950","26,000","26,550","26,750","25,900","26,409",600,2.31,26.22,692.47,1.80,43.47,28.02,735.94,"52,087.71"
417,24/12/2024,SSI,"25,850","25,850","25,950","25,950","25,500","25,745",100,0.39,12.30,316.64,5.09,130.27,17.39,446.91,"50,910.59"
418,23/12/2024,SSI,"26,250","26,200","25,850","26,300","25,850","26,093",-400,-1.52,7.84,204.64,0.00,0.00,7.84,204.64,"50,714.40"
419,20/12/2024,SSI,"26,200","26,100","26,250","26,250","25,900","26,126",50,0.19,12.29,321.03,0.30,7.68,12.59,328.71,"51,499.15"
420,19/12/2024,SSI,"26,200","25,800","26,200","26,200","25,450","25,775",0,0.00,30.71,791.62,0.00,0.00,30.71,791.62,"51,401.06"
421,18/12/2024,SSI,"26,000","26,000","26,200","26,200","25,800","26,029",200,0.77,7.20,187.50,0.94,24.44,8.14,211.94,"51,401.06"
422,17/12/2024,SSI,"26,100","26,100","26,000","26,150","25,850","25,961",-100,-0.38,6.20,160.95,0.00,0.00,6.20,160.95,"51,008.68"
423,16/12/2024,SSI,"25,800","25,900","26,100","26,200","25,750","25,962",300,1.16,14.60,379.03,0.00,0.00,14.60,379.03,"51,204.87"
424,13/12/2024,SSI,"26,000","25,950","25,800","26,000","25,700","25,834",-200,-0.77,10.97,283.39,0.05,1.36,11.02,284.75,"50,616.31"
425,12/12/2024,SSI,"26,150","26,100","26,000","26,450","26,000","26,166",-150,-0.57,12.18,318.70,0.39,10.43,12.57,329.13,"51,008.68"
426,11/12/2024,SSI,"26,250","26,300","26,150","26,400","25,950","26,139",-100,-0.38,12.56,328.32,0.00,0.00,12.56,328.32,"51,302.96"
427,10/12/2024,SSI,"26,200","26,150","26,250","26,400","26,000","26,205",50,0.19,12.62,330.68,0.00,0.00,12.62,330.68,"51,499.15"
428,09/12/2024,SSI,"26,350","26,300","26,200","26,400","26,000","26,161",-150,-0.57,18.86,493.41,0.00,0.00,18.86,493.41,"51,401.06"
429,06/12/2024,SSI,"25,700","26,000","26,350","26,450","25,800","26,140",650,2.53,33.82,884.15,0.00,0.00,33.82,884.15,"51,695.34"
430,05/12/2024,SSI,"24,050","24,100","25,700","25,700","23,650","24,974","1,650",6.86,35.61,889.41,1.85,42.94,37.47,932.35,"50,420.12"
431,04/12/2024,SSI,"24,300","24,250","24,050","24,300","24,000","24,120",-250,-1.03,9.14,220.44,0.20,5.12,9.34,225.56,"47,183.03"
432,03/12/2024,SSI,"24,450","24,450","24,300","24,500","24,250","24,356",-150,-0.61,12.53,305.11,2.73,62.54,15.26,367.65,"47,673.50"
433,02/12/2024,SSI,"24,550","24,600","24,450","24,750","24,300","24,486",-100,-0.41,7.84,191.89,0.39,9.46,8.22,201.35,"47,967.78"
434,29/11/2024,SSI,"24,300","24,300","24,550","24,650","24,200","24,447",250,1.03,9.02,220.46,0.00,0.00,9.02,220.46,"48,163.97"
435,28/11/2024,SSI,"24,300","24,450","24,300","24,550","24,250","24,361",0,0.00,8.46,206.11,0.03,0.61,8.49,206.72,"47,673.50"
436,27/11/2024,SSI,"24,600","24,600","24,300","24,700","24,250","24,417",-300,-1.22,9.32,227.64,0.00,0.00,9.32,227.64,"47,673.50"
437,26/11/2024,SSI,"24,500","24,600","24,600","24,900","24,500","24,737",100,0.41,9.33,230.91,0.00,0.00,9.33,230.91,"48,262.06"
438,25/11/2024,SSI,"24,350","24,400","24,500","24,500","24,200","24,320",150,0.62,10.16,247.01,0.00,0.00,10.16,247.01,"48,065.88"
439,22/11/2024,SSI,"24,600","24,500","24,350","24,600","24,250","24,380",-250,-1.02,12.80,312.17,0.00,0.00,12.80,312.17,"44,096.84"
440,21/11/2024,SSI,"24,300","24,300","24,600","24,650","24,050","24,294",300,1.23,14.20,344.86,0.00,0.00,14.20,344.86,"44,549.58"
441,20/11/2024,SSI,"23,850","23,900","24,300","24,700","23,750","24,284",450,1.89,17.96,436.19,0.00,0.00,17.96,436.19,"44,006.29"
442,19/11/2024,SSI,"24,300","24,350","23,850","24,500","23,800","24,098",-450,-1.85,10.71,257.98,0.00,0.00,10.71,257.98,"43,191.36"
443,18/11/2024,SSI,"23,950","23,950","24,300","24,600","23,800","24,130",350,1.46,24.88,600.28,0.00,0.00,24.88,600.28,"44,006.29"
444,15/11/2024,SSI,"24,700","24,700","23,950","24,700","23,800","24,117",-750,-3.04,25.50,615.03,0.00,0.00,25.50,615.03,"43,372.46"
445,14/11/2024,SSI,"25,450","25,450","24,700","25,450","24,650","25,057",-750,-2.95,12.75,319.59,0.00,0.00,12.75,319.59,"44,730.68"
446,13/11/2024,SSI,"25,700","25,700","25,450","25,700","25,250","25,465",-250,-0.97,12.42,316.23,0.14,3.72,12.56,319.96,"46,088.90"
447,12/11/2024,SSI,"25,700","25,800","25,700","26,150","25,550","25,836",0,0.00,10.04,259.27,0.00,0.00,10.04,259.27,"46,541.64"
448,11/11/2024,SSI,"26,100","26,100","25,700","26,100","25,550","25,739",-400,-1.53,12.70,326.79,0.14,3.72,12.84,330.52,"46,541.64"
449,08/11/2024,SSI,"26,350","26,350","26,100","26,450","26,050","26,253",-250,-0.95,7.72,202.67,0.02,0.53,7.74,203.20,"47,266.02"
450,07/11/2024,SSI,"26,450","26,650","26,350","26,700","26,350","26,473",-100,-0.38,5.99,158.60,0.00,0.00,5.99,158.60,"47,718.76"
451,06/11/2024,SSI,"26,150","26,300","26,450","26,600","26,200","26,365",300,1.15,10.68,281.49,0.00,0.00,10.68,281.49,"47,899.85"
452,05/11/2024,SSI,"26,250","26,250","26,150","26,450","26,150","26,257",-100,-0.38,3.20,84.10,0.02,0.65,3.23,84.75,"47,356.57"
453,04/11/2024,SSI,"26,200","26,200","26,250","26,550","25,900","26,153",50,0.19,13.41,350.81,0.00,0.00,13.41,350.81,"47,537.66"
454,01/11/2024,SSI,"26,600","26,500","26,200","26,500","26,050","26,253",-400,-1.50,8.38,219.93,0.00,0.00,8.38,219.93,"47,447.11"
455,31/10/2024,SSI,"26,350","26,350","26,600","26,600","26,300","26,433",250,0.95,7.09,187.29,0.00,0.00,7.09,187.29,"48,171.50"
456,30/10/2024,SSI,"26,700","26,800","26,350","26,850","26,200","26,504",-350,-1.31,9.62,254.86,0.00,0.00,9.62,254.86,"47,718.76"
457,29/10/2024,SSI,"26,800","26,850","26,700","27,000","26,700","26,836",-100,-0.37,5.36,143.81,0.00,0.00,5.36,143.81,"48,352.59"
458,28/10/2024,SSI,"26,700","26,650","26,800","27,000","26,650","26,850",100,0.37,6.13,164.56,0.00,0.00,6.13,164.56,"48,533.69"
459,25/10/2024,SSI,"26,800","26,800","26,700","26,900","26,700","26,760",-100,-0.37,7.95,212.83,0.00,0.00,7.95,212.83,"48,352.59"
460,24/10/2024,SSI,"26,900","26,900","26,800","27,100","26,800","26,928",-100,-0.37,11.77,317.02,0.00,0.00,11.77,317.02,"48,533.69"
461,23/10/2024,SSI,"26,700","26,800","26,900","27,000","26,700","26,850",200,0.75,8.14,218.44,0.00,0.00,8.14,218.44,"48,714.79"
462,22/10/2024,SSI,"26,900","26,800","26,700","27,200","26,700","26,913",-200,-0.74,15.35,413.00,0.00,0.00,15.35,413.00,"48,352.59"
463,21/10/2024,SSI,"27,350","27,350","26,900","27,400","26,900","27,125",-450,-1.65,11.79,319.87,0.00,0.00,11.79,319.87,"48,714.79"
464,18/10/2024,SSI,"27,450","27,550","27,350","27,750","27,350","27,546",-100,-0.36,11.89,327.45,0.00,0.00,11.89,327.45,"49,529.72"
465,17/10/2024,SSI,"27,100","27,150","27,450","27,450","26,950","27,190",350,1.29,11.04,300.27,0.00,0.00,11.04,300.27,"49,710.81"
466,16/10/2024,SSI,"27,250","27,050","27,100","27,450","27,050","27,209",-150,-0.55,9.81,266.96,0.00,0.00,9.81,266.96,"49,076.98"
467,15/10/2024,SSI,"27,650","27,650","27,250","27,900","27,250","27,563",-400,-1.45,12.56,346.17,0.00,0.00,12.56,346.17,"49,348.62"
468,14/10/2024,SSI,"27,450","27,700","27,650","28,000","27,500","27,745",200,0.73,12.59,349.36,0.00,0.00,12.59,349.36,"50,073.00"
469,11/10/2024,SSI,"27,550","27,650","27,450","27,650","27,350","27,483",-100,-0.36,8.29,227.73,0.00,0.00,8.29,227.73,"49,710.81"
470,10/10/2024,SSI,"27,300","27,500","27,550","27,800","27,350","27,606",250,0.92,14.89,410.96,0.00,0.00,14.89,410.96,"49,891.91"
471,09/10/2024,SSI,"27,400","27,350","27,300","27,600","27,100","27,318",-100,-0.36,17.22,470.42,0.02,0.55,17.24,470.98,"49,439.17"
472,08/10/2024,SSI,"27,600","27,750","27,400","27,900","27,350","27,539",-200,-0.72,12.34,339.85,0.00,0.00,12.34,339.85,"49,620.27"
473,07/10/2024,SSI,"27,300","27,500","27,600","27,600","27,250","27,420",300,1.10,9.64,264.44,0.00,0.00,9.64,264.44,"49,982.46"
474,04/10/2024,SSI,"27,550","27,550","27,300","27,800","27,300","27,501",-250,-0.91,8.51,233.93,0.00,0.00,8.51,233.93,"49,439.17"
475,03/10/2024,SSI,"27,600","27,600","27,550","27,950","27,350","27,630",-50,-0.18,12.83,354.51,0.00,0.00,12.83,354.51,"49,891.91"
476,02/10/2024,SSI,"27,800","27,600","27,600","27,800","27,500","27,611",-200,-0.72,11.82,326.37,0.00,0.00,11.82,326.37,"41,652.23"
477,01/10/2024,SSI,"27,900","28,000","27,800","28,350","27,800","28,100",-100,-0.36,14.45,405.92,0.00,0.00,14.45,405.92,"41,954.05"
478,30/09/2024,SSI,"27,600","27,500","27,900","28,150","27,250","27,831",300,1.09,12.75,354.83,0.00,0.00,12.75,354.83,"42,104.97"
479,27/09/2024,SSI,"27,500","27,500","27,600","27,750","27,400","27,621",100,0.36,12.58,347.34,0.29,7.30,12.86,354.63,"41,652.23"
480,26/09/2024,SSI,"27,450","27,450","27,500","27,700","27,350","27,542",50,0.18,14.95,411.62,0.86,23.68,15.81,435.30,"41,501.31"
481,25/09/2024,SSI,"26,600","26,750","27,450","27,600","26,700","27,208",850,3.20,27.33,743.53,2.70,66.96,30.03,810.49,"41,425.86"
482,24/09/2024,SSI,"26,600","26,650","26,600","26,650","26,400","26,533",0,0.00,8.61,228.47,0.00,0.00,8.61,228.47,"40,143.09"
483,23/09/2024,SSI,"26,250","26,850","26,600","26,950","26,450","26,639",350,1.33,19.23,512.37,0.30,7.44,19.53,519.81,"40,143.09"
484,20/09/2024,SSI,"33,600","33,800","33,600","33,850","33,400","33,576",0,0.00,31.68,"1,063.54",0.50,16.90,32.18,"1,080.44","50,707.06"
485,19/09/2024,SSI,"33,400","33,750","33,600","33,900","33,550","33,728",200,0.60,24.64,830.99,0.00,0.00,24.64,830.99,"50,707.06"
486,18/09/2024,SSI,"32,700","32,900","33,400","33,750","32,800","33,435",700,2.14,28.15,941.24,0.50,16.90,28.65,958.14,"50,405.23"
487,17/09/2024,SSI,"32,100","32,100","32,700","32,700","32,050","32,367",600,1.87,9.66,312.69,0.00,0.00,9.66,312.69,"49,348.83"
488,16/09/2024,SSI,"32,300","32,300","32,100","32,650","32,050","32,349",-200,-0.62,9.52,308.08,0.56,18.06,10.08,326.14,"48,443.35"
489,13/09/2024,SSI,"32,250","32,300","32,300","32,700","32,100","32,436",50,0.16,11.64,377.64,1.60,52.00,13.24,429.64,"48,745.18"
490,12/09/2024,SSI,"32,500","32,700","32,250","32,750","32,250","32,427",-250,-0.77,5.94,192.67,0.22,7.04,6.16,199.71,"48,669.72"
491,11/09/2024,SSI,"32,400","32,400","32,500","32,600","31,850","32,187",100,0.31,8.91,286.83,1.64,53.30,10.55,340.13,"49,047.01"
492,10/09/2024,SSI,"32,900","33,100","32,400","33,350","32,000","32,572",-500,-1.52,13.28,432.51,0.00,0.00,13.28,432.51,"48,896.09"
493,09/09/2024,SSI,"33,400","33,200","32,900","33,350","32,850","33,050",-500,-1.50,10.10,333.97,0.00,0.00,10.10,333.97,"49,650.66"
494,06/09/2024,SSI,"33,100","33,100","33,400","33,400","32,800","33,081",300,0.91,9.54,315.53,1.30,43.07,10.84,358.60,"50,405.23"
495,05/09/2024,SSI,"33,150","33,500","33,100","33,750","32,900","33,323",-50,-0.15,9.86,328.48,0.00,0.00,9.86,328.48,"49,952.49"
496,04/09/2024,SSI,"33,700","33,150","33,150","33,450","33,000","33,212",-550,-1.63,10.06,334.04,0.00,0.00,10.06,334.04,"50,027.95"
497,30/08/2024,SSI,"33,950","33,850","33,700","34,000","33,650","33,828",-250,-0.74,8.63,291.99,0.11,3.72,8.74,295.71,"50,857.97"
498,29/08/2024,SSI,"34,050","34,100","33,950","34,200","33,750","33,944",-100,-0.29,8.71,295.80,0.00,0.00,8.71,295.80,"51,235.26"
499,28/08/2024,SSI,"33,400","33,500","34,050","34,250","33,150","33,772",650,1.95,20.05,677.05,0.00,0.00,20.05,677.05,"51,386.17"
500,27/08/2024,SSI,"33,950","33,550","33,400","33,900","33,400","33,551",-550,-1.62,9.97,334.65,0.35,11.06,10.32,345.71,"50,405.23"
501,26/08/2024,SSI,"33,600","33,900","33,950","34,300","33,600","33,905",350,1.04,19.84,672.71,0.02,0.71,19.86,673.42,"51,235.26"
502,23/08/2024,SSI,"33,100","33,200","33,600","33,900","32,750","33,354",500,1.51,15.98,532.92,16.00,523.20,31.98,"1,056.12","50,707.06"
503,22/08/2024,SSI,"33,050","33,050","33,100","33,250","32,700","32,992",50,0.15,10.21,336.87,0.00,0.00,10.21,336.87,"49,952.49"
504,21/08/2024,SSI,"32,650","32,650","33,050","33,050","32,450","32,727",400,1.23,12.95,423.85,16.00,522.40,28.95,946.25,"49,877.03"
505,20/08/2024,SSI,"32,400","32,400","32,650","32,950","32,300","32,599",250,0.77,13.82,450.43,0.85,27.74,14.67,478.18,"49,273.38"
506,19/08/2024,SSI,"32,700","33,000","32,400","33,000","32,400","32,624",-300,-0.92,9.67,315.58,15.22,497.80,24.89,813.38,"48,896.09"
507,16/08/2024,SSI,"30,900","31,250","32,700","32,700","31,150","32,181","1,800",5.83,27.28,877.97,0.11,3.44,27.39,881.41,"49,348.83"
508,15/08/2024,SSI,"31,400","31,400","30,900","31,550","30,800","31,032",-500,-1.59,9.34,289.84,0.00,0.00,9.34,289.84,"46,632.38"
509,14/08/2024,SSI,"31,700","31,800","31,400","31,850","31,300","31,519",-300,-0.95,7.22,227.64,0.00,0.00,7.22,227.64,"47,386.95"
510,13/08/2024,SSI,"32,000","31,950","31,700","31,950","31,250","31,527",-300,-0.94,9.40,296.26,0.05,1.44,9.44,297.70,"47,839.70"
511,12/08/2024,SSI,"31,300","31,600","32,000","32,000","31,200","31,643",700,2.24,11.07,350.45,0.00,0.00,11.07,350.45,"48,292.44"
512,09/08/2024,SSI,"30,000","30,550","31,300","31,600","30,300","31,025","1,300",4.33,14.92,462.93,0.00,0.00,14.92,462.93,"47,236.04"
513,08/08/2024,SSI,"30,600","30,300","30,000","30,700","29,900","30,274",-600,-1.96,11.14,337.25,0.03,0.92,11.17,338.17,"45,274.16"
514,07/08/2024,SSI,"30,600","30,900","30,600","30,900","30,250","30,496",0,0.00,6.53,199.05,0.70,19.95,7.23,219.00,"46,179.64"
515,06/08/2024,SSI,"29,600","30,300","30,600","31,000","29,650","30,273","1,000",3.38,17.11,518.00,0.03,0.78,17.14,518.78,"46,179.64"
516,05/08/2024,SSI,"31,250","30,650","29,600","30,800","29,600","30,101","-1,650",-5.28,22.03,663.02,0.20,6.00,22.23,669.02,"44,670.50"
517,02/08/2024,SSI,"30,300","29,850","31,250","31,350","29,750","30,376",950,3.14,15.35,466.16,0.00,0.00,15.35,466.16,"47,160.58"
518,01/08/2024,SSI,"31,800","32,100","30,300","32,100","30,000","30,848","-1,500",-4.72,23.88,736.55,0.00,0.00,23.88,736.55,"45,726.90"
519,31/07/2024,SSI,"31,950","32,200","31,800","32,300","31,700","32,021",-150,-0.47,7.85,251.45,1.53,50.06,9.39,301.51,"47,990.61"
520,30/07/2024,SSI,"32,200","32,200","31,950","32,400","31,900","32,124",-250,-0.78,5.99,192.33,0.00,0.00,5.99,192.33,"48,216.98"
521,29/07/2024,SSI,"32,100","32,350","32,200","32,550","32,200","32,373",100,0.31,5.70,184.46,2.29,76.28,7.99,260.74,"48,594.27"
522,26/07/2024,SSI,"31,900","32,100","32,100","32,300","31,900","32,015",200,0.63,7.00,224.03,0.00,0.00,7.00,224.03,"48,443.35"
523,25/07/2024,SSI,"32,900","32,300","31,900","32,650","31,800","32,083","-1,000",-3.04,16.46,528.16,0.00,0.00,16.46,528.16,"48,141.52"
524,24/07/2024,SSI,"33,850","33,650","32,900","33,900","31,950","32,882",-950,-2.81,21.94,721.36,0.00,0.00,21.94,721.36,"49,650.66"
525,23/07/2024,SSI,"34,650","34,650","33,850","34,750","33,850","34,187",-800,-2.31,12.72,434.91,0.00,0.00,12.72,434.91,"51,084.34"
526,22/07/2024,SSI,"34,800","34,750","34,650","35,050","34,150","34,654",-150,-0.43,10.11,350.41,2.33,83.92,12.44,434.32,"52,291.65"
527,19/07/2024,SSI,"34,350","34,700","34,800","35,200","34,500","34,834",450,1.31,17.26,601.39,0.00,0.00,17.26,601.39,"52,518.03"
528,18/07/2024,SSI,"34,150","34,350","34,350","34,400","33,800","34,085",200,0.59,9.45,322.19,0.00,0.01,9.45,322.20,"51,838.91"
529,17/07/2024,SSI,"34,400","34,600","34,150","34,950","33,950","34,507",-250,-0.73,14.34,494.91,0.00,0.01,14.34,494.91,"51,537.09"
530,16/07/2024,SSI,"34,300","34,500","34,400","35,000","34,350","34,627",100,0.29,7.48,258.98,0.00,0.01,7.48,258.99,"51,914.37"
531,15/07/2024,SSI,"34,450","34,700","34,300","34,700","34,300","34,469",-150,-0.44,3.95,136.27,0.00,0.00,3.95,136.27,"51,763.46"
532,12/07/2024,SSI,"34,800","34,800","34,450","34,900","34,450","34,603",-350,-1.01,5.11,176.79,0.00,0.00,5.11,176.80,"51,989.83"
533,11/07/2024,SSI,"34,350","34,600","34,800","35,150","34,450","34,774",450,1.31,11.00,382.55,0.00,0.01,11.00,382.55,"52,518.03"
534,10/07/2024,SSI,"34,650","34,700","34,350","34,750","34,350","34,562",-300,-0.87,5.76,199.21,0.00,0.01,5.76,199.21,"51,838.91"
535,09/07/2024,SSI,"34,550","34,600","34,650","34,900","34,300","34,630",100,0.29,10.08,348.94,0.00,0.01,10.08,348.95,"52,291.65"
536,08/07/2024,SSI,"34,650","34,800","34,550","35,050","34,400","34,646",-100,-0.29,7.63,264.24,0.07,2.18,7.69,266.42,"52,140.74"
537,05/07/2024,SSI,"34,400","34,400","34,650","34,650","34,150","34,411",250,0.73,7.44,256.02,0.00,0.01,7.44,256.03,"52,291.65"
538,04/07/2024,SSI,"34,450","34,450","34,400","34,800","34,300","34,535",-50,-0.15,5.77,199.13,0.00,0.01,5.77,199.13,"51,914.37"
539,03/07/2024,SSI,"34,350","34,350","34,450","34,600","34,350","34,482",100,0.29,5.95,205.25,0.00,0.01,5.95,205.26,"51,989.83"
540,02/07/2024,SSI,"33,900","34,050","34,350","34,350","33,900","34,183",450,1.33,7.21,246.58,0.00,0.01,7.21,246.59,"51,838.91"
541,01/07/2024,SSI,"33,950","34,050","33,900","34,100","33,450","33,703",-50,-0.15,7.93,267.40,0.02,0.72,7.95,268.12,"51,159.80"
542,28/06/2024,SSI,"34,300","34,300","33,950","34,450","33,750","34,016",-350,-1.02,11.36,386.51,0.00,0.00,11.36,386.51,"51,235.26"
543,27/06/2024,SSI,"34,400","34,300","34,300","34,550","34,100","34,279",-100,-0.29,5.31,181.97,0.00,0.01,5.31,181.98,"51,763.46"
544,26/06/2024,SSI,"34,550","34,550","34,400","34,650","33,600","34,230",-150,-0.43,11.52,394.16,0.10,3.48,11.62,397.64,"51,914.37"
545,25/06/2024,SSI,"34,600","34,600","34,550","34,850","34,400","34,611",-50,-0.14,6.52,225.79,0.03,1.15,6.56,226.93,"52,140.74"
546,24/06/2024,SSI,"35,500","35,450","34,600","35,500","34,200","34,628",-900,-2.54,27.19,941.40,0.50,18.00,27.69,959.40,"52,216.20"
547,21/06/2024,SSI,"35,900","35,800","35,500","36,000","35,500","35,674",-400,-1.11,9.06,323.03,0.00,0.00,9.06,323.03,"53,574.42"
548,20/06/2024,SSI,"36,200","36,200","35,900","36,300","35,400","35,819",-300,-0.83,14.27,511.31,0.00,0.01,14.28,511.32,"54,178.08"
549,19/06/2024,SSI,"36,100","36,200","36,200","36,300","35,800","36,047",100,0.28,9.77,352.14,0.00,0.01,9.77,352.15,"54,630.82"
550,18/06/2024,SSI,"35,900","36,100","36,100","36,300","35,850","36,094",200,0.56,9.69,349.85,0.00,0.00,9.69,349.85,"54,479.91"
551,17/06/2024,SSI,"36,100","36,000","35,900","36,250","35,750","35,941",-200,-0.55,12.55,451.11,0.00,0.00,12.55,451.11,"54,178.08"
552,14/06/2024,SSI,"36,500","36,700","36,100","37,200","36,100","36,758",-400,-1.10,26.74,982.82,0.26,9.36,27.00,992.18,"54,479.91"
553,13/06/2024,SSI,"36,600","36,800","36,500","36,900","36,350","36,559",-100,-0.27,13.01,475.58,0.00,0.00,13.01,475.58,"55,083.56"
554,12/06/2024,SSI,"35,800","35,850","36,600","36,600","35,800","36,315",800,2.23,27.35,993.06,0.40,14.37,27.74,"1,007.43","55,234.48"
555,11/06/2024,SSI,"35,350","35,500","35,800","35,800","35,250","35,543",450,1.27,14.78,525.15,0.07,2.48,14.85,527.63,"54,027.16"
556,10/06/2024,SSI,"35,450","35,500","35,350","35,800","35,350","35,586",-100,-0.28,13.31,473.75,0.00,0.01,13.31,473.76,"53,348.05"
557,07/06/2024,SSI,"35,400","35,650","35,450","35,650","35,300","35,457",50,0.14,6.45,228.62,0.00,0.01,6.45,228.63,"53,498.97"
558,06/06/2024,SSI,"35,400","35,600","35,400","35,650","35,200","35,416",0,0.00,8.63,305.76,0.00,0.01,8.63,305.77,"53,423.51"
559,05/06/2024,SSI,"35,400","35,450","35,400","35,800","35,400","35,624",0,0.00,14.11,502.61,0.00,0.01,14.11,502.61,"53,423.51"
560,04/06/2024,SSI,"35,400","35,400","35,400","35,900","35,350","35,602",0,0.00,11.44,407.30,0.00,0.00,11.44,407.30,"53,423.51"
561,03/06/2024,SSI,"34,700","35,000","35,400","35,600","35,000","35,374",700,2.02,12.49,441.69,0.05,1.67,12.54,443.36,"53,423.51"
562,31/05/2024,SSI,"34,850","34,850","34,700","35,000","34,600","34,816",-150,-0.43,8.44,293.90,0.00,0.01,8.44,293.90,"52,367.11"
563,30/05/2024,SSI,"35,200","35,000","34,850","35,050","34,300","34,705",-350,-0.99,18.86,654.59,0.00,0.00,18.86,654.60,"52,593.48"
564,29/05/2024,SSI,"35,600","35,750","35,200","35,900","35,100","35,560",-400,-1.12,13.09,465.56,0.00,0.00,13.09,465.56,"53,121.68"
565,28/05/2024,SSI,"35,100","35,300","35,600","35,600","35,150","35,445",500,1.42,13.04,462.35,0.00,0.01,13.04,462.35,"53,725.34"
566,27/05/2024,SSI,"35,250","35,250","35,100","35,500","34,800","35,074",-150,-0.43,16.84,590.69,0.00,0.00,16.84,590.70,"52,970.77"
567,24/05/2024,SSI,"36,700","36,300","35,250","36,450","34,800","35,799","-1,450",-3.95,28.29,"1,012.93",0.00,0.00,28.29,"1,012.93","53,197.14"
568,23/05/2024,SSI,"36,450","36,400","36,700","36,700","35,850","36,223",250,0.69,16.68,604.17,0.25,8.75,16.93,612.93,"55,385.39"
569,22/05/2024,SSI,"36,800","36,800","36,450","37,350","36,400","36,909",-350,-0.95,22.69,837.40,0.15,5.28,22.84,842.68,"55,008.10"
570,21/05/2024,SSI,"36,650","36,550","36,800","36,800","36,300","36,541",150,0.41,14.04,512.94,0.69,24.80,14.72,537.75,"55,536.30"
571,20/05/2024,SSI,"36,400","36,600","36,650","37,100","36,500","36,845",250,0.69,19.95,734.88,0.02,0.73,19.97,735.61,"55,309.93"
572,17/05/2024,SSI,"36,100","36,100","36,400","36,600","35,950","36,321",300,0.83,14.82,538.13,1.09,40.08,15.90,578.21,"54,932.65"
573,16/05/2024,SSI,"35,950","36,350","36,100","36,400","36,050","36,243",150,0.42,13.62,493.48,0.30,10.22,13.92,503.69,"54,479.91"
574,15/05/2024,SSI,"35,500","35,700","35,950","36,300","35,500","35,958",450,1.27,20.29,729.73,0.70,23.80,20.99,753.53,"54,253.54"
575,14/05/2024,SSI,"35,600","35,650","35,500","35,900","35,350","35,557",-100,-0.28,7.03,249.93,0.00,0.00,7.03,249.94,"53,574.42"
576,13/05/2024,SSI,"35,450","35,650","35,600","35,900","35,250","35,648",150,0.42,10.27,366.20,1.00,37.21,11.27,403.41,"53,725.34"
577,10/05/2024,SSI,"35,200","35,300","35,450","35,500","35,000","35,272",250,0.71,12.12,427.44,0.00,0.00,12.12,427.44,"53,498.97"
578,09/05/2024,SSI,"35,650","35,850","35,200","35,900","35,050","35,373",-450,-1.26,15.34,542.72,0.02,0.72,15.36,543.44,"53,121.68"
579,08/05/2024,SSI,"35,550","35,200","35,650","35,900","35,100","35,547",100,0.28,13.71,487.38,0.00,0.00,13.71,487.38,"53,800.79"
580,07/05/2024,SSI,"35,650","35,800","35,550","36,000","35,400","35,587",-100,-0.28,8.27,294.42,0.00,0.00,8.27,294.42,"53,649.88"
581,06/05/2024,SSI,"34,650","35,000","35,650","36,050","34,950","35,576","1,000",2.89,16.79,597.31,0.00,0.00,16.79,597.31,"53,800.79"
582,03/05/2024,SSI,"34,700","35,100","34,650","35,300","34,600","34,981",-50,-0.14,9.16,320.56,0.20,6.95,9.36,327.51,"52,291.65"
583,02/05/2024,SSI,"35,200","35,200","34,700","35,300","34,300","34,633",-500,-1.42,12.22,423.23,0.03,0.95,12.25,424.18,"52,367.11"
584,26/04/2024,SSI,"35,350","34,850","35,200","35,350","34,700","35,012",-150,-0.42,13.82,483.86,0.45,16.74,14.27,500.60,"53,121.68"
585,25/04/2024,SSI,"35,650","35,650","35,350","35,650","35,100","35,286",-300,-0.84,10.58,373.26,0.00,0.00,10.58,373.26,"53,348.05"
586,24/04/2024,SSI,"34,500","35,000","35,650","35,950","34,900","35,441","1,150",3.33,21.33,755.84,0.00,0.00,21.33,755.84,"53,800.79"
587,23/04/2024,SSI,"35,100","35,100","34,500","35,300","34,300","34,801",-600,-1.71,16.74,582.63,0.00,0.00,16.74,582.63,"52,065.28"
588,22/04/2024,SSI,"33,200","34,200","35,100","35,500","33,950","34,598","1,900",5.72,19.50,674.65,0.02,0.62,19.52,675.28,"52,970.77"
589,19/04/2024,SSI,"34,400","33,950","33,200","34,800","33,050","33,849","-1,200",-3.49,29.56,"1,000.67",0.00,0.00,29.56,"1,000.67","50,103.40"
590,17/04/2024,SSI,"35,200","35,450","34,400","35,500","34,400","34,834",-800,-2.27,13.93,485.29,0.08,2.67,14.01,487.96,"51,570.37"
591,16/04/2024,SSI,"34,950","35,100","35,200","35,300","34,100","34,829",250,0.72,32.80,"1,142.21",0.17,5.91,32.97,"1,148.12","52,769.68"
592,15/04/2024,SSI,"37,550","37,300","34,950","37,650","34,950","36,179","-2,600",-6.92,29.94,"1,083.10",0.00,0.00,29.94,"1,083.10","52,394.90"
593,12/04/2024,SSI,"37,150","37,350","37,550","37,800","37,050","37,450",400,1.08,19.50,730.23,0.00,0.00,19.50,730.23,"56,292.66"
594,11/04/2024,SSI,"36,950","36,550","37,150","37,400","36,550","37,046",200,0.54,11.89,440.40,0.00,0.00,11.89,440.40,"55,693.00"
595,10/04/2024,SSI,"37,500","37,600","36,950","37,600","36,950","37,275",-550,-1.47,8.53,317.78,0.00,0.00,8.53,317.78,"55,393.17"
596,09/04/2024,SSI,"36,700","36,900","37,500","37,500","36,700","37,124",800,2.18,13.24,491.36,0.04,1.50,13.28,492.86,"56,217.70"
597,08/04/2024,SSI,"36,800","36,800","36,700","37,000","36,650","36,820",-100,-0.27,12.12,446.20,0.00,0.00,12.12,446.20,"55,018.39"
598,05/04/2024,SSI,"37,650","37,150","36,800","37,300","36,800","37,039",-850,-2.26,31.24,"1,157.25",0.08,3.00,31.32,"1,160.25","55,168.30"
599,04/04/2024,SSI,"38,050","38,050","37,650","38,200","37,650","37,935",-400,-1.05,24.88,943.97,0.00,0.00,24.88,943.97,"56,442.57"
600,03/04/2024,SSI,"38,900","38,800","38,050","39,200","38,000","38,575",-850,-2.19,25.75,993.33,0.00,0.00,25.75,993.33,"57,042.23"
601,02/04/2024,SSI,"38,800","38,300","38,900","39,000","38,000","38,509",100,0.26,21.15,814.41,0.10,3.88,21.25,818.29,"58,316.49"
602,01/04/2024,SSI,"38,500","38,500","38,800","39,200","37,850","38,379",300,0.78,31.09,"1,193.25",0.03,1.16,31.12,"1,194.41","58,166.58"
603,29/03/2024,SSI,"39,150","39,050","38,500","39,100","38,500","38,701",-650,-1.66,17.53,678.42,0.15,5.71,17.68,684.13,"57,716.84"
604,28/03/2024,SSI,"38,500","39,000","39,150","39,250","38,800","38,985",650,1.69,26.42,"1,029.89",0.02,0.72,26.44,"1,030.61","58,691.28"
605,27/03/2024,SSI,"38,000","38,300","38,500","38,500","37,900","38,194",500,1.32,18.77,717.09,0.35,13.24,19.12,730.33,"57,716.84"
606,26/03/2024,SSI,"37,500","37,400","38,000","38,200","37,150","37,757",500,1.33,19.52,736.83,0.03,0.90,19.54,737.73,"56,967.27"
607,25/03/2024,SSI,"37,800","37,850","37,500","38,300","37,300","37,827",-300,-0.79,24.34,920.88,0.40,15.09,24.74,935.96,"56,217.70"
608,22/03/2024,SSI,"37,650","37,800","37,800","38,450","37,600","37,923",150,0.40,29.82,"1,130.80",0.08,3.07,29.90,"1,133.87","56,667.44"
609,21/03/2024,SSI,"37,200","37,950","37,650","38,000","37,500","37,731",450,1.21,27.18,"1,025.35",0.74,27.47,27.91,"1,052.82","56,442.57"
610,20/03/2024,SSI,"36,150","36,400","37,200","37,200","36,250","36,670","1,050",2.90,16.36,600.08,0.08,2.62,16.44,602.70,"55,767.96"
611,19/03/2024,SSI,"36,650","36,700","36,150","37,000","36,150","36,407",-500,-1.36,14.63,532.58,0.10,3.41,14.73,535.99,"54,193.86"
612,18/03/2024,SSI,"37,800","37,850","36,650","38,000","35,600","36,498","-1,150",-3.04,48.61,"1,774.32",0.00,0.00,48.61,"1,774.32","54,943.43"
613,15/03/2024,SSI,"37,850","37,800","37,800","37,900","37,100","37,508",-50,-0.13,27.98,"1,049.37",0.05,1.89,28.03,"1,051.26","56,667.44"
614,14/03/2024,SSI,"37,950","38,050","37,850","39,000","37,800","38,279",-100,-0.26,39.36,"1,506.81",0.89,33.97,40.26,"1,540.79","56,742.40"
615,13/03/2024,SSI,"36,300","36,400","37,950","38,100","36,300","37,283","1,650",4.55,35.79,"1,334.28",0.02,0.83,35.81,"1,335.11","56,892.31"
616,12/03/2024,SSI,"36,350","36,350","36,300","36,600","36,050","36,302",-50,-0.14,21.93,796.00,0.00,0.00,21.93,796.00,"54,418.73"
617,11/03/2024,SSI,"36,800","36,800","36,350","37,150","36,200","36,720",-450,-1.22,24.85,912.37,0.00,0.00,24.85,912.37,"54,493.69"
618,08/03/2024,SSI,"37,700","37,900","36,800","38,100","36,800","37,246",-900,-2.39,35.88,"1,336.50",0.09,3.17,35.97,"1,339.66","55,168.30"
619,07/03/2024,SSI,"37,100","37,000","37,700","37,950","36,850","37,582",600,1.62,34.06,"1,280.07",0.10,3.52,34.16,"1,283.59","56,517.53"
620,06/03/2024,SSI,"37,400","37,400","37,100","37,800","36,700","37,098",-300,-0.80,27.68,"1,026.93",0.11,4.00,27.79,"1,030.92","55,618.04"
621,05/03/2024,SSI,"37,150","37,150","37,400","37,450","36,650","36,988",250,0.67,31.39,"1,160.93",0.80,29.62,32.19,"1,190.54","56,067.79"
622,04/03/2024,SSI,"37,350","37,800","37,150","37,850","37,000","37,295",-200,-0.54,25.35,945.28,0.03,0.90,25.37,946.19,"55,693.00"
623,01/03/2024,SSI,"37,000","37,400","37,350","37,700","37,000","37,355",350,0.95,21.49,802.79,0.28,10.22,21.77,813.01,"55,992.83"
624,29/02/2024,SSI,"36,100","36,400","37,000","37,700","36,300","37,126",900,2.49,43.19,"1,603.41",0.08,2.95,43.27,"1,606.36","55,468.13"
625,28/02/2024,SSI,"35,900","36,100","36,100","36,250","35,650","35,965",200,0.56,26.07,937.44,0.00,0.00,26.07,937.44,"54,118.91"
626,27/02/2024,SSI,"35,100","35,250","35,900","36,450","35,100","35,839",800,2.28,47.04,"1,685.90",0.33,11.33,47.37,"1,697.23","53,819.08"
627,26/02/2024,SSI,"34,150","34,100","35,100","35,350","34,050","34,733",950,2.78,26.88,933.46,0.07,2.39,26.95,935.85,"52,619.77"
628,23/02/2024,SSI,"34,650","34,600","34,150","34,900","34,050","34,478",-500,-1.44,24.14,832.41,0.00,0.00,24.14,832.41,"51,195.59"
629,22/02/2024,SSI,"34,950","34,850","34,650","34,950","34,550","34,694",-300,-0.86,14.41,500.01,0.16,5.59,14.57,505.60,"51,945.15"
630,21/02/2024,SSI,"35,300","35,300","34,950","35,300","34,700","34,967",-350,-0.99,18.55,648.75,0.00,0.00,18.55,648.75,"52,394.90"
631,20/02/2024,SSI,"35,200","35,650","35,300","35,800","35,250","35,494",100,0.28,18.10,642.49,0.16,5.69,18.26,648.18,"52,919.60"
632,19/02/2024,SSI,"35,000","35,000","35,200","35,200","34,400","34,702",200,0.57,32.83,"1,139.40",0.00,0.00,32.83,"1,139.40","52,769.68"
633,16/02/2024,SSI,"35,100","35,350","35,000","35,400","34,900","35,067",-100,-0.28,18.04,632.52,0.00,0.00,18.04,632.52,"52,469.85"
634,15/02/2024,SSI,"35,100","35,200","35,100","35,500","35,000","35,217",0,0.00,14.89,524.34,0.00,0.00,14.89,524.34,"52,619.77"
635,07/02/2024,SSI,"35,000","35,000","35,100","35,350","34,900","35,100",100,0.29,15.71,551.44,0.09,3.05,15.80,554.49,"52,619.77"
636,06/02/2024,SSI,"34,950","35,150","35,000","35,450","34,900","35,149",50,0.14,13.20,463.81,0.95,33.51,14.15,497.32,"52,469.85"
637,05/02/2024,SSI,"34,800","34,800","34,950","35,150","34,500","34,798",150,0.43,19.53,679.55,0.07,2.33,19.60,681.87,"52,394.90"
638,02/02/2024,SSI,"34,650","34,900","34,800","35,450","34,800","35,018",150,0.43,23.51,823.13,0.02,0.69,23.53,823.82,"52,170.03"
639,01/02/2024,SSI,"34,400","34,450","34,650","34,850","34,400","34,580",250,0.73,11.15,385.68,0.04,1.38,11.19,387.06,"51,945.15"
640,31/01/2024,SSI,"34,150","34,300","34,400","35,150","34,200","34,761",250,0.73,44.82,"1,557.95",0.05,1.71,44.87,"1,559.66","51,570.37"
641,30/01/2024,SSI,"33,950","33,850","34,150","34,150","33,800","33,943",200,0.59,11.91,404.10,0.00,0.00,11.91,404.10,"51,195.59"
642,29/01/2024,SSI,"34,100","34,200","33,950","34,400","33,850","34,076",-150,-0.44,12.26,417.76,0.00,0.00,12.26,417.76,"50,895.76"
643,26/01/2024,SSI,"33,950","34,150","34,100","34,350","33,950","34,171",150,0.44,14.29,488.24,0.00,0.00,14.29,488.24,"51,120.63"
644,25/01/2024,SSI,"34,000","34,050","33,950","34,200","33,850","34,011",-50,-0.15,10.94,372.16,0.00,0.00,10.94,372.16,"50,895.76"
645,24/01/2024,SSI,"33,800","33,750","34,000","34,400","33,700","34,112",200,0.59,27.35,933.01,2.67,92.48,30.02,"1,025.49","50,970.71"
646,23/01/2024,SSI,"33,950","34,000","33,800","34,100","33,650","33,826",-150,-0.44,12.56,425.02,0.00,0.00,12.56,425.02,"50,670.89"
647,22/01/2024,SSI,"33,700","33,900","33,950","34,000","33,400","33,630",250,0.74,16.81,565.47,0.00,0.00,16.81,565.47,"50,895.76"
648,19/01/2024,SSI,"33,800","34,000","33,700","34,100","33,400","33,681",-100,-0.30,22.39,754.09,0.00,0.00,22.39,754.09,"50,520.97"
649,18/01/2024,SSI,"33,650","33,800","33,800","34,050","33,650","33,862",150,0.45,14.74,499.01,0.00,0.00,14.74,499.01,"50,670.89"
650,17/01/2024,SSI,"33,500","33,500","33,650","34,500","33,450","34,032",150,0.45,26.22,892.27,0.08,2.74,26.30,895.01,"50,446.02"
651,16/01/2024,SSI,"33,000","33,000","33,500","33,500","32,750","32,980",500,1.52,19.32,637.01,0.00,0.00,19.32,637.01,"50,221.15"
652,15/01/2024,SSI,"33,850","34,000","33,000","34,100","33,000","33,452",-850,-2.51,22.25,744.18,0.00,0.00,22.25,744.18,"49,471.58"
653,12/01/2024,SSI,"33,900","33,600","33,850","34,000","33,350","33,697",-50,-0.15,25.26,851.15,0.02,0.68,25.28,851.82,"50,745.84"
654,11/01/2024,SSI,"33,700","33,750","33,900","34,400","33,600","33,909",200,0.59,25.47,863.73,0.10,3.42,25.57,867.15,"50,820.80"
655,10/01/2024,SSI,"34,000","33,950","33,700","34,050","33,350","33,685",-300,-0.88,23.83,802.67,0.03,1.02,23.86,803.69,"50,520.97"
656,09/01/2024,SSI,"34,100","34,200","34,000","34,350","33,900","34,098",-100,-0.29,18.99,647.35,0.20,6.82,19.19,654.17,"50,970.71"
657,08/01/2024,SSI,"34,150","34,450","34,100","34,500","34,000","34,226",-50,-0.15,20.73,709.47,0.08,2.79,20.81,712.27,"51,120.63"
658,05/01/2024,SSI,"33,600","33,800","34,150","34,150","33,600","33,890",550,1.64,25.14,851.91,0.00,0.00,25.14,851.91,"51,195.59"
659,04/01/2024,SSI,"32,950","33,000","33,600","34,200","33,000","33,807",650,1.97,58.71,"1,984.93",0.03,1.06,58.75,"1,985.98","50,371.06"
660,03/01/2024,SSI,"32,500","32,350","32,950","32,950","32,300","32,646",450,1.38,11.41,372.45,0.00,0.00,11.41,372.45,"49,396.62"
661,02/01/2024,SSI,"32,800","33,000","32,500","33,200","32,500","32,805",-300,-0.91,18.05,592.21,0.00,0.00,18.05,592.21,"48,722.01"
662,29/12/2023,SSI,"33,000","32,950","32,800","33,100","32,750","32,886",-200,-0.61,12.79,420.62,0.00,0.00,12.79,420.62,"49,171.75"
663,28/12/2023,SSI,"32,800","32,850","33,000","33,150","32,650","32,872",200,0.61,10.90,358.17,0.21,6.90,11.11,365.07,"49,471.58"
664,27/12/2023,SSI,"32,750","32,950","32,800","33,150","32,800","32,947",50,0.15,16.10,530.49,0.21,6.91,16.31,537.40,"49,171.75"
665,26/12/2023,SSI,"32,550","32,600","32,750","32,900","32,500","32,700",200,0.61,14.01,457.99,0.00,0.00,14.01,457.99,"49,096.79"
666,25/12/2023,SSI,"32,350","32,350","32,550","32,750","32,100","32,472",200,0.62,13.95,453.09,0.26,8.24,14.21,461.33,"48,796.96"
667,22/12/2023,SSI,"32,200","32,350","32,350","32,950","32,200","32,599",150,0.47,17.46,569.10,0.09,2.90,17.55,572.00,"48,497.14"
668,21/12/2023,SSI,"32,300","32,050","32,200","32,300","32,000","32,167",-100,-0.31,8.08,260.03,0.16,5.26,8.25,265.29,"48,272.27"
669,20/12/2023,SSI,"32,150","32,150","32,300","32,600","31,950","32,267",150,0.47,13.51,435.82,0.07,2.10,13.58,437.92,"48,422.18"
670,19/12/2023,SSI,"31,700","31,750","32,150","32,150","31,350","31,743",450,1.42,15.69,497.97,0.07,2.25,15.76,500.22,"48,197.31"
671,18/12/2023,SSI,"31,800","31,850","31,700","32,150","31,650","31,837",-100,-0.31,11.32,360.50,0.05,1.60,11.38,362.10,"47,522.70"
672,15/12/2023,SSI,"32,000","32,100","31,800","32,500","31,700","31,989",-200,-0.63,19.87,635.66,1.01,32.81,20.88,668.47,"47,672.61"
673,14/12/2023,SSI,"32,000","32,500","32,000","32,500","31,900","32,218",0,0.00,15.66,504.49,0.00,0.00,15.66,504.49,"47,972.44"
674,13/12/2023,SSI,"32,600","32,900","32,000","32,950","32,000","32,518",-600,-1.84,21.55,700.75,0.00,0.00,21.55,700.75,"47,972.44"
675,12/12/2023,SSI,"32,700","32,800","32,600","33,000","32,500","32,668",-100,-0.31,12.45,406.84,1.50,48.98,13.95,455.82,"48,871.92"
676,11/12/2023,SSI,"32,600","32,600","32,700","33,050","32,100","32,470",100,0.31,20.00,649.30,0.03,0.82,20.02,650.12,"49,021.83"
677,08/12/2023,SSI,"32,850","32,700","32,600","33,000","32,300","32,709",-250,-0.76,18.08,591.37,0.00,0.00,18.08,591.37,"48,871.92"
678,07/12/2023,SSI,"33,600","33,600","32,850","33,700","32,050","32,723",-750,-2.23,44.21,"1,446.78",0.05,1.50,44.26,"1,448.28","49,246.71"
679,06/12/2023,SSI,"33,300","33,350","33,600","33,850","33,250","33,610",300,0.90,17.90,601.78,0.03,1.07,17.93,602.84,"50,371.06"
680,05/12/2023,SSI,"33,600","33,650","33,300","33,700","33,150","33,347",-300,-0.89,23.48,782.83,0.00,0.00,23.48,782.83,"49,921.32"
681,04/12/2023,SSI,"32,000","32,900","33,600","34,000","32,550","33,215","1,600",5.00,45.28,"1,503.89",0.08,2.57,45.36,"1,506.46","50,371.06"
682,01/12/2023,SSI,"31,300","31,700","32,000","32,250","31,250","31,717",700,2.24,20.04,635.72,0.00,0.00,20.04,635.72,"47,972.44"
683,30/11/2023,SSI,"31,600","31,600","31,300","32,150","31,300","31,786",-300,-0.95,16.68,530.18,0.29,9.29,16.97,539.47,"46,923.04"
684,29/11/2023,SSI,"31,400","31,500","31,600","31,950","31,300","31,607",200,0.64,12.22,386.10,0.06,1.98,12.28,388.07,"47,372.78"
685,28/11/2023,SSI,"31,000","31,000","31,400","31,500","30,200","30,737",400,1.29,21.40,657.67,0.00,0.00,21.40,657.67,"47,072.95"
686,27/11/2023,SSI,"32,000","31,950","31,000","32,000","31,000","31,349","-1,000",-3.13,15.10,473.39,0.43,13.92,15.53,487.31,"46,473.30"
687,24/11/2023,SSI,"30,900","31,250","32,000","32,000","30,700","31,147","1,100",3.56,24.68,768.78,0.00,0.00,24.68,768.78,"47,972.44"
688,23/11/2023,SSI,"32,900","33,200","30,900","33,200","30,900","32,318","-2,000",-6.08,27.08,875.25,0.10,3.27,27.18,878.52,"46,323.38"
689,22/11/2023,SSI,"32,550","32,500","32,900","32,950","32,300","32,632",350,1.08,22.92,748.02,1.64,56.27,24.56,804.29,"49,321.66"
690,21/11/2023,SSI,"32,400","32,800","32,550","32,800","32,300","32,545",150,0.46,17.29,562.70,0.00,0.00,17.29,562.70,"48,796.96"
691,20/11/2023,SSI,"31,500","30,700","32,400","32,700","30,650","31,782",900,2.86,26.50,842.32,1.32,38.98,27.82,881.30,"48,572.09"
692,17/11/2023,SSI,"32,300","32,350","31,500","32,600","31,100","31,738",-800,-2.48,29.29,929.54,0.00,0.00,29.29,929.54,"47,222.87"
693,16/11/2023,SSI,"31,950","31,900","32,300","32,300","31,350","31,832",350,1.10,19.05,606.50,0.00,0.00,19.05,606.50,"48,422.18"
694,15/11/2023,SSI,"31,750","32,800","31,950","32,800","31,900","32,491",200,0.63,26.91,874.29,1.01,32.37,27.92,906.66,"47,897.48"
695,14/11/2023,SSI,"31,450","31,950","31,750","32,200","31,350","31,804",300,0.95,23.24,739.13,1.97,62.46,25.21,801.59,"47,597.65"
696,13/11/2023,SSI,"30,800","31,000","31,450","31,600","30,800","31,201",650,2.11,20.86,651.00,0.50,15.61,21.36,666.60,"47,147.91"
697,10/11/2023,SSI,"30,850","30,600","30,800","31,900","30,550","31,214",-50,-0.16,32.34,"1,009.60",0.06,1.70,32.40,"1,011.30","46,173.47"
698,09/11/2023,SSI,"30,300","30,650","30,850","31,600","30,550","31,104",550,1.82,33.98,"1,056.99",0.00,0.00,33.98,"1,056.99","46,248.43"
699,08/11/2023,SSI,"28,350","28,350","30,300","30,300","28,300","29,512","1,950",6.88,31.63,933.46,0.00,0.00,31.63,933.46,"45,423.90"
700,07/11/2023,SSI,"29,000","28,900","28,350","29,300","28,300","28,729",-650,-2.24,18.33,526.59,0.75,21.60,19.07,548.20,"42,500.58"
701,06/11/2023,SSI,"28,900","29,150","29,000","29,300","28,800","28,997",100,0.35,17.86,517.92,0.00,0.00,17.86,517.92,"43,475.02"
702,03/11/2023,SSI,"28,900","29,000","28,900","29,050","28,300","28,704",0,0.00,25.38,728.66,0.00,0.00,25.38,728.66,"43,325.11"
703,02/11/2023,SSI,"27,150","27,600","28,900","29,000","27,500","28,157","1,750",6.45,27.48,773.78,0.35,9.87,27.83,783.65,"43,325.11"
704,01/11/2023,SSI,"25,750","25,750","27,150","27,150","25,750","26,436","1,400",5.44,30.98,818.91,0.00,0.00,30.98,818.91,"40,701.61"
705,31/10/2023,SSI,"27,500","27,550","25,750","27,900","25,650","26,618","-1,750",-6.36,36.44,969.83,0.00,0.00,36.44,969.83,"38,602.82"
706,30/10/2023,SSI,"29,450","29,000","27,500","29,350","27,500","28,450","-1,950",-6.62,16.79,477.74,0.00,0.00,16.79,477.74,"41,226.31"
707,27/10/2023,SSI,"28,700","29,250","29,450","29,800","28,750","29,151",750,2.61,20.05,584.54,0.00,0.00,20.05,584.54,"44,149.63"
708,26/10/2023,SSI,"30,800","29,700","28,700","29,950","28,650","28,814","-2,100",-6.82,54.16,"1,560.58",0.00,0.00,54.16,"1,560.58","43,025.28"
709,25/10/2023,SSI,"31,050","31,000","30,800","31,550","30,800","31,154",-250,-0.81,14.38,448.04,0.02,0.63,14.40,448.67,"46,173.47"
710,24/10/2023,SSI,"30,600","31,000","31,050","31,150","30,450","30,873",450,1.47,14.25,440.08,0.00,0.00,14.25,440.08,"46,548.26"
711,23/10/2023,SSI,"31,300","30,600","30,600","31,350","30,400","30,851",-700,-2.24,15.34,473.23,0.04,1.25,15.38,474.48,"45,873.64"
712,20/10/2023,SSI,"30,100","30,100","31,300","31,400","29,100","30,090","1,200",3.99,28.20,848.46,0.06,1.86,28.26,850.32,"46,923.04"
713,19/10/2023,SSI,"31,550","31,550","30,100","31,750","29,800","30,559","-1,450",-4.60,28.87,882.18,0.00,0.00,28.87,882.18,"45,124.07"
714,18/10/2023,SSI,"31,450","31,800","31,550","32,150","29,800","31,251",100,0.32,28.50,890.49,0.00,0.00,28.50,890.49,"47,297.83"
715,17/10/2023,SSI,"32,100","32,400","31,450","32,900","31,450","32,196",-650,-2.02,19.54,629.00,0.56,17.02,20.10,646.01,"47,147.91"
716,16/10/2023,SSI,"33,550","33,550","32,100","33,600","31,900","32,799","-1,450",-4.32,28.36,930.27,0.00,0.00,28.36,930.27,"48,122.35"
717,13/10/2023,SSI,"33,600","33,300","33,550","34,100","33,000","33,402",-50,-0.15,22.03,735.89,1.01,33.49,23.04,769.38,"50,296.10"
718,12/10/2023,SSI,"34,000","34,100","33,600","34,100","33,400","33,824",-400,-1.18,18.15,613.85,0.11,3.74,18.26,617.59,"50,371.06"
719,11/10/2023,SSI,"32,700","32,800","34,000","34,000","32,550","33,210","1,300",3.98,23.56,782.45,0.11,3.56,23.67,786.01,"50,970.71"
720,10/10/2023,SSI,"33,200","33,600","32,700","33,900","32,700","33,275",-500,-1.51,27.78,924.36,0.00,0.00,27.78,924.36,"49,021.83"
721,09/10/2023,SSI,"32,950","32,900","33,200","33,500","32,400","33,037",250,0.76,21.95,725.32,0.06,1.98,22.01,727.30,"49,771.40"
722,06/10/2023,SSI,"31,650","31,650","32,950","32,950","31,200","32,055","1,300",4.11,26.50,849.43,0.00,0.00,26.50,849.43,"49,396.62"
723,05/10/2023,SSI,"31,750","31,900","31,650","32,400","31,500","31,923",-100,-0.31,22.26,710.74,0.13,4.13,22.39,714.87,"47,447.74"
724,04/10/2023,SSI,"30,200","29,800","31,750","32,300","29,650","31,347","1,550",5.13,33.56,"1,052.03",0.00,0.00,33.56,"1,052.03","47,597.65"
725,03/10/2023,SSI,"32,100","31,600","30,200","31,650","30,100","30,822","-1,900",-5.92,42.25,"1,302.12",0.00,0.00,42.25,"1,302.12","45,273.99"
726,02/10/2023,SSI,"31,800","31,800","32,100","32,650","31,700","32,233",300,0.94,17.21,554.80,0.00,0.00,17.21,554.80,"48,122.35"
727,29/09/2023,SSI,"32,300","32,900","31,800","32,900","31,800","32,299",-500,-1.55,19.99,645.64,0.00,0.00,19.99,645.64,"47,672.61"
728,28/09/2023,SSI,"33,000","32,800","32,300","32,900","31,700","32,243",-700,-2.12,27.91,899.95,0.00,0.00,27.91,899.95,"48,422.18"
729,27/09/2023,SSI,"30,900","31,700","33,000","33,000","30,900","31,849","2,100",6.80,32.05,"1,020.64",0.33,10.56,32.38,"1,031.20","49,471.58"
730,26/09/2023,SSI,"30,350","31,000","30,900","32,450","30,300","31,344",550,1.81,38.70,"1,213.07",0.02,0.65,38.72,"1,213.72","46,323.38"
731,25/09/2023,SSI,"32,600","32,200","30,350","33,100","30,350","31,472","-2,250",-6.90,42.95,"1,351.70",0.17,5.71,43.12,"1,357.41","45,498.86"
732,22/09/2023,SSI,"34,750","33,650","32,600","33,950","32,350","32,922","-2,150",-6.19,69.56,"2,290.02",0.00,0.00,69.56,"2,290.02","48,871.92"
733,21/09/2023,SSI,"36,450","36,400","34,750","36,450","34,750","35,508","-1,700",-4.66,49.19,"1,746.54",0.26,8.81,49.45,"1,755.35","52,095.07"
734,20/09/2023,SSI,"36,200","36,400","36,450","37,000","36,100","36,602",250,0.69,22.95,840.08,0.49,16.61,23.44,856.69,"54,643.60"
735,19/09/2023,SSI,"35,700","35,800","36,200","36,200","35,200","35,766",500,1.40,19.56,699.53,0.08,2.86,19.64,702.39,"54,268.82"
736,18/09/2023,SSI,"35,500","35,000","35,700","35,950","34,900","35,322",200,0.56,25.49,900.28,0.00,0.00,25.49,900.28,"53,519.25"
737,15/09/2023,SSI,"35,650","35,900","35,500","36,050","35,000","35,485",-150,-0.42,23.63,838.38,0.69,24.54,24.32,862.92,"53,219.42"
738,14/09/2023,SSI,"35,800","35,800","35,650","36,250","34,900","35,640",-150,-0.42,33.91,"1,208.52",0.00,0.00,33.91,"1,208.52","53,444.29"
739,13/09/2023,SSI,"35,800","36,200","35,800","36,600","35,500","36,042",0,0.00,35.64,"1,284.54",0.00,0.00,35.64,"1,284.54","53,669.16"
740,12/09/2023,SSI,"33,500","33,650","35,800","35,800","33,500","34,888","2,300",6.87,37.13,"1,295.35",0.00,0.00,37.13,"1,295.35","53,669.16"
741,11/09/2023,SSI,"33,750","34,000","33,500","34,350","33,400","33,834",-250,-0.74,34.43,"1,164.82",0.04,1.32,34.47,"1,166.14","50,221.15"
742,08/09/2023,SSI,"33,650","33,500","33,750","34,100","33,400","33,823",100,0.30,16.66,563.38,0.33,10.89,16.99,574.27,"50,595.93"
743,07/09/2023,SSI,"34,000","34,100","33,650","34,150","33,300","33,730",-350,-1.03,21.47,724.22,2.12,69.10,23.59,793.32,"50,446.02"
744,06/09/2023,SSI,"33,350","33,350","34,000","34,500","32,950","33,932",650,1.95,19.66,666.97,0.04,1.36,19.70,668.33,"50,970.71"
745,05/09/2023,SSI,"33,400","33,600","33,350","33,700","32,800","33,254",-50,-0.15,27.14,902.38,1.67,58.18,28.81,960.55,"49,996.27"
746,31/08/2023,SSI,"33,500","33,500","33,400","33,750","33,300","33,517",-100,-0.30,17.64,591.16,2.53,84.56,20.17,675.71,"50,071.23"
747,30/08/2023,SSI,"32,350","32,400","33,500","33,900","32,100","32,896","1,150",3.55,24.98,821.77,0.12,3.92,25.10,825.69,"50,221.15"
748,29/08/2023,SSI,"32,450","32,500","32,350","32,800","31,700","32,166",-100,-0.31,35.20,"1,132.17",0.45,13.59,35.65,"1,145.76","48,497.14"
749,28/08/2023,SSI,"32,200","32,300","32,450","32,700","32,100","32,429",250,0.78,26.97,874.49,0.12,3.92,27.09,878.41,"48,647.05"
750,25/08/2023,SSI,"32,000","31,700","32,200","32,500","31,650","31,996",200,0.63,32.43,"1,037.74",0.10,3.00,32.53,"1,040.74","48,272.27"
751,24/08/2023,SSI,"30,400","30,300","32,000","32,100","30,150","31,200","1,600",5.26,38.30,"1,194.83",1.12,35.37,39.42,"1,230.19","47,972.44"
752,23/08/2023,SSI,"30,700","31,000","30,400","31,150","30,150","30,669",-300,-0.98,32.90,"1,008.98",2.93,84.27,35.83,"1,093.24","45,573.82"
753,22/08/2023,SSI,"28,850","29,000","30,700","30,700","27,850","29,263","1,850",6.41,51.81,"1,516.12",0.11,3.12,51.92,"1,519.24","46,023.56"
754,21/08/2023,SSI,"28,300","29,000","28,850","29,150","28,500","28,886",550,1.94,35.54,"1,026.55",0.65,18.40,36.19,"1,044.94","43,250.15"
755,18/08/2023,SSI,"29,950","29,700","28,300","30,400","28,000","29,414","-1,650",-5.51,46.44,"1,365.93",0.00,0.00,46.44,"1,365.93","42,425.62"
756,17/08/2023,SSI,"28,850","29,050","29,950","30,600","29,050","29,993","1,100",3.81,59.16,"1,774.34",3.50,94.50,62.66,"1,868.84","44,899.20"
757,16/08/2023,SSI,"28,700","28,650","28,850","29,150","28,450","28,796",150,0.52,14.34,412.82,0.00,0.00,14.34,412.82,"43,250.15"
758,15/08/2023,SSI,"29,150","29,200","28,700","29,200","28,650","28,822",-450,-1.54,13.18,380.01,0.00,0.00,13.18,380.01,"43,025.28"
759,14/08/2023,SSI,"28,150","28,450","29,150","29,400","28,100","28,858","1,000",3.55,30.33,875.34,0.00,0.00,30.33,875.34,"43,699.89"
760,11/08/2023,SSI,"28,100","28,250","28,150","28,300","27,650","27,942",50,0.18,27.54,769.41,0.04,1.10,27.57,770.51,"42,200.75"
761,10/08/2023,SSI,"28,600","28,600","28,100","28,850","28,100","28,366",-500,-1.75,23.38,663.26,0.65,17.29,24.03,680.55,"42,125.80"
762,09/08/2023,SSI,"29,100","28,900","28,600","29,200","28,550","28,857",-500,-1.72,16.62,479.60,0.56,16.10,17.18,495.70,"42,875.37"
763,08/08/2023,SSI,"29,700","29,850","29,100","29,850","29,000","29,381",-600,-2.02,11.63,341.66,0.00,0.00,11.63,341.67,"43,624.94"
764,07/08/2023,SSI,"29,200","29,600","29,700","29,950","29,400","29,649",500,1.71,15.09,447.49,0.02,0.67,15.12,448.17,"44,524.42"
765,04/08/2023,SSI,"28,500","28,500","29,200","29,400","28,500","28,937",700,2.46,14.99,433.82,0.00,0.00,14.99,433.83,"43,774.85"
766,03/08/2023,SSI,"29,000","28,950","28,500","29,050","28,300","28,676",-500,-1.72,15.21,436.17,0.00,0.00,15.21,436.17,"42,725.45"
767,02/08/2023,SSI,"28,800","28,700","29,000","29,150","28,600","28,889",200,0.69,11.46,331.03,0.80,23.44,12.26,354.48,"43,475.02"
768,01/08/2023,SSI,"29,650","29,700","28,800","29,700","28,800","29,277",-850,-2.87,16.38,479.46,0.35,9.70,16.73,489.15,"43,175.19"
769,31/07/2023,SSI,"29,750","29,950","29,650","30,200","29,350","29,632",-100,-0.34,15.22,450.99,0.60,17.73,15.82,468.71,"44,449.46"
770,28/07/2023,SSI,"29,450","29,450","29,750","29,900","29,350","29,632",300,1.02,13.13,389.08,0.50,15.45,13.63,404.53,"44,599.38"
771,27/07/2023,SSI,"29,000","29,000","29,450","29,700","28,900","29,288",450,1.55,16.47,482.25,0.06,1.81,16.53,484.06,"44,149.63"
772,26/07/2023,SSI,"28,800","28,800","29,000","29,050","28,400","28,772",200,0.69,12.78,367.72,0.07,1.94,12.85,369.66,"43,475.02"
773,25/07/2023,SSI,"28,700","28,700","28,800","29,100","28,500","28,789",100,0.35,14.45,415.98,0.70,18.73,15.15,434.70,"43,175.19"
774,24/07/2023,SSI,"28,750","29,100","28,700","29,200","28,400","28,791",-50,-0.17,14.54,418.50,0.50,14.47,15.04,432.96,"43,025.28"
775,21/07/2023,SSI,"28,000","28,000","28,750","28,800","27,850","28,255",750,2.68,16.46,465.15,0.00,0.00,16.46,465.15,"43,100.24"
776,20/07/2023,SSI,"28,500","28,500","28,000","28,500","27,600","27,940",-500,-1.75,28.83,805.58,0.10,2.82,28.93,808.39,"41,975.88"
777,19/07/2023,SSI,"28,550","28,600","28,500","28,900","28,450","28,594",-50,-0.18,10.05,287.28,0.00,0.00,10.05,287.28,"42,725.45"
778,18/07/2023,SSI,"28,800","28,800","28,550","28,800","28,450","28,601",-250,-0.87,12.42,355.10,0.46,13.25,12.88,368.35,"42,800.41"
779,17/07/2023,SSI,"28,500","28,550","28,800","29,200","28,550","28,972",300,1.05,14.47,419.17,0.20,5.32,14.67,424.49,"43,175.19"
780,14/07/2023,SSI,"28,400","28,500","28,500","28,600","27,950","28,274",100,0.35,16.10,455.29,2.00,55.90,18.10,511.19,"42,725.45"
781,13/07/2023,SSI,"27,950","28,250","28,400","28,500","28,000","28,235",450,1.61,16.16,456.19,0.02,0.62,16.18,456.81,"42,575.54"
782,12/07/2023,SSI,"28,050","28,300","27,950","28,600","27,650","28,159",-100,-0.36,23.04,648.92,2.00,55.90,25.04,704.82,"41,900.93"
783,11/07/2023,SSI,"27,500","27,400","28,050","28,450","27,400","27,908",550,2.00,27.10,756.32,2.62,73.36,29.73,829.68,"42,050.84"
784,10/07/2023,SSI,"26,450","26,650","27,500","27,500","26,650","27,148","1,050",3.97,30.63,831.65,0.00,0.00,30.63,831.65,"41,226.31"
785,07/07/2023,SSI,"26,300","26,100","26,450","26,450","25,650","26,166",150,0.57,14.80,387.16,0.00,0.00,14.80,387.16,"39,652.22"
786,06/07/2023,SSI,"26,200","26,200","26,300","26,700","25,800","26,258",100,0.38,26.81,703.88,2.37,62.19,29.18,766.07,"39,427.35"
787,05/07/2023,SSI,"26,500","26,700","26,200","26,700","26,200","26,457",-300,-1.13,15.87,419.97,0.14,3.73,16.01,423.70,"39,277.43"
788,04/07/2023,SSI,"25,700","25,700","26,500","26,500","25,550","26,118",800,3.11,24.38,636.81,0.08,2.06,24.46,638.86,"39,727.17"
789,03/07/2023,SSI,"25,800","26,050","25,700","26,100","25,650","25,788",-100,-0.39,13.14,338.89,0.20,5.40,13.34,344.29,"38,527.86"
790,30/06/2023,SSI,"25,450","25,500","25,800","25,900","25,400","25,664",350,1.38,14.52,372.57,3.50,87.83,18.02,460.40,"38,677.78"
791,29/06/2023,SSI,"26,550","26,650","25,450","26,650","25,450","25,936","-1,100",-4.14,19.94,517.21,0.22,5.96,20.16,523.17,"38,153.08"
792,28/06/2023,SSI,"26,600","26,600","26,550","26,950","26,400","26,630",-50,-0.19,16.42,437.33,0.20,5.27,16.62,442.59,"39,802.13"
793,27/06/2023,SSI,"25,800","25,850","26,600","26,750","25,800","26,340",800,3.10,20.38,536.93,0.00,0.00,20.38,536.93,"39,877.09"
794,26/06/2023,SSI,"26,000","26,000","25,800","26,050","25,250","25,554",-200,-0.77,17.38,444.23,0.10,2.60,17.48,446.83,"38,677.78"
795,23/06/2023,SSI,"26,100","26,100","26,000","26,200","25,750","26,031",-100,-0.38,12.48,324.94,0.16,4.13,12.64,329.07,"38,977.61"
796,22/06/2023,SSI,"26,000","26,100","26,100","26,500","25,800","25,991",100,0.38,15.25,396.24,0.00,0.00,15.25,396.24,"39,127.52"
797,21/06/2023,SSI,"25,700","25,700","26,000","26,200","25,600","25,921",300,1.17,19.26,499.21,0.74,18.74,20.00,517.95,"38,977.61"
798,20/06/2023,SSI,"25,400","25,800","25,700","25,950","24,950","25,346",300,1.18,19.25,488.00,0.31,7.96,19.57,495.96,"38,527.86"
799,19/06/2023,SSI,"26,100","26,300","26,400","26,700","26,100","26,346",300,1.15,15.01,395.55,0.55,14.63,15.57,410.18,"39,577.26"
800,16/06/2023,SSI,"25,700","26,050","26,100","27,200","26,050","26,529",400,1.56,34.45,913.88,5.02,128.98,39.47,"1,042.86","39,127.52"
801,15/06/2023,SSI,"25,400","25,500","25,700","25,800","25,450","25,648",300,1.18,14.24,365.34,0.00,0.00,14.24,365.34,"38,527.86"
802,14/06/2023,SSI,"25,350","25,500","25,400","26,200","25,350","25,696",50,0.20,25.25,648.85,1.10,27.77,26.35,676.62,"38,078.12"
803,13/06/2023,SSI,"25,350","25,500","25,350","25,700","25,100","25,361",0,0.00,18.42,467.14,0.00,0.00,18.42,467.14,"38,003.17"
804,12/06/2023,SSI,"25,250","25,250","25,350","25,400","24,700","25,046",100,0.40,17.31,433.51,0.10,2.42,17.40,435.93,"38,003.17"
805,09/06/2023,SSI,"24,300","24,500","25,250","25,250","24,250","24,668",950,3.91,22.96,566.28,0.05,1.15,23.01,567.44,"37,853.25"
806,08/06/2023,SSI,"25,100","25,300","24,300","25,400","24,300","24,797",-800,-3.19,34.76,861.83,0.13,3.02,34.88,864.85,"36,429.07"
807,07/06/2023,SSI,"25,150","25,150","25,100","25,400","24,900","25,129",-50,-0.20,18.17,456.66,0.10,2.45,18.28,459.11,"37,628.38"
808,06/06/2023,SSI,"24,100","24,100","25,150","25,300","23,900","24,592","1,050",4.36,34.32,844.09,0.18,4.28,34.50,848.37,"37,703.34"
809,05/06/2023,SSI,"24,100","24,450","24,100","24,600","23,900","24,162",0,0.00,18.89,456.43,0.07,1.50,18.96,457.92,"36,129.24"
810,02/06/2023,SSI,"23,450","23,800","24,100","24,350","23,700","24,083",650,2.77,27.30,657.52,0.13,3.16,27.43,660.68,"36,129.24"
811,01/06/2023,SSI,"23,150","23,200","23,450","23,600","23,050","23,312",300,1.30,16.36,381.40,0.14,3.19,16.50,384.59,"35,154.80"
812,31/05/2023,SSI,"23,350","23,250","23,150","23,500","23,000","23,261",-200,-0.86,18.63,433.26,0.24,5.52,18.87,438.78,"34,705.06"
813,30/05/2023,SSI,"23,400","23,500","23,350","23,600","23,100","23,320",-50,-0.21,14.84,346.18,0.25,5.65,15.09,351.82,"35,004.89"
814,29/05/2023,SSI,"22,550","22,850","23,400","23,450","22,750","23,085",850,3.77,17.60,406.20,0.92,21.02,18.52,427.23,"35,079.84"
815,26/05/2023,SSI,"22,500","22,550","22,550","22,700","22,500","22,578",50,0.22,8.27,186.77,0.20,4.52,8.47,191.29,"33,805.58"
816,25/05/2023,SSI,"22,700","22,600","22,500","22,700","22,450","22,577",-200,-0.88,15.72,354.96,0.28,6.36,16.00,361.32,"33,730.62"
817,24/05/2023,SSI,"22,850","23,150","22,700","23,200","22,700","22,980",-150,-0.66,24.78,569.39,0.00,0.00,24.78,569.39,"34,030.45"
818,23/05/2023,SSI,"22,900","23,000","22,850","23,300","22,800","23,014",-50,-0.22,20.31,467.36,0.05,1.15,20.36,468.51,"34,255.32"
819,22/05/2023,SSI,"22,900","23,100","22,900","23,200","22,850","22,989",0,0.00,14.78,339.67,0.00,0.00,14.78,339.67,"34,330.28"
820,19/05/2023,SSI,"22,800","22,800","22,900","23,300","22,650","22,979",100,0.44,15.67,360.01,0.00,0.00,15.67,360.01,"34,330.28"
821,18/05/2023,SSI,"22,450","22,600","22,800","23,150","22,450","22,791",350,1.56,27.10,617.59,0.00,0.00,27.10,617.59,"34,180.36"
822,17/05/2023,SSI,"22,900","22,900","22,450","23,000","22,400","22,655",-450,-1.97,22.65,513.10,0.00,0.00,22.65,513.10,"33,655.66"
823,16/05/2023,SSI,"22,900","22,900","22,900","23,150","22,850","22,988",0,0.00,19.67,452.18,0.00,0.00,19.67,452.18,"34,330.28"
824,15/05/2023,SSI,"23,250","23,500","22,900","23,600","22,900","23,156",-350,-1.51,20.85,482.70,0.10,2.24,20.95,484.94,"34,330.28"
825,12/05/2023,SSI,"22,400","22,350","23,250","23,250","22,300","22,797",850,3.79,27.51,627.10,0.00,0.00,27.51,627.10,"34,854.97"
826,11/05/2023,SSI,"22,500","22,500","22,400","22,900","22,400","22,647",-100,-0.44,19.76,447.40,0.18,3.96,19.94,451.36,"33,580.71"
827,10/05/2023,SSI,"22,250","22,250","22,500","22,700","22,250","22,499",250,1.12,19.04,428.29,0.00,0.00,19.04,428.29,"33,730.62"
828,09/05/2023,SSI,"22,300","22,400","22,250","22,450","22,050","22,242",-50,-0.22,13.21,293.89,0.18,4.05,13.39,297.94,"33,355.84"
829,08/05/2023,SSI,"21,450","21,650","22,300","22,300","21,600","22,039",850,3.96,28.57,629.57,0.00,0.00,28.57,629.57,"33,430.79"
830,05/05/2023,SSI,"21,750","21,750","21,450","21,800","21,450","21,569",-300,-1.38,8.50,183.41,1.02,22.20,9.53,205.61,"32,156.52"
831,04/05/2023,SSI,"21,550","21,350","21,750","21,900","21,300","21,665",200,0.93,16.52,357.82,0.00,0.00,16.52,357.82,"32,606.27"
832,28/04/2023,SSI,"21,150","21,300","21,550","21,550","21,250","21,433",400,1.89,16.66,357.08,0.00,0.00,16.66,357.08,"32,306.44"
833,27/04/2023,SSI,"21,350","21,400","21,150","21,450","21,100","21,289",-200,-0.94,9.14,194.49,0.00,0.00,9.14,194.49,"31,706.78"
834,26/04/2023,SSI,"21,100","21,100","21,350","21,350","20,700","20,959",250,1.18,17.55,367.90,5.46,116.66,23.02,484.56,"32,006.61"
835,25/04/2023,SSI,"21,500","21,650","21,100","21,700","20,950","21,277",-400,-1.86,18.71,398.15,0.10,2.17,18.81,400.32,"31,631.83"
836,24/04/2023,SSI,"21,650","21,700","21,500","21,900","21,450","21,635",-150,-0.69,9.65,208.83,0.51,11.05,10.16,219.88,"32,231.48"
837,21/04/2023,SSI,"21,100","21,400","21,650","22,200","21,350","21,746",550,2.61,30.66,666.76,0.10,2.21,30.76,668.97,"32,456.35"
838,20/04/2023,SSI,"21,300","21,200","21,100","21,400","21,050","21,203",-200,-0.94,9.55,202.43,1.51,32.13,11.06,234.56,"31,631.83"
839,19/04/2023,SSI,"21,750","21,800","21,300","21,850","21,250","21,542",-450,-2.07,13.63,293.61,0.00,0.00,13.63,293.61,"31,931.65"
840,18/04/2023,SSI,"21,350","21,450","21,750","21,750","21,150","21,466",400,1.87,19.09,409.81,0.20,4.39,19.29,414.20,"32,606.27"
841,17/04/2023,SSI,"21,200","21,200","21,350","21,500","21,150","21,315",150,0.71,12.90,275.03,0.06,1.11,12.96,276.14,"32,006.61"
842,14/04/2023,SSI,"21,750","21,900","21,200","22,050","21,200","21,562",-550,-2.53,26.94,580.90,0.00,0.00,26.94,580.90,"31,781.74"
843,13/04/2023,SSI,"22,000","22,100","21,750","22,250","21,650","21,902",-250,-1.14,17.75,388.68,0.00,0.00,17.75,388.68,"32,606.27"
844,12/04/2023,SSI,"22,600","22,600","22,000","22,700","21,950","22,315",-600,-2.65,17.02,379.86,0.00,0.00,17.02,379.86,"32,981.05"
845,11/04/2023,SSI,"22,400","22,400","22,600","22,600","21,800","22,192",200,0.89,25.25,560.33,0.00,0.00,25.25,560.33,"33,880.53"
846,10/04/2023,SSI,"22,500","22,750","22,400","23,200","22,250","22,751",-100,-0.44,26.26,597.34,0.24,5.03,26.50,602.37,"33,580.71"
847,07/04/2023,SSI,"21,850","21,900","22,500","22,500","21,750","22,124",650,2.97,25.29,559.44,0.05,1.01,25.33,560.45,"33,730.62"
848,06/04/2023,SSI,"22,500","22,650","21,850","23,000","21,850","22,341",-650,-2.89,25.23,563.57,0.00,0.00,25.23,563.57,"32,756.18"
849,05/04/2023,SSI,"22,500","22,400","22,500","22,600","22,100","22,360",0,0.00,18.37,410.82,0.05,1.01,18.42,411.83,"33,730.62"
850,04/04/2023,SSI,"22,000","22,100","22,500","22,700","21,800","22,209",500,2.27,31.00,688.57,0.02,0.44,31.02,689.01,"33,730.62"
851,03/04/2023,SSI,"21,500","22,000","22,000","22,150","21,900","22,008",500,2.33,31.84,700.64,0.00,0.00,31.84,700.64,"32,981.05"
852,31/03/2023,SSI,"20,950","21,050","21,500","21,700","20,850","21,290",550,2.63,31.98,680.86,0.43,8.94,32.41,689.79,"32,231.48"
853,30/03/2023,SSI,"21,050","21,500","20,950","21,700","20,950","21,376",-100,-0.48,23.21,496.21,0.18,3.60,23.39,499.81,"31,406.96"
854,29/03/2023,SSI,"20,800","20,800","21,050","21,100","20,750","20,912",250,1.20,15.84,331.19,0.34,7.12,16.18,338.31,"31,556.87"
855,28/03/2023,SSI,"21,000","21,200","20,800","21,300","20,750","21,016",-200,-0.95,18.89,396.90,0.22,4.49,19.10,401.39,"31,182.08"
856,27/03/2023,SSI,"20,450","20,500","21,000","21,400","20,450","21,007",550,2.69,23.49,493.52,3.13,60.21,26.62,553.73,"31,481.91"
857,24/03/2023,SSI,"20,350","20,450","20,450","20,650","20,400","20,521",100,0.49,18.61,381.98,0.08,1.55,18.69,383.54,"30,657.39"
858,23/03/2023,SSI,"19,850","19,700","20,350","20,400","19,650","20,120",500,2.52,17.49,351.97,0.00,0.00,17.49,351.97,"30,507.47"
859,22/03/2023,SSI,"20,000","20,150","19,850","20,300","19,850","20,118",-150,-0.75,12.30,247.52,2.18,45.69,14.48,293.22,"29,757.90"
860,21/03/2023,SSI,"19,500","19,700","20,000","20,000","19,350","19,625",500,2.56,17.55,344.37,0.04,0.72,17.58,345.08,"29,982.77"
861,20/03/2023,SSI,"20,300","20,200","19,500","20,250","19,500","19,821",-800,-3.94,18.55,367.64,0.30,5.80,18.85,373.43,"29,233.20"
862,17/03/2023,SSI,"20,150","20,400","20,300","20,500","20,050","20,246",150,0.74,19.30,390.79,0.04,0.71,19.34,391.50,"30,432.51"
863,16/03/2023,SSI,"20,350","20,200","20,150","20,650","20,150","20,340",-200,-0.98,19.59,398.47,0.50,9.80,20.09,408.27,"30,207.64"
864,15/03/2023,SSI,"19,050","19,650","20,350","20,350","19,500","20,107","1,300",6.82,28.46,572.22,0.07,1.30,28.52,573.52,"30,507.47"
865,14/03/2023,SSI,"19,650","19,650","19,050","19,700","19,000","19,295",-600,-3.05,15.08,290.97,0.22,4.11,15.30,295.08,"28,558.59"
866,13/03/2023,SSI,"19,800","19,550","19,650","19,950","19,200","19,576",-150,-0.76,20.54,402.12,0.07,1.30,20.61,403.42,"29,458.07"
867,10/03/2023,SSI,"19,800","19,550","19,800","19,850","19,450","19,650",0,0.00,13.37,262.80,0.22,4.11,13.60,266.90,"29,682.95"
868,09/03/2023,SSI,"19,800","19,800","19,800","20,100","19,750","19,917",0,0.00,17.71,352.72,0.00,0.00,17.71,352.72,"29,682.95"
869,08/03/2023,SSI,"19,400","19,100","19,800","19,800","19,000","19,448",400,2.06,14.66,285.04,0.27,5.06,14.93,290.10,"29,682.95"
870,07/03/2023,SSI,"18,750","19,000","19,400","19,500","18,800","19,190",650,3.47,16.20,310.93,0.26,4.78,16.46,315.71,"29,083.29"
871,06/03/2023,SSI,"18,450","18,850","18,750","19,200","18,750","18,970",300,1.63,10.34,196.15,0.06,1.05,10.40,197.20,"28,108.85"
872,03/03/2023,SSI,"18,650","18,850","18,450","18,850","18,450","18,619",-200,-1.07,7.38,137.45,0.88,16.28,8.26,153.73,"27,659.11"
873,02/03/2023,SSI,"18,950","19,000","18,650","19,100","18,650","18,876",-300,-1.58,5.34,100.82,0.16,3.07,5.51,103.89,"27,772.44"
874,01/03/2023,SSI,"18,250","18,300","18,950","19,000","18,150","18,558",700,3.84,11.38,211.20,0.56,10.41,11.94,221.60,"28,219.18"
875,28/02/2023,SSI,"18,250","18,600","18,250","18,750","18,200","18,424",0,0.00,11.91,219.39,0.42,7.65,12.32,227.04,"27,176.78"
876,27/02/2023,SSI,"19,000","18,800","18,250","18,900","18,250","18,523",-750,-3.95,14.83,274.78,0.10,1.95,14.93,276.73,"27,176.78"
877,24/02/2023,SSI,"19,700","19,750","19,000","19,750","19,000","19,244",-700,-3.55,7.73,148.68,0.44,8.37,8.16,157.04,"28,293.63"
878,23/02/2023,SSI,"19,300","19,300","19,700","19,700","18,800","19,173",400,2.07,17.95,344.08,0.23,4.53,18.18,348.61,"29,336.03"
879,22/02/2023,SSI,"20,450","20,200","19,300","20,400","19,300","19,943","-1,150",-5.62,24.07,480.00,0.28,5.62,24.35,485.63,"28,740.38"
880,21/02/2023,SSI,"20,750","20,800","20,450","20,950","20,450","20,677",-300,-1.45,14.06,290.73,0.86,17.61,14.92,308.33,"30,452.89"
881,20/02/2023,SSI,"19,450","19,450","20,750","20,750","19,400","20,195","1,300",6.68,23.66,477.73,0.00,0.00,23.66,477.73,"30,899.63"
882,17/02/2023,SSI,"19,500","19,450","19,450","19,650","19,200","19,411",-50,-0.26,8.06,156.38,0.99,19.34,9.05,175.71,"28,963.75"
883,16/02/2023,SSI,"19,100","19,300","19,500","19,500","19,150","19,380",400,2.09,9.83,190.47,0.02,0.39,9.85,190.86,"29,038.20"
884,15/02/2023,SSI,"18,900","18,900","19,100","19,350","18,800","19,128",200,1.06,10.34,197.87,0.32,6.17,10.66,204.05,"28,442.55"
885,14/02/2023,SSI,"18,500","18,750","18,900","18,900","18,500","18,738",400,2.16,6.18,115.81,0.21,3.99,6.39,119.80,"28,144.72"
886,13/02/2023,SSI,"19,000","18,950","18,500","19,000","18,150","18,521",-500,-2.63,11.36,210.40,0.12,2.22,11.48,212.62,"27,549.07"
887,10/02/2023,SSI,"19,350","19,350","19,000","19,600","18,850","19,143",-350,-1.81,9.54,182.58,0.66,13.20,10.20,195.78,"28,293.63"
888,09/02/2023,SSI,"19,500","19,450","19,350","19,750","19,300","19,526",-150,-0.77,7.43,145.17,0.00,0.00,7.43,145.17,"28,814.83"
889,08/02/2023,SSI,"19,050","19,400","19,500","19,700","18,700","19,179",450,2.36,12.54,240.50,0.72,14.36,13.26,254.86,"29,038.20"
890,07/02/2023,SSI,"20,000","20,100","19,050","20,350","19,050","19,599",-950,-4.75,17.39,340.80,0.00,0.00,17.39,340.80,"28,368.09"
891,06/02/2023,SSI,"19,750","19,600","20,000","20,000","19,400","19,652",250,1.27,11.55,227.02,0.46,9.09,12.01,236.11,"29,782.77"
892,03/02/2023,SSI,"20,150","20,100","19,750","20,300","19,600","19,939",-400,-1.99,13.22,263.54,0.20,4.20,13.42,267.74,"29,410.49"
893,02/02/2023,SSI,"20,150","20,300","20,150","20,400","19,900","20,165",0,0.00,12.00,241.93,0.00,0.00,12.00,241.93,"30,006.14"
894,01/02/2023,SSI,"21,600","21,700","20,150","21,850","20,100","21,092","-1,450",-6.71,26.56,560.13,0.02,0.44,26.58,560.56,"30,006.14"
895,31/01/2023,SSI,"21,000","21,150","21,600","21,650","20,850","21,144",600,2.86,17.92,379.00,0.00,0.00,17.92,379.00,"32,165.40"
896,30/01/2023,SSI,"20,950","20,950","21,000","21,700","20,700","21,152",50,0.24,19.24,406.95,0.00,0.00,19.24,406.95,"31,271.91"
897,27/01/2023,SSI,"21,200","21,500","20,950","21,600","20,850","21,138",-250,-1.18,19.46,411.37,0.00,0.00,19.46,411.37,"31,197.46"
898,19/01/2023,SSI,"20,550","20,450","21,200","21,250","20,400","20,992",650,3.16,26.45,555.33,0.95,19.91,27.41,575.24,"31,569.74"
899,18/01/2023,SSI,"20,400","20,500","20,550","21,000","20,300","20,636",150,0.74,19.37,399.66,0.00,0.00,19.37,399.66,"30,601.80"
900,17/01/2023,SSI,"19,400","19,600","20,400","20,400","19,500","20,009","1,000",5.15,21.99,440.03,0.00,0.00,21.99,440.03,"30,378.43"
901,16/01/2023,SSI,"19,200","19,300","19,400","19,500","19,100","19,309",200,1.04,7.33,141.53,0.17,2.95,7.49,144.48,"28,889.29"
902,13/01/2023,SSI,"19,300","19,500","19,200","19,850","19,100","19,513",-100,-0.52,14.33,279.57,0.00,0.00,14.33,279.57,"28,591.46"
903,12/01/2023,SSI,"19,300","19,350","19,300","19,500","19,100","19,286",0,0.00,6.54,126.19,1.42,27.18,7.96,153.36,"28,740.38"
904,11/01/2023,SSI,"18,900","19,050","19,300","19,750","19,050","19,391",400,2.12,13.97,270.96,0.00,0.00,13.97,270.96,"28,740.38"
905,10/01/2023,SSI,"19,000","19,000","18,900","19,250","18,450","18,845",-100,-0.53,11.62,219.05,0.00,0.00,11.62,219.05,"28,144.72"
906,09/01/2023,SSI,"18,900","19,100","19,000","19,350","18,850","19,093",100,0.53,9.71,185.42,0.00,0.00,9.71,185.42,"28,293.63"
907,06/01/2023,SSI,"19,300","19,300","18,900","19,600","18,900","19,311",-400,-2.07,13.14,253.81,0.20,3.85,13.34,257.66,"28,144.72"
908,05/01/2023,SSI,"19,000","19,150","19,300","19,350","18,700","19,050",300,1.58,13.31,253.54,0.00,0.00,13.31,253.54,"28,740.38"
909,04/01/2023,SSI,"18,900","19,200","19,000","19,500","18,950","19,178",100,0.53,10.68,204.83,0.00,0.00,10.68,204.83,"28,293.63"
910,03/01/2023,SSI,"17,700","17,800","18,900","18,900","17,800","18,635","1,200",6.78,18.05,336.29,0.00,0.00,18.05,336.29,"28,144.72"
911,30/12/2022,SSI,"17,600","17,750","17,700","18,100","17,600","17,869",100,0.57,6.42,114.75,3.70,63.57,10.12,178.32,"26,357.75"
912,29/12/2022,SSI,"18,150","18,000","17,600","18,250","17,600","17,922",-550,-3.03,8.75,156.78,0.00,0.00,8.75,156.78,"26,208.84"
913,28/12/2022,SSI,"18,200","18,450","18,150","18,450","17,800","18,146",-50,-0.27,10.98,199.24,3.27,63.32,14.25,262.56,"27,027.87"
914,27/12/2022,SSI,"17,050","17,000","18,200","18,200","17,000","17,627","1,150",6.74,14.75,259.97,0.75,12.70,15.49,272.67,"27,102.32"
915,26/12/2022,SSI,"18,300","18,200","17,050","18,300","17,050","17,557","-1,250",-6.83,18.63,327.09,0.22,3.99,18.85,331.08,"25,389.81"
916,23/12/2022,SSI,"19,100","19,000","18,300","19,100","18,250","18,555",-800,-4.19,11.36,210.85,0.00,0.00,11.36,210.85,"27,251.24"
917,22/12/2022,SSI,"19,300","19,500","19,100","19,550","18,600","19,135",-200,-1.04,13.11,250.84,0.00,0.00,13.11,250.84,"28,442.55"
918,21/12/2022,SSI,"19,800","20,200","19,300","20,200","18,450","19,183",-500,-2.53,26.45,507.32,0.00,0.00,26.45,507.32,"28,740.38"
919,20/12/2022,SSI,"20,500","20,500","19,800","20,750","19,350","20,018",-700,-3.41,26.81,536.66,0.70,15.26,27.51,551.92,"29,484.95"
920,19/12/2022,SSI,"20,500","20,500","20,500","21,850","20,350","21,180",0,0.00,41.73,883.75,0.11,2.28,41.84,886.03,"30,527.34"
921,16/12/2022,SSI,"20,250","20,000","20,500","20,600","20,000","20,428",250,1.23,21.45,438.16,0.11,2.21,21.56,440.37,"30,527.34"
922,15/12/2022,SSI,"20,100","20,100","20,250","20,350","19,950","20,145",150,0.75,15.55,313.31,0.11,2.33,15.67,315.65,"30,155.06"
923,14/12/2022,SSI,"20,400","21,000","20,100","21,000","20,100","20,463",-300,-1.47,20.74,424.43,0.00,0.00,20.74,424.43,"29,931.69"
924,13/12/2022,SSI,"19,150","19,150","20,400","20,400","18,850","19,412","1,250",6.53,25.35,492.15,0.11,2.21,25.46,494.36,"30,378.43"
925,12/12/2022,SSI,"20,250","20,400","19,150","20,750","19,100","20,019","-1,100",-5.43,26.51,530.73,0.21,4.07,26.72,534.80,"28,517.01"
926,09/12/2022,SSI,"20,550","20,700","20,250","20,800","19,900","20,315",-300,-1.46,18.58,377.47,0.48,10.25,19.06,387.72,"30,155.06"
927,08/12/2022,SSI,"19,250","19,750","20,550","20,550","19,550","20,425","1,300",6.75,34.62,707.07,0.32,6.32,34.93,713.39,"30,601.80"
928,07/12/2022,SSI,"19,550","19,550","19,250","19,950","18,900","19,390",-300,-1.53,21.18,410.68,0.00,0.00,21.18,410.68,"28,665.92"
929,06/12/2022,SSI,"20,800","20,400","19,550","20,950","19,550","20,304","-1,250",-6.01,41.34,839.32,0.06,1.23,41.40,840.55,"29,112.66"
930,05/12/2022,SSI,"19,450","20,300","20,800","20,800","19,800","20,255","1,350",6.94,35.81,725.40,2.35,44.38,38.16,769.78,"30,974.08"
931,02/12/2022,SSI,"18,200","18,100","19,450","19,450","18,100","18,861","1,250",6.87,29.33,553.13,0.00,0.00,29.33,553.13,"28,963.75"
932,01/12/2022,SSI,"19,250","19,500","18,200","19,650","18,200","19,080","-1,050",-5.45,37.11,708.04,0.00,0.00,37.11,708.04,"27,102.32"
933,30/11/2022,SSI,"18,950","18,700","19,250","19,400","18,450","18,905",300,1.58,29.65,560.44,0.09,1.50,29.73,561.94,"28,665.92"
934,29/11/2022,SSI,"18,250","18,500","18,950","19,150","18,000","18,598",700,3.84,32.28,600.34,0.27,4.92,32.55,605.26,"28,219.18"
935,28/11/2022,SSI,"17,100","17,500","18,250","18,250","17,500","18,004","1,150",6.73,32.64,587.62,1.09,17.48,33.72,605.10,"27,176.78"
936,25/11/2022,SSI,"16,000","16,400","17,100","17,100","16,150","16,643","1,100",6.88,22.57,375.63,0.38,6.12,22.94,381.75,"25,464.27"
937,24/11/2022,SSI,"15,800","15,450","16,000","16,000","15,250","15,595",200,1.27,16.23,253.05,0.00,0.00,16.23,253.05,"23,826.22"
938,23/11/2022,SSI,"16,350","16,200","15,800","16,450","15,800","16,161",-550,-3.36,13.13,212.14,0.53,8.60,13.66,220.74,"23,528.39"
939,22/11/2022,SSI,"16,100","15,900","16,350","17,000","15,900","16,462",250,1.55,29.66,488.18,0.00,0.00,29.66,488.18,"24,347.42"
940,21/11/2022,SSI,"16,250","16,450","16,100","16,500","15,950","16,185",-150,-0.92,12.53,202.77,0.28,4.48,12.80,207.25,"23,975.13"
941,18/11/2022,SSI,"15,800","15,750","16,250","16,600","15,350","15,926",450,2.85,34.60,551.00,0.03,0.47,34.63,551.47,"24,198.50"
942,17/11/2022,SSI,"14,850","15,150","15,800","15,850","15,100","15,574",950,6.40,23.38,364.20,0.00,0.00,23.38,364.20,"23,528.39"
943,16/11/2022,SSI,"13,900","13,100","14,850","14,850","13,050","14,202",950,6.83,27.00,383.44,0.00,0.00,27.00,383.44,"22,113.71"
944,15/11/2022,SSI,"14,250","14,000","13,900","14,250","13,300","13,657",-350,-2.46,24.24,330.98,3.85,55.23,28.08,386.21,"20,699.03"
945,14/11/2022,SSI,"14,100","13,800","14,250","14,500","13,200","13,903",150,1.06,20.56,285.86,0.02,0.28,20.58,286.14,"21,220.23"
946,11/11/2022,SSI,"13,900","14,300","14,100","14,600","13,800","14,258",200,1.44,19.86,283.17,0.00,0.00,19.86,283.17,"20,996.86"
947,10/11/2022,SSI,"14,900","14,700","13,900","14,800","13,900","14,078","-1,000",-6.71,18.41,259.12,0.03,0.45,18.44,259.57,"20,699.03"
948,09/11/2022,SSI,"15,000","15,150","14,900","15,600","14,900","15,241",-100,-0.67,8.62,131.31,0.00,0.00,8.62,131.31,"22,188.17"
949,08/11/2022,SSI,"14,300","13,800","15,000","15,150","13,800","14,617",700,4.90,16.38,239.44,0.16,2.35,16.54,241.79,"22,337.08"
950,07/11/2022,SSI,"15,350","15,250","14,300","15,500","14,300","14,580","-1,050",-6.84,21.17,308.63,1.15,18.52,22.32,327.15,"21,294.68"
951,04/11/2022,SSI,"16,500","16,250","15,350","16,300","15,350","15,647","-1,150",-6.97,25.31,396.03,0.16,2.54,25.47,398.56,"22,858.28"
952,03/11/2022,SSI,"16,500","16,200","16,500","16,800","16,150","16,556",0,0.00,11.30,187.12,0.06,0.99,11.36,188.11,"24,570.79"
953,02/11/2022,SSI,"16,950","16,950","16,500","17,050","16,500","16,769",-450,-2.65,15.91,266.83,0.30,4.77,16.21,271.60,"24,570.79"
954,01/11/2022,SSI,"16,300","16,600","16,950","17,050","16,300","16,690",650,3.99,22.33,372.66,0.30,4.82,22.63,377.48,"25,240.90"
955,31/10/2022,SSI,"15,900","15,900","16,300","16,400","15,200","15,841",400,2.52,20.50,324.77,0.80,12.93,21.30,337.70,"24,272.96"
956,28/10/2022,SSI,"15,850","16,200","15,900","16,400","15,850","16,103",50,0.32,16.26,261.87,0.36,5.35,16.63,267.22,"23,677.30"
957,27/10/2022,SSI,"14,850","15,100","15,850","15,850","15,000","15,554","1,000",6.73,21.71,337.68,2.23,31.83,23.94,369.51,"23,602.85"
958,26/10/2022,SSI,"15,050","15,300","14,850","15,600","14,700","15,072",-200,-1.33,9.01,135.86,0.10,1.50,9.11,137.36,"22,113.71"
959,25/10/2022,SSI,"15,100","15,100","15,050","16,050","14,300","15,048",-50,-0.33,23.00,346.10,0.85,13.08,23.85,359.18,"22,411.55"
960,24/10/2022,SSI,"16,200","16,300","15,100","16,400","15,100","15,462","-1,100",-6.79,23.35,361.10,0.12,2.05,23.48,363.15,"22,486.00"
961,21/10/2022,SSI,"17,400","17,400","16,200","17,450","16,200","16,448","-1,200",-6.90,28.08,461.79,0.30,5.34,28.38,467.13,"24,124.06"
962,20/10/2022,SSI,"17,650","17,500","17,400","17,850","17,250","17,531",-250,-1.42,11.21,196.56,0.10,1.72,11.31,198.28,"25,911.03"
963,19/10/2022,SSI,"17,800","17,900","17,650","18,000","17,500","17,750",-150,-0.84,12.35,219.13,0.03,0.52,12.38,219.65,"26,283.31"
964,18/10/2022,SSI,"18,000","18,400","17,800","18,500","17,700","18,174",-200,-1.11,18.80,341.62,0.22,3.88,19.01,345.50,"26,506.68"
965,17/10/2022,SSI,"17,900","17,600","18,000","18,000","17,250","17,644",100,0.56,13.72,242.01,3.33,55.52,17.04,297.53,"26,804.51"
966,14/10/2022,SSI,"17,500","18,000","17,900","18,400","17,800","18,006",400,2.29,22.04,396.80,0.12,2.16,22.16,398.96,"26,655.59"
967,13/10/2022,SSI,"17,250","17,250","17,500","17,700","17,000","17,241",250,1.45,12.49,215.28,0.63,10.72,13.11,226.00,"26,059.94"
968,12/10/2022,SSI,"16,200","16,400","17,250","17,300","16,250","17,066","1,050",6.48,18.58,317.13,0.13,2.16,18.71,319.29,"25,687.65"
969,11/10/2022,SSI,"17,400","17,050","16,200","17,400","16,200","16,576","-1,200",-6.90,16.40,271.91,0.28,4.76,16.68,276.67,"24,124.06"
970,10/10/2022,SSI,"16,800","16,750","17,400","17,700","16,550","17,184",600,3.57,17.62,302.74,0.00,0.00,17.62,302.74,"25,911.03"
971,07/10/2022,SSI,"17,400","17,050","16,800","17,100","16,200","16,536",-600,-3.45,24.13,399.02,0.19,3.21,24.32,402.22,"25,017.54"
972,06/10/2022,SSI,"18,650","18,650","17,400","18,650","17,400","17,990","-1,250",-6.70,12.07,217.18,0.26,4.81,12.33,221.99,"25,911.03"
973,05/10/2022,SSI,"17,800","18,350","18,650","18,800","18,200","18,497",850,4.78,13.62,251.86,0.93,17.67,14.55,269.53,"27,772.45"
974,04/10/2022,SSI,"18,450","18,900","17,800","19,100","17,600","18,390",-650,-3.52,15.61,287.12,0.26,4.81,15.87,291.93,"26,506.68"
975,03/10/2022,SSI,"19,800","19,600","18,450","19,650","18,450","18,874","-1,350",-6.82,15.84,299.03,1.05,19.85,16.89,318.88,"27,474.62"
976,30/09/2022,SSI,"19,300","19,150","19,800","19,800","18,300","19,005",500,2.59,20.63,392.04,0.00,0.00,20.63,392.04,"29,484.96"
977,29/09/2022,SSI,"19,750","20,200","19,300","20,200","19,300","19,791",-450,-2.28,11.34,224.45,0.00,0.00,11.34,224.45,"28,740.39"
978,28/09/2022,SSI,"19,550","19,400","19,750","20,050","19,400","19,744",200,1.02,14.12,278.78,0.00,0.00,14.12,278.78,"29,410.50"
979,27/09/2022,SSI,"19,500","19,700","19,550","20,000","19,500","19,718",50,0.26,10.95,215.98,3.60,72.00,14.55,287.98,"29,112.67"
980,26/09/2022,SSI,"20,650","20,050","19,500","20,300","19,250","19,675","-1,150",-5.57,22.91,450.69,0.00,0.00,22.91,450.69,"29,038.22"
981,23/09/2022,SSI,"21,100","21,000","20,650","21,300","20,550","20,936",-450,-2.13,10.81,226.41,0.00,0.00,10.81,226.41,"30,750.73"
982,22/09/2022,SSI,"20,550","20,300","21,100","21,200","20,200","20,754",550,2.68,17.21,357.11,0.20,4.20,17.41,361.31,"31,420.84"
983,21/09/2022,SSI,"20,700","20,500","20,550","20,800","20,350","20,582",-150,-0.72,8.38,172.52,0.00,0.00,8.38,172.52,"30,601.81"
984,20/09/2022,SSI,"19,900","20,200","20,700","20,750","19,900","20,306",800,4.02,14.15,287.24,0.44,9.30,14.59,296.54,"30,825.19"
985,19/09/2022,SSI,"21,150","21,150","19,900","21,150","19,900","20,394","-1,250",-5.91,22.69,462.82,0.00,0.00,22.69,462.82,"29,633.87"
986,16/09/2022,SSI,"21,650","21,500","21,150","21,700","21,050","21,280",-500,-2.31,19.47,414.25,0.20,4.03,19.67,418.28,"31,495.30"
987,15/09/2022,SSI,"21,950","22,100","21,650","22,100","21,600","21,828",-300,-1.37,9.45,206.33,0.00,0.00,9.45,206.33,"32,239.87"
988,14/09/2022,SSI,"21,650","21,000","21,950","22,150","21,000","21,576",300,1.39,25.85,557.73,0.80,17.57,26.65,575.30,"32,686.61"
989,13/09/2022,SSI,"21,850","21,850","21,650","22,050","21,200","21,583",-200,-0.92,18.97,409.47,0.00,0.00,18.97,409.47,"32,239.87"
990,12/09/2022,SSI,"22,200","22,500","21,850","22,500","21,850","22,114",-350,-1.58,12.00,265.33,0.22,5.21,12.22,270.55,"32,537.70"
991,09/09/2022,SSI,"22,050","22,000","22,200","22,200","21,300","21,734",150,0.68,33.44,726.82,0.52,11.45,33.96,738.27,"33,058.89"
992,08/09/2022,SSI,"22,550","22,950","22,050","23,000","22,050","22,451",-500,-2.22,15.98,358.71,0.00,0.00,15.98,358.71,"32,835.52"
993,07/09/2022,SSI,"23,750","23,700","22,550","23,950","22,550","23,186","-1,200",-5.05,23.21,538.20,0.44,10.48,23.65,548.68,"33,580.09"
994,06/09/2022,SSI,"23,700","23,850","23,750","24,150","23,500","23,865",50,0.21,11.03,263.15,0.04,1.01,11.07,264.17,"35,367.06"
995,05/09/2022,SSI,"24,000","24,100","23,700","24,300","23,700","23,907",-300,-1.25,10.16,242.85,0.16,4.00,10.32,246.85,"35,292.62"
996,31/08/2022,SSI,"23,950","23,700","24,000","24,200","23,700","23,918",50,0.21,10.85,259.42,0.07,1.62,10.91,261.04,"35,739.36"
997,30/08/2022,SSI,"24,400","24,650","23,950","24,800","23,900","24,326",-450,-1.84,12.09,294.21,0.33,7.96,12.42,302.17,"35,664.90"
998,29/08/2022,SSI,"24,800","24,200","24,400","24,400","23,550","24,005",-400,-1.61,28.61,686.73,0.03,0.62,28.63,687.35,"36,335.02"
999,26/08/2022,SSI,"25,500","25,500","24,800","25,650","24,800","25,163",-700,-2.75,23.27,585.45,0.30,7.30,23.57,592.75,"36,930.67"
1000,25/08/2022,SSI,"25,250","25,350","25,500","26,000","25,350","25,696",250,0.99,14.78,379.87,0.00,0.00,14.78,379.87,"37,973.07"
1001,24/08/2022,SSI,"25,400","25,650","25,250","25,700","25,150","25,415",-150,-0.59,13.47,342.21,0.00,0.00,13.47,342.21,"37,600.79"
1002,23/08/2022,SSI,"24,700","24,300","25,400","25,400","23,800","24,592",700,2.83,32.42,797.38,0.20,4.68,32.62,802.06,"37,824.16"
1003,22/08/2022,SSI,"25,150","25,150","24,700","25,350","24,600","24,966",-450,-1.79,16.75,418.12,0.00,0.00,16.75,418.12,"36,781.76"
1004,19/08/2022,SSI,"25,100","25,100","25,150","25,450","24,900","25,195",50,0.20,15.75,396.90,0.00,0.00,15.75,396.90,"37,451.87"
1005,18/08/2022,SSI,"24,550","24,300","25,100","25,500","24,300","25,035",550,2.24,28.63,716.68,0.00,0.00,28.63,716.68,"37,377.41"
1006,17/08/2022,SSI,"24,600","24,800","24,550","25,150","24,500","24,747",-50,-0.20,21.21,524.90,0.20,4.92,21.41,529.82,"36,558.39"
1007,16/08/2022,SSI,"24,750","24,750","24,600","25,000","24,450","24,654",-150,-0.61,11.76,290.04,0.00,0.00,11.76,290.04,"36,632.84"
1008,15/08/2022,SSI,"24,900","25,150","24,750","25,300","24,600","24,969",-150,-0.60,14.58,363.94,0.00,0.00,14.58,363.94,"36,856.22"
1009,12/08/2022,SSI,"24,400","24,350","24,900","24,900","24,050","24,516",500,2.05,17.18,421.16,0.20,4.59,17.38,425.75,"37,079.59"
1010,11/08/2022,SSI,"24,550","24,850","24,400","25,200","23,800","24,618",-150,-0.61,28.05,690.42,0.00,0.00,28.05,690.42,"36,335.02"
1011,10/08/2022,SSI,"24,800","24,550","24,550","25,000","24,450","24,639",-250,-1.01,14.58,359.35,0.00,0.00,14.58,359.35,"24,372.26"
1012,09/08/2022,SSI,"24,650","24,700","24,800","24,950","24,350","24,646",150,0.61,14.95,368.44,0.20,4.59,15.15,373.03,"24,620.45"
1013,08/08/2022,SSI,"24,800","25,150","24,650","25,350","24,350","24,824",-150,-0.60,21.25,527.56,0.00,0.00,21.25,527.56,"24,471.53"
1014,05/08/2022,SSI,"23,550","23,350","24,800","25,100","23,250","24,035","1,250",5.31,28.99,696.87,0.00,0.00,28.99,696.87,"24,620.45"
1015,04/08/2022,SSI,"23,550","23,800","23,550","23,900","23,000","23,458",0,0.00,20.94,491.25,0.00,0.00,20.94,491.25,"23,379.50"
1016,03/08/2022,SSI,"23,200","22,900","23,550","23,700","22,850","23,226",350,1.51,22.27,517.25,0.66,14.60,22.93,531.85,"23,379.50"
1017,02/08/2022,SSI,"22,800","23,000","23,200","23,650","22,900","23,250",400,1.75,35.53,825.98,0.00,0.00,35.53,825.98,"23,032.04"
1018,01/08/2022,SSI,"21,350","21,350","22,800","22,800","21,350","22,339","1,450",6.79,29.17,651.62,0.00,0.00,29.17,651.62,"22,634.93"
1019,29/07/2022,SSI,"21,150","21,300","21,350","21,650","21,050","21,387",200,0.95,20.79,444.69,0.20,4.41,20.99,449.10,"21,195.43"
1020,28/07/2022,SSI,"20,400","20,900","21,150","21,350","20,700","21,024",750,3.68,19.48,409.58,0.14,2.99,19.62,412.57,"20,996.88"
1021,27/07/2022,SSI,"20,250","20,000","20,400","20,400","19,800","20,088",150,0.74,17.80,357.66,0.05,1.01,17.85,358.67,"20,252.31"
1022,26/07/2022,SSI,"20,450","20,550","20,250","20,700","20,100","20,407",-200,-0.98,16.46,335.84,0.20,4.37,16.66,340.21,"20,103.39"
1023,25/07/2022,SSI,"20,900","20,700","20,450","21,050","20,300","20,584",-450,-2.15,18.31,376.90,0.14,3.06,18.45,379.96,"20,301.95"
1024,22/07/2022,SSI,"21,300","21,300","20,900","21,500","20,900","21,212",-400,-1.88,17.91,379.90,0.00,0.00,17.91,379.90,"20,748.69"
1025,21/07/2022,SSI,"21,300","21,200","21,300","21,600","21,100","21,305",0,0.00,15.96,340.04,0.04,0.73,16.00,340.76,"21,145.79"
1026,20/07/2022,SSI,"20,650","21,000","21,300","21,600","20,900","21,250",650,3.15,22.29,473.70,0.20,4.41,22.49,478.11,"21,145.79"
1027,19/07/2022,SSI,"20,900","20,650","20,650","20,900","20,100","20,525",-250,-1.20,19.87,407.77,0.34,6.88,20.20,414.65,"20,500.50"
1028,18/07/2022,SSI,"21,100","21,300","20,900","21,400","20,700","21,035",-200,-0.95,18.02,378.98,0.11,2.14,18.12,381.12,"20,748.69"
1029,15/07/2022,SSI,"21,500","21,600","21,100","21,750","21,100","21,424",-400,-1.86,16.58,355.16,0.20,4.41,16.78,359.57,"20,947.24"
1030,14/07/2022,SSI,"20,700","20,500","21,500","21,950","20,350","21,029",800,3.86,23.50,494.07,0.00,0.00,23.50,494.07,"21,344.34"
1031,13/07/2022,SSI,"20,900","20,900","20,700","21,100","20,300","20,831",-200,-0.96,17.84,371.62,0.05,1.02,17.89,372.64,"20,550.14"
1032,12/07/2022,SSI,"20,650","20,550","20,900","21,150","20,400","20,770",250,1.21,11.93,247.70,0.28,6.14,12.21,253.85,"20,748.69"
1033,11/07/2022,SSI,"20,400","20,450","20,650","21,150","19,900","20,519",250,1.23,26.06,534.81,0.00,0.00,26.06,534.81,"20,500.50"
1034,08/07/2022,SSI,"19,100","19,300","20,400","20,400","19,300","20,124","1,300",6.81,30.29,609.46,0.05,0.95,30.34,610.41,"20,252.31"
1035,07/07/2022,SSI,"19,000","18,800","19,100","19,200","18,650","18,936",100,0.53,9.82,186.01,0.00,0.00,9.82,186.01,"18,961.73"
1036,06/07/2022,SSI,"19,700","19,200","19,000","19,800","18,900","19,290",-700,-3.55,15.16,292.54,0.30,6.30,15.46,298.84,"18,862.46"
1037,05/07/2022,SSI,"20,200","20,150","19,700","20,350","19,700","20,035",-500,-2.48,14.22,284.90,0.05,1.02,14.27,285.93,"19,557.39"
1038,04/07/2022,SSI,"19,700","20,050","20,200","20,600","19,950","20,347",500,2.54,19.71,401.07,0.20,4.21,19.91,405.28,"20,053.77"
1039,01/07/2022,SSI,"18,800","18,650","19,700","19,800","17,950","18,882",900,4.79,15.53,293.20,0.29,5.51,15.82,298.70,"19,557.39"
1040,30/06/2022,SSI,"19,750","19,700","18,800","19,850","18,800","19,371",-950,-4.81,13.24,256.51,0.05,1.05,13.29,257.56,"18,663.90"
1041,29/06/2022,SSI,"19,600","19,300","19,750","20,200","19,200","19,829",150,0.77,14.24,282.42,0.20,3.65,14.44,286.07,"19,607.03"
1042,28/06/2022,SSI,"19,850","19,900","19,600","19,950","19,450","19,704",-250,-1.26,13.21,260.31,0.29,5.83,13.50,266.14,"19,458.11"
1043,27/06/2022,SSI,"18,600","18,750","19,850","19,850","18,600","19,228","1,250",6.72,13.90,267.18,0.00,0.00,13.90,267.18,"19,706.30"
1044,24/06/2022,SSI,"18,500","18,400","18,600","19,100","18,350","18,725",100,0.54,11.93,223.37,0.00,0.00,11.93,223.37,"18,465.35"
1045,23/06/2022,SSI,"17,700","18,000","18,500","18,500","17,900","18,122",800,4.52,13.70,248.22,0.20,3.60,13.90,251.82,"18,366.08"
1046,22/06/2022,SSI,"16,550","17,700","17,700","17,700","17,500","17,693","1,150",6.95,11.89,210.41,0.00,0.00,11.89,210.41,"17,571.87"
1047,21/06/2022,SSI,"19,200","18,350","18,300","19,900","18,050","18,851",-900,-4.69,24.99,470.98,0.00,0.00,24.99,470.98,"18,167.52"
1048,20/06/2022,SSI,"20,600","20,650","19,200","21,300","19,200","19,774","-1,400",-6.80,18.26,361.16,0.00,0.00,18.26,361.16,"19,061.01"
1049,17/06/2022,SSI,"22,150","20,850","20,600","21,500","20,600","20,685","-1,550",-7.00,20.94,433.10,0.47,9.81,21.40,442.91,"20,450.87"
1050,16/06/2022,SSI,"22,650","23,400","22,150","23,400","21,950","22,833",-500,-2.21,13.56,309.59,0.14,3.06,13.69,312.65,"21,989.65"
1051,15/06/2022,SSI,"24,350","24,500","22,650","24,750","22,650","23,088","-1,700",-6.98,19.49,450.08,0.00,0.00,19.49,450.08,"22,486.03"
1052,14/06/2022,SSI,"25,950","25,400","24,350","25,700","24,150","24,862","-1,600",-6.17,18.12,450.53,0.08,2.08,18.20,452.62,"24,173.73"
1053,13/06/2022,SSI,"27,850","26,500","25,950","27,000","25,950","26,248","-1,900",-6.82,20.89,548.24,0.00,0.00,20.89,548.24,"25,762.14"
1054,10/06/2022,SSI,"29,000","28,600","27,850","29,000","27,850","28,476","-1,150",-3.97,15.66,445.99,0.10,2.90,15.76,448.89,"27,648.39"
1055,09/06/2022,SSI,"29,300","29,350","29,000","29,600","28,850","29,200",-300,-1.02,7.97,232.78,0.08,2.21,8.05,234.99,"28,790.06"
1056,08/06/2022,SSI,"28,200","28,500","29,300","29,750","28,200","29,015","1,100",3.90,15.16,439.87,0.00,0.00,15.16,439.87,"29,087.89"
1057,07/06/2022,SSI,"29,000","28,700","28,200","28,950","27,250","28,019",-800,-2.76,18.58,520.47,0.00,0.00,18.58,520.47,"27,995.86"
1058,06/06/2022,SSI,"29,250","29,550","29,000","29,900","28,800","29,321",-250,-0.85,13.16,386.01,0.00,0.00,13.16,386.01,"28,790.06"
1059,03/06/2022,SSI,"29,000","28,800","29,250","29,700","28,800","29,141",250,0.86,17.26,502.98,0.06,1.80,17.32,504.78,"29,038.28"
1060,02/06/2022,SSI,"29,550","29,600","29,000","30,200","28,800","29,610",-550,-1.86,19.23,569.45,0.00,0.00,19.23,569.45,"28,790.09"
1061,01/06/2022,SSI,"29,650","29,500","29,550","29,900","28,700","29,263",-100,-0.34,14.55,425.70,0.00,0.00,14.55,425.70,"29,336.11"
1062,31/05/2022,SSI,"29,900","29,400","29,650","30,050","29,000","29,561",-250,-0.84,18.32,541.68,0.06,1.80,18.38,543.48,"29,435.39"
1063,30/05/2022,SSI,"29,900","30,050","29,900","30,700","29,500","30,151",0,0.00,14.63,441.00,0.00,0.00,14.63,441.00,"29,683.58"
1064,27/05/2022,SSI,"29,450","29,300","29,900","30,450","29,250","29,716",450,1.53,21.09,626.81,0.00,0.00,21.09,626.81,"29,683.58"
1065,26/05/2022,SSI,"28,800","28,900","29,450","30,200","28,800","29,586",650,2.26,29.09,860.67,0.00,0.00,29.09,860.67,"29,236.84"
1066,25/05/2022,SSI,"28,100","28,100","28,800","29,300","28,000","28,630",700,2.49,17.34,496.54,0.00,0.00,17.34,496.54,"28,591.54"
1067,24/05/2022,SSI,"26,500","26,400","28,100","28,100","25,150","26,131","1,600",6.04,21.84,570.58,0.06,1.52,21.90,572.10,"27,896.61"
1068,23/05/2022,SSI,"28,450","28,500","26,500","28,650","26,500","27,210","-1,950",-6.85,30.83,838.97,0.02,0.56,30.85,839.54,"26,308.19"
1069,20/05/2022,SSI,"28,500","28,800","28,450","29,500","28,400","28,821",-50,-0.18,16.55,476.92,0.00,0.00,16.55,476.92,"28,244.07"
1070,19/05/2022,SSI,"28,650","27,600","28,500","29,000","27,600","28,281",-150,-0.52,19.09,539.87,0.20,5.76,19.29,545.63,"28,293.71"
1071,18/05/2022,SSI,"29,150","29,200","28,650","29,950","28,600","29,200",-500,-1.72,24.75,722.76,0.00,0.00,24.75,722.76,"28,442.63"
1072,17/05/2022,SSI,"27,300","27,000","29,150","29,150","26,900","28,386","1,850",6.78,19.67,558.44,0.02,0.51,19.69,558.95,"28,939.01"
1073,16/05/2022,SSI,"25,800","27,400","27,300","27,600","27,200","27,538","1,500",5.81,18.68,514.46,0.00,0.00,18.68,514.46,"27,102.40"
1074,13/05/2022,SSI,"25,800","26,000","25,800","26,600","25,050","25,907",0,0.00,25.05,649.05,0.02,0.52,25.07,649.56,"25,613.25"
1075,12/05/2022,SSI,"27,700","27,250","25,800","27,550","25,800","26,300","-1,900",-6.86,15.87,417.51,0.27,7.55,16.14,425.06,"25,613.25"
1076,11/05/2022,SSI,"27,900","28,050","27,700","28,100","27,350","27,794",-200,-0.72,6.15,171.01,0.00,0.00,6.15,171.01,"27,499.50"
1077,10/05/2022,SSI,"26,850","26,000","27,900","28,050","25,950","27,130","1,050",3.91,15.41,418.07,0.05,1.36,15.46,419.43,"27,698.05"
1078,09/05/2022,SSI,"28,850","28,450","26,850","28,500","26,850","27,325","-2,000",-6.93,19.41,530.37,0.07,2.00,19.48,532.37,"26,655.65"
1079,06/05/2022,SSI,"31,000","30,000","28,850","30,700","28,850","29,738","-2,150",-6.94,15.14,450.19,0.03,0.75,15.16,450.94,"28,641.18"
1080,05/05/2022,SSI,"32,000","32,500","31,000","32,750","30,300","31,391","-1,000",-3.13,10.13,318.01,0.00,0.00,10.13,318.01,"30,775.70"
1081,04/05/2022,SSI,"33,550","33,550","32,000","33,800","32,000","32,884","-1,550",-4.62,7.45,244.93,0.60,18.75,8.05,263.68,"31,768.46"
1082,29/04/2022,SSI,"33,500","33,500","33,550","34,200","33,150","33,557",50,0.15,9.31,312.47,0.00,0.00,9.31,312.47,"33,307.25"
1083,28/04/2022,SSI,"34,400","34,300","33,500","34,650","33,300","34,004",-900,-2.62,6.21,211.09,0.00,0.00,6.21,211.09,"33,257.61"
1084,27/04/2022,SSI,"34,500","34,250","34,400","34,600","33,700","34,151",-100,-0.29,5.11,174.66,0.13,4.23,5.24,178.89,"34,151.09"
1085,26/04/2022,SSI,"33,550","32,500","34,500","34,500","31,350","32,988",950,2.83,12.73,419.94,0.00,0.00,12.73,419.94,"34,250.37"
1086,25/04/2022,SSI,"36,050","36,000","33,550","36,250","33,550","34,325","-2,500",-6.93,11.15,382.59,0.00,0.00,11.15,382.59,"33,307.25"
1087,22/04/2022,SSI,"36,050","36,500","36,050","36,650","35,000","36,072",0,0.00,7.08,255.29,0.00,0.00,7.08,255.29,"35,789.16"
1088,21/04/2022,SSI,"35,200","34,600","36,050","36,800","34,500","35,691",850,2.41,12.55,447.75,0.02,0.72,12.57,448.47,"35,789.16"
1089,20/04/2022,SSI,"35,000","34,950","35,200","36,000","34,700","35,311",200,0.57,10.15,358.46,0.00,0.00,10.15,358.46,"34,945.31"
1090,19/04/2022,SSI,"37,500","37,600","35,000","38,400","35,000","36,676","-2,500",-6.67,12.06,442.25,0.23,8.43,12.29,450.68,"34,746.75"
1091,18/04/2022,SSI,"40,000","39,300","37,500","40,000","37,200","37,983","-2,500",-6.25,16.50,626.78,0.00,0.00,16.50,626.78,"37,228.66"
1092,15/04/2022,SSI,"42,000","41,800","40,000","42,100","39,850","40,964","-2,000",-4.76,9.69,396.99,0.00,0.00,9.69,396.99,"39,710.58"
1093,14/04/2022,SSI,"42,550","42,950","42,000","42,950","41,900","42,406",-550,-1.29,4.30,182.16,1.05,44.65,5.35,226.81,"41,696.10"
1094,13/04/2022,SSI,"41,800","42,000","42,550","42,750","40,900","41,777",750,1.79,8.42,351.94,0.00,0.00,8.42,351.94,"42,242.12"
1095,12/04/2022,SSI,"43,000","43,100","41,800","43,400","41,600","42,227","-1,200",-2.79,7.03,296.81,0.00,0.00,7.03,296.81,"41,497.55"
1096,08/04/2022,SSI,"44,050","44,000","43,000","44,250","43,000","43,511","-1,050",-2.38,7.31,318.08,0.00,0.00,7.31,318.08,"42,688.87"
1097,07/04/2022,SSI,"44,600","44,600","44,050","45,350","44,050","44,626",-550,-1.23,9.64,430.21,0.00,0.00,9.64,430.21,"43,731.27"
1098,06/04/2022,SSI,"44,300","43,700","44,600","44,900","43,700","44,431",300,0.68,8.15,362.19,0.00,0.00,8.15,362.19,"44,277.29"
1099,05/04/2022,SSI,"45,000","44,800","44,300","45,400","44,250","44,914",-700,-1.56,7.22,324.16,0.00,0.00,7.22,324.16,"43,979.55"
1100,04/04/2022,SSI,"42,900","43,500","45,000","45,050","43,100","44,559","2,100",4.90,14.81,659.93,0.00,0.00,14.81,659.93,"44,674.49"
1101,01/04/2022,SSI,"42,000","42,000","42,900","42,900","41,400","42,085",900,2.14,7.80,328.45,0.00,0.00,7.80,328.45,"42,589.68"
1102,31/03/2022,SSI,"42,300","42,800","42,000","42,800","42,000","42,348",-300,-0.71,4.24,179.54,0.00,0.00,4.24,179.54,"41,696.19"
1103,30/03/2022,SSI,"42,650","42,100","42,300","43,200","42,050","42,709",-350,-0.82,7.00,298.87,0.00,0.00,7.00,298.87,"41,994.02"
1104,29/03/2022,SSI,"42,250","42,900","42,650","42,900","42,600","42,714",400,0.95,4.10,175.16,0.00,0.00,4.10,175.16,"42,341.49"
1105,28/03/2022,SSI,"43,450","42,900","42,250","43,250","41,800","42,639","-1,200",-2.76,10.39,443.09,0.00,0.00,10.39,443.09,"41,944.38"
1106,25/03/2022,SSI,"43,800","43,750","43,450","43,950","43,300","43,583",-350,-0.80,7.93,345.52,0.00,0.00,7.93,345.52,"43,135.70"
1107,24/03/2022,SSI,"44,200","44,450","43,800","44,450","43,750","43,998",-400,-0.90,7.10,312.17,0.00,0.00,7.10,312.17,"43,483.17"
1108,23/03/2022,SSI,"44,350","44,500","44,200","44,700","44,200","44,442",-150,-0.34,6.33,281.29,0.00,0.00,6.33,281.29,"43,880.28"
1109,22/03/2022,SSI,"44,300","44,300","44,350","44,800","44,200","44,548",50,0.11,6.01,267.55,0.00,0.00,6.01,267.55,"44,029.19"
1110,21/03/2022,SSI,"43,800","44,300","44,300","44,450","43,800","44,012",500,1.14,6.96,306.20,0.00,0.00,6.96,306.20,"43,979.55"
1111,18/03/2022,SSI,"43,800","43,950","43,800","44,500","43,700","43,982",0,0.00,7.82,343.89,0.00,0.00,7.82,343.89,"43,483.17"
1112,17/03/2022,SSI,"43,800","44,450","43,800","44,450","43,800","44,124",0,0.00,4.72,208.13,0.00,0.00,4.72,208.13,"43,483.17"
1113,16/03/2022,SSI,"43,300","43,500","43,800","44,450","43,400","43,870",500,1.15,7.10,311.42,0.00,0.00,7.10,311.42,"43,483.17"
1114,15/03/2022,SSI,"43,200","43,050","43,300","44,100","43,000","43,417",100,0.23,7.81,339.20,0.00,0.00,7.81,339.20,"42,986.79"
1115,14/03/2022,SSI,"45,000","44,600","43,200","44,800","42,900","43,633","-1,800",-4.00,16.64,726.10,0.02,0.87,16.66,726.98,"42,887.51"
1116,11/03/2022,SSI,"46,600","46,200","45,000","46,500","44,700","45,524","-1,600",-3.43,16.76,763.10,0.00,0.00,16.76,763.10,"44,674.49"
1117,10/03/2022,SSI,"46,600","47,800","46,600","47,800","46,600","47,154",0,0.00,8.50,400.97,0.00,0.00,8.50,400.97,"46,262.92"
1118,09/03/2022,SSI,"47,000","47,300","46,600","47,500","45,900","46,728",-400,-0.85,12.31,575.24,0.00,0.00,12.31,575.24,"46,262.92"
1119,08/03/2022,SSI,"46,800","46,500","47,000","48,200","46,100","47,579",200,0.43,24.33,"1,157.76",0.00,0.00,24.33,"1,157.76","46,660.02"
1120,07/03/2022,SSI,"46,600","46,100","46,800","46,850","45,750","46,447",200,0.43,11.61,539.19,0.00,0.00,11.61,539.19,"46,461.47"
1121,04/03/2022,SSI,"45,500","46,000","46,600","47,400","45,950","46,843","1,100",2.42,20.52,961.00,0.00,0.00,20.52,961.00,"46,262.92"
1122,03/03/2022,SSI,"44,800","45,000","45,500","45,500","44,500","44,920",700,1.56,8.44,379.29,0.00,0.00,8.44,379.29,"45,170.87"
1123,02/03/2022,SSI,"46,000","45,600","44,800","45,850","44,550","45,177","-1,200",-2.61,12.61,569.53,0.00,0.00,12.61,569.53,"44,475.94"
1124,01/03/2022,SSI,"45,700","46,000","46,000","46,300","45,400","45,795",300,0.66,8.80,403.22,0.00,0.00,8.80,403.22,"45,667.26"
1125,28/02/2022,SSI,"45,700","45,800","45,700","46,600","45,650","45,987",0,0.00,7.53,346.14,0.00,0.00,7.53,346.14,"45,369.43"
1126,25/02/2022,SSI,"44,600","45,000","45,700","46,550","44,800","45,805","1,100",2.47,15.68,718.20,0.00,0.00,15.68,718.20,"45,369.43"
1127,24/02/2022,SSI,"45,300","45,100","44,600","46,000","43,450","44,799",-700,-1.55,12.75,571.30,0.00,0.00,12.75,571.30,"44,277.39"
1128,23/02/2022,SSI,"45,000","45,200","45,300","45,600","45,200","45,430",300,0.67,5.63,255.89,0.00,0.00,5.63,255.89,"44,519.33"
1129,22/02/2022,SSI,"46,000","45,300","45,000","45,700","44,500","45,063","-1,000",-2.17,7.70,347.16,0.00,0.00,7.70,347.16,"44,224.50"
1130,21/02/2022,SSI,"45,200","45,300","46,000","46,400","45,300","45,984",800,1.77,10.98,504.71,0.00,0.00,10.98,504.71,"45,207.27"
1131,18/02/2022,SSI,"45,000","44,500","45,200","45,800","44,400","45,062",200,0.44,9.39,422.96,0.00,0.00,9.39,422.96,"44,421.05"
1132,17/02/2022,SSI,"44,900","44,800","45,000","45,150","44,800","44,954",100,0.22,5.87,263.91,0.00,0.00,5.87,263.91,"44,224.50"
1133,16/02/2022,SSI,"44,200","44,700","44,900","45,100","44,300","44,820",700,1.58,4.86,218.04,0.00,0.00,4.86,218.04,"44,126.22"
1134,15/02/2022,SSI,"43,600","44,200","44,200","44,700","43,350","44,012",600,1.38,5.73,252.36,0.00,0.00,5.73,252.36,"43,438.29"
1135,14/02/2022,SSI,"45,100","44,500","43,600","44,700","43,600","44,170","-1,500",-3.33,10.49,463.14,0.00,0.00,10.49,463.14,"42,848.63"
1136,11/02/2022,SSI,"45,100","45,000","45,100","45,650","44,800","45,163",0,0.00,5.56,251.00,0.00,0.00,5.56,251.00,"44,322.78"
1137,10/02/2022,SSI,"45,700","45,800","45,100","45,900","44,600","45,357",-600,-1.31,7.00,317.33,0.00,0.00,7.00,317.33,"44,322.78"
1138,09/02/2022,SSI,"45,650","45,300","45,700","46,300","45,300","45,932",50,0.11,8.23,378.06,1.55,69.08,9.78,447.14,"44,912.98"
1139,08/02/2022,SSI,"45,850","45,500","45,650","46,100","45,000","45,539",-200,-0.44,6.66,303.20,0.10,4.59,6.76,307.79,"44,863.84"
1140,07/02/2022,SSI,"45,050","46,000","45,850","46,900","45,300","45,941",800,1.78,9.69,445.19,0.00,0.00,9.69,445.19,"45,060.40"
1141,28/01/2022,SSI,"43,400","43,300","45,050","45,050","43,200","44,259","1,650",3.80,7.79,344.94,0.00,0.00,7.79,344.94,"44,254.57"
1142,27/01/2022,SSI,"42,450","42,500","43,400","44,500","42,100","43,451",950,2.24,7.54,327.81,0.10,4.00,7.64,331.81,"42,633.71"
1143,26/01/2022,SSI,"42,800","43,000","42,450","43,400","42,400","42,923",-350,-0.82,8.42,361.25,0.00,0.00,8.42,361.25,"41,700.48"
1144,25/01/2022,SSI,"41,450","41,000","42,800","42,900","40,900","41,912","1,350",3.26,10.24,429.04,0.00,0.00,10.24,429.04,"42,044.30"
1145,24/01/2022,SSI,"44,550","43,800","41,450","44,300","41,450","42,255","-3,100",-6.96,18.79,793.99,0.00,0.00,18.79,793.99,"40,718.14"
1146,21/01/2022,SSI,"45,700","45,200","44,550","45,600","44,200","44,934","-1,150",-2.52,8.53,383.19,0.00,0.00,8.53,383.19,"43,763.40"
1147,20/01/2022,SSI,"45,200","45,400","45,700","46,200","44,450","45,169",500,1.11,9.06,409.03,0.00,0.00,9.06,409.03,"44,893.10"
1148,19/01/2022,SSI,"42,300","43,900","45,200","45,200","43,350","44,074","2,900",6.86,11.09,488.59,0.03,0.98,11.11,489.57,"44,401.92"
1149,18/01/2022,SSI,"45,300","44,300","42,300","45,100","42,150","43,722","-3,000",-6.62,15.99,699.22,0.15,7.20,16.14,706.42,"41,553.13"
1150,17/01/2022,SSI,"48,700","48,500","45,300","48,900","45,300","46,287","-3,400",-6.98,32.35,"1,497.22",0.00,0.00,32.35,"1,497.22","44,500.16"
1151,14/01/2022,SSI,"48,850","48,450","48,700","49,450","48,300","48,849",-150,-0.31,6.68,326.23,0.11,4.97,6.79,331.20,"47,840.13"
1152,13/01/2022,SSI,"50,500","51,000","48,850","51,100","48,850","49,852","-1,650",-3.27,11.39,567.94,0.11,5.30,11.51,573.23,"47,987.48"
1153,12/01/2022,SSI,"48,100","48,500","50,500","50,500","48,100","49,232","2,400",4.99,15.46,761.34,0.00,0.00,15.46,761.34,"49,608.35"
1154,11/01/2022,SSI,"49,550","49,700","48,100","50,600","48,000","49,096","-1,450",-2.93,15.60,765.97,0.11,5.80,15.71,771.77,"47,250.72"
1155,10/01/2022,SSI,"51,600","51,600","49,550","52,000","49,550","50,767","-2,050",-3.97,17.47,886.97,0.11,6.22,17.58,893.19,"48,675.12"
1156,07/01/2022,SSI,"51,900","51,700","51,600","52,500","51,200","51,667",-300,-0.58,13.97,722.02,0.00,0.00,13.97,722.02,"50,688.92"
1157,06/01/2022,SSI,"52,800","52,400","51,900","53,000","51,900","52,392",-900,-1.70,13.25,694.08,0.11,5.38,13.36,699.46,"50,983.87"
1158,05/01/2022,SSI,"53,000","53,000","52,800","53,900","52,500","53,093",-200,-0.38,15.70,833.63,0.41,21.73,16.11,855.36,"51,867.98"
1159,04/01/2022,SSI,"51,800","52,500","53,000","53,400","51,900","52,649","1,200",2.32,16.45,865.81,0.00,0.00,16.45,865.81,"52,064.45"
1160,31/12/2021,SSI,"52,600","52,900","51,800","53,000","51,600","52,111",-800,-1.52,9.61,500.75,0.11,6.15,9.72,506.90,"50,885.64"
1161,30/12/2021,SSI,"49,650","50,200","52,600","52,800","50,100","51,733","2,950",5.94,16.61,859.05,0.11,5.98,16.72,865.03,"51,671.51"
1162,29/12/2021,SSI,"48,800","48,900","49,650","50,400","48,100","49,360",850,1.74,9.81,484.20,1.12,50.91,10.93,535.11,"48,773.59"
1163,28/12/2021,SSI,"49,150","49,300","48,800","49,550","48,800","49,157",-350,-0.71,9.86,484.69,0.11,5.01,9.97,489.70,"47,938.59"
1164,27/12/2021,SSI,"49,050","49,950","49,150","49,950","49,000","49,314",100,0.20,6.53,321.99,0.11,5.14,6.64,327.13,"48,282.41"
1165,24/12/2021,SSI,"49,000","49,200","49,050","49,950","48,400","49,159",50,0.10,8.85,434.93,3.00,137.10,11.85,572.03,"48,184.18"
1166,23/12/2021,SSI,"51,100","50,800","49,000","50,900","48,000","49,563","-2,100",-4.11,26.28,"1,302.60",0.11,5.97,26.39,"1,308.57","48,135.06"
1167,22/12/2021,SSI,"52,500","52,500","51,100","52,800","50,800","51,545","-1,400",-2.67,22.77,"1,173.71",0.11,6.32,22.88,"1,180.03","50,197.99"
1168,21/12/2021,SSI,"53,500","53,100","52,500","53,700","52,500","52,954","-1,000",-1.87,12.29,650.90,0.00,0.00,12.29,650.90,"51,573.28"
1169,20/12/2021,SSI,"52,500","52,500","53,500","54,500","52,100","53,620","1,000",1.90,18.58,996.48,0.61,32.23,19.19,"1,028.72","52,555.63"
1170,17/12/2021,SSI,"50,900","51,000","52,500","52,900","50,900","51,867","1,600",3.14,16.14,837.29,0.11,5.34,16.26,842.63,"51,573.28"
1171,16/12/2021,SSI,"51,700","51,900","50,900","52,000","50,500","51,018",-800,-1.55,22.32,"1,138.64",6.98,371.50,29.30,"1,510.14","50,001.52"
1172,15/12/2021,SSI,"52,700","52,500","51,700","53,100","51,700","52,256","-1,000",-1.90,13.91,726.93,0.11,6.16,14.02,733.09,"50,787.40"
1173,14/12/2021,SSI,"53,400","53,300","52,700","53,900","52,600","53,086",-700,-1.31,14.53,771.47,0.11,6.44,14.65,777.90,"51,769.75"
1174,13/12/2021,SSI,"53,000","53,200","53,400","54,000","52,300","53,102",400,0.75,15.53,824.55,0.00,0.00,15.53,824.55,"52,457.39"
1175,10/12/2021,SSI,"53,800","53,700","53,000","53,800","52,600","53,147",-800,-1.49,13.98,743.26,0.00,0.00,13.98,743.26,"52,064.45"
1176,09/12/2021,SSI,"51,800","51,000","53,800","53,800","51,000","52,101","2,000",3.86,16.38,853.57,0.11,5.83,16.50,859.40,"52,850.33"
1177,08/12/2021,SSI,"52,200","52,500","51,800","52,900","51,800","52,245",-400,-0.77,13.01,679.65,0.00,0.00,13.01,679.65,"50,885.64"
1178,07/12/2021,SSI,"51,000","52,000","52,200","52,500","50,800","51,637","1,200",2.35,15.87,819.70,0.55,28.60,16.42,848.30,"51,279.13"
1179,06/12/2021,SSI,"50,500","50,600","51,000","52,300","49,000","50,958",500,0.99,31.27,"1,593.64",0.00,0.00,31.27,"1,593.64","50,100.30"
1180,03/12/2021,SSI,"54,000","54,100","50,500","54,400","50,500","52,397","-3,500",-6.48,44.93,"2,354.24",0.04,2.13,44.97,"2,356.37","49,609.12"
1181,02/12/2021,SSI,"55,200","55,000","54,000","55,800","54,000","54,955","-1,200",-2.17,21.24,"1,167.42",0.00,0.00,21.24,"1,167.42","53,047.38"
1182,01/12/2021,SSI,"55,900","55,500","55,200","56,200","54,100","55,210",-700,-1.25,23.26,"1,283.96",0.19,9.98,23.45,"1,293.94","54,226.21"
1183,30/11/2021,SSI,"55,300","56,800","55,900","57,700","55,000","56,208",600,1.08,23.96,"1,346.84",2.52,148.86,26.48,"1,495.70","54,913.86"
1184,29/11/2021,SSI,"53,500","52,500","55,300","55,400","52,500","53,826","1,800",3.36,29.75,"1,601.28",0.00,0.00,29.75,"1,601.28","54,324.44"
1185,26/11/2021,SSI,"55,000","54,700","53,500","55,400","53,000","54,303","-1,500",-2.73,30.83,"1,674.32",0.00,0.00,30.83,"1,674.32","52,556.20"
1186,25/11/2021,SSI,"53,200","53,300","55,000","55,500","52,800","54,273","1,800",3.38,25.42,"1,379.63",0.19,9.50,25.61,"1,389.14","54,029.74"
1187,24/11/2021,SSI,"52,000","53,000","53,200","54,400","52,700","53,392","1,200",2.31,23.40,"1,249.21",0.02,0.97,23.42,"1,250.18","52,261.49"
1188,23/11/2021,SSI,"48,600","48,300","52,000","52,000","47,900","49,611","3,400",7.00,37.42,"1,856.29",0.00,0.00,37.42,"1,856.29","51,082.66"
1189,22/11/2021,SSI,"48,500","48,500","48,600","49,900","47,900","48,945",100,0.21,20.37,996.77,0.00,0.00,20.37,996.77,"47,742.64"
1190,19/11/2021,SSI,"49,050","50,000","48,500","50,800","45,700","49,341",-550,-1.12,31.04,"1,531.76",0.38,19.52,31.43,"1,551.28","47,644.40"
1191,18/11/2021,SSI,"45,850","48,400","49,050","49,050","47,000","48,665","3,200",6.98,40.96,"1,993.26",0.30,12.80,41.26,"2,006.06","48,184.70"
1192,17/11/2021,SSI,"44,750","44,800","45,850","46,250","44,600","45,659","1,100",2.46,19.99,912.63,0.00,0.00,19.99,912.63,"45,041.15"
1193,16/11/2021,SSI,"45,800","45,200","44,750","45,850","44,500","45,192","-1,050",-2.29,16.35,738.97,0.09,4.41,16.44,743.38,"43,960.56"
1194,15/11/2021,SSI,"44,600","45,500","45,800","46,800","45,100","46,001","1,200",2.69,28.46,"1,309.00",0.02,0.99,28.48,"1,309.99","44,992.04"
1195,12/11/2021,SSI,"44,150","44,400","44,600","45,200","44,050","44,524",450,1.02,12.31,548.25,0.00,0.00,12.31,548.25,"43,813.20"
1196,11/11/2021,SSI,"44,700","44,750","44,150","45,500","43,250","44,169",-550,-1.23,24.64,"1,088.14",0.30,13.20,24.94,"1,101.34","43,371.14"
1197,10/11/2021,SSI,"44,300","44,500","44,700","45,700","44,300","45,076",400,0.90,19.74,889.74,0.00,0.00,19.74,889.74,"43,911.44"
1198,09/11/2021,SSI,"44,500","44,500","44,300","44,800","43,800","44,230",-200,-0.45,16.14,714.06,0.09,3.97,16.23,718.03,"43,518.50"
1199,08/11/2021,SSI,"42,900","43,300","44,500","44,950","43,100","44,051","1,600",3.73,31.64,"1,393.80",0.98,42.27,32.62,"1,436.07","43,714.97"
1200,05/11/2021,SSI,"43,000","43,300","42,900","43,400","42,800","43,040",-100,-0.23,14.21,611.43,0.11,4.40,14.32,615.83,"42,143.19"
1201,04/11/2021,SSI,"41,700","41,800","43,000","43,900","41,700","43,055","1,300",3.12,24.90,"1,071.90",0.94,36.59,25.84,"1,108.49","42,241.43"
1202,03/11/2021,SSI,"42,350","42,750","41,700","42,850","41,400","42,206",-650,-1.53,18.57,783.76,0.50,19.70,19.07,803.46,"40,964.36"
1203,02/11/2021,SSI,"41,400","41,500","42,350","42,500","41,400","42,073",950,2.29,18.60,782.47,0.00,0.00,18.60,782.47,"41,602.90"
1204,01/11/2021,SSI,"40,500","40,600","41,400","41,800","40,500","41,225",900,2.22,23.76,979.31,0.00,0.00,23.76,979.31,"40,669.67"
1205,29/10/2021,SSI,"40,800","40,850","40,500","41,000","40,200","40,608",-300,-0.74,11.71,475.46,0.00,0.00,11.71,475.46,"39,785.54"
1206,28/10/2021,SSI,"40,400","40,500","40,800","41,400","40,250","40,903",400,0.99,12.97,530.46,0.30,12.28,13.27,542.74,"40,080.25"
1207,27/10/2021,SSI,"38,800","39,000","40,400","40,500","38,900","39,779","1,600",4.12,12.40,493.23,0.00,0.00,12.40,493.23,"39,687.31"
1208,26/10/2021,SSI,"38,300","38,300","38,800","38,850","38,000","38,494",500,1.31,8.81,339.09,0.00,0.00,8.81,339.09,"38,115.53"
1209,25/10/2021,SSI,"39,200","39,000","38,300","39,100","38,100","38,603",-900,-2.30,15.46,596.65,0.00,0.00,15.46,596.65,"37,624.35"
1210,22/10/2021,SSI,"39,700","39,700","39,200","39,950","39,050","39,450",-500,-1.26,11.21,442.13,2.00,75.00,13.21,517.13,"38,508.48"
1211,21/10/2021,SSI,"40,300","40,400","39,700","40,450","39,700","39,937",-600,-1.49,10.22,408.08,0.00,0.00,10.22,408.08,"34,666.31"
1212,20/10/2021,SSI,"40,900","40,900","40,300","40,950","39,900","40,418",-600,-1.47,13.48,544.75,0.07,2.86,13.55,547.61,"35,190.23"
1213,19/10/2021,SSI,"40,850","41,000","40,900","41,700","40,800","41,324",50,0.12,8.86,366.25,0.00,0.00,8.86,366.25,"35,714.16"
1214,18/10/2021,SSI,"40,750","40,750","40,850","41,600","40,250","40,805",100,0.25,11.32,462.04,0.00,0.00,11.32,462.04,"35,670.50"
1215,15/10/2021,SSI,"41,000","41,200","40,750","41,400","40,700","40,988",-250,-0.61,6.39,261.76,0.00,0.00,6.39,261.76,"35,583.18"
1216,14/10/2021,SSI,"41,000","41,000","41,000","41,600","40,650","41,079",0,0.00,10.56,433.88,0.08,3.06,10.64,436.94,"35,801.48"
1217,13/10/2021,SSI,"41,400","41,400","41,000","41,750","41,000","41,317",-400,-0.97,7.22,298.29,0.00,0.00,7.22,298.29,"35,801.48"
1218,12/10/2021,SSI,"41,900","41,900","41,400","42,150","41,400","41,659",-500,-1.19,7.55,314.61,0.00,0.00,7.55,314.61,"36,150.76"
1219,11/10/2021,SSI,"40,850","41,000","41,900","41,900","41,000","41,476","1,050",2.57,8.23,341.46,0.00,0.00,8.23,341.46,"36,587.36"
1220,08/10/2021,SSI,"40,700","40,700","40,850","41,200","40,500","40,809",150,0.37,6.80,277.61,0.00,0.00,6.80,277.61,"35,670.50"
1221,07/10/2021,SSI,"39,950","40,000","40,700","40,950","39,750","40,411",750,1.88,8.50,343.67,0.08,3.36,8.58,347.03,"35,539.52"
1222,06/10/2021,SSI,"40,400","40,700","39,950","40,750","39,900","40,071",-450,-1.11,7.26,291.10,0.00,0.00,7.26,291.10,"34,884.61"
1223,05/10/2021,SSI,"38,600","39,450","40,400","40,700","39,200","39,962","1,800",4.66,9.68,386.73,2.40,98.40,12.08,485.13,"35,277.56"
1224,04/10/2021,SSI,"39,200","39,000","38,600","39,100","37,850","38,367",-600,-1.53,10.21,391.64,0.07,2.93,10.28,394.57,"33,705.78"
1225,01/10/2021,SSI,"40,650","40,200","39,200","40,400","39,200","39,801","-1,450",-3.57,10.73,427.06,2.46,92.98,13.19,520.03,"34,229.71"
1226,30/09/2021,SSI,"40,100","40,300","40,650","40,700","40,100","40,421",550,1.37,4.37,176.46,0.10,3.80,4.47,180.26,"35,495.86"
1227,29/09/2021,SSI,"40,600","40,500","40,100","40,550","39,800","40,187",-500,-1.23,5.52,221.87,0.00,0.00,5.52,221.87,"35,015.59"
1228,28/09/2021,SSI,"40,000","40,000","40,600","40,900","39,800","40,276",600,1.50,6.88,277.02,0.00,0.00,6.88,277.02,"35,452.20"
1229,27/09/2021,SSI,"41,800","41,800","40,000","41,950","40,000","40,948","-1,800",-4.31,10.91,446.92,0.00,0.00,10.91,446.92,"34,928.27"
1230,24/09/2021,SSI,"41,900","42,000","41,800","42,300","41,750","41,927",-100,-0.24,5.16,216.14,0.10,4.45,5.26,220.59,"36,500.04"
1231,23/09/2021,SSI,"41,800","42,000","41,900","42,700","41,800","42,131",100,0.24,5.77,243.30,0.00,0.00,5.77,243.30,"36,587.37"
1232,22/09/2021,SSI,"42,100","42,350","41,800","42,400","41,650","41,890",-300,-0.71,6.58,275.61,0.00,0.00,6.58,275.61,"36,500.04"
1233,21/09/2021,SSI,"42,800","42,500","42,100","42,700","41,800","42,226",-700,-1.64,9.07,382.91,0.00,0.00,9.07,382.91,"36,762.01"
1234,20/09/2021,SSI,"43,000","43,700","42,800","43,750","42,750","43,256",-200,-0.47,7.59,328.14,0.10,4.05,7.69,332.19,"37,373.25"
1235,17/09/2021,SSI,"42,500","42,550","43,000","43,950","42,300","43,111",500,1.18,14.05,605.58,0.00,0.00,14.05,605.58,"37,547.89"
1236,16/09/2021,SSI,"42,900","43,050","42,500","43,200","42,350","42,723",-400,-0.93,4.85,207.36,0.00,0.00,4.85,207.36,"37,111.29"
1237,15/09/2021,SSI,"42,500","42,000","42,900","43,150","41,900","42,565",400,0.94,7.74,329.66,0.18,7.54,7.92,337.19,"28,095.83"
1238,14/09/2021,SSI,"43,600","43,100","42,500","43,300","42,500","42,806","-1,100",-2.52,8.36,357.82,0.00,0.00,8.36,357.82,"27,833.86"
1239,13/09/2021,SSI,"43,800","43,800","43,600","43,800","42,700","43,187",-200,-0.46,12.04,520.14,0.00,0.00,12.04,520.14,"28,554.27"
1240,10/09/2021,SSI,"43,950","44,000","43,800","44,300","43,600","43,953",-150,-0.34,10.41,457.54,0.10,4.60,10.51,462.14,"28,685.25"
1241,09/09/2021,SSI,"44,250","44,400","43,950","45,300","43,750","44,342",-300,-0.68,20.14,893.25,0.00,0.00,20.14,893.25,"28,783.49"
1242,08/09/2021,SSI,"41,400","44,250","44,250","44,250","44,050","44,248","2,850",6.88,14.56,644.28,0.00,0.00,14.56,644.28,"28,979.96"
1243,07/09/2021,SSI,"60,000","60,500","60,400","61,400","59,800","60,485",400,0.67,24.55,"1,485.13",0.00,0.00,24.55,"1,485.13","39,556.83"
1244,06/09/2021,SSI,"61,200","61,400","60,000","61,700","60,000","60,524","-1,200",-1.96,17.07,"1,033.11",0.00,0.00,17.07,"1,033.11","39,294.86"
1245,01/09/2021,SSI,"61,800","61,300","61,200","62,000","60,900","61,247",-600,-0.97,9.40,575.77,0.00,0.00,9.40,575.77,"40,080.76"
1246,31/08/2021,SSI,"62,400","62,900","61,800","63,200","61,000","62,268",-600,-0.96,9.65,600.90,0.00,0.00,9.65,600.90,"40,473.71"
1247,30/08/2021,SSI,"61,200","61,600","62,400","62,500","60,700","61,793","1,200",1.96,12.31,760.92,0.10,5.96,12.41,766.88,"40,866.66"
1248,27/08/2021,SSI,"61,100","60,200","61,200","61,400","59,800","60,651",100,0.16,10.61,643.25,0.00,0.00,10.61,643.25,"40,080.76"
1249,26/08/2021,SSI,"62,000","62,000","61,100","62,300","59,700","60,965",-900,-1.45,12.23,745.66,0.00,0.00,12.23,745.66,"40,015.27"
1250,25/08/2021,SSI,"61,200","61,200","62,000","62,000","60,400","61,210",800,1.31,11.07,677.85,1.04,59.28,12.11,737.13,"40,604.69"
1251,24/08/2021,SSI,"63,400","63,000","61,200","63,600","59,700","61,353","-2,200",-3.47,23.30,"1,429.36",2.20,129.80,25.50,"1,559.16","40,080.76"
1252,23/08/2021,SSI,"62,500","62,500","63,400","63,400","61,800","62,813",900,1.44,14.41,904.91,0.00,0.00,14.41,904.91,"41,521.57"
1253,20/08/2021,SSI,"62,700","62,700","62,500","63,500","60,700","62,226",-200,-0.32,26.61,"1,655.90",0.04,2.64,26.65,"1,658.54","40,932.15"
1254,19/08/2021,SSI,"60,200","60,900","62,700","62,900","60,800","61,817","2,500",4.15,15.71,971.20,36.88,"2,081.27",52.59,"3,052.47","41,063.13"
1255,18/08/2021,SSI,"61,300","60,900","60,200","62,500","60,200","61,308","-1,100",-1.79,17.61,"1,079.67",0.00,0.00,17.61,"1,079.67","39,425.85"
1256,17/08/2021,SSI,"62,100","61,800","61,300","62,200","60,800","61,504",-800,-1.29,12.97,797.59,0.06,3.48,13.03,801.07,"40,146.25"
1257,16/08/2021,SSI,"59,000","61,300","62,100","62,500","60,900","61,759","3,100",5.25,16.93,"1,045.59",0.00,0.00,16.93,"1,045.59","40,670.19"
1258,13/08/2021,SSI,"57,700","58,000","59,000","59,700","57,700","58,692","1,300",2.25,21.48,"1,260.80",0.00,0.00,21.48,"1,260.80","38,639.95"
1259,12/08/2021,SSI,"57,700","57,400","57,700","58,900","57,400","58,187",0,0.00,13.64,793.75,0.00,0.00,13.64,793.75,"37,788.56"
1260,11/08/2021,SSI,"59,400","59,700","57,700","59,800","57,700","58,749","-1,700",-2.86,17.69,"1,039.21",0.06,3.80,17.75,"1,043.00","37,788.56"
1261,10/08/2021,SSI,"59,300","60,200","59,400","60,300","59,000","59,542",100,0.17,12.57,748.24,0.00,0.00,12.57,748.24,"38,901.92"
1262,09/08/2021,SSI,"56,400","56,100","59,300","60,200","56,100","58,641","2,900",5.14,22.82,"1,338.26",0.00,0.00,22.82,"1,338.26","38,836.42"
1263,06/08/2021,SSI,"57,500","57,200","56,400","57,700","56,400","57,088","-1,100",-1.91,16.43,938.12,0.06,3.21,16.49,941.33,"36,937.17"
1264,05/08/2021,SSI,"56,800","56,300","57,500","57,800","56,100","57,054",700,1.23,12.21,696.85,0.00,0.00,12.21,696.85,"37,657.58"
1265,04/08/2021,SSI,"56,500","57,300","56,800","57,300","56,200","56,830",300,0.53,11.94,678.66,0.00,0.00,11.94,678.66,"37,199.14"
1266,03/08/2021,SSI,"55,000","54,800","56,500","56,500","54,500","55,395","1,500",2.73,18.14,"1,005.11",0.00,0.00,18.14,"1,005.11","37,002.68"
1267,02/08/2021,SSI,"54,600","54,100","55,000","55,600","54,000","54,932",400,0.73,15.41,846.28,0.06,3.48,15.47,849.76,"36,020.30"
1268,30/07/2021,SSI,"54,000","54,000","54,600","55,000","53,600","54,356",600,1.11,15.17,824.49,0.00,0.00,15.17,824.49,"35,758.34"
1269,29/07/2021,SSI,"52,400","53,000","54,000","54,000","52,700","53,424","1,600",3.05,12.97,692.88,0.00,0.00,12.97,692.88,"35,365.39"
1270,28/07/2021,SSI,"52,000","51,900","52,400","53,000","51,800","52,529",400,0.77,7.03,369.50,0.00,0.00,7.03,369.50,"34,317.53"
1271,27/07/2021,SSI,"50,800","51,800","52,000","53,400","51,600","52,526","1,200",2.36,14.78,776.28,0.12,5.76,14.90,782.04,"34,055.56"
1272,26/07/2021,SSI,"50,600","50,600","50,800","51,600","50,000","50,604",200,0.40,9.71,491.39,0.00,0.00,9.71,491.39,"33,269.66"
1273,23/07/2021,SSI,"52,200","51,800","50,600","52,400","50,600","51,525","-1,600",-3.07,12.28,632.93,0.19,9.98,12.48,642.91,"33,138.68"
1274,22/07/2021,SSI,"51,500","51,200","52,200","53,000","51,100","52,116",700,1.36,10.00,521.41,0.12,6.54,10.12,527.95,"34,186.54"
1275,21/07/2021,SSI,"52,700","52,600","51,500","53,000","51,400","52,140","-1,200",-2.28,9.51,495.72,0.00,0.00,9.51,495.72,"33,728.10"
1276,20/07/2021,SSI,"49,300","50,100","52,700","52,700","48,800","50,490","3,400",6.90,15.31,772.77,0.00,0.00,15.31,772.77,"34,514.00"
1277,19/07/2021,SSI,"52,800","51,000","49,300","51,800","49,300","50,480","-3,500",-6.63,16.58,836.72,0.00,0.00,16.58,836.72,"32,287.29"
1278,16/07/2021,SSI,"53,700","53,700","52,800","53,900","52,700","53,310",-900,-1.68,10.81,576.04,0.40,21.14,11.21,597.18,"34,579.49"
1279,15/07/2021,SSI,"51,000","50,000","53,700","53,700","50,000","52,141","2,700",5.29,13.61,709.74,0.68,34.34,14.29,744.07,"35,168.91"
1280,14/07/2021,SSI,"51,800","51,800","51,000","52,100","49,050","50,683",-800,-1.54,12.03,609.75,0.03,1.66,12.06,611.42,"33,400.65"
1281,13/07/2021,SSI,"49,500","50,400","51,800","51,800","49,250","50,305","2,300",4.65,12.47,627.15,0.05,2.60,12.52,629.75,"33,924.58"
1282,12/07/2021,SSI,"52,600","51,500","49,500","52,500","48,950","49,480","-3,100",-5.89,23.91,"1,183.14",0.00,0.00,23.91,"1,183.14","32,418.27"
1283,09/07/2021,SSI,"54,400","53,700","52,600","55,000","52,100","53,882","-1,800",-3.31,13.65,735.24,0.00,0.00,13.65,735.24,"34,448.51"
1284,08/07/2021,SSI,"54,500","54,800","54,400","55,500","53,500","54,579",-100,-0.18,10.31,562.80,0.00,0.00,10.31,562.80,"35,627.36"
1285,07/07/2021,SSI,"52,600","53,000","54,500","54,500","50,500","52,877","1,900",3.61,18.45,975.72,0.00,0.00,18.45,975.72,"35,692.85"
1286,06/07/2021,SSI,"56,500","56,500","52,600","57,800","52,600","56,742","-3,900",-6.90,13.32,755.76,0.00,0.00,13.32,755.76,"34,448.53"
1287,05/07/2021,SSI,"57,900","57,300","56,500","57,600","54,800","56,254","-1,400",-2.42,18.79,"1,057.00",0.81,46.11,19.60,"1,103.11","37,002.70"
1288,02/07/2021,SSI,"57,500","57,900","57,900","59,000","57,000","57,889",400,0.70,12.67,733.38,0.00,0.00,12.67,733.38,"37,919.58"
1289,01/07/2021,SSI,"55,000","56,000","57,500","58,200","55,400","56,539","2,500",4.55,13.72,775.97,0.00,0.00,13.72,775.97,"37,657.61"
1290,30/06/2021,SSI,"54,600","54,100","55,000","55,300","54,000","54,648",400,0.73,11.62,635.19,0.00,0.00,11.62,635.19,"36,020.32"
1291,29/06/2021,SSI,"53,900","53,900","54,600","55,800","53,600","54,450",700,1.30,10.43,567.86,0.04,1.95,10.46,569.82,"35,758.36"
1292,28/06/2021,SSI,"53,700","54,800","53,900","54,800","53,200","53,947",200,0.37,9.64,520.02,0.06,2.95,9.70,522.97,"35,299.92"
1293,25/06/2021,SSI,"50,200","50,500","53,700","53,700","50,400","52,180","3,500",6.97,23.69,"1,235.88",0.00,0.00,23.69,"1,235.88","35,168.93"
1294,24/06/2021,SSI,"49,900","50,000","50,200","50,500","49,700","50,047",300,0.60,7.40,370.26,2.30,114.77,9.70,485.03,"32,876.73"
1295,23/06/2021,SSI,"49,500","49,500","49,900","50,800","49,200","50,210",400,0.81,9.64,483.91,0.00,0.00,9.64,483.91,"32,680.26"
1296,22/06/2021,SSI,"49,000","49,900","49,500","49,900","49,100","49,528",500,1.02,9.04,447.69,0.14,6.81,9.18,454.50,"32,418.29"
1297,21/06/2021,SSI,"50,500","50,100","49,000","50,500","48,900","49,636","-1,500",-2.97,12.54,622.52,0.07,3.67,12.61,626.19,"32,090.83"
1298,18/06/2021,SSI,"50,500","51,500","50,500","51,500","50,100","50,709",0,0.00,7.80,395.43,0.33,16.77,8.13,412.19,"33,073.21"
1299,17/06/2021,SSI,"49,400","48,100","50,500","51,400","48,100","49,665","1,100",2.23,10.76,543.49,0.29,14.49,11.05,557.98,"32,994.74"
1300,16/06/2021,SSI,"52,000","50,800","49,400","51,700","48,950","50,067","-2,600",-5.00,22.09,"1,106.02",0.02,1.00,22.11,"1,107.02","32,276.04"
1301,15/06/2021,SSI,"52,000","52,000","52,000","53,500","51,500","52,462",0,0.00,14.84,778.69,0.00,0.00,14.84,778.69,"33,974.78"
1302,14/06/2021,SSI,"50,100","50,500","53,000","53,600","50,000","51,743","2,900",5.79,18.58,961.37,0.00,0.00,18.58,961.37,"34,628.14"
1303,11/06/2021,SSI,"47,000","46,500","50,100","50,200","46,400","48,926","3,100",6.60,22.21,"1,086.76",0.35,16.45,22.56,"1,103.21","32,733.39"
1304,10/06/2021,SSI,"46,700","46,700","47,000","47,750","46,500","47,181",300,0.64,14.90,703.03,0.00,0.00,14.90,703.03,"30,707.98"
1305,09/06/2021,SSI,"44,000","44,600","46,700","47,050","43,000","44,997","2,700",6.14,21.31,958.73,0.00,0.00,21.31,958.73,"30,511.97"
1306,08/06/2021,SSI,"47,150","47,000","44,000","47,900","44,000","46,087","-3,150",-6.68,19.62,904.11,0.00,0.00,19.62,904.11,"28,747.89"
1307,07/06/2021,SSI,"48,750","48,200","47,150","49,300","45,500","47,168","-1,600",-3.28,23.99,"1,131.77",0.00,0.00,23.99,"1,131.77","30,805.98"
1308,04/06/2021,SSI,"48,900","48,800","48,750","50,000","48,000","48,766",-150,-0.31,15.98,779.18,0.13,5.98,16.11,785.16,"31,485.74"
1309,03/06/2021,SSI,"46,000","47,700","48,900","49,200","47,000","48,337","2,900",6.30,14.69,710.22,0.00,0.00,14.69,710.22,"31,582.62"
1310,02/06/2021,SSI,"43,700","43,000","46,000","46,000","43,000","44,551","2,300",5.26,16.62,740.30,0.20,8.20,16.82,748.50,"29,709.62"
1311,01/06/2021,SSI,"44,400","45,000","43,700","45,300","43,300","44,535",-700,-1.58,12.40,552.22,0.00,0.00,12.40,552.22,"28,224.14"
1312,31/05/2021,SSI,"41,800","42,400","44,400","44,500","42,000","43,126","2,600",6.22,12.19,525.83,0.00,0.00,12.19,525.83,"28,676.24"
1313,28/05/2021,SSI,"39,600","39,900","41,800","41,900","39,500","40,531","2,200",5.56,17.03,690.16,0.00,0.00,17.03,690.16,"26,997.00"
1314,27/05/2021,SSI,"40,950","40,950","39,600","41,100","39,000","40,250","-1,350",-3.30,16.16,650.31,0.00,0.00,16.16,650.31,"25,576.11"
1315,26/05/2021,SSI,"40,900","40,800","40,950","41,700","40,500","40,991",50,0.12,13.25,543.32,0.00,0.00,13.25,543.32,"26,448.02"
1316,25/05/2021,SSI,"39,800","39,800","40,900","41,000","39,500","39,961","1,100",2.76,14.78,590.57,0.00,0.00,14.78,590.57,"26,415.73"
1317,24/05/2021,SSI,"39,000","39,200","39,800","39,850","38,600","39,258",800,2.05,16.56,650.31,0.00,0.00,16.56,650.31,"25,705.28"
1318,21/05/2021,SSI,"38,500","39,000","39,000","40,300","38,500","39,432",500,1.30,15.94,628.41,0.00,0.00,15.94,628.41,"25,188.59"
1319,20/05/2021,SSI,"36,000","36,150","38,500","38,500","36,000","37,752","2,500",6.94,28.13,"1,061.93",0.00,0.00,28.13,"1,061.93","24,865.66"
1320,19/05/2021,SSI,"35,250","35,250","36,000","36,200","35,000","35,587",750,2.13,16.38,582.78,0.00,0.00,16.38,582.78,"23,251.01"
1321,18/05/2021,SSI,"35,450","35,400","35,250","35,900","34,900","35,349",-200,-0.56,11.56,408.62,0.00,0.00,11.56,408.62,"22,766.61"
1322,17/05/2021,SSI,"35,300","36,000","35,450","36,300","35,300","35,830",150,0.42,16.95,607.26,0.00,0.00,16.95,607.26,"22,895.78"
1323,14/05/2021,SSI,"35,050","35,350","35,300","35,900","35,050","35,482",250,0.71,13.05,463.05,0.00,0.00,13.05,463.05,"22,798.90"
1324,13/05/2021,SSI,"34,800","34,400","35,050","36,150","34,400","35,491",250,0.72,20.97,744.40,0.15,4.86,21.12,749.26,"22,637.44"
1325,12/05/2021,SSI,"34,200","34,000","34,800","34,850","34,000","34,391",600,1.75,10.13,348.43,0.00,0.00,10.13,348.43,"22,475.97"
1326,11/05/2021,SSI,"34,700","35,000","34,200","35,300","34,200","34,859",-500,-1.44,16.04,559.23,0.00,0.00,16.04,559.23,"22,088.46"
1327,10/05/2021,SSI,"32,700","32,500","34,700","34,900","32,300","33,943","2,000",6.12,22.72,771.15,0.00,0.00,22.72,771.15,"22,411.60"
1328,07/05/2021,SSI,"32,850","32,500","32,700","33,500","32,400","32,759",-150,-0.46,9.37,306.96,0.00,0.00,9.37,306.96,"21,119.86"
1329,06/05/2021,SSI,"33,600","33,500","32,850","33,950","32,750","33,245",-750,-2.23,10.72,356.26,0.00,0.00,10.72,356.26,"21,216.74"
1330,05/05/2021,SSI,"32,900","33,100","33,600","34,200","32,950","33,550",700,2.13,12.39,415.55,0.00,0.00,12.39,415.55,"21,701.14"
1331,04/05/2021,SSI,"32,600","31,800","32,900","32,900","31,600","32,226",300,0.92,10.00,322.20,0.00,0.00,10.00,322.20,"21,249.04"
1332,29/04/2021,SSI,"32,100","32,100","32,600","33,000","32,100","32,576",500,1.56,9.17,298.72,1.50,45.00,10.67,343.72,"21,055.28"
1333,28/04/2021,SSI,"31,800","31,800","32,100","32,550","31,700","32,023",300,0.94,8.75,280.29,0.00,0.00,8.75,280.29,"20,732.34"
1334,27/04/2021,SSI,"31,700","31,700","31,800","32,000","31,150","31,739",100,0.32,5.35,169.80,0.00,0.00,5.35,169.80,"20,538.58"
1335,26/04/2021,SSI,"33,000","33,000","31,700","33,100","31,600","32,237","-1,300",-3.94,9.93,320.16,0.00,0.00,9.93,320.16,"20,473.99"
1336,23/04/2021,SSI,"31,750","32,000","33,000","33,000","31,550","32,166","1,250",3.94,14.68,472.10,0.00,0.00,14.68,472.10,"21,313.62"
1337,22/04/2021,SSI,"34,100","33,600","31,750","34,000","31,750","33,045","-2,350",-6.89,14.78,488.51,0.00,0.00,14.78,488.51,"20,506.29"
1338,20/04/2021,SSI,"34,800","35,500","34,100","35,550","33,900","34,755",-700,-2.01,14.90,517.90,0.00,0.00,14.90,517.90,"22,024.08"
1339,19/04/2021,SSI,"34,000","34,500","34,800","34,800","33,800","34,197",800,2.35,11.88,406.12,0.00,0.00,11.88,406.12,"22,476.18"
1340,16/04/2021,SSI,"34,850","34,650","34,000","35,050","33,300","34,084",-850,-2.44,18.21,620.70,0.00,0.00,18.21,620.70,"21,959.49"
1341,15/04/2021,SSI,"35,950","35,950","34,850","35,950","34,700","35,152","-1,100",-3.06,18.72,657.90,0.00,0.00,18.72,657.90,"22,508.48"
1342,14/04/2021,SSI,"35,600","35,200","35,950","36,200","35,000","35,433",350,0.98,16.50,584.74,0.00,0.00,16.50,584.74,"23,218.93"
1343,13/04/2021,SSI,"36,500","36,900","35,600","36,900","35,150","36,142",-900,-2.47,17.66,638.37,0.00,0.00,17.66,638.37,"22,992.88"
1344,12/04/2021,SSI,"35,250","35,600","36,500","36,850","35,200","35,827","1,250",3.55,16.96,607.71,0.00,0.00,16.96,607.71,"23,574.16"
1345,09/04/2021,SSI,"35,200","35,100","35,250","35,700","35,000","35,356",50,0.14,11.38,402.21,0.04,1.31,11.42,403.52,"22,766.82"
1346,08/04/2021,SSI,"35,350","35,700","35,200","35,700","34,950","35,298",-150,-0.42,11.00,388.25,0.06,2.10,11.06,390.35,"22,734.53"
1347,07/04/2021,SSI,"35,000","35,000","35,350","35,500","34,800","35,198",350,1.00,13.00,457.62,0.00,0.00,13.00,457.62,"22,831.41"
1348,06/04/2021,SSI,"35,000","34,500","35,000","35,300","34,500","34,980",0,0.00,15.89,555.72,0.02,0.69,15.91,556.41,"22,605.36"
1349,05/04/2021,SSI,"34,300","35,000","35,000","35,500","34,400","35,056",700,2.04,18.66,654.12,0.00,0.00,18.66,654.12,"22,605.60"
1350,02/04/2021,SSI,"33,950","34,900","34,300","34,950","34,050","34,630",350,1.03,13.80,477.97,0.00,0.00,13.80,477.97,"22,153.49"
1351,01/04/2021,SSI,"31,750","31,800","33,950","33,950","31,750","33,072","2,200",6.93,21.90,724.21,0.00,0.00,21.90,724.21,"21,927.43"
1352,31/03/2021,SSI,"31,800","31,700","31,750","32,150","31,650","31,843",-50,-0.16,7.64,243.34,0.00,0.00,7.64,243.34,"20,506.51"
1353,30/03/2021,SSI,"31,400","31,900","31,800","31,900","31,200","31,555",400,1.27,7.28,229.78,0.00,0.00,7.28,229.78,"20,538.80"
1354,29/03/2021,SSI,"30,900","31,300","31,400","31,450","31,000","31,265",500,1.62,5.69,178.03,0.00,0.00,5.69,178.03,"20,280.45"
1355,26/03/2021,SSI,"30,800","30,650","30,900","31,100","29,400","30,377",100,0.32,10.14,308.03,0.02,0.66,10.16,308.69,"19,957.51"
1356,25/03/2021,SSI,"31,300","31,500","30,800","31,750","30,700","31,275",-500,-1.60,13.27,414.87,0.00,0.00,13.27,414.87,"19,892.93"
1357,24/03/2021,SSI,"32,900","32,300","31,300","32,750","31,000","32,027","-1,600",-4.86,13.28,425.31,0.00,0.00,13.28,425.31,"20,215.86"
1358,23/03/2021,SSI,"33,400","33,400","32,900","33,400","32,550","32,971",-500,-1.50,8.83,291.11,0.00,0.00,8.83,291.11,"21,249.26"
1359,22/03/2021,SSI,"33,300","33,600","33,400","33,750","33,200","33,432",100,0.30,7.61,254.32,0.00,0.00,7.61,254.32,"21,572.20"
1360,19/03/2021,SSI,"33,300","33,100","33,300","34,000","33,100","33,618",0,0.00,11.16,375.05,0.00,0.00,11.16,375.05,"21,507.61"
1361,18/03/2021,SSI,"32,600","33,200","33,300","33,500","33,000","33,255",700,2.15,7.07,235.23,0.00,0.00,7.07,235.23,"21,507.61"
1362,17/03/2021,SSI,"32,700","32,450","32,600","32,900","32,350","32,651",-100,-0.31,7.52,245.62,6.95,236.30,14.47,481.92,"21,055.50"
1363,16/03/2021,SSI,"33,200","33,200","32,700","33,200","32,400","32,761",-500,-1.51,12.98,425.10,0.00,0.00,12.98,425.10,"19,587.78"
1364,15/03/2021,SSI,"33,500","33,500","33,200","33,700","33,200","33,391",-300,-0.90,7.09,236.89,0.00,0.00,7.09,236.89,"19,887.29"
1365,12/03/2021,SSI,"33,950","33,950","33,500","34,100","33,400","33,770",-450,-1.33,6.19,209.02,0.00,0.00,6.19,209.02,"20,067.00"
1366,11/03/2021,SSI,"33,100","33,600","33,950","34,300","33,300","33,841",850,2.57,10.82,366.08,0.00,0.00,10.82,366.08,"20,336.55"
1367,10/03/2021,SSI,"33,050","32,800","33,100","33,250","32,300","32,714",50,0.15,10.94,357.75,0.00,0.00,10.94,357.75,"19,827.39"
1368,09/03/2021,SSI,"33,550","33,300","33,050","33,550","32,750","33,033",-500,-1.49,10.48,346.29,0.05,1.83,10.54,348.12,"19,797.44"
1369,08/03/2021,SSI,"33,450","34,150","33,550","34,450","33,350","33,986",100,0.30,10.82,367.79,0.00,0.00,10.82,367.79,"20,096.95"
1370,05/03/2021,SSI,"33,450","33,000","33,450","33,450","32,500","32,979",0,0.00,14.14,466.40,0.00,0.00,14.14,466.40,"20,037.05"
1371,04/03/2021,SSI,"34,850","34,950","33,450","34,950","33,000","33,945","-1,400",-4.02,15.63,530.59,0.00,0.00,15.63,530.59,"20,037.05"
1372,03/03/2021,SSI,"35,050","34,750","34,850","35,100","34,600","34,857",-200,-0.57,9.83,342.54,0.00,0.00,9.83,342.54,"20,875.67"
1373,02/03/2021,SSI,"35,000","35,500","35,050","35,500","34,650","35,169",50,0.14,12.53,440.70,0.00,0.00,12.53,440.70,"20,995.47"
1374,01/03/2021,SSI,"33,200","33,600","35,000","35,100","33,300","34,338","1,800",5.42,19.29,662.54,0.00,0.00,19.29,662.54,"20,965.52"
1375,26/02/2021,SSI,"33,450","32,700","33,200","33,400","32,600","32,944",-250,-0.75,13.95,459.46,0.05,1.63,14.00,461.08,"19,887.29"
1376,25/02/2021,SSI,"33,450","33,700","33,450","33,750","32,900","33,388",0,0.00,11.14,371.98,0.00,0.00,11.14,371.98,"20,037.05"
1377,24/02/2021,SSI,"33,600","34,300","33,450","34,450","33,000","33,757",-150,-0.45,14.64,494.06,0.30,10.08,14.94,504.14,"20,037.05"
1378,23/02/2021,SSI,"32,850","32,950","33,600","33,950","32,650","33,255",750,2.28,15.57,517.74,0.00,0.00,15.57,517.74,"20,126.90"
1379,22/02/2021,SSI,"33,150","33,150","32,850","33,750","32,700","33,229",-300,-0.90,13.41,445.66,0.00,0.00,13.41,445.66,"19,677.64"
1380,19/02/2021,SSI,"33,300","32,700","33,150","33,600","32,700","33,226",-150,-0.45,11.92,396.09,0.02,0.67,11.94,396.75,"19,857.34"
1381,18/02/2021,SSI,"33,550","33,500","33,300","33,750","32,750","33,267",-250,-0.75,14.64,487.19,0.00,0.00,14.64,487.19,"19,947.19"
1382,17/02/2021,SSI,"31,750","32,500","33,550","33,600","32,200","32,995","1,800",5.67,11.24,371.00,0.05,1.48,11.29,372.48,"20,096.95"
1383,09/02/2021,SSI,"30,600","30,800","31,750","31,900","29,600","31,070","1,150",3.76,15.89,493.73,0.00,0.00,15.89,493.73,"19,018.72"
1384,08/02/2021,SSI,"31,500","31,800","30,600","32,750","29,600","31,321",-900,-2.86,21.43,671.21,0.00,0.00,21.43,671.21,"18,329.85"
1385,05/02/2021,SSI,"29,700","29,800","31,500","31,500","29,750","30,772","1,800",6.06,12.42,382.05,0.00,0.00,12.42,382.05,"18,868.97"
1386,04/02/2021,SSI,"29,700","29,700","29,700","30,600","29,200","30,010",0,0.00,12.07,362.23,0.04,1.31,12.11,363.54,"17,790.74"
1387,03/02/2021,SSI,"27,800","28,500","29,700","29,700","28,000","28,985","1,900",6.83,14.37,416.52,0.05,1.22,14.42,417.75,"17,790.74"
1388,02/02/2021,SSI,"26,800","26,700","27,800","28,000","25,700","27,074","1,000",3.73,11.60,314.15,0.00,0.00,11.60,314.15,"16,652.61"
1389,01/02/2021,SSI,"28,800","28,700","26,800","29,500","26,800","27,499","-2,000",-6.94,15.66,430.75,0.00,0.00,15.66,430.75,"16,053.60"
1390,29/01/2021,SSI,"27,750","26,000","28,800","29,650","26,000","27,963","1,050",3.78,14.01,391.67,0.00,0.00,14.01,391.67,"17,251.63"
1391,28/01/2021,SSI,"29,800","27,750","27,750","28,250","27,750","27,805","-2,050",-6.88,18.07,502.37,0.00,0.00,18.07,502.37,"16,622.66"
1392,27/01/2021,SSI,"32,000","31,100","29,800","32,000","29,800","30,564","-2,200",-6.88,14.06,429.69,0.16,4.80,14.22,434.49,"17,850.64"
1393,26/01/2021,SSI,"33,700","33,450","32,000","33,600","31,600","32,498","-1,700",-5.04,10.63,345.51,0.00,0.00,10.63,345.51,"19,168.48"
1394,25/01/2021,SSI,"33,750","33,200","33,700","34,550","32,900","33,473",-50,-0.15,12.15,406.74,0.00,0.00,12.15,406.74,"20,186.80"
1395,22/01/2021,SSI,"34,550","34,300","33,750","34,700","33,400","34,000",-800,-2.32,11.50,391.04,0.00,0.00,11.50,391.04,"20,216.75"
1396,21/01/2021,SSI,"33,300","33,400","34,550","35,000","33,000","33,705","1,250",3.75,13.08,441.01,0.00,0.00,13.08,441.01,"20,695.97"
1397,20/01/2021,SSI,"33,800","34,200","33,300","34,500","31,550","33,100",-500,-1.48,14.48,479.40,0.00,0.00,14.48,479.40,"19,947.20"
1398,19/01/2021,SSI,"36,300","35,800","33,800","36,350","33,800","34,747","-2,500",-6.89,19.69,684.30,2.30,83.59,22.00,767.89,"20,246.70"
1399,18/01/2021,SSI,"36,950","36,950","36,300","36,950","36,050","36,528",-650,-1.76,11.61,424.18,0.00,0.00,11.61,424.18,"21,744.24"
1400,15/01/2021,SSI,"35,350","35,800","36,950","37,250","35,450","36,203","1,600",4.53,14.65,530.36,0.03,1.06,14.68,531.41,"22,133.60"
1401,14/01/2021,SSI,"33,500","33,500","35,350","35,800","33,000","34,345","1,850",5.52,22.84,784.57,0.00,0.00,22.84,784.57,"21,175.18"
1402,13/01/2021,SSI,"34,100","34,500","33,500","34,500","33,400","33,807",-600,-1.76,9.76,329.79,0.04,1.49,9.80,331.28,"20,067.00"
1403,12/01/2021,SSI,"33,550","33,200","34,100","34,500","32,500","33,623",550,1.64,16.39,551.10,0.00,0.00,16.39,551.10,"20,426.41"
1404,11/01/2021,SSI,"34,150","34,100","33,550","34,200","33,050","33,574",-600,-1.76,13.47,452.35,0.04,1.56,13.52,453.91,"20,096.95"
1405,08/01/2021,SSI,"34,400","34,900","34,150","34,900","33,550","34,334",-250,-0.73,11.40,391.44,0.10,3.71,11.50,395.15,"20,456.36"
1406,07/01/2021,SSI,"34,000","34,500","34,400","34,600","33,550","33,935",400,1.18,13.78,467.75,0.14,4.95,13.93,472.70,"20,606.11"
1407,06/01/2021,SSI,"33,750","34,200","34,000","34,950","33,000","34,397",250,0.74,10.37,356.70,0.00,0.00,10.37,356.70,"20,366.51"
1408,05/01/2021,SSI,"33,800","33,250","33,750","34,100","33,100","33,766",-50,-0.15,8.62,291.23,0.00,0.00,8.62,291.23,"20,216.75"
1409,04/01/2021,SSI,"33,100","34,500","33,800","34,600","33,800","34,193",700,2.11,9.01,308.13,0.06,2.17,9.08,310.31,"20,246.70"
1410,31/12/2020,SSI,"31,500","31,500","33,100","33,450","31,450","32,316","1,600",5.08,9.65,311.70,0.00,0.00,9.65,311.70,"19,827.39"
1411,30/12/2020,SSI,"31,700","31,400","31,500","31,950","31,000","31,623",-200,-0.63,10.53,333.00,0.00,0.00,10.53,333.00,"18,868.97"
1412,29/12/2020,SSI,"32,000","31,500","31,700","32,150","31,100","31,696",-300,-0.94,11.91,377.56,1.22,38.69,13.13,416.25,"18,988.77"
1413,28/12/2020,SSI,"30,300","31,700","32,000","32,250","31,100","31,928","1,700",5.61,12.58,401.60,0.05,1.53,12.63,403.13,"19,168.48"
1414,25/12/2020,SSI,"28,350","28,000","30,300","30,300","27,650","29,598","1,950",6.88,16.01,473.88,0.05,1.42,16.06,475.30,"18,208.37"
1415,24/12/2020,SSI,"28,800","28,700","28,350","28,800","26,800","27,706",-450,-1.56,15.88,440.03,0.10,2.71,15.98,442.75,"17,036.54"
1416,23/12/2020,SSI,"29,600","29,350","28,800","29,400","28,500","28,964",-800,-2.70,13.98,404.81,0.14,4.17,14.12,408.98,"17,306.97"
1417,22/12/2020,SSI,"28,650","29,000","29,600","29,950","28,450","29,215",950,3.32,12.61,368.32,0.10,2.80,12.70,371.13,"17,787.72"
1418,21/12/2020,SSI,"26,800","27,400","28,650","28,650","27,200","28,370","1,850",6.90,14.05,398.67,0.10,2.72,14.15,401.39,"17,216.83"
1419,18/12/2020,SSI,"25,050","25,400","26,800","26,800","25,150","26,072","1,750",6.99,14.81,386.08,0.00,0.00,14.81,386.08,"16,105.09"
1420,17/12/2020,SSI,"25,050","24,800","25,050","25,600","24,600","25,065",0,0.00,13.21,331.08,0.16,4.02,13.37,335.10,"15,053.45"
1421,16/12/2020,SSI,"25,500","25,600","25,050","25,800","25,000","25,402",-450,-1.76,14.44,366.89,0.00,0.00,14.44,366.89,"15,053.45"
1422,15/12/2020,SSI,"25,150","24,800","25,500","26,100","24,800","25,431",350,1.39,15.34,390.17,0.00,0.00,15.34,390.17,"15,323.88"
1423,14/12/2020,SSI,"23,550","24,100","25,150","25,150","24,000","24,837","1,600",6.79,11.83,293.81,0.05,1.10,11.88,294.90,"15,113.55"
1424,11/12/2020,SSI,"22,800","22,800","23,550","23,550","22,550","23,077",750,3.29,9.02,208.23,0.03,0.53,9.05,208.76,"14,152.05"
1425,10/12/2020,SSI,"22,700","22,700","22,800","23,250","22,400","22,785",100,0.44,9.86,224.61,0.00,0.00,9.86,224.61,"13,701.35"
1426,09/12/2020,SSI,"21,900","22,200","22,700","23,200","22,200","22,711",800,3.65,13.76,312.55,0.19,4.41,13.95,316.96,"13,641.25"
1427,08/12/2020,SSI,"20,550","20,650","21,900","21,950","20,650","21,327","1,350",6.57,11.53,245.97,0.00,0.00,11.53,245.97,"13,160.51"
1428,07/12/2020,SSI,"20,050","20,350","20,550","20,600","20,250","20,465",500,2.49,7.08,144.95,0.07,1.36,7.15,146.31,"12,349.24"
1429,04/12/2020,SSI,"20,200","20,200","20,050","20,300","20,000","20,143",-150,-0.74,6.34,127.78,0.00,0.00,6.34,127.78,"12,048.77"
1430,03/12/2020,SSI,"19,700","19,900","20,200","20,400","19,800","20,166",500,2.54,8.05,162.40,0.00,0.00,8.05,162.40,"12,138.91"
1431,02/12/2020,SSI,"19,400","19,400","19,700","19,850","19,350","19,669",300,1.55,7.10,139.62,0.02,0.39,7.12,140.01,"11,838.45"
1432,01/12/2020,SSI,"19,250","18,800","19,400","19,400","18,800","19,079",150,0.78,8.79,167.78,0.00,0.00,8.79,167.78,"11,658.16"
1433,30/11/2020,SSI,"19,350","19,400","19,250","19,600","19,200","19,388",-100,-0.52,6.73,130.45,0.00,0.00,6.73,130.45,"11,568.02"
1434,27/11/2020,SSI,"19,150","19,150","19,350","19,400","19,150","19,292",200,1.04,4.61,88.91,0.04,0.75,4.65,89.67,"11,628.12"
1435,26/11/2020,SSI,"19,200","19,150","19,150","19,300","18,850","19,075",-50,-0.26,5.34,101.94,0.00,0.00,5.34,101.94,"11,507.93"
1436,25/11/2020,SSI,"18,950","19,000","19,200","19,300","18,950","19,162",250,1.32,8.63,165.38,0.00,0.00,8.63,165.38,"11,537.98"
1437,24/11/2020,SSI,"18,700","18,800","18,950","19,100","18,600","18,854",250,1.34,10.95,206.38,0.00,0.00,10.95,206.38,"11,387.74"
1438,23/11/2020,SSI,"18,200","18,200","18,700","18,750","18,050","18,455",500,2.75,9.36,172.78,0.00,0.00,9.36,172.78,"11,237.51"
1439,20/11/2020,SSI,"18,450","18,450","18,200","18,500","18,100","18,258",-250,-1.36,6.05,110.53,0.00,0.00,6.05,110.53,"10,937.04"
1440,19/11/2020,SSI,"18,400","18,550","18,450","18,600","18,300","18,479",50,0.27,5.20,96.12,0.00,0.00,5.20,96.12,"11,087.28"
1441,18/11/2020,SSI,"18,250","18,300","18,400","18,600","18,200","18,423",150,0.82,7.51,138.37,0.05,0.92,7.56,139.29,"11,057.23"
1442,17/11/2020,SSI,"17,700","17,850","18,250","18,250","17,650","17,975",550,3.11,8.58,154.28,0.00,0.00,8.58,154.28,"10,967.09"
1443,16/11/2020,SSI,"17,800","18,000","17,700","18,100","17,700","17,872",-100,-0.56,6.27,112.03,0.04,0.71,6.31,112.74,"10,636.57"
1444,13/11/2020,SSI,"17,500","17,600","17,800","17,800","17,450","17,633",300,1.71,4.20,74.03,0.00,0.00,4.20,74.03,"10,696.67"
1445,12/11/2020,SSI,"17,500","17,600","17,500","17,700","17,450","17,558",0,0.00,3.64,63.97,0.00,0.00,3.64,63.97,"10,516.39"
1446,11/11/2020,SSI,"17,700","17,800","17,500","17,900","17,500","17,696",-200,-1.13,4.85,85.80,0.00,0.00,4.85,85.80,"10,516.39"
1447,10/11/2020,SSI,"17,500","17,750","17,700","18,050","17,600","17,824",200,1.14,8.82,157.15,0.00,0.00,8.82,157.15,"10,636.57"
1448,09/11/2020,SSI,"17,150","17,250","17,500","17,600","17,250","17,477",350,2.04,3.96,69.27,0.00,0.00,3.96,69.27,"10,516.39"
1449,06/11/2020,SSI,"17,250","17,250","17,150","17,350","17,050","17,144",-100,-0.58,1.53,26.18,0.00,0.00,1.53,26.18,"10,306.06"
1450,05/11/2020,SSI,"17,500","17,400","17,250","17,550","17,250","17,407",-250,-1.43,2.49,43.28,0.00,0.00,2.49,43.28,"10,366.15"
1451,04/11/2020,SSI,"17,350","17,400","17,500","17,550","17,250","17,467",150,0.86,4.58,79.93,0.00,0.00,4.58,79.93,"10,516.39"
1452,03/11/2020,SSI,"17,150","17,250","17,350","17,400","17,200","17,312",200,1.17,3.12,53.99,0.00,0.00,3.12,53.99,"10,426.25"
1453,02/11/2020,SSI,"17,100","17,100","17,150","17,150","16,900","17,030",50,0.29,1.68,28.58,0.00,0.00,1.68,28.58,"10,306.06"
1454,30/10/2020,SSI,"17,100","17,100","17,100","17,150","16,700","16,962",0,0.00,3.03,51.38,0.00,0.00,3.03,51.38,"10,276.01"
1455,29/10/2020,SSI,"16,700","16,500","17,100","17,100","16,450","16,737",400,2.40,4.80,80.33,0.00,0.00,4.80,80.33,"10,276.01"
1456,28/10/2020,SSI,"17,200","17,100","16,700","17,250","16,500","16,957",-500,-2.91,5.92,100.37,0.00,0.00,5.92,100.37,"10,035.64"
1457,27/10/2020,SSI,"17,600","17,500","17,200","17,650","17,200","17,428",-400,-2.27,5.45,94.98,4.16,73.27,9.61,168.25,"10,336.11"
1458,26/10/2020,SSI,"17,900","17,900","17,600","18,100","17,600","17,848",-300,-1.68,4.73,84.45,0.00,0.00,4.73,84.45,"10,576.48"
1459,23/10/2020,SSI,"18,000","18,100","17,900","18,150","17,700","17,876",-100,-0.56,4.37,78.12,6.94,124.29,11.31,202.42,"10,756.76"
1460,22/10/2020,SSI,"17,700","17,550","18,000","18,000","17,400","17,604",300,1.69,6.69,117.70,0.00,0.00,6.69,117.70,"10,816.85"
1461,21/10/2020,SSI,"18,200","18,200","17,700","18,300","17,700","18,000",-500,-2.75,7.07,127.18,0.00,0.00,7.07,127.18,"10,636.57"
1462,20/10/2020,SSI,"18,350","18,350","18,200","18,350","17,900","18,187",-150,-0.82,4.19,76.23,0.00,0.00,4.19,76.23,"10,937.04"
1463,19/10/2020,SSI,"18,150","18,300","18,350","18,700","18,150","18,456",200,1.10,9.46,174.64,0.00,0.00,9.46,174.64,"11,027.18"
1464,16/10/2020,SSI,"18,150","18,100","18,150","18,300","17,950","18,125",0,0.00,4.44,80.55,0.00,0.00,4.44,80.55,"10,906.99"
1465,15/10/2020,SSI,"18,100","18,300","18,150","18,350","18,050","18,211",50,0.28,4.73,86.19,1.22,22.14,5.95,108.33,"10,906.99"
1466,14/10/2020,SSI,"17,550","17,600","18,100","18,100","17,450","17,833",550,3.13,5.38,95.93,0.00,0.00,5.38,95.93,"10,876.95"
1467,13/10/2020,SSI,"17,850","17,850","17,550","17,950","17,550","17,738",-300,-1.68,4.37,77.59,0.00,0.00,4.37,77.59,"10,546.43"
1468,12/10/2020,SSI,"18,000","18,200","17,850","18,200","17,750","17,994",-150,-0.83,4.85,87.26,0.00,0.00,4.85,87.26,"10,726.71"
1469,09/10/2020,SSI,"17,850","18,000","18,000","18,250","17,850","18,064",150,0.84,3.87,69.92,0.00,0.00,3.87,69.92,"10,816.85"
1470,08/10/2020,SSI,"17,850","18,000","17,850","18,050","17,600","17,795",0,0.00,4.66,82.99,0.00,0.00,4.66,82.99,"10,726.71"
1471,07/10/2020,SSI,"18,150","18,000","17,850","18,150","17,800","17,982",-300,-1.65,5.77,103.77,0.00,0.00,5.77,103.77,"10,726.71"
1472,06/10/2020,SSI,"18,250","18,250","18,150","18,350","17,950","18,162",-100,-0.55,5.23,94.96,0.00,0.00,5.23,94.96,"10,906.99"
1473,05/10/2020,SSI,"17,750","18,050","18,250","18,300","17,800","18,085",500,2.82,6.67,120.68,0.00,0.00,6.67,120.68,"10,967.09"
1474,02/10/2020,SSI,"17,800","17,900","17,750","18,050","17,000","17,711",-50,-0.28,10.96,194.14,0.00,0.00,10.96,194.14,"10,666.62"
1475,01/10/2020,SSI,"16,950","17,100","17,800","18,000","17,000","17,571",850,5.01,10.32,181.35,0.00,0.00,10.32,181.35,"10,696.67"
1476,30/09/2020,SSI,"16,750","16,750","16,950","17,000","16,600","16,783",200,1.19,4.43,74.39,0.00,0.00,4.43,74.39,"10,185.87"
1477,29/09/2020,SSI,"16,900","17,100","16,750","17,150","16,700","16,997",-150,-0.89,6.12,104.06,0.00,0.00,6.12,104.06,"10,065.68"
1478,28/09/2020,SSI,"16,450","16,550","16,900","16,950","16,550","16,770",450,2.74,5.22,87.46,0.00,0.00,5.22,87.46,"10,155.82"
1479,25/09/2020,SSI,"16,550","16,600","16,450","16,650","16,250","16,387",-100,-0.60,7.29,119.47,0.00,0.00,7.29,119.47,"9,885.40"
1480,24/09/2020,SSI,"16,700","16,600","16,550","16,800","16,500","16,608",-150,-0.90,4.56,75.81,0.00,0.00,4.56,75.81,"9,945.50"
1481,23/09/2020,SSI,"16,550","16,550","16,700","16,800","16,550","16,675",150,0.91,5.70,95.05,0.00,0.00,5.70,95.05,"10,035.64"
1482,22/09/2020,SSI,"16,500","16,350","16,550","16,600","16,350","16,515",50,0.30,6.82,112.65,0.00,0.00,6.82,112.65,"9,945.50"
1483,21/09/2020,SSI,"16,300","16,450","16,500","16,750","16,350","16,588",200,1.23,8.12,134.75,0.03,0.50,8.15,135.24,"9,915.45"
1484,18/09/2020,SSI,"16,000","16,000","16,300","16,450","15,950","16,282",300,1.88,7.90,128.68,0.00,0.00,7.90,128.68,"9,795.26"
1485,17/09/2020,SSI,"15,900","15,950","16,000","16,050","15,800","15,935",100,0.63,6.00,95.62,0.00,0.00,6.00,95.62,"9,614.98"
1486,16/09/2020,SSI,"15,800","15,800","15,900","16,100","15,800","15,936",100,0.63,3.81,60.68,0.00,0.00,3.81,60.68,"9,554.89"
1487,15/09/2020,SSI,"15,750","15,800","15,800","16,150","15,750","15,951",50,0.32,7.01,111.74,0.00,0.00,7.01,111.74,"9,494.79"
1488,14/09/2020,SSI,"15,750","15,850","15,750","15,900","15,650","15,761",0,0.00,4.64,73.20,0.00,0.00,4.64,73.20,"9,464.75"
1489,11/09/2020,SSI,"15,850","15,850","15,750","15,950","15,700","15,852",-100,-0.63,4.40,69.79,0.00,0.00,4.40,69.79,"9,464.75"
1490,10/09/2020,SSI,"15,850","15,950","15,850","16,150","15,850","15,993",0,0.00,8.79,140.54,0.00,0.00,8.79,140.54,"9,524.84"
1491,09/09/2020,SSI,"15,800","15,500","15,850","15,900","15,450","15,742",50,0.32,7.04,110.89,0.03,0.47,7.07,111.37,"9,524.84"
1492,08/09/2020,SSI,"15,350","15,450","15,800","15,800","15,300","15,547",450,2.93,6.83,106.21,0.00,0.00,6.83,106.21,"9,494.79"
1493,07/09/2020,SSI,"15,400","15,500","15,350","15,850","15,300","15,586",-50,-0.32,9.58,149.35,0.00,0.00,9.58,149.35,"9,224.37"
1494,04/09/2020,SSI,"15,250","15,000","15,400","15,700","14,850","15,341",150,0.98,9.71,149.02,0.00,0.00,9.71,149.02,"9,254.42"
1495,03/09/2020,SSI,"15,100","15,350","15,250","15,350","15,100","15,235",150,0.99,4.88,74.29,0.00,0.00,4.88,74.29,"9,164.28"
1496,01/09/2020,SSI,"14,900","14,850","15,100","15,100","14,800","14,958",200,1.34,3.45,51.59,0.00,0.00,3.45,51.59,"9,074.14"
1497,31/08/2020,SSI,"15,100","15,150","14,900","15,250","14,850","15,042",-200,-1.32,3.99,60.09,0.00,0.00,3.99,60.09,"8,953.95"
1498,28/08/2020,SSI,"15,100","15,250","15,100","15,400","15,100","15,243",0,0.00,5.87,89.48,0.00,0.00,5.87,89.48,"9,074.14"
1499,27/08/2020,SSI,"15,050","15,050","15,100","15,150","14,950","15,054",50,0.33,3.71,55.87,0.00,0.00,3.71,55.87,"9,074.14"
1500,26/08/2020,SSI,"15,000","15,050","15,050","15,200","14,950","15,107",50,0.33,5.42,81.88,0.00,0.00,5.42,81.88,"9,044.09"
1501,25/08/2020,SSI,"15,000","15,150","15,000","15,250","14,950","15,060",0,0.00,4.61,69.44,1.20,16.80,5.82,86.24,"9,014.05"
1502,24/08/2020,SSI,"14,700","14,850","15,000","15,100","14,750","14,942",300,2.04,7.04,105.27,0.86,12.37,7.90,117.64,"9,014.05"
1503,21/08/2020,SSI,"14,350","14,450","14,700","14,700","14,350","14,573",350,2.44,3.76,54.77,0.00,0.00,3.76,54.77,"8,833.76"
1504,20/08/2020,SSI,"14,550","14,550","14,350","14,600","14,350","14,429",-200,-1.37,2.70,39.01,0.00,0.00,2.70,39.01,"8,623.44"
1505,19/08/2020,SSI,"14,400","14,350","14,550","14,600","14,350","14,464",150,1.04,2.67,38.62,0.00,0.00,2.67,38.62,"8,743.62"
1506,18/08/2020,SSI,"14,500","14,500","14,400","14,600","14,350","14,477",-100,-0.69,1.93,27.96,0.35,5.20,2.28,33.16,"8,653.48"
1507,17/08/2020,SSI,"14,600","14,600","14,500","14,600","14,250","14,414",-100,-0.68,3.81,54.94,0.00,0.00,3.81,54.94,"8,713.58"
1508,14/08/2020,SSI,"14,850","14,800","14,600","14,900","14,450","14,683",-250,-1.68,4.30,63.16,0.00,0.00,4.30,63.16,"8,773.67"
1509,13/08/2020,SSI,"14,650","14,700","14,850","14,900","14,600","14,744",200,1.37,3.73,55.06,0.00,0.00,3.73,55.06,"8,923.90"
1510,12/08/2020,SSI,"14,700","14,750","14,650","14,800","14,500","14,634",-50,-0.34,2.88,42.11,0.00,0.00,2.88,42.11,"8,803.72"
1511,11/08/2020,SSI,"14,400","14,550","14,700","14,750","14,400","14,592",300,2.08,5.31,77.54,0.00,0.00,5.31,77.54,"8,833.76"
1512,10/08/2020,SSI,"14,250","14,500","14,400","14,600","14,400","14,504",150,1.05,3.29,47.69,0.00,0.00,3.29,47.69,"8,653.48"
1513,07/08/2020,SSI,"14,350","14,350","14,250","14,450","14,200","14,306",-100,-0.70,2.56,36.65,0.00,0.00,2.56,36.65,"8,563.34"
1514,06/08/2020,SSI,"14,500","14,450","14,350","14,550","14,300","14,414",-150,-1.03,4.17,60.08,0.00,0.00,4.17,60.08,"8,623.44"
1515,05/08/2020,SSI,"14,350","14,200","14,500","14,700","14,150","14,493",150,1.05,4.67,67.71,0.05,0.68,4.72,68.39,"8,713.58"
1516,04/08/2020,SSI,"14,100","14,350","14,350","14,450","14,050","14,244",250,1.77,4.64,66.13,0.00,0.00,4.64,66.13,"8,623.44"
1517,03/08/2020,SSI,"13,550","13,500","14,100","14,200","13,500","13,931",550,4.06,5.02,69.89,0.00,0.00,5.02,69.89,"8,473.20"
1518,31/07/2020,SSI,"13,750","13,400","13,550","13,800","13,350","13,607",-200,-1.45,2.83,38.54,1.51,19.30,4.34,57.84,"8,142.69"
1519,30/07/2020,SSI,"13,550","13,600","13,750","13,900","13,600","13,755",200,1.48,2.70,37.13,0.00,0.00,2.70,37.13,"8,262.88"
1520,29/07/2020,SSI,"14,200","14,000","13,550","14,000","13,250","13,549",-650,-4.58,6.33,85.70,0.00,0.00,6.33,85.70,"8,142.69"
1521,28/07/2020,SSI,"13,300","13,800","14,200","14,200","13,350","13,837",900,6.77,6.65,91.99,0.00,0.00,6.65,91.99,"8,533.30"
1522,27/07/2020,SSI,"14,300","13,500","13,300","14,000","13,300","13,519","-1,000",-6.99,8.31,112.35,0.00,0.00,8.31,112.35,"7,992.45"
1523,24/07/2020,SSI,"14,900","14,850","14,300","14,900","13,950","14,360",-600,-4.03,9.77,140.37,0.00,0.00,9.77,140.37,"8,593.39"
1524,23/07/2020,SSI,"15,050","15,100","14,900","15,150","14,850","14,969",-150,-1.00,4.38,65.55,0.00,0.00,4.38,65.55,"8,953.95"
1525,22/07/2020,SSI,"15,250","15,400","15,050","15,450","15,050","15,223",-200,-1.31,3.96,60.27,3.90,61.04,7.86,121.31,"9,044.09"
1526,21/07/2020,SSI,"15,450","15,650","15,250","15,700","15,100","15,365",-200,-1.29,6.95,106.85,0.00,0.00,6.95,106.85,"9,164.28"
1527,20/07/2020,SSI,"15,700","16,000","15,450","16,000","15,450","15,722",-250,-1.59,6.44,101.22,0.00,0.00,6.44,101.22,"9,284.47"
1528,17/07/2020,SSI,"16,600","16,550","16,700","16,950","16,500","16,742",100,0.60,6.82,114.25,3.90,65.18,10.73,179.44,"10,035.64"
1529,16/07/2020,SSI,"16,550","16,600","16,600","16,700","16,500","16,585",50,0.30,3.53,58.58,0.00,0.00,3.53,58.58,"9,975.54"
1530,15/07/2020,SSI,"16,700","16,800","16,550","16,800","16,500","16,669",-150,-0.90,4.34,72.35,0.00,0.00,4.34,72.35,"9,945.50"
1531,14/07/2020,SSI,"15,950","15,900","16,700","16,700","15,900","16,288",750,4.70,9.14,148.84,0.00,0.00,9.14,148.84,"10,035.64"
1532,13/07/2020,SSI,"15,950","16,200","15,950","16,250","15,850","16,054",0,0.00,5.30,85.06,0.42,6.72,5.72,91.79,"9,584.94"
1533,10/07/2020,SSI,"15,850","15,750","15,950","16,150","15,750","15,967",100,0.63,9.08,145.02,0.23,3.90,9.32,148.92,"9,584.94"
1534,09/07/2020,SSI,"15,700","15,900","15,850","16,000","15,700","15,855",150,0.96,4.88,77.31,0.00,0.00,4.88,77.31,"9,524.84"
1535,08/07/2020,SSI,"15,550","15,500","15,700","15,700","15,350","15,587",150,0.96,2.49,38.86,0.00,0.00,2.49,38.86,"9,434.70"
1536,07/07/2020,SSI,"15,600","15,700","15,550","15,850","15,500","15,706",-50,-0.32,4.85,76.19,0.00,0.00,4.85,76.19,"9,344.56"
1537,06/07/2020,SSI,"15,150","15,300","15,600","15,600","15,150","15,416",450,2.97,3.98,61.42,0.00,0.00,3.98,61.42,"9,374.61"
1538,03/07/2020,SSI,"15,150","15,300","15,150","15,300","15,100","15,193",0,0.00,2.29,34.77,0.00,0.00,2.29,34.77,"9,104.19"
1539,02/07/2020,SSI,"15,300","15,300","15,150","15,300","15,050","15,180",-150,-0.98,2.33,35.30,0.00,0.00,2.33,35.30,"9,104.19"
1540,01/07/2020,SSI,"14,800","14,950","15,300","15,400","14,750","15,102",500,3.38,3.44,51.89,0.00,0.00,3.44,51.89,"9,194.33"
1541,30/06/2020,SSI,"14,800","15,200","14,800","15,250","14,450","14,818",0,0.00,3.78,56.04,0.00,0.00,3.78,56.04,"8,893.86"
1542,29/06/2020,SSI,"15,500","15,500","14,800","15,500","14,650","15,003",-700,-4.52,7.50,112.55,0.02,0.30,7.52,112.86,"8,893.86"
1543,26/06/2020,SSI,"15,800","15,900","15,500","16,200","15,450","15,744",-300,-1.90,4.92,77.46,0.00,0.00,4.92,77.46,"9,314.51"
1544,25/06/2020,SSI,"15,750","15,650","15,800","15,850","15,400","15,642",50,0.32,3.91,61.23,0.00,0.00,3.91,61.23,"9,494.79"
1545,24/06/2020,SSI,"16,100","16,100","15,750","16,350","15,700","16,015",-350,-2.17,5.98,95.70,0.00,0.00,5.98,95.70,"9,464.75"
1546,23/06/2020,SSI,"15,200","15,450","16,100","16,250","15,450","15,983",900,5.92,14.03,224.16,0.00,0.00,14.03,224.16,"9,675.08"
1547,22/06/2020,SSI,"15,300","15,300","15,200","15,500","14,950","15,203",-100,-0.65,3.77,57.27,0.16,2.62,3.93,59.89,"9,134.23"
1548,19/06/2020,SSI,"15,000","15,000","15,300","15,300","14,900","15,177",300,2.00,4.99,75.67,0.00,0.00,4.99,75.67,"9,194.33"
1549,18/06/2020,SSI,"15,000","14,700","15,000","15,000","14,700","14,901",0,0.00,1.84,27.40,0.00,0.00,1.84,27.40,"9,014.05"
1550,17/06/2020,SSI,"15,200","15,150","15,000","15,250","14,850","15,063",-200,-1.32,2.91,43.86,0.00,0.00,2.91,43.86,"9,014.05"
1551,16/06/2020,SSI,"14,450","15,000","15,200","15,250","14,750","15,027",750,5.19,5.01,75.22,0.00,0.00,5.01,75.22,"9,134.23"
1552,15/06/2020,SSI,"15,500","15,500","14,450","15,550","14,450","14,759","-1,050",-6.77,7.25,107.06,0.02,0.33,7.27,107.39,"8,683.53"
1553,12/06/2020,SSI,"14,900","14,600","15,500","15,500","14,300","14,807",600,4.03,7.59,112.35,0.00,0.00,7.59,112.35,"9,314.51"
1554,11/06/2020,SSI,"16,000","16,000","14,900","16,200","14,900","15,664","-1,100",-6.88,9.35,146.44,0.00,0.00,9.35,146.44,"8,953.95"
1555,10/06/2020,SSI,"15,850","15,750","16,000","16,100","15,400","15,795",150,0.95,6.54,103.36,0.00,0.00,6.54,103.36,"9,614.98"
1556,09/06/2020,SSI,"16,050","16,300","15,850","16,300","15,800","16,009",-200,-1.25,6.44,103.03,0.00,0.00,6.44,103.03,"9,524.84"
1557,08/06/2020,SSI,"15,700","16,200","16,050","16,200","15,900","16,082",350,2.23,5.99,96.38,0.00,0.00,5.99,96.38,"9,645.03"
1558,05/06/2020,SSI,"15,700","15,700","15,700","15,800","15,500","15,677",0,0.00,5.73,89.86,0.00,0.00,5.73,89.86,"9,434.70"
1559,04/06/2020,SSI,"15,200","15,450","15,700","15,950","15,450","15,747",500,3.29,9.36,147.39,0.00,0.00,9.36,147.39,"9,434.70"
1560,03/06/2020,SSI,"15,050","15,100","15,200","15,200","15,000","15,097",150,1.00,3.25,49.09,0.00,0.00,3.25,49.09,"9,134.23"
1561,02/06/2020,SSI,"15,200","15,300","15,050","15,350","15,000","15,209",-150,-0.99,6.11,92.88,0.00,0.00,6.11,92.88,"9,044.09"
1562,01/06/2020,SSI,"14,800","14,900","15,200","15,300","14,850","15,132",400,2.70,4.46,67.42,0.00,0.00,4.46,67.42,"9,134.23"
1563,29/05/2020,SSI,"14,850","14,800","14,800","14,900","14,650","14,771",-50,-0.34,3.57,52.79,0.00,0.00,3.57,52.79,"8,893.86"
1564,28/05/2020,SSI,"14,900","14,900","14,850","15,100","14,800","14,935",-50,-0.34,4.88,72.83,0.00,0.00,4.88,72.83,"8,923.91"
1565,27/05/2020,SSI,"15,350","15,500","14,900","15,550","14,900","15,319",-450,-2.93,7.94,121.61,0.00,0.00,7.94,121.61,"8,953.95"
1566,26/05/2020,SSI,"14,550","14,700","15,350","15,400","14,650","15,111",800,5.50,8.12,122.71,0.00,0.00,8.12,122.71,"9,224.37"
1567,25/05/2020,SSI,"14,300","14,400","14,550","14,600","14,300","14,498",250,1.75,6.02,87.32,0.00,0.00,6.02,87.32,"8,743.62"
1568,22/05/2020,SSI,"14,350","14,200","14,300","14,700","14,100","14,435",-50,-0.35,7.46,107.62,0.02,0.29,7.48,107.90,"8,593.39"
1569,21/05/2020,SSI,"14,300","14,450","14,350","14,500","14,200","14,342",50,0.35,3.31,47.54,0.00,0.00,3.31,47.54,"8,623.44"
1570,20/05/2020,SSI,"14,300","14,250","14,300","14,400","14,200","14,298",0,0.00,2.58,36.85,0.00,0.00,2.58,36.85,"8,593.39"
1571,19/05/2020,SSI,"14,150","14,500","14,300","14,600","14,200","14,447",150,1.06,6.87,99.30,0.00,0.00,6.87,99.30,"8,593.39"
1572,18/05/2020,SSI,"13,950","13,950","14,150","14,200","13,850","14,045",200,1.43,2.31,32.50,0.00,0.00,2.31,32.50,"8,503.25"
1573,15/05/2020,SSI,"14,250","14,350","13,950","14,450","13,900","14,103",-300,-2.11,3.73,52.64,0.00,0.00,3.73,52.64,"8,383.06"
1574,14/05/2020,SSI,"14,050","13,850","14,250","14,650","13,850","14,321",200,1.42,5.86,83.88,0.00,0.00,5.86,83.88,"8,563.34"
1575,13/05/2020,SSI,"14,200","14,000","14,050","14,300","13,700","14,001",-150,-1.06,5.49,76.88,0.37,5.53,5.86,82.40,"8,443.16"
1576,12/05/2020,SSI,"14,150","14,000","14,200","14,350","13,800","14,121",50,0.35,3.96,55.86,0.00,0.00,3.96,55.86,"8,533.30"
1577,11/05/2020,SSI,"13,500","14,150","14,150","14,150","13,650","13,922",650,4.81,6.21,86.45,0.00,0.00,6.21,86.45,"8,503.25"
1578,08/05/2020,SSI,"13,200","13,200","13,500","13,800","13,200","13,548",300,2.27,7.92,107.30,0.13,1.73,8.05,109.03,"8,112.64"
1579,07/05/2020,SSI,"12,950","12,950","13,200","13,200","12,900","13,036",250,1.93,2.33,30.40,0.00,0.00,2.33,30.40,"7,932.36"
1580,06/05/2020,SSI,"12,650","12,750","12,950","13,000","12,700","12,851",300,2.37,1.68,21.53,0.00,0.00,1.68,21.53,"7,782.13"
1581,05/05/2020,SSI,"12,700","12,700","12,650","12,900","12,600","12,708",-50,-0.39,1.67,21.19,0.00,0.00,1.67,21.19,"7,601.85"
1582,04/05/2020,SSI,"13,000","12,900","12,700","13,000","12,700","12,816",-300,-2.31,2.18,27.94,0.00,0.00,2.18,27.94,"7,631.89"
1583,29/04/2020,SSI,"12,950","13,000","13,000","13,100","12,900","12,988",50,0.39,1.45,18.89,0.37,4.96,1.82,23.85,"7,812.17"
1584,28/04/2020,SSI,"13,100","13,100","12,950","13,100","12,800","12,919",-150,-1.15,2.59,33.42,0.00,0.00,2.59,33.42,"7,782.13"
1585,27/04/2020,SSI,"13,250","13,350","13,100","13,350","13,050","13,167",-150,-1.13,2.11,27.82,0.00,0.00,2.11,27.82,"7,872.27"
1586,24/04/2020,SSI,"13,300","13,250","13,250","13,350","13,050","13,197",-50,-0.38,1.51,19.90,0.37,4.96,1.87,24.86,"7,962.41"
1587,23/04/2020,SSI,"13,300","13,500","13,300","13,800","13,300","13,546",0,0.00,2.59,35.15,0.00,0.00,2.59,35.15,"7,992.45"
1588,22/04/2020,SSI,"12,850","12,500","13,300","13,450","12,500","12,859",450,3.50,3.44,44.18,0.00,0.00,3.44,44.18,"7,992.45"
1589,21/04/2020,SSI,"13,700","13,300","12,850","13,450","12,750","13,079",-850,-6.20,4.44,58.04,0.00,0.00,4.44,58.04,"7,722.03"
1590,20/04/2020,SSI,"13,600","13,650","13,700","13,800","13,450","13,627",100,0.74,3.33,45.33,0.00,0.00,3.33,45.33,"8,232.83"
1591,17/04/2020,SSI,"13,350","13,500","13,600","13,800","13,450","13,591",250,1.87,3.94,53.50,0.00,0.00,3.94,53.50,"8,172.74"
1592,16/04/2020,SSI,"13,350","13,200","13,350","13,550","13,100","13,355",0,0.00,2.60,34.77,0.04,0.50,2.64,35.26,"6,916.03"
1593,15/04/2020,SSI,"13,200","13,300","13,350","13,450","13,200","13,335",150,1.14,3.08,41.02,0.00,0.00,3.08,41.02,"6,916.03"
1594,14/04/2020,SSI,"13,150","13,050","13,200","13,200","12,750","12,986",50,0.38,3.90,50.67,0.00,0.00,3.90,50.67,"6,838.32"
1595,13/04/2020,SSI,"13,300","13,150","13,150","13,400","13,000","13,244",-150,-1.13,3.57,47.33,0.00,0.00,3.57,47.33,"6,812.42"
1596,10/04/2020,SSI,"13,200","13,300","13,300","13,600","13,000","13,341",100,0.76,3.23,43.14,0.00,0.00,3.23,43.14,"6,890.12"
1597,09/04/2020,SSI,"12,400","13,000","13,200","13,200","12,950","13,145",800,6.45,5.51,72.39,0.00,0.00,5.51,72.39,"6,838.32"
1598,08/04/2020,SSI,"14,150","13,900","14,350","14,500","13,600","13,945",200,1.41,4.09,57.06,0.00,0.00,4.09,57.06,"7,434.08"
1599,07/04/2020,SSI,"14,150","14,500","14,150","14,550","14,000","14,217",0,0.00,6.38,90.67,0.00,0.00,6.38,90.67,"7,330.47"
1600,06/04/2020,SSI,"13,250","13,950","14,150","14,150","13,800","14,103",900,6.79,5.47,77.19,0.00,0.00,5.47,77.19,"7,330.47"
1601,03/04/2020,SSI,"12,400","12,900","13,250","13,250","12,800","13,184",850,6.85,4.54,59.92,0.00,0.00,4.54,59.92,"6,864.22"
1602,01/04/2020,SSI,"11,600","11,600","12,400","12,400","11,600","12,320",800,6.90,3.72,45.77,0.00,0.00,3.72,45.77,"6,423.88"
1603,31/03/2020,SSI,"11,500","11,650","11,600","11,950","11,100","11,612",100,0.87,1.68,19.52,0.00,0.00,1.68,19.52,"6,009.43"
1604,30/03/2020,SSI,"12,350","11,900","11,500","11,900","11,500","11,604",-850,-6.88,2.43,28.17,0.00,0.00,2.43,28.17,"5,957.63"
1605,27/03/2020,SSI,"12,950","13,000","12,350","13,050","12,350","12,739",-600,-4.63,2.47,31.46,0.00,0.00,2.47,31.46,"6,397.97"
1606,26/03/2020,SSI,"13,350","13,200","12,950","13,250","12,900","13,043",-400,-3.00,1.26,16.39,0.00,0.00,1.26,16.39,"6,708.81"
1607,25/03/2020,SSI,"12,500","13,000","13,350","13,350","12,750","13,073",850,6.80,2.38,31.06,0.00,0.00,2.38,31.06,"6,916.03"
1608,24/03/2020,SSI,"12,900","12,950","12,500","13,000","12,200","12,669",-400,-3.10,3.01,38.14,0.00,0.00,3.01,38.14,"6,475.68"
1609,23/03/2020,SSI,"13,850","13,200","12,900","13,400","12,900","12,979",-950,-6.86,3.30,42.78,0.02,0.26,3.32,43.04,"6,682.90"
1610,20/03/2020,SSI,"13,700","14,000","13,850","14,050","13,600","13,804",150,1.09,2.87,39.60,0.00,0.00,2.87,39.60,"7,175.06"
1611,19/03/2020,SSI,"13,700","13,400","13,700","13,900","13,300","13,635",0,0.00,2.57,35.02,0.00,0.00,2.57,35.02,"7,097.35"
1612,18/03/2020,SSI,"14,200","14,400","13,700","14,400","13,600","13,894",-500,-3.52,3.19,44.33,0.00,0.00,3.19,44.33,"7,097.35"
1613,17/03/2020,SSI,"13,300","13,100","14,200","14,200","12,800","13,515",900,6.77,4.83,65.34,0.20,2.66,5.03,68.00,"7,356.38"
1614,16/03/2020,SSI,"13,300","13,500","13,300","13,600","13,200","13,364",0,0.00,2.90,38.73,1.41,17.46,4.31,56.19,"6,890.13"
1615,13/03/2020,SSI,"13,550","12,700","13,300","13,750","12,700","13,050",-250,-1.85,4.48,58.53,0.00,0.00,4.48,58.53,"6,890.13"
1616,12/03/2020,SSI,"14,500","13,800","13,550","14,000","13,500","13,645",-950,-6.55,4.61,62.85,0.00,0.00,4.61,62.85,"7,019.64"
1617,11/03/2020,SSI,"15,550","15,850","14,500","15,850","14,500","14,773","-1,050",-6.75,3.61,53.39,0.00,0.00,3.61,53.39,"7,511.79"
1618,10/03/2020,SSI,"15,550","14,900","15,550","15,650","14,900","15,243",0,0.00,3.37,51.43,0.00,0.00,3.37,51.43,"8,055.75"
1619,09/03/2020,SSI,"16,700","15,550","15,550","15,800","15,550","15,601","-1,150",-6.89,3.58,55.80,0.00,0.00,3.58,55.80,"8,055.75"
1620,06/03/2020,SSI,"16,800","16,750","16,700","16,750","16,450","16,609",-100,-0.60,1.36,22.64,0.00,0.00,1.36,22.64,"8,651.51"
1621,05/03/2020,SSI,"16,250","16,550","16,800","16,950","16,450","16,721",550,3.38,3.30,55.15,0.00,0.00,3.30,55.15,"8,703.32"
1622,04/03/2020,SSI,"15,950","16,000","16,250","16,450","15,900","16,222",300,1.88,2.85,46.28,0.00,0.00,2.85,46.28,"8,418.39"
1623,03/03/2020,SSI,"15,800","16,100","15,950","16,250","15,950","16,096",150,0.95,2.09,33.62,0.00,0.00,2.09,33.62,"8,262.97"
1624,02/03/2020,SSI,"15,900","16,050","15,800","16,100","15,750","15,871",-100,-0.63,2.11,33.55,0.00,0.00,2.11,33.55,"8,185.26"
1625,28/02/2020,SSI,"16,500","16,150","15,900","16,200","15,800","15,996",-600,-3.64,1.99,31.80,0.43,6.62,2.42,38.42,"8,237.07"
1626,27/02/2020,SSI,"16,100","16,000","16,500","16,500","15,950","16,208",400,2.48,1.49,24.16,0.00,0.00,1.49,24.16,"8,547.90"
1627,26/02/2020,SSI,"16,400","16,000","16,100","16,700","15,900","16,174",-300,-1.83,1.04,16.79,0.00,0.00,1.04,16.79,"8,340.68"
1628,25/02/2020,SSI,"16,250","15,850","16,400","16,450","15,850","16,092",150,0.92,1.69,27.25,0.00,0.00,1.69,27.25,"8,496.10"
1629,24/02/2020,SSI,"17,450","17,050","16,250","17,150","16,250","16,617","-1,200",-6.88,3.48,57.88,0.00,0.00,3.48,57.88,"8,418.39"
1630,21/02/2020,SSI,"17,600","17,600","17,450","17,650","17,450","17,545",-150,-0.85,1.20,21.02,0.00,0.00,1.20,21.02,"9,040.05"
1631,20/02/2020,SSI,"17,600","17,700","17,600","17,850","17,500","17,647",0,0.00,1.66,29.37,0.00,0.00,1.66,29.37,"9,117.76"
1632,19/02/2020,SSI,"17,550","17,600","17,600","17,650","17,450","17,565",50,0.28,1.67,29.31,0.00,0.00,1.67,29.31,"9,117.76"
1633,18/02/2020,SSI,"17,650","17,650","17,550","17,700","17,400","17,572",-100,-0.57,1.48,25.97,0.00,0.00,1.48,25.97,"9,091.86"
1634,17/02/2020,SSI,"17,800","17,800","17,650","17,950","17,650","17,794",-150,-0.84,1.96,34.79,0.00,0.00,1.96,34.79,"9,143.66"
1635,14/02/2020,SSI,"17,600","17,600","17,800","17,850","17,500","17,676",200,1.14,1.10,19.49,0.00,0.00,1.10,19.49,"9,221.37"
1636,13/02/2020,SSI,"17,800","17,600","17,600","17,700","17,550","17,609",-200,-1.12,1.26,22.27,0.00,0.00,1.26,22.27,"9,117.76"
1637,12/02/2020,SSI,"17,450","17,500","17,800","17,800","17,500","17,698",350,2.01,2.79,49.38,0.00,0.00,2.79,49.38,"9,221.37"
1638,11/02/2020,SSI,"17,550","17,550","17,450","17,600","17,400","17,522",-100,-0.57,1.52,26.67,0.00,0.00,1.52,26.67,"9,040.05"
1639,10/02/2020,SSI,"17,700","17,200","17,550","17,600","16,800","17,434",-150,-0.85,0.78,13.52,0.00,0.00,0.78,13.52,"9,091.86"
1640,07/02/2020,SSI,"17,700","17,700","17,700","17,950","17,500","17,755",0,0.00,2.56,45.49,0.00,0.00,2.56,45.49,"9,169.57"
1641,06/02/2020,SSI,"16,950","17,000","17,700","17,700","16,900","17,328",750,4.42,2.87,49.74,0.00,0.00,2.87,49.74,"9,169.57"
1642,05/02/2020,SSI,"17,000","17,100","16,950","17,250","16,900","17,072",-50,-0.29,2.16,36.95,0.00,0.00,2.16,36.95,"8,781.03"
1643,04/02/2020,SSI,"17,050","17,100","17,000","17,250","16,800","17,052",-50,-0.29,1.78,30.39,0.00,0.00,1.78,30.39,"8,806.93"
1644,03/02/2020,SSI,"17,700","16,800","17,050","17,100","16,500","16,782",-650,-3.67,3.14,52.77,0.00,0.00,3.14,52.77,"8,832.83"
1645,31/01/2020,SSI,"18,500","18,100","17,700","18,300","17,250","17,797",-800,-4.32,4.46,79.33,0.00,0.00,4.46,79.33,"9,169.57"
1646,30/01/2020,SSI,"19,300","18,950","18,500","18,950","18,100","18,531",-800,-4.15,2.41,44.71,0.00,0.00,2.41,44.71,"9,584.01"
1647,22/01/2020,SSI,"19,250","19,250","19,300","19,400","19,150","19,271",50,0.26,1.73,33.33,0.00,0.00,1.73,33.33,"9,998.46"
1648,21/01/2020,SSI,"19,250","19,100","19,250","19,450","19,050","19,308",0,0.00,1.54,29.76,0.00,0.00,1.54,29.76,"9,972.55"
1649,20/01/2020,SSI,"19,250","19,250","19,250","19,250","19,000","19,156",0,0.00,1.29,24.67,0.00,0.00,1.29,24.67,"9,780.05"
1650,17/01/2020,SSI,"19,100","19,200","19,250","19,500","19,000","19,241",150,0.79,2.83,54.50,0.00,0.00,2.83,54.50,"9,780.05"
1651,16/01/2020,SSI,"18,400","18,400","19,100","19,100","18,400","18,767",700,3.80,2.38,44.76,0.00,0.00,2.38,44.76,"9,703.84"
1652,15/01/2020,SSI,"18,400","18,450","18,400","18,450","18,300","18,391",0,0.00,0.83,15.27,0.00,0.00,0.83,15.27,"9,348.21"
1653,14/01/2020,SSI,"18,300","18,300","18,400","18,450","18,250","18,371",100,0.55,1.07,19.60,0.00,0.00,1.07,19.60,"9,348.21"
1654,13/01/2020,SSI,"18,300","18,200","18,300","18,500","18,200","18,383",0,0.00,1.13,20.69,0.04,0.79,1.17,21.48,"9,297.40"
1655,10/01/2020,SSI,"17,950","18,000","18,300","18,350","17,900","18,106",350,1.95,2.07,37.43,0.00,0.00,2.07,37.43,"9,297.40"
1656,09/01/2020,SSI,"17,750","17,950","17,950","18,050","17,850","17,943",200,1.13,1.15,20.62,0.00,0.00,1.15,20.62,"9,119.58"
1657,08/01/2020,SSI,"18,250","18,050","17,750","18,100","17,550","17,898",-500,-2.74,2.62,46.95,0.00,0.00,2.62,46.95,"9,017.97"
1658,07/01/2020,SSI,"18,200","18,200","18,250","18,300","18,150","18,223",50,0.27,0.64,11.72,0.00,0.00,0.64,11.72,"9,272.00"
1659,06/01/2020,SSI,"18,250","18,150","18,200","18,300","18,050","18,192",-50,-0.27,1.35,24.53,0.00,0.00,1.35,24.53,"9,246.60"
1660,03/01/2020,SSI,"18,400","18,500","18,250","18,600","18,150","18,355",-150,-0.82,0.70,12.92,0.00,0.00,0.70,12.92,"9,272.00"
1661,02/01/2020,SSI,"18,050","18,100","18,400","18,400","18,050","18,231",350,1.94,0.99,18.08,0.00,0.00,0.99,18.08,"9,348.21"
1662,31/12/2019,SSI,"18,150","18,150","18,050","18,200","18,050","18,104",-100,-0.55,1.06,19.19,0.03,0.63,1.09,19.82,"9,170.39"
1663,30/12/2019,SSI,"18,100","18,300","18,150","18,450","18,100","18,241",50,0.28,1.09,19.87,0.03,0.48,1.12,20.35,"9,221.19"
1664,27/12/2019,SSI,"18,250","18,150","18,100","18,250","18,050","18,116",-150,-0.82,1.25,22.71,0.00,0.00,1.25,22.71,"9,195.79"
1665,26/12/2019,SSI,"18,200","18,150","18,250","18,300","18,100","18,192",50,0.27,0.71,12.96,0.00,0.00,0.71,12.96,"9,272.00"
1666,25/12/2019,SSI,"18,350","18,350","18,200","18,350","18,150","18,269",-150,-0.82,0.92,16.72,0.00,0.00,0.92,16.72,"9,246.60"
1667,24/12/2019,SSI,"18,350","18,300","18,350","18,450","18,200","18,292",0,0.00,0.88,16.09,0.26,5.08,1.14,21.17,"9,322.80"
1668,23/12/2019,SSI,"18,300","18,300","18,350","18,500","18,300","18,368",50,0.27,1.08,19.91,0.00,0.00,1.08,19.91,"9,322.80"
1669,20/12/2019,SSI,"18,100","18,200","18,300","18,450","18,100","18,280",200,1.10,1.30,23.73,0.08,1.46,1.38,25.19,"9,297.40"
1670,19/12/2019,SSI,"18,400","18,400","18,100","18,600","18,100","18,316",-300,-1.63,0.99,18.18,0.52,9.72,1.51,27.91,"9,195.79"
1671,18/12/2019,SSI,"18,650","18,750","18,400","18,850","18,400","18,616",-250,-1.34,1.38,25.61,0.29,5.29,1.66,30.90,"9,348.21"
1672,17/12/2019,SSI,"19,050","19,100","18,650","19,150","18,650","18,856",-400,-2.10,1.57,29.53,0.30,5.55,1.86,35.08,"9,475.22"
1673,16/12/2019,SSI,"19,200","19,200","19,050","19,300","19,000","19,129",-150,-0.78,0.83,15.81,0.22,4.24,1.05,20.04,"9,678.44"
1674,13/12/2019,SSI,"19,400","19,500","19,200","19,550","19,200","19,385",-200,-1.03,1.04,20.08,0.00,0.00,1.04,20.08,"9,754.65"
1675,12/12/2019,SSI,"19,000","19,150","19,400","19,400","18,950","19,127",400,2.11,1.48,28.33,0.00,0.00,1.48,28.33,"9,856.26"
1676,11/12/2019,SSI,"19,200","19,150","19,000","19,300","18,750","19,005",-200,-1.04,1.40,26.66,0.00,0.00,1.40,26.66,"9,653.04"
1677,10/12/2019,SSI,"19,600","19,600","19,200","19,600","19,100","19,314",-400,-2.04,1.24,23.90,0.00,0.00,1.24,23.90,"9,754.65"
1678,09/12/2019,SSI,"19,500","19,500","19,600","19,850","19,450","19,677",100,0.51,0.84,16.57,0.00,0.00,0.84,16.57,"9,957.87"
1679,06/12/2019,SSI,"19,600","19,650","19,500","19,700","19,500","19,595",-100,-0.51,0.61,11.88,0.00,0.00,0.61,11.88,"9,907.07"
1680,05/12/2019,SSI,"19,800","19,900","19,600","20,000","19,600","19,822",-200,-1.01,0.72,14.23,0.00,0.00,0.72,14.23,"9,957.87"
1681,04/12/2019,SSI,"19,300","19,350","19,800","19,800","19,300","19,545",500,2.59,1.06,20.69,0.00,0.00,1.06,20.69,"10,059.48"
1682,03/12/2019,SSI,"19,500","19,250","19,300","19,600","19,250","19,432",-200,-1.03,1.21,23.48,0.00,0.00,1.21,23.48,"9,805.46"
1683,02/12/2019,SSI,"19,800","19,800","19,500","19,950","19,500","19,740",-300,-1.52,1.53,30.24,0.00,0.00,1.53,30.24,"9,907.07"
1684,29/11/2019,SSI,"19,850","19,850","19,800","19,950","19,800","19,864",-50,-0.25,1.00,19.94,0.00,0.00,1.00,19.94,"10,059.48"
1685,28/11/2019,SSI,"19,850","19,900","19,850","20,000","19,750","19,862",0,0.00,1.13,22.49,0.00,0.00,1.13,22.49,"10,084.89"
1686,27/11/2019,SSI,"20,000","20,100","19,850","20,100","19,850","19,981",-150,-0.75,1.82,36.29,0.00,0.00,1.82,36.29,"10,084.89"
1687,26/11/2019,SSI,"20,250","20,300","20,000","20,400","20,000","20,198",-250,-1.23,1.66,33.49,0.00,0.00,1.66,33.49,"10,161.09"
1688,25/11/2019,SSI,"20,100","20,200","20,250","20,300","20,050","20,175",150,0.75,0.95,19.26,0.00,0.00,0.95,19.26,"10,288.11"
1689,22/11/2019,SSI,"20,400","20,600","20,100","20,650","20,050","20,255",-300,-1.47,1.90,38.40,0.00,0.00,1.90,38.40,"10,211.90"
1690,21/11/2019,SSI,"20,900","20,900","20,400","20,900","20,400","20,639",-500,-2.39,2.08,43.00,0.10,2.06,2.18,45.06,"10,364.32"
1691,20/11/2019,SSI,"21,100","21,150","20,900","21,150","20,900","20,988",-200,-0.95,1.25,26.20,0.00,0.00,1.25,26.20,"10,618.34"
1692,19/11/2019,SSI,"21,000","21,000","21,100","21,250","21,000","21,102",100,0.48,0.90,19.08,0.00,0.00,0.90,19.08,"10,719.95"
1693,18/11/2019,SSI,"21,100","21,150","21,000","21,200","20,950","21,034",-100,-0.47,1.09,22.92,0.00,0.00,1.09,22.92,"10,669.15"
1694,15/11/2019,SSI,"21,450","21,400","21,100","21,450","21,100","21,227",-350,-1.63,1.62,34.49,0.00,0.00,1.62,34.49,"10,719.95"
1695,14/11/2019,SSI,"21,650","21,600","21,450","21,700","21,300","21,490",-200,-0.92,1.59,34.08,0.00,0.00,1.59,34.08,"10,897.77"
1696,13/11/2019,SSI,"21,650","21,700","21,650","21,750","21,500","21,650",0,0.00,1.29,28.04,0.00,0.00,1.29,28.04,"10,999.38"
1697,12/11/2019,SSI,"21,700","21,700","21,650","21,900","21,650","21,750",-50,-0.23,1.53,33.20,0.00,0.00,1.53,33.20,"10,999.38"
1698,11/11/2019,SSI,"22,050","22,050","21,700","22,050","21,700","21,880",-350,-1.59,1.80,39.48,0.00,0.00,1.80,39.48,"11,024.79"
1699,08/11/2019,SSI,"22,050","22,250","22,050","22,300","21,950","22,120",0,0.00,2.39,52.82,1.28,28.24,3.67,81.06,"11,202.61"
1700,07/11/2019,SSI,"21,700","21,700","22,050","22,200","21,650","21,920",350,1.61,2.94,64.44,0.15,3.29,3.09,67.72,"11,202.61"
1701,06/11/2019,SSI,"21,800","21,800","21,700","21,850","21,650","21,760",-100,-0.46,1.55,33.62,0.15,3.26,1.70,36.89,"11,024.79"
1702,05/11/2019,SSI,"21,750","21,850","21,800","21,950","21,750","21,810",50,0.23,2.13,46.45,0.00,0.00,2.13,46.45,"11,075.59"
1703,04/11/2019,SSI,"21,500","21,600","21,750","21,850","21,550","21,750",250,1.16,3.30,71.75,0.00,0.00,3.30,71.75,"11,050.19"
1704,01/11/2019,SSI,"21,350","21,300","21,500","21,700","21,150","21,470",150,0.70,3.10,66.66,0.00,0.00,3.10,66.66,"10,923.18"
1705,31/10/2019,SSI,"21,350","21,400","21,350","21,450","21,000","21,277",0,0.00,1.79,38.02,0.00,0.00,1.79,38.02,"10,846.97"
1706,30/10/2019,SSI,"21,150","21,150","21,350","21,400","21,150","21,288",200,0.95,1.06,22.50,0.21,4.47,1.27,26.97,"10,846.97"
1707,29/10/2019,SSI,"21,250","21,250","21,150","21,400","21,150","21,295",-100,-0.47,1.16,24.75,0.00,0.00,1.16,24.75,"10,745.36"
1708,28/10/2019,SSI,"21,300","21,500","21,250","21,650","21,250","21,408",-50,-0.23,1.51,32.27,0.00,0.00,1.51,32.27,"10,796.16"
1709,25/10/2019,SSI,"21,300","21,300","21,300","21,450","21,250","21,360",0,0.00,1.15,24.66,0.00,0.00,1.15,24.66,"10,821.57"
1710,24/10/2019,SSI,"20,800","20,900","21,300","21,300","20,850","21,064",500,2.40,1.45,30.64,0.04,0.84,1.49,31.48,"10,821.57"
1711,23/10/2019,SSI,"20,900","20,850","20,800","21,000","20,800","20,907",-100,-0.48,0.74,15.39,0.26,5.41,1.00,20.81,"10,567.54"
1712,22/10/2019,SSI,"20,800","20,900","20,900","20,950","20,650","20,803",100,0.48,1.06,21.99,0.00,0.00,1.06,21.99,"10,618.34"
1713,21/10/2019,SSI,"21,100","20,900","20,800","21,000","20,800","20,886",-300,-1.42,1.39,28.95,0.13,2.76,1.51,31.71,"10,567.54"
1714,18/10/2019,SSI,"21,350","21,300","21,100","21,500","21,100","21,290",-250,-1.17,1.29,27.42,0.04,0.88,1.33,28.29,"10,719.95"
1715,17/10/2019,SSI,"21,550","21,550","21,350","21,550","21,300","21,420",-200,-0.93,1.09,23.40,0.00,0.00,1.09,23.40,"10,846.97"
1716,16/10/2019,SSI,"21,600","21,700","21,550","21,700","21,500","21,610",-50,-0.23,1.40,30.24,0.04,0.89,1.44,31.13,"10,948.58"
1717,15/10/2019,SSI,"21,750","21,850","21,600","21,850","21,550","21,670",-150,-0.69,1.18,25.47,0.00,0.00,1.18,25.47,"10,973.98"
1718,14/10/2019,SSI,"21,300","21,500","21,750","21,900","21,500","21,670",450,2.11,2.62,56.73,0.00,0.00,2.62,56.73,"11,050.19"
1719,11/10/2019,SSI,"21,300","21,350","21,300","21,400","21,200","21,300",0,0.00,1.87,39.80,0.00,0.00,1.87,39.80,"10,821.57"
1720,10/10/2019,SSI,"21,300","21,300","21,300","21,500","21,250","21,370",0,0.00,1.48,31.63,0.00,0.00,1.48,31.63,"10,821.57"
1721,09/10/2019,SSI,"21,400","21,500","21,300","21,600","21,200","21,370",-100,-0.47,1.63,34.74,0.06,1.29,1.68,36.04,"10,821.57"
1722,08/10/2019,SSI,"21,100","21,050","21,400","21,550","21,050","21,270",300,1.42,1.28,27.32,3.84,85.82,5.13,113.13,"10,872.37"
1723,07/10/2019,SSI,"21,600","21,650","21,100","21,800","21,100","21,410",-500,-2.31,1.75,37.45,0.06,1.38,1.81,38.83,"10,719.95"
1724,04/10/2019,SSI,"22,400","22,800","21,600","22,800","21,600","22,240",-800,-3.57,3.43,76.32,0.21,4.64,3.64,80.96,"10,973.98"
1725,03/10/2019,SSI,"23,400","23,150","23,400","23,500","23,000","23,280",0,0.00,2.02,46.96,4.04,94.64,6.06,141.60,"11,888.48"
1726,02/10/2019,SSI,"23,150","23,100","23,400","23,700","23,000","23,410",250,1.08,3.73,87.32,0.00,0.00,3.73,87.32,"11,888.48"
1727,01/10/2019,SSI,"23,000","22,900","23,150","23,200","22,850","23,020",150,0.65,3.00,69.04,0.87,19.91,3.86,88.95,"11,761.47"
1728,30/09/2019,SSI,"23,200","23,350","23,000","23,400","22,950","23,180",-200,-0.86,2.83,65.65,0.08,1.99,2.91,67.65,"11,685.26"
1729,27/09/2019,SSI,"22,650","22,750","23,200","23,250","22,600","22,950",550,2.43,4.05,93.00,0.00,0.00,4.05,93.00,"11,786.87"
1730,26/09/2019,SSI,"21,650","21,800","22,650","22,650","21,800","22,200","1,000",4.62,6.38,141.62,0.00,0.00,6.38,141.62,"11,507.44"
1731,25/09/2019,SSI,"21,650","21,600","21,650","21,750","21,450","21,560",0,0.00,1.47,31.62,0.05,1.20,1.52,32.82,"10,999.39"
1732,24/09/2019,SSI,"21,350","21,350","21,650","21,950","21,300","21,620",300,1.41,2.40,51.83,0.00,0.00,2.40,51.83,"10,999.39"
1733,23/09/2019,SSI,"21,450","21,600","21,350","21,650","21,350","21,490",-100,-0.47,1.51,32.53,0.00,0.00,1.51,32.53,"10,846.97"
1734,20/09/2019,SSI,"21,750","21,800","21,450","21,800","21,350","21,530",-300,-1.38,3.37,72.62,0.00,0.00,3.37,72.62,"10,897.77"
1735,19/09/2019,SSI,"21,600","21,750","21,750","21,750","21,400","21,550",150,0.69,1.48,31.79,0.00,0.00,1.48,31.79,"11,050.19"
1736,18/09/2019,SSI,"21,650","21,750","21,600","21,900","21,550","21,720",-50,-0.23,2.02,43.98,0.20,4.34,2.22,48.32,"10,973.98"
1737,17/09/2019,SSI,"21,450","21,450","21,650","21,650","21,300","21,465",200,0.93,1.29,27.70,0.30,6.44,1.59,34.14,"10,999.39"
1738,16/09/2019,SSI,"21,350","21,500","21,450","21,750","21,450","21,588",100,0.47,2.32,50.13,0.08,1.66,2.40,51.79,"10,897.77"
1739,13/09/2019,SSI,"20,850","20,900","21,350","21,500","20,850","21,194",500,2.40,2.87,60.86,0.00,0.00,2.87,60.86,"10,846.97"
1740,12/09/2019,SSI,"20,750","20,850","20,850","21,000","20,750","20,898",100,0.48,0.68,14.25,0.21,4.35,0.89,18.60,"10,592.94"
1741,11/09/2019,SSI,"20,700","20,800","20,750","20,850","20,600","20,733",50,0.24,0.57,11.80,0.22,4.56,0.79,16.36,"10,542.14"
1742,10/09/2019,SSI,"20,900","21,200","20,700","21,200","20,700","20,921",-200,-0.96,1.11,23.12,0.00,0.00,1.11,23.12,"10,516.73"
1743,09/09/2019,SSI,"21,100","21,000","20,900","21,100","20,800","20,904",-200,-0.95,0.86,18.06,0.00,0.00,0.86,18.06,"10,618.34"
1744,06/09/2019,SSI,"21,300","21,100","21,100","21,350","21,100","21,172",-200,-0.94,0.47,10.00,0.07,1.48,0.54,11.48,"10,719.96"
1745,05/09/2019,SSI,"21,400","21,500","21,300","21,550","21,200","21,291",-100,-0.47,0.73,15.62,0.00,0.00,0.73,15.62,"10,821.57"
1746,04/09/2019,SSI,"21,450","21,350","21,400","21,400","21,150","21,284",-50,-0.23,0.62,13.26,0.02,0.51,0.65,13.76,"10,872.37"
1747,03/09/2019,SSI,"21,500","21,350","21,450","21,500","21,150","21,332",-50,-0.23,0.54,11.61,0.37,7.98,0.92,19.59,"10,897.77"
1748,30/08/2019,SSI,"21,150","21,300","21,500","21,550","21,300","21,414",350,1.65,0.71,15.28,0.00,0.00,0.71,15.28,"10,923.18"
1749,29/08/2019,SSI,"21,350","21,300","21,150","21,400","21,100","21,225",-200,-0.94,0.82,17.46,0.00,0.00,0.82,17.46,"10,745.36"
1750,28/08/2019,SSI,"21,400","21,400","21,350","21,550","21,300","21,374",-50,-0.23,0.49,10.50,0.00,0.00,0.49,10.50,"10,870.78"
1751,27/08/2019,SSI,"21,600","21,750","21,400","21,800","21,350","21,566",-200,-0.93,1.25,26.99,0.00,0.00,1.25,26.99,"10,896.24"
1752,26/08/2019,SSI,"22,300","21,500","21,600","21,900","21,500","21,667",-700,-3.14,1.70,36.93,0.00,0.00,1.70,36.93,"10,998.08"
1753,23/08/2019,SSI,"22,400","22,400","22,300","22,400","22,100","22,215",-100,-0.45,0.87,19.25,0.00,0.00,0.87,19.25,"11,354.50"
1754,22/08/2019,SSI,"22,500","22,550","22,400","22,650","22,300","22,447",-100,-0.44,0.99,22.14,0.00,0.00,0.99,22.14,"11,405.41"
1755,21/08/2019,SSI,"22,100","22,000","22,500","22,500","21,950","22,243",400,1.81,2.26,50.29,0.00,0.00,2.26,50.29,"11,456.33"
1756,20/08/2019,SSI,"22,200","22,200","22,100","22,400","22,050","22,185",-100,-0.45,1.29,28.59,0.00,0.00,1.29,28.59,"11,252.66"
1757,19/08/2019,SSI,"22,250","22,550","22,200","22,550","22,000","22,249",-50,-0.22,0.85,18.88,0.00,0.00,0.85,18.88,"11,303.58"
1758,16/08/2019,SSI,"21,850","21,850","22,250","22,800","21,700","22,438",400,1.83,2.48,55.73,0.00,0.00,2.48,55.73,"11,329.04"
1759,15/08/2019,SSI,"21,800","21,500","21,850","21,850","21,100","21,382",50,0.23,2.24,47.82,0.00,0.00,2.24,47.82,"11,125.37"
1760,14/08/2019,SSI,"21,850","22,000","21,800","22,050","21,750","21,870",-50,-0.23,1.37,30.06,0.00,0.00,1.37,30.06,"11,099.91"
1761,13/08/2019,SSI,"22,150","21,750","21,850","21,850","21,600","21,747",-300,-1.35,1.11,24.23,0.00,0.00,1.11,24.23,"11,125.37"
1762,12/08/2019,SSI,"22,000","22,100","22,150","22,250","21,800","21,973",150,0.68,1.07,23.61,0.00,0.00,1.07,23.61,"11,278.12"
1763,09/08/2019,SSI,"21,200","21,650","22,000","22,200","21,500","21,903",800,3.77,2.18,47.81,0.00,0.00,2.18,47.81,"11,201.75"
1764,08/08/2019,SSI,"21,200","21,200","21,200","21,700","20,750","21,102",0,0.00,2.57,54.21,0.12,2.60,2.69,56.81,"10,794.41"
1765,07/08/2019,SSI,"21,650","21,800","21,200","22,000","21,150","21,477",-450,-2.08,1.81,38.96,0.00,0.00,1.81,38.96,"10,794.41"
1766,06/08/2019,SSI,"22,300","21,800","21,650","21,900","21,500","21,682",-650,-2.91,1.92,41.54,0.00,0.00,1.92,41.54,"11,023.54"
1767,05/08/2019,SSI,"23,050","23,000","22,300","23,050","22,300","22,643",-750,-3.25,1.44,32.53,0.00,0.00,1.44,32.53,"11,354.50"
1768,02/08/2019,SSI,"23,300","23,000","23,050","23,250","22,800","22,937",-250,-1.07,0.93,21.41,0.00,0.00,0.93,21.41,"11,736.37"
1769,01/08/2019,SSI,"23,200","23,200","23,300","23,450","23,100","23,309",100,0.43,0.44,10.20,0.00,0.00,0.44,10.20,"11,863.67"
1770,31/07/2019,SSI,"23,350","23,100","23,200","23,350","22,900","23,059",-150,-0.64,1.51,34.81,0.00,0.00,1.51,34.81,"11,812.75"
1771,30/07/2019,SSI,"24,100","24,100","23,350","24,350","23,350","23,786",-750,-3.11,1.42,33.74,0.00,0.00,1.42,33.74,"11,889.13"
1772,29/07/2019,SSI,"24,400","24,450","24,100","24,500","24,100","24,197",-300,-1.23,0.60,14.48,0.00,0.00,0.60,14.48,"12,271.00"
1773,26/07/2019,SSI,"24,350","24,350","24,400","24,550","24,150","24,342",50,0.21,0.95,23.20,0.00,0.00,0.95,23.20,"12,423.75"
1774,25/07/2019,SSI,"24,700","24,650","24,350","24,800","24,300","24,550",-350,-1.42,1.76,43.16,0.00,0.00,1.76,43.16,"12,398.30"
1775,24/07/2019,SSI,"25,100","25,250","24,700","25,250","24,650","24,842",-400,-1.59,1.52,37.84,0.12,3.13,1.64,40.97,"12,576.51"
1776,23/07/2019,SSI,"25,050","25,200","25,100","25,250","25,000","25,131",50,0.20,0.81,20.43,0.00,0.00,0.81,20.43,"12,780.17"
1777,22/07/2019,SSI,"25,600","25,400","25,050","25,450","24,900","25,207",-550,-2.15,1.82,45.95,0.00,0.00,1.82,45.95,"12,754.72"
1778,19/07/2019,SSI,"25,550","25,650","25,600","25,800","25,550","25,661",50,0.20,1.47,37.75,0.00,0.00,1.47,37.75,"13,034.76"
1779,18/07/2019,SSI,"25,800","25,550","25,550","25,750","25,500","25,613",-250,-0.97,1.28,32.89,0.00,0.00,1.28,32.89,"13,009.30"
1780,17/07/2019,SSI,"25,000","25,100","25,800","25,900","25,000","25,576",800,3.20,3.71,94.84,0.09,2.17,3.80,97.01,"13,136.59"
1781,16/07/2019,SSI,"25,000","24,950","25,000","25,100","24,950","25,030",0,0.00,0.88,22.08,0.00,0.00,0.88,22.08,"12,729.26"
1782,15/07/2019,SSI,"25,050","25,250","25,000","25,050","24,900","24,991",-50,-0.20,0.76,19.08,0.00,0.00,0.76,19.08,"12,729.26"
1783,12/07/2019,SSI,"25,100","25,250","25,050","25,350","25,000","25,144",-50,-0.20,1.16,29.09,0.00,0.00,1.16,29.09,"12,754.72"
1784,11/07/2019,SSI,"24,900","25,100","25,100","25,150","25,000","25,090",200,0.80,0.88,21.98,0.00,0.00,0.88,21.98,"12,780.17"
1785,10/07/2019,SSI,"25,050","25,050","24,900","25,250","24,900","25,093",-150,-0.60,0.94,23.57,0.00,0.00,0.94,23.57,"12,678.34"
1786,09/07/2019,SSI,"25,100","25,050","25,050","25,150","24,850","25,001",-50,-0.20,1.00,24.98,0.02,0.50,1.02,25.48,"12,754.72"
1787,08/07/2019,SSI,"25,350","25,350","25,100","25,350","25,000","25,139",-250,-0.99,0.98,24.75,0.02,0.49,1.00,25.24,"12,780.17"
1788,05/07/2019,SSI,"25,200","25,500","25,350","25,500","25,200","25,318",150,0.60,1.94,49.19,0.00,0.00,1.94,49.19,"12,907.47"
1789,04/07/2019,SSI,"24,850","24,850","25,200","25,300","24,750","25,070",350,1.41,1.89,47.28,0.00,0.00,1.89,47.28,"12,831.09"
1790,03/07/2019,SSI,"24,750","24,900","24,850","24,900","24,700","24,771",100,0.40,0.48,11.82,0.00,0.00,0.48,11.82,"12,652.88"
1791,02/07/2019,SSI,"25,000","25,000","24,750","25,050","24,700","24,864",-250,-1.00,0.52,13.04,0.00,0.00,0.52,13.04,"12,601.96"
1792,01/07/2019,SSI,"24,800","25,050","25,000","25,100","24,800","24,956",200,0.81,0.95,23.78,0.02,0.50,0.97,24.28,"12,729.26"
1793,28/06/2019,SSI,"24,600","24,800","24,800","24,800","24,550","24,669",200,0.81,0.61,15.09,0.07,1.63,0.68,16.73,"12,627.42"
1794,27/06/2019,SSI,"24,800","24,700","24,600","24,800","24,500","24,641",-200,-0.81,1.49,36.77,0.00,0.00,1.49,36.77,"12,525.59"
1795,26/06/2019,SSI,"24,850","24,750","24,800","24,950","24,750","24,833",-50,-0.20,1.09,27.01,0.00,0.00,1.09,27.01,"12,627.42"
1796,25/06/2019,SSI,"24,900","24,750","24,850","25,000","24,750","24,874",-50,-0.20,0.71,17.77,0.05,1.24,0.76,19.00,"12,652.88"
1797,24/06/2019,SSI,"25,100","25,200","24,900","25,250","24,700","25,094",-200,-0.80,1.91,47.94,0.00,0.00,1.91,47.94,"12,678.34"
1798,21/06/2019,SSI,"25,100","25,100","25,100","25,400","25,100","25,149",0,0.00,1.78,44.79,0.00,0.00,1.78,44.79,"12,780.17"
1799,20/06/2019,SSI,"24,800","24,850","25,100","25,250","24,800","25,069",300,1.21,1.39,34.89,0.00,0.00,1.39,34.89,"12,780.17"
1800,19/06/2019,SSI,"24,450","24,800","24,800","24,850","24,600","24,780",350,1.43,0.66,16.30,0.00,0.00,0.66,16.30,"12,627.42"
1801,18/06/2019,SSI,"24,600","24,600","24,450","24,700","24,450","24,522",-150,-0.61,0.91,22.41,0.09,2.16,1.00,24.57,"12,449.21"
1802,17/06/2019,SSI,"24,800","24,700","24,600","24,900","24,600","24,718",-200,-0.81,0.60,14.87,0.00,0.00,0.60,14.87,"12,525.59"
1803,14/06/2019,SSI,"24,800","24,800","24,800","25,050","24,800","24,934",0,0.00,0.39,9.84,0.00,0.00,0.39,9.84,"12,627.42"
1804,13/06/2019,SSI,"24,850","24,700","24,800","24,900","24,650","24,747",-50,-0.20,0.66,16.31,0.00,0.00,0.66,16.31,"12,627.42"
1805,12/06/2019,SSI,"25,200","25,200","24,850","25,200","24,800","24,984",-350,-1.39,0.53,13.35,0.00,0.00,0.53,13.35,"12,652.88"
1806,11/06/2019,SSI,"25,200","25,200","25,200","25,250","25,100","25,184",0,0.00,0.54,13.61,0.19,4.63,0.73,18.24,"12,831.09"
1807,10/06/2019,SSI,"25,050","25,150","25,200","25,350","25,100","25,199",150,0.60,0.93,23.46,0.00,0.00,0.93,23.46,"12,831.09"
1808,07/06/2019,SSI,"24,700","24,900","25,050","25,050","24,900","24,978",350,1.42,0.64,15.91,0.00,0.00,0.64,15.91,"12,754.72"
1809,06/06/2019,SSI,"24,850","24,800","24,700","24,900","24,450","24,608",-150,-0.60,1.21,29.85,0.00,0.00,1.21,29.85,"12,576.51"
1810,05/06/2019,SSI,"24,800","25,150","24,850","25,150","24,850","24,984",50,0.20,0.86,21.39,0.00,0.00,0.86,21.39,"12,652.88"
1811,04/06/2019,SSI,"24,750","24,850","24,800","24,900","24,550","24,727",50,0.20,0.69,17.18,0.00,0.00,0.69,17.18,"12,627.42"
1812,03/06/2019,SSI,"24,850","24,700","24,750","24,850","24,550","24,700",-100,-0.40,1.18,29.17,0.60,14.87,1.78,44.04,"12,601.96"
1813,31/05/2019,SSI,"25,100","25,100","24,850","25,200","24,850","24,949",-250,-1.00,0.99,24.74,0.38,9.42,1.37,34.16,"12,652.88"
1814,30/05/2019,SSI,"25,050","25,050","25,100","25,350","24,850","25,174",50,0.20,0.78,19.52,0.12,3.08,0.90,22.60,"12,780.17"
1815,29/05/2019,SSI,"25,200","25,200","25,050","25,300","24,950","25,075",-150,-0.60,0.85,21.23,0.00,0.00,0.85,21.23,"12,754.72"
1816,28/05/2019,SSI,"25,350","25,300","25,200","25,350","25,050","25,173",-150,-0.59,1.31,32.88,0.00,0.00,1.31,32.88,"12,831.09"
1817,27/05/2019,SSI,"25,550","25,550","25,350","25,600","25,350","25,466",-200,-0.78,0.75,19.10,0.00,0.00,0.75,19.10,"12,907.47"
1818,24/05/2019,SSI,"26,050","25,900","25,550","25,950","25,450","25,701",-500,-1.92,2.09,53.70,0.28,7.24,2.37,60.94,"13,009.30"
1819,23/05/2019,SSI,"26,050","25,700","26,050","26,050","25,700","25,893",0,0.00,1.21,31.22,0.00,0.00,1.21,31.22,"13,263.89"
1820,22/05/2019,SSI,"26,050","26,050","26,050","26,250","25,950","26,045",0,0.00,1.64,42.68,0.00,0.00,1.64,42.68,"13,263.89"
1821,21/05/2019,SSI,"26,100","26,200","26,050","26,300","25,950","26,103",-50,-0.19,1.68,43.89,0.02,0.52,1.70,44.41,"13,263.89"
1822,20/05/2019,SSI,"25,700","25,750","26,100","26,150","25,650","25,973",400,1.56,2.95,76.58,0.00,0.00,2.95,76.58,"13,289.34"
1823,17/05/2019,SSI,"25,550","25,550","25,700","25,900","25,500","25,691",150,0.59,2.16,55.45,0.00,0.00,2.16,55.45,"13,085.68"
1824,16/05/2019,SSI,"25,750","25,750","25,550","25,900","25,550","25,717",-200,-0.78,1.08,27.79,0.12,2.96,1.20,30.74,"13,009.30"
1825,15/05/2019,SSI,"25,050","25,300","25,750","25,900","25,100","25,569",700,2.79,2.85,72.76,0.00,0.00,2.85,72.76,"13,111.13"
1826,14/05/2019,SSI,"25,200","25,000","25,050","25,150","24,850","24,946",-150,-0.60,2.52,62.91,0.08,1.93,2.60,64.84,"12,754.72"
1827,13/05/2019,SSI,"25,050","25,100","25,200","25,250","25,000","25,174",150,0.60,0.83,20.99,0.00,0.00,0.83,20.99,"12,831.09"
1828,10/05/2019,SSI,"24,600","24,700","25,050","25,150","24,600","24,847",450,1.83,1.24,30.90,0.00,0.00,1.24,30.90,"12,754.72"
1829,09/05/2019,SSI,"24,700","24,850","24,600","24,950","24,500","24,646",-100,-0.40,0.99,24.51,0.09,2.22,1.08,26.73,"12,525.59"
1830,08/05/2019,SSI,"24,900","24,700","24,700","25,050","24,450","24,723",-200,-0.80,1.41,34.92,0.09,2.22,1.50,37.14,"12,576.51"
1831,07/05/2019,SSI,"25,200","25,500","24,900","25,550","24,800","25,085",-300,-1.19,2.49,62.39,0.19,4.66,2.67,67.06,"12,678.34"
1832,06/05/2019,SSI,"25,900","25,500","25,200","25,500","24,950","25,110",-700,-2.70,2.71,68.16,0.00,0.00,2.71,68.16,"12,831.09"
1833,03/05/2019,SSI,"25,600","25,400","25,900","25,900","25,400","25,783",300,1.17,1.07,27.67,0.00,0.00,1.07,27.67,"13,187.51"
1834,02/05/2019,SSI,"25,800","25,850","25,600","26,050","25,600","25,808",-200,-0.78,0.95,24.51,0.00,0.00,0.95,24.51,"13,034.76"
1835,26/04/2019,SSI,"25,500","25,600","25,800","25,800","25,350","25,601",300,1.18,1.67,42.72,0.29,7.42,1.96,50.15,"13,136.59"
1836,25/04/2019,SSI,"25,700","25,700","25,500","25,700","25,400","25,518",-200,-0.78,1.25,31.90,0.02,0.63,1.27,32.53,"12,983.84"
1837,24/04/2019,SSI,"25,150","25,400","25,700","25,750","25,300","25,576",550,2.19,0.77,19.63,0.20,5.11,0.97,24.74,"13,085.68"
1838,23/04/2019,SSI,"25,200","25,200","25,150","25,350","25,050","25,257",-50,-0.20,1.68,42.40,0.00,0.00,1.68,42.40,"12,805.63"
1839,22/04/2019,SSI,"26,000","25,700","25,200","25,950","25,000","25,335",-800,-3.08,2.12,53.79,0.00,0.00,2.12,53.79,"12,831.09"
1840,19/04/2019,SSI,"26,000","26,350","26,000","26,400","25,950","26,068",0,0.00,0.73,19.04,0.00,0.00,0.73,19.04,"13,238.43"
1841,18/04/2019,SSI,"26,550","26,500","26,000","26,600","25,850","26,103",-550,-2.07,1.88,49.02,0.02,0.63,1.90,49.65,"13,238.43"
1842,17/04/2019,SSI,"26,750","26,750","26,550","27,000","26,500","26,745",-200,-0.75,1.18,31.43,0.20,5.35,1.38,36.78,"13,518.47"
1843,16/04/2019,SSI,"27,000","26,950","26,750","26,950","26,600","26,712",-250,-0.93,1.12,29.85,0.00,0.00,1.12,29.85,"13,620.31"
1844,12/04/2019,SSI,"27,250","27,250","27,000","27,250","27,000","27,116",-250,-0.92,0.82,22.28,0.05,1.33,0.87,23.61,"13,747.60"
1845,11/04/2019,SSI,"27,450","27,500","27,250","27,600","27,250","27,354",-200,-0.73,0.64,17.64,0.56,15.31,1.20,32.95,"13,874.89"
1846,10/04/2019,SSI,"28,000","27,500","27,450","27,900","27,400","27,520",-550,-1.96,0.82,22.45,0.00,0.00,0.82,22.45,"13,976.72"
1847,09/04/2019,SSI,"27,800","27,900","28,000","28,050","27,800","27,939",200,0.72,1.92,53.56,0.37,10.47,2.29,64.02,"14,256.77"
1848,08/04/2019,SSI,"27,500","27,550","27,800","27,800","27,500","27,714",300,1.09,1.14,31.60,0.76,21.02,1.90,52.61,"14,154.93"
1849,05/04/2019,SSI,"27,300","27,300","27,500","27,550","27,300","27,446",200,0.73,0.68,18.74,0.00,0.00,0.68,18.74,"14,002.18"
1850,04/04/2019,SSI,"27,350","27,300","27,300","27,650","27,300","27,440",-50,-0.18,0.72,19.81,0.02,0.65,0.75,20.47,"13,900.35"
1851,03/04/2019,SSI,"27,700","27,500","27,350","27,600","27,350","27,434",-350,-1.26,0.50,13.83,0.05,1.35,0.55,15.18,"13,925.81"
1852,02/04/2019,SSI,"27,700","28,000","27,700","28,050","27,400","27,713",0,0.00,0.61,16.95,0.00,0.00,0.61,16.95,"14,104.02"
1853,01/04/2019,SSI,"27,200","27,400","27,700","27,800","27,250","27,555",500,1.84,1.01,27.80,0.00,0.00,1.01,27.80,"14,104.02"
1854,29/03/2019,SSI,"27,050","27,300","27,200","27,350","27,050","27,182",150,0.55,1.42,38.48,0.36,9.86,1.77,48.34,"13,849.43"
1855,28/03/2019,SSI,"27,100","27,100","27,050","27,200","26,950","27,108",-50,-0.18,0.63,17.01,0.00,0.00,0.63,17.01,"13,773.06"
1856,27/03/2019,SSI,"27,100","27,500","27,100","27,500","27,050","27,239",0,0.00,0.79,21.49,0.04,0.88,0.82,22.38,"13,798.51"
1857,26/03/2019,SSI,"26,800","27,100","27,100","27,300","26,950","27,080",300,1.12,0.66,17.84,0.30,8.35,0.96,26.20,"13,798.51"
1858,25/03/2019,SSI,"27,500","26,800","26,800","27,100","26,600","26,812",-700,-2.55,1.38,37.13,0.00,0.00,1.38,37.13,"13,645.76"
1859,22/03/2019,SSI,"27,300","27,600","27,500","27,950","27,400","27,611",200,0.73,1.23,33.83,0.00,0.00,1.23,33.83,"14,002.18"
1860,21/03/2019,SSI,"28,550","28,550","27,300","28,600","27,300","28,103","-1,250",-4.38,1.72,48.28,0.05,1.38,1.77,49.65,"13,900.35"
1861,20/03/2019,SSI,"28,900","28,900","28,550","28,900","28,250","28,564",-350,-1.21,1.41,40.16,0.10,2.80,1.50,42.96,"14,536.81"
1862,19/03/2019,SSI,"29,200","29,300","28,900","29,400","28,900","29,192",-300,-1.03,1.18,34.50,0.00,0.00,1.18,34.50,"14,715.02"
1863,18/03/2019,SSI,"29,500","29,550","29,200","29,550","29,050","29,297",-300,-1.02,1.50,43.84,0.84,24.45,2.33,68.29,"14,867.77"
1864,15/03/2019,SSI,"29,450","29,500","29,500","29,500","29,150","29,405",50,0.17,1.54,45.19,0.00,0.00,1.54,45.19,"15,020.52"
1865,14/03/2019,SSI,"29,400","29,500","29,450","29,600","29,150","29,456",50,0.17,1.13,33.42,0.00,0.00,1.13,33.42,"14,995.07"
1866,13/03/2019,SSI,"28,800","28,900","29,400","29,450","28,900","29,196",600,2.08,2.65,77.44,0.00,0.00,2.65,77.44,"14,969.61"
1867,12/03/2019,SSI,"28,600","28,900","28,800","28,900","28,400","28,638",200,0.70,1.01,28.92,1.19,34.06,2.20,62.97,"14,664.10"
1868,11/03/2019,SSI,"28,450","28,450","28,600","28,600","28,250","28,451",150,0.53,1.19,33.83,0.00,0.00,1.19,33.83,"14,562.27"
1869,08/03/2019,SSI,"28,750","28,500","28,450","28,700","28,400","28,564",-300,-1.04,1.70,48.69,0.00,0.00,1.70,48.69,"14,485.89"
1870,07/03/2019,SSI,"28,800","28,550","28,750","29,050","28,550","28,841",-50,-0.17,1.90,54.84,0.00,0.00,1.90,54.84,"14,638.65"
1871,06/03/2019,SSI,"28,800","29,000","28,800","29,000","28,550","28,726",0,0.00,0.90,25.92,0.00,0.00,0.90,25.92,"14,664.10"
1872,05/03/2019,SSI,"28,900","28,800","28,800","29,100","28,500","28,871",-100,-0.35,1.96,56.47,0.00,0.00,1.96,56.47,"14,664.10"
1873,04/03/2019,SSI,"28,200","28,300","28,900","28,950","28,300","28,659",700,2.48,2.30,66.05,1.08,30.32,3.38,96.36,"14,715.02"
1874,01/03/2019,SSI,"27,900","27,900","28,200","28,200","27,900","28,056",300,1.08,1.04,29.25,0.00,0.00,1.04,29.25,"14,358.60"
1875,28/02/2019,SSI,"28,250","28,200","27,900","28,500","27,750","28,063",-350,-1.24,2.29,64.16,0.17,4.77,2.46,68.93,"14,205.85"
1876,27/02/2019,SSI,"28,500","28,500","28,250","28,600","28,250","28,372",-250,-0.88,1.24,35.19,0.00,0.00,1.24,35.19,"14,384.06"
1877,26/02/2019,SSI,"28,600","28,300","28,500","28,700","28,150","28,404",-100,-0.35,2.86,81.36,0.00,0.00,2.86,81.36,"14,511.35"
1878,25/02/2019,SSI,"28,250","28,500","28,600","28,800","28,450","28,600",350,1.24,3.27,93.42,0.06,1.81,3.33,95.23,"14,562.27"
1879,22/02/2019,SSI,"27,900","28,000","28,250","28,300","27,700","28,125",350,1.25,3.13,88.12,0.00,0.00,3.13,88.12,"14,384.06"
1880,21/02/2019,SSI,"27,500","27,550","27,900","27,900","27,500","27,764",400,1.45,2.87,79.74,0.00,0.00,2.87,79.74,"14,205.85"
1881,20/02/2019,SSI,"27,250","27,250","27,500","27,600","27,250","27,475",250,0.92,2.30,63.22,0.00,0.00,2.30,63.22,"14,002.18"
1882,19/02/2019,SSI,"27,100","27,100","27,250","27,650","27,100","27,348",150,0.55,3.41,93.37,0.00,0.00,3.41,93.37,"13,874.89"
1883,18/02/2019,SSI,"26,850","27,150","27,100","27,250","26,950","27,068",250,0.93,1.75,47.49,0.00,0.00,1.75,47.49,"13,798.51"
1884,15/02/2019,SSI,"27,100","27,000","26,850","27,150","26,750","26,895",-250,-0.92,1.83,49.18,0.00,0.00,1.83,49.18,"13,671.22"
1885,14/02/2019,SSI,"27,200","27,100","27,100","27,300","27,050","27,184",-100,-0.37,1.42,38.62,0.20,5.44,1.62,44.06,"13,798.51"
1886,13/02/2019,SSI,"27,150","27,250","27,200","27,500","27,150","27,298",50,0.18,2.33,63.55,0.43,11.64,2.75,75.19,"13,849.43"
1887,12/02/2019,SSI,"26,900","26,900","27,150","27,500","26,800","27,142",250,0.93,3.52,95.48,0.00,0.00,3.52,95.48,"13,823.97"
1888,11/02/2019,SSI,"26,100","26,300","26,900","26,900","26,200","26,543",800,3.07,1.95,51.67,0.00,0.00,1.95,51.67,"13,696.68"
1889,01/02/2019,SSI,"26,100","25,900","26,100","26,200","25,900","26,109",0,0.00,0.99,25.73,0.00,0.00,0.99,25.73,"13,289.35"
1890,31/01/2019,SSI,"26,000","26,100","26,100","26,500","25,850","26,195",100,0.38,1.57,41.11,0.52,13.60,2.09,54.71,"13,289.35"
1891,30/01/2019,SSI,"26,200","26,200","26,000","26,200","26,000","26,057",-200,-0.76,0.97,25.32,0.50,13.03,1.47,38.35,"13,238.43"
1892,29/01/2019,SSI,"26,050","26,150","26,200","26,200","25,850","26,032",150,0.58,1.01,26.33,0.31,8.06,1.32,34.39,"13,340.26"
1893,28/01/2019,SSI,"26,200","26,200","26,050","26,350","25,950","26,164",-150,-0.57,1.27,33.14,0.00,0.00,1.27,33.14,"13,263.89"
1894,25/01/2019,SSI,"25,550","25,550","26,200","26,300","25,550","26,004",650,2.54,2.42,62.98,0.00,0.00,2.42,62.98,"13,340.26"
1895,24/01/2019,SSI,"25,450","25,700","25,550","25,800","25,500","25,659",100,0.39,1.22,31.42,0.00,0.00,1.22,31.42,"13,009.30"
1896,23/01/2019,SSI,"25,550","25,400","25,450","25,700","25,300","25,512",-100,-0.39,1.19,30.33,0.00,0.00,1.19,30.33,"12,958.38"
1897,22/01/2019,SSI,"25,600","25,600","25,550","25,900","25,550","25,726",-50,-0.20,1.16,29.75,0.00,0.00,1.16,29.75,"13,009.30"
1898,21/01/2019,SSI,"25,150","25,150","25,600","25,900","25,150","25,504",450,1.79,1.70,43.38,0.00,0.00,1.70,43.38,"13,034.76"
1899,18/01/2019,SSI,"25,200","25,200","25,150","25,350","24,900","25,165",-50,-0.20,1.52,38.28,0.00,0.00,1.52,38.28,"12,805.63"
1900,17/01/2019,SSI,"25,750","25,750","25,200","25,800","25,150","25,449",-550,-2.14,1.85,47.14,0.00,0.00,1.85,47.14,"12,831.09"
1901,16/01/2019,SSI,"26,000","26,050","25,750","26,100","25,650","25,888",-250,-0.96,1.47,37.98,0.02,0.61,1.49,38.59,"13,111.14"
1902,15/01/2019,SSI,"25,800","25,800","26,000","26,050","25,750","25,910",200,0.78,1.00,25.80,0.00,0.00,1.00,25.80,"13,238.43"
1903,14/01/2019,SSI,"26,150","26,200","25,800","26,200","25,800","25,976",-350,-1.34,0.78,20.18,0.00,0.00,0.78,20.18,"13,136.59"
1904,11/01/2019,SSI,"25,550","25,700","26,150","26,300","25,700","26,095",600,2.35,1.82,47.51,0.25,6.54,2.07,54.04,"13,314.80"
1905,10/01/2019,SSI,"25,750","25,700","25,550","25,950","25,550","25,749",-200,-0.78,1.21,31.23,0.00,0.00,1.21,31.23,"13,009.30"
1906,09/01/2019,SSI,"25,700","26,000","25,750","26,100","25,700","25,880",50,0.19,1.65,42.72,0.00,0.00,1.65,42.72,"13,111.14"
1907,08/01/2019,SSI,"26,050","26,150","25,700","26,150","25,650","25,814",-350,-1.34,1.31,33.74,0.25,6.43,1.56,40.17,"13,085.68"
1908,07/01/2019,SSI,"26,000","26,800","26,050","26,800","26,050","26,328",50,0.19,0.74,19.36,0.00,0.00,0.74,19.36,"13,263.89"
1909,04/01/2019,SSI,"26,000","26,000","26,000","26,200","25,450","25,863",0,0.00,1.23,31.89,0.00,0.00,1.23,31.89,"13,238.43"
1910,03/01/2019,SSI,"26,500","26,500","26,000","26,500","25,750","26,037",-500,-1.89,1.67,43.54,0.00,0.00,1.67,43.54,"13,238.43"
1911,02/01/2019,SSI,"26,650","26,700","26,500","26,900","26,250","26,593",-150,-0.56,1.22,32.35,0.00,0.00,1.22,32.35,"13,493.01"
1912,28/12/2018,SSI,"27,000","27,000","26,650","27,100","26,600","26,800",-350,-1.30,1.07,28.73,0.35,9.36,1.42,38.09,"13,569.39"
1913,27/12/2018,SSI,"26,650","27,200","27,000","27,450","27,000","27,202",350,1.31,1.21,32.81,0.00,0.00,1.21,32.81,"13,747.60"
1914,26/12/2018,SSI,"26,850","26,800","26,650","27,100","26,600","26,816",-200,-0.74,1.11,29.77,0.00,0.00,1.11,29.77,"13,569.39"
1915,25/12/2018,SSI,"27,000","26,450","26,850","26,900","25,800","26,311",-150,-0.56,2.80,73.73,0.03,0.72,2.83,74.45,"13,402.72"
1916,24/12/2018,SSI,"27,850","27,800","27,000","28,000","26,900","27,385",-850,-3.05,2.09,57.17,0.00,0.00,2.09,57.17,"13,477.60"
1917,21/12/2018,SSI,"28,150","28,000","27,850","28,000","27,850","27,890",-300,-1.07,1.35,37.52,0.00,0.00,1.35,37.52,"13,901.89"
1918,20/12/2018,SSI,"28,100","28,050","28,150","28,500","27,950","28,136",50,0.18,0.93,26.03,0.63,17.58,1.56,43.61,"14,051.64"
1919,19/12/2018,SSI,"28,200","28,450","28,100","28,450","27,900","28,104",-100,-0.35,1.35,37.92,0.22,6.18,1.57,44.11,"14,026.69"
1920,18/12/2018,SSI,"28,550","27,800","28,200","28,550","27,800","28,153",-350,-1.23,1.98,55.61,0.20,5.63,2.18,61.25,"14,076.60"
1921,17/12/2018,SSI,"29,300","29,100","28,550","29,250","28,550","28,967",-750,-2.56,1.60,46.48,0.26,7.84,1.87,54.32,"14,251.31"
1922,14/12/2018,SSI,"29,700","29,400","29,300","29,650","29,300","29,460",-400,-1.35,1.20,35.22,0.00,0.00,1.20,35.22,"14,625.69"
1923,13/12/2018,SSI,"29,650","29,800","29,700","30,000","29,700","29,837",50,0.17,1.92,57.39,0.04,1.06,1.96,58.45,"14,825.36"
1924,12/12/2018,SSI,"29,150","29,350","29,650","29,650","29,200","29,452",500,1.72,0.95,27.91,0.00,0.00,0.95,27.91,"14,800.40"
1925,11/12/2018,SSI,"29,250","29,250","29,150","29,400","29,050","29,208",-100,-0.34,0.85,24.85,0.00,0.00,0.85,24.85,"14,550.81"
1926,10/12/2018,SSI,"29,650","29,300","29,250","29,500","29,250","29,324",-400,-1.35,1.06,31.12,0.00,0.00,1.06,31.12,"14,600.73"
1927,07/12/2018,SSI,"29,400","29,500","29,650","29,900","29,500","29,691",250,0.85,2.21,65.75,0.00,0.00,2.21,65.75,"14,800.40"
1928,06/12/2018,SSI,"29,500","29,400","29,400","29,600","29,300","29,417",-100,-0.34,2.55,75.08,0.00,0.00,2.55,75.08,"14,675.61"
1929,05/12/2018,SSI,"29,450","29,100","29,500","29,600","29,000","29,211",50,0.17,2.98,87.01,0.05,1.42,3.02,88.42,"14,725.52"
1930,04/12/2018,SSI,"29,650","29,500","29,450","29,750","29,250","29,503",-200,-0.67,2.14,63.27,0.00,0.00,2.14,63.27,"14,700.57"
1931,03/12/2018,SSI,"28,500","29,100","29,650","29,650","29,000","29,331","1,150",4.04,3.67,107.55,0.14,4.25,3.81,111.80,"14,800.40"
1932,30/11/2018,SSI,"28,300","28,250","28,500","28,500","28,150","28,363",200,0.71,1.08,30.66,0.00,0.00,1.08,30.66,"14,226.35"
1933,29/11/2018,SSI,"28,200","28,500","28,300","28,750","28,250","28,540",100,0.35,2.12,60.37,0.00,0.00,2.12,60.37,"14,126.52"
1934,28/11/2018,SSI,"27,950","27,950","28,200","28,200","27,750","27,915",250,0.89,1.56,43.58,0.00,0.00,1.56,43.58,"14,076.60"
1935,27/11/2018,SSI,"27,800","27,950","27,950","28,200","27,800","28,051",150,0.54,1.63,45.62,0.00,0.00,1.63,45.62,"13,951.81"
1936,26/11/2018,SSI,"27,900","27,700","27,800","27,950","27,700","27,832",-100,-0.36,1.11,30.97,0.00,0.00,1.11,30.97,"13,876.94"
1937,23/11/2018,SSI,"28,650","28,650","27,900","28,650","27,900","28,247",-750,-2.62,1.36,38.53,0.00,0.00,1.36,38.53,"13,926.85"
1938,22/11/2018,SSI,"28,900","28,900","28,650","29,000","28,550","28,746",-250,-0.87,1.19,34.13,0.00,0.00,1.19,34.13,"14,301.23"
1939,21/11/2018,SSI,"28,400","28,000","28,900","28,900","27,900","28,415",500,1.76,1.62,46.09,0.03,0.71,1.65,46.80,"14,426.02"
1940,20/11/2018,SSI,"28,500","28,150","28,400","28,450","28,150","28,283",-100,-0.35,1.35,38.13,0.00,0.00,1.35,38.13,"14,176.44"
1941,19/11/2018,SSI,"27,700","27,900","28,500","28,500","27,900","28,204",800,2.89,2.13,60.01,0.00,0.00,2.13,60.01,"14,226.35"
1942,16/11/2018,SSI,"27,600","27,800","27,700","28,000","27,500","27,745",100,0.36,1.42,39.38,0.00,0.00,1.42,39.38,"13,827.02"
1943,15/11/2018,SSI,"27,800","27,800","27,600","27,900","27,350","27,595",-200,-0.72,1.11,30.61,0.00,0.00,1.11,30.61,"13,777.10"
1944,14/11/2018,SSI,"27,850","27,850","27,800","28,200","27,350","27,732",-50,-0.18,1.15,31.96,0.03,0.80,1.18,32.77,"13,876.94"
1945,13/11/2018,SSI,"28,300","27,500","27,850","28,150","27,500","27,821",-450,-1.59,1.20,33.42,0.00,0.00,1.20,33.42,"13,901.89"
1946,12/11/2018,SSI,"27,800","27,500","28,300","28,300","27,300","27,820",500,1.80,1.88,52.35,0.00,0.00,1.88,52.35,"14,126.52"
1947,09/11/2018,SSI,"28,650","28,500","27,800","28,600","27,800","28,224",-850,-2.97,1.54,43.41,0.00,0.00,1.54,43.41,"13,876.94"
1948,08/11/2018,SSI,"28,500","29,000","28,650","29,000","28,650","28,831",150,0.53,1.77,51.09,0.00,0.00,1.77,51.09,"14,301.23"
1949,07/11/2018,SSI,"28,600","28,600","28,500","28,750","28,050","28,402",-100,-0.35,1.88,53.35,0.00,0.00,1.88,53.35,"14,226.35"
1950,06/11/2018,SSI,"28,900","29,100","28,600","29,200","28,600","28,971",-300,-1.04,2.02,58.39,0.30,8.68,2.32,67.08,"14,276.27"
1951,05/11/2018,SSI,"28,800","28,400","28,900","29,100","28,300","28,625",100,0.35,1.84,52.58,0.59,16.71,2.43,69.29,"14,426.02"
1952,02/11/2018,SSI,"28,000","28,250","28,800","29,000","28,100","28,590",800,2.86,3.36,95.98,0.02,0.58,3.38,96.56,"14,376.11"
1953,01/11/2018,SSI,"28,650","28,750","28,000","28,800","27,950","28,421",-650,-2.27,2.37,67.42,0.19,5.38,2.56,72.80,"13,976.77"
1954,31/10/2018,SSI,"27,500","28,000","28,650","28,800","27,850","28,325","1,150",4.18,2.42,68.51,0.55,14.08,2.97,82.59,"14,301.23"
1955,30/10/2018,SSI,"27,400","27,500","27,500","28,150","27,150","27,690",100,0.36,1.97,54.48,0.50,13.87,2.47,68.35,"13,727.18"
1956,29/10/2018,SSI,"27,550","27,500","27,400","27,550","27,100","27,374",-150,-0.54,1.97,53.96,0.00,0.00,1.97,53.96,"13,677.27"
1957,26/10/2018,SSI,"28,000","28,350","27,550","28,500","27,550","28,055",-450,-1.61,2.49,69.72,0.10,2.47,2.58,72.20,"13,752.14"
1958,25/10/2018,SSI,"28,300","26,500","28,000","28,200","26,500","27,473",-300,-1.06,4.12,113.08,0.07,1.74,4.18,114.82,"13,976.77"
1959,24/10/2018,SSI,"29,000","29,000","28,300","29,350","28,300","28,595",-700,-2.41,4.28,122.29,0.00,0.00,4.28,122.29,"14,126.52"
1960,23/10/2018,SSI,"30,000","29,500","29,000","29,800","28,550","29,149","-1,000",-3.33,4.49,130.82,0.22,6.40,4.71,137.22,"14,475.94"
1961,22/10/2018,SSI,"30,150","30,500","30,000","30,700","30,000","30,304",-150,-0.50,2.31,69.92,0.00,0.00,2.31,69.92,"14,975.11"
1962,19/10/2018,SSI,"30,400","29,900","30,150","30,500","29,700","30,046",-250,-0.82,2.31,69.33,0.00,0.00,2.31,69.33,"15,049.99"
1963,18/10/2018,SSI,"30,800","30,500","30,400","30,800","30,300","30,501",-400,-1.30,2.04,62.36,0.00,0.00,2.04,62.36,"15,174.78"
1964,17/10/2018,SSI,"30,350","30,900","30,800","30,950","30,600","30,777",450,1.48,2.57,78.97,0.00,0.00,2.57,78.97,"15,374.45"
1965,16/10/2018,SSI,"30,300","30,400","30,350","30,500","30,000","30,368",50,0.17,2.14,65.09,0.00,0.00,2.14,65.09,"15,149.82"
1966,15/10/2018,SSI,"30,950","30,950","30,300","30,950","30,150","30,505",-650,-2.10,1.85,56.30,0.00,0.00,1.85,56.30,"15,124.86"
1967,12/10/2018,SSI,"30,350","30,100","30,950","31,100","29,450","30,380",600,1.98,4.95,150.51,0.00,0.00,4.95,150.51,"15,449.32"
1968,11/10/2018,SSI,"32,600","31,200","30,350","31,900","30,350","30,575","-2,250",-6.90,9.93,303.55,0.00,0.00,9.93,303.55,"15,149.82"
1969,10/10/2018,SSI,"32,650","32,700","32,600","32,800","32,000","32,625",-50,-0.15,2.43,79.28,0.10,3.24,2.53,82.52,"16,272.95"
1970,09/10/2018,SSI,"32,550","32,550","32,650","32,800","32,450","32,572",100,0.31,1.33,43.45,0.00,0.00,1.33,43.45,"16,297.91"
1971,08/10/2018,SSI,"32,600","32,400","32,550","32,850","32,150","32,520",-50,-0.15,2.49,81.09,0.00,0.00,2.49,81.09,"16,247.99"
1972,05/10/2018,SSI,"33,300","33,000","32,600","33,300","32,600","33,003",-700,-2.10,3.50,115.44,0.00,0.00,3.50,115.44,"16,272.95"
1973,04/10/2018,SSI,"32,350","32,700","33,300","33,300","32,500","32,800",950,2.94,3.75,122.99,0.00,0.00,3.75,122.99,"16,622.37"
1974,03/10/2018,SSI,"33,050","33,200","33,350","33,350","33,000","33,211",300,0.91,2.60,86.19,0.06,1.77,2.65,87.96,"16,647.33"
1975,02/10/2018,SSI,"33,200","33,050","33,050","33,450","32,950","33,155",-150,-0.45,2.99,99.07,0.00,0.00,2.99,99.07,"16,497.58"
1976,01/10/2018,SSI,"33,500","33,500","33,200","33,600","33,100","33,375",-300,-0.90,2.72,90.74,0.00,0.00,2.72,90.74,"16,594.95"
1977,28/09/2018,SSI,"33,600","33,700","33,500","33,800","33,500","33,621",-100,-0.30,3.24,108.89,0.00,0.00,3.24,108.89,"16,744.90"
1978,27/09/2018,SSI,"33,000","33,200","33,600","33,800","33,000","33,469",600,1.82,4.35,145.56,0.00,0.00,4.35,145.56,"16,794.89"
1979,26/09/2018,SSI,"32,950","32,900","33,000","33,400","32,900","33,122",50,0.15,2.95,97.56,0.00,0.00,2.95,97.56,"16,494.98"
1980,25/09/2018,SSI,"33,150","32,950","32,950","33,300","32,800","33,009",-200,-0.60,3.28,108.42,0.15,4.95,3.43,113.37,"16,469.99"
1981,24/09/2018,SSI,"32,900","33,250","33,150","33,350","32,950","33,148",250,0.76,3.01,99.81,0.00,0.00,3.01,99.81,"16,569.96"
1982,21/09/2018,SSI,"32,600","33,000","32,900","33,200","32,650","32,967",300,0.92,7.09,233.59,0.00,0.00,7.09,233.59,"16,444.99"
1983,20/09/2018,SSI,"32,250","32,200","32,600","32,800","32,150","32,450",350,1.09,4.59,148.86,0.00,0.00,4.59,148.86,"16,295.04"
1984,19/09/2018,SSI,"32,000","32,200","32,250","32,400","32,000","32,240",250,0.78,4.61,148.53,0.00,0.00,4.61,148.53,"16,120.09"
1985,18/09/2018,SSI,"31,300","31,000","32,000","32,000","30,800","31,471",700,2.24,3.44,108.14,0.30,8.74,3.74,116.89,"15,995.13"
1986,17/09/2018,SSI,"32,100","31,800","31,300","32,050","31,300","31,703",-800,-2.49,2.16,68.36,0.00,0.00,2.16,68.36,"15,645.24"
1987,14/09/2018,SSI,"31,800","31,800","32,100","32,400","31,800","32,163",300,0.94,3.17,101.92,0.00,0.00,3.17,101.92,"16,045.12"
1988,13/09/2018,SSI,"31,700","31,950","31,800","32,200","31,700","31,968",100,0.32,2.67,85.42,0.00,0.00,2.67,85.42,"15,895.16"
1989,12/09/2018,SSI,"32,200","32,450","31,700","32,500","31,700","32,037",-500,-1.55,4.42,141.55,0.00,0.00,4.42,141.55,"15,845.18"
1990,11/09/2018,SSI,"31,300","31,100","32,200","32,200","31,100","31,728",900,2.88,5.79,183.59,0.00,0.00,5.79,183.59,"16,095.10"
1991,10/09/2018,SSI,"31,500","31,300","31,300","31,600","31,250","31,400",-200,-0.63,2.59,81.35,0.00,0.00,2.59,81.35,"15,645.24"
1992,07/09/2018,SSI,"30,900","30,900","31,500","31,500","30,850","31,160",600,1.94,3.93,122.41,0.00,0.00,3.93,122.41,"15,745.21"
1993,06/09/2018,SSI,"30,900","30,750","30,900","31,000","30,600","30,865",0,0.00,2.06,63.62,0.00,0.00,2.06,63.62,"15,445.30"
1994,05/09/2018,SSI,"30,700","30,500","30,900","30,950","30,200","30,594",200,0.65,3.70,113.24,0.00,0.00,3.70,113.24,"15,445.30"
1995,04/09/2018,SSI,"31,600","31,300","30,700","31,600","30,650","31,085",-900,-2.85,3.23,100.45,0.00,0.00,3.23,100.45,"15,345.33"
1996,31/08/2018,SSI,"32,250","31,850","31,600","32,250","31,600","31,940",-650,-2.02,3.03,96.77,0.00,0.00,3.03,96.77,"15,795.19"
1997,30/08/2018,SSI,"31,900","31,650","32,250","32,250","31,400","31,868",350,1.10,4.36,139.01,0.30,9.57,4.66,148.58,"16,120.09"
1998,29/08/2018,SSI,"31,700","31,500","31,900","31,950","31,250","31,696",200,0.63,4.25,134.74,0.00,0.00,4.25,134.74,"15,945.15"
1999,28/08/2018,SSI,"30,850","31,000","31,700","31,900","30,950","31,488",850,2.76,7.12,224.11,0.00,0.00,7.12,224.11,"15,845.18"
2000,27/08/2018,SSI,"30,200","30,500","30,850","31,250","30,400","30,846",650,2.15,4.43,136.58,0.00,0.00,4.43,136.58,"15,420.31"
2001,24/08/2018,SSI,"30,550","30,550","30,200","30,700","30,000","30,380",-350,-1.15,2.81,85.40,0.00,0.00,2.81,85.40,"15,095.40"
2002,23/08/2018,SSI,"30,200","30,250","30,550","30,700","30,100","30,426",350,1.16,2.06,62.55,0.00,0.00,2.06,62.55,"15,270.35"
2003,22/08/2018,SSI,"30,600","30,900","30,200","30,900","30,200","30,532",-400,-1.31,2.65,80.87,0.00,0.00,2.65,80.87,"15,095.40"
2004,21/08/2018,SSI,"29,150","29,150","30,600","30,600","29,150","29,763","1,450",4.97,4.03,119.93,0.00,0.00,4.03,119.93,"15,295.34"
2005,20/08/2018,SSI,"29,700","29,700","29,150","29,900","29,100","29,523",-550,-1.85,2.37,69.94,0.00,0.00,2.37,69.94,"14,570.56"
2006,17/08/2018,SSI,"29,800","30,300","29,700","30,400","29,700","30,088",-100,-0.34,3.04,91.57,0.25,7.36,3.29,98.94,"14,845.48"
2007,16/08/2018,SSI,"30,000","29,800","29,800","29,850","29,050",0,-200,-0.67,3.72,109.86,0.05,1.48,3.77,111.34,"14,895.47"
2008,15/08/2018,SSI,"31,000","31,000","30,000","31,100","29,800","30,533","-1,000",-3.23,3.47,105.81,0.02,0.64,3.49,106.44,"14,995.44"
2009,14/08/2018,SSI,"31,500","31,300","31,000","31,400","30,900","31,089",-500,-1.59,3.47,107.75,0.25,8.53,3.72,116.27,"15,495.28"
2010,13/08/2018,SSI,"30,300","30,100","31,500","31,500","29,950","30,706","1,200",3.96,4.76,146.07,0.03,0.93,4.79,146.99,"15,745.21"
2011,10/08/2018,SSI,"29,600","29,600","30,300","30,350","29,450","29,867",700,2.36,3.67,109.57,0.00,0.00,3.67,109.57,"15,145.39"
2012,09/08/2018,SSI,"29,550","29,700","29,600","30,400","29,600","30,010",50,0.17,4.28,128.39,0.21,6.32,4.49,134.71,"14,795.50"
2013,08/08/2018,SSI,"28,950","29,150","29,550","29,600","29,000","29,354",600,2.07,2.79,82.01,0.63,18.51,3.42,100.52,"14,770.50"
2014,07/08/2018,SSI,"28,600","28,500","28,950","29,150","28,400","28,889",350,1.22,2.26,65.30,0.00,0.00,2.26,65.30,"14,470.60"
2015,06/08/2018,SSI,"29,050","28,900","28,600","29,200","28,400","28,829",-450,-1.55,2.07,59.65,0.30,8.66,2.37,68.31,"14,295.65"
2016,03/08/2018,SSI,"29,350","29,700","29,050","29,700","28,950","29,354",-300,-1.02,2.79,81.80,0.35,10.19,3.13,91.98,"14,520.58"
2017,02/08/2018,SSI,"29,000","28,600","29,350","29,350","28,300","28,750",350,1.21,4.69,134.82,0.00,0.00,4.69,134.82,"14,670.53"
2018,01/08/2018,SSI,"28,900","28,900","29,000","29,900","28,800","29,313",100,0.35,5.05,147.97,0.02,0.58,5.07,148.55,"14,495.59"
2019,31/07/2018,SSI,"28,600","28,600","28,900","29,200","28,200","28,862",300,1.05,7.06,203.87,0.00,0.00,7.06,203.87,"14,445.60"
2020,30/07/2018,SSI,"27,900","28,100","28,600","28,600","27,900","28,239",700,2.51,3.99,112.81,0.00,0.00,3.99,112.81,"14,295.65"
2021,27/07/2018,SSI,"27,700","27,900","27,900","28,300","27,650","27,997",200,0.72,2.85,79.80,0.00,0.00,2.85,79.80,"13,945.75"
2022,26/07/2018,SSI,"26,500","26,500","27,700","27,700","26,300","26,745","1,200",4.53,3.74,99.98,0.00,0.00,3.74,99.98,"13,845.79"
2023,25/07/2018,SSI,"27,400","27,400","26,500","27,800","26,500","27,194",-900,-3.28,2.88,78.37,0.00,0.00,2.88,78.37,"13,245.97"
2024,24/07/2018,SSI,"28,150","28,150","27,400","28,200","27,150","27,715",-750,-2.66,2.97,82.38,0.00,0.00,2.97,82.38,"13,695.83"
2025,23/07/2018,SSI,"29,150","28,800","28,150","29,200","28,150","28,723","-1,000",-3.43,4.46,128.01,0.00,0.00,4.46,128.01,"14,070.72"
2026,20/07/2018,SSI,"28,900","28,550","29,150","29,150","28,050","28,554",250,0.87,4.84,138.12,0.00,0.00,4.84,138.12,"14,570.56"
2027,19/07/2018,SSI,"29,200","29,000","28,900","29,400","28,700","29,041",-300,-1.03,3.80,110.47,0.00,0.00,3.80,110.47,"14,445.60"
2028,18/07/2018,SSI,"27,800","28,200","29,200","29,250","28,050","28,481","1,400",5.04,5.80,165.32,0.40,11.28,6.20,176.60,"14,595.56"
2029,17/07/2018,SSI,"27,300","27,000","27,800","27,900","26,750","27,313",500,1.83,3.56,97.17,0.00,0.00,3.56,97.17,"13,895.77"
2030,16/07/2018,SSI,"27,450","27,500","27,300","27,850","27,050","27,491",-150,-0.55,2.51,69.06,0.00,0.00,2.51,69.06,"13,645.85"
2031,13/07/2018,SSI,"26,100","26,800","27,450","27,500","26,200","27,054","1,350",5.17,3.55,96.02,0.00,0.00,3.55,96.02,"13,720.82"
2032,12/07/2018,SSI,"26,000","26,000","26,100","27,050","25,800","26,384",100,0.38,2.50,65.90,0.00,0.00,2.50,65.90,"13,046.03"
2033,11/07/2018,SSI,"27,650","26,550","26,000","26,850","25,800","26,213","-1,650",-5.97,5.87,153.77,0.00,0.00,5.87,153.77,"12,996.04"
2034,10/07/2018,SSI,"27,800","27,800","27,650","28,350","27,600","27,971",-150,-0.54,2.49,69.72,0.00,0.00,2.49,69.72,"13,820.79"
2035,09/07/2018,SSI,"28,600","28,650","27,800","29,000","27,600","28,479",-800,-2.80,3.25,92.61,0.00,0.00,3.25,92.61,"13,895.77"
2036,06/07/2018,SSI,"26,850","26,850","28,600","28,700","26,300","27,851","1,750",6.52,7.57,210.70,0.30,8.25,7.86,218.95,"14,295.65"
2037,05/07/2018,SSI,"27,250","27,000","26,850","27,350","25,600","26,374",-400,-1.47,3.16,83.37,0.00,0.00,3.16,83.37,"13,420.91"
2038,04/07/2018,SSI,"25,800","26,000","27,250","27,300","25,200","26,402","1,450",5.62,4.23,111.70,0.25,6.07,4.48,117.77,"13,620.85"
2039,03/07/2018,SSI,"27,500","27,700","25,800","27,850","25,800","26,537","-1,700",-6.18,6.40,169.91,0.00,0.00,6.40,169.91,"12,896.07"
2040,02/07/2018,SSI,"28,500","28,000","27,500","28,400","26,600","27,080","-1,000",-3.51,7.55,204.33,0.00,0.00,7.55,204.33,"13,745.82"
2041,29/06/2018,SSI,"28,500","28,600","28,500","29,200","28,200","28,622",0,0.00,2.28,65.15,0.00,0.00,2.28,65.15,"14,245.66"
2042,28/06/2018,SSI,"29,700","29,300","28,500","29,800","28,500","28,993","-1,200",-4.04,5.74,166.51,0.03,0.84,5.77,167.35,"14,245.66"
2043,27/06/2018,SSI,"31,400","31,400","29,700","31,700","29,700","30,647","-1,700",-5.41,3.30,101.14,0.00,0.00,3.30,101.14,"14,845.48"
2044,26/06/2018,SSI,"31,650","31,000","31,400","31,600","30,950","31,185",-250,-0.79,1.80,56.21,0.00,0.00,1.80,56.21,"15,695.22"
2045,25/06/2018,SSI,"31,600","32,200","31,650","32,200","31,600","31,966",50,0.16,2.55,81.63,0.00,0.00,2.55,81.63,"15,820.18"
2046,22/06/2018,SSI,"30,900","30,300","31,600","31,700","30,100","30,988",700,2.27,3.53,109.43,0.00,0.00,3.53,109.43,"15,795.19"
2047,21/06/2018,SSI,"31,500","31,050","30,900","31,300","30,500","30,913",-600,-1.90,3.11,96.21,0.00,0.00,3.11,96.21,"15,445.30"
2048,20/06/2018,SSI,"31,000","31,050","31,500","31,900","30,400","31,280",500,1.61,3.49,109.11,0.00,0.00,3.49,109.11,"15,745.21"
2049,19/06/2018,SSI,"31,250","30,100","31,000","31,000","29,100","29,535",-250,-0.80,9.33,275.44,0.03,1.00,9.36,276.45,"15,495.28"
2050,18/06/2018,SSI,"33,500","33,000","31,250","33,500","31,200","31,881","-2,250",-6.72,6.44,205.17,0.00,0.00,6.44,205.17,"15,620.25"
2051,15/06/2018,SSI,"32,600","32,500","33,500","33,500","32,100","32,971",900,2.76,3.95,130.23,0.00,0.00,3.95,130.23,"16,744.90"
2052,14/06/2018,SSI,"33,950","33,950","32,600","34,300","32,600","33,372","-1,350",-3.98,4.63,154.47,0.00,0.00,4.63,154.47,"16,295.04"
2053,13/06/2018,SSI,"33,600","33,700","33,950","34,000","33,400","33,702",350,1.04,3.14,105.72,0.00,0.00,3.14,105.72,"16,969.83"
2054,12/06/2018,SSI,"34,050","33,700","33,600","34,100","32,500","33,440",-450,-1.32,7.68,256.74,0.00,0.00,7.68,256.74,"16,794.89"
2055,11/06/2018,SSI,"34,000","33,450","34,050","34,900","33,400","34,324",50,0.15,4.56,156.37,0.00,0.00,4.56,156.37,"17,019.82"
2056,08/06/2018,SSI,"33,350","33,200","34,000","34,000","33,000","33,540",650,1.95,4.48,150.09,0.00,0.00,4.48,150.09,"16,994.83"
2057,07/06/2018,SSI,"33,900","34,000","33,350","34,050","33,300","33,690",-550,-1.62,5.37,180.98,0.00,0.00,5.37,180.98,"16,669.93"
2058,06/06/2018,SSI,"33,500","33,100","33,900","34,000","32,800","33,647",400,1.19,4.42,148.78,0.00,0.00,4.42,148.78,"16,944.84"
2059,05/06/2018,SSI,"33,400","33,200","33,500","33,550","32,650","33,110",100,0.30,6.20,205.15,0.03,1.00,6.23,206.15,"16,744.90"
2060,04/06/2018,SSI,"32,350","32,300","33,400","33,700","31,600","32,791","1,050",3.25,5.63,184.64,0.50,16.40,6.13,201.04,"16,694.92"
2061,01/06/2018,SSI,"32,000","32,000","32,350","32,900","31,800","32,359",350,1.09,9.05,292.73,0.03,0.83,9.07,293.57,"16,170.08"
2062,31/05/2018,SSI,"29,950","29,900","32,000","32,000","29,600","31,029","2,050",6.84,8.06,250.21,0.00,0.00,8.06,250.21,"15,995.13"
2063,30/05/2018,SSI,"29,400","29,200","29,950","30,500","29,200","30,007",550,1.87,5.76,172.90,0.00,0.00,5.76,172.90,"14,970.44"
2064,29/05/2018,SSI,"27,500","28,500","29,400","29,400","27,800","28,813","1,900",6.91,5.07,146.04,0.08,2.05,5.15,148.09,"14,695.53"
2065,28/05/2018,SSI,"29,500","29,500","27,500","29,500","27,450","28,265","-2,000",-6.78,9.06,255.96,0.00,0.00,9.06,255.96,"13,745.82"
2066,25/05/2018,SSI,"30,450","30,450","29,500","31,150","29,500","30,590",-950,-3.12,4.59,140.32,0.00,0.00,4.59,140.32,"14,745.51"
2067,24/05/2018,SSI,"31,200","31,000","30,450","31,450","30,350","30,828",-750,-2.40,2.98,91.77,0.89,27.35,3.87,119.12,"15,220.37"
2068,23/05/2018,SSI,"30,050","30,000","31,200","31,200","29,800","30,483","1,150",3.83,6.94,211.69,0.00,0.00,6.94,211.69,"15,595.25"
2069,22/05/2018,SSI,"32,000","31,000","30,050","32,200","29,800","30,522","-1,950",-6.09,7.84,239.38,0.37,11.97,8.22,251.35,"15,020.43"
2070,21/05/2018,SSI,"33,000","33,300","32,000","33,500","32,000","32,633","-1,000",-3.03,3.72,121.29,1.00,32.63,4.72,153.92,"15,995.13"
2071,18/05/2018,SSI,"33,600","34,000","33,000","34,150","32,000","32,945",-600,-1.79,4.50,148.20,0.00,0.00,4.50,148.20,"16,494.98"
2072,17/05/2018,SSI,"34,500","34,600","33,600","34,900","33,600","34,095",-900,-2.61,4.45,151.70,0.00,0.00,4.45,151.70,"16,794.89"
2073,16/05/2018,SSI,"35,500","35,100","34,500","35,500","34,200","34,899","-1,000",-2.82,3.22,112.41,0.00,0.00,3.22,112.41,"17,244.75"
2074,15/05/2018,SSI,"35,000","35,300","35,500","35,950","35,100","35,544",500,1.43,3.93,139.61,0.00,0.00,3.93,139.61,"17,744.60"
2075,14/05/2018,SSI,"34,600","35,000","35,000","35,400","34,400","34,927",400,1.16,3.54,123.80,0.00,0.00,3.54,123.80,"17,494.67"
2076,11/05/2018,SSI,"34,300","34,000","34,600","34,600","33,300","34,050",300,0.87,5.01,170.50,0.06,2.17,5.07,172.67,"17,294.74"
2077,10/05/2018,SSI,"35,800","35,500","34,300","35,750","34,000","34,972","-1,500",-4.19,3.91,136.74,0.60,20.98,4.51,157.72,"17,144.78"
2078,09/05/2018,SSI,"35,800","35,700","35,800","36,200","35,400","35,809",0,0.00,3.99,142.90,0.55,19.69,4.54,162.59,"17,894.55"
2079,08/05/2018,SSI,"36,400","36,000","35,800","36,800","35,800","36,335",-600,-1.65,3.88,140.82,13.27,481.96,17.14,622.78,"17,894.55"
2080,07/05/2018,SSI,"34,250","34,900","36,400","36,550","34,000","35,305","2,150",6.28,3.82,134.87,0.00,0.00,3.82,134.87,"18,194.46"
2081,04/05/2018,SSI,"35,000","35,500","34,250","35,600","34,100","34,790",-750,-2.14,2.62,91.31,0.00,0.00,2.62,91.31,"17,119.79"
2082,03/05/2018,SSI,"34,800","34,300","35,000","35,400","32,700","34,101",200,0.57,5.25,178.98,0.22,7.50,5.47,186.48,"17,494.67"
2083,02/05/2018,SSI,"36,000","36,300","34,800","36,450","34,700","35,625","-1,200",-3.33,3.75,133.73,0.00,0.00,3.75,133.73,"17,394.70"
2084,27/04/2018,SSI,"34,800","34,300","36,000","36,700","34,300","35,654","1,200",3.45,5.39,192.20,0.00,0.00,5.39,192.20,"17,994.52"
2085,26/04/2018,SSI,"37,400","37,400","34,800","37,450","34,800","35,373","-2,600",-6.95,10.85,383.96,0.09,3.76,10.95,387.72,"17,394.70"
2086,24/04/2018,SSI,"39,100","39,000","37,400","39,200","37,400","38,479","-1,700",-4.35,4.82,185.54,0.17,6.45,4.99,191.99,"18,694.31"
2087,23/04/2018,SSI,"42,000","41,900","39,100","42,100","39,100","40,313","-2,900",-6.90,5.81,234.29,0.93,37.27,6.74,271.56,"19,544.05"
2088,20/04/2018,SSI,"40,600","40,600","42,000","42,000","40,050","41,117","1,400",3.45,4.45,182.77,0.00,0.00,4.45,182.77,"20,993.61"
2089,19/04/2018,SSI,"41,500","41,000","40,600","41,600","40,450","40,966",-900,-2.17,5.08,208.02,0.58,23.94,5.66,231.96,"20,293.88"
2090,18/04/2018,SSI,"42,000","42,200","41,500","42,500","41,500","42,034",-500,-1.19,3.77,158.64,0.00,0.00,3.77,158.64,"20,743.75"
2091,17/04/2018,SSI,"41,400","41,500","42,000","42,000","40,900","41,555",600,1.45,2.44,101.58,0.51,19.49,2.95,121.06,"20,993.67"
2092,16/04/2018,SSI,"41,300","41,100","41,400","42,200","40,100","41,528",100,0.24,3.36,139.33,0.02,0.83,3.38,140.16,"20,693.76"
2093,13/04/2018,SSI,"42,000","42,500","41,300","42,500","41,100","41,725",-700,-1.67,3.21,133.98,0.00,0.00,3.21,133.98,"20,643.78"
2094,12/04/2018,SSI,"41,800","41,500","42,000","42,450","40,800","41,879",200,0.48,6.20,259.61,0.00,0.00,6.20,259.61,"20,993.67"
2095,11/04/2018,SSI,"43,500","43,600","41,800","43,700","41,700","42,590","-1,700",-3.91,8.25,351.54,0.00,0.00,8.25,351.54,"20,893.70"
2096,10/04/2018,SSI,"44,300","44,100","43,500","44,400","43,050","43,713",-800,-1.81,6.85,299.52,0.00,0.00,6.85,299.52,"21,743.45"
2097,09/04/2018,SSI,"41,900","42,000","44,300","44,300","41,900","43,149","2,400",5.73,9.14,394.32,0.56,23.81,9.70,418.13,"22,143.33"
2098,06/04/2018,SSI,"41,900","42,000","41,900","42,650","41,750","42,190",0,0.00,6.14,259.16,0.00,0.00,6.14,259.16,"20,943.69"
2099,05/04/2018,SSI,"41,900","42,200","41,900","42,350","41,600","41,991",0,0.00,4.50,188.99,0.10,3.71,4.60,192.69,"20,943.69"
2100,04/04/2018,SSI,"42,200","43,000","41,900","43,200","41,900","42,457",-300,-0.71,6.02,255.80,0.51,21.55,6.53,277.34,"20,943.69"
2101,03/04/2018,SSI,"40,800","40,800","42,200","42,550","40,500","41,677","1,400",3.43,12.30,512.44,0.55,21.99,12.85,534.43,"21,093.64"
2102,02/04/2018,SSI,"39,000","39,500","40,800","40,850","39,300","40,383","1,800",4.62,6.73,271.84,0.39,15.67,7.12,287.51,"20,393.85"
2103,30/03/2018,SSI,"39,000","39,150","39,000","39,200","38,200","38,808",0,0.00,4.56,177.04,0.00,0.00,4.56,177.04,"19,494.13"
2104,29/03/2018,SSI,"39,500","39,550","39,000","39,750","38,850","39,160",-500,-1.27,3.86,151.21,0.00,0.00,3.86,151.21,"19,494.13"
2105,28/03/2018,SSI,"40,000","39,550","39,500","40,000","39,300","39,640",-500,-1.25,3.13,123.91,0.00,0.00,3.13,123.91,"19,744.05"
2106,27/03/2018,SSI,"40,200","40,900","40,000","41,100","39,800","40,580",-200,-0.50,5.64,228.83,0.00,0.00,5.64,228.83,"19,993.97"
2107,26/03/2018,SSI,"39,600","39,300","40,200","40,300","39,200","39,747",600,1.52,4.12,163.80,0.00,0.00,4.12,163.80,"20,093.94"
2108,23/03/2018,SSI,"40,300","39,100","39,600","39,600","38,100","39,000",-700,-1.74,9.96,388.57,0.00,0.00,9.96,388.57,"19,794.03"
2109,22/03/2018,SSI,"40,950","41,300","40,300","41,350","40,250","40,718",-650,-1.59,6.71,273.27,0.67,27.32,7.38,300.58,"20,143.93"
2110,21/03/2018,SSI,"41,050","41,350","40,950","41,400","40,600","41,053",-100,-0.24,5.88,241.57,0.33,12.97,6.21,254.54,"20,468.83"
2111,20/03/2018,SSI,"41,000","40,400","41,050","41,700","40,400","41,108",50,0.12,5.02,206.47,0.00,0.00,5.02,206.47,"20,518.82"
2112,19/03/2018,SSI,"41,000","41,500","41,000","41,800","40,500","41,280",0,0.00,5.35,220.92,0.00,0.00,5.35,220.92,"20,493.82"
2113,16/03/2018,SSI,"39,250","39,500","41,000","41,150","39,400","40,512","1,750",4.46,14.37,582.18,0.08,3.08,14.45,585.26,"20,493.82"
2114,15/03/2018,SSI,"39,200","38,900","39,250","39,350","38,800","39,124",50,0.13,4.76,186.41,0.00,0.00,4.76,186.41,"19,619.09"
2115,14/03/2018,SSI,"39,500","39,850","39,200","39,950","39,200","39,548",-300,-0.76,4.99,197.36,0.42,16.61,5.41,213.97,"19,594.09"
2116,13/03/2018,SSI,"38,400","38,600","39,500","39,500","38,300","38,727","1,100",2.86,5.27,204.07,0.00,0.00,5.27,204.07,"19,744.05"
2117,12/03/2018,SSI,"38,800","39,300","38,400","39,450","38,300","38,832",-400,-1.03,5.00,194.29,0.00,0.00,5.00,194.29,"19,194.22"
2118,09/03/2018,SSI,"38,150","38,900","38,800","39,450","38,450","38,832",650,1.70,9.30,361.18,0.00,0.00,9.30,361.18,"19,394.16"
2119,08/03/2018,SSI,"38,200","38,100","38,150","38,200","37,500","37,830",-50,-0.13,5.64,213.41,0.00,0.00,5.64,213.41,"19,069.25"
2120,07/03/2018,SSI,"37,800","38,000","38,200","38,900","37,300","38,167",400,1.06,8.68,331.37,0.00,0.00,8.68,331.37,"19,094.25"
2121,06/03/2018,SSI,"35,350","36,250","37,800","37,800","35,800","36,775","2,450",6.93,7.63,280.55,0.00,0.00,7.63,280.55,"18,894.31"
2122,05/03/2018,SSI,"38,000","38,400","35,350","38,950","35,350","37,734","-2,650",-6.97,8.93,336.80,0.18,6.79,9.10,343.59,"17,669.67"
2123,02/03/2018,SSI,"37,800","37,300","38,000","38,250","36,900","37,708",200,0.53,6.27,236.32,0.00,0.00,6.27,236.32,"18,994.28"
2124,01/03/2018,SSI,"36,900","36,900","37,800","38,450","36,800","37,861",900,2.44,8.97,339.69,0.27,10.18,9.24,349.88,"18,894.31"
2125,28/02/2018,SSI,"35,300","35,000","36,900","36,900","34,750","36,153","1,600",4.53,9.31,336.73,0.57,20.05,9.88,356.78,"18,444.44"
2126,27/02/2018,SSI,"35,050","35,300","35,300","35,450","34,850","35,169",250,0.71,4.42,155.43,0.00,0.00,4.42,155.43,"17,644.68"
2127,26/02/2018,SSI,"35,200","36,000","35,050","36,200","35,050","35,739",-150,-0.43,7.22,257.99,0.41,14.51,7.63,272.50,"17,519.72"
2128,23/02/2018,SSI,"34,400","34,700","35,200","35,300","34,450","34,891",800,2.33,4.27,149.03,0.08,2.80,4.35,151.83,"17,594.70"
2129,22/02/2018,SSI,"35,100","34,600","34,400","35,150","34,050","34,733",-700,-1.99,4.41,153.21,0.04,1.31,4.45,154.52,"17,194.82"
2130,21/02/2018,SSI,"34,150","34,500","35,100","35,600","34,350","35,041",950,2.78,5.57,195.08,0.02,0.64,5.59,195.72,"17,544.71"
2131,13/02/2018,SSI,"33,600","33,800","34,150","34,500","33,800","34,128",550,1.64,3.79,129.29,0.00,0.00,3.79,129.29,"17,069.86"
2132,12/02/2018,SSI,"31,600","32,700","33,600","33,600","32,400","32,945","2,000",6.33,4.60,151.59,0.00,0.00,4.60,151.59,"16,794.94"
2133,09/02/2018,SSI,"31,600","29,900","31,600","31,600","29,900","30,718",0,0.00,5.37,165.09,0.00,0.00,5.37,165.09,"15,795.24"
2134,08/02/2018,SSI,"33,000","32,200","31,600","33,000","31,600","32,314","-1,400",-4.24,2.49,80.48,0.69,22.08,3.18,102.56,"15,795.24"
2135,07/02/2018,SSI,"31,200","33,200","33,000","33,350","32,600","33,123","1,800",5.77,5.38,178.21,0.00,0.00,5.38,178.21,"16,495.03"
2136,06/02/2018,SSI,"32,650","30,400","31,200","32,300","30,400","30,608","-1,450",-4.44,12.22,374.12,0.00,0.00,12.22,374.12,"15,595.30"
2137,05/02/2018,SSI,"35,100","34,000","32,650","34,700","32,650","33,527","-2,450",-6.98,9.62,322.36,0.00,0.00,9.62,322.36,"16,320.08"
2138,02/02/2018,SSI,"34,550","34,800","35,100","35,350","34,500","34,913",550,1.59,3.57,124.63,0.00,0.00,3.57,124.63,"17,544.71"
2139,01/02/2018,SSI,"34,100","35,000","34,550","35,500","34,100","34,733",450,1.32,6.87,238.70,0.09,3.07,6.96,241.77,"17,269.80"
2140,31/01/2018,SSI,"36,500","36,500","34,100","36,950","34,100","35,838","-2,400",-6.58,7.35,263.56,0.07,2.43,7.42,265.99,"17,044.86"
2141,30/01/2018,SSI,"36,600","35,600","36,500","36,650","35,500","35,897",-100,-0.27,8.69,312.01,0.35,12.50,9.04,324.51,"18,244.50"
2142,29/01/2018,SSI,"35,300","35,300","36,600","37,100","35,200","36,203","1,300",3.68,5.13,185.70,0.02,0.66,5.15,186.36,"18,294.49"
2143,26/01/2018,SSI,"35,400","35,700","35,300","36,300","34,500","35,366",-100,-0.28,7.80,275.87,0.00,0.00,7.80,275.87,"17,644.68"
2144,25/01/2018,SSI,"34,200","34,000","35,400","36,300","34,000","34,867","1,200",3.51,12.49,435.40,1.01,35.20,13.50,470.60,"17,694.67"
2145,22/01/2018,SSI,"32,500","33,000","34,200","34,300","32,800","33,551","1,700",5.23,10.54,353.75,0.02,0.61,10.56,354.35,"17,094.85"
2146,19/01/2018,SSI,"31,500","31,700","32,500","32,750","31,500","32,195","1,000",3.17,9.55,307.37,0.07,2.43,9.62,309.81,"16,245.10"
2147,18/01/2018,SSI,"30,500","30,100","31,500","31,500","29,700","30,361","1,000",3.28,8.00,242.76,0.14,4.25,8.14,247.02,"15,745.26"
2148,17/01/2018,SSI,"31,850","30,500","30,500","31,950","30,500","31,349","-1,350",-4.24,9.69,303.67,0.06,1.91,9.75,305.58,"15,245.41"
2149,16/01/2018,SSI,"31,950","31,850","31,850","32,100","31,250","31,671",-100,-0.31,7.48,236.84,0.10,3.17,7.58,240.00,"15,920.20"
2150,15/01/2018,SSI,"31,300","31,400","31,950","32,200","30,800","31,776",650,2.08,6.14,195.02,0.07,2.13,6.21,197.15,"15,970.19"
2151,12/01/2018,SSI,"30,300","31,300","31,300","31,750","30,300","31,066","1,000",3.30,12.63,392.42,0.00,0.00,12.63,392.42,"15,645.29"
2152,11/01/2018,SSI,"30,350","30,350","30,300","30,450","29,800","30,202",-50,-0.16,6.50,196.36,0.04,1.21,6.54,197.57,"15,145.44"
2153,10/01/2018,SSI,"29,800","30,150","30,350","30,800","29,900","30,470",550,1.85,10.49,319.58,0.00,0.00,10.49,319.58,"15,170.43"
2154,09/01/2018,SSI,"29,500","30,000","29,800","30,200","29,350","29,846",300,1.02,5.44,162.49,0.00,0.00,5.44,162.49,"14,895.51"
2155,08/01/2018,SSI,"28,900","28,900","29,500","29,500","28,600","29,011",600,2.08,8.37,242.93,0.00,0.00,8.37,242.93,"14,745.56"
2156,05/01/2018,SSI,"30,100","30,200","28,900","30,300","28,900","29,598","-1,200",-3.99,8.35,247.20,0.00,0.00,8.35,247.20,"14,445.65"
2157,04/01/2018,SSI,"30,200","30,300","30,100","30,500","30,000","30,204",-100,-0.33,7.01,211.69,0.00,0.00,7.01,211.69,"15,045.47"
2158,03/01/2018,SSI,"29,100","29,300","30,200","30,200","29,200","29,948","1,100",3.78,10.29,308.13,0.00,0.00,10.29,308.13,"15,095.45"
2159,02/01/2018,SSI,"28,800","28,900","29,100","29,300","28,900","29,096",300,1.04,4.50,130.79,0.02,0.54,4.52,131.33,"14,545.62"
