No,Date,Ticker,Reference,Open_price,Close_price,Highest_price,Lowest_price,Average,Change,Change_percent,Matched_volume,Matched_value,Negotiated_volume,Negotiated_value,Total_volume,Total_value,Market_cap
1,28/08/2026,STB,"73,500","74,000","75,500","76,600","74,000","75,645","2,000",2.72,9.13,691.09,0.52,35.78,9.65,726.87,"142,333.79"
2,27/08/2026,STB,"74,600","74,300","73,500","75,500","73,500","74,858","-1,100",-1.47,2.71,202.38,1.25,87.50,3.96,289.88,"138,563.36"
3,26/08/2026,STB,"74,200","74,500","74,600","75,200","73,800","74,381",400,0.54,3.36,250.13,1.02,70.83,4.39,320.95,"140,637.09"
4,25/08/2026,STB,"74,900","75,200","74,200","75,400","74,100","74,733",-700,-0.93,3.35,250.21,1.61,112.36,4.96,362.57,"139,883.01"
5,24/08/2026,STB,"74,700","75,200","74,900","75,400","74,800","75,083",200,0.27,1.34,100.52,4.61,329.81,5.95,430.33,"141,202.66"
6,21/08/2026,STB,"74,500","74,600","74,700","75,400","74,100","74,756",200,0.27,1.95,146.18,1.00,70.21,2.95,216.39,"140,825.61"
7,20/08/2026,STB,"74,800","75,000","74,500","75,800","73,600","74,549",-300,-0.40,2.24,166.85,4.47,314.23,6.71,481.08,"140,448.57"
8,19/08/2026,STB,"75,200","75,300","74,800","76,000","74,100","75,361",-400,-0.53,4.93,372.66,0.00,0.00,4.93,372.66,"141,014.14"
9,18/08/2026,STB,"74,200","74,400","75,200","76,000","73,700","74,964","1,000",1.35,4.73,355.44,3.27,229.29,8.00,584.73,"141,768.22"
10,17/08/2026,STB,"72,300","72,500","74,200","75,000","72,500","74,050","1,900",2.63,3.94,292.50,0.00,0.00,3.94,292.50,"139,883.01"
11,14/08/2026,STB,"73,100","73,100","72,300","73,500","72,300","72,798",-800,-1.09,2.39,173.71,0.02,1.56,2.41,175.27,"136,301.10"
12,13/08/2026,STB,"74,100","74,700","73,100","74,800","73,100","73,694","-1,000",-1.35,2.35,173.43,1.13,78.25,3.49,251.68,"137,809.27"
13,12/08/2026,STB,"74,300","74,300","74,100","75,400","74,100","74,790",-200,-0.27,1.57,117.15,0.00,0.00,1.57,117.15,"139,694.48"
14,11/08/2026,STB,"74,600","74,900","74,300","75,300","74,200","74,660",-300,-0.40,1.54,114.97,0.00,0.00,1.54,114.97,"140,071.53"
15,10/08/2026,STB,"74,600","75,000","74,600","76,100","74,300","75,304",0,0.00,2.08,157.16,1.35,97.20,3.43,254.36,"140,637.09"
16,07/08/2026,STB,"72,200","72,500","74,600","76,100","72,400","74,583","2,400",3.32,6.08,454.59,0.00,0.00,6.08,454.59,"140,637.09"
17,06/08/2026,STB,"73,200","73,200","72,200","73,600","72,200","73,051","-1,000",-1.37,1.49,108.11,1.31,93.76,2.80,201.87,"136,112.57"
18,05/08/2026,STB,"74,100","74,500","73,200","74,900","73,200","74,047",-900,-1.21,2.75,203.56,1.89,131.33,4.64,334.89,"137,997.79"
19,04/08/2026,STB,"71,500","72,100","74,100","74,100","71,900","73,090","2,600",3.64,4.94,362.47,2.35,158.36,7.29,520.82,"139,694.48"
20,03/08/2026,STB,"71,300","71,800","71,500","72,500","71,300","71,996",200,0.28,3.07,220.95,0.00,0.00,3.07,220.95,"134,792.92"
21,31/07/2026,STB,"71,600","71,500","71,300","72,300","71,100","71,684",-300,-0.42,2.79,199.80,0.17,11.06,2.95,210.85,"134,415.88"
22,30/07/2026,STB,"71,500","71,700","71,600","73,000","71,000","72,217",100,0.14,2.42,174.62,1.02,68.46,3.44,243.08,"134,981.45"
23,29/07/2026,STB,"72,500","72,900","71,500","72,900","71,500","72,159","-1,000",-1.38,2.83,204.13,1.12,76.16,3.95,280.29,"134,792.92"
24,28/07/2026,STB,"72,500","72,400","72,500","73,600","71,800","72,496",0,0.00,1.78,129.07,0.00,0.00,1.78,129.07,"136,678.14"
25,27/07/2026,STB,"73,500","73,500","72,500","75,000","72,500","73,822","-1,000",-1.36,2.40,176.49,0.00,0.00,2.40,176.49,"136,678.14"
26,24/07/2026,STB,"72,000","73,000","73,500","74,000","71,700","73,060","1,500",2.08,6.11,447.49,0.74,50.18,6.84,497.67,"138,563.36"
27,23/07/2026,STB,"71,000","71,200","72,000","73,900","70,600","72,259","1,000",1.41,6.40,464.47,0.00,0.00,6.40,464.47,"135,735.53"
28,22/07/2026,STB,"72,700","72,900","71,000","73,700","71,000","72,268","-1,700",-2.34,8.58,620.54,0.14,10.18,8.72,630.71,"133,850.32"
29,21/07/2026,STB,"73,000","73,000","72,700","73,900","72,200","73,386",-300,-0.41,4.77,350.66,0.00,0.00,4.77,350.66,"137,055.18"
30,20/07/2026,STB,"73,500","72,700","73,000","73,800","69,000","72,440",-500,-0.68,5.19,375.58,0.00,0.00,5.19,375.58,"137,620.75"
31,17/07/2026,STB,"71,800","72,000","73,500","74,200","71,600","73,348","1,700",2.37,7.10,522.13,0.00,0.00,7.10,522.13,"138,563.36"
32,16/07/2026,STB,"69,800","69,500","71,800","72,500","69,500","71,494","2,000",2.87,7.25,518.12,1.33,86.90,8.58,605.02,"135,358.49"
33,15/07/2026,STB,"70,400","70,600","69,800","71,600","69,800","70,773",-600,-0.85,3.01,212.28,0.00,0.00,3.01,212.28,"131,588.06"
34,14/07/2026,STB,"68,500","68,300","70,400","71,100","68,300","70,709","1,900",2.77,4.38,306.74,0.00,0.00,4.38,306.74,"132,719.19"
35,13/07/2026,STB,"70,100","70,300","68,500","70,300","68,500","69,240","-1,600",-2.28,4.35,300.61,0.49,32.34,4.84,332.95,"129,137.28"
36,10/07/2026,STB,"71,000","71,200","70,100","71,800","70,100","70,881",-900,-1.27,2.15,151.88,0.28,19.60,2.42,171.48,"132,153.62"
37,09/07/2026,STB,"70,900","71,100","71,000","71,600","71,000","71,278",100,0.14,1.55,110.46,0.00,0.00,1.55,110.46,"133,850.32"
38,08/07/2026,STB,"70,800","71,400","70,900","72,000","70,900","71,372",100,0.14,2.34,167.18,0.53,34.93,2.87,202.11,"133,661.79"
39,07/07/2026,STB,"70,800","70,700","70,800","72,000","70,600","71,241",0,0.00,2.80,199.14,0.79,53.06,3.59,252.20,"133,473.27"
40,06/07/2026,STB,"72,000","72,300","70,800","72,600","70,800","71,513","-1,200",-1.67,3.50,250.27,0.00,0.00,3.50,250.27,"133,473.27"
41,03/07/2026,STB,"72,600","72,900","72,000","72,900","72,000","72,259",-600,-0.83,2.64,191.03,0.00,0.00,2.64,191.03,"135,735.53"
42,02/07/2026,STB,"73,200","73,000","72,600","74,100","72,600","73,086",-600,-0.82,2.66,193.97,0.00,0.00,2.66,193.97,"136,866.66"
43,01/07/2026,STB,"73,800","73,800","73,200","74,000","73,200","73,553",-600,-0.81,3.05,224.22,0.00,0.00,3.05,224.22,"137,997.79"
44,30/06/2026,STB,"74,900","74,900","73,800","75,600","73,700","74,386","-1,100",-1.47,2.83,210.63,0.00,0.00,2.83,210.63,"139,128.92"
45,29/06/2026,STB,"73,700","73,900","74,900","76,200","73,700","75,301","1,200",1.63,8.81,666.11,1.20,82.80,10.01,748.91,"141,202.66"
46,26/06/2026,STB,"72,200","72,000","73,700","75,000","72,000","73,920","1,500",2.08,6.87,507.91,0.00,0.00,6.87,507.91,"138,940.40"
47,25/06/2026,STB,"71,200","71,200","72,200","73,300","71,200","72,463","1,000",1.40,6.09,441.34,1.86,124.42,7.94,565.76,"136,112.57"
48,24/06/2026,STB,"71,700","71,800","71,200","73,600","71,200","72,012",-500,-0.70,3.74,268.88,2.19,149.06,5.93,417.94,"134,227.36"
49,23/06/2026,STB,"71,200","71,400","71,700","75,500","70,900","73,045",500,0.70,8.90,649.88,3.59,243.88,12.49,893.77,"135,169.97"
50,22/06/2026,STB,"72,300","72,200","71,200","72,800","71,200","71,941","-1,100",-1.52,1.97,141.58,1.08,73.81,3.05,215.39,"134,227.36"
51,19/06/2026,STB,"70,900","71,200","72,300","72,300","70,700","71,372","1,400",1.97,7.60,543.55,4.47,297.41,12.07,840.96,"136,301.10"
52,18/06/2026,STB,"72,100","72,500","70,900","72,500","70,900","71,894","-1,200",-1.66,3.32,237.69,1.24,84.07,4.56,321.76,"133,661.79"
53,17/06/2026,STB,"71,300","71,300","72,100","73,500","71,200","72,329",800,1.12,6.16,446.26,1.56,105.47,7.72,551.73,"135,924.05"
54,16/06/2026,STB,"71,800","72,100","71,300","73,000","71,300","72,167",-500,-0.70,2.76,198.51,0.00,0.00,2.76,198.51,"134,415.88"
55,15/06/2026,STB,"70,900","71,100","71,800","73,000","71,100","72,003",900,1.27,4.49,323.69,0.00,0.00,4.49,323.69,"135,358.49"
56,12/06/2026,STB,"71,300","71,500","70,900","73,000","70,900","71,882",-400,-0.56,5.42,390.06,0.38,27.35,5.80,417.41,"133,661.79"
57,11/06/2026,STB,"70,600","70,700","71,300","72,500","70,000","71,505",700,0.99,4.07,291.52,0.09,6.37,4.16,297.90,"134,415.88"
58,10/06/2026,STB,"72,000","72,100","70,600","72,300","70,600","71,521","-1,400",-1.94,3.16,225.66,0.24,17.28,3.40,242.94,"133,096.23"
59,09/06/2026,STB,"69,800","70,000","72,000","73,500","69,200","71,802","2,200",3.15,8.27,595.82,0.23,16.16,8.50,611.98,"135,735.53"
60,08/06/2026,STB,"69,800","69,200","69,800","71,000","68,600","69,793",0,0.00,4.88,340.57,0.24,15.84,5.12,356.41,"131,588.06"
61,05/06/2026,STB,"70,400","70,500","69,800","70,500","69,200","69,598",-600,-0.85,3.82,265.76,0.00,0.00,3.82,265.76,"131,588.06"
62,04/06/2026,STB,"66,100","66,300","70,400","70,500","66,200","68,458","4,300",6.51,10.82,741.37,0.24,15.86,11.06,757.23,"132,719.19"
63,03/06/2026,STB,"66,600","66,500","66,100","67,600","66,100","66,924",-500,-0.75,5.31,354.40,0.55,34.46,5.86,388.86,"124,612.76"
64,02/06/2026,STB,"67,000","67,200","66,600","67,600","66,300","66,938",-400,-0.60,6.79,454.38,1.24,77.93,8.03,532.31,"125,555.37"
65,01/06/2026,STB,"68,000","68,400","67,000","69,600","67,000","68,342","-1,000",-1.47,5.04,343.72,1.10,69.84,6.15,413.56,"126,309.45"
66,29/05/2026,STB,"68,000","68,000","68,000","68,800","68,000","68,456",0,0.00,2.63,179.82,0.08,5.07,2.71,184.89,"128,194.67"
67,28/05/2026,STB,"68,300","68,400","68,000","69,400","68,000","68,459",-300,-0.44,7.11,486.43,0.00,0.00,7.11,486.43,"128,194.67"
68,27/05/2026,STB,"69,600","70,000","68,300","70,500","68,300","69,566","-1,300",-1.87,5.71,395.85,1.62,113.27,7.33,509.13,"128,760.23"
69,26/05/2026,STB,"70,000","70,300","69,600","70,900","69,300","69,868",-400,-0.57,5.38,376.20,0.00,0.00,5.38,376.20,"131,211.01"
70,25/05/2026,STB,"71,200","71,200","70,000","72,000","70,000","71,207","-1,200",-1.69,4.54,322.63,0.10,7.35,4.64,329.98,"131,965.10"
71,22/05/2026,STB,"70,800","71,100","71,200","71,800","70,500","71,085",400,0.56,4.56,324.34,0.70,46.07,5.26,370.41,"134,227.36"
72,21/05/2026,STB,"71,600","71,800","70,800","72,800","70,700","71,607",-800,-1.12,5.48,392.31,4.14,281.00,9.61,673.31,"133,473.27"
73,20/05/2026,STB,"72,300","71,700","71,600","72,400","70,100","71,394",-700,-0.97,5.90,421.34,2.62,180.07,8.52,601.41,"134,981.45"
74,19/05/2026,STB,"72,100","72,100","72,300","73,300","71,600","72,248",200,0.28,4.82,348.86,3.08,214.61,7.90,563.48,"136,301.10"
75,18/05/2026,STB,"72,900","72,900","72,100","74,000","71,600","72,440",-800,-1.10,5.61,405.97,0.45,31.50,6.06,437.47,"135,924.05"
76,15/05/2026,STB,"73,600","73,900","72,900","74,400","72,800","73,354",-700,-0.95,3.74,274.48,0.11,8.29,3.85,282.78,"137,432.23"
77,14/05/2026,STB,"73,500","73,000","73,600","75,100","72,800","74,130",100,0.14,4.39,324.28,0.85,61.97,5.24,386.25,"138,751.88"
78,13/05/2026,STB,"76,800","76,000","73,500","76,600","73,500","74,575","-3,300",-4.30,10.03,750.98,1.08,77.98,11.11,828.95,"138,563.36"
79,12/05/2026,STB,"72,200","72,300","76,800","76,800","71,900","74,209","4,600",6.37,6.93,515.88,0.11,7.22,7.04,523.10,"144,784.57"
80,11/05/2026,STB,"73,500","73,000","72,200","73,300","71,900","72,364","-1,300",-1.77,3.27,236.30,0.77,53.80,4.03,290.09,"136,112.57"
81,08/05/2026,STB,"73,700","74,000","73,500","74,800","72,300","73,382",-200,-0.27,4.75,348.71,3.87,268.14,8.62,616.85,"138,563.36"
82,07/05/2026,STB,"68,900","69,000","73,700","73,700","68,400","72,226","4,800",6.97,18.88,"1,371.29",2.30,148.50,21.18,"1,519.79","138,940.40"
83,06/05/2026,STB,"66,600","66,600","68,900","69,800","66,600","68,919","2,300",3.45,7.61,524.09,2.62,164.81,10.22,688.90,"129,891.36"
84,05/05/2026,STB,"66,200","66,200","66,600","67,000","65,800","66,531",400,0.60,3.62,241.19,0.08,5.15,3.70,246.34,"125,555.37"
85,04/05/2026,STB,"67,500","67,600","66,200","68,100","66,200","67,168","-1,300",-1.93,4.12,276.94,1.32,86.00,5.44,362.93,"124,801.28"
86,29/04/2026,STB,"68,100","67,800","67,500","68,900","67,300","67,868",-600,-0.88,4.95,335.83,0.00,0.00,4.95,335.83,"127,252.06"
87,28/04/2026,STB,"64,900","65,900","68,100","69,300","65,100","68,037","3,200",4.93,8.21,558.30,0.07,4.54,8.28,562.84,"128,383.19"
88,24/04/2026,STB,"65,400","65,400","64,900","65,500","64,800","65,027",-500,-0.76,2.76,179.19,1.96,125.17,4.72,304.36,"122,350.50"
89,23/04/2026,STB,"66,500","66,700","65,400","67,000","65,200","66,061","-1,100",-1.65,7.99,526.98,0.00,0.00,7.99,526.98,"123,293.11"
90,22/04/2026,STB,"67,700","68,400","66,500","69,200","66,500","67,896","-1,200",-1.77,8.52,577.29,0.43,27.72,8.94,605.01,"125,366.85"
91,21/04/2026,STB,"64,200","68,000","67,700","68,600","66,900","68,064","3,500",5.45,14.14,964.41,0.03,2.13,14.18,966.54,"127,629.10"
92,20/04/2026,STB,"64,000","64,500","64,200","65,200","64,100","64,681",200,0.31,2.57,165.94,0.11,7.04,2.68,172.98,"121,030.85"
93,17/04/2026,STB,"63,800","64,000","64,000","65,200","63,900","64,469",200,0.31,3.71,239.62,0.35,20.99,4.06,260.61,"120,653.81"
94,16/04/2026,STB,"64,300","64,500","63,800","65,500","63,500","64,158",-500,-0.78,4.60,294.93,0.00,0.00,4.60,294.93,"120,276.76"
95,15/04/2026,STB,"66,100","66,400","64,300","66,500","64,300","65,111","-1,800",-2.72,6.88,448.04,0.70,44.23,7.59,492.26,"121,219.37"
96,14/04/2026,STB,"67,300","67,900","66,100","68,200","66,100","67,183","-1,200",-1.78,4.18,281.08,0.00,0.00,4.18,281.08,"124,612.76"
97,13/04/2026,STB,"66,900","66,300","67,300","68,700","66,000","67,872",400,0.60,5.23,355.20,0.00,0.00,5.23,355.20,"126,875.02"
98,10/04/2026,STB,"66,300","66,300","66,900","68,700","66,100","67,223",600,0.90,10.15,682.76,0.27,17.53,10.42,700.30,"126,120.93"
99,09/04/2026,STB,"66,000","65,900","66,300","68,800","65,500","67,099",300,0.45,11.52,776.91,0.77,48.26,12.29,825.17,"124,989.80"
100,08/04/2026,STB,"61,700","63,500","66,000","66,000","63,100","64,698","4,300",6.97,9.82,637.87,6.50,397.15,16.32,"1,035.02","124,424.24"
101,07/04/2026,STB,"61,200","61,500","61,700","62,000","61,000","61,648",500,0.82,2.93,180.48,0.00,0.00,2.93,180.48,"116,317.81"
102,06/04/2026,STB,"60,800","60,800","61,200","62,100","59,600","61,068",400,0.66,4.20,256.96,16.28,982.60,20.49,"1,239.56","115,375.20"
103,03/04/2026,STB,"61,100","60,800","60,800","62,300","60,600","61,243",-300,-0.49,4.61,282.64,0.17,10.30,4.78,292.94,"114,621.12"
104,02/04/2026,STB,"62,200","61,600","61,100","62,100","60,700","61,153","-1,100",-1.77,6.49,396.90,0.82,51.62,7.32,448.52,"115,186.68"
105,01/04/2026,STB,"62,200","62,800","62,200","63,700","62,200","63,041",0,0.00,3.19,200.93,0.96,56.52,4.15,257.45,"117,260.42"
106,31/03/2026,STB,"61,200","61,200","62,200","62,700","61,200","62,376","1,000",1.63,5.23,326.55,9.56,549.70,14.79,876.25,"117,260.42"
107,30/03/2026,STB,"59,900","58,900","61,200","63,400","58,100","60,495","1,300",2.17,7.57,458.89,0.54,32.11,8.11,490.99,"115,375.20"
108,27/03/2026,STB,"60,600","60,500","59,900","60,700","59,700","60,103",-700,-1.16,9.37,563.19,2.77,160.89,12.14,724.08,"112,924.42"
109,26/03/2026,STB,"62,200","62,000","60,600","62,100","60,300","60,940","-1,600",-2.57,5.03,306.93,2.42,144.96,7.45,451.89,"114,244.07"
110,25/03/2026,STB,"60,800","61,300","62,200","62,700","61,100","62,062","1,400",2.30,5.69,353.21,3.30,192.47,8.99,545.67,"117,260.42"
111,24/03/2026,STB,"60,000","61,100","60,800","62,000","60,500","61,374",800,1.33,6.03,369.32,5.15,295.91,11.17,665.23,"114,621.12"
112,23/03/2026,STB,"63,400","62,400","60,000","62,900","60,000","61,622","-3,400",-5.36,8.99,552.20,4.98,298.98,13.97,851.18,"113,112.94"
113,20/03/2026,STB,"63,400","63,100","63,400","64,000","62,700","63,215",0,0.00,9.39,593.71,1.93,116.17,11.32,709.88,"119,522.68"
114,19/03/2026,STB,"63,300","63,300","63,400","64,700","62,100","63,459",100,0.16,11.63,738.39,1.41,89.45,13.04,827.84,"119,522.68"
115,18/03/2026,STB,"67,600","67,700","63,300","68,800","62,900","64,781","-4,300",-6.36,33.65,"2,171.15",2.80,179.41,36.45,"2,350.56","119,334.15"
116,17/03/2026,STB,"66,600","67,000","67,600","69,200","67,000","68,211","1,000",1.50,8.82,601.95,2.49,155.64,11.32,757.59,"127,440.58"
117,16/03/2026,STB,"65,800","65,700","66,600","68,900","65,600","67,486",800,1.22,10.88,734.22,0.00,0.00,10.88,734.22,"125,555.37"
118,13/03/2026,STB,"65,700","65,000","65,800","67,000","64,900","66,253",100,0.15,6.92,458.87,0.46,28.15,7.38,487.02,"124,047.19"
119,12/03/2026,STB,"66,300","65,600","65,700","67,100","65,100","66,228",-600,-0.90,6.08,402.86,1.37,84.53,7.45,487.39,"123,858.67"
120,11/03/2026,STB,"65,000","65,100","66,300","67,400","64,500","65,844","1,300",2.00,9.25,611.10,3.80,229.90,13.05,841.00,"124,989.80"
121,10/03/2026,STB,"60,800","63,000","65,000","65,000","62,600","64,057","4,200",6.91,21.12,"1,352.97",5.13,314.65,26.25,"1,667.62","122,539.02"
122,09/03/2026,STB,"63,800","59,400","60,800","64,100","59,400","61,136","-3,000",-4.70,34.72,"2,121.74",4.13,253.37,38.85,"2,375.11","114,621.12"
123,06/03/2026,STB,"64,900","64,900","63,800","65,400","62,600","64,270","-1,100",-1.69,9.70,622.92,0.31,21.19,10.00,644.11,"120,276.76"
124,05/03/2026,STB,"66,700","67,600","64,900","68,700","64,900","66,656","-1,800",-2.70,11.71,779.93,0.74,52.75,12.45,832.67,"122,350.50"
125,04/03/2026,STB,"67,800","67,600","66,700","68,100","65,300","66,326","-1,100",-1.62,15.99,"1,060.85",1.98,125.46,17.97,"1,186.30","125,743.89"
126,03/03/2026,STB,"67,000","67,000","67,800","70,200","67,000","68,673",800,1.19,10.14,697.38,1.64,103.21,11.78,800.59,"127,817.63"
127,02/03/2026,STB,"65,500","65,100","67,000","70,000","64,100","67,262","1,500",2.29,22.27,"1,495.44",0.98,60.95,23.25,"1,556.39","126,309.45"
128,27/02/2026,STB,"67,000","66,900","65,500","67,200","65,500","66,117","-1,500",-2.24,7.08,468.18,0.00,0.00,7.08,468.18,"123,481.63"
129,26/02/2026,STB,"66,700","66,800","67,000","67,300","65,600","66,319",300,0.45,8.14,540.07,2.48,155.53,10.62,695.59,"126,309.45"
130,25/02/2026,STB,"63,400","63,400","66,700","67,800","63,400","66,738","3,300",5.21,20.07,"1,340.55",3.85,230.70,23.91,"1,571.25","125,743.89"
131,24/02/2026,STB,"62,900","63,200","63,400","64,200","63,000","63,697",500,0.79,7.97,507.29,0.08,4.84,8.04,512.13,"119,522.68"
132,23/02/2026,STB,"62,600","62,500","62,900","63,700","62,500","63,048",300,0.48,5.82,366.95,0.00,0.00,5.82,366.95,"118,580.07"
133,13/02/2026,STB,"61,100","61,200","62,600","62,600","61,100","61,827","1,500",2.45,9.00,556.90,0.00,0.00,9.00,556.90,"118,014.50"
134,12/02/2026,STB,"61,100","61,200","61,100","62,700","61,100","61,706",0,0.00,4.64,285.42,0.80,46.40,5.44,331.82,"115,186.68"
135,11/02/2026,STB,"59,500","59,300","61,100","62,900","59,300","61,530","1,600",2.69,8.44,519.10,4.33,248.95,12.77,768.05,"115,186.68"
136,10/02/2026,STB,"60,300","60,300","59,500","60,700","59,000","59,814",-800,-1.33,15.77,942.45,0.50,32.00,16.27,974.45,"112,170.34"
137,09/02/2026,STB,"61,500","61,600","60,300","62,100","60,300","61,165","-1,200",-1.95,5.61,342.76,4.66,278.86,10.27,621.62,"113,678.51"
138,06/02/2026,STB,"62,300","61,800","61,500","62,400","60,800","61,623",-800,-1.28,14.98,921.83,3.60,212.21,18.58,"1,134.04","115,940.77"
139,05/02/2026,STB,"63,800","63,800","62,300","65,000","62,300","63,574","-1,500",-2.35,10.91,691.25,0.00,0.00,10.91,691.25,"117,448.94"
140,04/02/2026,STB,"63,000","62,800","63,800","64,600","62,600","63,639",800,1.27,11.68,744.46,3.65,220.95,15.33,965.41,"120,276.76"
141,03/02/2026,STB,"63,500","64,000","63,000","64,500","62,700","63,294",-500,-0.79,10.15,642.53,0.14,8.52,10.29,651.04,"118,768.59"
142,02/02/2026,STB,"63,000","63,000","63,500","64,000","62,000","63,040",500,0.79,12.22,771.23,3.89,235.49,16.11,"1,006.72","119,711.20"
143,30/01/2026,STB,"62,800","62,800","63,000","65,000","62,700","63,858",200,0.32,9.37,597.23,3.84,234.42,13.22,831.65,"118,768.59"
144,29/01/2026,STB,"63,200","64,000","62,800","64,400","62,600","63,281",-400,-0.63,7.05,446.08,0.97,58.98,8.02,505.06,"118,391.55"
145,28/01/2026,STB,"61,900","62,000","63,200","65,600","61,900","63,602","1,300",2.10,12.81,815.10,1.56,92.04,14.37,907.14,"119,145.63"
146,27/01/2026,STB,"62,000","62,000","61,900","63,300","61,000","62,147",-100,-0.16,12.50,776.74,0.00,0.00,12.50,776.74,"116,694.85"
147,26/01/2026,STB,"62,600","63,000","62,000","63,800","61,600","62,727",-600,-0.96,14.88,934.23,0.47,27.47,15.35,961.70,"116,883.37"
148,23/01/2026,STB,"63,500","63,200","62,600","66,100","62,600","64,709",-900,-1.42,16.45,"1,064.96",0.08,5.04,16.53,"1,070.00","118,014.50"
149,22/01/2026,STB,"62,100","63,000","63,500","66,400","63,000","64,563","1,400",2.25,17.21,"1,109.96",0.00,0.00,17.21,"1,109.96","119,711.20"
150,21/01/2026,STB,"58,100","57,600","62,100","62,100","57,200","60,818","4,000",6.88,25.97,"1,581.84",2.41,134.75,28.38,"1,716.59","117,071.90"
151,20/01/2026,STB,"58,300","58,200","58,100","60,900","58,100","59,507",-200,-0.34,16.11,958.86,0.48,28.12,16.60,986.98,"109,531.03"
152,19/01/2026,STB,"58,400","58,000","58,300","58,700","57,600","58,093",-100,-0.17,8.94,519.24,0.00,0.00,8.94,519.24,"109,908.08"
153,16/01/2026,STB,"57,800","59,400","58,400","60,600","57,900","59,208",600,1.04,18.24,"1,079.47",4.25,248.99,22.49,"1,328.46","110,096.60"
154,15/01/2026,STB,"54,100","53,800","57,800","57,800","53,700","56,003","3,700",6.84,23.20,"1,303.16",0.79,41.12,23.99,"1,344.28","108,965.47"
155,14/01/2026,STB,"54,100","53,900","54,100","55,100","53,800","54,395",0,0.00,14.86,808.02,4.83,244.21,19.68,"1,052.22","101,990.17"
156,13/01/2026,STB,"53,800","53,800","54,100","55,200","53,700","54,451",300,0.56,18.23,995.43,0.00,0.00,18.23,995.43,"101,990.17"
157,12/01/2026,STB,"51,800","51,500","53,800","54,300","51,100","53,204","2,000",3.86,21.18,"1,128.48",4.25,235.39,25.43,"1,363.87","101,424.61"
158,09/01/2026,STB,"53,500","53,600","51,800","54,300","51,500","52,427","-1,700",-3.18,21.55,"1,129.01",0.00,0.00,21.55,"1,129.01","97,654.17"
159,08/01/2026,STB,"53,400","53,700","53,500","55,200","53,100","54,072",100,0.19,16.49,892.89,3.25,181.60,19.73,"1,074.49","100,859.04"
160,07/01/2026,STB,"56,700","55,600","53,400","55,900","52,800","53,876","-3,300",-5.82,53.94,"2,906.26",0.07,3.62,54.01,"2,909.88","100,670.52"
161,06/01/2026,STB,"57,900","57,500","56,700","58,700","56,700","57,386","-1,200",-2.07,12.71,728.99,0.00,0.00,12.71,728.99,"106,891.73"
162,05/01/2026,STB,"58,000","58,200","57,900","58,300","56,000","56,751",-100,-0.17,18.34,"1,043.57",0.00,0.00,18.34,"1,043.57","109,153.99"
163,31/12/2025,STB,"60,000","59,600","58,000","60,200","58,000","58,939","-2,000",-3.33,14.59,859.37,4.25,270.24,18.84,"1,129.61","109,342.51"
164,30/12/2025,STB,"59,900","60,300","60,000","60,800","58,500","59,347",100,0.17,19.18,"1,138.35",1.68,103.01,20.87,"1,241.36","113,112.94"
165,29/12/2025,STB,"57,500","58,200","59,900","60,400","58,100","59,235","2,400",4.17,22.40,"1,326.74",3.15,176.40,25.55,"1,503.14","112,924.42"
166,26/12/2025,STB,"55,900","55,500","57,500","57,500","53,100","55,607","1,600",2.86,17.49,973.45,0.25,13.70,17.73,987.14,"108,399.90"
167,25/12/2025,STB,"58,700","58,300","55,900","58,600","55,900","57,089","-2,800",-4.77,15.35,875.45,3.78,227.56,19.13,"1,103.01","105,383.56"
168,24/12/2025,STB,"56,000","58,800","58,700","58,800","56,600","57,677","2,700",4.82,19.98,"1,151.38",0.00,0.00,19.98,"1,151.38","110,662.16"
169,23/12/2025,STB,"52,400","54,700","56,000","56,000","54,200","55,671","3,600",6.87,8.41,468.05,4.35,212.64,12.76,680.69,"105,572.08"
170,22/12/2025,STB,"49,000","49,300","52,400","52,400","48,600","51,080","3,400",6.94,13.02,665.72,2.12,99.75,15.14,765.47,"98,785.30"
171,19/12/2025,STB,"48,000","47,700","49,000","49,000","47,700","48,505","1,000",2.08,7.23,351.45,0.30,13.66,7.53,365.11,"92,375.57"
172,18/12/2025,STB,"47,200","47,000","48,000","48,000","46,900","47,580",800,1.69,5.52,262.93,0.00,0.00,5.52,262.93,"90,490.35"
173,17/12/2025,STB,"47,050","47,200","47,200","47,800","47,100","47,598",150,0.32,4.06,192.94,0.90,42.86,4.96,235.79,"88,982.18"
174,16/12/2025,STB,"46,800","46,500","47,050","48,200","46,500","47,119",250,0.53,5.42,255.01,1.11,50.04,6.53,305.05,"88,699.40"
175,15/12/2025,STB,"46,000","46,050","46,800","47,200","45,950","46,640",800,1.74,6.05,282.38,0.00,0.00,6.05,282.38,"88,228.10"
176,12/12/2025,STB,"47,700","47,700","46,000","48,500","46,000","47,843","-1,700",-3.56,8.81,421.35,2.15,99.00,10.96,520.35,"86,719.92"
177,11/12/2025,STB,"48,600","48,400","47,700","48,600","47,700","48,150",-900,-1.85,6.16,296.71,0.00,0.00,6.16,296.71,"89,924.79"
178,10/12/2025,STB,"48,550","48,450","48,600","48,650","48,400","48,529",50,0.10,5.98,290.51,0.11,5.67,6.09,296.17,"91,621.48"
179,09/12/2025,STB,"48,700","48,350","48,550","49,250","48,050","48,428",-150,-0.31,10.65,515.43,6.63,315.24,17.27,830.67,"91,527.22"
180,08/12/2025,STB,"49,200","49,200","48,700","49,250","48,700","48,944",-500,-1.02,4.22,206.60,1.31,64.76,5.54,271.36,"91,810.01"
181,05/12/2025,STB,"50,200","50,600","49,200","50,600","49,200","49,905","-1,000",-1.99,6.09,303.92,0.22,11.04,6.31,314.96,"92,752.61"
182,04/12/2025,STB,"49,700","50,000","50,200","51,000","49,950","50,429",500,1.01,7.18,361.86,2.59,126.58,9.77,488.44,"94,637.83"
183,03/12/2025,STB,"49,400","49,200","49,700","50,900","49,200","50,169",300,0.61,7.31,366.41,0.99,50.48,8.30,416.89,"93,695.22"
184,02/12/2025,STB,"49,000","49,000","49,400","49,650","49,000","49,439",400,0.82,5.48,270.74,0.49,23.03,5.97,293.77,"93,129.66"
185,01/12/2025,STB,"48,600","48,700","49,000","49,600","48,650","49,120",400,0.82,3.34,164.24,2.81,134.80,6.15,299.04,"92,375.57"
186,28/11/2025,STB,"49,300","49,000","48,600","49,550","48,600","49,118",-700,-1.42,4.67,229.28,1.80,85.95,6.47,315.23,"91,621.48"
187,27/11/2025,STB,"49,950","49,800","49,300","50,600","49,300","50,153",-650,-1.30,3.67,184.05,4.01,195.06,7.68,379.11,"92,941.13"
188,26/11/2025,STB,"50,000","50,100","49,950","51,200","49,950","50,439",-50,-0.10,7.62,384.01,4.37,223.38,11.98,607.39,"94,166.53"
189,25/11/2025,STB,"50,000","50,000","50,000","51,000","49,750","50,396",0,0.00,5.22,263.17,4.99,256.43,10.20,519.60,"94,260.79"
190,24/11/2025,STB,"51,300","51,500","50,000","51,500","50,000","50,922","-1,300",-2.53,6.12,311.46,2.05,106.88,8.17,418.34,"94,260.79"
191,21/11/2025,STB,"49,500","49,050","51,300","51,300","48,900","50,148","1,800",3.64,10.13,507.99,0.02,1.00,10.15,508.99,"96,711.57"
192,20/11/2025,STB,"49,500","49,500","49,500","49,800","49,100","49,532",0,0.00,5.90,291.99,3.43,177.28,9.33,469.27,"93,318.18"
193,19/11/2025,STB,"49,500","49,450","49,500","50,300","49,050","49,617",0,0.00,9.52,472.51,3.43,175.02,12.95,647.53,"93,318.18"
194,18/11/2025,STB,"48,900","48,900","49,500","49,650","48,500","48,995",600,1.23,8.54,418.07,0.92,46.00,9.46,464.07,"93,318.18"
195,17/11/2025,STB,"48,050","48,100","48,900","49,050","47,900","48,433",850,1.77,10.17,492.21,3.41,170.33,13.58,662.54,"92,187.05"
196,14/11/2025,STB,"48,700","48,600","48,050","48,650","47,400","47,989",-650,-1.33,14.30,686.59,2.14,105.74,16.45,792.34,"90,584.62"
197,13/11/2025,STB,"50,600","50,500","48,700","50,500","48,550","49,048","-1,900",-3.75,17.04,836.15,0.00,0.00,17.04,836.15,"91,810.01"
198,12/11/2025,STB,"49,650","49,700","50,600","50,600","48,850","49,664",950,1.91,8.64,428.44,1.66,83.49,10.30,511.93,"95,391.92"
199,11/11/2025,STB,"48,500","48,700","49,650","49,650","47,450","48,658","1,150",2.37,8.62,419.05,4.70,239.55,13.32,658.60,"93,600.96"
200,10/11/2025,STB,"48,350","48,500","48,500","49,400","48,350","48,768",150,0.31,8.29,404.15,5.56,281.08,13.85,685.24,"91,432.96"
201,07/11/2025,STB,"51,900","51,700","48,350","51,900","48,350","49,713","-3,550",-6.84,20.32,"1,006.72",0.70,37.55,21.02,"1,044.27","91,150.18"
202,06/11/2025,STB,"53,500","53,500","51,900","53,800","51,900","52,374","-1,600",-2.99,7.75,405.47,0.35,18.76,8.10,424.24,"97,842.70"
203,05/11/2025,STB,"53,900","53,500","53,500","54,500","53,200","53,512",-400,-0.74,4.42,236.58,8.49,471.37,12.91,707.95,"100,859.04"
204,04/11/2025,STB,"52,300","52,000","53,900","54,800","51,700","52,888","1,600",3.06,11.57,612.88,0.35,19.11,11.92,632.00,"101,613.13"
205,03/11/2025,STB,"55,500","55,400","52,300","55,800","52,300","54,052","-3,200",-5.77,6.62,357.28,0.15,8.88,6.77,366.16,"98,596.78"
206,31/10/2025,STB,"56,900","56,700","55,500","57,200","55,500","56,479","-1,400",-2.46,3.47,195.76,3.45,199.28,6.92,395.04,"104,629.47"
207,30/10/2025,STB,"57,200","57,200","56,900","57,300","56,400","56,734",-300,-0.52,3.28,186.29,0.00,0.00,3.28,186.29,"107,268.77"
208,29/10/2025,STB,"56,800","56,800","57,200","58,100","56,500","57,446",400,0.70,5.99,343.97,0.32,18.00,6.31,361.97,"107,834.34"
209,28/10/2025,STB,"54,600","54,400","56,800","56,800","53,600","54,691","2,200",4.03,6.60,363.94,3.38,190.04,9.98,553.97,"107,080.25"
210,27/10/2025,STB,"54,500","54,500","54,600","55,300","53,500","54,177",100,0.18,4.85,263.62,0.32,18.18,5.17,281.79,"102,932.78"
211,24/10/2025,STB,"55,600","55,200","54,500","55,500","53,600","54,444","-1,100",-1.98,7.39,402.39,0.05,2.97,7.44,405.36,"102,744.26"
212,23/10/2025,STB,"55,400","55,400","55,600","55,900","54,700","55,301",200,0.36,5.82,322.09,0.31,18.35,6.13,340.44,"104,817.99"
213,22/10/2025,STB,"55,600","55,700","55,400","55,700","53,500","54,521",-200,-0.36,5.68,310.24,0.00,0.00,5.68,310.24,"104,440.95"
214,21/10/2025,STB,"54,900","55,500","55,600","55,600","53,000","54,395",700,1.28,11.96,651.59,3.90,219.73,15.86,871.32,"104,817.99"
215,20/10/2025,STB,"59,000","58,600","54,900","58,800","54,900","56,992","-4,100",-6.95,13.30,754.73,0.12,7.12,13.42,761.85,"103,498.34"
216,17/10/2025,STB,"59,500","59,000","59,000","59,300","58,100","58,742",-500,-0.84,6.67,391.93,0.02,1.27,6.69,393.19,"111,227.73"
217,16/10/2025,STB,"60,000","60,100","59,500","60,400","58,500","59,095",-500,-0.83,10.24,605.35,0.18,11.56,10.42,616.90,"112,170.34"
218,15/10/2025,STB,"60,600","60,200","60,000","60,800","60,000","60,328",-600,-0.99,3.81,229.53,1.75,106.87,5.56,336.40,"113,112.94"
219,14/10/2025,STB,"61,000","61,100","60,600","61,300","60,100","60,539",-400,-0.66,7.04,426.35,2.19,133.68,9.22,560.03,"114,244.07"
220,13/10/2025,STB,"60,400","59,900","61,000","61,000","59,300","60,266",600,0.99,7.74,466.95,3.43,219.04,11.18,685.99,"114,998.16"
221,10/10/2025,STB,"60,000","60,200","60,400","60,400","59,200","59,636",400,0.67,8.20,489.94,0.00,0.00,8.20,489.94,"113,867.03"
222,09/10/2025,STB,"59,900","60,300","60,000","61,000","59,700","60,264",100,0.17,9.59,578.66,5.56,338.40,15.15,917.06,"113,112.94"
223,08/10/2025,STB,"58,500","58,600","59,900","60,000","58,500","59,217","1,400",2.39,10.39,615.73,0.05,2.91,10.44,618.64,"112,924.42"
224,07/10/2025,STB,"59,800","60,000","58,500","60,400","58,500","58,985","-1,300",-2.17,7.50,442.19,0.27,16.20,7.77,458.39,"110,285.12"
225,06/10/2025,STB,"57,000","58,000","59,800","59,800","57,100","58,121","2,800",4.91,10.35,602.07,1.57,90.05,11.92,692.12,"112,735.90"
226,03/10/2025,STB,"58,700","58,600","57,000","58,600","57,000","57,610","-1,700",-2.90,9.44,543.36,0.03,1.46,9.46,544.82,"107,457.30"
227,02/10/2025,STB,"59,800","60,000","58,700","60,300","58,000","59,104","-1,100",-1.84,8.41,496.98,2.48,149.56,10.90,646.54,"110,662.16"
228,01/10/2025,STB,"56,900","57,100","59,800","59,800","56,700","58,625","2,900",5.10,18.44,"1,082.67",5.75,333.62,24.19,"1,416.29","112,735.90"
229,30/09/2025,STB,"56,600","56,600","56,900","57,100","56,000","56,407",300,0.53,8.89,502.61,3.75,214.48,12.64,717.09,"107,268.77"
230,29/09/2025,STB,"56,500","56,500","56,600","56,600","55,400","55,922",100,0.18,5.36,300.60,8.96,513.50,14.33,814.10,"106,703.21"
231,26/09/2025,STB,"56,900","56,900","56,500","56,900","55,900","56,241",-400,-0.70,6.01,338.28,5.85,337.25,11.86,675.53,"106,514.69"
232,25/09/2025,STB,"57,000","57,200","56,900","57,200","56,000","56,352",-100,-0.18,6.59,372.18,2.10,120.85,8.69,493.03,"107,268.77"
233,24/09/2025,STB,"55,400","55,400","57,000","57,000","54,500","55,484","1,600",2.89,6.87,382.46,2.52,141.01,9.38,523.47,"107,457.30"
234,23/09/2025,STB,"54,800","55,200","55,400","55,700","54,500","55,194",600,1.09,5.22,287.98,2.86,158.85,8.07,446.83,"104,440.95"
235,22/09/2025,STB,"55,200","55,500","54,800","55,700","53,600","54,295",-400,-0.72,8.46,459.52,2.51,140.50,10.97,600.03,"103,309.82"
236,19/09/2025,STB,"57,000","57,400","55,200","57,500","55,200","56,132","-1,800",-3.16,14.99,835.06,4.62,266.99,19.61,"1,102.05","104,063.91"
237,18/09/2025,STB,"56,200","56,500","57,000","57,300","55,800","56,594",800,1.42,8.19,464.33,2.37,133.96,10.56,598.29,"107,457.30"
238,17/09/2025,STB,"56,100","56,300","56,200","56,600","55,500","56,035",100,0.18,8.28,464.27,1.09,62.34,9.37,526.61,"105,949.12"
239,16/09/2025,STB,"56,000","56,400","56,100","56,900","55,900","56,261",100,0.18,6.63,372.78,0.27,15.17,6.90,387.94,"105,760.60"
240,15/09/2025,STB,"55,400","55,200","56,000","56,000","54,500","55,267",600,1.08,8.93,493.19,0.10,5.52,9.03,498.71,"105,572.08"
241,12/09/2025,STB,"55,400","55,900","55,400","55,900","55,100","55,484",0,0.00,6.40,354.94,1.60,88.64,8.00,443.58,"104,440.95"
242,11/09/2025,STB,"53,900","54,200","55,400","55,700","52,600","54,169","1,500",2.78,12.85,697.50,0.72,39.06,13.57,736.56,"104,440.95"
243,10/09/2025,STB,"54,200","54,500","53,900","54,900","53,400","54,053",-300,-0.55,7.47,403.81,4.78,265.84,12.25,669.65,"101,613.13"
244,09/09/2025,STB,"54,000","53,900","54,200","54,300","53,100","53,714",200,0.37,6.24,335.47,0.00,0.00,6.24,335.47,"102,178.69"
245,08/09/2025,STB,"56,000","55,700","54,000","56,200","53,900","54,972","-2,000",-3.57,11.40,625.59,3.54,203.56,14.93,829.15,"101,801.65"
246,05/09/2025,STB,"56,400","56,900","56,000","57,100","54,800","56,208",-400,-0.71,11.30,634.15,2.79,161.97,14.09,796.12,"105,572.08"
247,04/09/2025,STB,"56,300","56,700","56,400","56,800","55,700","56,137",100,0.18,7.72,433.56,1.81,104.95,9.53,538.51,"106,326.17"
248,03/09/2025,STB,"55,600","56,000","56,300","56,300","55,200","55,596",700,1.26,7.51,418.36,0.10,5.18,7.61,423.54,"106,137.64"
249,29/08/2025,STB,"54,800","55,200","55,600","55,800","54,300","54,923",800,1.46,13.87,762.41,0.00,0.00,13.87,762.41,"104,817.99"
250,28/08/2025,STB,"55,600","55,900","54,800","56,200","54,400","54,968",-800,-1.44,8.39,461.31,0.19,10.53,8.58,471.85,"103,309.82"
251,27/08/2025,STB,"55,000","55,300","55,600","56,400","54,100","55,439",600,1.09,15.92,882.97,0.54,29.80,16.46,912.77,"104,817.99"
252,26/08/2025,STB,"53,000","52,500","55,000","55,000","52,400","53,640","2,000",3.77,12.29,660.03,3.82,213.92,16.11,873.95,"103,686.86"
253,25/08/2025,STB,"55,500","56,200","53,000","56,500","51,700","53,641","-2,500",-4.50,22.72,"1,218.81",0.00,0.00,22.72,"1,218.81","99,916.43"
254,22/08/2025,STB,"57,800","57,400","55,500","59,100","54,600","56,584","-2,300",-3.98,21.58,"1,219.11",0.28,15.76,21.86,"1,234.88","104,629.47"
255,21/08/2025,STB,"54,100","54,800","57,800","57,800","54,700","56,858","3,700",6.84,26.95,"1,535.82",0.56,31.94,27.51,"1,567.76","108,965.47"
256,20/08/2025,STB,"53,200","53,400","54,100","54,400","51,700","53,325",900,1.69,25.01,"1,332.87",0.00,0.00,25.01,"1,332.87","101,990.17"
257,19/08/2025,STB,"52,800","52,700","53,200","53,900","52,300","53,004",400,0.76,10.62,563.01,0.00,0.00,10.62,563.01,"100,293.48"
258,18/08/2025,STB,"53,900","53,900","52,800","53,900","52,200","52,767","-1,100",-2.04,12.87,679.18,0.13,6.70,13.00,685.88,"99,539.39"
259,15/08/2025,STB,"55,400","55,900","53,900","56,000","53,000","54,198","-1,500",-2.71,13.25,717.71,0.58,31.06,13.82,748.77,"101,613.13"
260,14/08/2025,STB,"53,900","54,300","55,400","56,300","53,700","54,936","1,500",2.78,16.18,889.14,0.00,0.00,16.18,889.14,"104,440.95"
261,13/08/2025,STB,"54,000","54,400","53,900","54,400","52,900","53,438",-100,-0.19,8.81,470.79,1.80,97.49,10.61,568.28,"101,613.13"
262,12/08/2025,STB,"53,700","53,600","54,000","54,800","53,000","53,736",300,0.56,7.09,380.91,0.00,0.00,7.09,380.91,"101,801.65"
263,11/08/2025,STB,"54,000","53,600","53,700","53,800","52,700","53,217",-300,-0.56,11.10,591.24,0.32,17.28,11.42,608.52,"101,236.08"
264,08/08/2025,STB,"54,600","54,400","54,000","54,400","52,500","53,235",-600,-1.10,15.42,821.46,1.52,82.92,16.94,904.39,"101,801.65"
265,07/08/2025,STB,"54,100","54,800","54,600","55,200","52,900","53,710",500,0.92,14.25,765.98,2.68,146.52,16.93,912.50,"102,932.78"
266,06/08/2025,STB,"51,700","52,600","54,100","54,100","52,200","53,251","2,400",4.64,12.20,650.36,0.56,30.07,12.77,680.43,"101,990.17"
267,05/08/2025,STB,"50,000","50,400","51,700","53,500","49,650","51,999","1,700",3.40,34.97,"1,817.78",2.28,112.05,37.25,"1,929.82","97,465.65"
268,04/08/2025,STB,"49,400","48,900","50,000","50,000","48,500","49,141",600,1.21,10.26,504.78,0.00,0.00,10.26,504.78,"94,260.79"
269,01/08/2025,STB,"49,950","50,300","49,400","50,800","49,100","49,751",-550,-1.10,13.98,695.72,0.82,41.05,14.80,736.77,"93,129.66"
270,31/07/2025,STB,"49,300","49,900","49,950","50,700","49,250","49,839",650,1.32,18.16,905.71,0.00,0.00,18.16,905.71,"94,166.53"
271,30/07/2025,STB,"48,000","48,850","49,300","50,300","48,100","49,484","1,300",2.71,17.25,854.50,1.62,80.38,18.87,934.88,"92,941.13"
272,29/07/2025,STB,"49,100","49,100","48,000","50,800","48,000","49,063","-1,100",-2.24,24.14,"1,185.01",0.35,17.06,24.48,"1,202.07","90,490.35"
273,28/07/2025,STB,"48,800","48,800","49,100","49,300","48,350","48,808",300,0.61,15.10,737.16,0.38,18.63,15.48,755.78,"92,564.09"
274,25/07/2025,STB,"49,000","49,450","48,800","49,500","48,800","49,045",-200,-0.41,7.95,389.66,0.00,0.00,7.95,389.66,"91,998.53"
275,24/07/2025,STB,"48,700","48,800","49,000","49,500","48,500","48,968",300,0.62,10.17,498.05,1.30,63.50,11.47,561.55,"92,375.57"
276,23/07/2025,STB,"49,500","49,700","48,700","49,700","48,500","48,920",-800,-1.62,15.21,743.86,0.30,15.17,15.51,759.03,"91,810.01"
277,22/07/2025,STB,"49,500","49,200","49,500","49,500","48,700","49,001",0,0.00,9.54,467.84,0.00,0.00,9.54,467.84,"93,318.18"
278,21/07/2025,STB,"50,200","50,700","49,500","50,800","49,150","49,622",-700,-1.39,10.53,522.22,0.08,3.62,10.60,525.84,"93,318.18"
279,18/07/2025,STB,"47,700","48,000","50,200","50,500","47,400","48,876","2,500",5.24,26.07,"1,272.45",0.04,1.84,26.11,"1,274.29","94,637.83"
280,17/07/2025,STB,"47,800","48,050","47,700","48,400","47,600","47,909",-100,-0.21,9.05,433.57,0.00,0.00,9.05,433.57,"89,924.79"
281,16/07/2025,STB,"47,700","47,800","47,800","48,150","47,250","47,606",100,0.21,9.53,453.61,1.14,54.08,10.66,507.70,"90,113.31"
282,15/07/2025,STB,"47,950","48,200","47,700","49,200","47,700","48,411",-250,-0.52,9.83,475.75,0.00,0.00,9.83,475.75,"89,924.79"
283,14/07/2025,STB,"47,650","47,750","47,950","48,100","47,200","47,530",300,0.63,8.66,411.93,1.17,55.90,9.83,467.83,"90,396.09"
284,11/07/2025,STB,"47,650","47,800","47,650","48,500","47,350","47,941",0,0.00,10.78,516.86,0.18,8.33,10.96,525.19,"89,830.53"
285,10/07/2025,STB,"47,800","47,900","47,650","47,900","47,250","47,412",-150,-0.31,8.38,397.24,0.55,25.38,8.93,422.62,"89,830.53"
286,09/07/2025,STB,"47,650","48,000","47,800","48,100","47,350","47,725",150,0.31,9.78,466.72,1.00,47.74,10.78,514.46,"90,113.31"
287,08/07/2025,STB,"47,550","47,700","47,650","48,050","47,200","47,486",100,0.21,6.02,286.04,0.90,42.76,6.92,328.80,"89,830.53"
288,07/07/2025,STB,"47,050","47,100","47,550","48,500","47,100","47,662",500,1.06,8.25,393.45,2.63,125.06,10.88,518.50,"89,642.01"
289,04/07/2025,STB,"46,650","46,700","47,050","47,200","46,200","46,571",400,0.86,9.44,439.90,1.50,69.89,10.94,509.79,"88,699.40"
290,03/07/2025,STB,"47,550","47,400","46,650","47,700","46,400","47,103",-900,-1.89,14.99,705.13,5.27,247.59,20.26,952.71,"87,945.31"
291,02/07/2025,STB,"46,950","47,300","47,550","48,100","47,000","47,479",600,1.28,9.45,448.81,4.06,188.57,13.50,637.37,"89,642.01"
292,01/07/2025,STB,"46,700","46,800","46,950","46,950","46,450","46,721",250,0.54,6.10,285.34,0.04,1.63,6.14,286.97,"88,510.88"
293,30/06/2025,STB,"46,350","46,600","46,700","47,050","46,350","46,608",350,0.76,6.02,280.66,0.00,0.00,6.02,280.66,"88,039.57"
294,27/06/2025,STB,"46,800","47,050","46,350","47,100","46,350","46,574",-450,-0.96,5.47,254.83,0.32,14.98,5.79,269.80,"87,379.75"
295,26/06/2025,STB,"46,800","47,000","46,800","47,200","46,200","46,455",0,0.00,9.65,448.39,4.00,187.20,13.65,635.59,"88,228.10"
296,25/06/2025,STB,"46,500","46,500","46,800","47,350","46,450","46,907",300,0.65,6.60,309.31,4.32,200.88,10.92,510.19,"88,228.10"
297,24/06/2025,STB,"46,450","46,850","46,500","47,200","46,150","46,562",50,0.11,10.51,489.93,0.68,31.77,11.19,521.70,"87,662.53"
298,23/06/2025,STB,"46,600","46,250","46,450","47,200","46,150","46,539",-150,-0.32,6.60,307.41,0.48,20.75,7.08,328.16,"87,568.27"
299,20/06/2025,STB,"47,150","47,300","46,600","47,500","46,150","46,663",-550,-1.17,10.92,509.75,2.81,127.85,13.73,637.60,"87,851.05"
300,19/06/2025,STB,"47,200","47,200","47,150","47,450","46,700","47,014",-50,-0.11,8.49,399.05,0.00,0.00,8.49,399.05,"88,887.92"
301,18/06/2025,STB,"46,000","46,000","47,200","47,800","45,700","46,990","1,200",2.61,12.88,605.49,0.56,26.09,13.45,631.58,"88,982.18"
302,17/06/2025,STB,"45,500","45,550","46,000","46,400","45,500","45,886",500,1.10,8.80,403.72,0.00,0.00,8.80,403.72,"86,719.92"
303,16/06/2025,STB,"44,900","44,600","45,500","45,500","44,550","45,023",600,1.34,8.04,362.05,0.00,0.00,8.04,362.05,"85,777.32"
304,13/06/2025,STB,"45,000","44,700","44,900","45,200","44,250","44,734",-100,-0.22,13.82,617.86,0.00,0.00,13.82,617.86,"84,646.19"
305,12/06/2025,STB,"42,850","43,200","45,000","45,750","43,200","44,876","2,150",5.02,20.24,900.25,0.00,0.00,20.24,900.25,"84,834.71"
306,11/06/2025,STB,"42,900","43,150","42,850","43,300","42,600","42,957",-50,-0.12,6.73,289.06,1.15,47.49,7.88,336.54,"80,781.49"
307,10/06/2025,STB,"41,950","42,100","42,900","44,000","42,000","43,126",950,2.26,15.15,653.08,0.00,0.00,15.15,653.08,"80,875.75"
308,09/06/2025,STB,"41,750","41,950","41,950","42,200","41,600","41,940",200,0.48,7.23,303.05,3.99,159.78,11.21,462.83,"79,084.80"
309,06/06/2025,STB,"41,350","41,300","41,750","42,450","41,100","41,978",400,0.97,15.99,671.39,8.97,358.53,24.96,"1,029.92","78,707.76"
310,05/06/2025,STB,"41,000","41,000","41,350","41,900","41,000","41,453",350,0.85,10.65,441.82,3.46,138.07,14.11,579.89,"77,953.67"
311,04/06/2025,STB,"41,600","41,700","41,000","41,750","41,000","41,250",-600,-1.44,7.72,319.48,4.30,173.31,12.02,492.79,"77,293.84"
312,03/06/2025,STB,"41,800","41,900","41,600","42,000","41,550","41,765",-200,-0.48,5.97,249.20,3.68,149.10,9.64,398.31,"78,424.97"
313,02/06/2025,STB,"40,700","40,700","41,800","42,200","40,500","41,450","1,100",2.70,11.98,497.22,0.00,0.00,11.98,497.22,"78,802.02"
314,30/05/2025,STB,"41,300","41,350","40,700","41,350","40,550","40,839",-600,-1.45,8.82,360.22,0.22,9.15,9.04,369.37,"76,728.28"
315,29/05/2025,STB,"41,050","41,150","41,300","41,400","40,750","41,077",250,0.61,7.36,302.70,0.00,0.00,7.36,302.70,"77,859.41"
316,28/05/2025,STB,"41,500","41,700","41,050","41,700","41,050","41,250",-450,-1.08,7.82,322.61,0.00,0.00,7.82,322.61,"77,388.11"
317,27/05/2025,STB,"41,550","41,550","41,500","42,100","41,100","41,509",-50,-0.12,8.07,334.96,0.61,24.83,8.67,359.79,"78,236.45"
318,26/05/2025,STB,"41,800","41,500","41,550","41,750","40,300","41,256",-250,-0.60,10.36,427.31,0.00,0.00,10.36,427.31,"78,330.71"
319,23/05/2025,STB,"41,100","41,100","41,800","41,800","40,800","41,246",700,1.70,10.65,439.49,0.04,1.47,10.69,440.95,"78,802.02"
320,22/05/2025,STB,"41,800","41,750","41,100","42,000","41,000","41,583",-700,-1.67,9.15,380.46,4.19,164.47,13.34,544.93,"77,482.37"
321,21/05/2025,STB,"39,500","39,500","41,800","42,250","39,500","41,695","2,300",5.82,39.10,"1,633.49",0.00,0.00,39.10,"1,633.49","78,802.02"
322,20/05/2025,STB,"39,000","39,000","39,500","39,650","39,000","39,383",500,1.28,10.36,408.42,6.12,233.31,16.48,641.73,"74,466.02"
323,19/05/2025,STB,"39,800","39,500","39,000","39,650","38,950","39,264",-800,-2.01,15.04,590.16,3.96,153.64,18.99,743.80,"73,523.41"
324,16/05/2025,STB,"40,700","40,700","39,800","40,750","39,800","40,118",-900,-2.21,8.32,333.69,0.00,0.00,8.32,333.69,"75,031.59"
325,15/05/2025,STB,"40,000","40,200","40,700","41,100","40,050","40,514",700,1.75,18.30,741.80,1.03,41.17,19.33,782.97,"76,728.28"
326,14/05/2025,STB,"40,100","40,200","40,000","40,300","39,700","39,963",-100,-0.25,11.86,474.01,4.75,199.84,16.61,673.85,"75,408.63"
327,13/05/2025,STB,"40,000","40,350","40,100","40,400","39,600","39,809",100,0.25,13.38,532.33,0.00,0.00,13.38,532.33,"75,597.15"
328,12/05/2025,STB,"39,750","39,800","40,000","40,050","39,750","39,953",250,0.63,17.75,709.51,0.00,0.00,17.75,709.51,"75,408.63"
329,09/05/2025,STB,"39,500","39,400","39,750","40,150","39,300","39,784",250,0.63,15.29,608.74,1.94,74.59,17.22,683.33,"74,937.32"
330,08/05/2025,STB,"38,850","38,850","39,500","39,600","38,750","39,239",650,1.67,9.55,374.86,3.98,153.43,13.53,528.29,"74,466.02"
331,07/05/2025,STB,"38,850","38,950","38,850","39,150","38,550","38,927",0,0.00,9.00,350.74,2.35,90.45,11.35,441.18,"73,240.63"
332,06/05/2025,STB,"39,500","39,400","38,850","39,700","38,850","39,470",-650,-1.65,8.14,320.64,3.90,149.96,12.03,470.60,"73,240.63"
333,05/05/2025,STB,"39,100","39,200","39,500","39,650","38,950","39,198",400,1.02,5.17,202.50,2.25,86.91,7.42,289.41,"74,466.02"
334,29/04/2025,STB,"39,250","39,200","39,100","39,400","38,900","39,260",-150,-0.38,4.55,178.70,7.33,288.24,11.88,466.94,"73,711.93"
335,28/04/2025,STB,"39,150","39,250","39,250","39,300","38,750","39,020",100,0.26,9.04,352.89,0.00,0.00,9.04,352.89,"73,994.72"
336,25/04/2025,STB,"40,200","40,200","39,150","40,500","39,150","39,627","-1,050",-2.61,23.65,937.20,5.11,204.78,28.76,"1,141.99","73,806.20"
337,24/04/2025,STB,"40,200","40,200","40,200","40,450","39,500","39,991",0,0.00,13.84,553.35,0.00,0.00,13.84,553.35,"75,785.67"
338,23/04/2025,STB,"40,650","41,050","40,200","41,200","40,150","40,643",-450,-1.11,13.62,553.63,2.56,102.54,16.18,656.17,"75,785.67"
339,22/04/2025,STB,"40,450","40,450","40,650","40,650","37,650","39,231",200,0.49,32.02,"1,256.15",1.48,60.01,33.50,"1,316.16","76,634.02"
340,21/04/2025,STB,"38,550","38,550","40,450","41,200","37,850","39,698","1,900",4.93,34.15,"1,355.55",0.58,22.09,34.72,"1,377.64","76,256.98"
341,18/04/2025,STB,"38,300","38,600","38,550","39,150","38,500","38,828",250,0.65,14.44,560.65,0.00,0.00,14.44,560.65,"72,675.07"
342,17/04/2025,STB,"38,150","38,000","38,300","38,500","37,950","38,162",150,0.39,12.99,495.90,0.20,7.71,13.19,503.61,"72,203.76"
343,16/04/2025,STB,"38,450","38,600","38,150","38,850","38,050","38,428",-300,-0.78,9.92,381.05,0.00,0.00,9.92,381.05,"71,920.98"
344,15/04/2025,STB,"37,800","37,450","38,450","38,450","37,100","37,922",650,1.72,16.84,638.61,0.76,29.46,17.60,668.07,"72,486.54"
345,14/04/2025,STB,"37,850","37,950","37,800","38,500","37,550","37,931",-50,-0.13,12.95,491.22,1.49,56.49,14.44,547.72,"71,261.15"
346,11/04/2025,STB,"35,400","35,400","37,850","37,850","35,400","36,990","2,450",6.92,45.80,"1,694.29",0.00,0.00,45.80,"1,694.29","71,355.41"
347,10/04/2025,STB,"33,100","35,400","35,400","35,400","35,400","35,396","2,300",6.95,0.23,8.18,0.32,11.33,0.55,19.51,"66,736.64"
348,09/04/2025,STB,"34,800","33,000","33,100","36,000","32,400","33,956","-1,700",-4.89,30.89,"1,048.82",0.00,0.00,30.89,"1,048.82","62,400.64"
349,08/04/2025,STB,"37,400","36,000","34,800","36,900","34,800","35,129","-2,600",-6.95,50.38,"1,769.69",5.46,190.01,55.84,"1,959.70","65,605.51"
350,04/04/2025,STB,"36,550","34,100","37,400","37,500","34,100","36,312",850,2.33,38.58,"1,400.97",0.75,27.00,39.33,"1,427.97","70,507.07"
351,03/04/2025,STB,"39,250","38,100","36,550","38,500","36,550","37,226","-2,700",-6.88,90.99,"3,387.23",0.00,0.00,90.99,"3,387.23","68,904.63"
352,02/04/2025,STB,"39,700","39,650","39,250","39,750","39,250","39,521",-450,-1.13,8.16,322.30,0.00,0.00,8.16,322.30,"73,994.72"
353,01/04/2025,STB,"38,300","38,650","39,700","39,700","38,300","38,906","1,400",3.66,12.02,467.82,0.79,30.47,12.81,498.29,"74,843.06"
354,31/03/2025,STB,"38,250","38,000","38,300","38,750","37,950","38,315",50,0.13,7.86,301.11,2.33,88.64,10.18,389.74,"72,203.76"
355,28/03/2025,STB,"38,250","38,250","38,250","38,700","37,950","38,173",0,0.00,6.50,248.16,0.84,31.98,7.34,280.14,"72,109.50"
356,27/03/2025,STB,"38,600","38,400","38,250","38,600","38,150","38,342",-350,-0.91,5.29,202.71,0.00,0.00,5.29,202.71,"72,109.50"
357,26/03/2025,STB,"38,650","38,650","38,600","39,200","38,450","38,892",-50,-0.13,10.41,404.95,1.74,65.31,12.15,470.26,"72,769.33"
358,25/03/2025,STB,"38,600","38,750","38,650","38,800","38,350","38,588",50,0.13,5.56,214.54,0.00,0.00,5.56,214.54,"72,863.59"
359,24/03/2025,STB,"38,650","38,700","38,600","38,700","37,900","38,315",-50,-0.13,9.21,352.83,0.79,30.46,9.99,383.29,"72,769.33"
360,21/03/2025,STB,"38,900","38,950","38,650","39,000","38,350","38,644",-250,-0.64,6.53,252.32,0.32,12.48,6.85,264.80,"72,863.59"
361,20/03/2025,STB,"38,400","38,400","38,900","39,000","38,100","38,587",500,1.30,8.97,346.31,0.08,2.89,9.05,349.20,"73,334.89"
362,19/03/2025,STB,"38,400","38,400","38,400","38,600","37,900","38,204",0,0.00,12.16,464.70,0.25,9.60,12.41,474.30,"72,392.28"
363,18/03/2025,STB,"38,850","38,950","38,400","39,100","38,400","38,666",-450,-1.16,6.63,256.27,0.22,8.55,6.85,264.82,"72,392.28"
364,17/03/2025,STB,"38,850","39,000","38,850","39,200","38,500","38,938",0,0.00,5.68,221.07,1.80,69.84,7.48,290.91,"73,240.63"
365,14/03/2025,STB,"39,000","38,800","38,850","39,050","38,350","38,678",-150,-0.38,12.60,487.16,0.00,0.00,12.60,487.16,"73,240.63"
366,13/03/2025,STB,"39,750","39,650","39,000","39,700","38,950","39,198",-750,-1.89,16.11,631.38,0.00,0.00,16.11,631.38,"73,523.41"
367,12/03/2025,STB,"39,900","40,000","39,750","40,050","39,300","39,702",-150,-0.38,10.91,433.08,1.40,59.89,12.31,492.97,"74,937.32"
368,11/03/2025,STB,"40,000","39,400","39,900","39,900","39,400","39,722",-100,-0.25,5.69,225.91,0.01,0.40,5.70,226.30,"75,220.11"
369,10/03/2025,STB,"39,750","40,000","40,000","40,300","39,200","39,725",250,0.63,15.04,597.35,1.10,43.73,16.14,641.07,"75,408.63"
370,07/03/2025,STB,"39,500","39,650","39,750","39,900","39,400","39,670",250,0.63,11.66,462.71,0.00,0.00,11.66,462.71,"74,937.32"
371,06/03/2025,STB,"38,800","38,850","39,500","39,550","38,750","39,207",700,1.80,7.51,294.61,2.15,81.83,9.66,376.44,"74,466.02"
372,05/03/2025,STB,"39,200","39,300","38,800","39,700","38,800","39,265",-400,-1.02,9.61,377.20,2.25,86.15,11.86,463.35,"73,146.37"
373,04/03/2025,STB,"38,850","38,650","39,200","39,400","38,500","38,987",350,0.90,9.15,356.77,0.00,0.00,9.15,356.77,"73,900.46"
374,03/03/2025,STB,"38,250","38,350","38,850","38,850","38,350","38,587",600,1.57,5.44,210.09,4.05,150.02,9.49,360.11,"73,240.63"
375,28/02/2025,STB,"38,300","38,250","38,250","38,700","38,250","38,374",-50,-0.13,5.60,214.97,0.00,0.00,5.60,214.97,"72,109.50"
376,27/02/2025,STB,"38,550","38,550","38,300","38,650","38,100","38,273",-250,-0.65,12.86,492.36,0.00,0.00,12.86,492.36,"72,203.76"
377,26/02/2025,STB,"39,250","39,250","38,550","39,350","38,550","38,776",-700,-1.78,15.15,587.43,0.00,0.00,15.15,587.43,"72,675.07"
378,25/02/2025,STB,"39,400","39,500","39,250","39,700","39,250","39,383",-150,-0.38,6.15,242.15,0.35,13.41,6.49,255.56,"73,994.72"
379,24/02/2025,STB,"38,850","38,850","39,400","39,600","38,700","39,201",550,1.42,7.26,284.65,0.00,0.00,7.26,284.65,"74,277.50"
380,21/02/2025,STB,"38,750","38,750","38,850","38,950","38,300","38,608",100,0.26,8.17,315.43,0.18,6.66,8.35,322.09,"73,240.63"
381,20/02/2025,STB,"38,750","38,900","38,750","39,050","38,550","38,792",0,0.00,7.04,273.16,0.00,0.00,7.04,273.16,"73,052.11"
382,19/02/2025,STB,"38,650","38,650","38,750","39,100","38,500","38,836",100,0.26,7.48,290.42,0.30,11.60,7.78,302.01,"73,052.11"
383,18/02/2025,STB,"38,300","38,300","38,650","39,150","38,150","38,662",350,0.91,8.04,310.92,0.00,0.00,8.04,310.92,"72,863.59"
384,17/02/2025,STB,"38,250","38,250","38,300","38,500","38,100","38,292",50,0.13,6.09,233.13,0.38,13.52,6.47,246.65,"72,203.76"
385,14/02/2025,STB,"38,800","39,300","38,250","39,300","38,250","38,663",-550,-1.42,8.01,309.57,0.30,10.69,8.30,320.26,"72,109.50"
386,13/02/2025,STB,"38,650","38,500","38,800","38,800","38,400","38,642",150,0.39,4.74,183.23,0.15,5.62,4.89,188.85,"73,146.37"
387,12/02/2025,STB,"38,500","38,500","38,650","38,850","38,300","38,639",150,0.39,8.55,330.52,0.02,0.82,8.57,331.34,"72,863.59"
388,11/02/2025,STB,"38,450","38,400","38,500","38,700","38,150","38,402",50,0.13,5.51,211.72,1.65,63.65,7.16,275.37,"72,580.81"
389,10/02/2025,STB,"37,450","37,400","38,450","38,850","37,200","38,329","1,000",2.67,21.13,809.83,3.28,122.84,24.41,932.66,"72,486.54"
390,07/02/2025,STB,"37,350","37,350","37,450","38,100","37,200","37,648",100,0.27,11.95,449.83,0.00,0.00,11.95,449.83,"70,601.33"
391,06/02/2025,STB,"37,250","37,500","37,350","37,850","37,300","37,592",100,0.27,8.27,310.83,1.36,51.59,9.63,362.42,"70,412.81"
392,05/02/2025,STB,"37,300","37,450","37,250","37,500","37,000","37,219",-50,-0.13,5.28,196.49,0.00,0.00,5.28,196.49,"70,224.29"
393,04/02/2025,STB,"36,550","36,700","37,300","37,800","36,650","37,260",750,2.05,12.65,471.33,5.29,195.17,17.93,666.51,"70,318.55"
394,03/02/2025,STB,"37,000","36,800","36,550","36,900","36,300","36,533",-450,-1.22,9.00,328.82,0.00,0.00,9.00,328.82,"68,904.63"
395,24/01/2025,STB,"37,000","37,300","37,000","37,350","36,900","37,063",0,0.00,4.82,178.58,0.43,15.91,5.25,194.49,"69,752.98"
396,23/01/2025,STB,"36,350","36,650","37,000","37,550","36,450","37,098",650,1.79,10.16,376.74,3.00,109.83,13.16,486.57,"69,752.98"
397,22/01/2025,STB,"36,050","36,200","36,350","36,650","36,150","36,435",300,0.83,7.60,276.99,4.06,148.19,11.66,425.18,"68,527.59"
398,21/01/2025,STB,"35,950","36,450","36,050","36,450","35,900","36,090",100,0.28,5.40,194.74,0.30,10.82,5.70,205.56,"67,962.03"
399,20/01/2025,STB,"35,750","35,850","35,950","36,350","35,750","36,040",200,0.56,6.36,229.18,0.00,0.00,6.36,229.18,"67,773.50"
400,17/01/2025,STB,"35,450","35,400","35,750","35,800","35,150","35,453",300,0.85,5.72,202.64,1.08,38.99,6.80,241.63,"67,396.46"
401,16/01/2025,STB,"35,100","35,400","35,450","35,800","35,050","35,344",350,1.00,9.55,337.47,0.00,0.00,9.55,337.47,"66,830.90"
402,15/01/2025,STB,"35,400","35,400","35,100","35,450","35,100","35,213",-300,-0.85,6.98,245.71,0.00,0.00,6.98,245.71,"66,171.07"
403,14/01/2025,STB,"35,300","35,300","35,400","35,400","34,900","35,117",100,0.28,4.41,154.96,3.51,124.90,7.92,279.86,"66,736.64"
404,13/01/2025,STB,"35,200","35,000","35,300","35,350","34,700","34,991",100,0.28,8.38,293.32,1.03,36.26,9.41,329.57,"66,548.11"
405,10/01/2025,STB,"36,400","36,400","35,200","36,550","35,200","35,747","-1,200",-3.30,15.56,556.24,1.10,40.04,16.66,596.28,"66,359.59"
406,09/01/2025,STB,"36,700","36,800","36,400","36,900","36,400","36,586",-300,-0.82,5.59,204.64,0.00,0.00,5.59,204.64,"68,621.85"
407,08/01/2025,STB,"36,900","36,700","36,700","36,900","36,500","36,706",-200,-0.54,6.07,222.95,0.00,0.00,6.07,222.95,"69,187.42"
408,07/01/2025,STB,"36,250","36,450","36,900","37,050","36,350","36,744",650,1.79,7.38,271.07,3.23,117.08,10.61,388.15,"69,564.46"
409,06/01/2025,STB,"36,100","36,100","36,250","36,600","36,050","36,312",150,0.42,9.58,348.01,0.00,0.00,9.58,348.01,"68,339.07"
410,03/01/2025,STB,"37,000","36,950","36,100","36,950","36,100","36,443",-900,-2.43,8.64,314.96,0.00,0.00,8.64,314.96,"68,056.29"
411,02/01/2025,STB,"36,900","36,950","37,000","37,200","36,600","36,867",100,0.27,5.96,219.62,11.60,434.80,17.56,654.42,"69,752.98"
412,31/12/2024,STB,"37,850","37,550","36,900","37,550","36,900","37,017",-950,-2.51,9.39,347.53,0.29,10.87,9.68,358.40,"69,564.46"
413,30/12/2024,STB,"37,400","37,350","37,850","37,850","36,800","37,312",450,1.20,10.63,396.70,1.30,49.40,11.93,446.10,"71,355.41"
414,27/12/2024,STB,"37,100","37,200","37,400","37,400","36,900","37,185",300,0.81,11.15,414.45,10.82,404.75,21.97,819.20,"70,507.07"
415,26/12/2024,STB,"36,250","36,450","37,100","37,400","36,350","36,921",850,2.34,16.44,607.06,0.00,0.00,16.44,607.06,"69,941.50"
416,25/12/2024,STB,"34,700","34,800","36,250","36,500","34,750","35,817","1,550",4.47,24.38,873.11,4.00,139.27,28.37,"1,012.38","68,339.07"
417,24/12/2024,STB,"34,500","34,550","34,700","34,750","34,350","34,560",200,0.58,6.48,224.11,2.44,84.57,8.93,308.68,"65,416.99"
418,23/12/2024,STB,"33,850","34,150","34,500","35,000","34,100","34,619",650,1.92,10.90,377.31,9.00,312.70,19.90,690.01,"65,039.94"
419,20/12/2024,STB,"33,900","33,750","33,850","33,950","33,500","33,684",-50,-0.15,7.58,255.29,4.60,161.32,12.18,416.61,"63,814.55"
420,19/12/2024,STB,"34,200","33,800","33,900","34,000","33,550","33,796",-300,-0.88,8.68,293.22,7.60,262.86,16.28,556.08,"63,908.81"
421,18/12/2024,STB,"34,100","34,100","34,200","34,200","33,850","34,012",100,0.29,4.85,164.99,4.60,161.00,9.45,325.99,"64,474.38"
422,17/12/2024,STB,"34,100","34,100","34,100","34,200","33,850","33,998",0,0.00,3.70,125.92,4.11,143.64,7.82,269.56,"64,285.86"
423,16/12/2024,STB,"34,000","34,000","34,100","34,100","33,850","34,007",100,0.29,4.50,153.12,2.00,68.00,6.50,221.12,"64,285.86"
424,13/12/2024,STB,"33,800","33,800","34,000","34,200","33,550","33,946",200,0.59,7.64,259.50,1.80,63.00,9.44,322.50,"64,097.33"
425,12/12/2024,STB,"33,650","33,650","33,800","34,100","33,650","33,887",150,0.45,4.83,163.54,0.33,11.10,5.16,174.64,"63,720.29"
426,11/12/2024,STB,"33,500","33,800","33,650","33,900","33,500","33,707",150,0.45,5.18,174.67,5.91,199.84,11.09,374.51,"63,437.51"
427,10/12/2024,STB,"34,000","34,050","33,500","34,200","33,500","33,881",-500,-1.47,5.67,192.15,4.40,156.40,10.07,348.55,"63,154.73"
428,09/12/2024,STB,"33,800","33,700","34,000","34,100","33,600","33,889",200,0.59,5.82,197.23,12.42,424.45,18.24,621.68,"64,097.33"
429,06/12/2024,STB,"33,950","33,900","33,800","33,950","33,600","33,762",-150,-0.44,5.02,169.35,12.84,440.19,17.86,609.54,"63,720.29"
430,05/12/2024,STB,"32,400","32,350","33,950","34,000","32,250","33,252","1,550",4.78,13.20,438.88,2.31,75.86,15.50,514.74,"64,003.07"
431,04/12/2024,STB,"32,600","32,550","32,400","32,600","32,150","32,351",-200,-0.61,5.78,187.01,1.37,46.85,7.15,233.85,"61,080.99"
432,03/12/2024,STB,"33,100","33,150","32,600","33,150","32,600","32,753",-500,-1.51,8.72,285.45,3.58,120.02,12.29,405.48,"61,458.03"
433,02/12/2024,STB,"33,300","33,400","33,100","33,400","32,850","33,080",-200,-0.60,5.22,172.75,0.15,5.18,5.37,177.93,"62,400.64"
434,29/11/2024,STB,"33,150","33,050","33,300","33,300","32,800","33,065",150,0.45,6.63,219.09,4.67,154.98,11.29,374.07,"62,777.68"
435,28/11/2024,STB,"33,200","33,200","33,150","33,600","32,950","33,248",-50,-0.15,8.50,282.73,1.18,39.98,9.68,322.71,"62,494.90"
436,27/11/2024,STB,"33,200","33,100","33,200","33,300","32,800","32,978",0,0.00,5.20,171.36,1.33,43.46,6.52,214.82,"62,589.16"
437,26/11/2024,STB,"32,850","33,000","33,200","33,350","32,950","33,169",350,1.07,6.13,203.22,1.18,39.98,7.30,243.20,"62,589.16"
438,25/11/2024,STB,"32,650","32,700","32,850","33,150","32,650","32,970",200,0.61,5.08,167.56,4.15,135.86,9.23,303.42,"61,929.34"
439,22/11/2024,STB,"33,050","33,000","32,650","33,150","32,600","32,835",-400,-1.21,5.61,184.22,4.20,143.64,9.81,327.86,"61,552.29"
440,21/11/2024,STB,"32,400","32,400","33,050","33,050","32,250","32,738",650,2.01,8.03,262.77,6.30,210.72,14.33,473.50,"62,306.38"
441,20/11/2024,STB,"31,950","31,700","32,400","32,750","31,300","32,194",450,1.41,8.58,276.09,0.20,6.47,8.78,282.56,"61,080.99"
442,19/11/2024,STB,"32,600","32,600","31,950","32,600","31,750","32,067",-650,-1.99,7.27,233.18,0.35,11.38,7.62,244.56,"60,232.64"
443,18/11/2024,STB,"32,400","32,550","32,600","32,700","31,900","32,278",200,0.62,10.15,327.62,0.12,3.89,10.27,331.51,"61,458.03"
444,15/11/2024,STB,"32,500","32,400","32,400","32,850","32,200","32,509",-100,-0.31,12.22,397.14,0.00,0.00,12.22,397.14,"61,080.99"
445,14/11/2024,STB,"33,400","33,550","32,500","33,550","32,500","32,824",-900,-2.69,9.00,295.58,0.35,12.25,9.35,307.83,"61,269.51"
446,13/11/2024,STB,"33,550","33,500","33,400","33,500","32,400","32,999",-150,-0.45,15.01,495.20,0.50,17.46,15.51,512.65,"62,966.20"
447,12/11/2024,STB,"33,800","33,800","33,550","33,900","33,250","33,498",-250,-0.74,14.61,489.53,0.00,0.00,14.61,489.53,"63,248.99"
448,11/11/2024,STB,"35,500","35,400","33,800","35,550","33,400","33,989","-1,700",-4.79,32.89,"1,118.00",0.30,10.35,33.19,"1,128.35","63,720.29"
449,08/11/2024,STB,"35,600","35,850","35,500","36,000","35,000","35,490",-100,-0.28,9.41,334.08,3.54,128.92,12.95,463.00,"66,925.16"
450,07/11/2024,STB,"35,500","35,600","35,600","35,800","35,400","35,568",100,0.28,8.23,292.79,0.35,11.90,8.58,304.69,"67,113.68"
451,06/11/2024,STB,"34,850","35,000","35,500","35,500","34,800","35,151",650,1.87,6.93,243.74,0.00,0.00,6.93,243.74,"66,925.16"
452,05/11/2024,STB,"34,900","34,850","34,850","35,300","34,850","34,980",-50,-0.14,6.85,239.71,3.70,133.36,10.55,373.08,"65,699.77"
453,04/11/2024,STB,"35,000","35,000","34,900","35,350","34,650","35,044",-100,-0.29,11.34,397.36,0.00,0.00,11.34,397.36,"65,794.03"
454,01/11/2024,STB,"35,200","35,000","35,000","35,250","34,950","35,094",-200,-0.57,9.11,319.77,4.41,157.95,13.52,477.73,"65,982.55"
455,31/10/2024,STB,"34,800","34,800","35,200","35,700","34,600","35,282",400,1.15,17.76,626.78,0.68,24.13,18.45,650.91,"66,359.59"
456,30/10/2024,STB,"34,050","34,200","34,800","35,200","33,950","34,594",750,2.20,17.10,591.44,0.00,0.00,17.10,591.44,"65,605.51"
457,29/10/2024,STB,"33,750","33,850","34,050","34,300","33,800","34,095",300,0.89,10.11,344.74,1.70,61.37,11.81,406.10,"64,191.60"
458,28/10/2024,STB,"33,450","33,300","33,750","34,100","33,300","33,759",300,0.90,11.42,385.65,0.00,0.00,11.42,385.65,"63,626.03"
459,25/10/2024,STB,"33,400","33,650","33,450","34,000","33,300","33,575",50,0.15,19.67,660.54,0.00,0.00,19.67,660.54,"63,060.47"
460,24/10/2024,STB,"35,800","35,800","33,400","35,800","33,400","34,461","-2,400",-6.70,32.16,"1,108.19",0.50,17.22,32.66,"1,125.40","62,966.20"
461,23/10/2024,STB,"35,000","35,100","35,800","35,800","34,650","35,287",800,2.29,12.10,426.87,0.40,14.12,12.50,440.99,"67,490.72"
462,22/10/2024,STB,"35,250","35,250","35,000","35,900","34,900","35,344",-250,-0.71,17.68,624.91,0.09,3.06,17.77,627.97,"65,982.55"
463,21/10/2024,STB,"35,550","35,650","35,250","36,100","35,250","35,658",-300,-0.84,13.54,482.74,0.00,0.00,13.54,482.74,"66,453.85"
464,18/10/2024,STB,"34,600","35,100","35,550","36,450","34,700","35,374",950,2.75,32.87,"1,162.69",0.09,3.06,32.95,"1,165.74","67,019.42"
465,17/10/2024,STB,"33,600","33,700","34,600","34,600","33,250","33,805","1,000",2.98,27.21,919.81,9.80,321.58,37.01,"1,241.39","65,228.46"
466,16/10/2024,STB,"33,700","33,650","33,600","33,750","33,150","33,443",-100,-0.30,18.41,615.66,0.25,8.30,18.66,623.96,"63,343.25"
467,15/10/2024,STB,"33,900","33,950","33,700","34,200","33,600","33,837",-200,-0.59,12.43,420.43,0.00,0.00,12.43,420.43,"63,531.77"
468,14/10/2024,STB,"33,800","34,100","33,900","34,200","33,600","33,912",100,0.30,12.93,438.56,0.02,0.68,12.95,439.23,"63,908.81"
469,11/10/2024,STB,"33,600","33,650","33,800","33,800","33,400","33,544",200,0.60,7.70,258.37,0.41,14.31,8.11,272.68,"63,720.29"
470,10/10/2024,STB,"34,150","34,500","33,600","34,800","33,600","34,147",-550,-1.61,20.75,708.49,0.00,0.00,20.75,708.49,"63,343.25"
471,09/10/2024,STB,"33,700","33,700","34,150","34,300","33,600","33,978",450,1.34,17.69,600.96,0.00,0.00,17.69,600.96,"64,380.12"
472,08/10/2024,STB,"33,800","33,850","33,700","34,200","33,550","33,824",-100,-0.30,13.91,470.47,0.00,0.00,13.91,470.47,"63,531.77"
473,07/10/2024,STB,"33,100","33,400","33,800","34,150","33,350","33,726",700,2.11,14.76,497.68,0.00,0.00,14.76,497.68,"63,720.29"
474,04/10/2024,STB,"33,750","33,700","33,100","33,800","33,100","33,390",-650,-1.93,14.35,479.06,0.04,1.36,14.39,480.42,"62,400.64"
475,03/10/2024,STB,"33,550","33,550","33,750","34,200","33,550","33,922",200,0.60,19.07,647.03,0.03,0.84,19.10,647.87,"63,626.03"
476,02/10/2024,STB,"33,500","33,500","33,550","33,900","33,400","33,671",50,0.15,11.38,383.28,2.73,90.53,14.11,473.81,"63,248.99"
477,01/10/2024,STB,"33,350","33,400","33,500","34,400","33,400","33,899",150,0.45,16.26,551.15,4.23,131.61,20.49,682.76,"63,154.73"
478,30/09/2024,STB,"33,600","33,550","33,350","33,650","33,200","33,383",-250,-0.74,12.43,415.03,0.00,0.00,12.43,415.03,"62,871.94"
479,27/09/2024,STB,"32,750","32,900","33,600","33,650","32,800","33,178",850,2.60,22.05,731.48,1.06,32.38,23.11,763.86,"63,343.25"
480,26/09/2024,STB,"32,700","32,800","32,750","33,200","32,600","33,013",50,0.15,25.84,853.01,0.03,0.95,25.87,853.96,"61,740.81"
481,25/09/2024,STB,"31,850","32,000","32,700","32,700","31,850","32,164",850,2.67,28.61,920.35,0.50,15.63,29.12,935.98,"61,646.55"
482,24/09/2024,STB,"30,800","30,850","31,850","32,050","30,800","31,436","1,050",3.41,24.84,780.85,6.10,175.25,30.94,956.10,"60,044.12"
483,23/09/2024,STB,"30,850","30,900","30,800","31,300","30,800","30,942",-50,-0.16,6.04,186.81,0.07,2.24,6.11,189.05,"58,064.64"
484,20/09/2024,STB,"30,500","30,700","30,850","31,300","30,600","31,002",350,1.15,23.26,721.07,0.08,2.29,23.33,723.36,"58,158.90"
485,19/09/2024,STB,"30,250","30,350","30,500","30,600","30,300","30,455",250,0.83,7.19,218.84,0.00,0.00,7.19,218.84,"57,499.08"
486,18/09/2024,STB,"29,850","29,850","30,250","30,600","29,800","30,256",400,1.34,14.76,446.73,0.45,12.97,15.21,459.70,"57,027.78"
487,17/09/2024,STB,"29,550","29,650","29,850","29,850","29,450","29,658",300,1.02,5.76,170.78,3.60,106.92,9.36,277.70,"56,273.69"
488,16/09/2024,STB,"29,800","29,800","29,550","29,900","29,550","29,685",-250,-0.84,4.88,144.82,0.00,0.00,4.88,144.82,"55,708.12"
489,13/09/2024,STB,"29,700","29,700","29,800","29,950","29,550","29,745",100,0.34,6.16,183.19,3.60,106.92,9.76,290.11,"56,179.43"
490,12/09/2024,STB,"29,600","29,650","29,700","29,800","29,550","29,673",100,0.34,5.85,173.67,0.13,3.77,5.98,177.44,"55,990.91"
491,11/09/2024,STB,"29,200","29,150","29,600","29,700","29,100","29,425",400,1.37,6.36,187.09,0.00,0.00,6.36,187.09,"55,802.39"
492,10/09/2024,STB,"29,500","29,700","29,200","29,750","29,150","29,406",-300,-1.02,7.77,228.54,0.00,0.00,7.77,228.54,"55,048.30"
493,09/09/2024,STB,"29,900","29,650","29,500","29,750","29,500","29,602",-400,-1.34,4.19,124.14,0.00,0.00,4.19,124.14,"55,613.86"
494,06/09/2024,STB,"29,600","29,550","29,900","29,900","29,500","29,657",300,1.01,8.55,253.57,0.00,0.00,8.55,253.57,"56,367.95"
495,05/09/2024,STB,"30,100","30,100","29,600","30,150","29,400","29,791",-500,-1.66,10.46,311.54,0.00,0.00,10.46,311.54,"55,802.39"
496,04/09/2024,STB,"30,550","30,400","30,100","30,400","29,950","30,135",-450,-1.47,9.43,284.28,0.10,2.85,9.53,287.13,"56,744.99"
497,30/08/2024,STB,"30,450","30,550","30,550","30,650","30,350","30,494",100,0.33,5.08,154.90,0.00,0.00,5.08,154.90,"57,593.34"
498,29/08/2024,STB,"29,550","29,650","30,450","30,900","29,650","30,533",900,3.05,25.19,769.25,0.30,8.61,25.49,777.86,"57,404.82"
499,28/08/2024,STB,"29,600","29,700","29,550","29,850","29,550","29,626",-50,-0.17,4.66,137.93,0.02,0.60,4.68,138.53,"55,708.12"
500,27/08/2024,STB,"29,750","29,750","29,600","29,850","29,600","29,690",-150,-0.50,4.25,126.03,0.00,0.00,4.25,126.03,"55,802.39"
501,26/08/2024,STB,"29,950","30,050","29,750","30,200","29,750","29,913",-200,-0.67,7.70,230.37,0.00,0.00,7.70,230.37,"56,085.17"
502,23/08/2024,STB,"29,900","29,900","29,950","30,000","29,650","29,847",50,0.17,5.88,175.40,0.00,0.00,5.88,175.40,"56,462.21"
503,22/08/2024,STB,"29,950","30,000","29,900","30,050","29,800","29,898",-50,-0.17,4.94,147.71,0.00,0.00,4.94,147.71,"56,367.95"
504,21/08/2024,STB,"29,650","29,650","29,950","29,950","29,400","29,681",300,1.01,8.88,263.60,0.20,5.87,9.08,269.47,"56,462.21"
505,20/08/2024,STB,"29,650","29,650","29,650","29,800","29,500","29,638",0,0.00,6.41,190.08,0.07,1.99,6.48,192.07,"55,896.65"
506,19/08/2024,STB,"29,350","29,500","29,650","29,700","29,350","29,535",300,1.02,5.99,176.98,0.20,5.87,6.19,182.85,"55,896.65"
507,16/08/2024,STB,"28,950","28,950","29,350","29,450","28,950","29,276",400,1.38,8.29,242.81,0.03,0.86,8.32,243.67,"55,331.08"
508,15/08/2024,STB,"29,200","29,200","28,950","29,300","28,750","28,954",-250,-0.86,3.73,108.02,0.19,5.40,3.92,113.42,"54,576.99"
509,14/08/2024,STB,"29,150","29,250","29,200","29,400","29,200","29,298",50,0.17,5.87,171.88,0.00,0.00,5.87,171.88,"55,048.30"
510,13/08/2024,STB,"29,200","29,200","29,150","29,500","29,150","29,311",-50,-0.17,7.06,206.93,0.00,0.00,7.06,206.93,"54,954.04"
511,12/08/2024,STB,"28,850","28,850","29,200","29,350","28,600","29,153",350,1.21,9.70,282.83,0.00,0.00,9.70,282.83,"55,048.30"
512,09/08/2024,STB,"28,250","28,650","28,850","28,950","28,200","28,608",600,2.12,9.93,283.94,0.02,0.57,9.95,284.51,"54,388.47"
513,08/08/2024,STB,"28,400","28,050","28,250","28,600","28,000","28,261",-150,-0.53,5.94,167.99,0.00,0.00,5.94,167.99,"53,257.34"
514,07/08/2024,STB,"28,400","28,400","28,400","28,500","27,900","28,225",0,0.00,7.96,224.60,0.00,0.00,7.96,224.60,"53,540.13"
515,06/08/2024,STB,"27,200","27,550","28,400","28,450","27,300","27,938","1,200",4.41,8.95,249.91,1.37,35.69,10.31,285.60,"53,540.13"
516,05/08/2024,STB,"28,400","28,200","27,200","28,400","27,000","27,814","-1,200",-4.23,21.03,584.90,0.02,0.58,21.05,585.48,"51,277.87"
517,02/08/2024,STB,"28,050","28,000","28,400","28,550","27,950","28,258",350,1.25,10.78,304.73,0.00,0.00,10.78,304.73,"53,540.13"
518,01/08/2024,STB,"29,000","29,000","28,050","29,250","28,050","28,664",-950,-3.28,12.00,343.92,0.00,0.00,12.00,343.92,"52,880.30"
519,31/07/2024,STB,"28,900","29,000","29,000","29,250","28,850","29,045",100,0.35,6.03,175.21,0.00,0.00,6.03,175.21,"54,671.26"
520,30/07/2024,STB,"29,100","29,050","28,900","29,150","28,800","28,950",-200,-0.69,4.46,129.06,0.00,0.00,4.46,129.06,"54,482.73"
521,29/07/2024,STB,"29,100","29,200","29,100","29,400","28,800","29,083",0,0.00,5.95,172.98,0.00,0.00,5.95,172.98,"54,859.78"
522,26/07/2024,STB,"28,800","28,800","29,100","29,100","28,750","28,962",300,1.04,5.37,155.42,0.00,0.00,5.37,155.42,"54,859.78"
523,25/07/2024,STB,"29,200","29,150","28,800","29,150","28,600","28,825",-400,-1.37,8.57,247.06,0.16,4.65,8.73,251.70,"54,294.21"
524,24/07/2024,STB,"29,000","29,000","29,200","29,450","28,600","29,018",200,0.69,12.41,360.19,0.00,0.00,12.41,360.19,"55,048.30"
525,23/07/2024,STB,"30,000","30,100","29,000","30,300","29,000","29,634","-1,000",-3.33,11.98,355.15,0.00,0.00,11.98,355.15,"54,671.26"
526,22/07/2024,STB,"30,300","30,300","30,000","30,600","29,900","30,151",-300,-0.99,10.81,325.90,11.84,333.77,22.64,659.67,"56,556.47"
527,19/07/2024,STB,"30,600","30,550","30,300","30,850","30,150","30,432",-300,-0.98,8.14,247.72,0.05,1.53,8.19,249.25,"57,122.04"
528,18/07/2024,STB,"30,400","30,400","30,600","30,600","29,950","30,293",200,0.66,10.72,324.72,11.14,315.16,21.86,639.88,"57,687.60"
529,17/07/2024,STB,"29,900","30,100","30,400","31,200","29,950","30,527",500,1.67,25.06,764.96,0.00,0.00,25.06,764.96,"57,310.56"
530,16/07/2024,STB,"29,750","29,750","29,900","30,200","29,750","30,024",150,0.50,7.82,234.69,0.00,0.00,7.82,234.69,"56,367.95"
531,15/07/2024,STB,"29,750","29,800","29,750","29,950","29,600","29,745",0,0.00,3.66,108.85,11.14,315.16,14.80,424.01,"56,085.17"
532,12/07/2024,STB,"29,850","30,000","29,750","30,150","29,700","29,912",-100,-0.34,8.72,260.74,1.06,31.45,9.77,292.19,"56,085.17"
533,11/07/2024,STB,"29,850","30,000","29,850","30,150","29,850","29,967",0,0.00,5.41,162.19,11.14,319.73,16.55,481.92,"56,273.69"
534,10/07/2024,STB,"30,350","30,350","29,850","30,450","29,850","30,116",-500,-1.65,7.90,237.81,0.00,0.00,7.90,237.81,"56,273.69"
535,09/07/2024,STB,"30,150","30,150","30,350","30,400","29,950","30,203",200,0.66,11.04,333.59,0.92,27.61,11.96,361.20,"57,216.30"
536,08/07/2024,STB,"30,100","30,000","30,150","30,300","29,750","30,060",50,0.17,11.71,352.07,11.14,318.50,22.85,670.57,"56,839.25"
537,05/07/2024,STB,"29,900","29,900","30,100","30,150","29,600","29,930",200,0.67,6.50,194.55,0.00,0.00,6.50,194.55,"56,744.99"
538,04/07/2024,STB,"29,900","29,900","29,900","29,950","29,600","29,805",0,0.00,4.39,130.72,0.13,3.98,4.52,134.69,"56,367.95"
539,03/07/2024,STB,"29,600","29,550","29,900","30,100","29,550","29,802",300,1.01,6.48,193.26,0.00,0.00,6.48,193.26,"56,367.95"
540,02/07/2024,STB,"29,300","29,350","29,600","29,750","29,250","29,556",300,1.02,5.43,160.54,0.00,0.00,5.43,160.54,"55,802.39"
541,01/07/2024,STB,"28,800","29,000","29,300","29,350","28,800","29,062",500,1.74,5.21,151.48,0.00,0.00,5.21,151.48,"55,236.82"
542,28/06/2024,STB,"29,200","29,050","28,800","29,400","28,800","29,069",-400,-1.37,9.18,266.92,1.10,32.14,10.28,299.06,"54,294.21"
543,27/06/2024,STB,"29,500","29,300","29,200","29,500","29,100","29,260",-300,-1.02,6.44,188.31,0.40,12.00,6.84,200.31,"55,048.30"
544,26/06/2024,STB,"29,600","29,400","29,500","29,650","28,950","29,228",-100,-0.34,14.57,425.91,0.05,1.66,14.63,427.57,"55,613.86"
545,25/06/2024,STB,"29,500","29,700","29,600","29,800","29,250","29,508",100,0.34,11.20,330.47,0.25,7.66,11.45,338.13,"55,802.39"
546,24/06/2024,STB,"30,650","30,650","29,500","30,750","29,400","29,921","-1,150",-3.75,20.29,607.20,0.05,1.56,20.35,608.76,"55,613.86"
547,21/06/2024,STB,"30,750","30,700","30,650","31,350","30,450","30,862",-100,-0.33,11.45,353.49,0.34,10.05,11.79,363.54,"57,781.86"
548,20/06/2024,STB,"30,900","31,100","30,750","31,100","30,000","30,488",-150,-0.49,21.30,649.36,3.00,91.50,24.30,740.86,"57,970.38"
549,19/06/2024,STB,"30,550","30,600","30,900","31,200","30,450","30,837",350,1.15,13.61,419.54,0.00,0.00,13.61,419.54,"58,253.17"
550,18/06/2024,STB,"30,500","30,550","30,550","31,150","30,550","30,898",50,0.16,11.58,357.79,0.00,0.00,11.58,357.79,"57,593.34"
551,17/06/2024,STB,"30,550","30,400","30,500","30,800","30,250","30,522",-50,-0.16,14.51,442.79,0.22,6.82,14.73,449.61,"57,499.08"
552,14/06/2024,STB,"31,650","31,650","30,550","31,900","30,550","31,091","-1,100",-3.48,15.87,493.28,0.05,1.60,15.92,494.87,"57,593.34"
553,13/06/2024,STB,"31,350","31,500","31,650","31,900","31,250","31,582",300,0.96,19.84,626.66,0.00,0.00,19.84,626.66,"59,667.08"
554,12/06/2024,STB,"31,200","31,250","31,350","31,350","30,900","31,148",150,0.48,10.81,336.67,0.50,15.50,11.31,352.17,"59,101.51"
555,11/06/2024,STB,"31,100","31,200","31,200","31,350","30,700","30,993",100,0.32,14.06,435.89,0.00,0.00,14.06,435.89,"58,818.73"
556,10/06/2024,STB,"30,750","31,200","31,100","31,700","31,050","31,374",350,1.14,14.94,468.80,0.30,8.61,15.24,477.41,"58,630.21"
557,07/06/2024,STB,"30,700","30,700","30,750","31,100","30,700","30,881",50,0.16,12.98,400.94,0.00,0.00,12.98,400.94,"57,970.38"
558,06/06/2024,STB,"29,600","29,950","30,700","31,100","29,650","30,592","1,100",3.72,31.38,959.96,0.00,0.00,31.38,959.96,"57,876.12"
559,05/06/2024,STB,"29,950","30,000","29,600","30,400","29,600","30,035",-350,-1.17,15.30,459.38,0.00,0.00,15.30,459.38,"55,802.39"
560,04/06/2024,STB,"29,750","30,500","29,950","30,600","29,850","30,126",200,0.67,20.23,609.52,3.39,102.02,23.62,711.54,"56,462.21"
561,03/06/2024,STB,"27,850","28,100","29,750","29,750","28,100","29,280","1,900",6.82,28.58,836.84,0.41,11.35,28.99,848.19,"56,085.17"
562,31/05/2024,STB,"27,850","28,050","27,850","28,200","27,800","27,954",0,0.00,5.57,155.65,0.00,0.00,5.57,155.65,"52,503.26"
563,30/05/2024,STB,"28,250","28,000","27,850","28,250","27,600","27,945",-400,-1.42,16.00,447.17,0.00,0.00,16.00,447.17,"52,503.26"
564,29/05/2024,STB,"28,850","28,900","28,250","28,900","28,250","28,523",-600,-2.08,10.81,308.30,0.00,0.00,10.81,308.30,"53,257.34"
565,28/05/2024,STB,"28,700","28,800","28,850","29,000","28,600","28,758",150,0.52,9.01,259.18,0.00,0.00,9.01,259.18,"54,388.47"
566,27/05/2024,STB,"28,700","28,800","28,700","28,950","28,350","28,592",0,0.00,6.56,187.68,0.00,0.00,6.56,187.68,"54,105.69"
567,24/05/2024,STB,"28,550","28,450","28,700","29,250","28,300","28,822",150,0.53,28.34,816.86,0.00,0.00,28.34,816.86,"54,105.69"
568,23/05/2024,STB,"28,000","27,900","28,550","28,550","27,700","28,058",550,1.96,10.71,300.51,0.00,0.00,10.71,300.51,"53,822.91"
569,22/05/2024,STB,"28,300","28,300","28,000","28,400","27,950","28,124",-300,-1.06,7.85,220.87,0.00,0.00,7.85,220.87,"52,786.04"
570,21/05/2024,STB,"28,300","28,300","28,300","28,450","27,850","28,155",0,0.00,9.96,280.47,0.16,4.35,10.12,284.82,"53,351.60"
571,20/05/2024,STB,"28,500","28,750","28,300","28,750","28,200","28,458",-200,-0.70,10.16,289.26,0.00,0.00,10.16,289.26,"53,351.60"
572,17/05/2024,STB,"28,400","28,500","28,500","28,550","28,300","28,450",100,0.35,7.14,203.09,0.14,3.92,7.28,207.02,"53,728.65"
573,16/05/2024,STB,"27,800","28,100","28,400","28,650","28,100","28,435",600,2.16,16.79,477.45,0.00,0.00,16.79,477.45,"53,540.13"
574,15/05/2024,STB,"27,250","27,350","27,800","27,900","27,300","27,663",550,2.02,9.80,271.14,0.14,3.92,9.94,275.06,"52,409.00"
575,14/05/2024,STB,"27,250","27,300","27,250","27,550","27,200","27,317",0,0.00,7.43,202.93,0.03,0.76,7.46,203.69,"51,372.13"
576,13/05/2024,STB,"27,600","27,700","27,250","27,700","27,200","27,469",-350,-1.27,7.86,215.95,0.81,22.44,8.67,238.39,"51,372.13"
577,10/05/2024,STB,"27,800","27,900","27,600","28,000","27,600","27,715",-200,-0.72,6.90,191.33,0.10,2.78,7.00,194.11,"52,031.95"
578,09/05/2024,STB,"27,950","28,000","27,800","28,150","27,800","27,931",-150,-0.54,7.55,210.95,0.03,0.71,7.58,211.65,"52,409.00"
579,08/05/2024,STB,"28,300","28,300","27,950","28,350","27,850","28,049",-350,-1.24,9.18,257.46,0.10,2.79,9.28,260.25,"52,691.78"
580,07/05/2024,STB,"28,100","28,150","28,300","28,350","28,100","28,243",200,0.71,8.56,241.78,0.03,0.71,8.59,242.48,"53,351.60"
581,06/05/2024,STB,"27,550","27,950","28,100","28,150","27,650","27,984",550,2.00,8.81,246.54,0.10,2.80,8.91,249.34,"52,974.56"
582,03/05/2024,STB,"27,600","27,800","27,550","28,050","27,500","27,697",-50,-0.18,8.85,245.16,0.00,0.00,8.85,245.16,"51,937.69"
583,02/05/2024,STB,"28,200","28,350","27,600","28,350","27,500","27,821",-600,-2.13,10.05,279.72,0.00,0.00,10.05,279.72,"52,031.95"
584,26/04/2024,STB,"28,450","28,250","28,200","28,950","28,100","28,523",-250,-0.88,11.93,340.35,0.00,0.00,11.93,340.35,"53,163.08"
585,25/04/2024,STB,"28,600","28,600","28,450","28,650","28,200","28,385",-150,-0.52,9.38,266.25,0.80,22.08,10.18,288.33,"53,634.39"
586,24/04/2024,STB,"27,800","27,900","28,600","28,600","27,800","28,356",800,2.88,13.99,396.76,0.00,0.00,13.99,396.76,"53,917.17"
587,23/04/2024,STB,"27,650","27,550","27,800","28,150","27,550","27,860",150,0.54,18.40,512.65,0.00,0.00,18.40,512.65,"52,409.00"
588,22/04/2024,STB,"26,800","27,400","27,650","28,150","27,100","27,650",850,3.17,13.42,371.13,0.00,0.00,13.42,371.13,"52,126.21"
589,19/04/2024,STB,"26,800","26,400","26,800","28,000","26,150","26,698",0,0.00,23.05,615.45,0.00,0.00,23.05,615.45,"50,523.78"
590,17/04/2024,STB,"27,300","27,600","26,800","27,600","26,800","27,165",-500,-1.83,12.96,352.09,0.02,0.58,12.98,352.68,"50,523.78"
591,16/04/2024,STB,"27,500","27,650","27,300","27,800","27,200","27,558",-200,-0.73,22.65,624.23,0.00,0.00,22.65,624.23,"51,466.39"
592,15/04/2024,STB,"29,100","29,000","27,500","29,400","27,500","28,555","-1,600",-5.50,24.34,694.98,0.00,0.00,24.34,694.98,"51,843.43"
593,12/04/2024,STB,"28,850","29,100","29,100","29,400","28,900","29,153",250,0.87,15.45,450.27,0.77,20.67,16.22,470.94,"54,859.78"
594,11/04/2024,STB,"29,100","28,900","28,850","29,100","28,750","28,949",-250,-0.86,10.46,302.89,0.00,0.00,10.46,302.89,"54,388.47"
595,10/04/2024,STB,"29,150","29,300","29,100","29,450","29,100","29,294",-50,-0.17,14.93,437.38,0.00,0.00,14.93,437.38,"54,859.78"
596,09/04/2024,STB,"29,000","29,000","29,150","29,250","28,700","28,956",150,0.52,17.95,519.78,0.02,0.60,17.97,520.38,"54,954.04"
597,08/04/2024,STB,"29,600","29,300","29,000","29,450","28,950","29,145",-600,-2.03,26.85,782.65,0.04,1.02,26.89,783.67,"54,671.26"
598,05/04/2024,STB,"29,700","29,500","29,600","29,850","29,150","29,505",-100,-0.34,25.46,751.11,0.02,0.60,25.48,751.71,"55,802.39"
599,04/04/2024,STB,"30,100","30,100","29,700","30,200","29,650","29,866",-400,-1.33,30.27,904.08,0.00,0.00,30.27,904.08,"55,990.91"
600,03/04/2024,STB,"30,200","30,500","30,100","30,800","30,100","30,386",-100,-0.33,26.96,819.14,3.40,102.00,30.36,921.14,"56,744.99"
601,02/04/2024,STB,"31,400","30,500","30,200","30,950","29,600","30,115","-1,200",-3.82,105.09,"3,164.76",0.00,0.00,105.09,"3,164.76","56,933.51"
602,01/04/2024,STB,"31,600","31,500","31,400","31,700","31,050","31,332",-200,-0.63,24.13,756.09,0.08,2.50,24.21,758.59,"59,195.77"
603,29/03/2024,STB,"32,000","32,250","31,600","32,600","31,600","32,093",-400,-1.25,34.57,"1,109.57",0.05,1.40,34.62,"1,110.97","59,572.82"
604,28/03/2024,STB,"30,900","31,200","32,000","32,000","30,800","31,354","1,100",3.56,32.00,"1,003.27",0.07,2.02,32.07,"1,005.29","60,326.90"
605,27/03/2024,STB,"31,000","31,000","30,900","31,200","30,650","30,884",-100,-0.32,15.10,466.26,0.17,5.60,15.27,471.87,"58,253.17"
606,26/03/2024,STB,"30,850","30,800","31,000","31,000","30,750","30,863",150,0.49,19.27,594.74,0.10,2.97,19.37,597.71,"58,441.69"
607,25/03/2024,STB,"31,650","31,600","30,850","31,700","30,800","31,183",-800,-2.53,25.05,781.07,0.25,7.80,25.30,788.87,"58,158.90"
608,22/03/2024,STB,"31,500","31,650","31,650","32,400","31,550","31,980",150,0.48,32.81,"1,049.09",0.24,7.54,33.04,"1,056.63","59,667.08"
609,21/03/2024,STB,"31,150","31,250","31,500","31,500","31,100","31,285",350,1.12,15.68,491.01,0.24,7.31,15.92,498.31,"59,384.30"
610,20/03/2024,STB,"30,400","30,400","31,150","31,250","30,150","30,824",750,2.47,28.15,867.56,0.19,5.48,28.33,873.04,"58,724.47"
611,19/03/2024,STB,"30,250","30,300","30,400","30,550","29,900","30,215",150,0.50,13.16,397.61,0.09,2.41,13.24,400.02,"57,310.56"
612,18/03/2024,STB,"30,500","30,500","30,250","30,700","29,700","30,170",-250,-0.82,26.18,789.99,0.02,0.57,26.20,790.57,"57,027.78"
613,15/03/2024,STB,"30,450","30,450","30,500","30,750","30,200","30,444",50,0.16,17.49,532.61,0.00,0.00,17.49,532.61,"57,499.08"
614,14/03/2024,STB,"30,850","30,900","30,450","30,950","30,400","30,650",-400,-1.30,15.81,484.64,0.43,13.17,16.24,497.81,"57,404.82"
615,13/03/2024,STB,"30,250","30,300","30,850","30,850","30,150","30,414",600,1.98,16.47,500.80,0.00,0.00,16.47,500.80,"58,158.90"
616,12/03/2024,STB,"30,200","30,100","30,250","30,550","30,100","30,312",50,0.17,13.20,399.97,0.10,2.87,13.29,402.84,"57,027.78"
617,11/03/2024,STB,"30,650","30,600","30,200","30,700","30,100","30,394",-450,-1.47,20.14,612.06,0.42,11.85,20.55,623.91,"56,933.51"
618,08/03/2024,STB,"31,300","31,350","30,650","31,500","30,600","30,837",-650,-2.08,34.89,"1,075.76",0.03,0.78,34.91,"1,076.54","57,781.86"
619,07/03/2024,STB,"31,550","31,550","31,300","31,600","31,150","31,309",-250,-0.79,17.42,545.49,0.00,0.00,17.42,545.49,"59,007.25"
620,06/03/2024,STB,"31,900","31,800","31,550","32,150","31,350","31,718",-350,-1.10,18.42,584.19,0.21,6.61,18.63,590.80,"59,478.56"
621,05/03/2024,STB,"31,750","31,750","31,900","31,950","31,550","31,755",150,0.47,12.35,392.25,0.12,3.92,12.48,396.17,"60,138.38"
622,04/03/2024,STB,"31,950","32,100","31,750","32,200","31,650","31,911",-200,-0.63,17.16,547.52,0.05,1.50,17.21,549.02,"59,855.60"
623,01/03/2024,STB,"31,550","31,750","31,950","32,200","31,700","31,978",400,1.27,27.19,869.49,0.00,0.00,27.19,869.49,"60,232.64"
624,29/02/2024,STB,"31,400","31,600","31,550","31,800","31,100","31,426",150,0.48,23.71,745.23,0.00,0.00,23.71,745.23,"59,478.56"
625,28/02/2024,STB,"30,750","30,850","31,400","31,500","30,750","31,173",650,2.11,28.48,887.96,0.00,0.00,28.48,887.96,"59,195.77"
626,27/02/2024,STB,"30,500","30,600","30,750","30,850","30,350","30,639",250,0.82,15.45,473.42,0.00,0.00,15.45,473.42,"57,970.38"
627,26/02/2024,STB,"30,650","30,650","30,500","30,750","30,150","30,343",-150,-0.49,24.76,751.40,0.00,0.00,24.76,751.40,"57,499.08"
628,23/02/2024,STB,"31,050","31,150","30,650","31,550","30,650","31,162",-400,-1.29,33.55,"1,045.53",0.00,0.00,33.55,"1,045.53","57,781.86"
629,22/02/2024,STB,"31,500","31,400","31,050","31,500","31,000","31,158",-450,-1.43,15.53,483.76,0.00,0.00,15.53,483.76,"58,535.95"
630,21/02/2024,STB,"30,700","31,000","31,500","32,000","30,850","31,618",800,2.61,44.46,"1,405.85",1.22,37.30,45.68,"1,443.15","59,384.30"
631,20/02/2024,STB,"30,700","30,700","30,700","31,050","30,550","30,769",0,0.00,16.16,497.19,0.16,4.91,16.32,502.10,"57,876.12"
632,19/02/2024,STB,"30,800","30,950","30,700","30,950","30,450","30,669",-100,-0.32,15.78,483.98,0.49,15.18,16.27,499.16,"57,876.12"
633,16/02/2024,STB,"31,250","31,300","30,800","31,400","30,750","30,990",-450,-1.44,20.79,644.42,0.09,2.80,20.88,647.22,"58,064.64"
634,15/02/2024,STB,"31,100","31,200","31,250","31,700","31,000","31,337",150,0.48,17.19,538.63,0.00,0.00,17.19,538.63,"58,912.99"
635,07/02/2024,STB,"30,800","30,750","31,100","31,200","30,750","31,081",300,0.97,12.20,379.26,0.00,0.00,12.20,379.26,"58,630.21"
636,06/02/2024,STB,"30,600","30,800","30,800","31,100","30,700","30,896",200,0.65,13.44,415.18,1.94,58.03,15.37,473.21,"58,064.64"
637,05/02/2024,STB,"29,900","30,000","30,600","30,850","29,850","30,440",700,2.34,20.32,618.42,0.00,0.00,20.32,618.42,"57,687.60"
638,02/02/2024,STB,"29,800","29,950","29,900","30,150","29,750","29,869",100,0.34,10.08,301.10,0.62,18.69,10.70,319.79,"56,367.95"
639,01/02/2024,STB,"29,900","29,900","29,800","30,150","29,700","29,866",-100,-0.33,10.67,318.79,0.93,28.06,11.60,346.85,"56,179.43"
640,31/01/2024,STB,"30,700","30,750","29,900","30,900","29,800","30,123",-800,-2.61,34.44,"1,037.33",0.02,0.59,34.46,"1,037.91","56,367.95"
641,30/01/2024,STB,"30,350","30,350","30,700","30,700","30,300","30,517",350,1.15,11.43,348.88,0.38,11.25,11.81,360.13,"57,876.12"
642,29/01/2024,STB,"30,300","30,300","30,350","30,650","30,300","30,461",50,0.17,8.94,272.17,0.00,0.00,8.94,272.17,"57,216.30"
643,26/01/2024,STB,"30,500","30,700","30,300","30,700","30,200","30,407",-200,-0.66,15.14,460.33,2.35,72.20,17.49,532.53,"57,122.04"
644,25/01/2024,STB,"30,750","31,000","30,500","31,000","30,300","30,579",-250,-0.81,17.45,533.49,0.00,0.00,17.45,533.49,"57,499.08"
645,24/01/2024,STB,"30,500","30,450","30,750","31,250","30,400","30,853",250,0.82,24.68,761.40,1.00,31.12,25.68,792.52,"57,970.38"
646,23/01/2024,STB,"30,250","30,350","30,500","30,700","30,250","30,422",250,0.83,17.93,545.37,2.00,61.80,19.93,607.17,"57,499.08"
647,22/01/2024,STB,"30,300","30,500","30,250","30,600","30,150","30,275",-50,-0.17,13.40,405.68,0.43,13.03,13.83,418.71,"57,027.78"
648,19/01/2024,STB,"29,800","30,000","30,300","30,300","29,950","30,182",500,1.68,19.38,585.01,0.00,0.00,19.38,585.01,"57,122.04"
649,18/01/2024,STB,"29,700","29,750","29,800","30,250","29,650","29,915",100,0.34,14.26,426.66,0.50,14.73,14.76,441.39,"56,179.43"
650,17/01/2024,STB,"29,900","29,900","29,700","30,050","29,700","29,832",-200,-0.67,15.24,454.63,0.00,0.00,15.24,454.63,"55,990.91"
651,16/01/2024,STB,"29,800","29,750","29,900","29,900","29,600","29,743",100,0.34,13.16,391.53,0.16,4.65,13.32,396.17,"56,367.95"
652,15/01/2024,STB,"29,900","30,100","29,800","30,250","29,700","29,972",-100,-0.33,13.06,391.36,0.21,6.28,13.27,397.64,"56,179.43"
653,12/01/2024,STB,"29,500","29,300","29,900","30,150","29,100","29,690",400,1.36,41.15,"1,221.60",0.00,0.00,41.15,"1,221.60","56,367.95"
654,11/01/2024,STB,"29,450","29,700","29,500","29,950","29,200","29,600",50,0.17,24.45,723.71,0.10,2.87,24.55,726.58,"55,613.86"
655,10/01/2024,STB,"29,200","29,100","29,450","29,800","29,100","29,519",250,0.86,25.10,740.99,0.00,0.00,25.10,740.99,"55,519.60"
656,09/01/2024,STB,"29,200","29,200","29,200","29,500","29,100","29,315",0,0.00,16.76,491.34,0.00,0.00,16.76,491.34,"55,048.30"
657,08/01/2024,STB,"29,300","29,600","29,200","29,650","29,000","29,294",-100,-0.34,15.85,464.41,0.54,14.85,16.39,479.26,"55,048.30"
658,05/01/2024,STB,"28,600","29,000","29,300","29,450","28,850","29,179",700,2.45,31.29,913.05,0.00,0.00,31.29,913.05,"55,236.82"
659,04/01/2024,STB,"28,500","28,600","28,600","29,550","28,500","28,860",100,0.35,31.41,906.62,0.07,1.86,31.48,908.48,"53,917.17"
660,03/01/2024,STB,"27,750","27,750","28,500","28,500","27,600","28,103",750,2.70,19.99,561.79,0.10,2.80,20.09,564.59,"53,728.65"
661,02/01/2024,STB,"27,950","28,000","27,750","28,150","27,750","27,935",-200,-0.72,14.81,413.81,0.00,0.00,14.81,413.81,"52,314.74"
662,29/12/2023,STB,"27,600","27,650","27,950","28,100","27,600","27,939",350,1.27,16.01,447.45,0.38,11.34,16.40,458.79,"52,691.78"
663,28/12/2023,STB,"27,400","27,450","27,600","27,800","27,350","27,522",200,0.73,10.41,286.44,0.37,10.26,10.78,296.69,"52,031.95"
664,27/12/2023,STB,"27,500","27,500","27,400","27,650","27,350","27,499",-100,-0.36,10.69,293.83,0.59,16.23,11.28,310.06,"51,654.91"
665,26/12/2023,STB,"27,500","27,600","27,500","27,600","27,150","27,328",0,0.00,13.85,378.42,0.05,1.28,13.90,379.70,"51,843.43"
666,25/12/2023,STB,"27,200","27,250","27,500","27,800","27,250","27,603",300,1.10,12.75,351.97,0.35,9.17,13.10,361.14,"51,843.43"
667,22/12/2023,STB,"26,600","26,600","27,200","27,450","26,300","26,999",600,2.26,22.25,600.76,1.58,39.18,23.83,639.94,"51,277.87"
668,21/12/2023,STB,"26,950","26,750","26,600","26,850","26,500","26,648",-350,-1.30,10.02,266.98,0.37,10.41,10.39,277.39,"50,146.74"
669,20/12/2023,STB,"26,600","26,700","26,950","26,950","26,450","26,677",350,1.32,8.22,219.21,1.58,44.87,9.80,264.09,"50,806.56"
670,19/12/2023,STB,"26,300","26,300","26,600","26,600","25,850","26,240",300,1.14,18.26,479.14,0.15,4.24,18.41,483.37,"50,146.74"
671,18/12/2023,STB,"27,100","27,100","26,300","27,200","26,300","26,669",-800,-2.95,21.73,579.49,0.00,0.00,21.73,579.49,"49,581.17"
672,15/12/2023,STB,"27,100","27,100","27,100","27,450","27,050","27,231",0,0.00,12.86,350.15,0.00,0.00,12.86,350.15,"51,089.35"
673,14/12/2023,STB,"27,450","27,700","27,100","27,750","27,100","27,363",-350,-1.28,14.27,390.34,0.00,0.00,14.27,390.34,"51,089.35"
674,13/12/2023,STB,"28,000","28,000","27,450","28,200","27,450","27,732",-550,-1.96,20.64,572.35,0.00,0.00,20.64,572.35,"51,749.17"
675,12/12/2023,STB,"27,850","27,950","28,000","28,100","27,800","27,949",150,0.54,6.95,194.34,0.00,0.00,6.95,194.34,"52,786.04"
676,11/12/2023,STB,"28,200","28,300","27,850","28,400","27,850","27,990",-350,-1.24,14.35,401.52,0.00,0.00,14.35,401.52,"52,503.26"
677,08/12/2023,STB,"28,550","28,700","28,200","28,850","28,200","28,506",-350,-1.23,14.68,418.43,0.00,0.00,14.68,418.43,"53,163.08"
678,07/12/2023,STB,"28,100","28,300","28,550","28,950","28,050","28,504",450,1.60,29.26,834.10,0.00,0.00,29.26,834.10,"53,822.91"
679,06/12/2023,STB,"27,800","27,700","28,100","28,100","27,700","27,916",300,1.08,14.18,395.74,0.00,0.00,14.18,395.74,"52,974.56"
680,05/12/2023,STB,"28,200","28,150","27,800","28,300","27,800","28,027",-400,-1.42,12.59,352.84,0.91,25.03,13.50,377.87,"52,409.00"
681,04/12/2023,STB,"27,500","27,600","28,200","28,350","27,550","28,080",700,2.55,19.61,550.79,0.00,0.00,19.61,550.79,"53,163.08"
682,01/12/2023,STB,"27,500","27,500","27,500","27,650","27,050","27,354",0,0.00,13.64,372.97,0.91,25.03,14.55,397.99,"51,843.43"
683,30/11/2023,STB,"27,800","27,800","27,500","28,100","27,500","27,803",-300,-1.08,13.61,378.35,0.00,0.00,13.61,378.35,"51,843.43"
684,29/11/2023,STB,"28,150","28,050","27,800","28,250","27,800","27,988",-350,-1.24,12.03,336.68,0.00,0.00,12.03,336.68,"52,409.00"
685,28/11/2023,STB,"27,400","27,500","28,150","28,150","26,850","27,373",750,2.74,17.25,472.25,0.00,0.00,17.25,472.25,"53,068.82"
686,27/11/2023,STB,"28,300","28,200","27,400","28,200","27,400","27,621",-900,-3.18,19.83,547.68,0.08,2.11,19.91,549.79,"51,654.91"
687,24/11/2023,STB,"28,200","28,400","28,300","28,400","27,500","27,881",100,0.35,23.86,665.32,0.00,0.00,23.86,665.32,"53,351.60"
688,23/11/2023,STB,"29,100","29,150","28,200","29,300","28,200","28,801",-900,-3.09,16.58,477.40,0.00,0.00,16.58,477.40,"53,163.08"
689,22/11/2023,STB,"29,300","29,300","29,100","29,450","28,750","29,033",-200,-0.68,19.08,553.97,0.20,5.45,19.28,559.42,"54,859.78"
690,21/11/2023,STB,"29,200","29,550","29,300","29,600","29,100","29,302",100,0.34,7.02,205.74,0.04,1.13,7.06,206.87,"55,236.82"
691,20/11/2023,STB,"29,350","28,700","29,200","29,450","28,700","29,027",-150,-0.51,16.24,471.42,1.80,54.00,18.04,525.42,"55,048.30"
692,17/11/2023,STB,"30,200","30,250","29,350","30,400","29,050","29,609",-850,-2.81,22.16,656.29,0.15,4.27,22.31,660.56,"55,331.08"
693,16/11/2023,STB,"30,000","29,900","30,200","30,200","29,750","29,909",200,0.67,9.78,292.61,1.83,54.95,11.61,347.57,"56,933.51"
694,15/11/2023,STB,"30,000","30,600","30,000","30,700","29,800","30,315",0,0.00,16.57,502.23,5.68,167.37,22.25,669.60,"56,556.47"
695,14/11/2023,STB,"29,250","29,600","30,000","30,450","29,500","29,983",750,2.56,18.57,556.67,2.00,60.30,20.57,616.97,"56,556.47"
696,13/11/2023,STB,"29,500","29,500","29,250","29,600","29,000","29,350",-250,-0.85,15.89,466.45,7.32,216.11,23.21,682.56,"55,142.56"
697,10/11/2023,STB,"29,650","29,400","29,500","30,000","29,250","29,602",-150,-0.51,13.74,406.73,2.00,59.84,15.74,466.57,"55,613.86"
698,09/11/2023,STB,"30,000","30,050","29,650","30,300","29,650","29,898",-350,-1.17,22.23,664.55,1.25,37.69,23.48,702.24,"55,896.65"
699,08/11/2023,STB,"29,000","28,900","30,000","30,100","28,750","29,524","1,000",3.45,20.91,617.25,0.00,0.00,20.91,617.25,"56,556.47"
700,07/11/2023,STB,"29,450","29,150","29,000","29,300","28,900","29,072",-450,-1.53,11.14,324.01,0.00,0.00,11.14,324.01,"54,671.26"
701,06/11/2023,STB,"28,500","28,650","29,450","29,500","28,600","29,097",950,3.33,26.75,778.23,1.00,29.50,27.75,807.73,"55,519.60"
702,03/11/2023,STB,"29,000","29,200","28,500","29,200","28,400","28,689",-500,-1.72,18.86,540.99,0.23,6.70,19.09,547.69,"53,728.65"
703,02/11/2023,STB,"27,650","27,950","29,000","29,050","27,900","28,488","1,350",4.88,15.52,442.18,0.05,1.30,15.57,443.48,"54,671.26"
704,01/11/2023,STB,"27,000","27,500","27,650","27,700","27,100","27,394",650,2.41,8.56,234.38,0.00,0.00,8.56,234.38,"52,126.21"
705,31/10/2023,STB,"27,000","27,100","27,000","27,550","26,550","26,943",0,0.00,28.00,754.35,0.00,0.00,28.00,754.35,"50,900.82"
706,30/10/2023,STB,"28,700","28,750","27,000","28,800","27,000","27,884","-1,700",-5.92,21.27,593.14,0.60,17.67,21.87,610.81,"50,900.82"
707,27/10/2023,STB,"28,100","28,550","28,700","29,250","28,150","28,592",600,2.14,16.88,482.60,1.00,28.78,17.88,511.38,"54,105.69"
708,26/10/2023,STB,"29,550","29,000","28,100","29,200","27,700","28,260","-1,450",-4.91,40.84,"1,154.05",1.02,30.10,41.86,"1,184.15","52,974.56"
709,25/10/2023,STB,"30,000","30,000","29,550","30,200","29,550","29,896",-450,-1.50,8.07,241.40,1.00,30.30,9.07,271.70,"55,708.12"
710,24/10/2023,STB,"29,700","30,000","30,000","30,200","29,750","29,968",300,1.01,11.93,357.55,0.02,0.55,11.95,358.10,"56,556.47"
711,23/10/2023,STB,"30,100","29,800","29,700","30,100","29,400","29,662",-400,-1.33,13.70,406.43,2.00,60.20,15.70,466.63,"55,990.91"
712,20/10/2023,STB,"29,000","29,000","30,100","30,300","28,850","29,541","1,100",3.79,18.95,559.91,1.50,44.25,20.45,604.16,"56,744.99"
713,19/10/2023,STB,"29,700","29,500","29,000","29,900","28,950","29,247",-700,-2.36,20.42,597.27,2.00,59.40,22.42,656.67,"54,671.26"
714,18/10/2023,STB,"30,000","30,100","29,700","30,300","29,350","29,825",-300,-1.00,20.15,600.91,2.00,60.24,22.15,661.15,"55,990.91"
715,17/10/2023,STB,"30,200","30,450","30,000","30,700","30,000","30,267",-200,-0.66,11.77,356.25,4.00,121.80,15.77,478.05,"56,556.47"
716,16/10/2023,STB,"31,500","31,400","30,200","31,450","30,200","30,634","-1,300",-4.13,25.87,792.54,0.00,0.00,25.87,792.54,"56,933.51"
717,13/10/2023,STB,"31,600","31,200","31,500","31,600","31,000","31,265",-100,-0.32,11.31,353.57,0.00,0.00,11.31,353.57,"59,384.30"
718,12/10/2023,STB,"31,750","31,950","31,600","31,950","31,300","31,633",-150,-0.47,8.16,258.14,0.00,0.00,8.16,258.14,"59,572.82"
719,11/10/2023,STB,"31,250","31,250","31,750","31,800","31,150","31,440",500,1.60,8.37,263.28,0.00,0.00,8.37,263.28,"59,855.60"
720,10/10/2023,STB,"31,200","31,350","31,250","31,650","31,250","31,488",50,0.16,11.51,362.32,2.63,82.12,14.14,444.44,"58,912.99"
721,09/10/2023,STB,"30,950","30,950","31,200","31,300","30,600","30,987",250,0.81,9.20,285.08,0.06,1.73,9.26,286.81,"58,818.73"
722,06/10/2023,STB,"29,900","29,850","30,950","30,950","29,650","30,356","1,050",3.51,13.11,397.91,0.03,0.84,13.14,398.75,"58,347.43"
723,05/10/2023,STB,"30,200","30,100","29,900","30,350","29,850","30,038",-300,-0.99,10.31,309.65,0.00,0.00,10.31,309.65,"56,367.95"
724,04/10/2023,STB,"29,200","28,900","30,200","30,600","28,850","29,797","1,000",3.42,20.42,608.43,0.79,21.61,21.20,630.04,"56,933.51"
725,03/10/2023,STB,"30,850","30,650","29,200","30,650","29,050","29,655","-1,650",-5.35,33.38,989.91,0.04,1.25,33.42,991.16,"55,048.30"
726,02/10/2023,STB,"30,650","30,750","30,850","31,100","30,600","30,849",200,0.65,10.89,335.79,1.53,49.82,12.42,385.61,"58,158.90"
727,29/09/2023,STB,"30,750","31,000","30,650","31,250","30,650","30,862",-100,-0.33,12.28,379.00,0.00,0.00,12.28,379.00,"57,781.86"
728,28/09/2023,STB,"31,800","31,700","30,750","31,700","30,450","30,848","-1,050",-3.30,29.42,907.51,0.00,0.00,29.42,907.51,"57,970.38"
729,27/09/2023,STB,"31,350","31,500","31,800","31,800","30,550","31,262",450,1.44,19.34,604.63,3.85,123.02,23.19,727.65,"59,949.86"
730,26/09/2023,STB,"31,650","31,950","31,350","32,200","31,350","31,705",-300,-0.95,17.06,540.78,0.02,0.64,17.08,541.42,"59,101.51"
731,25/09/2023,STB,"32,900","32,800","31,650","33,150","31,400","32,181","-1,250",-3.80,25.66,825.85,6.58,214.20,32.25,"1,040.06","59,667.08"
732,22/09/2023,STB,"32,350","32,000","32,900","33,000","31,350","32,123",550,1.70,35.95,"1,154.70",0.00,0.00,35.95,"1,154.70","62,023.60"
733,21/09/2023,STB,"33,250","33,200","32,350","33,700","32,350","32,954",-900,-2.71,31.02,"1,022.22",0.03,1.00,31.05,"1,023.21","60,986.73"
734,20/09/2023,STB,"33,300","33,300","33,250","33,550","33,200","33,311",-50,-0.15,10.59,352.75,0.00,0.00,10.59,352.75,"62,683.42"
735,19/09/2023,STB,"32,600","32,700","33,300","33,600","32,650","33,205",700,2.15,33.67,"1,117.99",0.00,0.00,33.67,"1,117.99","62,777.68"
736,18/09/2023,STB,"32,500","32,300","32,600","33,050","32,300","32,676",100,0.31,15.20,496.54,0.00,0.00,15.20,496.54,"61,458.03"
737,15/09/2023,STB,"31,800","32,300","32,500","33,150","32,100","32,713",700,2.20,34.14,"1,116.71",0.96,28.80,35.10,"1,145.51","61,269.51"
738,14/09/2023,STB,"31,950","32,000","31,800","32,450","31,800","32,098",-150,-0.47,14.94,479.57,0.00,0.00,14.94,479.57,"59,949.86"
739,13/09/2023,STB,"32,350","32,500","31,950","32,550","31,850","32,268",-400,-1.24,17.04,549.77,0.00,0.00,17.04,549.77,"60,232.64"
740,12/09/2023,STB,"31,600","31,800","32,350","32,350","31,350","31,796",750,2.37,14.34,455.87,0.40,11.82,14.74,467.69,"60,986.73"
741,11/09/2023,STB,"32,500","32,700","31,600","32,700","31,550","32,060",-900,-2.77,32.70,"1,048.35",0.00,0.00,32.70,"1,048.35","59,572.82"
742,08/09/2023,STB,"33,000","32,800","32,500","32,950","32,500","32,739",-500,-1.52,18.55,607.21,0.76,25.08,19.31,632.29,"61,269.51"
743,07/09/2023,STB,"33,050","33,000","33,000","33,250","32,650","33,001",-50,-0.15,20.73,684.09,0.82,26.93,21.55,711.02,"62,212.12"
744,06/09/2023,STB,"32,700","32,600","33,050","33,050","32,150","32,614",350,1.07,23.14,754.83,0.86,28.28,24.00,783.11,"62,306.38"
745,05/09/2023,STB,"32,650","32,700","32,700","33,150","32,400","32,826",50,0.15,22.52,739.22,0.87,28.53,23.38,767.74,"61,646.55"
746,31/08/2023,STB,"32,500","32,500","32,650","32,650","32,350","32,500",150,0.46,18.73,608.61,0.00,0.00,18.73,608.61,"61,552.29"
747,30/08/2023,STB,"31,750","31,800","32,500","32,500","31,800","32,170",750,2.36,27.24,876.22,0.13,4.12,27.37,880.34,"61,269.51"
748,29/08/2023,STB,"31,650","31,800","31,750","31,900","31,350","31,600",100,0.32,17.67,558.44,0.19,5.75,17.86,564.19,"59,855.60"
749,28/08/2023,STB,"31,100","31,150","31,650","31,900","30,950","31,518",550,1.77,18.71,589.69,0.00,0.00,18.71,589.69,"59,667.08"
750,25/08/2023,STB,"31,550","31,300","31,100","31,500","30,950","31,138",-450,-1.43,17.15,533.98,1.53,47.98,18.68,581.96,"58,630.21"
751,24/08/2023,STB,"30,900","31,100","31,550","31,700","30,900","31,308",650,2.10,14.09,441.07,0.00,0.00,14.09,441.07,"59,478.56"
752,23/08/2023,STB,"32,150","32,100","30,900","32,200","30,750","31,203","-1,250",-3.89,38.65,"1,206.12",0.78,24.59,39.43,"1,230.71","58,253.17"
753,22/08/2023,STB,"31,800","32,000","32,150","32,150","30,500","31,345",350,1.10,32.92,"1,031.91",0.02,0.63,32.94,"1,032.54","60,609.69"
754,21/08/2023,STB,"31,300","31,600","31,800","32,700","31,300","31,969",500,1.60,35.26,"1,127.07",0.76,22.29,36.01,"1,149.36","59,949.86"
755,18/08/2023,STB,"32,350","32,100","31,300","32,450","30,300","31,501","-1,050",-3.25,45.15,"1,422.28",0.02,0.65,45.17,"1,422.93","59,007.25"
756,17/08/2023,STB,"32,900","32,600","32,350","32,800","32,250","32,499",-550,-1.67,14.88,483.72,0.00,0.00,14.88,483.72,"60,986.73"
757,16/08/2023,STB,"31,500","31,500","32,900","32,900","31,200","32,253","1,400",4.44,44.95,"1,449.90",0.08,2.52,45.03,"1,452.42","62,023.60"
758,15/08/2023,STB,"31,900","31,900","31,500","32,000","31,450","31,600",-400,-1.25,16.93,534.95,2.48,76.88,19.41,611.83,"59,384.30"
759,14/08/2023,STB,"31,850","31,900","31,900","32,000","31,500","31,730",50,0.16,16.89,536.02,0.00,0.00,16.89,536.03,"60,138.38"
760,11/08/2023,STB,"30,550","30,750","31,850","32,100","30,550","31,340","1,300",4.26,33.18,"1,039.83",2.48,76.88,35.66,"1,116.72","60,044.12"
761,10/08/2023,STB,"31,200","31,150","30,550","31,300","30,550","30,912",-650,-2.08,13.40,414.18,0.00,0.00,13.40,414.18,"57,593.34"
762,09/08/2023,STB,"29,800","29,850","31,200","31,200","29,650","30,505","1,400",4.70,37.82,"1,153.58",0.07,2.10,37.89,"1,155.68","58,818.73"
763,08/08/2023,STB,"30,050","30,350","29,800","30,400","29,750","29,975",-250,-0.83,15.55,466.01,0.05,1.51,15.60,467.51,"56,179.43"
764,07/08/2023,STB,"28,950","29,050","30,050","30,250","29,050","29,831","1,100",3.80,49.62,"1,480.34",0.08,2.29,49.70,"1,482.63","56,650.73"
765,04/08/2023,STB,"28,600","28,600","28,950","28,950","28,500","28,698",350,1.22,18.10,519.33,0.00,0.00,18.10,519.33,"54,576.99"
766,03/08/2023,STB,"29,100","29,150","28,600","29,200","28,600","28,828",-500,-1.72,20.54,592.06,0.87,25.00,21.40,617.06,"53,917.17"
767,02/08/2023,STB,"28,950","28,900","29,100","29,300","28,800","29,068",150,0.52,18.42,535.40,0.00,0.00,18.42,535.40,"54,859.78"
768,01/08/2023,STB,"28,950","29,100","28,950","29,700","28,900","29,347",0,0.00,41.82,"1,227.37",1.83,51.93,43.65,"1,279.29","54,576.99"
769,31/07/2023,STB,"28,650","28,900","28,950","29,100","28,500","28,749",300,1.05,21.20,609.49,0.00,0.00,21.20,609.50,"54,576.99"
770,28/07/2023,STB,"28,100","28,100","28,650","28,750","28,100","28,422",550,1.96,19.91,565.85,1.05,29.47,20.96,595.32,"54,011.43"
771,27/07/2023,STB,"28,300","28,300","28,100","28,450","27,900","28,122",-200,-0.71,21.10,593.41,0.10,2.50,21.20,595.91,"52,974.56"
772,26/07/2023,STB,"28,500","28,500","28,300","28,500","28,200","28,307",-200,-0.70,13.25,375.07,1.45,39.85,14.70,414.92,"53,351.60"
773,25/07/2023,STB,"28,700","28,600","28,500","29,150","28,400","28,703",-200,-0.70,19.70,565.38,0.00,0.00,19.70,565.38,"53,728.65"
774,24/07/2023,STB,"28,750","28,750","28,700","28,900","28,450","28,628",-50,-0.17,17.38,497.50,0.00,0.00,17.38,497.50,"54,105.69"
775,21/07/2023,STB,"27,850","27,950","28,750","28,750","27,800","28,305",900,3.23,29.53,835.77,0.54,15.26,30.07,851.02,"54,199.95"
776,20/07/2023,STB,"28,250","28,250","27,850","28,300","27,600","27,850",-400,-1.42,27.25,759.01,0.05,1.49,27.30,760.50,"52,503.26"
777,19/07/2023,STB,"28,450","28,450","28,250","28,600","28,200","28,367",-200,-0.70,11.97,339.48,0.00,0.00,11.97,339.48,"53,257.34"
778,18/07/2023,STB,"28,000","28,000","28,450","28,450","27,900","28,236",450,1.61,23.02,649.89,1.26,37.17,24.28,687.06,"53,634.39"
779,17/07/2023,STB,"29,000","28,850","28,000","28,900","28,000","28,324","-1,000",-3.45,41.71,"1,181.30",0.05,1.39,41.76,"1,182.69","52,786.04"
780,14/07/2023,STB,"30,000","30,200","29,000","30,200","27,900","28,710","-1,000",-3.33,74.86,"2,149.29",1.26,37.80,76.12,"2,187.09","54,671.26"
781,13/07/2023,STB,"29,800","29,650","30,000","30,000","29,650","29,833",200,0.67,11.70,349.16,0.00,0.00,11.70,349.16,"56,556.47"
782,12/07/2023,STB,"30,000","29,800","29,800","29,900","29,300","29,542",-200,-0.67,32.14,949.41,2.67,79.57,34.81,"1,028.97","56,179.43"
783,11/07/2023,STB,"29,850","30,050","30,000","30,350","29,850","30,085",150,0.50,17.90,538.60,0.00,0.00,17.90,538.60,"56,556.47"
784,10/07/2023,STB,"29,600","29,800","29,850","29,950","29,500","29,761",250,0.84,11.19,333.08,2.67,79.57,13.86,412.64,"56,273.69"
785,07/07/2023,STB,"29,100","29,100","29,600","29,600","29,000","29,350",500,1.72,9.71,284.94,0.00,0.00,9.71,284.94,"55,802.39"
786,06/07/2023,STB,"29,900","29,850","29,100","29,900","29,100","29,393",-800,-2.68,26.34,774.12,0.00,0.00,26.34,774.12,"54,859.78"
787,05/07/2023,STB,"29,850","29,850","29,900","30,250","29,650","29,997",50,0.17,14.56,436.62,0.00,0.00,14.56,436.62,"56,367.95"
788,04/07/2023,STB,"29,700","29,700","29,850","29,850","29,300","29,478",150,0.51,17.23,508.02,0.00,0.00,17.23,508.02,"56,273.69"
789,03/07/2023,STB,"29,800","29,800","29,700","29,950","29,450","29,670",-100,-0.34,7.05,209.04,4.08,121.49,11.12,330.53,"55,990.91"
790,30/06/2023,STB,"29,550","29,550","29,800","29,800","29,300","29,525",250,0.85,8.14,240.48,1.38,39.88,9.52,280.35,"56,179.43"
791,29/06/2023,STB,"29,900","29,950","29,550","30,050","29,300","29,506",-350,-1.17,14.84,437.80,0.00,0.00,14.84,437.80,"55,708.12"
792,28/06/2023,STB,"29,600","29,700","29,900","30,000","29,550","29,712",300,1.01,13.69,406.87,5.78,168.72,19.47,575.58,"56,367.95"
793,27/06/2023,STB,"29,600","29,550","29,600","29,750","29,450","29,594",0,0.00,11.22,332.17,0.03,0.76,11.25,332.94,"55,802.39"
794,26/06/2023,STB,"30,300","30,200","29,600","30,250","29,250","29,517",-700,-2.31,31.16,919.72,0.77,24.87,31.93,944.59,"55,802.39"
795,23/06/2023,STB,"30,000","30,200","30,300","30,650","30,000","30,269",300,1.00,16.89,511.21,0.03,0.84,16.92,512.04,"57,122.04"
796,22/06/2023,STB,"29,400","29,700","30,000","30,200","29,500","29,912",600,2.04,21.64,647.31,0.70,19.15,22.34,666.46,"56,556.47"
797,21/06/2023,STB,"29,250","29,250","29,400","29,550","29,100","29,316",150,0.51,16.89,495.11,0.00,0.00,16.89,495.11,"55,425.34"
798,20/06/2023,STB,"28,750","28,900","29,250","29,250","28,700","28,971",500,1.74,10.69,309.56,0.10,3.02,10.79,312.58,"55,142.56"
799,19/06/2023,STB,"29,000","29,150","28,750","29,150","28,750","28,910",-250,-0.86,8.52,246.20,1.40,39.52,9.92,285.72,"54,199.95"
800,16/06/2023,STB,"27,800","28,050","29,000","29,600","28,000","28,894","1,200",4.32,44.86,"1,296.02",0.13,3.38,44.98,"1,299.40","54,671.26"
801,15/06/2023,STB,"27,800","27,800","27,800","27,900","27,600","27,776",0,0.00,11.05,306.91,0.91,25.13,11.95,332.04,"52,409.00"
802,14/06/2023,STB,"28,200","28,250","27,800","28,450","27,800","28,200",-400,-1.42,16.59,467.80,1.22,34.30,17.81,502.10,"52,409.00"
803,13/06/2023,STB,"28,200","28,200","28,200","28,400","27,950","28,130",0,0.00,9.05,254.53,0.05,1.31,9.10,255.85,"53,163.08"
804,12/06/2023,STB,"28,100","28,150","28,200","28,200","27,500","27,864",100,0.36,11.28,314.20,1.92,54.36,13.20,368.56,"53,163.08"
805,09/06/2023,STB,"27,600","27,700","28,100","28,100","27,250","27,618",500,1.81,12.85,354.93,4.90,139.65,17.75,494.58,"52,974.56"
806,08/06/2023,STB,"28,350","28,300","27,600","28,400","27,600","28,040",-750,-2.65,20.26,567.96,1.31,37.34,21.57,605.30,"52,031.95"
807,07/06/2023,STB,"28,300","28,700","28,350","28,800","28,150","28,476",50,0.18,12.98,369.52,5.63,160.46,18.61,529.98,"53,445.87"
808,06/06/2023,STB,"28,050","28,050","28,300","28,300","27,750","27,969",250,0.89,17.18,480.64,0.00,0.00,17.18,480.64,"53,351.60"
809,05/06/2023,STB,"28,300","28,550","28,050","28,650","28,050","28,340",-250,-0.88,14.18,401.78,0.73,20.81,14.91,422.58,"52,880.30"
810,02/06/2023,STB,"28,000","28,200","28,300","28,800","28,150","28,439",300,1.07,17.87,508.23,1.17,32.70,19.04,540.93,"53,351.60"
811,01/06/2023,STB,"27,700","27,650","28,000","28,000","27,650","27,819",300,1.08,8.84,245.98,0.00,0.00,8.84,245.98,"52,786.04"
812,31/05/2023,STB,"27,700","27,700","27,700","27,900","27,550","27,689",0,0.00,15.06,417.07,10.17,264.90,25.23,681.97,"52,220.48"
813,30/05/2023,STB,"27,700","27,950","27,700","27,950","27,400","27,644",0,0.00,9.10,251.55,0.00,0.00,9.10,251.55,"52,220.48"
814,29/05/2023,STB,"27,200","27,400","27,700","27,700","27,300","27,565",500,1.84,9.98,275.21,2.00,54.40,11.98,329.61,"52,220.48"
815,26/05/2023,STB,"27,000","27,250","27,200","27,250","26,850","27,020",200,0.74,11.44,309.05,1.30,35.10,12.74,344.15,"51,277.87"
816,25/05/2023,STB,"27,400","27,200","27,000","27,500","26,850","27,104",-400,-1.46,35.28,956.29,0.00,0.00,35.28,956.29,"50,900.82"
817,24/05/2023,STB,"27,950","28,000","27,400","28,050","27,300","27,618",-550,-1.97,21.76,600.88,1.43,39.90,23.18,640.78,"51,654.91"
818,23/05/2023,STB,"28,150","28,200","27,950","28,300","27,700","27,917",-200,-0.71,17.31,483.20,0.00,0.00,17.31,483.20,"52,691.78"
819,22/05/2023,STB,"27,850","28,000","28,150","28,500","27,800","28,173",300,1.08,17.74,499.74,1.43,39.90,19.16,539.64,"53,068.82"
820,19/05/2023,STB,"27,200","27,350","27,850","27,950","27,200","27,573",650,2.39,24.34,671.25,0.19,5.17,24.53,676.41,"52,503.26"
821,18/05/2023,STB,"27,000","27,150","27,200","27,500","27,000","27,297",200,0.74,15.19,414.63,0.00,0.00,15.19,414.63,"51,277.87"
822,17/05/2023,STB,"27,400","27,400","27,000","27,500","26,900","27,197",-400,-1.46,17.69,481.12,0.00,0.00,17.69,481.12,"50,900.82"
823,16/05/2023,STB,"27,000","27,000","27,400","27,550","27,000","27,313",400,1.48,13.15,359.16,0.00,0.00,13.15,359.16,"51,654.91"
824,15/05/2023,STB,"26,800","27,000","27,000","27,600","26,900","27,298",200,0.75,29.85,814.95,0.00,0.00,29.85,814.95,"50,900.82"
825,12/05/2023,STB,"26,400","26,550","26,800","26,850","26,350","26,651",400,1.52,16.49,439.38,0.00,0.00,16.49,439.38,"50,523.78"
826,11/05/2023,STB,"26,350","26,400","26,400","26,750","26,300","26,547",50,0.19,14.94,396.71,0.00,0.00,14.94,396.71,"49,769.69"
827,10/05/2023,STB,"25,750","25,800","26,350","26,450","25,750","26,189",600,2.33,14.51,379.97,0.00,0.00,14.51,379.97,"49,675.43"
828,09/05/2023,STB,"25,650","25,650","25,750","25,900","25,600","25,734",100,0.39,7.32,188.30,0.52,13.35,7.84,201.65,"48,544.30"
829,08/05/2023,STB,"24,950","25,000","25,650","25,700","25,000","25,449",700,2.81,10.20,259.70,0.00,0.00,10.20,259.70,"48,355.78"
830,05/05/2023,STB,"25,150","25,050","24,950","25,250","24,850","25,006",-200,-0.80,7.68,192.16,0.33,8.46,8.02,200.62,"47,036.13"
831,04/05/2023,STB,"25,300","25,050","25,150","25,300","24,950","25,047",-150,-0.59,8.45,211.58,0.00,0.00,8.45,211.58,"47,413.18"
832,28/04/2023,STB,"25,150","25,250","25,300","25,450","25,150","25,303",150,0.60,6.78,171.43,1.56,40.14,8.33,211.57,"47,695.96"
833,27/04/2023,STB,"25,400","25,400","25,150","25,500","25,150","25,326",-250,-0.98,6.55,165.86,0.00,0.00,6.55,165.86,"47,413.18"
834,26/04/2023,STB,"25,050","25,050","25,400","25,400","24,650","24,920",350,1.40,12.44,309.94,0.00,0.00,12.44,309.94,"47,884.48"
835,25/04/2023,STB,"25,550","25,750","25,050","25,900","24,900","25,362",-500,-1.96,15.45,391.85,1.56,40.14,17.01,432.00,"47,224.65"
836,24/04/2023,STB,"25,600","25,650","25,550","25,900","25,450","25,640",-50,-0.20,7.66,196.38,2.10,53.83,9.76,250.21,"48,167.26"
837,21/04/2023,STB,"25,700","25,700","25,600","25,800","25,500","25,686",-100,-0.39,8.71,223.76,0.06,1.52,8.77,225.27,"48,261.52"
838,20/04/2023,STB,"25,500","25,600","25,700","25,800","25,500","25,681",200,0.78,9.01,231.40,2.24,57.47,11.25,288.87,"48,450.04"
839,19/04/2023,STB,"25,900","26,000","25,500","26,000","25,500","25,712",-400,-1.54,14.17,364.33,0.00,0.00,14.17,364.33,"48,073.00"
840,18/04/2023,STB,"25,900","25,900","25,900","26,100","25,800","25,892",0,0.00,10.11,261.86,0.00,0.00,10.11,261.86,"48,827.09"
841,17/04/2023,STB,"25,700","25,800","25,900","26,050","25,650","25,860",200,0.78,10.20,263.72,0.71,19.00,10.90,282.72,"48,827.09"
842,14/04/2023,STB,"26,450","26,700","25,700","26,750","25,700","26,260",-750,-2.84,16.40,430.60,0.10,2.65,16.50,433.25,"48,450.04"
843,13/04/2023,STB,"26,100","26,200","26,450","26,550","26,050","26,296",350,1.34,16.21,426.19,0.50,13.05,16.71,439.24,"49,863.96"
844,12/04/2023,STB,"25,950","25,950","26,100","26,400","25,800","26,144",150,0.58,20.36,532.27,3.45,89.93,23.81,622.20,"49,204.13"
845,11/04/2023,STB,"25,950","25,900","25,950","25,950","25,600","25,795",0,0.00,13.35,344.46,0.02,0.58,13.38,345.03,"48,921.35"
846,10/04/2023,STB,"26,000","26,100","25,950","26,500","25,850","26,191",-50,-0.19,16.47,431.25,0.00,0.00,16.47,431.25,"48,921.35"
847,07/04/2023,STB,"25,650","25,750","26,000","26,000","25,500","25,704",350,1.36,15.46,397.43,0.16,4.13,15.62,401.56,"49,015.61"
848,06/04/2023,STB,"26,250","26,250","25,650","26,400","25,650","26,016",-600,-2.29,26.27,683.47,0.00,0.00,26.27,683.47,"48,355.78"
849,05/04/2023,STB,"26,900","26,900","26,250","26,900","25,900","26,376",-650,-2.42,39.45,"1,040.43",0.00,0.00,39.45,"1,040.43","49,486.91"
850,04/04/2023,STB,"26,750","26,750","26,900","26,950","26,500","26,695",150,0.56,17.73,473.28,0.00,0.00,17.73,473.28,"50,712.30"
851,03/04/2023,STB,"26,200","26,600","26,750","27,050","26,500","26,760",550,2.10,25.29,676.81,0.80,20.00,26.09,696.81,"50,429.52"
852,31/03/2023,STB,"26,000","26,000","26,200","26,350","25,850","26,086",200,0.77,22.41,584.59,0.24,6.11,22.64,590.70,"49,392.65"
853,30/03/2023,STB,"25,350","25,700","26,000","26,450","25,400","25,857",650,2.56,39.40,"1,018.69",0.27,6.84,39.67,"1,025.53","49,015.61"
854,29/03/2023,STB,"25,400","25,500","25,350","25,650","25,150","25,336",-50,-0.20,16.81,425.84,0.80,20.00,17.61,445.84,"47,790.22"
855,28/03/2023,STB,"25,500","25,900","25,400","26,000","25,300","25,716",-100,-0.39,17.18,441.72,0.49,12.02,17.66,453.73,"47,884.48"
856,27/03/2023,STB,"25,050","25,050","25,500","25,700","24,950","25,390",450,1.80,16.70,424.12,0.00,0.00,16.70,424.12,"48,073.00"
857,24/03/2023,STB,"25,000","25,250","25,050","25,550","25,050","25,335",50,0.20,16.11,408.06,1.92,47.23,18.03,455.29,"47,224.65"
858,23/03/2023,STB,"24,800","24,550","25,000","25,150","24,500","24,818",200,0.81,12.24,303.82,0.00,0.00,12.24,303.82,"47,130.39"
859,22/03/2023,STB,"24,600","24,750","24,800","25,250","24,600","24,916",200,0.81,16.55,412.39,1.92,47.23,18.47,459.62,"46,753.35"
860,21/03/2023,STB,"24,200","24,500","24,600","24,650","24,150","24,449",400,1.65,10.86,265.47,0.00,0.00,10.86,265.47,"46,376.31"
861,20/03/2023,STB,"25,050","25,000","24,200","25,050","24,200","24,494",-850,-3.39,16.97,415.72,0.00,0.00,16.97,415.72,"45,622.22"
862,17/03/2023,STB,"24,600","24,750","25,050","25,050","24,550","24,882",450,1.83,21.26,529.08,0.84,20.44,22.11,549.52,"47,224.65"
863,16/03/2023,STB,"25,350","24,800","24,600","24,950","24,500","24,705",-750,-2.96,19.67,485.95,0.57,14.06,20.24,500.01,"46,376.31"
864,15/03/2023,STB,"24,400","25,100","25,350","25,500","24,900","25,267",950,3.89,20.10,507.80,0.00,0.00,20.10,507.80,"47,790.22"
865,14/03/2023,STB,"25,000","24,900","24,400","25,050","24,100","24,434",-600,-2.40,25.33,618.91,0.00,0.00,25.33,618.91,"45,999.26"
866,13/03/2023,STB,"26,000","25,600","25,000","25,750","25,000","25,362","-1,000",-3.85,29.61,750.93,0.00,0.00,29.61,750.93,"47,130.39"
867,10/03/2023,STB,"26,500","26,500","26,000","26,850","25,950","26,355",-500,-1.89,23.48,618.90,0.02,0.49,23.50,619.39,"49,015.61"
868,09/03/2023,STB,"25,350","25,500","26,500","27,100","25,450","26,316","1,150",4.54,42.58,"1,120.42",0.12,3.06,42.70,"1,123.48","49,958.22"
869,08/03/2023,STB,"25,000","24,850","25,350","25,350","24,850","25,080",350,1.40,13.74,344.70,0.00,0.00,13.74,344.70,"47,790.22"
870,07/03/2023,STB,"24,900","25,050","25,000","25,300","24,850","25,042",100,0.40,15.48,387.57,0.26,6.39,15.73,393.95,"47,130.39"
871,06/03/2023,STB,"25,000","25,250","24,900","25,600","24,700","25,184",-100,-0.40,18.56,467.37,0.00,0.00,18.56,467.37,"46,941.87"
872,03/03/2023,STB,"25,600","25,650","25,000","25,750","25,000","25,357",-600,-2.34,11.81,299.58,0.00,0.00,11.81,299.58,"47,130.39"
873,02/03/2023,STB,"25,400","25,400","25,600","25,700","25,200","25,490",200,0.79,11.12,283.52,0.00,0.00,11.12,283.52,"48,261.52"
874,01/03/2023,STB,"23,750","23,600","25,400","25,400","23,600","24,725","1,650",6.95,21.61,534.20,1.11,26.75,22.71,560.95,"47,884.48"
875,28/02/2023,STB,"23,600","23,950","23,750","24,000","23,600","23,772",150,0.64,6.46,153.62,0.12,2.72,6.59,156.33,"44,773.87"
876,27/02/2023,STB,"24,300","24,000","23,600","24,200","23,600","23,880",-700,-2.88,13.40,319.96,1.02,24.79,14.42,344.74,"44,491.09"
877,24/02/2023,STB,"25,000","25,050","24,300","25,050","24,300","24,582",-700,-2.80,8.46,208.07,0.00,0.00,8.46,208.07,"45,810.74"
878,23/02/2023,STB,"24,700","24,600","25,000","25,000","24,050","24,406",300,1.21,14.25,347.86,0.00,0.00,14.25,347.86,"47,130.39"
879,22/02/2023,STB,"25,350","25,100","24,700","25,500","24,700","24,976",-650,-2.56,18.52,462.68,0.00,0.00,18.52,462.68,"46,564.83"
880,21/02/2023,STB,"25,700","25,950","25,350","26,100","25,350","25,639",-350,-1.36,16.56,424.63,0.00,0.00,16.56,424.63,"47,790.22"
881,20/02/2023,STB,"24,400","24,300","25,700","25,700","24,200","25,149","1,300",5.33,20.15,506.68,0.02,0.52,20.17,507.20,"48,450.04"
882,17/02/2023,STB,"23,900","24,600","24,400","24,900","24,350","24,588",500,2.09,17.98,442.00,0.24,5.65,18.22,447.64,"45,999.26"
883,16/02/2023,STB,"23,350","23,750","23,900","24,250","23,450","23,811",550,2.36,15.37,365.88,2.97,71.88,18.34,437.75,"45,056.66"
884,15/02/2023,STB,"24,400","24,100","23,350","24,600","22,950","23,659","-1,050",-4.30,33.36,789.19,0.83,19.18,34.18,808.37,"44,019.79"
885,14/02/2023,STB,"24,500","24,500","24,400","24,850","24,050","24,496",-100,-0.41,9.25,226.50,2.62,64.03,11.86,290.53,"45,999.26"
886,13/02/2023,STB,"23,650","23,800","24,500","24,500","23,350","23,750",850,3.59,17.39,413.08,0.00,0.00,17.39,413.08,"46,187.79"
887,10/02/2023,STB,"24,450","24,500","23,650","24,800","23,650","24,141",-800,-3.27,16.17,390.27,2.45,59.43,18.61,449.71,"44,585.35"
888,09/02/2023,STB,"25,000","25,200","24,450","25,700","24,200","25,002",-550,-2.20,37.34,933.66,2.06,51.49,39.40,985.15,"46,093.52"
889,08/02/2023,STB,"25,750","25,900","25,000","25,950","25,000","25,532",-750,-2.91,28.19,719.82,0.00,0.00,28.19,719.82,"47,130.39"
890,07/02/2023,STB,"25,700","25,900","25,750","26,300","25,550","25,965",50,0.19,19.76,512.94,0.00,0.00,19.76,512.94,"48,544.30"
891,06/02/2023,STB,"26,050","26,100","25,700","26,400","25,600","26,024",-350,-1.34,19.36,503.82,0.00,0.00,19.36,503.82,"48,450.04"
892,03/02/2023,STB,"26,150","26,350","26,050","27,150","26,050","26,599",-100,-0.38,30.63,814.85,2.59,69.88,33.22,884.73,"49,109.87"
893,02/02/2023,STB,"25,650","25,700","26,150","26,350","25,400","25,894",500,1.95,18.43,477.32,0.11,2.74,18.54,480.06,"49,298.39"
894,01/02/2023,STB,"27,100","27,100","25,650","27,300","25,400","26,457","-1,450",-5.35,16.20,428.59,0.59,15.88,16.79,444.47,"48,355.78"
895,31/01/2023,STB,"25,850","25,850","27,100","27,100","25,150","25,900","1,250",4.84,25.36,656.89,0.00,0.00,25.36,656.89,"51,089.35"
896,30/01/2023,STB,"26,650","26,500","25,850","26,650","25,850","26,161",-800,-3.00,18.54,485.01,0.00,0.00,18.54,485.01,"48,732.83"
897,27/01/2023,STB,"26,800","27,100","26,650","27,400","26,650","27,052",-150,-0.56,8.53,230.80,1.00,26.80,9.53,257.60,"50,241.00"
898,19/01/2023,STB,"26,800","26,550","26,800","27,000","26,500","26,742",0,0.00,12.06,322.52,0.32,8.44,12.38,330.96,"50,523.78"
899,18/01/2023,STB,"26,550","26,550","26,800","26,850","26,550","26,723",250,0.94,8.51,227.48,0.25,6.80,8.77,234.27,"50,523.78"
900,17/01/2023,STB,"25,500","25,500","26,550","26,550","25,500","26,061","1,050",4.12,14.39,374.96,0.12,2.98,14.51,377.94,"50,052.48"
901,16/01/2023,STB,"25,300","25,400","25,500","25,550","25,000","25,328",200,0.79,7.93,200.72,0.90,22.77,8.82,223.49,"48,073.00"
902,13/01/2023,STB,"24,950","25,150","25,300","25,450","24,950","25,243",350,1.40,13.35,337.08,0.33,8.15,13.68,345.23,"47,695.96"
903,12/01/2023,STB,"24,700","24,900","24,950","24,950","24,550","24,787",250,1.01,7.15,177.34,0.80,19.54,7.95,196.88,"47,036.13"
904,11/01/2023,STB,"24,950","25,250","24,700","25,400","24,700","25,023",-250,-1.00,10.08,252.25,1.27,30.61,11.35,282.86,"46,564.83"
905,10/01/2023,STB,"24,650","24,650","24,950","25,300","24,150","24,680",300,1.22,14.76,364.30,0.07,1.72,14.83,366.02,"47,036.13"
906,09/01/2023,STB,"24,300","24,600","24,650","25,000","24,200","24,642",350,1.44,13.24,326.23,0.00,0.00,13.24,326.23,"46,470.57"
907,06/01/2023,STB,"24,200","24,250","24,300","25,100","24,100","24,666",100,0.41,25.67,633.09,0.09,2.12,25.76,635.21,"45,810.74"
908,05/01/2023,STB,"23,300","23,400","24,200","24,250","23,400","23,939",900,3.86,19.22,460.03,0.00,0.00,19.22,460.03,"45,622.22"
909,04/01/2023,STB,"23,500","23,600","23,300","24,100","23,300","23,655",-200,-0.85,18.04,426.66,0.00,0.00,18.04,426.66,"43,925.53"
910,03/01/2023,STB,"22,500","22,500","23,500","23,600","22,500","23,226","1,000",4.44,16.25,377.45,0.00,0.00,16.25,377.45,"44,302.57"
911,30/12/2022,STB,"22,350","22,600","22,500","22,700","22,200","22,491",150,0.67,10.62,238.82,3.25,73.10,13.87,311.93,"42,417.35"
912,29/12/2022,STB,"22,900","22,700","22,350","22,950","22,350","22,651",-550,-2.40,9.45,214.01,1.00,21.30,10.45,235.31,"42,134.57"
913,28/12/2022,STB,"22,500","22,600","22,900","23,000","22,050","22,531",400,1.78,15.20,342.41,0.51,12.24,15.71,354.65,"43,171.44"
914,27/12/2022,STB,"21,900","22,000","22,500","23,000","21,850","22,377",600,2.74,20.84,466.39,0.27,5.80,21.11,472.19,"42,417.35"
915,26/12/2022,STB,"23,500","23,450","21,900","23,550","21,900","22,492","-1,600",-6.81,20.49,460.75,0.00,0.00,20.49,460.75,"41,286.22"
916,23/12/2022,STB,"23,400","23,450","23,500","23,700","22,900","23,272",100,0.43,13.23,307.83,0.16,3.54,13.39,311.37,"44,302.57"
917,22/12/2022,STB,"23,550","23,750","23,400","24,150","23,100","23,713",-150,-0.64,17.47,414.27,0.10,2.29,17.57,416.56,"44,114.05"
918,21/12/2022,STB,"22,450","22,750","23,550","23,800","22,300","23,181","1,100",4.90,35.45,821.74,0.82,17.68,36.27,839.41,"44,396.83"
919,20/12/2022,STB,"22,400","22,000","22,450","22,450","21,250","21,758",50,0.22,28.92,629.22,0.09,2.11,29.01,631.33,"42,323.09"
920,19/12/2022,STB,"22,800","23,000","22,400","23,400","22,400","22,821",-400,-1.75,23.18,528.89,0.86,18.91,24.04,547.79,"42,228.83"
921,16/12/2022,STB,"23,250","22,850","22,800","23,200","22,550","22,783",-450,-1.94,25.28,575.92,0.15,3.59,25.43,579.51,"42,982.92"
922,15/12/2022,STB,"23,250","23,100","23,250","23,650","22,650","23,208",0,0.00,20.33,471.87,0.00,0.00,20.33,471.87,"43,831.27"
923,14/12/2022,STB,"22,550","23,000","23,250","23,500","22,700","23,059",700,3.10,21.02,484.68,0.33,7.48,21.35,492.16,"43,831.27"
924,13/12/2022,STB,"21,300","21,350","22,550","22,600","21,050","21,899","1,250",5.87,25.99,569.09,0.00,0.00,25.99,569.09,"42,511.61"
925,12/12/2022,STB,"22,400","22,500","21,300","22,600","21,300","22,101","-1,100",-4.91,20.77,459.05,0.00,0.00,20.77,459.05,"40,155.09"
926,09/12/2022,STB,"21,700","22,500","22,400","22,600","21,900","22,279",700,3.23,26.47,589.68,0.47,9.99,26.94,599.67,"42,228.83"
927,08/12/2022,STB,"20,300","20,750","21,700","21,700","20,750","21,593","1,400",6.90,20.04,432.77,0.15,3.16,20.19,435.93,"40,909.18"
928,07/12/2022,STB,"20,750","20,550","20,300","20,900","19,700","20,270",-450,-2.17,27.77,562.95,0.30,6.27,28.07,569.22,"38,269.88"
929,06/12/2022,STB,"22,300","22,250","20,750","22,650","20,750","21,391","-1,550",-6.95,49.35,"1,055.67",0.00,0.00,49.35,"1,055.67","39,118.23"
930,05/12/2022,STB,"20,850","22,300","22,300","22,300","21,850","22,214","1,450",6.95,38.51,855.35,0.06,1.21,38.56,856.56,"42,040.31"
931,02/12/2022,STB,"19,500","19,800","20,850","20,850","19,500","20,347","1,350",6.92,27.69,563.32,0.40,7.26,28.09,570.58,"39,306.75"
932,01/12/2022,STB,"20,000","20,200","19,500","21,100","19,500","20,447",-500,-2.50,39.13,800.01,0.44,8.95,39.57,808.96,"36,761.71"
933,30/11/2022,STB,"19,750","19,550","20,000","20,200","19,150","19,668",250,1.27,25.46,500.80,0.00,0.00,25.46,500.80,"37,704.31"
934,29/11/2022,STB,"19,700","19,500","19,750","19,950","18,900","19,421",50,0.25,26.28,510.42,0.00,0.00,26.28,510.42,"37,233.01"
935,28/11/2022,STB,"18,900","19,100","19,700","19,750","19,050","19,419",800,4.23,28.23,548.27,0.00,0.00,28.23,548.27,"37,138.75"
936,25/11/2022,STB,"18,200","18,500","18,900","18,950","18,000","18,521",700,3.85,24.96,462.31,0.06,0.94,25.02,463.25,"35,630.58"
937,24/11/2022,STB,"17,500","17,300","18,200","18,200","16,900","17,544",700,4.00,18.31,321.31,0.00,0.00,18.31,321.31,"34,310.93"
938,23/11/2022,STB,"16,900","16,900","17,500","17,900","16,900","17,442",600,3.55,25.67,447.67,0.09,1.42,25.75,449.08,"32,991.28"
939,22/11/2022,STB,"16,700","16,600","16,900","17,850","16,600","17,375",200,1.20,30.78,534.71,0.16,2.75,30.94,537.46,"31,860.15"
940,21/11/2022,STB,"17,100","17,300","16,700","17,400","16,700","16,972",-400,-2.34,17.50,297.06,0.00,0.00,17.50,297.06,"31,483.10"
941,18/11/2022,STB,"17,200","16,950","17,100","17,650","16,450","17,057",-100,-0.58,32.56,555.43,0.19,3.27,32.75,558.70,"32,237.19"
942,17/11/2022,STB,"16,150","16,900","17,200","17,250","16,600","17,035","1,050",6.50,35.15,598.75,0.00,0.00,35.15,598.75,"32,425.71"
943,16/11/2022,STB,"15,100","14,800","16,150","16,150","14,450","15,444","1,050",6.95,29.34,453.19,0.02,0.30,29.36,453.49,"30,446.23"
944,15/11/2022,STB,"15,850","15,750","15,100","16,000","14,850","15,385",-750,-4.73,27.65,425.33,0.24,3.75,27.89,429.08,"28,466.76"
945,14/11/2022,STB,"15,600","15,450","15,850","16,100","14,850","15,393",250,1.60,36.93,568.47,0.02,0.30,36.95,568.77,"29,880.67"
946,11/11/2022,STB,"15,150","15,600","15,600","16,200","15,450","15,887",450,2.97,39.52,627.79,0.05,0.81,39.57,628.60,"29,409.37"
947,10/11/2022,STB,"16,250","16,000","15,150","16,250","15,150","15,385","-1,100",-6.77,37.39,575.27,0.29,4.73,37.68,580.00,"28,561.02"
948,09/11/2022,STB,"16,450","16,800","16,250","17,050","15,800","16,420",-200,-1.22,35.90,589.47,0.00,0.00,35.90,589.47,"30,634.76"
949,08/11/2022,STB,"15,500","15,500","16,450","16,550","15,300","16,146",950,6.13,22.03,355.77,0.12,1.92,22.15,357.69,"31,011.80"
950,07/11/2022,STB,"16,600","16,350","15,500","16,700","15,500","15,882","-1,100",-6.63,20.70,328.75,0.00,0.00,20.70,328.75,"29,220.84"
951,04/11/2022,STB,"17,250","17,050","16,600","17,250","16,050","16,519",-650,-3.77,32.10,530.27,0.06,0.88,32.16,531.15,"31,294.58"
952,03/11/2022,STB,"16,900","16,800","17,250","17,450","16,800","17,189",350,2.07,19.53,335.78,0.73,12.21,20.26,347.98,"32,519.97"
953,02/11/2022,STB,"16,900","16,900","16,900","17,300","16,750","17,067",0,0.00,19.12,326.38,3.25,55.24,22.38,381.62,"31,860.15"
954,01/11/2022,STB,"16,150","16,500","16,900","17,250","16,350","16,999",750,4.64,29.46,500.77,0.53,8.16,29.99,508.92,"31,860.15"
955,31/10/2022,STB,"16,150","16,200","16,150","16,500","15,600","16,050",0,0.00,16.78,269.36,1.19,20.33,17.97,289.69,"30,446.23"
956,28/10/2022,STB,"16,050","16,450","16,150","16,850","16,100","16,437",100,0.62,18.82,309.41,0.42,6.82,19.24,316.23,"30,446.23"
957,27/10/2022,STB,"15,000","15,000","16,050","16,050","15,000","15,738","1,050",7.00,21.99,345.99,0.25,3.75,22.24,349.74,"30,257.71"
958,26/10/2022,STB,"14,900","15,150","15,000","15,400","14,800","15,068",100,0.67,7.62,114.89,0.55,8.29,8.17,123.17,"28,278.24"
959,25/10/2022,STB,"14,850","14,900","14,900","15,850","14,050","14,946",50,0.34,22.83,341.27,0.12,1.74,22.95,343.01,"28,089.71"
960,24/10/2022,STB,"15,950","16,050","14,850","16,350","14,850","15,164","-1,100",-6.90,27.15,411.66,2.13,31.92,29.28,443.58,"27,995.45"
961,21/10/2022,STB,"17,150","17,100","15,950","17,250","15,950","16,312","-1,200",-7.00,22.53,367.51,0.15,2.69,22.68,370.19,"30,069.19"
962,20/10/2022,STB,"17,300","17,250","17,150","17,750","16,900","17,243",-150,-0.87,13.25,228.38,0.33,5.99,13.57,234.37,"32,331.45"
963,19/10/2022,STB,"17,700","17,750","17,300","17,850","16,900","17,342",-400,-2.26,17.99,312.03,0.00,0.00,17.99,312.03,"32,614.23"
964,18/10/2022,STB,"18,150","18,500","17,700","18,650","17,500","18,074",-450,-2.48,14.15,255.71,3.55,64.38,17.69,320.10,"33,368.32"
965,17/10/2022,STB,"17,650","17,450","18,150","18,150","17,300","17,732",500,2.83,12.85,227.79,2.15,38.60,15.00,266.40,"34,216.67"
966,14/10/2022,STB,"17,650","18,100","17,650","18,100","17,450","17,784",0,0.00,25.07,445.76,2.00,35.30,27.07,481.06,"33,274.06"
967,13/10/2022,STB,"16,950","17,050","17,650","17,700","16,950","17,354",700,4.13,16.49,286.18,1.81,30.82,18.30,317.00,"33,274.06"
968,12/10/2022,STB,"15,850","15,950","16,950","16,950","15,900","16,684","1,100",6.94,15.16,252.95,0.02,0.30,15.18,253.24,"31,954.41"
969,11/10/2022,STB,"17,000","16,950","15,850","17,000","15,850","16,051","-1,150",-6.76,24.98,400.90,0.00,0.00,24.98,400.90,"29,880.67"
970,10/10/2022,STB,"16,750","16,200","17,000","17,250","15,750","16,376",250,1.49,34.12,558.75,0.03,0.44,34.14,559.19,"32,048.67"
971,07/10/2022,STB,"18,000","17,600","16,750","17,600","16,750","16,825","-1,250",-6.94,40.98,689.42,0.25,4.16,41.22,693.58,"31,577.36"
972,06/10/2022,STB,"19,250","19,350","18,000","19,350","17,950","18,390","-1,250",-6.49,18.66,343.08,0.00,0.00,18.66,343.08,"33,933.88"
973,05/10/2022,STB,"18,750","19,350","19,250","19,500","19,000","19,234",500,2.67,10.61,204.07,0.30,6.00,10.91,210.07,"36,290.40"
974,04/10/2022,STB,"19,200","19,750","18,750","19,750","18,600","19,128",-450,-2.34,15.97,305.49,1.13,21.62,17.10,327.11,"35,347.79"
975,03/10/2022,STB,"20,600","20,300","19,200","20,400","19,200","19,739","-1,400",-6.80,14.94,294.84,13.79,283.71,28.73,578.55,"36,196.14"
976,30/09/2022,STB,"19,700","19,600","20,600","20,800","19,500","20,090",900,4.57,16.49,331.30,0.00,0.00,16.49,331.30,"38,835.44"
977,29/09/2022,STB,"20,300","20,600","19,700","20,700","19,700","20,154",-600,-2.96,7.93,159.76,0.00,0.00,7.93,159.76,"37,138.75"
978,28/09/2022,STB,"20,500","20,200","20,300","20,600","20,150","20,381",-200,-0.98,6.50,132.45,0.00,0.00,6.50,132.45,"38,269.88"
979,27/09/2022,STB,"20,500","20,800","20,500","20,800","20,400","20,600",0,0.00,5.44,112.08,0.41,8.30,5.85,120.39,"38,646.92"
980,26/09/2022,STB,"21,450","20,950","20,500","21,000","20,250","20,545",-950,-4.43,16.61,341.19,0.00,0.00,16.61,341.19,"38,646.92"
981,23/09/2022,STB,"21,950","21,800","21,450","22,000","21,450","21,703",-500,-2.28,6.96,151.10,0.20,4.40,7.16,155.50,"40,437.88"
982,22/09/2022,STB,"21,750","21,450","21,950","21,950","21,450","21,691",200,0.92,5.22,113.24,1.64,36.06,6.86,149.30,"41,380.48"
983,21/09/2022,STB,"22,150","22,050","21,750","22,100","21,750","21,899",-400,-1.81,3.71,81.19,0.20,4.40,3.91,85.60,"41,003.44"
984,20/09/2022,STB,"21,600","21,900","22,150","22,300","21,650","21,932",550,2.55,6.37,139.67,1.25,27.45,7.62,167.12,"41,757.53"
985,19/09/2022,STB,"22,450","22,600","21,600","22,650","21,600","22,005",-850,-3.79,10.74,236.39,0.63,14.04,11.37,250.42,"40,720.66"
986,16/09/2022,STB,"23,050","22,950","22,450","23,000","22,450","22,578",-600,-2.60,16.35,369.14,0.00,0.00,16.35,369.14,"42,323.09"
987,15/09/2022,STB,"23,050","23,250","23,050","23,350","22,800","23,054",0,0.00,8.40,193.57,0.00,0.00,8.40,193.57,"43,454.22"
988,14/09/2022,STB,"23,050","22,650","23,050","23,050","22,500","22,803",0,0.00,10.17,231.93,0.00,0.00,10.17,231.93,"43,454.22"
989,13/09/2022,STB,"23,100","23,000","23,050","23,450","23,000","23,131",-50,-0.22,6.53,151.11,0.86,20.16,7.39,171.27,"43,454.22"
990,12/09/2022,STB,"23,750","23,750","23,100","23,900","23,100","23,537",-650,-2.74,5.73,134.98,1.18,26.44,6.91,161.42,"43,548.48"
991,09/09/2022,STB,"23,900","24,000","23,750","24,050","22,650","23,271",-150,-0.63,21.14,492.07,0.76,18.37,21.91,510.44,"44,773.87"
992,08/09/2022,STB,"24,350","24,700","23,900","24,700","23,900","24,159",-450,-1.85,10.36,250.38,0.00,0.00,10.36,250.38,"45,056.66"
993,07/09/2022,STB,"24,700","24,700","24,350","25,450","24,350","24,864",-350,-1.42,22.42,557.56,0.70,18.48,23.12,576.04,"45,905.00"
994,06/09/2022,STB,"24,700","24,700","24,700","25,050","24,650","24,807",0,0.00,6.31,156.48,6.59,162.77,12.90,319.26,"46,564.83"
995,05/09/2022,STB,"24,800","24,700","24,700","24,850","24,600","24,743",-100,-0.40,5.29,130.95,0.76,19.29,6.05,150.24,"46,564.83"
996,31/08/2022,STB,"24,650","24,550","24,800","24,900","24,400","24,635",150,0.61,7.67,189.02,0.00,0.00,7.67,189.02,"46,753.35"
997,30/08/2022,STB,"24,850","24,900","24,650","25,100","24,650","24,853",-200,-0.80,8.08,200.92,1.17,29.28,9.25,230.20,"46,470.57"
998,29/08/2022,STB,"25,100","24,700","24,850","24,850","24,050","24,493",-250,-1.00,15.06,368.86,0.50,12.60,15.56,381.46,"46,847.61"
999,26/08/2022,STB,"25,650","25,700","25,100","25,800","25,100","25,413",-550,-2.14,10.74,272.89,0.00,0.00,10.74,272.89,"47,318.91"
1000,25/08/2022,STB,"25,400","25,550","25,650","25,650","25,400","25,543",250,0.98,8.89,227.11,1.31,33.25,10.20,260.36,"48,355.78"
1001,24/08/2022,STB,"25,000","25,100","25,400","25,550","24,800","25,208",400,1.60,13.33,335.94,0.50,12.60,13.83,348.54,"47,884.48"
1002,23/08/2022,STB,"24,700","24,600","25,000","25,000","24,300","24,551",300,1.21,9.88,242.50,0.15,3.90,10.03,246.40,"47,130.39"
1003,22/08/2022,STB,"25,100","25,000","24,700","25,200","24,700","24,942",-400,-1.59,9.67,241.13,0.50,12.65,10.17,253.78,"46,564.83"
1004,19/08/2022,STB,"25,200","25,250","25,100","25,500","25,050","25,255",-100,-0.40,7.72,195.03,0.00,0.00,7.72,195.03,"47,318.91"
1005,18/08/2022,STB,"25,400","25,200","25,200","25,650","25,000","25,308",-200,-0.79,12.92,327.00,0.10,2.57,13.02,329.56,"47,507.44"
1006,17/08/2022,STB,"25,550","25,550","25,400","25,600","25,300","25,469",-150,-0.59,11.13,283.48,0.50,12.65,11.63,296.13,"47,884.48"
1007,16/08/2022,STB,"25,650","25,800","25,550","25,800","25,350","25,563",-100,-0.39,9.49,242.62,0.20,4.80,9.69,247.42,"48,167.26"
1008,15/08/2022,STB,"25,650","25,900","25,650","26,350","25,650","25,963",0,0.00,13.67,354.94,0.15,3.82,13.82,358.76,"48,355.78"
1009,12/08/2022,STB,"25,200","25,050","25,650","25,650","25,050","25,352",450,1.79,8.39,212.73,0.60,15.00,8.99,227.73,"48,355.78"
1010,11/08/2022,STB,"24,900","25,200","25,200","25,600","24,800","25,298",300,1.20,15.66,396.27,0.22,5.19,15.89,401.46,"47,507.44"
1011,10/08/2022,STB,"25,250","25,200","24,900","25,300","24,900","25,096",-350,-1.39,8.97,225.06,0.00,0.00,8.97,225.06,"46,941.87"
1012,09/08/2022,STB,"25,300","25,300","25,250","25,500","25,000","25,270",-50,-0.20,7.86,198.72,0.70,18.05,8.56,216.77,"47,601.70"
1013,08/08/2022,STB,"25,250","25,250","25,300","25,650","25,100","25,363",50,0.20,7.66,194.39,0.26,6.88,7.92,201.27,"47,695.96"
1014,05/08/2022,STB,"25,200","25,100","25,250","25,250","24,850","25,034",50,0.20,12.67,317.08,0.78,18.77,13.44,335.85,"47,601.70"
1015,04/08/2022,STB,"25,450","25,650","25,200","25,700","25,100","25,363",-250,-0.98,13.13,332.94,0.00,0.00,13.13,332.94,"47,507.44"
1016,03/08/2022,STB,"24,950","24,850","25,450","25,650","24,750","25,211",500,2.00,14.34,361.48,1.76,44.36,16.09,405.84,"47,978.74"
1017,02/08/2022,STB,"25,200","25,000","24,950","25,500","24,850","25,102",-250,-0.99,18.61,467.08,0.30,7.04,18.91,474.11,"47,036.13"
1018,01/08/2022,STB,"24,700","24,500","25,200","25,600","24,500","25,159",500,2.02,16.70,420.18,0.02,0.48,16.72,420.66,"47,507.44"
1019,29/07/2022,STB,"24,450","24,650","24,700","24,900","24,300","24,567",250,1.02,17.76,436.36,1.08,27.50,18.84,463.85,"46,564.83"
1020,28/07/2022,STB,"23,050","23,350","24,450","24,650","23,250","24,117","1,400",6.07,40.24,970.41,1.87,44.50,42.10,"1,014.90","46,093.52"
1021,27/07/2022,STB,"22,950","22,850","23,050","23,050","22,750","22,927",100,0.44,9.17,210.26,0.03,0.69,9.20,210.96,"43,454.22"
1022,26/07/2022,STB,"22,850","22,950","22,950","22,950","22,700","22,833",100,0.44,9.28,211.88,0.40,9.14,9.68,221.02,"43,265.70"
1023,25/07/2022,STB,"23,000","23,000","22,850","23,300","22,800","22,963",-150,-0.65,6.67,153.06,0.00,0.00,6.67,153.06,"43,077.18"
1024,22/07/2022,STB,"23,100","23,300","23,000","23,500","23,000","23,221",-100,-0.43,11.58,268.94,0.00,0.00,11.58,268.94,"43,359.96"
1025,21/07/2022,STB,"23,050","23,050","23,100","23,600","23,000","23,377",50,0.22,17.95,419.51,0.00,0.00,17.95,419.51,"43,548.48"
1026,20/07/2022,STB,"22,950","23,250","23,050","23,500","22,950","23,228",100,0.44,11.20,260.15,0.00,0.00,11.20,260.15,"43,454.22"
1027,19/07/2022,STB,"22,550","22,550","22,950","23,150","22,450","22,705",400,1.77,11.69,265.45,0.11,2.57,11.80,268.02,"43,265.70"
1028,18/07/2022,STB,"23,000","23,050","22,550","23,400","22,550","22,905",-450,-1.96,14.31,327.68,0.65,14.95,14.96,342.63,"42,511.61"
1029,15/07/2022,STB,"23,300","23,400","23,000","23,750","22,950","23,310",-300,-1.29,16.98,395.86,1.03,22.86,18.01,418.72,"43,359.96"
1030,14/07/2022,STB,"23,050","22,900","23,300","23,350","22,800","23,042",250,1.08,12.88,296.70,0.14,3.12,13.01,299.83,"43,925.53"
1031,13/07/2022,STB,"22,600","22,600","23,050","23,400","22,600","23,090",450,1.99,17.15,396.01,0.65,14.95,17.80,410.96,"43,454.22"
1032,12/07/2022,STB,"22,050","22,150","22,600","22,800","21,950","22,411",550,2.49,12.47,279.45,0.38,8.38,12.85,287.83,"42,605.88"
1033,11/07/2022,STB,"22,500","22,250","22,050","22,450","21,650","21,974",-450,-2.00,21.17,465.20,0.00,0.00,21.17,465.20,"41,569.01"
1034,08/07/2022,STB,"22,600","23,000","22,500","23,050","22,350","22,760",-100,-0.44,15.74,358.24,3.69,84.87,19.43,443.11,"42,417.35"
1035,07/07/2022,STB,"22,500","22,500","22,600","23,150","22,100","22,676",100,0.44,15.94,361.36,1.06,22.48,17.00,383.84,"42,605.88"
1036,06/07/2022,STB,"23,050","22,600","22,500","23,400","22,450","22,833",-550,-2.39,17.73,404.73,0.00,0.00,17.73,404.73,"42,417.35"
1037,05/07/2022,STB,"22,350","22,400","23,050","23,600","22,350","22,962",700,3.13,30.05,689.99,0.00,0.00,30.05,689.99,"43,454.22"
1038,04/07/2022,STB,"22,000","22,300","22,350","22,950","22,100","22,473",350,1.59,22.13,497.39,0.00,0.00,22.13,497.39,"42,134.57"
1039,01/07/2022,STB,"21,500","21,400","22,000","22,050","20,700","21,198",500,2.33,16.87,357.61,0.03,0.60,16.90,358.21,"41,474.75"
1040,30/06/2022,STB,"22,600","22,550","21,500","22,750","21,500","22,055","-1,100",-4.87,18.79,414.40,5.10,107.36,23.89,521.76,"40,532.14"
1041,29/06/2022,STB,"22,550","22,100","22,600","23,300","22,100","22,744",50,0.22,13.81,314.06,0.00,0.00,13.81,314.06,"42,605.88"
1042,28/06/2022,STB,"21,500","21,500","22,550","22,800","21,350","22,324","1,050",4.88,24.89,555.60,1.06,21.20,25.95,576.80,"42,511.61"
1043,27/06/2022,STB,"21,200","21,400","21,500","21,750","21,150","21,479",300,1.42,9.79,210.21,0.84,16.59,10.63,226.80,"40,532.14"
1044,24/06/2022,STB,"21,300","21,300","21,200","21,800","21,050","21,457",-100,-0.47,11.60,248.83,0.00,0.00,11.60,248.83,"39,966.57"
1045,23/06/2022,STB,"20,500","20,150","21,300","21,700","20,150","20,908",800,3.90,15.47,323.35,0.00,0.00,15.47,323.35,"40,155.09"
1046,22/06/2022,STB,"19,200","19,700","20,500","20,500","19,600","20,121","1,300",6.77,9.69,194.97,1.05,20.52,10.74,215.48,"38,646.92"
1047,21/06/2022,STB,"18,850","18,850","19,200","19,600","18,700","19,238",350,1.86,10.84,208.55,0.00,0.00,10.84,208.55,"36,196.14"
1048,20/06/2022,STB,"20,250","20,300","18,850","20,550","18,850","19,597","-1,400",-6.91,16.89,331.09,0.75,16.13,17.64,347.21,"35,536.32"
1049,17/06/2022,STB,"21,000","20,500","20,250","20,500","19,800","20,089",-750,-3.57,12.49,250.96,3.60,75.46,16.09,326.42,"38,175.62"
1050,16/06/2022,STB,"20,700","21,100","21,000","21,250","20,800","21,030",300,1.45,11.25,236.49,0.23,4.80,11.48,241.29,"39,589.53"
1051,15/06/2022,STB,"20,900","21,000","20,700","21,050","19,950","20,449",-200,-0.96,13.26,271.20,2.30,48.54,15.56,319.73,"39,023.97"
1052,14/06/2022,STB,"20,600","20,350","20,900","21,250","20,350","20,773",300,1.46,12.47,259.09,3.54,74.31,16.01,333.40,"39,401.01"
1053,13/06/2022,STB,"21,900","21,050","20,600","21,600","20,500","20,931","-1,300",-5.94,16.68,349.14,0.00,0.00,16.68,349.14,"38,835.44"
1054,10/06/2022,STB,"22,300","21,800","21,900","22,700","21,750","22,222",-400,-1.79,17.45,387.69,2.72,61.17,20.17,448.87,"41,286.22"
1055,09/06/2022,STB,"21,600","22,250","22,300","22,350","21,700","22,022",700,3.24,16.07,353.92,3.62,79.62,19.69,433.54,"42,040.31"
1056,08/06/2022,STB,"20,200","20,400","21,600","21,600","20,300","21,166","1,400",6.93,11.49,243.28,0.00,0.00,11.49,243.28,"40,720.66"
1057,07/06/2022,STB,"20,500","20,500","20,200","20,550","19,800","20,097",-300,-1.46,16.80,337.58,0.41,8.55,17.21,346.13,"38,081.36"
1058,06/06/2022,STB,"21,150","21,150","20,500","21,400","20,500","20,901",-650,-3.07,17.16,358.72,3.79,83.68,20.95,442.40,"38,646.92"
1059,03/06/2022,STB,"21,550","21,500","21,150","21,700","20,950","21,296",-400,-1.86,12.08,257.33,0.61,13.97,12.69,271.30,"39,872.31"
1060,02/06/2022,STB,"22,250","22,350","21,550","22,400","21,450","21,983",-700,-3.15,15.93,350.19,0.00,0.00,15.93,350.19,"40,626.40"
1061,01/06/2022,STB,"22,350","22,300","22,250","22,600","22,000","22,316",-100,-0.45,14.73,328.66,1.11,25.45,15.84,354.10,"41,946.05"
1062,31/05/2022,STB,"22,800","22,600","22,350","22,800","22,350","22,533",-450,-1.97,12.81,288.70,0.61,14.73,13.42,303.43,"42,134.57"
1063,30/05/2022,STB,"22,250","22,450","22,800","23,000","22,250","22,730",550,2.47,16.39,372.56,0.00,0.00,16.39,372.56,"42,982.92"
1064,27/05/2022,STB,"22,400","22,500","22,250","22,700","22,100","22,352",-150,-0.67,15.04,336.18,1.89,40.99,16.93,377.17,"41,946.05"
1065,26/05/2022,STB,"22,750","22,600","22,400","22,750","22,300","22,503",-350,-1.54,15.27,343.53,1.58,33.72,16.85,377.25,"42,228.83"
1066,25/05/2022,STB,"21,750","22,000","22,750","22,850","22,000","22,599","1,000",4.60,20.35,459.92,0.00,0.00,20.35,459.92,"42,888.66"
1067,24/05/2022,STB,"20,350","20,350","21,750","21,750","20,100","20,972","1,400",6.88,17.95,376.49,1.89,41.08,19.84,417.57,"41,003.44"
1068,23/05/2022,STB,"21,600","21,750","20,350","21,750","20,150","20,819","-1,250",-5.79,30.82,641.72,0.96,21.57,31.78,663.28,"38,364.14"
1069,20/05/2022,STB,"21,750","21,750","21,600","22,050","21,500","21,714",-150,-0.69,14.33,311.14,0.00,0.00,14.33,311.14,"40,720.66"
1070,19/05/2022,STB,"21,750","21,300","21,750","22,400","21,250","21,977",0,0.00,22.22,488.37,1.68,37.31,23.90,525.67,"41,003.44"
1071,18/05/2022,STB,"20,350","20,950","21,750","21,750","20,700","21,601","1,400",6.88,27.10,585.41,2.70,56.53,29.80,641.94,"41,003.44"
1072,17/05/2022,STB,"19,050","18,700","20,350","20,350","18,600","19,684","1,300",6.82,30.82,606.64,1.06,19.82,31.88,626.46,"38,364.14"
1073,16/05/2022,STB,"20,450","21,100","19,050","21,300","19,050","19,801","-1,400",-6.85,35.19,696.80,2.05,44.36,37.24,741.16,"35,913.36"
1074,13/05/2022,STB,"21,950","21,500","20,450","21,950","20,450","20,772","-1,500",-6.83,22.54,468.15,1.33,28.75,23.87,496.90,"38,552.66"
1075,12/05/2022,STB,"23,550","23,450","21,950","23,450","21,950","22,409","-1,600",-6.79,24.21,542.64,2.20,49.85,26.41,592.49,"41,380.48"
1076,11/05/2022,STB,"23,900","23,900","23,550","24,000","22,800","23,356",-350,-1.46,13.07,305.22,4.64,118.52,17.71,423.74,"44,396.83"
1077,10/05/2022,STB,"23,750","22,550","23,900","23,900","22,550","23,110",150,0.63,18.39,425.03,0.95,22.68,19.34,447.71,"45,056.66"
1078,09/05/2022,STB,"25,500","25,100","23,750","25,100","23,750","23,962","-1,750",-6.86,23.97,574.43,0.35,9.03,24.32,583.46,"44,773.87"
1079,06/05/2022,STB,"26,900","26,000","25,500","26,600","25,400","25,850","-1,400",-5.20,15.25,394.09,5.95,169.02,21.20,563.11,"48,073.00"
1080,05/05/2022,STB,"26,750","27,000","26,900","27,050","25,900","26,481",150,0.56,13.51,357.64,1.00,26.00,14.51,383.64,"50,712.30"
1081,04/05/2022,STB,"27,700","27,700","26,750","27,700","26,700","27,049",-950,-3.43,8.98,242.88,0.00,0.00,8.98,242.88,"50,429.52"
1082,29/04/2022,STB,"27,700","27,550","27,700","28,150","27,400","27,831",0,0.00,11.17,310.84,1.69,47.89,12.86,358.73,"52,220.48"
1083,28/04/2022,STB,"28,200","27,850","27,700","28,200","27,400","27,758",-500,-1.77,6.52,181.09,0.03,0.96,6.56,182.05,"52,220.48"
1084,27/04/2022,STB,"27,400","27,000","28,200","28,200","26,450","27,189",800,2.92,8.59,233.66,0.08,2.27,8.68,235.92,"53,163.08"
1085,26/04/2022,STB,"26,800","26,600","27,400","27,500","25,650","26,759",600,2.24,11.11,297.42,0.20,5.73,11.31,303.15,"51,654.91"
1086,25/04/2022,STB,"28,800","28,800","26,800","29,000","26,800","27,335","-2,000",-6.94,14.39,393.25,0.10,2.77,14.48,396.02,"50,523.78"
1087,22/04/2022,STB,"27,650","28,100","28,800","29,000","27,800","28,449","1,150",4.16,11.53,328.04,0.00,0.00,11.53,328.04,"54,294.21"
1088,21/04/2022,STB,"27,550","27,400","27,650","28,350","27,100","27,756",100,0.36,9.90,274.85,0.52,14.72,10.42,289.57,"52,126.21"
1089,20/04/2022,STB,"27,500","27,800","27,550","28,200","27,450","27,788",50,0.18,12.02,334.13,0.10,2.79,12.12,336.93,"51,937.69"
1090,19/04/2022,STB,"29,000","29,100","27,500","29,400","27,500","28,622","-1,500",-5.17,15.85,453.71,0.00,0.00,15.85,453.71,"51,843.43"
1091,18/04/2022,STB,"30,100","30,100","29,000","30,200","29,000","29,463","-1,100",-3.65,14.86,437.70,0.92,28.20,15.78,465.90,"54,671.26"
1092,15/04/2022,STB,"30,800","30,700","30,100","31,000","30,100","30,602",-700,-2.27,10.46,320.15,0.00,0.00,10.46,320.15,"56,744.99"
1093,14/04/2022,STB,"31,350","31,350","30,800","31,500","30,750","31,087",-550,-1.75,6.47,201.06,0.56,16.86,7.03,217.92,"58,064.64"
1094,13/04/2022,STB,"30,800","31,000","31,350","31,500","30,700","31,051",550,1.79,6.92,215.01,1.70,52.19,8.62,267.19,"59,101.51"
1095,12/04/2022,STB,"31,000","31,150","30,800","31,450","30,500","30,848",-200,-0.65,9.62,296.90,0.50,16.00,10.12,312.90,"58,064.64"
1096,08/04/2022,STB,"31,900","31,900","31,000","31,950","30,900","31,399",-900,-2.82,18.75,588.58,0.00,0.00,18.75,588.58,"58,441.69"
1097,07/04/2022,STB,"32,350","32,400","31,900","32,900","31,750","32,288",-450,-1.39,11.48,370.62,1.58,50.63,13.06,421.25,"60,138.38"
1098,06/04/2022,STB,"31,800","31,800","32,350","32,600","31,550","32,055",550,1.73,12.15,389.52,0.00,0.00,12.15,389.52,"60,986.73"
1099,05/04/2022,STB,"32,200","32,050","31,800","32,300","31,800","32,035",-400,-1.24,8.73,279.66,0.76,22.61,9.48,302.28,"59,949.86"
1100,04/04/2022,STB,"32,200","32,500","32,200","32,700","32,150","32,378",0,0.00,10.19,329.97,0.63,20.20,10.82,350.17,"60,703.95"
1101,01/04/2022,STB,"31,700","31,650","32,200","32,250","31,550","31,984",500,1.58,9.16,292.85,0.00,0.00,9.16,292.85,"60,703.95"
1102,31/03/2022,STB,"32,250","32,100","31,700","32,450","31,700","31,961",-550,-1.71,9.02,288.40,0.06,2.17,9.09,290.57,"59,761.34"
1103,30/03/2022,STB,"32,300","31,950","32,250","32,650","31,500","32,114",-50,-0.15,15.93,511.63,1.20,37.86,17.13,549.49,"60,798.21"
1104,29/03/2022,STB,"31,850","32,100","32,300","32,350","31,750","32,125",450,1.41,12.69,407.82,0.17,5.71,12.86,413.52,"60,892.47"
1105,28/03/2022,STB,"33,650","33,500","31,850","33,550","31,800","32,454","-1,800",-5.35,36.75,"1,192.64",1.57,53.70,38.32,"1,246.34","60,044.12"
1106,25/03/2022,STB,"33,650","33,600","33,650","34,000","33,600","33,708",0,0.00,11.34,382.38,0.20,6.81,11.54,389.19,"63,437.51"
1107,24/03/2022,STB,"34,000","34,000","33,650","34,050","33,600","33,844",-350,-1.03,9.92,335.79,0.16,5.63,10.08,341.42,"63,437.51"
1108,23/03/2022,STB,"34,050","34,000","34,000","34,300","33,650","34,024",-50,-0.15,15.50,527.32,1.67,56.59,17.16,583.90,"64,097.33"
1109,22/03/2022,STB,"33,100","33,350","34,050","34,200","33,350","33,921",950,2.87,24.58,833.92,0.50,17.02,25.08,850.95,"64,191.60"
1110,21/03/2022,STB,"33,100","33,100","33,100","33,450","32,800","33,035",0,0.00,12.85,424.57,2.00,66.20,14.85,490.77,"62,400.64"
1111,18/03/2022,STB,"32,800","32,800","33,100","33,250","32,550","33,003",300,0.91,26.73,882.30,0.05,1.70,26.79,884.00,"62,400.64"
1112,17/03/2022,STB,"32,900","33,000","32,800","33,150","32,650","32,868",-100,-0.30,10.88,357.76,0.00,0.00,10.88,357.76,"61,835.08"
1113,16/03/2022,STB,"32,700","32,800","32,900","32,950","32,550","32,696",200,0.61,11.15,364.52,0.10,3.25,11.25,367.76,"62,023.60"
1114,15/03/2022,STB,"32,500","32,500","32,700","33,150","32,350","32,852",200,0.62,17.47,573.99,0.60,19.20,18.07,593.19,"61,646.55"
1115,14/03/2022,STB,"32,050","32,050","32,500","32,600","31,850","32,297",450,1.40,20.98,677.54,0.14,4.53,21.12,682.07,"61,269.51"
1116,11/03/2022,STB,"31,550","31,400","32,050","32,450","31,300","31,915",500,1.58,15.99,510.25,0.00,0.00,15.99,510.25,"60,421.16"
1117,10/03/2022,STB,"31,100","31,750","31,550","32,000","31,550","31,713",450,1.45,12.22,387.53,1.04,33.23,13.26,420.75,"59,478.56"
1118,09/03/2022,STB,"30,850","31,000","31,100","31,300","30,500","30,860",250,0.81,14.91,460.15,0.03,0.85,14.94,461.00,"58,630.21"
1119,08/03/2022,STB,"31,500","31,050","30,850","31,650","30,650","31,175",-650,-2.06,16.48,513.70,1.25,39.38,17.73,553.08,"58,158.90"
1120,07/03/2022,STB,"32,000","31,200","31,500","32,000","31,200","31,566",-500,-1.56,16.73,528.01,1.60,51.37,18.33,579.39,"59,384.30"
1121,04/03/2022,STB,"31,850","31,850","32,000","32,550","31,500","32,122",150,0.47,13.26,425.85,0.32,10.31,13.58,436.17,"60,326.90"
1122,03/03/2022,STB,"31,250","31,550","31,850","31,900","31,100","31,450",600,1.92,19.79,622.42,0.29,8.86,20.08,631.28,"60,044.12"
1123,02/03/2022,STB,"32,650","32,500","31,250","32,550","31,100","31,784","-1,400",-4.29,45.28,"1,439.04",0.68,21.76,45.96,"1,460.80","58,912.99"
1124,01/03/2022,STB,"32,850","33,000","32,650","33,000","32,650","32,820",-200,-0.61,16.92,555.31,0.30,9.84,17.22,565.15,"61,552.29"
1125,28/02/2022,STB,"33,000","33,000","32,850","33,350","32,800","33,023",-150,-0.45,16.46,543.51,0.37,12.88,16.82,556.40,"61,929.34"
1126,25/02/2022,STB,"32,900","33,100","33,000","33,550","32,900","33,226",100,0.30,17.79,591.07,0.06,1.84,17.85,592.91,"62,212.12"
1127,24/02/2022,STB,"33,600","33,400","32,900","33,700","32,000","32,877",-700,-2.08,30.48,"1,002.04",0.62,20.65,31.10,"1,022.69","62,023.60"
1128,23/02/2022,STB,"33,700","33,900","33,600","33,950","33,600","33,792",-100,-0.30,13.87,468.56,0.13,3.95,13.99,472.51,"63,343.25"
1129,22/02/2022,STB,"33,200","32,900","33,700","33,700","32,800","33,168",500,1.51,24.42,809.81,0.00,0.00,24.42,809.81,"63,531.77"
1130,21/02/2022,STB,"33,350","33,350","33,200","33,550","32,800","33,084",-150,-0.45,21.15,699.75,0.31,10.16,21.46,709.92,"62,589.16"
1131,18/02/2022,STB,"33,900","33,600","33,350","33,800","33,200","33,474",-550,-1.62,18.49,619.10,0.00,0.00,18.49,619.10,"62,871.94"
1132,17/02/2022,STB,"33,600","33,600","33,900","34,250","33,450","33,764",300,0.89,15.74,531.42,0.00,0.00,15.74,531.42,"63,908.81"
1133,16/02/2022,STB,"33,500","33,750","33,600","34,100","33,100","33,569",100,0.30,20.06,673.30,0.00,0.00,20.06,673.30,"63,343.25"
1134,15/02/2022,STB,"32,850","33,100","33,500","33,900","32,700","33,255",650,1.98,31.17,"1,036.55",0.94,32.90,32.11,"1,069.45","63,154.73"
1135,14/02/2022,STB,"35,300","34,850","32,850","35,000","32,850","34,089","-2,450",-6.94,37.42,"1,275.67",0.17,5.81,37.59,"1,281.47","61,929.34"
1136,11/02/2022,STB,"34,750","34,750","35,300","35,350","34,450","34,877",550,1.58,18.45,643.50,0.00,0.00,18.45,643.50,"66,548.11"
1137,10/02/2022,STB,"35,050","35,000","34,750","35,250","34,200","34,769",-300,-0.86,33.96,"1,180.76",0.94,32.90,34.90,"1,213.66","65,511.25"
1138,09/02/2022,STB,"35,850","36,000","35,050","36,700","35,000","35,865",-800,-2.23,32.93,"1,180.99",0.50,17.80,33.43,"1,198.79","66,076.81"
1139,08/02/2022,STB,"35,600","35,350","35,850","36,200","35,350","35,764",250,0.70,18.82,673.22,0.13,4.25,18.95,677.47,"67,584.98"
1140,07/02/2022,STB,"35,550","36,000","35,600","36,300","35,450","35,815",50,0.14,18.65,668.04,1.92,69.12,20.57,737.16,"67,113.68"
1141,28/01/2022,STB,"35,400","35,200","35,550","36,200","35,200","35,698",150,0.42,22.21,792.94,0.05,1.65,22.26,794.59,"67,019.42"
1142,27/01/2022,STB,"35,550","35,300","35,400","35,950","34,750","35,221",-150,-0.42,23.70,834.63,0.06,2.28,23.76,836.91,"66,736.64"
1143,26/01/2022,STB,"34,700","35,000","35,550","36,500","34,800","35,791",850,2.45,48.91,"1,750.41",0.02,0.79,48.93,"1,751.20","67,019.42"
1144,25/01/2022,STB,"33,300","33,100","34,700","34,800","33,000","33,896","1,400",4.20,24.09,816.63,1.65,51.15,25.74,867.78,"65,416.99"
1145,24/01/2022,STB,"34,600","34,400","33,300","34,950","33,000","34,091","-1,300",-3.76,30.19,"1,029.12",0.00,0.00,30.19,"1,029.12","62,777.68"
1146,21/01/2022,STB,"33,800","33,600","34,600","35,250","33,350","34,399",800,2.37,39.14,"1,346.42",0.26,8.45,39.40,"1,354.86","65,228.46"
1147,20/01/2022,STB,"32,900","32,600","33,800","33,900","31,800","32,803",900,2.74,30.98,"1,016.37",0.47,15.26,31.45,"1,031.63","63,720.29"
1148,19/01/2022,STB,"33,900","34,300","32,900","34,400","32,700","33,310","-1,000",-2.95,20.80,692.92,1.69,58.61,22.49,751.53,"62,023.60"
1149,18/01/2022,STB,"32,600","32,600","33,900","34,500","32,550","33,459","1,300",3.99,39.68,"1,327.53",0.12,3.80,39.80,"1,331.34","63,908.81"
1150,17/01/2022,STB,"35,000","35,500","32,600","35,600","32,600","34,367","-2,400",-6.86,44.37,"1,524.89",0.47,16.17,44.84,"1,541.06","61,458.03"
1151,14/01/2022,STB,"34,300","33,800","35,000","35,450","33,750","34,496",700,2.04,26.70,920.96,2.30,77.59,29.00,998.54,"65,982.55"
1152,13/01/2022,STB,"34,700","35,400","34,300","36,200","34,300","35,286",-400,-1.15,43.95,"1,550.75",0.64,20.59,44.59,"1,571.34","64,662.90"
1153,12/01/2022,STB,"32,450","32,500","34,700","34,700","31,650","33,600","2,250",6.93,62.42,"2,097.41",0.63,20.81,63.05,"2,118.22","65,416.99"
1154,11/01/2022,STB,"31,600","31,800","32,450","33,300","31,700","32,626",850,2.69,29.60,965.60,0.31,10.38,29.90,975.98,"61,175.25"
1155,10/01/2022,STB,"31,950","31,950","31,600","32,950","31,150","31,908",-350,-1.10,28.38,905.44,0.58,18.94,28.95,924.38,"59,572.82"
1156,07/01/2022,STB,"32,700","32,700","31,950","32,950","31,950","32,311",-750,-2.29,28.17,910.08,1.00,32.83,29.17,942.90,"60,232.64"
1157,06/01/2022,STB,"32,550","32,500","32,700","33,900","32,400","33,299",150,0.46,38.54,"1,283.25",0.38,11.63,38.91,"1,294.88","61,646.55"
1158,05/01/2022,STB,"32,100","31,900","32,550","32,800","31,700","32,196",450,1.40,36.94,"1,189.29",0.44,13.26,37.38,"1,202.55","61,363.77"
1159,04/01/2022,STB,"31,500","32,000","32,100","32,850","31,700","32,349",600,1.90,32.86,"1,063.03",1.31,42.10,34.17,"1,105.13","60,515.42"
1160,31/12/2021,STB,"30,500","30,700","31,500","32,300","30,500","31,729","1,000",3.28,35.41,"1,123.51",0.81,24.71,36.22,"1,148.22","59,384.30"
1161,30/12/2021,STB,"29,500","29,600","30,500","31,050","29,600","30,645","1,000",3.39,26.16,801.58,2.61,74.96,28.77,876.54,"57,499.08"
1162,29/12/2021,STB,"30,050","30,500","29,500","30,800","29,500","30,153",-550,-1.83,16.20,488.53,0.24,6.77,16.44,495.29,"55,613.86"
1163,28/12/2021,STB,"28,100","28,250","30,050","30,050","28,050","29,552","1,950",6.94,45.05,"1,331.23",0.31,8.03,45.35,"1,339.26","56,650.73"
1164,27/12/2021,STB,"28,200","28,450","28,100","28,450","27,850","28,158",-100,-0.35,7.41,208.52,1.02,27.44,8.42,235.96,"52,974.56"
1165,24/12/2021,STB,"27,400","27,400","28,200","28,250","27,400","27,804",800,2.92,10.41,289.46,0.00,0.00,10.41,289.46,"53,163.08"
1166,23/12/2021,STB,"27,650","27,600","27,400","27,800","26,900","27,330",-250,-0.90,14.27,389.88,0.55,15.80,14.81,405.68,"51,654.91"
1167,22/12/2021,STB,"28,200","28,450","27,650","28,600","27,200","28,012",-550,-1.95,12.05,337.59,0.37,10.97,12.42,348.56,"52,126.21"
1168,21/12/2021,STB,"28,650","28,650","28,200","28,800","28,200","28,425",-450,-1.57,9.48,269.48,0.00,0.00,9.48,269.48,"53,163.08"
1169,20/12/2021,STB,"28,300","28,250","28,650","28,700","28,150","28,483",350,1.24,13.06,371.95,0.96,27.25,14.02,399.20,"54,011.43"
1170,17/12/2021,STB,"28,600","28,650","28,300","28,700","28,000","28,428",-300,-1.05,9.27,263.51,0.32,8.40,9.59,271.91,"53,351.60"
1171,16/12/2021,STB,"28,350","28,700","28,600","28,700","28,000","28,474",250,0.88,11.08,315.62,3.55,104.72,14.63,420.34,"53,917.17"
1172,15/12/2021,STB,"28,100","28,100","28,350","28,900","27,700","28,338",250,0.89,15.19,430.50,1.59,43.69,16.79,474.19,"53,445.87"
1173,14/12/2021,STB,"28,650","28,550","28,100","28,800","28,100","28,349",-550,-1.92,11.43,323.93,0.37,11.36,11.80,335.29,"52,974.56"
1174,13/12/2021,STB,"28,600","28,600","28,650","29,000","28,350","28,655",50,0.17,10.71,306.87,0.12,3.43,10.83,310.30,"54,011.43"
1175,10/12/2021,STB,"28,850","28,850","28,600","29,050","28,400","28,759",-250,-0.87,9.89,284.49,0.50,15.43,10.39,299.92,"53,917.17"
1176,09/12/2021,STB,"28,600","28,500","28,850","28,900","28,400","28,716",250,0.87,11.92,342.16,0.82,22.46,12.73,364.63,"54,388.47"
1177,08/12/2021,STB,"28,050","28,050","28,600","28,800","27,800","28,350",550,1.96,15.75,446.46,0.00,0.00,15.75,446.46,"53,917.17"
1178,07/12/2021,STB,"27,000","27,300","28,050","28,100","26,900","27,560","1,050",3.89,12.83,353.57,0.00,0.00,12.83,353.57,"52,880.30"
1179,06/12/2021,STB,"28,000","28,000","27,000","28,400","26,400","27,488","-1,000",-3.57,26.47,727.67,0.54,14.74,27.01,742.41,"50,900.82"
1180,03/12/2021,STB,"29,300","29,400","28,000","29,550","28,000","28,830","-1,300",-4.44,23.48,677.01,0.30,8.19,23.78,685.20,"52,786.04"
1181,02/12/2021,STB,"29,900","29,900","29,300","30,050","29,300","29,681",-600,-2.01,13.46,399.46,0.00,0.00,13.46,399.46,"55,236.82"
1182,01/12/2021,STB,"28,900","28,800","29,900","29,900","28,750","29,190","1,000",3.46,19.24,561.71,0.36,9.71,19.60,571.41,"56,367.95"
1183,30/11/2021,STB,"29,900","30,250","28,900","30,300","28,650","29,491","-1,000",-3.34,35.42,"1,044.58",0.30,9.57,35.72,"1,054.15","54,482.73"
1184,29/11/2021,STB,"30,850","30,100","29,900","30,600","29,800","30,121",-950,-3.08,38.63,"1,163.72",0.00,0.00,38.63,"1,163.72","56,367.95"
1185,26/11/2021,STB,"30,650","30,700","30,850","31,450","30,500","30,959",200,0.65,29.14,902.12,0.20,5.71,29.34,907.83,"58,158.90"
1186,25/11/2021,STB,"30,450","31,000","30,650","31,250","30,350","30,783",200,0.66,28.51,877.54,0.00,0.00,28.51,877.54,"57,781.86"
1187,24/11/2021,STB,"28,500","28,500","30,450","30,450","28,350","29,822","1,950",6.84,67.32,"2,007.59",0.18,4.92,67.50,"2,012.51","57,404.82"
1188,23/11/2021,STB,"28,800","28,950","28,500","28,950","28,300","28,568",-300,-1.04,10.73,306.54,0.00,0.00,10.73,306.54,"53,728.65"
1189,22/11/2021,STB,"27,900","28,000","28,800","29,500","27,900","28,801",900,3.23,35.71,"1,028.51",0.65,17.52,36.36,"1,046.03","54,294.21"
1190,19/11/2021,STB,"27,650","27,700","27,900","28,450","27,000","27,948",250,0.90,22.04,615.99,1.10,28.95,23.14,644.94,"52,597.52"
1191,18/11/2021,STB,"28,000","28,150","27,650","28,150","27,550","27,861",-350,-1.25,12.18,339.24,0.06,1.64,12.23,340.89,"52,126.21"
1192,17/11/2021,STB,"28,050","28,100","28,000","28,300","27,600","28,086",-50,-0.18,10.32,289.98,0.03,0.82,10.35,290.80,"52,786.04"
1193,16/11/2021,STB,"27,950","28,000","28,050","28,800","27,700","28,329",100,0.36,22.04,624.23,2.10,60.06,24.13,684.28,"52,880.30"
1194,15/11/2021,STB,"28,100","28,400","27,950","28,400","27,650","28,039",-150,-0.53,12.70,356.04,0.70,18.32,13.40,374.36,"52,691.78"
1195,12/11/2021,STB,"27,700","27,450","28,100","28,450","27,300","27,773",400,1.44,17.02,472.62,0.03,0.83,17.05,473.45,"52,974.56"
1196,11/11/2021,STB,"28,450","28,550","27,700","28,600","27,700","28,031",-750,-2.64,22.52,631.36,0.36,9.54,22.88,640.90,"52,220.48"
1197,10/11/2021,STB,"28,100","28,200","28,450","28,750","28,150","28,426",350,1.25,16.09,457.47,0.00,0.00,16.09,457.47,"53,634.39"
1198,09/11/2021,STB,"27,850","28,050","28,100","28,800","27,300","28,274",250,0.90,26.35,745.09,0.40,10.38,26.75,755.48,"52,974.56"
1199,08/11/2021,STB,"27,650","27,650","27,850","28,000","27,300","27,593",200,0.72,22.64,624.62,0.00,0.00,22.64,624.62,"52,503.26"
1200,05/11/2021,STB,"27,450","27,500","27,650","27,750","27,350","27,575",200,0.73,9.44,260.29,0.31,8.53,9.75,268.82,"52,126.21"
1201,04/11/2021,STB,"27,900","27,900","27,450","28,150","27,450","27,793",-450,-1.61,13.51,375.48,0.08,2.38,13.59,377.86,"51,749.17"
1202,03/11/2021,STB,"26,650","26,800","27,900","28,450","26,500","27,546","1,250",4.69,41.00,"1,129.49",0.16,4.00,41.16,"1,133.49","52,597.52"
1203,02/11/2021,STB,"26,600","26,700","26,650","26,800","26,500","26,616",50,0.19,9.86,262.36,1.41,38.91,11.27,301.26,"50,241.00"
1204,01/11/2021,STB,"26,600","26,600","26,600","27,050","26,200","26,759",0,0.00,14.69,393.22,0.00,0.00,14.69,393.22,"50,146.74"
1205,29/10/2021,STB,"26,700","26,600","26,600","26,700","26,200","26,484",-100,-0.37,10.00,264.96,0.77,21.80,10.77,286.76,"50,146.74"
1206,28/10/2021,STB,"26,500","26,600","26,700","26,700","26,000","26,536",200,0.75,11.06,293.42,0.00,0.00,11.06,293.42,"50,335.26"
1207,27/10/2021,STB,"25,600","25,750","26,500","26,650","25,650","26,243",900,3.52,18.10,475.05,1.20,31.41,19.30,506.46,"49,958.22"
1208,26/10/2021,STB,"25,600","25,600","25,600","25,750","25,200","25,482",0,0.00,10.16,259.00,0.00,0.00,10.16,259.00,"48,261.52"
1209,25/10/2021,STB,"26,200","26,000","25,600","26,250","25,600","25,901",-600,-2.29,15.09,390.92,0.00,0.00,15.09,390.92,"48,261.52"
1210,22/10/2021,STB,"26,100","26,400","26,200","26,400","26,000","26,161",100,0.38,6.24,163.29,0.20,5.16,6.44,168.45,"49,392.65"
1211,21/10/2021,STB,"26,300","26,500","26,100","26,600","26,000","26,293",-200,-0.76,8.67,227.83,0.00,0.00,8.67,227.83,"49,204.13"
1212,20/10/2021,STB,"26,200","26,400","26,300","26,750","25,650","26,231",100,0.38,14.90,390.95,1.24,33.05,16.14,424.00,"49,581.17"
1213,19/10/2021,STB,"26,900","26,900","26,200","26,950","26,200","26,624",-700,-2.60,8.32,221.42,0.14,3.75,8.46,225.17,"49,392.65"
1214,18/10/2021,STB,"26,850","27,000","26,900","27,200","26,850","27,011",50,0.19,14.77,398.90,0.21,5.57,14.98,404.47,"50,712.30"
1215,15/10/2021,STB,"26,400","26,500","26,850","27,200","26,400","26,846",450,1.70,18.82,505.33,0.64,17.28,19.46,522.61,"50,618.04"
1216,14/10/2021,STB,"26,250","26,200","26,400","26,700","26,200","26,419",150,0.57,8.76,231.45,0.10,2.63,8.86,234.08,"49,769.69"
1217,13/10/2021,STB,"26,600","26,700","26,250","26,750","26,200","26,500",-350,-1.32,9.60,254.34,0.00,0.00,9.60,254.34,"49,486.91"
1218,12/10/2021,STB,"26,500","26,750","26,600","26,800","26,350","26,574",100,0.38,11.68,310.38,0.05,1.24,11.73,311.62,"50,146.74"
1219,11/10/2021,STB,"25,700","25,900","26,500","26,600","25,900","26,314",800,3.11,16.46,433.02,0.00,0.00,16.46,433.02,"49,958.22"
1220,08/10/2021,STB,"25,500","25,600","25,700","26,000","25,300","25,729",200,0.78,9.33,239.99,0.25,6.44,9.58,246.43,"48,450.04"
1221,07/10/2021,STB,"25,500","25,500","25,500","25,750","24,900","25,403",0,0.00,10.02,254.42,0.00,0.00,10.02,254.42,"48,073.00"
1222,06/10/2021,STB,"25,750","25,800","25,500","25,800","25,450","25,548",-250,-0.97,11.70,298.87,0.00,0.00,11.70,298.87,"48,073.00"
1223,05/10/2021,STB,"24,300","24,400","25,750","25,750","24,400","24,989","1,450",5.97,13.48,336.83,0.20,5.19,13.68,342.02,"48,544.30"
1224,04/10/2021,STB,"24,700","24,500","24,300","24,800","24,050","24,416",-400,-1.62,15.74,384.34,0.97,24.22,16.71,408.56,"45,810.74"
1225,01/10/2021,STB,"25,700","25,650","24,700","25,650","24,500","25,081","-1,000",-3.89,24.15,605.58,0.44,10.44,24.58,616.02,"46,564.83"
1226,30/09/2021,STB,"25,800","25,850","25,700","26,150","25,700","25,922",-100,-0.39,10.10,261.89,0.00,0.00,10.10,261.89,"48,450.04"
1227,29/09/2021,STB,"26,550","26,500","25,800","26,550","25,700","26,025",-750,-2.82,19.93,518.72,0.03,0.80,19.96,519.51,"48,638.57"
1228,28/09/2021,STB,"26,500","26,350","26,550","26,600","26,200","26,442",50,0.19,9.95,263.10,0.03,0.80,9.98,263.90,"50,052.48"
1229,27/09/2021,STB,"26,750","27,000","26,500","27,100","26,500","26,726",-250,-0.93,10.52,281.16,1.40,35.04,11.92,316.19,"49,958.22"
1230,24/09/2021,STB,"26,600","26,700","26,750","27,200","26,600","26,838",150,0.56,13.85,371.70,2.14,53.70,15.99,425.39,"50,429.52"
1231,23/09/2021,STB,"26,700","26,750","26,600","27,000","26,600","26,736",-100,-0.37,12.78,341.60,0.00,0.00,12.78,341.60,"50,146.74"
1232,22/09/2021,STB,"26,800","26,800","26,700","26,850","26,550","26,697",-100,-0.37,8.39,224.12,0.14,3.83,8.53,227.95,"50,335.26"
1233,21/09/2021,STB,"27,100","26,850","26,800","27,050","26,500","26,778",-300,-1.11,14.21,380.56,2.48,70.87,16.69,451.44,"50,523.78"
1234,20/09/2021,STB,"26,800","27,000","27,100","27,500","26,900","27,203",300,1.12,17.46,474.95,2.24,57.27,19.70,532.22,"51,089.35"
1235,17/09/2021,STB,"26,750","26,900","26,800","27,100","26,700","26,825",50,0.19,16.37,438.99,0.23,6.33,16.60,445.32,"50,523.78"
1236,16/09/2021,STB,"26,600","26,900","26,750","26,950","26,600","26,789",150,0.56,5.19,138.96,0.00,0.00,5.19,138.96,"50,429.52"
1237,15/09/2021,STB,"26,650","26,650","26,600","26,900","26,550","26,680",-50,-0.19,10.16,271.01,0.00,0.00,10.16,271.01,"50,146.74"
1238,14/09/2021,STB,"26,900","26,900","26,650","27,200","26,650","26,851",-250,-0.93,12.64,339.36,2.00,57.40,14.64,396.76,"50,241.00"
1239,13/09/2021,STB,"27,200","27,250","26,900","27,300","26,800","27,039",-300,-1.10,10.65,287.87,0.45,12.66,11.10,300.52,"50,712.30"
1240,10/09/2021,STB,"27,350","27,500","27,200","27,600","27,150","27,298",-150,-0.55,10.70,292.08,0.50,13.64,11.20,305.72,"51,277.87"
1241,09/09/2021,STB,"27,300","27,150","27,350","27,500","27,100","27,320",50,0.18,9.34,255.24,0.00,0.00,9.34,255.24,"51,560.65"
1242,08/09/2021,STB,"27,900","27,900","27,300","28,100","27,300","27,660",-600,-2.15,9.67,267.48,0.06,1.56,9.73,269.04,"51,466.39"
1243,07/09/2021,STB,"27,550","27,750","27,900","28,350","27,550","27,987",350,1.27,13.78,385.63,0.50,14.50,14.28,400.13,"52,597.52"
1244,06/09/2021,STB,"27,200","27,200","27,550","27,850","27,100","27,367",350,1.29,16.26,445.05,0.00,0.00,16.26,445.05,"51,937.69"
1245,01/09/2021,STB,"27,350","27,200","27,200","27,500","27,200","27,308",-150,-0.55,10.29,280.93,0.00,0.00,10.29,280.93,"51,277.87"
1246,31/08/2021,STB,"27,900","28,000","27,350","28,000","27,300","27,629",-550,-1.97,11.98,330.93,0.12,3.20,12.09,334.13,"51,560.65"
1247,30/08/2021,STB,"27,300","27,350","27,900","27,950","27,200","27,591",600,2.20,11.73,323.77,0.26,7.11,11.99,330.88,"52,597.52"
1248,27/08/2021,STB,"27,100","27,000","27,300","27,300","26,550","26,891",200,0.74,16.48,443.13,0.24,6.06,16.72,449.19,"51,466.39"
1249,26/08/2021,STB,"27,350","27,500","27,100","27,550","26,850","27,274",-250,-0.91,13.17,359.21,0.14,4.12,13.31,363.32,"51,089.35"
1250,25/08/2021,STB,"27,250","27,350","27,350","27,550","27,100","27,332",100,0.37,8.16,223.14,0.03,0.73,8.19,223.87,"51,560.65"
1251,24/08/2021,STB,"27,000","26,900","27,250","27,850","26,650","27,283",250,0.93,25.86,705.56,0.00,0.00,25.86,705.56,"51,372.13"
1252,23/08/2021,STB,"28,300","28,200","27,000","28,500","27,000","27,773","-1,300",-4.59,29.89,830.14,0.00,0.00,29.89,830.14,"50,900.82"
1253,20/08/2021,STB,"29,950","29,800","28,300","29,900","28,000","28,998","-1,650",-5.51,42.11,"1,221.00",2.92,87.88,45.02,"1,308.88","53,351.60"
1254,19/08/2021,STB,"29,950","29,800","29,950","30,050","29,600","29,797",0,0.00,16.70,497.56,0.00,0.00,16.70,497.56,"56,462.21"
1255,18/08/2021,STB,"30,150","30,000","29,950","30,150","29,550","29,917",-200,-0.66,22.20,664.04,0.70,22.20,22.89,686.25,"56,462.21"
1256,17/08/2021,STB,"30,300","30,300","30,150","30,600","30,000","30,297",-150,-0.50,20.33,615.78,1.73,51.31,22.06,667.09,"56,839.25"
1257,16/08/2021,STB,"29,700","29,850","30,300","30,400","29,400","29,903",600,2.02,24.10,720.53,0.30,9.18,24.40,729.71,"57,122.04"
1258,13/08/2021,STB,"29,600","29,600","29,700","29,800","29,150","29,460",100,0.34,22.96,676.53,0.00,0.00,22.96,676.53,"55,990.91"
1259,12/08/2021,STB,"30,400","30,300","29,600","30,500","29,600","30,089",-800,-2.63,27.94,840.59,0.03,0.90,27.97,841.49,"55,802.39"
1260,11/08/2021,STB,"30,600","30,500","30,400","30,850","30,350","30,595",-200,-0.65,26.16,800.25,0.00,0.00,26.16,800.25,"57,310.56"
1261,10/08/2021,STB,"30,700","30,850","30,600","31,000","30,300","30,626",-100,-0.33,24.37,746.39,0.00,0.00,24.37,746.39,"57,687.60"
1262,09/08/2021,STB,"30,300","30,300","30,700","30,800","30,100","30,485",400,1.32,20.91,637.31,0.11,3.23,21.02,640.54,"57,876.12"
1263,06/08/2021,STB,"31,050","31,000","30,300","31,150","30,300","30,718",-750,-2.42,30.92,949.83,0.10,3.11,31.02,952.93,"57,122.04"
1264,05/08/2021,STB,"30,650","30,600","31,050","31,250","30,300","30,875",400,1.31,30.72,948.52,0.00,0.00,30.72,948.52,"58,535.95"
1265,04/08/2021,STB,"29,800","29,800","30,650","30,800","29,650","30,377",850,2.85,48.35,"1,468.83",0.13,3.87,48.48,"1,472.69","57,781.86"
1266,03/08/2021,STB,"29,300","29,400","29,800","29,800","29,250","29,435",500,1.71,26.54,781.20,0.00,0.00,26.54,781.20,"53,748.87"
1267,02/08/2021,STB,"29,900","29,800","29,300","30,400","29,300","29,808",-600,-2.01,26.51,790.18,0.00,0.00,26.51,790.18,"52,847.05"
1268,30/07/2021,STB,"29,300","29,400","29,900","30,350","29,250","29,794",600,2.05,32.25,960.80,0.00,0.00,32.25,960.80,"53,929.24"
1269,29/07/2021,STB,"28,900","29,100","29,300","29,400","29,000","29,202",400,1.38,16.10,470.23,0.00,0.00,16.10,470.23,"52,847.05"
1270,28/07/2021,STB,"29,100","28,900","28,900","29,450","28,700","29,063",-200,-0.69,17.53,509.57,8.11,242.94,25.64,752.50,"52,125.58"
1271,27/07/2021,STB,"28,700","29,000","29,100","29,750","28,700","29,107",400,1.39,29.76,866.34,0.00,0.00,29.76,866.34,"52,486.31"
1272,26/07/2021,STB,"28,700","28,900","28,700","29,300","28,350","28,769",0,0.00,15.10,434.35,0.03,0.89,15.13,435.24,"51,764.85"
1273,23/07/2021,STB,"28,000","28,300","28,700","29,950","27,900","29,211",700,2.50,63.58,"1,857.39",0.40,11.33,63.98,"1,868.72","51,764.85"
1274,22/07/2021,STB,"27,850","27,850","28,000","28,150","27,650","27,979",150,0.54,16.62,464.93,0.00,0.00,16.62,464.93,"50,502.30"
1275,21/07/2021,STB,"28,100","28,300","27,850","28,400","27,800","28,116",-250,-0.89,14.14,397.69,0.08,2.21,14.22,399.90,"50,231.75"
1276,20/07/2021,STB,"27,500","27,800","28,100","28,100","27,200","27,678",600,2.18,23.88,661.08,0.20,5.80,24.08,666.88,"50,682.66"
1277,19/07/2021,STB,"28,450","27,500","27,500","27,950","26,700","27,365",-950,-3.34,38.56,"1,055.11",1.17,31.84,39.73,"1,086.95","49,600.47"
1278,16/07/2021,STB,"28,800","28,900","28,450","29,100","28,400","28,786",-350,-1.22,19.47,560.61,7.84,221.64,27.31,782.25,"51,313.94"
1279,15/07/2021,STB,"27,400","27,100","28,800","28,800","27,100","28,124","1,400",5.11,25.37,713.46,0.00,0.00,25.37,713.46,"51,945.22"
1280,14/07/2021,STB,"28,700","28,700","27,400","28,700","27,000","27,929","-1,300",-4.53,25.27,705.74,0.00,0.00,25.27,705.74,"49,420.10"
1281,13/07/2021,STB,"28,400","28,800","28,700","29,000","28,050","28,634",300,1.06,18.44,528.08,0.08,2.37,18.52,530.45,"51,764.85"
1282,12/07/2021,STB,"29,100","29,150","28,400","29,200","27,100","27,664",-700,-2.41,62.62,"1,732.20",0.05,1.48,62.67,"1,733.68","51,223.76"
1283,09/07/2021,STB,"30,200","30,000","29,100","30,500","29,000","29,835","-1,100",-3.64,38.41,"1,146.06",0.00,0.00,38.41,"1,146.06","52,486.31"
1284,08/07/2021,STB,"31,050","31,000","30,200","31,300","30,100","30,623",-850,-2.74,32.24,987.31,1.73,53.66,33.97,"1,040.97","54,470.33"
1285,07/07/2021,STB,"30,350","30,650","31,050","31,150","30,000","30,633",700,2.31,41.48,"1,270.69",12.16,376.95,53.64,"1,647.64","56,003.44"
1286,06/07/2021,STB,"32,600","32,800","30,350","33,100","30,350","32,429","-2,250",-6.90,33.66,"1,091.62",0.10,3.04,33.76,"1,094.65","54,740.88"
1287,05/07/2021,STB,"31,500","31,600","32,600","32,600","30,900","31,712","1,100",3.49,53.69,"1,702.52",0.00,0.00,53.69,"1,702.52","58,799.10"
1288,02/07/2021,STB,"31,000","31,100","31,500","31,950","31,100","31,552",500,1.61,41.48,"1,308.72",0.00,0.00,41.48,"1,308.72","56,815.08"
1289,01/07/2021,STB,"30,600","30,600","31,000","31,250","30,450","30,830",400,1.31,29.59,912.24,0.07,2.04,29.66,914.28,"55,913.26"
1290,30/06/2021,STB,"31,000","30,950","30,600","31,400","30,500","30,868",-400,-1.29,16.50,509.19,0.20,5.98,16.70,515.17,"55,191.79"
1291,29/06/2021,STB,"30,200","30,500","31,000","31,500","30,400","31,116",800,2.65,36.07,"1,122.51",0.36,10.49,36.44,"1,133.00","55,913.26"
1292,28/06/2021,STB,"29,500","29,800","30,200","30,400","29,450","30,021",700,2.37,19.30,579.52,3.26,95.78,22.57,675.30,"54,470.33"
1293,25/06/2021,STB,"29,000","29,000","29,500","29,500","28,900","29,117",500,1.72,15.57,453.44,12.49,380.85,28.06,834.28,"53,207.78"
1294,24/06/2021,STB,"29,750","29,750","29,000","29,900","28,850","29,428",-750,-2.52,21.75,640.04,1.83,54.67,23.58,694.71,"52,305.95"
1295,23/06/2021,STB,"30,200","30,200","29,750","30,350","29,750","29,973",-450,-1.49,24.11,722.74,0.00,0.00,24.11,722.74,"53,658.69"
1296,22/06/2021,STB,"29,850","30,150","30,200","30,750","29,850","30,184",350,1.17,25.19,760.22,0.85,24.23,26.04,784.44,"54,470.33"
1297,21/06/2021,STB,"29,650","29,500","29,850","30,300","29,350","29,998",200,0.67,24.07,722.14,0.03,0.91,24.10,723.05,"53,839.05"
1298,18/06/2021,STB,"29,400","29,900","29,650","30,100","29,500","29,798",250,0.85,16.99,506.30,0.20,6.00,17.19,512.30,"53,478.32"
1299,17/06/2021,STB,"29,200","28,550","29,400","29,650","28,550","29,084",200,0.68,19.58,575.68,0.12,3.35,19.70,579.03,"53,027.41"
1300,16/06/2021,STB,"30,100","29,600","29,200","30,200","29,000","29,552",-900,-2.99,30.69,906.85,0.36,10.08,31.05,916.93,"52,666.68"
1301,15/06/2021,STB,"30,800","30,800","30,100","30,800","29,800","30,299",-700,-2.27,29.66,898.67,0.20,6.20,29.86,904.87,"54,289.97"
1302,14/06/2021,STB,"30,500","30,700","30,800","31,300","30,400","30,906",300,0.98,26.89,831.03,6.63,198.46,33.52,"1,029.49","55,552.53"
1303,11/06/2021,STB,"28,900","29,100","30,500","30,800","28,800","29,965","1,600",5.54,36.44,"1,092.00",0.00,0.00,36.44,"1,092.00","55,011.43"
1304,10/06/2021,STB,"29,600","29,600","28,900","30,050","28,800","29,337",-700,-2.36,23.98,703.40,0.50,13.80,24.48,717.20,"52,125.58"
1305,09/06/2021,STB,"28,600","28,500","29,600","30,350","28,000","29,166","1,000",3.50,37.52,"1,094.31",1.00,26.60,38.52,"1,120.91","53,388.14"
1306,08/06/2021,STB,"30,700","30,200","28,600","31,300","28,600","29,764","-2,100",-6.84,47.30,"1,407.77",0.40,12.06,47.70,"1,419.83","51,584.49"
1307,07/06/2021,STB,"32,150","31,800","30,700","32,000","30,000","30,986","-1,450",-4.51,38.82,"1,203.03",0.21,6.34,39.03,"1,209.36","55,372.16"
1308,04/06/2021,STB,"32,750","32,200","32,150","33,000","31,800","32,394",-600,-1.83,37.48,"1,214.19",0.00,0.00,37.48,"1,214.19","57,987.46"
1309,03/06/2021,STB,"32,200","33,200","32,750","33,200","32,200","32,800",550,1.71,30.95,"1,015.18",0.30,9.11,31.25,"1,024.29","59,069.65"
1310,02/06/2021,STB,"32,400","31,600","32,200","32,400","31,200","31,735",-200,-0.62,51.66,"1,639.35",0.00,0.00,51.66,"1,639.35","58,077.64"
1311,01/06/2021,STB,"33,800","33,500","32,400","33,550","32,350","32,939","-1,400",-4.14,47.06,"1,550.21",0.05,1.61,47.11,"1,551.81","58,438.37"
1312,31/05/2021,STB,"31,850","32,150","33,800","33,900","31,900","32,742","1,950",6.12,42.13,"1,379.39",0.10,2.97,42.23,"1,382.36","60,963.49"
1313,28/05/2021,STB,"29,800","30,400","31,850","31,850","30,000","30,772","2,050",6.88,73.84,"2,272.22",0.00,0.00,73.84,"2,272.22","57,446.36"
1314,27/05/2021,STB,"29,500","29,550","29,800","30,300","29,000","29,782",300,1.02,46.75,"1,392.36",0.35,10.14,47.10,"1,402.50","53,748.87"
1315,26/05/2021,STB,"29,350","29,600","29,500","29,800","29,350","29,555",150,0.51,31.49,930.68,0.07,2.08,31.56,932.76,"53,207.78"
1316,25/05/2021,STB,"28,900","28,950","29,350","29,750","28,900","29,482",450,1.56,24.12,711.19,2.90,78.01,27.02,789.20,"52,937.23"
1317,24/05/2021,STB,"28,850","28,850","28,900","29,250","28,800","28,987",50,0.17,31.60,915.84,0.00,0.00,31.60,915.84,"52,125.58"
1318,21/05/2021,STB,"29,400","29,250","28,850","29,800","28,800","29,169",-550,-1.87,45.79,"1,335.73",0.16,4.63,45.95,"1,340.35","52,035.40"
1319,20/05/2021,STB,"28,500","28,450","29,400","29,550","28,100","29,036",900,3.16,57.27,"1,662.83",1.33,36.17,58.60,"1,698.99","53,027.41"
1320,19/05/2021,STB,"27,300","27,300","28,500","28,700","27,300","28,096","1,200",4.40,46.48,"1,306.02",2.04,55.12,48.52,"1,361.14","51,404.12"
1321,18/05/2021,STB,"25,950","25,900","27,300","27,400","25,650","26,422","1,350",5.20,44.75,"1,182.24",0.00,0.00,44.75,"1,182.24","49,239.74"
1322,17/05/2021,STB,"26,400","26,500","25,950","26,700","25,850","26,142",-450,-1.70,39.75,"1,039.22",0.19,5.02,39.94,"1,044.23","46,804.81"
1323,14/05/2021,STB,"26,300","26,600","26,400","26,850","26,150","26,507",100,0.38,32.74,867.91,4.38,115.10,37.12,983.01,"47,616.45"
1324,13/05/2021,STB,"26,350","26,050","26,300","27,150","26,050","26,624",-50,-0.19,47.11,"1,254.14",1.12,28.95,48.23,"1,283.09","47,436.09"
1325,12/05/2021,STB,"24,650","24,850","26,350","26,350","24,800","25,511","1,700",6.90,59.48,"1,517.28",0.06,1.36,59.53,"1,518.64","47,526.27"
1326,11/05/2021,STB,"24,300","24,450","24,650","25,450","24,450","25,114",350,1.44,58.01,"1,456.93",0.00,0.00,58.01,"1,456.93","44,460.06"
1327,10/05/2021,STB,"24,000","23,800","24,300","24,500","23,700","24,104",300,1.25,41.49,"1,000.04",0.03,0.68,41.52,"1,000.71","43,828.78"
1328,07/05/2021,STB,"24,400","24,250","24,000","24,550","23,800","24,174",-400,-1.64,48.46,"1,171.43",1.01,24.20,49.47,"1,195.64","43,287.68"
1329,06/05/2021,STB,"24,700","24,550","24,400","24,900","24,300","24,584",-300,-1.21,34.27,842.47,0.22,5.07,34.49,847.54,"44,009.14"
1330,05/05/2021,STB,"24,100","24,150","24,700","25,100","24,050","24,625",600,2.49,51.68,"1,272.58",0.04,0.84,51.71,"1,273.42","44,550.24"
1331,04/05/2021,STB,"23,900","23,300","24,100","24,200","23,150","23,740",200,0.84,54.31,"1,289.27",0.03,0.69,54.34,"1,289.96","43,468.05"
1332,29/04/2021,STB,"24,200","24,250","23,900","24,600","23,850","24,105",-300,-1.24,38.89,937.53,0.77,17.44,39.66,954.97,"43,107.32"
1333,28/04/2021,STB,"23,100","23,100","24,200","24,350","22,900","23,967","1,100",4.76,71.13,"1,704.67",0.00,0.00,71.13,"1,704.67","43,648.41"
1334,27/04/2021,STB,"22,550","22,550","23,100","23,250","22,300","22,884",550,2.44,47.55,"1,088.07",0.00,0.00,47.55,"1,088.07","41,664.39"
1335,26/04/2021,STB,"22,450","22,900","22,550","23,200","22,450","22,800",100,0.45,41.63,949.16,0.57,12.89,42.20,962.06,"40,672.38"
1336,23/04/2021,STB,"21,000","21,300","22,450","22,450","20,900","21,676","1,450",6.90,45.23,980.34,0.03,0.64,45.26,980.99,"40,492.02"
1337,22/04/2021,STB,"22,500","22,500","21,000","22,600","21,000","22,066","-1,500",-6.67,35.45,782.25,0.00,0.00,35.45,782.25,"37,876.72"
1338,20/04/2021,STB,"22,900","23,000","22,500","23,150","22,300","22,806",-400,-1.75,29.74,678.35,0.04,0.85,29.78,679.20,"40,582.20"
1339,19/04/2021,STB,"22,100","22,300","22,900","22,900","22,000","22,448",800,3.62,29.03,651.70,1.33,29.40,30.36,681.10,"41,303.66"
1340,16/04/2021,STB,"22,350","22,200","22,100","22,800","21,800","22,192",-250,-1.12,41.49,920.63,0.00,0.00,41.49,920.63,"39,860.74"
1341,15/04/2021,STB,"22,900","23,000","22,350","23,000","22,200","22,614",-550,-2.40,36.95,835.53,1.24,28.38,38.19,863.91,"40,311.65"
1342,14/04/2021,STB,"22,700","22,500","22,900","22,950","22,200","22,668",200,0.88,35.11,795.79,0.09,2.06,35.20,797.85,"41,303.66"
1343,13/04/2021,STB,"23,450","23,450","22,700","23,550","22,600","23,126",-750,-3.20,46.63,"1,078.32",0.03,0.65,46.66,"1,078.97","40,942.93"
1344,12/04/2021,STB,"22,700","23,000","23,450","23,850","22,750","23,209",750,3.30,49.31,"1,144.52",0.47,10.05,49.78,"1,154.57","42,295.67"
1345,09/04/2021,STB,"22,200","22,200","22,700","22,900","22,200","22,573",500,2.25,25.32,571.50,0.50,10.47,25.82,581.96,"40,942.93"
1346,08/04/2021,STB,"22,300","22,500","22,200","22,600","22,000","22,301",-100,-0.45,26.67,594.67,0.02,0.45,26.69,595.12,"40,041.11"
1347,07/04/2021,STB,"22,750","22,300","22,300","22,600","22,100","22,334",-450,-1.98,51.63,"1,153.03",0.52,11.23,52.15,"1,164.25","40,221.47"
1348,06/04/2021,STB,"23,150","22,600","22,750","23,200","22,600","22,858",-400,-1.73,42.37,968.60,0.31,6.68,42.68,975.28,"41,033.12"
1349,05/04/2021,STB,"22,600","23,000","23,150","23,300","22,600","23,021",550,2.43,46.16,"1,062.74",0.50,11.50,46.66,"1,074.24","41,754.58"
1350,02/04/2021,STB,"21,600","21,900","22,600","22,950","21,800","22,447","1,000",4.63,56.04,"1,257.91",0.06,1.11,56.09,"1,259.01","40,762.57"
1351,01/04/2021,STB,"21,450","21,400","21,600","21,650","21,100","21,430",150,0.70,33.20,711.55,0.04,0.86,33.24,712.41,"38,958.91"
1352,31/03/2021,STB,"20,500","21,450","21,450","21,900","21,250","21,566",950,4.63,56.67,"1,222.23",0.00,0.00,56.67,"1,222.23","38,688.37"
1353,30/03/2021,STB,"19,200","19,250","20,500","20,500","19,000","19,974","1,300",6.77,99.98,"1,997.00",0.00,0.00,99.98,"1,997.00","36,974.90"
1354,29/03/2021,STB,"18,950","19,050","19,200","19,250","18,900","19,047",250,1.32,37.00,704.66,0.03,0.58,37.03,705.24,"34,630.15"
1355,26/03/2021,STB,"18,750","18,750","18,950","19,100","18,300","18,783",200,1.07,23.37,438.87,0.00,0.00,23.37,438.87,"34,179.23"
1356,25/03/2021,STB,"18,400","18,600","18,750","19,050","18,450","18,760",350,1.90,28.72,538.87,0.00,0.00,28.72,538.87,"33,818.50"
1357,24/03/2021,STB,"18,800","18,550","18,400","18,850","18,300","18,625",-400,-2.13,22.97,427.88,45.17,901.46,68.15,"1,329.34","33,187.22"
1358,23/03/2021,STB,"19,200","19,200","18,800","19,200","18,750","19,008",-400,-2.08,25.30,480.87,0.00,0.00,25.30,480.87,"33,908.68"
1359,22/03/2021,STB,"19,600","19,700","19,200","19,700","19,150","19,302",-400,-2.04,32.82,633.42,11.66,231.92,44.48,865.34,"34,630.15"
1360,19/03/2021,STB,"19,700","19,600","19,600","19,900","19,550","19,706",-100,-0.51,24.33,479.42,7.49,149.78,31.82,629.19,"35,351.61"
1361,18/03/2021,STB,"19,600","19,850","19,700","19,950","19,600","19,740",100,0.51,19.88,392.38,0.05,0.96,19.93,393.34,"35,531.97"
1362,17/03/2021,STB,"18,900","19,000","19,600","19,750","19,000","19,437",700,3.70,38.32,744.94,15.43,308.52,53.75,"1,053.46","35,351.61"
1363,16/03/2021,STB,"18,900","18,950","18,900","19,150","18,750","18,955",0,0.00,23.80,451.13,0.02,0.39,23.82,451.52,"34,089.05"
1364,15/03/2021,STB,"19,200","19,200","18,900","19,350","18,900","19,055",-300,-1.56,22.95,437.40,0.05,0.97,23.00,438.36,"34,089.05"
1365,12/03/2021,STB,"19,300","19,400","19,200","19,500","19,000","19,305",-100,-0.52,19.94,384.98,0.00,0.00,19.94,384.98,"34,630.15"
1366,11/03/2021,STB,"18,700","19,000","19,300","19,350","18,850","19,078",600,3.21,34.59,659.98,0.02,0.35,34.61,660.33,"34,810.51"
1367,10/03/2021,STB,"18,550","18,650","18,700","18,900","18,400","18,710",150,0.81,18.97,354.93,15.14,299.83,34.11,654.76,"33,728.32"
1368,09/03/2021,STB,"18,600","18,500","18,550","18,700","18,300","18,457",-50,-0.27,14.77,272.62,0.00,0.00,14.77,272.62,"33,457.77"
1369,08/03/2021,STB,"18,700","19,000","18,600","19,150","18,500","18,840",-100,-0.53,13.65,257.22,0.02,0.38,13.67,257.60,"33,547.95"
1370,05/03/2021,STB,"18,350","18,350","18,700","18,850","18,150","18,393",350,1.91,24.86,457.28,0.00,0.00,24.86,457.28,"33,728.32"
1371,04/03/2021,STB,"19,000","19,050","18,350","19,150","18,300","18,726",-650,-3.42,23.54,440.89,1.75,33.03,25.30,473.92,"33,097.04"
1372,03/03/2021,STB,"19,150","19,150","19,000","19,300","19,000","19,117",-150,-0.78,16.62,317.81,0.07,1.36,16.69,319.17,"34,269.42"
1373,02/03/2021,STB,"19,100","19,600","19,150","19,600","19,050","19,363",50,0.26,21.14,409.30,0.17,3.16,21.30,412.46,"34,539.96"
1374,01/03/2021,STB,"18,350","18,600","19,100","19,150","18,500","18,931",750,4.09,35.78,677.36,0.26,4.87,36.04,682.22,"34,449.78"
1375,26/02/2021,STB,"18,500","18,250","18,350","18,550","18,200","18,375",-150,-0.81,17.42,320.11,0.02,0.39,17.44,320.51,"33,097.04"
1376,25/02/2021,STB,"18,350","18,600","18,500","18,650","18,200","18,412",150,0.82,18.34,337.66,0.02,0.38,18.36,338.04,"33,367.59"
1377,24/02/2021,STB,"18,800","18,950","18,350","19,150","18,300","18,685",-450,-2.39,24.70,461.49,0.14,2.63,24.84,464.12,"33,097.04"
1378,23/02/2021,STB,"18,600","18,650","18,800","19,000","18,500","18,826",200,1.08,24.90,468.71,0.00,0.00,24.90,468.71,"33,908.68"
1379,22/02/2021,STB,"18,700","18,800","18,600","19,200","18,550","18,912",-100,-0.53,25.99,491.55,0.00,0.00,25.99,491.55,"33,547.95"
1380,19/02/2021,STB,"18,600","18,400","18,700","19,000","18,250","18,697",100,0.54,22.59,422.38,0.00,0.00,22.59,422.38,"33,728.32"
1381,18/02/2021,STB,"18,750","18,700","18,600","18,800","18,450","18,604",-150,-0.80,22.50,418.65,0.13,2.19,22.63,420.84,"33,547.95"
1382,17/02/2021,STB,"18,150","18,300","18,750","18,800","18,200","18,590",600,3.31,21.03,390.96,0.00,0.00,21.03,390.96,"33,818.50"
1383,09/02/2021,STB,"17,400","17,500","18,150","18,200","17,100","17,785",750,4.31,18.23,324.21,0.00,0.00,18.23,324.21,"32,736.31"
1384,08/02/2021,STB,"18,300","18,300","17,400","18,450","17,100","17,796",-900,-4.92,24.04,427.78,0.00,0.00,24.04,427.78,"31,383.57"
1385,05/02/2021,STB,"17,600","17,650","18,300","18,300","17,600","17,968",700,3.98,18.06,324.51,0.36,6.26,18.42,330.77,"33,006.86"
1386,04/02/2021,STB,"18,000","17,900","17,600","18,150","17,550","17,800",-400,-2.22,18.65,332.00,0.00,0.00,18.65,332.00,"31,744.30"
1387,03/02/2021,STB,"17,150","17,350","18,000","18,200","17,150","17,626",850,4.96,27.11,477.83,3.50,60.04,30.61,537.86,"32,465.76"
1388,02/02/2021,STB,"16,100","16,400","17,150","17,200","16,000","16,676","1,050",6.52,20.76,346.14,0.41,7.00,21.17,353.13,"30,932.66"
1389,01/02/2021,STB,"16,900","17,000","16,100","17,450","16,100","16,802",-800,-4.73,23.12,388.54,0.11,1.86,23.24,390.40,"29,038.82"
1390,29/01/2021,STB,"16,050","15,500","16,900","17,150","15,500","16,613",850,5.30,31.23,518.84,2.01,34.38,33.24,553.21,"30,481.74"
1391,28/01/2021,STB,"17,250","16,150","16,050","16,950","16,050","16,305","-1,200",-6.96,45.05,734.54,0.03,0.48,45.08,735.02,"28,948.64"
1392,27/01/2021,STB,"18,100","17,800","17,250","18,650","17,000","17,885",-850,-4.70,32.16,575.16,0.17,3.10,32.33,578.26,"31,113.02"
1393,26/01/2021,STB,"19,350","19,300","18,100","19,300","18,050","18,608","-1,250",-6.46,32.30,601.10,0.23,4.48,32.53,605.57,"32,646.13"
1394,25/01/2021,STB,"19,950","19,700","19,350","19,900","19,350","19,612",-600,-3.01,28.07,550.54,0.07,1.39,28.14,551.93,"34,900.69"
1395,22/01/2021,STB,"20,000","20,000","19,950","20,200","19,700","19,967",-50,-0.25,29.97,598.37,0.32,6.01,30.29,604.38,"35,982.89"
1396,21/01/2021,STB,"19,000","19,400","20,000","20,000","18,850","19,481","1,000",5.26,34.48,671.65,0.70,13.82,35.17,685.47,"36,073.07"
1397,20/01/2021,STB,"19,200","19,400","19,000","19,600","17,950","18,747",-200,-1.04,34.43,645.39,0.02,0.40,34.45,645.79,"34,269.42"
1398,19/01/2021,STB,"20,600","20,350","19,200","20,450","19,200","19,816","-1,400",-6.80,45.05,892.65,0.05,1.11,45.10,893.75,"34,630.15"
1399,18/01/2021,STB,"21,100","21,700","20,600","21,700","20,250","20,941",-500,-2.37,59.66,"1,249.30",0.95,19.95,60.61,"1,269.25","37,155.26"
1400,15/01/2021,STB,"20,100","20,500","21,100","21,500","20,500","21,216","1,000",4.98,51.69,"1,096.69",0.05,1.00,51.74,"1,097.69","38,057.09"
1401,14/01/2021,STB,"19,500","19,650","20,100","20,250","19,000","19,523",600,3.08,27.46,536.14,0.05,1.11,27.52,537.25,"36,253.43"
1402,13/01/2021,STB,"19,800","19,800","19,500","20,050","19,400","19,785",-300,-1.52,26.65,527.27,9.24,170.70,35.89,697.97,"35,171.24"
1403,12/01/2021,STB,"20,100","19,900","19,800","20,050","19,500","19,761",-300,-1.49,27.24,538.22,0.00,0.00,27.24,538.22,"35,712.34"
1404,11/01/2021,STB,"19,400","20,000","20,100","20,400","19,800","20,070",700,3.61,33.49,672.20,0.20,3.61,33.69,675.81,"36,253.43"
1405,08/01/2021,STB,"18,450","18,800","19,400","19,500","18,650","19,019",950,5.15,34.89,663.57,1.20,22.62,36.09,686.18,"34,990.88"
1406,07/01/2021,STB,"18,000","18,050","18,450","18,450","17,850","18,122",450,2.50,39.68,719.16,1.22,21.90,40.90,741.06,"33,277.41"
1407,06/01/2021,STB,"17,700","17,900","18,000","18,350","17,700","18,004",300,1.69,31.19,561.62,1.36,22.59,32.55,584.21,"32,465.76"
1408,05/01/2021,STB,"17,550","17,550","17,700","17,950","17,450","17,789",150,0.85,23.40,416.26,0.00,0.00,23.40,416.26,"31,924.67"
1409,04/01/2021,STB,"16,900","17,050","17,550","17,700","16,900","17,215",650,3.85,46.81,805.83,0.00,0.00,46.81,805.83,"31,654.12"
1410,31/12/2020,STB,"16,800","17,000","16,900","17,000","16,750","16,883",100,0.60,14.97,252.73,0.00,0.00,14.97,252.73,"30,481.74"
1411,30/12/2020,STB,"16,700","17,000","16,800","17,250","16,800","17,065",100,0.60,35.81,611.00,1.25,21.98,37.05,632.99,"30,301.38"
1412,29/12/2020,STB,"16,750","16,750","16,700","16,900","16,600","16,738",-50,-0.30,13.08,218.92,27.53,492.75,40.61,711.67,"30,121.01"
1413,28/12/2020,STB,"16,950","17,050","16,750","17,100","16,550","16,838",-200,-1.18,23.67,398.54,0.02,0.34,23.69,398.88,"30,211.19"
1414,25/12/2020,STB,"16,500","16,500","16,950","16,950","16,250","16,591",450,2.73,20.82,345.50,0.00,0.00,20.82,345.50,"30,571.93"
1415,24/12/2020,STB,"16,700","16,800","16,500","16,850","15,800","16,368",-200,-1.20,29.37,480.75,0.20,3.28,29.57,484.03,"29,760.28"
1416,23/12/2020,STB,"17,150","17,200","16,700","17,300","16,700","17,128",-450,-2.62,26.09,446.89,0.02,0.33,26.11,447.22,"30,121.01"
1417,22/12/2020,STB,"17,000","17,000","17,150","17,350","16,900","17,156",150,0.88,34.46,591.20,0.02,0.32,34.48,591.52,"30,932.66"
1418,21/12/2020,STB,"17,000","17,200","17,000","17,300","16,900","17,090",0,0.00,25.78,440.56,5.00,83.50,30.78,524.05,"30,662.11"
1419,18/12/2020,STB,"16,600","16,800","17,000","17,150","16,650","16,957",400,2.41,25.12,425.89,0.86,13.70,25.97,439.59,"30,662.11"
1420,17/12/2020,STB,"16,600","16,500","16,600","16,950","16,400","16,712",0,0.00,23.52,392.99,0.00,0.00,23.52,392.99,"29,940.65"
1421,16/12/2020,STB,"15,950","16,300","16,600","16,800","16,250","16,522",650,4.08,23.93,395.38,0.00,0.00,23.93,395.38,"29,940.65"
1422,15/12/2020,STB,"15,950","15,850","15,950","16,050","15,800","15,910",0,0.00,17.65,280.83,0.00,0.00,17.65,280.83,"28,768.27"
1423,14/12/2020,STB,"15,800","15,950","15,950","16,100","15,800","15,946",150,0.95,15.68,250.01,0.00,0.00,15.68,250.01,"28,768.27"
1424,11/12/2020,STB,"15,550","15,700","15,800","15,900","15,500","15,666",250,1.61,15.44,241.94,1.00,14.50,16.44,256.44,"28,497.72"
1425,10/12/2020,STB,"15,900","15,950","15,550","16,050","15,450","15,740",-350,-2.20,21.85,343.89,0.00,0.00,21.85,343.89,"28,046.81"
1426,09/12/2020,STB,"15,850","15,900","15,900","16,200","15,900","16,038",50,0.32,18.90,303.08,0.20,2.95,19.10,306.03,"28,678.09"
1427,08/12/2020,STB,"15,550","15,650","15,850","15,900","15,500","15,719",300,1.93,19.85,312.02,0.00,0.00,19.85,312.02,"28,587.91"
1428,07/12/2020,STB,"15,600","15,600","15,550","15,750","15,550","15,623",-50,-0.32,14.99,234.26,0.00,0.00,14.99,234.26,"28,046.81"
1429,04/12/2020,STB,"15,650","15,700","15,600","16,100","15,500","15,736",-50,-0.32,24.51,385.75,0.32,4.70,24.83,390.45,"28,136.99"
1430,03/12/2020,STB,"15,400","15,550","15,650","15,900","15,450","15,673",250,1.62,20.88,327.22,0.00,0.00,20.88,327.22,"28,227.18"
1431,02/12/2020,STB,"15,450","15,450","15,400","15,800","15,150","15,463",-50,-0.32,21.12,326.65,0.00,0.00,21.12,326.65,"27,776.26"
1432,01/12/2020,STB,"14,650","14,450","15,450","15,500","14,400","15,011",800,5.46,37.84,567.99,0.06,0.83,37.90,568.82,"27,866.45"
1433,30/11/2020,STB,"14,500","14,550","14,650","15,000","14,500","14,801",150,1.03,18.68,276.54,0.20,2.90,18.88,279.44,"26,423.52"
1434,27/11/2020,STB,"14,500","14,600","14,500","14,600","14,350","14,474",0,0.00,11.46,165.80,0.06,0.92,11.52,166.72,"26,152.97"
1435,26/11/2020,STB,"14,350","14,350","14,500","14,650","14,350","14,534",150,1.05,21.86,317.72,0.20,2.90,22.06,320.62,"26,152.97"
1436,25/11/2020,STB,"14,500","14,550","14,350","14,600","14,350","14,479",-150,-1.03,12.06,174.56,0.00,0.00,12.06,174.56,"25,882.43"
1437,24/11/2020,STB,"14,600","14,600","14,500","14,650","14,200","14,449",-100,-0.68,16.81,242.83,0.00,0.00,16.81,242.83,"26,152.97"
1438,23/11/2020,STB,"14,150","14,250","14,600","14,700","14,050","14,480",450,3.18,27.27,394.84,0.00,0.00,27.27,394.84,"26,333.34"
1439,20/11/2020,STB,"14,200","14,250","14,150","14,250","14,050","14,170",-50,-0.35,9.54,135.18,0.00,0.00,9.54,135.18,"25,521.70"
1440,19/11/2020,STB,"14,200","14,200","14,200","14,400","14,050","14,202",0,0.00,12.62,179.28,0.03,0.41,12.65,179.69,"25,611.88"
1441,18/11/2020,STB,"13,850","13,850","14,200","14,400","13,800","14,156",350,2.53,22.97,325.22,0.00,0.00,22.97,325.22,"25,611.88"
1442,17/11/2020,STB,"13,650","13,700","13,850","13,900","13,600","13,741",200,1.47,9.08,124.72,0.00,0.00,9.08,124.72,"24,980.60"
1443,16/11/2020,STB,"13,900","14,050","13,650","14,100","13,650","13,848",-250,-1.80,12.29,170.25,0.00,0.00,12.29,170.25,"24,619.87"
1444,13/11/2020,STB,"13,700","13,700","13,900","13,950","13,700","13,876",200,1.46,15.08,209.20,0.07,0.95,15.14,210.15,"25,070.78"
1445,12/11/2020,STB,"13,600","13,600","13,700","13,750","13,600","13,665",100,0.74,6.76,92.34,0.00,0.00,6.76,92.34,"24,710.05"
1446,11/11/2020,STB,"13,600","13,700","13,600","13,700","13,450","13,599",0,0.00,7.95,108.17,0.00,0.00,7.95,108.17,"24,529.69"
1447,10/11/2020,STB,"13,700","13,950","13,600","14,000","13,600","13,746",-100,-0.73,9.47,130.23,0.00,0.00,9.47,130.23,"24,529.69"
1448,09/11/2020,STB,"13,350","13,500","13,700","13,700","13,400","13,574",350,2.62,7.87,106.88,0.17,2.20,8.04,109.09,"24,710.05"
1449,06/11/2020,STB,"13,350","13,500","13,350","13,500","13,250","13,343",0,0.00,6.21,82.83,0.00,0.00,6.21,82.83,"24,078.77"
1450,05/11/2020,STB,"13,650","13,650","13,350","13,700","13,350","13,559",-300,-2.20,8.30,112.48,0.00,0.00,8.30,112.48,"24,078.77"
1451,04/11/2020,STB,"13,600","13,700","13,650","13,900","13,500","13,712",50,0.37,9.73,133.49,0.00,0.00,9.73,133.49,"24,619.87"
1452,03/11/2020,STB,"13,450","13,500","13,600","13,700","13,450","13,542",150,1.12,12.02,162.79,0.00,0.00,12.02,162.79,"24,529.69"
1453,02/11/2020,STB,"13,300","13,400","13,450","13,450","13,250","13,375",150,1.13,5.46,73.08,0.00,0.00,5.46,73.08,"24,259.14"
1454,30/10/2020,STB,"13,500","13,500","13,300","13,550","13,050","13,268",-200,-1.48,8.18,108.59,0.00,0.00,8.18,108.59,"23,988.59"
1455,29/10/2020,STB,"13,100","13,000","13,500","13,500","13,000","13,237",400,3.05,13.05,172.69,0.00,0.00,13.05,172.69,"24,349.32"
1456,28/10/2020,STB,"13,300","13,300","13,100","13,650","13,100","13,365",-200,-1.50,22.63,302.44,0.00,0.00,22.63,302.44,"23,627.86"
1457,27/10/2020,STB,"14,100","14,100","13,300","14,200","13,300","13,700",-800,-5.67,37.14,508.80,0.00,0.00,37.14,508.80,"23,988.59"
1458,26/10/2020,STB,"14,550","14,500","14,100","14,650","14,100","14,405",-450,-3.09,26.82,386.37,0.20,3.10,27.02,389.47,"25,431.51"
1459,23/10/2020,STB,"14,600","14,800","14,550","14,800","14,500","14,601",-50,-0.34,13.63,199.09,21.49,313.70,35.12,512.79,"26,243.16"
1460,22/10/2020,STB,"14,400","14,350","14,600","14,700","14,200","14,399",200,1.39,18.15,261.38,0.20,2.70,18.35,264.08,"26,333.34"
1461,21/10/2020,STB,"14,200","14,350","14,400","14,750","14,300","14,558",200,1.41,25.83,376.03,0.00,0.00,25.83,376.03,"25,972.61"
1462,20/10/2020,STB,"14,100","14,000","14,200","14,350","13,950","14,183",100,0.71,17.70,251.01,0.40,6.00,18.10,257.01,"25,611.88"
1463,19/10/2020,STB,"13,750","13,800","14,100","14,300","13,750","14,036",350,2.55,20.55,288.40,0.29,3.74,20.84,292.14,"25,431.51"
1464,16/10/2020,STB,"13,850","13,850","13,750","13,950","13,700","13,823",-100,-0.72,13.05,180.36,0.00,0.00,13.05,180.36,"24,800.23"
1465,15/10/2020,STB,"13,500","13,600","13,850","14,000","13,450","13,742",350,2.59,20.80,285.83,0.00,0.00,20.80,285.83,"24,980.60"
1466,14/10/2020,STB,"13,450","13,500","13,500","13,750","13,350","13,537",50,0.37,12.36,167.38,0.00,0.00,12.36,167.38,"24,349.32"
1467,13/10/2020,STB,"13,300","13,300","13,450","13,600","13,200","13,401",150,1.13,12.67,169.78,1.11,15.78,13.78,185.55,"24,259.14"
1468,12/10/2020,STB,"13,550","13,700","13,300","13,800","13,300","13,550",-250,-1.85,17.96,243.38,0.00,0.00,17.96,243.38,"23,988.59"
1469,09/10/2020,STB,"13,550","13,600","13,550","13,800","13,450","13,596",0,0.00,12.47,169.61,0.00,0.00,12.47,169.61,"24,439.50"
1470,08/10/2020,STB,"13,700","13,800","13,550","13,850","13,450","13,625",-150,-1.09,21.33,290.61,0.00,0.00,21.33,290.61,"24,439.50"
1471,07/10/2020,STB,"14,200","14,050","13,700","14,300","13,700","14,024",-500,-3.52,19.47,273.00,0.00,0.00,19.47,273.00,"24,710.05"
1472,06/10/2020,STB,"13,700","13,750","14,200","14,400","13,700","14,047",500,3.65,27.11,380.86,0.00,0.00,27.11,380.86,"25,611.88"
1473,05/10/2020,STB,"13,450","13,650","13,700","13,800","13,400","13,599",250,1.86,22.60,307.38,0.22,2.97,22.82,310.35,"24,710.05"
1474,02/10/2020,STB,"13,750","13,750","13,450","13,900","13,150","13,555",-300,-2.18,23.21,314.56,0.00,0.00,23.21,314.56,"24,259.14"
1475,01/10/2020,STB,"13,800","14,000","13,750","14,200","13,650","13,848",-50,-0.36,13.29,183.98,0.00,0.00,13.29,183.98,"24,800.23"
1476,30/09/2020,STB,"13,300","13,300","13,800","13,900","12,950","13,440",500,3.76,28.31,380.54,0.00,0.00,28.31,380.54,"24,890.42"
1477,29/09/2020,STB,"13,800","13,800","13,300","13,950","13,300","13,644",-500,-3.62,22.79,310.98,0.47,6.35,23.26,317.32,"23,988.59"
1478,28/09/2020,STB,"13,300","13,700","13,800","14,050","13,600","13,821",500,3.76,28.88,399.18,0.12,1.48,29.00,400.67,"24,890.42"
1479,25/09/2020,STB,"12,450","12,450","13,300","13,300","12,400","12,954",850,6.83,39.32,509.37,0.00,0.00,39.32,509.37,"23,988.59"
1480,24/09/2020,STB,"12,650","12,600","12,450","12,700","12,400","12,543",-200,-1.58,17.73,222.37,0.47,6.35,18.20,228.72,"22,455.49"
1481,23/09/2020,STB,"12,550","12,700","12,650","13,250","12,500","12,848",100,0.80,24.79,318.52,0.04,0.42,24.83,318.94,"22,816.22"
1482,22/09/2020,STB,"11,750","11,750","12,550","12,550","11,650","12,331",800,6.81,45.71,563.61,0.55,6.52,46.26,570.12,"22,635.85"
1483,21/09/2020,STB,"11,650","11,800","11,750","12,050","11,750","11,877",100,0.86,17.85,212.06,0.00,0.00,17.85,212.06,"21,192.93"
1484,18/09/2020,STB,"11,450","11,450","11,650","11,650","11,450","11,583",200,1.75,8.72,101.02,0.00,0.00,8.72,101.02,"21,012.56"
1485,17/09/2020,STB,"11,550","11,550","11,450","11,700","11,450","11,558",-100,-0.87,11.36,131.34,0.00,0.00,11.36,131.34,"20,651.83"
1486,16/09/2020,STB,"11,600","11,650","11,550","11,700","11,550","11,645",-50,-0.43,10.18,118.54,0.00,0.00,10.18,118.54,"20,832.20"
1487,15/09/2020,STB,"11,300","11,350","11,600","11,800","11,250","11,579",300,2.65,24.12,279.32,0.00,0.00,24.12,279.32,"20,922.38"
1488,14/09/2020,STB,"11,150","11,200","11,300","11,350","11,200","11,270",150,1.35,6.80,76.63,0.00,0.00,6.80,76.63,"20,381.28"
1489,11/09/2020,STB,"11,200","11,150","11,150","11,250","11,100","11,190",-50,-0.45,5.39,60.35,0.00,0.00,5.39,60.35,"20,110.74"
1490,10/09/2020,STB,"11,300","11,350","11,200","11,400","11,200","11,293",-100,-0.88,5.25,59.27,0.00,0.00,5.25,59.27,"20,200.92"
1491,09/09/2020,STB,"11,250","11,150","11,300","11,300","11,050","11,193",50,0.44,8.88,99.34,0.30,3.18,9.18,102.52,"20,381.28"
1492,08/09/2020,STB,"11,200","11,250","11,250","11,250","11,100","11,193",50,0.45,6.01,67.29,0.00,0.00,6.01,67.29,"20,291.10"
1493,07/09/2020,STB,"11,300","11,400","11,200","11,400","11,200","11,275",-100,-0.88,6.94,78.21,0.00,0.00,6.94,78.21,"20,200.92"
1494,04/09/2020,STB,"11,400","11,250","11,300","11,350","11,200","11,288",-100,-0.88,9.88,111.55,0.00,0.00,9.88,111.55,"20,381.28"
1495,03/09/2020,STB,"11,300","11,400","11,400","11,450","11,300","11,403",100,0.88,11.14,127.06,0.00,0.00,11.14,127.06,"20,561.65"
1496,01/09/2020,STB,"11,200","11,200","11,300","11,350","11,150","11,267",100,0.89,4.57,51.52,0.20,2.25,4.77,53.77,"20,381.28"
1497,31/08/2020,STB,"11,350","11,500","11,200","11,550","11,200","11,357",-150,-1.32,8.67,98.50,0.75,9.00,9.42,107.50,"20,200.92"
1498,28/08/2020,STB,"11,300","11,400","11,350","11,450","11,300","11,376",50,0.44,10.09,114.76,0.00,0.00,10.09,114.76,"20,471.47"
1499,27/08/2020,STB,"11,200","11,250","11,300","11,350","11,150","11,267",100,0.89,6.80,76.65,0.00,0.00,6.80,76.65,"20,381.28"
1500,26/08/2020,STB,"11,250","11,250","11,200","11,300","11,100","11,211",-50,-0.44,9.99,111.98,0.75,9.00,10.74,120.98,"20,200.92"
1501,25/08/2020,STB,"11,300","11,300","11,250","11,400","11,200","11,287",-50,-0.44,9.62,108.63,0.00,0.00,9.62,108.63,"20,291.10"
1502,24/08/2020,STB,"11,050","11,100","11,300","11,400","11,100","11,273",250,2.26,14.30,161.16,2.60,28.23,16.89,189.39,"20,381.28"
1503,21/08/2020,STB,"10,650","10,700","11,050","11,050","10,650","10,879",400,3.76,12.93,140.71,0.00,0.00,12.93,140.71,"19,930.37"
1504,20/08/2020,STB,"10,800","10,750","10,650","10,850","10,650","10,712",-150,-1.39,6.06,64.91,0.00,0.00,6.06,64.91,"19,208.91"
1505,19/08/2020,STB,"10,750","10,800","10,800","10,800","10,700","10,757",50,0.47,4.21,45.29,3.70,39.78,7.91,85.07,"19,479.46"
1506,18/08/2020,STB,"10,650","10,650","10,750","10,800","10,600","10,717",100,0.94,5.21,55.86,1.68,18.02,6.89,73.87,"19,389.27"
1507,17/08/2020,STB,"10,700","10,700","10,650","10,750","10,550","10,636",-50,-0.47,5.19,55.23,1.15,12.42,6.34,67.65,"19,208.91"
1508,14/08/2020,STB,"10,850","10,850","10,700","10,850","10,650","10,738",-150,-1.38,8.81,94.57,0.59,6.35,9.39,100.92,"19,299.09"
1509,13/08/2020,STB,"10,750","10,750","10,850","10,900","10,750","10,817",100,0.93,6.50,70.26,0.00,0.00,6.50,70.26,"19,569.64"
1510,12/08/2020,STB,"10,650","10,650","10,750","10,800","10,600","10,707",100,0.94,8.77,93.93,0.00,0.00,8.77,93.93,"19,389.27"
1511,11/08/2020,STB,"10,600","10,700","10,650","10,750","10,500","10,615",50,0.47,7.72,81.94,0.00,0.00,7.72,81.94,"19,208.91"
1512,10/08/2020,STB,"10,450","10,550","10,600","10,800","10,550","10,649",150,1.44,11.95,127.25,0.00,0.00,11.95,127.25,"19,118.73"
1513,07/08/2020,STB,"10,500","10,550","10,450","10,550","10,400","10,462",-50,-0.48,7.12,74.52,0.02,0.21,7.14,74.73,"18,848.18"
1514,06/08/2020,STB,"10,650","10,600","10,500","10,700","10,500","10,587",-150,-1.41,5.68,60.12,0.00,0.00,5.68,60.12,"18,938.36"
1515,05/08/2020,STB,"10,500","10,500","10,650","10,700","10,400","10,568",150,1.43,8.29,87.60,0.00,0.00,8.29,87.60,"19,208.91"
1516,04/08/2020,STB,"10,350","10,500","10,500","10,500","10,350","10,432",150,1.45,6.79,70.79,0.00,0.00,6.79,70.79,"18,938.36"
1517,03/08/2020,STB,"10,100","10,150","10,350","10,450","10,050","10,290",250,2.48,9.79,100.77,0.00,0.00,9.79,100.77,"18,667.81"
1518,31/07/2020,STB,"10,200","9,900","10,100","10,250","9,900","10,127",-100,-0.98,5.74,58.13,0.00,0.00,5.74,58.13,"18,216.90"
1519,30/07/2020,STB,"10,150","10,200","10,200","10,350","10,150","10,257",50,0.49,6.31,64.75,0.00,0.00,6.31,64.75,"18,397.26"
1520,29/07/2020,STB,"10,550","10,250","10,150","10,350","9,950","10,074",-400,-3.79,14.83,149.41,0.00,0.00,14.83,149.41,"18,307.08"
1521,28/07/2020,STB,"10,150","10,200","10,550","10,600","10,100","10,361",400,3.94,13.93,144.36,0.00,0.00,13.93,144.36,"19,028.54"
1522,27/07/2020,STB,"10,900","10,400","10,150","10,650","10,150","10,313",-750,-6.88,26.01,268.28,1.00,10.55,27.01,278.83,"18,307.08"
1523,24/07/2020,STB,"11,250","11,150","10,900","11,250","10,600","10,902",-350,-3.11,20.16,219.81,0.00,0.00,20.16,219.81,"19,659.82"
1524,23/07/2020,STB,"11,300","11,350","11,250","11,400","11,100","11,233",-50,-0.44,8.26,92.83,0.00,0.00,8.26,92.83,"20,291.10"
1525,22/07/2020,STB,"11,500","11,550","11,300","11,600","11,250","11,395",-200,-1.74,8.50,96.91,0.00,0.00,8.50,96.91,"20,381.28"
1526,21/07/2020,STB,"11,450","11,450","11,500","11,600","11,400","11,503",50,0.44,7.05,81.07,0.00,0.00,7.05,81.07,"20,742.01"
1527,20/07/2020,STB,"11,600","11,650","11,450","11,700","11,450","11,564",-150,-1.29,8.09,93.55,0.25,2.75,8.34,96.30,"20,651.83"
1528,17/07/2020,STB,"11,600","11,600","11,600","11,750","11,500","11,633",0,0.00,9.20,107.01,0.00,0.00,9.20,107.01,"20,922.38"
1529,16/07/2020,STB,"11,550","11,550","11,600","11,600","11,450","11,545",50,0.43,5.10,58.93,0.00,0.00,5.10,58.93,"20,922.38"
1530,15/07/2020,STB,"11,550","11,650","11,550","11,700","11,550","11,602",0,0.00,5.54,64.22,0.17,1.85,5.71,66.07,"20,832.20"
1531,14/07/2020,STB,"11,450","11,400","11,550","11,650","11,350","11,467",100,0.87,6.75,77.41,0.26,2.77,7.01,80.18,"20,832.20"
1532,13/07/2020,STB,"11,550","11,650","11,450","11,700","11,450","11,569",-100,-0.87,6.10,70.52,0.00,0.00,6.10,70.52,"20,651.83"
1533,10/07/2020,STB,"11,800","11,700","11,550","11,800","11,500","11,634",-250,-2.12,8.38,97.52,0.00,0.00,8.38,97.52,"20,832.20"
1534,09/07/2020,STB,"11,500","11,700","11,800","11,850","11,500","11,719",300,2.61,14.05,164.61,0.00,0.00,14.05,164.61,"21,283.11"
1535,08/07/2020,STB,"11,450","11,400","11,500","11,700","11,350","11,554",50,0.44,9.19,106.22,0.00,0.00,9.19,106.22,"20,742.01"
1536,07/07/2020,STB,"11,550","11,600","11,450","11,700","11,400","11,529",-100,-0.87,8.91,102.79,0.13,1.57,9.04,104.35,"20,651.83"
1537,06/07/2020,STB,"11,000","11,050","11,550","11,600","11,050","11,398",550,5.00,16.29,185.62,0.00,0.00,16.29,185.62,"20,832.20"
1538,03/07/2020,STB,"11,050","11,150","11,000","11,200","11,000","11,080",-50,-0.45,3.89,43.05,0.00,0.00,3.89,43.05,"19,840.19"
1539,02/07/2020,STB,"11,200","11,200","11,050","11,300","11,000","11,121",-150,-1.34,4.90,54.53,0.00,0.00,4.90,54.53,"19,930.37"
1540,01/07/2020,STB,"10,750","10,800","11,200","11,350","10,750","11,012",450,4.19,9.14,100.64,0.00,0.00,9.14,100.64,"20,200.92"
1541,30/06/2020,STB,"10,950","11,100","10,750","11,200","10,600","10,866",-200,-1.83,10.86,118.03,0.00,0.00,10.86,118.03,"19,389.27"
1542,29/06/2020,STB,"11,300","11,300","10,950","11,300","10,900","11,028",-350,-3.10,13.16,145.12,0.02,0.22,13.18,145.34,"19,750.01"
1543,26/06/2020,STB,"11,450","11,600","11,300","11,650","11,200","11,378",-150,-1.31,6.48,73.75,0.00,0.00,6.48,73.75,"20,381.28"
1544,25/06/2020,STB,"11,200","11,150","11,450","11,500","10,950","11,230",250,2.23,10.66,119.74,0.00,0.00,10.66,119.74,"20,651.83"
1545,24/06/2020,STB,"11,550","11,600","11,200","11,650","11,200","11,398",-350,-3.03,11.84,134.99,0.00,0.00,11.84,134.99,"20,200.92"
1546,23/06/2020,STB,"11,700","11,650","11,550","11,800","11,400","11,641",-150,-1.28,12.61,146.76,0.00,0.00,12.61,146.76,"20,832.20"
1547,22/06/2020,STB,"11,900","12,000","11,700","12,000","11,650","11,823",-200,-1.68,10.79,127.57,0.03,0.36,10.82,127.93,"21,102.75"
1548,19/06/2020,STB,"11,400","11,550","11,900","11,950","11,400","11,654",500,4.39,15.35,178.89,0.05,0.50,15.40,179.39,"21,463.48"
1549,18/06/2020,STB,"11,600","11,400","11,400","11,750","11,350","11,496",-200,-1.72,13.24,152.25,0.00,0.00,13.24,152.25,"20,561.65"
1550,17/06/2020,STB,"11,900","11,850","11,600","11,950","11,550","11,727",-300,-2.52,15.66,183.69,0.00,0.00,15.66,183.69,"20,922.38"
1551,16/06/2020,STB,"12,050","12,500","11,900","12,500","11,900","12,205",-150,-1.24,18.76,228.98,0.00,0.00,18.76,228.98,"21,463.48"
1552,15/06/2020,STB,"11,800","12,100","12,050","12,600","11,750","12,211",250,2.12,31.27,381.83,0.03,0.29,31.29,382.12,"21,734.02"
1553,12/06/2020,STB,"11,050","11,200","11,800","11,800","11,000","11,531",750,6.79,31.67,365.19,0.23,2.37,31.90,367.56,"21,283.11"
1554,11/06/2020,STB,"11,500","12,150","11,050","12,300","11,050","12,027",-450,-3.91,38.09,458.17,0.00,0.00,38.09,458.17,"19,930.37"
1555,10/06/2020,STB,"10,750","10,750","11,500","11,500","10,600","11,156",750,6.98,30.78,343.34,0.00,0.00,30.78,343.34,"20,742.01"
1556,09/06/2020,STB,"10,700","10,750","10,750","10,900","10,650","10,766",50,0.47,14.17,152.56,0.00,0.00,14.17,152.56,"19,389.27"
1557,08/06/2020,STB,"10,550","10,700","10,700","10,850","10,650","10,740",150,1.42,17.09,183.60,0.15,1.67,17.24,185.26,"19,299.09"
1558,05/06/2020,STB,"10,600","10,700","10,550","10,750","10,450","10,623",-50,-0.47,16.80,178.47,0.00,0.00,16.80,178.47,"19,028.54"
1559,04/06/2020,STB,"10,650","10,750","10,600","10,900","10,600","10,743",-50,-0.47,13.97,150.10,0.00,0.00,13.97,150.10,"19,118.73"
1560,03/06/2020,STB,"10,500","10,600","10,650","10,700","10,500","10,595",150,1.43,8.71,92.33,0.00,0.00,8.71,92.33,"19,208.91"
1561,02/06/2020,STB,"10,750","10,850","10,500","10,900","10,500","10,704",-250,-2.33,13.90,148.75,0.00,0.00,13.90,148.75,"18,938.36"
1562,01/06/2020,STB,"10,300","10,400","10,750","10,750","10,350","10,589",450,4.37,18.02,190.81,0.00,0.00,18.02,190.81,"19,389.27"
1563,29/05/2020,STB,"10,300","10,200","10,300","10,450","10,200","10,329",0,0.00,6.86,70.82,0.00,0.00,6.86,70.82,"18,577.63"
1564,28/05/2020,STB,"10,100","10,100","10,300","10,600","10,050","10,326",200,1.98,16.77,173.16,0.00,0.00,16.77,173.16,"18,577.63"
1565,27/05/2020,STB,"10,400","10,450","10,100","10,550","10,000","10,303",-300,-2.88,15.37,158.35,0.00,0.00,15.37,158.35,"18,216.90"
1566,26/05/2020,STB,"10,250","10,300","10,400","10,450","10,300","10,375",150,1.46,9.40,97.49,0.00,0.00,9.40,97.49,"18,758.00"
1567,25/05/2020,STB,"10,200","10,250","10,250","10,400","10,100","10,258",50,0.49,9.45,96.92,0.00,0.00,9.45,96.92,"18,487.45"
1568,22/05/2020,STB,"10,500","10,300","10,200","10,600","10,200","10,403",-300,-2.86,14.87,154.70,0.03,0.29,14.90,154.99,"18,397.26"
1569,21/05/2020,STB,"10,400","10,500","10,500","10,550","10,250","10,427",100,0.96,10.20,106.32,0.00,0.00,10.20,106.32,"18,938.36"
1570,20/05/2020,STB,"9,900","9,900","10,400","10,550","9,860","10,223",500,5.05,24.36,249.04,0.23,2.33,24.59,251.37,"18,758.00"
1571,19/05/2020,STB,"9,730","9,920","9,900","10,150","9,860","9,949",170,1.75,15.44,153.58,0.11,1.10,15.54,154.67,"17,856.17"
1572,18/05/2020,STB,"9,800","9,780","9,730","9,850","9,680","9,731",-70,-0.71,9.97,96.97,0.10,1.01,10.07,97.98,"17,549.55"
1573,15/05/2020,STB,"10,050","10,200","9,800","10,200","9,800","9,934",-250,-2.49,9.21,91.51,0.00,0.00,9.21,91.51,"17,675.80"
1574,14/05/2020,STB,"9,960","9,880","10,050","10,300","9,790","10,082",90,0.90,12.58,126.80,0.00,0.00,12.58,126.80,"18,126.72"
1575,13/05/2020,STB,"9,700","9,700","9,960","10,150","9,550","9,839",260,2.68,19.00,186.98,1.12,10.86,20.12,197.84,"17,964.39"
1576,12/05/2020,STB,"9,690","9,690","9,700","9,750","9,460","9,675",10,0.10,11.31,109.44,0.00,0.00,11.31,109.44,"17,495.44"
1577,11/05/2020,STB,"9,520","9,690","9,690","9,750","9,540","9,653",170,1.79,10.60,102.27,0.00,0.00,10.60,102.27,"17,477.40"
1578,08/05/2020,STB,"9,340","9,400","9,520","9,770","9,400","9,583",180,1.93,15.59,149.42,0.18,1.72,15.77,151.14,"17,170.78"
1579,07/05/2020,STB,"9,140","9,180","9,340","9,380","9,170","9,287",200,2.19,12.18,113.08,0.00,0.00,12.18,113.08,"16,846.12"
1580,06/05/2020,STB,"8,970","9,000","9,140","9,140","8,930","9,014",170,1.90,8.42,75.89,0.00,0.00,8.42,75.89,"16,485.39"
1581,05/05/2020,STB,"8,980","8,980","8,970","9,090","8,930","8,973",-10,-0.11,4.80,43.10,0.32,2.88,5.12,45.98,"16,178.77"
1582,04/05/2020,STB,"9,100","9,100","8,980","9,100","8,980","9,017",-120,-1.32,4.40,39.70,0.05,0.48,4.45,40.18,"16,196.81"
1583,29/04/2020,STB,"8,980","9,100","9,100","9,250","9,000","9,121",120,1.34,3.84,35.07,0.00,0.00,3.84,35.07,"16,413.25"
1584,28/04/2020,STB,"8,990","9,080","8,980","9,120","8,940","8,984",-10,-0.11,7.08,63.58,0.00,0.00,7.08,63.58,"16,196.81"
1585,27/04/2020,STB,"9,100","9,180","8,990","9,230","8,990","9,050",-110,-1.21,8.06,72.93,0.09,0.85,8.15,73.78,"16,214.84"
1586,24/04/2020,STB,"9,150","9,150","9,100","9,200","9,040","9,109",-50,-0.55,4.79,43.67,0.05,0.48,4.85,44.15,"16,413.25"
1587,23/04/2020,STB,"9,170","9,350","9,150","9,380","9,150","9,224",-20,-0.22,5.41,49.95,0.00,0.00,5.41,49.95,"16,503.43"
1588,22/04/2020,STB,"8,990","8,730","9,170","9,290","8,730","9,037",180,2.00,8.17,73.82,0.00,0.00,8.17,73.82,"16,539.50"
1589,21/04/2020,STB,"9,550","9,350","8,990","9,450","8,970","9,139",-560,-5.86,16.19,147.98,0.00,0.00,16.19,147.98,"16,214.84"
1590,20/04/2020,STB,"9,730","9,700","9,550","9,850","9,540","9,647",-180,-1.85,11.28,108.86,0.00,0.00,11.28,108.86,"17,224.89"
1591,17/04/2020,STB,"9,720","9,900","9,730","9,940","9,720","9,785",10,0.10,8.38,81.95,0.00,0.00,8.38,81.95,"17,549.55"
1592,16/04/2020,STB,"9,700","9,500","9,720","9,950","9,500","9,772",20,0.21,7.63,74.60,0.00,0.00,7.63,74.60,"17,531.51"
1593,15/04/2020,STB,"9,160","9,200","9,700","9,800","9,180","9,581",540,5.90,14.86,142.35,0.00,0.00,14.86,142.35,"17,495.44"
1594,14/04/2020,STB,"9,040","9,100","9,160","9,160","8,940","9,036",120,1.33,8.53,77.08,0.00,0.00,8.53,77.08,"16,521.47"
1595,13/04/2020,STB,"9,010","9,010","9,040","9,240","9,010","9,129",30,0.33,7.68,70.15,0.00,0.00,7.68,70.15,"16,305.03"
1596,10/04/2020,STB,"9,190","9,150","9,010","9,230","8,950","9,066",-180,-1.96,10.71,97.10,0.00,0.00,10.71,97.10,"16,250.92"
1597,09/04/2020,STB,"9,280","9,400","9,190","9,490","9,180","9,331",-90,-0.97,9.82,91.65,0.00,0.00,9.82,91.65,"16,575.58"
1598,08/04/2020,STB,"9,180","9,000","9,280","9,290","8,800","9,138",100,1.09,8.76,80.06,0.22,2.01,8.98,82.07,"16,737.90"
1599,07/04/2020,STB,"8,930","9,400","9,180","9,400","9,010","9,211",250,2.80,17.28,159.20,0.00,0.00,17.28,159.20,"16,557.54"
1600,06/04/2020,STB,"8,350","8,900","8,930","8,930","8,610","8,918",580,6.95,12.90,115.06,0.00,0.00,12.90,115.06,"16,106.63"
1601,03/04/2020,STB,"7,810","7,990","8,350","8,350","7,900","8,302",540,6.91,10.67,88.61,0.23,1.74,10.90,90.35,"15,060.51"
1602,01/04/2020,STB,"7,300","7,200","7,810","7,810","7,200","7,716",510,6.99,8.81,67.96,0.00,0.00,8.81,67.96,"14,086.53"
1603,31/03/2020,STB,"7,640","7,860","7,300","7,860","7,120","7,474",-340,-4.45,12.19,91.12,0.03,0.23,12.22,91.35,"13,166.67"
1604,30/03/2020,STB,"8,210","7,700","7,640","7,990","7,640","7,658",-570,-6.94,16.13,123.53,0.32,2.53,16.45,126.06,"13,779.91"
1605,27/03/2020,STB,"8,700","8,750","8,210","8,750","8,210","8,466",-490,-5.63,11.65,98.65,0.00,0.00,11.65,98.65,"14,807.99"
1606,26/03/2020,STB,"9,110","9,110","8,700","9,110","8,700","8,884",-410,-4.50,7.22,64.16,0.00,0.00,7.22,64.16,"15,691.78"
1607,25/03/2020,STB,"8,800","9,150","9,110","9,260","8,900","9,117",310,3.52,9.89,90.21,0.00,0.00,9.89,90.21,"16,431.28"
1608,24/03/2020,STB,"9,120","9,120","8,800","9,170","8,800","9,013",-320,-3.51,7.82,70.44,0.00,0.00,7.82,70.44,"15,872.15"
1609,23/03/2020,STB,"9,800","9,300","9,120","9,500","9,120","9,178",-680,-6.94,10.63,97.60,0.00,0.00,10.63,97.60,"16,449.32"
1610,20/03/2020,STB,"9,750","9,810","9,800","9,920","9,740","9,816",50,0.51,4.89,47.99,0.00,0.00,4.89,47.99,"17,675.80"
1611,19/03/2020,STB,"10,000","9,900","9,750","9,960","9,600","9,768",-250,-2.50,7.52,73.42,0.00,0.00,7.52,73.42,"17,585.62"
1612,18/03/2020,STB,"10,200","10,400","10,000","10,400","10,000","10,165",-200,-1.96,8.31,84.43,0.00,0.00,8.31,84.43,"18,036.53"
1613,17/03/2020,STB,"9,990","9,900","10,200","10,200","9,560","9,893",210,2.10,8.61,85.20,0.10,0.94,8.71,86.14,"18,397.26"
1614,16/03/2020,STB,"10,400","10,400","9,990","10,500","9,800","10,168",-410,-3.94,9.16,93.13,0.09,1.01,9.25,94.15,"18,018.50"
1615,13/03/2020,STB,"9,950","9,300","10,400","10,550","9,280","9,854",450,4.52,16.34,161.00,0.14,1.40,16.48,162.40,"18,758.00"
1616,12/03/2020,STB,"10,650","10,000","9,950","10,250","9,930","10,017",-700,-6.57,21.36,213.98,0.10,0.94,21.46,214.92,"17,946.35"
1617,11/03/2020,STB,"11,400","11,450","10,650","11,500","10,650","10,928",-750,-6.58,18.79,205.34,0.00,0.00,18.79,205.34,"19,208.91"
1618,10/03/2020,STB,"11,400","11,000","11,400","11,500","10,850","11,175",0,0.00,15.32,171.19,0.05,0.57,15.37,171.76,"20,561.65"
1619,09/03/2020,STB,"12,250","11,500","11,400","11,700","11,400","11,455",-850,-6.94,17.02,194.90,0.00,0.00,17.02,194.90,"20,561.65"
1620,06/03/2020,STB,"12,200","12,100","12,250","12,400","12,100","12,245",50,0.41,12.06,147.70,0.05,0.61,12.11,148.31,"22,094.75"
1621,05/03/2020,STB,"12,500","12,650","12,200","12,700","12,200","12,497",-300,-2.40,17.52,218.92,0.00,0.00,17.52,218.92,"22,004.57"
1622,04/03/2020,STB,"12,250","12,200","12,500","12,600","12,100","12,399",250,2.04,12.16,150.82,0.45,5.60,12.61,156.42,"22,545.67"
1623,03/03/2020,STB,"12,350","12,600","12,250","12,700","12,150","12,442",-100,-0.81,15.55,193.51,0.00,0.00,15.55,193.51,"22,094.75"
1624,02/03/2020,STB,"11,600","11,800","12,350","12,400","11,750","12,113",750,6.47,27.55,333.71,0.00,0.00,27.55,333.71,"22,275.12"
1625,28/02/2020,STB,"11,650","11,350","11,600","11,750","11,350","11,557",-50,-0.43,11.94,138.02,0.05,0.58,11.99,138.60,"20,922.38"
1626,27/02/2020,STB,"11,200","11,300","11,650","11,700","11,150","11,472",450,4.02,13.07,149.93,0.00,0.00,13.07,149.93,"21,012.56"
1627,26/02/2020,STB,"11,150","11,000","11,200","11,400","10,950","11,217",50,0.45,8.38,94.01,0.20,2.26,8.58,96.27,"20,200.92"
1628,25/02/2020,STB,"10,850","10,700","11,150","11,150","10,700","10,930",300,2.76,5.67,61.96,0.25,2.52,5.92,64.48,"20,110.74"
1629,24/02/2020,STB,"11,300","11,000","10,850","11,100","10,750","10,923",-450,-3.98,11.77,128.51,0.00,0.00,11.77,128.51,"19,569.64"
1630,21/02/2020,STB,"11,300","11,250","11,300","11,500","11,200","11,355",0,0.00,7.65,86.88,0.00,0.00,7.65,86.88,"20,381.28"
1631,20/02/2020,STB,"11,400","11,500","11,300","11,550","11,200","11,344",-100,-0.88,7.14,81.00,0.00,0.00,7.14,81.00,"20,381.28"
1632,19/02/2020,STB,"11,550","11,400","11,400","11,550","11,300","11,386",-150,-1.30,6.82,77.69,0.02,0.25,6.84,77.94,"20,561.65"
1633,18/02/2020,STB,"11,650","11,650","11,550","11,750","11,350","11,597",-100,-0.86,8.50,98.60,0.00,0.00,8.50,98.60,"20,832.20"
1634,17/02/2020,STB,"11,600","11,650","11,650","11,850","11,500","11,698",50,0.43,8.91,104.29,0.00,0.00,8.91,104.29,"21,012.56"
1635,14/02/2020,STB,"11,500","11,550","11,600","11,900","11,450","11,658",100,0.87,17.83,207.83,0.00,0.00,17.83,207.83,"20,922.38"
1636,13/02/2020,STB,"11,550","11,500","11,500","11,600","11,300","11,449",-50,-0.43,7.81,89.39,0.00,0.00,7.81,89.39,"20,742.01"
1637,12/02/2020,STB,"11,350","11,400","11,550","11,800","11,400","11,571",200,1.76,14.68,169.86,0.00,0.00,14.68,169.86,"20,832.20"
1638,11/02/2020,STB,"10,950","10,950","11,350","11,450","10,900","11,187",400,3.65,14.65,163.93,0.00,0.00,14.65,163.93,"20,471.47"
1639,10/02/2020,STB,"11,150","10,900","10,950","11,100","10,800","11,002",-200,-1.79,5.34,58.70,0.00,0.00,5.34,58.70,"19,750.01"
1640,07/02/2020,STB,"10,950","11,000","11,150","11,450","10,950","11,192",200,1.83,14.96,167.48,0.00,0.00,14.96,167.48,"20,110.74"
1641,06/02/2020,STB,"10,250","10,300","10,950","10,950","10,300","10,827",700,6.83,22.70,245.74,0.02,0.21,22.72,245.95,"19,750.01"
1642,05/02/2020,STB,"10,200","10,350","10,250","10,450","10,250","10,327",50,0.49,3.97,40.98,0.00,0.00,3.97,40.98,"18,487.45"
1643,04/02/2020,STB,"10,250","10,250","10,200","10,400","10,100","10,222",-50,-0.49,5.43,55.54,0.00,0.00,5.43,55.54,"18,397.26"
1644,03/02/2020,STB,"10,200","10,000","10,250","10,400","9,820","10,027",50,0.49,7.11,71.24,0.00,0.00,7.11,71.24,"18,487.45"
1645,31/01/2020,STB,"10,350","10,300","10,200","10,500","10,200","10,336",-150,-1.45,6.26,64.71,0.00,0.00,6.26,64.71,"18,397.26"
1646,30/01/2020,STB,"10,900","10,800","10,350","10,800","10,200","10,512",-550,-5.05,8.26,86.88,0.00,0.00,8.26,86.88,"18,667.81"
1647,22/01/2020,STB,"10,900","10,900","10,900","10,950","10,750","10,833",0,0.00,7.03,76.17,0.00,0.00,7.03,76.17,"19,659.82"
1648,21/01/2020,STB,"10,700","10,700","10,900","11,050","10,700","10,914",200,1.87,7.60,82.99,0.00,0.00,7.60,82.99,"19,659.82"
1649,20/01/2020,STB,"10,600","10,500","10,700","10,750","10,500","10,639",100,0.94,4.14,44.00,0.00,0.00,4.14,44.00,"19,299.09"
1650,17/01/2020,STB,"10,400","10,450","10,600","10,700","10,400","10,493",200,1.92,6.09,63.95,0.00,0.00,6.09,63.95,"19,118.73"
1651,16/01/2020,STB,"10,250","10,300","10,400","10,550","10,300","10,437",150,1.46,9.56,99.75,0.03,0.31,9.59,100.06,"18,758.00"
1652,15/01/2020,STB,"10,300","10,300","10,250","10,350","10,200","10,263",-50,-0.49,2.48,25.45,0.00,0.00,2.48,25.45,"18,487.45"
1653,14/01/2020,STB,"10,400","10,400","10,300","10,450","10,300","10,376",-100,-0.96,1.81,18.79,0.00,0.00,1.81,18.79,"18,577.63"
1654,13/01/2020,STB,"10,500","10,500","10,400","10,550","10,300","10,425",-100,-0.95,3.39,35.34,0.03,0.32,3.42,35.66,"18,758.00"
1655,10/01/2020,STB,"10,150","10,150","10,500","10,500","10,150","10,353",350,3.45,10.75,111.34,0.00,0.00,10.75,111.34,"18,938.36"
1656,09/01/2020,STB,"9,980","10,100","10,150","10,200","10,050","10,129",170,1.70,2.44,24.75,0.00,0.00,2.44,24.75,"18,307.08"
1657,08/01/2020,STB,"10,150","10,050","9,980","10,100","9,970","10,000",-170,-1.67,4.49,44.90,0.00,0.00,4.49,44.90,"18,000.46"
1658,07/01/2020,STB,"10,050","10,050","10,150","10,150","10,000","10,093",100,1.00,2.15,21.75,0.00,0.00,2.15,21.75,"18,307.08"
1659,06/01/2020,STB,"10,200","10,100","10,050","10,150","10,000","10,072",-150,-1.47,2.30,23.19,0.00,0.00,2.30,23.19,"18,126.72"
1660,03/01/2020,STB,"10,200","10,250","10,200","10,300","10,150","10,210",0,0.00,1.98,20.17,0.00,0.00,1.98,20.17,"18,397.26"
1661,02/01/2020,STB,"10,050","10,100","10,200","10,300","10,000","10,169",150,1.49,2.91,29.64,0.00,0.00,2.91,29.64,"18,397.26"
1662,31/12/2019,STB,"10,100","10,100","10,050","10,200","10,050","10,090",-50,-0.50,1.83,18.48,0.00,0.00,1.83,18.48,"18,126.72"
1663,30/12/2019,STB,"10,150","10,100","10,100","10,250","10,100","10,180",-50,-0.49,1.96,19.96,0.00,0.00,1.96,19.96,"18,216.90"
1664,27/12/2019,STB,"10,100","10,100","10,150","10,200","10,000","10,090",50,0.50,2.01,20.32,0.00,0.00,2.01,20.32,"18,307.08"
1665,26/12/2019,STB,"10,100","10,100","10,100","10,150","10,000","10,076",0,0.00,2.34,23.53,0.00,0.00,2.34,23.53,"18,216.90"
1666,25/12/2019,STB,"10,100","10,200","10,100","10,250","10,100","10,176",0,0.00,1.26,12.86,0.28,2.85,1.54,15.70,"18,216.90"
1667,24/12/2019,STB,"10,200","10,200","10,100","10,250","10,100","10,142",-100,-0.98,1.56,15.81,0.03,0.30,1.59,16.11,"18,216.90"
1668,23/12/2019,STB,"10,000","10,100","10,200","10,300","10,100","10,196",200,2.00,3.41,34.81,0.11,1.21,3.53,36.02,"18,397.26"
1669,20/12/2019,STB,"9,930","9,980","10,000","10,050","9,950","10,002",70,0.70,1.54,15.38,0.28,2.94,1.82,18.32,"18,036.53"
1670,19/12/2019,STB,"9,940","10,050","9,930","10,050","9,900","9,955",-10,-0.10,2.70,26.91,0.36,3.60,3.07,30.51,"17,910.28"
1671,18/12/2019,STB,"10,050","10,000","9,940","10,050","9,900","9,975",-110,-1.09,2.11,21.08,0.48,4.80,2.59,25.88,"17,928.32"
1672,17/12/2019,STB,"10,050","10,100","10,050","10,100","9,990","10,016",0,0.00,2.12,21.23,0.48,4.84,2.60,26.07,"18,126.72"
1673,16/12/2019,STB,"10,050","10,050","10,050","10,100","10,000","10,056",0,0.00,1.60,16.10,0.33,3.27,1.93,19.37,"18,126.72"
1674,13/12/2019,STB,"10,100","10,150","10,050","10,200","10,050","10,099",-50,-0.50,1.36,13.75,0.20,2.16,1.56,15.91,"18,126.72"
1675,12/12/2019,STB,"10,050","10,050","10,100","10,100","10,000","10,056",50,0.50,1.65,16.60,0.09,0.87,1.74,17.47,"18,216.90"
1676,11/12/2019,STB,"10,050","10,050","10,050","10,100","9,950","10,008",0,0.00,1.05,10.49,0.03,0.30,1.08,10.79,"18,126.72"
1677,10/12/2019,STB,"9,950","9,900","10,050","10,050","9,900","9,983",100,1.01,2.04,20.37,0.09,0.86,2.13,21.23,"18,126.72"
1678,09/12/2019,STB,"10,000","10,000","9,950","10,050","9,920","9,969",-50,-0.50,1.89,18.87,0.03,0.27,1.92,19.14,"17,946.35"
1679,06/12/2019,STB,"10,050","10,000","10,000","10,100","9,990","10,033",-50,-0.50,1.58,15.85,0.00,0.00,1.58,15.85,"18,036.53"
1680,05/12/2019,STB,"10,100","10,100","10,050","10,150","9,990","10,051",-50,-0.50,0.96,9.63,0.09,0.87,1.04,10.50,"18,126.72"
1681,04/12/2019,STB,"9,750","9,800","10,100","10,100","9,800","9,942",350,3.59,2.85,28.35,0.00,0.00,2.85,28.35,"18,216.90"
1682,03/12/2019,STB,"10,000","10,000","9,750","10,050","9,750","9,921",-250,-2.50,3.60,35.76,0.00,0.00,3.60,35.76,"17,585.62"
1683,02/12/2019,STB,"10,100","10,100","10,000","10,150","10,000","10,054",-100,-0.99,3.13,31.46,0.00,0.00,3.13,31.46,"18,036.53"
1684,29/11/2019,STB,"10,100","10,150","10,100","10,200","10,050","10,122",0,0.00,2.16,21.84,0.02,0.21,2.18,22.05,"18,216.90"
1685,28/11/2019,STB,"10,100","10,100","10,100","10,200","10,050","10,114",0,0.00,2.40,24.25,0.00,0.00,2.40,24.25,"18,216.90"
1686,27/11/2019,STB,"10,150","10,200","10,100","10,250","10,100","10,168",-50,-0.49,2.20,22.39,0.00,0.00,2.20,22.39,"18,216.90"
1687,26/11/2019,STB,"10,150","10,200","10,150","10,250","10,100","10,147",0,0.00,3.96,40.15,0.00,0.00,3.96,40.15,"18,307.08"
1688,25/11/2019,STB,"10,250","10,300","10,150","10,300","10,100","10,188",-100,-0.98,2.01,20.49,0.02,0.21,2.03,20.70,"18,307.08"
1689,22/11/2019,STB,"10,200","10,300","10,250","10,400","10,100","10,264",50,0.49,3.60,36.99,0.00,0.00,3.60,36.99,"18,487.45"
1690,21/11/2019,STB,"10,400","10,350","10,200","10,450","10,200","10,251",-200,-1.92,4.30,44.12,0.00,0.00,4.30,44.12,"18,397.26"
1691,20/11/2019,STB,"10,600","10,600","10,400","10,600","10,350","10,442",-200,-1.89,4.83,50.43,0.21,2.24,5.04,52.66,"18,758.00"
1692,19/11/2019,STB,"10,600","10,550","10,600","10,650","10,550","10,601",0,0.00,2.33,24.73,0.00,0.00,2.33,24.73,"19,118.73"
1693,18/11/2019,STB,"10,700","10,750","10,600","10,800","10,600","10,652",-100,-0.93,2.21,23.58,0.00,0.00,2.21,23.58,"19,118.73"
1694,15/11/2019,STB,"10,700","10,800","10,700","10,800","10,650","10,714",0,0.00,1.61,17.26,0.19,2.03,1.80,19.29,"19,299.09"
1695,14/11/2019,STB,"10,800","10,800","10,700","10,850","10,650","10,740",-100,-0.93,2.04,21.95,0.02,0.22,2.06,22.17,"19,299.09"
1696,13/11/2019,STB,"10,750","10,800","10,800","10,900","10,750","10,800",50,0.47,2.25,24.30,0.00,0.00,2.25,24.30,"19,479.46"
1697,12/11/2019,STB,"10,800","10,850","10,750","10,850","10,750","10,790",-50,-0.46,1.45,15.61,0.23,2.52,1.68,18.13,"19,389.27"
1698,11/11/2019,STB,"10,850","10,850","10,800","10,900","10,750","10,810",-50,-0.46,3.09,33.39,0.16,1.76,3.25,35.15,"19,479.46"
1699,08/11/2019,STB,"10,900","10,900","10,850","11,000","10,850","10,890",-50,-0.46,2.86,31.18,0.00,0.00,2.86,31.18,"19,569.64"
1700,07/11/2019,STB,"11,000","11,000","10,900","11,000","10,850","10,900",-100,-0.91,3.85,41.95,0.23,2.52,4.08,44.47,"19,659.82"
1701,06/11/2019,STB,"10,950","10,950","11,000","11,050","10,900","10,970",50,0.46,4.06,44.55,0.79,8.65,4.86,53.20,"19,840.19"
1702,05/11/2019,STB,"10,900","10,950","10,950","10,950","10,850","10,900",50,0.46,4.41,48.09,0.00,0.00,4.41,48.09,"19,750.01"
1703,04/11/2019,STB,"10,900","10,900","10,900","11,100","10,850","10,980",0,0.00,6.50,71.38,0.00,0.00,6.50,71.38,"19,659.82"
1704,01/11/2019,STB,"10,800","10,800","10,900","10,950","10,700","10,850",100,0.93,3.15,34.13,0.74,7.98,3.88,42.11,"19,659.82"
1705,31/10/2019,STB,"10,700","10,800","10,800","10,850","10,650","10,765",100,0.93,3.13,33.67,0.00,0.00,3.13,33.67,"19,479.46"
1706,30/10/2019,STB,"10,650","10,700","10,700","10,800","10,650","10,712",50,0.47,2.78,29.79,0.00,0.00,2.78,29.79,"19,299.09"
1707,29/10/2019,STB,"10,850","10,800","10,650","10,900","10,650","10,742",-200,-1.84,4.55,48.91,0.77,8.30,5.32,57.21,"19,208.91"
1708,28/10/2019,STB,"10,900","11,000","10,850","11,000","10,750","10,871",-50,-0.46,5.44,59.12,0.00,0.00,5.44,59.12,"19,569.64"
1709,25/10/2019,STB,"10,950","10,950","10,900","11,000","10,850","10,920",-50,-0.46,1.94,21.17,0.00,0.00,1.94,21.17,"19,659.82"
1710,24/10/2019,STB,"11,000","11,000","10,950","11,050","10,900","10,945",-50,-0.45,2.08,22.81,0.23,2.50,2.31,25.31,"19,750.01"
1711,23/10/2019,STB,"11,000","11,000","11,000","11,100","10,950","10,992",0,0.00,1.86,20.39,0.02,0.23,1.88,20.62,"19,840.19"
1712,22/10/2019,STB,"10,950","10,900","11,000","11,100","10,900","11,003",50,0.46,3.81,41.95,0.00,0.00,3.81,41.95,"19,840.19"
1713,21/10/2019,STB,"10,800","10,850","10,950","10,950","10,700","10,816",150,1.39,2.98,32.26,0.15,1.62,3.13,33.88,"19,750.01"
1714,18/10/2019,STB,"10,900","10,950","10,800","11,050","10,800","10,900",-100,-0.92,3.24,35.26,0.06,0.66,3.30,35.92,"19,479.46"
1715,17/10/2019,STB,"11,050","11,050","10,900","11,050","10,900","10,970",-150,-1.36,3.90,42.84,0.00,0.00,3.90,42.84,"19,659.82"
1716,16/10/2019,STB,"11,050","11,100","11,050","11,200","11,000","11,080",0,0.00,2.39,26.48,0.06,0.61,2.44,27.09,"19,930.37"
1717,15/10/2019,STB,"11,100","11,100","11,050","11,200","11,000","11,090",-50,-0.45,2.78,30.86,0.00,0.00,2.78,30.86,"19,930.37"
1718,14/10/2019,STB,"11,000","11,100","11,100","11,300","11,100","11,190",100,0.91,6.86,76.74,0.00,0.00,6.86,76.74,"20,020.55"
1719,11/10/2019,STB,"10,800","10,800","11,000","11,250","10,800","11,020",200,1.85,8.08,89.11,0.03,0.30,8.11,89.41,"19,840.19"
1720,10/10/2019,STB,"10,900","10,900","10,800","10,950","10,800","10,880",-100,-0.92,3.37,36.70,0.00,0.00,3.37,36.70,"19,479.46"
1721,09/10/2019,STB,"11,000","11,000","10,900","11,100","10,850","10,970",-100,-0.91,5.65,62.00,0.00,0.00,5.65,62.00,"19,659.82"
1722,08/10/2019,STB,"10,500","10,600","11,000","11,000","10,550","10,790",500,4.76,11.68,126.08,0.04,0.43,11.72,126.50,"19,840.19"
1723,07/10/2019,STB,"10,400","10,450","10,500","10,600","10,400","10,510",100,0.96,2.97,31.17,0.08,0.76,3.04,31.93,"18,938.36"
1724,04/10/2019,STB,"10,500","10,500","10,400","10,600","10,400","10,450",-100,-0.95,1.58,16.48,0.19,2.00,1.77,18.48,"18,758.00"
1725,03/10/2019,STB,"10,400","10,350","10,500","10,500","10,300","10,400",100,0.96,2.36,24.59,0.04,0.43,2.40,25.02,"18,938.36"
1726,02/10/2019,STB,"10,500","10,500","10,400","10,600","10,400","10,490",-100,-0.95,3.18,33.34,0.00,0.00,3.18,33.34,"18,758.00"
1727,01/10/2019,STB,"10,550","10,550","10,500","10,600","10,450","10,520",-50,-0.47,3.59,37.74,0.13,1.37,3.72,39.11,"18,938.36"
1728,30/09/2019,STB,"10,650","10,700","10,550","10,750","10,550","10,630",-100,-0.94,3.90,41.48,0.00,0.00,3.90,41.48,"19,028.54"
1729,27/09/2019,STB,"10,700","10,700","10,650","10,750","10,600","10,690",-50,-0.47,4.21,44.95,0.05,0.49,4.25,45.44,"19,208.91"
1730,26/09/2019,STB,"10,600","10,600","10,700","10,700","10,550","10,610",100,0.94,3.31,35.11,0.00,0.00,3.31,35.11,"19,299.09"
1731,25/09/2019,STB,"10,500","10,450","10,600","10,650","10,450","10,530",100,0.95,2.61,27.53,0.00,0.00,2.61,27.53,"19,118.73"
1732,24/09/2019,STB,"10,550","10,550","10,500","10,650","10,500","10,530",-50,-0.47,2.86,30.13,0.11,1.12,2.97,31.24,"18,938.36"
1733,23/09/2019,STB,"10,350","10,350","10,550","10,750","10,350","10,610",200,1.93,10.25,108.69,0.97,9.72,11.22,118.42,"19,028.54"
1734,20/09/2019,STB,"10,550","10,600","10,350","10,600","10,350","10,410",-200,-1.90,3.59,37.42,0.00,0.00,3.59,37.42,"18,667.81"
1735,19/09/2019,STB,"10,200","10,200","10,550","10,550","10,150","10,360",350,3.43,8.11,84.00,0.06,0.63,8.17,84.63,"19,028.54"
1736,18/09/2019,STB,"10,200","10,200","10,200","10,300","10,150","10,220",0,0.00,3.45,35.31,0.00,0.00,3.45,35.31,"18,397.26"
1737,17/09/2019,STB,"10,350","10,250","10,200","10,350","10,150","10,226",-150,-1.45,3.52,35.97,0.00,0.00,3.52,35.97,"18,397.26"
1738,16/09/2019,STB,"10,350","10,350","10,350","10,400","10,250","10,332",0,0.00,2.48,25.67,0.00,0.00,2.48,25.67,"18,667.81"
1739,13/09/2019,STB,"10,150","10,150","10,350","10,350","10,100","10,238",200,1.97,4.21,43.12,0.02,0.19,4.23,43.31,"18,667.81"
1740,12/09/2019,STB,"10,050","10,100","10,150","10,150","10,050","10,084",100,1.00,2.18,21.95,0.11,1.02,2.29,22.97,"18,307.08"
1741,11/09/2019,STB,"10,050","10,000","10,050","10,100","10,000","10,048",0,0.00,1.46,14.70,0.00,0.00,1.46,14.70,"18,126.72"
1742,10/09/2019,STB,"10,100","10,150","10,050","10,150","10,000","10,052",-50,-0.50,5.13,51.52,0.00,0.00,5.13,51.52,"18,126.72"
1743,09/09/2019,STB,"10,150","10,250","10,100","10,250","10,100","10,168",-50,-0.49,1.40,14.20,0.00,0.00,1.40,14.20,"18,216.90"
1744,06/09/2019,STB,"10,150","10,200","10,150","10,200","10,100","10,149",0,0.00,1.28,12.95,0.00,0.00,1.28,12.95,"18,307.08"
1745,05/09/2019,STB,"10,150","10,150","10,150","10,300","10,100","10,167",0,0.00,2.86,29.11,0.00,0.00,2.86,29.11,"18,307.08"
1746,04/09/2019,STB,"10,200","10,200","10,150","10,250","10,050","10,128",-50,-0.49,2.86,28.98,0.00,0.00,2.86,28.98,"18,307.08"
1747,03/09/2019,STB,"10,400","10,400","10,200","10,400","10,200","10,299",-200,-1.92,3.24,33.35,0.00,0.00,3.24,33.35,"18,397.26"
1748,30/08/2019,STB,"10,350","10,350","10,400","10,400","10,300","10,362",50,0.48,1.45,15.01,0.00,0.00,1.45,15.01,"18,758.00"
1749,29/08/2019,STB,"10,350","10,400","10,350","10,450","10,300","10,357",0,0.00,1.73,17.94,0.00,0.00,1.73,17.94,"18,667.81"
1750,28/08/2019,STB,"10,450","10,500","10,350","10,500","10,350","10,408",-100,-0.96,2.13,22.19,0.00,0.00,2.13,22.19,"18,667.81"
1751,27/08/2019,STB,"10,550","10,550","10,450","10,650","10,450","10,538",-100,-0.95,3.93,41.44,0.00,0.00,3.93,41.44,"18,848.18"
1752,26/08/2019,STB,"10,700","10,500","10,550","10,650","10,450","10,507",-150,-1.40,3.64,38.24,0.00,0.00,3.64,38.24,"19,028.54"
1753,23/08/2019,STB,"10,300","10,400","10,700","10,750","10,300","10,552",400,3.88,6.01,63.42,0.00,0.00,6.01,63.42,"19,299.09"
1754,22/08/2019,STB,"10,250","10,250","10,300","10,400","10,250","10,343",50,0.49,2.73,28.27,0.00,0.00,2.73,28.27,"18,577.63"
1755,21/08/2019,STB,"10,300","10,300","10,250","10,300","10,200","10,263",-50,-0.49,2.44,25.08,0.20,2.09,2.64,27.17,"18,487.45"
1756,20/08/2019,STB,"10,250","10,300","10,300","10,300","10,200","10,256",50,0.49,1.24,12.68,0.30,2.87,1.54,15.54,"18,577.63"
1757,19/08/2019,STB,"10,300","10,350","10,250","10,400","10,200","10,294",-50,-0.49,1.30,13.36,0.00,0.00,1.30,13.36,"18,487.45"
1758,16/08/2019,STB,"10,350","10,300","10,300","10,450","10,150","10,324",-50,-0.48,1.93,19.97,0.00,0.00,1.93,19.97,"18,577.63"
1759,15/08/2019,STB,"10,150","10,050","10,350","10,350","10,000","10,130",200,1.97,3.23,32.72,0.37,3.97,3.60,36.68,"18,667.81"
1760,14/08/2019,STB,"10,200","10,350","10,150","10,350","10,150","10,220",-50,-0.49,3.67,37.55,0.41,4.02,4.08,41.57,"18,307.08"
1764,08/08/2019,STB,"10,400","10,400","10,450","10,450","10,350","10,407",50,0.48,1.51,15.71,0.00,0.00,1.51,15.71,"18,848.18"
1765,07/08/2019,STB,"10,450","10,350","10,400","10,600","10,400","10,437",-50,-0.48,1.98,20.63,0.10,1.10,2.08,21.73,"18,758.00"
1766,06/08/2019,STB,"10,450","10,350","10,450","10,500","10,200","10,357",0,0.00,3.12,32.29,0.35,3.73,3.47,36.02,"18,848.18"
1767,05/08/2019,STB,"10,600","10,550","10,450","10,600","10,400","10,491",-150,-1.42,2.08,21.84,0.10,1.13,2.18,22.97,"18,848.18"
1768,02/08/2019,STB,"10,500","10,400","10,600","10,800","10,350","10,563",100,0.95,3.08,32.54,0.00,0.00,3.08,32.54,"19,118.73"
1769,01/08/2019,STB,"10,700","10,700","10,500","10,750","10,500","10,608",-200,-1.87,5.01,53.10,0.35,3.85,5.36,56.95,"18,938.36"
1770,31/07/2019,STB,"10,850","10,900","10,700","10,900","10,600","10,731",-150,-1.38,3.28,35.25,0.00,0.00,3.28,35.25,"19,299.09"
1761,13/08/2019,STB,"10,350","10,300","10,200","10,350","10,150","10,238",-150,-1.45,4.10,41.95,1.13,10.87,5.23,52.82,"18,397.26"
1762,12/08/2019,STB,"10,350","10,400","10,350","10,450","10,300","10,363",0,0.00,1.45,15.00,0.10,0.97,1.55,15.97,"18,667.81"
1763,09/08/2019,STB,"10,450","10,450","10,350","10,500","10,350","10,393",-100,-0.96,2.44,25.40,0.00,0.00,2.44,25.40,"18,667.81"
1771,30/07/2019,STB,"10,950","10,950","10,850","11,050","10,850","10,921",-100,-0.91,2.01,21.94,0.00,0.00,2.01,21.94,"19,569.64"
1772,29/07/2019,STB,"11,150","11,200","10,950","11,200","10,900","10,986",-200,-1.79,6.83,75.05,0.05,0.54,6.88,75.59,"19,750.01"
1773,26/07/2019,STB,"11,200","11,200","11,150","11,300","11,150","11,216",-50,-0.45,2.70,30.31,0.50,5.68,3.20,35.99,"20,110.74"
1774,25/07/2019,STB,"11,350","11,350","11,200","11,350","11,200","11,270",-150,-1.32,5.86,66.03,0.00,0.00,5.86,66.03,"20,200.92"
1775,24/07/2019,STB,"11,500","11,500","11,350","11,550","11,350","11,411",-150,-1.30,4.40,50.23,0.00,0.00,4.40,50.23,"20,471.47"
1776,23/07/2019,STB,"11,500","11,550","11,500","11,600","11,500","11,537",0,0.00,1.90,21.98,0.00,0.00,1.90,21.98,"20,742.01"
1777,22/07/2019,STB,"11,700","11,650","11,500","11,750","11,500","11,599",-200,-1.71,2.83,32.77,0.26,3.22,3.09,35.98,"20,742.01"
1778,19/07/2019,STB,"11,550","11,550","11,700","11,750","11,550","11,668",150,1.30,4.76,55.58,0.00,0.00,4.76,55.58,"21,102.75"
1779,18/07/2019,STB,"11,550","11,550","11,550","11,650","11,500","11,562",0,0.00,3.65,42.17,0.00,0.00,3.65,42.17,"20,832.20"
1780,17/07/2019,STB,"11,400","11,450","11,550","11,650","11,400","11,538",150,1.32,7.84,90.49,0.30,3.62,8.14,94.10,"20,832.20"
1781,16/07/2019,STB,"11,350","11,400","11,400","11,500","11,300","11,430",50,0.44,3.24,37.02,0.40,4.36,3.64,41.38,"20,561.65"
1782,15/07/2019,STB,"11,400","11,500","11,350","11,500","11,300","11,375",-50,-0.44,3.39,38.54,0.13,1.35,3.51,39.89,"20,471.47"
1783,12/07/2019,STB,"11,500","11,500","11,400","11,550","11,400","11,462",-100,-0.87,2.60,29.80,0.00,0.00,2.60,29.80,"20,561.65"
1784,11/07/2019,STB,"11,450","11,550","11,500","11,550","11,400","11,488",50,0.44,2.60,29.87,0.00,0.00,2.60,29.87,"20,742.01"
1785,10/07/2019,STB,"11,350","11,400","11,450","11,550","11,350","11,464",100,0.88,3.21,36.77,0.40,4.80,3.61,41.57,"20,651.83"
1786,09/07/2019,STB,"11,400","11,400","11,350","11,450","11,300","11,374",-50,-0.44,1.63,18.50,0.00,0.00,1.63,18.50,"20,471.47"
1787,08/07/2019,STB,"11,400","11,450","11,400","11,500","11,300","11,409",0,0.00,2.47,28.17,0.00,0.00,2.47,28.17,"20,561.65"
1788,05/07/2019,STB,"11,450","11,450","11,400","11,500","11,400","11,434",-50,-0.44,2.28,26.02,0.20,2.44,2.48,28.46,"20,561.65"
1789,04/07/2019,STB,"11,350","11,400","11,450","11,550","11,350","11,460",100,0.88,2.41,27.59,0.20,2.12,2.61,29.71,"20,651.83"
1790,03/07/2019,STB,"11,450","11,500","11,350","11,500","11,350","11,401",-100,-0.87,2.34,26.70,0.00,0.00,2.34,26.70,"20,471.47"
1791,02/07/2019,STB,"11,550","11,550","11,450","11,550","11,400","11,468",-100,-0.87,2.53,29.02,0.00,0.00,2.53,29.02,"20,651.83"
1792,01/07/2019,STB,"11,350","11,450","11,550","11,600","11,450","11,543",200,1.76,4.23,48.80,0.20,2.42,4.43,51.22,"20,832.20"
1793,28/06/2019,STB,"11,300","11,350","11,350","11,400","11,250","11,313",50,0.44,3.06,34.58,0.00,0.00,3.06,34.58,"20,471.47"
1794,27/06/2019,STB,"11,500","11,550","11,300","11,550","11,300","11,408",-200,-1.74,3.91,44.64,0.00,0.00,3.91,44.64,"20,381.28"
1795,26/06/2019,STB,"11,650","11,600","11,500","11,650","11,500","11,551",-150,-1.29,2.82,32.53,0.20,2.49,3.02,35.02,"20,742.01"
1796,25/06/2019,STB,"11,700","11,700","11,650","11,800","11,600","11,704",-50,-0.43,2.50,29.26,0.00,0.00,2.50,29.26,"21,012.56"
1797,24/06/2019,STB,"11,450","11,500","11,700","11,700","11,500","11,645",250,2.18,3.16,36.80,0.00,0.00,3.16,36.80,"21,102.75"
1798,21/06/2019,STB,"11,500","11,450","11,450","11,600","11,400","11,469",-50,-0.43,15.02,172.27,0.20,2.46,15.22,174.73,"20,651.83"
1799,20/06/2019,STB,"11,300","11,300","11,500","11,550","11,300","11,465",200,1.77,2.74,31.46,0.79,8.90,3.53,40.36,"20,742.01"
1800,19/06/2019,STB,"11,200","11,300","11,300","11,400","11,250","11,323",100,0.89,1.28,14.55,0.00,0.00,1.28,14.55,"20,381.28"
1801,18/06/2019,STB,"11,450","11,450","11,200","11,500","11,200","11,303",-250,-2.18,3.53,39.90,0.00,0.00,3.53,39.90,"20,200.92"
1802,17/06/2019,STB,"11,650","11,650","11,450","11,700","11,450","11,554",-200,-1.72,2.87,33.10,1.09,12.77,3.96,45.88,"20,651.83"
1803,14/06/2019,STB,"11,600","11,650","11,650","11,750","11,600","11,668",50,0.43,1.14,13.25,0.00,0.00,1.14,13.25,"21,012.56"
1804,13/06/2019,STB,"11,650","11,650","11,600","11,700","11,600","11,626",-50,-0.43,1.31,15.21,0.00,0.00,1.31,15.21,"20,922.38"
1805,12/06/2019,STB,"11,700","11,700","11,650","11,800","11,650","11,710",-50,-0.43,0.56,6.51,0.23,2.52,0.79,9.03,"21,012.56"
1806,11/06/2019,STB,"11,800","11,850","11,700","11,850","11,700","11,772",-100,-0.85,1.20,14.14,0.00,0.00,1.20,14.14,"21,102.75"
1807,10/06/2019,STB,"11,750","11,750","11,800","11,850","11,750","11,803",50,0.43,3.03,35.77,0.10,1.17,3.13,36.94,"21,283.11"
1808,07/06/2019,STB,"11,550","11,600","11,750","11,750","11,600","11,681",200,1.73,1.43,16.70,0.00,0.00,1.43,16.70,"21,192.93"
1809,06/06/2019,STB,"11,650","11,650","11,550","11,700","11,550","11,614",-100,-0.86,1.90,22.07,0.00,0.00,1.90,22.07,"20,832.20"
1810,05/06/2019,STB,"11,600","11,700","11,650","11,800","11,650","11,718",50,0.43,2.40,28.14,0.00,0.00,2.40,28.14,"21,012.56"
1811,04/06/2019,STB,"11,600","11,650","11,600","11,700","11,550","11,638",0,0.00,2.44,28.40,0.00,0.00,2.44,28.40,"20,922.38"
1812,03/06/2019,STB,"11,750","11,700","11,600","11,750","11,500","11,651",-150,-1.28,3.85,44.82,0.00,0.00,3.85,44.82,"20,922.38"
1813,31/05/2019,STB,"11,800","11,750","11,750","11,900","11,700","11,772",-50,-0.42,1.93,22.71,0.20,2.38,2.13,25.08,"21,192.93"
1814,30/05/2019,STB,"11,750","11,750","11,800","11,900","11,700","11,819",50,0.43,2.10,24.83,0.00,0.00,2.10,24.83,"21,283.11"
1815,29/05/2019,STB,"11,800","11,850","11,750","11,850","11,750","11,789",-50,-0.42,1.77,20.81,0.00,0.00,1.77,20.81,"21,192.93"
1816,28/05/2019,STB,"11,800","11,850","11,800","11,950","11,750","11,841",0,0.00,2.31,27.33,0.00,0.00,2.31,27.33,"21,283.11"
1817,27/05/2019,STB,"11,800","11,800","11,800","11,900","11,750","11,814",0,0.00,1.26,14.85,0.00,0.00,1.26,14.85,"21,283.11"
1818,24/05/2019,STB,"12,000","11,900","11,800","11,950","11,750","11,857",-200,-1.67,6.04,71.63,0.00,0.00,6.04,71.63,"21,283.11"
1819,23/05/2019,STB,"12,050","12,050","12,000","12,150","11,950","12,035",-50,-0.41,1.87,22.55,0.00,0.00,1.87,22.55,"21,643.84"
1820,22/05/2019,STB,"12,050","12,050","12,050","12,200","12,000","12,114",0,0.00,4.45,53.94,0.00,0.00,4.45,53.94,"21,734.02"
1821,21/05/2019,STB,"11,950","12,000","12,050","12,200","11,950","12,110",100,0.84,5.45,66.00,0.00,0.00,5.45,66.00,"21,734.02"
1822,20/05/2019,STB,"11,950","12,000","11,950","12,050","11,900","11,959",0,0.00,2.87,34.31,0.00,0.00,2.87,34.31,"21,553.66"
1823,17/05/2019,STB,"12,000","11,950","11,950","12,050","11,950","11,977",-50,-0.42,1.82,21.76,0.00,0.00,1.82,21.76,"21,553.66"
1824,16/05/2019,STB,"12,050","12,150","12,000","12,150","11,950","12,039",-50,-0.41,1.84,22.21,0.00,0.00,1.84,22.21,"21,643.84"
1825,15/05/2019,STB,"11,900","12,000","12,050","12,150","11,950","12,041",150,1.26,3.04,36.66,0.00,0.00,3.04,36.66,"21,734.02"
1826,14/05/2019,STB,"11,950","11,850","11,900","11,950","11,800","11,861",-50,-0.42,2.99,35.52,0.00,0.00,2.99,35.52,"21,463.48"
1827,13/05/2019,STB,"12,000","11,950","11,950","12,050","11,850","11,952",-50,-0.42,1.96,23.46,0.00,0.00,1.96,23.46,"21,553.66"
1828,10/05/2019,STB,"11,900","12,000","12,000","12,050","11,900","11,974",100,0.84,1.97,23.58,0.00,0.00,1.97,23.58,"21,643.84"
1829,09/05/2019,STB,"12,150","12,150","11,900","12,200","11,850","11,962",-250,-2.06,6.64,79.46,0.00,0.00,6.64,79.46,"21,463.48"
1830,08/05/2019,STB,"12,100","11,950","12,150","12,250","11,950","12,137",50,0.41,4.25,51.64,0.00,0.00,4.25,51.64,"21,914.39"
1831,07/05/2019,STB,"12,050","12,150","12,100","12,200","12,050","12,092",50,0.41,3.87,46.77,0.22,2.57,4.09,49.34,"21,824.21"
1832,06/05/2019,STB,"12,350","12,200","12,050","12,200","12,050","12,104",-300,-2.43,2.76,33.38,0.00,0.00,2.76,33.38,"21,734.02"
1833,03/05/2019,STB,"11,900","11,900","12,350","12,400","11,900","12,207",450,3.78,8.68,106.00,0.00,0.00,8.68,106.00,"22,275.12"
1834,02/05/2019,STB,"11,950","12,100","11,900","12,100","11,850","11,968",-50,-0.42,2.10,25.09,0.00,0.00,2.10,25.09,"21,463.48"
1835,26/04/2019,STB,"11,850","11,850","11,950","12,000","11,850","11,916",100,0.84,1.50,17.92,0.18,2.27,1.68,20.18,"21,553.66"
1836,25/04/2019,STB,"12,050","12,050","11,850","12,050","11,800","11,921",-200,-1.66,2.90,34.58,0.99,11.75,3.89,46.33,"21,373.29"
1837,24/04/2019,STB,"12,050","12,150","12,050","12,200","12,050","12,134",0,0.00,2.01,24.39,0.97,11.80,2.98,36.19,"21,734.02"
1838,23/04/2019,STB,"11,550","11,600","12,050","12,200","11,550","11,923",500,4.33,4.44,53.00,0.00,0.00,4.44,53.00,"21,734.02"
1839,22/04/2019,STB,"11,750","11,800","11,550","11,800","11,550","11,666",-200,-1.70,2.43,28.36,0.00,0.00,2.43,28.36,"20,832.20"
1840,19/04/2019,STB,"11,750","11,800","11,750","11,900","11,750","11,777",0,0.00,1.65,19.44,0.00,0.00,1.65,19.44,"21,192.93"
1841,18/04/2019,STB,"11,900","12,000","11,750","12,000","11,750","11,826",-150,-1.26,2.44,28.85,0.04,0.46,2.48,29.30,"21,192.93"
1842,17/04/2019,STB,"12,050","12,150","11,900","12,200","11,900","12,061",-150,-1.24,1.71,20.65,0.00,0.00,1.71,20.65,"21,463.48"
1843,16/04/2019,STB,"12,100","12,000","12,050","12,150","11,850","12,001",-50,-0.41,3.05,36.65,0.40,4.74,3.45,41.39,"21,734.02"
1844,12/04/2019,STB,"12,050","12,050","12,100","12,150","12,050","12,102",50,0.41,1.54,18.66,0.00,0.00,1.54,18.66,"21,824.21"
1845,11/04/2019,STB,"12,100","12,200","12,050","12,200","12,050","12,115",-50,-0.41,0.79,9.56,0.00,0.00,0.79,9.56,"21,734.02"
1846,10/04/2019,STB,"12,250","12,200","12,100","12,250","12,050","12,143",-150,-1.22,1.97,23.91,0.40,4.96,2.37,28.87,"21,824.21"
1847,09/04/2019,STB,"12,250","12,300","12,250","12,350","12,200","12,266",0,0.00,2.72,33.39,0.40,4.92,3.12,38.31,"22,094.75"
1848,08/04/2019,STB,"12,250","12,250","12,250","12,300","12,150","12,214",0,0.00,1.88,22.98,0.10,1.31,1.98,24.29,"22,094.75"
1849,05/04/2019,STB,"12,300","12,300","12,250","12,300","12,200","12,258",-50,-0.41,1.14,14.02,0.00,0.00,1.14,14.02,"22,094.75"
1850,04/04/2019,STB,"12,250","12,300","12,300","12,300","12,200","12,251",50,0.41,1.09,13.40,0.00,0.00,1.09,13.40,"22,184.94"
1851,03/04/2019,STB,"12,200","12,200","12,250","12,300","12,150","12,212",50,0.41,1.43,17.44,0.00,0.00,1.43,17.44,"22,094.75"
1852,02/04/2019,STB,"12,400","12,450","12,200","12,500","12,200","12,319",-200,-1.61,1.83,22.49,0.10,1.33,1.93,23.82,"22,004.57"
1853,01/04/2019,STB,"12,200","12,200","12,400","12,400","12,200","12,307",200,1.64,1.69,20.74,0.00,0.00,1.69,20.74,"22,365.30"
1854,29/03/2019,STB,"12,150","12,200","12,200","12,350","12,150","12,232",50,0.41,3.43,41.99,2.00,24.44,5.43,66.43,"22,004.57"
1855,28/03/2019,STB,"12,350","12,300","12,150","12,300","12,150","12,207",-200,-1.62,4.03,49.22,2.18,26.55,6.21,75.77,"21,914.39"
1856,27/03/2019,STB,"12,300","12,350","12,350","12,400","12,300","12,350",50,0.41,1.24,15.34,0.25,3.07,1.49,18.41,"22,275.12"
1857,26/03/2019,STB,"12,250","12,300","12,300","12,450","12,300","12,337",50,0.41,1.68,20.79,0.34,4.16,2.02,24.94,"22,184.94"
1858,25/03/2019,STB,"12,550","12,300","12,250","12,450","12,150","12,279",-300,-2.39,3.93,48.25,0.71,8.68,4.64,56.93,"22,094.75"
1859,22/03/2019,STB,"12,500","12,600","12,550","12,650","12,450","12,540",50,0.40,3.00,37.64,0.00,0.00,3.00,37.64,"22,635.85"
1860,21/03/2019,STB,"12,800","12,800","12,500","12,900","12,500","12,647",-300,-2.34,4.74,60.00,0.00,0.00,4.74,60.00,"22,545.67"
1861,20/03/2019,STB,"12,700","12,650","12,800","12,850","12,650","12,740",100,0.79,4.22,53.79,0.00,0.00,4.22,53.79,"23,086.76"
1862,19/03/2019,STB,"12,850","12,800","12,700","12,900","12,700","12,782",-150,-1.17,4.34,55.42,0.26,3.51,4.60,58.93,"22,906.40"
1863,18/03/2019,STB,"12,950","12,950","12,850","13,050","12,850","12,915",-100,-0.77,3.31,42.80,0.00,0.00,3.31,42.80,"23,176.95"
1864,15/03/2019,STB,"13,000","13,000","12,950","13,050","12,850","12,952",-50,-0.38,4.40,56.99,0.00,0.00,4.40,56.99,"23,357.31"
1865,14/03/2019,STB,"12,800","12,850","13,000","13,150","12,750","12,939",200,1.56,8.48,109.66,0.08,0.97,8.56,110.64,"23,447.49"
1866,13/03/2019,STB,"12,700","12,750","12,800","12,950","12,750","12,862",100,0.79,6.15,79.15,0.00,0.00,6.15,79.15,"23,086.76"
1867,12/03/2019,STB,"12,550","12,650","12,700","12,700","12,500","12,594",150,1.20,3.78,47.63,3.83,44.84,7.62,92.48,"22,906.40"
1868,11/03/2019,STB,"12,600","12,600","12,550","12,650","12,450","12,528",-50,-0.40,2.11,26.40,0.09,1.17,2.20,27.57,"22,635.85"
1869,08/03/2019,STB,"12,800","12,700","12,600","12,750","12,550","12,641",-200,-1.56,2.90,36.71,0.00,0.00,2.90,36.71,"22,726.03"
1870,07/03/2019,STB,"12,650","12,650","12,800","12,900","12,650","12,788",150,1.19,3.50,44.82,0.20,2.70,3.70,47.52,"23,086.76"
1871,06/03/2019,STB,"12,700","12,700","12,650","12,750","12,600","12,675",-50,-0.39,2.02,25.61,0.30,4.05,2.32,29.66,"22,816.22"
1872,05/03/2019,STB,"12,750","12,750","12,700","12,900","12,650","12,746",-50,-0.39,4.73,60.25,0.07,0.83,4.79,61.08,"22,906.40"
1873,04/03/2019,STB,"12,650","12,750","12,750","12,800","12,650","12,736",100,0.79,3.06,39.01,0.70,9.07,3.76,48.08,"22,996.58"
1874,01/03/2019,STB,"12,300","12,500","12,650","12,650","12,450","12,568",350,2.85,2.60,32.67,0.00,0.00,2.60,32.67,"22,816.22"
1875,28/02/2019,STB,"12,700","12,750","12,300","12,850","12,300","12,532",-400,-3.15,8.44,105.74,0.09,1.12,8.53,106.86,"22,184.94"
1876,27/02/2019,STB,"12,800","12,800","12,700","12,900","12,700","12,776",-100,-0.78,2.41,30.79,0.00,0.00,2.41,30.79,"22,906.40"
1877,26/02/2019,STB,"12,900","12,900","12,800","12,950","12,700","12,815",-100,-0.78,3.76,48.24,0.70,8.97,4.47,57.22,"23,086.76"
1878,25/02/2019,STB,"13,050","13,100","12,900","13,150","12,900","13,012",-150,-1.15,6.90,89.73,0.00,0.00,6.90,89.73,"23,267.13"
1879,22/02/2019,STB,"13,000","12,800","13,050","13,150","12,800","13,031",50,0.38,5.73,74.61,0.00,0.00,5.73,74.61,"23,537.68"
1880,21/02/2019,STB,"12,900","12,950","13,000","13,000","12,800","12,925",100,0.78,4.12,53.21,0.00,0.00,4.12,53.21,"23,447.49"
1881,20/02/2019,STB,"12,800","12,850","12,900","13,050","12,700","12,914",100,0.78,5.45,70.44,0.00,0.00,5.45,70.44,"23,267.13"
1882,19/02/2019,STB,"13,100","13,150","12,800","13,150","12,800","13,011",-300,-2.29,5.25,68.28,0.00,0.00,5.25,68.28,"23,086.76"
1883,18/02/2019,STB,"13,000","13,050","13,100","13,200","12,950","13,046",100,0.77,3.71,48.45,0.00,0.00,3.71,48.45,"23,627.86"
1884,15/02/2019,STB,"12,950","12,900","13,000","13,050","12,750","12,933",50,0.39,4.51,58.30,0.00,0.00,4.51,58.30,"23,447.49"
1885,14/02/2019,STB,"13,000","12,900","12,950","13,050","12,900","12,972",-50,-0.38,4.82,62.55,0.00,0.00,4.82,62.55,"23,357.31"
1886,13/02/2019,STB,"13,000","13,000","13,000","13,100","12,950","13,012",0,0.00,6.89,89.62,0.45,5.85,7.34,95.47,"23,447.49"
1887,12/02/2019,STB,"12,950","12,850","13,000","13,100","12,800","12,963",50,0.39,6.46,83.77,0.00,0.00,6.46,83.77,"23,447.49"
1888,11/02/2019,STB,"12,400","12,600","12,950","12,950","12,450","12,743",550,4.44,6.86,87.44,0.50,6.60,7.36,94.04,"23,357.31"
1889,01/02/2019,STB,"12,300","12,300","12,400","12,400","12,200","12,322",100,0.81,3.35,41.29,0.00,0.00,3.35,41.29,"22,365.30"
1890,31/01/2019,STB,"12,000","12,100","12,300","12,400","12,000","12,262",300,2.50,5.06,62.10,0.00,0.00,5.06,62.10,"22,184.94"
1891,30/01/2019,STB,"12,150","12,150","12,000","12,200","12,000","12,105",-150,-1.23,2.49,30.11,1.19,14.34,3.67,44.45,"21,643.84"
1892,29/01/2019,STB,"12,250","12,200","12,150","12,200","12,050","12,127",-100,-0.82,2.87,34.81,1.55,18.81,4.42,53.62,"21,914.39"
1893,28/01/2019,STB,"12,300","12,350","12,250","12,350","12,100","12,222",-50,-0.41,2.70,33.04,0.00,0.00,2.70,33.04,"22,094.75"
1894,25/01/2019,STB,"12,200","12,200","12,300","12,400","12,150","12,304",100,0.82,6.42,79.03,0.00,0.00,6.42,79.03,"22,184.94"
1895,24/01/2019,STB,"12,150","12,100","12,200","12,200","12,000","12,117",50,0.41,3.75,45.50,0.00,0.00,3.75,45.50,"22,004.57"
1896,23/01/2019,STB,"11,750","11,750","12,150","12,250","11,700","11,981",400,3.40,7.82,93.75,0.03,0.28,7.85,94.03,"21,914.39"
1897,22/01/2019,STB,"11,700","11,850","11,750","11,850","11,700","11,760",50,0.43,4.05,47.65,0.00,0.00,4.05,47.65,"21,192.93"
1898,21/01/2019,STB,"11,250","11,350","11,700","11,850","11,250","11,580",450,4.00,6.69,77.48,0.00,0.00,6.69,77.48,"21,102.75"
1899,18/01/2019,STB,"11,200","11,250","11,250","11,300","11,050","11,198",50,0.45,2.62,29.34,0.53,6.23,3.15,35.57,"20,291.10"
1900,17/01/2019,STB,"11,300","11,200","11,200","11,400","11,150","11,239",-100,-0.88,1.74,19.56,0.00,0.00,1.74,19.56,"20,200.92"
1901,16/01/2019,STB,"11,300","11,400","11,300","11,450","11,300","11,357",0,0.00,2.68,30.46,0.21,2.40,2.89,32.87,"20,381.28"
1902,15/01/2019,STB,"11,200","11,250","11,300","11,350","11,200","11,292",100,0.89,2.16,24.39,0.03,0.28,2.18,24.67,"20,381.28"
1903,14/01/2019,STB,"11,400","11,400","11,200","11,450","11,200","11,298",-200,-1.75,1.93,21.80,0.50,5.70,2.43,27.50,"20,200.92"
1904,11/01/2019,STB,"11,400","11,450","11,400","11,500","11,300","11,412",0,0.00,2.17,24.76,0.00,0.00,2.17,24.76,"20,561.65"
1905,10/01/2019,STB,"11,400","11,500","11,400","11,500","11,350","11,430",0,0.00,2.07,23.70,0.03,0.28,2.10,23.99,"20,561.65"
1906,09/01/2019,STB,"11,350","11,400","11,400","11,550","11,400","11,490",50,0.44,2.63,30.26,0.00,0.00,2.63,30.26,"20,561.65"
1907,08/01/2019,STB,"11,500","11,500","11,350","11,500","11,300","11,408",-150,-1.30,1.57,17.94,0.30,3.69,1.87,21.63,"20,471.47"
1908,07/01/2019,STB,"11,150","11,400","11,500","11,600","11,350","11,459",350,3.14,3.70,42.43,0.00,0.00,3.70,42.43,"20,742.01"
1909,04/01/2019,STB,"11,100","11,000","11,150","11,350","10,900","11,149",50,0.45,3.83,42.69,0.10,1.10,3.93,43.79,"20,110.74"
1910,03/01/2019,STB,"11,600","11,500","11,100","11,650","11,100","11,248",-500,-4.31,6.28,70.69,0.29,3.60,6.57,74.29,"20,020.55"
1911,02/01/2019,STB,"11,950","12,000","11,600","12,050","11,600","11,822",-350,-2.93,3.86,45.62,0.20,2.55,4.06,48.17,"20,922.38"
1912,28/12/2018,STB,"12,000","12,000","11,950","12,150","11,950","12,003",-50,-0.42,2.11,25.31,0.16,1.96,2.26,27.26,"21,553.66"
1913,27/12/2018,STB,"11,950","12,200","12,000","12,250","12,000","12,145",50,0.42,2.09,25.41,0.63,8.00,2.72,33.41,"21,643.84"
1914,26/12/2018,STB,"11,950","12,000","11,950","12,150","11,950","12,038",0,0.00,2.47,29.73,0.00,0.00,2.47,29.73,"21,553.66"
1915,25/12/2018,STB,"12,150","12,000","11,950","12,100","11,700","11,951",-200,-1.65,6.73,80.39,0.20,2.60,6.93,82.99,"21,553.66"
1916,24/12/2018,STB,"12,100","12,300","12,150","12,450","12,150","12,304",50,0.41,3.32,40.87,0.00,0.00,3.32,40.87,"21,914.39"
1917,21/12/2018,STB,"12,250","12,150","12,100","12,300","12,100","12,166",-150,-1.22,3.67,44.68,0.00,0.00,3.67,44.68,"21,824.21"
1918,20/12/2018,STB,"12,450","12,300","12,250","12,400","12,200","12,289",-200,-1.61,3.41,41.92,0.60,6.96,4.01,48.88,"22,094.75"
1919,19/12/2018,STB,"12,400","12,450","12,450","12,450","12,200","12,358",50,0.40,3.15,38.95,0.00,0.00,3.15,38.95,"22,455.49"
1920,18/12/2018,STB,"12,500","12,300","12,400","12,450","12,200","12,332",-100,-0.80,5.28,65.06,0.00,0.00,5.28,65.06,"22,365.30"
1921,17/12/2018,STB,"12,800","12,650","12,500","12,700","12,500","12,597",-300,-2.34,3.97,50.03,53.08,637.89,57.05,687.92,"22,545.67"
1922,14/12/2018,STB,"12,900","12,900","12,800","13,000","12,700","12,843",-100,-0.78,3.74,48.05,0.00,0.00,3.74,48.05,"23,086.76"
1923,13/12/2018,STB,"12,700","12,800","12,900","13,100","12,750","12,924",200,1.57,8.93,115.36,0.00,0.00,8.93,115.36,"23,267.13"
1924,12/12/2018,STB,"12,500","12,500","12,700","12,750","12,500","12,632",200,1.60,2.71,34.26,0.00,0.00,2.71,34.26,"22,906.40"
1925,11/12/2018,STB,"12,500","12,550","12,500","12,600","12,450","12,511",0,0.00,2.97,37.14,0.00,0.00,2.97,37.14,"22,545.67"
1926,10/12/2018,STB,"12,650","12,600","12,500","12,600","12,450","12,532",-150,-1.19,4.48,56.16,0.10,1.19,4.58,57.35,"22,545.67"
1927,07/12/2018,STB,"12,600","12,650","12,650","12,850","12,600","12,740",50,0.40,5.04,64.19,0.00,0.00,5.04,64.19,"22,816.22"
1928,06/12/2018,STB,"12,700","12,650","12,600","12,750","12,550","12,643",-100,-0.79,4.74,59.94,0.00,0.00,4.74,59.94,"22,726.03"
1929,05/12/2018,STB,"12,800","12,550","12,700","12,850","12,550","12,709",-100,-0.78,6.62,84.10,0.00,0.00,6.62,84.10,"22,906.40"
1930,04/12/2018,STB,"12,800","12,800","12,800","12,900","12,650","12,788",0,0.00,5.84,74.66,0.00,0.00,5.84,74.66,"23,086.76"
1931,03/12/2018,STB,"12,150","12,400","12,800","12,800","12,300","12,587",650,5.35,10.67,134.37,0.08,0.92,10.75,135.29,"23,086.76"
1932,30/11/2018,STB,"12,150","12,150","12,150","12,250","12,100","12,162",0,0.00,2.72,33.13,0.00,0.00,2.72,33.13,"21,914.39"
1933,29/11/2018,STB,"12,250","12,300","12,150","12,350","12,150","12,261",-100,-0.82,3.19,39.10,0.00,0.00,3.19,39.10,"21,914.39"
1934,28/11/2018,STB,"12,150","12,100","12,250","12,250","12,100","12,173",100,0.82,1.97,24.01,0.00,0.00,1.97,24.01,"22,094.75"
1935,27/11/2018,STB,"12,300","12,300","12,150","12,400","12,150","12,245",-150,-1.22,2.87,35.19,0.00,0.00,2.87,35.19,"21,914.39"
1936,26/11/2018,STB,"12,250","12,250","12,300","12,300","12,150","12,234",50,0.41,1.56,19.04,0.23,2.95,1.79,21.99,"22,184.94"
1937,23/11/2018,STB,"12,400","12,300","12,250","12,400","12,250","12,328",-150,-1.21,2.13,26.22,0.00,0.00,2.13,26.22,"22,094.75"
1938,22/11/2018,STB,"12,250","12,300","12,400","12,450","12,250","12,381",150,1.22,4.90,60.67,0.00,0.00,4.90,60.67,"22,365.30"
1939,21/11/2018,STB,"12,200","12,050","12,250","12,250","12,050","12,141",50,0.41,2.55,30.93,0.00,0.00,2.55,30.93,"22,094.75"
1940,20/11/2018,STB,"12,300","12,250","12,200","12,300","12,150","12,207",-100,-0.81,2.69,32.85,0.00,0.00,2.69,32.85,"22,004.57"
1941,19/11/2018,STB,"12,100","12,250","12,300","12,350","12,100","12,234",200,1.65,3.05,37.26,0.12,1.45,3.17,38.71,"22,184.94"
1942,16/11/2018,STB,"12,000","12,100","12,100","12,250","12,000","12,115",100,0.83,3.93,47.56,0.00,0.00,3.93,47.56,"21,824.21"
1943,15/11/2018,STB,"11,950","12,000","12,000","12,050","11,850","11,930",50,0.42,3.88,46.35,0.00,0.00,3.88,46.35,"21,643.84"
1944,14/11/2018,STB,"12,000","12,000","11,950","12,200","11,950","12,041",-50,-0.42,3.23,38.92,0.00,0.00,3.23,38.92,"21,553.66"
1945,13/11/2018,STB,"12,200","12,000","12,000","12,200","11,950","12,039",-200,-1.64,5.03,60.57,0.00,0.00,5.03,60.57,"21,643.84"
1946,12/11/2018,STB,"12,350","12,200","12,200","12,350","12,050","12,196",-150,-1.21,4.62,56.33,0.00,0.00,4.62,56.33,"22,004.57"
1947,09/11/2018,STB,"12,600","12,550","12,350","12,650","12,350","12,475",-250,-1.98,3.51,43.83,0.00,0.00,3.51,43.83,"22,275.12"
1948,08/11/2018,STB,"12,700","12,950","12,600","12,950","12,600","12,770",-100,-0.79,3.12,39.85,0.00,0.00,3.12,39.85,"22,726.03"
1949,07/11/2018,STB,"12,250","12,250","12,700","12,800","12,150","12,595",450,3.67,11.33,142.71,0.08,0.92,11.41,143.63,"22,906.40"
1950,06/11/2018,STB,"12,350","12,400","12,250","12,500","12,250","12,367",-100,-0.81,3.48,43.01,0.35,4.34,3.83,47.35,"22,094.75"
1951,05/11/2018,STB,"12,400","12,300","12,350","12,400","12,200","12,282",-50,-0.40,3.02,37.04,0.00,0.00,3.02,37.04,"22,275.12"
1952,02/11/2018,STB,"12,200","12,350","12,400","12,550","12,200","12,403",200,1.64,6.06,75.15,0.00,0.00,6.06,75.15,"22,365.30"
1953,01/11/2018,STB,"12,500","12,550","12,200","12,600","12,200","12,375",-300,-2.40,3.09,38.23,0.00,0.00,3.09,38.23,"22,004.57"
1954,31/10/2018,STB,"11,950","12,200","12,500","12,500","12,150","12,313",550,4.60,5.14,63.32,0.00,0.00,5.14,63.32,"22,545.67"
1955,30/10/2018,STB,"12,000","11,950","11,950","12,300","11,900","12,079",-50,-0.42,5.09,61.46,0.00,0.00,5.09,61.46,"21,553.66"
1956,29/10/2018,STB,"12,300","12,300","12,000","12,350","11,950","12,091",-300,-2.44,5.71,69.00,0.71,8.36,6.41,77.36,"21,643.84"
1957,26/10/2018,STB,"12,550","12,750","12,300","12,750","12,300","12,553",-250,-1.99,5.79,72.73,0.00,0.00,5.79,72.73,"22,184.94"
1958,25/10/2018,STB,"12,600","11,950","12,550","12,650","11,950","12,315",-50,-0.40,6.17,75.99,0.05,0.63,6.22,76.62,"22,635.85"
1959,24/10/2018,STB,"12,550","12,600","12,600","12,850","12,550","12,675",50,0.40,6.59,83.58,0.00,0.00,6.59,83.58,"22,726.03"
1960,23/10/2018,STB,"12,950","12,800","12,550","12,950","12,350","12,617",-400,-3.09,9.77,123.23,0.00,0.00,9.77,123.23,"22,635.85"
1961,22/10/2018,STB,"13,450","13,350","12,950","13,500","12,950","13,216",-500,-3.72,8.69,114.81,0.00,0.00,8.69,114.81,"23,357.31"
1962,19/10/2018,STB,"13,500","13,300","13,450","13,600","13,250","13,398",-50,-0.37,8.31,111.40,0.02,0.27,8.33,111.67,"24,259.14"
1963,18/10/2018,STB,"13,550","13,350","13,500","13,850","13,350","13,650",-50,-0.37,14.18,193.60,0.00,0.00,14.18,193.60,"24,349.32"
1964,17/10/2018,STB,"13,600","13,900","13,550","13,900","13,450","13,663",-50,-0.37,8.92,121.89,0.00,0.00,8.92,121.89,"24,439.50"
1965,16/10/2018,STB,"12,950","13,000","13,600","13,600","13,000","13,339",650,5.02,9.79,130.56,0.00,0.00,9.79,130.56,"24,529.69"
1966,15/10/2018,STB,"13,050","13,000","12,950","13,200","12,900","13,045",-100,-0.77,7.83,102.17,0.05,0.65,7.88,102.82,"23,357.31"
1967,12/10/2018,STB,"12,500","12,400","13,050","13,100","12,300","12,770",550,4.40,14.99,191.43,0.00,0.00,14.99,191.43,"23,537.68"
1968,11/10/2018,STB,"13,400","12,950","12,500","13,100","12,500","12,752",-900,-6.72,24.73,315.35,0.10,1.39,24.83,316.74,"22,545.67"
1969,10/10/2018,STB,"13,550","13,500","13,400","13,600","13,300","13,422",-150,-1.11,9.02,121.10,0.00,0.00,9.02,121.10,"24,168.96"
1970,09/10/2018,STB,"13,850","13,950","13,550","13,950","13,400","13,638",-300,-2.17,19.46,265.46,0.00,0.00,19.46,265.46,"24,439.50"
1971,08/10/2018,STB,"13,800","13,650","13,850","13,950","13,600","13,826",50,0.36,17.69,244.58,0.00,0.00,17.69,244.58,"24,980.60"
1972,05/10/2018,STB,"13,850","13,800","13,800","14,300","13,750","13,924",-50,-0.36,19.48,271.18,0.00,0.00,19.48,271.18,"24,890.42"
1973,04/10/2018,STB,"13,850","13,900","13,850","13,950","13,800","13,863",0,0.00,8.96,124.24,0.10,1.46,9.06,125.70,"24,980.60"
1974,03/10/2018,STB,"13,900","13,800","13,850","14,050","13,800","13,919",-50,-0.36,16.35,227.57,0.00,0.00,16.35,227.57,"24,980.60"
1975,02/10/2018,STB,"13,850","13,900","13,900","14,050","13,700","13,889",50,0.36,9.28,128.89,0.10,1.29,9.38,130.18,"25,070.78"
1976,01/10/2018,STB,"13,500","13,800","13,850","14,400","13,700","14,124",350,2.59,22.13,312.51,0.00,0.00,22.13,312.51,"24,980.60"
1977,28/09/2018,STB,"12,650","12,700","13,500","13,500","12,650","13,246",850,6.72,27.26,361.14,0.00,0.00,27.26,361.14,"24,349.32"
1978,27/09/2018,STB,"12,700","12,750","12,650","12,850","12,600","12,717",-50,-0.39,4.74,60.25,0.00,0.00,4.74,60.25,"22,816.22"
1979,26/09/2018,STB,"12,650","12,600","12,700","12,900","12,600","12,758",50,0.40,6.32,80.59,0.55,6.96,6.87,87.55,"22,906.40"
1980,25/09/2018,STB,"12,550","12,550","12,650","12,800","12,500","12,648",100,0.80,4.62,58.41,0.20,2.51,4.82,60.92,"22,816.22"
1981,24/09/2018,STB,"12,700","12,800","12,550","12,850","12,500","12,642",-150,-1.18,7.25,91.64,0.00,0.00,7.25,91.64,"22,635.85"
1982,21/09/2018,STB,"12,650","12,650","12,700","12,900","12,600","12,739",50,0.40,14.01,178.49,0.30,4.08,14.31,182.56,"22,906.40"
1983,20/09/2018,STB,"12,550","12,550","12,650","12,650","12,500","12,570",100,0.80,4.63,58.24,0.00,0.00,4.63,58.24,"22,816.22"
1984,19/09/2018,STB,"12,400","12,450","12,550","12,750","12,350","12,598",150,1.21,11.80,148.64,0.00,0.00,11.80,148.64,"22,635.85"
1985,18/09/2018,STB,"11,850","11,800","12,400","12,400","11,650","12,032",550,4.64,9.70,116.68,0.50,5.93,10.20,122.60,"22,365.30"
1986,17/09/2018,STB,"12,000","12,000","11,850","12,050","11,850","11,920",-150,-1.25,7.06,84.19,0.00,0.00,7.06,84.19,"21,373.29"
1987,14/09/2018,STB,"12,050","12,100","12,000","12,200","11,950","12,062",-50,-0.41,5.25,63.31,0.00,0.00,5.25,63.31,"21,643.84"
1988,13/09/2018,STB,"12,100","12,200","12,050","12,200","12,050","12,119",-50,-0.41,7.45,90.24,0.00,0.00,7.45,90.24,"21,734.02"
1989,12/09/2018,STB,"11,800","12,000","12,100","12,300","11,900","12,155",300,2.54,13.22,160.69,0.00,0.00,13.22,160.69,"21,824.21"
1990,11/09/2018,STB,"11,750","11,750","11,800","11,850","11,600","11,749",50,0.43,6.15,72.30,0.00,0.00,6.15,72.30,"21,283.11"
1991,10/09/2018,STB,"11,300","11,350","11,750","11,800","11,350","11,642",450,3.98,18.10,210.77,0.00,0.00,18.10,210.77,"21,192.93"
1992,07/09/2018,STB,"11,050","11,300","11,300","11,500","11,250","11,365",250,2.26,4.70,53.43,0.00,0.00,4.70,53.43,"20,381.28"
1993,06/09/2018,STB,"11,100","11,150","11,050","11,200","11,000","11,104",-50,-0.45,3.47,38.52,0.00,0.00,3.47,38.52,"19,930.37"
1994,05/09/2018,STB,"11,250","11,250","11,100","11,250","11,050","11,176",-150,-1.33,4.08,45.57,0.00,0.00,4.08,45.57,"20,020.55"
1995,04/09/2018,STB,"11,350","11,350","11,250","11,400","11,200","11,303",-100,-0.88,4.33,48.99,0.50,5.68,4.83,54.67,"20,291.10"
1996,31/08/2018,STB,"11,500","11,550","11,350","11,550","11,350","11,459",-150,-1.30,6.90,79.03,0.00,0.00,6.90,79.03,"20,471.47"
1997,30/08/2018,STB,"11,400","11,450","11,500","11,550","11,300","11,436",100,0.88,5.94,67.96,0.20,2.28,6.14,70.24,"20,742.01"
1998,29/08/2018,STB,"11,500","11,500","11,400","11,550","11,350","11,428",-100,-0.87,2.62,29.93,0.00,0.00,2.62,29.93,"20,561.65"
1999,28/08/2018,STB,"11,400","11,500","11,500","11,550","11,400","11,491",100,0.88,3.74,43.01,0.00,0.00,3.74,43.01,"20,742.01"
2000,27/08/2018,STB,"11,300","11,400","11,400","11,550","11,350","11,449",100,0.88,4.28,48.98,0.02,0.24,4.30,49.21,"20,561.65"
2001,24/08/2018,STB,"11,400","11,350","11,300","11,450","11,250","11,343",-100,-0.88,3.59,40.67,0.00,0.00,3.59,40.67,"20,381.28"
2002,23/08/2018,STB,"11,450","11,450","11,400","11,500","11,350","11,422",-50,-0.44,3.56,40.65,0.25,3.05,3.81,43.70,"20,561.65"
2003,22/08/2018,STB,"11,200","11,500","11,450","11,600","11,400","11,482",250,2.23,6.52,74.92,0.00,0.00,6.52,74.92,"20,651.83"
2004,21/08/2018,STB,"11,150","11,150","11,200","11,300","11,150","11,209",50,0.45,5.56,62.29,0.00,0.00,5.56,62.29,"20,200.92"
2005,20/08/2018,STB,"11,200","11,200","11,150","11,300","11,150","11,212",-50,-0.45,4.79,53.66,0.00,0.00,4.79,53.66,"20,110.74"
2006,17/08/2018,STB,"11,400","11,550","11,200","11,600","11,200","11,382",-200,-1.75,3.02,34.39,0.25,3.03,3.27,37.41,"20,200.92"
2007,16/08/2018,STB,"11,400","11,300","11,400","11,400","11,150",0,0,0.00,5.99,67.50,0.00,0.00,5.99,67.50,"20,561.65"
2008,15/08/2018,STB,"11,600","11,700","11,400","11,750","11,350","11,535",-200,-1.72,5.35,61.68,0.00,0.00,5.35,61.68,"20,561.65"
2009,14/08/2018,STB,"11,800","11,800","11,600","11,850","11,600","11,678",-200,-1.69,3.49,40.79,0.00,0.00,3.49,40.79,"20,922.38"
2010,13/08/2018,STB,"11,250","11,250","11,800","11,800","11,200","11,613",550,4.89,10.74,124.73,0.00,0.00,10.74,124.73,"21,283.11"
2011,10/08/2018,STB,"11,300","11,250","11,250","11,350","11,200","11,252",-50,-0.44,3.20,35.97,0.00,0.00,3.20,35.97,"20,291.10"
2012,09/08/2018,STB,"11,350","11,400","11,300","11,650","11,200","11,424",-50,-0.44,8.04,91.81,0.28,3.19,8.32,94.99,"20,381.28"
2013,08/08/2018,STB,"11,150","11,200","11,350","11,350","11,100","11,267",200,1.79,3.48,39.17,0.00,0.00,3.48,39.17,"20,471.47"
2014,07/08/2018,STB,"11,150","11,200","11,150","11,250","11,050","11,189",0,0.00,2.23,24.96,0.00,0.00,2.23,24.96,"20,110.74"
2015,06/08/2018,STB,"11,050","11,050","11,150","11,350","11,000","11,175",100,0.90,3.13,35.01,0.02,0.23,3.15,35.24,"20,110.74"
2016,03/08/2018,STB,"11,050","11,250","11,050","11,300","11,050","11,141",0,0.00,2.41,26.89,0.00,0.00,2.41,26.89,"19,930.37"
2017,02/08/2018,STB,"11,300","11,250","11,050","11,300","10,950","11,051",-250,-2.21,7.58,83.82,0.00,0.00,7.58,83.82,"19,930.37"
2018,01/08/2018,STB,"11,450","11,450","11,300","11,550","11,300","11,423",-150,-1.31,2.52,28.79,0.00,0.00,2.52,28.79,"20,381.28"
2019,31/07/2018,STB,"11,500","11,500","11,450","11,700","11,350","11,582",-50,-0.43,4.23,48.97,0.00,0.00,4.23,48.97,"20,651.83"
2020,30/07/2018,STB,"11,200","11,300","11,500","11,550","11,250","11,438",300,2.68,5.19,59.32,0.00,0.00,5.19,59.32,"20,742.01"
2021,27/07/2018,STB,"11,250","11,300","11,200","11,400","11,200","11,279",-50,-0.44,2.79,31.52,0.00,0.00,2.79,31.52,"20,200.92"
2022,26/07/2018,STB,"11,200","11,200","11,250","11,350","11,050","11,174",50,0.45,4.44,49.65,0.02,0.22,4.46,49.88,"20,291.10"
2023,25/07/2018,STB,"11,400","11,400","11,200","11,550","11,200","11,392",-200,-1.75,3.15,35.89,0.00,0.00,3.15,35.89,"20,200.92"
2024,24/07/2018,STB,"11,750","11,600","11,400","11,800","11,400","11,567",-350,-2.98,5.42,62.71,0.00,0.00,5.42,62.71,"20,561.65"
2025,23/07/2018,STB,"11,000","11,300","11,750","11,750","11,250","11,593",750,6.82,14.24,165.04,0.00,0.00,14.24,165.04,"21,192.93"
2026,20/07/2018,STB,"11,000","10,950","11,000","11,100","10,800","10,930",0,0.00,4.08,44.55,0.00,0.00,4.08,44.55,"19,840.19"
2027,19/07/2018,STB,"11,200","11,200","11,000","11,200","10,900","11,067",-200,-1.79,3.34,36.91,0.00,0.00,3.34,36.91,"19,840.19"
2028,18/07/2018,STB,"10,750","10,850","11,200","11,200","10,800","10,960",450,4.19,5.79,63.42,0.00,0.00,5.79,63.42,"20,200.92"
2029,17/07/2018,STB,"10,500","10,450","10,750","10,800","10,450","10,571",250,2.38,4.09,43.24,0.00,0.00,4.09,43.24,"19,389.27"
2030,16/07/2018,STB,"10,450","10,550","10,500","10,700","10,450","10,592",50,0.48,3.02,32.02,0.00,0.00,3.02,32.02,"18,938.36"
2031,13/07/2018,STB,"10,150","10,350","10,450","10,500","10,300","10,412",300,2.96,2.84,29.57,0.00,0.00,2.84,29.57,"18,848.18"
2032,12/07/2018,STB,"10,000","10,000","10,150","10,450","10,000","10,245",150,1.50,3.16,32.35,0.00,0.00,3.16,32.35,"18,307.08"
2033,11/07/2018,STB,"10,400","10,200","10,000","10,300","9,850","10,103",-400,-3.85,4.82,48.65,0.00,0.00,4.82,48.65,"18,036.53"
2034,10/07/2018,STB,"10,400","10,400","10,400","10,600","10,400","10,502",0,0.00,2.37,24.85,0.16,1.66,2.53,26.51,"18,758.00"
2035,09/07/2018,STB,"10,400","10,550","10,400","10,750","10,400","10,561",0,0.00,4.72,49.82,0.00,0.00,4.72,49.82,"18,758.00"
2036,06/07/2018,STB,"9,720","9,800","10,400","10,400","9,700","10,090",680,7.00,8.47,85.47,0.10,0.91,8.57,86.37,"18,758.00"
2037,05/07/2018,STB,"10,300","10,250","9,720","10,350","9,670","10,017",-580,-5.63,5.66,56.68,0.12,1.26,5.78,57.94,"17,531.51"
2038,04/07/2018,STB,"10,350","10,500","10,300","10,650","10,250","10,414",-50,-0.48,6.77,70.48,0.00,0.00,6.77,70.48,"18,577.63"
2039,03/07/2018,STB,"11,100","11,200","10,350","11,250","10,350","10,682",-750,-6.76,6.65,71.02,0.00,0.00,6.65,71.02,"18,667.81"
2040,02/07/2018,STB,"11,550","11,550","11,100","11,550","11,100","11,252",-450,-3.90,3.79,42.63,0.00,0.00,3.79,42.63,"20,020.55"
2041,29/06/2018,STB,"11,550","11,600","11,550","11,700","11,500","11,562",0,0.00,1.89,21.80,0.00,0.00,1.89,21.80,"20,832.20"
2042,28/06/2018,STB,"11,800","11,800","11,550","11,850","11,400","11,620",-250,-2.12,3.66,42.57,0.00,0.00,3.66,42.57,"20,832.20"
2043,27/06/2018,STB,"12,000","12,000","11,800","12,200","11,800","11,961",-200,-1.67,1.75,20.90,0.00,0.00,1.75,20.90,"21,283.11"
2044,26/06/2018,STB,"12,150","11,900","12,000","12,050","11,850","11,961",-150,-1.23,2.55,30.46,0.00,0.00,2.55,30.46,"21,643.84"
2045,25/06/2018,STB,"12,000","12,350","12,150","12,350","12,050","12,187",150,1.25,2.83,34.43,0.00,0.00,2.83,34.43,"21,914.39"
2046,22/06/2018,STB,"11,700","11,600","12,000","12,050","11,600","11,855",300,2.56,3.19,37.82,0.00,0.00,3.19,37.82,"21,643.84"
2047,21/06/2018,STB,"12,000","11,900","11,700","12,000","11,650","11,781",-300,-2.50,2.49,29.32,0.00,0.00,2.49,29.32,"21,102.75"
2048,20/06/2018,STB,"11,700","11,750","12,000","12,000","11,600","11,840",300,2.56,3.29,38.90,0.00,0.00,3.29,38.90,"21,643.84"
2049,19/06/2018,STB,"12,000","11,950","11,700","11,950","11,300","11,533",-300,-2.50,8.28,95.50,0.00,0.00,8.28,95.50,"21,102.75"
2050,18/06/2018,STB,"12,400","12,400","12,000","12,550","11,850","12,183",-400,-3.23,3.99,48.57,0.00,0.00,3.99,48.57,"21,643.84"
2051,15/06/2018,STB,"12,550","12,400","12,400","12,600","12,350","12,422",-150,-1.20,5.46,67.86,0.02,0.25,5.48,68.11,"22,365.30"
2052,14/06/2018,STB,"12,800","12,750","12,550","12,800","12,500","12,670",-250,-1.95,2.46,31.23,4.34,59.21,6.80,90.44,"22,635.85"
2053,13/06/2018,STB,"12,800","12,800","12,800","12,950","12,700","12,820",0,0.00,1.81,23.26,0.00,0.00,1.81,23.26,"23,086.76"
2054,12/06/2018,STB,"12,600","12,500","12,800","12,950","12,350","12,597",200,1.59,8.55,107.71,0.00,0.00,8.55,107.71,"23,086.76"
2055,11/06/2018,STB,"12,900","12,800","12,600","12,900","12,600","12,761",-300,-2.33,3.76,47.94,0.00,0.00,3.76,47.94,"22,726.03"
2056,08/06/2018,STB,"13,000","13,000","12,900","13,100","12,850","12,940",-100,-0.77,3.97,51.36,0.00,0.00,3.97,51.36,"23,267.13"
2057,07/06/2018,STB,"13,300","13,300","13,000","13,350","12,950","13,101",-300,-2.26,7.11,93.10,0.20,2.84,7.31,95.94,"23,447.49"
2058,06/06/2018,STB,"12,900","12,800","13,300","13,450","12,700","13,050",400,3.10,8.48,110.64,0.00,0.00,8.48,110.64,"23,988.59"
2059,05/06/2018,STB,"12,550","12,700","12,900","13,150","12,600","12,911",350,2.79,8.11,104.68,0.05,0.63,8.16,105.31,"23,267.13"
2060,04/06/2018,STB,"11,750","12,000","12,550","12,550","12,000","12,328",800,6.81,7.42,91.48,0.00,0.00,7.42,91.48,"22,635.85"
2061,01/06/2018,STB,"11,750","11,700","11,750","12,000","11,700","11,808",0,0.00,4.31,50.94,0.10,1.14,4.41,52.08,"21,192.93"
2062,31/05/2018,STB,"11,500","11,450","11,750","11,850","11,400","11,659",250,2.17,3.23,37.61,0.00,0.00,3.23,37.61,"21,192.93"
2063,30/05/2018,STB,"11,600","11,600","11,500","11,750","11,400","11,576",-100,-0.86,4.36,50.41,0.00,0.00,4.36,50.41,"20,742.01"
2064,29/05/2018,STB,"10,850","10,900","11,600","11,600","10,900","11,363",750,6.91,7.05,80.11,0.12,1.21,7.17,81.32,"20,922.38"
2065,28/05/2018,STB,"11,650","11,600","10,850","11,650","10,850","11,143",-800,-6.87,7.85,87.49,0.00,0.00,7.85,87.49,"19,569.64"
2066,25/05/2018,STB,"12,050","12,000","11,650","12,100","11,650","11,915",-400,-3.32,3.72,44.32,0.00,0.00,3.72,44.32,"21,012.56"
2067,24/05/2018,STB,"12,150","12,200","12,050","12,300","11,950","12,146",-100,-0.82,4.27,51.87,0.14,1.62,4.41,53.49,"21,734.02"
2068,23/05/2018,STB,"12,000","12,000","12,150","12,250","11,800","12,046",150,1.25,4.60,55.37,0.00,0.00,4.60,55.37,"21,914.39"
2069,22/05/2018,STB,"12,600","12,500","12,000","12,550","11,750","12,127",-600,-4.76,7.44,90.24,0.00,0.00,7.44,90.24,"21,643.84"
2070,21/05/2018,STB,"12,750","12,800","12,600","12,950","12,600","12,794",-150,-1.18,3.40,43.44,0.00,0.00,3.40,43.44,"22,726.03"
2071,18/05/2018,STB,"12,750","12,850","12,750","12,900","12,500","12,709",0,0.00,3.84,48.85,0.00,0.00,3.84,48.85,"22,996.58"
2072,17/05/2018,STB,"13,050","13,050","12,750","13,100","12,750","12,918",-300,-2.30,2.66,34.38,0.20,2.50,2.86,36.88,"22,996.58"
2073,16/05/2018,STB,"13,100","13,050","13,050","13,200","13,000","13,086",-50,-0.38,2.50,32.74,0.00,0.00,2.50,32.74,"23,537.68"
2074,15/05/2018,STB,"13,100","13,000","13,100","13,300","13,000","13,149",0,0.00,3.44,45.19,0.00,0.00,3.44,45.19,"23,627.86"
2075,14/05/2018,STB,"13,100","13,300","13,100","13,300","12,950","13,053",0,0.00,2.83,36.93,0.00,0.00,2.83,36.93,"23,627.86"
2076,11/05/2018,STB,"12,900","12,900","13,100","13,150","12,700","12,918",200,1.55,5.00,64.62,0.00,0.00,5.00,64.62,"23,627.86"
2077,10/05/2018,STB,"13,500","13,500","12,900","13,500","12,800","13,116",-600,-4.44,5.84,76.58,0.00,0.00,5.84,76.58,"23,267.13"
2078,09/05/2018,STB,"13,650","13,600","13,500","13,750","13,450","13,599",-150,-1.10,2.45,33.30,0.00,0.00,2.45,33.30,"24,349.32"
2079,08/05/2018,STB,"13,950","13,900","13,650","14,000","13,650","13,804",-300,-2.15,3.35,46.18,0.00,0.00,3.35,46.18,"24,619.87"
2080,07/05/2018,STB,"13,450","13,500","13,950","13,950","13,400","13,717",500,3.72,4.88,66.97,0.00,0.00,4.88,66.97,"25,160.97"
2081,04/05/2018,STB,"13,700","13,700","13,450","13,800","13,350","13,578",-250,-1.82,4.01,54.43,0.29,4.03,4.30,58.47,"24,259.14"
2082,03/05/2018,STB,"13,300","13,300","13,700","13,700","12,650","13,221",400,3.01,7.69,101.62,0.00,0.00,7.69,101.62,"24,710.05"
2083,02/05/2018,STB,"13,850","13,800","13,300","13,950","13,200","13,536",-550,-3.97,5.16,69.81,0.00,0.00,5.16,69.81,"23,988.59"
2084,27/04/2018,STB,"13,350","13,350","13,850","13,950","13,300","13,648",500,3.75,5.68,77.50,0.00,0.00,5.68,77.50,"24,980.60"
2085,26/04/2018,STB,"14,150","14,100","13,350","14,250","13,200","13,651",-800,-5.65,8.53,116.41,0.32,4.83,8.85,121.24,"24,078.77"
2086,24/04/2018,STB,"14,400","14,400","14,150","14,500","14,100","14,294",-250,-1.74,7.28,104.08,0.00,0.00,7.28,104.08,"25,521.70"
2087,23/04/2018,STB,"15,450","15,450","14,400","15,500","14,400","14,995","-1,050",-6.80,11.19,167.83,0.06,0.96,11.26,168.79,"25,972.61"
2088,20/04/2018,STB,"15,000","15,200","15,450","15,450","14,900","15,251",450,3.00,7.86,119.82,0.00,0.00,7.86,119.82,"27,866.45"
2089,19/04/2018,STB,"15,500","15,500","15,000","15,550","15,000","15,251",-500,-3.23,9.40,143.43,0.00,0.00,9.40,143.43,"27,054.80"
2090,18/04/2018,STB,"15,800","15,850","15,500","15,850","15,500","15,636",-300,-1.90,4.81,75.14,0.00,0.00,4.81,75.14,"27,956.63"
2091,17/04/2018,STB,"15,500","15,500","15,800","15,800","15,500","15,669",300,1.94,4.94,77.34,0.19,2.79,5.12,80.14,"28,497.72"
2092,16/04/2018,STB,"15,450","15,400","15,500","15,650","15,200","15,486",50,0.32,4.94,76.43,0.00,0.00,4.94,76.43,"27,956.63"
2093,13/04/2018,STB,"15,600","15,750","15,450","15,800","15,350","15,527",-150,-0.96,8.57,133.14,0.10,1.41,8.67,134.55,"27,866.45"
2094,12/04/2018,STB,"15,650","15,550","15,600","15,700","15,400","15,553",-50,-0.32,10.11,157.21,0.00,0.00,10.11,157.21,"28,136.99"
2095,11/04/2018,STB,"16,200","16,200","15,650","16,300","15,550","15,898",-550,-3.40,16.59,263.70,1.58,25.06,18.16,288.76,"28,227.18"
2096,10/04/2018,STB,"16,400","16,500","16,200","16,650","16,000","16,336",-200,-1.22,12.99,212.27,0.36,5.54,13.36,217.81,"29,219.19"
2097,09/04/2018,STB,"16,100","16,200","16,400","16,500","16,100","16,355",300,1.86,14.76,241.41,0.00,0.00,14.76,241.41,"29,579.92"
2098,06/04/2018,STB,"15,700","15,750","16,100","16,300","15,750","16,055",400,2.55,19.59,314.43,0.00,0.00,19.59,314.43,"29,038.82"
2099,05/04/2018,STB,"15,600","15,650","15,700","15,750","15,550","15,646",100,0.64,6.48,101.37,0.00,0.00,6.48,101.37,"28,317.36"
2100,04/04/2018,STB,"15,700","15,750","15,600","15,950","15,600","15,723",-100,-0.64,7.38,116.05,0.86,13.52,8.25,129.58,"28,136.99"
2101,03/04/2018,STB,"15,800","15,700","15,700","15,850","15,600","15,729",-100,-0.63,6.88,108.22,0.00,0.00,6.88,108.22,"28,317.36"
2102,02/04/2018,STB,"15,500","15,650","15,800","15,900","15,550","15,702",300,1.94,8.27,129.87,0.00,0.00,8.27,129.87,"28,497.72"
2103,30/03/2018,STB,"15,250","15,300","15,500","15,550","15,200","15,396",250,1.64,5.87,90.36,0.00,0.00,5.87,90.36,"27,956.63"
2104,29/03/2018,STB,"15,350","15,450","15,250","15,500","15,200","15,340",-100,-0.65,5.94,91.07,0.00,0.00,5.94,91.07,"27,505.71"
2105,28/03/2018,STB,"15,500","15,450","15,350","15,500","15,300","15,398",-150,-0.97,6.52,100.43,0.00,0.00,6.52,100.43,"27,686.08"
2106,27/03/2018,STB,"15,650","15,800","15,500","15,900","15,450","15,685",-150,-0.96,8.28,129.89,0.35,5.20,8.63,135.09,"27,956.63"
2107,26/03/2018,STB,"15,750","15,500","15,650","15,750","15,400","15,576",-100,-0.63,10.95,170.56,0.00,0.00,10.95,170.56,"28,227.18"
2108,23/03/2018,STB,"16,000","15,500","15,750","15,800","15,400","15,613",-250,-1.56,17.46,272.64,0.00,0.00,17.46,272.64,"28,407.54"
2109,22/03/2018,STB,"16,250","16,300","16,000","16,450","15,950","16,182",-250,-1.54,13.09,211.86,0.00,0.00,13.09,211.86,"28,858.45"
2110,21/03/2018,STB,"16,000","16,100","16,250","16,500","16,050","16,301",250,1.56,19.14,312.03,0.00,0.00,19.14,312.03,"29,309.37"
2111,20/03/2018,STB,"16,050","15,900","16,000","16,050","15,900","15,970",-50,-0.31,12.48,199.32,0.00,0.00,12.48,199.32,"28,858.45"
2112,19/03/2018,STB,"16,300","16,500","16,050","16,600","16,000","16,292",-250,-1.53,12.28,200.10,0.00,0.00,12.28,200.10,"28,948.64"
2113,16/03/2018,STB,"16,150","16,400","16,300","16,550","16,250","16,409",150,0.93,22.64,371.45,0.00,0.00,22.64,371.45,"29,399.55"
2114,15/03/2018,STB,"16,050","16,050","16,150","16,400","15,900","16,125",100,0.62,12.45,200.73,0.00,0.00,12.45,200.73,"29,129.00"
2115,14/03/2018,STB,"16,100","16,200","16,050","16,450","16,050","16,232",-50,-0.31,16.44,266.78,0.00,0.00,16.44,266.78,"28,948.64"
2116,13/03/2018,STB,"15,950","16,000","16,100","16,200","15,900","16,043",150,0.94,11.57,185.55,0.00,0.00,11.57,185.55,"29,038.82"
2117,12/03/2018,STB,"15,400","15,550","15,950","16,150","15,450","15,391",550,3.57,17.25,273.86,0.00,0.00,17.25,273.86,"28,768.27"
2118,09/03/2018,STB,"15,200","15,500","15,400","15,500","15,250","15,391",200,1.32,7.22,111.08,0.00,0.00,7.22,111.08,"27,776.26"
2119,08/03/2018,STB,"15,050","15,100","15,200","15,300","15,000","15,172",150,1.00,6.05,91.83,0.00,0.00,6.05,91.83,"27,415.53"
2120,07/03/2018,STB,"15,300","15,350","15,050","15,350","14,950","15,110",-250,-1.63,10.58,159.86,0.13,1.78,10.70,161.64,"27,144.98"
2121,06/03/2018,STB,"14,950","15,200","15,300","15,450","15,000","15,223",350,2.34,12.65,192.56,0.02,0.31,12.67,192.87,"27,595.90"
2122,05/03/2018,STB,"15,700","15,850","14,950","15,900","14,950","15,512",-750,-4.78,17.43,270.33,0.00,0.00,17.43,270.33,"26,964.62"
2123,02/03/2018,STB,"15,750","15,500","15,700","15,800","15,450","15,637",-50,-0.32,11.09,173.44,0.07,1.20,11.16,174.63,"28,317.36"
2124,01/03/2018,STB,"16,100","15,900","15,750","16,150","15,700","15,939",-350,-2.17,17.48,278.60,0.00,0.00,17.48,278.60,"28,407.54"
2125,28/02/2018,STB,"16,150","16,000","16,100","16,300","15,900","16,108",-50,-0.31,15.27,246.02,0.00,0.00,15.27,246.02,"29,038.82"
2126,27/02/2018,STB,"16,050","16,200","16,150","16,250","15,900","16,108",100,0.62,12.58,202.56,0.00,0.00,12.58,202.56,"29,129.00"
2127,26/02/2018,STB,"16,450","16,750","16,050","16,800","16,050","16,477",-400,-2.43,19.20,316.32,0.00,0.00,19.20,316.32,"28,948.64"
2128,23/02/2018,STB,"16,100","16,300","16,450","16,450","16,050","16,273",350,2.17,13.29,216.30,0.00,0.00,13.29,216.30,"29,670.10"
2129,22/02/2018,STB,"16,300","16,100","16,100","16,700","16,000","16,340",-200,-1.23,18.52,302.68,0.00,0.00,18.52,302.68,"29,038.82"
2130,21/02/2018,STB,"15,900","16,050","16,300","16,600","15,900","16,257",400,2.52,16.32,265.24,0.00,0.00,16.32,265.24,"29,399.55"
2131,13/02/2018,STB,"15,900","16,000","15,900","16,100","15,850","15,961",0,0.00,10.21,162.95,0.10,1.65,10.31,164.60,"28,678.09"
2132,12/02/2018,STB,"14,950","15,400","15,900","15,900","15,200","15,581",950,6.35,9.91,154.48,0.00,0.00,9.91,154.48,"28,678.09"
2133,09/02/2018,STB,"14,900","14,400","14,950","15,150","14,300","14,694",50,0.34,13.41,197.07,0.00,0.00,13.41,197.07,"26,964.62"
2134,08/02/2018,STB,"15,750","15,350","14,900","15,700","14,900","15,323",-850,-5.40,8.48,129.93,0.06,0.97,8.54,130.90,"26,874.44"
2135,07/02/2018,STB,"15,400","15,900","15,750","16,100","15,600","15,852",350,2.27,14.29,226.47,0.00,0.00,14.29,226.47,"28,407.54"
2136,06/02/2018,STB,"15,150","14,100","15,400","15,400","14,100","14,429",250,1.65,32.95,475.43,0.22,3.29,33.17,478.72,"27,776.26"
2137,05/02/2018,STB,"16,250","15,850","15,150","16,050","15,150","15,580","-1,100",-6.77,22.17,345.40,0.07,1.14,22.24,346.54,"27,325.35"
2138,02/02/2018,STB,"15,700","15,800","16,250","16,400","15,550","15,917",550,3.50,13.87,220.74,0.00,0.00,13.87,220.74,"29,309.37"
2139,01/02/2018,STB,"16,250","16,350","15,700","16,400","15,650","15,986",-550,-3.38,26.00,415.68,0.10,1.69,26.10,417.36,"28,317.36"
2140,31/01/2018,STB,"17,100","17,200","16,250","17,200","16,250","16,822",-850,-4.97,26.19,440.56,0.00,0.00,26.19,440.56,"29,309.37"
2141,30/01/2018,STB,"16,750","16,600","17,100","17,300","16,250","16,902",350,2.09,30.03,507.59,0.25,4.02,30.28,511.61,"30,842.47"
2142,29/01/2018,STB,"15,700","15,800","16,750","16,750","15,750","16,547","1,050",6.69,34.30,567.65,0.10,1.58,34.40,569.22,"30,211.19"
2143,26/01/2018,STB,"15,400","15,600","15,700","15,900","15,200","15,645",300,1.95,22.85,357.46,0.13,2.08,22.98,359.55,"28,317.36"
2144,25/01/2018,STB,"15,100","15,200","15,400","15,900","14,850","15,375",300,1.99,48.55,746.49,0.82,12.60,49.37,759.09,"27,776.26"
2145,22/01/2018,STB,"15,450","15,300","15,100","15,500","14,850","15,200",350,2.27,24.13,366.72,0.00,0.00,24.13,366.72,"27,235.17"
2146,19/01/2018,STB,"15,000","15,100","15,450","15,600","14,900","15,280",450,3.00,28.63,437.48,0.13,1.91,28.76,439.40,"27,866.45"
2147,18/01/2018,STB,"14,300","14,150","15,000","15,000","13,900","14,221",700,4.90,31.29,444.92,0.05,0.75,31.34,445.67,"27,054.80"
2148,17/01/2018,STB,"14,950","14,300","14,300","15,200","14,300","14,860",-650,-4.35,27.47,408.19,0.00,0.00,27.47,408.19,"25,792.24"
2149,16/01/2018,STB,"15,350","14,950","14,950","15,200","14,750","14,957",-400,-2.61,42.13,630.16,0.00,0.00,42.13,630.16,"26,964.62"
2150,15/01/2018,STB,"15,500","15,350","15,350","15,600","14,950","15,277",-150,-0.97,37.46,572.23,0.10,1.50,37.56,573.73,"27,686.08"
2151,12/01/2018,STB,"16,250","15,500","15,500","16,500","15,500","15,959",-750,-4.62,34.24,546.44,0.00,0.00,34.24,546.44,"27,956.63"
2152,11/01/2018,STB,"15,600","15,400","16,250","16,500","15,200","15,815",650,4.17,24.14,381.72,0.00,0.00,24.14,381.72,"29,309.37"
2153,10/01/2018,STB,"14,850","14,700","15,600","15,650","14,500","14,850",750,5.05,49.56,735.91,0.00,0.00,49.56,735.91,"28,136.99"
2154,09/01/2018,STB,"14,550","15,050","14,850","15,250","14,600","14,935",300,2.06,36.24,541.20,0.05,0.68,36.29,541.87,"26,784.25"
2155,08/01/2018,STB,"13,600","13,700","14,550","14,550","13,700","14,242",950,6.99,33.85,482.09,0.00,0.00,33.85,482.09,"26,243.16"
2156,05/01/2018,STB,"13,600","13,700","13,600","13,800","13,450","13,572",0,0.00,17.26,234.27,0.00,0.00,17.26,234.27,"24,529.69"
2157,04/01/2018,STB,"13,350","13,350","13,600","13,850","13,350","13,592",250,1.87,26.49,360.00,0.00,0.00,26.49,360.00,"24,529.69"
2158,03/01/2018,STB,"13,400","13,500","13,350","13,600","13,250","13,441",-50,-0.37,15.70,210.97,0.00,0.00,15.70,210.97,"24,078.77"
2159,02/01/2018,STB,"12,850","12,850","13,400","13,500","12,700","13,111",550,4.28,16.33,214.11,0.00,0.00,16.33,214.11,"24,168.96"
