No,Date,Ticker,Reference,Open_price,Close_price,Highest_price,Lowest_price,Average,Change,Change_percent,Matched_volume,Matched_value,Negotiated_volume,Negotiated_value,Total_volume,Total_value,Market_cap
1,28/08/2026,VIB,"14,900","14,900","14,950","15,050","14,800","14,942",50,0.34,5.41,80.87,2.84,45.09,8.25,125.95,"50,889.89"
2,27/08/2026,VIB,"14,650","14,700","14,900","15,150","14,700","14,882",250,1.71,8.00,119.26,7.46,110.56,15.45,229.81,"50,719.69"
3,26/08/2026,VIB,"14,650","14,700","14,650","14,800","14,500","14,647",0,0.00,7.82,114.78,4.61,71.73,12.44,186.51,"49,868.68"
4,25/08/2026,VIB,"14,750","14,750","14,650","14,850","14,600","14,714",-100,-0.68,3.10,45.56,0.00,0.00,3.10,45.56,"49,868.68"
5,24/08/2026,VIB,"14,750","14,900","14,750","14,950","14,700","14,762",0,0.00,4.62,68.24,8.10,119.65,12.72,187.89,"50,209.08"
6,21/08/2026,VIB,"14,400","14,400","14,750","14,800","14,350","14,591",350,2.43,4.77,69.48,4.46,66.83,9.22,136.31,"50,209.08"
7,20/08/2026,VIB,"14,350","14,400","14,400","14,450","14,350","14,404",50,0.35,3.28,47.26,6.20,93.03,9.48,140.29,"49,017.68"
8,19/08/2026,VIB,"14,400","14,400","14,350","14,400","14,200","14,319",-50,-0.35,2.41,34.58,17.97,269.89,20.39,304.47,"48,847.48"
9,18/08/2026,VIB,"14,300","14,350","14,400","14,500","14,250","14,338",100,0.70,2.81,40.31,6.20,94.89,9.01,135.20,"49,017.68"
10,17/08/2026,VIB,"14,400","14,350","14,300","14,500","14,300","14,410",-100,-0.69,2.88,41.46,12.06,173.60,14.93,215.06,"48,677.28"
11,14/08/2026,VIB,"14,550","14,500","14,400","14,650","14,400","14,488",-150,-1.03,4.42,64.15,0.00,0.00,4.42,64.15,"49,017.68"
12,13/08/2026,VIB,"14,800","14,850","14,550","14,900","14,550","14,687",-250,-1.69,5.42,79.53,0.50,7.35,5.92,86.88,"49,528.28"
13,12/08/2026,VIB,"14,800","14,850","14,800","14,950","14,750","14,841",0,0.00,2.94,43.61,7.25,107.92,10.19,151.53,"50,379.28"
14,11/08/2026,VIB,"14,850","14,900","14,800","15,050","14,800","14,933",-50,-0.34,4.51,67.37,0.50,7.50,5.01,74.87,"50,379.28"
15,10/08/2026,VIB,"14,650","14,750","14,850","14,950","14,650","14,782",200,1.37,4.42,65.37,7.20,105.12,11.62,170.49,"50,549.48"
16,07/08/2026,VIB,"14,550","14,600","14,650","14,750","14,550","14,654",100,0.69,2.94,43.10,13.27,199.81,16.21,242.92,"49,868.68"
17,06/08/2026,VIB,"14,800","14,800","14,550","14,850","14,550","14,640",-250,-1.69,4.00,58.49,4.72,70.54,8.71,129.03,"49,528.28"
18,05/08/2026,VIB,"14,800","14,900","14,800","15,200","14,700","14,862",0,0.00,13.61,202.69,5.98,89.20,19.59,291.89,"50,379.28"
19,04/08/2026,VIB,"14,850","14,850","14,800","14,900","14,650","14,746",-50,-0.34,3.43,50.53,11.85,185.42,15.28,235.95,"50,379.28"
20,03/08/2026,VIB,"14,500","14,550","14,850","14,850","14,550","14,720",350,2.41,8.09,119.00,4.39,65.95,12.47,184.94,"50,549.48"
21,31/07/2026,VIB,"14,750","14,800","14,500","14,950","14,500","14,677",-250,-1.69,8.27,121.43,1.43,21.45,9.70,142.88,"49,358.08"
22,30/07/2026,VIB,"14,400","14,400","14,750","14,800","14,250","14,632",350,2.43,6.39,93.57,5.50,84.72,11.89,178.29,"50,209.08"
23,29/07/2026,VIB,"14,400","14,400","14,400","14,450","14,250","14,327",0,0.00,5.47,78.47,7.90,116.90,13.37,195.37,"49,017.68"
24,28/07/2026,VIB,"14,150","14,050","14,400","14,450","14,050","14,256",250,1.77,4.91,70.06,12.64,188.58,17.56,258.63,"49,017.68"
25,27/07/2026,VIB,"14,400","14,450","14,150","14,650","14,150","14,428",-250,-1.74,4.19,60.42,0.00,0.00,4.19,60.42,"48,166.68"
26,24/07/2026,VIB,"14,600","14,400","14,400","14,650","14,350","14,477",-200,-1.37,4.94,71.62,3.76,56.46,8.71,128.08,"49,017.68"
27,23/07/2026,VIB,"14,450","14,400","14,600","14,700","14,150","14,443",150,1.04,7.52,108.73,0.00,0.00,7.52,108.73,"49,698.48"
28,22/07/2026,VIB,"15,000","15,050","14,450","15,100","14,450","14,689",-550,-3.67,15.41,225.96,0.00,0.00,15.41,225.96,"49,187.88"
29,21/07/2026,VIB,"14,950","14,900","15,000","15,100","14,900","15,013",50,0.33,6.39,96.02,7.45,116.09,13.84,212.10,"51,060.09"
30,20/07/2026,VIB,"15,400","15,350","14,950","15,400","14,850","15,045",-450,-2.92,13.15,197.80,0.23,3.72,13.38,201.52,"50,889.89"
31,17/07/2026,VIB,"15,450","15,500","15,400","15,550","15,350","15,423",-50,-0.32,3.22,49.71,6.20,96.10,9.42,145.81,"52,421.69"
32,16/07/2026,VIB,"15,450","15,350","15,450","15,600","15,100","15,372",0,0.00,7.45,114.18,4.92,78.64,12.36,192.82,"52,591.89"
33,15/07/2026,VIB,"15,750","15,750","15,450","15,750","15,450","15,567",-300,-1.90,5.63,87.61,0.58,9.72,6.21,97.33,"52,591.89"
34,14/07/2026,VIB,"15,500","15,500","15,750","15,750","15,300","15,651",250,1.61,6.14,95.44,3.64,58.22,9.78,153.66,"53,613.09"
35,13/07/2026,VIB,"15,950","15,950","15,500","16,000","15,300","15,641",-450,-2.82,12.07,189.05,0.04,0.68,12.11,189.73,"52,762.09"
36,10/07/2026,VIB,"16,100","16,150","15,950","16,250","15,950","16,057",-150,-0.93,6.37,102.25,2.16,34.95,8.53,137.20,"54,293.89"
37,09/07/2026,VIB,"16,250","16,150","16,100","16,300","16,100","16,196",-150,-0.92,4.10,66.44,1.99,32.30,6.10,98.74,"54,804.49"
38,08/07/2026,VIB,"16,250","16,200","16,250","16,450","16,150","16,288",0,0.00,10.53,171.80,1.00,15.46,11.53,187.26,"55,315.09"
39,07/07/2026,VIB,"16,100","16,050","16,250","16,250","16,050","16,111",150,0.93,6.00,96.61,0.06,0.94,6.06,97.55,"55,315.09"
40,06/07/2026,VIB,"16,450","16,550","16,100","16,600","16,000","16,299",-350,-2.13,13.85,225.52,0.00,0.00,13.85,225.52,"54,804.49"
44,30/06/2026,VIB,"16,550","16,600","16,500","16,650","16,450","16,537",-50,-0.30,6.74,111.39,1.62,27.68,8.36,139.07,"56,166.09"
45,29/06/2026,VIB,"16,150","16,200","16,550","16,700","16,150","16,545",400,2.48,21.05,348.08,0.20,3.09,21.25,351.17,"56,336.29"
46,26/06/2026,VIB,"16,000","16,050","16,150","16,150","16,000","16,086",150,0.94,5.70,91.67,5.70,91.77,11.40,183.44,"54,974.69"
47,25/06/2026,VIB,"16,050","16,050","16,000","16,100","15,950","16,022",-50,-0.31,5.19,83.11,2.05,34.84,7.24,117.95,"54,464.09"
48,24/06/2026,VIB,"16,100","16,150","16,050","16,200","15,900","15,992",-50,-0.31,5.68,90.81,7.99,137.35,13.67,228.16,"54,634.29"
49,23/06/2026,VIB,"16,050","16,100","16,100","16,500","16,000","16,210",50,0.31,13.12,212.87,0.45,7.49,13.57,220.36,"54,804.49"
50,22/06/2026,VIB,"16,050","16,100","16,050","16,150","16,000","16,050",0,0.00,5.76,92.53,0.30,4.86,6.07,97.38,"54,634.29"
41,03/07/2026,VIB,"16,650","16,700","16,450","16,800","16,350","16,502",-200,-1.20,14.21,234.57,0.08,1.27,14.29,235.84,"55,995.89"
42,02/07/2026,VIB,"16,600","16,650","16,650","16,700","16,500","16,600",50,0.30,7.98,132.48,0.05,0.80,8.03,133.28,"56,676.70"
43,01/07/2026,VIB,"16,500","16,500","16,600","16,800","16,500","16,689",100,0.61,12.96,216.31,5.78,94.19,18.74,310.50,"56,506.49"
51,19/06/2026,VIB,"16,250","16,300","16,050","16,300","16,000","16,138",-200,-1.23,5.78,93.25,0.40,6.87,6.18,100.12,"54,634.29"
52,18/06/2026,VIB,"16,400","16,450","16,250","16,500","16,200","16,330",-150,-0.91,8.56,139.76,3.14,54.77,11.69,194.54,"55,315.09"
53,17/06/2026,VIB,"16,200","16,200","16,400","16,550","16,200","16,386",200,1.23,15.86,260.17,5.22,90.01,21.09,350.19,"55,825.69"
54,16/06/2026,VIB,"16,250","16,300","16,200","16,350","16,150","16,224",-50,-0.31,8.33,135.17,5.16,88.93,13.49,224.10,"55,144.89"
55,15/06/2026,VIB,"16,150","16,350","16,250","16,400","16,150","16,283",100,0.62,7.05,114.92,0.06,0.86,7.11,115.78,"55,315.09"
56,12/06/2026,VIB,"15,950","16,100","16,150","16,400","16,050","16,192",200,1.25,11.90,193.11,1.24,19.41,13.14,212.52,"54,974.69"
57,11/06/2026,VIB,"15,900","15,900","15,950","16,200","15,850","16,027",50,0.31,6.15,98.59,1.33,20.98,7.48,119.57,"54,293.89"
58,10/06/2026,VIB,"15,800","15,850","15,900","16,050","15,800","15,956",100,0.63,3.94,62.79,1.05,16.61,4.98,79.40,"54,123.69"
59,09/06/2026,VIB,"15,750","15,800","15,800","15,950","15,700","15,821",50,0.32,4.66,73.80,6.37,103.22,11.03,177.02,"53,783.29"
60,08/06/2026,VIB,"16,150","16,000","15,750","16,050","15,700","15,870",-400,-2.48,12.79,203.47,2.05,32.74,14.84,236.21,"53,613.09"
61,05/06/2026,VIB,"16,250","16,300","16,150","16,450","16,150","16,288",-100,-0.62,6.67,108.68,1.13,18.41,7.80,127.09,"54,974.69"
62,04/06/2026,VIB,"15,900","16,000","16,250","16,300","15,850","16,084",350,2.20,15.46,249.10,2.05,32.59,17.51,281.68,"55,315.09"
63,03/06/2026,VIB,"15,800","15,800","15,900","16,100","15,800","15,950",100,0.63,7.20,114.84,0.00,0.00,7.20,114.84,"54,123.69"
64,02/06/2026,VIB,"16,100","16,200","15,800","16,200","15,800","15,934",-300,-1.86,7.95,126.61,3.78,65.08,11.73,191.69,"53,783.29"
65,01/06/2026,VIB,"16,100","16,150","16,100","16,250","16,000","16,117",0,0.00,5.96,96.00,0.69,10.80,6.65,106.80,"54,804.49"
66,29/05/2026,VIB,"16,300","16,300","16,100","16,400","16,100","16,231",-200,-1.23,8.21,133.26,12.92,216.29,21.13,349.55,"54,804.49"
67,28/05/2026,VIB,"16,700","16,700","16,300","16,950","16,300","16,668",-400,-2.40,16.75,279.50,0.27,4.76,17.02,284.26,"55,485.29"
68,27/05/2026,VIB,"16,250","16,250","16,700","16,850","16,100","16,536",450,2.77,27.85,459.99,0.18,2.82,28.03,462.82,"56,846.90"
69,26/05/2026,VIB,"15,900","15,850","16,250","16,300","15,850","16,125",350,2.20,12.75,205.62,0.00,0.00,12.75,205.62,"55,315.09"
70,25/05/2026,VIB,"15,700","15,850","15,900","15,950","15,700","15,859",200,1.27,2.31,36.61,0.00,0.00,2.31,36.61,"54,123.69"
71,22/05/2026,VIB,"15,900","15,900","15,700","15,900","15,650","15,750",-200,-1.26,2.51,39.58,1.47,24.25,3.98,63.83,"53,442.89"
72,21/05/2026,VIB,"15,700","15,700","15,900","15,900","15,600","15,807",200,1.27,5.02,79.23,10.34,169.20,15.36,248.44,"54,123.69"
73,20/05/2026,VIB,"15,800","15,800","15,700","15,850","15,050","15,516",-100,-0.63,9.17,142.33,23.58,383.51,32.75,525.84,"53,442.89"
74,19/05/2026,VIB,"16,100","16,100","15,800","16,100","15,750","15,897",-300,-1.86,6.62,105.16,3.78,61.99,10.40,167.14,"53,783.29"
75,18/05/2026,VIB,"16,100","16,000","16,100","16,100","15,900","15,981",0,0.00,3.58,57.17,0.98,16.86,4.56,74.03,"54,804.49"
76,15/05/2026,VIB,"16,050","16,050","16,100","16,150","15,950","16,048",50,0.31,5.13,82.34,0.34,5.31,5.47,87.65,"54,804.49"
77,14/05/2026,VIB,"15,950","16,000","16,050","16,200","15,950","16,088",100,0.63,3.28,52.72,1.57,26.10,4.85,78.82,"54,634.29"
78,13/05/2026,VIB,"16,000","16,150","15,950","16,150","15,950","16,004",-50,-0.31,2.83,45.32,0.38,5.86,3.21,51.18,"54,293.89"
79,12/05/2026,VIB,"15,950","16,050","16,000","16,100","15,950","15,996",50,0.31,2.26,36.21,0.92,15.37,3.18,51.58,"54,464.09"
80,11/05/2026,VIB,"16,050","16,050","15,950","16,250","15,950","16,073",-100,-0.62,6.16,98.97,0.45,6.94,6.60,105.91,"54,293.89"
81,08/05/2026,VIB,"16,100","16,150","16,050","16,200","16,000","16,082",-50,-0.31,3.84,61.79,7.25,124.15,11.09,185.95,"54,634.29"
82,07/05/2026,VIB,"16,200","16,200","16,100","16,300","16,100","16,192",-100,-0.62,4.51,73.01,3.17,54.17,7.68,127.19,"54,804.49"
83,06/05/2026,VIB,"15,950","16,000","16,200","16,250","15,950","16,070",250,1.57,3.38,54.32,0.00,0.00,3.38,54.32,"55,144.89"
84,05/05/2026,VIB,"16,150","16,100","15,950","16,150","15,850","15,962",-200,-1.24,5.58,88.98,0.00,0.00,5.58,88.98,"54,293.89"
85,04/05/2026,VIB,"16,300","16,450","16,150","16,450","16,150","16,268",-150,-0.92,4.13,67.20,2.05,34.88,6.18,102.08,"54,974.69"
86,29/04/2026,VIB,"16,450","16,500","16,300","16,550","16,300","16,381",-150,-0.91,5.11,83.68,5.04,88.08,10.15,171.77,"55,485.29"
87,28/04/2026,VIB,"17,250","17,400","17,350","17,500","17,300","17,383",100,0.58,5.27,91.64,0.04,0.58,5.31,92.22,"59,059.50"
88,24/04/2026,VIB,"17,200","17,200","17,250","17,300","17,150","17,216",50,0.29,3.30,56.91,0.00,0.00,3.30,56.91,"58,719.10"
89,23/04/2026,VIB,"17,300","17,350","17,200","17,550","17,100","17,328",-100,-0.58,10.93,188.97,0.00,0.00,10.93,188.97,"58,548.90"
90,22/04/2026,VIB,"17,200","17,250","17,300","17,350","17,150","17,256",100,0.58,4.43,76.38,5.79,103.57,10.21,179.94,"58,889.30"
91,21/04/2026,VIB,"17,500","17,500","17,200","17,550","17,200","17,376",-300,-1.71,5.92,102.86,3.56,63.99,9.47,166.85,"58,548.90"
92,20/04/2026,VIB,"17,350","17,450","17,500","17,500","17,300","17,417",150,0.86,4.62,80.54,0.00,0.00,4.62,80.54,"59,570.10"
93,17/04/2026,VIB,"17,150","17,250","17,350","17,450","17,100","17,276",200,1.17,5.67,97.83,0.00,0.00,5.67,97.83,"59,059.50"
94,16/04/2026,VIB,"17,350","17,400","17,150","17,400","17,100","17,235",-200,-1.15,6.85,117.98,9.53,165.08,16.38,283.06,"58,378.70"
95,15/04/2026,VIB,"17,600","17,750","17,350","17,750","17,350","17,508",-250,-1.42,7.68,134.37,1.05,19.78,8.73,154.15,"59,059.50"
96,14/04/2026,VIB,"17,750","17,850","17,600","17,900","17,600","17,717",-150,-0.85,6.83,120.94,0.00,0.00,6.83,120.94,"59,910.50"
97,13/04/2026,VIB,"17,450","17,350","17,750","18,050","17,300","17,779",300,1.72,17.73,315.52,3.84,71.50,21.57,387.01,"60,421.10"
98,10/04/2026,VIB,"17,150","17,250","17,450","17,550","17,200","17,450",300,1.75,10.41,181.80,0.00,0.00,10.41,181.80,"59,399.90"
99,09/04/2026,VIB,"17,350","17,400","17,150","17,400","17,050","17,191",-200,-1.15,4.94,84.86,0.00,0.00,4.94,84.86,"58,378.70"
100,08/04/2026,VIB,"16,700","17,050","17,350","17,450","16,900","17,206",650,3.89,11.25,193.35,3.52,61.51,14.77,254.85,"59,059.50"
101,07/04/2026,VIB,"16,650","16,700","16,700","16,800","16,550","16,659",50,0.30,2.73,45.38,0.00,0.00,2.73,45.38,"56,846.90"
102,06/04/2026,VIB,"16,650","16,650","16,650","16,850","16,550","16,670",0,0.00,3.64,60.62,0.99,16.48,4.63,77.10,"56,676.70"
103,03/04/2026,VIB,"16,900","16,950","16,650","17,000","16,650","16,779",-250,-1.48,4.38,73.48,1.52,26.51,5.90,99.99,"56,676.70"
104,02/04/2026,VIB,"17,200","17,150","16,900","17,150","16,850","16,962",-300,-1.74,4.09,69.35,0.00,0.00,4.09,69.35,"57,527.70"
105,01/04/2026,VIB,"16,950","17,150","17,200","17,400","17,100","17,241",250,1.47,5.68,97.94,0.00,0.00,5.68,97.94,"58,548.90"
106,31/03/2026,VIB,"16,900","17,050","16,950","17,200","16,900","16,995",50,0.30,4.17,70.81,15.01,255.11,19.17,325.92,"57,697.90"
107,30/03/2026,VIB,"17,000","16,800","16,900","17,100","16,800","16,922",-100,-0.59,3.51,59.39,0.52,9.43,4.03,68.82,"57,527.70"
108,27/03/2026,VIB,"16,950","16,850","17,000","17,200","16,850","17,017",50,0.29,6.30,107.25,0.00,0.00,6.30,107.25,"57,868.10"
109,26/03/2026,VIB,"17,250","17,250","16,950","17,250","16,900","17,027",-300,-1.74,3.02,51.42,6.22,109.03,9.24,160.45,"57,697.90"
110,25/03/2026,VIB,"16,700","16,800","17,250","17,250","16,700","16,976",550,3.29,8.61,146.42,0.00,0.00,8.61,146.42,"58,719.10"
111,24/03/2026,VIB,"16,300","16,500","16,700","16,900","16,400","16,632",400,2.45,4.88,81.14,5.04,84.28,9.92,165.42,"56,846.90"
112,23/03/2026,VIB,"16,800","16,650","16,300","16,750","16,200","16,384",-500,-2.98,5.66,92.69,0.00,0.00,5.66,92.69,"55,485.29"
113,20/03/2026,VIB,"16,800","16,750","16,800","16,900","16,700","16,795",0,0.00,3.34,56.17,11.78,208.13,15.12,264.30,"57,187.30"
114,19/03/2026,VIB,"17,100","16,950","16,800","17,000","16,600","16,835",-300,-1.75,6.03,101.39,0.31,5.00,6.34,106.39,"57,187.30"
115,18/03/2026,VIB,"17,000","17,200","17,100","17,250","16,850","17,050",100,0.59,4.53,77.10,2.00,36.30,6.53,113.40,"58,208.50"
116,17/03/2026,VIB,"17,000","17,100","17,000","17,250","17,000","17,149",0,0.00,8.88,152.27,0.00,0.00,8.88,152.27,"57,868.10"
117,16/03/2026,VIB,"16,900","16,900","17,000","17,000","16,750","16,882",100,0.59,2.94,49.66,0.00,0.00,2.94,49.66,"57,868.10"
118,13/03/2026,VIB,"16,650","16,650","16,900","17,000","16,550","16,814",250,1.50,4.48,75.52,6.09,102.51,10.57,178.02,"57,527.70"
119,12/03/2026,VIB,"17,050","17,000","16,650","17,000","16,600","16,728",-400,-2.35,3.95,66.05,2.52,44.86,6.47,110.90,"56,676.70"
120,11/03/2026,VIB,"16,100","16,250","17,050","17,200","16,200","16,747",950,5.90,11.60,194.33,0.00,0.00,11.60,194.33,"58,038.30"
121,10/03/2026,VIB,"15,650","16,300","16,100","16,400","15,950","16,182",450,2.88,9.85,159.36,10.98,183.41,20.83,342.77,"54,804.49"
122,09/03/2026,VIB,"16,700","15,700","15,650","15,900","15,550","15,590","-1,050",-6.29,25.15,392.19,0.00,0.00,25.15,392.19,"53,272.69"
123,06/03/2026,VIB,"16,850","16,850","16,700","16,900","16,700","16,779",-150,-0.89,2.83,47.52,0.00,0.00,2.83,47.52,"56,846.90"
124,05/03/2026,VIB,"16,850","17,000","16,850","17,050","16,800","16,908",0,0.00,4.07,68.91,0.00,0.00,4.07,68.91,"57,357.50"
125,04/03/2026,VIB,"16,700","16,700","16,850","16,850","16,450","16,652",150,0.90,6.62,110.21,0.00,0.00,6.62,110.21,"57,357.50"
126,03/03/2026,VIB,"16,900","17,000","16,700","17,050","16,700","16,869",-200,-1.18,6.60,111.37,3.23,58.14,9.83,169.51,"56,846.90"
127,02/03/2026,VIB,"17,300","16,800","16,900","17,100","16,800","16,983",-400,-2.31,8.30,141.00,2.40,40.73,10.69,181.73,"57,527.70"
128,27/02/2026,VIB,"17,400","17,400","17,300","17,450","17,300","17,349",-100,-0.57,2.78,48.20,0.00,0.00,2.78,48.20,"58,889.30"
129,26/02/2026,VIB,"17,400","17,400","17,400","17,600","17,350","17,441",0,0.00,3.40,59.33,0.00,0.00,3.40,59.33,"59,229.70"
130,25/02/2026,VIB,"17,300","17,400","17,400","17,600","17,200","17,420",100,0.58,7.25,126.40,2.42,44.68,9.67,171.08,"59,229.70"
131,24/02/2026,VIB,"17,400","17,450","17,300","17,500","17,250","17,360",-100,-0.57,5.65,98.01,0.91,16.77,6.55,114.78,"58,889.30"
132,23/02/2026,VIB,"17,250","17,350","17,400","17,500","17,300","17,399",150,0.87,3.09,53.79,0.00,0.00,3.09,53.79,"59,229.70"
133,13/02/2026,VIB,"17,100","17,100","17,250","17,400","17,050","17,247",150,0.88,6.44,110.92,0.00,0.00,6.44,110.92,"58,719.10"
134,12/02/2026,VIB,"16,950","17,100","17,100","17,150","16,950","17,061",150,0.88,3.20,54.54,0.00,0.00,3.20,54.54,"58,208.50"
135,11/02/2026,VIB,"16,500","16,700","16,950","17,100","16,650","16,908",450,2.73,4.86,82.23,6.20,109.47,11.06,191.70,"57,697.90"
136,10/02/2026,VIB,"16,700","16,850","16,500","17,000","16,500","16,702",-200,-1.20,4.86,81.30,9.21,164.42,14.07,245.72,"56,166.09"
137,09/02/2026,VIB,"16,700","16,900","16,700","17,000","16,700","16,819",0,0.00,4.92,82.83,0.00,0.00,4.92,82.83,"56,846.90"
138,06/02/2026,VIB,"17,150","17,100","16,700","17,150","16,700","16,899",-450,-2.62,8.31,140.48,0.00,0.00,8.31,140.48,"56,846.90"
139,05/02/2026,VIB,"17,400","17,450","17,150","17,500","17,150","17,316",-250,-1.44,3.83,66.34,0.00,0.00,3.83,66.34,"58,378.70"
140,04/02/2026,VIB,"17,450","17,450","17,400","17,500","17,300","17,405",-50,-0.29,5.06,88.09,0.00,0.00,5.06,88.09,"59,229.70"
141,03/02/2026,VIB,"17,500","17,550","17,450","17,700","17,350","17,459",-50,-0.29,6.34,110.69,1.33,23.34,7.67,134.03,"59,399.90"
142,02/02/2026,VIB,"17,800","17,700","17,500","17,700","17,400","17,510",-300,-1.69,5.28,92.40,7.85,149.07,13.12,241.47,"59,570.10"
143,30/01/2026,VIB,"17,500","17,500","17,800","17,800","17,450","17,569",300,1.71,6.71,118.11,1.44,26.85,8.15,144.97,"60,591.30"
144,29/01/2026,VIB,"17,450","17,450","17,500","17,600","17,400","17,508",50,0.29,4.24,74.26,5.43,101.31,9.67,175.57,"59,570.10"
145,28/01/2026,VIB,"17,400","17,400","17,450","17,650","17,350","17,463",50,0.29,4.77,83.41,1.39,25.92,6.17,109.33,"59,399.90"
146,27/01/2026,VIB,"17,450","17,450","17,400","17,550","17,350","17,431",-50,-0.29,3.50,61.00,0.00,0.00,3.50,61.00,"59,229.70"
147,26/01/2026,VIB,"17,800","17,800","17,450","17,900","17,350","17,564",-350,-1.97,6.87,120.57,2.84,54.02,9.72,174.59,"59,399.90"
148,23/01/2026,VIB,"17,850","17,950","17,800","17,950","17,750","17,829",-50,-0.28,4.26,75.95,0.00,0.00,4.26,75.95,"60,591.30"
149,22/01/2026,VIB,"17,800","17,800","17,850","18,000","17,800","17,903",50,0.28,4.86,87.06,0.00,0.00,4.86,87.06,"60,761.50"
150,21/01/2026,VIB,"18,050","18,000","17,800","18,050","17,700","17,829",-250,-1.39,10.59,188.77,5.15,99.34,15.73,288.10,"60,591.30"
151,20/01/2026,VIB,"18,150","18,250","18,050","18,400","18,050","18,191",-100,-0.55,6.54,119.08,8.88,168.63,15.42,287.71,"61,442.30"
152,19/01/2026,VIB,"18,200","18,200","18,150","18,300","18,150","18,205",-50,-0.27,5.56,101.16,0.00,0.00,5.56,101.16,"61,782.70"
153,16/01/2026,VIB,"18,400","18,450","18,200","18,450","18,150","18,285",-200,-1.09,8.11,148.39,0.14,2.63,8.25,151.03,"61,952.90"
154,15/01/2026,VIB,"18,150","18,300","18,400","18,450","18,200","18,305",250,1.38,6.55,119.82,7.03,130.02,13.57,249.84,"62,633.71"
155,14/01/2026,VIB,"18,550","18,600","18,150","18,650","18,050","18,406",-400,-2.16,18.44,340.27,1.05,20.83,19.49,361.10,"61,782.70"
156,13/01/2026,VIB,"18,550","18,700","18,550","18,750","18,450","18,511",0,0.00,9.89,183.47,0.00,0.00,9.89,183.47,"63,144.31"
157,12/01/2026,VIB,"17,950","17,950","18,550","18,750","17,850","18,317",600,3.34,16.08,294.32,0.00,0.00,16.08,294.32,"63,144.31"
158,09/01/2026,VIB,"18,000","18,100","17,950","18,150","17,850","17,983",-50,-0.28,10.18,183.01,0.00,0.00,10.18,183.01,"61,101.90"
159,08/01/2026,VIB,"18,050","18,100","18,000","18,200","17,900","18,083",-50,-0.28,12.74,230.51,4.31,81.92,17.05,312.43,"61,272.10"
160,07/01/2026,VIB,"17,750","17,800","18,050","18,150","17,800","17,966",300,1.69,8.72,156.80,0.00,0.00,8.72,156.80,"61,442.30"
161,06/01/2026,VIB,"17,700","17,650","17,750","17,800","17,400","17,618",50,0.28,5.41,95.46,0.00,0.00,5.41,95.46,"60,421.10"
162,05/01/2026,VIB,"17,750","17,750","17,700","17,900","17,550","17,746",-50,-0.28,4.19,74.40,0.06,1.10,4.25,75.50,"60,250.90"
163,31/12/2025,VIB,"17,700","17,800","17,750","17,950","17,700","17,870",50,0.28,6.58,117.63,0.00,0.00,6.58,117.63,"60,421.10"
164,30/12/2025,VIB,"17,600","17,600","17,700","17,800","17,600","17,682",100,0.57,3.40,60.16,1.44,26.57,4.84,86.73,"60,250.90"
165,29/12/2025,VIB,"17,600","17,600","17,600","17,750","17,550","17,613",0,0.00,3.56,62.73,0.13,2.19,3.69,64.92,"59,910.50"
166,26/12/2025,VIB,"17,800","17,650","17,600","17,850","17,200","17,535",-200,-1.12,8.33,146.12,20.20,361.06,28.53,507.18,"59,910.50"
167,25/12/2025,VIB,"17,900","17,950","17,800","18,150","17,800","17,956",-100,-0.56,4.07,73.00,4.80,91.23,8.87,164.23,"60,591.30"
168,24/12/2025,VIB,"17,750","17,750","17,900","18,200","17,600","17,933",150,0.85,6.46,115.83,12.10,214.66,18.56,330.49,"60,931.70"
169,23/12/2025,VIB,"17,750","17,900","17,750","18,200","17,700","17,901",0,0.00,6.97,124.78,3.25,61.11,10.22,185.89,"60,421.10"
170,22/12/2025,VIB,"17,600","17,700","17,750","17,950","17,600","17,751",150,0.85,10.67,189.45,8.22,144.58,18.89,334.03,"60,421.10"
171,19/12/2025,VIB,"17,500","17,600","17,600","17,700","17,500","17,619",100,0.57,3.08,54.24,0.34,6.00,3.42,60.24,"59,910.50"
172,18/12/2025,VIB,"17,600","17,600","17,500","17,650","17,450","17,539",-100,-0.57,2.81,49.35,0.00,0.00,2.81,49.35,"59,570.10"
173,17/12/2025,VIB,"17,550","17,650","17,600","17,700","17,500","17,575",50,0.28,4.09,71.95,0.36,6.67,4.45,78.62,"59,910.50"
174,16/12/2025,VIB,"17,150","17,350","17,550","17,700","17,000","17,319",400,2.33,5.30,91.70,0.08,1.28,5.38,92.97,"59,740.30"
175,15/12/2025,VIB,"17,300","17,500","17,150","17,550","17,150","17,359",-150,-0.87,7.10,123.21,0.00,0.00,7.10,123.21,"58,378.70"
176,12/12/2025,VIB,"18,100","18,150","17,300","18,200","17,300","17,884",-800,-4.42,9.41,167.52,0.69,11.87,10.10,179.39,"58,889.30"
177,11/12/2025,VIB,"18,200","18,250","18,100","18,350","18,100","18,213",-100,-0.55,4.97,90.58,0.08,1.27,5.04,91.85,"61,612.50"
178,10/12/2025,VIB,"18,150","18,150","18,200","18,350","18,150","18,256",50,0.28,3.30,60.29,1.17,21.00,4.47,81.28,"61,952.90"
179,09/12/2025,VIB,"18,350","18,400","18,150","18,400","18,150","18,256",-200,-1.09,7.27,132.74,2.22,38.14,9.49,170.88,"61,782.70"
180,08/12/2025,VIB,"18,650","18,600","18,350","18,700","18,350","18,476",-300,-1.61,4.45,82.25,25.44,466.82,29.89,549.08,"62,463.50"
181,05/12/2025,VIB,"18,900","19,000","18,650","19,000","18,600","18,734",-250,-1.32,4.21,78.87,0.00,0.00,4.21,78.87,"63,484.71"
182,04/12/2025,VIB,"18,800","18,850","18,900","19,000","18,800","18,907",100,0.53,7.04,133.21,0.04,0.75,7.09,133.96,"64,335.71"
183,03/12/2025,VIB,"18,450","18,450","18,800","18,900","18,450","18,696",350,1.90,9.73,181.79,4.33,79.10,14.07,260.89,"63,995.31"
184,02/12/2025,VIB,"18,350","18,400","18,450","18,500","18,250","18,353",100,0.54,3.01,55.18,0.00,0.00,3.01,55.18,"62,803.91"
185,01/12/2025,VIB,"18,500","18,500","18,350","18,550","18,350","18,421",-150,-0.81,2.89,53.22,0.98,18.62,3.87,71.84,"62,463.50"
186,28/11/2025,VIB,"18,650","18,700","18,500","18,800","18,450","18,590",-150,-0.80,2.38,44.33,5.06,99.38,7.44,143.71,"62,974.11"
187,27/11/2025,VIB,"18,450","18,600","18,650","18,950","18,550","18,758",200,1.08,7.20,135.19,0.05,0.92,7.25,136.11,"63,484.71"
188,26/11/2025,VIB,"18,300","18,300","18,450","18,600","18,300","18,477",150,0.82,3.26,60.35,5.19,89.46,8.45,149.81,"62,803.91"
189,25/11/2025,VIB,"18,500","18,500","18,300","18,550","18,300","18,387",-200,-1.08,3.13,57.45,4.17,82.41,7.30,139.86,"62,293.30"
190,24/11/2025,VIB,"18,550","18,550","18,500","18,700","18,500","18,553",-50,-0.27,3.47,64.37,0.29,5.34,3.75,69.72,"62,974.11"
191,21/11/2025,VIB,"18,700","18,550","18,550","18,800","18,450","18,565",-150,-0.80,3.45,64.06,0.00,0.00,3.45,64.06,"63,144.31"
192,20/11/2025,VIB,"18,700","18,700","18,700","18,900","18,650","18,729",0,0.00,6.41,120.22,1.30,25.94,7.71,146.16,"63,654.91"
193,19/11/2025,VIB,"18,700","18,700","18,700","19,100","18,650","18,871",0,0.00,8.74,164.79,0.00,0.00,8.74,164.79,"63,654.91"
194,18/11/2025,VIB,"18,700","18,750","18,700","18,800","18,600","18,698",0,0.00,5.49,102.62,0.00,0.00,5.49,102.62,"63,654.91"
195,17/11/2025,VIB,"18,500","18,600","18,700","18,700","18,400","18,564",200,1.08,4.36,80.90,5.92,116.86,10.28,197.76,"63,654.91"
196,14/11/2025,VIB,"18,550","18,500","18,500","18,650","18,450","18,559",-50,-0.27,2.47,45.77,0.10,1.86,2.57,47.63,"62,974.11"
197,13/11/2025,VIB,"18,650","18,650","18,550","18,750","18,550","18,651",-100,-0.54,2.90,54.09,0.15,2.84,3.05,56.93,"63,144.31"
198,12/11/2025,VIB,"18,200","18,250","18,650","18,650","18,250","18,460",450,2.47,3.80,70.15,2.25,43.65,6.05,113.80,"63,484.71"
199,11/11/2025,VIB,"18,250","18,300","18,200","18,500","18,200","18,306",-50,-0.27,2.57,47.03,7.40,140.40,9.97,187.42,"61,952.90"
200,10/11/2025,VIB,"18,300","18,500","18,250","18,500","18,250","18,355",-50,-0.27,2.85,52.28,1.70,32.15,4.54,84.42,"62,123.10"
201,07/11/2025,VIB,"18,550","18,500","18,300","18,600","18,200","18,410",-250,-1.35,3.71,68.29,0.00,0.00,3.71,68.29,"62,293.30"
202,06/11/2025,VIB,"18,750","18,850","18,550","18,850","18,550","18,653",-200,-1.07,2.83,52.81,0.00,0.00,2.83,52.81,"63,144.31"
203,05/11/2025,VIB,"18,950","18,850","18,750","18,950","18,700","18,809",-200,-1.06,2.50,47.03,4.29,85.78,6.79,132.81,"63,825.11"
204,04/11/2025,VIB,"18,350","18,350","18,950","19,100","18,100","18,484",600,3.27,8.14,151.12,0.00,0.00,8.14,151.12,"64,505.91"
205,03/11/2025,VIB,"18,550","18,600","18,350","18,800","18,350","18,567",-200,-1.08,4.41,81.91,0.14,2.67,4.55,84.58,"62,463.50"
206,31/10/2025,VIB,"18,750","18,750","18,550","18,800","18,550","18,664",-200,-1.07,4.60,85.87,0.75,14.59,5.35,100.46,"63,144.31"
207,30/10/2025,VIB,"19,000","19,050","18,750","19,250","18,750","18,968",-250,-1.32,5.62,106.63,0.00,0.00,5.62,106.63,"63,825.11"
208,29/10/2025,VIB,"19,200","19,150","19,000","19,350","19,000","19,187",-200,-1.04,5.09,97.84,0.92,17.56,6.01,115.39,"64,676.11"
209,28/10/2025,VIB,"18,450","18,450","19,200","19,200","18,400","18,696",750,4.07,7.38,138.18,1.05,19.99,8.43,158.17,"65,356.91"
210,27/10/2025,VIB,"18,500","18,700","18,450","18,750","18,450","18,576",-50,-0.27,4.16,77.24,0.00,0.00,4.16,77.24,"62,803.91"
211,24/10/2025,VIB,"18,500","18,600","18,500","18,750","18,300","18,512",0,0.00,6.17,114.27,0.00,0.00,6.17,114.27,"62,974.11"
212,23/10/2025,VIB,"18,650","18,650","18,500","18,950","18,500","18,713",-150,-0.80,4.17,77.98,0.00,0.00,4.17,77.98,"62,974.11"
213,22/10/2025,VIB,"18,650","18,750","18,650","18,900","18,400","18,610",0,0.00,6.23,115.94,0.00,0.00,6.23,115.94,"63,484.71"
214,21/10/2025,VIB,"18,350","18,400","18,650","18,950","18,200","18,514",300,1.63,14.71,272.09,0.00,0.00,14.71,272.09,"63,484.71"
215,20/10/2025,VIB,"19,700","19,700","18,350","19,800","18,350","19,125","-1,350",-6.85,21.19,401.42,0.00,0.00,21.19,401.42,"62,463.50"
216,17/10/2025,VIB,"20,000","20,000","19,700","20,150","19,700","19,888",-300,-1.50,12.63,251.20,0.00,0.00,12.63,251.20,"67,058.91"
217,16/10/2025,VIB,"20,250","20,250","20,000","20,250","20,000","20,096",-250,-1.23,8.46,169.92,0.00,0.00,8.46,169.92,"68,080.11"
218,15/10/2025,VIB,"20,000","19,900","20,250","20,400","19,900","20,186",250,1.25,11.05,223.07,0.92,19.38,11.98,242.45,"68,931.12"
219,14/10/2025,VIB,"20,150","20,350","20,000","20,400","20,000","20,150",-150,-0.74,13.68,275.46,1.14,24.17,14.82,299.62,"68,080.11"
220,13/10/2025,VIB,"20,350","20,000","20,150","20,300","19,950","20,099",-200,-0.98,10.71,215.23,0.13,2.67,10.83,217.89,"68,590.72"
221,10/10/2025,VIB,"20,400","20,500","20,350","20,600","20,300","20,459",-50,-0.25,10.32,211.15,0.80,15.60,11.12,226.75,"69,271.52"
222,09/10/2025,VIB,"20,050","20,050","20,400","20,400","20,050","20,262",350,1.75,9.64,195.27,2.14,42.97,11.78,238.24,"69,441.72"
223,08/10/2025,VIB,"20,200","20,400","20,050","20,450","20,050","20,190",-150,-0.74,10.24,206.90,0.00,0.00,10.24,206.90,"68,250.31"
224,07/10/2025,VIB,"20,550","20,700","20,200","20,700","20,150","20,336",-350,-1.70,8.79,178.56,1.95,40.96,10.74,219.52,"68,760.92"
225,06/10/2025,VIB,"19,750","20,000","20,550","20,600","19,950","20,304",800,4.05,11.26,228.64,0.00,0.00,11.26,228.64,"69,952.32"
226,03/10/2025,VIB,"19,700","19,700","19,750","19,850","19,650","19,741",50,0.25,6.75,133.26,0.00,0.00,6.75,133.26,"67,229.11"
227,02/10/2025,VIB,"20,100","20,150","19,700","20,350","19,700","20,039",-400,-1.99,10.58,212.15,0.00,0.00,10.58,212.15,"67,058.91"
228,01/10/2025,VIB,"19,900","19,900","20,100","20,350","19,900","20,160",200,1.01,8.35,168.28,0.00,0.00,8.35,168.28,"68,420.51"
229,30/09/2025,VIB,"19,750","19,750","19,900","20,000","19,600","19,842",150,0.76,9.29,184.41,0.50,10.17,9.79,194.58,"67,739.71"
230,29/09/2025,VIB,"19,800","19,750","19,750","19,950","19,650","19,777",-50,-0.25,7.07,139.88,0.00,0.00,7.07,139.88,"67,229.11"
231,26/09/2025,VIB,"20,100","20,100","19,800","20,150","19,750","19,946",-300,-1.49,7.45,148.76,0.21,4.25,7.66,153.01,"67,399.31"
232,25/09/2025,VIB,"20,500","20,500","20,100","20,650","20,000","20,253",-400,-1.95,13.58,274.79,0.00,0.00,13.58,274.79,"68,420.51"
233,24/09/2025,VIB,"19,850","19,850","20,500","20,500","19,500","19,955",650,3.27,11.27,225.07,0.00,0.00,11.27,225.07,"69,782.12"
234,23/09/2025,VIB,"19,750","19,900","19,850","20,050","19,700","19,903",100,0.51,7.49,148.99,0.00,0.00,7.49,148.99,"67,569.51"
235,22/09/2025,VIB,"20,300","20,150","19,750","20,300","19,500","19,861",-550,-2.71,16.04,318.03,0.00,0.00,16.04,318.03,"67,229.11"
236,19/09/2025,VIB,"20,550","20,600","20,300","20,600","20,100","20,306",-250,-1.22,8.38,170.01,1.83,38.35,10.20,208.36,"69,101.32"
237,18/09/2025,VIB,"20,650","20,800","20,550","20,850","20,250","20,456",-100,-0.48,7.86,160.61,0.19,4.03,8.05,164.64,"69,952.32"
238,17/09/2025,VIB,"21,050","21,050","20,650","21,200","20,600","20,862",-400,-1.90,11.16,232.51,0.00,0.00,11.16,232.51,"70,292.72"
239,16/09/2025,VIB,"21,450","21,550","21,050","21,700","21,000","21,274",-400,-1.86,24.49,520.56,0.00,0.00,24.49,520.56,"71,654.32"
240,15/09/2025,VIB,"21,250","21,400","21,450","21,650","21,100","21,320",200,0.94,11.20,238.80,0.00,0.00,11.20,238.80,"73,015.92"
241,12/09/2025,VIB,"21,000","21,100","21,250","21,350","20,900","21,159",250,1.19,8.41,178.05,0.00,0.00,8.41,178.05,"72,335.12"
242,11/09/2025,VIB,"20,900","20,900","21,000","21,050","20,100","20,570",100,0.48,11.14,229.09,1.12,24.03,12.25,253.13,"71,484.12"
243,10/09/2025,VIB,"21,050","21,100","20,900","21,200","20,700","20,891",-150,-0.71,8.74,182.61,17.53,355.33,26.27,537.94,"71,143.72"
244,09/09/2025,VIB,"21,000","20,950","21,050","21,150","20,600","20,862",50,0.24,10.44,217.90,0.30,6.49,10.74,224.38,"71,654.32"
245,08/09/2025,VIB,"22,250","21,900","21,000","22,100","21,000","21,509","-1,250",-5.62,23.18,498.09,5.12,116.37,28.29,614.46,"71,484.12"
246,05/09/2025,VIB,"22,950","23,200","22,250","23,250","22,250","22,727",-700,-3.05,17.33,392.97,0.30,7.09,17.63,400.07,"75,739.13"
247,04/09/2025,VIB,"22,650","22,750","22,950","23,450","22,750","23,027",300,1.32,18.32,421.95,0.08,1.76,18.40,423.71,"78,121.93"
248,03/09/2025,VIB,"22,600","22,600","22,650","22,700","22,100","22,434",50,0.22,12.39,277.85,0.20,4.66,12.59,282.50,"77,100.73"
249,29/08/2025,VIB,"22,150","22,450","22,600","23,000","22,150","22,599",450,2.03,19.81,447.65,21.96,462.11,41.77,909.76,"76,930.53"
250,28/08/2025,VIB,"22,350","22,400","22,150","22,450","21,950","22,176",-200,-0.89,16.46,364.74,0.40,9.21,16.86,373.94,"75,398.73"
251,27/08/2025,VIB,"22,750","22,750","22,350","23,300","22,350","22,689",-400,-1.76,21.03,477.54,0.24,5.65,21.28,483.19,"76,079.53"
252,26/08/2025,VIB,"21,950","22,000","22,750","22,750","21,650","22,159",800,3.64,24.67,546.78,0.00,0.00,24.67,546.78,"77,441.13"
253,25/08/2025,VIB,"23,600","23,850","21,950","24,300","21,950","22,660","-1,650",-6.99,42.07,946.36,0.75,17.75,42.82,964.11,"74,717.93"
254,22/08/2025,VIB,"23,400","24,500","23,600","24,800","22,050","23,541",200,0.85,62.49,"1,470.18",0.67,14.98,63.16,"1,485.17","80,334.53"
255,21/08/2025,VIB,"21,900","23,400","23,400","23,400","23,150","23,392","1,500",6.85,20.56,480.93,1.50,32.85,22.06,513.78,"79,653.73"
256,20/08/2025,VIB,"20,500","20,800","21,900","21,900","20,350","21,686","1,400",6.83,70.28,"1,529.87",0.15,3.28,70.43,"1,533.15","74,547.73"
257,19/08/2025,VIB,"20,100","20,100","20,500","20,600","20,100","20,383",400,1.99,18.16,370.27,0.03,0.60,18.19,370.87,"69,782.12"
258,18/08/2025,VIB,"20,350","20,500","20,100","20,500","20,000","20,170",-250,-1.23,10.07,203.06,0.00,0.00,10.07,203.06,"59,880.47"
259,15/08/2025,VIB,"20,450","20,650","20,350","20,850","20,100","20,463",-100,-0.49,20.24,413.89,0.00,0.00,20.24,413.89,"60,625.25"
260,14/08/2025,VIB,"19,950","20,250","20,450","20,650","19,950","20,377",500,2.51,23.97,488.18,0.00,0.00,23.97,488.18,"60,923.16"
261,13/08/2025,VIB,"19,900","20,050","19,950","20,100","19,550","19,771",50,0.25,19.01,376.93,2.28,46.99,21.30,423.92,"59,433.60"
262,12/08/2025,VIB,"20,300","20,500","19,900","20,500","19,750","20,025",-400,-1.97,16.54,331.30,0.92,18.76,17.47,350.06,"59,284.64"
263,11/08/2025,VIB,"20,250","20,450","20,300","20,850","20,250","20,537",50,0.25,15.13,310.85,0.30,5.66,15.43,316.50,"60,476.29"
264,08/08/2025,VIB,"19,550","19,750","20,250","20,500","19,750","20,118",700,3.58,26.05,524.33,0.00,0.00,26.05,524.33,"60,327.34"
265,07/08/2025,VIB,"19,500","19,600","19,550","19,600","19,250","19,449",50,0.26,18.68,363.46,1.47,29.29,20.15,392.75,"58,241.95"
266,06/08/2025,VIB,"19,300","19,500","19,500","19,600","19,300","19,454",200,1.04,11.13,216.48,0.00,0.00,11.13,216.48,"58,092.99"
267,05/08/2025,VIB,"19,350","19,550","19,300","20,100","18,000","19,668",-50,-0.26,28.67,564.41,3.90,76.05,32.57,640.46,"57,497.17"
268,04/08/2025,VIB,"19,000","19,000","19,350","19,350","18,750","19,030",350,1.84,11.49,219.29,0.25,4.70,11.74,223.99,"57,646.12"
269,01/08/2025,VIB,"19,400","19,550","19,000","19,600","18,400","19,251",-400,-2.06,30.98,597.16,0.00,0.00,30.98,597.16,"56,603.43"
270,31/07/2025,VIB,"19,350","19,500","19,400","19,700","19,250","19,442",50,0.26,21.20,411.84,2.32,46.26,23.51,458.11,"57,795.08"
271,30/07/2025,VIB,"18,550","18,700","19,350","19,500","18,650","19,083",800,4.31,34.14,651.58,3.82,72.54,37.96,724.12,"57,646.12"
272,29/07/2025,VIB,"18,850","19,050","18,550","19,550","18,500","19,118",-300,-1.59,43.17,825.60,13.00,240.50,56.17,"1,066.10","55,262.82"
273,28/07/2025,VIB,"18,400","18,500","18,850","18,900","18,500","18,708",450,2.45,30.40,567.94,0.00,0.00,30.40,567.94,"56,156.56"
274,25/07/2025,VIB,"18,350","18,450","18,400","18,550","18,200","18,336",50,0.27,20.59,377.34,0.00,0.00,20.59,377.34,"54,815.95"
275,24/07/2025,VIB,"17,800","18,000","18,350","18,550","17,950","18,270",550,3.09,25.85,472.11,0.08,1.25,25.92,473.35,"54,667.00"
276,23/07/2025,VIB,"17,400","17,550","17,800","17,850","17,400","17,610",400,2.30,21.08,371.43,0.00,0.00,21.08,371.43,"53,028.48"
277,22/07/2025,VIB,"17,350","17,350","17,400","17,450","17,250","17,352",50,0.29,14.39,249.64,0.00,0.00,14.39,249.64,"51,836.82"
278,21/07/2025,VIB,"17,100","17,200","17,350","17,500","17,050","17,271",250,1.46,16.03,277.07,0.13,1.99,16.15,279.06,"51,687.87"
279,18/07/2025,VIB,"17,050","17,050","17,100","17,250","17,000","17,090",50,0.29,11.83,202.25,0.00,0.00,11.83,202.25,"50,943.09"
280,17/07/2025,VIB,"16,950","17,150","17,050","17,250","17,000","17,150",100,0.59,11.97,205.26,0.30,5.43,12.27,210.69,"50,794.13"
281,16/07/2025,VIB,"19,350","19,350","19,300","19,400","19,250","19,312",-50,-0.26,14.33,276.76,0.10,1.83,14.43,278.59,"57,497.17"
282,15/07/2025,VIB,"19,400","19,400","19,350","19,550","19,350","19,430",-50,-0.26,15.58,302.70,2.90,56.64,18.48,359.34,"57,646.12"
283,14/07/2025,VIB,"19,350","19,400","19,400","19,550","19,050","19,349",50,0.26,7.76,150.15,1.13,22.59,8.89,172.75,"57,795.08"
284,11/07/2025,VIB,"19,100","19,150","19,350","19,450","19,050","19,252",250,1.31,12.53,241.20,0.00,0.00,12.53,241.20,"57,646.12"
285,10/07/2025,VIB,"19,150","19,250","19,100","19,250","19,000","19,104",-50,-0.26,5.47,104.56,0.20,3.58,5.67,108.14,"56,901.34"
286,09/07/2025,VIB,"18,800","18,900","19,150","19,250","18,850","19,046",350,1.86,13.80,263.07,3.67,71.68,17.47,334.75,"57,050.30"
287,08/07/2025,VIB,"18,700","18,850","18,800","18,900","18,700","18,797",100,0.53,6.77,127.24,0.00,0.00,6.77,127.24,"56,007.60"
288,07/07/2025,VIB,"18,400","18,550","18,700","18,800","18,450","18,647",300,1.63,10.38,193.35,3.60,70.17,13.97,263.52,"55,709.69"
289,04/07/2025,VIB,"18,350","18,450","18,400","18,450","18,300","18,390",50,0.27,4.32,79.51,0.00,0.00,4.32,79.51,"54,815.95"
290,03/07/2025,VIB,"18,300","18,350","18,350","18,600","18,300","18,447",50,0.27,9.12,168.20,4.40,79.64,13.52,247.84,"54,667.00"
291,02/07/2025,VIB,"18,300","18,350","18,300","18,350","18,200","18,287",0,0.00,4.36,79.71,0.00,0.00,4.36,79.71,"54,518.04"
292,01/07/2025,VIB,"18,300","18,350","18,300","18,400","18,200","18,324",0,0.00,4.00,73.33,0.00,0.00,4.00,73.33,"54,518.04"
293,30/06/2025,VIB,"18,100","18,150","18,300","18,350","18,100","18,189",200,1.10,7.14,129.94,4.40,79.64,11.54,209.58,"54,518.04"
294,27/06/2025,VIB,"18,100","18,250","18,100","18,250","18,050","18,126",0,0.00,2.95,53.48,0.00,0.00,2.95,53.48,"53,922.21"
295,26/06/2025,VIB,"18,200","18,300","18,100","18,300","18,050","18,109",-100,-0.55,2.28,41.28,0.00,0.00,2.28,41.28,"53,922.21"
296,25/06/2025,VIB,"18,150","18,200","18,200","18,400","18,150","18,254",50,0.28,7.12,129.92,0.00,0.00,7.12,129.92,"54,220.13"
297,24/06/2025,VIB,"18,000","18,100","18,150","18,250","18,050","18,125",150,0.83,7.12,129.08,0.50,8.50,7.62,137.58,"54,071.17"
298,23/06/2025,VIB,"18,100","18,000","18,000","18,100","17,950","18,013",-100,-0.55,3.76,67.72,0.53,8.94,4.29,76.66,"53,624.30"
299,20/06/2025,VIB,"18,000","18,050","18,100","18,250","17,950","18,120",100,0.56,5.66,102.54,0.00,0.00,5.66,102.54,"53,922.21"
300,19/06/2025,VIB,"18,050","18,050","18,000","18,100","17,950","18,017",-50,-0.28,4.91,88.41,0.00,0.00,4.91,88.41,"53,624.30"
301,18/06/2025,VIB,"18,200","18,300","18,050","18,350","18,000","18,157",-150,-0.82,7.54,136.86,0.00,0.00,7.54,136.86,"53,773.26"
302,17/06/2025,VIB,"18,300","18,400","18,200","18,400","18,100","18,233",-100,-0.55,4.25,77.56,1.32,23.53,5.58,101.09,"54,220.13"
303,16/06/2025,VIB,"17,900","17,900","18,300","18,300","17,900","18,081",400,2.23,6.36,115.03,0.00,0.00,6.36,115.03,"54,518.04"
304,13/06/2025,VIB,"18,000","17,950","17,900","18,250","17,850","17,929",-100,-0.56,6.51,117.14,0.70,13.34,7.21,130.48,"53,326.39"
305,12/06/2025,VIB,"17,800","17,950","18,000","18,000","17,850","17,952",200,1.12,3.50,62.87,0.00,0.00,3.50,62.87,"53,624.30"
306,11/06/2025,VIB,"17,850","17,850","17,800","17,950","17,750","17,827",-50,-0.28,2.22,39.53,0.05,0.84,2.26,40.36,"53,028.48"
307,10/06/2025,VIB,"17,850","18,000","17,850","18,050","17,850","17,924",0,0.00,2.18,39.06,0.00,0.00,2.18,39.06,"53,177.43"
308,09/06/2025,VIB,"17,850","17,850","17,850","17,950","17,800","17,870",0,0.00,2.08,37.16,0.00,0.00,2.08,37.16,"53,177.43"
309,06/06/2025,VIB,"18,000","17,950","17,850","18,050","17,850","17,919",-150,-0.83,3.31,59.30,4.88,93.60,8.19,152.90,"53,177.43"
310,05/06/2025,VIB,"18,100","18,050","18,000","18,200","18,000","18,037",-100,-0.55,3.91,70.60,0.00,0.00,3.91,70.60,"53,624.30"
311,04/06/2025,VIB,"18,100","18,150","18,100","18,200","18,050","18,078",0,0.00,4.55,82.43,0.00,0.00,4.55,82.43,"53,922.21"
312,03/06/2025,VIB,"18,050","18,150","18,100","18,200","18,000","18,096",50,0.28,4.98,90.00,0.00,0.00,4.98,90.00,"53,922.21"
313,02/06/2025,VIB,"17,900","17,900","18,050","18,100","17,800","17,943",150,0.84,3.05,54.80,0.00,0.00,3.05,54.80,"53,773.26"
314,30/05/2025,VIB,"18,300","18,250","17,900","18,400","17,900","18,050",-400,-2.19,7.60,137.10,0.00,0.00,7.60,137.10,"53,326.39"
315,29/05/2025,VIB,"18,450","18,500","18,300","18,550","18,300","18,403",-150,-0.81,3.60,66.31,0.00,0.00,3.60,66.31,"54,518.04"
316,28/05/2025,VIB,"18,650","18,650","18,450","18,800","18,400","18,543",-200,-1.07,4.09,75.89,0.00,0.00,4.09,75.89,"54,964.91"
317,27/05/2025,VIB,"18,250","18,300","18,650","18,750","18,300","18,597",400,2.19,12.31,229.07,1.95,36.99,14.26,266.06,"55,560.73"
318,26/05/2025,VIB,"18,200","18,250","18,250","18,300","17,900","18,144",50,0.27,4.41,79.97,0.00,0.00,4.41,79.97,"54,369.08"
319,23/05/2025,VIB,"18,150","18,150","18,200","18,300","18,150","18,189",50,0.28,3.96,72.06,2.22,42.18,6.18,114.24,"54,220.13"
320,22/05/2025,VIB,"18,200","18,200","18,150","18,350","18,100","18,230",-50,-0.27,5.52,100.63,0.00,0.00,5.52,100.63,"54,071.17"
321,21/05/2025,VIB,"18,200","18,400","18,200","18,400","18,150","18,268",0,0.00,5.51,100.69,0.00,0.00,5.51,100.69,"54,220.13"
322,20/05/2025,VIB,"18,000","18,000","18,200","18,300","18,000","18,177",200,1.11,4.49,81.62,0.00,0.00,4.49,81.62,"54,220.13"
323,19/05/2025,VIB,"18,300","18,300","18,000","18,400","18,000","18,182",-300,-1.64,5.94,107.85,1.37,25.99,7.31,133.84,"53,624.30"
324,16/05/2025,VIB,"18,750","18,550","18,300","18,650","18,200","18,431",-450,-2.40,6.05,111.57,0.39,7.24,6.44,118.81,"54,518.04"
325,15/05/2025,VIB,"18,350","18,450","18,750","18,750","18,300","18,539",400,2.18,9.44,175.10,0.02,0.39,9.46,175.49,"55,858.65"
326,14/05/2025,VIB,"18,050","18,050","18,350","18,400","18,000","18,115",300,1.66,6.58,119.32,3.50,64.75,10.08,184.07,"54,667.00"
327,13/05/2025,VIB,"18,000","18,100","18,050","18,100","17,850","17,981",50,0.28,4.12,74.11,0.00,0.00,4.12,74.11,"53,773.26"
328,12/05/2025,VIB,"17,550","17,550","18,000","18,000","17,550","17,816",450,2.56,7.47,132.99,0.00,0.00,7.47,132.99,"53,624.30"
329,09/05/2025,VIB,"17,600","17,550","17,550","17,600","17,400","17,527",-50,-0.28,3.02,52.91,1.20,21.60,4.22,74.51,"52,283.69"
330,08/05/2025,VIB,"17,450","17,450","17,600","17,650","17,300","17,449",150,0.86,5.04,87.96,0.00,0.00,5.04,87.96,"52,432.65"
331,07/05/2025,VIB,"17,500","17,450","17,450","17,500","17,350","17,413",-50,-0.29,2.85,49.57,2.33,41.99,5.18,91.56,"51,985.78"
332,06/05/2025,VIB,"17,550","17,550","17,500","17,650","17,500","17,572",-50,-0.28,4.16,73.03,0.00,0.00,4.16,73.03,"52,134.74"
333,05/05/2025,VIB,"17,350","17,550","17,550","17,550","17,350","17,425",200,1.15,3.04,52.93,0.00,0.00,3.04,52.93,"52,283.69"
334,29/04/2025,VIB,"17,350","17,550","17,350","17,550","17,350","17,423",0,0.00,1.98,34.57,0.16,2.84,2.15,37.42,"51,687.87"
335,28/04/2025,VIB,"17,350","17,550","17,350","17,600","17,350","17,422",0,0.00,2.03,35.42,0.00,0.00,2.03,35.42,"51,687.87"
336,25/04/2025,VIB,"17,650","17,600","17,350","17,650","17,300","17,403",-300,-1.70,8.74,152.19,2.50,44.25,11.24,196.44,"51,687.87"
337,24/04/2025,VIB,"17,650","17,600","17,650","17,800","17,550","17,644",0,0.00,2.37,41.86,0.00,0.00,2.37,41.86,"52,581.61"
338,23/04/2025,VIB,"17,500","17,700","17,650","17,800","17,650","17,693",150,0.86,3.56,62.97,2.58,45.41,6.14,108.38,"52,581.61"
339,22/04/2025,VIB,"17,650","17,500","17,500","17,800","16,600","17,288",-150,-0.85,6.13,106.02,0.00,0.00,6.13,106.02,"52,134.74"
340,21/04/2025,VIB,"18,300","18,350","18,350","18,500","18,300","18,389",50,0.27,5.76,105.86,0.08,1.47,5.84,107.33,"54,667.00"
341,18/04/2025,VIB,"18,000","18,150","18,300","18,450","18,150","18,351",300,1.67,4.87,89.38,0.00,0.00,4.87,89.38,"54,518.04"
342,17/04/2025,VIB,"18,200","18,200","18,000","18,400","17,900","18,076",-200,-1.10,8.92,161.17,0.50,9.50,9.42,170.67,"53,624.30"
343,16/04/2025,VIB,"18,450","18,450","18,200","18,550","18,200","18,356",-250,-1.36,5.11,93.88,0.00,0.00,5.11,93.88,"54,220.13"
344,15/04/2025,VIB,"18,750","18,550","18,450","18,750","18,350","18,518",-300,-1.60,7.08,131.11,0.50,9.50,7.58,140.61,"54,964.91"
345,14/04/2025,VIB,"18,650","18,650","18,750","18,800","18,550","18,688",100,0.54,5.91,110.53,0.10,1.87,6.01,112.40,"55,858.65"
346,11/04/2025,VIB,"18,100","18,800","18,650","18,800","18,200","18,482",550,3.04,16.42,303.52,0.00,0.00,16.42,303.52,"55,560.73"
347,10/04/2025,VIB,"16,950","18,100","18,100","18,100","18,100","18,099","1,150",6.78,0.65,11.68,0.00,0.00,0.65,11.68,"53,922.21"
348,09/04/2025,VIB,"17,400","16,300","16,950","18,100","16,300","17,254",-450,-2.59,12.08,208.44,0.00,0.00,12.08,208.44,"50,496.22"
349,08/04/2025,VIB,"18,700","18,000","17,400","18,050","17,400","17,491","-1,300",-6.95,10.87,190.16,0.03,0.54,10.90,190.70,"51,836.82"
350,04/04/2025,VIB,"18,600","17,850","18,700","18,700","17,400","18,093",100,0.54,21.90,396.20,0.46,9.16,22.36,405.37,"55,709.69"
351,03/04/2025,VIB,"19,950","19,300","18,600","19,550","18,600","19,053","-1,350",-6.77,31.99,609.49,0.00,0.00,31.99,609.49,"55,411.78"
352,02/04/2025,VIB,"20,000","20,100","19,950","20,200","19,950","20,125",-50,-0.25,9.67,194.64,0.46,9.32,10.13,203.96,"59,433.60"
353,01/04/2025,VIB,"19,850","20,000","20,000","20,050","19,850","19,948",150,0.76,5.84,116.52,0.00,0.00,5.84,116.52,"59,582.56"
354,31/03/2025,VIB,"19,800","19,700","19,850","19,850","19,600","19,739",50,0.25,5.21,102.82,2.32,47.30,7.53,150.12,"59,135.69"
355,28/03/2025,VIB,"20,000","20,000","19,800","20,000","19,750","19,882",-200,-1.00,6.62,131.63,0.07,1.25,6.69,132.88,"58,986.73"
356,27/03/2025,VIB,"19,950","19,950","20,000","20,100","19,900","19,982",50,0.25,4.55,90.91,0.30,6.00,4.85,96.91,"59,582.56"
357,26/03/2025,VIB,"20,050","20,150","19,950","20,200","19,950","20,043",-100,-0.50,8.92,178.72,6.78,132.76,15.69,311.48,"59,433.60"
358,25/03/2025,VIB,"19,950","20,050","20,050","20,350","19,900","20,085",100,0.50,14.17,284.56,0.30,6.02,14.47,290.58,"59,731.51"
359,24/03/2025,VIB,"20,300","20,300","19,950","20,350","19,550","19,973",-350,-1.72,25.18,502.85,21.10,404.90,46.28,907.75,"59,433.60"
360,21/03/2025,VIB,"20,400","20,450","20,300","20,500","20,300","20,391",-100,-0.49,4.43,90.23,0.93,18.58,5.35,108.81,"60,476.29"
361,20/03/2025,VIB,"20,500","20,650","20,400","20,650","20,350","20,436",-100,-0.49,7.56,154.39,0.00,0.00,7.56,154.39,"60,774.21"
362,19/03/2025,VIB,"20,400","20,350","20,500","20,600","20,300","20,403",100,0.49,9.84,200.83,0.30,6.13,10.14,206.96,"61,072.12"
363,18/03/2025,VIB,"20,500","20,700","20,400","20,700","20,350","20,509",-100,-0.49,4.85,99.39,16.00,320.00,20.85,419.39,"60,774.21"
364,17/03/2025,VIB,"20,350","20,500","20,500","20,750","20,350","20,510",150,0.74,7.72,158.40,1.58,31.76,9.30,190.16,"61,072.12"
365,14/03/2025,VIB,"20,300","20,300","20,350","20,400","20,200","20,309",50,0.25,5.33,108.26,0.14,2.95,5.47,111.21,"60,625.25"
366,13/03/2025,VIB,"20,500","20,500","20,300","20,600","20,150","20,362",-200,-0.98,15.74,320.43,0.30,6.07,16.04,326.50,"60,476.29"
367,12/03/2025,VIB,"20,800","21,000","20,500","21,000","20,500","20,671",-300,-1.44,12.81,264.81,0.08,1.61,12.89,266.42,"61,072.12"
368,11/03/2025,VIB,"20,950","20,850","20,800","20,900","20,700","20,789",-150,-0.72,8.86,184.29,0.30,6.17,9.16,190.46,"61,965.86"
369,10/03/2025,VIB,"20,950","21,100","20,950","21,200","20,900","21,024",0,0.00,15.16,318.82,2.20,46.60,17.36,365.42,"62,412.73"
370,07/03/2025,VIB,"20,950","20,900","20,950","21,200","20,800","20,963",0,0.00,12.61,264.41,0.72,15.02,13.33,279.43,"62,412.73"
371,06/03/2025,VIB,"21,000","21,000","20,950","21,000","20,650","20,847",-50,-0.24,13.19,274.99,0.00,0.00,13.19,274.99,"62,412.73"
372,05/03/2025,VIB,"21,100","21,250","21,000","21,400","21,000","21,169",-100,-0.47,20.97,444.01,143.23,"3,008.83",164.20,"3,452.84","62,561.68"
373,04/03/2025,VIB,"21,000","20,900","21,100","21,200","20,850","21,025",100,0.48,13.95,293.32,0.00,0.00,13.95,293.32,"62,859.60"
374,03/03/2025,VIB,"20,750","20,800","21,000","21,150","20,800","20,961",250,1.20,18.50,387.74,0.30,6.16,18.80,393.90,"62,561.68"
375,28/02/2025,VIB,"20,650","20,550","20,750","20,900","20,450","20,642",100,0.48,12.88,265.84,0.10,2.10,12.98,267.93,"61,816.90"
376,27/02/2025,VIB,"20,600","20,550","20,650","20,650","20,450","20,548",50,0.24,7.52,154.46,0.32,6.60,7.84,161.06,"61,518.99"
377,26/02/2025,VIB,"20,750","20,750","20,600","20,800","20,600","20,693",-150,-0.72,8.02,166.01,0.30,6.30,8.32,172.31,"61,370.03"
378,25/02/2025,VIB,"20,800","20,850","20,750","21,000","20,700","20,870",-50,-0.24,12.54,261.81,0.32,6.65,12.87,268.45,"61,816.90"
379,24/02/2025,VIB,"20,600","20,600","20,800","21,150","20,500","20,828",200,0.97,17.45,363.48,2.41,46.91,19.86,410.39,"61,965.86"
380,21/02/2025,VIB,"20,550","20,550","20,600","20,700","20,500","20,577",50,0.24,7.68,157.94,0.30,6.07,7.98,164.01,"61,370.03"
381,20/02/2025,VIB,"20,550","20,650","20,550","20,650","20,550","20,580",0,0.00,6.88,141.51,0.00,0.00,6.88,141.51,"61,221.08"
382,19/02/2025,VIB,"20,400","20,400","20,550","20,750","20,400","20,585",150,0.74,8.31,171.14,0.28,5.72,8.59,176.86,"61,221.08"
383,18/02/2025,VIB,"20,350","20,400","20,400","20,600","20,350","20,442",50,0.25,6.06,123.79,0.00,0.00,6.06,123.79,"60,774.21"
384,17/02/2025,VIB,"20,450","20,400","20,350","20,550","20,350","20,442",-100,-0.49,4.42,90.38,4.28,85.78,8.70,176.15,"60,625.25"
385,14/02/2025,VIB,"20,450","20,650","20,450","20,700","20,400","20,517",0,0.00,5.23,107.32,0.57,10.93,5.80,118.25,"60,923.16"
386,13/02/2025,VIB,"20,500","20,400","20,450","20,500","20,350","20,411",-50,-0.24,6.62,135.13,0.00,0.00,6.62,135.13,"60,923.16"
387,12/02/2025,VIB,"20,650","20,650","20,500","20,700","20,400","20,517",-150,-0.73,6.35,130.21,0.00,0.00,6.35,130.21,"61,072.12"
388,11/02/2025,VIB,"20,500","20,750","20,650","20,900","20,500","20,618",150,0.73,4.94,101.79,0.00,0.00,4.94,101.79,"61,518.99"
389,10/02/2025,VIB,"20,500","20,350","20,500","21,000","20,250","20,604",0,0.00,11.65,240.12,3.55,72.24,15.20,312.36,"61,072.12"
390,07/02/2025,VIB,"20,450","20,300","20,500","20,750","20,250","20,504",50,0.24,6.64,136.06,0.40,8.13,7.04,144.19,"61,072.12"
391,06/02/2025,VIB,"20,400","20,600","20,450","20,800","20,400","20,536",50,0.25,3.97,81.61,0.00,0.00,3.97,81.61,"60,923.16"
392,05/02/2025,VIB,"20,350","20,350","20,400","20,450","20,300","20,375",50,0.25,3.89,79.22,0.40,8.11,4.29,87.32,"60,774.21"
393,04/02/2025,VIB,"20,100","20,150","20,350","20,500","20,150","20,375",250,1.24,5.99,122.02,0.97,20.15,6.96,142.18,"60,625.25"
394,03/02/2025,VIB,"20,650","20,450","20,100","20,450","19,250","20,220",-550,-2.66,9.83,198.75,0.40,8.09,10.23,206.84,"59,880.47"
395,24/01/2025,VIB,"20,450","20,500","20,650","20,800","20,350","20,570",200,0.98,8.97,184.48,2.50,51.92,11.47,236.40,"61,518.99"
396,23/01/2025,VIB,"19,950","19,950","20,450","20,500","19,950","20,294",500,2.51,11.91,241.68,3.00,57.00,14.91,298.68,"60,923.16"
397,22/01/2025,VIB,"20,100","20,150","19,950","20,150","19,900","19,971",-150,-0.75,6.92,138.18,2.20,44.00,9.12,182.18,"59,433.60"
398,21/01/2025,VIB,"20,100","20,200","20,100","20,250","19,950","20,071",0,0.00,5.16,103.62,0.00,0.00,5.16,103.62,"59,880.47"
399,20/01/2025,VIB,"19,850","19,850","20,100","20,200","19,850","20,002",250,1.26,9.72,194.46,0.32,5.97,10.04,200.43,"59,880.47"
400,17/01/2025,VIB,"19,700","19,750","19,850","19,850","19,650","19,746",150,0.76,5.07,100.16,3.00,59.10,8.07,159.26,"59,135.69"
401,16/01/2025,VIB,"19,650","19,800","19,700","19,800","19,600","19,662",50,0.25,5.92,116.31,0.00,0.00,5.92,116.31,"58,688.82"
402,15/01/2025,VIB,"19,400","19,500","19,650","19,800","19,400","19,623",250,1.29,6.07,119.03,0.00,0.00,6.07,119.03,"58,539.86"
403,14/01/2025,VIB,"19,400","19,400","19,400","19,500","19,300","19,392",0,0.00,3.49,67.64,0.32,6.45,3.81,74.08,"57,795.08"
404,13/01/2025,VIB,"19,300","19,250","19,400","19,400","19,150","19,252",100,0.52,5.69,109.52,0.10,1.80,5.79,111.32,"57,795.08"
405,10/01/2025,VIB,"19,450","19,500","19,300","19,600","19,300","19,471",-150,-0.77,10.22,199.06,0.00,0.00,10.22,199.06,"57,497.17"
406,09/01/2025,VIB,"19,450","19,450","19,450","19,550","19,400","19,480",0,0.00,4.81,93.66,0.28,5.47,5.08,99.13,"57,944.04"
407,08/01/2025,VIB,"19,350","19,350","19,450","19,500","19,200","19,365",100,0.52,4.98,96.50,0.00,0.00,4.98,96.50,"57,944.04"
408,07/01/2025,VIB,"19,150","19,200","19,350","19,450","19,100","19,247",200,1.04,7.02,135.18,0.00,0.00,7.02,135.18,"57,646.12"
409,06/01/2025,VIB,"19,150","19,150","19,150","19,250","19,050","19,161",0,0.00,7.98,152.99,0.00,0.00,7.98,152.99,"57,050.30"
410,03/01/2025,VIB,"19,700","19,700","19,150","19,700","19,150","19,404",-550,-2.79,7.46,144.73,0.00,0.00,7.46,144.73,"57,050.30"
411,02/01/2025,VIB,"19,700","19,700","19,700","19,950","19,600","19,710",0,0.00,6.76,133.16,6.00,114.60,12.76,247.76,"58,688.82"
412,31/12/2024,VIB,"19,750","19,800","19,700","19,850","19,700","19,778",-50,-0.25,6.42,127.04,0.50,9.97,6.92,137.01,"58,688.82"
413,30/12/2024,VIB,"20,050","20,050","19,750","20,150","19,750","19,874",-300,-1.50,7.63,151.63,0.00,0.00,7.63,151.63,"58,837.77"
414,27/12/2024,VIB,"19,750","19,800","20,050","20,250","19,750","19,944",300,1.52,22.85,455.70,0.30,6.00,23.15,461.70,"59,731.51"
415,26/12/2024,VIB,"19,200","19,350","19,750","19,800","19,300","19,546",550,2.86,21.87,427.43,0.00,0.00,21.87,427.43,"58,837.77"
416,25/12/2024,VIB,"19,050","19,000","19,200","19,600","19,000","19,297",150,0.79,15.32,295.64,1.78,35.29,17.10,330.93,"57,199.25"
417,24/12/2024,VIB,"18,950","18,950","19,050","19,050","18,850","18,971",100,0.53,6.08,115.34,0.00,0.00,6.08,115.34,"56,752.38"
418,23/12/2024,VIB,"18,950","19,000","18,950","19,100","18,900","18,990",0,0.00,3.86,73.36,0.00,0.00,3.86,73.36,"56,454.47"
419,20/12/2024,VIB,"18,900","18,850","18,950","19,000","18,850","18,914",50,0.26,3.27,61.91,0.00,0.00,3.27,61.91,"56,454.47"
420,19/12/2024,VIB,"19,150","19,050","18,900","19,100","18,900","18,998",-250,-1.31,12.87,244.54,0.08,1.41,12.95,245.96,"56,305.52"
421,18/12/2024,VIB,"19,200","19,200","19,150","19,250","19,050","19,150",-50,-0.26,5.67,108.56,0.00,0.00,5.67,108.56,"57,050.30"
422,17/12/2024,VIB,"19,300","19,350","19,200","19,350","19,200","19,234",-100,-0.52,3.38,64.97,0.00,0.00,3.38,64.97,"57,199.25"
423,16/12/2024,VIB,"19,250","19,250","19,300","19,350","19,200","19,267",50,0.26,5.09,98.05,0.00,0.00,5.09,98.05,"57,497.17"
424,13/12/2024,VIB,"19,100","19,100","19,250","19,250","19,050","19,148",150,0.79,5.25,100.52,0.05,0.85,5.29,101.37,"57,348.21"
425,12/12/2024,VIB,"19,150","19,200","19,100","19,250","19,100","19,158",-50,-0.26,5.85,112.05,0.00,0.00,5.85,112.05,"56,901.34"
426,11/12/2024,VIB,"19,300","19,350","19,150","19,400","19,100","19,221",-150,-0.78,5.65,108.63,23.38,444.25,29.03,552.87,"57,050.30"
427,10/12/2024,VIB,"19,300","19,300","19,300","19,350","19,250","19,293",0,0.00,4.79,92.40,5.83,111.62,10.62,204.01,"57,497.17"
428,09/12/2024,VIB,"19,250","19,300","19,300","19,350","19,200","19,287",50,0.26,5.69,109.81,12.90,245.36,18.60,355.17,"57,497.17"
429,06/12/2024,VIB,"19,350","19,250","19,250","19,400","19,200","19,312",-100,-0.52,7.41,143.02,0.00,0.00,7.41,143.02,"57,348.21"
430,05/12/2024,VIB,"18,850","18,800","19,350","19,350","18,800","19,113",500,2.65,11.42,218.34,0.25,4.65,11.67,222.98,"57,646.12"
431,04/12/2024,VIB,"18,800","18,800","18,850","19,000","18,750","18,867",50,0.27,7.11,134.18,0.28,5.40,7.39,139.58,"56,156.56"
432,03/12/2024,VIB,"18,850","18,850","18,800","19,050","18,700","18,923",-50,-0.27,9.89,187.23,0.05,0.79,9.94,188.02,"56,007.60"
433,02/12/2024,VIB,"19,000","19,000","18,850","19,050","18,850","18,929",-150,-0.79,5.23,99.09,0.28,5.49,5.51,104.57,"56,156.56"
434,29/11/2024,VIB,"18,900","18,800","19,000","19,000","18,750","18,932",100,0.53,8.49,160.65,0.28,5.15,8.76,165.80,"56,603.43"
435,28/11/2024,VIB,"18,500","18,600","18,900","19,000","18,550","18,765",400,2.16,13.65,256.11,16.05,291.04,29.69,547.15,"56,305.52"
436,27/11/2024,VIB,"18,550","18,550","18,500","18,650","18,450","18,536",-50,-0.27,5.21,96.58,0.30,5.56,5.51,102.14,"55,113.86"
437,26/11/2024,VIB,"18,500","18,550","18,550","18,700","18,500","18,602",50,0.27,6.88,127.97,0.05,0.84,6.92,128.81,"55,262.82"
438,25/11/2024,VIB,"18,200","18,250","18,500","18,600","18,200","18,453",300,1.65,11.23,207.29,1.00,18.20,12.23,225.49,"55,113.86"
439,22/11/2024,VIB,"18,300","18,350","18,200","18,400","18,200","18,289",-100,-0.55,4.95,90.55,0.23,4.25,5.18,94.80,"54,220.13"
440,21/11/2024,VIB,"18,150","18,150","18,300","18,300","18,100","18,182",150,0.83,3.70,67.31,0.00,0.00,3.70,67.31,"54,518.04"
441,20/11/2024,VIB,"18,050","18,000","18,150","18,250","18,000","18,140",100,0.55,4.48,81.25,4.55,83.15,9.02,164.40,"54,071.17"
442,19/11/2024,VIB,"18,200","18,200","18,050","18,300","18,050","18,117",-150,-0.82,3.61,65.46,0.00,0.00,3.61,65.46,"53,773.26"
443,18/11/2024,VIB,"18,150","18,150","18,200","18,350","17,950","18,128",50,0.28,7.50,135.95,0.00,0.00,7.50,135.95,"54,220.13"
444,15/11/2024,VIB,"18,200","18,100","18,150","18,250","18,100","18,155",-50,-0.27,14.09,255.80,0.14,2.63,14.24,258.44,"54,071.17"
445,14/11/2024,VIB,"18,300","18,350","18,200","18,350","18,100","18,209",-100,-0.55,8.00,145.71,0.12,2.18,8.12,147.90,"54,220.13"
446,13/11/2024,VIB,"18,350","18,300","18,300","18,350","18,150","18,251",-50,-0.27,6.30,114.94,0.05,0.77,6.34,115.71,"54,518.04"
447,12/11/2024,VIB,"18,200","18,300","18,350","18,400","18,150","18,283",150,0.82,8.40,153.66,2.90,52.49,11.30,206.15,"54,667.00"
448,11/11/2024,VIB,"18,300","18,300","18,200","18,400","18,050","18,182",-100,-0.55,15.26,277.51,1.20,22.20,16.46,299.71,"54,220.13"
449,08/11/2024,VIB,"18,500","18,600","18,300","18,600","18,250","18,368",-200,-1.08,9.53,175.12,6.32,114.53,15.85,289.65,"54,518.04"
450,07/11/2024,VIB,"18,600","18,700","18,500","18,700","18,500","18,598",-100,-0.54,4.89,90.99,0.00,0.00,4.89,90.99,"55,113.86"
451,06/11/2024,VIB,"18,500","18,600","18,600","18,700","18,550","18,605",100,0.54,6.07,113.02,0.05,0.84,6.12,113.86,"55,411.78"
452,05/11/2024,VIB,"18,500","18,500","18,500","18,650","18,450","18,543",0,0.00,4.58,84.89,1.19,22.38,5.76,107.27,"55,113.86"
453,04/11/2024,VIB,"18,850","18,750","18,500","18,750","18,450","18,553",-350,-1.86,9.16,170.03,0.43,8.04,9.59,178.07,"55,113.86"
454,01/11/2024,VIB,"18,950","18,900","18,850","18,950","18,700","18,792",-100,-0.53,8.28,155.58,0.12,2.42,8.40,157.99,"56,156.56"
455,31/10/2024,VIB,"19,000","19,000","18,950","19,000","18,800","18,916",-50,-0.26,6.46,122.27,20.81,385.02,27.28,507.29,"56,454.47"
456,30/10/2024,VIB,"18,750","18,900","19,000","19,150","18,800","18,991",250,1.33,21.74,412.80,0.00,0.00,21.74,412.80,"56,603.43"
457,29/10/2024,VIB,"18,250","18,300","18,750","18,750","18,300","18,467",500,2.74,28.75,530.98,300.10,"5,401.95",328.85,"5,932.93","55,858.65"
458,28/10/2024,VIB,"18,250","18,350","18,250","18,500","18,200","18,352",0,0.00,14.48,265.75,21.00,357.00,35.48,622.75,"54,369.08"
459,25/10/2024,VIB,"18,500","18,650","18,250","18,700","18,250","18,454",-250,-1.35,18.18,335.58,0.10,1.90,18.29,337.48,"54,369.08"
460,24/10/2024,VIB,"18,700","18,750","18,500","18,900","18,500","18,690",-200,-1.07,10.84,202.60,0.00,0.00,10.84,202.60,"55,113.86"
461,23/10/2024,VIB,"18,750","18,750","18,700","18,900","18,400","18,561",-50,-0.27,24.23,449.64,0.10,1.92,24.33,451.56,"55,709.69"
462,22/10/2024,VIB,"19,200","19,200","18,750","19,200","18,600","18,970",-450,-2.34,25.44,482.67,0.00,0.00,25.44,482.67,"55,858.65"
463,21/10/2024,VIB,"19,500","19,400","19,200","19,500","19,150","19,307",-300,-1.54,11.02,212.82,0.00,0.00,11.02,212.82,"57,199.25"
464,18/10/2024,VIB,"19,350","19,450","19,500","19,850","19,400","19,610",150,0.78,29.94,587.10,0.00,0.00,29.94,587.10,"58,092.99"
465,17/10/2024,VIB,"19,150","19,150","19,350","19,400","18,950","19,210",200,1.04,13.63,261.90,0.00,0.00,13.63,261.90,"57,646.12"
466,16/10/2024,VIB,"19,200","19,150","19,150","19,250","19,050","19,141",-50,-0.26,6.30,120.59,0.45,8.89,6.75,129.48,"57,050.30"
467,15/10/2024,VIB,"19,050","19,050","19,200","19,350","19,050","19,216",150,0.79,10.96,210.69,0.70,12.99,11.67,223.67,"57,199.25"
468,14/10/2024,VIB,"19,100","19,200","19,050","19,250","19,000","19,092",-50,-0.26,7.51,143.38,0.56,11.05,8.08,154.43,"56,752.38"
469,11/10/2024,VIB,"19,100","19,100","19,100","19,200","19,000","19,093",0,0.00,6.39,121.97,0.00,0.00,6.39,121.97,"56,901.34"
470,10/10/2024,VIB,"19,200","19,300","19,100","19,450","19,100","19,282",-100,-0.52,17.53,337.94,0.41,7.96,17.93,345.90,"56,901.34"
471,09/10/2024,VIB,"19,200","19,250","19,200","19,350","19,150","19,235",0,0.00,12.38,238.22,0.00,0.00,12.38,238.22,"57,199.25"
472,08/10/2024,VIB,"19,200","19,250","19,200","19,500","19,200","19,314",0,0.00,10.32,199.36,0.00,0.00,10.32,199.36,"57,199.25"
473,07/10/2024,VIB,"19,250","19,400","19,200","19,450","19,200","19,288",-50,-0.26,6.66,128.54,0.60,11.66,7.26,140.20,"57,199.25"
474,04/10/2024,VIB,"19,250","19,250","19,250","19,400","19,150","19,275",0,0.00,10.34,199.39,0.05,0.96,10.39,200.35,"57,348.21"
475,03/10/2024,VIB,"19,550","19,600","19,250","19,950","19,250","19,615",-300,-1.53,25.25,495.22,1.05,20.20,26.30,515.42,"57,348.21"
476,02/10/2024,VIB,"19,800","19,750","19,550","19,750","19,550","19,647",-250,-1.26,8.37,164.36,0.00,0.00,8.37,164.36,"58,241.95"
477,01/10/2024,VIB,"19,300","19,350","19,800","20,000","19,250","19,590",500,2.59,33.16,649.54,0.84,16.19,34.00,665.74,"58,986.73"
478,30/09/2024,VIB,"19,350","19,350","19,300","19,450","19,200","19,298",-50,-0.26,9.58,184.89,0.00,0.00,9.58,184.89,"57,497.17"
479,27/09/2024,VIB,"19,400","19,450","19,350","19,550","19,200","19,395",-50,-0.26,17.25,334.65,0.00,0.00,17.25,334.65,"57,646.12"
480,26/09/2024,VIB,"19,450","19,450","19,400","19,650","19,250","19,418",-50,-0.26,19.83,385.03,0.00,0.00,19.83,385.03,"57,795.08"
481,25/09/2024,VIB,"19,100","19,100","19,450","19,450","18,950","19,197",350,1.83,15.48,297.09,0.00,0.00,15.48,297.09,"57,944.04"
482,24/09/2024,VIB,"18,500","18,500","19,100","19,100","18,250","18,580",600,3.24,19.07,354.24,148.00,"2,664.00",167.07,"3,018.24","56,901.34"
483,23/09/2024,VIB,"18,450","18,500","18,500","18,650","18,450","18,523",50,0.27,3.12,57.87,0.00,0.00,3.12,57.87,"55,113.86"
484,20/09/2024,VIB,"18,300","18,400","18,450","18,600","18,350","18,491",150,0.82,6.35,117.35,0.00,0.00,6.35,117.35,"54,964.91"
485,19/09/2024,VIB,"18,250","18,300","18,300","18,350","18,250","18,287",50,0.27,2.10,38.32,1.00,18.15,3.10,56.47,"54,518.04"
486,18/09/2024,VIB,"18,150","18,150","18,250","18,300","18,100","18,224",100,0.55,2.96,53.87,0.00,0.00,2.96,53.87,"54,369.08"
487,17/09/2024,VIB,"18,000","18,050","18,150","18,150","17,900","18,014",150,0.83,1.55,27.89,11.69,215.82,13.23,243.71,"54,071.17"
488,16/09/2024,VIB,"18,000","18,000","18,000","18,100","17,900","17,990",0,0.00,1.83,32.97,6.03,111.35,7.86,144.32,"53,624.30"
489,13/09/2024,VIB,"18,150","18,100","18,000","18,150","18,000","18,088",-150,-0.83,1.62,29.32,0.00,0.00,1.62,29.32,"53,624.30"
490,12/09/2024,VIB,"17,850","17,900","18,150","18,150","17,900","17,990",300,1.68,1.78,31.99,0.33,5.92,2.10,37.91,"54,071.17"
491,11/09/2024,VIB,"17,900","17,900","17,850","17,950","17,800","17,855",-50,-0.28,2.20,39.25,0.08,1.33,2.27,40.58,"53,177.43"
492,10/09/2024,VIB,"17,900","18,000","17,900","18,100","17,850","17,939",0,0.00,1.43,25.65,0.00,0.00,1.43,25.65,"53,326.39"
493,09/09/2024,VIB,"18,100","18,100","17,900","18,100","17,850","17,953",-200,-1.10,2.84,51.00,0.08,1.36,2.92,52.36,"53,326.39"
494,06/09/2024,VIB,"18,150","18,200","18,100","18,250","18,100","18,157",-50,-0.28,2.09,37.86,0.33,5.83,2.41,43.69,"53,922.21"
495,05/09/2024,VIB,"18,200","18,250","18,150","18,400","18,150","18,283",-50,-0.27,3.84,70.29,0.02,0.37,3.86,70.66,"54,071.17"
496,04/09/2024,VIB,"18,350","18,200","18,200","18,250","18,000","18,179",-150,-0.82,2.12,38.61,5.71,105.46,7.83,144.07,"54,220.13"
497,30/08/2024,VIB,"18,300","18,300","18,350","18,400","18,300","18,340",50,0.27,2.40,43.98,0.00,0.00,2.40,43.98,"46,550.42"
498,29/08/2024,VIB,"18,300","18,350","18,300","18,450","18,300","18,377",0,0.00,3.75,68.83,0.00,0.00,3.75,68.83,"46,423.58"
499,28/08/2024,VIB,"18,300","18,300","18,300","18,400","18,200","18,277",0,0.00,2.30,42.05,0.02,0.36,2.32,42.41,"46,423.58"
500,27/08/2024,VIB,"18,350","18,400","18,300","18,400","18,300","18,332",-50,-0.27,3.45,63.19,0.00,0.00,3.45,63.19,"46,423.58"
501,26/08/2024,VIB,"18,400","18,500","18,350","18,500","18,350","18,417",-50,-0.27,3.19,58.68,0.00,0.00,3.19,58.68,"46,550.42"
502,23/08/2024,VIB,"18,400","18,400","18,400","18,450","18,300","18,395",0,0.00,4.07,74.83,1.03,18.86,5.09,93.69,"46,677.26"
503,22/08/2024,VIB,"18,250","18,650","18,400","18,700","18,400","18,531",150,0.82,8.30,153.77,0.00,0.00,8.30,153.77,"46,677.26"
504,21/08/2024,VIB,"21,400","21,400","21,350","21,450","21,200","21,318",-50,-0.23,7.07,150.66,16.29,350.18,23.36,500.84,"54,160.84"
505,20/08/2024,VIB,"21,500","21,500","21,400","21,550","21,300","21,436",-100,-0.47,4.03,86.47,0.20,4.44,4.23,90.91,"54,287.68"
506,19/08/2024,VIB,"21,150","21,200","21,500","21,650","21,200","21,475",350,1.65,4.64,99.68,1.20,25.22,5.84,124.90,"54,541.36"
507,16/08/2024,VIB,"20,800","20,750","21,150","21,200","20,750","21,088",350,1.68,4.17,88.04,0.00,0.00,4.17,88.04,"53,653.48"
508,15/08/2024,VIB,"20,600","20,650","20,800","20,800","20,600","20,695",200,0.97,2.12,43.84,0.00,0.00,2.12,43.84,"52,765.60"
509,14/08/2024,VIB,"20,550","20,650","20,600","20,750","20,600","20,633",50,0.24,1.55,31.91,0.00,0.00,1.55,31.91,"52,258.24"
510,13/08/2024,VIB,"20,800","20,700","20,550","21,000","20,550","20,701",-250,-1.20,4.89,101.23,0.00,0.00,4.89,101.23,"52,131.39"
511,12/08/2024,VIB,"20,900","20,850","20,800","20,900","20,650","20,756",-100,-0.48,2.39,49.65,0.00,0.00,2.39,49.65,"52,765.60"
512,09/08/2024,VIB,"20,650","20,850","20,900","20,900","20,700","20,845",250,1.21,2.13,44.37,0.00,0.00,2.13,44.37,"53,019.28"
513,08/08/2024,VIB,"20,650","20,550","20,650","21,000","20,550","20,805",0,0.00,2.59,53.86,0.00,0.00,2.59,53.86,"52,385.08"
514,07/08/2024,VIB,"20,800","20,900","20,650","20,900","20,500","20,681",-150,-0.72,1.52,31.35,0.54,11.07,2.05,42.42,"52,385.08"
515,06/08/2024,VIB,"20,250","20,550","20,800","20,800","20,350","20,561",550,2.72,2.71,55.75,0.04,0.74,2.75,56.49,"52,765.60"
516,05/08/2024,VIB,"21,100","20,700","20,250","20,900","20,200","20,524",-850,-4.03,6.98,143.24,0.54,11.13,7.51,154.37,"51,370.35"
517,02/08/2024,VIB,"20,700","20,600","21,100","21,100","20,450","20,696",400,1.93,4.31,89.23,0.00,0.00,4.31,89.23,"53,526.64"
518,01/08/2024,VIB,"21,200","21,300","20,700","21,350","20,650","20,980",-500,-2.36,4.22,88.49,0.00,0.00,4.22,88.49,"52,511.92"
519,31/07/2024,VIB,"20,600","20,600","21,200","21,200","20,550","20,767",600,2.91,5.40,112.12,0.02,0.41,5.42,112.53,"53,780.32"
520,30/07/2024,VIB,"20,900","20,950","20,600","20,950","20,500","20,703",-300,-1.44,3.73,77.22,0.00,0.00,3.73,77.22,"52,258.24"
521,29/07/2024,VIB,"20,900","21,000","20,900","21,100","20,900","20,960",0,0.00,1.87,39.17,0.00,0.00,1.87,39.17,"53,019.28"
522,26/07/2024,VIB,"20,800","20,900","20,900","21,000","20,800","20,869",100,0.48,1.46,30.55,0.00,0.00,1.46,30.55,"53,019.28"
523,25/07/2024,VIB,"21,000","21,000","20,800","21,050","20,800","20,865",-200,-0.95,2.79,58.22,0.00,0.00,2.79,58.22,"52,765.60"
524,24/07/2024,VIB,"21,100","21,100","21,000","21,200","20,850","21,039",-100,-0.47,3.43,72.09,0.00,0.00,3.43,72.09,"53,272.96"
525,23/07/2024,VIB,"21,350","21,450","21,100","21,500","21,100","21,299",-250,-1.17,3.95,84.09,0.00,0.00,3.95,84.09,"53,526.64"
526,22/07/2024,VIB,"21,450","21,450","21,350","21,800","21,250","21,447",-100,-0.47,5.10,109.35,0.00,0.00,5.10,109.35,"54,160.84"
527,19/07/2024,VIB,"21,550","21,550","21,450","21,850","21,400","21,556",-100,-0.46,4.83,104.08,0.00,0.00,4.83,104.08,"54,414.52"
528,18/07/2024,VIB,"21,600","21,650","21,550","21,850","21,450","21,634",-50,-0.23,3.56,77.09,0.00,0.00,3.56,77.09,"54,668.20"
529,17/07/2024,VIB,"21,300","21,450","21,600","22,200","21,400","21,716",300,1.41,8.68,188.50,0.00,0.00,8.68,188.50,"54,795.04"
530,16/07/2024,VIB,"21,300","21,300","21,300","21,650","21,300","21,484",0,0.00,3.17,68.16,0.00,0.00,3.17,68.16,"54,034.00"
531,15/07/2024,VIB,"21,300","21,350","21,300","21,450","21,200","21,332",0,0.00,1.47,31.25,0.00,0.00,1.47,31.25,"54,034.00"
532,12/07/2024,VIB,"21,300","21,300","21,300","21,450","21,250","21,323",0,0.00,1.45,30.99,0.00,0.00,1.45,30.99,"54,034.00"
533,11/07/2024,VIB,"21,350","21,500","21,300","21,550","21,300","21,427",-50,-0.23,2.65,56.88,0.00,0.00,2.65,56.88,"54,034.00"
534,10/07/2024,VIB,"21,400","21,450","21,350","21,650","21,350","21,468",-50,-0.23,3.29,70.67,0.00,0.00,3.29,70.67,"54,160.84"
535,09/07/2024,VIB,"21,300","21,350","21,400","21,500","21,250","21,379",100,0.47,4.02,85.88,0.00,0.00,4.02,85.88,"54,287.68"
536,08/07/2024,VIB,"21,200","21,200","21,300","21,400","21,150","21,299",100,0.47,2.20,46.80,0.00,0.00,2.20,46.80,"54,034.00"
537,05/07/2024,VIB,"21,250","21,250","21,200","21,250","21,000","21,126",-50,-0.24,2.94,62.06,0.00,0.00,2.94,62.06,"53,780.32"
538,04/07/2024,VIB,"21,350","21,300","21,250","21,500","21,150","21,316",-100,-0.47,2.95,62.89,0.00,0.00,2.95,62.89,"53,907.16"
539,03/07/2024,VIB,"21,400","21,450","21,350","21,500","21,300","21,347",-50,-0.23,2.53,54.09,0.00,0.00,2.53,54.09,"54,160.84"
540,02/07/2024,VIB,"21,200","21,200","21,400","21,500","21,200","21,356",200,0.94,2.32,49.47,0.00,0.00,2.32,49.47,"54,287.68"
541,01/07/2024,VIB,"21,000","20,900","21,200","21,200","20,900","21,008",200,0.95,2.13,44.75,0.00,0.00,2.13,44.75,"53,780.32"
542,28/06/2024,VIB,"21,150","21,250","21,000","21,250","21,000","21,106",-150,-0.71,2.78,58.69,0.00,0.00,2.78,58.69,"53,272.96"
543,27/06/2024,VIB,"21,250","21,200","21,150","21,350","21,100","21,171",-100,-0.47,3.01,63.71,0.00,0.00,3.01,63.71,"53,653.48"
544,26/06/2024,VIB,"21,300","21,350","21,250","21,450","21,150","21,261",-50,-0.23,2.59,55.02,4.45,91.45,7.04,146.47,"53,907.16"
545,25/06/2024,VIB,"21,300","21,500","21,300","21,500","21,150","21,288",0,0.00,3.24,68.93,2.59,54.30,5.82,123.23,"54,034.00"
546,24/06/2024,VIB,"21,800","21,700","21,300","21,800","21,300","21,473",-500,-2.29,7.87,169.03,14.29,300.18,22.17,469.22,"54,034.00"
547,21/06/2024,VIB,"22,000","22,000","21,800","22,000","21,800","21,882",-200,-0.91,3.60,78.87,0.00,0.00,3.60,78.87,"55,302.40"
548,20/06/2024,VIB,"22,000","22,000","22,000","22,100","21,850","21,978",0,0.00,3.56,78.30,0.00,0.00,3.56,78.30,"55,809.77"
549,19/06/2024,VIB,"22,050","22,250","22,000","22,250","21,900","22,030",-50,-0.23,4.36,96.05,0.00,0.00,4.36,96.05,"55,809.77"
550,18/06/2024,VIB,"22,050","22,150","22,050","22,300","22,050","22,151",0,0.00,3.48,76.99,2.80,58.80,6.28,135.79,"55,936.61"
551,17/06/2024,VIB,"22,500","22,400","22,050","22,500","22,050","22,191",-450,-2.00,7.55,167.49,0.00,0.00,7.55,167.49,"55,936.61"
552,14/06/2024,VIB,"22,900","23,050","22,500","23,050","22,500","22,775",-400,-1.75,6.67,151.91,18.18,399.96,24.85,551.87,"57,078.17"
553,13/06/2024,VIB,"22,950","23,000","22,900","23,100","22,800","22,943",-50,-0.22,7.72,177.01,0.00,0.00,7.72,177.01,"58,092.89"
554,12/06/2024,VIB,"22,900","22,850","22,950","23,000","22,650","22,754",50,0.22,5.26,119.60,0.00,0.00,5.26,119.60,"58,219.73"
555,11/06/2024,VIB,"22,550","22,600","22,900","23,150","22,600","22,891",350,1.55,8.51,194.71,0.00,0.00,8.51,194.71,"58,092.89"
556,10/06/2024,VIB,"22,400","22,400","22,550","22,550","22,200","22,374",150,0.67,5.27,117.90,0.00,0.00,5.27,117.90,"57,205.01"
557,07/06/2024,VIB,"22,400","22,600","22,400","22,650","22,300","22,424",0,0.00,2.83,63.49,14.84,314.40,17.67,377.89,"56,824.49"
558,06/06/2024,VIB,"22,400","22,600","22,400","22,600","22,300","22,463",0,0.00,3.67,82.40,0.00,0.00,3.67,82.40,"56,824.49"
559,05/06/2024,VIB,"22,400","22,500","22,400","22,800","22,400","22,592",0,0.00,7.85,177.39,1.40,29.50,9.26,206.88,"56,824.49"
560,04/06/2024,VIB,"22,300","22,400","22,400","22,500","22,250","22,326",100,0.45,3.48,77.61,0.00,0.00,3.48,77.61,"56,824.49"
561,03/06/2024,VIB,"21,750","21,850","22,300","22,450","21,850","22,195",550,2.53,4.75,105.45,0.18,4.03,4.93,109.48,"56,570.81"
562,31/05/2024,VIB,"22,000","22,000","21,750","22,000","21,750","21,874",-250,-1.14,3.13,68.44,0.16,3.44,3.29,71.88,"55,175.56"
563,30/05/2024,VIB,"21,900","21,850","22,000","22,000","21,600","21,741",100,0.46,5.83,126.79,0.00,0.00,5.83,126.79,"55,809.77"
564,29/05/2024,VIB,"22,300","22,350","21,900","22,450","21,900","22,220",-400,-1.79,5.54,123.08,17.50,380.30,23.04,503.38,"55,556.08"
565,28/05/2024,VIB,"22,000","22,300","22,300","22,300","22,000","22,112",300,1.36,4.02,88.88,44.22,963.75,48.24,"1,052.64","56,570.81"
566,27/05/2024,VIB,"22,000","22,050","22,000","22,150","21,850","21,972",0,0.00,3.45,75.79,22.14,469.44,25.59,545.23,"55,809.77"
567,24/05/2024,VIB,"22,250","22,000","22,000","22,700","21,800","22,180",-250,-1.12,14.93,331.25,10.00,210.00,24.93,541.25,"55,809.77"
568,23/05/2024,VIB,"22,200","22,100","22,250","22,250","22,000","22,129",50,0.23,3.62,80.11,10.20,215.45,13.82,295.56,"56,443.97"
569,22/05/2024,VIB,"22,600","22,600","22,200","22,750","22,200","22,429",-400,-1.77,6.63,148.60,15.56,328.40,22.19,477.00,"56,317.13"
570,21/05/2024,VIB,"22,500","22,650","22,600","22,650","22,200","22,374",100,0.44,7.29,163.06,18.92,406.24,26.21,569.30,"57,331.85"
571,20/05/2024,VIB,"22,300","22,600","22,500","22,650","22,400","22,525",200,0.90,7.44,167.57,15.00,315.00,22.44,482.57,"57,078.17"
572,17/05/2024,VIB,"22,300","22,300","22,300","22,400","22,200","22,277",0,0.00,4.33,96.40,0.00,0.00,4.33,96.40,"56,570.81"
573,16/05/2024,VIB,"21,850","22,200","22,300","22,350","22,100","22,215",450,2.06,9.18,203.84,1.40,30.10,10.58,233.94,"56,570.81"
574,15/05/2024,VIB,"21,750","22,050","21,850","22,050","21,750","21,905",100,0.46,3.36,73.63,1.95,41.70,5.31,115.33,"55,429.24"
575,14/05/2024,VIB,"21,350","21,600","21,750","22,200","21,400","21,869",400,1.87,6.94,151.73,0.06,1.12,6.99,152.85,"55,175.56"
576,13/05/2024,VIB,"21,550","21,550","21,350","21,650","21,300","21,464",-200,-0.93,3.64,78.02,1.00,22.50,4.64,100.52,"54,160.84"
577,10/05/2024,VIB,"21,600","21,600","21,550","21,600","21,450","21,503",-50,-0.23,2.71,58.36,0.00,0.00,2.71,58.36,"54,668.20"
578,09/05/2024,VIB,"21,550","21,600","21,600","21,750","21,400","21,548",50,0.23,3.08,66.36,0.04,0.82,3.12,67.18,"54,795.04"
579,08/05/2024,VIB,"21,700","21,500","21,550","21,650","21,350","21,500",-150,-0.69,4.43,95.33,19.70,413.70,24.13,509.03,"54,668.20"
580,07/05/2024,VIB,"21,700","21,850","21,700","21,900","21,550","21,690",0,0.00,2.61,56.58,0.00,0.00,2.61,56.58,"55,048.72"
581,06/05/2024,VIB,"21,200","21,400","21,700","21,750","21,350","21,609",500,2.36,4.44,95.96,19.58,411.18,24.02,507.14,"55,048.72"
582,03/05/2024,VIB,"21,400","21,500","21,200","21,750","21,200","21,326",-200,-0.93,5.63,119.99,0.00,0.00,5.63,119.99,"53,780.32"
583,02/05/2024,VIB,"21,100","21,050","21,400","21,450","21,000","21,256",300,1.42,3.17,67.36,0.00,0.00,3.17,67.36,"54,287.68"
584,26/04/2024,VIB,"21,150","20,900","21,100","21,300","20,900","21,110",-50,-0.24,2.91,61.36,0.00,0.00,2.91,61.36,"53,526.64"
585,25/04/2024,VIB,"21,400","21,400","21,150","21,500","21,050","21,234",-250,-1.17,3.79,80.54,0.00,0.00,3.79,80.54,"53,653.48"
586,24/04/2024,VIB,"21,000","21,100","21,400","21,600","21,100","21,391",400,1.90,4.44,95.05,16.65,349.65,21.09,444.70,"54,287.68"
587,23/04/2024,VIB,"21,200","21,200","21,000","21,550","20,800","21,128",-200,-0.94,6.48,136.84,1.45,29.73,7.93,166.56,"53,272.96"
588,22/04/2024,VIB,"21,100","21,150","21,200","21,400","21,100","21,222",100,0.47,5.87,124.57,0.00,0.00,5.87,124.57,"53,780.32"
589,19/04/2024,VIB,"21,500","21,000","21,100","21,500","20,950","21,121",-400,-1.86,8.95,189.04,0.00,0.00,8.95,189.04,"53,526.64"
590,17/04/2024,VIB,"21,900","22,300","21,500","22,350","21,500","21,967",-400,-1.83,7.52,165.14,0.00,0.00,7.52,165.14,"54,541.36"
591,16/04/2024,VIB,"22,500","22,600","22,550","23,000","22,000","22,519",50,0.22,9.41,211.86,0.25,5.96,9.66,217.82,"57,205.01"
592,15/04/2024,VIB,"23,600","23,600","22,500","23,800","22,450","23,223","-1,100",-4.66,11.38,264.27,0.00,0.00,11.38,264.27,"57,078.17"
593,12/04/2024,VIB,"22,900","23,100","23,600","23,600","22,850","23,289",700,3.06,9.06,210.95,0.00,0.00,9.06,210.95,"59,868.66"
594,11/04/2024,VIB,"22,900","22,800","22,900","22,900","22,600","22,816",0,0.00,4.59,104.63,0.00,0.00,4.59,104.63,"58,092.89"
595,10/04/2024,VIB,"23,050","23,250","22,900","23,250","22,900","23,093",-150,-0.65,6.59,152.28,0.00,0.00,6.59,152.28,"58,092.89"
596,09/04/2024,VIB,"22,700","22,700","23,050","23,100","22,650","22,830",350,1.54,5.83,133.17,25.30,556.60,31.13,689.77,"58,473.41"
597,08/04/2024,VIB,"22,700","22,700","22,700","22,850","22,550","22,734",0,0.00,8.40,190.97,0.00,0.00,8.40,190.97,"57,585.53"
598,05/04/2024,VIB,"23,200","22,900","22,700","23,050","22,600","22,886",-500,-2.16,7.37,168.69,0.10,2.42,7.47,171.11,"57,585.53"
599,04/04/2024,VIB,"23,550","23,550","23,200","23,700","23,200","23,403",-350,-1.49,7.72,180.63,0.00,0.00,7.72,180.63,"58,853.93"
600,03/04/2024,VIB,"24,100","24,100","23,550","24,100","23,500","23,788",-550,-2.28,8.77,208.64,3.02,72.48,11.79,281.12,"59,741.82"
601,02/04/2024,VIB,"24,300","24,050","24,100","24,300","23,550","23,909",-200,-0.82,11.61,277.59,3.68,88.32,15.29,365.91,"61,137.06"
602,01/04/2024,VIB,"24,600","24,400","24,300","24,600","23,950","24,278",-300,-1.22,5.85,142.10,3.10,74.40,8.95,216.50,"61,644.42"
603,29/03/2024,VIB,"24,250","24,250","24,600","25,000","24,000","24,511",350,1.44,6.18,151.47,3.87,92.94,10.05,244.41,"62,405.47"
604,28/03/2024,VIB,"24,200","24,500","24,250","24,750","23,950","24,254",50,0.21,8.01,194.35,3.20,76.80,11.21,271.15,"61,517.58"
605,27/03/2024,VIB,"24,350","24,350","24,200","24,350","23,950","24,116",-150,-0.62,5.55,133.86,3.99,95.96,9.54,229.82,"61,390.74"
606,26/03/2024,VIB,"23,950","23,900","24,350","24,400","23,850","24,150",400,1.67,5.06,122.11,3.51,84.12,8.56,206.22,"61,771.26"
607,25/03/2024,VIB,"24,200","24,150","23,950","24,750","23,650","24,269",-250,-1.03,7.52,182.39,0.58,14.23,8.09,196.62,"60,756.54"
608,22/03/2024,VIB,"24,300","24,300","24,200","24,650","23,800","24,132",-100,-0.41,9.23,222.66,4.09,98.38,13.32,321.05,"61,390.74"
609,21/03/2024,VIB,"23,600","23,900","24,300","24,400","23,650","24,006",700,2.97,9.92,238.19,0.16,3.71,10.08,241.90,"61,644.42"
610,20/03/2024,VIB,"22,100","22,350","23,600","23,600","22,000","23,281","1,500",6.79,27.15,632.14,0.19,4.28,27.35,636.42,"59,868.66"
611,19/03/2024,VIB,"22,250","22,250","22,100","22,350","21,900","22,093",-150,-0.67,3.97,87.81,0.06,1.18,4.03,88.99,"56,063.45"
612,18/03/2024,VIB,"22,500","22,750","22,250","22,750","21,750","22,173",-250,-1.11,6.28,139.31,0.00,0.00,6.28,139.31,"56,443.97"
613,15/03/2024,VIB,"21,700","21,850","22,500","22,600","21,700","22,131",800,3.69,8.53,188.69,0.00,0.00,8.53,188.69,"57,078.17"
614,14/03/2024,VIB,"22,050","22,150","21,700","22,150","21,600","21,879",-350,-1.59,3.86,84.43,0.00,0.00,3.86,84.43,"55,048.72"
615,13/03/2024,VIB,"21,300","21,500","22,050","22,100","21,250","21,710",750,3.52,4.03,87.44,0.06,1.19,4.09,88.63,"55,936.61"
616,12/03/2024,VIB,"21,300","21,400","21,300","21,400","21,200","21,301",0,0.00,3.52,74.87,0.00,0.00,3.52,74.87,"54,034.00"
617,11/03/2024,VIB,"21,550","21,550","21,300","21,650","21,300","21,481",-250,-1.16,3.39,72.75,0.00,0.00,3.39,72.75,"54,034.00"
618,08/03/2024,VIB,"21,850","21,950","21,550","22,000","21,550","21,679",-300,-1.37,7.43,161.09,0.00,0.00,7.43,161.09,"54,668.20"
619,07/03/2024,VIB,"21,900","21,950","21,850","21,950","21,750","21,834",-50,-0.23,5.71,124.61,0.00,0.00,5.71,124.61,"55,429.24"
620,06/03/2024,VIB,"22,100","22,200","21,900","22,350","21,850","22,104",-200,-0.90,5.29,117.01,0.00,0.00,5.29,117.01,"55,556.08"
621,05/03/2024,VIB,"22,000","22,000","22,100","22,100","21,800","21,942",100,0.45,3.31,72.56,0.00,0.00,3.31,72.56,"56,063.45"
622,04/03/2024,VIB,"21,900","22,000","22,000","22,150","21,600","21,925",100,0.46,7.38,161.86,0.52,10.61,7.90,172.47,"55,809.77"
623,01/03/2024,VIB,"21,900","21,850","21,900","21,900","21,550","21,763",0,0.00,4.83,105.10,0.02,0.45,4.85,105.55,"55,556.08"
624,29/02/2024,VIB,"22,100","22,400","21,900","22,400","21,800","22,042",-200,-0.90,6.36,140.24,0.02,0.45,6.38,140.69,"55,556.08"
625,28/02/2024,VIB,"21,950","22,050","22,100","22,150","21,850","21,974",150,0.68,4.68,102.76,0.10,2.26,4.78,105.02,"56,063.45"
626,27/02/2024,VIB,"21,950","22,000","21,950","22,000","21,750","21,862",0,0.00,4.72,103.17,1.81,39.78,6.53,142.95,"55,682.93"
627,26/02/2024,VIB,"22,000","21,900","21,950","22,000","21,650","21,792",-50,-0.23,4.29,93.43,0.03,0.68,4.32,94.11,"55,682.93"
628,23/02/2024,VIB,"22,500","22,500","22,000","22,750","21,900","22,430",-500,-2.22,14.81,332.16,0.00,0.00,14.81,332.16,"55,809.77"
629,22/02/2024,VIB,"22,300","22,400","22,500","22,500","22,200","22,370",200,0.90,4.24,94.76,0.00,0.00,4.24,94.76,"57,078.17"
630,21/02/2024,VIB,"22,200","22,500","22,300","22,550","22,200","22,380",100,0.45,5.64,126.22,0.00,0.00,5.64,126.22,"56,570.81"
631,20/02/2024,VIB,"22,000","22,050","22,200","22,550","21,900","22,194",200,0.91,6.74,149.58,0.00,0.00,6.74,149.58,"56,317.13"
632,19/02/2024,VIB,"22,100","22,200","22,000","22,200","21,750","21,944",-100,-0.45,7.48,164.03,0.02,0.43,7.50,164.47,"55,809.77"
633,16/02/2024,VIB,"22,100","22,300","22,100","22,300","21,850","22,042",0,0.00,5.23,115.24,0.96,21.81,6.19,137.05,"56,063.45"
634,15/02/2024,VIB,"21,700","22,000","22,100","22,350","21,900","22,187",400,1.84,14.54,322.66,0.00,0.00,14.54,322.66,"56,063.45"
635,07/02/2024,VIB,"21,400","21,600","21,700","21,700","21,400","21,539",300,1.40,11.24,242.12,0.76,16.64,12.00,258.76,"55,048.72"
636,06/02/2024,VIB,"21,200","21,500","21,400","21,900","21,300","21,494",200,0.94,7.38,158.72,0.17,3.50,7.55,162.22,"54,287.68"
637,05/02/2024,VIB,"20,250","20,350","21,200","21,300","20,300","20,917",950,4.69,10.21,213.55,2.59,53.26,12.80,266.81,"53,780.32"
638,02/02/2024,VIB,"20,650","20,600","20,250","20,650","20,250","20,337",-400,-1.94,7.52,153.02,0.00,0.00,7.52,153.02,"51,370.35"
639,01/02/2024,VIB,"20,750","20,750","20,650","20,800","20,450","20,575",-100,-0.48,4.25,87.46,0.10,2.00,4.35,89.46,"52,385.08"
640,31/01/2024,VIB,"20,900","21,000","20,750","21,050","20,550","20,815",-150,-0.72,5.76,119.84,0.00,0.00,5.76,119.84,"52,638.76"
641,30/01/2024,VIB,"20,800","20,850","20,900","20,900","20,600","20,745",100,0.48,3.59,74.57,0.00,0.00,3.59,74.57,"53,019.28"
642,29/01/2024,VIB,"20,800","20,850","20,800","20,900","20,700","20,802",0,0.00,2.18,45.26,0.00,0.00,2.18,45.26,"52,765.60"
643,26/01/2024,VIB,"20,600","20,650","20,800","20,850","20,650","20,749",200,0.97,2.17,45.07,0.00,0.00,2.17,45.07,"52,765.60"
644,25/01/2024,VIB,"20,850","20,900","20,600","20,900","20,550","20,689",-250,-1.20,3.84,79.52,0.00,0.00,3.84,79.52,"52,258.24"
645,24/01/2024,VIB,"20,950","20,950","20,850","21,050","20,800","20,917",-100,-0.48,2.28,47.78,0.00,0.00,2.28,47.78,"52,892.44"
646,23/01/2024,VIB,"21,100","21,100","20,950","21,250","20,900","21,079",-150,-0.71,4.13,87.07,0.10,2.10,4.23,89.17,"53,146.12"
647,22/01/2024,VIB,"21,100","21,150","21,100","21,300","20,900","21,056",0,0.00,4.19,88.31,0.00,0.00,4.19,88.31,"53,526.64"
648,19/01/2024,VIB,"20,800","21,000","21,100","21,150","20,900","21,038",300,1.44,3.58,75.27,0.00,0.00,3.58,75.27,"53,526.64"
649,18/01/2024,VIB,"21,400","21,400","21,400","21,450","21,200","21,329",0,0.00,3.62,77.19,0.06,1.36,3.68,78.55,"54,287.68"
650,17/01/2024,VIB,"21,500","21,500","21,400","21,650","21,400","21,490",-100,-0.47,4.95,106.31,6.20,133.27,11.15,239.57,"54,287.68"
651,16/01/2024,VIB,"21,200","21,100","21,500","21,500","21,050","21,297",300,1.42,4.25,90.48,3.00,63.60,7.25,154.08,"54,541.36"
652,15/01/2024,VIB,"21,050","21,100","21,200","21,550","21,100","21,359",150,0.71,6.44,137.57,0.00,0.00,6.44,137.57,"53,780.32"
653,12/01/2024,VIB,"21,150","20,950","21,050","21,200","20,800","21,030",-100,-0.47,9.66,203.12,0.00,0.00,9.66,203.12,"53,399.80"
654,11/01/2024,VIB,"21,050","21,050","21,150","21,300","20,950","21,142",100,0.48,6.95,146.86,0.00,0.00,6.95,146.86,"53,653.48"
655,10/01/2024,VIB,"20,950","20,900","21,050","21,150","20,800","20,996",100,0.48,4.78,100.41,0.00,0.00,4.78,100.41,"53,399.80"
656,09/01/2024,VIB,"20,900","21,000","20,950","21,000","20,800","20,882",50,0.24,3.89,81.27,0.00,0.00,3.89,81.27,"53,146.12"
657,08/01/2024,VIB,"20,700","20,900","20,900","21,000","20,700","20,842",200,0.97,6.16,128.39,0.00,0.00,6.16,128.39,"53,019.28"
658,05/01/2024,VIB,"20,400","20,400","20,700","20,700","20,400","20,544",300,1.47,4.44,91.16,0.00,0.00,4.44,91.16,"52,511.92"
659,04/01/2024,VIB,"20,100","20,200","20,400","20,900","20,050","20,462",300,1.49,10.16,207.95,0.00,0.00,10.16,207.95,"51,750.87"
660,03/01/2024,VIB,"19,800","19,800","20,100","20,100","19,700","19,927",300,1.52,4.47,89.07,0.98,20.83,5.45,109.90,"50,989.83"
661,02/01/2024,VIB,"19,600","19,650","19,800","19,900","19,650","19,804",200,1.02,4.38,86.81,0.00,0.00,4.38,86.81,"50,228.79"
662,29/12/2023,VIB,"19,650","19,700","19,600","19,900","19,600","19,758",-50,-0.25,8.96,176.98,0.26,5.42,9.22,182.40,"49,721.43"
663,28/12/2023,VIB,"19,200","19,250","19,650","19,650","19,200","19,407",450,2.34,5.15,99.97,0.25,4.87,5.40,104.84,"49,848.27"
664,27/12/2023,VIB,"19,150","19,100","19,200","19,250","19,100","19,200",50,0.26,1.90,36.48,0.00,0.00,1.90,36.48,"48,706.70"
665,26/12/2023,VIB,"19,050","19,050","19,150","19,150","19,000","19,089",100,0.52,1.73,33.03,0.12,2.24,1.85,35.27,"48,579.86"
666,25/12/2023,VIB,"18,750","18,800","19,050","19,150","18,750","19,041",300,1.60,1.53,29.10,0.55,11.03,2.08,40.13,"48,326.18"
667,22/12/2023,VIB,"18,750","18,800","18,750","18,900","18,600","18,732",0,0.00,1.88,35.24,2.05,36.84,3.93,72.08,"47,565.14"
668,21/12/2023,VIB,"18,700","18,650","18,750","18,800","18,600","18,701",50,0.27,1.39,26.00,0.00,0.00,1.39,26.00,"47,565.14"
669,20/12/2023,VIB,"18,650","18,800","18,700","18,800","18,600","18,705",50,0.27,1.71,31.98,2.00,37.30,3.71,69.28,"47,438.30"
670,19/12/2023,VIB,"18,550","18,400","18,650","18,650","18,400","18,513",100,0.54,2.10,38.91,0.00,0.00,2.10,38.91,"47,311.46"
671,18/12/2023,VIB,"18,800","18,800","18,550","18,850","18,500","18,621",-250,-1.33,3.75,69.88,0.00,0.00,3.75,69.88,"47,057.78"
672,15/12/2023,VIB,"18,900","18,850","18,800","19,050","18,800","18,922",-100,-0.53,1.78,33.70,0.30,5.70,2.08,39.40,"47,691.98"
673,14/12/2023,VIB,"19,050","19,200","18,900","19,200","18,900","19,042",-150,-0.79,3.05,58.14,0.00,0.00,3.05,58.14,"47,945.66"
674,13/12/2023,VIB,"19,200","19,200","19,050","19,400","19,050","19,167",-150,-0.78,3.33,63.84,0.00,0.00,3.33,63.84,"48,326.18"
675,12/12/2023,VIB,"19,200","19,300","19,200","19,300","19,050","19,153",0,0.00,2.26,43.34,0.00,0.00,2.26,43.34,"48,706.70"
676,11/12/2023,VIB,"19,350","19,400","19,200","19,400","19,100","19,212",-150,-0.78,2.21,42.43,0.00,0.00,2.21,42.43,"48,706.70"
677,08/12/2023,VIB,"19,300","19,300","19,350","19,450","19,250","19,332",50,0.26,4.54,87.70,0.00,0.00,4.54,87.70,"49,087.23"
678,07/12/2023,VIB,"19,200","19,300","19,300","19,500","19,100","19,277",100,0.52,7.03,135.46,0.00,0.00,7.03,135.46,"48,960.39"
679,06/12/2023,VIB,"19,150","19,200","19,200","19,300","19,100","19,188",50,0.26,4.69,89.92,0.00,0.00,4.69,89.92,"48,706.70"
680,05/12/2023,VIB,"19,150","19,200","19,150","19,200","19,000","19,101",0,0.00,2.57,49.07,0.00,0.00,2.57,49.07,"48,579.86"
681,04/12/2023,VIB,"18,950","19,150","19,150","19,200","19,000","19,108",200,1.06,8.28,158.22,0.00,0.00,8.28,158.22,"48,579.86"
682,01/12/2023,VIB,"18,700","18,800","18,950","19,000","18,650","18,794",250,1.34,1.74,32.61,0.00,0.00,1.74,32.61,"48,072.50"
683,30/11/2023,VIB,"18,800","18,800","18,700","18,950","18,600","18,805",-100,-0.53,1.31,24.58,0.00,0.00,1.31,24.58,"47,438.30"
684,29/11/2023,VIB,"18,700","18,800","18,800","18,900","18,650","18,746",100,0.53,1.76,32.93,0.00,0.00,1.76,32.93,"47,691.98"
685,28/11/2023,VIB,"18,450","18,450","18,700","18,700","18,300","18,500",250,1.36,1.62,29.92,0.09,1.53,1.70,31.45,"47,438.30"
686,27/11/2023,VIB,"18,800","18,800","18,450","18,800","18,450","18,558",-350,-1.86,2.54,47.12,0.00,0.00,2.54,47.12,"46,804.10"
687,24/11/2023,VIB,"18,800","18,800","18,800","18,900","18,550","18,744",0,0.00,2.66,49.82,0.00,0.00,2.66,49.82,"47,691.98"
688,23/11/2023,VIB,"19,200","19,300","18,800","19,350","18,800","19,089",-400,-2.08,2.60,49.69,0.00,0.00,2.60,49.69,"47,691.98"
689,22/11/2023,VIB,"19,050","19,100","19,200","19,250","18,850","19,014",150,0.79,2.34,44.58,0.00,0.00,2.34,44.58,"48,706.70"
690,21/11/2023,VIB,"19,000","19,100","19,050","19,350","19,050","19,162",50,0.26,2.03,38.97,0.00,0.00,2.03,38.97,"48,326.18"
691,20/11/2023,VIB,"19,150","19,050","19,000","19,150","18,750","18,992",-150,-0.78,3.19,60.53,0.00,0.00,3.19,60.53,"48,199.34"
692,17/11/2023,VIB,"19,600","19,600","19,150","19,700","19,100","19,375",-450,-2.30,4.53,87.78,0.00,0.00,4.53,87.78,"48,579.86"
693,16/11/2023,VIB,"19,650","19,550","19,600","19,650","19,400","19,538",-50,-0.25,2.60,50.88,0.00,0.00,2.60,50.88,"49,721.43"
694,15/11/2023,VIB,"19,600","19,950","19,650","20,000","19,600","19,829",50,0.26,5.37,106.51,0.00,0.00,5.37,106.51,"49,848.27"
695,14/11/2023,VIB,"19,200","19,250","19,600","19,700","19,200","19,518",400,2.08,6.81,132.92,2.00,38.00,8.81,170.92,"49,721.43"
696,13/11/2023,VIB,"19,000","19,200","19,200","19,350","18,900","19,174",200,1.05,2.97,56.96,0.80,15.20,3.77,72.16,"48,706.70"
697,10/11/2023,VIB,"19,300","19,000","19,000","19,350","18,950","19,114",-300,-1.55,3.97,75.90,2.00,37.90,5.97,113.80,"48,199.34"
698,09/11/2023,VIB,"19,400","19,500","19,300","19,550","19,200","19,374",-100,-0.52,3.01,58.30,0.03,0.55,3.04,58.85,"48,960.39"
699,08/11/2023,VIB,"18,700","18,700","19,400","19,400","18,650","19,052",700,3.74,3.58,68.23,0.21,3.85,3.79,72.08,"49,214.07"
700,07/11/2023,VIB,"18,900","19,000","18,700","19,000","18,550","18,774",-200,-1.06,2.33,43.77,0.61,11.29,2.94,55.06,"47,438.30"
701,06/11/2023,VIB,"18,600","18,950","18,900","18,950","18,700","18,819",300,1.61,2.53,47.62,0.04,0.69,2.57,48.32,"47,945.66"
702,03/11/2023,VIB,"18,550","18,900","18,600","18,900","18,550","18,650",50,0.27,3.34,62.21,0.00,0.00,3.34,62.21,"47,184.62"
703,02/11/2023,VIB,"18,000","18,150","18,550","18,600","18,000","18,322",550,3.06,3.08,56.41,0.15,2.51,3.23,58.93,"47,057.78"
704,01/11/2023,VIB,"17,900","17,900","18,000","18,000","17,600","17,858",100,0.56,2.41,43.12,0.00,0.00,2.41,43.12,"45,662.54"
705,31/10/2023,VIB,"17,600","17,600","17,900","18,000","17,550","17,803",300,1.70,3.63,64.58,0.00,0.00,3.63,64.58,"45,408.85"
706,30/10/2023,VIB,"18,100","18,100","17,600","18,200","17,600","17,993",-500,-2.76,1.74,31.39,0.00,0.00,1.74,31.39,"44,647.81"
707,27/10/2023,VIB,"17,350","17,800","18,100","18,100","17,500","17,809",750,4.32,2.49,44.41,0.00,0.00,2.49,44.41,"45,916.22"
708,26/10/2023,VIB,"18,300","18,100","17,350","18,100","17,300","17,718",-950,-5.19,6.12,108.46,0.05,0.77,6.17,109.22,"44,013.61"
709,25/10/2023,VIB,"18,500","18,500","18,300","18,650","18,300","18,464",-200,-1.08,2.27,41.82,0.00,0.00,2.27,41.82,"46,423.58"
710,24/10/2023,VIB,"18,050","18,150","18,500","18,650","18,150","18,415",450,2.49,2.06,37.98,0.00,0.00,2.06,37.98,"46,930.94"
711,23/10/2023,VIB,"18,350","18,350","18,050","18,450","18,050","18,255",-300,-1.63,2.71,49.39,0.05,0.77,2.75,50.16,"45,789.38"
712,20/10/2023,VIB,"18,250","18,200","18,350","18,500","18,100","18,275",100,0.55,4.01,73.22,0.00,0.00,4.01,73.22,"46,550.42"
713,19/10/2023,VIB,"18,450","18,400","18,250","18,450","18,000","18,262",-200,-1.08,4.22,77.05,0.00,0.00,4.22,77.05,"46,296.74"
714,18/10/2023,VIB,"18,650","18,700","18,450","18,800","18,300","18,535",-200,-1.07,3.45,64.04,0.04,0.69,3.49,64.73,"46,804.10"
715,17/10/2023,VIB,"18,850","19,000","18,650","19,100","18,650","18,824",-200,-1.06,2.71,50.98,0.00,0.00,2.71,50.98,"47,311.46"
716,16/10/2023,VIB,"19,350","19,300","18,850","19,300","18,850","19,066",-500,-2.58,3.52,67.10,0.04,0.72,3.56,67.82,"47,818.82"
717,13/10/2023,VIB,"19,650","19,100","19,350","19,500","19,100","19,300",-300,-1.53,2.01,38.72,0.00,0.00,2.01,38.72,"49,087.23"
718,12/10/2023,VIB,"19,600","19,600","19,650","19,750","19,550","19,643",50,0.26,2.66,52.27,0.00,0.00,2.66,52.27,"49,848.27"
719,11/10/2023,VIB,"19,400","19,400","19,600","19,600","19,250","19,417",200,1.03,2.06,39.92,0.04,0.72,2.10,40.65,"49,721.43"
720,10/10/2023,VIB,"18,950","19,100","19,400","19,500","19,000","19,197",450,2.37,4.14,79.44,1.50,26.55,5.64,105.99,"49,214.07"
721,09/10/2023,VIB,"18,700","18,700","18,950","18,950","18,550","18,787",250,1.34,3.44,64.54,0.04,0.70,3.48,65.24,"48,072.50"
722,06/10/2023,VIB,"18,500","18,550","18,700","18,900","18,400","18,607",200,1.08,3.19,59.27,0.00,0.00,3.19,59.27,"47,438.30"
723,05/10/2023,VIB,"18,900","19,100","18,500","19,100","18,500","18,818",-400,-2.12,3.40,63.93,0.00,0.00,3.40,63.93,"46,930.94"
724,04/10/2023,VIB,"18,800","18,700","18,900","19,150","18,600","18,823",100,0.53,2.22,41.83,0.04,0.70,2.26,42.53,"47,945.66"
725,03/10/2023,VIB,"19,450","19,250","18,800","19,350","18,700","18,955",-650,-3.34,6.56,124.35,0.04,0.78,6.60,125.13,"47,691.98"
726,02/10/2023,VIB,"19,350","19,350","19,450","19,600","19,300","19,439",100,0.52,2.04,39.75,1.58,30.71,3.62,70.45,"49,340.91"
727,29/09/2023,VIB,"19,350","19,500","19,350","19,700","19,300","19,483",0,0.00,2.51,48.99,0.00,0.00,2.51,48.99,"49,087.23"
728,28/09/2023,VIB,"19,550","19,700","19,350","19,700","19,150","19,333",-200,-1.02,4.04,78.12,0.03,0.55,4.07,78.66,"49,087.23"
729,27/09/2023,VIB,"19,250","19,250","19,550","19,600","18,950","19,242",300,1.56,4.43,85.34,0.64,12.32,5.07,97.66,"49,594.59"
730,26/09/2023,VIB,"19,050","19,500","19,250","19,700","19,150","19,414",200,1.05,5.08,98.68,0.03,0.57,5.11,99.25,"48,833.55"
731,25/09/2023,VIB,"20,300","20,300","19,050","20,350","19,050","19,880","-1,250",-6.16,7.55,150.07,0.00,0.00,7.55,150.07,"48,326.18"
732,22/09/2023,VIB,"20,650","20,400","20,300","20,450","20,000","20,247",-350,-1.69,10.63,215.24,0.09,1.99,10.72,217.22,"51,497.19"
733,21/09/2023,VIB,"21,000","21,050","20,650","21,150","20,600","20,853",-350,-1.67,8.84,184.30,0.02,0.39,8.86,184.69,"52,385.08"
734,20/09/2023,VIB,"20,700","20,700","21,000","21,000","20,650","20,859",300,1.45,5.59,116.56,0.00,0.00,5.59,116.56,"53,272.96"
735,19/09/2023,VIB,"20,950","20,950","20,700","21,050","20,600","20,768",-250,-1.19,7.63,158.36,0.05,1.17,7.68,159.53,"52,511.92"
736,18/09/2023,VIB,"21,550","21,300","20,950","21,450","20,800","21,062",-600,-2.78,11.72,246.84,0.50,10.75,12.22,257.59,"53,146.12"
737,15/09/2023,VIB,"21,700","21,600","21,550","21,850","21,350","21,589",-150,-0.69,12.88,278.01,0.00,0.00,12.88,278.01,"54,668.20"
738,14/09/2023,VIB,"21,000","21,300","21,700","22,000","21,250","21,700",700,3.33,21.46,465.67,0.00,0.00,21.46,465.67,"55,048.72"
739,13/09/2023,VIB,"20,400","20,500","21,000","21,000","20,400","20,681",600,2.94,11.14,230.29,0.00,0.00,11.14,230.29,"53,272.96"
740,12/09/2023,VIB,"20,200","20,200","20,400","20,500","20,100","20,274",200,0.99,3.76,76.15,0.00,0.00,3.76,76.15,"51,750.87"
741,11/09/2023,VIB,"20,600","20,800","20,200","20,800","20,200","20,453",-400,-1.94,5.30,108.34,0.00,0.00,5.30,108.34,"51,243.51"
742,08/09/2023,VIB,"20,700","20,600","20,600","20,700","20,550","20,622",-100,-0.48,3.90,80.39,0.11,2.35,4.00,82.74,"52,258.24"
743,07/09/2023,VIB,"20,650","20,800","20,700","21,000","20,600","20,794",50,0.24,6.20,128.82,0.00,0.00,6.20,128.83,"52,511.92"
744,06/09/2023,VIB,"20,600","20,600","20,650","20,650","20,450","20,529",50,0.24,4.32,88.66,0.00,0.00,4.32,88.66,"52,385.08"
745,05/09/2023,VIB,"20,350","20,550","20,600","20,800","20,500","20,627",250,1.23,4.46,91.98,0.00,0.00,4.46,91.98,"52,258.24"
746,31/08/2023,VIB,"20,000","20,000","20,350","20,400","20,000","20,259",350,1.75,3.26,66.10,0.00,0.00,3.26,66.10,"51,624.03"
747,30/08/2023,VIB,"19,800","19,900","20,000","20,100","19,800","19,977",200,1.01,3.31,66.05,0.00,0.00,3.31,66.05,"50,736.15"
748,29/08/2023,VIB,"19,800","19,800","19,800","19,950","19,700","19,807",0,0.00,3.82,75.70,3.55,70.35,7.37,146.05,"50,228.79"
749,28/08/2023,VIB,"19,600","19,600","19,800","19,850","19,600","19,749",200,1.02,2.43,48.03,0.22,3.96,2.65,51.99,"50,228.79"
750,25/08/2023,VIB,"19,750","19,750","19,600","19,750","19,550","19,622",-150,-0.76,2.58,50.70,5.07,99.37,7.65,150.07,"49,721.43"
751,24/08/2023,VIB,"19,750","19,700","19,750","19,850","19,600","19,734",0,0.00,3.46,68.22,0.00,0.00,3.46,68.22,"50,101.95"
752,23/08/2023,VIB,"19,850","19,950","19,750","20,000","19,500","19,735",-100,-0.50,3.22,63.51,0.00,0.00,3.22,63.51,"50,101.95"
753,22/08/2023,VIB,"19,850","19,850","19,850","19,900","19,050","19,531",0,0.00,5.54,108.23,6.94,134.14,12.48,242.37,"50,355.63"
754,21/08/2023,VIB,"19,550","19,650","19,850","19,900","19,400","19,654",300,1.53,5.02,98.66,0.00,0.00,5.02,98.67,"50,355.63"
755,18/08/2023,VIB,"20,700","20,600","19,550","20,650","19,500","20,124","-1,150",-5.56,8.89,178.95,5.02,103.98,13.91,282.93,"49,594.59"
756,17/08/2023,VIB,"20,650","20,700","20,700","20,950","20,550","20,734",50,0.24,4.21,87.32,0.74,15.28,4.95,102.60,"52,511.92"
757,16/08/2023,VIB,"20,600","20,600","20,650","20,850","20,450","20,681",50,0.24,3.72,76.86,5.22,107.78,8.93,184.63,"52,385.08"
758,15/08/2023,VIB,"20,700","20,700","20,600","20,750","20,550","20,612",-100,-0.48,2.72,55.99,0.00,0.00,2.72,55.99,"52,258.24"
759,14/08/2023,VIB,"20,550","20,650","20,700","20,800","20,500","20,669",150,0.73,4.45,91.94,10.32,212.16,14.77,304.10,"52,511.92"
760,11/08/2023,VIB,"20,650","20,850","20,550","20,850","20,350","20,562",-100,-0.48,4.84,99.47,0.00,0.00,4.84,99.47,"52,131.39"
761,10/08/2023,VIB,"20,950","20,900","20,650","21,000","20,500","20,743",-300,-1.43,5.06,104.88,0.00,0.00,5.06,104.89,"52,385.08"
762,09/08/2023,VIB,"21,200","21,200","20,950","21,250","20,850","21,028",-250,-1.18,5.30,111.34,7.10,150.52,12.40,261.87,"53,146.12"
763,08/08/2023,VIB,"21,400","21,600","21,200","21,650","21,150","21,310",-200,-0.93,4.11,87.64,2.59,54.38,6.70,142.02,"53,780.32"
764,07/08/2023,VIB,"21,000","21,050","21,400","21,700","21,000","21,317",400,1.90,8.29,176.69,5.00,105.00,13.29,281.69,"54,287.68"
765,04/08/2023,VIB,"20,650","20,750","21,000","21,000","20,600","20,767",350,1.69,5.85,121.46,4.54,95.35,10.39,216.81,"53,272.96"
766,03/08/2023,VIB,"20,700","20,700","20,650","20,900","20,600","20,727",-50,-0.24,4.02,83.36,1.82,37.66,5.84,121.03,"52,385.08"
767,02/08/2023,VIB,"20,650","20,550","20,700","20,850","20,500","20,697",50,0.24,5.56,115.01,0.12,2.40,5.68,117.41,"52,511.92"
768,01/08/2023,VIB,"20,800","20,850","20,650","21,200","20,600","20,986",-150,-0.72,6.11,128.26,0.15,3.28,6.26,131.54,"52,385.08"
769,31/07/2023,VIB,"20,750","20,850","20,800","21,150","20,800","20,901",50,0.24,3.77,78.70,21.00,441.00,24.77,519.71,"52,765.60"
770,28/07/2023,VIB,"20,650","20,600","20,750","20,750","20,500","20,664",100,0.48,2.70,55.80,0.05,0.98,2.75,56.77,"52,638.76"
771,27/07/2023,VIB,"20,800","20,800","20,650","20,900","20,500","20,672",-150,-0.72,4.28,88.52,21.59,453.39,25.87,541.92,"52,385.08"
772,26/07/2023,VIB,"20,950","20,900","20,800","21,050","20,750","20,850",-150,-0.72,2.56,53.47,0.00,0.00,2.56,53.47,"52,765.60"
773,25/07/2023,VIB,"21,000","21,000","20,950","21,300","20,950","21,050",-50,-0.24,5.60,117.95,21.00,441.70,26.60,559.65,"53,146.12"
774,24/07/2023,VIB,"20,550","20,600","21,000","21,300","20,450","20,829",450,2.19,7.57,157.70,0.00,0.00,7.57,157.71,"53,272.96"
775,21/07/2023,VIB,"20,500","20,450","20,550","20,550","20,300","20,453",50,0.24,3.18,65.00,31.00,651.00,34.18,716.00,"52,131.39"
776,20/07/2023,VIB,"20,550","20,550","20,500","20,600","20,350","20,446",-50,-0.24,2.85,58.17,0.00,0.00,2.85,58.17,"52,004.55"
777,19/07/2023,VIB,"20,550","20,700","20,550","20,750","20,500","20,595",0,0.00,5.29,108.88,0.00,0.00,5.29,108.88,"52,131.39"
778,18/07/2023,VIB,"20,400","20,400","20,550","20,800","20,250","20,550",150,0.74,4.95,101.73,0.00,0.00,4.95,101.73,"52,131.39"
779,17/07/2023,VIB,"20,250","20,250","20,400","20,450","20,250","20,341",150,0.74,4.29,87.36,0.00,0.00,4.29,87.36,"51,750.87"
780,14/07/2023,VIB,"20,200","20,250","20,250","20,350","20,000","20,180",50,0.25,4.55,91.74,0.35,7.07,4.90,98.81,"51,370.35"
781,13/07/2023,VIB,"20,100","20,200","20,200","20,200","20,000","20,115",100,0.50,4.16,83.75,0.00,0.00,4.16,83.75,"51,243.51"
782,12/07/2023,VIB,"20,300","20,300","20,100","20,400","19,950","20,115",-200,-0.99,5.05,101.62,0.00,0.00,5.05,101.62,"50,989.83"
783,11/07/2023,VIB,"20,300","20,400","20,300","20,650","20,200","20,401",0,0.00,5.40,110.13,0.00,0.00,5.40,110.13,"51,497.19"
784,10/07/2023,VIB,"19,800","19,900","20,300","20,400","19,800","20,130",500,2.53,11.49,231.29,0.00,0.00,11.49,231.29,"51,497.19"
785,07/07/2023,VIB,"19,600","19,550","19,800","19,800","19,500","19,629",200,1.02,2.52,49.53,0.00,0.00,2.52,49.53,"50,228.79"
786,06/07/2023,VIB,"19,900","19,800","19,600","19,950","19,550","19,746",-300,-1.51,4.09,80.68,0.18,3.31,4.26,83.99,"41,310.39"
787,05/07/2023,VIB,"19,650","19,650","19,900","20,050","19,650","19,875",250,1.27,7.42,147.46,0.00,0.00,7.42,147.46,"41,942.69"
788,04/07/2023,VIB,"19,650","19,550","19,650","19,650","19,500","19,586",0,0.00,2.87,56.24,12.40,244.16,15.27,300.40,"41,415.77"
789,03/07/2023,VIB,"19,650","19,650","19,650","19,750","19,550","19,636",0,0.00,2.70,53.02,0.00,0.00,2.70,53.02,"41,415.77"
790,30/06/2023,VIB,"19,750","19,750","19,650","19,800","19,650","19,696",-100,-0.51,3.32,65.41,0.00,0.00,3.32,65.41,"41,415.77"
791,29/06/2023,VIB,"19,850","19,900","19,750","19,950","19,700","19,790",-100,-0.50,5.79,114.68,0.00,0.00,5.79,114.68,"41,626.54"
792,28/06/2023,VIB,"19,800","19,800","19,850","20,000","19,650","19,827",50,0.25,4.52,89.64,0.09,1.67,4.61,91.30,"41,837.31"
793,27/06/2023,VIB,"19,950","20,000","19,800","20,000","19,650","19,783",-150,-0.75,4.44,87.78,0.00,0.00,4.44,87.78,"41,731.92"
794,26/06/2023,VIB,"19,950","20,100","19,950","20,100","19,600","19,777",0,0.00,6.61,130.81,0.00,0.00,6.61,130.81,"42,048.08"
795,23/06/2023,VIB,"19,750","19,800","19,950","20,200","19,800","19,927",200,1.01,5.94,118.27,0.00,0.00,5.94,118.27,"42,048.08"
796,22/06/2023,VIB,"19,400","19,800","19,750","20,000","19,750","19,844",350,1.80,8.93,177.18,0.00,0.00,8.93,177.18,"41,626.54"
797,21/06/2023,VIB,"23,300","23,400","23,300","23,400","23,250","23,304",0,0.00,8.39,195.59,1.59,34.55,9.98,230.15,"49,108.78"
798,20/06/2023,VIB,"23,100","23,100","23,300","23,400","23,100","23,238",200,0.87,5.21,120.97,1.50,32.25,6.71,153.22,"49,108.78"
799,19/06/2023,VIB,"23,100","23,100","23,100","23,250","23,000","23,088",0,0.00,4.68,107.99,0.00,0.00,4.68,107.99,"48,687.25"
800,16/06/2023,VIB,"23,150","23,200","23,100","23,600","23,100","23,356",-50,-0.22,9.14,213.52,0.00,0.00,9.14,213.52,"48,687.25"
801,15/06/2023,VIB,"23,300","23,300","23,150","23,400","23,100","23,230",-150,-0.64,6.60,153.34,0.00,0.00,6.60,153.34,"48,792.63"
802,14/06/2023,VIB,"23,400","23,500","23,300","24,050","23,300","23,636",-100,-0.43,10.43,246.57,0.02,0.55,10.45,247.12,"49,108.78"
803,13/06/2023,VIB,"23,500","23,500","23,400","23,600","23,200","23,384",-100,-0.43,5.86,136.92,0.00,0.00,5.86,136.92,"49,319.55"
804,12/06/2023,VIB,"23,400","23,450","23,500","23,650","22,900","23,288",100,0.43,5.71,133.03,0.02,0.44,5.73,133.47,"49,530.31"
805,09/06/2023,VIB,"22,850","22,950","23,400","23,600","22,750","22,971",550,2.41,11.07,254.26,0.00,0.00,11.07,254.26,"49,319.55"
806,08/06/2023,VIB,"23,600","23,600","22,850","23,650","22,850","23,216",-750,-3.18,14.23,330.47,0.00,0.00,14.23,330.47,"48,160.33"
807,07/06/2023,VIB,"23,600","23,600","23,600","23,650","23,300","23,515",0,0.00,7.24,170.29,0.00,0.00,7.24,170.29,"49,741.08"
808,06/06/2023,VIB,"23,200","23,200","23,600","23,600","23,100","23,398",400,1.72,9.67,226.18,0.00,0.00,9.67,226.18,"49,741.08"
809,05/06/2023,VIB,"23,050","23,600","23,200","23,600","23,000","23,226",150,0.65,8.33,193.40,0.00,0.00,8.33,193.40,"48,898.01"
810,02/06/2023,VIB,"21,550","21,900","23,050","23,050","21,900","22,773","1,500",6.96,21.47,489.01,0.02,0.42,21.49,489.43,"48,581.86"
811,01/06/2023,VIB,"21,400","21,400","21,550","21,600","21,300","21,447",150,0.70,4.25,91.18,0.02,0.42,4.27,91.59,"45,420.35"
812,31/05/2023,VIB,"21,300","21,300","21,400","21,750","21,300","21,553",100,0.47,6.50,140.16,0.04,0.82,6.54,140.98,"45,104.20"
813,30/05/2023,VIB,"21,300","21,350","21,300","21,400","21,200","21,288",0,0.00,3.85,81.97,0.00,0.00,3.85,81.97,"44,893.43"
814,29/05/2023,VIB,"21,050","21,200","21,300","21,300","21,000","21,121",250,1.19,3.88,81.86,0.00,0.00,3.88,81.86,"44,893.43"
815,26/05/2023,VIB,"20,900","20,950","21,050","21,100","20,850","20,970",150,0.72,2.40,50.42,0.00,0.00,2.40,50.42,"44,366.52"
816,25/05/2023,VIB,"21,000","20,950","20,900","21,050","20,850","20,936",-100,-0.48,3.31,69.30,0.00,0.00,3.31,69.30,"44,050.36"
817,24/05/2023,VIB,"21,300","21,450","21,000","21,450","21,000","21,213",-300,-1.41,5.37,113.85,0.00,0.00,5.37,113.85,"44,261.13"
818,23/05/2023,VIB,"21,600","21,600","21,300","21,700","21,150","21,393",-300,-1.39,5.64,120.58,0.00,0.00,5.64,120.58,"44,893.43"
819,22/05/2023,VIB,"21,400","21,550","21,600","21,700","21,400","21,548",200,0.93,4.76,102.61,1.37,29.32,6.13,131.93,"45,525.74"
820,19/05/2023,VIB,"21,450","21,500","21,400","21,550","21,250","21,365",-50,-0.23,4.45,94.98,0.00,0.00,4.45,94.98,"45,104.20"
821,18/05/2023,VIB,"20,800","20,800","21,450","21,650","20,750","21,331",650,3.13,10.80,230.45,0.00,0.00,10.80,230.45,"45,209.58"
822,17/05/2023,VIB,"20,900","20,800","20,800","21,000","20,800","20,870",-100,-0.48,5.67,118.34,0.00,0.00,5.67,118.34,"43,839.60"
823,16/05/2023,VIB,"20,850","20,950","20,900","21,150","20,750","20,972",50,0.24,6.17,129.39,0.00,0.00,6.17,129.39,"44,050.36"
824,15/05/2023,VIB,"20,500","20,600","20,850","21,150","20,550","20,924",350,1.71,10.35,216.54,0.02,0.38,10.37,216.92,"43,944.98"
825,12/05/2023,VIB,"20,550","20,650","20,500","20,700","20,400","20,527",-50,-0.24,4.44,91.12,0.00,0.00,4.44,91.12,"43,207.30"
826,11/05/2023,VIB,"20,650","20,700","20,550","20,850","20,500","20,624",-100,-0.48,3.48,71.74,0.00,0.00,3.48,71.74,"43,312.68"
827,10/05/2023,VIB,"20,250","20,300","20,650","20,700","20,200","20,344",400,1.98,6.17,125.58,0.00,0.00,6.17,125.58,"43,523.45"
828,09/05/2023,VIB,"20,350","20,450","20,250","20,450","20,200","20,307",-100,-0.49,1.75,35.63,0.00,0.00,1.75,35.63,"42,680.38"
829,08/05/2023,VIB,"20,150","20,200","20,350","20,400","20,150","20,247",200,0.99,4.57,92.55,0.00,0.00,4.57,92.55,"42,891.14"
830,05/05/2023,VIB,"20,200","20,350","20,150","20,350","20,150","20,207",-50,-0.25,2.40,48.50,1.65,33.62,4.05,82.12,"42,469.61"
831,04/05/2023,VIB,"20,500","20,500","20,200","20,500","20,200","20,308",-300,-1.46,2.24,45.49,0.00,0.00,2.24,45.49,"42,574.99"
832,28/04/2023,VIB,"20,250","20,350","20,500","20,500","20,250","20,416",250,1.23,4.24,86.51,0.00,0.00,4.24,86.51,"43,207.30"
833,27/04/2023,VIB,"20,450","20,450","20,250","20,450","20,250","20,367",-200,-0.98,1.90,38.60,0.50,10.47,2.39,49.07,"42,680.38"
834,26/04/2023,VIB,"20,000","20,150","20,450","20,450","20,000","20,138",450,2.25,2.82,56.77,0.00,0.00,2.82,56.77,"43,101.91"
835,25/04/2023,VIB,"20,300","20,350","20,000","20,450","19,950","20,179",-300,-1.48,2.81,56.64,0.50,10.57,3.30,67.21,"42,153.46"
836,24/04/2023,VIB,"20,150","20,250","20,300","20,500","20,150","20,269",150,0.74,3.90,78.97,0.00,0.00,3.90,78.97,"42,785.76"
837,21/04/2023,VIB,"20,400","20,450","20,150","20,600","20,150","20,348",-250,-1.23,3.36,68.28,0.92,19.52,4.27,87.81,"42,469.61"
838,20/04/2023,VIB,"20,450","20,400","20,400","20,500","20,350","20,415",-50,-0.24,2.25,46.03,0.00,0.00,2.25,46.03,"42,996.53"
839,19/04/2023,VIB,"20,650","20,700","20,450","20,850","20,400","20,616",-200,-0.97,3.18,65.55,0.89,18.89,4.06,84.44,"43,101.91"
840,18/04/2023,VIB,"20,650","20,800","20,650","20,800","20,600","20,695",0,0.00,1.92,39.81,0.00,0.00,1.92,39.81,"43,523.45"
841,17/04/2023,VIB,"20,800","20,800","20,650","20,900","20,650","20,750",-150,-0.72,2.12,44.07,0.00,0.00,2.12,44.07,"43,523.45"
842,14/04/2023,VIB,"21,150","21,150","20,800","21,450","20,800","21,092",-350,-1.65,5.01,105.57,0.00,0.00,5.01,105.57,"43,839.60"
843,13/04/2023,VIB,"21,300","21,350","21,150","21,350","21,000","21,202",-150,-0.70,3.21,67.97,0.00,0.00,3.21,67.97,"44,577.28"
844,12/04/2023,VIB,"21,100","21,200","21,300","21,500","21,100","21,333",200,0.95,4.79,102.14,0.00,0.00,4.79,102.14,"44,893.43"
845,11/04/2023,VIB,"20,900","20,900","21,100","21,100","20,800","20,985",200,0.96,4.24,88.99,0.00,0.00,4.24,88.99,"44,471.90"
846,10/04/2023,VIB,"20,900","21,100","20,900","21,250","20,800","21,054",0,0.00,4.67,98.38,0.52,10.87,5.19,109.25,"44,050.36"
847,07/04/2023,VIB,"21,000","20,950","20,900","21,150","20,800","20,903",-100,-0.48,3.90,81.58,0.00,0.00,3.90,81.58,"44,050.36"
848,06/04/2023,VIB,"21,450","21,500","21,000","21,600","21,000","21,346",-450,-2.10,6.18,131.85,3.00,59.85,9.18,191.70,"44,261.13"
849,05/04/2023,VIB,"22,100","22,100","21,950","22,150","21,900","22,022",-150,-0.68,5.63,124.00,0.00,0.00,5.63,124.00,"46,263.42"
850,04/04/2023,VIB,"21,700","21,750","22,100","22,300","21,650","21,911",400,1.84,7.57,165.89,0.00,0.00,7.57,165.89,"46,579.57"
851,03/04/2023,VIB,"21,400","21,700","21,700","21,800","21,550","21,669",300,1.40,6.20,134.37,0.00,0.00,6.20,134.37,"45,736.50"
852,31/03/2023,VIB,"21,350","21,450","21,400","21,550","21,250","21,378",50,0.23,6.04,129.21,0.03,0.57,6.07,129.79,"45,104.20"
853,30/03/2023,VIB,"21,250","21,450","21,350","21,700","21,350","21,496",100,0.47,5.39,115.82,0.00,0.00,5.39,115.82,"44,998.82"
854,29/03/2023,VIB,"21,150","21,200","21,250","21,450","21,100","21,235",100,0.47,5.02,106.50,0.00,0.00,5.02,106.50,"44,788.05"
855,28/03/2023,VIB,"21,100","21,250","21,150","21,500","21,150","21,303",50,0.24,6.89,146.71,0.20,4.11,7.08,150.82,"44,577.28"
856,27/03/2023,VIB,"20,950","21,000","21,100","21,150","20,900","21,020",150,0.72,4.95,104.09,0.00,0.00,4.95,104.09,"44,471.90"
857,24/03/2023,VIB,"20,650","20,800","20,950","21,100","20,750","20,914",300,1.45,5.71,119.32,0.00,0.00,5.71,119.32,"44,155.75"
858,23/03/2023,VIB,"20,700","20,600","20,650","20,700","20,400","20,549",-50,-0.24,3.27,67.26,0.03,0.53,3.30,67.80,"43,523.45"
859,22/03/2023,VIB,"20,750","20,900","20,700","20,900","20,650","20,766",-50,-0.24,2.17,45.06,0.00,0.00,2.17,45.06,"43,628.83"
860,21/03/2023,VIB,"20,550","20,900","20,750","20,900","20,400","20,600",200,0.97,2.88,59.32,0.00,0.00,2.88,59.32,"43,734.21"
861,20/03/2023,VIB,"20,950","20,950","20,550","21,250","20,550","20,861",-400,-1.91,5.06,105.66,0.00,0.00,5.06,105.66,"43,312.68"
862,17/03/2023,VIB,"20,900","21,250","20,950","21,250","20,900","21,033",50,0.24,2.76,58.12,0.00,0.00,2.76,58.12,"44,155.75"
863,16/03/2023,VIB,"21,400","21,300","20,900","21,300","20,800","21,001",-500,-2.34,3.55,74.57,0.00,0.00,3.55,74.57,"44,050.36"
864,15/03/2023,VIB,"20,250","20,650","21,400","21,400","20,600","21,021","1,150",5.68,7.40,155.58,0.00,0.00,7.40,155.58,"45,104.20"
865,14/03/2023,VIB,"20,700","20,650","20,250","20,800","20,150","20,392",-450,-2.17,2.49,50.76,0.00,0.00,2.49,50.76,"42,680.38"
866,13/03/2023,VIB,"20,950","20,700","20,700","20,850","20,600","20,727",-250,-1.19,3.07,63.63,0.00,0.00,3.07,63.63,"43,628.83"
867,10/03/2023,VIB,"21,200","20,950","20,950","21,100","20,700","20,882",-250,-1.18,2.34,48.81,0.00,0.00,2.34,48.81,"44,155.75"
868,09/03/2023,VIB,"20,700","20,900","21,200","21,350","20,800","21,105",500,2.42,4.21,88.85,0.00,0.00,4.21,88.85,"44,682.67"
869,08/03/2023,VIB,"20,600","20,550","20,700","20,750","20,350","20,546",100,0.49,2.69,55.24,0.00,0.01,2.69,55.25,"43,628.83"
870,07/03/2023,VIB,"20,600","20,900","20,600","21,000","20,550","20,705",0,0.00,1.91,39.65,4.55,93.78,6.47,133.43,"43,418.06"
871,06/03/2023,VIB,"20,650","20,800","20,600","21,050","20,600","20,844",-50,-0.24,1.99,41.38,0.07,1.38,2.05,42.76,"43,418.06"
872,03/03/2023,VIB,"21,000","21,100","20,650","21,150","20,650","20,835",-350,-1.67,1.33,27.79,0.05,0.90,1.38,28.68,"43,523.45"
873,02/03/2023,VIB,"21,100","21,050","21,000","21,250","20,900","21,053",-100,-0.47,1.23,26.00,0.00,0.00,1.23,26.00,"44,261.13"
874,01/03/2023,VIB,"20,550","20,550","21,100","21,100","20,300","20,799",550,2.68,2.47,51.43,0.00,0.00,2.47,51.43,"44,471.90"
875,28/02/2023,VIB,"20,550","20,700","20,550","20,900","20,450","20,609",0,0.00,1.35,27.78,0.00,0.00,1.35,27.78,"43,312.68"
876,27/02/2023,VIB,"21,000","20,700","20,550","21,200","20,550","20,742",-450,-2.14,2.07,42.96,0.36,7.85,2.43,50.81,"43,312.68"
877,24/02/2023,VIB,"21,500","21,450","21,000","21,700","21,000","21,245",-500,-2.33,1.44,30.67,0.00,0.00,1.44,30.67,"44,261.13"
878,23/02/2023,VIB,"21,000","21,050","21,500","21,500","20,700","20,939",500,2.38,3.10,64.86,1.35,28.43,4.45,93.29,"45,314.97"
879,22/02/2023,VIB,"21,800","21,500","21,000","21,700","21,000","21,361",-800,-3.67,3.33,71.04,0.00,0.00,3.33,71.04,"44,261.13"
880,21/02/2023,VIB,"22,000","22,250","21,800","22,400","21,800","21,993",-200,-0.91,3.18,70.01,0.00,0.00,3.18,70.01,"45,947.27"
881,20/02/2023,VIB,"21,500","21,450","22,000","22,000","21,400","21,833",500,2.33,3.97,86.73,0.51,10.97,4.48,97.70,"46,368.80"
882,17/02/2023,VIB,"20,900","21,100","21,500","21,500","21,000","21,297",600,2.87,3.79,80.63,0.00,0.00,3.79,80.63,"45,314.97"
883,16/02/2023,VIB,"20,700","20,900","20,900","21,050","20,700","20,925",200,0.97,2.13,44.49,0.00,0.00,2.13,44.49,"44,050.36"
884,15/02/2023,VIB,"20,500","20,500","20,700","21,000","20,250","20,718",200,0.98,3.33,69.04,0.00,0.00,3.33,69.04,"43,628.83"
885,14/02/2023,VIB,"20,200","20,450","20,500","20,800","20,300","20,534",300,1.49,1.27,26.08,0.00,0.00,1.27,26.08,"43,207.30"
886,13/02/2023,VIB,"21,000","20,500","20,200","21,000","20,000","20,296",-800,-3.81,3.84,78.02,2.70,53.07,6.54,131.09,"42,574.99"
887,10/02/2023,VIB,"22,000","22,000","21,000","22,150","20,900","21,445","-1,000",-4.55,3.33,71.50,0.00,0.00,3.33,71.50,"44,261.13"
888,09/02/2023,VIB,"22,200","22,350","22,000","22,400","21,950","22,180",-200,-0.90,1.77,39.34,0.04,0.85,1.81,40.19,"46,368.80"
889,08/02/2023,VIB,"23,050","23,000","23,200","23,450","22,900","23,193",150,0.65,2.42,56.15,17.00,391.00,19.42,447.15,"48,898.01"
890,07/02/2023,VIB,"23,650","23,900","23,050","23,900","22,900","23,359",-600,-2.54,3.72,86.79,0.85,20.08,4.57,106.87,"48,581.86"
891,06/02/2023,VIB,"24,300","23,800","23,650","24,100","23,550","23,860",-650,-2.67,3.21,76.69,19.41,446.66,22.62,523.34,"49,846.47"
892,03/02/2023,VIB,"23,600","23,800","24,300","24,300","23,550","23,927",700,2.97,4.29,102.60,0.00,0.00,4.29,102.60,"51,216.45"
893,02/02/2023,VIB,"23,600","23,600","23,600","23,900","23,300","23,555",0,0.00,4.36,102.75,0.04,0.85,4.40,103.60,"49,741.08"
894,01/02/2023,VIB,"23,550","23,950","23,600","24,400","23,400","23,993",50,0.21,8.39,201.34,0.00,0.00,8.39,201.34,"49,741.08"
895,31/01/2023,VIB,"23,050","23,000","23,550","23,550","22,600","22,954",500,2.17,7.27,166.94,12.50,288.13,19.77,455.06,"49,635.70"
896,30/01/2023,VIB,"23,350","23,450","23,050","23,550","23,050","23,357",-300,-1.28,4.44,103.81,0.54,12.61,4.98,116.42,"48,581.86"
897,27/01/2023,VIB,"22,900","23,300","23,350","23,500","23,100","23,327",450,1.97,3.77,87.90,0.00,0.00,3.77,87.90,"49,214.16"
898,19/01/2023,VIB,"22,900","22,600","22,900","22,950","22,550","22,790",0,0.00,4.65,106.06,0.00,0.00,4.65,106.06,"48,265.71"
899,18/01/2023,VIB,"22,900","23,150","22,900","23,200","22,800","22,968",0,0.00,3.54,81.41,0.00,0.00,3.54,81.41,"48,265.71"
900,17/01/2023,VIB,"22,300","22,250","22,900","22,900","22,250","22,627",600,2.69,3.42,77.49,0.00,0.00,3.42,77.49,"48,265.71"
901,16/01/2023,VIB,"22,050","22,250","22,300","22,400","22,050","22,174",250,1.13,2.58,57.19,0.30,6.62,2.88,63.80,"47,001.11"
902,13/01/2023,VIB,"21,800","22,200","22,050","22,600","21,900","22,271",250,1.15,6.25,139.19,0.50,10.60,6.75,149.79,"46,474.19"
903,12/01/2023,VIB,"21,200","21,150","21,800","21,950","21,150","21,667",600,2.83,4.93,106.85,0.00,0.00,4.93,106.85,"45,947.27"
904,11/01/2023,VIB,"21,150","21,500","21,200","21,500","21,200","21,337",50,0.24,4.15,88.64,0.75,14.78,4.90,103.41,"44,682.67"
905,10/01/2023,VIB,"21,150","21,200","21,150","21,400","20,850","21,105",0,0.00,3.78,79.81,2.30,45.31,6.08,125.12,"44,577.28"
906,09/01/2023,VIB,"20,600","20,800","21,150","21,650","20,800","21,231",550,2.67,4.57,96.94,0.00,0.00,4.57,96.94,"44,577.28"
907,06/01/2023,VIB,"20,100","20,200","20,600","20,850","20,000","20,440",500,2.49,5.14,105.11,0.00,0.00,5.14,105.11,"43,418.06"
908,05/01/2023,VIB,"19,900","19,900","20,100","20,150","19,850","20,009",200,1.01,1.76,35.23,0.00,0.00,1.76,35.23,"42,364.23"
909,04/01/2023,VIB,"19,900","20,000","19,900","20,400","19,800","20,058",0,0.00,2.53,50.69,0.00,0.00,2.53,50.69,"41,942.69"
910,03/01/2023,VIB,"19,000","18,950","19,900","19,900","18,950","19,473",900,4.74,2.39,46.47,0.00,0.00,2.39,46.47,"41,942.69"
911,30/12/2022,VIB,"18,900","19,100","19,000","19,250","18,900","19,078",100,0.53,1.43,27.21,0.00,0.00,1.43,27.21,"40,045.79"
912,29/12/2022,VIB,"19,000","18,750","18,900","19,200","18,750","19,026",-100,-0.53,1.38,26.16,0.00,0.00,1.38,26.16,"39,835.02"
913,28/12/2022,VIB,"19,000","18,850","19,000","19,250","18,650","18,927",0,0.00,1.70,32.25,0.00,0.00,1.70,32.25,"40,045.79"
914,27/12/2022,VIB,"18,350","18,300","19,000","19,000","18,300","18,595",650,3.54,1.88,34.95,0.22,3.74,2.10,38.69,"40,045.79"
915,26/12/2022,VIB,"19,650","19,650","18,350","19,800","18,300","18,970","-1,300",-6.62,3.33,63.18,2.05,41.00,5.38,104.18,"38,675.80"
916,23/12/2022,VIB,"19,950","19,850","19,650","19,950","19,400","19,669",-300,-1.50,1.62,31.95,0.00,0.00,1.62,31.95,"41,415.77"
917,22/12/2022,VIB,"19,700","20,000","19,950","20,200","19,500","19,925",250,1.27,2.19,43.72,0.19,3.88,2.38,47.60,"42,048.08"
918,21/12/2022,VIB,"19,700","19,800","19,700","20,200","18,800","19,536",0,0.00,3.33,65.09,0.20,3.74,3.53,68.82,"41,521.16"
919,20/12/2022,VIB,"20,750","20,650","19,700","20,750","19,550","20,054","-1,050",-5.06,5.75,115.34,0.00,0.00,5.75,115.34,"41,521.16"
920,19/12/2022,VIB,"20,800","20,850","20,750","21,550","20,750","21,158",-50,-0.24,5.53,117.03,6.01,119.51,11.54,236.54,"43,734.21"
921,16/12/2022,VIB,"21,000","20,700","20,800","21,100","20,700","20,908",-200,-0.95,4.73,98.97,0.00,0.00,4.73,98.97,"43,839.60"
922,15/12/2022,VIB,"20,600","20,700","21,000","21,500","20,600","21,016",400,1.94,5.96,125.35,0.00,0.00,5.96,125.35,"44,261.13"
923,14/12/2022,VIB,"20,750","20,900","20,600","21,000","20,600","20,758",-150,-0.72,5.27,109.35,0.06,1.24,5.33,110.59,"43,418.06"
924,13/12/2022,VIB,"20,350","20,250","20,750","20,750","20,000","20,262",400,1.97,5.06,102.52,0.09,1.71,5.15,104.23,"43,734.21"
925,12/12/2022,VIB,"20,950","21,000","20,350","21,300","20,300","20,905",-600,-2.86,4.65,97.16,10.00,210.00,14.65,307.16,"42,891.14"
926,09/12/2022,VIB,"20,950","21,000","20,950","21,150","20,600","20,938",0,0.00,5.12,107.24,0.33,6.95,5.45,114.18,"44,155.75"
927,08/12/2022,VIB,"20,450","20,900","20,950","21,800","20,600","21,148",500,2.44,6.29,133.00,0.00,0.00,6.29,133.00,"44,155.75"
928,07/12/2022,VIB,"20,400","20,400","20,450","20,700","20,000","20,365",50,0.25,4.99,101.66,10.34,196.38,15.33,298.04,"43,101.91"
929,06/12/2022,VIB,"21,900","21,950","20,400","22,000","20,400","21,149","-1,500",-6.85,11.26,238.09,0.50,10.20,11.76,248.29,"42,996.53"
930,05/12/2022,VIB,"21,400","22,000","21,900","22,250","21,450","21,821",500,2.34,8.78,191.58,5.55,111.02,14.33,302.61,"46,158.04"
931,02/12/2022,VIB,"20,000","19,850","21,400","21,400","19,800","20,389","1,400",7.00,8.82,179.80,0.00,0.00,8.82,179.80,"45,104.20"
932,01/12/2022,VIB,"20,250","20,850","20,000","20,950","19,950","20,480",-250,-1.23,10.03,205.34,5.00,97.50,15.03,302.84,"42,153.46"
933,30/11/2022,VIB,"18,950","19,150","20,250","20,250","18,950","19,921","1,300",6.86,11.71,233.20,0.07,1.37,11.78,234.56,"42,680.38"
934,29/11/2022,VIB,"19,050","19,150","18,950","19,300","18,600","18,936",-100,-0.52,5.56,105.33,0.00,0.00,5.56,105.33,"39,940.40"
935,28/11/2022,VIB,"18,300","18,750","19,050","19,300","18,400","18,884",750,4.10,6.16,116.23,8.55,161.37,14.71,277.60,"40,151.17"
936,25/11/2022,VIB,"17,850","18,200","18,300","18,300","18,000","18,188",450,2.52,3.62,65.83,0.04,0.67,3.66,66.50,"38,570.41"
937,24/11/2022,VIB,"17,900","17,800","17,850","17,950","17,500","17,741",-50,-0.28,2.19,38.89,0.33,5.94,2.52,44.83,"37,621.96"
938,23/11/2022,VIB,"18,200","18,400","17,900","18,400","17,900","18,161",-300,-1.65,1.92,34.80,0.00,0.00,1.92,34.80,"37,727.35"
939,22/11/2022,VIB,"18,500","18,350","18,200","19,000","18,150","18,545",-300,-1.62,4.85,89.99,11.03,193.09,15.89,283.08,"38,359.65"
940,21/11/2022,VIB,"18,400","18,500","18,500","18,900","18,350","18,525",100,0.54,2.45,45.31,0.00,0.00,2.45,45.31,"38,991.95"
941,18/11/2022,VIB,"18,450","18,450","18,400","18,600","17,900","18,337",-50,-0.27,2.57,47.19,42.15,737.63,44.72,784.82,"38,781.18"
942,17/11/2022,VIB,"18,000","18,400","18,450","18,800","18,200","18,428",450,2.50,3.26,60.08,0.00,0.00,3.26,60.08,"38,886.57"
943,16/11/2022,VIB,"17,000","16,250","18,000","18,150","16,250","17,578","1,000",5.88,3.64,63.91,0.16,2.79,3.80,66.70,"37,938.11"
944,15/11/2022,VIB,"17,400","17,000","17,000","17,200","16,200","16,683",-400,-2.30,4.76,79.49,0.00,0.00,4.76,79.49,"35,830.44"
945,14/11/2022,VIB,"17,500","17,050","17,400","17,650","16,400","17,087",-100,-0.57,4.05,69.28,9.35,162.45,13.40,231.73,"36,673.51"
946,11/11/2022,VIB,"17,500","17,800","17,500","17,950","16,500","17,325",0,0.00,4.92,85.16,0.00,0.00,4.92,85.16,"36,884.28"
947,10/11/2022,VIB,"18,400","18,000","17,500","18,200","17,150","17,374",-900,-4.89,5.65,98.21,7.42,137.34,13.07,235.55,"36,884.28"
948,09/11/2022,VIB,"18,550","18,350","18,400","18,900","18,100","18,576",-150,-0.81,2.69,49.88,1.86,34.04,4.55,83.92,"38,781.18"
949,08/11/2022,VIB,"18,450","18,000","18,550","18,650","17,950","18,300",100,0.54,3.45,63.07,2.75,52.92,6.20,115.99,"39,097.33"
950,07/11/2022,VIB,"19,750","19,250","18,450","19,700","18,400","18,610","-1,300",-6.58,5.98,111.26,19.98,399.63,25.96,510.89,"38,886.57"
951,04/11/2022,VIB,"20,300","20,000","19,750","20,300","18,900","19,427",-550,-2.71,6.77,131.51,0.00,0.00,6.77,131.51,"41,626.54"
952,03/11/2022,VIB,"20,700","20,550","20,300","20,800","20,250","20,553",-400,-1.93,4.35,89.43,0.00,0.00,4.35,89.43,"42,785.76"
953,02/11/2022,VIB,"20,150","20,150","20,700","21,250","20,100","20,771",550,2.73,9.64,200.18,4.00,80.00,13.64,280.18,"43,628.83"
954,01/11/2022,VIB,"19,600","19,900","20,150","20,450","19,800","20,189",550,2.81,5.00,100.99,0.00,0.00,5.00,100.99,"42,469.61"
955,31/10/2022,VIB,"19,700","19,850","19,600","19,900","19,100","19,512",-100,-0.51,1.23,23.99,1.95,39.00,3.18,62.99,"41,310.39"
956,28/10/2022,VIB,"19,900","20,100","19,700","20,550","19,700","20,042",-200,-1.01,2.31,46.29,0.22,4.78,2.53,51.07,"41,521.16"
957,27/10/2022,VIB,"19,050","19,200","19,900","19,900","18,650","19,501",850,4.46,2.13,41.54,0.11,2.17,2.24,43.72,"41,942.69"
958,26/10/2022,VIB,"19,250","19,350","19,050","19,500","18,650","18,956",-200,-1.04,0.79,14.92,10.17,197.69,10.96,212.61,"40,151.17"
959,25/10/2022,VIB,"18,850","19,000","19,250","19,800","18,000","18,948",400,2.12,1.85,34.97,0.00,0.00,1.85,34.97,"40,572.70"
960,24/10/2022,VIB,"19,200","19,250","18,850","19,250","17,900","18,429",-350,-1.82,1.92,35.37,11.00,220.00,12.92,255.37,"39,729.64"
961,21/10/2022,VIB,"19,950","20,100","19,200","20,100","18,650","19,185",-750,-3.76,2.15,41.28,0.00,0.00,2.15,41.28,"40,467.32"
962,20/10/2022,VIB,"20,400","20,500","19,950","20,500","19,900","20,222",-450,-2.21,1.55,31.40,3.03,62.12,4.58,93.51,"42,048.08"
963,19/10/2022,VIB,"19,950","20,000","20,400","20,600","19,900","20,189",450,2.26,1.57,31.66,5.14,104.80,6.71,136.46,"42,996.53"
964,18/10/2022,VIB,"19,900","20,250","19,950","20,500","19,900","20,157",50,0.25,1.50,30.28,1.04,21.82,2.54,52.10,"42,048.08"
965,17/10/2022,VIB,"20,200","20,150","19,900","20,200","19,400","19,750",-300,-1.49,1.23,24.21,2.18,43.60,3.41,67.81,"41,942.69"
966,14/10/2022,VIB,"19,700","21,050","20,200","21,050","20,050","20,663",500,2.54,2.74,56.67,1.79,35.80,4.53,92.47,"42,574.99"
967,13/10/2022,VIB,"19,600","19,700","19,700","20,000","19,500","19,685",100,0.51,1.46,28.65,0.71,14.10,2.16,42.75,"41,521.16"
968,12/10/2022,VIB,"19,350","19,300","19,600","20,550","19,300","19,938",250,1.29,2.00,39.94,0.05,1.00,2.05,40.94,"41,310.39"
969,11/10/2022,VIB,"19,950","19,500","19,350","19,850","18,600","19,058",-600,-3.01,2.50,47.64,5.06,106.15,7.56,153.79,"40,783.47"
970,10/10/2022,VIB,"20,000","19,850","19,950","20,450","19,200","19,765",-50,-0.25,1.63,32.18,3.00,63.00,4.63,95.18,"42,048.08"
971,07/10/2022,VIB,"20,750","19,900","20,000","20,650","19,300","19,775",-750,-3.61,2.38,46.98,0.54,10.71,2.91,57.69,"42,153.46"
972,06/10/2022,VIB,"21,450","21,450","20,750","21,450","20,000","20,652",-700,-3.26,2.04,42.23,0.00,0.00,2.04,42.23,"43,734.21"
973,05/10/2022,VIB,"21,250","22,000","21,450","22,000","21,450","21,777",200,0.94,1.32,28.77,4.00,90.00,5.32,118.77,"45,209.58"
974,04/10/2022,VIB,"21,150","21,400","21,250","22,050","21,200","21,745",100,0.47,2.05,44.53,0.24,4.98,2.29,49.51,"44,788.05"
975,03/10/2022,VIB,"22,000","21,600","21,150","22,100","20,900","21,306",-850,-3.86,2.31,49.26,0.40,8.89,2.72,58.14,"44,577.28"
976,30/09/2022,VIB,"22,150","22,100","22,000","22,250","21,100","21,684",-150,-0.68,2.10,45.43,0.00,0.00,2.10,45.43,"46,368.80"
977,29/09/2022,VIB,"22,800","22,950","22,150","23,200","22,100","22,636",-650,-2.85,1.56,35.39,0.00,0.00,1.56,35.39,"46,684.96"
978,28/09/2022,VIB,"23,250","23,400","22,800","23,400","22,500","22,774",-450,-1.94,1.21,27.59,1.00,24.00,2.21,51.59,"48,054.94"
979,27/09/2022,VIB,"22,550","22,100","23,250","23,550","22,100","23,139",700,3.10,3.85,89.14,0.00,0.00,3.85,89.14,"49,003.40"
980,26/09/2022,VIB,"22,300","21,800","22,550","23,000","20,950","21,794",250,1.12,2.79,60.83,0.00,0.00,2.79,60.83,"47,528.02"
981,23/09/2022,VIB,"22,500","22,200","22,300","22,500","22,050","22,203",-200,-0.89,0.92,20.41,1.00,22.00,1.92,42.41,"47,001.11"
982,22/09/2022,VIB,"22,000","21,600","22,500","22,500","21,550","22,021",500,2.27,1.41,31.10,0.00,0.00,1.41,31.10,"47,422.64"
983,21/09/2022,VIB,"22,300","22,000","22,000","22,100","21,750","21,884",-300,-1.35,0.96,21.01,2.65,60.02,3.61,81.02,"46,368.80"
984,20/09/2022,VIB,"22,050","22,000","22,300","22,300","21,350","21,770",250,1.13,1.65,36.01,3.80,86.50,5.45,122.51,"47,001.11"
985,19/09/2022,VIB,"22,750","22,200","22,050","22,600","21,350","21,959",-700,-3.08,2.56,56.22,0.00,0.00,2.56,56.22,"46,474.19"
986,16/09/2022,VIB,"23,000","22,900","22,750","23,000","22,350","22,644",-250,-1.09,1.45,32.79,0.00,0.00,1.45,32.79,"47,949.56"
987,15/09/2022,VIB,"23,150","23,300","23,000","23,300","23,000","23,079",-150,-0.65,0.69,15.83,0.00,0.00,0.69,15.83,"48,476.48"
988,14/09/2022,VIB,"23,350","22,900","23,150","23,150","22,650","22,928",-200,-0.86,1.35,30.89,0.26,6.07,1.61,36.96,"48,792.63"
989,13/09/2022,VIB,"23,350","23,400","23,350","23,550","23,000","23,253",0,0.00,1.09,25.32,0.00,0.00,1.09,25.32,"49,214.16"
990,12/09/2022,VIB,"23,600","23,800","23,350","23,950","22,950","23,367",-250,-1.06,1.53,35.84,2.08,49.80,3.61,85.64,"49,214.16"
991,09/09/2022,VIB,"23,600","23,750","23,600","23,800","22,300","23,084",0,0.00,4.17,96.22,0.10,2.53,4.27,98.75,"49,741.08"
992,08/09/2022,VIB,"24,500","24,700","23,600","24,800","23,600","24,213",-900,-3.67,1.88,45.58,0.00,0.00,1.88,45.58,"49,741.08"
993,07/09/2022,VIB,"24,600","24,600","24,500","25,350","24,500","24,857",-100,-0.41,3.01,74.81,0.04,0.96,3.05,75.76,"51,637.99"
994,06/09/2022,VIB,"24,550","24,550","24,600","24,800","24,400","24,601",50,0.20,2.01,49.38,0.08,1.96,2.09,51.34,"51,848.75"
995,05/09/2022,VIB,"25,000","25,000","24,550","25,150","24,550","24,733",-450,-1.80,1.55,38.23,0.14,3.67,1.69,41.91,"51,743.37"
996,31/08/2022,VIB,"25,000","25,000","25,000","25,200","24,850","24,982",0,0.00,1.23,30.72,0.00,0.00,1.23,30.72,"52,691.82"
997,30/08/2022,VIB,"25,300","25,600","25,000","25,750","25,000","25,310",-300,-1.19,1.67,42.34,2.74,70.25,4.41,112.58,"52,691.82"
998,29/08/2022,VIB,"25,400","25,100","25,300","25,700","24,650","24,999",-100,-0.39,1.85,46.18,0.34,9.01,2.19,55.19,"53,324.13"
999,26/08/2022,VIB,"25,700","25,700","25,400","25,850","25,350","25,628",-300,-1.17,1.54,39.41,0.00,0.00,1.54,39.41,"53,534.89"
1000,25/08/2022,VIB,"25,100","25,400","25,700","25,850","25,200","25,593",600,2.39,2.12,54.17,0.28,7.09,2.40,61.26,"54,167.19"
1001,24/08/2022,VIB,"25,200","25,350","25,100","25,550","25,100","25,287",-100,-0.40,1.10,27.80,0.00,0.00,1.10,27.80,"52,902.59"
1002,23/08/2022,VIB,"25,000","24,700","25,200","25,200","24,550","24,750",200,0.80,1.12,27.78,1.00,25.50,2.12,53.28,"53,113.36"
1003,22/08/2022,VIB,"25,700","25,800","25,000","25,800","24,650","25,185",-700,-2.72,2.42,61.04,0.08,2.13,2.50,63.17,"52,691.82"
1004,19/08/2022,VIB,"26,000","25,900","25,700","26,200","25,700","25,956",-300,-1.15,1.84,47.75,0.50,13.84,2.34,61.60,"54,167.19"
1005,18/08/2022,VIB,"26,150","26,100","26,000","26,450","26,000","26,177",-150,-0.57,2.76,72.22,0.00,0.00,2.76,72.22,"54,799.50"
1006,17/08/2022,VIB,"26,400","26,400","26,150","26,500","26,150","26,376",-250,-0.95,2.34,61.65,0.00,0.00,2.34,61.65,"55,115.65"
1007,16/08/2022,VIB,"26,250","26,300","26,400","26,750","26,100","26,419",150,0.57,3.40,89.75,0.00,0.00,3.40,89.75,"55,642.57"
1008,15/08/2022,VIB,"25,800","26,000","26,250","26,550","25,800","26,234",450,1.74,2.35,61.65,0.00,0.00,2.35,61.65,"55,326.41"
1009,12/08/2022,VIB,"25,650","25,900","25,800","25,900","25,400","25,593",150,0.58,1.49,38.01,0.29,7.62,1.78,45.63,"54,377.96"
1010,11/08/2022,VIB,"26,000","26,200","25,650","26,300","25,500","25,990",-350,-1.35,2.34,60.89,0.00,0.00,2.34,60.89,"54,061.81"
1011,10/08/2022,VIB,"26,050","26,000","26,000","26,100","25,900","26,020",-50,-0.19,1.36,35.42,0.00,0.00,1.36,35.42,"54,799.50"
1012,09/08/2022,VIB,"26,150","26,300","26,050","26,300","25,900","26,061",-100,-0.38,1.60,41.62,0.05,1.22,1.65,42.84,"54,904.88"
1013,08/08/2022,VIB,"25,950","25,800","26,150","26,300","25,800","26,023",200,0.77,1.56,40.56,1.79,47.52,3.35,88.08,"55,115.65"
1014,05/08/2022,VIB,"26,100","26,000","25,950","26,000","25,650","25,803",-150,-0.57,2.45,63.30,0.00,0.00,2.45,63.30,"54,694.11"
1015,04/08/2022,VIB,"26,200","26,450","26,100","26,450","26,000","26,189",-100,-0.38,2.37,62.18,0.50,13.10,2.87,75.28,"55,010.26"
1016,03/08/2022,VIB,"26,600","26,600","26,200","26,600","26,100","26,334",-400,-1.50,1.98,52.15,0.86,22.78,2.84,74.93,"55,221.03"
1017,02/08/2022,VIB,"26,650","27,000","26,600","27,150","26,550","26,792",-50,-0.19,1.72,46.18,5.57,152.69,7.29,198.88,"56,064.10"
1018,01/08/2022,VIB,"26,600","26,500","26,650","26,750","26,300","26,593",50,0.19,1.82,48.30,4.65,124.95,6.47,173.25,"56,169.48"
1019,29/07/2022,VIB,"26,450","26,500","26,600","27,300","26,450","26,721",150,0.57,6.34,169.31,2.40,63.31,8.74,232.61,"56,064.10"
1020,28/07/2022,VIB,"25,650","26,050","26,450","26,450","25,700","26,089",800,3.12,2.36,61.59,0.47,11.94,2.83,73.53,"55,747.95"
1021,27/07/2022,VIB,"25,650","25,500","25,650","25,700","25,200","25,471",0,0.00,0.82,20.81,0.00,0.00,0.82,20.81,"54,061.81"
1022,26/07/2022,VIB,"25,750","25,700","25,650","26,150","25,500","25,755",-100,-0.39,1.14,29.32,1.05,27.23,2.19,56.55,"54,061.81"
1023,25/07/2022,VIB,"26,200","26,000","25,750","26,000","25,500","25,795",-450,-1.72,1.36,35.04,0.13,3.16,1.48,38.20,"54,272.58"
1024,22/07/2022,VIB,"25,100","25,450","26,200","26,450","25,150","25,895","1,100",4.38,4.38,113.43,0.00,0.00,4.38,113.43,"55,221.03"
1025,21/07/2022,VIB,"24,850","25,050","25,100","25,450","25,000","25,272",250,1.01,1.68,42.51,0.23,5.40,1.91,47.91,"52,902.59"
1026,20/07/2022,VIB,"24,300","24,950","24,850","25,000","24,600","24,809",550,2.26,2.05,50.77,0.04,1.06,2.09,51.83,"52,375.67"
1027,19/07/2022,VIB,"24,600","24,700","24,300","24,700","24,150","24,337",-300,-1.22,1.10,26.65,0.00,0.00,1.10,26.65,"51,216.45"
1028,18/07/2022,VIB,"24,250","24,300","24,600","24,650","24,250","24,460",350,1.44,1.39,33.90,0.00,0.00,1.39,33.90,"51,848.75"
1029,15/07/2022,VIB,"24,450","24,450","24,250","25,200","24,250","24,715",-200,-0.82,2.59,64.12,1.43,35.35,4.02,99.48,"51,111.07"
1030,14/07/2022,VIB,"24,300","24,150","24,450","24,500","23,900","24,135",150,0.62,1.21,29.28,0.53,12.77,1.75,42.04,"51,532.60"
1031,13/07/2022,VIB,"24,300","24,500","24,300","25,200","24,000","24,668",0,0.00,1.52,37.41,0.00,0.00,1.52,37.41,"51,216.45"
1032,12/07/2022,VIB,"23,900","23,750","24,300","24,900","23,650","24,121",400,1.67,1.06,25.50,0.80,20.00,1.86,45.50,"51,216.45"
1033,11/07/2022,VIB,"25,050","24,200","23,900","24,800","23,700","24,323","-1,150",-4.59,2.49,60.57,0.00,0.00,2.49,60.57,"50,373.38"
1034,08/07/2022,VIB,"25,100","25,450","25,050","25,750","25,000","25,289",-50,-0.20,1.82,46.12,0.00,0.00,1.82,46.12,"52,797.21"
1035,07/07/2022,VIB,"24,100","24,300","25,100","25,350","23,200","24,428","1,000",4.15,3.12,76.30,0.00,0.00,3.12,76.30,"52,902.59"
1036,06/07/2022,VIB,"24,100","23,300","24,100","24,500","23,300","23,927",0,0.00,1.68,40.08,0.23,5.27,1.90,45.36,"50,794.92"
1037,05/07/2022,VIB,"24,300","25,000","24,100","25,400","24,100","24,944",-200,-0.82,2.74,68.35,0.39,9.06,3.13,77.41,"50,794.92"
1038,04/07/2022,VIB,"22,750","23,100","24,300","24,300","23,100","24,054","1,550",6.81,4.23,101.81,0.30,6.95,4.53,108.75,"51,216.45"
1039,01/07/2022,VIB,"21,500","21,500","22,750","23,000","20,200","21,336","1,250",5.81,2.33,49.74,0.00,0.00,2.33,49.74,"47,949.56"
1040,30/06/2022,VIB,"22,400","22,450","21,500","22,800","21,500","22,132",-900,-4.02,1.57,34.65,0.00,0.00,1.57,34.65,"45,314.97"
1041,29/06/2022,VIB,"22,100","22,200","22,400","23,600","21,800","22,891",300,1.36,2.39,54.63,0.00,0.00,2.39,54.63,"47,211.87"
1042,28/06/2022,VIB,"20,700","20,900","22,100","22,100","20,700","21,585","1,400",6.76,1.75,37.85,0.00,0.00,1.75,37.85,"46,579.57"
1043,27/06/2022,VIB,"20,600","20,600","20,700","20,750","20,200","20,497",100,0.49,1.54,31.48,8.40,174.02,9.94,205.50,"43,628.83"
1044,24/06/2022,VIB,"20,350","20,700","20,600","20,750","20,250","20,530",250,1.23,1.39,28.54,0.00,0.00,1.39,28.54,"43,418.06"
1045,23/06/2022,VIB,"19,250","19,650","20,350","20,350","19,500","20,148","1,100",5.71,1.73,34.89,0.00,0.00,1.73,34.89,"42,891.14"
1046,22/06/2022,VIB,"18,000","18,800","19,250","19,250","18,200","18,597","1,250",6.94,4.28,79.68,9.25,175.63,13.53,255.31,"40,572.70"
1047,21/06/2022,VIB,"19,300","18,400","18,000","19,400","18,000","18,662","-1,300",-6.74,3.06,57.18,7.75,150.70,10.81,207.89,"37,938.11"
1048,20/06/2022,VIB,"20,650","20,650","19,300","21,600","19,250","19,463","-1,350",-6.54,3.20,62.34,1.06,22.41,4.26,84.75,"40,678.09"
1049,17/06/2022,VIB,"22,200","21,700","20,650","21,700","20,650","20,840","-1,550",-6.98,4.38,91.18,1.00,23.00,5.38,114.18,"43,523.45"
1050,16/06/2022,VIB,"22,000","22,400","22,200","23,000","22,100","22,504",200,0.91,0.80,17.96,1.00,23.50,1.80,41.46,"46,790.34"
1051,15/06/2022,VIB,"22,600","22,500","22,000","22,600","21,100","21,572",-600,-2.65,3.65,78.83,2.03,47.63,5.68,126.47,"46,368.80"
1052,14/06/2022,VIB,"24,250","24,200","22,600","24,200","22,600","22,995","-1,650",-6.80,2.20,50.56,0.00,0.00,2.20,50.56,"47,633.41"
1053,13/06/2022,VIB,"26,050","25,050","24,250","25,300","24,250","24,481","-1,800",-6.91,1.90,46.45,0.00,0.00,1.90,46.45,"51,111.07"
1054,10/06/2022,VIB,"26,500","26,100","26,050","26,650","26,050","26,286",-450,-1.70,0.61,15.98,0.00,0.00,0.61,15.98,"54,904.88"
1055,09/06/2022,VIB,"26,650","26,800","26,500","26,800","26,300","26,448",-150,-0.56,0.38,10.07,0.00,0.00,0.38,10.07,"55,853.33"
1056,08/06/2022,VIB,"26,000","26,500","26,650","27,000","26,000","26,602",650,2.50,0.97,25.76,5.15,133.90,6.12,159.66,"56,169.48"
1057,07/06/2022,VIB,"26,150","26,150","26,000","26,200","25,400","25,715",-150,-0.57,0.76,19.43,0.00,0.00,0.76,19.43,"54,799.50"
1058,06/06/2022,VIB,"26,100","26,100","26,150","26,150","25,800","26,054",50,0.19,1.10,28.65,8.30,216.07,9.40,244.72,"55,115.65"
1059,03/06/2022,VIB,"26,300","26,300","26,100","26,400","25,850","26,144",-200,-0.76,0.63,16.57,0.00,0.00,0.63,16.57,"55,010.26"
1060,02/06/2022,VIB,"26,500","26,500","26,300","26,750","26,050","26,437",-200,-0.75,0.75,19.90,0.00,0.00,0.75,19.90,"55,431.80"
1061,01/06/2022,VIB,"26,800","26,750","26,500","27,100","26,400","26,634",-300,-1.12,0.51,13.71,0.30,7.94,0.81,21.64,"55,853.33"
1062,31/05/2022,VIB,"27,200","27,250","26,800","27,250","26,600","26,933",-400,-1.47,0.47,12.58,1.32,36.01,1.79,48.60,"56,485.63"
1063,30/05/2022,VIB,"26,850","26,900","27,200","27,300","26,800","27,040",350,1.30,1.00,27.02,0.00,0.00,1.00,27.02,"42,245.49"
1064,27/05/2022,VIB,"26,200","26,250","26,850","26,900","26,050","26,460",650,2.48,2.06,54.52,0.00,0.00,2.06,54.52,"41,701.89"
1065,26/05/2022,VIB,"26,350","26,500","26,200","26,500","26,050","26,228",-150,-0.57,0.80,20.94,0.00,0.00,0.80,20.94,"40,692.35"
1066,25/05/2022,VIB,"25,500","25,500","26,350","26,350","25,500","25,980",850,3.33,1.08,28.19,0.25,6.38,1.33,34.56,"40,925.32"
1067,24/05/2022,VIB,"24,800","24,450","25,500","25,500","24,150","24,701",700,2.82,1.03,25.54,0.25,6.13,1.28,31.67,"39,605.15"
1068,23/05/2022,VIB,"25,850","26,000","24,800","26,000","24,800","25,331","-1,050",-4.06,0.88,22.23,0.00,0.00,0.88,22.23,"38,517.95"
1069,20/05/2022,VIB,"25,800","25,800","25,850","26,100","25,500","25,747",50,0.19,0.97,24.90,3.29,80.83,4.26,105.73,"40,148.75"
1070,19/05/2022,VIB,"26,600","25,200","25,800","26,300","25,200","25,900",-800,-3.01,1.36,35.21,2.10,55.86,3.46,91.07,"40,071.09"
1076,11/05/2022,VIB,"38,400","39,100","39,450","39,450","38,300","38,807","1,050",2.73,0.67,25.95,3.02,115.97,3.69,141.92,"61,271.49"
1077,10/05/2022,VIB,"39,000","36,500","38,400","38,700","36,500","37,747",-600,-1.54,1.15,43.37,0.00,0.00,1.15,43.37,"59,640.69"
1078,09/05/2022,VIB,"40,600","40,000","39,000","40,600","37,800","38,645","-1,600",-3.94,1.30,50.19,0.00,0.00,1.30,50.19,"60,572.58"
1079,06/05/2022,VIB,"41,800","41,000","40,600","41,700","40,500","40,877","-1,200",-2.87,0.62,25.22,9.70,392.57,10.32,417.79,"63,057.61"
1080,05/05/2022,VIB,"40,400","41,500","41,800","42,000","40,600","41,173","1,400",3.47,0.70,28.91,0.00,0.00,0.70,28.91,"64,921.38"
1071,18/05/2022,VIB,"26,600","27,000","26,600","27,050","26,000","26,757",0,0.00,1.19,31.71,0.27,7.24,1.46,38.95,"41,313.60"
1072,17/05/2022,VIB,"25,550","25,500","26,600","26,750","24,400","25,646","1,050",4.11,1.73,44.26,2.68,68.65,4.40,112.92,"41,313.60"
1073,16/05/2022,VIB,"25,300","25,100","25,550","27,000","23,550","24,860",250,0.99,3.90,96.97,0.00,0.00,3.90,96.97,"39,682.80"
1074,13/05/2022,VIB,"27,200","27,000","25,300","27,900","25,300","25,793","-1,900",-6.99,1.76,45.29,0.00,0.00,1.76,45.29,"39,294.52"
1075,12/05/2022,VIB,"39,450","39,000","36,700","39,300","36,700","38,170","-2,750",-6.97,1.51,57.71,0.00,0.00,1.51,57.71,"57,000.35"
1081,04/05/2022,VIB,"43,000","43,500","40,400","43,500","40,400","42,856","-2,600",-6.05,0.62,26.64,0.00,0.00,0.62,26.64,"62,746.98"
1082,29/04/2022,VIB,"41,400","41,500","43,000","43,250","41,250","42,726","1,600",3.86,1.47,62.70,0.00,0.00,1.47,62.70,"66,785.15"
1083,28/04/2022,VIB,"41,800","41,150","41,400","42,050","41,100","41,487",-400,-0.96,0.49,20.53,0.52,21.37,1.01,41.90,"64,300.12"
1084,27/04/2022,VIB,"41,100","41,000","41,800","41,800","40,000","40,920",700,1.70,0.68,27.67,1.46,59.87,2.13,87.54,"64,921.38"
1085,26/04/2022,VIB,"39,950","39,500","41,100","41,100","37,250","39,287","1,150",2.88,1.08,42.53,0.00,0.00,1.08,42.53,"63,834.18"
1086,25/04/2022,VIB,"42,500","42,500","39,950","42,500","39,550","40,625","-2,550",-6.00,1.17,47.68,0.05,2.14,1.22,49.82,"62,048.06"
1087,22/04/2022,VIB,"42,000","42,000","42,500","43,150","40,000","42,316",500,1.19,1.05,44.51,0.00,0.00,1.05,44.51,"66,008.58"
1088,21/04/2022,VIB,"41,350","41,500","42,000","42,000","38,600","40,617",650,1.57,1.57,63.91,0.00,0.00,1.57,63.91,"65,232.01"
1089,20/04/2022,VIB,"42,500","42,500","41,350","42,850","41,350","42,066","-1,150",-2.71,0.66,27.73,0.00,0.00,0.66,27.73,"64,222.46"
1090,19/04/2022,VIB,"43,200","43,200","42,500","43,500","41,900","42,876",-700,-1.62,0.95,40.61,0.00,0.00,0.95,40.61,"66,008.58"
1091,18/04/2022,VIB,"43,800","43,500","43,200","43,750","42,200","42,857",-600,-1.37,1.63,69.98,0.00,0.00,1.63,69.98,"67,095.78"
1092,15/04/2022,VIB,"44,750","44,500","43,800","44,750","43,750","44,080",-950,-2.12,1.15,50.73,0.06,2.50,1.21,53.23,"68,027.66"
1093,14/04/2022,VIB,"45,000","45,000","44,750","45,300","44,650","44,948",-250,-0.56,0.55,24.79,0.00,0.00,0.55,24.79,"69,503.15"
1094,13/04/2022,VIB,"44,200","44,300","45,000","45,250","43,400","44,273",800,1.81,0.89,39.20,0.02,0.86,0.91,40.06,"69,891.43"
1095,12/04/2022,VIB,"45,000","45,500","44,200","45,600","44,200","44,997",-800,-1.78,0.99,44.61,0.00,0.00,0.99,44.61,"68,648.92"
1096,08/04/2022,VIB,"46,700","47,000","45,000","47,000","45,000","45,827","-1,700",-3.64,1.43,65.56,0.02,0.92,1.45,66.47,"69,891.43"
1097,07/04/2022,VIB,"47,400","47,500","46,700","48,200","46,700","47,571",-700,-1.48,1.51,71.83,0.00,0.00,1.51,71.83,"72,531.78"
1098,06/04/2022,VIB,"46,850","46,800","47,400","48,400","46,400","47,080",550,1.17,2.00,94.10,0.18,8.46,2.18,102.56,"73,618.98"
1099,05/04/2022,VIB,"47,800","47,650","46,850","47,800","46,850","47,343",-950,-1.99,1.42,67.04,0.00,0.00,1.42,67.04,"72,764.75"
1100,04/04/2022,VIB,"47,900","48,800","47,800","48,800","47,600","48,108",-100,-0.21,1.72,82.96,0.00,0.00,1.72,82.96,"74,240.24"
1101,01/04/2022,VIB,"47,050","47,000","47,900","48,450","46,750","47,747",850,1.81,2.66,126.88,0.00,0.00,2.66,126.88,"74,395.55"
1102,31/03/2022,VIB,"47,000","46,800","47,050","47,100","46,500","46,784",50,0.11,1.28,59.80,0.00,0.00,1.28,59.80,"73,075.38"
1103,30/03/2022,VIB,"44,900","44,800","47,000","47,000","44,800","46,322","2,100",4.68,3.65,169.21,0.00,0.00,3.65,169.21,"72,997.72"
1104,29/03/2022,VIB,"43,950","43,950","44,900","45,150","43,950","44,742",950,2.16,1.06,47.43,0.00,0.00,1.06,47.43,"69,736.12"
1105,28/03/2022,VIB,"44,500","44,300","43,950","44,500","43,550","44,016",-550,-1.24,0.91,39.91,0.00,0.00,0.91,39.91,"68,260.63"
1106,25/03/2022,VIB,"44,700","44,700","44,500","44,850","44,500","44,659",-200,-0.45,0.76,34.03,0.08,3.77,0.85,37.80,"69,114.86"
1107,24/03/2022,VIB,"45,000","45,000","44,700","45,000","44,400","44,709",-300,-0.67,1.07,47.65,0.00,0.00,1.07,47.65,"69,425.49"
1108,23/03/2022,VIB,"45,100","45,200","45,000","45,700","44,800","45,113",-100,-0.22,0.67,30.07,0.00,0.00,0.67,30.07,"69,891.43"
1109,22/03/2022,VIB,"44,800","45,050","45,100","45,500","44,900","45,117",300,0.67,0.86,38.76,0.00,0.00,0.86,38.76,"70,046.75"
1110,21/03/2022,VIB,"44,300","44,600","44,800","44,800","44,400","44,550",500,1.13,1.30,58.10,0.00,0.00,1.30,58.10,"69,580.81"
1111,18/03/2022,VIB,"44,200","44,250","44,300","44,400","44,000","44,239",100,0.23,0.62,27.49,0.00,0.00,0.62,27.49,"68,804.23"
1112,17/03/2022,VIB,"44,050","44,600","44,200","44,900","44,200","44,500",150,0.34,0.56,24.94,0.00,0.00,0.56,24.94,"68,648.92"
1113,16/03/2022,VIB,"43,250","44,150","44,050","44,500","43,800","44,243",800,1.85,1.02,45.13,0.03,1.07,1.05,46.20,"68,415.95"
1114,15/03/2022,VIB,"43,000","43,200","43,250","43,800","42,850","43,102",250,0.58,1.06,45.52,0.00,0.00,1.06,45.52,"67,173.43"
1115,14/03/2022,VIB,"43,700","43,500","43,000","43,600","43,000","43,150",-700,-1.60,1.68,72.29,0.73,31.78,2.41,104.07,"66,785.15"
1116,11/03/2022,VIB,"44,400","43,500","43,700","44,500","43,500","43,911",-700,-1.58,1.35,59.45,0.00,0.00,1.35,59.45,"67,872.35"
1117,10/03/2022,VIB,"44,500","45,300","44,400","45,300","44,400","44,897",-100,-0.22,0.90,40.44,0.00,0.00,0.90,40.44,"68,959.55"
1118,09/03/2022,VIB,"44,600","44,500","44,500","44,800","42,900","43,979",-100,-0.22,2.10,92.36,0.00,0.00,2.10,92.36,"69,114.86"
1119,08/03/2022,VIB,"44,900","44,800","44,600","45,400","44,350","45,007",-300,-0.67,2.09,94.21,0.00,0.00,2.09,94.21,"69,270.18"
1120,07/03/2022,VIB,"45,800","45,500","44,900","45,500","44,900","45,181",-900,-1.97,1.31,59.20,0.05,2.30,1.36,61.50,"69,736.12"
1121,04/03/2022,VIB,"46,000","45,900","45,800","46,300","45,400","45,700",-200,-0.43,0.96,44.01,0.00,0.00,0.96,44.01,"71,133.95"
1122,03/03/2022,VIB,"45,800","45,450","46,000","46,000","44,400","45,134",200,0.44,2.26,101.96,0.00,0.00,2.26,101.96,"71,444.58"
1123,02/03/2022,VIB,"47,000","46,600","45,800","46,600","44,100","45,572","-1,200",-2.55,4.37,199.12,0.05,2.30,4.42,201.42,"71,133.95"
1124,01/03/2022,VIB,"46,900","46,800","47,000","47,000","46,200","46,552",100,0.21,1.55,72.38,0.00,0.00,1.55,72.38,"72,997.72"
1125,28/02/2022,VIB,"47,400","47,500","46,900","47,600","46,900","47,074",-500,-1.05,1.38,64.76,0.00,0.00,1.38,64.76,"72,842.41"
1126,25/02/2022,VIB,"46,850","47,100","47,400","47,650","47,000","47,403",550,1.17,2.37,112.42,0.00,0.00,2.37,112.42,"73,618.98"
1127,24/02/2022,VIB,"46,900","46,650","46,850","47,200","45,000","46,498",-50,-0.11,3.09,143.55,0.00,0.00,3.09,143.55,"72,764.75"
1128,23/02/2022,VIB,"46,500","47,000","46,900","47,850","46,700","47,177",400,0.86,1.99,93.94,0.55,25.58,2.54,119.52,"72,842.41"
1129,22/02/2022,VIB,"46,600","46,000","46,500","46,800","45,700","46,246",-100,-0.21,1.81,83.67,0.00,0.00,1.81,83.67,"72,221.15"
1130,21/02/2022,VIB,"46,850","46,200","46,600","46,850","46,150","46,439",-250,-0.53,1.90,88.16,0.00,0.00,1.90,88.16,"72,376.46"
1131,18/02/2022,VIB,"46,800","46,600","46,850","47,400","46,400","46,930",50,0.11,1.50,70.35,0.24,11.23,1.74,81.58,"72,764.75"
1132,17/02/2022,VIB,"45,600","46,000","46,800","46,800","45,600","46,431","1,200",2.63,1.58,73.21,0.29,12.37,1.86,85.58,"72,687.09"
1133,16/02/2022,VIB,"46,200","46,200","45,600","46,200","45,400","45,730",-600,-1.30,2.39,109.45,9.48,464.10,11.87,573.54,"70,823.32"
1134,15/02/2022,VIB,"45,900","46,000","46,200","46,700","45,000","46,077",300,0.65,2.59,119.26,4.36,200.12,6.95,319.38,"71,755.21"
1135,14/02/2022,VIB,"47,700","46,800","45,900","47,450","45,900","46,641","-1,800",-3.77,3.44,160.27,0.46,20.42,3.90,180.70,"71,289.26"
1136,11/02/2022,VIB,"47,600","47,300","47,700","48,300","47,250","47,779",100,0.21,1.58,75.61,0.00,0.00,1.58,75.61,"74,084.92"
1137,10/02/2022,VIB,"47,900","47,600","47,600","48,100","47,200","47,667",-300,-0.63,1.85,88.38,0.00,0.00,1.85,88.38,"73,929.61"
1138,09/02/2022,VIB,"48,000","48,450","47,900","49,000","47,700","48,442",-100,-0.21,2.90,140.47,0.61,27.70,3.51,168.17,"74,395.55"
1139,08/02/2022,VIB,"47,350","46,600","48,000","48,000","46,600","47,548",650,1.37,2.46,117.03,0.00,0.00,2.46,117.03,"74,550.86"
1140,07/02/2022,VIB,"47,550","47,900","47,350","48,500","47,350","47,812",-200,-0.42,1.53,73.11,0.00,0.00,1.53,73.11,"73,541.32"
1141,28/01/2022,VIB,"46,800","47,300","47,550","48,900","46,700","47,921",750,1.60,3.61,172.83,0.00,0.00,3.61,172.83,"73,851.95"
1142,27/01/2022,VIB,"47,100","47,150","46,800","48,000","46,300","47,085",-300,-0.64,1.80,84.68,0.00,0.00,1.80,84.68,"72,687.09"
1143,26/01/2022,VIB,"45,800","46,000","47,100","48,000","45,800","47,050","1,300",2.84,4.29,201.66,0.00,0.00,4.29,201.66,"73,153.03"
1144,25/01/2022,VIB,"44,100","44,100","45,800","45,800","44,000","44,680","1,700",3.85,1.45,64.99,0.00,0.00,1.45,64.99,"71,133.95"
1145,24/01/2022,VIB,"45,100","44,900","44,100","45,950","44,000","45,027","-1,000",-2.22,1.53,69.01,0.00,0.00,1.53,69.01,"68,493.61"
1146,21/01/2022,VIB,"44,000","43,500","45,100","46,000","43,450","44,765","1,100",2.50,2.32,104.00,0.00,0.00,2.32,104.00,"70,046.75"
1147,20/01/2022,VIB,"43,600","43,600","44,000","44,500","42,100","43,016",400,0.92,2.77,119.00,0.00,0.00,2.77,119.00,"68,338.29"
1148,19/01/2022,VIB,"43,400","43,200","43,600","44,600","43,200","43,683",200,0.46,1.23,53.86,0.00,0.00,1.23,53.86,"67,717.03"
1149,18/01/2022,VIB,"44,000","43,500","43,400","44,900","42,100","43,252",-600,-1.36,3.25,140.50,0.00,0.00,3.25,140.50,"67,406.41"
1150,17/01/2022,VIB,"45,900","45,900","44,000","46,700","43,500","45,204","-1,900",-4.14,3.08,139.34,0.00,0.00,3.08,139.34,"68,338.29"
1151,14/01/2022,VIB,"46,600","45,700","45,900","46,500","45,000","45,823",-700,-1.50,1.32,60.43,0.00,0.00,1.32,60.43,"71,289.26"
1152,13/01/2022,VIB,"46,950","47,400","46,600","48,500","46,500","47,629",-350,-0.75,4.11,195.60,0.00,0.00,4.11,195.60,"72,376.46"
1153,12/01/2022,VIB,"44,700","44,700","46,950","47,300","42,700","45,751","2,250",5.03,2.89,132.13,0.00,0.00,2.89,132.13,"72,920.06"
1154,11/01/2022,VIB,"45,500","45,500","44,700","46,000","44,300","45,083",-800,-1.76,1.70,76.54,0.00,0.00,1.70,76.54,"69,425.49"
1155,10/01/2022,VIB,"46,200","45,900","45,500","46,300","44,500","45,338",-700,-1.52,3.79,171.62,0.00,0.00,3.79,171.62,"70,668.01"
1156,07/01/2022,VIB,"46,700","46,450","46,200","47,000","46,150","46,442",-500,-1.07,2.22,102.93,0.00,0.00,2.22,102.93,"71,755.21"
1157,06/01/2022,VIB,"47,450","46,800","46,700","48,400","46,300","47,047",-750,-1.58,4.19,197.14,2.06,97.35,6.25,294.48,"72,531.78"
1158,05/01/2022,VIB,"47,650","47,650","47,450","48,850","46,850","47,737",-200,-0.42,1.97,93.87,0.00,0.00,1.97,93.87,"73,696.64"
1159,04/01/2022,VIB,"47,300","47,950","47,650","48,050","47,250","47,591",350,0.74,2.31,110.00,0.28,14.03,2.59,124.03,"74,007.26"
1160,31/12/2021,VIB,"44,250","44,300","47,300","47,300","44,300","46,867","3,050",6.89,9.61,450.54,0.00,0.00,9.61,450.54,"73,463.66"
1161,30/12/2021,VIB,"44,100","44,100","44,250","45,000","44,100","44,592",150,0.34,1.45,64.64,0.00,0.00,1.45,64.64,"68,726.58"
1162,29/12/2021,VIB,"42,900","43,300","44,100","45,000","43,250","44,434","1,200",2.80,3.33,147.94,0.25,10.75,3.58,158.69,"68,493.61"
1163,28/12/2021,VIB,"43,200","42,900","42,900","44,000","42,300","43,107",-300,-0.69,1.46,62.97,8.90,373.80,10.36,436.77,"66,629.83"
1164,27/12/2021,VIB,"43,650","44,000","43,200","44,000","41,500","43,426",-450,-1.03,0.99,43.21,9.00,378.00,9.99,421.21,"67,095.78"
1165,24/12/2021,VIB,"42,200","41,700","43,650","44,000","41,600","42,734","1,450",3.44,1.62,69.05,0.00,0.00,1.62,69.05,"67,794.69"
1166,23/12/2021,VIB,"43,500","42,800","42,200","42,800","40,750","41,518","-1,300",-2.99,3.02,125.35,0.00,0.00,3.02,125.35,"65,542.63"
1167,22/12/2021,VIB,"44,100","44,100","43,500","44,200","41,600","42,995",-600,-1.36,3.40,146.07,0.00,0.00,3.40,146.07,"67,561.72"
1168,21/12/2021,VIB,"45,500","45,450","44,100","45,500","44,100","44,809","-1,400",-3.08,1.97,88.22,0.00,0.00,1.97,88.22,"68,493.61"
1169,20/12/2021,VIB,"43,850","43,850","45,500","45,500","43,400","44,157","1,650",3.76,4.09,180.71,0.00,0.00,4.09,180.71,"70,668.01"
1170,17/12/2021,VIB,"44,000","44,450","43,850","44,600","43,600","44,002",-150,-0.34,1.37,60.39,0.00,0.00,1.37,60.39,"68,105.32"
1171,16/12/2021,VIB,"43,700","44,000","44,000","44,900","43,900","44,200",300,0.69,2.49,110.02,0.00,0.00,2.49,110.02,"68,338.29"
1172,15/12/2021,VIB,"42,800","43,100","43,700","43,900","42,550","43,257",900,2.10,2.51,108.61,0.97,41.10,3.48,149.71,"67,872.35"
1173,14/12/2021,VIB,"43,000","42,750","42,800","43,500","42,300","42,986",-200,-0.47,1.31,56.20,0.00,0.00,1.31,56.20,"66,474.52"
1174,13/12/2021,VIB,"43,000","43,500","43,000","43,500","42,250","42,938",0,0.00,2.22,95.50,0.00,0.00,2.22,95.50,"66,785.15"
1175,10/12/2021,VIB,"42,500","43,150","43,000","43,550","42,750","43,157",500,1.18,2.18,93.93,0.02,0.82,2.20,94.75,"66,785.15"
1176,09/12/2021,VIB,"41,800","42,000","42,500","42,500","41,800","42,139",700,1.67,1.47,62.09,0.00,0.00,1.47,62.09,"66,008.58"
1177,08/12/2021,VIB,"40,950","41,000","41,800","42,950","40,750","41,607",850,2.08,1.41,58.87,0.00,0.00,1.41,58.87,"64,921.38"
1178,07/12/2021,VIB,"40,600","40,800","40,950","41,500","40,500","40,971",350,0.86,1.22,49.85,0.00,0.00,1.22,49.85,"63,601.21"
1179,06/12/2021,VIB,"42,400","42,800","40,600","42,800","39,450","41,093","-1,800",-4.25,3.61,148.31,5.13,230.85,8.74,379.16,"63,057.61"
1180,03/12/2021,VIB,"42,900","42,600","42,400","44,400","42,400","43,276",-500,-1.17,3.13,135.41,0.00,0.00,3.13,135.41,"65,853.26"
1181,02/12/2021,VIB,"43,000","43,400","42,900","44,100","42,700","43,366",-100,-0.23,2.18,94.70,0.00,0.00,2.18,94.70,"66,629.83"
1182,01/12/2021,VIB,"42,200","42,300","43,000","43,000","41,350","42,103",800,1.90,3.55,149.31,0.03,1.07,3.57,150.38,"66,785.15"
1183,30/11/2021,VIB,"43,650","44,300","42,200","44,650","40,600","43,195","-1,450",-3.32,5.08,219.47,0.00,0.00,5.08,219.47,"65,542.63"
1184,29/11/2021,VIB,"45,000","44,200","43,650","44,600","43,000","43,880","-1,350",-3.00,3.62,159.04,0.00,0.00,3.62,159.04,"67,794.69"
1185,26/11/2021,VIB,"44,650","44,750","45,000","46,300","44,100","45,072",350,0.78,4.18,188.50,0.00,0.00,4.18,188.50,"69,891.43"
1186,25/11/2021,VIB,"44,800","45,300","44,650","45,700","44,000","44,714",-150,-0.33,3.34,149.38,0.00,0.00,3.34,149.38,"69,347.83"
1187,24/11/2021,VIB,"41,900","41,700","44,800","44,800","41,500","43,942","2,900",6.92,8.20,360.29,4.10,175.09,12.30,535.38,"69,580.81"
1188,23/11/2021,VIB,"41,700","42,100","41,900","42,200","40,600","41,568",200,0.48,2.72,113.15,0.00,0.00,2.72,113.15,"65,076.69"
1189,22/11/2021,VIB,"39,000","39,900","41,700","41,700","39,600","41,378","2,700",6.92,8.38,346.57,2.44,90.57,10.82,437.14,"64,766.06"
1190,19/11/2021,VIB,"37,800","37,800","39,000","39,500","37,650","38,747","1,200",3.17,5.96,230.81,2.84,107.35,8.80,338.16,"60,572.58"
1191,18/11/2021,VIB,"38,350","38,350","37,800","38,350","37,650","37,919",-550,-1.43,1.26,47.60,0.00,0.00,1.26,47.60,"58,708.81"
1192,17/11/2021,VIB,"38,050","38,000","38,350","38,500","37,800","38,218",300,0.79,1.41,53.93,3.82,148.98,5.23,202.91,"59,563.03"
1193,16/11/2021,VIB,"38,350","38,200","38,050","38,800","37,850","38,359",-300,-0.78,1.69,64.92,11.47,454.84,13.16,519.75,"59,097.09"
1194,15/11/2021,VIB,"38,300","39,000","38,350","39,000","38,150","38,489",50,0.13,1.75,67.23,0.00,0.00,1.75,67.23,"59,563.03"
1195,12/11/2021,VIB,"37,800","37,900","38,300","38,350","37,000","37,663",500,1.32,0.99,37.21,0.00,0.00,0.99,37.21,"59,485.38"
1196,11/11/2021,VIB,"37,900","37,900","37,800","38,000","36,700","37,345",-100,-0.26,1.65,61.62,0.00,0.00,1.65,61.62,"58,708.81"
1197,10/11/2021,VIB,"38,000","38,000","37,900","38,100","37,650","37,861",-100,-0.26,0.99,37.42,0.00,0.00,0.99,37.42,"58,864.12"
1198,09/11/2021,VIB,"37,650","37,700","38,000","38,300","37,600","37,961",350,0.93,1.36,51.78,0.00,0.00,1.36,51.78,"59,019.43"
1199,08/11/2021,VIB,"38,000","38,000","37,650","39,000","37,400","37,832",-350,-0.92,1.54,58.24,5.12,199.68,6.66,257.92,"58,475.83"
1200,05/11/2021,VIB,"38,300","38,400","38,000","38,450","37,500","37,838",-300,-0.78,0.76,28.72,0.00,0.00,0.76,28.72,"59,019.43"
1201,04/11/2021,VIB,"38,700","38,900","38,300","39,050","38,150","38,481",-400,-1.03,0.67,25.84,0.00,0.00,0.67,25.84,"59,485.38"
1202,03/11/2021,VIB,"37,450","37,550","38,700","39,000","37,500","38,475","1,250",3.34,3.04,116.94,0.16,5.85,3.20,122.79,"60,106.63"
1203,02/11/2021,VIB,"36,600","36,550","37,450","37,450","36,150","37,080",850,2.32,1.44,53.48,2.51,90.36,3.95,143.84,"58,165.21"
1204,01/11/2021,VIB,"37,000","37,000","36,600","37,100","36,550","36,737",-400,-1.08,0.85,31.14,0.00,0.00,0.85,31.14,"56,845.03"
1205,29/10/2021,VIB,"37,200","37,150","37,000","37,200","36,600","36,937",-200,-0.54,1.05,38.85,0.00,0.00,1.05,38.85,"57,466.29"
1206,28/10/2021,VIB,"37,100","37,100","37,200","37,500","36,500","36,980",100,0.27,1.15,42.41,0.03,1.04,1.18,43.44,"57,776.92"
1207,27/10/2021,VIB,"36,800","37,000","37,100","37,150","36,300","36,921",300,0.82,1.82,67.36,0.02,0.69,1.84,68.05,"57,621.61"
1208,26/10/2021,VIB,"36,150","36,000","36,800","36,800","35,700","36,228",650,1.80,1.19,43.01,0.00,0.00,1.19,43.01,"57,155.66"
1209,25/10/2021,VIB,"36,900","36,900","36,150","36,900","36,000","36,277",-750,-2.03,0.66,23.94,0.00,0.00,0.66,23.94,"56,146.12"
1210,22/10/2021,VIB,"36,900","36,950","36,900","37,250","36,450","36,783",0,0.00,0.93,34.06,0.00,0.00,0.93,34.06,"57,310.98"
1211,21/10/2021,VIB,"36,600","36,700","36,900","37,300","36,400","36,890",300,0.82,1.66,61.41,0.00,0.00,1.66,61.41,"57,310.98"
1212,20/10/2021,VIB,"36,400","36,200","36,600","37,000","35,850","36,302",200,0.55,1.26,45.59,0.00,0.00,1.26,45.59,"56,845.03"
1213,19/10/2021,VIB,"36,550","36,650","36,400","36,650","35,900","36,115",-150,-0.41,0.78,28.29,0.52,19.01,1.30,47.30,"56,534.40"
1214,18/10/2021,VIB,"36,700","36,700","36,550","36,900","36,000","36,346",-150,-0.41,0.86,31.40,0.00,0.00,0.86,31.40,"56,767.38"
1215,15/10/2021,VIB,"36,400","36,400","36,700","36,900","36,000","36,353",300,0.82,1.25,45.44,0.30,11.45,1.55,56.89,"57,000.35"
1216,14/10/2021,VIB,"36,200","36,400","36,400","37,000","36,150","36,562",200,0.55,0.83,30.18,0.00,0.00,0.83,30.18,"56,534.40"
1217,13/10/2021,VIB,"36,100","36,200","36,200","36,300","35,500","35,956",100,0.28,1.08,38.92,0.04,1.34,1.12,40.26,"56,223.78"
1218,12/10/2021,VIB,"35,650","36,200","36,100","36,500","35,950","36,188",450,1.26,1.39,50.23,0.00,0.00,1.39,50.23,"56,068.46"
1219,11/10/2021,VIB,"34,600","34,900","35,650","35,700","34,900","35,379","1,050",3.03,1.41,49.72,0.00,0.00,1.41,49.72,"55,369.55"
1220,08/10/2021,VIB,"34,350","34,600","34,600","34,650","34,000","34,409",250,0.73,1.13,38.89,0.00,0.00,1.13,38.89,"53,738.75"
1221,07/10/2021,VIB,"34,500","34,400","34,350","34,750","33,800","34,291",-150,-0.43,1.00,34.32,0.00,0.00,1.00,34.32,"53,350.46"
1222,06/10/2021,VIB,"34,450","34,450","34,500","34,800","34,300","34,480",50,0.15,0.85,29.36,0.00,0.00,0.85,29.36,"53,583.43"
1223,05/10/2021,VIB,"33,250","33,400","34,450","34,450","33,400","34,195","1,200",3.61,1.44,49.25,0.00,0.00,1.44,49.25,"53,505.78"
1224,04/10/2021,VIB,"34,300","34,400","33,250","34,900","33,250","33,776","-1,050",-3.06,2.27,76.68,0.00,0.00,2.27,76.68,"51,642.00"
1225,01/10/2021,VIB,"35,350","35,350","34,300","35,550","34,300","34,972","-1,050",-2.97,1.67,58.26,0.64,20.94,2.30,79.20,"53,272.80"
1226,30/09/2021,VIB,"35,950","35,900","35,350","36,450","35,200","35,574",-600,-1.67,2.05,72.88,0.02,0.79,2.07,73.67,"54,903.60"
1227,29/09/2021,VIB,"36,500","36,450","35,950","36,550","35,550","35,953",-550,-1.51,1.64,58.99,0.00,0.00,1.64,58.99,"55,835.49"
1228,28/09/2021,VIB,"36,500","36,600","36,500","37,000","36,100","36,394",0,0.00,0.99,36.21,0.00,0.00,0.99,36.21,"56,689.72"
1229,27/09/2021,VIB,"38,450","38,300","36,500","38,450","36,500","37,420","-1,950",-5.07,1.54,57.49,0.00,0.00,1.54,57.49,"56,689.72"
1230,24/09/2021,VIB,"37,800","38,000","38,450","38,700","38,000","38,478",650,1.72,2.16,83.19,0.00,0.00,2.16,83.19,"59,718.35"
1231,23/09/2021,VIB,"38,800","38,600","37,800","38,800","37,750","38,133","-1,000",-2.58,3.01,114.87,0.00,0.00,3.01,114.87,"58,708.81"
1232,22/09/2021,VIB,"39,500","40,000","38,800","40,000","38,700","39,159",-700,-1.77,1.07,41.92,0.00,0.00,1.07,41.92,"60,261.95"
1233,21/09/2021,VIB,"38,500","38,500","39,500","39,500","38,100","39,068","1,000",2.60,3.52,137.47,0.00,0.00,3.52,137.47,"61,349.15"
1234,20/09/2021,VIB,"36,000","36,400","38,500","38,500","36,400","37,550","2,500",6.94,4.02,150.81,0.24,8.64,4.26,159.45,"59,796.01"
1235,17/09/2021,VIB,"35,200","35,250","36,000","36,200","35,200","35,766",800,2.27,0.73,26.13,0.00,0.00,0.73,26.13,"55,913.15"
1236,16/09/2021,VIB,"35,150","35,300","35,200","36,300","35,150","35,367",50,0.14,0.45,15.92,0.00,0.00,0.45,15.92,"54,670.63"
1237,15/09/2021,VIB,"35,400","35,200","35,150","35,400","35,000","35,213",-250,-0.71,0.57,20.23,0.06,1.94,0.63,22.17,"54,592.98"
1238,14/09/2021,VIB,"35,900","35,900","35,400","35,900","35,350","35,661",-500,-1.39,0.86,30.69,0.00,0.00,0.86,30.69,"54,981.26"
1239,13/09/2021,VIB,"36,300","36,200","35,900","36,300","35,700","35,879",-400,-1.10,0.87,31.13,0.00,0.00,0.87,31.13,"55,757.83"
1240,10/09/2021,VIB,"36,600","36,650","36,300","36,700","36,100","36,339",-300,-0.82,0.73,26.44,0.00,0.00,0.73,26.44,"56,379.09"
1241,09/09/2021,VIB,"36,550","36,600","36,600","36,600","36,200","36,422",50,0.14,0.46,16.75,0.00,0.00,0.46,16.75,"56,845.03"
1242,08/09/2021,VIB,"36,500","36,800","36,550","37,250","36,400","36,895",50,0.14,1.36,50.23,0.00,0.00,1.36,50.23,"56,767.38"
1243,07/09/2021,VIB,"35,800","35,900","36,500","36,950","35,900","36,569",700,1.96,1.48,54.05,0.00,0.00,1.48,54.05,"56,689.72"
1244,06/09/2021,VIB,"36,050","36,000","35,800","36,200","35,500","35,800",-250,-0.69,1.04,37.25,0.00,0.00,1.04,37.25,"55,602.52"
1245,01/09/2021,VIB,"36,250","36,000","36,050","36,200","35,900","36,039",-200,-0.55,0.63,22.54,0.00,0.00,0.63,22.54,"55,990.80"
1246,31/08/2021,VIB,"36,450","37,000","36,250","37,300","36,000","36,550",-200,-0.55,0.92,33.53,0.00,0.00,0.92,33.53,"56,301.43"
1247,30/08/2021,VIB,"36,000","36,000","36,450","36,600","35,800","36,217",450,1.25,1.14,41.33,0.34,11.60,1.48,52.92,"56,612.06"
1248,27/08/2021,VIB,"36,300","35,600","36,000","36,300","34,500","35,342",-300,-0.83,1.54,54.41,0.00,0.00,1.54,54.41,"55,913.15"
1249,26/08/2021,VIB,"37,000","37,000","36,300","37,300","36,200","36,516",-700,-1.89,0.80,29.23,0.60,22.20,1.40,51.43,"56,379.09"
1250,25/08/2021,VIB,"35,850","36,050","37,000","37,500","36,050","36,733","1,150",3.21,0.91,33.27,0.04,1.27,0.94,34.54,"57,466.29"
1251,24/08/2021,VIB,"36,000","35,700","35,850","36,600","34,750","35,723",-150,-0.42,1.41,50.32,0.00,0.00,1.41,50.32,"55,680.18"
1252,23/08/2021,VIB,"38,700","38,500","36,000","38,700","36,000","36,614","-2,700",-6.98,4.86,177.99,0.00,0.00,4.86,177.99,"55,913.15"
1253,20/08/2021,VIB,"40,550","40,800","38,700","40,800","37,800","39,628","-1,850",-4.56,2.61,103.44,0.00,0.00,2.61,103.44,"60,106.63"
1254,19/08/2021,VIB,"41,100","40,900","40,550","41,000","40,500","40,660",-550,-1.34,1.03,41.93,0.00,0.00,1.03,41.93,"62,979.95"
1255,18/08/2021,VIB,"41,650","41,650","41,100","41,700","41,000","41,327",-550,-1.32,2.07,85.47,0.00,0.00,2.07,85.47,"63,834.18"
1256,17/08/2021,VIB,"41,800","42,300","41,650","42,350","41,500","41,995",-150,-0.36,1.47,61.73,0.00,0.00,1.47,61.73,"64,688.41"
1257,16/08/2021,VIB,"40,800","40,800","41,800","41,900","40,400","41,008","1,000",2.45,1.88,77.10,0.89,35.44,2.77,112.54,"64,921.38"
1258,13/08/2021,VIB,"41,000","41,000","40,800","41,300","40,400","40,860",-200,-0.49,1.38,56.23,0.00,0.00,1.38,56.23,"63,368.23"
1259,12/08/2021,VIB,"41,600","41,600","41,000","41,700","41,000","41,226",-600,-1.44,1.85,76.33,0.00,0.00,1.85,76.33,"63,678.86"
1260,11/08/2021,VIB,"41,800","41,900","41,600","42,400","41,550","41,858",-200,-0.48,1.32,55.37,0.00,0.00,1.32,55.37,"64,610.75"
1261,10/08/2021,VIB,"42,000","42,500","41,800","42,500","41,750","42,036",-200,-0.48,1.50,62.90,0.00,0.00,1.50,62.90,"64,921.38"
1262,09/08/2021,VIB,"41,700","41,550","42,000","42,150","41,150","41,693",300,0.72,1.31,54.76,0.00,0.00,1.31,54.76,"65,232.01"
1263,06/08/2021,VIB,"42,000","42,200","41,700","42,250","41,700","41,995",-300,-0.71,1.29,54.30,0.00,0.00,1.29,54.30,"64,766.06"
1264,05/08/2021,VIB,"41,350","41,350","42,000","42,200","41,000","41,715",650,1.57,2.09,87.34,0.00,0.00,2.09,87.34,"65,232.01"
1265,04/08/2021,VIB,"41,600","41,650","41,350","41,700","41,200","41,411",-250,-0.60,1.20,49.66,0.04,1.74,1.24,51.40,"64,222.46"
1266,03/08/2021,VIB,"41,750","41,900","41,600","42,000","41,300","41,655",-150,-0.36,1.28,53.26,0.00,0.00,1.28,53.26,"64,610.75"
1267,02/08/2021,VIB,"41,600","41,600","41,750","41,950","41,000","41,603",150,0.36,2.01,83.69,0.31,12.58,2.32,96.26,"64,843.72"
1268,30/07/2021,VIB,"40,550","40,600","41,600","41,700","40,600","41,250","1,050",2.59,1.88,77.60,0.00,0.00,1.88,77.60,"64,610.75"
1269,29/07/2021,VIB,"40,300","40,350","40,550","40,850","40,350","40,530",250,0.62,0.75,30.53,0.00,0.00,0.75,30.53,"62,979.95"
1270,28/07/2021,VIB,"39,700","39,000","40,300","41,100","39,000","40,459",600,1.51,1.22,49.49,0.00,0.00,1.22,49.49,"62,591.66"
1271,27/07/2021,VIB,"38,550","39,100","39,700","40,000","38,800","39,519","1,150",2.98,0.89,35.34,0.50,19.25,1.39,54.59,"61,659.78"
1272,26/07/2021,VIB,"40,200","39,050","38,550","40,000","38,200","38,751","-1,650",-4.10,1.71,66.14,0.00,0.00,1.71,66.14,"59,873.66"
1273,23/07/2021,VIB,"41,700","41,400","40,200","41,500","40,200","40,846","-1,500",-3.60,1.45,59.21,0.00,0.00,1.45,59.21,"62,436.35"
1274,22/07/2021,VIB,"41,100","41,000","41,700","41,900","40,000","41,141",600,1.46,1.20,49.40,7.75,325.50,8.95,374.90,"64,766.06"
1275,21/07/2021,VIB,"42,000","43,000","41,100","43,000","41,100","42,100",-900,-2.14,0.74,31.04,0.00,0.00,0.74,31.04,"63,834.18"
1276,20/07/2021,VIB,"41,750","41,000","42,000","42,000","39,000","40,170",250,0.60,3.84,154.18,0.00,0.00,3.84,154.18,"65,232.01"
1277,19/07/2021,VIB,"44,850","43,100","41,750","43,100","41,750","42,048","-3,100",-6.91,2.17,91.04,2.00,86.00,4.17,177.04,"64,843.72"
1278,16/07/2021,VIB,"44,900","45,500","44,850","45,800","44,750","45,106",-50,-0.11,0.79,35.81,0.00,0.00,0.79,35.81,"69,658.46"
1279,15/07/2021,VIB,"44,400","44,000","44,900","46,000","42,500","44,533",500,1.13,2.07,92.22,2.40,110.40,4.47,202.62,"69,736.12"
1280,14/07/2021,VIB,"47,700","46,300","44,400","47,500","44,400","45,069","-3,300",-6.92,4.39,197.74,0.41,18.78,4.80,216.52,"68,959.55"
1281,13/07/2021,VIB,"49,200","50,200","47,700","50,200","47,000","48,157","-1,500",-3.05,3.36,161.70,0.00,0.00,3.36,161.70,"74,084.92"
1282,12/07/2021,VIB,"52,400","52,000","49,200","52,000","48,750","49,551","-3,200",-6.11,2.80,138.96,0.00,0.00,2.80,138.96,"76,414.64"
1283,09/07/2021,VIB,"51,400","51,400","52,400","54,000","50,600","52,827","1,000",1.95,6.02,317.96,1.54,82.39,7.56,400.35,"81,384.69"
1284,08/07/2021,VIB,"49,800","49,950","51,400","51,700","49,600","51,009","1,600",3.21,3.40,173.21,2.00,100.00,5.40,273.21,"79,831.55"
1285,07/07/2021,VIB,"50,500","50,200","49,800","50,200","48,000","49,320",-700,-1.39,1.47,72.36,0.35,17.15,1.82,89.51,"77,346.52"
1286,06/07/2021,VIB,"50,200","50,400","50,500","51,900","50,200","51,381",300,0.60,4.71,242.13,1.30,65.00,6.01,307.13,"78,433.72"
1287,05/07/2021,VIB,"50,100","51,000","50,200","51,000","49,650","50,183",100,0.20,1.30,64.99,0.00,0.00,1.30,64.99,"77,967.78"
1288,02/07/2021,VIB,"49,100","49,500","50,100","50,800","49,100","49,990","1,000",2.04,1.49,74.63,0.00,0.00,1.49,74.63,"77,812.46"
1289,01/07/2021,VIB,"49,450","49,100","49,100","50,000","48,800","49,064",-350,-0.71,0.75,36.61,0.45,22.50,1.20,59.11,"76,259.32"
1290,30/06/2021,VIB,"50,000","50,000","49,450","50,200","49,300","49,685",-550,-1.10,0.43,21.32,0.00,0.00,0.43,21.32,"76,802.92"
1291,29/06/2021,VIB,"49,950","50,400","50,000","50,900","49,900","50,391",50,0.10,1.04,52.41,0.00,0.00,1.04,52.41,"77,657.15"
1292,28/06/2021,VIB,"49,100","49,100","49,950","50,500","48,000","48,770",850,1.73,2.42,118.11,0.00,0.00,2.42,118.11,"77,579.49"
1293,25/06/2021,VIB,"50,000","50,000","49,100","50,000","48,800","49,335",-900,-1.80,1.05,51.78,0.05,2.45,1.10,54.23,"76,259.32"
1294,24/06/2021,VIB,"50,500","50,500","50,000","51,000","49,800","50,187",-500,-0.99,0.61,30.86,0.08,3.76,0.69,34.62,"77,657.15"
1295,23/06/2021,VIB,"50,600","50,800","50,500","51,400","50,500","51,005",-100,-0.20,1.43,72.76,0.83,41.50,2.26,114.26,"78,433.72"
1296,22/06/2021,VIB,"50,400","51,000","50,600","51,000","50,200","50,583",200,0.40,1.04,52.63,10.70,535.28,11.74,587.91,"78,589.04"
1297,21/06/2021,VIB,"50,400","50,600","50,400","51,500","50,400","50,899",0,0.00,0.93,47.38,0.20,10.00,1.13,57.38,"78,278.41"
1298,18/06/2021,VIB,"50,000","51,000","50,400","51,000","50,000","50,409",400,0.80,0.49,24.88,0.21,10.43,0.70,35.31,"78,278.41"
1299,17/06/2021,VIB,"49,800","48,100","50,000","50,500","48,100","49,653",200,0.40,0.74,37.17,0.00,0.00,0.74,37.17,"55,469.39"
1300,16/06/2021,VIB,"50,800","50,000","49,800","51,000","49,750","50,052","-1,000",-1.97,1.32,65.86,0.00,0.00,1.32,65.86,"55,247.52"
1301,15/06/2021,VIB,"51,800","51,800","50,800","51,800","50,800","51,140","-1,000",-1.93,1.03,52.85,0.00,0.00,1.03,52.85,"56,356.90"
1302,14/06/2021,VIB,"52,700","52,700","51,800","52,800","51,700","52,177",-900,-1.71,1.31,68.49,0.00,0.00,1.31,68.49,"57,466.29"
1303,11/06/2021,VIB,"51,900","52,000","52,700","53,100","50,500","52,208",800,1.54,1.73,90.43,0.23,11.96,1.96,102.39,"58,464.74"
1304,10/06/2021,VIB,"52,500","52,000","51,900","54,000","51,000","52,241",-600,-1.14,1.06,55.58,0.00,0.00,1.06,55.58,"57,577.23"
1305,09/06/2021,VIB,"49,950","51,000","52,500","53,000","50,500","51,504","2,550",5.11,1.63,83.97,1.95,98.55,3.58,182.52,"58,242.86"
1306,08/06/2021,VIB,"72,200","72,200","69,900","73,000","69,000","71,374","-2,300",-3.19,1.08,77.35,0.69,47.98,1.77,125.33,"77,546.21"
1307,07/06/2021,VIB,"74,000","74,400","72,200","74,800","68,900","71,917","-1,800",-2.43,1.29,92.97,0.50,35.00,1.79,127.97,"80,097.80"
1308,04/06/2021,VIB,"74,000","74,900","74,000","75,900","73,300","74,493",0,0.00,1.30,96.59,1.92,134.54,3.22,231.13,"82,094.70"
1309,03/06/2021,VIB,"72,000","72,000","74,000","74,400","72,000","73,342","2,000",2.78,1.10,80.82,3.00,210.00,4.10,290.82,"82,094.70"
1310,02/06/2021,VIB,"71,300","70,800","72,000","72,200","70,000","71,278",700,0.98,1.43,101.86,0.00,0.00,1.43,101.86,"79,875.93"
1311,01/06/2021,VIB,"68,500","70,000","71,300","72,000","69,000","70,784","2,800",4.09,1.59,112.82,0.00,0.00,1.59,112.82,"79,099.35"
1312,31/05/2021,VIB,"64,300","64,800","68,500","68,700","64,500","65,437","4,200",6.53,1.27,83.32,0.00,0.00,1.27,83.32,"75,993.07"
1313,28/05/2021,VIB,"63,800","64,000","64,300","64,500","63,500","64,032",500,0.78,0.80,51.11,1.16,71.15,1.96,122.26,"71,333.64"
1314,27/05/2021,VIB,"63,000","65,000","63,800","65,000","63,500","64,354",800,1.27,1.73,111.18,5.41,341.36,7.14,452.54,"70,778.94"
1315,26/05/2021,VIB,"61,000","61,300","63,000","63,400","61,300","62,581","2,000",3.28,1.61,100.44,2.22,126.71,3.83,227.15,"69,891.43"
1316,25/05/2021,VIB,"61,000","61,000","61,000","61,000","60,500","60,752",0,0.00,0.86,52.19,5.00,311.99,5.86,364.18,"67,672.66"
1317,24/05/2021,VIB,"61,300","61,300","61,000","61,800","60,800","61,219",-300,-0.49,1.11,68.06,4.13,244.64,5.24,312.71,"67,672.66"
1318,21/05/2021,VIB,"61,800","61,900","61,300","62,000","61,000","61,653",-500,-0.81,1.20,74.13,0.60,36.90,1.80,111.03,"68,005.48"
1319,20/05/2021,VIB,"60,500","60,600","61,800","62,000","60,600","61,295","1,300",2.15,1.44,87.97,0.00,0.00,1.44,87.97,"68,560.17"
1320,19/05/2021,VIB,"58,600","60,000","60,500","61,000","58,300","59,568","1,900",3.24,1.80,107.11,3.23,199.66,5.03,306.77,"67,117.97"
1321,18/05/2021,VIB,"61,000","60,600","58,600","60,600","57,600","59,017","-2,400",-3.93,2.19,129.48,0.00,0.00,2.19,129.48,"65,010.13"
1322,17/05/2021,VIB,"62,300","61,600","61,000","62,300","60,800","61,330","-1,300",-2.09,1.11,68.00,6.26,365.20,7.36,433.19,"67,672.66"
1323,14/05/2021,VIB,"61,200","61,200","62,300","62,500","60,500","61,244","1,100",1.80,1.46,89.52,0.50,30.50,1.96,120.02,"69,114.86"
1324,13/05/2021,VIB,"61,600","61,200","61,200","61,900","61,200","61,393",-400,-0.65,1.13,69.35,2.00,123.00,3.13,192.35,"67,894.54"
1325,12/05/2021,VIB,"61,300","61,200","61,600","62,500","60,900","61,460",300,0.49,1.04,64.07,9.60,553.78,10.65,617.84,"68,338.29"
1326,11/05/2021,VIB,"59,000","60,000","61,300","62,000","59,500","61,095","2,300",3.90,1.35,82.63,2.75,150.98,4.10,233.61,"68,005.48"
1327,10/05/2021,VIB,"58,700","58,400","59,000","59,500","58,400","58,917",300,0.51,0.73,43.07,0.39,21.18,1.12,64.26,"65,453.88"
1328,07/05/2021,VIB,"58,500","58,500","58,700","59,000","57,300","58,328",200,0.34,0.49,28.44,0.00,0.00,0.49,28.44,"65,121.07"
1329,06/05/2021,VIB,"55,000","55,000","58,500","58,800","55,000","57,134","3,500",6.36,2.14,122.02,0.60,33.59,2.74,155.61,"64,899.19"
1330,05/05/2021,VIB,"55,400","56,000","55,000","56,000","54,300","55,035",-400,-0.72,1.13,62.02,6.82,353.98,7.95,416.00,"61,016.33"
1331,04/05/2021,VIB,"55,600","53,800","55,400","55,600","53,100","54,564",-200,-0.36,0.61,33.51,2.80,145.04,3.41,178.55,"61,460.09"
1332,29/04/2021,VIB,"54,800","54,900","55,600","55,700","54,900","55,470",800,1.46,1.91,105.83,0.00,0.00,1.91,105.83,"61,681.96"
1333,28/04/2021,VIB,"53,300","53,300","54,800","55,000","53,000","54,589","1,500",2.81,1.01,55.05,0.00,0.00,1.01,55.05,"60,794.45"
1334,27/04/2021,VIB,"53,800","53,800","53,300","53,900","52,100","53,611",-500,-0.93,0.65,35.11,4.00,200.40,4.65,235.51,"59,130.37"
1335,26/04/2021,VIB,"53,300","53,500","53,800","54,400","52,800","53,669",500,0.94,0.99,53.36,1.20,60.00,2.19,113.36,"59,685.07"
1336,23/04/2021,VIB,"53,300","53,000","53,300","53,300","51,500","52,537",0,0.00,0.93,49.10,0.00,0.00,0.93,49.10,"59,130.37"
1337,22/04/2021,VIB,"54,000","54,000","53,300","54,500","53,300","53,892",-700,-1.30,0.75,40.50,0.00,0.00,0.75,40.50,"59,130.37"
1338,20/04/2021,VIB,"52,000","52,500","54,000","54,600","52,500","53,843","2,000",3.85,1.84,99.29,0.00,0.00,1.84,99.29,"59,906.94"
1339,19/04/2021,VIB,"51,000","51,000","52,000","52,100","51,000","51,591","1,000",1.96,0.57,29.19,0.02,0.96,0.59,30.15,"57,688.17"
1340,16/04/2021,VIB,"51,900","51,800","51,000","51,900","50,500","51,352",-900,-1.73,0.37,18.88,0.00,0.00,0.37,18.88,"56,578.78"
1341,15/04/2021,VIB,"52,300","52,400","51,900","53,000","51,400","51,895",-400,-0.76,0.71,36.76,0.00,0.00,0.71,36.76,"57,577.23"
1342,14/04/2021,VIB,"52,000","51,600","52,300","52,800","51,000","51,977",300,0.58,0.75,38.78,0.02,0.97,0.77,39.74,"58,020.98"
1343,13/04/2021,VIB,"53,000","53,000","52,000","53,300","51,800","52,384","-1,000",-1.89,0.66,34.54,0.00,0.00,0.66,34.54,"57,688.17"
1344,12/04/2021,VIB,"50,700","50,700","53,000","53,100","50,700","52,078","2,300",4.54,0.44,22.73,0.00,0.00,0.44,22.73,"58,797.56"
1345,09/04/2021,VIB,"51,200","50,700","50,700","50,800","49,950","50,344",-500,-0.98,1.41,70.90,0.04,1.86,1.45,72.76,"56,245.96"
1346,08/04/2021,VIB,"53,300","53,300","51,200","53,300","50,000","51,208","-2,100",-3.94,1.31,66.95,0.00,0.00,1.31,66.95,"56,800.66"
1347,07/04/2021,VIB,"53,600","53,600","53,300","53,600","52,900","53,200",-300,-0.56,0.62,33.06,0.00,0.00,0.62,33.06,"59,130.37"
1348,06/04/2021,VIB,"53,300","53,100","53,600","55,500","53,100","53,795",300,0.56,0.89,47.99,0.29,15.18,1.18,63.17,"59,463.19"
1349,05/04/2021,VIB,"50,700","53,500","53,300","53,500","51,000","52,802","2,600",5.13,1.32,69.79,0.15,7.95,1.47,77.74,"59,130.37"
1350,02/04/2021,VIB,"49,900","49,900","50,700","51,200","49,500","50,413",800,1.60,0.64,32.33,0.00,0.00,0.64,32.33,"56,245.96"
1351,01/04/2021,VIB,"48,400","48,950","49,900","50,000","48,400","49,091","1,500",3.10,0.99,48.72,0.03,1.35,1.02,50.07,"55,358.45"
1352,31/03/2021,VIB,"46,400","46,900","48,400","49,300","46,900","48,305","2,000",4.31,1.46,70.65,0.00,0.00,1.46,70.65,"53,694.37"
1353,30/03/2021,VIB,"43,950","44,000","46,400","46,500","44,000","45,540","2,450",5.57,1.18,53.61,0.00,0.00,1.18,53.61,"51,475.60"
1354,29/03/2021,VIB,"43,250","43,300","43,950","43,950","43,250","43,687",700,1.62,0.25,10.91,0.00,0.00,0.25,10.91,"48,757.60"
1355,26/03/2021,VIB,"43,100","43,100","43,250","43,800","42,000","42,939",150,0.35,0.63,27.05,0.00,0.00,0.63,27.05,"47,981.02"
1356,25/03/2021,VIB,"43,800","43,800","43,100","43,900","43,000","43,518",-700,-1.60,0.95,41.32,0.00,0.00,0.95,41.32,"47,814.62"
1357,24/03/2021,VIB,"44,500","44,100","43,800","44,500","43,600","44,033",-700,-1.57,0.74,32.76,0.00,0.00,0.74,32.76,"48,591.19"
1358,23/03/2021,VIB,"45,150","45,150","44,500","45,200","43,000","44,708",-650,-1.44,0.61,27.25,0.00,0.00,0.61,27.25,"49,367.76"
1359,22/03/2021,VIB,"45,700","46,000","45,150","46,100","45,100","45,552",-550,-1.20,0.71,32.43,0.00,0.00,0.71,32.43,"50,088.86"
1360,19/03/2021,VIB,"45,750","45,750","45,700","45,800","45,600","45,712",-50,-0.11,0.66,30.07,0.00,0.00,0.66,30.07,"50,699.02"
1361,18/03/2021,VIB,"46,000","46,000","45,750","46,500","45,100","45,601",-250,-0.54,0.55,24.97,0.00,0.00,0.55,24.97,"50,754.49"
1362,17/03/2021,VIB,"43,500","43,500","46,000","46,500","43,500","45,573","2,500",5.75,1.32,60.22,0.00,0.00,1.32,60.22,"51,031.84"
1363,16/03/2021,VIB,"43,700","43,900","43,500","44,000","43,400","43,689",-200,-0.46,0.32,14.12,0.00,0.00,0.32,14.12,"48,258.37"
1364,15/03/2021,VIB,"43,450","43,900","43,700","44,000","43,600","43,786",250,0.58,0.50,21.72,0.00,0.00,0.50,21.72,"48,480.25"
1365,12/03/2021,VIB,"43,250","43,350","43,450","44,000","43,350","43,642",200,0.46,0.45,19.44,0.00,0.00,0.45,19.44,"48,202.90"
1366,11/03/2021,VIB,"42,950","43,800","43,250","43,800","43,200","43,448",300,0.70,0.34,14.72,0.00,0.00,0.34,14.72,"47,981.02"
1367,10/03/2021,VIB,"43,000","42,850","42,950","43,050","42,800","42,907",-50,-0.12,0.32,13.73,0.00,0.00,0.32,13.73,"47,648.21"
1368,09/03/2021,VIB,"43,150","43,000","43,000","43,300","42,700","42,938",-150,-0.35,0.32,13.81,0.00,0.00,0.32,13.81,"47,703.68"
1369,08/03/2021,VIB,"43,300","43,900","43,150","43,900","43,000","43,430",-150,-0.35,0.49,21.11,0.00,0.00,0.49,21.11,"47,870.09"
1370,05/03/2021,VIB,"42,000","42,000","43,300","43,500","40,800","42,157","1,300",3.10,0.51,21.46,0.00,0.00,0.51,21.46,"48,036.49"
1371,04/03/2021,VIB,"43,200","43,200","42,000","43,250","41,700","42,703","-1,200",-2.78,1.04,44.22,0.00,0.00,1.04,44.22,"46,594.29"
1372,03/03/2021,VIB,"43,600","43,100","43,200","43,400","43,050","43,225",-400,-0.92,0.69,29.72,0.00,0.00,0.69,29.72,"47,925.56"
1373,02/03/2021,VIB,"42,450","44,500","43,600","44,600","42,600","43,306","1,150",2.71,1.12,48.33,0.00,0.00,1.12,48.33,"48,369.31"
1374,01/03/2021,VIB,"39,700","41,000","42,450","42,450","40,900","41,995","2,750",6.93,0.99,41.63,0.04,1.75,1.03,43.39,"47,093.51"
1375,26/02/2021,VIB,"38,450","38,000","39,700","39,800","38,000","39,090","1,250",3.25,1.10,42.99,0.00,0.00,1.10,42.99,"44,042.70"
1376,25/02/2021,VIB,"37,400","37,400","38,450","38,500","37,400","38,018","1,050",2.81,0.98,37.09,0.00,0.00,0.98,37.09,"42,655.96"
1377,24/02/2021,VIB,"37,200","37,250","37,400","37,850","37,250","37,554",200,0.54,0.90,33.92,0.00,0.00,0.90,33.92,"41,491.11"
1378,23/02/2021,VIB,"37,700","37,500","37,200","37,900","35,100","37,329",-500,-1.33,1.40,52.31,0.00,0.00,1.40,52.31,"41,269.23"
1379,22/02/2021,VIB,"37,600","37,800","37,700","37,900","37,400","37,713",100,0.27,1.13,42.57,0.00,0.00,1.13,42.57,"41,823.92"
1380,19/02/2021,VIB,"37,450","36,800","37,600","38,000","36,800","37,636",150,0.40,0.53,20.02,0.00,0.00,0.53,20.02,"41,712.98"
1381,18/02/2021,VIB,"37,750","37,700","37,450","37,700","36,800","37,345",-300,-0.79,0.79,29.39,0.00,0.00,0.79,29.39,"41,546.58"
1382,17/02/2021,VIB,"36,000","36,000","37,750","37,800","35,900","36,780","1,750",4.86,1.14,42.00,0.00,0.00,1.14,42.00,"41,879.39"
1383,09/02/2021,VIB,"34,800","34,400","36,000","36,000","34,400","35,556","1,200",3.45,1.09,38.82,0.00,0.00,1.09,38.82,"39,937.96"
1384,08/02/2021,VIB,"35,400","35,500","34,800","36,400","34,100","35,655",-600,-1.69,1.35,48.29,0.00,0.00,1.35,48.29,"38,606.70"
1385,05/02/2021,VIB,"33,800","33,900","35,400","35,500","33,800","34,985","1,600",4.73,1.53,53.69,0.00,0.00,1.53,53.69,"39,272.33"
1386,04/02/2021,VIB,"33,900","34,000","33,800","34,000","33,300","33,764",-100,-0.29,0.31,10.62,0.00,0.00,0.31,10.62,"37,497.31"
1387,03/02/2021,VIB,"31,950","32,500","33,900","33,900","32,000","32,651","1,950",6.10,0.54,17.67,0.00,0.00,0.54,17.67,"37,608.25"
1388,02/02/2021,VIB,"31,050","31,000","31,950","32,000","31,000","31,442",900,2.90,0.39,12.19,0.00,0.00,0.39,12.19,"35,444.94"
1389,01/02/2021,VIB,"31,600","32,000","31,050","32,000","30,700","31,316",-550,-1.74,0.28,8.90,0.00,0.00,0.28,8.90,"34,446.49"
1390,29/01/2021,VIB,"31,150","29,200","31,600","32,000","29,200","31,114",450,1.44,0.46,14.25,0.00,0.00,0.46,14.25,"35,056.66"
1391,28/01/2021,VIB,"33,450","31,200","31,150","33,000","31,150","31,547","-2,300",-6.88,1.08,34.06,0.00,0.00,1.08,34.06,"34,557.43"
1392,27/01/2021,VIB,"33,100","33,000","33,450","33,900","32,800","33,356",350,1.06,0.84,28.11,0.00,0.00,0.84,28.11,"37,109.02"
1393,26/01/2021,VIB,"34,150","34,150","33,100","34,150","33,000","33,342","-1,050",-3.07,0.50,16.67,0.00,0.00,0.50,16.67,"36,720.74"
1394,25/01/2021,VIB,"34,150","34,200","34,150","34,200","33,800","34,044",0,0.00,0.41,14.02,0.00,0.00,0.41,14.02,"37,885.60"
1395,22/01/2021,VIB,"34,100","34,300","34,150","34,300","34,000","34,100",50,0.15,0.65,22.06,0.15,5.11,0.80,27.17,"37,885.60"
1396,21/01/2021,VIB,"32,950","33,500","34,100","34,100","33,000","33,782","1,150",3.49,0.61,20.48,0.75,24.75,1.36,45.23,"37,830.13"
1397,20/01/2021,VIB,"33,000","33,000","32,950","33,500","30,750","32,153",-50,-0.15,0.85,27.35,0.00,0.00,0.85,27.35,"36,554.33"
1398,19/01/2021,VIB,"35,300","35,000","33,000","35,300","32,850","33,804","-2,300",-6.52,1.03,34.92,0.12,4.24,1.15,39.15,"36,609.80"
1399,18/01/2021,VIB,"35,650","35,600","35,300","35,800","35,300","35,556",-350,-0.98,0.66,23.53,0.14,4.81,0.81,28.35,"39,161.39"
1400,15/01/2021,VIB,"35,200","35,500","35,650","35,950","35,500","35,664",450,1.28,0.82,29.39,0.00,0.00,0.82,29.39,"39,549.68"
1401,14/01/2021,VIB,"34,700","34,750","35,200","35,500","34,750","35,197",500,1.44,0.82,28.81,0.00,0.00,0.82,28.81,"39,050.45"
1402,13/01/2021,VIB,"34,450","34,900","34,700","35,200","34,650","35,011",250,0.73,1.05,36.85,0.00,0.00,1.05,36.85,"38,495.76"
1403,12/01/2021,VIB,"34,450","34,100","34,450","34,900","34,100","34,357",0,0.00,0.61,20.79,0.00,0.00,0.61,20.79,"38,218.41"
1404,11/01/2021,VIB,"34,750","35,000","34,450","35,000","34,400","34,626",-300,-0.86,1.01,35.02,0.00,0.00,1.01,35.02,"38,218.41"
1405,08/01/2021,VIB,"35,000","35,000","34,750","35,500","34,750","35,060",-250,-0.71,1.29,45.29,0.00,0.00,1.29,45.29,"38,551.23"
1406,07/01/2021,VIB,"35,350","35,300","35,000","35,300","34,600","34,943",-350,-0.99,1.04,36.23,0.00,0.00,1.04,36.23,"38,828.57"
1407,06/01/2021,VIB,"35,300","36,000","35,350","36,750","35,300","35,834",50,0.14,0.71,25.48,0.80,28.00,1.51,53.48,"39,216.86"
1408,05/01/2021,VIB,"33,000","33,000","35,300","35,300","33,000","34,792","2,300",6.97,2.15,74.63,0.00,0.00,2.15,74.63,"39,161.39"
1409,04/01/2021,VIB,"32,400","32,850","33,000","33,200","32,700","32,986",600,1.85,0.95,31.23,0.00,0.00,0.95,31.23,"36,609.80"
1410,31/12/2020,VIB,"33,000","32,800","32,400","33,100","32,400","32,798",-600,-1.82,1.39,45.61,0.95,31.35,2.34,76.96,"35,944.17"
1411,30/12/2020,VIB,"32,900","33,200","33,000","33,500","32,900","33,322",100,0.30,0.86,28.67,4.00,128.00,4.86,156.67,"36,609.80"
1412,29/12/2020,VIB,"32,750","32,750","32,900","32,900","32,600","32,811",150,0.46,0.36,11.82,0.00,0.00,0.36,11.82,"36,498.86"
1413,28/12/2020,VIB,"32,800","33,200","32,750","33,400","32,450","32,755",-50,-0.15,0.87,28.56,0.00,0.00,0.87,28.56,"36,332.45"
1414,25/12/2020,VIB,"32,100","32,000","32,800","32,900","31,900","32,295",700,2.18,0.45,14.44,0.00,0.00,0.45,14.44,"36,387.92"
1415,24/12/2020,VIB,"32,750","32,750","32,100","33,000","31,800","32,264",-650,-1.98,0.79,25.47,0.00,0.00,0.79,25.47,"35,611.35"
1416,23/12/2020,VIB,"33,450","33,350","32,750","33,450","32,750","33,054",-700,-2.09,0.85,27.96,0.14,4.79,0.99,32.74,"36,332.45"
1417,22/12/2020,VIB,"33,750","33,500","33,450","33,750","33,150","33,466",-300,-0.89,0.68,22.72,0.00,0.00,0.68,22.72,"37,109.02"
1418,21/12/2020,VIB,"33,200","33,200","33,750","34,000","33,200","33,516",550,1.66,0.64,21.45,0.00,0.00,0.64,21.45,"37,441.84"
1419,18/12/2020,VIB,"32,800","33,000","33,200","33,400","32,650","33,103",400,1.22,0.59,19.37,0.00,0.00,0.59,19.37,"36,831.68"
1420,17/12/2020,VIB,"32,400","32,500","32,800","33,500","32,000","33,053",400,1.23,2.06,67.93,0.00,0.00,2.06,67.93,"36,387.92"
1421,16/12/2020,VIB,"31,950","31,950","32,400","32,500","31,900","32,296",450,1.41,0.79,25.67,0.00,0.00,0.79,25.67,"35,944.17"
1422,15/12/2020,VIB,"31,850","31,800","31,950","32,800","31,700","32,217",100,0.31,0.72,23.20,0.00,0.00,0.72,23.20,"35,444.94"
1423,14/12/2020,VIB,"32,100","32,100","31,850","32,400","31,850","31,978",-250,-0.78,0.78,24.89,0.00,0.00,0.78,24.89,"35,334.00"
1424,11/12/2020,VIB,"31,700","31,700","32,100","32,500","31,400","31,878",400,1.26,0.97,30.89,0.00,0.00,0.97,30.89,"35,611.35"
1425,10/12/2020,VIB,"32,200","32,200","31,700","32,400","31,550","31,887",-500,-1.55,0.79,25.17,0.00,0.00,0.79,25.17,"35,167.59"
1426,09/12/2020,VIB,"32,600","32,800","32,200","32,850","32,200","32,473",-400,-1.23,0.82,26.67,0.00,0.00,0.82,26.67,"35,722.29"
1427,08/12/2020,VIB,"32,100","32,100","32,600","33,350","31,950","32,462",500,1.56,0.90,29.15,0.00,0.00,0.90,29.15,"36,166.04"
1428,07/12/2020,VIB,"32,600","32,600","32,100","32,800","31,900","32,166",-500,-1.53,0.73,23.64,0.00,0.00,0.73,23.64,"35,611.35"
1429,04/12/2020,VIB,"32,400","32,000","32,600","33,000","31,050","31,738",200,0.62,1.54,48.86,0.00,0.00,1.54,48.86,"36,166.04"
1430,03/12/2020,VIB,"31,550","33,250","32,400","33,750","32,400","33,256",850,2.69,1.28,42.60,0.00,0.00,1.28,42.60,"35,944.17"
1431,02/12/2020,VIB,"29,500","30,100","31,550","31,550","30,000","31,292","2,050",6.95,1.70,53.12,0.00,0.00,1.70,53.12,"35,001.19"
1432,01/12/2020,VIB,"27,600","27,200","29,500","29,500","27,200","28,951","1,900",6.88,3.25,94.21,0.00,0.00,3.25,94.21,"32,726.94"
1433,30/11/2020,VIB,"28,000","28,000","27,600","28,000","27,600","27,843",-400,-1.43,0.31,8.72,0.00,0.00,0.31,8.72,"30,619.10"
1434,27/11/2020,VIB,"28,000","27,950","28,000","28,000","27,850","27,941",0,0.00,0.36,9.95,0.00,0.00,0.36,9.95,"25,885.76"
1435,26/11/2020,VIB,"28,000","27,950","28,000","28,000","27,650","27,854",0,0.00,0.52,14.43,0.00,0.00,0.52,14.43,"25,885.76"
1436,25/11/2020,VIB,"27,950","27,950","28,000","28,000","27,800","27,937",50,0.18,0.50,13.91,0.00,0.00,0.50,13.91,"25,885.76"
1437,24/11/2020,VIB,"27,950","27,950","27,950","28,000","27,500","27,818",0,0.00,0.60,16.73,0.00,0.00,0.60,16.73,"25,839.53"
1438,23/11/2020,VIB,"28,200","28,200","27,950","28,200","27,500","27,938",-250,-0.89,0.49,13.80,0.00,0.00,0.49,13.80,"25,839.53"
1439,20/11/2020,VIB,"28,300","28,400","28,200","28,400","28,100","28,207",-100,-0.35,0.42,11.92,0.00,0.00,0.42,11.92,"26,070.66"
1440,19/11/2020,VIB,"27,450","28,700","28,300","28,700","28,100","28,288",850,3.10,1.22,34.64,0.00,0.00,1.22,34.64,"26,163.11"
1441,18/11/2020,VIB,"32,900","32,600","32,950","32,950","32,600","32,855",50,0.15,0.96,31.65,0.00,0.00,0.96,31.65,"30,461.99"
1442,17/11/2020,VIB,"32,850","32,850","32,900","33,000","32,800","32,901",50,0.15,1.19,39.01,0.00,0.00,1.19,39.01,"30,415.77"
1443,16/11/2020,VIB,"32,950","33,000","32,850","33,050","32,650","32,871",-100,-0.30,0.87,28.50,0.00,0.00,0.87,28.50,"30,369.54"
1444,13/11/2020,VIB,"32,850","33,000","32,950","33,000","32,750","32,854",100,0.30,1.10,36.05,0.00,0.00,1.10,36.05,"30,461.99"
1445,12/11/2020,VIB,"32,700","32,600","32,850","33,000","32,600","32,824",150,0.46,0.91,29.83,0.00,0.00,0.91,29.83,"30,369.54"
1446,11/11/2020,VIB,"32,800","33,000","32,700","33,050","32,700","32,780",-100,-0.30,0.83,27.35,0.00,0.00,0.83,27.35,"30,230.87"
1447,10/11/2020,VIB,"32,300","34,000","32,800","34,100","32,800","33,346",500,1.55,1.75,58.20,0.00,0.00,1.75,58.20,"30,323.32"
1448,29/10/2020,VIB,"32,200","32,000","32,800","33,300","31,700","32,446",600,1.86,0.95,30.67,1.20,38.40,2.15,69.07,"30,323.32"
1449,28/10/2020,VIB,"32,800","32,200","32,600","32,800","31,700","32,200",-200,-0.61,1.64,52.78,0.02,0.42,1.65,53.20,"30,138.42"
1450,27/10/2020,VIB,"33,300","33,200","32,800","33,200","32,500","32,818",-500,-1.50,0.97,31.81,0.00,0.01,0.97,31.81,"30,323.32"
1451,26/10/2020,VIB,"33,300","33,500","33,200","33,600","32,600","33,311",-100,-0.30,1.20,39.97,0.00,0.00,1.20,39.97,"30,693.11"
1452,23/10/2020,VIB,"33,100","33,500","33,500","33,700","33,100","33,332",400,1.21,1.47,49.00,0.00,0.00,1.47,49.00,"30,970.46"
1453,22/10/2020,VIB,"33,200","33,500","33,200","33,500","33,000","33,146",0,0.00,0.35,11.60,0.00,0.00,0.35,11.60,"30,693.11"
1454,21/10/2020,VIB,"33,400","33,600","33,500","33,600","32,900","33,174",100,0.30,1.10,36.48,1.72,64.26,2.82,100.73,"30,970.46"
1455,20/10/2020,VIB,"33,700","33,600","33,600","34,500","32,800","33,388",-100,-0.30,0.69,23.08,0.27,8.96,0.96,32.03,"31,062.91"
1456,19/10/2020,VIB,"33,200","33,500","33,800","34,100","33,400","33,695",600,1.81,0.88,29.59,0.00,0.00,0.88,29.59,"31,247.81"
1457,16/10/2020,VIB,"31,900","32,000","33,200","33,800","32,000","33,225","1,300",4.08,1.80,59.83,0.00,0.02,1.80,59.85,"30,693.11"
1458,15/10/2020,VIB,"31,200","31,500","32,100","32,100","31,000","31,866",900,2.88,0.57,18.30,1.25,44.61,1.83,62.91,"29,676.17"
1459,14/10/2020,VIB,"31,900","31,900","31,600","31,900","30,400","31,241",-300,-0.94,2.08,65.01,2.90,81.20,4.98,146.21,"29,213.93"
1460,13/10/2020,VIB,"32,900","32,600","31,900","32,700","31,400","31,926","-1,000",-3.04,2.05,65.32,0.00,0.00,2.05,65.32,"29,491.28"
1461,12/10/2020,VIB,"33,000","33,000","32,700","33,500","32,500","32,851",-300,-0.91,2.47,81.03,0.00,0.00,2.47,81.03,"30,230.87"
1462,09/10/2020,VIB,"32,400","33,000","33,000","33,300","32,700","33,042",600,1.85,1.15,38.06,1.00,28.00,2.15,66.06,"30,508.22"
1463,08/10/2020,VIB,"33,400","33,500","33,000","33,600","29,700","32,409",-400,-1.20,3.41,110.65,0.00,0.00,3.41,110.65,"30,508.22"
1464,07/10/2020,VIB,"32,200","33,000","33,500","34,000","32,500","33,440","1,300",4.04,5.22,174.45,0.00,0.01,5.22,174.46,"30,970.46"
1465,06/10/2020,VIB,"30,000","30,500","33,700","33,800","30,400","32,153","3,700",12.33,4.11,131.98,0.02,0.63,4.13,132.61,"31,155.36"
1466,05/10/2020,VIB,"29,200","29,200","30,400","30,500","29,200","30,017","1,200",4.11,9.26,246.89,7.20,185.00,16.46,431.89,"28,104.54"
1467,02/10/2020,VIB,"28,600","29,000","29,400","29,800","28,400","29,240",800,2.80,3.40,99.52,0.00,0.02,3.40,99.54,"27,180.05"
1468,01/10/2020,VIB,"27,600","27,700","29,000","29,000","27,700","28,555","1,400",5.07,2.16,61.60,0.30,7.08,2.46,68.68,"26,810.25"
1469,30/09/2020,VIB,"27,800","27,600","27,700","27,900","27,200","27,603",-100,-0.36,0.85,23.37,0.00,0.00,0.85,23.37,"25,608.41"
1470,29/09/2020,VIB,"27,100","27,500","27,700","28,000","27,200","27,762",600,2.21,2.29,63.50,3.34,77.14,5.63,140.64,"25,608.41"
1471,28/09/2020,VIB,"26,100","26,500","27,300","27,300","26,500","27,073","1,200",4.60,1.35,36.42,0.00,0.00,1.35,36.42,"25,238.62"
1472,25/09/2020,VIB,"25,700","25,600","26,500","26,500","25,600","26,106",800,3.11,1.33,34.64,0.00,0.00,1.33,34.64,"24,499.02"
1473,24/09/2020,VIB,"25,700","25,700","25,800","26,000","25,500","25,732",100,0.39,1.73,44.60,0.00,0.12,1.74,44.72,"23,851.88"
1474,23/09/2020,VIB,"25,100","25,100","25,800","26,100","25,100","25,697",700,2.79,2.69,69.01,0.00,0.00,2.69,69.01,"23,851.88"
1475,22/09/2020,VIB,"25,200","25,200","25,100","25,300","24,800","25,058",-100,-0.40,0.65,16.25,0.00,0.00,0.65,16.25,"23,204.73"
1476,21/09/2020,VIB,"24,600","25,000","25,100","25,800","24,900","25,201",500,2.03,1.26,31.76,0.05,1.19,1.31,32.95,"23,204.73"
1477,18/09/2020,VIB,"23,500","23,500","25,000","25,000","23,500","24,586","1,500",6.38,2.41,59.30,0.00,0.00,2.41,59.30,"23,112.28"
1478,17/09/2020,VIB,"23,500","23,500","23,500","23,700","23,400","23,515",0,0.00,0.71,16.78,0.00,0.00,0.71,16.78,"21,725.55"
1479,16/09/2020,VIB,"23,400","23,700","23,500","23,900","23,300","23,504",100,0.43,0.59,13.78,0.00,0.00,0.59,13.78,"21,725.55"
1480,15/09/2020,VIB,"22,600","22,600","23,500","23,800","22,600","23,367",900,3.98,1.96,45.86,0.00,0.00,1.96,45.86,"21,725.55"
1481,14/09/2020,VIB,"22,400","22,500","22,700","22,700","22,500","22,608",300,1.34,0.59,13.39,0.00,0.00,0.59,13.39,"20,985.95"
1482,11/09/2020,VIB,"22,400","22,400","22,500","22,500","22,300","22,422",100,0.45,0.30,6.81,0.00,0.00,0.30,6.81,"20,801.06"
1483,10/09/2020,VIB,"22,200","22,500","22,400","22,600","22,300","22,424",224,1.01,0.51,11.48,0.00,0.00,0.51,11.48,"20,708.61"
1484,09/09/2020,VIB,"22,400","22,100","22,400","22,400","22,000","22,169",0,0.00,0.88,19.51,0.00,0.00,0.88,19.51,"20,708.61"
1485,08/09/2020,VIB,"22,600","22,400","22,500","22,600","22,200","22,384",-100,-0.44,0.71,15.92,0.00,0.00,0.71,15.92,"20,801.06"
1486,07/09/2020,VIB,"22,600","22,700","22,400","22,900","22,400","22,586",-200,-0.88,1.15,26.08,0.00,0.03,1.16,26.11,"20,708.61"
1487,04/09/2020,VIB,"22,900","23,000","22,700","23,000","22,300","22,609",-200,-0.87,1.15,26.07,0.00,0.00,1.15,26.07,"20,985.95"
1488,03/09/2020,VIB,"22,000","22,200","22,900","23,200","22,200","22,927",900,4.09,1.88,43.04,0.00,0.00,1.88,43.04,"21,170.85"
1489,01/09/2020,VIB,"22,100","22,000","22,100","22,200","21,800","22,012",0,0.00,0.57,12.61,0.00,0.02,0.57,12.63,"20,431.26"
1490,31/08/2020,VIB,"22,600","22,600","22,000","22,800","21,800","22,090",-600,-2.65,2.78,61.36,0.00,0.00,2.78,61.36,"20,338.81"
1491,28/08/2020,VIB,"22,500","22,700","22,600","22,700","22,400","22,563",100,0.44,1.38,31.19,0.00,0.00,1.38,31.19,"20,893.51"
1492,27/08/2020,VIB,"22,400","22,200","22,600","22,600","22,200","22,470",200,0.89,1.06,23.86,0.00,0.07,1.07,23.94,"20,893.51"
1493,26/08/2020,VIB,"21,800","21,800","22,200","22,700","21,800","22,366",400,1.83,1.75,39.13,0.00,0.00,1.75,39.13,"20,523.71"
1494,25/08/2020,VIB,"21,300","21,600","21,800","22,100","21,500","21,789",500,2.35,4.11,89.46,0.00,0.00,4.11,89.46,"20,153.91"
1495,24/08/2020,VIB,"21,100","21,100","21,400","21,500","21,100","21,281",300,1.42,2.00,42.52,0.90,18.90,2.90,61.42,"19,784.12"
1496,21/08/2020,VIB,"21,000","20,900","21,200","21,300","20,900","21,135",200,0.95,0.93,19.61,0.00,0.00,0.93,19.61,"19,599.22"
1497,20/08/2020,VIB,"21,000","20,900","20,900","21,300","20,800","21,014",-100,-0.48,1.39,29.31,0.16,3.23,1.56,32.53,"19,321.87"
1498,19/08/2020,VIB,"20,900","20,900","20,900","21,100","20,800","20,985",0,0.00,0.93,19.52,0.00,0.03,0.93,19.55,"19,321.87"
1499,18/08/2020,VIB,"20,400","20,600","20,900","21,200","20,400","20,915",500,2.45,1.52,31.81,0.13,2.60,1.65,34.41,"19,321.87"
1500,17/08/2020,VIB,"20,500","20,500","20,600","20,700","20,200","20,432",100,0.49,0.48,9.81,0.00,0.00,0.48,9.81,"19,044.52"
1501,14/08/2020,VIB,"20,900","20,800","20,300","20,800","20,300","20,499",-600,-2.87,1.29,26.42,0.00,0.00,1.29,26.42,"18,767.18"
1502,13/08/2020,VIB,"20,500","20,600","20,800","21,100","20,600","20,882",300,1.46,1.57,32.77,0.00,0.00,1.57,32.77,"19,229.42"
1503,12/08/2020,VIB,"20,100","20,200","20,700","20,900","20,200","20,536",600,2.99,2.91,59.72,0.00,0.07,2.91,59.80,"19,136.97"
1504,11/08/2020,VIB,"19,800","19,800","20,200","20,300","19,700","20,102",400,2.02,1.82,36.52,0.00,0.10,1.82,36.62,"18,674.73"
1505,10/08/2020,VIB,"19,500","19,400","19,700","20,000","19,400","19,769",200,1.03,1.23,24.36,0.00,0.00,1.23,24.36,"18,212.48"
1506,07/08/2020,VIB,"19,500","20,000","19,400","20,000","19,300","19,509",-100,-0.51,0.70,13.67,0.00,0.05,0.70,13.71,"17,935.13"
1507,06/08/2020,VIB,"19,200","20,000","19,500","22,000","19,100","19,467",300,1.56,1.66,32.26,0.01,0.12,1.66,32.39,"18,027.58"
1508,05/08/2020,VIB,"19,100","19,000","19,100","19,300","18,900","19,178",0,0.00,0.77,14.81,0.00,0.00,0.77,14.81,"17,657.79"
1509,04/08/2020,VIB,"18,700","18,900","19,000","19,400","17,000","19,104",300,1.60,1.21,23.03,0.42,7.21,1.63,30.24,"17,565.34"
1510,03/08/2020,VIB,"18,000","18,100","18,900","18,900","16,000","18,695",900,5.00,1.72,32.08,0.44,7.07,2.15,39.15,"17,472.89"
1511,31/07/2020,VIB,"17,800","17,500","18,000","18,300","17,300","18,038",200,1.12,0.96,17.24,0.00,0.00,0.96,17.24,"16,640.85"
1512,30/07/2020,VIB,"17,500","17,500","17,700","18,000","17,500","17,792",200,1.14,1.07,19.04,0.00,0.00,1.07,19.04,"16,363.50"
1513,29/07/2020,VIB,"18,300","18,600","17,500","18,600","17,000","17,519",-800,-4.37,1.35,23.60,1.84,31.20,3.18,54.80,"16,178.60"
1514,28/07/2020,VIB,"18,200","17,800","18,600","18,800","17,700","18,251",400,2.20,1.49,27.13,0.00,0.00,1.49,27.13,"17,195.54"
1515,27/07/2020,VIB,"19,400","19,000","17,700","19,000","17,500","18,151","-1,700",-8.76,3.38,61.33,0.00,0.00,3.38,61.33,"16,363.50"
1516,24/07/2020,VIB,"20,300","20,300","19,300","23,000","18,900","19,413","-1,000",-4.93,3.27,63.45,0.02,0.46,3.29,63.91,"17,842.68"
1517,23/07/2020,VIB,"20,600","20,500","20,300","23,600","20,000","20,313",-300,-1.46,1.27,25.87,0.01,0.13,1.28,26.00,"18,767.18"
1518,22/07/2020,VIB,"19,900","20,400","20,500","20,800","20,200","20,609",600,3.02,1.77,36.43,0.00,0.00,1.77,36.43,"18,952.07"
1519,21/07/2020,VIB,"19,700","19,700","20,200","20,200","19,700","19,936",500,2.54,1.56,31.14,0.00,0.00,1.56,31.14,"18,674.73"
1520,20/07/2020,VIB,"19,500","19,600","19,800","19,900","16,600","19,707",300,1.54,1.79,35.21,0.01,0.14,1.80,35.35,"18,304.93"
1521,17/07/2020,VIB,"19,500","19,600","19,600","22,400","19,300","19,482",100,0.51,0.96,18.70,0.01,0.11,0.97,18.81,"18,120.03"
1522,16/07/2020,VIB,"19,000","19,000","19,500","19,700","19,000","19,451",500,2.63,1.98,38.47,0.00,0.00,1.98,38.47,"18,027.58"
1523,15/07/2020,VIB,"18,400","18,500","19,000","19,200","18,400","18,965",600,3.26,2.02,38.28,0.00,0.00,2.02,38.28,"17,565.34"
1524,14/07/2020,VIB,"18,500","18,400","18,400","21,200","15,800","18,386",-100,-0.54,0.37,6.74,0.57,10.31,0.94,17.05,"17,010.64"
1525,13/07/2020,VIB,"18,500","18,500","18,400","18,800","18,300","18,473",-100,-0.54,0.61,11.26,0.00,0.00,0.61,11.26,"17,010.64"
1526,10/07/2020,VIB,"18,800","18,800","18,500","18,800","18,300","18,542",-300,-1.60,1.13,20.96,0.00,0.00,1.13,20.96,"17,103.09"
1527,09/07/2020,VIB,"18,200","18,400","18,800","19,000","15,500","18,790",600,3.30,1.55,29.05,0.01,0.09,1.55,29.15,"17,380.44"
1528,08/07/2020,VIB,"17,800","17,800","18,400","18,700","17,700","18,168",600,3.37,1.86,33.79,0.00,0.00,1.86,33.79,"17,010.64"
1529,07/07/2020,VIB,"17,600","17,800","17,800","17,900","17,700","17,818",200,1.14,0.70,12.49,0.00,0.00,0.70,12.49,"16,455.95"
1530,06/07/2020,VIB,"17,700","17,700","17,700","17,800","17,500","17,644",0,0.00,0.73,12.80,0.00,0.00,0.73,12.80,"16,363.50"
1531,03/07/2020,VIB,"17,700","17,800","17,700","17,800","17,700","17,716",0,0.00,0.44,7.81,0.00,0.00,0.44,7.81,"16,363.50"
1532,02/07/2020,VIB,"17,500","17,700","17,700","17,800","17,500","17,670",200,1.14,1.32,23.32,0.00,0.00,1.32,23.32,"16,363.50"
1533,01/07/2020,VIB,"17,400","17,500","17,700","17,700","17,400","17,515",300,1.72,0.50,8.83,0.00,0.00,0.50,8.83,"16,363.50"
1534,30/06/2020,VIB,"17,400","17,500","17,400","17,700","17,200","17,432",0,0.00,0.51,8.82,0.00,0.00,0.51,8.82,"16,086.15"
1535,29/06/2020,VIB,"17,700","17,600","17,400","17,600","17,200","17,700",-300,-1.69,0.70,12.08,0.00,0.00,0.70,12.08,"16,086.15"
1536,26/06/2020,VIB,"17,600","17,800","17,600","17,800","17,500","17,697",97,0.55,0.44,7.86,0.00,0.00,0.44,7.86,"16,271.05"
1537,25/06/2020,VIB,"17,600","17,200","17,800","17,800","17,200","17,620",200,1.14,0.80,14.02,0.00,0.00,0.80,14.02,"16,455.95"
1538,24/06/2020,VIB,"17,500","17,500","17,600","17,800","17,400","17,579",100,0.57,0.61,10.78,0.00,0.00,0.61,10.78,"16,271.05"
1539,23/06/2020,VIB,"17,500","17,500","17,500","17,600","16,950","17,501",0,0.00,0.50,8.71,0.44,7.57,0.94,16.28,"16,178.60"
1540,22/06/2020,VIB,"17,500","17,600","17,500","17,600","17,400","17,476",0,0.00,0.45,7.92,0.00,0.00,0.45,7.92,"16,178.60"
1541,19/06/2020,VIB,"17,200","17,100","17,500","17,600","17,100","17,462",300,1.74,0.38,6.62,0.00,0.00,0.38,6.62,"16,178.60"
1542,18/06/2020,VIB,"17,200","17,100","17,300","17,300","17,000","17,229",100,0.58,0.22,3.73,0.00,0.00,0.22,3.73,"15,993.70"
1543,17/06/2020,VIB,"17,200","17,300","17,100","17,300","17,000","17,185",-100,-0.58,0.51,8.74,0.00,0.00,0.51,8.74,"15,808.80"
1544,16/06/2020,VIB,"17,000","17,000","17,200","19,500","16,900","17,177",200,1.18,0.91,15.65,0.01,0.12,0.92,15.77,"15,901.25"
1545,15/06/2020,VIB,"17,100","17,300","16,900","17,400","16,700","16,961",-200,-1.17,0.89,15.17,0.00,0.00,0.89,15.17,"15,623.90"
1546,12/06/2020,VIB,"17,700","16,500","17,300","17,500","16,500","17,085",-400,-2.26,1.35,23.00,0.00,0.00,1.35,23.00,"15,993.70"
1547,11/06/2020,VIB,"17,700","17,700","17,000","18,000","16,800","17,650",-700,-3.95,2.45,43.26,0.00,0.00,2.45,43.26,"15,716.35"
1548,10/06/2020,VIB,"17,900","17,900","17,800","17,900","17,500","17,730",-100,-0.56,1.03,18.22,0.00,0.00,1.03,18.22,"16,455.95"
1549,09/06/2020,VIB,"17,800","17,800","18,000","18,000","17,600","17,864",200,1.12,1.94,34.64,0.00,0.00,1.94,34.64,"16,640.85"
1550,08/06/2020,VIB,"17,500","17,600","17,900","18,000","17,500","17,815",400,2.29,1.17,20.84,0.00,0.00,1.17,20.84,"16,548.40"
1551,05/06/2020,VIB,"17,800","17,700","17,600","17,800","17,400","17,515",-200,-1.12,1.72,30.04,0.00,0.00,1.72,30.04,"16,271.05"
1552,04/06/2020,VIB,"17,400","17,600","17,700","18,000","17,600","17,801",300,1.72,1.35,23.96,0.00,0.00,1.35,23.96,"16,363.50"
1553,03/06/2020,VIB,"17,000","17,000","17,700","17,700","17,000","17,441",700,4.12,2.25,39.32,0.00,0.00,2.25,39.32,"16,363.50"
1554,02/06/2020,VIB,"16,700","16,900","17,000","17,200","16,700","17,014",300,1.80,0.99,16.89,0.00,0.00,0.99,16.89,"15,716.35"
1555,01/06/2020,VIB,"16,300","16,300","16,900","17,100","13,900","16,714",600,3.68,2.09,34.99,0.01,0.13,2.10,35.12,"15,623.90"
1556,29/05/2020,VIB,"16,200","16,200","16,300","16,400","16,100","16,294",100,0.62,0.65,10.67,0.00,0.00,0.65,10.67,"15,069.21"
1557,28/05/2020,VIB,"16,300","16,200","16,200","16,300","16,000","16,194",-100,-0.61,0.91,14.77,0.00,0.00,0.91,14.77,"14,976.76"
1558,27/05/2020,VIB,"16,300","16,400","16,200","16,600","16,100","16,330",-100,-0.61,2.06,33.61,0.00,0.00,2.06,33.61,"14,976.76"
1559,26/05/2020,VIB,"15,900","16,000","16,400","18,200","14,400","16,271",500,3.14,0.95,15.45,0.02,0.34,0.97,15.79,"15,161.66"
1560,25/05/2020,VIB,"15,600","15,800","16,000","16,200","13,300","15,856",400,2.56,1.55,24.52,0.16,2.17,1.71,26.70,"14,791.86"
1561,22/05/2020,VIB,"15,300","15,400","15,600","16,000","15,300","15,580",300,1.96,1.65,25.68,0.00,0.00,1.65,25.68,"14,422.07"
1562,21/05/2020,VIB,"15,200","15,200","15,400","17,300","13,000","15,290",200,1.32,0.89,13.56,0.02,0.34,0.91,13.90,"14,237.17"
1563,20/05/2020,VIB,"15,400","15,300","15,100","15,300","15,100","15,176",-300,-1.95,0.78,11.88,0.00,0.00,0.78,11.88,"13,959.82"
1564,19/05/2020,VIB,"15,100","15,200","15,300","15,500","15,200","15,385",200,1.32,1.09,16.72,0.00,0.00,1.09,16.72,"14,144.72"
1565,18/05/2020,VIB,"15,100","15,000","15,100","17,300","12,900","15,068",0,0.00,0.50,7.56,0.02,0.28,0.52,7.84,"13,959.82"
1566,15/05/2020,VIB,"15,200","15,200","15,000","15,300","14,900","15,064",-200,-1.32,0.57,8.62,0.00,0.00,0.57,8.62,"13,867.37"
1567,14/05/2020,VIB,"15,300","15,300","15,200","15,300","15,100","15,166",-100,-0.65,0.82,12.48,0.00,0.00,0.82,12.48,"14,052.27"
1568,13/05/2020,VIB,"15,300","15,200","15,300","15,500","13,100","15,265",0,0.00,0.62,9.45,0.01,0.11,0.63,9.57,"14,144.72"
1569,12/05/2020,VIB,"15,100","15,300","15,400","15,400","15,000","15,283",300,1.99,0.98,14.98,0.00,0.00,0.98,14.98,"14,237.17"
1570,11/05/2020,VIB,"14,800","14,800","15,300","15,300","14,700","15,092",500,3.38,1.29,19.43,0.00,0.00,1.29,19.43,"14,144.72"
1571,08/05/2020,VIB,"14,500","14,500","14,800","15,100","14,500","14,802",300,2.07,1.17,17.25,0.00,0.00,1.17,17.25,"13,682.47"
1572,07/05/2020,VIB,"14,400","14,300","14,500","14,600","14,300","14,498",100,0.69,0.34,4.93,0.00,0.00,0.34,4.93,"13,405.13"
1573,06/05/2020,VIB,"14,300","14,300","14,400","14,600","14,300","14,403",100,0.70,0.53,7.60,0.00,0.00,0.53,7.60,"13,312.68"
1574,05/05/2020,VIB,"14,300","14,300","14,300","14,400","14,200","14,301",0,0.00,0.21,2.97,0.00,0.00,0.21,2.97,"13,220.23"
1575,04/05/2020,VIB,"14,500","14,500","14,300","14,500","14,300","14,338",-200,-1.38,0.35,5.03,0.00,0.00,0.35,5.03,"13,220.23"
1576,29/04/2020,VIB,"14,400","14,500","14,500","14,600","14,400","14,489",100,0.69,0.42,6.07,0.00,0.00,0.42,6.07,"13,405.13"
1577,28/04/2020,VIB,"14,400","14,400","14,500","14,500","14,200","14,384",100,0.69,0.39,5.55,0.00,0.00,0.39,5.55,"13,405.13"
1578,27/04/2020,VIB,"14,500","14,400","14,400","14,600","14,200","14,355",-100,-0.69,0.47,6.70,0.00,0.00,0.47,6.70,"13,312.68"
1579,24/04/2020,VIB,"14,600","14,500","14,400","14,600","14,400","14,477",-200,-1.37,0.36,5.26,0.00,0.00,0.36,5.26,"13,312.68"
1580,23/04/2020,VIB,"14,300","14,500","14,500","14,900","14,500","14,633",200,1.40,0.35,5.17,0.00,0.00,0.35,5.17,"13,405.13"
1581,22/04/2020,VIB,"14,500","14,200","14,500","14,700","13,900","14,232",0,0.00,0.93,13.32,0.12,1.67,1.05,14.99,"13,405.13"
1582,21/04/2020,VIB,"15,000","15,000","14,400","15,200","14,200","14,527",-600,-4.00,1.20,17.39,0.00,0.00,1.20,17.39,"13,312.68"
1583,20/04/2020,VIB,"14,800","14,900","14,800","15,300","14,700","14,980",0,0.00,1.31,19.65,0.00,0.00,1.31,19.65,"13,682.47"
1584,17/04/2020,VIB,"14,600","14,700","14,700","16,200","14,700","14,843",100,0.68,1.24,18.47,0.12,1.94,1.36,20.41,"13,590.02"
1585,16/04/2020,VIB,"14,600","14,700","14,700","14,800","14,400","14,641",100,0.68,0.49,7.15,0.00,0.00,0.49,7.15,"13,590.02"
1586,15/04/2020,VIB,"14,300","14,300","14,600","15,000","14,300","14,610",300,2.10,2.08,30.38,0.00,0.00,2.08,30.38,"13,497.57"
1587,14/04/2020,VIB,"14,300","14,300","14,200","14,500","14,100","14,293",-100,-0.70,0.58,8.23,0.00,0.00,0.58,8.23,"13,127.78"
1588,13/04/2020,VIB,"14,200","14,200","14,200","14,500","14,000","14,338",138,0.97,0.55,7.91,0.00,0.00,0.55,7.91,"13,127.78"
1589,10/04/2020,VIB,"14,300","14,400","14,200","14,400","14,100","14,195",-100,-0.70,0.61,8.69,0.00,0.00,0.61,8.69,"13,127.78"
1590,09/04/2020,VIB,"14,200","14,200","14,400","14,400","14,100","14,279",100,0.70,1.07,15.36,0.00,0.00,1.07,15.36,"13,312.68"
1591,08/04/2020,VIB,"14,300","14,300","14,100","14,300","13,900","14,152",-200,-1.40,0.59,8.39,0.00,0.00,0.59,8.39,"13,035.33"
1592,07/04/2020,VIB,"14,200","14,400","14,300","14,700","14,000","14,318",100,0.70,0.65,9.31,0.00,0.00,0.65,9.31,"13,220.23"
1593,06/04/2020,VIB,"13,500","13,500","14,300","14,400","13,500","14,188",800,5.93,1.02,14.49,0.00,0.00,1.02,14.49,"13,220.23"
1594,03/04/2020,VIB,"13,100","13,200","13,500","13,600","13,100","13,466",400,3.05,0.80,10.71,0.00,0.00,0.80,10.71,"12,480.63"
1595,01/04/2020,VIB,"12,900","12,900","13,200","13,300","12,800","13,140",300,2.33,0.29,3.87,0.00,0.00,0.29,3.87,"12,203.29"
1596,31/03/2020,VIB,"12,800","12,900","12,800","13,300","12,500","12,891",0,0.00,0.93,11.93,0.00,0.00,0.93,11.93,"11,833.49"
1597,30/03/2020,VIB,"13,800","13,000","12,700","13,600","12,400","12,816","-1,100",-7.97,0.90,11.53,0.00,0.00,0.90,11.53,"11,741.04"
1598,27/03/2020,VIB,"14,000","13,600","13,700","14,100","13,600","13,797",-300,-2.14,0.31,4.29,0.00,0.00,0.31,4.29,"12,665.53"
1599,26/03/2020,VIB,"14,300","14,200","13,800","14,600","13,700","14,043",-500,-3.50,0.65,9.10,0.00,0.00,0.65,9.10,"12,757.98"
1600,25/03/2020,VIB,"13,500","13,800","14,500","14,600","13,700","14,254","1,000",7.41,1.19,17.00,0.00,0.00,1.19,17.00,"13,405.13"
1601,24/03/2020,VIB,"13,600","13,300","13,600","13,600","13,000","13,496",0,0.00,0.81,10.89,0.07,0.86,0.87,11.75,"12,573.08"
1602,23/03/2020,VIB,"14,700","14,600","13,100","14,700","12,900","13,592","-1,600",-10.88,1.99,27.05,0.00,0.00,1.99,27.05,"12,110.84"
1603,20/03/2020,VIB,"14,700","14,700","14,700","14,900","14,600","14,686",0,0.00,0.32,4.76,0.00,0.00,0.32,4.76,"13,590.02"
1604,19/03/2020,VIB,"15,100","15,000","14,700","16,000","14,500","14,676",-400,-2.65,0.76,11.22,0.07,1.06,0.83,12.27,"13,590.02"
1605,18/03/2020,VIB,"14,700","14,900","15,000","15,300","14,900","15,100",300,2.04,0.61,9.20,0.00,0.00,0.61,9.20,"13,867.37"
1606,17/03/2020,VIB,"15,100","15,000","15,000","15,200","12,900","14,719",-100,-0.66,1.37,20.17,0.00,0.06,1.37,20.22,"13,867.37"
1607,16/03/2020,VIB,"15,000","15,500","15,100","15,600","14,900","15,136",100,0.67,1.05,15.95,0.00,0.00,1.05,15.95,"13,959.82"
1608,13/03/2020,VIB,"15,700","15,000","15,400","15,900","14,400","15,008",-300,-1.91,2.74,41.12,0.00,0.00,2.74,41.12,"14,237.17"
1609,12/03/2020,VIB,"16,500","16,100","15,700","16,300","15,200","15,697",-800,-4.85,2.37,37.14,0.00,0.00,2.37,37.14,"14,514.51"
1610,11/03/2020,VIB,"16,800","17,200","16,600","17,200","15,900","16,496",-200,-1.19,2.30,37.93,0.00,0.00,2.30,37.93,"15,346.56"
1611,10/03/2020,VIB,"16,600","16,000","17,100","17,200","15,900","16,786",500,3.01,2.16,36.28,0.00,0.00,2.16,36.28,"15,808.80"
1612,09/03/2020,VIB,"18,000","17,900","16,100","17,900","15,300","16,568","-1,900",-10.56,5.90,97.69,0.00,0.00,5.90,97.69,"14,884.31"
1613,06/03/2020,VIB,"18,400","18,400","18,200","18,400","17,900","18,040",-200,-1.09,0.88,15.85,0.00,0.00,0.88,15.85,"16,825.74"
1614,05/03/2020,VIB,"18,300","18,400","18,200","18,700","18,100","18,370",70,0.38,1.43,26.28,0.00,0.00,1.43,26.28,"16,825.74"
1615,04/03/2020,VIB,"18,500","18,300","18,400","18,400","18,200","18,288",-100,-0.54,0.72,13.12,0.00,0.00,0.72,13.12,"17,010.64"
1616,03/03/2020,VIB,"18,100","18,300","18,300","18,700","18,300","18,480",380,2.10,1.75,32.40,0.00,0.01,1.75,32.41,"16,918.19"
1617,02/03/2020,VIB,"18,000","18,000","18,300","18,400","17,800","18,118",300,1.67,1.28,23.23,0.00,0.00,1.28,23.23,"16,918.19"
1618,28/02/2020,VIB,"18,300","18,200","18,100","18,300","17,900","18,031",-200,-1.09,1.91,34.42,0.00,0.00,1.91,34.42,"16,733.29"
1619,27/02/2020,VIB,"17,600","17,800","18,400","18,500","17,700","18,264",800,4.55,1.36,24.77,0.00,0.00,1.36,24.77,"17,010.64"
1620,26/02/2020,VIB,"17,800","17,800","17,800","18,000","17,300","17,631",0,0.00,1.73,30.52,0.00,0.00,1.73,30.52,"16,455.95"
1621,25/02/2020,VIB,"18,100","17,600","18,000","18,200","17,400","17,762",-100,-0.55,1.76,31.29,0.00,0.00,1.76,31.29,"16,640.85"
1622,24/02/2020,VIB,"18,800","18,800","17,900","18,800","17,700","18,131",-900,-4.79,2.29,41.55,0.00,0.00,2.29,41.55,"16,548.40"
1623,21/02/2020,VIB,"18,200","18,200","18,800","19,200","18,200","18,792",700,3.85,4.78,89.79,0.00,0.00,4.78,89.79,"17,380.44"
1624,20/02/2020,VIB,"18,000","18,100","18,300","18,400","18,000","18,213",213,1.18,0.60,10.88,0.00,0.00,0.60,10.88,"16,918.19"
1625,19/02/2020,VIB,"18,200","18,000","18,100","18,100","17,900","17,966",-100,-0.55,0.99,17.83,0.00,0.00,0.99,17.83,"16,733.29"
1626,18/02/2020,VIB,"18,400","18,300","17,900","18,400","18,300","18,338",-500,-2.72,1.52,27.57,0.00,0.00,1.52,27.57,"16,548.40"
1627,17/02/2020,VIB,"18,500","18,500","18,300","18,600","18,200","18,424",-200,-1.08,0.97,17.93,0.00,0.00,0.97,17.93,"16,918.19"
1628,14/02/2020,VIB,"18,000","18,100","18,400","18,700","18,000","18,452",452,2.51,1.96,36.24,0.00,0.00,1.96,36.24,"17,010.64"
1629,13/02/2020,VIB,"17,500","17,500","18,200","18,500","17,400","17,969",469,2.68,3.72,66.77,0.00,0.00,3.72,66.77,"16,825.74"
1630,12/02/2020,VIB,"17,200","17,200","17,500","17,700","17,200","17,533",300,1.74,0.65,11.46,0.00,0.00,0.65,11.46,"16,178.60"
1631,11/02/2020,VIB,"17,200","17,200","17,300","17,300","17,100","17,227",100,0.58,0.49,8.47,0.00,0.00,0.49,8.47,"15,993.70"
1632,10/02/2020,VIB,"17,500","17,500","17,000","17,500","17,000","17,181",-500,-2.86,0.74,12.77,0.00,0.00,0.74,12.77,"15,716.35"
1633,07/02/2020,VIB,"17,500","17,600","17,500","17,600","17,400","17,517",0,0.00,0.36,6.31,0.00,0.00,0.36,6.31,"16,178.60"
1634,06/02/2020,VIB,"17,300","17,400","17,700","17,700","17,200","17,476",176,1.02,0.76,13.29,0.00,0.00,0.76,13.29,"16,363.50"
1635,05/02/2020,VIB,"17,100","17,200","17,300","17,500","17,200","17,341",241,1.41,0.74,12.88,0.00,0.00,0.74,12.88,"15,993.70"
1636,04/02/2020,VIB,"16,800","17,100","17,200","17,200","16,800","17,083",283,1.68,0.71,12.18,0.00,0.00,0.71,12.18,"15,901.25"
1637,03/02/2020,VIB,"17,100","16,800","17,100","17,100","16,500","16,756",0,0.00,1.30,21.77,0.00,0.00,1.30,21.77,"15,808.80"
1638,31/01/2020,VIB,"17,400","17,300","17,100","17,300","17,000","17,133",-300,-1.72,0.99,16.94,0.00,0.00,0.99,16.94,"15,808.80"
1639,30/01/2020,VIB,"17,700","17,700","17,300","17,700","17,200","17,359",-400,-2.26,0.85,14.72,0.00,0.00,0.85,14.72,"15,993.70"
1640,22/01/2020,VIB,"17,700","17,800","17,800","17,900","17,600","17,708",100,0.56,0.58,10.35,0.00,0.00,0.58,10.35,"16,455.95"
1641,21/01/2020,VIB,"17,500","17,600","17,800","17,900","17,600","17,735",300,1.71,1.11,19.62,0.00,0.00,1.11,19.62,"16,455.95"
1642,20/01/2020,VIB,"17,500","17,400","17,500","18,725","17,300","17,542",0,0.00,1.25,21.99,0.10,1.87,1.35,23.86,"16,178.60"
1643,17/01/2020,VIB,"17,500","17,500","17,400","17,800","17,300","17,514",-100,-0.57,0.81,14.12,0.00,0.00,0.81,14.12,"16,086.15"
1644,16/01/2020,VIB,"17,400","17,300","17,500","17,700","17,300","17,512",100,0.57,0.69,12.10,0.00,0.00,0.69,12.10,"16,178.60"
1645,15/01/2020,VIB,"17,500","17,500","17,300","17,500","17,300","17,369",-200,-1.14,0.38,6.59,0.00,0.00,0.38,6.59,"15,993.70"
1646,14/01/2020,VIB,"17,200","17,200","17,500","17,500","17,200","17,470",270,1.57,0.36,6.27,0.00,0.00,0.36,6.27,"16,178.60"
1647,13/01/2020,VIB,"17,000","17,100","17,300","17,400","17,000","17,242",242,1.42,0.53,9.10,0.00,0.00,0.53,9.10,"15,993.70"
1648,10/01/2020,VIB,"17,100","17,100","17,000","17,200","16,900","17,040",-100,-0.58,0.72,12.28,0.00,0.00,0.72,12.28,"15,716.35"
1649,09/01/2020,VIB,"17,000","16,900","17,000","17,300","16,900","17,112",0,0.00,0.56,9.56,0.00,0.00,0.56,9.56,"15,716.35"
1650,08/01/2020,VIB,"17,300","17,200","16,900","17,200","16,900","17,039",-400,-2.31,0.52,8.78,0.00,0.00,0.52,8.78,"15,623.90"
1651,07/01/2020,VIB,"17,300","17,200","17,200","17,300","17,200","17,251",-100,-0.58,0.11,1.98,0.00,0.00,0.11,1.98,"15,901.25"
1652,06/01/2020,VIB,"17,500","17,500","17,200","17,500","17,200","17,315",-300,-1.71,0.36,6.22,0.00,0.00,0.36,6.22,"15,901.25"
1653,03/01/2020,VIB,"17,500","17,600","17,500","17,700","17,500","17,555",0,0.00,0.39,6.86,0.00,0.00,0.39,6.86,"16,178.60"
1654,02/01/2020,VIB,"17,500","17,400","17,600","17,600","17,400","17,453",100,0.57,0.37,6.49,0.00,0.00,0.37,6.49,"16,271.05"
1655,31/12/2019,VIB,"17,600","17,600","17,300","17,600","17,400","17,507",-300,-1.70,0.20,3.47,0.00,0.00,0.20,3.47,"15,993.70"
1656,30/12/2019,VIB,"17,700","17,500","17,500","17,700","17,500","17,676",-200,-1.13,0.32,5.68,0.00,0.00,0.32,5.68,"16,178.60"
1657,27/12/2019,VIB,"17,700","17,500","17,600","17,800","17,500","17,677",-100,-0.56,0.35,6.15,0.00,0.00,0.35,6.15,"16,271.05"
1658,26/12/2019,VIB,"17,700","17,800","17,700","17,800","17,600","17,745",0,0.00,0.36,6.42,0.00,0.00,0.36,6.42,"16,363.50"
1659,25/12/2019,VIB,"17,400","17,500","17,800","17,900","17,400","17,708",400,2.30,0.70,12.44,0.00,0.00,0.70,12.44,"16,455.95"
1660,24/12/2019,VIB,"17,300","17,400","17,400","17,500","17,200","17,363",63,0.36,0.21,3.72,0.00,0.00,0.21,3.72,"16,086.15"
1661,23/12/2019,VIB,"17,100","17,100","17,400","17,460","17,100","17,300",200,1.17,0.25,4.40,0.20,3.52,0.46,7.92,"16,086.15"
1662,20/12/2019,VIB,"17,100","17,100","17,200","17,200","17,100","17,149",100,0.58,0.16,2.71,0.00,0.00,0.16,2.71,"15,901.25"
1663,19/12/2019,VIB,"17,000","17,100","17,100","17,300","16,900","17,136",100,0.59,0.36,6.21,0.00,0.00,0.36,6.21,"15,808.80"
1664,18/12/2019,VIB,"16,900","16,900","17,000","17,350","16,900","17,190",100,0.59,0.17,2.89,0.20,3.50,0.37,6.39,"15,716.35"
1665,17/12/2019,VIB,"16,900","16,900","16,900","16,900","16,800","16,879",0,0.00,0.21,3.62,0.00,0.00,0.21,3.62,"15,623.90"
1666,16/12/2019,VIB,"17,000","16,900","16,900","17,000","16,800","16,893",-100,-0.59,0.14,2.39,0.00,0.00,0.14,2.39,"15,623.90"
1667,13/12/2019,VIB,"16,800","16,900","16,900","17,100","16,900","16,958",158,0.94,0.25,4.20,0.00,0.00,0.25,4.20,"15,623.90"
1668,12/12/2019,VIB,"16,700","16,800","16,800","17,300","16,700","16,824",124,0.74,0.33,5.59,0.00,0.01,0.33,5.60,"15,531.46"
1669,11/12/2019,VIB,"16,700","16,700","16,800","16,800","16,700","16,734",100,0.60,0.28,4.71,0.00,0.00,0.28,4.71,"15,531.46"
1670,10/12/2019,VIB,"16,800","16,800","16,700","16,800","16,600","16,703",-100,-0.60,0.52,8.70,0.00,0.00,0.52,8.70,"15,439.01"
1671,09/12/2019,VIB,"16,800","16,800","16,800","16,900","14,300","16,793",0,0.00,0.22,3.76,0.00,0.01,0.22,3.77,"15,531.46"
1672,06/12/2019,VIB,"16,800","16,800","16,800","16,900","16,700","16,799",0,0.00,0.19,3.18,0.00,0.00,0.19,3.18,"15,531.46"
1673,05/12/2019,VIB,"16,900","17,000","16,900","17,000","16,900","16,912",100,0.59,0.52,8.83,0.00,0.00,0.52,8.83,"15,623.90"
1674,04/12/2019,VIB,"16,800","16,800","17,000","17,000","16,800","16,867",67,0.40,0.37,6.18,0.00,0.00,0.37,6.18,"15,716.35"
1675,03/12/2019,VIB,"17,000","17,400","16,600","17,600","14,600","16,796",-400,-2.35,0.75,12.58,0.30,4.38,1.05,16.96,"15,346.56"
1676,02/12/2019,VIB,"17,200","17,300","17,000","17,300","16,900",0,-200,-1.16,0.39,6.66,0.00,0.00,0.39,6.66,"15,716.35"
1677,29/11/2019,VIB,"17,100","17,200","17,100","17,200","17,100","17,193",93,0.54,0.38,6.55,0.00,0.00,0.38,6.55,"15,808.80"
1678,28/11/2019,VIB,"17,400","17,400","17,200","19,900","17,000","17,942",-200,-1.15,0.74,12.68,0.30,5.97,1.04,18.65,"15,901.25"
1679,27/11/2019,VIB,"17,400","17,400","17,400","17,500","17,300","17,422",0,0.00,0.25,4.28,0.00,0.00,0.25,4.28,"16,086.15"
1680,26/11/2019,VIB,"17,300","17,300","17,300","17,500","17,300","17,394",94,0.54,0.33,5.68,0.00,0.00,0.33,5.68,"15,993.70"
1681,25/11/2019,VIB,"17,300","17,300","17,300","17,400","17,100","17,253",0,0.00,0.25,4.25,0.00,0.00,0.25,4.25,"15,993.70"
1682,22/11/2019,VIB,"17,500","17,500","17,500","17,600","17,200","17,300",0,0.00,0.70,12.18,0.00,0.00,0.70,12.18,"16,178.60"
1683,21/11/2019,VIB,"17,600","17,500","17,500","17,500","17,400","17,477",-100,-0.57,0.42,7.39,0.00,0.00,0.42,7.39,"16,178.60"
1684,20/11/2019,VIB,"17,600","17,600","17,600","17,800","17,500","17,592",0,0.00,0.74,13.04,0.00,0.00,0.74,13.04,"16,271.05"
1685,19/11/2019,VIB,"17,600","17,500","17,600","17,700","17,500","17,598",0,0.00,0.36,6.33,0.00,0.00,0.36,6.33,"16,271.05"
1686,18/11/2019,VIB,"17,700","17,700","17,500","17,800","17,500","17,595",-200,-1.13,1.21,21.27,0.00,0.01,1.21,21.29,"16,178.60"
1687,15/11/2019,VIB,"17,700","17,700","17,700","17,800","17,600","17,651",0,0.00,0.42,7.45,0.00,0.00,0.42,7.45,"16,363.50"
1688,14/11/2019,VIB,"17,800","17,800","17,600","17,800","17,600","17,680",-200,-1.12,0.44,7.79,0.00,0.00,0.44,7.79,"16,271.05"
1689,13/11/2019,VIB,"17,800","17,900","17,800","17,900","17,700","17,801",0,0.00,0.33,5.80,0.00,0.00,0.33,5.80,"16,455.95"
1690,12/11/2019,VIB,"17,900","17,800","17,900","17,900","17,800","17,806",0,0.00,0.51,9.14,0.00,0.00,0.51,9.14,"16,548.40"
1691,11/11/2019,VIB,"18,100","18,000","17,800","18,100","17,800","17,886",-300,-1.66,0.40,7.09,0.00,0.00,0.40,7.09,"16,455.95"
1692,08/11/2019,VIB,"18,000","18,000","18,000","18,300","17,900","18,080",0,0.00,0.64,11.66,0.00,0.00,0.64,11.66,"16,640.85"
1693,07/11/2019,VIB,"17,900","17,900","18,100","18,200","17,900","17,973",200,1.12,1.56,28.07,0.00,0.00,1.56,28.07,"16,733.29"
1694,06/11/2019,VIB,"17,800","17,800","17,800","18,100","17,800","17,944",0,0.00,0.84,15.00,0.00,0.00,0.84,15.00,"16,455.95"
1695,05/11/2019,VIB,"17,800","17,900","17,800","17,900","17,700","17,783",0,0.00,0.40,7.07,0.00,0.00,0.40,7.07,"16,455.95"
1696,04/11/2019,VIB,"17,600","17,800","17,900","18,000","17,600","17,844",300,1.70,0.51,9.12,0.00,0.00,0.51,9.12,"16,548.40"
1697,01/11/2019,VIB,"17,600","17,500","17,800","17,800","17,500","17,605",200,1.14,0.43,7.56,0.00,0.00,0.43,7.56,"16,455.95"
1698,31/10/2019,VIB,"17,800","17,800","17,500","17,800","17,500","17,603",-300,-1.69,1.06,18.61,0.00,0.00,1.06,18.61,"16,178.60"
1699,30/10/2019,VIB,"17,800","17,800","17,800","17,800","17,700","17,744",0,0.00,0.80,14.12,0.00,0.00,0.80,14.12,"16,455.95"
1700,29/10/2019,VIB,"18,000","17,900","17,800","17,900","15,400","17,760",-200,-1.11,0.57,10.09,2.00,30.99,2.57,41.08,"16,455.95"
1701,28/10/2019,VIB,"18,000","18,000","17,900","18,200","17,800","18,027",-100,-0.56,0.79,14.30,0.00,0.00,0.79,14.30,"16,548.40"
1702,25/10/2019,VIB,"17,900","17,800","17,900","18,100","17,800","18,001",0,0.00,0.50,9.04,0.00,0.00,0.50,9.04,"16,548.40"
1703,24/10/2019,VIB,"17,800","17,900","18,000","18,000","17,700","17,880",200,1.12,0.42,7.48,0.00,0.00,0.42,7.48,"16,640.85"
1704,23/10/2019,VIB,"17,600","17,700","17,900","17,900","17,700","17,785",300,1.70,0.50,8.83,0.00,0.00,0.50,8.83,"16,548.40"
1705,22/10/2019,VIB,"17,700","17,600","17,700","17,700","17,500","17,631",0,0.00,0.57,10.10,0.00,0.00,0.57,10.10,"16,363.50"
1706,21/10/2019,VIB,"18,100","17,900","17,600","18,000","17,500","17,709",-500,-2.76,1.67,29.64,0.00,0.00,1.67,29.64,"16,271.05"
1707,18/10/2019,VIB,"18,200","18,000","17,900","18,200","17,900","18,068",-300,-1.65,0.95,17.09,0.00,0.00,0.95,17.09,"16,548.40"
1708,17/10/2019,VIB,"18,600","18,300","18,200","18,400","18,000","18,173",-400,-2.15,1.01,18.28,0.00,0.00,1.01,18.28,"16,825.74"
1709,16/10/2019,VIB,"18,700","18,900","18,400","19,000","18,300","18,578",-300,-1.60,1.90,35.29,0.00,0.00,1.90,35.29,"17,010.64"
1710,15/10/2019,VIB,"18,600","18,600","18,800","18,800","18,500","18,704",200,1.08,1.32,24.65,0.00,0.00,1.32,24.65,"17,380.44"
1711,14/10/2019,VIB,"18,200","18,200","18,600","18,700","18,200","18,530",500,2.75,1.24,22.90,0.00,0.00,1.24,22.90,"17,195.54"
1712,11/10/2019,VIB,"18,100","18,100","18,200","18,300","18,000","18,150",100,0.55,0.20,3.70,0.00,0.00,0.20,3.70,"16,825.74"
1713,10/10/2019,VIB,"18,200","18,200","18,100","19,240","18,000","18,144",-100,-0.55,1.50,28.45,1.12,21.58,2.62,50.03,"16,733.29"
1714,09/10/2019,VIB,"17,900","18,000","18,100","18,300","18,000","18,153",200,1.12,0.43,7.89,0.00,0.00,0.43,7.89,"16,733.29"
1715,08/10/2019,VIB,"18,100","18,300","18,000","18,300","15,400","17,925",-100,-0.55,0.86,15.27,0.03,0.42,0.88,15.69,"16,640.85"
1716,07/10/2019,VIB,"18,600","18,500","17,900","18,600","17,700","18,136",-700,-3.76,1.52,27.54,0.00,0.00,1.52,27.54,"16,548.40"
1717,04/10/2019,VIB,"18,500","18,600","18,400","19,100","18,400","18,553",53,0.29,2.10,39.63,1.12,21.42,3.22,61.05,"17,010.64"
1718,03/10/2019,VIB,"18,400","18,400","18,600","18,700","18,200","18,485",200,1.09,1.14,21.10,0.00,0.00,1.14,21.10,"17,195.54"
1719,02/10/2019,VIB,"17,900","18,000","18,500","18,700","17,900","18,411",511,2.85,4.11,75.65,0.04,0.72,4.15,76.37,"17,103.09"
1720,01/10/2019,VIB,"18,100","18,200","18,100","18,200","17,800","17,928",0,0.00,0.95,17.10,0.00,0.00,0.95,17.10,"16,733.29"
1721,30/09/2019,VIB,"18,100","18,100","18,000","18,200","17,900","18,071",-100,-0.55,0.91,16.37,0.00,0.00,0.91,16.37,"16,640.85"
1722,27/09/2019,VIB,"17,900","18,100","17,900","18,300","17,900","18,090",0,0.00,1.51,27.23,0.00,0.00,1.51,27.23,"16,548.40"
1723,26/09/2019,VIB,"17,300","17,300","18,200","18,300","17,300","17,940",640,3.70,3.52,63.10,0.00,0.00,3.52,63.10,"16,825.74"
1724,25/09/2019,VIB,"17,300","17,300","17,300","17,400","17,200","17,263",0,0.00,0.55,9.42,0.00,0.00,0.55,9.42,"15,993.70"
1725,24/09/2019,VIB,"17,300","17,200","17,400","17,400","17,200","17,266",100,0.58,0.26,4.48,0.00,0.00,0.26,4.48,"16,086.15"
1726,23/09/2019,VIB,"17,300","17,300","17,200","17,400","17,200","17,285",-100,-0.58,0.42,7.31,0.00,0.00,0.42,7.31,"15,901.25"
1727,20/09/2019,VIB,"17,300","17,300","17,300","17,500","17,200","17,309",0,0.00,0.34,5.87,0.00,0.00,0.34,5.87,"15,993.70"
1728,19/09/2019,VIB,"17,300","17,200","17,300","17,400","17,100","17,278",0,0.00,0.28,4.92,0.00,0.00,0.28,4.92,"15,993.70"
1729,18/09/2019,VIB,"17,500","17,500","17,271","17,500","17,100","17,271",-229,-1.31,0.52,9.04,0.00,0.00,0.52,9.04,"15,966.89"
1730,17/09/2019,VIB,"17,600","17,500","17,300","17,500","15,000","17,262",-300,-1.70,0.45,7.70,0.04,0.53,0.48,8.23,"15,993.70"
1731,16/09/2019,VIB,"17,500","17,700","17,500","17,800","17,400","17,645",0,0.00,0.63,11.19,0.00,0.00,0.63,11.19,"16,178.60"
1732,13/09/2019,VIB,"17,200","17,100","17,600","17,800","17,000","17,529",500,2.91,0.42,7.38,0.00,0.00,0.42,7.38,"16,271.05"
1733,12/09/2019,VIB,"17,000","17,000","17,300","17,400","17,000","17,215",300,1.76,0.28,4.75,0.00,0.00,0.28,4.75,"15,993.70"
1734,11/09/2019,VIB,"17,000","17,000","16,900","17,100","14,500","16,699",-100,-0.59,0.36,6.07,0.04,0.58,0.40,6.65,"15,623.90"
1735,10/09/2019,VIB,"17,500","17,500","16,800","17,500","14,900","16,971",-700,-4.00,1.16,19.69,0.03,0.45,1.19,20.13,"15,531.46"
1736,09/09/2019,VIB,"17,600","17,600","17,300","17,700","15,000","17,393",-300,-1.70,0.37,6.49,0.02,0.23,0.39,6.72,"15,993.70"
1737,06/09/2019,VIB,"17,700","17,700","17,700","17,800","15,100","17,563",0,0.00,0.39,6.92,0.00,0.00,0.39,6.92,"16,363.50"
1738,05/09/2019,VIB,"17,700","17,700","17,700","17,800","17,600","17,709",0,0.00,0.20,3.55,0.00,0.00,0.20,3.55,"16,363.50"
1739,04/09/2019,VIB,"17,800","17,800","17,600","17,800","17,600","17,706",-200,-1.12,0.47,8.34,0.00,0.00,0.47,8.34,"16,271.05"
1740,03/09/2019,VIB,"17,500","17,500","17,700","18,100","17,400","17,794",200,1.14,1.89,33.68,0.00,0.00,1.89,33.68,"16,363.50"
1741,30/08/2019,VIB,"17,500","17,500","17,500","17,900","17,400","17,546",0,0.00,0.28,4.98,0.00,0.00,0.28,4.98,"16,178.60"
1742,29/08/2019,VIB,"17,600","17,600","17,500","17,700","17,400","17,494",-100,-0.57,0.30,5.23,0.00,0.00,0.30,5.23,"16,178.60"
1743,28/08/2019,VIB,"18,000","17,900","17,600","18,000","17,400","17,626",-400,-2.22,0.59,10.39,0.00,0.00,0.59,10.39,"16,271.05"
1744,27/08/2019,VIB,"17,700","17,700","17,900","18,300","17,600","17,957",200,1.13,0.70,12.51,0.00,0.00,0.70,12.51,"16,548.40"
1745,26/08/2019,VIB,"17,900","17,900","17,600","17,900","17,600","17,694",-300,-1.68,0.58,10.29,0.00,0.00,0.58,10.29,"16,271.05"
1746,23/08/2019,VIB,"18,100","17,800","17,900","18,000","17,800","17,905",-200,-1.10,0.67,12.08,0.00,0.00,0.67,12.08,"14,024.06"
1747,22/08/2019,VIB,"18,300","18,400","17,900","18,400","17,900","18,078",-400,-2.19,1.21,21.93,0.00,0.00,1.21,21.93,"14,024.06"
1748,21/08/2019,VIB,"18,200","18,200","18,200","18,500","18,000","18,234",0,0.00,0.85,15.53,0.02,0.32,0.87,15.85,"14,259.10"
1749,20/08/2019,VIB,"18,300","18,300","18,200","18,400","18,100","18,234",-100,-0.55,0.81,14.74,0.00,0.00,0.81,14.74,"14,259.10"
1750,19/08/2019,VIB,"18,400","18,500","18,200","18,800","18,100","18,313",-200,-1.09,1.00,18.30,0.00,0.00,1.00,18.30,"14,259.10"
1751,16/08/2019,VIB,"17,500","17,800","18,400","18,600","17,700","18,362",900,5.14,2.00,36.81,0.00,0.00,2.00,36.81,"14,415.80"
1752,15/08/2019,VIB,"17,000","16,900","17,800","17,900","16,700","17,472",800,4.71,1.11,19.40,0.00,0.00,1.11,19.40,"13,945.72"
1753,14/08/2019,VIB,"16,700","16,900","16,900","17,700","16,800","17,045",200,1.20,0.61,10.46,0.00,0.00,0.61,10.46,"13,240.60"
1754,13/08/2019,VIB,"19,900","19,900","19,600","20,000","19,500","19,736",-300,-1.51,0.82,16.12,0.00,0.00,0.82,16.12,"15,355.96"
1755,12/08/2019,VIB,"20,100","19,900","19,900","20,000","19,700","18,894",-200,-1.00,1.01,20.09,0.57,9.70,1.58,29.78,"15,591.00"
1756,09/08/2019,VIB,"19,900","19,900","20,000","20,200","19,900","19,181",100,0.50,1.07,21.56,0.45,7.73,1.53,29.29,"15,669.35"
1757,08/08/2019,VIB,"19,700","19,700","20,000","20,100","19,700","19,946",300,1.52,0.85,16.97,0.00,0.00,0.85,16.97,"15,669.35"
1758,07/08/2019,VIB,"19,000","19,100","19,800","20,300","19,000","18,295",800,4.21,2.13,41.99,1.40,22.68,3.53,64.67,"15,512.65"
1759,06/08/2019,VIB,"19,100","19,000","19,100","19,100","18,700","19,015",0,0.00,0.46,8.83,1.00,16.50,1.46,25.33,"14,964.23"
1760,05/08/2019,VIB,"18,800","18,800","19,200","19,300","18,800","19,111",400,2.13,0.96,18.37,0.00,0.00,0.96,18.37,"15,042.57"
1761,02/08/2019,VIB,"18,800","18,800","18,800","19,000","18,700","18,815",0,0.00,0.62,11.60,0.00,0.00,0.62,11.60,"14,729.18"
1762,01/08/2019,VIB,"18,600","18,700","19,000","19,100","18,600","18,836",400,2.15,0.50,9.51,0.00,0.00,0.50,9.51,"14,885.88"
1763,31/07/2019,VIB,"18,800","18,700","18,700","18,700","18,500","18,593",-100,-0.53,0.28,5.29,0.00,0.00,0.28,5.29,"14,650.84"
1764,30/07/2019,VIB,"19,000","18,900","18,600","19,000","18,600","18,789",-400,-2.11,0.72,13.54,0.00,0.00,0.72,13.54,"14,572.49"
1765,29/07/2019,VIB,"19,100","19,100","19,000","19,300","18,700","19,015",-100,-0.52,0.61,11.51,0.00,0.00,0.61,11.51,"14,885.88"
1766,26/07/2019,VIB,"19,100","19,100","19,100","19,200","19,000","18,985",0,0.00,0.25,4.71,0.06,1.12,0.31,5.83,"14,964.23"
1767,25/07/2019,VIB,"18,700","18,700","19,100","19,300","18,700","19,148",400,2.14,0.81,15.47,0.00,0.00,0.81,15.47,"14,964.23"
1768,24/07/2019,VIB,"18,600","18,600","18,800","18,800","18,400","18,652",200,1.08,0.52,9.73,0.00,0.00,0.52,9.73,"14,729.18"
1769,23/07/2019,VIB,"18,600","18,600","18,600","18,700","18,500","18,598",0,0.00,0.39,7.31,0.00,0.00,0.39,7.31,"14,572.49"
1770,22/07/2019,VIB,"18,800","18,800","18,600","18,900","18,300","18,572",-200,-1.06,0.42,7.73,0.00,0.00,0.42,7.73,"14,572.49"
1771,19/07/2019,VIB,"18,700","18,600","18,800","18,900","18,600","18,788",100,0.53,0.40,7.57,0.00,0.00,0.40,7.57,"14,729.18"
1772,18/07/2019,VIB,"18,400","18,200","18,800","18,900","18,200","18,652",400,2.17,0.82,15.24,0.00,0.00,0.82,15.24,"14,729.18"
1773,17/07/2019,VIB,"18,500","18,400","18,300","18,600","18,200","18,382",-200,-1.08,0.69,12.75,0.00,0.00,0.69,12.75,"14,337.45"
1774,16/07/2019,VIB,"18,300","18,300","18,500","18,800","18,300","18,399",200,1.09,0.70,12.96,0.00,0.00,0.70,12.96,"14,494.14"
1775,15/07/2019,VIB,"17,500","17,500","18,300","18,500","17,500","17,111",800,4.57,1.34,24.53,0.73,10.97,2.07,35.50,"14,337.45"
1776,12/07/2019,VIB,"16,900","17,000","17,700","17,800","17,000","17,535",800,4.73,0.93,16.35,0.00,0.00,0.93,16.35,"13,439.84"
1777,11/07/2019,VIB,"16,900","16,900","17,000","17,000","16,800","15,235",100,0.59,0.12,2.09,0.90,13.45,1.02,15.54,"12,908.32"
1778,10/07/2019,VIB,"17,000","16,900","16,900","17,000","16,800","15,250",-100,-0.59,0.14,2.41,1.01,15.18,1.15,17.59,"12,832.39"
1779,09/07/2019,VIB,"17,100","17,100","16,900","17,100","16,800","16,981",-200,-1.17,0.33,5.62,0.00,0.00,0.33,5.62,"12,832.39"
1780,08/07/2019,VIB,"17,100","17,000","17,100","17,200","17,000","17,065",0,0.00,0.12,2.13,0.00,0.01,0.13,2.14,"12,984.25"
1781,05/07/2019,VIB,"17,300","17,200","17,100","17,400","17,000","17,134",-200,-1.16,0.12,2.06,0.00,0.00,0.12,2.06,"12,984.25"
1782,04/07/2019,VIB,"16,800","17,000","17,300","17,600","16,900","17,348",500,2.98,0.35,6.13,0.99,17.36,1.35,23.49,"13,136.12"
1783,03/07/2019,VIB,"16,500","16,400","17,000","17,000","16,400","16,762",500,3.03,0.27,4.53,0.03,0.50,0.30,5.03,"12,908.32"
1784,02/07/2019,VIB,"16,400","16,400","16,500","16,600","16,400","16,505",100,0.61,0.12,1.94,0.00,0.00,0.12,1.94,"12,528.67"
1785,01/07/2019,VIB,"16,300","16,300","16,500","16,600","16,300","16,370",200,1.23,0.07,1.12,0.00,0.02,0.07,1.14,"12,528.67"
1786,28/06/2019,VIB,"16,400","16,300","16,400","16,400","16,200","16,304",0,0.00,0.09,1.42,0.00,0.00,0.09,1.42,"12,452.74"
1787,27/06/2019,VIB,"16,600","16,500","16,300","16,700","16,300","16,407",-300,-1.81,0.35,5.68,0.00,0.04,0.35,5.72,"12,376.80"
1788,26/06/2019,VIB,"16,500","16,300","16,500","16,700","14,900","16,556",56,0.34,0.13,2.07,0.09,1.58,0.21,3.65,"12,528.67"
1789,25/06/2019,VIB,"16,600","16,500","16,500","16,600","16,400","16,513",-100,-0.60,0.11,1.82,0.00,0.00,0.11,1.82,"12,528.67"
1790,24/06/2019,VIB,"16,700","16,700","16,600","16,700","16,500","16,567",-100,-0.60,0.18,2.93,0.00,0.00,0.18,2.93,"12,604.60"
1791,21/06/2019,VIB,"16,500","16,700","16,700","16,800","16,600","16,709",200,1.21,0.10,1.73,0.18,3.16,0.28,4.89,"12,680.53"
1792,20/06/2019,VIB,"16,400","16,300","16,700","16,800","16,300","16,519",300,1.83,0.12,1.97,0.00,0.00,0.12,1.97,"12,680.53"
1793,19/06/2019,VIB,"16,500","16,400","16,500","16,500","16,300","16,404",0,0.00,0.12,1.95,0.00,0.00,0.12,1.95,"12,528.67"
1794,18/06/2019,VIB,"16,600","16,700","16,500","16,700","16,400","17,235",-100,-0.60,0.16,2.69,0.18,3.16,0.34,5.85,"12,528.67"
1795,17/06/2019,VIB,"16,600","16,600","16,700","16,800","16,500","16,582",100,0.60,0.18,2.96,0.00,0.00,0.18,2.96,"12,680.53"
1796,14/06/2019,VIB,"16,400","16,400","16,700","16,700","16,300","17,378",300,1.83,0.11,1.91,0.17,3.01,0.28,4.91,"12,680.53"
1797,13/06/2019,VIB,"16,400","16,500","16,400","16,500","16,300","17,435",0,0.00,0.09,1.43,0.18,3.16,0.26,4.59,"12,452.74"
1798,12/06/2019,VIB,"16,700","16,600","16,400","16,600","16,300","16,387",-300,-1.80,0.18,2.93,0.00,0.00,0.18,2.93,"12,452.74"
1799,11/06/2019,VIB,"16,900","16,800","16,600","16,900","16,500","17,272",-300,-1.78,0.40,6.66,0.34,6.03,0.73,12.69,"12,604.60"
1800,10/06/2019,VIB,"17,000","17,000","16,800","17,100","16,800","17,354",-200,-1.18,0.13,2.28,0.09,1.58,0.22,3.86,"12,756.46"
1801,07/06/2019,VIB,"17,100","17,000","17,100","17,100","17,000","17,042",0,0.00,0.06,1.03,0.15,2.78,0.21,3.80,"12,984.25"
1802,06/06/2019,VIB,"17,400","17,400","17,000","17,400","17,000","17,544",-400,-2.30,0.19,3.20,0.17,3.02,0.35,6.22,"12,908.32"
1803,05/06/2019,VIB,"17,200","17,400","17,400","17,900","17,200","17,370",200,1.16,0.14,2.42,3.60,57.60,3.74,60.02,"13,212.05"
1804,04/06/2019,VIB,"17,900","17,900","17,900","17,900","17,700","17,803",0,0.00,0.08,1.49,0.00,0.00,0.08,1.49,"13,591.71"
1805,03/06/2019,VIB,"18,000","17,900","17,900","18,000","17,700","17,873",-100,-0.56,0.26,4.66,0.28,5.27,0.54,9.93,"13,591.71"
1806,31/05/2019,VIB,"18,000","18,000","18,000","18,200","17,900","18,042",0,0.00,0.41,7.32,0.00,0.00,0.41,7.32,"13,667.64"
1807,30/05/2019,VIB,"18,000","18,000","18,000","18,100","17,900","18,027",0,0.00,0.21,3.79,0.00,0.03,0.21,3.83,"13,667.64"
1808,29/05/2019,VIB,"18,100","18,200","18,000","18,200","18,000","18,032",-100,-0.55,0.19,3.40,0.00,0.04,0.19,3.45,"13,667.64"
1809,28/05/2019,VIB,"18,100","18,100","18,100","18,100","18,000","19,279",0,0.00,0.13,2.32,0.10,2.08,0.23,4.40,"13,602.90"
1810,27/05/2019,VIB,"18,300","18,300","18,200","18,300","18,000","19,923",-100,-0.55,0.29,5.24,0.48,10.08,0.77,15.32,"13,678.06"
1811,24/05/2019,VIB,"18,400","18,400","18,300","18,400","18,200","18,304",-100,-0.54,0.23,4.20,0.00,0.00,0.23,4.20,"13,753.21"
1812,23/05/2019,VIB,"18,500","18,500","18,400","18,500","18,400","18,409",-100,-0.54,0.10,1.89,0.00,0.00,0.10,1.89,"13,828.36"
1813,22/05/2019,VIB,"18,500","18,500","18,500","18,500","18,400","18,960",0,0.00,0.22,4.14,0.62,11.86,0.84,16.01,"13,903.52"
1814,21/05/2019,VIB,"18,400","18,400","18,500","18,600","18,300","18,495",100,0.54,0.50,9.21,0.00,0.05,0.50,9.26,"13,903.52"
1815,20/05/2019,VIB,"18,500","18,600","18,400","18,600","18,400","18,434",-100,-0.54,0.40,7.38,0.00,0.02,0.40,7.40,"13,828.36"
1816,17/05/2019,VIB,"18,600","18,600","18,600","18,600","18,400","18,516",0,0.00,0.47,8.68,0.02,0.33,0.49,9.02,"13,978.67"
1817,16/05/2019,VIB,"18,500","18,600","18,600","18,800","18,600","18,638",100,0.54,0.14,2.59,0.00,0.00,0.14,2.59,"13,978.67"
1818,15/05/2019,VIB,"18,400","18,500","18,600","18,700","18,400","18,526",200,1.09,0.16,2.89,0.00,0.00,0.16,2.89,"13,978.67"
1819,14/05/2019,VIB,"18,400","18,400","18,500","18,500","18,300","18,404",100,0.54,0.15,2.80,0.00,0.00,0.15,2.80,"13,903.52"
1820,13/05/2019,VIB,"18,300","18,400","18,400","18,500","18,300","18,438",100,0.55,0.18,3.36,0.00,0.00,0.18,3.36,"13,828.36"
1821,10/05/2019,VIB,"18,100","18,200","18,300","18,300","18,100","18,250",200,1.10,0.18,3.35,0.00,0.00,0.18,3.35,"13,753.21"
1822,09/05/2019,VIB,"18,100","18,200","18,100","18,300","18,000","18,127",0,0.00,0.10,1.81,0.00,0.00,0.10,1.81,"13,602.90"
1823,08/05/2019,VIB,"18,400","18,300","18,200","18,300","17,900","18,075",-200,-1.09,0.23,4.08,0.00,0.00,0.23,4.08,"13,678.06"
1824,07/05/2019,VIB,"18,400","18,400","18,400","18,400","18,300","18,366",0,0.00,0.05,0.95,0.00,0.00,0.05,0.95,"13,828.36"
1825,06/05/2019,VIB,"18,600","18,600","18,400","18,600","18,300","18,436",-200,-1.08,0.15,2.79,0.00,0.00,0.15,2.79,"13,828.36"
1826,03/05/2019,VIB,"18,800","18,800","18,500","18,800","18,500","18,629",-300,-1.60,0.21,3.95,0.00,0.00,0.21,3.95,"13,903.52"
1827,02/05/2019,VIB,"19,000","19,000","18,700","19,000","18,700","18,802",-300,-1.58,0.22,4.13,0.00,0.00,0.22,4.13,"14,053.83"
1828,26/04/2019,VIB,"18,900","19,000","19,000","19,200","18,900","18,978",100,0.53,0.08,1.57,0.00,0.00,0.08,1.57,"14,279.29"
1829,25/04/2019,VIB,"18,900","19,000","19,000","19,000","18,900","18,946",100,0.53,0.08,1.52,0.00,0.00,0.08,1.52,"14,279.29"
1830,24/04/2019,VIB,"18,700","18,800","18,900","19,000","18,800","18,891",200,1.07,0.09,1.78,0.00,0.00,0.09,1.78,"14,204.14"
1831,23/04/2019,VIB,"18,900","18,900","18,800","18,900","18,600","18,723",-100,-0.53,0.21,3.88,0.00,0.00,0.21,3.88,"14,128.98"
1832,22/04/2019,VIB,"19,000","19,000","19,000","19,100","18,800","18,903",0,0.00,0.17,3.16,0.00,0.00,0.17,3.16,"14,279.29"
1833,19/04/2019,VIB,"19,200","19,200","19,000","19,200","19,000","19,027",-200,-1.04,0.08,1.62,0.00,0.00,0.08,1.62,"14,279.29"
1834,18/04/2019,VIB,"19,200","19,200","19,000","19,300","19,000","19,153",-200,-1.04,0.16,3.13,0.00,0.00,0.16,3.13,"14,279.29"
1835,17/04/2019,VIB,"19,100","19,200","19,200","19,300","19,100","19,207",100,0.52,0.24,4.56,0.00,0.00,0.24,4.56,"14,429.60"
1836,16/04/2019,VIB,"19,200","19,500","19,200","19,500","19,000","19,123",0,0.00,0.07,1.39,0.00,0.00,0.07,1.39,"14,429.60"
1837,12/04/2019,VIB,"19,300","19,100","19,200","19,300","19,000","19,168",-100,-0.52,0.10,1.91,0.00,0.00,0.10,1.91,"14,429.60"
1838,11/04/2019,VIB,"19,200","19,400","19,300","19,400","19,200","19,266",100,0.52,0.12,2.29,0.00,0.00,0.12,2.29,"14,504.75"
1839,10/04/2019,VIB,"19,500","19,400","19,300","19,400","19,100","19,227",-200,-1.03,0.23,4.35,0.00,0.00,0.23,4.35,"14,504.75"
1840,09/04/2019,VIB,"19,400","19,500","19,400","19,600","19,400","19,475",75,0.39,0.51,9.96,0.00,0.00,0.51,9.96,"14,579.91"
1841,08/04/2019,VIB,"19,400","19,400","19,500","19,500","19,300","19,383",100,0.52,0.44,8.51,0.00,0.00,0.44,8.51,"14,655.06"
1842,05/04/2019,VIB,"19,400","19,500","19,400","19,500","19,300","19,427",0,0.00,0.21,4.10,0.00,0.00,0.21,4.10,"14,579.91"
1843,04/04/2019,VIB,"19,200","19,200","19,400","19,500","19,200","19,368",200,1.04,0.46,8.86,0.00,0.00,0.46,8.86,"14,579.91"
1844,03/04/2019,VIB,"19,200","19,200","19,200","19,300","19,100","16,483",0,0.00,0.27,5.09,8.56,140.31,8.82,145.40,"14,429.60"
1845,02/04/2019,VIB,"19,200","19,200","19,200","19,400","19,100","19,227",0,0.00,0.44,8.52,0.00,0.00,0.44,8.52,"14,429.60"
1846,01/04/2019,VIB,"19,100","19,200","19,200","19,300","19,100","19,169",100,0.52,0.45,8.68,0.00,0.00,0.45,8.68,"14,429.60"
1847,29/03/2019,VIB,"19,000","19,200","19,000","19,400","19,000","19,132",132,0.69,0.51,9.82,0.00,0.00,0.51,9.82,"14,279.29"
1848,28/03/2019,VIB,"18,700","19,000","19,000","19,100","18,700","18,966",300,1.60,0.47,8.91,0.00,0.00,0.47,8.91,"14,279.29"
1849,27/03/2019,VIB,"18,600","18,700","18,700","18,800","18,600","18,692",100,0.54,0.14,2.64,0.00,0.00,0.14,2.64,"14,053.83"
1850,26/03/2019,VIB,"18,600","18,700","18,500","18,800","18,500","18,600",-100,-0.54,0.24,4.52,0.06,0.92,0.30,5.44,"13,903.52"
1851,25/03/2019,VIB,"19,000","18,900","18,600","19,000","18,500","18,594",-400,-2.11,0.32,5.93,0.48,7.72,0.79,13.65,"13,978.67"
1852,22/03/2019,VIB,"19,100","19,000","19,200","19,200","18,900","19,014",100,0.52,0.25,4.81,0.00,0.00,0.25,4.81,"14,429.60"
1853,21/03/2019,VIB,"19,200","19,300","18,900","19,400","18,900","19,143",-300,-1.56,0.29,5.63,0.00,0.00,0.29,5.63,"14,204.14"
1854,20/03/2019,VIB,"19,500","19,500","19,300","19,500","16,900","17,916",-200,-1.03,0.57,11.00,0.71,11.97,1.28,22.97,"14,504.75"
1855,19/03/2019,VIB,"19,700","19,700","19,500","19,900","19,000","19,547",-200,-1.02,0.39,7.55,0.00,0.00,0.39,7.55,"14,655.06"
1856,18/03/2019,VIB,"19,700","19,700","19,800","19,900","19,600","19,742",100,0.51,0.37,7.34,0.00,0.00,0.37,7.34,"14,880.52"
1857,15/03/2019,VIB,"19,800","19,800","19,700","19,800","19,600","19,706",-100,-0.51,0.26,5.20,0.00,0.00,0.26,5.20,"14,805.37"
1858,14/03/2019,VIB,"19,900","19,900","19,700","19,900","18,000","19,782",-200,-1.01,0.19,3.80,0.20,3.52,0.39,7.32,"14,805.37"
1859,13/03/2019,VIB,"19,300","19,500","19,800","20,200","16,500","19,871",571,2.96,0.93,18.55,1.20,19.80,2.13,38.35,"14,880.52"
1860,12/03/2019,VIB,"19,000","19,000","19,400","19,500","19,000","19,275",275,1.45,0.42,8.06,0.00,0.00,0.42,8.06,"14,579.91"
1861,11/03/2019,VIB,"19,100","19,000","19,100","19,200","18,800","18,984",0,0.00,0.27,5.20,0.00,0.00,0.27,5.20,"14,354.44"
1862,08/03/2019,VIB,"19,300","19,200","19,000","19,300","18,900","19,077",-300,-1.55,0.18,3.50,0.00,0.00,0.18,3.50,"14,279.29"
1863,07/03/2019,VIB,"19,200","19,000","19,200","19,500","19,000","19,331",131,0.68,0.28,5.37,0.00,0.00,0.28,5.37,"14,429.60"
1864,06/03/2019,VIB,"18,900","18,800","19,200","21,700","18,500","19,819",275,1.46,0.57,10.98,0.20,4.25,0.77,15.23,"14,429.60"
1865,05/03/2019,VIB,"19,000","18,900","18,900","19,000","18,800","18,872",-100,-0.53,0.25,4.79,0.00,0.00,0.25,4.79,"14,204.14"
1866,04/03/2019,VIB,"18,500","18,500","19,000","19,200","18,500","18,952",452,2.44,0.35,6.64,0.00,0.00,0.35,6.64,"14,279.29"
1867,01/03/2019,VIB,"18,600","18,500","18,600","18,700","18,400","18,545",0,0.00,0.16,2.90,0.00,0.00,0.16,2.90,"13,978.67"
1868,28/02/2019,VIB,"18,800","18,900","18,500","18,900","18,300","18,550",-300,-1.60,0.44,8.25,0.00,0.00,0.44,8.25,"13,903.52"
1869,27/02/2019,VIB,"18,900","18,900","18,800","18,900","18,700","18,779",-100,-0.53,0.32,6.04,0.01,0.19,0.33,6.23,"14,128.98"
1870,26/02/2019,VIB,"19,000","19,100","18,900","19,100","18,700","18,881",-100,-0.53,0.39,7.37,0.00,0.00,0.39,7.37,"14,204.14"
1871,25/02/2019,VIB,"19,100","19,000","19,000","19,200","18,900","19,025",-100,-0.52,0.28,5.28,0.00,0.00,0.28,5.28,"14,279.29"
1872,22/02/2019,VIB,"19,300","19,300","18,900","22,100","16,500","19,102",-400,-2.07,0.46,8.85,0.40,7.74,0.86,16.59,"14,204.14"
1873,21/02/2019,VIB,"19,100","19,200","19,300","19,400","19,100","19,254",155,0.81,0.78,14.94,0.00,0.00,0.78,14.94,"14,504.75"
1874,20/02/2019,VIB,"18,500","18,600","19,200","19,300","18,500","19,073",573,3.10,0.75,14.21,0.00,0.00,0.75,14.21,"14,429.60"
1875,19/02/2019,VIB,"18,100","18,100","18,600","18,800","18,100","18,498",398,2.20,1.06,19.62,0.00,0.00,1.06,19.62,"13,978.67"
1876,18/02/2019,VIB,"17,800","17,800","18,200","18,300","17,800","18,134",334,1.88,0.68,12.29,0.00,0.00,0.68,12.29,"13,678.06"
1877,15/02/2019,VIB,"17,600","17,700","17,800","17,900","17,600","17,760",160,0.91,0.15,2.68,0.00,0.00,0.15,2.68,"13,377.44"
1878,14/02/2019,VIB,"17,800","17,800","17,600","17,800","17,500","17,597",-200,-1.12,0.39,6.80,0.00,0.00,0.39,6.80,"13,227.13"
1879,13/02/2019,VIB,"18,000","18,000","17,900","18,000","15,300","17,490",-100,-0.56,0.51,9.01,0.07,1.04,0.57,10.05,"13,452.59"
1880,12/02/2019,VIB,"18,000","18,100","17,900","18,200","15,300","17,567",-100,-0.56,0.31,5.53,0.05,0.82,0.36,6.36,"13,452.59"
1881,11/02/2019,VIB,"17,500","17,600","18,000","18,200","17,600","17,968",468,2.67,0.30,5.42,0.00,0.00,0.30,5.42,"13,527.75"
1882,01/02/2019,VIB,"17,400","17,500","17,600","17,700","17,300","17,496",96,0.55,0.14,2.53,0.00,0.00,0.14,2.53,"13,227.13"
1883,31/01/2019,VIB,"17,300","17,400","17,300","17,500","17,200","17,362",62,0.36,0.23,4.00,0.00,0.00,0.23,4.00,"13,001.67"
1884,30/01/2019,VIB,"17,500","17,500","17,300","17,500","17,200","17,300",-200,-1.14,0.24,4.09,0.00,0.00,0.24,4.09,"13,001.67"
1885,29/01/2019,VIB,"17,700","17,600","17,500","19,100","17,400","17,510",-200,-1.13,0.23,4.06,0.14,2.69,0.37,6.75,"13,151.98"
1886,28/01/2019,VIB,"17,900","17,800","17,600","17,900","17,600","17,675",-300,-1.68,0.17,3.09,0.00,0.00,0.17,3.09,"13,227.13"
1887,25/01/2019,VIB,"17,900","17,700","17,800","18,000","15,300","17,946",-100,-0.56,0.28,4.99,2.39,36.61,2.67,41.60,"13,377.44"
1888,24/01/2019,VIB,"17,900","17,900","17,900","18,000","17,900","17,946",0,0.00,0.11,2.03,0.00,0.00,0.11,2.03,"13,452.59"
1889,23/01/2019,VIB,"18,000","17,800","17,900","18,000","17,800","17,903",-100,-0.56,0.17,3.08,0.00,0.00,0.17,3.08,"13,452.59"
1890,22/01/2019,VIB,"18,000","18,000","18,000","18,200","17,900","18,014",0,0.00,0.10,1.87,0.00,0.00,0.10,1.87,"13,527.75"
1891,21/01/2019,VIB,"17,900","17,600","18,100","18,200","17,600","18,046",146,0.82,0.19,3.35,0.00,0.00,0.19,3.35,"13,602.90"
1892,18/01/2019,VIB,"18,100","18,100","17,900","18,300","17,700","17,869",-200,-1.10,0.18,3.16,0.00,0.00,0.18,3.16,"13,452.59"
1893,17/01/2019,VIB,"17,700","17,700","18,200","18,500","17,700","18,027",364,2.06,0.27,4.82,0.00,0.00,0.27,4.82,"13,678.06"
1894,16/01/2019,VIB,"17,700","17,700","17,600","17,700","17,600","17,651",-100,-0.56,0.10,1.79,0.00,0.00,0.10,1.79,"13,227.13"
1895,15/01/2019,VIB,"17,700","17,600","17,600","17,700","17,600","17,664",-100,-0.56,0.14,2.42,0.00,0.00,0.14,2.42,"13,227.13"
1896,14/01/2019,VIB,"17,700","17,600","17,700","17,700","17,500","17,659",0,0.00,0.19,3.29,0.00,0.00,0.19,3.29,"13,302.29"
1897,11/01/2019,VIB,"17,700","17,800","17,600","17,800","17,600","17,685",-100,-0.56,0.09,1.59,0.00,0.00,0.09,1.59,"13,227.13"
1898,10/01/2019,VIB,"17,700","17,800","17,700","17,800","17,700","17,710",0,0.00,0.04,0.66,0.00,0.00,0.04,0.66,"13,302.29"
1899,09/01/2019,VIB,"17,700","17,800","17,800","17,800","17,500","17,725",100,0.56,0.18,3.18,0.00,0.00,0.18,3.18,"13,377.44"
1900,08/01/2019,VIB,"17,800","17,700","17,800","17,900","17,600","17,733",0,0.00,0.07,1.32,0.00,0.00,0.07,1.32,"13,377.44"
1901,07/01/2019,VIB,"17,600","17,600","17,700","17,800","17,600","17,763",163,0.93,0.10,1.83,0.00,0.00,0.10,1.83,"13,302.29"
1902,04/01/2019,VIB,"17,600","17,500","17,600","17,600","17,500","17,554",0,0.00,0.09,1.58,0.00,0.00,0.09,1.58,"13,227.13"
1903,03/01/2019,VIB,"17,800","17,800","17,500","17,900","17,400","17,576",-300,-1.69,0.09,1.65,0.00,0.00,0.09,1.65,"13,151.98"
1904,02/01/2019,VIB,"17,700","18,000","17,800","18,000","17,700","17,802",102,0.58,0.11,1.89,0.00,0.00,0.11,1.89,"13,377.44"
1905,28/12/2018,VIB,"18,000","18,000","17,600","18,000","17,500","17,706",-400,-2.22,0.16,2.83,0.00,0.00,0.16,2.83,"13,227.13"
1906,27/12/2018,VIB,"17,900","18,100","17,900","18,200","17,900","18,042",142,0.79,0.14,2.57,0.00,0.00,0.14,2.57,"13,452.59"
1907,26/12/2018,VIB,"18,000","18,000","17,800","18,000","17,800","17,974",-200,-1.11,0.13,2.40,0.00,0.00,0.13,2.40,"13,377.44"
1908,25/12/2018,VIB,"18,400","18,200","18,000","18,300","17,700","17,967",-400,-2.17,0.24,4.38,0.00,0.00,0.24,4.38,"13,527.75"
1909,24/12/2018,VIB,"18,300","18,400","18,300","18,500","18,300","18,378",78,0.43,0.08,1.48,0.00,0.00,0.08,1.48,"13,753.21"
1910,21/12/2018,VIB,"18,500","18,700","18,500","18,700","18,200","18,334",0,0.00,0.16,2.85,0.00,0.00,0.16,2.85,"13,903.52"
1911,20/12/2018,VIB,"18,100","18,100","18,700","18,700","18,100","18,466",366,2.02,0.06,1.12,0.00,0.00,0.06,1.12,"14,053.83"
1912,19/12/2018,VIB,"18,100","18,300","18,300","18,300","18,000","18,139",200,1.10,0.07,1.32,0.00,0.00,0.07,1.32,"13,753.21"
1913,18/12/2018,VIB,"18,900","18,500","18,300","18,500","17,900","18,100",-600,-3.17,0.39,7.09,0.00,0.00,0.39,7.09,"13,753.21"
1914,17/12/2018,VIB,"19,500","19,300","18,700","19,300","18,500","18,871",-800,-4.10,0.21,4.05,0.00,0.00,0.21,4.05,"14,053.83"
1915,14/12/2018,VIB,"19,500","19,600","19,200","19,600","19,200","19,481",-300,-1.54,0.14,2.65,0.00,0.00,0.14,2.65,"14,429.60"
1916,13/12/2018,VIB,"19,500","19,500","19,700","19,700","19,400","19,522",200,1.03,0.22,4.35,0.00,0.00,0.22,4.35,"14,805.37"
1917,12/12/2018,VIB,"19,400","19,500","19,500","19,600","19,400","19,465",95,0.49,0.18,3.52,0.04,0.72,0.22,4.23,"14,655.06"
1918,11/12/2018,VIB,"19,400","19,400","19,500","19,600","19,300","19,443",100,0.52,0.10,1.88,0.00,0.00,0.10,1.88,"14,655.06"
1919,10/12/2018,VIB,"19,600","19,600","19,400","19,700","19,200","19,414",-200,-1.02,0.11,2.14,0.00,0.00,0.11,2.14,"14,579.91"
1920,07/12/2018,VIB,"19,500","19,500","19,700","19,700","19,500","19,592",97,0.50,0.13,2.62,0.01,0.14,0.14,2.76,"14,805.37"
1921,06/12/2018,VIB,"19,600","19,500","19,500","19,700","19,400","19,528",-100,-0.51,0.22,4.34,0.00,0.00,0.22,4.34,"14,655.06"
1922,05/12/2018,VIB,"19,600","19,400","19,700","19,700","19,300","19,566",100,0.51,0.21,4.10,0.00,0.00,0.21,4.10,"14,805.37"
1923,04/12/2018,VIB,"19,300","19,400","19,700","19,800","19,400","19,640",340,1.76,0.31,6.06,0.00,0.00,0.31,6.06,"14,805.37"
1924,03/12/2018,VIB,"18,800","19,000","19,400","19,600","19,000","19,261",461,2.45,0.31,5.96,0.00,0.00,0.31,5.96,"14,579.91"
1925,30/11/2018,VIB,"19,100","19,100","18,700","19,100","18,700","18,845",-400,-2.09,0.14,2.66,0.00,0.00,0.14,2.66,"14,053.83"
1926,29/11/2018,VIB,"18,800","18,900","19,000","19,400","18,800","19,136",336,1.79,0.31,5.98,0.00,0.00,0.31,5.98,"14,279.29"
1927,28/11/2018,VIB,"19,000","19,000","18,700","19,000","18,700","18,819",-300,-1.58,0.07,1.28,0.00,0.00,0.07,1.28,"14,053.83"
1928,27/11/2018,VIB,"19,000","19,100","19,000","19,100","18,800","18,968",0,0.00,0.06,1.18,0.00,0.00,0.06,1.18,"14,279.29"
1929,26/11/2018,VIB,"19,100","19,200","19,000","19,200","18,800","18,985",-100,-0.52,0.03,0.50,0.00,0.00,0.03,0.50,"14,279.29"
1930,23/11/2018,VIB,"19,300","19,300","19,100","19,300","19,000","19,101",-200,-1.04,0.08,1.58,0.00,0.00,0.08,1.58,"10,171.11"
1931,22/11/2018,VIB,"19,300","19,300","19,300","19,500","19,300","19,332",0,0.00,0.11,2.05,0.00,0.00,0.11,2.05,"10,277.61"
1932,21/11/2018,VIB,"19,600","19,500","19,300","19,500","19,000","19,278",-300,-1.53,0.06,1.08,0.00,0.00,0.06,1.08,"10,277.61"
1933,20/11/2018,VIB,"19,900","19,900","19,600","20,000","19,500","19,641",-300,-1.51,0.09,1.71,0.00,0.00,0.09,1.71,"10,437.37"
1934,19/11/2018,VIB,"19,900","20,000","19,900","20,000","19,800","19,947",0,0.00,0.12,2.42,0.00,0.00,0.12,2.42,"10,597.12"
1935,16/11/2018,VIB,"19,100","19,200","19,700","20,500","19,200","19,700",600,3.14,0.22,4.33,0.06,1.08,0.27,5.41,"10,490.62"
1936,15/11/2018,VIB,"27,100","27,000","26,900","27,200","26,800","26,577",-200,-0.74,0.33,8.88,0.10,2.45,0.43,11.33,"14,324.76"
1937,14/11/2018,VIB,"27,000","27,000","27,100","27,200","26,900","27,066",66,0.24,0.18,4.80,0.00,0.00,0.18,4.80,"14,431.26"
1938,13/11/2018,VIB,"27,100","27,300","26,800","27,400","26,800","26,974",-300,-1.11,0.14,3.76,0.10,2.69,0.24,6.45,"14,271.50"
1939,12/11/2018,VIB,"27,200","27,000","27,400","27,500","26,600","27,094",200,0.74,0.11,3.00,0.00,0.01,0.11,3.01,"14,591.02"
1940,09/11/2018,VIB,"27,600","27,800","26,900","28,000","26,900","27,177",-700,-2.54,0.19,5.08,0.00,0.00,0.19,5.08,"14,324.76"
1941,08/11/2018,VIB,"26,400","26,900","27,600","27,800","26,900","27,553","1,200",4.55,0.29,7.99,0.00,0.00,0.29,7.99,"14,697.52"
1942,07/11/2018,VIB,"25,800","26,200","26,500","26,600","26,200","26,411",700,2.71,0.07,1.83,0.00,0.00,0.07,1.83,"14,111.75"
1943,06/11/2018,VIB,"26,300","26,600","26,200","26,600","26,100","26,263",-100,-0.38,0.07,1.87,0.00,0.00,0.07,1.87,"13,951.99"
1944,05/11/2018,VIB,"26,600","26,800","26,000","26,800","26,000","26,274",-600,-2.26,0.13,3.38,0.00,0.00,0.13,3.38,"13,845.49"
1945,02/11/2018,VIB,"26,800","26,800","26,800","27,000","26,400","26,601",0,0.00,0.03,0.89,0.00,0.00,0.03,0.89,"14,271.50"
1946,01/11/2018,VIB,"26,900","27,000","26,500","27,100","26,500","26,805",-400,-1.49,0.03,0.76,0.00,0.01,0.03,0.77,"14,111.75"
1947,31/10/2018,VIB,"26,400","26,500","27,000","27,400","26,500","26,913",513,1.94,0.04,1.02,0.45,12.00,0.49,13.02,"14,378.01"
1948,30/10/2018,VIB,"26,100","26,000","26,600","26,800","26,000","26,424",500,1.92,0.04,1.00,0.02,0.42,0.05,1.41,"14,165.00"
1949,29/10/2018,VIB,"26,100","26,000","26,000","26,500","26,000","26,053",-100,-0.38,0.07,1.85,0.00,0.00,0.07,1.85,"13,845.49"
1950,26/10/2018,VIB,"26,100","26,400","26,000","26,500","25,900","26,416",-100,-0.38,0.15,3.95,0.00,0.00,0.15,3.95,"13,845.49"
1951,25/10/2018,VIB,"27,100","26,500","26,400","26,500","25,500","26,101",-700,-2.58,0.19,5.00,0.00,0.00,0.19,5.00,"14,058.50"
1952,24/10/2018,VIB,"27,200","27,200","26,600","27,500","26,600","27,124",-600,-2.21,0.10,2.68,0.00,0.00,0.10,2.68,"14,165.00"
1953,23/10/2018,VIB,"27,900","27,600","27,400","27,600","26,900","27,206",-500,-1.79,0.11,3.11,0.00,0.00,0.11,3.11,"14,591.02"
1954,22/10/2018,VIB,"27,500","27,700","27,600","28,000","27,600","27,879",100,0.36,0.17,4.63,0.00,0.00,0.17,4.63,"14,697.52"
1955,19/10/2018,VIB,"27,500","27,500","27,800","27,800","27,000","27,518",300,1.09,0.13,3.66,0.00,0.00,0.13,3.66,"14,804.02"
1956,18/10/2018,VIB,"27,700","27,600","27,600","27,700","27,300","27,516",-100,-0.36,0.04,1.07,0.00,0.00,0.04,1.07,"14,697.52"
1957,17/10/2018,VIB,"27,600","27,600","27,600","28,000","27,400","27,692",92,0.33,0.12,3.24,0.00,0.00,0.12,3.24,"14,697.52"
1958,16/10/2018,VIB,"27,400","27,400","27,500","27,900","27,400","27,602",100,0.36,0.04,1.22,0.00,0.00,0.04,1.22,"14,644.27"
1959,15/10/2018,VIB,"27,300","27,300","27,300","27,800","27,200","27,418",118,0.43,0.10,2.66,0.00,0.00,0.10,2.66,"14,537.76"
1960,12/10/2018,VIB,"27,000","26,700","27,600","27,900","26,000","27,284",600,2.22,0.18,4.95,0.00,0.00,0.18,4.95,"14,697.52"
1961,11/10/2018,VIB,"28,900","28,600","27,100","28,600","25,500","27,020","-1,800",-6.23,0.36,9.62,0.00,0.00,0.36,9.62,"14,431.26"
1962,10/10/2018,VIB,"28,700","28,700","29,000","29,900","28,500","28,876",300,1.05,0.13,3.86,0.00,0.00,0.13,3.86,"15,443.05"
1963,09/10/2018,VIB,"28,900","28,600","28,800","29,000","28,600","28,730",-100,-0.35,0.10,2.75,0.00,0.00,0.10,2.75,"15,336.54"
1964,08/10/2018,VIB,"29,100","29,300","28,800","29,500","28,600","28,882",-300,-1.03,0.10,2.78,0.00,0.00,0.10,2.78,"15,336.54"
1965,05/10/2018,VIB,"29,400","29,400","29,000","29,400","28,900","29,077",-400,-1.36,0.23,6.77,0.00,0.00,0.23,6.77,"15,443.05"
1966,04/10/2018,VIB,"29,400","29,000","29,400","29,500","29,000","29,379",0,0.00,0.16,4.61,0.00,0.00,0.16,4.61,"15,656.09"
1967,03/10/2018,VIB,"29,600","29,600","29,200","29,600","29,000","29,402",-400,-1.35,0.15,4.37,0.00,0.02,0.15,4.39,"15,549.58"
1968,02/10/2018,VIB,"29,900","29,600","29,500","29,900","29,400","29,600",-400,-1.34,0.15,4.30,0.00,0.00,0.15,4.30,"15,709.34"
1969,01/10/2018,VIB,"29,200","29,300","29,600","30,200","29,300","29,918",400,1.37,0.30,8.97,0.00,0.02,0.30,8.98,"15,762.59"
1970,28/09/2018,VIB,"29,000","28,900","29,500","29,600","28,600","29,227",500,1.72,0.25,7.18,0.00,0.01,0.25,7.19,"15,709.34"
1971,27/09/2018,VIB,"29,100","29,000","28,900","29,200","28,800","28,950",-200,-0.69,0.19,5.60,0.00,0.00,0.19,5.60,"15,389.83"
1972,26/09/2018,VIB,"29,000","28,400","29,000","29,200","28,400","29,065",200,0.69,0.15,4.49,0.00,0.00,0.15,4.49,"15,443.08"
1973,25/09/2018,VIB,"29,000","29,000","29,000","29,200","28,900","29,033",0,0.00,0.08,2.39,0.00,0.00,0.08,2.39,"15,443.08"
1974,24/09/2018,VIB,"28,400","28,900","29,200","29,200","28,400","29,022",800,2.82,0.29,8.54,0.00,0.00,0.29,8.54,"15,549.58"
1975,21/09/2018,VIB,"27,600","27,600","28,600","28,600","27,600","27,627","1,000",3.62,0.39,11.21,0.49,13.23,0.88,24.44,"15,174.42"
1976,20/09/2018,VIB,"27,400","27,500","27,900","27,900","27,500","27,604",500,1.82,0.07,1.79,0.00,0.00,0.07,1.79,"14,803.02"
1977,19/09/2018,VIB,"27,200","27,200","27,500","27,800","27,200","27,414",300,1.10,0.12,3.42,0.00,0.00,0.12,3.42,"14,590.79"
1978,18/09/2018,VIB,"27,500","27,300","27,200","27,400","27,100","27,195",-300,-1.09,0.08,2.23,0.50,13.50,0.58,15.73,"14,431.61"
1979,17/09/2018,VIB,"27,500","27,500","27,500","27,600","27,400","27,490",0,0.00,0.21,5.89,0.00,0.00,0.21,5.89,"14,590.79"
1980,14/09/2018,VIB,"27,400","27,400","27,600","27,600","27,300","27,494",200,0.73,0.08,2.21,0.00,0.00,0.08,2.21,"14,643.84"
1981,13/09/2018,VIB,"27,500","27,500","27,400","27,600","27,000","27,493",-100,-0.36,0.08,2.31,0.00,0.05,0.09,2.36,"14,537.73"
1982,12/09/2018,VIB,"27,300","27,300","27,500","27,600","27,300","27,450",200,0.73,0.11,3.03,0.00,0.03,0.11,3.05,"14,590.79"
1983,11/09/2018,VIB,"26,700","26,700","27,400","27,400","26,700","27,317",700,2.62,0.16,4.34,0.00,0.02,0.16,4.36,"14,537.73"
1984,10/09/2018,VIB,"26,700","26,700","26,700","26,800","26,600","26,696",0,0.00,0.08,2.03,0.00,0.00,0.08,2.03,"14,166.33"
1985,07/09/2018,VIB,"26,100","25,900","26,800","26,900","25,900","26,706",700,2.68,0.14,3.78,0.00,0.00,0.14,3.78,"14,219.38"
1986,06/09/2018,VIB,"26,600","26,000","26,300","26,500","25,800","26,128",-300,-1.13,0.16,4.18,0.00,0.00,0.16,4.18,"13,954.10"
1987,05/09/2018,VIB,"27,300","27,000","26,100","27,200","26,100","26,597","-1,200",-4.40,0.19,5.18,0.00,0.00,0.19,5.18,"13,847.98"
1988,04/09/2018,VIB,"27,800","27,600","26,800","27,700","26,800","24,831","-1,000",-3.60,0.16,4.42,0.33,7.91,0.50,12.33,"14,219.38"
1989,31/08/2018,VIB,"27,600","27,700","27,900","27,900","27,600","27,761",300,1.09,0.13,3.72,0.00,0.00,0.13,3.72,"14,803.02"
1990,30/08/2018,VIB,"27,600","27,600","27,700","27,700","27,400","27,589",100,0.36,0.13,3.62,0.00,0.00,0.13,3.62,"14,696.90"
1991,29/08/2018,VIB,"27,700","27,700","27,600","27,800","27,500","27,580",-100,-0.36,0.15,4.14,0.00,0.00,0.15,4.14,"14,643.84"
1992,28/08/2018,VIB,"28,400","28,300","27,600","28,300","27,400","27,678",-800,-2.82,0.31,8.61,0.04,0.87,0.35,9.48,"14,643.84"
1993,27/08/2018,VIB,"28,300","28,100","28,200","28,900","28,100","28,434",-100,-0.35,0.26,7.29,0.00,0.00,0.26,7.29,"14,962.19"
1994,24/08/2018,VIB,"28,600","28,500","28,400","28,600","27,800","28,348",-200,-0.70,0.22,6.11,0.00,0.00,0.22,6.11,"15,068.30"
1995,23/08/2018,VIB,"28,900","28,600","28,700","28,800","28,300","28,559",-200,-0.69,0.08,2.27,0.00,0.00,0.08,2.27,"15,227.47"
1996,22/08/2018,VIB,"28,900","29,000","28,900","29,200","28,600","28,865",0,0.00,0.15,4.29,0.00,0.00,0.15,4.29,"15,333.59"
1997,21/08/2018,VIB,"29,100","29,200","28,800","29,200","28,700","28,932",-300,-1.03,0.19,5.42,0.18,5.00,0.36,10.42,"15,280.53"
1998,20/08/2018,VIB,"28,700","28,700","29,200","29,800","28,700","29,115",500,1.74,0.20,5.88,0.00,0.00,0.20,5.88,"15,492.76"
1999,17/08/2018,VIB,"28,100","28,300","28,700","29,200","28,200","28,657",600,2.14,0.31,8.84,0.00,0.00,0.31,8.84,"15,227.47"
2000,16/08/2018,VIB,"29,000","28,300","28,400","28,500","27,700",0,-600,-2.07,0.28,7.95,0.16,4.57,0.44,12.52,"15,068.30"
2001,15/08/2018,VIB,"28,300","28,300","28,400","29,800","28,300","28,998",100,0.35,0.33,9.45,0.00,0.00,0.33,9.45,"15,068.30"
2002,14/08/2018,VIB,"27,700","27,800","28,200","28,700","27,700","28,265",500,1.81,0.31,8.83,0.00,0.00,0.31,8.83,"14,962.19"
2003,13/08/2018,VIB,"27,300","27,300","28,000","28,100","27,100","27,667",700,2.56,0.32,8.77,17.65,411.26,17.97,420.03,"14,856.07"
2004,10/08/2018,VIB,"27,600","27,600","27,500","27,600","27,000","27,335",-100,-0.36,0.05,1.32,0.00,0.00,0.05,1.32,"14,590.79"
2005,09/08/2018,VIB,"27,300","27,500","27,400","27,900","27,300","27,633",100,0.37,0.07,1.81,0.05,1.43,0.12,3.24,"14,537.73"
2006,08/08/2018,VIB,"26,800","27,000","27,500","27,600","27,000","27,311",700,2.61,0.12,3.40,0.00,0.00,0.12,3.40,"14,590.79"
2007,07/08/2018,VIB,"26,800","26,800","26,700","26,900","26,700","26,801",-100,-0.37,0.05,1.34,0.00,0.00,0.05,1.34,"14,166.33"
2008,06/08/2018,VIB,"26,800","26,600","26,700","26,900","26,600","26,803",100,0.37,0.04,0.96,0.00,0.00,0.04,0.96,"14,166.33"
2009,03/08/2018,VIB,"26,500","26,900","26,900","27,100","26,600","26,827",400,1.51,0.13,3.58,0.00,0.00,0.13,3.58,"14,272.44"
2010,02/08/2018,VIB,"26,900","26,800","26,300","26,800","26,300","26,524",-600,-2.23,0.15,4.07,0.10,2.55,0.25,6.62,"13,954.10"
2011,01/08/2018,VIB,"26,900","26,900","26,800","27,200","26,600","26,871",-100,-0.37,0.14,3.65,0.00,0.00,0.14,3.65,"14,219.38"
2012,31/07/2018,VIB,"26,900","27,200","27,300","27,300","26,500","26,947",400,1.49,0.14,3.79,0.00,0.00,0.14,3.79,"14,484.67"
2013,30/07/2018,VIB,"27,000","27,100","27,200","27,300","26,400","26,943",200,0.74,0.26,7.13,0.00,0.00,0.26,7.13,"14,431.61"
2014,27/07/2018,VIB,"26,500","26,600","27,000","27,400","26,600",0,531,2.00,0.17,4.72,0.00,0.00,0.17,4.72,"14,325.50"
2015,26/07/2018,VIB,"27,100","26,900","26,700","26,900","26,300","26,527",-400,-1.48,0.12,3.26,0.12,3.10,0.24,6.36,"14,166.33"
2016,25/07/2018,VIB,"27,700","27,700","26,800","27,800","26,800","27,071",-900,-3.25,0.15,3.94,0.00,0.00,0.15,3.94,"14,219.38"
2017,24/07/2018,VIB,"28,400","28,400","27,500","28,400","27,100","27,700",-900,-3.17,0.21,5.95,0.00,0.00,0.21,5.95,"14,590.79"
2018,23/07/2018,VIB,"27,300","28,000","28,200","28,900","28,000","28,414",900,3.30,0.22,6.21,0.00,0.00,0.22,6.21,"14,962.19"
2019,20/07/2018,VIB,"27,700","27,200","27,700","27,700","26,600","27,257",0,0.00,0.15,4.21,0.14,3.78,0.30,8.00,"14,696.90"
2020,19/07/2018,VIB,"27,300","27,300","28,000","28,500","27,300","28,004",300,1.10,0.12,3.36,0.05,1.42,0.17,4.78,"14,856.07"
2021,18/07/2018,VIB,"25,900","26,000","27,600","27,600","26,000","27,332","1,700",6.56,0.20,5.38,0.00,0.00,0.20,5.38,"14,643.84"
2022,17/07/2018,VIB,"25,800","25,700","26,000","26,200","25,100","25,850",200,0.78,0.29,7.48,0.00,0.00,0.29,7.48,"13,794.93"
2023,16/07/2018,VIB,"24,700","25,000","25,800","26,600","24,800","25,808","1,100",4.45,0.09,2.28,0.09,2.49,0.18,4.77,"13,688.81"
2024,13/07/2018,VIB,"24,300","24,500","25,100","25,100","24,400","24,731",800,3.29,0.21,5.15,0.00,0.00,0.21,5.15,"13,317.41"
2025,12/07/2018,VIB,"24,000","24,300","24,500","24,900","24,000","24,303",500,2.08,0.14,3.32,0.00,0.00,0.14,3.32,"12,999.06"
2026,11/07/2018,VIB,"24,700","25,000","24,000","25,000","23,400","23,956",-700,-2.83,0.22,5.30,0.00,0.00,0.22,5.30,"12,733.78"
2027,10/07/2018,VIB,"24,000","24,500","25,000","25,000","24,200","24,743","1,000",4.17,0.12,3.04,0.00,0.00,0.12,3.04,"13,264.35"
2028,09/07/2018,VIB,"24,000","24,000","23,900","25,000","23,500","23,961",-100,-0.42,0.19,4.49,0.00,0.00,0.19,4.49,"12,680.72"
2029,06/07/2018,VIB,"23,800","23,700","24,100","24,900","22,500","24,045",300,1.26,0.12,2.97,0.00,0.00,0.12,2.97,"12,786.83"
2030,05/07/2018,VIB,"24,900","24,100","23,000","24,500","23,000","23,777","-1,900",-7.63,0.18,4.36,0.13,3.48,0.32,7.84,"12,203.20"
2031,04/07/2018,VIB,"25,100","25,500","24,600","25,500","24,200","24,858",-500,-1.99,0.12,2.88,0.00,0.00,0.12,2.88,"13,052.12"
2032,03/07/2018,VIB,"26,000","26,000","25,000","26,000","24,000","25,127","-1,000",-3.85,0.13,3.36,3.56,94.95,3.69,98.31,"13,264.35"
2033,02/07/2018,VIB,"27,000","26,500","25,800","26,500","25,500","26,025","-1,200",-4.44,0.11,2.73,0.01,0.20,0.11,2.93,"13,688.81"
2034,29/06/2018,VIB,"26,900","26,800","27,000","27,500","26,500","27,008",100,0.37,0.13,3.43,0.00,0.00,0.13,3.43,"14,325.50"
2035,28/06/2018,VIB,"27,100","27,000","26,800","27,000","26,700","25,084",-300,-1.11,0.10,2.76,4.86,122.59,4.96,125.35,"14,219.38"
2036,27/06/2018,VIB,"27,200","27,500","27,000","27,500","27,000","27,132",-200,-0.74,0.14,3.77,0.00,0.00,0.14,3.77,"14,325.50"
2037,26/06/2018,VIB,"27,800","27,500","28,000","28,000","27,000","27,171",200,0.72,0.15,4.05,0.00,0.00,0.15,4.05,"14,856.07"
2038,25/06/2018,VIB,"27,200","27,500","27,600","28,900","27,300","27,805",400,1.47,0.10,2.78,0.00,0.00,0.10,2.78,"14,643.84"
2039,22/06/2018,VIB,"27,200","27,200","27,100","27,500","27,000","27,164",-100,-0.37,0.11,3.09,0.00,0.00,0.11,3.09,"14,378.56"
2040,21/06/2018,VIB,"27,500","27,500","27,000","27,500","26,800","27,189",-500,-1.82,0.18,4.89,0.00,0.00,0.18,4.89,"14,325.50"
2041,20/06/2018,VIB,"27,300","27,500","27,400","28,000","27,100","27,521",100,0.37,0.29,8.04,0.00,0.00,0.29,8.04,"14,537.73"
2042,19/06/2018,VIB,"29,000","28,000","27,500","28,000","26,500","27,284","-1,500",-5.17,0.33,9.06,0.00,0.00,0.33,9.06,"14,590.79"
2043,18/06/2018,VIB,"29,400","29,300","28,500","29,300","28,100","29,015",-900,-3.06,0.07,2.17,0.00,0.00,0.07,2.17,"15,121.36"
2044,15/06/2018,VIB,"29,500","29,400","29,300","29,500","29,200","29,372",-200,-0.68,0.07,2.10,0.00,0.00,0.07,2.10,"15,545.82"
2045,14/06/2018,VIB,"30,200","30,000","29,500","31,000","29,000","29,483",-700,-2.32,0.26,7.63,0.00,0.00,0.26,7.63,"15,651.93"
2046,13/06/2018,VIB,"30,200","30,200","30,300","30,600","30,000","30,154",100,0.33,0.07,1.97,0.00,0.00,0.07,1.97,"16,076.39"
2047,12/06/2018,VIB,"31,100","30,900","30,400","31,000","29,800","30,235",-700,-2.25,0.22,6.70,0.00,0.00,0.22,6.70,"16,129.45"
2048,11/06/2018,VIB,"30,900","31,000","31,300","31,500","30,600","31,109",400,1.29,0.14,4.24,0.00,0.00,0.14,4.24,"16,606.97"
2049,08/06/2018,VIB,"31,100","31,000","31,400","31,500","30,600","30,949",300,0.96,0.20,6.08,0.00,0.00,0.20,6.08,"16,660.02"
2050,07/06/2018,VIB,"30,200","30,500","31,200","31,500","30,400","31,149","1,000",3.31,0.32,10.00,0.00,0.00,0.32,10.00,"16,553.91"
2051,06/06/2018,VIB,"30,600","30,400","30,300","30,500","30,000","30,237",-300,-0.98,0.20,6.16,0.00,0.00,0.20,6.16,"16,076.39"
2052,05/06/2018,VIB,"30,000","30,300","30,400","31,800","30,000","30,599",400,1.33,0.23,7.08,0.00,0.00,0.23,7.08,"16,129.45"
2053,04/06/2018,VIB,"28,300","28,000","30,300","30,800","28,000","29,980","2,000",7.07,0.24,7.25,0.00,0.00,0.24,7.25,"16,076.39"
2054,01/06/2018,VIB,"28,000","28,000","28,200","28,600","28,000","28,322",200,0.71,0.17,4.77,0.00,0.00,0.17,4.77,"14,962.19"
2055,31/05/2018,VIB,"27,700","27,700","28,100","28,300","27,600","27,975",400,1.44,0.23,6.40,0.00,0.00,0.23,6.40,"14,909.13"
2056,30/05/2018,VIB,"27,600","27,800","27,800","28,500","27,500","28,498",200,0.72,0.26,7.32,0.07,2.26,0.34,9.58,"14,749.96"
2057,29/05/2018,VIB,"26,500","26,500","27,500","28,700","26,500","27,611","1,000",3.77,0.39,10.73,0.00,0.00,0.39,10.73,"14,590.79"
2058,28/05/2018,VIB,"29,500","29,500","26,000","29,500","25,900","26,512","-3,500",-11.86,0.13,3.44,0.00,0.00,0.13,3.44,"13,794.93"
2059,25/05/2018,VIB,"29,600","29,500","29,100","29,600","29,100","29,465",-500,-1.69,0.16,4.70,0.00,0.00,0.16,4.70,"15,439.70"
2060,24/05/2018,VIB,"29,700","30,000","29,700","30,000","29,400","29,562",0,0.00,0.13,3.97,0.00,0.00,0.13,3.97,"15,758.05"
2061,23/05/2018,VIB,"30,400","29,500","30,000","30,400","29,300","29,745",-400,-1.32,0.24,7.17,0.00,0.00,0.24,7.17,"15,917.22"
2062,22/05/2018,VIB,"31,500","31,500","30,200","31,500","29,900","30,753","-1,300",-4.13,0.33,9.88,0.03,1.02,0.35,10.90,"16,023.34"
2063,21/05/2018,VIB,"31,400","31,400","31,500","32,000","31,000","31,523",100,0.32,0.25,7.81,0.00,0.00,0.25,7.81,"16,713.08"
2064,18/05/2018,VIB,"32,400","32,400","31,400","32,400","30,800","31,369","-1,000",-3.09,0.22,6.86,0.00,0.14,0.22,7.01,"16,660.02"
2065,17/05/2018,VIB,"33,000","32,900","32,700","32,900","32,200","32,404",-300,-0.91,0.08,2.75,0.00,0.00,0.08,2.75,"17,349.77"
2066,16/05/2018,VIB,"33,500","33,300","33,000","33,500","32,700","32,972",-500,-1.49,0.06,2.10,0.00,0.00,0.06,2.10,"17,508.94"
2067,15/05/2018,VIB,"33,300","33,900","33,500","33,900","33,400","33,500",200,0.60,0.02,0.79,0.00,0.00,0.02,0.79,"17,774.23"
2068,14/05/2018,VIB,"33,900","33,600","33,000","33,600","33,000","33,312",-900,-2.65,0.05,1.76,0.00,0.00,0.05,1.76,"17,508.94"
2069,11/05/2018,VIB,"34,500","33,300","34,200","34,200","33,100","33,931",-300,-0.87,0.09,3.10,0.00,0.00,0.09,3.10,"18,145.63"
2070,10/05/2018,VIB,"35,300","34,300","34,000","35,200","34,000","39,035","-1,300",-3.68,0.07,2.54,0.35,14.00,0.42,16.54,"18,039.52"
2071,09/05/2018,VIB,"35,500","35,500","35,000","35,500","35,000","35,343",-500,-1.41,0.08,2.83,0.00,0.00,0.08,2.83,"18,570.09"
2072,08/05/2018,VIB,"35,400","36,000","35,600","36,600","35,300","35,545",200,0.56,0.13,4.76,0.00,0.00,0.13,4.76,"18,888.44"
2073,07/05/2018,VIB,"35,400","34,700","35,400","35,500","34,700","35,412",0,0.00,0.07,2.39,0.00,0.00,0.07,2.39,"18,782.32"
2074,04/05/2018,VIB,"34,100","35,800","35,100","36,000","35,000","35,405","1,000",2.93,0.07,2.40,0.02,0.70,0.09,3.09,"18,623.15"
2075,03/05/2018,VIB,"34,000","33,000","35,800","35,800","32,500","34,057","1,800",5.29,0.29,9.83,0.00,0.00,0.29,9.83,"18,994.55"
2076,02/05/2018,VIB,"34,300","34,400","34,000","34,500","33,400","34,032",-300,-0.87,0.11,3.91,0.00,0.00,0.11,3.91,"18,039.52"
2077,27/04/2018,VIB,"33,400","32,000","34,900","35,000","32,000","34,306","1,500",4.49,0.29,10.06,0.00,0.00,0.29,10.06,"18,517.03"
2078,26/04/2018,VIB,"35,400","36,000","32,000","36,000","31,500","33,446","-3,400",-9.60,0.31,10.40,0.02,0.72,0.33,11.12,"16,978.37"
2079,24/04/2018,VIB,"37,000","36,000","35,500","36,800","34,600","35,376","-1,500",-4.05,0.59,20.89,0.00,0.00,0.59,20.89,"18,835.38"
2080,23/04/2018,VIB,"38,000","38,700","36,000","38,700","36,000","37,038","-2,000",-5.26,0.42,15.68,0.00,0.00,0.42,15.68,"19,100.67"
2081,20/04/2018,VIB,"38,500","38,000","38,700","38,900","37,000","37,960",200,0.52,0.59,22.49,0.02,1.06,0.62,23.55,"20,533.22"
2082,19/04/2018,VIB,"39,900","40,400","38,000","40,500","38,000","38,477","-1,900",-4.76,0.38,14.71,0.00,0.00,0.38,14.71,"20,161.81"
2083,18/04/2018,VIB,"40,000","40,300","39,700","40,500","39,600","39,944",-300,-0.75,0.17,6.81,0.08,3.18,0.25,9.99,"21,063.79"
2084,17/04/2018,VIB,"39,900","39,900","40,200","40,500","39,900","40,032",100,0.25,0.18,7.20,0.00,0.00,0.18,7.20,"21,329.08"
2085,16/04/2018,VIB,"40,400","39,900","39,900","40,600","39,200","39,864",-500,-1.24,0.27,10.70,0.00,0.00,0.27,10.70,"21,169.90"
2086,13/04/2018,VIB,"40,900","41,100","39,900","41,300","39,800","40,425","-1,000",-2.44,0.49,19.67,0.00,0.00,0.49,19.67,"21,169.90"
2087,12/04/2018,VIB,"41,200","41,000","41,100","41,200","40,000","40,877",-100,-0.24,0.24,9.88,0.00,0.00,0.24,9.88,"21,806.59"
2088,11/04/2018,VIB,"40,700","41,500","40,900","41,900","40,300","41,177",200,0.49,0.55,22.81,0.00,0.00,0.55,22.81,"21,700.48"
2089,10/04/2018,VIB,"39,400","39,900","41,300","41,500","39,600","40,667","1,900",4.82,1.08,44.12,0.00,0.00,1.08,44.12,"21,912.71"
2090,09/04/2018,VIB,"39,400","39,900","39,900","39,900","39,100","39,403",500,1.27,0.43,16.97,0.00,0.00,0.43,16.97,"21,169.90"
2091,06/04/2018,VIB,"39,200","39,700","39,400","39,700","39,200","39,356",200,0.51,0.24,9.52,0.29,11.60,0.53,21.12,"20,904.62"
2092,05/04/2018,VIB,"39,600","39,700","39,100","39,900","38,900","39,242",-500,-1.26,0.38,14.81,0.00,0.00,0.38,14.81,"20,745.44"
2093,04/04/2018,VIB,"39,800","39,400","39,300","40,000","39,300","39,615",-500,-1.26,0.41,16.14,0.00,0.00,0.41,16.14,"20,851.56"
2094,03/04/2018,VIB,"40,100","40,100","39,400","40,500","39,400","39,755",-700,-1.75,0.22,8.67,0.00,0.00,0.22,8.67,"20,904.62"
2095,02/04/2018,VIB,"40,400","40,400","40,300","40,500","39,500","40,071",-100,-0.25,0.34,13.73,0.00,0.00,0.34,13.73,"21,382.13"
2096,30/03/2018,VIB,"40,500","41,400","40,500","41,400","40,000","40,821",0,0.00,0.18,8.19,0.03,1.29,0.21,9.48,"21,488.25"
2097,29/03/2018,VIB,"39,200","39,200","40,900","42,000","39,200","40,492","1,100",2.81,0.54,21.84,0.11,4.13,0.65,25.97,"21,700.48"
2098,28/03/2018,VIB,"40,100","40,000","39,100","40,100","38,900","39,190","-1,000",-2.49,0.25,9.79,0.00,0.00,0.25,9.79,"20,745.44"
2099,27/03/2018,VIB,"38,800","40,000","39,900","40,500","39,800","40,127","1,100",2.84,0.24,9.53,0.00,0.00,0.24,9.53,"21,169.90"
2100,26/03/2018,VIB,"38,800","38,800","39,500","39,700","38,400","38,832",700,1.80,0.30,11.60,0.00,0.00,0.30,11.60,"20,957.67"
2101,23/03/2018,VIB,"39,600","39,600","39,000","39,600","38,100","38,803",-600,-1.52,0.67,25.96,0.00,0.00,0.67,25.96,"20,692.39"
2102,22/03/2018,VIB,"39,800","40,000","39,800","40,000","39,400","39,638",0,0.00,0.21,8.19,0.00,0.00,0.21,8.19,"21,116.85"
2103,21/03/2018,VIB,"41,100","40,500","39,900","40,800","39,000","39,823","-1,200",-2.92,1.28,50.84,0.00,0.00,1.28,50.84,"21,169.90"
2104,20/03/2018,VIB,"41,500","41,200","40,500","41,600","40,200","41,059","-1,000",-2.41,1.06,43.62,0.05,1.92,1.12,45.54,"21,488.25"
2105,19/03/2018,VIB,"42,800","43,200","41,200","43,300","41,000","40,156","-1,600",-3.74,0.90,37.55,0.30,10.92,1.20,48.47,"21,859.65"
2106,16/03/2018,VIB,"43,300","43,000","43,000","43,800","41,700","42,827",-300,-0.69,0.65,27.71,0.00,0.00,0.65,27.71,"22,814.68"
2107,15/03/2018,VIB,"41,600","42,500","43,000","43,900","42,500","43,302","1,400",3.37,0.76,33.05,0.00,0.00,0.76,33.05,"22,814.68"
2108,14/03/2018,VIB,"38,700","40,900","42,400","42,400","39,600","41,604","3,700",9.56,0.79,32.76,0.00,0.00,0.79,32.76,"22,496.34"
2109,13/03/2018,VIB,"38,200","38,000","39,700","39,900","38,000","38,736","1,500",3.93,0.51,19.62,0.00,0.00,0.51,19.62,"21,063.79"
2110,12/03/2018,VIB,"39,100","39,100","38,300","39,400","37,800","38,213",-800,-2.05,1.98,75.68,0.00,0.00,1.98,75.68,"20,320.99"
2111,09/03/2018,VIB,"38,300","38,800","38,700","39,700","38,500","39,108",400,1.04,1.52,59.38,0.01,0.42,1.53,59.80,"20,533.22"
2112,08/03/2018,VIB,"37,000","37,300","38,800","39,000","37,200","38,337","1,800",4.86,1.40,53.57,0.00,0.00,1.40,53.57,"20,586.27"
2113,07/03/2018,VIB,"35,600","36,300","37,200","37,500","36,000","37,042","1,600",4.49,1.21,44.75,0.00,0.00,1.21,44.75,"19,737.35"
2114,06/03/2018,VIB,"35,000","35,500","36,300","36,300","34,600","35,592","1,300",3.71,0.80,28.36,0.00,0.00,0.80,28.36,"19,259.84"
2115,05/03/2018,VIB,"33,600","34,000","35,000","37,000","34,000","35,015","1,400",4.17,1.48,51.72,0.00,0.00,1.48,51.72,"18,570.09"
2116,02/03/2018,VIB,"33,200","32,400","34,000","34,800","32,000","33,450",351,1.06,1.04,29.08,0.00,0.00,1.04,29.08,"18,039.52"
2117,01/03/2018,VIB,"33,100","33,300","32,500","34,000","32,500","33,189",-600,-1.81,1.05,34.90,0.00,0.00,1.05,34.90,"17,243.66"
2118,28/02/2018,VIB,"31,000","31,000","32,500","35,000","31,000","33,131","1,500",4.84,2.71,83.22,0.00,0.00,2.71,83.22,"17,243.66"
2119,27/02/2018,VIB,"30,700","30,900","30,700","31,900","30,700","30,994",300,0.98,1.32,39.92,0.00,0.00,1.32,39.92,"16,288.62"
2120,26/02/2018,VIB,"30,600","30,900","30,600","31,000","30,600","30,743",100,0.33,0.31,9.43,0.00,0.00,0.31,9.43,"16,235.57"
2121,23/02/2018,VIB,"31,200","30,400","30,600","31,500","30,000","30,586",-600,-1.92,0.48,14.77,0.00,0.00,0.48,14.77,"16,235.57"
2122,22/02/2018,VIB,"31,700","31,600","31,000","32,000","31,000","31,229",-700,-2.21,0.25,7.90,0.00,0.00,0.25,7.90,"16,447.80"
2123,21/02/2018,VIB,"31,500","32,000","31,500","32,200","31,500","31,757",300,0.95,0.30,7.42,0.00,0.00,0.30,7.42,"16,713.08"
2124,13/02/2018,VIB,"30,300","30,300","31,000","32,500","30,300","30,664",700,2.31,0.42,26.79,0.50,15.00,0.92,41.79,"16,447.80"
2125,12/02/2018,VIB,"29,800","30,000","30,400","30,800","30,000","30,295",515,1.73,0.12,3.47,0.00,0.00,0.12,3.47,"16,129.45"
2126,09/02/2018,VIB,"30,100","29,900","30,100","30,100","27,300","29,748",0,0.00,0.18,4.96,0.00,0.00,0.18,4.96,"15,970.28"
2127,08/02/2018,VIB,"29,600","30,000","30,000","30,400","30,000","30,084",470,1.59,0.14,4.35,0.00,0.00,0.14,4.35,"15,917.22"
2128,07/02/2018,VIB,"26,900","30,000","29,800","30,000","29,000","29,600","2,900",10.78,0.11,3.35,0.00,0.00,0.11,3.35,"15,811.11"
2129,06/02/2018,VIB,"30,000","29,500","27,000","29,700","25,700","26,903","-3,000",-10.00,0.38,10.24,0.00,0.00,0.38,10.24,"14,325.50"
2130,05/02/2018,VIB,"30,100","30,000","29,800","30,500","29,800","29,971",-300,-1.00,0.16,4.51,0.00,0.00,0.16,4.51,"15,811.11"
2131,02/02/2018,VIB,"30,100","30,100","30,200","31,000","29,500","30,063",800,2.66,0.20,5.64,0.00,0.00,0.20,5.64,"16,023.34"
2132,01/02/2018,VIB,"30,400","30,400","30,000","30,400","29,800","30,132",-400,-1.32,0.14,4.09,0.00,0.00,0.14,4.09,"15,917.22"
2133,31/01/2018,VIB,"30,300","30,300","30,200","30,800","30,200","30,458",200,0.66,0.25,7.28,0.00,0.00,0.25,7.28,"16,023.34"
2134,30/01/2018,VIB,"30,700","30,700","30,100","30,700","30,000","30,365",-600,-1.95,0.26,6.62,0.00,0.00,0.26,6.62,"15,970.28"
2135,29/01/2018,VIB,"30,400","30,500","30,300","31,000","30,300","30,686",300,0.99,0.53,16.30,0.00,0.00,0.53,16.30,"16,076.39"
2136,26/01/2018,VIB,"29,800","29,900","30,500","31,300","29,800","30,432",640,2.13,0.29,8.77,0.00,0.00,0.29,8.77,"16,182.51"
2137,25/01/2018,VIB,"29,700","29,700","30,400","31,400","29,000","29,985",200,0.67,0.21,65.99,2.00,60.00,2.21,125.99,"16,129.45"
2138,24/01/2018,VIB,"29,800","29,800","29,500","30,000","29,500","29,722",-300,-1.01,0.09,2.20,0.00,0.00,0.09,2.20,"15,651.93"
2139,23/01/2018,VIB,"30,000","30,000","29,500","30,900","29,500","29,901",-500,-1.67,0.25,6.20,0.00,0.00,0.25,6.20,"15,651.93"
2140,22/01/2018,VIB,"30,900","31,000","30,000","31,000","29,100","29,937",-900,-2.91,0.29,5.78,0.02,0.68,0.31,6.46,"15,917.22"
2141,19/01/2018,VIB,"30,700","31,000","31,000","31,200","30,700","30,935",300,0.98,0.34,9.05,0.00,0.00,0.34,9.05,"16,447.80"
2142,18/01/2018,VIB,"30,800","30,800","30,900","31,000","30,500","30,733",100,0.32,0.18,4.79,0.00,0.00,0.18,4.79,"16,394.74"
2143,17/01/2018,VIB,"28,900","30,000","30,800","31,100","30,000","30,656","1,800",6.23,0.67,21.03,0.02,0.58,0.69,21.61,"16,341.68"
2144,16/01/2018,VIB,"29,200","29,100","29,100","29,200","28,500","28,879",-100,-0.34,0.27,7.85,0.00,0.00,0.27,7.85,"15,439.70"
2145,15/01/2018,VIB,"27,900","28,100","29,200","29,700","28,100","29,153","1,400",5.02,0.23,6.65,0.00,0.00,0.23,6.65,"15,492.76"
2146,12/01/2018,VIB,"26,200","26,800","28,500","28,900","26,800","27,479","2,100",8.02,0.34,9.45,0.03,0.70,0.37,10.15,"15,121.36"
2147,11/01/2018,VIB,"25,500","25,500","26,800","27,000","25,300","25,977","1,500",5.88,0.20,5.39,0.02,0.43,0.21,5.82,"14,219.38"
2148,10/01/2018,VIB,"25,300","25,800","25,600","25,800","25,300","25,496",300,1.19,0.12,3.02,0.00,0.00,0.12,3.02,"13,582.70"
2149,09/01/2018,VIB,"25,100","25,800","25,400","25,800","24,900","25,250",300,1.20,0.33,8.22,0.00,0.00,0.33,8.22,"13,476.58"
2150,08/01/2018,VIB,"23,800","24,500","25,400","25,700","24,500","25,117","1,600",6.72,0.69,16.83,0.00,0.00,0.69,16.83,"13,476.58"
2151,05/01/2018,VIB,"23,400","23,200","24,100","24,200","23,200","23,845",700,2.99,0.27,6.31,0.00,0.00,0.27,6.31,"12,786.83"
2152,04/01/2018,VIB,"23,200","23,300","23,200","23,600","23,000","23,363",300,1.29,0.24,4.92,0.00,0.00,0.24,4.92,"12,309.32"
2153,03/01/2018,VIB,"23,100","23,300","23,000","23,400","23,000","23,291",300,1.30,0.21,2.65,0.00,0.00,0.21,2.65,"12,203.20"
2154,02/01/2018,VIB,"23,100","23,000","23,000","23,400","22,800","23,094",100,0.43,0.06,0.61,0.00,0.00,0.06,0.61,"12,203.20"
