No,Date,Ticker,Reference,Open_price,Close_price,Highest_price,Lowest_price,Average,Change,Change_percent,Matched_volume,Matched_value,Negotiated_volume,Negotiated_value,Total_volume,Total_value,Market_cap
1,28/08/2026,VIC,"236,000","236,000","236,000","237,100","230,100","235,150",0,0.00,8.55,"2,015.30",0.10,23.58,8.65,"2,038.88","1,831,876.00"
2,27/08/2026,VIC,"230,000","228,900","236,000","237,800","227,900","231,699","6,000",2.61,8.57,"1,987.72",0.09,20.85,8.66,"2,008.58","1,831,876.00"
3,26/08/2026,VIC,"220,500","219,100","230,000","230,000","219,100","224,091","9,500",4.31,9.98,"2,235.91",0.14,31.26,10.12,"2,267.18","1,785,302.88"
4,25/08/2026,VIC,"214,500","216,500","220,500","227,300","215,300","221,791","6,000",2.80,10.31,"2,289.81",0.06,13.27,10.37,"2,303.08","1,711,562.11"
5,24/08/2026,VIC,"205,000","208,000","214,500","214,900","208,000","212,600","9,500",4.63,3.59,763.34,0.00,0.00,3.59,763.34,"1,664,988.99"
6,21/08/2026,VIC,"202,000","201,400","205,000","205,700","199,900","203,361","3,000",1.49,3.20,650.81,0.07,14.54,3.27,665.36,"1,591,248.22"
7,20/08/2026,VIC,"200,000","201,800","202,000","204,200","201,000","202,682","2,000",1.00,5.25,"1,062.65",0.00,0.00,5.25,"1,062.65","1,567,961.66"
8,19/08/2026,VIC,"200,000","200,000","200,000","200,900","199,200","199,838",0,0.00,5.25,"1,048.78",0.00,0.00,5.25,"1,048.78","1,552,437.29"
9,18/08/2026,VIC,"198,000","198,000","200,000","203,900","197,500","200,250","2,000",1.01,4.30,860.20,0.10,19.96,4.40,880.16,"1,552,437.29"
10,17/08/2026,VIC,"200,400","200,400","198,000","200,400","194,600","197,018","-2,400",-1.20,6.48,"1,276.15",0.00,0.00,6.48,"1,276.15","1,536,912.91"
11,14/08/2026,VIC,"207,900","208,000","200,400","208,100","195,000","202,448","-7,500",-3.61,7.98,"1,613.59",0.10,20.20,8.08,"1,633.79","1,555,542.16"
12,13/08/2026,VIC,"215,500","215,000","207,900","215,600","207,500","211,440","-7,600",-3.53,5.54,"1,172.14",0.00,0.00,5.54,"1,172.14","1,613,758.56"
13,12/08/2026,VIC,"208,500","208,700","215,500","215,800","207,500","213,343","7,000",3.36,5.30,"1,132.93",0.02,4.17,5.32,"1,137.10","1,672,751.18"
14,11/08/2026,VIC,"208,500","209,200","208,500","211,500","205,500","207,732",0,0.00,4.99,"1,037.22",0.00,0.00,4.99,"1,037.22","1,618,415.87"
15,10/08/2026,VIC,"215,000","213,600","208,500","215,100","208,100","211,230","-6,500",-3.02,4.43,938.19,0.08,17.20,4.51,955.39,"1,618,415.87"
16,07/08/2026,VIC,"218,800","218,400","215,000","218,400","212,300","214,129","-3,800",-1.74,5.35,"1,147.16",0.00,0.00,5.35,"1,147.16","1,668,870.08"
17,06/08/2026,VIC,"220,000","219,000","218,800","222,000","218,600","220,130","-1,200",-0.55,4.79,"1,055.11",0.02,5.49,4.82,"1,060.60","1,698,366.39"
18,05/08/2026,VIC,"218,000","218,600","220,000","221,600","218,600","220,008","2,000",0.92,6.23,"1,370.73",0.10,21.80,6.33,"1,392.53","1,707,681.01"
19,04/08/2026,VIC,"213,000","214,000","218,000","221,500","212,400","217,978","5,000",2.35,5.19,"1,130.39",0.00,0.00,5.19,"1,130.39","1,692,156.64"
20,03/08/2026,VIC,"214,100","216,000","213,000","216,300","212,000","213,756","-1,100",-0.51,4.18,893.87,0.00,0.00,4.18,893.87,"1,653,345.71"
21,31/07/2026,VIC,"220,000","223,800","214,100","223,800","214,100","218,589","-5,900",-2.68,4.37,954.70,0.07,14.64,4.44,969.34,"1,661,884.11"
22,30/07/2026,VIC,"219,400","216,500","220,000","220,700","216,500","219,661",600,0.27,4.81,"1,056.80",0.00,0.00,4.81,"1,056.80","1,707,681.01"
23,29/07/2026,VIC,"213,800","214,100","219,400","222,500","210,400","216,353","5,600",2.62,4.95,"1,072.85",0.00,0.00,4.95,"1,072.85","1,703,023.70"
24,28/07/2026,VIC,"213,500","210,000","213,800","213,800","209,700","213,033",300,0.14,2.75,586.50,0.00,0.00,2.75,586.50,"1,653,420.57"
25,27/07/2026,VIC,"213,100","215,000","213,500","215,000","210,900","213,110",400,0.19,2.91,620.91,0.00,0.00,2.91,620.91,"1,651,100.52"
26,24/07/2026,VIC,"214,000","209,500","213,100","213,600","208,900","212,264",-900,-0.42,2.60,552.28,0.00,0.00,2.60,552.28,"1,648,007.12"
27,23/07/2026,VIC,"202,100","201,000","214,000","214,700","200,000","209,896","11,900",5.89,4.24,891.70,0.24,50.84,4.48,942.54,"1,654,967.27"
28,22/07/2026,VIC,"217,300","216,000","202,100","217,000","202,100","207,618","-15,200",-6.99,5.74,"1,188.17",0.10,21.73,5.84,"1,209.90","1,562,938.71"
29,21/07/2026,VIC,"220,000","216,300","217,300","220,000","214,400","216,515","-2,700",-1.23,2.84,615.21,2.90,610.03,5.74,"1,225.24","1,680,487.79"
30,20/07/2026,VIC,"220,000","219,900","220,000","220,200","218,900","219,720",0,0.00,2.73,600.69,0.00,0.00,2.73,600.69,"1,701,368.22"
31,17/07/2026,VIC,"223,000","223,000","220,000","224,000","220,000","221,483","-3,000",-1.35,2.85,630.12,0.07,15.84,2.92,645.96,"1,701,368.22"
32,16/07/2026,VIC,"217,000","212,000","223,000","223,000","212,000","218,299","6,000",2.76,4.07,890.32,0.00,0.00,4.07,890.32,"1,724,568.69"
33,15/07/2026,VIC,"219,000","218,400","217,000","218,400","211,500","215,292","-2,000",-0.91,3.69,796.98,0.00,0.00,3.69,796.98,"1,678,167.74"
34,14/07/2026,VIC,"221,500","219,000","219,000","219,700","212,500","217,992","-2,500",-1.13,3.45,747.31,0.00,0.00,3.45,747.31,"1,693,634.73"
35,13/07/2026,VIC,"223,000","223,600","221,500","223,600","218,100","221,174","-1,500",-0.67,3.80,840.50,0.00,0.00,3.80,840.50,"1,712,968.45"
36,10/07/2026,VIC,"221,000","221,000","223,000","224,700","220,800","222,232","2,000",0.90,4.00,888.64,5.69,"1,253.27",9.69,"2,141.91","1,724,568.69"
37,09/07/2026,VIC,"220,700","218,500","221,000","221,300","218,500","220,878",300,0.14,2.37,522.77,0.00,0.00,2.37,522.77,"1,709,101.71"
38,08/07/2026,VIC,"220,300","218,000","220,700","221,200","218,000","220,380",400,0.18,1.93,426.15,0.00,0.00,1.93,426.15,"1,706,781.66"
39,07/07/2026,VIC,"220,300","218,500","220,300","220,300","215,200","217,829",0,0.00,2.95,643.94,0.00,0.00,2.95,643.94,"1,703,688.26"
40,06/07/2026,VIC,"220,300","222,500","220,300","222,700","217,100","220,378",0,0.00,3.09,681.32,10.90,"2,401.27",13.99,"3,082.59","1,703,688.26"
41,03/07/2026,VIC,"220,300","219,900","220,300","222,900","219,300","220,363",0,0.00,2.09,459.71,0.00,0.00,2.09,459.71,"1,703,688.26"
42,02/07/2026,VIC,"217,100","217,100","220,300","221,200","216,100","218,894","3,200",1.47,2.54,557.45,6.90,"1,499.37",9.44,"2,056.82","1,703,688.26"
43,01/07/2026,VIC,"220,000","220,000","217,100","220,200","216,700","218,204","-2,900",-1.32,1.76,384.02,0.40,90.06,2.16,474.08,"1,678,941.09"
44,30/06/2026,VIC,"217,200","216,000","220,000","221,000","212,000","218,134","2,800",1.29,3.90,853.21,0.18,41.81,4.08,895.03,"1,701,368.22"
45,29/06/2026,VIC,"228,000","227,000","217,200","227,700","217,000","220,631","-10,800",-4.74,3.60,793.11,0.18,38.20,3.78,831.30,"1,679,714.44"
46,26/06/2026,VIC,"225,000","221,500","228,000","228,900","221,500","225,429","3,000",1.33,2.57,579.75,0.44,98.69,3.01,678.44,"1,763,236.15"
47,25/06/2026,VIC,"230,500","230,500","225,000","232,000","221,100","224,062","-5,500",-2.39,3.05,683.52,8.15,"1,793.71",11.20,"2,477.23","1,740,035.68"
48,24/06/2026,VIC,"229,000","229,000","230,500","242,000","227,100","234,075","1,500",0.66,3.75,877.40,0.29,65.93,4.04,943.34,"1,782,569.88"
49,23/06/2026,VIC,"219,800","224,200","229,000","230,000","223,600","226,824","9,200",4.19,5.02,"1,138.97",10.29,"2,113.57",15.30,"3,252.54","1,770,969.64"
50,22/06/2026,VIC,"205,500","205,500","219,800","219,800","203,100","215,540","14,300",6.96,3.51,761.35,0.23,47.62,3.75,808.97,"1,699,821.52"
51,19/06/2026,VIC,"205,400","206,700","205,500","207,500","203,000","205,141",100,0.05,4.09,839.95,1.77,365.31,5.86,"1,205.26","1,589,232.58"
52,18/06/2026,VIC,"192,000","196,000","205,400","205,400","195,100","203,296","13,400",6.98,6.43,"1,310.70",0.00,0.00,6.43,"1,310.70","1,588,459.24"
53,17/06/2026,VIC,"194,000","190,000","192,000","192,900","186,700","189,311","-2,000",-1.03,3.94,746.35,10.85,"2,104.27",14.78,"2,850.62","1,484,830.44"
54,16/06/2026,VIC,"192,600","192,800","194,000","195,700","190,800","193,383","1,400",0.73,2.89,559.89,0.09,17.46,2.98,577.35,"1,500,297.43"
55,15/06/2026,VIC,"195,500","196,100","192,600","197,500","184,700","190,992","-2,900",-1.48,4.61,883.19,24.00,"4,692.11",28.61,"5,575.31","1,489,470.54"
56,12/06/2026,VIC,"196,000","198,500","195,500","198,700","192,900","195,342",-500,-0.26,3.28,640.07,0.27,52.42,3.55,692.49,"1,511,897.67"
57,11/06/2026,VIC,"196,000","193,000","196,000","196,100","191,900","194,097",0,0.00,1.72,333.90,0.00,0.00,1.72,333.90,"1,515,764.41"
58,10/06/2026,VIC,"193,200","193,000","196,000","196,500","190,800","193,583","2,800",1.45,1.40,270.44,24.67,"4,766.24",26.07,"5,036.69","1,515,764.41"
59,09/06/2026,VIC,"195,000","198,000","193,200","198,000","192,700","194,337","-1,800",-0.92,1.81,352.03,0.11,20.99,1.92,373.02,"1,494,110.63"
60,08/06/2026,VIC,"207,000","204,900","195,000","204,900","195,000","198,508","-12,000",-5.80,3.27,648.42,0.17,33.56,3.44,681.97,"1,508,030.92"
61,05/06/2026,VIC,"200,200","200,300","207,000","210,300","200,300","207,301","6,800",3.40,3.58,742.06,0.00,0.00,3.58,742.06,"1,600,832.82"
62,04/06/2026,VIC,"197,600","197,600","200,200","200,600","193,300","198,056","2,600",1.32,2.51,497.15,25.46,"5,030.98",27.97,"5,528.13","1,548,245.08"
63,03/06/2026,VIC,"204,900","204,700","197,600","204,900","191,000","196,577","-7,300",-3.56,5.11,"1,005.78",0.02,4.32,5.13,"1,010.10","1,528,138.00"
64,02/06/2026,VIC,"204,900","204,900","204,900","210,900","202,000","205,325",0,0.00,1.68,344.88,0.00,0.00,1.68,344.88,"1,584,592.49"
65,01/06/2026,VIC,"211,300","211,400","204,900","212,500","204,500","206,871","-6,400",-3.03,2.10,433.71,0.00,0.00,2.10,433.71,"1,584,592.49"
66,29/05/2026,VIC,"210,800","211,000","211,300","214,300","209,500","211,701",500,0.24,2.02,426.88,3.20,674.48,5.22,"1,101.36","1,634,086.84"
67,28/05/2026,VIC,"210,800","209,100","210,800","217,500","206,100","211,888",0,0.00,3.05,645.88,0.00,0.00,3.05,645.88,"1,630,220.09"
68,27/05/2026,VIC,"213,000","213,000","210,800","214,000","204,900","207,690","-2,200",-1.03,4.52,940.80,7.52,"1,602.63",12.04,"2,543.43","1,630,220.09"
69,26/05/2026,VIC,"218,800","218,800","213,000","218,800","212,500","213,840","-5,800",-2.65,2.40,513.01,0.02,4.28,2.42,517.29,"1,647,233.77"
70,25/05/2026,VIC,"216,500","216,600","218,800","221,200","216,500","218,675","2,300",1.06,2.33,510.39,6.90,"1,493.85",9.23,"2,004.24","1,692,088.03"
71,22/05/2026,VIC,"218,700","218,500","216,500","218,500","209,300","212,764","-2,200",-1.01,4.17,889.84,0.36,77.40,4.53,967.24,"1,674,301.00"
72,21/05/2026,VIC,"226,700","227,200","218,700","228,500","216,400","219,970","-8,000",-3.53,5.37,"1,182.63",6.41,"1,409.47",11.78,"2,592.10","1,691,314.68"
73,20/05/2026,VIC,"225,100","225,100","226,700","230,200","222,200","227,507","1,600",0.71,3.79,862.19,0.00,0.00,3.79,862.19,"1,753,182.61"
74,19/05/2026,VIC,"225,000","225,000","225,100","227,000","221,000","223,586",100,0.04,3.38,755.49,9.12,"2,028.13",12.50,"2,783.62","1,740,809.03"
75,18/05/2026,VIC,"228,000","226,800","225,000","228,800","221,700","225,141","-3,000",-1.32,2.67,602.19,0.03,6.72,2.70,608.92,"1,740,035.68"
76,15/05/2026,VIC,"229,800","229,800","228,000","231,800","224,000","226,657","-1,800",-0.78,3.91,887.06,0.00,0.00,3.91,887.06,"1,763,236.15"
77,14/05/2026,VIC,"221,000","218,000","229,800","232,000","211,500","225,189","8,800",3.98,3.75,843.94,0.11,24.75,3.85,868.69,"1,777,156.44"
78,13/05/2026,VIC,"222,000","223,000","221,000","224,000","206,500","212,770","-1,000",-0.45,6.46,"1,373.37",4.00,840.00,10.46,"2,213.37","1,709,101.71"
79,12/05/2026,VIC,"223,000","222,000","222,000","225,600","215,100","219,760","-1,000",-0.45,4.02,886.90,0.13,27.12,4.15,914.02,"1,716,835.20"
80,11/05/2026,VIC,"226,000","225,900","223,000","230,000","219,500","225,738","-3,000",-1.33,4.63,"1,043.97",0.00,0.00,4.63,"1,043.97","1,724,568.69"
81,08/05/2026,VIC,"224,000","223,600","226,000","227,300","218,000","222,181","2,000",0.89,3.70,824.17,5.77,"1,269.07",9.47,"2,093.24","1,747,769.17"
82,07/05/2026,VIC,"219,500","219,500","224,000","231,000","218,000","224,407","4,500",2.05,4.30,964.72,0.21,45.04,4.51,"1,009.76","1,732,302.18"
83,06/05/2026,VIC,"219,500","220,500","219,500","223,000","214,500","217,633",0,0.00,3.13,681.54,0.00,0.00,3.13,681.54,"1,697,501.47"
84,05/05/2026,VIC,"212,000","211,900","219,500","224,800","210,300","218,618","7,500",3.54,2.88,628.47,4.20,890.40,7.08,"1,518.87","1,697,501.47"
85,04/05/2026,VIC,"214,000","217,000","212,000","220,000","204,000","211,443","-2,000",-0.93,3.88,822.22,0.00,0.00,3.88,822.22,"1,639,500.28"
86,29/04/2026,VIC,"225,500","227,800","214,000","227,800","213,800","217,867","-11,500",-5.10,5.79,"1,258.90",0.00,0.00,5.79,"1,258.90","1,654,967.27"
87,28/04/2026,VIC,"212,100","210,000","225,500","226,900","209,800","222,759","13,400",6.32,5.19,"1,159.30",0.11,22.83,5.30,"1,182.12","1,743,902.42"
88,24/04/2026,VIC,"214,500","215,200","212,100","221,900","208,000","215,066","-2,400",-1.12,4.24,909.84,0.00,0.00,4.24,909.84,"1,640,273.63"
89,23/04/2026,VIC,"207,200","212,000","214,500","218,900","209,100","213,704","7,300",3.52,4.26,910.55,4.03,835.84,8.29,"1,746.40","1,658,834.01"
90,22/04/2026,VIC,"193,700","193,600","207,200","207,200","191,200","199,521","13,500",6.97,4.71,944.30,0.20,39.26,4.91,983.56,"1,602,379.52"
91,21/04/2026,VIC,"191,000","194,000","193,700","201,900","192,400","196,563","2,700",1.41,3.34,656.58,2.66,500.09,6.00,"1,156.66","1,497,977.38"
92,20/04/2026,VIC,"187,900","186,500","191,000","191,000","178,100","184,969","3,100",1.65,5.43,"1,004.72",4.23,795.10,9.66,"1,799.82","1,477,096.95"
93,17/04/2026,VIC,"189,300","194,900","187,900","200,000","187,500","192,093","-1,400",-0.74,6.75,"1,294.18",0.15,28.63,6.90,"1,322.81","1,453,123.13"
94,16/04/2026,VIC,"177,000","180,000","189,300","189,300","178,900","186,137","12,300",6.95,7.57,"1,412.53",0.30,56.47,7.87,"1,469.00","1,463,950.02"
95,15/04/2026,VIC,"165,500","166,200","177,000","177,000","166,200","172,888","11,500",6.95,6.64,"1,149.38",0.04,6.20,6.68,"1,155.58","1,368,828.07"
96,14/04/2026,VIC,"160,000","162,000","165,500","165,900","161,900","164,697","5,500",3.44,3.66,602.60,0.42,69.67,4.08,672.27,"1,279,892.91"
97,13/04/2026,VIC,"151,700","151,700","160,000","162,000","149,300","155,996","8,300",5.47,4.05,632.07,0.11,17.79,4.17,649.86,"1,237,358.70"
98,10/04/2026,VIC,"149,200","151,600","151,700","154,000","151,500","152,291","2,500",1.68,2.20,334.33,0.11,16.36,2.30,350.69,"1,173,170.72"
99,09/04/2026,VIC,"153,400","154,000","149,200","154,000","149,200","152,306","-4,200",-2.74,2.62,399.36,0.00,0.00,2.62,399.36,"1,153,836.99"
100,08/04/2026,VIC,"143,400","150,000","153,400","153,400","147,100","151,470","10,000",6.97,4.03,610.91,8.00,"1,147.20",12.03,"1,758.11","1,186,317.66"
101,07/04/2026,VIC,"141,600","141,600","143,400","146,900","139,900","144,081","1,800",1.27,3.08,443.44,0.05,7.73,3.13,451.17,"1,108,982.74"
102,06/04/2026,VIC,"141,000","141,000","141,600","142,500","139,000","141,113",600,0.43,2.02,285.88,0.00,0.00,2.02,285.88,"1,095,062.45"
103,03/04/2026,VIC,"139,900","140,000","141,000","144,900","139,300","141,499","1,100",0.79,2.87,406.15,0.00,0.00,2.87,406.15,"1,090,422.36"
104,02/04/2026,VIC,"141,000","142,800","139,900","142,800","137,800","139,486","-1,100",-0.78,4.15,579.66,1.22,167.96,5.37,747.61,"1,081,915.52"
105,01/04/2026,VIC,"135,000","143,000","141,000","144,300","139,300","142,103","6,000",4.44,3.64,516.97,35.34,"4,770.88",38.98,"5,287.85","1,090,422.36"
106,31/03/2026,VIC,"129,500","130,200","135,000","135,000","130,000","132,144","5,500",4.25,3.32,440.82,0.00,0.00,3.32,440.82,"1,044,021.41"
107,30/03/2026,VIC,"132,600","128,900","129,500","132,200","127,500","129,378","-3,100",-2.34,2.04,264.80,0.00,0.00,2.04,264.80,"1,001,487.20"
108,27/03/2026,VIC,"130,000","130,500","132,600","133,900","128,600","131,800","2,600",2.00,2.12,280.26,0.00,0.00,2.12,280.26,"1,025,461.03"
109,26/03/2026,VIC,"128,700","129,900","130,000","130,900","125,900","128,545","1,300",1.01,2.44,313.33,8.00,"1,020.00",10.44,"1,333.33","1,005,353.95"
110,25/03/2026,VIC,"124,000","128,000","128,700","132,300","126,000","129,407","4,700",3.79,3.01,389.92,0.05,6.97,3.07,396.88,"995,300.41"
111,24/03/2026,VIC,"125,600","132,000","124,000","132,400","122,800","126,837","-1,600",-1.27,3.90,494.58,0.00,0.00,3.90,494.58,"958,953.00"
112,23/03/2026,VIC,"135,000","135,600","125,600","138,000","125,600","130,750","-9,400",-6.96,4.67,604.59,0.00,0.00,4.67,604.59,"971,326.58"
113,20/03/2026,VIC,"145,000","148,000","135,000","148,000","135,000","140,148","-10,000",-6.90,10.35,"1,419.29",0.03,5.31,10.38,"1,424.60","1,044,021.41"
114,19/03/2026,VIC,"146,000","146,600","145,000","151,000","145,000","147,922","-1,000",-0.68,5.61,826.90,0.00,0.00,5.61,826.90,"1,121,356.32"
115,18/03/2026,VIC,"146,200","148,300","146,000","156,000","146,000","152,394",-200,-0.14,4.97,748.48,9.80,"1,418.06",14.77,"2,166.54","1,129,089.82"
116,17/03/2026,VIC,"144,700","145,000","146,200","150,900","145,000","147,864","1,500",1.04,2.81,415.77,5.74,829.98,8.55,"1,245.75","1,130,636.52"
117,16/03/2026,VIC,"144,600","146,200","144,700","147,600","141,400","143,198",100,0.07,2.48,355.11,0.00,0.00,2.48,355.11,"1,119,036.28"
118,13/03/2026,VIC,"145,000","143,900","144,600","148,000","141,200","144,067",-400,-0.28,2.67,384.05,0.00,0.00,2.67,384.05,"1,118,262.93"
119,12/03/2026,VIC,"146,000","144,800","145,000","149,700","142,900","146,465","-1,000",-0.68,3.04,444.90,4.00,580.00,7.04,"1,024.90","1,121,356.32"
120,11/03/2026,VIC,"141,800","143,000","146,000","148,500","143,000","146,562","4,200",2.96,2.97,436.06,4.00,567.20,6.97,"1,003.26","1,129,089.82"
121,10/03/2026,VIC,"145,600","154,800","141,800","154,800","141,000","147,576","-3,800",-2.61,4.20,618.04,0.00,0.00,4.20,618.04,"1,096,609.15"
122,09/03/2026,VIC,"156,500","151,400","145,600","156,000","145,600","146,592","-10,900",-6.96,6.35,929.62,0.05,8.39,6.41,938.01,"1,125,996.42"
123,06/03/2026,VIC,"164,800","163,500","156,500","165,000","156,000","160,690","-8,300",-5.04,2.98,478.38,6.68,"1,045.59",9.66,"1,523.96","1,210,291.48"
124,05/03/2026,VIC,"155,600","159,000","164,800","166,400","157,200","163,851","9,200",5.91,5.62,922.68,0.00,0.00,5.62,922.68,"1,274,479.46"
125,04/03/2026,VIC,"155,500","150,600","155,600","161,000","150,600","155,594",100,0.06,4.39,683.42,0.00,0.00,4.39,683.42,"1,203,331.34"
126,03/03/2026,VIC,"167,200","164,000","155,500","167,000","155,500","159,805","-11,700",-7.00,6.38,"1,018.03",8.50,"1,321.75",14.88,"2,339.78","1,202,557.99"
127,02/03/2026,VIC,"172,000","171,000","167,200","177,800","166,000","172,051","-4,800",-2.79,4.99,859.33,0.00,0.00,4.99,859.33,"1,293,039.85"
128,27/02/2026,VIC,"168,900","169,100","172,000","178,500","168,000","173,392","3,100",1.84,3.62,628.94,0.80,137.60,4.42,766.54,"1,330,160.61"
129,26/02/2026,VIC,"158,000","157,000","168,900","169,000","157,000","166,415","10,900",6.90,6.78,"1,130.18",0.00,0.00,6.78,"1,130.18","1,306,186.78"
130,25/02/2026,VIC,"162,900","160,000","158,000","162,000","155,000","157,607","-4,900",-3.01,5.29,833.12,0.00,0.00,5.29,833.12,"1,221,891.72"
131,24/02/2026,VIC,"162,300","162,300","162,900","163,600","159,000","162,451",600,0.37,1.95,316.32,0.08,12.32,2.03,328.64,"1,259,785.83"
132,23/02/2026,VIC,"160,000","160,000","162,300","166,800","159,200","162,588","2,300",1.44,3.71,602.53,0.00,0.00,3.71,602.53,"1,255,145.73"
133,13/02/2026,VIC,"159,000","161,900","160,000","164,100","152,000","159,903","1,000",0.63,5.44,869.28,0.03,4.79,5.47,874.07,"1,237,358.70"
134,12/02/2026,VIC,"150,800","154,800","159,000","160,800","152,000","157,872","8,200",5.44,4.35,686.11,0.23,35.64,4.57,721.75,"1,229,625.21"
135,11/02/2026,VIC,"141,500","148,000","150,800","151,300","147,000","149,502","9,300",6.57,5.29,790.58,0.20,29.93,5.49,820.51,"1,166,210.58"
136,10/02/2026,VIC,"132,300","132,500","141,500","141,500","132,300","139,860","9,200",6.95,6.10,856.78,0.00,0.00,6.10,856.78,"1,094,289.10"
137,09/02/2026,VIC,"131,000","132,800","132,300","133,300","129,500","131,714","1,300",0.99,2.80,368.97,0.00,0.00,2.80,368.97,"1,023,140.98"
138,06/02/2026,VIC,"130,100","130,100","131,000","137,300","128,000","132,842",900,0.69,7.31,969.64,0.40,52.96,7.71,"1,022.61","1,013,087.44"
139,05/02/2026,VIC,"121,600","119,000","130,100","130,100","118,900","126,475","8,500",6.99,7.41,938.35,3.84,470.22,11.26,"1,408.57","1,006,127.30"
140,04/02/2026,VIC,"130,700","129,600","121,600","129,800","121,600","122,863","-9,100",-6.96,11.70,"1,432.71",0.00,0.00,11.70,"1,432.71","940,392.61"
141,03/02/2026,VIC,"130,700","125,300","130,700","133,100","125,300","130,261",0,0.00,8.88,"1,158.58",1.50,186.25,10.38,"1,344.83","1,010,767.39"
142,02/02/2026,VIC,"140,500","138,500","130,700","140,000","130,700","131,734","-9,800",-6.98,10.40,"1,367.87",0.00,0.00,10.40,"1,367.87","1,010,767.39"
143,30/01/2026,VIC,"140,500","140,500","140,500","141,900","135,900","139,606",0,0.00,6.88,963.25,0.00,0.00,6.88,963.25,"1,086,555.61"
144,29/01/2026,VIC,"140,500","138,900","140,500","142,000","138,500","140,383",0,0.00,6.99,981.82,0.00,0.00,6.99,981.82,"1,086,555.61"
145,28/01/2026,VIC,"151,000","151,000","140,500","154,500","140,500","142,735","-10,500",-6.95,10.03,"1,423.25",0.04,5.62,10.07,"1,428.87","1,086,555.61"
146,27/01/2026,VIC,"159,900","160,000","151,000","160,000","150,100","156,499","-8,900",-5.57,6.58,"1,033.00",0.00,0.00,6.58,"1,033.00","1,167,757.28"
147,26/01/2026,VIC,"165,400","167,000","159,900","167,500","159,600","161,031","-5,500",-3.33,2.32,372.17,0.00,0.00,2.32,372.17,"1,236,585.35"
148,23/01/2026,VIC,"161,100","163,800","165,400","167,700","162,500","164,932","4,300",2.67,3.32,547.32,0.00,0.00,3.32,547.32,"1,279,119.56"
149,22/01/2026,VIC,"160,500","157,000","161,100","161,400","157,000","159,625",600,0.37,3.40,543.12,0.00,0.00,3.40,543.12,"1,245,865.54"
150,21/01/2026,VIC,"161,000","159,000","160,500","164,200","158,900","161,189",-500,-0.31,3.24,521.24,3.28,524.32,6.52,"1,045.56","1,241,225.45"
151,20/01/2026,VIC,"162,000","162,000","161,000","162,000","154,600","158,285","-1,000",-0.62,5.15,817.65,3.92,626.39,9.06,"1,444.05","1,245,092.20"
152,19/01/2026,VIC,"159,900","164,900","162,000","164,900","159,000","161,938","2,100",1.31,2.28,369.82,8.10,"1,296.18",10.38,"1,666.00","1,252,825.69"
153,16/01/2026,VIC,"153,000","153,000","159,900","163,000","153,000","159,558","6,900",4.51,3.82,610.86,7.23,"1,157.43",11.06,"1,768.29","1,236,585.35"
154,15/01/2026,VIC,"160,200","160,100","153,000","160,200","150,900","153,664","-7,200",-4.49,8.28,"1,274.51",0.90,138.49,9.18,"1,413.01","1,183,224.26"
155,14/01/2026,VIC,"167,900","171,200","160,200","171,200","159,000","162,763","-7,700",-4.59,4.42,718.11,0.00,0.00,4.42,718.11,"1,238,905.40"
156,13/01/2026,VIC,"163,700","159,000","167,900","173,300","158,000","168,282","4,200",2.57,5.38,898.99,4.00,656.00,9.38,"1,554.99","1,298,453.29"
157,12/01/2026,VIC,"176,000","174,600","163,700","175,400","163,700","166,261","-12,300",-6.99,9.38,"1,557.80",4.00,656.00,13.38,"2,213.80","1,265,972.62"
158,09/01/2026,VIC,"176,600","176,000","176,000","180,200","172,600","176,747",-600,-0.34,5.39,952.54,5.93,"1,046.55",11.32,"1,999.08","1,361,094.57"
159,08/01/2026,VIC,"179,000","183,500","176,600","190,000","176,600","183,294","-2,400",-1.34,6.59,"1,205.14",5.95,"1,053.25",12.55,"2,258.39","1,365,734.67"
160,07/01/2026,VIC,"173,100","173,100","179,000","179,500","168,600","174,271","5,900",3.41,7.67,"1,336.02",0.38,65.73,8.05,"1,401.75","1,384,295.05"
161,06/01/2026,VIC,"173,100","173,600","173,100","176,000","171,400","173,612",0,0.00,7.68,"1,332.63",0.02,3.46,7.70,"1,336.09","1,338,667.45"
162,05/01/2026,VIC,"169,600","169,600","173,100","174,500","166,800","171,584","3,500",2.06,6.64,"1,140.08",0.08,13.90,6.73,"1,153.98","1,338,667.45"
163,31/12/2025,VIC,"163,000","163,000","169,600","172,000","158,800","167,039","6,600",4.05,9.44,"1,574.68",0.00,0.00,9.44,"1,574.68","1,311,600.23"
164,30/12/2025,VIC,"159,700","159,700","163,000","163,000","151,600","159,056","3,300",2.07,8.09,"1,287.73",0.00,0.00,8.09,"1,287.73","1,260,559.18"
165,29/12/2025,VIC,"155,000","155,000","159,700","159,900","155,000","157,474","4,700",3.03,6.67,"1,053.23",0.07,11.08,6.74,"1,064.32","1,235,038.66"
166,26/12/2025,VIC,"158,000","147,000","155,000","155,200","147,000","147,779","-3,000",-1.90,15.34,"2,265.95",0.15,21.86,15.49,"2,287.81","1,198,691.24"
167,25/12/2025,VIC,"169,800","167,600","158,000","174,500","158,000","165,850","-11,800",-6.95,6.37,"1,048.29",3.97,651.65,10.35,"1,699.95","1,221,891.72"
168,24/12/2025,VIC,"169,900","174,000","169,800","176,600","164,000","168,016",-100,-0.06,8.75,"1,472.15",4.00,656.00,12.75,"2,128.15","1,313,146.92"
169,23/12/2025,VIC,"158,800","165,000","169,900","169,900","163,000","168,040","11,100",6.99,6.62,"1,113.88",0.30,50.97,6.92,"1,164.85","1,313,920.27"
170,22/12/2025,VIC,"148,500","153,800","158,800","158,800","151,800","156,508","10,300",6.94,4.50,705.73,4.50,666.00,9.00,"1,371.73","1,228,078.51"
171,19/12/2025,VIC,"142,700","142,700","148,500","152,100","142,000","148,879","5,800",4.06,12.78,"1,900.49",0.51,69.46,13.29,"1,969.94","1,148,423.55"
172,18/12/2025,VIC,"142,900","143,000","142,700","143,000","139,700","141,142",-200,-0.14,5.43,766.95,4.00,560.00,9.43,"1,326.95","553,743.98"
173,17/12/2025,VIC,"142,900","143,700","142,900","146,800","142,600","143,942",0,0.00,2.87,412.32,0.58,87.47,3.45,499.79,"554,520.08"
174,16/12/2025,VIC,"142,900","142,900","142,900","149,300","140,400","143,805",0,0.00,5.33,764.23,6.00,840.00,11.33,"1,604.23","554,520.08"
175,15/12/2025,VIC,"144,000","143,800","142,900","147,000","140,000","142,685","-1,100",-0.76,5.21,743.34,5.00,700.00,10.21,"1,443.34","554,520.08"
176,12/12/2025,VIC,"146,000","147,800","144,000","147,800","140,000","143,121","-2,000",-1.37,4.62,661.65,0.00,0.00,4.62,661.65,"558,788.60"
177,11/12/2025,VIC,"148,800","143,000","146,000","147,600","138,400","142,410","-2,800",-1.88,7.96,"1,132.76",1.69,244.72,9.65,"1,377.47","566,549.55"
178,10/12/2025,VIC,"160,000","160,000","148,800","160,000","148,800","151,298","-11,200",-7.00,6.59,996.34,8.66,"1,340.48",15.25,"2,336.82","577,414.89"
179,09/12/2025,VIC,"152,700","163,300","160,000","163,300","153,000","160,675","7,300",4.78,12.84,"2,067.00",0.00,0.00,12.84,"2,067.00","620,876.22"
180,08/12/2025,VIC,"142,800","152,000","152,700","152,700","149,100","151,879","9,900",6.93,4.61,700.56,0.31,47.72,4.92,748.28,"592,548.74"
181,05/12/2025,VIC,"133,500","142,800","142,800","142,800","139,400","142,143","9,300",6.97,7.00,996.75,0.00,0.00,7.00,996.75,"554,132.03"
182,04/12/2025,VIC,"269,400","268,000","267,000","270,800","262,000","266,438","-2,400",-0.89,3.90,"1,040.24",4.40,"1,144.30",8.30,"2,184.54","1,036,087.19"
183,03/12/2025,VIC,"275,000","278,900","269,400","278,900","269,200","273,574","-5,600",-2.04,3.33,910.09,3.50,910.00,6.83,"1,820.09","1,045,400.34"
184,02/12/2025,VIC,"269,900","270,000","275,000","277,500","263,000","269,694","5,100",1.89,4.09,"1,104.78",5.99,"1,558.21",10.09,"2,662.99","1,067,131.01"
185,01/12/2025,VIC,"260,400","266,100","269,900","278,600","266,000","269,493","9,500",3.65,4.50,"1,214.98",8.05,"2,014.52",12.55,"3,229.50","1,047,340.58"
186,28/11/2025,VIC,"248,000","248,200","260,400","262,800","248,200","257,522","12,400",5.00,3.84,989.48,11.95,"2,868.32",15.79,"3,857.80","1,010,476.05"
187,27/11/2025,VIC,"245,000","246,200","248,000","253,100","245,400","248,688","3,000",1.22,2.35,583.98,0.00,0.00,2.35,583.98,"962,358.14"
188,26/11/2025,VIC,"243,000","247,000","245,000","247,000","237,500","243,020","2,000",0.82,4.20,"1,021.55",8.10,"1,864.30",12.30,"2,885.85","950,716.71"
189,25/11/2025,VIC,"239,500","243,000","243,000","248,800","240,000","244,745","3,500",1.46,3.43,838.21,6.00,"1,380.00",9.43,"2,218.21","942,955.76"
190,24/11/2025,VIC,"229,700","229,300","239,500","243,900","229,300","238,117","9,800",4.27,3.20,762.76,0.00,0.00,3.20,762.76,"929,374.09"
191,21/11/2025,VIC,"228,000","226,200","229,700","231,100","222,000","227,276","1,700",0.75,2.78,631.00,0.44,100.15,3.22,731.15,"891,345.43"
192,20/11/2025,VIC,"220,500","220,900","228,000","230,000","220,000","226,469","7,500",3.40,2.83,640.87,2.00,434.00,4.83,"1,074.87","884,748.62"
193,19/11/2025,VIC,"220,000","220,000","220,500","225,000","219,000","221,369",500,0.23,2.33,515.56,3.00,651.00,5.33,"1,166.56","855,645.04"
194,18/11/2025,VIC,"217,000","217,000","220,000","221,000","215,500","218,701","3,000",1.38,3.03,662.27,0.96,207.44,3.98,869.71,"853,704.80"
195,17/11/2025,VIC,"211,000","212,000","217,000","221,100","212,000","216,759","6,000",2.84,3.89,843.44,0.00,0.00,3.89,843.44,"842,063.38"
196,14/11/2025,VIC,"211,200","210,800","211,000","211,300","208,100","209,872",-200,-0.09,2.08,437.38,0.00,0.00,2.08,437.38,"818,780.52"
197,13/11/2025,VIC,"211,200","210,000","211,200","215,800","209,200","211,962",0,0.00,3.06,648.73,0.00,0.00,3.06,648.73,"819,556.61"
198,12/11/2025,VIC,"201,000","199,600","211,200","211,200","199,600","207,060","10,200",5.07,3.89,805.15,0.00,0.00,3.89,805.15,"819,556.61"
199,11/11/2025,VIC,"199,000","199,000","201,000","203,900","198,700","200,951","2,000",1.01,4.23,848.13,0.00,0.00,4.23,848.13,"779,975.75"
200,10/11/2025,VIC,"199,700","198,800","199,000","204,000","193,300","198,868",-700,-0.35,2.79,555.08,0.00,0.00,2.79,555.08,"772,214.80"
201,07/11/2025,VIC,"207,800","205,000","199,700","207,900","199,700","203,059","-8,100",-3.90,3.70,751.64,0.00,0.00,3.70,751.64,"774,931.13"
202,06/11/2025,VIC,"206,500","206,000","207,800","211,500","203,800","208,927","1,300",0.63,4.61,963.04,0.00,0.00,4.61,963.04,"806,362.99"
203,05/11/2025,VIC,"201,000","201,000","206,500","208,000","198,500","205,679","5,500",2.74,2.14,438.70,0.00,0.00,2.14,438.70,"801,318.37"
204,04/11/2025,VIC,"195,400","198,000","201,000","204,900","196,100","201,648","5,600",2.87,2.51,507.08,0.00,0.00,2.51,507.08,"779,975.75"
205,03/11/2025,VIC,"191,000","191,100","195,400","199,500","186,000","194,163","4,400",2.30,3.63,704.67,1.00,191.00,4.63,895.67,"758,245.09"
206,31/10/2025,VIC,"204,100","202,000","191,000","203,700","191,000","195,275","-13,100",-6.42,7.46,"1,449.38",0.02,4.24,7.48,"1,453.62","741,170.99"
207,30/10/2025,VIC,"212,000","210,500","204,100","211,800","201,500","204,713","-7,900",-3.73,3.77,771.99,0.12,24.84,3.89,796.83,"792,005.23"
208,29/10/2025,VIC,"220,100","219,000","212,000","219,000","211,900","214,210","-8,100",-3.68,2.74,586.46,0.10,21.39,2.84,607.85,"822,660.99"
209,28/10/2025,VIC,"214,000","213,500","220,100","220,600","199,100","207,065","6,100",2.85,5.21,"1,081.27",0.10,20.76,5.31,"1,102.03","854,092.85"
210,27/10/2025,VIC,"219,000","222,900","214,000","226,500","214,000","220,024","-5,000",-2.28,3.89,855.69,5.40,"1,110.63",9.29,"1,966.32","830,421.95"
211,24/10/2025,VIC,"215,000","215,400","219,000","222,900","215,100","219,062","4,000",1.86,3.41,747.60,0.40,87.59,3.81,835.20,"849,824.33"
212,23/10/2025,VIC,"203,000","202,900","215,000","215,500","200,000","208,834","12,000",5.91,4.76,994.01,0.00,0.00,4.76,994.01,"834,302.42"
213,22/10/2025,VIC,"203,400","204,000","203,000","204,000","193,000","198,812",-400,-0.20,4.20,834.22,12.78,"2,429.67",16.98,"3,263.89","787,736.71"
214,21/10/2025,VIC,"194,900","202,000","203,400","204,900","193,700","199,388","8,500",4.36,3.70,739.20,0.30,59.80,4.00,799.00,"789,288.90"
215,20/10/2025,VIC,"204,000","200,000","194,900","204,500","190,000","198,170","-9,100",-4.46,5.67,"1,124.77",0.00,0.00,5.67,"1,124.77","756,304.85"
216,17/10/2025,VIC,"213,100","214,100","204,000","214,600","199,900","205,887","-9,100",-4.27,5.62,"1,155.54",0.03,5.92,5.64,"1,161.46","791,617.18"
217,16/10/2025,VIC,"209,500","210,000","213,100","217,600","205,900","210,476","3,600",1.72,5.22,"1,098.31",0.00,0.00,5.22,"1,098.31","826,929.52"
218,15/10/2025,VIC,"211,900","214,100","209,500","214,900","206,000","209,661","-2,400",-1.13,3.75,787.52,0.06,12.00,3.81,799.52,"812,959.80"
219,14/10/2025,VIC,"205,400","215,900","211,900","219,700","206,900","214,990","6,500",3.16,8.07,"1,740.51",6.21,"1,200.39",14.27,"2,940.90","822,272.95"
220,13/10/2025,VIC,"192,000","193,900","205,400","205,400","193,900","201,816","13,400",6.98,7.18,"1,454.69",16.81,"3,028.63",23.99,"4,483.33","797,049.85"
221,10/10/2025,VIC,"179,500","178,500","192,000","192,000","178,500","184,202","12,500",6.96,4.29,794.36,0.00,0.00,4.29,794.36,"745,051.47"
222,09/10/2025,VIC,"178,100","177,000","179,500","181,600","176,300","179,081","1,400",0.79,4.13,740.52,0.19,34.06,4.32,774.57,"696,545.51"
223,08/10/2025,VIC,"180,000","179,000","178,100","180,900","175,200","178,958","-1,900",-1.06,3.26,583.37,0.00,0.00,3.26,583.37,"691,112.84"
224,07/10/2025,VIC,"179,700","181,100","180,000","182,000","178,000","180,015",300,0.17,2.37,426.51,0.00,0.00,2.37,426.51,"698,485.75"
225,06/10/2025,VIC,"176,500","186,800","179,700","186,800","176,500","178,986","3,200",1.81,2.40,430.23,0.00,0.00,2.40,430.23,"697,321.61"
226,03/10/2025,VIC,"171,000","172,000","176,500","179,300","171,100","176,542","5,500",3.22,4.89,863.94,0.00,0.00,4.89,863.94,"684,904.08"
227,02/10/2025,VIC,"170,000","168,800","171,000","175,700","168,800","173,401","1,000",0.59,2.38,412.87,0.00,0.00,2.38,412.87,"663,561.46"
228,01/10/2025,VIC,"174,900","174,900","170,000","175,000","167,800","170,812","-4,900",-2.80,2.64,450.98,0.00,0.00,2.64,450.98,"659,680.99"
229,30/09/2025,VIC,"172,800","173,500","174,900","183,000","173,500","177,790","2,100",1.22,4.67,830.07,0.00,0.00,4.67,830.07,"678,695.32"
230,29/09/2025,VIC,"164,000","162,300","172,800","174,800","161,000","170,631","8,800",5.37,2.45,416.46,0.00,0.00,2.45,416.46,"670,546.32"
231,26/09/2025,VIC,"158,000","158,000","164,000","164,900","156,000","160,234","6,000",3.80,2.71,435.53,0.00,0.00,2.71,435.53,"636,398.13"
232,25/09/2025,VIC,"149,000","149,000","158,000","158,000","146,900","153,171","9,000",6.04,2.82,433.64,0.10,15.42,2.92,449.05,"613,115.27"
233,24/09/2025,VIC,"149,200","149,000","149,000","152,000","145,600","148,323",-200,-0.13,1.75,260.31,1.90,282.98,3.66,543.29,"578,190.98"
234,23/09/2025,VIC,"148,800","148,000","149,200","150,100","145,600","148,489",400,0.27,1.43,211.78,0.00,0.00,1.43,211.78,"578,967.08"
235,22/09/2025,VIC,"153,200","149,700","148,800","154,200","143,900","148,871","-4,400",-2.87,5.11,759.37,1.90,283.43,7.02,"1,042.80","577,414.89"
236,19/09/2025,VIC,"145,000","145,000","153,200","153,200","143,000","146,289","8,200",5.66,5.62,831.60,0.00,0.00,5.62,831.60,"594,488.98"
237,18/09/2025,VIC,"143,100","143,500","145,000","149,900","141,500","144,747","1,900",1.33,4.39,634.46,3.20,430.88,7.59,"1,065.34","562,669.08"
238,17/09/2025,VIC,"135,000","133,500","143,100","143,900","133,400","139,435","8,100",6.00,3.98,555.97,0.81,109.71,4.80,665.69,"555,296.17"
239,16/09/2025,VIC,"137,800","137,800","135,000","137,800","133,900","135,290","-2,800",-2.03,2.92,395.13,3.46,467.52,6.38,862.65,"523,864.31"
240,15/09/2025,VIC,"137,800","137,700","137,800","137,800","134,800","136,030",0,0.00,2.14,291.97,0.81,109.89,2.96,401.86,"534,729.65"
241,12/09/2025,VIC,"136,000","136,000","137,800","138,100","134,100","136,568","1,800",1.32,1.96,268.53,4.79,621.47,6.75,890.00,"534,729.65"
242,11/09/2025,VIC,"130,900","130,000","136,000","137,500","129,100","132,793","5,100",3.90,3.02,400.90,0.00,0.00,3.02,400.90,"527,487.33"
243,10/09/2025,VIC,"129,200","129,200","130,900","131,000","127,000","129,396","1,700",1.32,1.99,256.60,4.79,622.46,6.77,879.06,"507,706.55"
244,09/09/2025,VIC,"125,000","125,000","129,200","129,600","124,100","127,654","4,200",3.36,2.66,340.61,0.00,0.00,2.66,340.61,"501,112.96"
245,08/09/2025,VIC,"125,000","125,100","125,000","128,000","125,000","125,994",0,0.00,2.20,277.34,0.00,0.00,2.20,277.34,"484,822.91"
246,05/09/2025,VIC,"125,000","125,200","125,000","129,800","125,000","127,676",0,0.00,2.14,272.70,0.00,0.00,2.14,272.70,"484,822.91"
247,04/09/2025,VIC,"125,000","125,000","125,000","126,000","123,000","124,454",0,0.00,1.99,247.66,0.00,0.00,1.99,247.66,"484,822.91"
248,03/09/2025,VIC,"128,300","127,100","125,000","128,200","124,500","125,764","-3,300",-2.57,2.29,287.27,0.02,2.71,2.31,289.98,"484,822.91"
249,29/08/2025,VIC,"130,100","131,100","128,300","132,500","128,100","129,385","-1,800",-1.38,2.47,319.78,0.02,2.65,2.49,322.44,"497,622.24"
250,28/08/2025,VIC,"132,000","132,200","130,100","134,000","130,000","131,830","-1,900",-1.44,2.18,286.91,0.02,2.82,2.20,289.73,"504,603.69"
251,27/08/2025,VIC,"135,500","133,200","132,000","135,600","132,000","133,239","-3,500",-2.58,2.35,313.08,0.04,5.52,2.39,318.60,"511,973.00"
252,26/08/2025,VIC,"131,000","131,000","135,500","139,900","129,000","134,861","4,500",3.44,2.60,351.14,0.00,0.00,2.60,351.14,"525,548.04"
253,25/08/2025,VIC,"124,100","124,000","131,000","132,600","123,500","129,903","6,900",5.56,3.81,495.18,0.04,5.25,3.85,500.43,"508,094.41"
254,22/08/2025,VIC,"125,000","122,000","124,100","127,500","122,000","124,036",-900,-0.72,5.03,623.05,0.00,0.00,5.03,623.05,"481,332.19"
255,21/08/2025,VIC,"124,200","122,200","125,000","126,800","122,000","124,686",800,0.64,4.07,508.07,0.06,7.38,4.13,515.44,"481,626.94"
256,20/08/2025,VIC,"118,200","118,600","124,200","126,000","117,900","122,242","6,000",5.08,7.46,909.57,0.00,0.00,7.46,909.57,"481,720.05"
257,19/08/2025,VIC,"118,200","118,200","118,200","121,100","116,500","118,539",0,0.00,5.29,626.63,0.00,0.00,5.29,626.63,"458,448.55"
258,18/08/2025,VIC,"118,200","118,200","118,200","118,500","116,000","117,149",0,0.00,3.59,421.66,0.00,0.00,3.59,421.66,"458,448.55"
259,15/08/2025,VIC,"118,200","119,200","118,200","126,000","117,900","121,680",0,0.00,5.26,639.13,0.00,0.00,5.26,639.13,"458,448.55"
260,14/08/2025,VIC,"116,000","116,400","118,200","118,800","115,200","117,365","2,200",1.90,4.31,506.18,0.04,4.80,4.35,510.98,"458,448.55"
261,13/08/2025,VIC,"115,500","115,000","116,000","116,500","114,000","114,891",500,0.43,4.11,472.29,0.00,0.00,4.11,472.29,"449,915.66"
262,12/08/2025,VIC,"115,500","115,500","115,500","116,800","114,500","115,330",0,0.00,2.96,341.32,0.02,2.54,2.98,343.86,"447,976.37"
263,11/08/2025,VIC,"117,000","117,000","115,500","118,900","115,000","116,564","-1,500",-1.28,3.28,382.29,0.00,0.00,3.28,382.29,"447,976.37"
264,08/08/2025,VIC,"115,000","114,900","117,000","117,600","113,200","115,666","2,000",1.74,3.22,372.95,0.00,0.00,3.22,372.95,"453,794.25"
265,07/08/2025,VIC,"118,500","118,500","115,000","122,000","115,000","117,959","-3,500",-2.95,4.14,487.58,0.00,0.00,4.14,487.58,"446,037.08"
266,06/08/2025,VIC,"117,500","117,500","118,500","120,000","115,000","117,485","1,000",0.85,4.21,495.73,0.80,93.77,5.01,589.50,"459,612.12"
267,05/08/2025,VIC,"111,200","117,600","117,500","118,900","114,600","117,652","6,300",5.67,8.38,986.59,25.96,"2,833.72",34.34,"3,820.31","455,733.54"
268,04/08/2025,VIC,"104,000","106,200","111,200","111,200","105,000","110,163","7,200",6.92,3.88,428.55,90.00,"9,818.64",93.88,"10,247.19","431,298.46"
269,01/08/2025,VIC,"105,500","106,000","104,000","109,800","104,000","106,587","-1,500",-1.42,3.95,418.96,0.00,0.00,3.95,418.96,"403,372.66"
270,31/07/2025,VIC,"109,500","108,700","105,500","109,500","105,000","106,874","-4,000",-3.65,5.66,605.01,0.00,0.00,5.66,605.01,"409,190.54"
271,30/07/2025,VIC,"113,200","113,200","109,500","114,000","108,100","111,166","-3,700",-3.27,4.35,483.37,0.00,0.00,4.35,483.37,"424,704.87"
272,29/07/2025,VIC,"115,600","115,000","113,200","117,200","113,000","115,132","-2,400",-2.08,4.56,524.72,0.03,3.97,4.60,528.69,"439,055.63"
273,28/07/2025,VIC,"114,100","115,000","115,600","118,000","114,100","115,698","1,500",1.31,3.27,377.72,0.00,0.00,3.27,377.72,"448,364.23"
274,25/07/2025,VIC,"116,000","113,200","114,100","118,000","113,100","115,278","-1,900",-1.64,3.38,389.78,0.00,0.00,3.38,389.78,"442,546.36"
275,24/07/2025,VIC,"115,000","115,200","116,000","117,000","109,700","112,719","1,000",0.87,6.03,681.17,0.00,0.00,6.03,681.17,"449,915.66"
276,23/07/2025,VIC,"117,500","119,500","115,000","119,500","115,000","116,069","-2,500",-2.13,2.80,325.70,0.00,0.00,2.80,325.70,"446,037.08"
277,22/07/2025,VIC,"112,000","112,200","117,500","117,500","112,200","114,218","5,500",4.91,3.94,450.39,0.35,40.04,4.29,490.43,"455,733.54"
278,21/07/2025,VIC,"119,000","120,500","112,000","122,500","110,700","118,211","-7,000",-5.88,4.31,506.51,0.00,0.00,4.31,506.51,"434,401.33"
279,18/07/2025,VIC,"122,000","124,700","119,000","124,700","117,500","120,217","-3,000",-2.46,6.07,729.24,0.00,0.00,6.07,729.24,"461,551.41"
280,17/07/2025,VIC,"117,400","118,100","122,000","123,300","118,100","122,067","4,600",3.92,6.60,805.74,0.00,0.00,6.60,805.74,"473,187.16"
281,16/07/2025,VIC,"111,600","111,000","117,400","118,200","110,100","113,384","5,800",5.20,3.30,374.48,0.00,0.00,3.30,374.48,"455,345.68"
282,15/07/2025,VIC,"113,000","114,000","111,600","114,000","111,000","112,408","-1,400",-1.24,3.25,365.33,0.00,0.00,3.25,365.33,"432,849.90"
283,14/07/2025,VIC,"108,000","115,000","113,000","115,500","111,000","113,939","5,000",4.63,5.53,630.91,0.00,0.00,5.53,630.91,"438,279.91"
284,11/07/2025,VIC,"101,600","104,500","108,000","108,100","103,900","106,943","6,400",6.30,4.79,512.72,0.00,0.00,4.79,512.72,"418,887.00"
285,10/07/2025,VIC,"95,000","96,000","101,600","101,600","96,000","99,739","6,600",6.95,7.07,708.08,0.00,0.00,7.07,708.08,"394,064.06"
286,09/07/2025,VIC,"93,300","93,000","95,000","95,000","93,000","93,902","1,700",1.82,3.29,308.52,0.00,0.00,3.29,308.52,"368,465.41"
287,08/07/2025,VIC,"93,000","93,000","93,300","95,000","92,900","93,475",300,0.32,1.42,132.81,0.00,0.00,1.42,132.81,"361,871.82"
288,07/07/2025,VIC,"91,900","91,900","93,000","94,200","91,000","92,590","1,100",1.20,2.01,186.29,0.00,0.00,2.01,186.29,"360,708.25"
289,04/07/2025,VIC,"94,500","94,400","91,900","94,400","91,500","92,135","-2,600",-2.75,3.98,366.90,0.00,0.00,3.98,366.90,"356,441.81"
290,03/07/2025,VIC,"95,400","94,600","94,500","95,200","93,900","94,714",-900,-0.94,1.89,178.97,0.00,0.00,1.89,178.97,"366,526.12"
291,02/07/2025,VIC,"95,600","94,300","95,400","95,500","94,300","94,924",-200,-0.21,1.09,103.48,0.00,0.00,1.09,103.48,"370,016.85"
292,01/07/2025,VIC,"95,600","95,700","95,600","96,500","93,500","95,019",0,0.00,2.33,221.83,0.00,0.00,2.33,221.83,"370,792.56"
293,30/06/2025,VIC,"95,500","95,500","95,600","96,300","95,100","95,612",100,0.10,1.27,120.93,0.00,0.00,1.27,120.93,"370,792.56"
294,27/06/2025,VIC,"95,000","95,000","95,500","96,100","92,400","94,202",500,0.53,3.03,285.65,0.00,0.00,3.03,285.65,"370,404.71"
295,26/06/2025,VIC,"95,800","95,000","95,000","97,000","95,000","95,782",-800,-0.84,1.61,154.10,1.30,124.79,2.91,278.89,"368,465.41"
296,25/06/2025,VIC,"95,800","96,000","95,800","96,600","94,500","95,691",0,0.00,2.66,254.26,0.10,9.58,2.76,263.84,"371,568.28"
297,24/06/2025,VIC,"92,800","94,900","95,800","98,000","93,700","96,148","3,000",3.23,3.97,382.28,0.15,14.37,4.12,396.65,"371,568.28"
298,23/06/2025,VIC,"86,800","86,100","92,800","92,800","85,100","89,934","6,000",6.91,3.87,349.52,0.81,66.79,4.68,416.31,"359,932.53"
299,20/06/2025,VIC,"89,400","89,400","86,800","89,400","86,700","87,437","-2,600",-2.91,13.62,"1,184.08",0.05,4.34,13.67,"1,188.42","336,661.03"
300,19/06/2025,VIC,"88,000","88,000","89,400","90,600","87,600","88,960","1,400",1.59,3.25,289.07,0.10,8.90,3.35,297.97,"346,745.35"
301,18/06/2025,VIC,"87,700","87,700","88,000","89,000","86,900","87,836",300,0.34,1.43,125.54,0.11,9.72,1.54,135.26,"341,315.33"
302,17/06/2025,VIC,"85,400","85,400","87,700","90,800","84,300","87,866","2,300",2.69,3.38,296.65,0.10,8.54,3.48,305.19,"340,151.76"
303,16/06/2025,VIC,"85,500","84,000","85,400","85,600","82,600","84,041",-100,-0.12,2.51,211.69,0.10,8.54,2.61,220.23,"331,231.01"
304,13/06/2025,VIC,"86,800","85,700","85,500","86,000","81,600","82,793","-1,300",-1.50,4.99,417.53,0.00,0.00,4.99,417.53,"331,618.87"
305,12/06/2025,VIC,"90,200","91,400","86,800","91,600","84,700","87,558","-3,400",-3.77,4.16,366.51,0.00,0.00,4.16,366.51,"336,661.03"
306,11/06/2025,VIC,"90,600","92,600","90,200","92,600","90,000","91,143",-400,-0.44,1.44,131.12,0.73,65.13,2.17,196.25,"349,848.21"
307,10/06/2025,VIC,"90,300","86,000","90,600","92,900","86,000","89,912",300,0.33,6.84,614.56,0.15,13.52,6.99,628.08,"351,399.65"
308,09/06/2025,VIC,"97,000","96,900","90,300","96,900","90,300","94,218","-6,700",-6.91,3.78,354.28,0.00,0.00,3.78,354.28,"350,236.07"
309,06/06/2025,VIC,"98,000","96,600","97,000","98,500","96,400","97,411","-1,000",-1.02,2.93,285.18,0.10,9.81,3.03,294.99,"376,222.58"
310,05/06/2025,VIC,"98,100","97,900","98,000","98,100","96,300","97,171",-100,-0.10,3.35,326.19,0.00,0.00,3.35,326.19,"380,101.16"
311,04/06/2025,VIC,"98,100","98,000","98,100","98,500","96,400","97,041",0,0.00,3.33,325.53,0.30,29.01,3.63,354.54,"380,489.02"
312,03/06/2025,VIC,"98,000","97,500","98,100","99,500","95,000","98,456",100,0.10,4.41,434.63,0.00,0.00,4.41,434.63,"380,489.02"
313,02/06/2025,VIC,"98,400","98,700","98,000","99,800","94,200","96,807",-400,-0.41,6.44,623.81,0.05,4.37,6.48,628.18,"380,101.16"
314,30/05/2025,VIC,"97,000","97,100","98,400","99,000","96,300","98,074","1,400",1.44,3.27,320.80,0.00,0.00,3.27,320.80,"381,652.60"
315,29/05/2025,VIC,"97,000","97,200","97,000","99,000","96,100","97,181",0,0.00,4.73,459.42,0.05,4.37,4.78,463.79,"376,222.58"
316,28/05/2025,VIC,"94,500","93,000","97,000","98,300","93,000","96,598","2,500",2.65,6.15,593.95,0.26,24.44,6.41,618.38,"376,222.58"
317,27/05/2025,VIC,"94,500","94,700","94,500","95,000","91,500","92,696",0,0.00,6.81,632.16,0.00,0.00,6.81,632.16,"366,526.12"
318,26/05/2025,VIC,"93,000","93,200","94,500","95,300","87,000","91,994","1,500",1.61,4.81,442.76,0.00,0.00,4.81,442.76,"366,526.12"
319,23/05/2025,VIC,"92,500","92,000","93,000","96,300","91,800","93,404",500,0.54,4.20,392.92,0.00,0.00,4.20,392.92,"360,708.25"
320,22/05/2025,VIC,"93,500","93,000","92,500","98,500","91,800","95,349","-1,000",-1.07,6.56,625.43,0.00,0.00,6.56,625.43,"358,768.96"
321,21/05/2025,VIC,"91,500","97,900","93,500","97,900","89,900","93,270","2,000",2.19,7.27,679.95,0.00,0.00,7.27,679.95,"362,647.54"
322,20/05/2025,VIC,"85,600","88,500","91,500","91,500","88,500","90,913","5,900",6.89,3.89,353.50,0.00,0.00,3.89,353.50,"354,890.37"
323,19/05/2025,VIC,"80,000","80,100","85,600","85,600","80,000","84,313","5,600",7.00,9.15,774.78,0.00,0.00,9.15,774.78,"332,006.73"
324,16/05/2025,VIC,"79,800","78,700","80,000","80,900","78,700","80,039",200,0.25,4.66,372.53,0.00,0.00,4.66,372.53,"310,286.66"
325,15/05/2025,VIC,"79,800","79,000","79,800","79,900","77,200","78,804",0,0.00,8.93,704.53,0.00,0.00,8.93,704.53,"309,510.95"
326,14/05/2025,VIC,"79,600","79,100","79,800","82,500","78,400","80,708",200,0.25,6.64,534.76,0.15,12.40,6.79,547.16,"309,510.95"
327,13/05/2025,VIC,"79,400","80,500","79,600","80,500","76,700","78,300",200,0.25,9.65,757.66,2.10,166.51,11.75,924.17,"304,363.46"
328,12/05/2025,VIC,"76,500","78,400","79,400","80,200","77,000","78,423","2,900",3.79,5.88,461.52,2.15,164.70,8.03,626.22,"303,598.73"
329,09/05/2025,VIC,"78,500","80,000","76,500","80,900","75,500","78,235","-2,000",-2.55,7.03,548.69,0.00,0.00,7.03,548.69,"292,510.11"
330,08/05/2025,VIC,"73,400","75,200","78,500","78,500","74,200","77,048","5,100",6.95,7.18,553.04,0.05,3.67,7.23,556.71,"300,157.43"
331,07/05/2025,VIC,"70,500","70,600","73,400","74,000","70,400","72,524","2,900",4.11,7.61,552.20,8.15,574.93,15.77,"1,127.12","280,656.76"
332,06/05/2025,VIC,"70,000","70,600","70,500","71,800","69,400","70,708",500,0.71,5.71,403.11,0.00,0.00,5.71,403.11,"269,568.14"
333,05/05/2025,VIC,"68,000","68,900","70,000","72,400","68,000","70,260","2,000",2.94,4.41,309.42,0.00,0.00,4.41,309.42,"267,656.31"
334,29/04/2025,VIC,"68,000","67,000","68,000","68,000","63,800","66,725",0,0.00,13.38,893.10,2.65,176.86,16.03,"1,069.97","260,008.99"
335,28/04/2025,VIC,"67,000","67,800","68,000","69,000","66,700","67,679","1,000",1.49,7.02,475.33,0.00,0.00,7.02,475.33,"260,008.99"
336,25/04/2025,VIC,"62,700","64,400","67,000","67,000","64,000","66,003","4,300",6.86,14.78,975.45,0.17,11.29,14.95,986.74,"256,185.32"
337,24/04/2025,VIC,"58,600","58,900","62,700","62,700","58,600","60,827","4,100",7.00,8.73,531.02,0.00,0.00,8.73,531.02,"239,743.58"
338,23/04/2025,VIC,"59,000","60,000","58,600","60,300","58,300","59,176",-400,-0.68,18.98,"1,123.41",0.00,0.00,18.98,"1,123.41","224,066.57"
339,22/04/2025,VIC,"61,500","62,000","59,000","62,700","58,000","60,391","-2,500",-4.07,12.82,774.13,4.86,298.89,17.68,"1,073.02","225,596.03"
340,21/04/2025,VIC,"66,100","64,100","61,500","67,400","61,500","63,187","-4,600",-6.96,15.47,977.43,0.00,0.00,15.47,977.43,"235,155.19"
341,18/04/2025,VIC,"71,000","71,800","66,100","71,800","66,100","67,734","-4,900",-6.90,10.57,715.66,0.10,6.90,10.67,722.56,"252,744.03"
342,17/04/2025,VIC,"67,900","67,700","71,000","71,000","67,200","69,089","3,100",4.57,8.06,557.08,64.88,"4,573.73",72.94,"5,130.81","271,479.97"
343,16/04/2025,VIC,"70,500","70,600","67,900","72,000","67,400","70,042","-2,600",-3.69,7.55,528.66,6.47,456.26,14.02,984.92,"259,626.62"
344,15/04/2025,VIC,"69,600","70,400","70,500","74,400","70,000","72,826",900,1.29,12.27,893.30,3.28,228.62,15.54,"1,121.92","269,568.14"
345,14/04/2025,VIC,"65,100","66,500","69,600","69,600","66,000","68,391","4,500",6.91,8.83,603.56,3.40,222.41,12.23,825.97,"266,126.84"
346,11/04/2025,VIC,"60,900","59,700","65,100","65,100","59,700","63,582","4,200",6.90,13.36,849.47,0.03,2.05,13.39,851.52,"248,920.37"
347,10/04/2025,VIC,"57,000","60,900","60,900","60,900","60,900","60,900","3,900",6.84,3.80,231.61,0.03,1.92,3.83,233.53,"232,860.99"
348,09/04/2025,VIC,"55,100","52,100","57,000","58,400","52,100","57,033","1,900",3.45,13.00,741.57,0.00,0.00,13.00,741.57,"217,948.71"
349,08/04/2025,VIC,"58,300","58,000","55,100","58,000","54,300","56,143","-3,200",-5.49,11.57,649.83,5.30,308.70,16.87,958.53,"210,683.75"
350,04/04/2025,VIC,"56,200","54,200","58,300","59,500","53,400","56,767","2,100",3.74,14.55,826.02,0.00,0.00,14.55,826.02,"222,919.47"
351,03/04/2025,VIC,"60,400","58,200","56,200","59,800","56,200","56,889","-4,200",-6.95,19.21,"1,092.89",0.03,1.41,19.24,"1,094.30","214,889.78"
352,02/04/2025,VIC,"59,700","60,500","60,400","61,200","59,500","60,139",700,1.17,7.32,439.98,8.75,507.68,16.07,947.65,"230,949.16"
353,01/04/2025,VIC,"58,000","58,700","59,700","60,800","58,200","59,594","1,700",2.93,7.76,462.29,0.00,0.00,7.76,462.29,"228,272.60"
354,31/03/2025,VIC,"58,000","57,800","58,000","58,500","57,300","57,896",0,0.00,6.65,385.24,18.50,"1,073.97",25.16,"1,459.21","221,772.37"
355,28/03/2025,VIC,"57,100","57,000","58,000","58,300","56,900","57,744",900,1.58,5.54,320.05,0.00,0.00,5.54,320.05,"221,772.37"
356,27/03/2025,VIC,"57,000","57,500","57,100","58,700","56,600","57,224",100,0.18,4.57,261.47,26.15,"1,542.71",30.72,"1,804.17","218,331.08"
357,26/03/2025,VIC,"56,900","57,800","57,000","58,000","55,700","56,730",100,0.18,6.49,368.05,2.11,120.06,8.60,488.11,"217,948.71"
358,25/03/2025,VIC,"56,700","57,700","56,900","59,200","56,600","58,139",200,0.35,7.93,461.16,30.09,"1,768.27",38.03,"2,229.43","217,566.34"
359,24/03/2025,VIC,"53,000","53,000","56,700","56,700","52,700","56,198","3,700",6.98,11.90,668.81,1.93,102.18,13.83,770.99,"216,801.61"
360,21/03/2025,VIC,"51,500","51,600","53,000","53,000","51,000","52,460","1,500",2.91,7.49,392.73,0.13,7.04,7.62,399.77,"202,654.06"
361,20/03/2025,VIC,"51,900","52,000","51,500","53,200","50,700","51,864",-400,-0.77,6.63,343.81,0.00,0.00,6.63,343.81,"196,918.57"
362,19/03/2025,VIC,"51,300","50,800","51,900","52,500","49,200","50,939",600,1.17,10.34,526.81,0.13,7.04,10.48,533.84,"198,448.04"
363,18/03/2025,VIC,"52,100","52,100","51,300","52,700","51,100","51,865",-800,-1.54,6.02,312.07,1.92,100.19,7.94,412.26,"196,153.84"
364,17/03/2025,VIC,"52,200","52,500","52,100","52,700","50,800","51,888",-100,-0.19,6.50,337.13,0.13,7.04,6.63,344.17,"199,212.77"
365,14/03/2025,VIC,"51,400","51,800","52,200","52,800","51,400","52,344",800,1.56,8.42,440.87,0.00,0.00,8.42,440.87,"199,595.13"
366,13/03/2025,VIC,"48,100","48,300","51,400","51,400","47,500","50,798","3,300",6.86,16.42,833.85,0.09,4.21,16.50,838.05,"196,536.20"
367,12/03/2025,VIC,"47,300","47,350","48,100","48,250","47,350","48,003",800,1.69,7.00,336.19,0.00,0.00,7.00,336.19,"183,918.12"
368,11/03/2025,VIC,"47,300","46,900","47,300","47,300","46,500","47,022",0,0.00,5.69,267.67,18.39,869.64,24.08,"1,137.31","180,859.19"
369,10/03/2025,VIC,"45,300","45,900","47,300","47,900","45,800","46,987","2,000",4.42,9.90,465.38,2.73,123.08,12.63,588.46,"180,859.19"
370,07/03/2025,VIC,"42,350","42,300","45,300","45,300","42,250","44,460","2,950",6.97,11.50,511.41,0.11,4.44,11.61,515.85,"173,211.87"
371,06/03/2025,VIC,"42,250","42,300","42,350","42,550","42,050","42,430",100,0.24,2.63,111.51,0.13,5.68,2.76,117.20,"161,932.07"
372,05/03/2025,VIC,"41,950","42,050","42,250","42,500","42,000","42,368",300,0.72,2.91,123.19,4.90,205.61,7.81,328.80,"161,549.70"
373,04/03/2025,VIC,"42,050","42,450","41,950","42,500","41,800","42,141",-100,-0.24,3.06,128.80,0.00,0.00,3.06,128.80,"160,402.60"
374,03/03/2025,VIC,"41,200","41,300","42,050","42,400","41,200","41,943",850,2.06,2.86,119.85,0.09,3.70,2.94,123.55,"160,784.97"
375,28/02/2025,VIC,"41,050","41,050","41,200","41,600","40,700","41,172",150,0.37,2.77,114.09,0.00,0.00,2.77,114.09,"157,534.86"
376,27/02/2025,VIC,"41,000","41,200","41,050","41,200","40,750","40,944",50,0.12,1.44,59.03,0.09,3.28,1.53,62.31,"156,961.31"
377,26/02/2025,VIC,"40,700","41,000","41,000","41,100","40,800","40,974",300,0.74,1.36,55.93,0.00,0.00,1.36,55.93,"156,770.12"
378,25/02/2025,VIC,"40,600","40,700","40,700","41,150","40,650","40,907",100,0.25,1.79,73.36,0.09,3.43,1.88,76.79,"155,623.03"
379,24/02/2025,VIC,"40,650","40,350","40,600","40,650","40,350","40,482",-50,-0.12,1.54,62.35,2.59,105.12,4.13,167.47,"155,240.66"
380,21/02/2025,VIC,"40,950","40,950","40,650","40,950","40,650","40,824",-300,-0.73,1.33,54.38,1.31,53.46,2.64,107.84,"155,431.84"
381,20/02/2025,VIC,"40,400","40,450","40,950","41,250","40,400","40,939",550,1.36,2.94,120.21,0.00,0.00,2.94,120.21,"156,578.94"
382,19/02/2025,VIC,"40,200","40,200","40,400","40,500","40,050","40,269",200,0.50,1.57,63.40,16.43,665.77,18.00,729.16,"154,475.93"
383,18/02/2025,VIC,"40,100","40,100","40,200","40,450","39,900","40,150",100,0.25,1.20,48.18,6.25,250.02,7.45,298.20,"153,711.19"
384,17/02/2025,VIC,"40,250","40,250","40,100","40,400","40,050","40,176",-150,-0.37,0.85,34.22,5.06,203.52,5.91,237.73,"153,328.83"
385,14/02/2025,VIC,"40,250","40,500","40,250","40,500","40,200","40,356",0,0.00,1.00,40.22,4.08,165.09,5.07,205.31,"153,902.38"
386,13/02/2025,VIC,"39,900","39,900","40,250","40,300","39,850","40,060",350,0.88,1.05,42.18,0.09,3.52,1.14,45.70,"153,902.38"
387,12/02/2025,VIC,"39,950","39,950","39,900","40,100","39,900","39,971",-50,-0.13,0.94,37.61,7.64,305.34,8.58,342.95,"152,564.10"
388,11/02/2025,VIC,"40,000","40,000","39,950","40,100","39,850","39,952",-50,-0.13,1.44,57.37,0.09,3.55,1.52,60.92,"152,755.28"
389,10/02/2025,VIC,"40,650","40,350","40,000","40,350","40,000","40,116",-650,-1.60,1.53,61.55,7.80,316.88,9.33,378.43,"152,946.46"
390,07/02/2025,VIC,"40,450","40,500","40,650","40,700","40,250","40,494",200,0.49,1.39,56.49,0.09,3.57,1.48,60.05,"155,431.84"
391,06/02/2025,VIC,"40,050","40,350","40,450","40,550","40,050","40,259",400,1.00,1.31,52.93,0.37,14.82,1.68,67.74,"154,667.11"
392,05/02/2025,VIC,"40,100","40,200","40,050","40,450","40,050","40,239",-50,-0.12,1.06,42.63,0.36,14.68,1.42,57.30,"153,137.65"
393,04/02/2025,VIC,"40,050","40,050","40,100","40,200","39,850","39,991",50,0.12,1.44,57.62,0.00,0.00,1.44,57.62,"153,328.83"
394,03/02/2025,VIC,"40,400","40,200","40,050","40,300","39,900","40,010",-350,-0.87,1.58,63.02,0.06,2.52,1.64,65.54,"153,137.65"
395,24/01/2025,VIC,"40,400","40,250","40,400","40,500","40,200","40,361",0,0.00,1.39,56.02,0.17,6.82,1.56,62.83,"154,475.93"
396,23/01/2025,VIC,"40,400","40,400","40,400","40,650","40,250","40,471",0,0.00,1.42,57.47,0.18,7.21,1.60,64.68,"154,475.93"
397,22/01/2025,VIC,"40,450","40,500","40,400","40,500","40,100","40,351",-50,-0.12,1.14,45.81,14.11,570.47,15.24,616.28,"154,475.93"
398,21/01/2025,VIC,"40,400","40,550","40,450","40,550","40,300","40,413",50,0.12,1.31,53.08,0.33,13.41,1.65,66.49,"154,667.11"
399,20/01/2025,VIC,"40,450","40,300","40,400","40,450","40,250","40,362",-50,-0.12,0.65,26.08,0.02,0.96,0.67,27.05,"154,475.93"
400,17/01/2025,VIC,"40,450","40,500","40,450","40,550","40,250","40,386",0,0.00,1.17,47.41,1.32,53.41,2.49,100.82,"154,667.11"
401,16/01/2025,VIC,"40,250","40,300","40,450","40,650","40,100","40,281",200,0.50,2.00,80.55,50.88,"2,058.32",52.88,"2,138.87","154,667.11"
402,15/01/2025,VIC,"40,200","40,300","40,250","40,350","40,000","40,215",50,0.12,0.87,35.16,5.42,218.01,6.30,253.17,"153,902.38"
403,14/01/2025,VIC,"40,300","40,200","40,200","40,200","39,800","40,005",-100,-0.25,2.33,93.06,0.00,0.00,2.33,93.06,"153,711.19"
404,13/01/2025,VIC,"40,500","39,700","40,300","40,350","39,700","40,147",-200,-0.49,1.68,67.47,3.81,154.11,5.49,221.59,"154,093.56"
405,10/01/2025,VIC,"40,750","40,750","40,500","40,900","40,400","40,633",-250,-0.61,1.10,44.88,0.00,0.00,1.10,44.88,"154,858.29"
406,09/01/2025,VIC,"40,500","40,550","40,750","41,000","40,500","40,673",250,0.62,1.19,48.32,0.09,3.50,1.27,51.82,"155,814.21"
407,08/01/2025,VIC,"40,500","40,400","40,500","40,550","40,300","40,446",0,0.00,0.93,37.45,0.10,4.33,1.03,41.78,"154,858.29"
408,07/01/2025,VIC,"40,500","40,300","40,500","40,550","40,200","40,419",0,0.00,1.97,79.42,0.09,3.48,2.05,82.90,"154,858.29"
409,06/01/2025,VIC,"40,500","40,400","40,500","40,500","40,300","40,407",0,0.00,1.63,65.70,7.49,303.28,9.11,368.98,"154,858.29"
410,03/01/2025,VIC,"40,550","40,550","40,500","40,550","40,150","40,327",-50,-0.12,1.73,69.73,0.19,7.87,1.92,77.59,"154,858.29"
411,02/01/2025,VIC,"40,550","40,500","40,550","40,550","40,300","40,433",0,0.00,1.34,54.20,0.00,0.00,1.34,54.20,"155,049.48"
412,31/12/2024,VIC,"40,550","40,550","40,550","40,600","40,300","40,469",0,0.00,1.78,72.21,0.09,3.53,1.87,75.74,"155,049.48"
413,30/12/2024,VIC,"40,550","40,350","40,550","40,600","40,300","40,475",0,0.00,1.42,57.28,0.00,0.00,1.42,57.28,"155,049.48"
414,27/12/2024,VIC,"40,650","40,700","40,550","40,900","40,550","40,680",-100,-0.25,1.50,60.93,0.00,0.00,1.50,60.93,"155,049.48"
415,26/12/2024,VIC,"40,650","40,700","40,650","41,000","40,650","40,760",0,0.00,0.88,35.77,0.10,3.90,0.98,39.66,"155,431.84"
416,25/12/2024,VIC,"40,600","40,600","40,650","41,050","40,550","40,822",50,0.12,1.91,77.89,0.03,1.02,1.93,78.92,"155,431.84"
417,24/12/2024,VIC,"40,600","40,500","40,600","40,600","40,350","40,496",0,0.00,1.33,54.01,6.04,245.26,7.37,299.27,"155,240.66"
418,23/12/2024,VIC,"40,500","40,500","40,600","40,850","40,500","40,651",100,0.25,1.00,40.64,2.53,102.27,3.52,142.91,"155,240.66"
419,20/12/2024,VIC,"40,300","40,300","40,500","40,500","40,250","40,384",200,0.50,1.57,63.37,0.13,5.13,1.69,68.50,"154,858.29"
420,19/12/2024,VIC,"40,600","40,300","40,300","40,400","40,100","40,282",-300,-0.74,2.49,100.17,0.03,1.02,2.51,101.19,"154,093.56"
421,18/12/2024,VIC,"40,550","40,550","40,600","40,850","40,550","40,646",50,0.12,0.85,34.55,5.45,221.12,6.30,255.67,"155,240.66"
422,17/12/2024,VIC,"40,700","40,700","40,550","40,800","40,550","40,613",-150,-0.37,1.33,54.01,0.23,9.07,1.56,63.08,"155,049.48"
423,16/12/2024,VIC,"40,800","40,800","40,700","40,900","40,600","40,730",-100,-0.25,1.16,47.21,3.70,151.04,4.86,198.26,"155,623.03"
424,13/12/2024,VIC,"40,900","40,750","40,800","40,900","40,600","40,736",-100,-0.24,1.95,79.52,0.23,9.87,2.18,89.39,"156,005.39"
425,12/12/2024,VIC,"41,300","41,300","40,900","41,350","40,900","41,162",-400,-0.97,2.15,88.39,0.00,0.00,2.15,88.39,"156,387.76"
426,11/12/2024,VIC,"41,200","41,200","41,300","41,400","40,900","41,162",100,0.24,2.17,89.24,7.15,294.62,9.32,383.86,"157,917.22"
427,10/12/2024,VIC,"41,850","41,850","41,200","41,900","41,200","41,541",-650,-1.55,2.35,97.74,1.76,73.70,4.11,171.44,"157,534.86"
428,09/12/2024,VIC,"41,850","42,100","41,850","42,850","41,850","42,290",0,0.00,3.34,141.32,9.25,387.24,12.59,528.56,"160,020.24"
429,06/12/2024,VIC,"40,850","40,850","41,850","42,300","40,750","41,717","1,000",2.45,5.33,222.23,0.00,0.00,5.33,222.23,"160,020.24"
430,05/12/2024,VIC,"40,000","40,800","40,850","41,000","40,300","40,669",850,2.13,3.37,137.06,0.09,3.44,3.46,140.50,"156,196.57"
431,04/12/2024,VIC,"40,400","40,400","40,000","40,400","39,800","40,149",-400,-0.99,2.49,100.04,2.48,99.99,4.97,200.03,"152,946.46"
432,03/12/2024,VIC,"40,350","40,400","40,400","40,600","40,250","40,384",50,0.12,1.87,75.65,0.09,3.47,1.96,79.12,"154,475.93"
433,02/12/2024,VIC,"40,500","40,550","40,350","40,950","40,300","40,473",-150,-0.37,2.06,83.54,0.10,4.00,2.16,87.54,"154,284.74"
434,29/11/2024,VIC,"40,700","40,650","40,500","40,750","40,500","40,589",-200,-0.49,1.97,79.77,0.07,2.70,2.03,82.47,"154,858.29"
435,28/11/2024,VIC,"40,750","41,100","40,700","41,200","40,700","40,879",-50,-0.12,1.12,45.63,0.12,5.02,1.24,50.65,"155,623.03"
436,27/11/2024,VIC,"41,050","41,050","40,750","41,050","40,750","40,842",-300,-0.73,0.99,40.52,5.08,208.63,6.07,249.15,"155,814.21"
437,26/11/2024,VIC,"41,000","41,000","41,050","41,300","41,000","41,144",50,0.12,1.23,50.64,7.33,300.62,8.56,351.26,"156,961.31"
438,25/11/2024,VIC,"40,450","40,450","41,000","41,000","40,450","40,794",550,1.36,1.92,78.13,0.10,4.12,2.02,82.25,"156,770.12"
439,22/11/2024,VIC,"40,350","40,350","40,450","40,850","40,300","40,500",100,0.25,1.34,54.12,0.06,2.64,1.40,56.76,"154,667.11"
440,21/11/2024,VIC,"40,350","40,350","40,350","40,600","40,300","40,365",0,0.00,1.99,80.40,0.00,0.00,1.99,80.40,"154,284.74"
441,20/11/2024,VIC,"40,350","40,200","40,350","40,650","40,150","40,426",0,0.00,1.84,74.42,5.54,228.77,7.38,303.19,"154,284.74"
442,19/11/2024,VIC,"40,400","40,400","40,350","40,700","40,350","40,454",-50,-0.12,1.86,75.18,0.00,0.00,1.86,75.18,"154,284.74"
443,18/11/2024,VIC,"40,550","40,550","40,400","40,850","40,350","40,523",-150,-0.37,1.89,76.70,4.97,201.94,6.87,278.64,"154,475.93"
444,15/11/2024,VIC,"40,700","40,650","40,550","41,050","40,550","40,809",-150,-0.37,2.31,94.28,0.00,0.00,2.31,94.28,"155,049.48"
445,14/11/2024,VIC,"40,600","40,650","40,700","41,300","40,600","40,924",100,0.25,1.97,80.55,0.04,1.83,2.01,82.38,"155,623.03"
446,13/11/2024,VIC,"40,550","40,850","40,600","41,150","40,500","40,784",50,0.12,2.04,83.33,0.16,6.74,2.20,90.07,"155,240.66"
447,12/11/2024,VIC,"40,800","41,000","40,550","41,500","40,500","40,798",-250,-0.61,2.49,101.42,0.00,0.00,2.49,101.42,"155,049.48"
448,11/11/2024,VIC,"41,050","41,050","40,800","41,150","40,650","40,863",-250,-0.61,1.94,79.45,0.16,6.76,2.11,86.22,"156,005.39"
449,08/11/2024,VIC,"41,700","41,800","41,050","41,800","41,000","41,324",-650,-1.56,2.19,90.55,0.00,0.00,2.19,90.55,"156,961.31"
450,07/11/2024,VIC,"41,800","42,000","41,700","42,250","41,700","41,931",-100,-0.24,1.17,49.18,0.06,2.65,1.24,51.83,"159,446.69"
451,06/11/2024,VIC,"41,300","41,500","41,800","42,000","41,400","41,771",500,1.21,1.52,63.56,7.60,313.74,9.12,377.30,"159,829.05"
452,05/11/2024,VIC,"41,200","41,200","41,300","41,300","41,050","41,177",100,0.24,0.96,39.65,0.06,2.79,1.03,42.44,"157,917.22"
453,04/11/2024,VIC,"41,200","41,400","41,200","41,500","41,050","41,180",0,0.00,1.35,55.40,6.20,255.40,7.54,310.79,"157,534.86"
454,01/11/2024,VIC,"41,550","41,550","41,200","41,600","41,100","41,345",-350,-0.84,1.34,55.35,0.06,2.58,1.40,57.93,"157,534.86"
455,31/10/2024,VIC,"41,000","41,400","41,550","41,700","41,050","41,390",550,1.34,1.83,75.66,0.00,0.00,1.83,75.66,"158,873.14"
456,30/10/2024,VIC,"41,350","41,450","41,000","41,700","40,800","41,147",-350,-0.85,2.02,83.29,0.06,2.57,2.09,85.86,"156,770.12"
457,29/10/2024,VIC,"41,450","41,500","41,350","41,700","41,300","41,441",-100,-0.24,1.29,53.25,2.00,84.00,3.29,137.25,"158,108.41"
458,28/10/2024,VIC,"41,550","41,600","41,450","41,750","41,450","41,560",-100,-0.24,1.47,61.22,7.26,301.88,8.74,363.10,"158,490.77"
459,25/10/2024,VIC,"42,050","42,200","41,550","42,300","41,550","41,918",-500,-1.19,2.05,85.84,0.02,0.82,2.07,86.66,"158,873.14"
460,24/10/2024,VIC,"43,200","43,000","42,050","43,100","42,050","42,449","-1,150",-2.66,2.06,87.25,5.72,247.20,7.78,334.45,"160,784.97"
461,23/10/2024,VIC,"42,200","42,700","43,200","44,300","42,700","43,513","1,000",2.37,5.01,218.21,0.00,0.00,5.01,218.21,"165,182.18"
462,22/10/2024,VIC,"42,250","42,600","42,200","42,600","42,200","42,343",-50,-0.12,2.05,86.62,0.02,1.00,2.07,87.62,"161,358.52"
463,21/10/2024,VIC,"41,800","41,850","42,250","42,900","41,850","42,398",450,1.08,2.22,94.09,0.00,0.00,2.22,94.09,"161,549.70"
464,18/10/2024,VIC,"41,550","41,700","41,800","42,200","41,700","41,990",250,0.60,1.17,49.33,0.04,1.72,1.22,51.05,"159,829.05"
465,17/10/2024,VIC,"41,500","41,750","41,550","41,800","41,450","41,605",50,0.12,1.03,42.86,0.00,0.00,1.03,42.86,"158,873.14"
466,16/10/2024,VIC,"41,650","41,500","41,500","41,800","41,450","41,573",-150,-0.36,1.21,50.35,0.00,0.00,1.21,50.35,"158,681.95"
467,15/10/2024,VIC,"42,150","42,250","41,650","42,500","41,550","41,917",-500,-1.19,1.85,77.42,3.65,153.82,5.50,231.25,"159,255.50"
468,14/10/2024,VIC,"41,800","42,500","42,150","43,400","42,150","42,832",350,0.84,4.26,182.68,5.17,216.14,9.44,398.81,"161,167.33"
469,11/10/2024,VIC,"41,400","41,400","41,800","41,950","41,350","41,741",400,0.97,1.71,71.37,0.00,0.00,1.71,71.37,"159,829.05"
470,10/10/2024,VIC,"41,600","41,600","41,400","41,650","41,300","41,453",-200,-0.48,1.47,60.99,0.04,1.75,1.51,62.74,"158,299.59"
471,09/10/2024,VIC,"40,900","41,050","41,600","41,600","41,000","41,316",700,1.71,1.21,50.03,5.78,236.43,6.99,286.46,"159,064.32"
472,08/10/2024,VIC,"40,850","41,050","40,900","41,050","40,600","40,841",50,0.12,2.65,108.18,0.02,0.82,2.67,108.99,"156,387.76"
473,07/10/2024,VIC,"41,000","41,100","40,850","41,550","40,850","41,068",-150,-0.37,1.65,67.86,0.02,0.88,1.67,68.74,"156,196.57"
474,04/10/2024,VIC,"41,350","41,350","41,000","41,350","40,900","41,162",-350,-0.85,2.14,88.28,0.05,2.06,2.19,90.34,"156,770.12"
475,03/10/2024,VIC,"42,050","42,100","41,350","42,450","41,350","41,778",-700,-1.66,3.46,144.57,0.04,1.73,3.50,146.30,"158,108.41"
476,02/10/2024,VIC,"42,300","42,350","42,050","42,400","42,050","42,162",-250,-0.59,1.53,64.39,13.79,583.40,15.32,647.79,"160,784.97"
477,01/10/2024,VIC,"42,000","42,050","42,300","42,750","42,050","42,489",300,0.71,1.91,81.35,0.02,0.89,1.94,82.24,"161,740.88"
478,30/09/2024,VIC,"42,500","42,400","42,000","42,600","42,000","42,219",-500,-1.18,2.92,123.46,0.07,2.94,2.99,126.40,"160,593.79"
479,27/09/2024,VIC,"42,600","42,900","42,500","42,900","42,450","42,650",-100,-0.23,2.74,116.89,0.02,0.89,2.76,117.78,"162,505.62"
480,26/09/2024,VIC,"42,600","42,600","42,600","43,100","42,600","42,786",0,0.00,2.77,118.45,0.05,2.09,2.82,120.54,"162,887.98"
481,25/09/2024,VIC,"42,550","42,750","42,600","42,900","42,400","42,559",50,0.12,3.72,158.37,2.37,100.89,6.09,259.26,"162,887.98"
482,24/09/2024,VIC,"42,350","42,400","42,550","42,650","42,350","42,496",200,0.47,1.44,61.14,2.45,103.73,3.89,164.87,"162,696.80"
483,23/09/2024,VIC,"42,300","42,900","42,350","42,900","42,350","42,650",50,0.12,1.71,73.08,2.80,118.49,4.51,191.56,"161,932.07"
484,20/09/2024,VIC,"42,900","43,000","42,300","43,650","42,300","42,744",-600,-1.40,3.93,167.84,0.05,2.10,3.98,169.93,"161,740.88"
485,19/09/2024,VIC,"42,650","42,800","42,900","43,200","42,700","42,969",250,0.59,2.24,96.25,0.05,2.12,2.29,98.37,"164,035.08"
486,18/09/2024,VIC,"42,900","42,900","42,650","43,300","42,650","42,940",-250,-0.58,2.75,117.95,0.09,3.79,2.84,121.74,"163,079.17"
487,17/09/2024,VIC,"42,050","42,050","42,900","43,200","42,050","42,578",850,2.02,2.24,95.28,2.68,112.63,4.92,207.90,"164,035.08"
488,16/09/2024,VIC,"42,900","42,700","42,050","43,600","42,050","42,754",-850,-1.98,2.01,85.73,5.84,250.73,7.85,336.47,"160,784.97"
489,13/09/2024,VIC,"42,900","42,900","42,900","42,950","42,500","42,726",0,0.00,1.53,65.21,0.05,2.04,1.57,67.26,"164,035.08"
490,12/09/2024,VIC,"43,000","43,050","42,900","43,250","42,550","42,856",-100,-0.23,2.17,92.85,0.02,1.08,2.19,93.93,"164,035.08"
491,11/09/2024,VIC,"43,000","42,650","43,000","43,000","42,100","42,519",0,0.00,3.10,131.73,0.03,1.08,3.12,132.81,"164,417.45"
492,10/09/2024,VIC,"43,700","43,700","43,000","43,900","42,600","43,081",-700,-1.60,4.60,198.25,0.05,2.03,4.65,200.28,"164,417.45"
493,09/09/2024,VIC,"44,650","44,200","43,700","44,500","43,450","43,791",-950,-2.13,4.81,210.67,2.49,111.18,7.30,321.84,"167,094.01"
494,06/09/2024,VIC,"45,050","45,350","44,650","45,350","44,600","44,781",-400,-0.89,2.50,112.04,4.65,209.59,7.15,321.63,"170,726.49"
495,05/09/2024,VIC,"44,000","44,550","45,050","45,950","44,400","45,296","1,050",2.39,4.52,204.71,0.00,0.00,4.52,204.71,"172,255.95"
496,04/09/2024,VIC,"44,200","43,600","44,000","44,300","43,300","43,829",-200,-0.45,3.20,140.20,5.01,221.44,8.21,361.63,"168,241.11"
497,30/08/2024,VIC,"44,200","44,550","44,200","45,200","44,200","44,782",0,0.00,3.40,152.19,0.00,0.00,3.40,152.19,"169,005.84"
498,29/08/2024,VIC,"44,400","44,250","44,200","44,800","44,050","44,345",-200,-0.45,3.21,142.34,0.07,3.12,3.28,145.47,"169,005.84"
499,28/08/2024,VIC,"45,100","45,500","44,400","46,100","44,400","45,239",-700,-1.55,4.93,223.19,0.00,0.00,4.93,223.19,"169,770.57"
500,27/08/2024,VIC,"42,150","42,100","45,100","45,100","42,100","44,478","2,950",7.00,12.75,567.04,9.90,417.47,22.65,984.51,"172,447.14"
501,26/08/2024,VIC,"41,550","41,650","42,150","42,350","41,650","42,125",600,1.44,2.50,105.21,7.14,296.67,9.64,401.88,"161,167.33"
502,23/08/2024,VIC,"41,550","41,600","41,550","42,000","41,500","41,710",0,0.00,1.75,72.93,6.01,252.31,7.76,325.24,"158,873.14"
503,22/08/2024,VIC,"41,850","41,850","41,550","42,350","41,550","41,982",-300,-0.72,2.38,99.90,0.00,0.00,2.38,99.90,"158,873.14"
504,21/08/2024,VIC,"41,700","41,600","41,850","42,000","41,500","41,677",150,0.36,1.66,69.37,0.07,2.94,1.73,72.31,"160,020.24"
505,20/08/2024,VIC,"41,150","41,150","41,700","42,200","41,000","41,840",550,1.34,3.04,127.05,4.70,193.41,7.74,320.45,"159,446.69"
506,19/08/2024,VIC,"41,150","41,300","41,150","41,550","41,050","41,234",0,0.00,1.64,67.83,4.94,203.38,6.58,271.20,"157,343.67"
507,16/08/2024,VIC,"40,800","40,900","41,150","41,600","40,900","41,184",350,0.86,2.31,95.01,4.95,201.96,7.26,296.97,"157,343.67"
508,15/08/2024,VIC,"40,800","41,000","40,800","41,150","40,800","40,939",0,0.00,1.21,49.68,0.00,0.00,1.21,49.68,"156,005.39"
509,14/08/2024,VIC,"40,700","40,750","40,800","41,200","40,750","40,963",100,0.25,1.38,56.42,0.00,0.00,1.38,56.42,"156,005.39"
510,13/08/2024,VIC,"40,600","40,650","40,700","41,200","40,650","40,832",100,0.25,1.40,57.15,5.12,207.87,6.52,265.02,"155,623.03"
511,12/08/2024,VIC,"41,200","41,100","40,600","41,200","40,600","40,756",-600,-1.46,1.81,73.63,0.00,0.00,1.81,73.63,"155,240.66"
512,09/08/2024,VIC,"41,800","41,800","41,200","42,000","41,200","41,338",-600,-1.44,2.27,93.71,0.00,0.00,2.27,93.71,"157,534.86"
513,08/08/2024,VIC,"42,350","42,050","41,800","42,200","41,650","41,815",-550,-1.30,1.54,64.52,0.08,3.23,1.62,67.75,"159,829.05"
514,07/08/2024,VIC,"41,300","41,750","42,350","43,500","41,750","42,742","1,050",2.54,5.32,227.20,0.06,2.76,5.38,229.95,"161,932.07"
515,06/08/2024,VIC,"41,300","41,500","41,300","41,550","40,550","41,173",0,0.00,1.72,70.91,0.11,4.70,1.83,75.61,"157,917.22"
516,05/08/2024,VIC,"42,000","41,000","41,300","41,650","40,400","40,986",-700,-1.67,3.94,161.60,14.69,619.57,18.63,781.17,"157,917.22"
517,02/08/2024,VIC,"42,100","42,150","42,000","42,200","40,800","41,466",-100,-0.24,2.21,91.83,0.12,4.95,2.33,96.78,"160,593.79"
518,01/08/2024,VIC,"42,300","42,100","42,100","42,300","41,500","41,985",-200,-0.47,3.28,137.68,0.00,0.00,3.28,137.68,"160,976.15"
519,31/07/2024,VIC,"42,200","42,300","42,300","42,300","41,550","42,067",100,0.24,2.60,109.31,21.75,981.64,24.34,"1,090.95","161,740.88"
520,30/07/2024,VIC,"41,600","41,950","42,200","42,200","41,000","41,820",600,1.44,2.43,101.46,0.00,0.00,2.43,101.46,"161,358.52"
521,29/07/2024,VIC,"41,600","41,600","41,600","41,600","40,750","41,241",0,0.00,2.67,109.91,0.08,3.22,2.74,113.13,"159,064.32"
522,26/07/2024,VIC,"41,600","41,900","41,600","42,150","41,250","41,636",0,0.00,1.38,57.32,0.00,0.00,1.38,57.32,"159,064.32"
523,25/07/2024,VIC,"40,900","41,300","41,600","42,600","40,850","41,924",700,1.71,4.34,181.79,10.07,423.17,14.41,604.95,"159,064.32"
524,24/07/2024,VIC,"40,850","40,800","40,900","41,000","40,450","40,785",50,0.12,1.66,67.60,2.40,98.04,4.06,165.64,"156,387.76"
525,23/07/2024,VIC,"40,750","40,750","40,850","40,850","40,400","40,638",100,0.25,1.45,58.78,0.08,3.01,1.52,61.79,"156,196.57"
526,22/07/2024,VIC,"40,750","40,750","40,750","41,000","40,200","40,613",0,0.00,1.78,72.13,0.00,0.00,1.78,72.13,"155,814.21"
527,19/07/2024,VIC,"40,550","40,700","40,750","41,100","40,300","40,623",200,0.49,1.75,71.01,0.08,3.04,1.82,74.05,"155,814.21"
528,18/07/2024,VIC,"40,600","40,600","40,550","40,600","40,150","40,336",-50,-0.12,2.14,86.41,0.00,0.00,2.14,86.41,"155,049.48"
529,17/07/2024,VIC,"41,050","41,000","40,600","41,000","40,150","40,505",-450,-1.10,2.65,107.38,0.08,3.15,2.73,110.53,"155,240.66"
530,16/07/2024,VIC,"41,350","41,350","41,050","41,700","40,700","41,167",-300,-0.73,1.86,76.71,0.00,0.00,1.86,76.71,"156,961.31"
531,15/07/2024,VIC,"41,750","41,750","41,350","42,250","41,300","41,638",-400,-0.96,0.97,40.26,5.25,218.96,6.21,259.22,"158,108.41"
532,12/07/2024,VIC,"41,100","41,700","41,750","42,800","41,650","42,275",650,1.58,3.31,140.01,0.00,0.00,3.31,140.01,"159,637.87"
533,11/07/2024,VIC,"40,600","40,900","41,100","41,750","40,700","41,357",500,1.23,2.75,113.61,0.12,4.68,2.86,118.29,"157,152.49"
534,10/07/2024,VIC,"40,800","40,950","40,600","40,950","40,600","40,785",-200,-0.49,1.24,50.39,0.00,0.00,1.24,50.39,"155,240.66"
535,09/07/2024,VIC,"40,400","40,500","40,800","40,950","40,150","40,405",400,0.99,2.29,92.39,0.12,4.64,2.40,97.03,"156,005.39"
536,08/07/2024,VIC,"41,400","41,400","40,400","41,400","40,350","40,740","-1,000",-2.42,3.50,142.74,0.10,3.86,3.60,146.59,"154,475.93"
537,05/07/2024,VIC,"41,400","41,400","41,400","41,450","41,100","41,270",0,0.00,1.45,59.65,0.12,4.77,1.56,64.42,"158,299.59"
538,04/07/2024,VIC,"41,350","41,500","41,400","41,700","41,300","41,471",50,0.12,1.21,50.36,0.00,0.00,1.21,50.36,"158,299.59"
539,03/07/2024,VIC,"41,600","41,600","41,350","41,650","41,250","41,390",-250,-0.60,1.14,47.10,9.57,398.32,10.71,445.42,"158,108.41"
540,02/07/2024,VIC,"41,350","41,400","41,600","41,750","41,300","41,480",250,0.60,1.49,61.95,3.63,150.10,5.12,212.05,"159,064.32"
541,01/07/2024,VIC,"41,200","41,400","41,350","41,400","41,050","41,201",150,0.36,0.90,37.22,2.57,105.98,3.47,143.20,"158,108.41"
542,28/06/2024,VIC,"41,000","41,100","41,200","41,350","40,900","41,143",200,0.49,1.79,73.44,0.00,0.00,1.79,73.44,"157,534.86"
543,27/06/2024,VIC,"41,200","41,100","41,000","41,400","41,000","41,074",-200,-0.49,1.31,53.89,0.12,4.83,1.43,58.73,"156,770.12"
544,26/06/2024,VIC,"41,200","41,300","41,200","41,700","41,150","41,257",0,0.00,1.92,79.15,0.03,1.38,1.95,80.53,"157,534.86"
545,25/06/2024,VIC,"41,100","41,150","41,200","42,000","41,150","41,501",100,0.24,1.60,66.29,2.98,122.47,4.57,188.75,"157,534.86"
546,24/06/2024,VIC,"41,650","41,650","41,100","42,300","41,100","41,703",-550,-1.32,2.80,116.96,1.41,56.50,4.22,173.45,"157,152.49"
547,21/06/2024,VIC,"41,450","41,450","41,650","41,650","41,150","41,442",200,0.48,2.68,111.23,0.07,2.89,2.76,114.12,"159,255.50"
548,20/06/2024,VIC,"41,500","41,550","41,450","41,800","41,350","41,524",-50,-0.12,2.36,97.88,0.04,1.66,2.40,99.54,"158,490.77"
549,19/06/2024,VIC,"42,100","42,350","41,500","42,450","41,450","41,743",-600,-1.43,3.27,136.55,4.41,185.78,7.68,322.33,"158,681.95"
550,18/06/2024,VIC,"42,000","42,300","42,100","42,950","42,100","42,419",100,0.24,1.83,77.73,11.99,500.94,13.83,578.67,"160,976.15"
551,17/06/2024,VIC,"42,000","42,600","42,000","42,950","42,000","42,423",0,0.00,2.06,87.38,4.76,202.32,6.82,289.70,"160,593.79"
552,14/06/2024,VIC,"43,200","43,200","42,000","43,250","42,000","42,682","-1,200",-2.78,2.72,116.03,4.35,187.61,7.06,303.64,"160,593.79"
553,13/06/2024,VIC,"43,300","43,300","43,200","43,500","42,900","43,056",-100,-0.23,2.14,92.31,0.18,7.69,2.32,100.00,"165,182.18"
554,12/06/2024,VIC,"43,200","42,800","43,300","43,500","42,500","42,942",100,0.23,2.29,98.45,5.00,216.00,7.29,314.45,"165,564.55"
555,11/06/2024,VIC,"43,450","43,300","43,200","43,450","42,550","42,851",-250,-0.58,4.84,207.19,0.28,12.01,5.11,219.20,"165,182.18"
556,10/06/2024,VIC,"43,500","43,500","43,450","43,900","43,400","43,519",-50,-0.11,1.58,68.86,2.46,107.01,4.04,175.88,"166,138.09"
557,07/06/2024,VIC,"43,700","43,900","43,500","44,000","43,200","43,504",-200,-0.46,1.68,73.16,0.16,7.04,1.84,80.20,"166,329.28"
558,06/06/2024,VIC,"44,200","44,300","43,700","44,350","43,700","43,952",-500,-1.13,1.82,80.15,0.20,8.56,2.02,88.71,"167,094.01"
559,05/06/2024,VIC,"44,100","44,100","44,200","44,750","44,100","44,452",100,0.23,1.61,71.63,0.00,0.00,1.61,71.63,"169,005.84"
560,04/06/2024,VIC,"43,950","44,300","44,100","44,550","44,000","44,226",150,0.34,1.46,64.72,0.18,8.11,1.64,72.83,"168,623.47"
561,03/06/2024,VIC,"43,550","43,800","43,950","44,600","43,800","44,241",400,0.92,1.54,68.00,0.17,7.55,1.71,75.55,"168,049.93"
562,31/05/2024,VIC,"43,150","43,500","43,550","44,600","43,300","43,740",400,0.93,1.66,72.75,0.03,1.28,1.69,74.03,"166,520.46"
563,30/05/2024,VIC,"44,400","44,400","43,150","44,500","43,150","43,748","-1,250",-2.82,2.39,104.43,0.24,10.44,2.63,114.87,"164,991.00"
564,29/05/2024,VIC,"45,050","45,050","44,400","45,200","44,250","44,473",-650,-1.44,2.58,114.88,0.02,0.90,2.60,115.78,"169,770.57"
565,28/05/2024,VIC,"45,050","45,000","45,050","45,300","44,450","44,820",0,0.00,2.25,101.01,0.14,6.24,2.39,107.24,"172,255.95"
566,27/05/2024,VIC,"44,950","44,950","45,050","45,250","44,450","44,842",100,0.22,1.71,76.82,0.00,0.00,1.71,76.82,"172,255.95"
567,24/05/2024,VIC,"45,550","45,150","44,950","45,600","44,150","44,749",-600,-1.32,3.72,166.26,6.63,301.67,10.34,467.93,"171,873.59"
568,23/05/2024,VIC,"45,500","45,250","45,550","45,900","44,750","45,208",50,0.11,2.65,119.79,0.00,0.00,2.65,119.79,"174,167.78"
569,22/05/2024,VIC,"46,450","46,350","45,500","46,900","45,500","46,011",-950,-2.05,3.15,144.90,5.54,257.75,8.68,402.66,"173,976.60"
570,21/05/2024,VIC,"46,700","47,000","46,450","47,700","46,450","47,054",-250,-0.54,3.34,156.95,0.00,0.00,3.34,156.95,"177,609.08"
571,20/05/2024,VIC,"46,850","47,000","46,700","47,550","46,350","46,914",-150,-0.32,3.22,151.29,0.12,5.39,3.34,156.68,"178,564.99"
572,17/05/2024,VIC,"46,750","46,750","46,850","46,900","46,250","46,540",100,0.21,2.17,100.91,0.00,0.00,2.17,100.91,"179,138.54"
573,16/05/2024,VIC,"46,350","46,600","46,750","47,150","46,200","46,773",400,0.86,2.78,130.15,0.07,3.41,2.85,133.56,"178,756.18"
574,15/05/2024,VIC,"46,050","46,200","46,350","46,750","46,000","46,307",300,0.65,1.36,62.88,0.04,2.07,1.40,64.94,"177,226.71"
575,14/05/2024,VIC,"45,000","48,100","46,050","48,100","46,050","47,334","1,050",2.33,5.26,249.16,6.44,289.67,11.70,538.83,"176,079.61"
576,13/05/2024,VIC,"45,000","45,300","45,000","45,350","44,350","44,758",0,0.00,1.71,76.62,0.04,1.94,1.75,78.55,"172,064.77"
577,10/05/2024,VIC,"45,400","45,400","45,000","45,700","44,500","45,005",-400,-0.88,1.17,52.52,0.05,2.15,1.21,54.67,"172,064.77"
578,09/05/2024,VIC,"45,400","45,400","45,400","46,000","45,050","45,610",0,0.00,1.42,64.56,0.07,2.95,1.48,67.51,"173,594.23"
579,08/05/2024,VIC,"45,000","45,100","45,400","45,400","44,300","44,964",400,0.89,1.71,77.04,0.05,2.15,1.76,79.19,"173,594.23"
580,07/05/2024,VIC,"44,750","45,350","45,000","45,350","44,500","44,898",250,0.56,1.05,47.30,4.93,220.68,5.99,267.98,"172,064.77"
581,06/05/2024,VIC,"44,450","44,450","44,750","44,750","43,850","44,413",300,0.67,1.52,67.70,10.41,459.14,11.94,526.84,"171,108.85"
582,03/05/2024,VIC,"44,400","44,600","44,450","44,900","44,000","44,355",50,0.11,1.32,58.34,0.05,1.95,1.36,60.28,"169,961.76"
583,02/05/2024,VIC,"44,450","44,000","44,400","44,400","43,600","43,996",-50,-0.11,1.60,70.24,0.07,3.04,1.67,73.28,"169,770.57"
584,26/04/2024,VIC,"42,000","41,950","44,450","44,450","41,900","43,444","2,450",5.83,2.70,117.20,0.05,1.86,2.74,119.06,"169,961.76"
585,25/04/2024,VIC,"41,600","41,700","42,000","42,350","41,300","41,934",400,0.96,1.52,63.64,0.07,2.91,1.59,66.55,"160,593.79"
586,24/04/2024,VIC,"41,000","41,100","41,600","41,950","41,100","41,681",600,1.46,1.58,65.99,0.05,1.91,1.63,67.90,"159,064.32"
587,23/04/2024,VIC,"42,000","42,450","41,000","42,450","41,000","41,369","-1,000",-2.38,2.70,111.54,0.07,3.07,2.77,114.61,"156,770.12"
588,22/04/2024,VIC,"42,600","42,650","42,000","43,000","41,700","42,192",-600,-1.41,3.22,135.76,0.17,6.79,3.38,142.55,"160,593.79"
589,19/04/2024,VIC,"45,000","43,600","42,600","44,000","42,600","43,210","-2,400",-5.33,3.67,158.77,0.09,4.13,3.76,162.90,"162,887.98"
590,17/04/2024,VIC,"46,400","46,500","45,000","46,500","44,500","45,245","-1,400",-3.02,3.01,136.17,0.25,11.15,3.25,147.32,"172,064.77"
591,16/04/2024,VIC,"47,000","47,000","46,400","47,000","44,650","45,666",-600,-1.28,4.79,218.89,0.34,15.90,5.13,234.79,"177,417.90"
592,15/04/2024,VIC,"48,450","48,000","47,000","48,200","46,000","47,263","-1,450",-2.99,5.60,264.54,2.55,123.27,8.14,387.82,"179,712.09"
593,12/04/2024,VIC,"48,300","48,350","48,450","48,700","48,150","48,472",150,0.31,3.01,145.88,0.10,5.05,3.11,150.93,"185,256.40"
594,11/04/2024,VIC,"48,500","48,250","48,300","48,550","47,750","48,312",-200,-0.41,3.40,164.16,1.07,52.10,4.46,216.26,"184,682.85"
595,10/04/2024,VIC,"47,700","47,700","48,500","48,650","47,650","48,263",800,1.68,5.16,249.12,0.17,8.38,5.33,257.49,"185,447.59"
596,09/04/2024,VIC,"47,700","47,600","47,700","47,700","47,000","47,423",0,0.00,3.50,166.09,0.23,10.93,3.73,177.02,"182,388.66"
597,08/04/2024,VIC,"47,800","48,000","47,700","48,000","47,350","47,652",-100,-0.21,2.95,140.50,0.07,3.21,3.02,143.71,"182,388.66"
598,05/04/2024,VIC,"47,850","47,450","47,800","47,950","47,300","47,668",-50,-0.10,3.38,161.25,0.05,2.15,3.43,163.40,"182,771.02"
599,04/04/2024,VIC,"47,750","47,250","47,850","47,950","47,250","47,795",100,0.21,4.12,197.01,0.07,3.28,4.19,200.29,"182,962.21"
600,03/04/2024,VIC,"47,800","47,500","47,750","47,850","47,200","47,648",-50,-0.10,4.26,203.00,0.00,0.00,4.26,203.00,"182,579.84"
601,02/04/2024,VIC,"47,850","47,000","47,800","47,900","46,500","47,529",-50,-0.10,4.82,229.00,0.12,5.50,4.93,234.49,"182,771.02"
602,01/04/2024,VIC,"47,650","47,650","47,850","48,100","47,350","47,793",200,0.42,4.45,212.77,0.00,0.00,4.45,212.77,"182,962.21"
603,29/03/2024,VIC,"47,600","47,850","47,650","47,900","47,300","47,679",50,0.11,3.52,168.05,0.26,12.43,3.79,180.48,"182,197.47"
604,28/03/2024,VIC,"47,050","47,050","47,600","47,950","46,900","47,588",550,1.17,4.64,220.77,0.00,0.00,4.64,220.77,"182,006.29"
605,27/03/2024,VIC,"47,050","47,050","47,050","47,300","46,700","47,012",0,0.00,4.20,197.60,0.41,19.08,4.61,216.68,"179,903.28"
606,26/03/2024,VIC,"46,850","47,000","47,050","47,200","46,600","46,976",200,0.43,3.48,163.43,0.03,1.23,3.51,164.66,"179,903.28"
607,25/03/2024,VIC,"46,600","46,600","46,850","47,400","46,150","46,790",250,0.54,4.74,221.71,0.33,15.35,5.07,237.06,"179,138.54"
608,22/03/2024,VIC,"46,500","46,500","46,600","46,700","46,050","46,356",100,0.22,5.20,240.98,0.44,20.77,5.64,261.74,"178,182.63"
609,21/03/2024,VIC,"46,500","46,500","46,500","46,850","45,900","46,326",0,0.00,3.53,163.44,0.36,16.44,3.89,179.88,"177,800.26"
610,20/03/2024,VIC,"47,000","46,800","46,500","47,000","45,800","46,195",-500,-1.06,4.70,216.89,4.27,197.87,8.96,414.76,"177,800.26"
611,19/03/2024,VIC,"46,100","46,200","47,000","47,300","45,600","46,651",900,1.95,7.83,365.20,0.17,7.57,8.00,372.77,"179,712.09"
612,18/03/2024,VIC,"44,400","44,850","46,100","46,200","43,900","45,108","1,700",3.83,7.73,348.81,8.25,365.88,15.98,714.69,"176,270.80"
613,15/03/2024,VIC,"45,950","45,900","44,400","46,000","44,400","45,014","-1,550",-3.37,4.81,216.67,0.12,5.21,4.93,221.88,"169,770.57"
614,14/03/2024,VIC,"45,000","45,200","45,950","46,850","45,000","46,003",950,2.11,6.02,277.00,0.00,0.00,6.02,277.00,"175,697.25"
615,13/03/2024,VIC,"44,150","44,250","45,000","45,000","44,100","44,421",850,1.93,2.24,99.44,2.63,109.18,4.87,208.62,"172,064.77"
616,12/03/2024,VIC,"44,350","44,350","44,150","44,600","44,050","44,356",-200,-0.45,2.84,125.82,0.00,0.00,2.84,125.82,"168,814.66"
617,11/03/2024,VIC,"44,800","44,900","44,350","45,250","44,350","44,942",-450,-1.00,3.45,155.12,2.52,112.63,5.97,267.75,"169,579.39"
618,08/03/2024,VIC,"45,600","46,000","44,800","46,000","44,800","45,251",-800,-1.75,3.90,176.33,0.00,0.00,3.90,176.33,"171,300.04"
619,07/03/2024,VIC,"45,300","45,600","45,600","45,850","45,350","45,601",300,0.66,2.47,112.47,0.14,6.03,2.60,118.51,"174,358.97"
620,06/03/2024,VIC,"45,300","45,300","45,300","46,850","45,200","45,825",0,0.00,4.65,213.20,7.72,349.53,12.37,562.74,"173,211.87"
621,05/03/2024,VIC,"45,250","45,200","45,300","45,500","45,000","45,182",50,0.11,3.15,142.40,8.75,396.10,11.91,538.51,"173,211.87"
622,04/03/2024,VIC,"45,250","45,300","45,250","45,750","45,150","45,409",0,0.00,3.74,169.78,0.10,4.19,3.83,173.96,"173,020.69"
623,01/03/2024,VIC,"45,000","45,000","45,250","45,600","44,850","45,171",250,0.56,2.98,134.73,0.02,0.91,3.00,135.64,"173,020.69"
624,29/02/2024,VIC,"45,600","46,000","45,000","46,150","45,000","45,434",-600,-1.32,4.02,182.51,1.61,73.40,5.63,255.91,"172,064.77"
625,28/02/2024,VIC,"45,150","45,900","45,600","46,400","45,250","45,791",450,1.00,3.37,154.30,0.02,0.94,3.39,155.24,"174,358.97"
626,27/02/2024,VIC,"44,600","44,800","45,150","45,650","44,350","44,794",550,1.23,4.37,195.64,0.10,4.32,4.46,199.96,"172,638.32"
627,26/02/2024,VIC,"45,200","45,350","44,600","45,750","44,300","44,884",-600,-1.33,5.09,228.43,0.12,5.23,5.20,233.66,"170,535.31"
628,23/02/2024,VIC,"47,600","47,950","45,200","47,950","45,200","46,458","-2,400",-5.04,9.88,458.87,6.34,301.25,16.21,760.12,"172,829.50"
629,22/02/2024,VIC,"47,250","47,250","47,600","47,700","47,000","47,435",350,0.74,4.02,190.81,0.15,7.23,4.18,198.03,"182,006.29"
630,21/02/2024,VIC,"48,500","48,550","47,250","48,550","47,100","47,587","-1,250",-2.58,6.65,316.41,4.26,206.84,10.91,523.25,"180,668.01"
631,20/02/2024,VIC,"47,000","48,000","48,500","49,350","47,900","48,814","1,500",3.19,8.97,438.11,0.02,0.92,8.99,439.03,"185,447.59"
632,19/02/2024,VIC,"43,950","44,300","47,000","47,000","44,300","46,419","3,050",6.94,16.64,772.27,0.12,5.17,16.75,777.44,"179,712.09"
633,16/02/2024,VIC,"42,550","42,550","43,950","44,150","42,500","43,640","1,400",3.29,4.99,217.86,0.02,0.83,5.01,218.69,"168,049.93"
634,15/02/2024,VIC,"42,400","42,500","42,550","42,800","42,200","42,529",150,0.35,1.93,82.28,0.12,4.80,2.05,87.08,"162,696.80"
635,07/02/2024,VIC,"42,300","42,300","42,400","42,400","42,000","42,242",100,0.24,1.60,67.42,0.02,0.84,1.62,68.26,"162,123.25"
636,06/02/2024,VIC,"42,200","42,250","42,300","42,350","41,900","42,072",100,0.24,1.59,67.09,0.19,7.86,1.78,74.95,"161,740.88"
637,05/02/2024,VIC,"42,100","42,200","42,200","42,200","41,800","41,998",100,0.24,2.69,113.08,0.42,17.56,3.11,130.64,"161,358.52"
638,02/02/2024,VIC,"42,350","42,350","42,100","42,500","42,050","42,146",-250,-0.59,1.98,83.51,2.05,86.70,4.03,170.21,"160,976.15"
639,01/02/2024,VIC,"42,500","42,450","42,350","42,500","42,050","42,177",-150,-0.35,2.20,92.63,0.02,0.85,2.22,93.47,"161,932.07"
640,31/01/2024,VIC,"42,700","42,700","42,500","42,800","42,100","42,474",-200,-0.47,2.74,116.33,0.10,4.16,2.83,120.49,"162,505.62"
641,30/01/2024,VIC,"42,650","42,650","42,700","42,800","42,500","42,588",50,0.12,1.33,56.77,5.14,219.22,6.47,275.99,"163,270.35"
642,29/01/2024,VIC,"42,800","42,800","42,650","42,850","42,400","42,635",-150,-0.35,1.82,77.44,5.90,252.27,7.71,329.71,"163,079.17"
643,26/01/2024,VIC,"42,800","42,700","42,800","43,000","42,650","42,789",0,0.00,1.81,77.35,6.20,265.47,8.01,342.81,"163,652.71"
644,25/01/2024,VIC,"43,150","43,100","42,800","43,100","42,800","42,893",-350,-0.81,1.16,49.55,0.07,3.11,1.23,52.66,"163,652.71"
645,24/01/2024,VIC,"43,100","43,200","43,150","43,250","42,900","43,055",50,0.12,1.69,72.91,1.38,59.50,3.07,132.41,"164,991.00"
646,23/01/2024,VIC,"43,300","43,400","43,100","43,400","42,900","43,059",-200,-0.46,2.21,95.20,0.07,3.11,2.28,98.31,"164,799.81"
647,22/01/2024,VIC,"43,300","43,500","43,300","43,500","43,150","43,290",0,0.00,1.69,73.24,0.06,2.75,1.75,76.00,"165,564.55"
648,19/01/2024,VIC,"43,350","43,350","43,300","43,450","43,150","43,287",-50,-0.12,2.91,125.77,0.07,3.22,2.98,128.99,"165,564.55"
649,18/01/2024,VIC,"43,200","43,000","43,350","43,500","43,000","43,243",150,0.35,1.73,74.60,0.04,1.86,1.77,76.46,"165,755.73"
650,17/01/2024,VIC,"43,150","43,150","43,200","43,450","42,950","43,205",50,0.12,1.88,81.15,0.07,2.98,1.95,84.13,"165,182.18"
651,16/01/2024,VIC,"43,050","43,000","43,150","43,250","42,850","42,995",100,0.23,1.44,61.76,0.04,1.88,1.48,63.64,"164,991.00"
652,15/01/2024,VIC,"43,000","43,500","43,050","43,500","43,050","43,207",50,0.12,1.46,62.92,0.07,3.07,1.53,65.99,"164,608.63"
653,12/01/2024,VIC,"43,650","43,500","43,000","43,500","42,700","43,034",-650,-1.49,2.97,127.67,0.02,0.81,2.99,128.48,"164,417.45"
654,11/01/2024,VIC,"43,600","43,600","43,650","44,000","43,400","43,767",50,0.11,1.67,72.92,0.09,4.15,1.76,77.07,"166,902.83"
655,10/01/2024,VIC,"43,900","43,900","43,600","44,050","43,200","43,647",-300,-0.68,2.68,116.79,0.04,1.88,2.72,118.67,"166,711.64"
656,09/01/2024,VIC,"44,350","44,300","43,900","44,400","43,900","44,077",-450,-1.01,1.60,70.73,0.11,4.77,1.72,75.51,"167,858.74"
657,08/01/2024,VIC,"44,100","44,450","44,350","44,750","44,100","44,430",250,0.57,2.53,112.60,0.04,1.80,2.58,114.40,"169,579.39"
658,05/01/2024,VIC,"44,150","44,150","44,100","44,200","43,900","44,027",-50,-0.11,1.48,65.23,0.07,3.07,1.55,68.30,"168,623.47"
659,04/01/2024,VIC,"44,150","44,150","44,150","44,400","43,800","44,140",0,0.00,2.34,103.19,0.04,1.90,2.38,105.10,"168,814.66"
660,03/01/2024,VIC,"44,000","43,500","44,150","44,150","43,500","43,730",150,0.34,2.28,99.49,0.07,3.10,2.35,102.59,"168,814.66"
661,02/01/2024,VIC,"44,600","44,950","44,000","44,950","44,000","44,346",-600,-1.35,2.28,101.17,0.04,1.97,2.32,103.14,"168,241.11"
662,29/12/2023,VIC,"44,450","44,650","44,600","44,850","44,450","44,626",150,0.34,2.17,96.79,0.31,14.27,2.47,111.06,"170,535.31"
663,28/12/2023,VIC,"43,600","43,600","44,450","44,600","43,600","44,321",850,1.95,4.07,180.42,0.29,12.67,4.36,193.09,"169,961.76"
664,27/12/2023,VIC,"43,550","43,650","43,600","43,950","43,600","43,755",50,0.11,1.85,80.88,0.07,3.23,1.92,84.12,"166,711.64"
665,26/12/2023,VIC,"43,400","43,400","43,550","43,750","43,350","43,553",150,0.35,1.76,76.82,0.04,1.76,1.81,78.58,"166,520.46"
666,25/12/2023,VIC,"43,150","43,100","43,400","43,550","43,000","43,341",250,0.58,1.98,85.71,1.39,58.25,3.36,143.95,"165,946.91"
667,22/12/2023,VIC,"43,200","43,200","43,150","43,350","42,750","42,995",-50,-0.12,2.00,86.04,0.20,8.56,2.20,94.59,"164,571.32"
668,21/12/2023,VIC,"43,250","43,000","43,200","43,300","42,800","43,035",-50,-0.12,1.89,81.36,0.07,3.12,1.96,84.47,"164,762.02"
669,20/12/2023,VIC,"43,200","42,950","43,250","43,450","42,850","43,131",50,0.12,1.76,75.91,6.22,267.07,7.98,342.99,"164,952.71"
670,19/12/2023,VIC,"43,200","43,300","43,200","43,300","42,300","42,831",0,0.00,2.81,120.52,0.07,3.07,2.89,123.59,"164,762.02"
671,18/12/2023,VIC,"43,700","43,700","43,200","43,950","43,050","43,418",-500,-1.14,2.35,101.83,0.04,1.88,2.39,103.71,"164,762.02"
672,15/12/2023,VIC,"43,800","43,700","43,700","43,950","43,050","43,649",-100,-0.23,6.07,264.80,1.07,46.85,7.14,311.65,"166,668.98"
673,14/12/2023,VIC,"43,900","43,950","43,800","44,050","43,450","43,661",-100,-0.23,3.04,132.85,2.29,100.88,5.34,233.74,"167,050.38"
674,13/12/2023,VIC,"44,250","44,100","43,900","44,350","43,200","43,853",-350,-0.79,3.97,174.27,0.00,0.00,3.97,174.27,"167,431.77"
675,12/12/2023,VIC,"44,050","44,050","44,250","44,400","44,000","44,184",200,0.45,2.77,122.58,0.04,1.91,2.82,124.48,"168,766.65"
676,11/12/2023,VIC,"42,950","43,250","44,050","44,350","43,250","43,922","1,100",2.56,5.29,232.44,0.07,3.08,5.36,235.53,"168,003.86"
677,08/12/2023,VIC,"42,800","42,600","42,950","43,050","42,550","42,821",150,0.35,2.65,113.57,3.00,128.97,5.65,242.54,"163,808.53"
678,07/12/2023,VIC,"42,800","42,800","42,800","43,200","41,900","42,558",0,0.00,4.45,189.52,0.07,3.21,4.53,192.73,"163,236.44"
679,06/12/2023,VIC,"42,800","42,500","42,800","43,000","42,500","42,719",0,0.00,2.34,100.01,0.04,1.81,2.38,101.82,"163,236.44"
680,05/12/2023,VIC,"42,950","42,950","42,800","43,150","42,600","42,804",-150,-0.35,3.63,155.24,0.07,2.94,3.70,158.17,"163,236.44"
681,04/12/2023,VIC,"42,100","42,100","42,950","43,000","42,100","42,692",850,2.02,3.57,152.47,0.02,0.82,3.59,153.29,"163,808.53"
682,01/12/2023,VIC,"41,750","42,050","42,100","42,200","41,850","42,019",350,0.84,2.30,96.71,2.39,100.26,4.69,196.97,"160,566.69"
683,30/11/2023,VIC,"42,550","42,500","41,750","42,850","41,750","42,091",-800,-1.88,3.47,145.91,0.02,0.84,3.49,146.74,"159,231.81"
684,29/11/2023,VIC,"42,400","42,400","42,550","42,650","42,300","42,466",150,0.35,2.05,87.13,0.07,2.98,2.12,90.11,"162,282.96"
685,28/11/2023,VIC,"41,850","41,850","42,400","42,500","41,600","42,051",550,1.31,2.47,103.96,0.04,1.74,2.51,105.71,"161,710.87"
686,27/11/2023,VIC,"41,350","41,300","41,850","42,200","41,300","41,878",500,1.21,2.79,117.04,0.20,8.41,2.99,125.45,"159,613.20"
687,24/11/2023,VIC,"41,300","41,350","41,350","41,500","40,600","41,065",50,0.12,3.52,144.74,0.04,1.71,3.57,146.45,"157,706.24"
688,23/11/2023,VIC,"42,000","42,000","41,300","42,600","41,300","42,020",-700,-1.67,3.30,138.73,0.07,3.07,3.37,141.80,"157,515.54"
689,22/11/2023,VIC,"42,600","42,950","42,000","43,000","41,850","42,200",-600,-1.41,3.80,160.27,1.14,48.62,4.94,208.89,"160,185.29"
690,21/11/2023,VIC,"42,700","43,050","42,600","43,150","42,050","42,420",-100,-0.23,2.85,120.99,0.07,3.17,2.93,124.16,"162,473.65"
691,20/11/2023,VIC,"42,200","40,900","42,700","42,800","40,900","42,102",500,1.18,4.30,181.22,0.04,1.77,4.35,182.99,"162,855.05"
692,17/11/2023,VIC,"45,100","45,200","42,200","45,200","42,150","43,607","-2,900",-6.43,11.57,504.67,0.09,4.15,11.67,508.82,"160,948.08"
693,16/11/2023,VIC,"45,400","45,400","45,100","45,400","44,850","45,003",-300,-0.66,2.34,105.37,0.04,1.83,2.38,107.20,"172,008.49"
694,15/11/2023,VIC,"44,950","45,400","45,400","45,600","44,900","45,302",450,1.00,6.21,281.17,0.07,3.20,6.28,284.36,"173,152.67"
695,14/11/2023,VIC,"44,800","44,950","44,950","45,500","44,500","44,921",150,0.33,3.85,172.73,0.06,2.71,3.91,175.44,"171,436.40"
696,13/11/2023,VIC,"44,950","45,050","44,800","45,050","44,450","44,750",-150,-0.33,3.95,176.93,0.07,3.12,4.03,180.05,"170,864.31"
697,10/11/2023,VIC,"45,400","45,000","44,950","45,200","44,400","44,838",-450,-0.99,5.10,228.82,0.04,1.79,5.15,230.61,"171,436.40"
698,09/11/2023,VIC,"43,000","44,000","45,400","45,700","44,000","44,896","2,400",5.58,7.31,328.10,2.87,123.52,10.18,451.62,"173,152.67"
699,08/11/2023,VIC,"42,050","41,900","43,000","43,050","41,600","42,498",950,2.26,4.75,201.84,0.06,2.60,4.81,204.44,"163,999.23"
700,07/11/2023,VIC,"42,100","41,800","42,050","42,150","41,250","41,791",-50,-0.12,4.22,176.44,0.07,3.09,4.30,179.53,"160,375.99"
701,06/11/2023,VIC,"41,600","41,950","42,100","42,300","41,650","41,964",500,1.20,4.29,180.19,0.04,1.77,4.34,181.97,"160,566.69"
702,03/11/2023,VIC,"41,450","41,700","41,600","42,100","41,250","41,705",150,0.36,4.09,170.78,0.07,3.04,4.17,173.82,"158,659.72"
703,02/11/2023,VIC,"40,400","40,500","41,450","41,500","39,650","40,493","1,050",2.60,6.05,244.88,0.04,1.80,6.09,246.68,"158,087.63"
704,01/11/2023,VIC,"40,500","39,700","40,400","40,500","39,450","39,991",-100,-0.25,4.62,184.72,0.07,3.16,4.69,187.87,"154,083.00"
705,31/10/2023,VIC,"41,500","41,050","40,500","41,550","40,450","40,891","-1,000",-2.41,5.94,242.83,0.04,1.81,5.98,244.64,"154,464.39"
706,30/10/2023,VIC,"41,600","41,300","41,500","41,550","39,750","40,942",-100,-0.24,6.06,248.23,0.05,2.23,6.11,250.45,"158,278.33"
707,27/10/2023,VIC,"41,600","41,650","41,600","41,800","38,700","39,976",0,0.00,14.00,559.58,0.07,2.79,14.06,562.37,"158,659.72"
708,26/10/2023,VIC,"44,700","42,900","41,600","42,950","41,600","41,671","-3,100",-6.94,15.11,629.52,0.83,35.01,15.94,664.53,"158,659.72"
709,25/10/2023,VIC,"43,450","44,200","44,700","45,300","43,850","44,478","1,250",2.88,6.23,276.90,2.03,89.65,8.25,366.55,"170,482.92"
710,24/10/2023,VIC,"43,400","43,200","43,450","43,500","42,900","43,320",50,0.12,2.82,122.24,0.05,2.26,2.87,124.50,"165,715.50"
711,23/10/2023,VIC,"43,350","43,350","43,400","43,400","42,600","43,065",50,0.12,4.90,211.04,0.11,4.96,5.01,215.99,"165,524.80"
712,20/10/2023,VIC,"43,200","43,000","43,350","43,350","41,850","42,535",150,0.35,5.95,253.22,0.05,2.30,6.00,255.52,"165,334.11"
713,19/10/2023,VIC,"43,800","43,800","43,200","43,900","42,400","42,964",-600,-1.37,5.38,231.25,0.12,5.47,5.50,236.72,"164,762.02"
714,18/10/2023,VIC,"44,000","44,050","43,800","44,550","41,500","43,603",-200,-0.45,8.87,386.73,0.02,0.92,8.89,387.64,"167,050.38"
715,17/10/2023,VIC,"45,000","45,000","44,000","45,150","44,000","44,679","-1,000",-2.22,4.85,216.47,0.15,6.77,4.99,223.24,"167,813.16"
716,16/10/2023,VIC,"46,100","46,050","45,000","46,050","45,000","45,426","-1,100",-2.39,4.84,219.84,0.02,1.08,4.86,220.91,"171,627.10"
717,13/10/2023,VIC,"46,500","46,050","46,100","46,450","45,550","45,965",-400,-0.86,5.06,232.49,0.05,2.13,5.10,234.62,"175,822.43"
718,12/10/2023,VIC,"45,450","46,000","46,500","47,300","45,800","46,602","1,050",2.31,7.71,359.34,0.05,2.30,7.76,361.64,"177,348.00"
719,11/10/2023,VIC,"44,900","45,050","45,450","45,450","45,000","45,194",550,1.22,3.63,164.04,0.07,3.11,3.69,167.15,"173,343.37"
720,10/10/2023,VIC,"45,200","45,600","44,900","46,150","44,900","45,545",-300,-0.66,5.86,266.97,0.05,2.38,5.91,269.35,"171,245.71"
721,09/10/2023,VIC,"45,950","46,000","45,200","46,050","45,200","45,608",-750,-1.63,4.89,223.01,1.46,67.24,6.35,290.24,"172,389.89"
722,06/10/2023,VIC,"45,600","45,900","45,950","46,250","45,000","45,846",350,0.77,6.19,283.92,0.00,0.00,6.19,283.92,"175,250.34"
723,05/10/2023,VIC,"46,100","46,200","45,600","46,400","44,800","45,624",-500,-1.08,5.36,244.46,6.62,311.28,11.98,555.74,"173,915.46"
724,04/10/2023,VIC,"44,500","44,500","46,100","46,300","44,050","45,432","1,600",3.60,6.72,305.23,3.70,164.56,10.42,469.79,"175,822.43"
725,03/10/2023,VIC,"46,900","45,900","44,500","46,000","43,850","44,729","-2,400",-5.12,12.90,576.86,0.12,5.69,13.01,582.55,"169,720.13"
726,02/10/2023,VIC,"46,850","47,000","46,900","47,550","46,500","47,024",50,0.11,5.08,239.11,0.00,0.00,5.08,239.11,"178,873.58"
727,29/09/2023,VIC,"45,000","45,200","46,850","48,150","45,150","47,184","1,850",4.11,13.57,640.20,0.14,6.42,13.70,646.62,"178,682.88"
728,28/09/2023,VIC,"45,200","45,200","45,000","45,300","44,100","44,651",-200,-0.44,6.89,307.52,0.00,0.00,6.89,307.52,"171,627.10"
729,27/09/2023,VIC,"45,000","44,600","45,200","45,250","44,050","44,684",200,0.44,8.89,397.26,0.16,7.46,9.05,404.72,"172,389.89"
730,26/09/2023,VIC,"46,500","46,000","45,000","46,750","44,550","45,539","-1,500",-3.23,15.11,688.25,0.00,0.00,15.11,688.25,"171,627.10"
732,22/09/2023,VIC,"52,200","51,500","50,000","51,600","49,800","50,502","-2,200",-4.21,17.45,881.36,2.29,126.86,19.74,"1,008.22","190,696.78"
733,21/09/2023,VIC,"53,500","53,800","52,200","53,800","52,200","52,794","-1,300",-2.43,8.50,448.89,0.00,0.00,8.50,448.89,"199,087.44"
734,20/09/2023,VIC,"51,700","52,000","53,500","53,500","51,700","52,459","1,800",3.48,11.80,619.10,0.06,3.18,11.86,622.28,"204,045.55"
735,19/09/2023,VIC,"53,000","53,500","51,700","53,900","51,500","52,549","-1,300",-2.45,12.79,672.06,4.15,232.66,16.94,904.73,"197,180.47"
736,18/09/2023,VIC,"53,600","53,600","53,000","53,600","52,400","52,780",-600,-1.12,11.46,604.97,4.22,240.48,15.68,845.45,"202,138.58"
737,15/09/2023,VIC,"55,500","56,000","53,600","56,300","53,200","54,407","-1,900",-3.42,18.95,"1,031.15",0.66,36.88,19.62,"1,068.03","204,426.95"
738,14/09/2023,VIC,"59,200","59,100","55,500","59,300","55,500","56,957","-3,700",-6.25,26.86,"1,529.93",0.09,5.15,26.95,"1,535.08","211,673.42"
739,13/09/2023,VIC,"60,300","60,800","59,200","61,400","59,100","60,118","-1,100",-1.82,16.32,981.19,3.75,237.32,20.07,"1,218.51","225,784.99"
740,12/09/2023,VIC,"59,100","59,800","60,300","60,500","59,100","59,957","1,200",2.03,15.07,903.39,3.59,225.55,18.65,"1,128.93","229,980.31"
731,25/09/2023,VIC,"50,000","50,100","46,500","50,400","46,500","48,008","-3,500",-7.00,16.84,808.24,3.17,160.79,20.00,969.02,"177,348.00"
741,11/09/2023,VIC,"59,100","60,100","59,100","61,400","59,100","60,208",0,0.00,16.36,985.12,0.00,0.00,16.36,985.12,"225,403.59"
742,08/09/2023,VIC,"60,800","60,500","59,100","60,600","59,100","59,732","-1,700",-2.80,28.22,"1,685.67",0.09,5.45,28.31,"1,691.12","225,403.59"
743,07/09/2023,VIC,"61,600","62,000","60,800","62,500","60,800","61,362",-800,-1.30,16.13,989.64,3.70,238.78,19.82,"1,228.42","231,887.28"
744,06/09/2023,VIC,"62,300","62,400","61,600","62,500","60,800","61,281",-700,-1.12,19.41,"1,189.53",0.88,54.73,20.29,"1,244.26","234,938.43"
745,05/09/2023,VIC,"62,100","62,500","62,300","63,900","61,700","62,514",200,0.32,13.06,816.40,0.00,0.00,13.06,816.40,"237,608.19"
746,31/08/2023,VIC,"62,000","62,500","62,100","64,100","62,000","62,693",100,0.16,14.98,939.44,0.00,0.00,14.98,939.44,"236,845.40"
747,30/08/2023,VIC,"63,400","63,000","62,000","63,000","60,600","61,716","-1,400",-2.21,24.55,"1,515.18",0.59,38.07,25.14,"1,553.25","236,464.00"
748,29/08/2023,VIC,"64,700","65,700","63,400","65,900","63,200","64,054","-1,300",-2.01,20.65,"1,322.74",0.20,12.79,20.85,"1,335.53","241,803.51"
749,28/08/2023,VIC,"63,500","65,000","64,700","66,700","64,500","65,342","1,200",1.89,16.72,"1,092.23",0.08,5.19,16.79,"1,097.41","246,761.63"
750,25/08/2023,VIC,"64,200","65,200","63,500","66,700","63,300","64,500",-700,-1.09,17.90,"1,154.56",0.17,10.73,18.07,"1,165.29","242,184.91"
751,24/08/2023,VIC,"65,000","65,700","64,200","65,800","62,600","63,937",-800,-1.23,16.62,"1,062.39",0.00,0.00,16.62,"1,062.39","244,854.66"
752,23/08/2023,VIC,"64,500","69,000","65,000","69,000","65,000","67,126",500,0.78,20.34,"1,365.44",0.00,0.00,20.34,"1,365.44","247,905.81"
753,22/08/2023,VIC,"65,800","67,000","64,500","67,100","62,800","64,345","-1,300",-1.98,13.12,844.25,0.00,0.00,13.12,844.25,"245,998.84"
754,21/08/2023,VIC,"66,900","66,000","65,800","66,100","63,300","64,405","-1,100",-1.64,22.40,"1,442.92",1.28,85.18,23.68,"1,528.10","250,956.96"
755,18/08/2023,VIC,"71,900","69,100","66,900","70,000","66,900","67,985","-5,000",-6.95,26.62,"1,809.90",1.11,77.50,27.73,"1,887.39","255,152.29"
756,17/08/2023,VIC,"75,600","75,600","71,900","76,600","71,900","74,137","-3,700",-4.89,22.23,"1,648.26",3.50,263.70,25.73,"1,911.96","274,221.97"
757,16/08/2023,VIC,"70,700","75,600","75,600","75,600","75,400","75,598","4,900",6.93,19.41,"1,467.73",0.30,22.68,19.71,"1,490.41","288,333.53"
758,15/08/2023,VIC,"73,300","73,000","70,700","73,300","70,700","71,759","-2,600",-3.55,14.77,"1,059.54",2.04,149.53,16.81,"1,209.07","269,645.24"
759,14/08/2023,VIC,"72,600","74,900","73,300","75,400","71,500","73,794",700,0.96,12.70,937.48,0.00,0.00,12.70,937.48,"279,561.48"
760,11/08/2023,VIC,"67,900","72,600","72,600","72,600","72,100","72,582","4,700",6.92,23.09,"1,676.13",0.00,0.00,23.09,"1,676.13","276,891.72"
761,10/08/2023,VIC,"65,800","66,300","67,900","68,400","66,100","67,130","2,100",3.19,7.90,530.17,0.26,17.75,8.16,547.92,"258,966.22"
762,09/08/2023,VIC,"67,000","67,000","65,800","67,800","65,700","66,367","-1,200",-1.79,9.77,648.30,0.50,34.00,10.27,682.31,"250,956.96"
763,08/08/2023,VIC,"63,900","64,000","67,000","67,500","63,600","65,928","3,100",4.85,11.06,728.93,0.00,0.00,11.06,728.93,"255,533.68"
764,07/08/2023,VIC,"62,200","63,500","63,900","64,300","62,400","63,400","1,700",2.73,8.09,512.92,0.44,28.03,8.53,540.95,"243,710.48"
765,04/08/2023,VIC,"58,200","59,000","62,200","62,200","59,000","61,805","4,000",6.87,21.21,"1,310.93",0.00,0.00,21.21,"1,310.93","237,226.79"
766,03/08/2023,VIC,"58,300","58,300","58,200","59,500","58,000","58,608",-100,-0.17,7.52,440.89,0.00,0.00,7.52,440.89,"221,971.05"
767,02/08/2023,VIC,"58,900","59,000","58,300","59,900","58,100","58,957",-600,-1.02,12.35,727.99,0.00,0.00,12.35,727.99,"222,352.44"
768,01/08/2023,VIC,"55,100","58,800","58,900","58,900","58,000","58,844","3,800",6.90,12.26,721.39,1.80,99.18,14.06,820.57,"224,640.80"
769,31/07/2023,VIC,"51,500","55,100","55,100","55,100","54,600","55,098","3,600",6.99,10.56,581.94,0.00,0.00,10.56,581.94,"210,147.85"
770,28/07/2023,VIC,"51,100","51,100","51,500","51,600","50,900","51,247",400,0.78,3.55,181.94,0.00,0.00,3.55,181.94,"196,417.68"
771,27/07/2023,VIC,"51,000","51,000","51,100","51,500","50,800","51,066",100,0.20,3.93,200.82,0.00,0.00,3.93,200.82,"194,892.11"
772,26/07/2023,VIC,"51,500","51,400","51,000","51,900","51,000","51,229",-500,-0.97,4.12,211.05,0.00,0.00,4.12,211.05,"194,510.71"
773,25/07/2023,VIC,"52,000","52,100","51,500","52,200","51,500","51,676",-500,-0.96,3.80,196.58,0.02,1.14,3.83,197.72,"196,417.68"
774,24/07/2023,VIC,"52,100","52,200","52,000","52,600","51,800","52,099",-100,-0.19,2.62,136.59,0.00,0.00,2.62,136.59,"198,324.65"
775,21/07/2023,VIC,"52,000","52,000","52,100","52,300","51,600","51,802",100,0.19,2.32,120.43,0.00,0.00,2.32,120.43,"198,706.04"
776,20/07/2023,VIC,"52,100","52,100","52,000","52,600","51,600","52,012",-100,-0.19,1.89,98.50,0.00,0.00,1.89,98.50,"198,324.65"
777,19/07/2023,VIC,"52,700","52,900","52,100","52,900","52,100","52,447",-600,-1.14,1.82,95.24,0.00,0.00,1.82,95.24,"198,706.04"
778,18/07/2023,VIC,"52,900","53,000","52,700","53,100","52,600","52,839",-200,-0.38,2.09,110.53,0.00,0.00,2.09,110.53,"200,994.40"
779,17/07/2023,VIC,"51,400","51,600","52,900","53,100","51,400","52,398","1,500",2.92,4.61,241.32,7.50,383.34,12.11,624.66,"201,757.19"
780,14/07/2023,VIC,"51,500","51,800","51,400","51,800","51,000","51,370",-100,-0.19,2.01,103.44,0.00,0.00,2.01,103.44,"196,036.29"
781,13/07/2023,VIC,"51,400","51,500","51,500","52,000","51,200","51,485",100,0.19,1.89,97.51,0.00,0.00,1.89,97.51,"196,417.68"
782,12/07/2023,VIC,"50,800","51,100","51,400","51,900","50,800","51,405",600,1.18,2.30,118.01,0.00,0.00,2.30,118.01,"196,036.29"
783,11/07/2023,VIC,"50,900","51,000","50,800","51,300","50,800","50,991",-100,-0.20,1.93,98.31,0.78,39.78,2.71,138.09,"193,747.93"
784,10/07/2023,VIC,"50,100","50,500","50,900","51,200","50,200","50,601",800,1.60,3.35,169.28,0.00,0.00,3.35,169.28,"194,129.32"
785,07/07/2023,VIC,"50,400","50,500","50,100","50,600","50,000","50,192",-300,-0.60,2.94,147.65,0.00,0.00,2.94,147.65,"191,078.17"
786,06/07/2023,VIC,"51,000","51,000","50,400","51,400","50,400","50,671",-600,-1.18,2.60,131.72,0.00,0.00,2.60,131.72,"192,222.35"
787,05/07/2023,VIC,"51,300","51,400","51,000","51,600","50,900","51,094",-300,-0.58,2.48,126.67,2.45,125.53,4.93,252.20,"194,510.71"
788,04/07/2023,VIC,"51,100","51,500","51,300","51,500","51,100","51,202",200,0.39,1.36,69.61,0.14,7.24,1.50,76.86,"195,654.89"
789,03/07/2023,VIC,"51,000","51,500","51,100","51,700","51,100","51,246",100,0.20,1.87,95.63,0.00,0.00,1.87,95.63,"194,892.11"
790,30/06/2023,VIC,"51,800","51,800","51,000","51,900","51,000","51,447",-800,-1.54,1.74,89.72,0.00,0.00,1.74,89.72,"194,510.71"
791,29/06/2023,VIC,"52,200","52,200","51,800","52,400","51,800","52,020",-400,-0.77,1.63,84.70,0.00,0.00,1.63,84.70,"197,561.86"
792,28/06/2023,VIC,"52,400","52,600","52,200","52,700","52,000","52,231",-200,-0.38,1.89,98.90,0.00,0.00,1.89,98.90,"199,087.44"
793,27/06/2023,VIC,"52,200","52,200","52,400","53,000","52,200","52,406",200,0.38,2.49,130.40,0.05,2.36,2.53,132.76,"199,850.22"
794,26/06/2023,VIC,"52,000","52,100","52,200","52,700","51,900","52,139",200,0.38,1.52,79.50,1.95,101.14,3.47,180.64,"199,087.44"
795,23/06/2023,VIC,"52,400","52,100","52,000","52,300","51,900","52,023",-400,-0.76,2.18,113.35,0.00,0.00,2.18,113.35,"198,324.65"
796,22/06/2023,VIC,"52,400","52,700","52,400","52,800","52,000","52,350",0,0.00,1.63,85.14,0.00,0.00,1.63,85.14,"199,850.22"
797,21/06/2023,VIC,"52,000","52,100","52,400","52,400","51,700","51,911",400,0.77,2.07,107.48,1.41,73.31,3.48,180.79,"199,850.22"
798,20/06/2023,VIC,"52,100","52,000","52,000","52,500","51,900","52,107",-100,-0.19,1.46,76.31,0.00,0.00,1.46,76.31,"198,324.65"
799,19/06/2023,VIC,"53,500","53,800","52,100","53,800","52,100","52,606","-1,400",-2.62,2.32,121.87,2.00,107.16,4.32,229.03,"198,706.04"
800,16/06/2023,VIC,"53,500","53,800","53,500","54,000","52,600","53,316",0,0.00,3.88,206.81,1.50,80.25,5.38,287.06,"204,045.55"
801,15/06/2023,VIC,"53,800","53,800","53,500","54,500","53,300","53,895",-300,-0.56,2.11,113.97,0.00,0.00,2.11,113.97,"204,045.55"
802,14/06/2023,VIC,"54,100","54,100","53,800","54,700","53,800","54,237",-300,-0.55,2.24,121.64,3.64,194.24,5.88,315.88,"205,189.73"
803,13/06/2023,VIC,"53,400","53,700","54,100","54,300","53,300","53,787",700,1.31,2.11,113.60,0.00,0.00,2.11,113.60,"206,333.91"
804,12/06/2023,VIC,"52,300","52,500","53,400","53,400","52,500","52,928","1,100",2.10,1.71,90.59,2.49,130.43,4.20,221.02,"203,664.16"
805,09/06/2023,VIC,"52,400","52,500","52,300","52,600","52,200","52,408",-100,-0.19,0.82,42.92,0.00,0.00,0.82,42.92,"199,468.83"
806,08/06/2023,VIC,"52,800","52,800","52,400","53,000","52,400","52,660",-400,-0.76,1.44,75.63,7.99,421.61,9.42,497.23,"199,850.22"
807,07/06/2023,VIC,"53,200","53,300","52,800","53,600","52,600","52,994",-400,-0.75,1.66,87.76,1.38,73.42,3.04,161.18,"201,375.80"
808,06/06/2023,VIC,"52,100","52,200","53,200","53,200","52,200","52,895","1,100",2.11,2.12,112.15,0.00,0.00,2.12,112.15,"202,901.37"
809,05/06/2023,VIC,"52,000","52,100","52,100","52,500","52,000","52,229",100,0.19,1.82,95.28,0.00,0.00,1.82,95.28,"198,706.04"
810,02/06/2023,VIC,"52,000","52,000","52,000","52,300","51,900","52,022",0,0.00,1.73,90.07,0.00,0.00,1.73,90.07,"198,324.65"
811,01/06/2023,VIC,"52,000","52,000","52,000","52,200","51,600","51,841",0,0.00,1.53,79.16,0.00,0.00,1.53,79.16,"198,324.65"
812,31/05/2023,VIC,"52,400","52,400","52,000","52,400","52,000","52,126",-400,-0.76,2.43,126.77,0.00,0.00,2.43,126.77,"198,324.65"
813,30/05/2023,VIC,"52,700","52,700","52,400","52,900","52,300","52,505",-300,-0.57,1.32,69.04,1.90,100.00,3.21,169.04,"199,850.22"
814,29/05/2023,VIC,"52,000","52,000","52,700","52,900","52,000","52,296",700,1.35,1.38,72.24,0.00,0.00,1.38,72.24,"200,994.40"
815,26/05/2023,VIC,"52,600","52,400","52,000","52,500","52,000","52,222",-600,-1.14,1.59,83.21,0.00,0.00,1.59,83.21,"198,324.65"
816,25/05/2023,VIC,"52,600","52,600","52,600","52,700","52,200","52,464",0,0.00,1.45,76.26,0.00,0.00,1.45,76.26,"200,613.01"
817,24/05/2023,VIC,"52,600","52,800","52,600","52,800","52,300","52,495",0,0.00,1.29,67.73,3.08,162.16,4.37,229.89,"200,613.01"
818,23/05/2023,VIC,"52,100","52,200","52,600","53,500","52,200","52,873",500,0.96,2.02,106.75,0.00,0.00,2.02,106.75,"200,613.01"
819,22/05/2023,VIC,"52,500","52,500","52,100","52,700","51,900","52,136",-400,-0.76,1.86,96.72,0.57,29.93,2.43,126.65,"198,706.04"
820,19/05/2023,VIC,"53,200","53,400","52,500","53,400","52,100","52,550",-700,-1.32,1.93,101.54,0.00,0.00,1.93,101.54,"200,231.62"
821,18/05/2023,VIC,"53,200","53,600","53,200","53,800","53,000","53,402",0,0.00,2.08,111.01,0.00,0.00,2.08,111.01,"202,901.37"
822,17/05/2023,VIC,"52,900","52,900","53,200","53,800","52,500","53,276",300,0.57,2.17,115.51,0.00,0.00,2.17,115.51,"202,901.37"
823,16/05/2023,VIC,"54,400","54,600","52,900","54,800","52,800","53,482","-1,500",-2.76,2.62,140.20,0.26,14.04,2.88,154.24,"201,757.19"
824,15/05/2023,VIC,"51,700","54,900","54,400","54,900","54,000","54,542","2,700",5.22,4.52,246.53,0.00,0.00,4.52,246.53,"207,478.09"
825,12/05/2023,VIC,"50,500","50,700","51,700","51,900","50,500","51,354","1,200",2.38,2.09,107.48,0.18,9.09,2.27,116.57,"197,180.47"
826,11/05/2023,VIC,"50,600","50,700","50,500","50,700","50,300","50,484",-100,-0.20,1.19,60.09,0.00,0.00,1.19,60.09,"192,603.75"
827,10/05/2023,VIC,"50,600","50,800","50,600","50,800","50,400","50,547",0,0.00,1.07,54.05,0.00,0.00,1.07,54.05,"192,985.14"
828,09/05/2023,VIC,"50,900","50,900","50,600","51,000","50,400","50,646",-300,-0.59,1.11,56.39,0.00,0.00,1.11,56.39,"192,985.14"
829,08/05/2023,VIC,"50,700","50,700","50,900","50,900","50,500","50,659",200,0.39,1.34,67.79,0.00,0.00,1.34,67.79,"194,129.32"
830,05/05/2023,VIC,"51,300","50,900","50,700","51,400","50,600","50,818",-600,-1.17,1.30,66.00,0.07,3.61,1.37,69.61,"193,366.53"
831,04/05/2023,VIC,"52,100","52,100","51,300","52,100","51,100","51,479",-800,-1.54,1.50,77.14,0.00,0.00,1.50,77.14,"195,654.89"
832,28/04/2023,VIC,"50,500","50,600","52,100","52,100","50,600","51,414","1,600",3.17,2.24,115.23,0.18,9.18,2.42,124.41,"198,706.04"
833,27/04/2023,VIC,"51,900","51,800","50,500","51,800","50,500","50,951","-1,400",-2.70,3.60,183.22,0.74,38.41,4.34,221.63,"192,603.75"
834,26/04/2023,VIC,"52,500","52,400","51,900","52,400","51,700","51,913",-600,-1.14,1.84,95.34,5.78,299.84,7.61,395.18,"197,943.26"
835,25/04/2023,VIC,"52,600","52,800","52,500","52,800","51,800","52,267",-100,-0.19,2.72,141.98,1.16,61.36,3.88,203.34,"200,231.62"
836,24/04/2023,VIC,"52,700","52,700","52,600","52,700","52,200","52,436",-100,-0.19,1.50,78.46,0.00,0.00,1.50,78.46,"200,613.01"
837,21/04/2023,VIC,"52,600","52,600","52,700","52,700","52,100","52,438",100,0.19,1.70,89.07,0.03,1.57,1.73,90.64,"200,994.40"
838,20/04/2023,VIC,"52,600","52,500","52,600","52,700","52,200","52,481",0,0.00,1.22,63.89,0.00,0.00,1.22,63.89,"200,613.01"
839,19/04/2023,VIC,"52,800","52,600","52,600","52,700","52,300","52,508",-200,-0.38,1.75,91.69,0.00,0.00,1.75,91.69,"200,613.01"
840,18/04/2023,VIC,"52,900","52,900","52,800","52,900","52,400","52,606",-100,-0.19,1.76,92.37,1.72,90.99,3.48,183.35,"201,375.80"
841,17/04/2023,VIC,"52,900","52,900","52,900","53,000","52,400","52,662",0,0.00,1.76,92.59,0.00,0.00,1.76,92.59,"201,757.19"
842,14/04/2023,VIC,"53,000","53,200","52,900","53,500","52,700","53,003",-100,-0.19,1.66,88.12,0.10,5.35,1.76,93.47,"201,757.19"
843,13/04/2023,VIC,"53,100","53,100","53,000","53,500","52,700","52,965",-100,-0.19,1.92,101.68,0.10,5.35,2.02,107.03,"202,138.58"
844,12/04/2023,VIC,"53,600","53,300","53,100","53,500","52,600","52,860",-500,-0.93,3.65,192.74,0.36,19.30,4.01,212.04,"202,519.98"
845,11/04/2023,VIC,"53,800","53,700","53,600","53,700","52,800","53,173",-200,-0.37,1.85,98.21,0.10,5.40,1.95,103.61,"204,426.95"
846,10/04/2023,VIC,"54,400","54,500","53,800","54,600","53,300","53,595",-600,-1.10,2.15,114.97,0.00,0.00,2.15,114.97,"205,189.73"
847,07/04/2023,VIC,"54,500","55,000","54,400","55,000","53,400","53,891",-100,-0.18,2.38,128.24,0.00,0.00,2.38,128.24,"207,478.09"
848,06/04/2023,VIC,"55,500","56,400","54,500","56,400","54,500","55,360","-1,000",-1.80,2.06,114.31,0.00,0.00,2.06,114.31,"207,859.49"
849,05/04/2023,VIC,"56,800","56,700","55,500","56,700","55,000","55,610","-1,300",-2.29,1.97,109.78,0.00,0.00,1.97,109.78,"211,673.42"
850,04/04/2023,VIC,"58,000","58,500","56,800","58,700","56,800","57,480","-1,200",-2.07,1.87,107.59,0.00,0.00,1.87,107.59,"216,631.54"
851,03/04/2023,VIC,"55,000","55,900","58,000","58,800","55,600","57,554","3,000",5.45,4.85,279.24,0.00,0.00,4.85,279.24,"221,208.26"
852,31/03/2023,VIC,"53,700","53,600","55,000","55,200","53,600","54,877","1,300",2.42,2.62,143.75,0.00,0.00,2.62,143.75,"209,766.46"
853,30/03/2023,VIC,"53,500","53,500","53,700","54,900","53,400","54,034",200,0.37,0.99,53.69,0.00,0.00,0.99,53.69,"204,808.34"
854,29/03/2023,VIC,"53,400","53,500","53,500","53,600","52,900","53,287",100,0.19,0.59,31.21,0.00,0.00,0.59,31.21,"204,045.55"
855,28/03/2023,VIC,"53,300","53,300","53,400","53,600","53,200","53,448",100,0.19,0.78,41.82,7.20,382.50,7.98,424.32,"203,664.16"
856,27/03/2023,VIC,"53,300","53,300","53,300","53,800","52,800","53,318",0,0.00,0.70,37.43,0.56,29.85,1.26,67.28,"203,282.77"
857,24/03/2023,VIC,"52,800","52,800","53,300","53,700","52,500","53,217",500,0.95,0.83,44.21,1.15,60.67,1.98,104.87,"203,282.77"
858,23/03/2023,VIC,"52,800","52,200","52,800","52,800","52,100","52,552",0,0.00,2.07,108.98,0.64,33.84,2.71,142.83,"201,375.80"
859,22/03/2023,VIC,"52,800","52,600","52,800","52,900","52,100","52,591",0,0.00,1.80,94.53,1.25,66.71,3.05,161.25,"201,375.80"
860,21/03/2023,VIC,"52,800","52,800","52,800","53,400","51,600","52,423",0,0.00,1.77,92.62,1.50,82.40,3.27,175.01,"201,375.80"
861,20/03/2023,VIC,"53,200","53,000","52,800","53,200","51,400","52,163",-400,-0.75,3.36,175.39,1.15,61.01,4.51,236.39,"201,375.80"
862,17/03/2023,VIC,"53,300","53,900","53,200","54,000","52,400","53,071",-100,-0.19,3.12,165.66,1.60,87.73,4.72,253.39,"202,901.37"
863,16/03/2023,VIC,"54,000","54,000","53,300","55,700","53,000","54,281",-700,-1.30,3.16,171.29,0.16,8.36,3.31,179.65,"203,282.77"
864,15/03/2023,VIC,"53,000","53,000","54,000","54,000","53,000","53,603","1,000",1.89,1.18,63.13,0.54,28.62,1.72,91.75,"205,952.52"
865,14/03/2023,VIC,"53,300","53,200","53,000","53,200","52,600","52,968",-300,-0.56,1.02,53.97,1.87,99.67,2.89,153.65,"202,138.58"
866,13/03/2023,VIC,"53,100","53,100","53,300","53,400","52,500","53,102",200,0.38,1.00,52.93,0.00,0.00,1.00,52.93,"203,282.77"
867,10/03/2023,VIC,"53,000","53,000","53,100","53,300","52,500","52,795",100,0.19,0.90,47.51,0.00,0.00,0.90,47.51,"202,519.98"
868,09/03/2023,VIC,"53,000","53,000","53,000","53,600","52,600","53,016",0,0.00,1.04,54.99,1.38,73.35,2.42,128.35,"202,138.58"
869,08/03/2023,VIC,"52,700","52,200","53,000","53,300","52,200","52,774",300,0.57,0.83,43.90,1.34,70.48,2.17,114.39,"202,138.58"
870,07/03/2023,VIC,"52,600","53,000","52,700","53,200","52,400","52,920",100,0.19,1.44,76.33,0.00,0.00,1.44,76.33,"200,994.40"
871,06/03/2023,VIC,"52,700","52,700","52,600","53,300","52,100","52,726",-100,-0.19,1.57,82.77,0.95,49.91,2.52,132.68,"200,613.01"
872,03/03/2023,VIC,"52,800","52,800","52,700","53,000","52,200","52,600",-100,-0.19,0.79,41.34,0.25,13.31,1.04,54.65,"200,994.40"
873,02/03/2023,VIC,"52,700","52,500","52,800","53,300","52,300","52,832",100,0.19,0.77,40.64,0.19,10.31,0.96,50.95,"201,375.80"
874,01/03/2023,VIC,"52,600","52,000","52,700","53,300","51,600","52,664",100,0.19,0.79,41.85,0.30,16.02,1.10,57.88,"200,994.40"
875,28/02/2023,VIC,"52,500","52,500","52,600","53,000","52,000","52,536",100,0.19,0.91,47.94,0.35,18.22,1.26,66.16,"200,613.01"
876,27/02/2023,VIC,"52,900","52,000","52,500","52,500","51,400","52,127",-400,-0.76,1.39,72.45,1.75,92.47,3.14,164.92,"200,231.62"
877,24/02/2023,VIC,"53,000","52,100","52,900","52,900","51,700","52,479",-100,-0.19,2.21,115.80,0.21,10.76,2.41,126.56,"201,757.19"
878,23/02/2023,VIC,"53,000","52,800","53,000","53,100","51,100","52,257",0,0.00,2.39,124.74,0.00,0.00,2.39,124.74,"202,138.58"
879,22/02/2023,VIC,"54,300","53,500","53,000","53,600","52,400","52,827","-1,300",-2.39,2.56,135.12,0.19,9.91,2.75,145.03,"202,138.58"
880,21/02/2023,VIC,"54,100","54,200","54,300","54,700","53,700","54,260",200,0.37,1.50,81.53,0.29,15.90,1.80,97.43,"207,096.70"
881,20/02/2023,VIC,"53,500","53,300","54,100","55,000","53,000","54,095",600,1.12,1.52,81.96,0.00,0.00,1.52,81.96,"206,333.91"
882,17/02/2023,VIC,"53,400","53,400","53,500","53,500","52,200","53,088",100,0.19,1.87,99.35,0.30,15.67,2.17,115.03,"204,045.55"
883,16/02/2023,VIC,"52,900","53,000","53,400","53,700","51,400","52,504",500,0.95,3.24,170.14,0.00,0.00,3.24,170.14,"203,664.16"
884,15/02/2023,VIC,"52,900","52,700","52,900","52,900","50,900","51,935",0,0.00,3.35,173.76,0.10,5.42,3.45,179.18,"201,757.19"
885,14/02/2023,VIC,"53,400","53,100","52,900","53,100","50,800","52,133",-500,-0.94,3.12,162.46,0.31,16.43,3.43,178.88,"201,757.19"
886,13/02/2023,VIC,"54,000","53,100","53,400","53,600","52,500","52,969",-600,-1.11,1.41,74.43,0.22,11.83,1.63,86.26,"203,664.16"
887,10/02/2023,VIC,"54,200","53,500","54,000","54,300","52,600","53,424",-200,-0.37,1.70,90.61,0.16,8.49,1.85,99.10,"205,952.52"
888,09/02/2023,VIC,"54,400","53,500","54,200","54,500","52,400","53,276",-200,-0.37,3.01,160.19,0.03,1.66,3.04,161.85,"206,715.31"
889,08/02/2023,VIC,"55,000","54,600","54,400","54,600","53,000","53,823",-600,-1.09,2.15,115.49,0.00,0.00,2.15,115.49,"207,478.09"
890,07/02/2023,VIC,"56,000","56,000","55,000","56,000","53,600","54,595","-1,000",-1.79,1.65,89.81,0.16,8.78,1.80,98.59,"209,766.46"
891,06/02/2023,VIC,"56,000","55,300","56,000","56,000","54,300","55,069",0,0.00,1.42,77.98,0.00,0.00,1.42,77.98,"213,580.39"
892,03/02/2023,VIC,"55,800","56,000","56,000","56,000","55,000","55,444",200,0.36,1.20,66.50,0.00,0.00,1.20,66.50,"213,580.39"
893,02/02/2023,VIC,"55,200","55,200","55,800","56,100","55,100","55,701",600,1.09,1.33,74.00,0.03,1.66,1.36,75.66,"212,817.60"
894,01/02/2023,VIC,"57,100","57,600","55,200","57,600","54,800","56,240","-1,900",-3.33,1.85,104.13,0.00,0.00,1.85,104.13,"210,529.24"
895,31/01/2023,VIC,"57,700","58,100","57,100","58,500","56,500","57,233",-600,-1.04,1.38,78.86,0.00,0.00,1.38,78.86,"217,775.72"
896,30/01/2023,VIC,"59,200","59,500","57,700","59,500","57,500","58,273","-1,500",-2.53,1.12,65.53,0.00,0.00,1.12,65.53,"220,064.08"
897,27/01/2023,VIC,"57,400","57,800","59,200","59,300","57,600","58,910","1,800",3.14,2.20,129.47,0.00,0.00,2.20,129.47,"225,784.99"
898,19/01/2023,VIC,"56,700","56,300","57,400","57,400","56,000","57,042",700,1.23,2.34,133.65,0.10,5.71,2.44,139.36,"218,919.90"
899,18/01/2023,VIC,"55,200","55,400","56,700","56,700","55,000","56,100","1,500",2.72,1.65,92.41,0.00,0.00,1.65,92.41,"216,250.15"
900,17/01/2023,VIC,"54,800","53,500","55,200","55,200","53,500","54,554",400,0.73,1.37,74.80,0.00,0.00,1.37,74.80,"210,529.24"
901,16/01/2023,VIC,"55,000","55,000","54,800","55,000","53,400","54,246",-200,-0.36,1.69,91.52,1.40,77.00,3.09,168.52,"209,003.67"
902,13/01/2023,VIC,"55,000","55,000","55,000","55,300","54,400","54,894",0,0.00,1.22,67.18,0.00,0.00,1.22,67.18,"209,766.46"
903,12/01/2023,VIC,"55,100","55,500","55,000","55,500","54,500","54,903",-100,-0.18,1.07,58.58,0.00,0.00,1.07,58.58,"209,766.46"
904,11/01/2023,VIC,"54,500","54,500","55,100","55,500","54,100","55,056",600,1.10,1.09,59.77,0.55,29.87,1.63,89.64,"210,147.85"
905,10/01/2023,VIC,"55,000","55,000","54,500","55,000","53,600","54,076",-500,-0.91,1.74,94.25,0.20,10.81,1.94,105.06,"207,859.49"
906,09/01/2023,VIC,"56,100","56,200","55,000","56,200","55,000","55,595","-1,100",-1.96,1.20,66.95,0.00,0.00,1.20,66.95,"209,766.46"
907,06/01/2023,VIC,"56,200","56,000","56,100","56,100","54,900","55,643",-100,-0.18,1.95,108.56,1.20,67.16,3.15,175.72,"213,961.78"
908,05/01/2023,VIC,"56,000","56,100","56,200","56,900","55,800","56,312",200,0.36,1.64,92.46,0.00,0.00,1.64,92.46,"214,343.18"
909,04/01/2023,VIC,"56,800","56,900","56,000","57,100","55,900","56,386",-800,-1.41,1.93,108.73,0.60,34.08,2.53,142.81,"213,580.39"
910,03/01/2023,VIC,"53,800","53,800","56,800","56,800","53,400","54,875","3,000",5.58,2.01,110.26,0.00,0.00,2.01,110.26,"216,631.54"
911,30/12/2022,VIC,"53,600","53,800","53,800","53,900","53,000","53,590",200,0.37,2.46,131.92,0.00,0.00,2.46,131.92,"205,189.73"
912,29/12/2022,VIC,"53,500","53,200","53,600","54,000","52,500","53,260",100,0.19,2.14,113.73,16.71,893.07,18.84,"1,006.80","204,426.95"
913,28/12/2022,VIC,"53,400","53,500","53,500","53,500","52,100","52,751",100,0.19,2.09,110.20,1.20,64.08,3.29,174.28,"204,045.55"
914,27/12/2022,VIC,"52,900","52,900","53,400","54,800","52,100","53,167",500,0.95,1.84,98.04,0.02,1.16,1.87,99.20,"203,664.16"
915,26/12/2022,VIC,"55,100","55,000","52,900","55,000","52,500","53,159","-2,200",-3.99,2.37,125.87,0.00,0.00,2.37,125.87,"201,757.19"
916,23/12/2022,VIC,"55,000","55,300","55,100","55,900","53,900","54,745",100,0.18,1.87,102.17,1.55,84.88,3.41,187.05,"210,147.85"
917,22/12/2022,VIC,"54,900","56,000","55,000","57,000","55,000","55,936",100,0.18,2.43,136.12,1.32,72.42,3.75,208.54,"209,766.46"
918,21/12/2022,VIC,"55,900","56,600","54,900","57,000","54,800","55,548","-1,000",-1.79,2.48,137.62,0.00,0.00,2.48,137.62,"209,385.06"
919,20/12/2022,VIC,"56,500","56,500","55,900","57,800","55,100","56,225",-600,-1.06,2.09,117.42,1.00,56.50,3.09,173.92,"213,199.00"
920,19/12/2022,VIC,"58,400","59,000","56,500","59,400","56,500","57,584","-1,900",-3.25,2.87,165.47,0.17,9.93,3.04,175.40,"215,487.36"
921,16/12/2022,VIC,"60,600","60,600","58,400","60,800","58,400","59,234","-2,200",-3.63,3.28,194.56,0.41,24.72,3.69,219.28,"222,733.84"
922,15/12/2022,VIC,"60,800","61,100","60,600","61,600","60,300","60,938",-200,-0.33,2.31,140.88,1.00,60.80,3.31,201.68,"231,124.49"
923,14/12/2022,VIC,"61,600","62,500","60,800","63,700","60,300","61,399",-800,-1.30,2.90,177.90,0.05,3.00,2.95,180.91,"231,887.28"
924,13/12/2022,VIC,"63,100","63,900","61,600","64,000","60,100","61,994","-1,500",-2.38,2.86,177.37,0.15,9.45,3.01,186.82,"234,938.43"
925,12/12/2022,VIC,"67,800","67,800","63,100","68,000","63,100","65,864","-4,700",-6.93,2.85,187.79,0.40,26.60,3.25,214.39,"240,659.33"
926,09/12/2022,VIC,"69,900","70,500","67,800","71,700","67,800","69,115","-2,100",-3.00,2.66,183.89,0.50,34.83,3.16,218.72,"258,584.83"
927,08/12/2022,VIC,"71,200","74,400","69,900","74,500","69,900","73,153","-1,300",-1.83,5.60,409.84,0.00,0.00,5.60,409.84,"266,594.10"
928,07/12/2022,VIC,"66,600","69,200","71,200","71,200","68,500","70,618","4,600",6.91,9.42,665.33,0.00,0.00,9.42,665.33,"271,552.21"
929,06/12/2022,VIC,"68,100","68,100","66,600","68,500","65,000","66,888","-1,500",-2.20,1.80,120.62,0.00,0.00,1.80,120.62,"254,008.11"
930,05/12/2022,VIC,"68,800","68,800","68,100","70,000","68,000","68,933",-700,-1.02,2.30,158.68,0.00,0.00,2.30,158.68,"259,729.01"
931,02/12/2022,VIC,"66,000","65,100","68,800","68,800","65,100","67,400","2,800",4.24,3.59,242.06,0.00,0.00,3.59,242.06,"262,398.77"
932,01/12/2022,VIC,"69,600","69,400","66,000","69,600","66,000","67,960","-3,600",-5.17,3.20,217.78,0.00,0.00,3.20,217.78,"251,719.75"
933,30/11/2022,VIC,"69,400","69,500","69,600","70,200","68,000","69,122",200,0.29,3.23,222.92,0.00,0.00,3.23,222.92,"265,449.92"
934,29/11/2022,VIC,"65,000","65,000","69,400","69,400","64,200","66,405","4,400",6.77,3.56,236.34,0.00,0.00,3.56,236.34,"264,687.13"
935,28/11/2022,VIC,"65,000","66,500","65,000","67,100","65,000","66,628",0,0.00,3.25,216.54,0.00,0.00,3.25,216.54,"247,905.81"
936,25/11/2022,VIC,"61,000","63,000","65,000","65,000","62,600","64,441","4,000",6.56,2.29,147.63,0.00,0.00,2.29,147.63,"247,905.81"
937,24/11/2022,VIC,"59,700","60,000","61,000","62,100","60,000","60,987","1,300",2.18,1.14,69.63,0.00,0.00,1.14,69.63,"232,650.07"
938,23/11/2022,VIC,"61,000","60,100","59,700","62,600","59,700","61,111","-1,300",-2.13,1.00,61.04,0.00,0.00,1.00,61.04,"227,691.95"
939,22/11/2022,VIC,"64,000","64,000","61,000","65,900","61,000","62,774","-3,000",-4.69,1.47,92.05,0.00,0.00,1.47,92.05,"232,650.07"
940,21/11/2022,VIC,"65,600","66,000","64,000","66,700","63,600","64,652","-1,600",-2.44,1.20,77.47,0.00,0.00,1.20,77.47,"244,091.88"
941,18/11/2022,VIC,"64,600","66,900","65,600","66,900","63,100","65,204","1,000",1.55,1.69,110.42,0.00,0.00,1.69,110.42,"250,194.17"
942,17/11/2022,VIC,"60,400","62,400","64,600","64,600","60,500","64,478","4,200",6.95,4.79,308.55,0.00,0.00,4.79,308.55,"246,380.24"
943,16/11/2022,VIC,"57,000","56,900","60,400","60,900","56,100","59,316","3,400",5.96,2.25,133.43,0.00,0.00,2.25,133.43,"230,361.71"
944,15/11/2022,VIC,"55,000","55,900","57,000","57,500","55,000","56,676","2,000",3.64,1.58,89.74,0.00,0.00,1.58,89.74,"217,394.33"
945,14/11/2022,VIC,"54,300","54,200","55,000","55,500","53,100","55,008",700,1.29,1.39,76.71,0.00,0.00,1.39,76.71,"209,766.46"
946,11/11/2022,VIC,"53,000","53,000","54,300","54,800","52,500","54,039","1,300",2.45,0.94,50.72,0.00,0.00,0.94,50.72,"207,096.70"
947,10/11/2022,VIC,"53,700","53,600","53,000","54,000","52,000","53,209",-700,-1.30,1.56,82.90,0.00,0.00,1.56,82.90,"202,138.58"
948,09/11/2022,VIC,"53,300","53,300","53,700","54,300","52,200","53,528",400,0.75,1.57,84.25,0.00,0.00,1.57,84.25,"204,808.34"
949,08/11/2022,VIC,"53,400","52,200","53,300","53,300","49,700","51,375",-100,-0.19,2.48,127.21,0.60,31.80,3.08,159.01,"203,282.77"
950,07/11/2022,VIC,"54,300","54,000","53,400","54,000","51,700","53,023",-900,-1.66,1.70,90.27,0.00,0.00,1.70,90.27,"203,664.16"
951,04/11/2022,VIC,"55,100","54,900","54,300","54,900","52,100","53,460",-800,-1.45,1.62,86.49,0.00,0.00,1.62,86.49,"207,096.70"
952,03/11/2022,VIC,"55,400","54,400","55,100","55,100","54,300","54,758",-300,-0.54,0.91,49.81,0.00,0.00,0.91,49.81,"210,147.85"
953,02/11/2022,VIC,"55,400","55,300","55,400","55,400","54,000","54,893",0,0.00,1.35,74.24,0.00,0.00,1.35,74.24,"211,292.03"
954,01/11/2022,VIC,"55,400","55,700","55,400","55,800","54,000","54,953",0,0.00,1.42,77.98,0.00,0.00,1.42,77.98,"211,292.03"
955,31/10/2022,VIC,"55,700","56,000","55,400","56,400","54,300","55,232",-300,-0.54,1.05,58.15,2.00,111.40,3.05,169.55,"211,292.03"
956,28/10/2022,VIC,"55,000","55,400","55,700","55,800","53,500","54,860",700,1.27,1.28,70.28,0.00,0.00,1.28,70.28,"212,436.21"
957,27/10/2022,VIC,"54,800","54,600","55,000","55,000","52,500","54,353",200,0.36,1.97,107.34,0.00,0.00,1.97,107.34,"209,766.46"
958,26/10/2022,VIC,"56,100","56,100","54,800","56,100","53,500","54,256","-1,300",-2.32,1.05,57.19,1.34,74.95,2.39,132.14,"209,003.67"
959,25/10/2022,VIC,"56,500","56,300","56,100","56,300","53,000","55,004",-400,-0.71,1.45,79.57,0.00,0.00,1.45,79.57,"213,961.78"
960,24/10/2022,VIC,"56,800","56,000","56,500","56,600","52,900","54,861",-300,-0.53,1.61,88.11,0.00,0.00,1.61,88.11,"215,487.36"
961,21/10/2022,VIC,"58,600","58,500","56,800","58,500","54,500","56,275","-1,800",-3.07,1.41,79.61,0.00,0.00,1.41,79.61,"216,631.54"
962,20/10/2022,VIC,"58,500","58,100","58,600","58,700","57,200","58,513",100,0.17,1.10,64.32,0.00,0.00,1.10,64.32,"223,496.62"
963,19/10/2022,VIC,"58,400","58,500","58,500","58,700","56,500","57,695",100,0.17,0.83,47.68,0.00,0.00,0.83,47.68,"223,115.23"
964,18/10/2022,VIC,"56,000","56,500","58,400","58,600","56,500","58,150","2,400",4.29,0.61,35.24,0.02,1.04,0.63,36.29,"222,733.84"
965,17/10/2022,VIC,"59,700","58,600","56,000","59,000","56,000","57,370","-3,700",-6.20,0.74,42.38,1.00,59.70,1.74,102.08,"213,580.39"
966,14/10/2022,VIC,"60,400","60,500","59,700","60,500","58,400","59,287",-700,-1.16,0.78,46.21,0.00,0.00,0.78,46.21,"227,691.95"
967,13/10/2022,VIC,"60,000","58,700","60,400","61,000","58,200","59,496",400,0.67,1.25,74.16,1.83,109.56,3.07,183.72,"230,361.71"
968,12/10/2022,VIC,"60,000","60,000","60,000","60,200","58,300","59,641",0,0.00,1.71,101.97,0.00,0.00,1.71,101.97,"228,836.13"
969,11/10/2022,VIC,"60,200","58,300","60,000","60,100","56,700","58,831",-200,-0.33,2.19,128.65,2.17,130.91,4.36,259.57,"228,836.13"
970,10/10/2022,VIC,"60,200","60,200","60,200","60,900","57,700","58,956",0,0.00,1.24,73.01,1.82,109.56,3.06,182.58,"229,598.92"
971,07/10/2022,VIC,"60,100","60,500","60,200","60,700","58,300","60,000",100,0.17,2.99,179.27,0.00,0.00,2.99,179.27,"229,598.92"
972,06/10/2022,VIC,"60,000","59,800","60,100","62,000","58,100","59,891",100,0.17,1.01,60.60,0.00,0.00,1.01,60.60,"229,217.53"
973,05/10/2022,VIC,"57,000","57,500","60,000","60,900","57,000","59,382","3,000",5.26,1.33,78.86,0.00,0.00,1.33,78.86,"228,836.13"
974,04/10/2022,VIC,"55,500","56,000","57,000","57,000","54,600","56,090","1,500",2.70,1.30,72.73,0.40,22.48,1.70,95.21,"217,394.33"
975,03/10/2022,VIC,"55,000","54,900","55,500","55,500","53,000","54,428",500,0.91,1.45,79.07,0.41,22.16,1.86,101.23,"211,673.42"
976,30/09/2022,VIC,"54,600","53,300","55,000","56,400","53,300","55,449",400,0.73,1.72,95.61,0.00,0.00,1.72,95.61,"209,766.46"
977,29/09/2022,VIC,"57,500","57,700","54,600","58,200","54,300","55,432","-2,900",-5.04,1.70,94.30,0.00,0.00,1.70,94.30,"208,240.88"
978,28/09/2022,VIC,"61,000","60,100","57,500","60,800","57,500","58,564","-3,500",-5.74,1.14,66.65,1.00,61.00,2.14,127.65,"219,301.29"
979,27/09/2022,VIC,"62,000","62,100","61,000","62,200","60,800","61,541","-1,000",-1.61,0.64,39.33,0.00,0.00,0.64,39.33,"232,650.07"
980,26/09/2022,VIC,"62,600","61,800","62,000","62,600","61,600","62,060",-600,-0.96,1.20,74.22,1.00,63.00,2.20,137.22,"236,464.00"
981,23/09/2022,VIC,"63,300","63,000","62,600","63,300","62,000","62,656",-700,-1.11,0.32,20.31,0.00,0.00,0.32,20.31,"238,752.37"
982,22/09/2022,VIC,"63,100","62,500","63,300","63,300","58,700","61,749",200,0.32,1.24,76.49,0.00,0.00,1.24,76.49,"241,422.12"
983,21/09/2022,VIC,"63,900","63,500","63,100","63,600","62,700","63,064",-800,-1.25,0.48,30.44,0.16,9.98,0.64,40.42,"240,659.33"
984,20/09/2022,VIC,"62,900","62,600","63,900","63,900","62,600","63,405","1,000",1.59,0.80,50.73,0.00,0.00,0.80,50.73,"243,710.48"
985,19/09/2022,VIC,"62,500","62,500","62,900","63,300","62,100","62,758",400,0.64,0.79,49.33,0.00,0.00,0.79,49.33,"239,896.55"
986,16/09/2022,VIC,"63,900","63,200","62,500","64,500","62,500","63,238","-1,400",-2.19,1.68,106.52,0.00,0.00,1.68,106.52,"238,370.97"
987,15/09/2022,VIC,"63,400","63,500","63,900","64,000","62,800","63,429",500,0.79,0.85,54.00,0.00,0.00,0.85,54.00,"243,710.48"
988,14/09/2022,VIC,"64,100","63,500","63,400","63,700","62,100","62,918",-700,-1.09,0.71,44.74,0.00,0.00,0.71,44.74,"241,803.51"
989,13/09/2022,VIC,"64,000","64,000","64,100","64,300","63,600","64,013",100,0.16,1.06,67.80,0.00,0.00,1.06,67.80,"244,473.27"
990,12/09/2022,VIC,"64,400","64,900","64,000","64,900","63,800","64,361",-400,-0.62,0.55,35.59,0.00,0.00,0.55,35.59,"244,091.88"
991,09/09/2022,VIC,"62,900","63,200","64,400","64,400","62,900","63,959","1,500",2.38,1.19,76.35,0.00,0.00,1.19,76.35,"245,617.45"
992,08/09/2022,VIC,"62,500","63,300","62,900","63,600","62,400","63,058",400,0.64,0.84,53.04,0.00,0.00,0.84,53.04,"239,896.55"
993,07/09/2022,VIC,"63,300","63,300","62,500","63,400","62,500","62,814",-800,-1.26,1.35,84.64,0.00,0.00,1.35,84.64,"238,370.97"
994,06/09/2022,VIC,"64,000","64,100","63,300","64,800","63,100","63,833",-700,-1.09,1.34,85.26,0.00,0.00,1.34,85.26,"241,422.12"
995,05/09/2022,VIC,"63,700","64,800","64,000","65,200","64,000","64,564",300,0.47,1.31,84.59,0.30,19.38,1.61,103.97,"244,091.88"
996,31/08/2022,VIC,"63,600","64,000","63,700","65,700","63,700","64,470",100,0.16,1.24,79.74,0.20,12.87,1.44,92.61,"242,947.70"
997,30/08/2022,VIC,"63,600","63,600","63,600","64,100","63,200","63,516",0,0.00,0.87,55.16,0.00,0.00,0.87,55.16,"242,566.30"
998,29/08/2022,VIC,"65,000","64,300","63,600","64,400","63,000","63,631","-1,400",-2.15,1.34,85.11,0.00,0.00,1.34,85.11,"242,566.30"
999,26/08/2022,VIC,"65,900","66,000","65,000","66,000","65,000","65,177",-900,-1.37,0.86,56.14,0.00,0.00,0.86,56.14,"247,905.81"
1000,25/08/2022,VIC,"64,900","65,000","65,900","65,900","65,000","65,563","1,000",1.54,0.48,31.67,0.00,0.00,0.48,31.67,"251,338.35"
1001,24/08/2022,VIC,"65,000","65,200","64,900","65,800","64,900","65,189",-100,-0.15,0.79,51.34,0.00,0.00,0.79,51.34,"247,524.42"
1002,23/08/2022,VIC,"66,000","65,500","65,000","65,600","64,800","65,051","-1,000",-1.52,1.44,93.53,0.00,0.00,1.44,93.53,"247,905.81"
1003,22/08/2022,VIC,"67,900","67,200","66,000","68,000","66,000","66,897","-1,900",-2.80,1.47,98.28,0.11,7.26,1.58,105.54,"251,719.75"
1004,19/08/2022,VIC,"68,100","68,000","67,900","68,400","66,800","67,621",-200,-0.29,1.22,82.61,0.34,22.87,1.56,105.48,"258,966.22"
1005,18/08/2022,VIC,"67,300","67,200","68,100","69,300","67,200","68,693",800,1.19,2.77,190.22,0.02,1.45,2.79,191.67,"259,729.01"
1006,17/08/2022,VIC,"65,900","66,200","67,300","67,800","66,000","67,074","1,400",2.12,2.20,147.63,0.00,0.00,2.20,147.63,"256,677.86"
1007,16/08/2022,VIC,"66,400","66,400","65,900","66,400","65,700","65,923",-500,-0.75,0.86,56.84,0.00,0.00,0.86,56.84,"251,338.35"
1008,15/08/2022,VIC,"66,200","66,300","66,400","66,500","66,100","66,266",200,0.30,0.80,53.15,0.00,0.00,0.80,53.15,"253,245.32"
1009,12/08/2022,VIC,"65,800","65,800","66,200","66,200","65,500","65,922",400,0.61,0.81,53.48,0.00,0.00,0.81,53.48,"252,482.53"
1010,11/08/2022,VIC,"64,800","65,600","65,800","66,400","65,000","65,729","1,000",1.54,1.67,110.03,0.00,0.00,1.67,110.03,"250,956.96"
1011,10/08/2022,VIC,"65,300","65,000","64,800","65,600","64,700","64,925",-500,-0.77,0.97,62.84,0.00,0.00,0.97,62.84,"247,143.02"
1012,09/08/2022,VIC,"64,600","64,800","65,300","65,400","64,700","65,030",700,1.08,0.79,51.50,0.00,0.00,0.79,51.50,"249,049.99"
1013,08/08/2022,VIC,"65,400","65,400","64,600","65,700","64,600","64,979",-800,-1.22,1.01,65.65,0.00,0.00,1.01,65.65,"246,380.24"
1014,05/08/2022,VIC,"66,400","65,900","65,400","66,200","65,200","65,562","-1,000",-1.51,1.13,74.41,0.00,0.00,1.13,74.41,"249,431.39"
1015,04/08/2022,VIC,"66,000","66,000","66,400","66,400","65,400","65,910",400,0.61,1.15,75.53,0.00,0.00,1.15,75.53,"253,245.32"
1016,03/08/2022,VIC,"66,600","65,800","66,000","66,400","65,100","65,688",-600,-0.90,1.25,82.16,0.00,0.00,1.25,82.16,"251,719.75"
1017,02/08/2022,VIC,"64,700","64,800","66,600","66,600","64,500","65,366","1,900",2.94,1.37,89.72,0.00,0.00,1.37,89.72,"254,008.11"
1018,01/08/2022,VIC,"64,000","64,900","64,700","65,100","64,100","64,602",700,1.09,1.26,81.52,0.02,1.29,1.28,82.80,"246,761.63"
1019,29/07/2022,VIC,"67,000","67,800","64,000","67,800","64,000","65,034","-3,000",-4.48,1.91,124.12,0.00,0.00,1.91,124.12,"244,091.88"
1020,28/07/2022,VIC,"66,500","66,600","67,000","67,100","66,000","66,539",500,0.75,1.15,76.67,0.00,0.00,1.15,76.67,"255,533.68"
1021,27/07/2022,VIC,"66,100","66,200","66,500","66,800","66,000","66,450",400,0.61,0.58,38.63,0.00,0.00,0.58,38.63,"253,626.71"
1022,26/07/2022,VIC,"67,300","66,100","66,100","67,600","66,100","66,884","-1,200",-1.78,0.59,39.64,0.05,3.35,0.64,42.99,"252,101.14"
1023,25/07/2022,VIC,"66,500","66,900","67,300","67,400","66,500","67,004",800,1.20,0.76,50.64,0.00,0.00,0.76,50.64,"256,677.86"
1024,22/07/2022,VIC,"68,500","68,100","66,500","68,500","66,500","67,387","-2,000",-2.92,0.67,45.47,0.00,0.00,0.67,45.47,"253,626.71"
1025,21/07/2022,VIC,"68,200","68,200","68,500","68,800","68,100","68,496",300,0.44,0.93,63.74,0.00,0.00,0.93,63.74,"261,254.59"
1026,20/07/2022,VIC,"68,800","68,800","68,200","69,000","68,200","68,425",-600,-0.87,0.63,42.84,0.00,0.00,0.63,42.84,"260,110.41"
1027,19/07/2022,VIC,"68,000","68,000","68,800","69,000","68,000","68,477",800,1.18,0.66,44.88,0.00,0.00,0.66,44.88,"262,398.77"
1028,18/07/2022,VIC,"69,600","69,600","68,000","69,600","68,000","68,543","-1,600",-2.30,1.09,74.58,0.05,3.01,1.13,77.59,"259,347.62"
1029,15/07/2022,VIC,"69,500","69,100","69,600","69,800","68,600","69,282",100,0.14,1.58,109.64,0.00,0.00,1.58,109.64,"265,449.92"
1030,14/07/2022,VIC,"69,500","69,500","69,500","69,800","68,500","69,347",0,0.00,1.41,98.08,0.00,0.00,1.41,98.08,"265,068.52"
1031,13/07/2022,VIC,"69,900","68,600","69,500","70,000","68,300","69,172",-400,-0.57,2.00,138.66,0.00,0.00,2.00,138.66,"265,068.52"
1032,12/07/2022,VIC,"70,000","68,600","69,900","70,200","68,000","69,092",-100,-0.14,1.21,83.77,0.00,0.00,1.21,83.77,"266,594.10"
1033,11/07/2022,VIC,"70,000","67,700","70,000","70,000","66,200","68,601",0,0.00,2.39,163.67,0.00,0.00,2.39,163.67,"266,975.49"
1034,08/07/2022,VIC,"69,800","70,000","70,000","70,700","67,500","68,902",200,0.29,1.41,97.41,0.00,0.00,1.41,97.41,"266,975.49"
1035,07/07/2022,VIC,"67,500","68,000","69,800","69,800","66,500","68,322","2,300",3.41,2.17,148.54,0.00,0.00,2.17,148.54,"266,212.70"
1036,06/07/2022,VIC,"72,300","72,000","67,500","72,100","67,500","69,717","-4,800",-6.64,2.17,151.40,0.00,0.00,2.17,151.40,"257,440.65"
1037,05/07/2022,VIC,"72,700","72,700","72,300","72,800","72,000","72,350",-400,-0.55,1.48,106.98,0.00,0.00,1.48,106.98,"275,747.54"
1038,04/07/2022,VIC,"72,600","72,400","72,700","72,700","72,200","72,540",100,0.14,0.76,55.01,0.00,0.00,0.76,55.01,"277,273.12"
1039,01/07/2022,VIC,"73,500","73,200","72,600","73,400","72,100","72,681",-900,-1.22,1.87,135.67,0.00,0.00,1.87,135.67,"276,891.72"
1040,30/06/2022,VIC,"73,400","72,700","73,500","73,500","72,400","73,213",100,0.14,1.88,137.55,0.04,3.04,1.92,140.59,"280,324.26"
1041,29/06/2022,VIC,"73,600","72,800","73,400","73,400","72,300","73,072",-200,-0.27,1.43,104.44,0.30,21.60,1.73,126.04,"279,942.87"
1042,28/06/2022,VIC,"73,800","73,000","73,600","73,800","72,400","73,223",-200,-0.27,2.23,163.16,0.00,0.00,2.23,163.16,"280,705.66"
1043,27/06/2022,VIC,"74,600","73,800","73,800","74,800","73,500","73,777",-800,-1.07,1.82,134.45,0.00,0.00,1.82,134.45,"281,468.44"
1044,24/06/2022,VIC,"74,200","73,500","74,600","74,600","72,000","73,828",400,0.54,1.51,111.84,0.00,0.00,1.51,111.84,"284,519.59"
1045,23/06/2022,VIC,"75,000","74,100","74,200","74,200","73,000","73,938",-800,-1.07,1.55,114.52,0.00,0.00,1.55,114.52,"282,994.02"
1046,22/06/2022,VIC,"75,000","74,700","75,000","75,000","73,600","74,627",0,0.00,1.42,105.89,1.00,72.50,2.42,178.39,"286,045.17"
1047,21/06/2022,VIC,"75,600","75,200","75,000","75,200","73,800","74,779",-600,-0.79,1.96,146.28,0.00,0.00,1.96,146.28,"286,045.17"
1048,20/06/2022,VIC,"76,600","76,600","75,600","76,600","75,300","75,851","-1,000",-1.31,2.13,161.77,0.00,0.00,2.13,161.77,"288,333.53"
1049,17/06/2022,VIC,"76,600","75,800","76,600","76,600","75,100","76,322",0,0.00,3.73,284.32,0.00,0.00,3.73,284.32,"292,147.46"
1050,16/06/2022,VIC,"76,700","76,000","76,600","77,700","75,800","76,470",-100,-0.13,1.60,122.18,0.00,0.00,1.60,122.18,"292,147.46"
1051,15/06/2022,VIC,"76,600","76,600","76,700","76,900","75,300","76,416",100,0.13,2.04,155.67,0.00,0.00,2.04,155.67,"292,528.86"
1052,14/06/2022,VIC,"76,400","76,200","76,600","76,600","75,200","76,040",200,0.26,2.06,156.53,0.00,0.00,2.06,156.53,"292,147.46"
1053,13/06/2022,VIC,"78,000","76,600","76,400","77,400","76,200","76,615","-1,600",-2.05,1.80,137.56,0.00,0.00,1.80,137.56,"291,384.68"
1054,10/06/2022,VIC,"78,100","77,800","78,000","78,200","77,500","77,842",-100,-0.13,0.98,76.25,0.00,0.00,0.98,76.25,"297,486.97"
1055,09/06/2022,VIC,"78,100","78,000","78,100","78,200","77,300","77,789",0,0.00,1.54,119.96,0.00,0.00,1.54,119.96,"297,868.37"
1056,08/06/2022,VIC,"78,000","77,800","78,100","78,700","77,600","78,154",100,0.13,1.44,112.67,0.00,0.00,1.44,112.67,"297,868.37"
1057,07/06/2022,VIC,"78,500","78,500","78,000","78,500","77,700","77,984",-500,-0.64,1.56,121.83,0.05,3.75,1.61,125.58,"297,486.97"
1058,06/06/2022,VIC,"78,800","78,700","78,500","78,900","77,900","78,339",-300,-0.38,1.50,117.78,0.00,0.00,1.50,117.78,"299,393.94"
1059,03/06/2022,VIC,"78,900","78,100","78,800","79,200","78,000","78,525",-100,-0.13,1.25,98.09,0.00,0.00,1.25,98.09,"300,538.12"
1060,02/06/2022,VIC,"79,300","79,200","78,900","79,200","77,600","78,489",-400,-0.50,2.94,230.41,0.97,71.57,3.91,301.98,"300,919.52"
1061,01/06/2022,VIC,"78,800","78,600","79,300","79,400","78,300","78,886",500,0.63,1.54,121.42,0.48,34.82,2.01,156.24,"302,445.09"
1062,31/05/2022,VIC,"78,500","78,000","78,800","79,500","77,700","78,519",300,0.38,1.78,139.50,0.00,0.00,1.78,139.50,"300,538.12"
1063,30/05/2022,VIC,"78,000","78,000","78,500","78,500","77,200","77,976",500,0.64,1.39,108.46,0.16,11.29,1.55,119.75,"299,393.94"
1064,27/05/2022,VIC,"77,700","77,400","78,000","78,000","77,000","77,563",300,0.39,1.58,122.22,0.00,0.00,1.58,122.22,"297,486.97"
1065,26/05/2022,VIC,"77,700","77,700","77,700","77,700","76,800","77,378",0,0.00,2.08,160.69,0.00,0.00,2.08,160.69,"296,342.79"
1066,25/05/2022,VIC,"77,600","77,600","77,700","78,100","76,700","77,501",100,0.13,1.36,105.43,0.00,0.00,1.36,105.43,"296,342.79"
1067,24/05/2022,VIC,"77,400","77,000","77,600","77,600","76,400","77,113",200,0.26,1.57,120.94,0.00,0.00,1.57,120.94,"295,961.40"
1068,23/05/2022,VIC,"77,800","77,600","77,400","77,700","76,200","77,035",-400,-0.51,2.64,203.73,0.02,1.54,2.66,205.27,"295,198.61"
1069,20/05/2022,VIC,"77,900","77,900","77,800","77,900","76,500","77,174",-100,-0.13,2.33,179.90,0.00,0.00,2.33,179.90,"296,724.19"
1070,19/05/2022,VIC,"78,000","76,400","77,900","79,000","76,200","77,482",-100,-0.13,2.65,205.35,0.00,0.00,2.65,205.35,"297,105.58"
1071,18/05/2022,VIC,"78,000","78,000","78,000","78,000","76,000","77,082",0,0.00,2.96,228.54,0.21,15.51,3.18,244.05,"297,486.97"
1072,17/05/2022,VIC,"77,000","76,000","78,000","78,000","75,200","76,725","1,000",1.30,1.86,142.51,0.46,32.84,2.32,175.35,"297,486.97"
1073,16/05/2022,VIC,"78,000","79,000","77,000","79,000","76,200","77,280","-1,000",-1.28,1.99,154.10,0.55,45.10,2.54,199.21,"293,673.04"
1074,13/05/2022,VIC,"79,000","79,000","78,000","79,000","77,200","77,963","-1,000",-1.27,3.13,244.38,0.26,19.11,3.39,263.49,"297,486.97"
1075,12/05/2022,VIC,"80,500","80,000","79,000","80,000","77,100","78,635","-1,500",-1.86,2.47,194.55,0.00,0.00,2.47,194.55,"301,300.91"
1076,11/05/2022,VIC,"80,400","80,200","80,500","80,500","78,700","79,809",100,0.12,1.98,158.31,0.00,0.00,1.98,158.31,"307,021.81"
1077,10/05/2022,VIC,"79,100","78,900","80,400","80,400","78,100","79,087","1,300",1.64,2.62,207.04,0.54,39.74,3.16,246.79,"306,640.42"
1078,09/05/2022,VIC,"79,800","78,700","79,100","79,200","77,900","78,708",-700,-0.88,2.43,191.18,0.00,0.00,2.43,191.18,"301,682.30"
1079,06/05/2022,VIC,"80,000","78,500","79,800","80,000","78,000","79,121",-200,-0.25,1.69,133.72,0.96,77.00,2.65,210.71,"304,352.06"
1080,05/05/2022,VIC,"79,700","79,600","80,000","80,000","78,500","79,572",300,0.38,1.86,147.89,0.00,0.00,1.86,147.89,"305,114.84"
1081,04/05/2022,VIC,"80,000","79,600","79,700","80,000","77,700","79,151",-300,-0.38,1.44,113.66,0.03,2.42,1.47,116.08,"303,970.66"
1082,29/04/2022,VIC,"77,900","77,500","80,000","80,000","76,600","78,339","2,100",2.70,2.15,168.33,0.02,1.75,2.17,170.08,"305,114.84"
1083,28/04/2022,VIC,"78,000","78,000","77,900","78,200","76,300","77,408",-100,-0.13,1.39,107.30,0.00,0.00,1.39,107.30,"297,105.58"
1084,27/04/2022,VIC,"78,000","77,500","78,000","78,000","75,000","76,442",0,0.00,2.79,213.54,0.34,25.46,3.13,239.01,"297,486.97"
1085,26/04/2022,VIC,"76,200","73,500","78,000","78,500","73,500","76,235","1,800",2.36,3.66,279.15,0.00,0.00,3.66,279.15,"297,486.97"
1086,25/04/2022,VIC,"77,700","77,800","76,200","79,200","72,700","76,230","-1,500",-1.93,2.74,208.72,0.00,0.00,2.74,208.72,"290,621.89"
1087,22/04/2022,VIC,"77,500","77,700","77,700","79,000","77,600","78,212",200,0.26,1.87,146.04,0.03,2.36,1.90,148.41,"296,342.79"
1088,21/04/2022,VIC,"79,300","79,000","77,500","79,500","77,500","78,218","-1,800",-2.27,2.68,209.96,0.00,0.00,2.68,209.96,"295,580.01"
1089,20/04/2022,VIC,"78,800","78,000","79,300","79,800","78,000","79,139",500,0.63,1.71,135.64,0.06,4.75,1.78,140.39,"302,445.09"
1090,19/04/2022,VIC,"79,500","78,600","78,800","79,800","77,800","78,525",-700,-0.88,1.82,142.60,0.65,52.53,2.47,195.13,"300,538.12"
1091,18/04/2022,VIC,"80,700","80,000","79,500","80,100","78,100","79,123","-1,200",-1.49,2.98,236.16,0.08,5.87,3.06,242.02,"303,207.88"
1092,15/04/2022,VIC,"81,700","81,500","80,700","81,800","80,600","81,064","-1,000",-1.22,1.68,136.06,0.00,0.00,1.68,136.06,"307,784.60"
1093,14/04/2022,VIC,"82,200","81,600","81,700","82,200","81,100","81,628",-500,-0.61,1.76,143.97,0.09,7.14,1.85,151.11,"311,598.54"
1094,13/04/2022,VIC,"81,300","81,000","82,200","82,300","80,700","81,524",900,1.11,3.15,256.50,0.15,12.20,3.30,268.69,"313,505.50"
1095,12/04/2022,VIC,"81,700","81,400","81,300","81,400","80,300","80,968",-400,-0.49,2.36,190.80,0.00,0.00,2.36,190.80,"310,072.96"
1096,08/04/2022,VIC,"79,500","80,000","81,700","82,400","80,000","81,414","2,200",2.77,5.19,422.70,0.15,12.10,5.34,434.80,"311,598.54"
1097,07/04/2022,VIC,"80,500","80,200","79,500","80,300","77,600","78,690","-1,000",-1.24,3.70,291.53,0.06,4.50,3.76,296.03,"303,207.88"
1098,06/04/2022,VIC,"82,300","80,500","80,500","82,300","79,500","80,397","-1,800",-2.19,5.68,456.58,0.60,48.44,6.28,505.02,"307,021.81"
1099,05/04/2022,VIC,"82,700","82,500","82,300","83,100","81,700","82,267",-400,-0.48,3.59,295.43,0.09,7.14,3.68,302.57,"313,886.90"
1100,04/04/2022,VIC,"82,100","82,500","82,700","82,800","81,500","82,294",600,0.73,2.73,224.70,0.08,6.56,2.81,231.26,"315,412.47"
1101,01/04/2022,VIC,"81,200","81,400","82,100","82,500","80,900","81,835",900,1.11,2.61,213.58,0.00,0.00,2.61,213.58,"313,124.11"
1102,31/03/2022,VIC,"81,100","81,100","81,200","82,300","81,000","81,591",100,0.12,1.37,111.94,0.19,15.24,1.56,127.18,"309,691.57"
1103,30/03/2022,VIC,"80,800","82,500","81,100","82,700","80,400","81,647",300,0.37,3.09,252.16,0.00,0.00,3.09,252.16,"309,310.17"
1104,29/03/2022,VIC,"80,500","80,000","80,800","81,800","79,800","80,799",300,0.37,2.80,226.10,0.10,8.61,2.90,234.71,"308,165.99"
1105,28/03/2022,VIC,"81,000","79,900","80,500","81,200","79,700","80,320",-500,-0.62,2.34,187.94,0.19,15.24,2.52,203.18,"307,021.81"
1106,25/03/2022,VIC,"81,000","80,600","81,000","81,000","79,700","80,537",0,0.00,2.19,176.66,0.00,0.00,2.19,176.66,"308,928.78"
1107,24/03/2022,VIC,"81,400","81,400","81,000","81,400","80,400","80,702",-400,-0.49,2.00,161.02,0.57,46.79,2.57,207.81,"308,928.78"
1108,23/03/2022,VIC,"82,200","82,100","81,400","82,400","81,400","81,871",-800,-0.97,1.53,125.20,15.36,"1,262.26",16.89,"1,387.46","310,454.35"
1109,22/03/2022,VIC,"81,000","81,000","82,200","82,400","81,000","81,920","1,200",1.48,3.63,297.52,0.00,0.00,3.63,297.52,"313,505.50"
1110,21/03/2022,VIC,"78,800","78,800","81,000","81,000","78,300","79,740","2,200",2.79,3.71,295.46,0.05,3.95,3.76,299.41,"308,928.78"
1111,18/03/2022,VIC,"78,400","78,300","78,800","79,500","77,400","78,376",400,0.51,5.52,432.69,3.27,256.47,8.79,689.16,"300,538.12"
1112,17/03/2022,VIC,"78,100","78,300","78,400","78,500","77,300","77,988",300,0.38,2.57,200.11,10.22,798.18,12.79,998.29,"299,012.55"
1113,16/03/2022,VIC,"78,300","78,300","78,100","78,400","77,200","77,574",-200,-0.26,2.95,228.84,0.07,5.51,3.02,234.35,"297,868.37"
1114,15/03/2022,VIC,"78,300","78,000","78,300","78,600","77,000","77,644",0,0.00,2.73,212.27,0.14,11.03,2.87,223.30,"298,631.15"
1115,14/03/2022,VIC,"79,000","78,800","78,300","78,800","77,400","77,957",-700,-0.89,2.62,204.46,0.05,3.80,2.67,208.26,"298,631.15"
1116,11/03/2022,VIC,"79,100","78,800","79,000","79,000","77,800","78,373",-100,-0.13,2.22,174.18,0.00,0.00,2.22,174.18,"301,300.91"
1117,10/03/2022,VIC,"78,000","78,500","79,100","80,600","78,000","79,696","1,100",1.41,4.37,348.00,0.00,0.00,4.37,348.00,"301,682.30"
1118,09/03/2022,VIC,"77,900","78,100","78,000","78,700","77,300","78,073",100,0.13,3.05,238.12,0.12,9.32,3.17,247.43,"297,486.97"
1119,08/03/2022,VIC,"78,500","78,000","77,900","78,900","77,100","77,629",-600,-0.76,4.29,333.05,0.02,1.55,4.31,334.60,"297,105.58"
1120,07/03/2022,VIC,"79,000","78,400","78,500","79,000","77,300","78,155",-500,-0.63,2.44,190.90,0.62,49.06,3.06,239.96,"299,393.94"
1121,04/03/2022,VIC,"79,000","79,000","79,000","79,300","77,800","78,286",0,0.00,3.82,298.85,0.09,7.07,3.91,305.91,"301,300.91"
1122,03/03/2022,VIC,"78,900","78,900","79,000","80,400","78,300","79,271",100,0.13,2.61,206.93,0.00,0.00,2.61,206.93,"301,300.91"
1123,02/03/2022,VIC,"79,200","79,200","78,900","79,200","77,200","78,344",-300,-0.38,2.40,188.10,0.00,0.00,2.40,188.10,"300,919.52"
1124,01/03/2022,VIC,"77,000","77,100","79,200","79,900","77,000","78,510","2,200",2.86,3.47,272.24,0.00,0.00,3.47,272.24,"302,063.70"
1125,28/02/2022,VIC,"79,100","79,500","77,000","79,500","77,000","77,383","-2,100",-2.65,4.68,362.04,0.07,5.37,4.75,367.41,"293,673.04"
1126,25/02/2022,VIC,"80,100","80,900","79,100","80,900","79,100","79,725","-1,000",-1.25,3.39,269.91,0.00,0.00,3.39,269.91,"301,682.30"
1127,24/02/2022,VIC,"82,500","82,300","80,100","82,400","79,300","80,630","-2,400",-2.91,6.37,513.41,0.00,0.00,6.37,513.41,"305,496.24"
1128,23/02/2022,VIC,"82,000","82,100","82,500","82,500","82,000","82,232",500,0.61,1.44,118.33,0.00,0.00,1.44,118.33,"314,649.68"
1129,22/02/2022,VIC,"83,600","83,000","82,000","83,300","81,800","82,304","-1,600",-1.91,2.98,244.87,0.60,50.16,3.58,295.03,"312,742.72"
1130,21/02/2022,VIC,"82,200","82,100","83,600","83,800","82,000","83,180","1,400",1.70,2.51,209.09,0.00,0.00,2.51,209.09,"318,845.01"
1131,18/02/2022,VIC,"83,100","82,500","82,200","82,800","82,000","82,288",-900,-1.08,2.91,239.82,0.00,0.00,2.91,239.82,"313,505.50"
1132,17/02/2022,VIC,"82,900","82,800","83,100","83,500","82,000","82,639",200,0.24,2.87,236.81,0.07,5.52,2.94,242.33,"316,938.05"
1133,16/02/2022,VIC,"83,700","83,900","82,900","83,900","82,700","83,118",-800,-0.96,1.99,165.07,0.00,0.00,1.99,165.07,"316,175.26"
1134,15/02/2022,VIC,"81,800","82,000","83,700","83,800","81,800","83,136","1,900",2.32,3.00,249.53,0.00,0.00,3.00,249.53,"319,226.41"
1135,14/02/2022,VIC,"81,700","81,700","81,800","84,000","80,700","82,351",100,0.12,4.97,409.57,0.29,23.18,5.26,432.75,"311,979.93"
1136,11/02/2022,VIC,"84,000","83,000","81,700","83,600","81,500","82,126","-2,300",-2.74,7.85,644.39,0.00,0.00,7.85,644.39,"311,598.54"
1137,10/02/2022,VIC,"85,700","85,700","84,000","86,000","81,700","83,487","-1,700",-1.98,11.09,925.74,0.00,0.00,11.09,925.74,"320,370.59"
1138,09/02/2022,VIC,"87,300","87,600","85,700","88,700","84,900","86,493","-1,600",-1.83,8.81,762.22,0.00,0.00,8.81,762.22,"326,854.28"
1139,08/02/2022,VIC,"91,200","91,300","87,300","92,300","86,700","88,368","-3,900",-4.28,8.01,707.90,0.02,1.75,8.03,709.65,"332,956.57"
1140,07/02/2022,VIC,"97,000","96,400","91,200","97,500","91,200","94,252","-5,800",-5.98,7.41,698.73,0.04,3.61,7.45,702.34,"347,830.92"
1141,28/01/2022,VIC,"96,500","95,100","97,000","97,000","94,500","96,116",500,0.52,3.00,288.31,0.00,0.00,3.00,288.31,"369,951.75"
1142,27/01/2022,VIC,"96,400","96,500","96,500","96,500","94,200","95,610",100,0.10,2.56,244.67,0.50,47.50,3.06,292.17,"367,203.23"
1143,26/01/2022,VIC,"96,000","96,500","96,400","96,500","94,500","95,624",400,0.42,1.93,184.75,0.00,0.00,1.93,184.75,"366,822.71"
1144,25/01/2022,VIC,"95,000","95,000","96,000","97,700","93,400","95,305","1,000",1.05,3.20,304.82,0.72,69.12,3.92,373.94,"365,300.62"
1145,24/01/2022,VIC,"95,500","94,900","95,000","96,000","92,500","94,381",-500,-0.52,3.94,371.42,1.00,91.00,4.94,462.42,"361,495.41"
1146,21/01/2022,VIC,"95,000","95,900","95,500","96,000","93,300","94,593",500,0.53,3.19,302.02,0.00,0.00,3.19,302.02,"363,398.01"
1147,20/01/2022,VIC,"95,800","94,600","95,000","96,300","94,600","95,183",-800,-0.84,1.69,160.79,0.00,0.00,1.69,160.79,"361,495.41"
1148,19/01/2022,VIC,"95,900","95,000","95,800","95,900","93,500","94,990",-100,-0.10,2.48,235.55,0.35,32.99,2.83,268.53,"364,539.58"
1149,18/01/2022,VIC,"97,000","97,000","95,900","97,000","94,100","95,864","-1,100",-1.13,2.03,194.80,0.73,69.80,2.76,264.60,"364,920.10"
1150,17/01/2022,VIC,"98,900","99,000","97,000","99,200","94,500","97,189","-1,900",-1.92,2.63,255.50,0.12,11.09,2.75,266.59,"369,105.83"
1151,14/01/2022,VIC,"98,800","98,200","98,900","99,600","98,200","98,871",100,0.10,1.02,100.59,0.19,17.13,1.20,117.72,"376,335.74"
1152,13/01/2022,VIC,"100,800","101,000","98,800","101,000","98,500","99,648","-2,000",-1.98,1.96,194.88,0.19,18.01,2.15,212.89,"375,955.22"
1153,12/01/2022,VIC,"101,000","101,500","100,800","101,500","98,000","99,905",-200,-0.20,2.34,233.63,0.00,0.00,2.34,233.63,"383,565.65"
1154,11/01/2022,VIC,"102,300","102,000","101,000","102,000","99,800","100,909","-1,300",-1.27,2.24,226.10,0.19,20.39,2.43,246.49,"384,326.69"
1155,10/01/2022,VIC,"102,200","102,500","102,300","105,500","102,200","103,902",100,0.10,2.91,302.20,0.19,20.99,3.10,323.18,"389,273.47"
1156,07/01/2022,VIC,"104,500","106,400","102,200","106,400","102,200","103,433","-2,300",-2.20,3.11,321.55,0.02,2.06,3.13,323.62,"388,892.95"
1157,06/01/2022,VIC,"100,000","101,000","104,500","106,400","100,500","104,924","4,500",4.50,5.06,531.06,1.39,142.38,6.45,673.44,"397,644.95"
1158,05/01/2022,VIC,"101,000","100,800","100,000","102,200","99,500","100,982","-1,000",-0.99,3.40,342.98,0.19,18.05,3.59,361.03,"380,521.48"
1159,04/01/2022,VIC,"95,100","96,000","101,000","101,500","95,700","98,693","5,900",6.20,3.07,303.10,0.96,97.64,4.03,400.74,"384,326.69"
1160,31/12/2021,VIC,"95,000","95,200","95,100","96,300","94,200","95,088",100,0.11,1.27,120.48,0.19,18.94,1.45,139.42,"361,875.93"
1161,30/12/2021,VIC,"95,500","95,800","95,000","96,400","95,000","95,325",-500,-0.52,1.66,158.47,0.24,24.70,1.90,183.17,"361,495.41"
1162,29/12/2021,VIC,"98,400","98,000","95,500","98,000","95,200","96,204","-2,900",-2.95,2.29,220.49,0.03,3.15,2.32,223.64,"363,398.01"
1163,28/12/2021,VIC,"99,000","99,100","98,400","99,300","96,500","97,804",-600,-0.61,1.74,169.92,0.21,19.01,1.94,188.92,"374,433.14"
1164,27/12/2021,VIC,"96,500","97,000","99,000","99,000","96,500","97,596","2,500",2.59,1.91,186.16,0.59,54.06,2.50,240.23,"376,716.26"
1165,24/12/2021,VIC,"96,000","96,500","96,500","96,900","95,100","96,125",500,0.52,1.42,136.07,0.50,48.87,1.92,184.94,"367,203.23"
1166,23/12/2021,VIC,"99,600","99,600","96,000","100,000","96,000","97,739","-3,600",-3.61,2.77,270.85,0.19,19.85,2.96,290.70,"365,300.62"
1167,22/12/2021,VIC,"98,100","98,200","99,600","100,100","98,200","99,476","1,500",1.53,2.41,239.80,0.99,97.40,3.40,337.20,"378,999.39"
1168,21/12/2021,VIC,"99,000","99,000","98,100","100,800","98,100","99,263",-900,-0.91,1.47,145.65,0.02,1.84,1.49,147.49,"373,291.57"
1169,20/12/2021,VIC,"102,000","102,000","99,000","102,000","99,000","100,296","-3,000",-2.94,1.37,137.69,0.69,71.44,2.06,209.13,"376,716.26"
1170,17/12/2021,VIC,"100,000","100,000","102,000","102,700","98,800","101,458","2,000",2.00,6.66,675.21,0.49,49.96,7.15,725.16,"388,131.91"
1171,16/12/2021,VIC,"100,000","100,000","100,000","101,500","98,300","99,728",0,0.00,3.10,308.68,0.40,37.60,3.50,346.28,"380,521.48"
1172,15/12/2021,VIC,"102,500","102,700","100,000","102,700","99,900","100,726","-2,500",-2.44,2.90,291.83,1.41,138.09,4.30,429.93,"380,521.48"
1173,14/12/2021,VIC,"103,200","103,000","102,500","103,100","101,600","102,272",-700,-0.68,2.63,268.88,0.19,21.20,2.82,290.08,"390,034.52"
1174,13/12/2021,VIC,"103,100","102,700","103,200","104,500","101,000","102,724",100,0.10,4.08,418.72,0.00,0.00,4.08,418.72,"392,698.17"
1175,10/12/2021,VIC,"107,000","107,000","103,100","107,200","103,100","104,900","-3,900",-3.64,3.08,323.15,0.00,0.00,3.08,323.15,"392,317.64"
1176,09/12/2021,VIC,"105,900","105,000","107,000","107,500","104,000","106,016","1,100",1.04,3.17,336.43,0.23,23.74,3.40,360.17,"407,157.98"
1177,08/12/2021,VIC,"106,700","106,500","105,900","107,000","103,500","105,082",-800,-0.75,3.54,371.94,0.10,10.48,3.64,382.42,"402,972.25"
1178,07/12/2021,VIC,"105,600","107,400","106,700","107,500","105,600","106,604","1,100",1.04,3.03,322.62,0.34,35.85,3.36,358.46,"406,016.42"
1179,06/12/2021,VIC,"105,500","107,900","105,600","109,000","103,600","107,021",100,0.09,5.83,623.41,0.16,17.07,5.99,640.48,"401,830.68"
1180,03/12/2021,VIC,"107,200","109,100","105,500","109,600","105,500","108,479","-1,700",-1.59,5.15,558.93,0.28,30.11,5.43,589.04,"401,450.16"
1181,02/12/2021,VIC,"106,000","106,000","107,200","108,500","105,100","106,631","1,200",1.13,4.43,472.22,0.96,104.13,5.39,576.35,"407,919.03"
1182,01/12/2021,VIC,"105,000","105,000","106,000","107,300","104,000","105,447","1,000",0.95,4.08,430.44,0.36,37.08,4.44,467.52,"403,352.77"
1183,30/11/2021,VIC,"105,300","105,500","105,000","106,900","103,500","105,188",-300,-0.28,4.67,491.68,0.10,10.49,4.77,502.17,"399,547.55"
1184,29/11/2021,VIC,"98,500","99,000","105,300","105,300","98,500","103,022","6,800",6.90,8.74,900.65,0.56,57.98,9.30,958.62,"400,689.12"
1185,26/11/2021,VIC,"94,000","95,900","98,500","100,000","95,200","98,250","4,500",4.79,8.68,852.97,0.53,52.03,9.21,905.00,"374,813.66"
1186,25/11/2021,VIC,"94,100","94,800","94,000","94,800","93,800","94,257",-100,-0.11,1.40,132.13,0.60,58.50,2.00,190.63,"357,690.19"
1187,24/11/2021,VIC,"94,800","94,800","94,100","95,200","93,500","94,097",-700,-0.74,2.05,192.44,0.80,76.00,2.85,268.44,"358,070.71"
1188,23/11/2021,VIC,"94,800","94,000","94,800","95,000","93,500","94,295",0,0.00,1.38,130.38,0.00,0.00,1.38,130.38,"360,734.36"
1189,22/11/2021,VIC,"94,800","94,500","94,800","95,000","93,000","94,166",0,0.00,2.15,202.66,0.30,27.30,2.45,229.96,"360,734.36"
1190,19/11/2021,VIC,"94,500","94,600","94,800","96,000","94,000","95,032",300,0.32,2.03,193.15,0.32,29.30,2.35,222.45,"360,734.36"
1191,18/11/2021,VIC,"96,300","97,000","94,500","98,500","94,500","96,630","-1,800",-1.87,3.87,374.07,0.03,2.70,3.90,376.76,"359,592.80"
1192,17/11/2021,VIC,"94,800","94,700","96,300","97,000","94,200","95,852","1,500",1.58,2.82,269.90,0.00,0.00,2.82,269.90,"366,442.18"
1193,16/11/2021,VIC,"95,000","95,000","94,800","95,100","93,900","94,377",-200,-0.21,1.64,155.15,0.60,58.50,2.24,213.65,"360,734.36"
1194,15/11/2021,VIC,"94,500","94,500","95,000","95,100","94,000","94,664",500,0.53,1.92,181.98,0.00,0.00,1.92,181.98,"361,495.41"
1195,12/11/2021,VIC,"94,800","94,800","94,500","94,800","93,900","94,280",-300,-0.32,1.13,106.83,0.00,0.00,1.13,106.83,"359,592.80"
1196,11/11/2021,VIC,"94,900","94,900","94,800","95,000","93,900","94,618",-100,-0.11,2.19,206.89,0.00,0.00,2.19,206.89,"360,734.36"
1197,10/11/2021,VIC,"94,900","95,100","94,900","95,200","93,600","94,631",0,0.00,1.68,159.03,0.06,5.72,1.74,164.74,"361,114.88"
1198,09/11/2021,VIC,"94,900","95,400","94,900","95,400","93,200","94,546",0,0.00,2.37,224.43,1.26,112.02,3.64,336.46,"361,114.88"
1199,08/11/2021,VIC,"95,000","95,000","94,900","95,500","94,500","95,122",-100,-0.11,1.79,170.46,0.11,10.90,1.91,181.36,"361,114.88"
1200,05/11/2021,VIC,"95,000","94,500","95,000","95,000","94,000","94,590",0,0.00,1.79,169.00,0.08,7.90,1.87,176.89,"361,495.41"
1201,04/11/2021,VIC,"95,300","95,200","95,000","95,500","94,000","94,629",-300,-0.31,1.88,177.82,0.00,0.00,1.88,177.82,"361,495.41"
1202,03/11/2021,VIC,"95,800","95,800","95,300","95,800","93,900","94,807",-500,-0.52,3.57,338.29,0.00,0.00,3.57,338.29,"362,636.97"
1203,02/11/2021,VIC,"95,800","95,700","95,800","96,000","94,900","95,415",0,0.00,1.65,157.23,0.00,0.00,1.65,157.23,"364,539.58"
1204,01/11/2021,VIC,"95,800","95,800","95,800","96,000","94,900","95,413",0,0.00,2.23,212.45,0.00,0.00,2.23,212.45,"364,539.58"
1205,29/10/2021,VIC,"95,000","94,200","95,800","96,500","94,200","95,609",800,0.84,2.27,216.84,0.00,0.00,2.27,216.84,"364,539.58"
1206,28/10/2021,VIC,"95,000","95,000","95,000","95,400","93,600","94,769",0,0.00,2.09,197.70,0.00,0.00,2.09,197.70,"361,495.41"
1207,27/10/2021,VIC,"92,200","92,000","95,000","95,000","91,600","93,572","2,800",3.04,3.91,365.77,0.30,28.11,4.21,393.88,"361,495.41"
1208,26/10/2021,VIC,"92,100","91,800","92,200","92,200","90,900","91,774",100,0.11,1.34,122.60,0.00,0.00,1.34,122.60,"350,840.80"
1209,25/10/2021,VIC,"91,800","91,900","92,100","92,500","91,200","91,892",300,0.33,1.34,123.25,0.00,0.00,1.34,123.25,"350,460.28"
1210,22/10/2021,VIC,"91,000","91,000","91,800","91,800","90,800","91,333",800,0.88,1.43,130.42,0.00,0.00,1.43,130.42,"349,318.72"
1211,21/10/2021,VIC,"92,300","91,700","91,000","92,600","91,000","91,511","-1,300",-1.41,2.85,260.57,0.00,0.00,2.85,260.57,"346,274.55"
1212,20/10/2021,VIC,"92,400","92,300","92,300","92,500","89,900","91,823",-100,-0.11,3.13,287.28,0.00,0.00,3.13,287.28,"351,221.33"
1213,19/10/2021,VIC,"92,600","92,600","92,400","92,700","91,500","92,141",-200,-0.22,1.69,155.42,0.00,0.00,1.69,155.42,"351,601.85"
1214,18/10/2021,VIC,"92,600","92,300","92,600","92,900","91,100","92,285",0,0.00,2.04,188.21,0.00,0.00,2.04,188.21,"352,362.89"
1215,15/10/2021,VIC,"92,500","92,500","92,600","93,000","92,000","92,739",100,0.11,1.55,144.09,0.00,0.00,1.55,144.09,"352,362.89"
1216,14/10/2021,VIC,"93,100","93,200","92,500","93,200","91,500","92,455",-600,-0.64,2.68,247.59,0.00,0.00,2.68,247.59,"351,982.37"
1217,13/10/2021,VIC,"92,900","93,000","93,100","93,800","92,800","93,435",200,0.22,2.58,241.18,0.00,0.00,2.58,241.18,"354,265.50"
1218,12/10/2021,VIC,"91,900","92,000","92,900","93,000","92,000","92,591","1,000",1.09,2.44,225.80,0.25,23.18,2.69,248.98,"353,504.45"
1219,11/10/2021,VIC,"89,300","89,400","91,900","92,000","89,400","90,621","2,600",2.91,2.69,244.16,0.00,0.00,2.69,244.16,"349,699.24"
1220,08/10/2021,VIC,"88,800","89,000","89,300","89,500","88,800","89,212",500,0.56,1.30,115.84,0.00,0.00,1.30,115.84,"339,805.68"
1221,07/10/2021,VIC,"88,600","88,300","88,800","89,500","88,300","88,981",200,0.23,2.29,203.85,0.00,0.00,2.29,203.85,"337,903.07"
1222,06/10/2021,VIC,"88,600","88,800","88,600","89,000","88,100","88,610",0,0.00,1.74,153.90,0.00,0.00,1.74,153.90,"337,142.03"
1223,05/10/2021,VIC,"87,800","87,800","88,600","88,800","87,100","88,272",800,0.91,2.37,209.26,0.02,2.11,2.39,211.37,"337,142.03"
1224,04/10/2021,VIC,"87,700","87,600","87,800","88,000","87,100","87,564",100,0.11,1.57,137.06,0.00,0.00,1.57,137.06,"334,097.86"
1225,01/10/2021,VIC,"88,000","88,000","87,700","88,400","87,200","87,639",-300,-0.34,1.73,151.98,2.44,200.09,4.18,352.07,"333,717.34"
1226,30/09/2021,VIC,"86,700","86,500","88,000","89,400","86,500","88,046","1,300",1.50,3.40,299.77,0.00,0.00,3.40,299.77,"334,858.90"
1227,29/09/2021,VIC,"86,500","86,700","86,700","86,900","86,000","86,605",200,0.23,1.91,165.52,0.10,8.66,2.01,174.18,"329,912.12"
1228,28/09/2021,VIC,"86,100","85,300","86,500","87,000","85,200","86,173",400,0.46,2.39,205.72,0.04,3.45,2.43,209.17,"329,151.08"
1229,27/09/2021,VIC,"87,000","87,000","86,100","87,500","83,200","86,286",-900,-1.03,3.00,258.93,1.62,141.15,4.62,400.08,"327,628.99"
1230,24/09/2021,VIC,"87,100","87,100","87,000","87,500","86,300","87,059",-100,-0.11,3.21,279.27,0.02,1.74,3.23,281.01,"331,053.69"
1231,23/09/2021,VIC,"86,100","86,500","87,100","87,400","86,400","86,854","1,000",1.16,2.66,231.39,2.72,234.36,5.38,465.75,"331,434.21"
1232,22/09/2021,VIC,"85,600","85,600","86,100","86,900","85,400","85,853",500,0.58,2.85,244.30,0.20,17.25,3.05,261.54,"327,628.99"
1233,21/09/2021,VIC,"86,700","85,500","85,600","86,400","85,000","85,774","-1,100",-1.27,4.52,388.11,0.00,0.00,4.52,388.11,"325,726.39"
1234,20/09/2021,VIC,"86,800","87,000","86,700","88,900","86,000","86,911",-100,-0.12,4.01,348.93,0.00,0.00,4.01,348.93,"329,912.12"
1235,17/09/2021,VIC,"87,800","88,000","86,800","89,200","86,800","87,412","-1,000",-1.14,5.57,486.70,1.07,93.41,6.64,580.11,"330,292.64"
1236,16/09/2021,VIC,"91,400","91,400","87,800","91,400","87,800","88,468","-3,600",-3.94,15.13,"1,338.54",3.75,342.75,18.88,"1,681.29","334,097.86"
1237,15/09/2021,VIC,"92,000","92,000","91,400","92,400","91,300","91,636",-600,-0.65,1.04,95.03,5.13,472.01,6.17,567.04,"347,796.63"
1238,14/09/2021,VIC,"92,000","92,300","92,000","92,900","91,900","92,462",0,0.00,1.42,131.23,0.00,0.00,1.42,131.23,"350,079.76"
1239,13/09/2021,VIC,"91,300","91,800","92,000","93,400","91,600","92,429",700,0.77,1.83,168.97,2.00,186.00,3.83,354.97,"350,079.76"
1240,10/09/2021,VIC,"91,300","91,800","91,300","92,000","91,300","91,438",0,0.00,1.61,147.64,0.45,41.08,2.06,188.71,"347,416.11"
1241,09/09/2021,VIC,"92,000","92,200","91,300","92,400","91,300","91,521",-700,-0.76,2.70,246.80,0.15,13.70,2.85,260.49,"347,416.11"
1242,08/09/2021,VIC,"93,900","94,000","92,000","94,300","92,000","92,819","-1,900",-2.02,2.51,232.58,0.12,11.50,2.63,244.08,"350,079.76"
1243,07/09/2021,VIC,"95,000","95,500","93,900","95,500","93,900","94,383","-1,100",-1.16,2.28,215.21,0.11,10.76,2.39,225.97,"357,309.67"
1244,06/09/2021,VIC,"94,100","94,400","95,000","95,800","94,200","95,011",900,0.96,1.93,183.26,0.20,18.72,2.13,201.97,"361,495.41"
1245,01/09/2021,VIC,"94,100","94,100","94,100","95,000","94,100","94,439",0,0.00,1.30,123.06,0.00,0.00,1.30,123.06,"358,070.71"
1246,31/08/2021,VIC,"94,100","94,100","94,100","95,100","93,800","94,350",0,0.00,1.53,144.32,0.70,65.45,2.23,209.76,"358,070.71"
1247,30/08/2021,VIC,"94,800","95,000","94,100","95,300","94,100","94,665",-700,-0.74,1.41,133.94,0.39,36.70,1.80,170.64,"358,070.71"
1248,27/08/2021,VIC,"93,100","93,000","94,800","95,000","91,500","92,911","1,700",1.83,2.49,230.97,0.00,0.00,2.49,230.97,"360,734.36"
1249,26/08/2021,VIC,"94,600","94,600","93,100","94,600","93,000","93,594","-1,500",-1.59,1.77,165.31,0.00,0.00,1.77,165.31,"354,265.50"
1250,25/08/2021,VIC,"95,400","95,400","94,600","95,400","93,000","94,099",-800,-0.84,2.06,193.56,0.00,0.00,2.06,193.56,"319,977.93"
1251,24/08/2021,VIC,"96,200","96,400","95,400","97,000","95,100","95,892",-800,-0.83,1.42,135.92,0.60,61.65,2.02,197.57,"322,683.88"
1252,23/08/2021,VIC,"97,700","97,500","96,200","97,700","95,800","96,561","-1,500",-1.54,2.16,208.67,0.05,5.16,2.21,213.83,"325,389.82"
1253,20/08/2021,VIC,"104,000","100,000","97,700","102,000","97,200","98,822","-6,300",-6.06,4.95,489.55,0.05,5.20,5.00,494.75,"330,463.47"
1254,19/08/2021,VIC,"97,900","97,900","104,000","104,000","96,700","99,769","6,100",6.23,3.52,351.30,0.00,0.00,3.52,351.30,"351,772.78"
1255,18/08/2021,VIC,"98,900","99,000","97,900","100,200","97,900","98,967","-1,000",-1.01,2.30,227.40,0.19,19.27,2.49,246.66,"331,139.95"
1256,17/08/2021,VIC,"98,300","100,000","98,900","103,400","98,900","100,523",600,0.61,4.89,491.31,0.10,10.01,4.99,501.32,"334,522.39"
1257,16/08/2021,VIC,"110,900","112,000","110,600","112,700","110,600","111,352",-300,-0.27,3.09,343.61,0.00,0.00,3.09,343.61,"374,096.82"
1258,13/08/2021,VIC,"111,100","111,500","110,900","112,200","110,500","111,331",-200,-0.18,2.12,235.94,3.72,399.74,5.84,635.68,"375,111.55"
1259,12/08/2021,VIC,"111,000","111,000","111,100","112,900","110,500","111,332",100,0.09,1.83,204.12,0.00,0.00,1.83,204.12,"375,788.04"
1260,11/08/2021,VIC,"113,000","113,000","111,000","114,000","111,000","112,483","-2,000",-1.77,2.38,267.93,0.00,0.00,2.38,267.93,"375,449.80"
1261,10/08/2021,VIC,"113,100","115,000","113,000","115,000","113,000","113,885",-100,-0.09,2.83,322.36,0.09,10.22,2.92,332.58,"382,214.66"
1262,09/08/2021,VIC,"113,300","113,200","113,100","113,700","111,600","112,519",-200,-0.18,3.22,362.29,0.00,0.00,3.22,362.29,"382,552.90"
1263,06/08/2021,VIC,"114,000","115,000","113,300","115,900","113,300","114,329",-700,-0.61,3.02,345.49,0.00,0.00,3.02,345.49,"383,229.39"
1264,05/08/2021,VIC,"114,000","113,700","114,000","115,000","112,900","114,212",0,0.00,2.05,234.04,0.00,0.00,2.05,234.04,"385,597.09"
1265,04/08/2021,VIC,"114,500","115,500","114,000","116,400","114,000","115,138",-500,-0.44,2.88,331.87,0.80,87.72,3.68,419.60,"385,597.09"
1266,03/08/2021,VIC,"107,500","109,400","114,500","115,000","109,000","113,390","7,000",6.51,7.29,826.96,0.00,0.00,7.29,826.96,"387,288.30"
1267,02/08/2021,VIC,"107,200","107,500","107,500","109,600","106,900","108,222",300,0.28,1.68,182.07,0.00,0.00,1.68,182.07,"363,611.29"
1268,30/07/2021,VIC,"105,100","107,000","107,200","107,300","106,000","106,831","2,100",2.00,2.34,249.90,0.32,33.96,2.66,283.86,"362,596.56"
1269,29/07/2021,VIC,"105,200","105,500","105,100","105,600","104,500","104,863",-100,-0.10,1.08,112.89,0.00,0.00,1.08,112.89,"355,493.46"
1270,28/07/2021,VIC,"104,300","104,300","105,200","105,500","104,000","104,964",900,0.86,1.19,125.16,0.31,33.04,1.51,158.20,"355,831.70"
1271,27/07/2021,VIC,"104,200","105,000","104,300","105,800","104,300","105,189",100,0.10,1.44,151.77,0.00,0.00,1.44,151.77,"352,787.51"
1272,26/07/2021,VIC,"104,000","104,800","104,200","105,400","103,100","104,477",200,0.19,1.94,202.71,0.16,16.32,2.10,219.03,"352,449.27"
1273,23/07/2021,VIC,"106,200","106,200","104,000","108,800","104,000","106,322","-2,200",-2.07,3.09,328.41,1.91,209.80,5.00,538.21,"351,772.78"
1274,22/07/2021,VIC,"104,000","104,000","106,200","106,800","103,700","105,981","2,200",2.12,2.24,237.63,4.40,487.50,6.64,725.13,"359,214.13"
1275,21/07/2021,VIC,"103,000","103,100","104,000","106,500","102,000","104,244","1,000",0.97,2.77,288.24,11.46,"1,254.41",14.22,"1,542.66","351,772.78"
1276,20/07/2021,VIC,"102,900","102,600","103,000","103,300","100,000","101,565",100,0.10,2.13,216.36,0.24,25.02,2.37,241.38,"348,390.35"
1277,19/07/2021,VIC,"105,800","103,100","102,900","105,000","100,500","102,448","-2,900",-2.74,1.85,189.66,0.38,40.30,2.23,229.96,"348,052.11"
1278,16/07/2021,VIC,"102,000","102,100","105,800","106,100","102,100","105,107","3,800",3.73,2.16,226.84,0.17,18.28,2.33,245.12,"357,861.16"
1279,15/07/2021,VIC,"103,000","103,000","102,000","103,700","101,200","102,235","-1,000",-0.97,2.58,264.20,0.00,0.00,2.58,264.20,"345,007.92"
1280,14/07/2021,VIC,"103,000","103,000","103,000","106,400","102,000","103,609",0,0.00,2.59,267.84,0.00,0.00,2.59,267.84,"348,390.35"
1281,13/07/2021,VIC,"104,000","104,100","103,000","105,100","99,000","102,169","-1,000",-0.96,2.36,240.63,0.03,2.90,2.38,243.53,"348,390.35"
1282,12/07/2021,VIC,"108,600","108,500","104,000","110,000","101,700","105,154","-4,600",-4.24,2.86,301.15,0.00,0.00,2.86,301.15,"351,772.78"
1283,09/07/2021,VIC,"111,000","110,800","108,600","111,000","107,500","109,136","-2,400",-2.16,1.79,195.13,0.00,0.00,1.79,195.13,"367,331.96"
1284,08/07/2021,VIC,"114,000","113,000","111,000","113,000","110,500","111,324","-3,000",-2.63,1.48,164.86,0.00,0.00,1.48,164.86,"375,449.80"
1285,07/07/2021,VIC,"112,000","112,000","114,000","114,000","110,000","112,133","2,000",1.79,2.51,281.12,0.00,0.00,2.51,281.12,"385,597.09"
1286,06/07/2021,VIC,"115,000","115,000","112,000","116,000","112,000","114,363","-3,000",-2.61,2.64,301.80,0.39,44.36,3.03,346.16,"378,832.23"
1287,05/07/2021,VIC,"117,500","117,500","115,000","117,500","114,900","115,952","-2,500",-2.13,2.77,320.63,0.25,29.15,3.02,349.78,"388,979.52"
1288,02/07/2021,VIC,"118,600","118,100","117,500","118,900","117,500","117,978","-1,100",-0.93,1.79,211.07,0.00,0.00,1.79,211.07,"397,435.59"
1289,01/07/2021,VIC,"119,000","119,700","118,600","119,900","118,500","119,081",-400,-0.34,2.19,261.35,0.00,0.00,2.19,261.35,"401,156.27"
1290,30/06/2021,VIC,"118,000","118,000","119,000","121,500","118,000","120,197","1,000",0.85,2.69,322.84,0.11,12.74,2.79,335.58,"402,509.24"
1291,29/06/2021,VIC,"116,700","116,900","118,000","119,300","116,900","118,064","1,300",1.11,2.34,276.26,0.14,15.95,2.47,292.21,"399,126.81"
1292,28/06/2021,VIC,"117,500","117,500","116,700","117,600","116,700","116,961",-800,-0.68,1.71,200.12,0.36,42.47,2.07,242.59,"394,729.65"
1293,25/06/2021,VIC,"117,500","117,200","117,500","118,000","116,700","117,224",0,0.00,1.76,206.70,0.20,23.60,1.96,230.30,"397,435.59"
1294,24/06/2021,VIC,"116,900","117,900","117,500","118,200","116,800","117,455",600,0.51,1.37,161.42,0.00,0.00,1.37,161.42,"397,435.59"
1295,23/06/2021,VIC,"117,500","118,000","116,900","118,100","116,500","117,132",-600,-0.51,1.28,150.07,0.00,0.00,1.28,150.07,"395,406.14"
1296,22/06/2021,VIC,"117,400","118,000","117,500","118,700","117,100","117,894",100,0.09,2.16,254.84,0.20,21.84,2.36,276.68,"397,435.59"
1297,21/06/2021,VIC,"117,400","117,500","117,400","118,900","117,300","117,808",0,0.00,1.50,176.38,0.00,0.00,1.50,176.38,"397,097.35"
1298,18/06/2021,VIC,"117,000","118,000","117,400","118,300","117,000","117,601",400,0.34,1.79,210.32,0.05,6.14,1.84,216.46,"397,097.35"
1299,17/06/2021,VIC,"119,100","118,000","117,000","118,900","117,000","117,556","-2,100",-1.76,2.85,333.27,0.20,25.48,3.05,358.75,"395,744.38"
1300,16/06/2021,VIC,"121,700","121,700","119,100","121,700","119,000","119,952","-2,600",-2.14,1.18,141.62,0.00,0.00,1.18,141.62,"402,847.48"
1301,15/06/2021,VIC,"120,000","120,000","121,700","122,000","119,500","121,051","1,700",1.42,1.35,163.18,1.54,186.44,2.89,349.61,"411,641.80"
1302,14/06/2021,VIC,"118,000","118,200","120,000","120,500","118,100","119,363","2,000",1.69,1.93,230.74,0.32,36.17,2.25,266.91,"405,891.67"
1303,11/06/2021,VIC,"116,500","117,000","118,000","118,000","116,300","117,123","1,500",1.29,1.73,202.51,0.00,0.00,1.73,202.51,"399,126.81"
1304,10/06/2021,VIC,"118,800","118,500","116,500","119,200","116,500","117,711","-2,300",-1.94,2.93,344.78,0.02,2.50,2.95,347.28,"394,053.16"
1305,09/06/2021,VIC,"119,800","120,000","118,800","121,000","117,000","119,269","-1,000",-0.83,1.81,216.27,0.20,23.85,2.01,240.12,"401,832.75"
1306,08/06/2021,VIC,"123,000","124,900","119,800","125,700","119,000","123,525","-3,200",-2.60,2.70,333.47,0.30,36.69,3.00,370.16,"405,215.18"
1307,07/06/2021,VIC,"121,000","122,800","123,000","126,500","122,000","124,125","2,000",1.65,3.68,457.01,0.00,0.00,3.68,457.01,"416,038.96"
1308,04/06/2021,VIC,"118,500","118,500","121,000","121,000","118,500","120,085","2,500",2.11,3.69,443.02,0.00,0.00,3.69,443.02,"409,274.10"
1309,03/06/2021,VIC,"117,500","118,000","118,500","118,800","117,000","117,759","1,000",0.85,2.49,293.09,0.12,14.46,2.61,307.55,"400,818.02"
1310,02/06/2021,VIC,"120,000","120,200","117,500","121,900","117,000","119,830","-2,500",-2.08,3.13,375.14,0.00,0.00,3.13,375.14,"397,435.59"
1311,01/06/2021,VIC,"117,500","116,200","120,000","121,000","116,000","117,910","2,500",2.13,2.16,254.14,0.00,0.00,2.16,254.14,"405,891.67"
1312,31/05/2021,VIC,"119,800","119,800","117,500","120,000","116,000","117,316","-2,300",-1.92,1.85,216.66,0.30,34.31,2.14,250.97,"397,435.59"
1313,28/05/2021,VIC,"120,300","120,100","119,800","123,000","119,000","121,492",-500,-0.42,1.85,224.44,0.00,0.00,1.85,224.44,"405,215.18"
1314,27/05/2021,VIC,"121,700","120,900","120,300","121,000","119,000","120,052","-1,400",-1.15,2.08,249.87,0.41,48.72,2.49,298.59,"406,906.40"
1315,26/05/2021,VIC,"122,300","122,000","121,700","122,200","120,500","121,384",-600,-0.49,1.68,203.62,0.00,0.00,1.68,203.62,"411,641.80"
1316,25/05/2021,VIC,"122,100","122,400","122,300","122,400","121,200","121,660",200,0.16,1.51,184.30,0.00,0.00,1.51,184.30,"413,671.26"
1317,24/05/2021,VIC,"122,500","122,500","122,100","123,600","121,000","122,418",-400,-0.33,1.99,243.10,0.00,0.00,1.99,243.10,"412,994.78"
1318,21/05/2021,VIC,"122,900","123,000","122,500","123,000","120,500","121,498",-400,-0.33,1.62,197.12,0.04,4.65,1.66,201.77,"414,347.75"
1319,20/05/2021,VIC,"120,100","120,100","122,900","123,200","120,000","121,676","2,800",2.33,2.08,253.68,0.00,0.00,2.08,253.68,"415,700.72"
1320,19/05/2021,VIC,"121,000","120,000","120,100","121,000","118,100","119,229",-900,-0.74,2.18,259.73,0.00,0.00,2.18,259.73,"406,229.91"
1321,18/05/2021,VIC,"124,000","124,000","121,000","126,000","121,000","123,356","-3,000",-2.42,2.45,302.56,0.00,0.00,2.45,302.56,"409,274.10"
1322,17/05/2021,VIC,"125,300","126,000","124,000","130,000","124,000","126,339","-1,300",-1.04,2.42,305.48,0.00,0.00,2.42,305.48,"419,421.39"
1323,14/05/2021,VIC,"126,500","126,500","125,300","127,000","123,200","125,368","-1,200",-0.95,2.61,327.19,1.04,127.81,3.65,455.00,"423,818.55"
1324,13/05/2021,VIC,"129,800","128,000","126,500","130,000","126,500","127,395","-3,300",-2.54,1.72,219.57,0.00,0.00,1.72,219.57,"427,877.47"
1325,12/05/2021,VIC,"131,000","130,000","129,800","132,000","128,000","129,128","-1,200",-0.92,1.39,179.54,0.05,6.55,1.44,186.09,"439,039.49"
1326,11/05/2021,VIC,"132,500","132,500","131,000","133,400","130,500","132,252","-1,500",-1.13,1.16,153.97,0.00,0.00,1.16,153.97,"443,098.41"
1327,10/05/2021,VIC,"132,000","132,000","132,500","132,500","129,100","130,946",500,0.38,1.10,143.95,0.00,0.00,1.10,143.95,"448,172.05"
1328,07/05/2021,VIC,"132,500","132,000","132,000","132,000","128,500","130,492",-500,-0.38,1.77,230.85,0.00,0.00,1.77,230.85,"446,480.84"
1329,06/05/2021,VIC,"133,700","133,700","132,500","134,000","131,000","133,004","-1,200",-0.90,1.06,141.54,0.00,0.00,1.06,141.54,"448,172.05"
1330,05/05/2021,VIC,"133,600","133,600","133,700","135,800","133,600","134,619",100,0.07,1.27,170.78,0.00,0.00,1.27,170.78,"452,230.97"
1331,04/05/2021,VIC,"131,000","130,600","133,600","134,900","126,900","130,161","2,600",1.98,1.73,225.52,0.00,0.00,1.73,225.52,"451,892.73"
1332,29/04/2021,VIC,"131,500","131,500","131,000","133,000","130,700","131,465",-500,-0.38,2.18,286.74,0.00,0.00,2.18,286.74,"443,098.41"
1333,28/04/2021,VIC,"132,100","132,100","131,500","133,200","129,800","131,641",-600,-0.45,1.61,212.38,0.04,4.98,1.65,217.36,"444,789.62"
1334,27/04/2021,VIC,"131,500","131,500","132,100","133,000","131,500","132,007",600,0.46,1.63,215.40,1.00,127.00,2.63,342.40,"446,819.08"
1335,26/04/2021,VIC,"138,300","139,000","131,500","139,500","131,000","134,856","-6,800",-4.92,2.43,328.31,0.15,20.17,2.58,348.48,"444,789.62"
1336,23/04/2021,VIC,"138,800","138,800","138,300","139,500","133,000","136,612",-500,-0.36,4.41,602.46,0.20,27.26,4.61,629.71,"467,790.15"
1337,22/04/2021,VIC,"143,100","142,000","138,800","142,900","137,500","140,625","-4,300",-3.00,3.32,466.80,0.00,0.00,3.32,466.80,"469,481.37"
1338,20/04/2021,VIC,"144,000","144,000","143,100","145,900","143,000","144,285",-900,-0.63,3.11,448.47,0.00,0.00,3.11,448.47,"484,025.82"
1339,19/04/2021,VIC,"143,000","142,100","144,000","144,200","141,100","143,132","1,000",0.70,2.82,403.67,0.06,8.54,2.88,412.21,"487,070.00"
1340,16/04/2021,VIC,"140,900","140,900","143,000","144,100","140,000","142,103","2,100",1.49,2.99,424.60,0.07,10.30,3.06,434.90,"483,687.57"
1341,15/04/2021,VIC,"140,000","139,900","140,900","145,000","139,900","142,682",900,0.64,3.42,487.83,0.20,28.46,3.62,516.29,"476,584.47"
1342,14/04/2021,VIC,"140,700","140,000","140,000","141,800","138,100","140,120",-700,-0.50,4.10,574.86,0.00,0.00,4.10,574.86,"473,540.28"
1343,13/04/2021,VIC,"132,000","139,000","140,700","141,200","136,000","140,610","8,700",6.59,5.05,710.53,3.53,481.74,8.58,"1,192.27","475,907.98"
1344,12/04/2021,VIC,"124,900","124,900","132,000","132,800","123,400","128,744","7,100",5.68,3.48,448.27,1.00,126.05,4.48,574.32,"446,480.84"
1345,09/04/2021,VIC,"125,400","124,800","124,900","125,400","123,100","124,281",-500,-0.40,1.76,218.18,1.06,132.35,2.82,350.52,"422,465.58"
1346,08/04/2021,VIC,"127,700","128,400","125,400","128,400","124,000","126,391","-2,300",-1.80,1.51,190.75,0.60,75.70,2.11,266.45,"424,156.80"
1347,07/04/2021,VIC,"127,000","127,000","127,700","128,000","125,700","127,142",700,0.55,1.70,215.95,0.50,63.57,2.20,279.52,"431,936.39"
1348,06/04/2021,VIC,"124,300","124,300","127,000","129,500","124,000","126,927","2,700",2.17,1.98,251.24,1.27,152.33,3.25,403.56,"429,568.68"
1349,05/04/2021,VIC,"123,000","126,000","124,300","126,200","123,200","125,387","1,300",1.06,2.25,282.00,0.14,17.33,2.39,299.32,"420,436.12"
1350,02/04/2021,VIC,"123,000","123,900","123,000","123,900","121,500","122,462",0,0.00,2.26,276.21,0.05,5.94,2.30,282.15,"416,038.96"
1351,01/04/2021,VIC,"117,900","118,500","123,000","124,400","117,000","119,419","5,100",4.33,2.23,266.41,1.85,212.20,4.08,478.61,"416,038.96"
1352,31/03/2021,VIC,"117,000","117,500","117,900","119,500","117,000","118,495",900,0.77,2.82,334.58,6.00,690.00,8.82,"1,024.58","398,788.57"
1353,30/03/2021,VIC,"112,800","112,800","117,000","118,600","112,000","115,936","4,200",3.72,5.18,600.50,1.50,167.71,6.67,768.21,"395,744.38"
1354,29/03/2021,VIC,"112,400","112,500","112,800","113,500","112,300","112,900",400,0.36,3.14,354.61,1.80,198.88,4.94,553.49,"381,538.17"
1355,26/03/2021,VIC,"110,400","110,000","112,400","113,500","110,000","112,218","2,000",1.81,2.93,328.55,0.00,0.00,2.93,328.55,"380,185.20"
1356,25/03/2021,VIC,"107,900","107,300","110,400","112,400","107,100","110,562","2,500",2.32,4.32,477.85,7.45,812.05,11.77,"1,289.90","373,420.34"
1357,24/03/2021,VIC,"106,500","105,500","107,900","108,000","103,800","105,007","1,400",1.31,1.10,115.94,0.09,8.94,1.19,124.87,"364,964.26"
1358,23/03/2021,VIC,"107,300","106,000","106,500","107,000","105,100","106,187",-800,-0.75,1.03,109.87,0.00,0.00,1.03,109.87,"360,228.86"
1359,22/03/2021,VIC,"108,400","108,400","107,300","108,400","104,500","107,374","-1,100",-1.01,0.97,104.57,0.00,0.00,0.97,104.57,"362,934.80"
1360,19/03/2021,VIC,"106,600","105,600","108,400","108,400","105,600","107,284","1,800",1.69,1.63,174.41,0.62,66.55,2.24,240.97,"366,655.48"
1361,18/03/2021,VIC,"104,700","105,500","106,600","106,600","105,200","105,862","1,900",1.81,1.47,156.03,0.00,0.00,1.47,156.03,"360,567.10"
1362,17/03/2021,VIC,"105,400","104,200","104,700","105,300","104,000","104,471",-700,-0.66,1.26,131.68,0.00,0.00,1.26,131.68,"354,140.48"
1363,16/03/2021,VIC,"106,000","106,000","105,400","106,000","104,900","105,389",-600,-0.57,1.36,143.39,0.00,0.00,1.36,143.39,"356,508.18"
1364,15/03/2021,VIC,"105,900","105,900","106,000","106,200","105,400","105,788",100,0.09,2.63,278.48,0.00,0.00,2.63,278.48,"358,537.64"
1365,12/03/2021,VIC,"105,900","105,900","105,900","106,500","105,000","105,760",0,0.00,1.12,118.69,0.00,0.00,1.12,118.69,"358,199.40"
1366,11/03/2021,VIC,"106,000","106,000","105,900","108,000","105,600","106,766",-100,-0.09,1.11,118.37,0.00,0.00,1.11,118.37,"358,199.40"
1367,10/03/2021,VIC,"104,300","104,500","106,000","106,000","102,100","104,852","1,700",1.63,0.58,60.43,0.00,0.00,0.58,60.43,"358,537.64"
1368,09/03/2021,VIC,"106,000","105,000","104,300","106,300","100,000","104,054","-1,700",-1.60,1.59,165.20,0.10,10.41,1.69,175.60,"352,787.51"
1369,08/03/2021,VIC,"106,300","106,500","106,000","107,000","105,000","105,746",-300,-0.28,1.39,147.00,0.00,0.00,1.39,147.00,"358,537.64"
1370,05/03/2021,VIC,"106,900","106,900","106,300","107,500","105,800","106,705",-600,-0.56,1.29,138.16,0.00,0.00,1.29,138.16,"359,552.37"
1371,04/03/2021,VIC,"106,900","107,600","106,900","107,900","106,600","107,368",0,0.00,1.67,179.46,0.00,0.00,1.67,179.46,"361,581.83"
1372,03/03/2021,VIC,"108,200","106,600","106,900","108,200","106,500","107,019","-1,300",-1.20,1.08,115.08,0.00,0.00,1.08,115.08,"361,581.83"
1373,02/03/2021,VIC,"108,500","108,500","108,200","109,100","106,200","107,504",-300,-0.28,0.93,99.58,0.05,5.51,0.98,105.09,"365,978.99"
1374,01/03/2021,VIC,"109,000","109,900","108,500","109,900","107,700","108,565",-500,-0.46,0.78,84.43,0.00,0.00,0.78,84.43,"366,993.72"
1375,26/02/2021,VIC,"108,900","106,200","109,000","109,900","106,200","107,131",100,0.09,0.93,99.29,0.00,0.00,0.93,99.29,"368,684.93"
1376,25/02/2021,VIC,"108,200","109,500","108,900","109,900","106,100","108,740",700,0.65,1.01,110.21,0.02,2.53,1.04,112.74,"368,346.69"
1377,24/02/2021,VIC,"110,000","111,400","108,200","111,400","106,000","108,409","-1,800",-1.64,0.95,103.00,0.00,0.00,0.95,103.00,"365,978.99"
1378,23/02/2021,VIC,"109,700","108,200","110,000","111,700","107,500","109,040",300,0.27,1.39,151.99,0.00,0.00,1.39,151.99,"372,067.36"
1379,22/02/2021,VIC,"109,000","109,200","109,700","110,700","106,000","109,832",700,0.64,1.48,162.66,0.00,0.00,1.48,162.66,"371,052.64"
1380,19/02/2021,VIC,"110,000","107,600","109,000","109,500","107,000","108,566","-1,000",-0.91,1.43,155.60,0.00,0.00,1.43,155.60,"368,684.93"
1381,18/02/2021,VIC,"108,000","107,500","110,000","110,000","106,100","107,492","2,000",1.85,1.43,154.19,0.02,2.14,1.45,156.33,"372,067.36"
1382,17/02/2021,VIC,"106,200","106,300","108,000","108,000","106,200","107,128","1,800",1.69,1.25,134.30,0.00,0.00,1.25,134.30,"365,302.50"
1383,09/02/2021,VIC,"101,000","104,000","106,200","106,500","101,500","104,010","5,200",5.15,1.76,182.85,0.00,0.00,1.76,182.85,"359,214.13"
1384,08/02/2021,VIC,"107,500","107,800","101,000","107,800","101,000","103,052","-6,500",-6.05,3.42,352.70,0.00,0.00,3.42,352.70,"341,625.49"
1385,05/02/2021,VIC,"105,000","105,000","107,500","107,500","105,000","106,406","2,500",2.38,0.92,98.20,0.17,18.04,1.09,116.24,"363,611.29"
1386,04/02/2021,VIC,"107,500","107,400","105,000","107,500","102,000","105,854","-2,500",-2.33,1.02,108.23,0.00,0.00,1.02,108.23,"355,155.21"
1387,03/02/2021,VIC,"105,900","105,000","107,500","108,000","105,000","107,150","1,600",1.51,1.70,182.04,3.68,393.79,5.38,575.82,"363,611.29"
1388,02/02/2021,VIC,"99,000","99,000","105,900","105,900","99,000","103,986","6,900",6.97,1.77,184.18,0.11,12.03,1.89,196.21,"358,199.40"
1389,01/02/2021,VIC,"99,400","99,400","99,000","103,000","98,800","101,147",-400,-0.40,1.34,135.54,0.38,37.92,1.72,173.46,"334,860.63"
1390,29/01/2021,VIC,"93,000","92,500","99,400","99,500","92,500","97,046","6,400",6.88,1.69,164.29,0.00,0.00,1.69,164.29,"336,213.60"
1391,28/01/2021,VIC,"100,000","94,300","93,000","96,000","93,000","94,204","-7,000",-7.00,1.74,164.19,0.00,0.00,1.74,164.19,"314,566.04"
1392,27/01/2021,VIC,"101,500","101,500","100,000","103,000","99,500","101,369","-1,500",-1.48,1.49,150.93,0.08,8.50,1.57,159.43,"338,243.06"
1393,26/01/2021,VIC,"104,800","104,800","101,500","105,000","99,600","102,450","-3,300",-3.15,1.03,105.38,0.00,0.00,1.03,105.38,"343,316.70"
1394,25/01/2021,VIC,"105,000","105,000","104,800","105,800","104,100","104,667",-200,-0.19,0.83,86.59,0.00,0.00,0.83,86.59,"354,478.73"
1395,22/01/2021,VIC,"105,100","105,100","105,000","106,500","105,000","105,737",-100,-0.10,1.09,115.70,0.00,0.00,1.09,115.70,"355,155.21"
1396,21/01/2021,VIC,"103,300","105,000","105,100","105,200","103,000","104,025","1,800",1.74,1.56,162.76,0.00,0.00,1.56,162.76,"355,493.46"
1397,20/01/2021,VIC,"102,700","103,000","103,300","105,000","102,500","103,381",600,0.58,1.88,193.89,0.10,10.45,1.98,204.34,"349,405.08"
1398,19/01/2021,VIC,"110,300","110,300","102,700","110,300","102,600","105,278","-7,600",-6.89,1.37,143.98,0.82,90.85,2.19,234.83,"347,375.62"
1399,18/01/2021,VIC,"111,200","112,000","110,300","112,100","110,100","110,596",-900,-0.81,0.83,91.45,0.02,2.07,0.85,93.52,"373,082.09"
1400,15/01/2021,VIC,"110,400","111,400","111,200","112,200","109,800","110,489",800,0.72,1.24,136.79,0.04,4.42,1.28,141.20,"376,126.28"
1401,14/01/2021,VIC,"111,100","111,500","110,400","112,300","110,000","111,240",-700,-0.63,1.44,160.09,5.80,627.69,7.24,787.78,"373,420.34"
1402,13/01/2021,VIC,"114,400","114,400","111,100","114,600","111,100","113,229","-3,300",-2.88,1.24,140.17,0.19,21.31,1.43,161.48,"375,788.04"
1403,12/01/2021,VIC,"113,800","116,000","114,400","116,000","113,700","114,836",600,0.53,0.98,112.67,0.40,45.89,1.38,158.55,"386,950.06"
1404,11/01/2021,VIC,"111,800","112,800","113,800","114,600","112,800","113,707","2,000",1.79,1.54,174.73,3.79,417.43,5.32,592.16,"384,920.60"
1405,08/01/2021,VIC,"110,100","110,100","111,800","112,700","110,100","111,866","1,700",1.54,1.35,150.87,0.23,25.61,1.58,176.48,"378,155.74"
1406,07/01/2021,VIC,"110,200","110,400","110,100","111,000","109,000","110,329",-100,-0.09,0.86,95.14,0.52,57.34,1.38,152.47,"372,405.61"
1407,06/01/2021,VIC,"109,700","110,000","110,200","110,500","108,900","109,984",500,0.46,1.28,141.11,0.13,14.61,1.42,155.72,"372,743.85"
1408,05/01/2021,VIC,"108,000","107,200","109,700","109,900","107,200","108,631","1,700",1.57,1.19,129.51,0.00,0.00,1.19,129.51,"371,052.64"
1409,04/01/2021,VIC,"108,200","108,500","108,000","109,000","106,500","108,523",-200,-0.18,0.99,107.56,0.00,0.00,0.99,107.56,"365,302.50"
1410,31/12/2020,VIC,"108,500","108,500","108,200","109,300","105,500","108,602",-300,-0.28,0.66,71.25,0.00,0.00,0.66,71.25,"365,978.99"
1411,30/12/2020,VIC,"106,500","106,700","108,500","109,600","106,700","108,737","2,000",1.88,1.53,166.25,0.00,0.00,1.53,166.25,"366,993.72"
1412,29/12/2020,VIC,"105,900","106,100","106,500","106,600","105,800","106,251",600,0.57,0.61,65.06,0.00,0.00,0.61,65.06,"360,228.86"
1413,28/12/2020,VIC,"105,900","105,900","105,900","106,600","105,400","105,956",0,0.00,0.71,75.41,0.00,0.00,0.71,75.41,"358,199.40"
1414,25/12/2020,VIC,"105,700","105,700","105,900","106,400","105,000","105,825",200,0.19,0.37,39.19,0.00,0.00,0.37,39.19,"358,199.40"
1415,24/12/2020,VIC,"105,700","107,000","105,700","107,000","104,000","105,915",0,0.00,0.83,88.06,0.18,18.98,1.01,107.04,"357,522.91"
1416,23/12/2020,VIC,"105,700","105,700","105,700","107,000","105,400","106,401",0,0.00,0.70,74.63,0.00,0.00,0.70,74.63,"357,522.91"
1417,22/12/2020,VIC,"106,400","106,000","105,700","107,500","105,300","106,209",-700,-0.66,0.52,55.05,0.13,13.29,0.64,68.34,"357,522.91"
1418,21/12/2020,VIC,"104,700","105,500","106,400","106,400","104,900","105,844","1,700",1.62,0.59,62.14,0.02,2.33,0.61,64.47,"359,890.61"
1419,18/12/2020,VIC,"104,700","104,700","104,700","106,100","104,500","105,073",0,0.00,1.35,141.93,0.00,0.00,1.35,141.93,"354,140.48"
1420,17/12/2020,VIC,"107,000","107,000","104,700","107,000","104,600","105,138","-2,300",-2.15,1.35,142.21,0.00,0.00,1.35,142.21,"354,140.48"
1421,16/12/2020,VIC,"107,000","106,800","107,000","107,100","105,900","106,474",0,0.00,0.76,80.52,0.00,0.00,0.76,80.52,"361,920.07"
1422,15/12/2020,VIC,"108,900","108,900","107,000","108,900","106,700","107,630","-1,900",-1.74,1.21,129.77,0.00,0.00,1.21,129.77,"361,920.07"
1423,14/12/2020,VIC,"106,800","106,700","108,900","108,900","105,500","107,326","2,100",1.97,1.12,120.46,0.00,0.00,1.12,120.46,"368,346.69"
1424,11/12/2020,VIC,"104,900","104,900","106,800","106,800","104,900","105,926","1,900",1.81,0.57,60.31,0.20,21.22,0.77,81.53,"361,243.59"
1425,10/12/2020,VIC,"106,000","106,000","104,900","107,000","104,900","105,668","-1,100",-1.04,0.98,103.51,0.00,0.00,0.98,103.51,"354,816.97"
1426,09/12/2020,VIC,"105,000","105,000","106,000","106,000","104,400","104,905","1,000",0.95,0.79,82.85,0.00,0.00,0.79,82.85,"358,537.64"
1427,08/12/2020,VIC,"105,800","105,800","105,000","105,800","104,800","105,167",-800,-0.76,0.75,78.59,0.00,0.00,0.75,78.59,"355,155.21"
1428,07/12/2020,VIC,"105,800","106,000","105,800","106,000","105,100","105,819",0,0.00,0.68,71.82,0.00,0.00,0.68,71.82,"357,861.16"
1429,04/12/2020,VIC,"105,800","105,800","105,800","106,500","104,500","105,759",0,0.00,0.80,84.30,0.00,0.00,0.80,84.30,"357,861.16"
1430,03/12/2020,VIC,"105,000","105,000","105,800","105,800","104,300","105,066",800,0.76,0.73,76.88,0.00,0.00,0.73,76.88,"357,861.16"
1431,02/12/2020,VIC,"105,000","104,900","105,000","105,500","104,200","104,941",0,0.00,0.50,52.25,0.00,0.00,0.50,52.25,"355,155.21"
1432,01/12/2020,VIC,"103,900","103,000","105,000","105,000","102,800","103,580","1,100",1.06,0.95,98.74,0.00,0.00,0.95,98.74,"355,155.21"
1433,30/11/2020,VIC,"105,200","105,200","103,900","105,500","103,800","104,071","-1,300",-1.24,1.60,166.18,0.00,0.00,1.60,166.18,"351,434.54"
1434,27/11/2020,VIC,"106,100","106,000","105,200","106,100","104,800","105,376",-900,-0.85,0.72,75.96,0.00,0.00,0.72,75.96,"355,831.70"
1435,26/11/2020,VIC,"105,600","105,000","106,100","106,200","104,500","105,467",500,0.47,0.55,57.53,0.00,0.00,0.55,57.53,"358,875.89"
1436,25/11/2020,VIC,"104,000","104,100","105,600","106,200","104,100","105,389","1,600",1.54,1.22,128.84,0.00,0.00,1.22,128.84,"357,184.67"
1437,24/11/2020,VIC,"103,800","103,900","104,000","105,000","103,100","103,696",200,0.19,0.81,84.22,0.00,0.00,0.81,84.22,"351,772.78"
1438,23/11/2020,VIC,"103,800","104,000","103,800","105,100","103,100","103,763",0,0.00,0.74,76.33,0.00,0.00,0.74,76.33,"351,096.30"
1439,20/11/2020,VIC,"104,000","104,500","103,800","104,500","103,400","103,731",-200,-0.19,0.53,55.38,0.00,0.00,0.53,55.38,"351,096.30"
1440,19/11/2020,VIC,"104,900","104,800","104,000","104,800","103,000","103,677",-900,-0.86,1.19,123.66,0.00,0.00,1.19,123.66,"351,772.78"
1441,18/11/2020,VIC,"106,000","106,000","104,900","106,000","103,000","103,840","-1,100",-1.04,0.75,78.01,3.10,322.37,3.85,400.38,"354,816.97"
1442,17/11/2020,VIC,"102,000","103,000","106,000","106,000","102,200","103,231","4,000",3.92,0.86,89.02,0.00,0.00,0.86,89.02,"358,537.64"
1443,16/11/2020,VIC,"107,400","107,400","102,000","108,500","100,000","105,351","-5,400",-5.03,1.78,187.72,0.00,0.00,1.78,187.72,"345,007.92"
1444,13/11/2020,VIC,"106,800","106,800","107,400","108,000","106,100","107,302",600,0.56,0.54,57.44,0.20,21.46,0.74,78.90,"363,273.05"
1445,12/11/2020,VIC,"105,800","105,800","106,800","106,800","105,000","106,431","1,000",0.95,0.68,72.66,0.13,13.31,0.81,85.97,"361,243.59"
1446,11/11/2020,VIC,"105,600","105,600","105,800","106,000","103,000","104,711",200,0.19,1.03,108.14,0.00,0.00,1.03,108.14,"357,861.16"
1447,10/11/2020,VIC,"106,100","106,500","105,600","107,200","105,600","106,421",-500,-0.47,0.78,83.22,0.08,7.99,0.86,91.21,"357,184.67"
1448,09/11/2020,VIC,"105,100","105,100","106,100","106,200","104,700","105,773","1,000",0.95,0.80,85.01,0.70,68.46,1.50,153.47,"358,875.89"
1449,06/11/2020,VIC,"104,500","106,000","105,100","106,000","104,500","105,307",600,0.57,0.59,62.43,0.50,48.85,1.09,111.28,"355,493.46"
1450,05/11/2020,VIC,"103,500","104,200","104,500","106,900","104,000","105,647","1,000",0.97,0.79,83.45,1.09,108.41,1.87,191.85,"353,464.00"
1451,04/11/2020,VIC,"104,400","104,300","103,500","104,400","103,000","103,749",-900,-0.86,0.50,51.39,0.00,0.00,0.50,51.39,"350,081.57"
1452,03/11/2020,VIC,"106,500","107,000","104,400","107,000","104,400","105,478","-2,100",-1.97,0.75,79.22,0.92,93.20,1.67,172.42,"353,125.75"
1453,02/11/2020,VIC,"106,500","106,500","106,500","107,000","105,000","106,225",0,0.00,0.69,73.41,0.00,0.00,0.69,73.41,"360,228.86"
1454,30/10/2020,VIC,"100,700","101,500","106,500","106,500","100,700","103,742","5,800",5.76,0.97,100.88,0.93,96.47,1.90,197.35,"360,228.86"
1455,29/10/2020,VIC,"100,200","100,200","100,700","103,000","100,000","101,842",500,0.50,1.33,135.22,0.30,30.56,1.63,165.79,"340,610.76"
1456,28/10/2020,VIC,"105,700","105,700","100,200","107,000","98,800","104,848","-5,500",-5.20,1.18,124.23,0.85,88.86,2.03,213.09,"338,919.55"
1457,27/10/2020,VIC,"105,100","107,000","105,700","107,100","104,000","106,482",600,0.57,0.80,85.61,0.00,0.00,0.80,85.61,"357,522.91"
1458,26/10/2020,VIC,"104,000","109,000","105,100","109,500","104,900","108,166","1,100",1.06,0.97,105.43,0.17,18.49,1.15,123.92,"355,493.46"
1459,23/10/2020,VIC,"100,100","100,200","104,000","104,900","100,000","102,956","3,900",3.90,1.76,181.31,4.95,482.19,6.71,663.50,"351,772.78"
1460,22/10/2020,VIC,"97,300","97,000","100,100","100,100","96,800","98,515","2,800",2.88,0.62,61.24,0.00,0.00,0.62,61.24,"338,581.30"
1461,21/10/2020,VIC,"97,800","97,800","97,300","97,900","96,700","97,355",-500,-0.51,0.17,16.75,0.00,0.00,0.17,16.75,"329,110.50"
1462,20/10/2020,VIC,"97,700","97,400","97,800","97,900","95,800","96,452",100,0.10,0.51,49.31,0.10,9.65,0.61,58.96,"330,801.71"
1463,19/10/2020,VIC,"97,600","97,800","97,700","97,900","97,400","97,658",100,0.10,0.37,36.19,0.10,9.77,0.47,45.96,"330,463.47"
1464,16/10/2020,VIC,"97,500","98,100","97,600","98,100","96,900","97,529",100,0.10,0.60,58.19,0.00,0.00,0.60,58.19,"330,125.23"
1465,15/10/2020,VIC,"95,000","95,100","97,500","97,500","91,000","96,405","2,500",2.63,1.36,130.97,0.00,0.00,1.36,130.97,"329,786.98"
1466,14/10/2020,VIC,"94,100","94,100","95,000","95,000","94,000","94,541",900,0.96,0.39,36.80,0.00,0.00,0.39,36.80,"321,330.91"
1467,13/10/2020,VIC,"93,900","93,900","94,100","94,100","93,400","93,996",200,0.21,0.27,25.57,0.00,0.00,0.27,25.57,"318,286.72"
1468,12/10/2020,VIC,"93,600","93,600","93,900","94,000","92,500","93,512",300,0.32,0.33,30.51,0.00,0.00,0.33,30.51,"317,610.23"
1469,09/10/2020,VIC,"92,300","92,300","93,600","93,700","92,300","93,175","1,300",1.41,0.31,28.85,0.08,7.17,0.39,36.02,"316,595.50"
1470,08/10/2020,VIC,"92,500","92,000","92,300","92,900","91,500","92,064",-200,-0.22,0.22,19.98,0.12,11.08,0.34,31.05,"312,198.34"
1471,07/10/2020,VIC,"91,800","91,500","92,500","93,500","91,000","91,979",700,0.76,0.38,35.09,0.08,6.98,0.46,42.08,"312,874.83"
1472,06/10/2020,VIC,"93,300","93,300","91,800","93,300","91,800","92,166","-1,500",-1.61,0.52,48.04,0.10,9.54,0.62,57.58,"310,507.13"
1473,05/10/2020,VIC,"94,000","94,000","93,300","94,000","92,000","93,267",-700,-0.74,0.09,8.44,0.00,0.00,0.09,8.44,"315,580.77"
1474,02/10/2020,VIC,"92,500","92,500","94,000","94,000","92,000","93,295","1,500",1.62,0.40,37.39,0.10,9.02,0.50,46.41,"317,948.48"
1475,01/10/2020,VIC,"91,500","91,900","92,500","93,400","91,900","92,782","1,000",1.09,0.21,19.72,0.10,9.74,0.32,29.46,"312,874.83"
1476,30/09/2020,VIC,"91,500","91,500","91,500","93,400","91,500","91,796",0,0.00,0.42,38.31,0.00,0.00,0.42,38.31,"309,492.40"
1477,29/09/2020,VIC,"92,800","94,000","91,500","94,000","91,500","92,487","-1,300",-1.40,0.39,36.49,0.21,19.49,0.61,55.98,"309,492.40"
1478,28/09/2020,VIC,"92,800","93,000","92,800","94,200","92,800","93,320",0,0.00,0.20,18.93,0.00,0.00,0.20,18.93,"313,889.56"
1479,25/09/2020,VIC,"93,000","94,500","92,800","94,800","92,800","93,930",-200,-0.22,0.41,38.72,0.02,2.26,0.44,40.98,"313,889.56"
1480,24/09/2020,VIC,"94,500","93,800","93,000","95,500","93,000","94,012","-1,500",-1.59,0.39,36.57,0.00,0.00,0.39,36.57,"314,566.04"
1481,23/09/2020,VIC,"94,600","95,000","94,500","95,700","94,500","94,858",-100,-0.11,0.11,10.61,0.00,0.00,0.11,10.61,"319,639.69"
1482,22/09/2020,VIC,"96,000","96,000","94,600","96,200","94,600","95,632","-1,400",-1.46,0.51,48.32,0.00,0.00,0.51,48.32,"319,977.93"
1483,21/09/2020,VIC,"94,000","94,000","96,000","96,000","94,000","95,399","2,000",2.13,0.57,54.56,0.00,0.00,0.57,54.56,"324,713.34"
1484,18/09/2020,VIC,"94,000","95,000","94,000","95,400","93,500","94,174",0,0.00,1.09,102.59,0.00,0.00,1.09,102.59,"317,948.48"
1485,17/09/2020,VIC,"95,500","93,100","94,000","95,500","93,000","94,238","-1,500",-1.57,0.83,78.58,0.00,0.00,0.83,78.58,"317,948.48"
1486,16/09/2020,VIC,"95,000","94,900","95,500","95,500","93,100","94,927",500,0.53,0.54,51.67,0.00,0.00,0.54,51.67,"323,022.12"
1487,15/09/2020,VIC,"93,100","93,200","95,000","95,000","93,200","94,492","1,900",2.04,0.98,92.94,0.00,0.00,0.98,92.94,"321,330.91"
1488,14/09/2020,VIC,"91,100","91,300","93,100","93,600","91,200","92,658","2,000",2.20,0.61,56.42,0.00,0.00,0.61,56.42,"314,904.29"
1489,11/09/2020,VIC,"90,500","90,000","91,100","92,300","89,900","90,813",600,0.66,0.41,37.36,0.00,0.00,0.41,37.36,"308,139.43"
1490,10/09/2020,VIC,"90,500","91,000","90,500","92,500","90,500","91,189",0,0.00,0.42,38.41,0.13,11.71,0.55,50.11,"306,109.97"
1491,09/09/2020,VIC,"90,500","90,400","90,500","92,400","89,400","90,215",0,0.00,0.87,78.11,0.15,13.12,1.01,91.23,"306,109.97"
1492,08/09/2020,VIC,"91,500","91,600","90,500","92,500","90,500","91,006","-1,000",-1.09,0.62,56.63,0.87,81.95,1.49,138.59,"306,109.97"
1493,07/09/2020,VIC,"94,000","94,000","91,500","95,300","91,500","93,595","-2,500",-2.66,0.47,43.56,0.00,0.00,0.47,43.56,"309,492.40"
1494,04/09/2020,VIC,"94,500","94,500","94,000","95,500","93,300","94,277",-500,-0.53,0.83,77.87,0.00,0.00,0.83,77.87,"317,948.48"
1495,03/09/2020,VIC,"92,700","93,500","94,500","95,600","92,700","94,859","1,800",1.94,1.04,98.38,0.07,6.62,1.11,105.00,"319,639.69"
1496,01/09/2020,VIC,"90,000","90,200","92,700","94,000","89,900","91,978","2,700",3.00,0.68,62.11,0.00,0.00,0.68,62.11,"313,551.32"
1497,31/08/2020,VIC,"89,900","90,000","90,000","91,500","90,000","90,437",100,0.11,0.28,25.01,0.50,46.19,0.78,71.20,"304,418.75"
1498,28/08/2020,VIC,"91,000","91,300","89,900","92,300","89,900","91,714","-1,100",-1.21,0.64,58.33,0.06,5.05,0.69,63.38,"304,080.51"
1499,27/08/2020,VIC,"91,000","90,100","91,000","91,000","90,100","90,764",0,0.00,0.44,39.75,0.04,3.64,0.48,43.39,"307,801.18"
1500,26/08/2020,VIC,"91,000","90,800","91,000","91,200","90,000","90,784",0,0.00,0.55,49.68,0.11,9.99,0.66,59.67,"307,801.18"
1501,25/08/2020,VIC,"89,000","89,000","91,000","91,900","89,000","90,445","2,000",2.25,1.07,97.20,0.00,0.00,1.07,97.20,"307,801.18"
1502,24/08/2020,VIC,"86,100","86,500","89,000","89,000","86,500","88,044","2,900",3.37,1.05,92.70,0.10,9.01,1.15,101.71,"301,036.32"
1503,21/08/2020,VIC,"86,000","86,000","86,100","86,900","85,900","86,143",100,0.12,0.38,32.46,0.10,8.61,0.48,41.07,"291,227.27"
1504,20/08/2020,VIC,"86,500","86,600","86,000","87,200","86,000","86,271",-500,-0.58,0.99,85.43,0.00,0.00,0.99,85.43,"290,889.03"
1505,19/08/2020,VIC,"86,500","86,500","86,500","87,600","86,500","86,997",0,0.00,0.35,30.20,0.07,5.88,0.41,36.08,"292,580.25"
1506,18/08/2020,VIC,"87,700","87,300","86,500","87,700","86,200","86,717","-1,200",-1.37,0.77,67.00,0.02,1.73,0.79,68.74,"292,580.25"
1507,17/08/2020,VIC,"87,400","87,000","87,700","88,500","86,800","87,390",300,0.34,0.38,32.88,0.13,11.56,0.51,44.44,"296,639.16"
1508,14/08/2020,VIC,"88,000","88,000","87,400","89,000","87,400","88,091",-600,-0.68,0.65,57.62,0.00,0.00,0.65,57.62,"295,624.43"
1509,13/08/2020,VIC,"87,400","88,500","88,000","89,000","87,500","88,245",600,0.69,0.46,40.48,0.13,11.82,0.59,52.30,"297,653.89"
1510,12/08/2020,VIC,"87,500","87,500","87,400","88,500","87,400","87,560",-100,-0.11,0.30,26.47,0.00,0.00,0.30,26.47,"295,624.43"
1511,11/08/2020,VIC,"88,200","89,200","87,500","89,200","87,500","88,172",-700,-0.79,0.22,18.99,0.00,0.00,0.22,18.99,"295,962.68"
1512,10/08/2020,VIC,"87,500","88,000","88,200","89,900","87,400","88,873",700,0.80,0.54,48.22,0.00,0.00,0.54,48.22,"298,330.38"
1513,07/08/2020,VIC,"87,500","87,600","87,500","88,200","87,300","87,589",0,0.00,0.18,15.99,0.78,70.20,0.96,86.19,"295,962.68"
1514,06/08/2020,VIC,"87,000","88,000","87,500","88,200","87,100","87,895",500,0.57,0.33,29.21,0.00,0.00,0.33,29.21,"295,962.68"
1515,05/08/2020,VIC,"88,000","88,000","87,000","88,500","84,800","87,440","-1,000",-1.14,0.43,37.99,0.05,4.65,0.49,42.65,"294,271.46"
1516,04/08/2020,VIC,"87,600","88,700","88,000","88,700","87,400","87,842",400,0.46,0.23,20.14,0.00,0.00,0.23,20.14,"297,653.89"
1517,03/08/2020,VIC,"87,500","85,000","87,600","88,100","85,000","87,201",100,0.11,0.16,14.33,0.00,0.00,0.16,14.33,"296,300.92"
1518,31/07/2020,VIC,"85,100","84,000","87,500","90,000","83,800","86,844","2,400",2.82,0.94,81.55,0.00,0.00,0.94,81.55,"295,962.68"
1519,30/07/2020,VIC,"83,500","83,500","85,100","85,500","83,500","84,721","1,600",1.92,0.24,20.51,0.00,0.00,0.24,20.51,"287,844.84"
1520,29/07/2020,VIC,"85,200","84,000","83,500","85,000","83,000","83,966","-1,700",-2.00,0.38,31.85,0.00,0.00,0.38,31.85,"282,432.95"
1521,28/07/2020,VIC,"85,000","85,000","85,200","87,000","79,900","84,645",200,0.24,0.53,45.23,0.00,0.00,0.53,45.23,"288,183.09"
1522,27/07/2020,VIC,"88,000","83,900","85,000","86,000","82,900","83,730","-3,000",-3.41,0.83,69.08,0.43,36.00,1.26,105.09,"287,506.60"
1523,24/07/2020,VIC,"90,000","89,900","88,000","90,000","84,000","87,759","-2,000",-2.22,0.67,59.19,0.40,35.10,1.07,94.29,"297,653.89"
1524,23/07/2020,VIC,"89,800","90,000","90,000","90,300","89,500","89,861",200,0.22,0.18,16.33,0.00,0.00,0.18,16.33,"304,418.75"
1525,22/07/2020,VIC,"90,200","90,000","89,800","91,000","89,800","90,080",-400,-0.44,0.20,18.21,0.00,0.00,0.20,18.21,"303,742.27"
1526,21/07/2020,VIC,"90,200","91,200","90,200","91,200","90,200","90,379",0,0.00,0.22,19.94,0.00,0.00,0.22,19.94,"305,095.24"
1527,20/07/2020,VIC,"91,500","91,000","90,200","91,400","90,200","90,661","-1,300",-1.42,0.22,20.16,0.00,0.00,0.22,20.16,"305,095.24"
1528,17/07/2020,VIC,"93,000","91,500","91,500","92,000","91,000","91,628","-1,500",-1.61,0.21,19.66,0.00,0.00,0.21,19.66,"309,492.40"
1529,16/07/2020,VIC,"90,500","90,900","93,000","93,000","90,600","92,324","2,500",2.76,0.33,30.29,0.00,0.00,0.33,30.29,"314,566.04"
1530,15/07/2020,VIC,"91,300","91,700","90,500","91,700","90,500","91,183",-800,-0.88,0.38,35.04,0.00,0.00,0.38,35.04,"306,109.97"
1531,14/07/2020,VIC,"91,300","91,300","91,300","91,800","90,200","90,580",0,0.00,0.34,30.89,0.00,0.00,0.34,30.89,"308,815.91"
1532,13/07/2020,VIC,"91,400","91,500","91,300","91,600","91,000","91,272",-100,-0.11,0.35,31.93,0.00,0.00,0.35,31.93,"308,815.91"
1533,10/07/2020,VIC,"91,000","91,000","91,400","92,000","91,000","91,372",400,0.44,0.19,17.67,0.00,0.00,0.19,17.67,"309,154.16"
1534,09/07/2020,VIC,"90,800","90,800","91,000","91,800","90,700","91,216",200,0.22,0.40,36.46,0.00,0.00,0.40,36.46,"307,801.18"
1535,08/07/2020,VIC,"91,000","90,800","90,800","91,500","90,100","90,856",-200,-0.22,0.19,17.03,0.40,36.31,0.59,53.34,"307,124.70"
1536,07/07/2020,VIC,"91,400","91,500","91,000","92,200","91,000","91,338",-400,-0.44,0.34,30.77,0.30,27.41,0.64,58.17,"307,801.18"
1537,06/07/2020,VIC,"90,200","90,200","91,400","91,900","90,200","90,856","1,200",1.33,0.28,25.81,0.00,0.00,0.28,25.81,"309,154.16"
1538,03/07/2020,VIC,"89,900","90,900","90,200","91,000","89,900","90,522",300,0.33,0.16,14.78,0.10,8.60,0.26,23.38,"305,095.24"
1539,02/07/2020,VIC,"91,000","90,600","89,900","91,100","89,500","90,071","-1,100",-1.21,0.42,37.89,2.50,211.75,2.92,249.64,"304,080.51"
1540,01/07/2020,VIC,"89,000","90,500","91,000","91,500","89,000","90,017","2,000",2.25,0.09,8.29,0.10,9.00,0.19,17.29,"307,801.18"
1541,30/06/2020,VIC,"89,000","91,000","89,000","91,000","89,000","89,822",0,0.00,0.35,31.49,0.00,0.00,0.35,31.49,"301,036.32"
1542,29/06/2020,VIC,"91,500","91,500","89,000","91,900","89,000","90,264","-2,500",-2.73,0.36,32.44,0.09,8.11,0.45,40.54,"301,036.32"
1543,26/06/2020,VIC,"93,400","93,500","91,500","94,400","91,500","92,895","-1,900",-2.03,0.22,20.65,0.00,0.00,0.22,20.65,"309,492.40"
1544,25/06/2020,VIC,"94,700","93,300","93,400","94,400","92,800","93,326","-1,300",-1.37,0.17,15.82,0.06,5.13,0.22,20.94,"315,919.02"
1545,24/06/2020,VIC,"94,200","94,500","94,700","95,100","94,000","94,373",500,0.53,0.21,20.23,0.00,0.00,0.21,20.23,"320,316.18"
1546,23/06/2020,VIC,"96,900","96,200","94,200","96,300","94,200","94,845","-2,700",-2.79,0.43,41.03,0.00,0.00,0.43,41.03,"318,624.96"
1547,22/06/2020,VIC,"97,300","97,000","96,900","97,000","95,200","96,551",-400,-0.41,0.51,49.05,0.30,29.00,0.81,78.05,"327,757.52"
1548,19/06/2020,VIC,"91,000","91,000","97,300","97,300","91,000","96,860","6,300",6.92,1.84,178.23,0.00,0.00,1.84,178.23,"329,110.50"
1549,18/06/2020,VIC,"91,900","91,900","91,000","92,500","90,900","91,223",-900,-0.98,0.31,28.54,2.00,196.00,2.31,224.54,"307,801.18"
1550,17/06/2020,VIC,"93,400","93,000","91,900","93,400","90,500","91,769","-1,500",-1.61,0.38,34.95,0.00,0.00,0.38,34.95,"310,845.37"
1551,16/06/2020,VIC,"89,000","91,500","93,400","94,800","89,900","92,316","4,400",4.94,0.66,60.79,0.00,0.00,0.66,60.79,"315,919.02"
1552,15/06/2020,VIC,"91,800","93,000","89,000","93,000","89,000","90,654","-2,800",-3.05,0.79,71.77,0.00,0.00,0.79,71.77,"301,036.32"
1553,12/06/2020,VIC,"93,000","90,000","91,800","92,500","89,900","91,197","-1,200",-1.29,0.88,79.88,0.00,0.00,0.88,79.88,"310,507.13"
1554,11/06/2020,VIC,"95,600","95,600","93,000","96,200","93,000","95,109","-2,600",-2.72,0.76,72.43,0.00,0.00,0.76,72.43,"314,566.04"
1555,10/06/2020,VIC,"96,200","96,200","95,600","96,200","95,400","95,687",-600,-0.62,0.49,46.74,0.00,0.00,0.49,46.74,"323,360.36"
1556,09/06/2020,VIC,"96,000","97,000","96,200","97,000","96,100","96,567",200,0.21,0.32,30.75,0.00,0.00,0.32,30.75,"325,389.82"
1557,08/06/2020,VIC,"95,000","95,200","96,000","97,600","95,200","96,682","1,000",1.05,0.48,46.62,0.00,0.00,0.48,46.62,"324,713.34"
1558,05/06/2020,VIC,"96,000","96,000","95,000","96,200","95,000","95,506","-1,000",-1.04,0.53,50.22,0.10,9.55,0.63,59.77,"321,330.91"
1559,04/06/2020,VIC,"96,800","96,800","96,000","96,800","96,000","96,198",-800,-0.83,0.55,52.98,5.96,575.56,6.52,628.54,"324,713.34"
1560,03/06/2020,VIC,"96,700","96,500","96,800","96,800","95,500","96,139",100,0.10,0.47,44.84,0.15,14.42,0.62,59.26,"327,419.28"
1561,02/06/2020,VIC,"97,200","97,200","96,700","97,200","96,500","96,667",-500,-0.51,0.50,48.50,0.00,0.00,0.50,48.50,"327,081.04"
1562,01/06/2020,VIC,"97,000","97,000","97,200","97,200","96,500","96,935",200,0.21,0.48,46.67,0.10,9.69,0.58,56.37,"328,772.25"
1563,29/05/2020,VIC,"97,000","97,000","97,000","97,500","96,600","97,072",0,0.00,0.49,47.91,0.00,0.00,0.49,47.91,"328,095.77"
1564,28/05/2020,VIC,"96,900","96,900","97,000","97,500","96,300","96,890",100,0.10,0.31,30.50,0.04,3.76,0.35,34.26,"328,095.77"
1565,27/05/2020,VIC,"96,900","96,900","96,900","97,900","96,500","96,972",0,0.00,0.59,57.35,1.59,154.11,2.18,211.46,"327,757.52"
1566,26/05/2020,VIC,"97,100","97,000","96,900","97,500","96,400","96,769",-200,-0.21,0.36,34.84,0.30,29.09,0.66,63.93,"327,757.52"
1567,25/05/2020,VIC,"96,400","96,200","97,100","97,100","96,000","96,604",700,0.73,0.22,20.91,4.00,385.60,4.22,406.51,"328,434.01"
1568,22/05/2020,VIC,"98,000","98,000","96,400","98,000","96,400","97,074","-1,600",-1.63,0.29,28.44,0.00,0.00,0.29,28.44,"326,066.31"
1569,21/05/2020,VIC,"96,600","97,000","98,000","98,000","96,900","97,620","1,400",1.45,0.67,65.83,0.30,29.32,0.97,95.15,"331,478.20"
1570,20/05/2020,VIC,"96,500","96,400","96,600","97,000","96,100","96,636",100,0.10,0.25,24.62,0.00,0.00,0.25,24.62,"326,742.79"
1571,19/05/2020,VIC,"96,500","97,100","96,500","97,400","96,000","97,067",0,0.00,0.73,70.84,14.00,"1,351.35",14.73,"1,422.19","326,404.55"
1572,18/05/2020,VIC,"97,000","97,000","96,500","97,000","95,500","96,278",-500,-0.52,0.23,22.09,0.53,51.33,0.76,73.42,"326,404.55"
1573,15/05/2020,VIC,"96,000","96,000","97,000","97,500","95,800","96,664","1,000",1.04,0.33,31.67,0.80,77.14,1.13,108.81,"328,095.77"
1574,14/05/2020,VIC,"95,000","95,000","96,000","96,700","93,900","95,153","1,000",1.05,1.00,95.42,0.70,66.89,1.70,162.31,"324,713.34"
1575,13/05/2020,VIC,"97,000","95,100","95,000","96,000","91,500","94,548","-2,000",-2.06,2.65,250.79,0.00,0.00,2.65,250.79,"321,330.91"
1576,12/05/2020,VIC,"97,500","97,400","97,000","97,400","95,000","96,770",-500,-0.51,0.77,74.52,0.08,8.04,0.85,82.56,"328,095.77"
1577,11/05/2020,VIC,"97,500","97,500","97,500","98,000","95,900","97,098",0,0.00,1.36,131.95,1.54,149.66,2.89,281.61,"329,786.98"
1578,08/05/2020,VIC,"96,000","96,400","97,500","100,000","96,100","97,979","1,500",1.56,1.68,164.99,0.25,24.04,1.93,189.03,"329,786.98"
1579,07/05/2020,VIC,"95,000","95,000","96,000","96,000","94,000","95,518","1,000",1.05,0.62,59.01,0.00,0.00,0.62,59.01,"324,713.34"
1580,06/05/2020,VIC,"92,700","92,600","95,000","95,000","92,500","93,842","2,300",2.48,0.77,72.59,0.00,0.00,0.77,72.59,"321,330.91"
1581,05/05/2020,VIC,"91,800","91,800","92,700","93,000","91,800","92,585",900,0.98,0.27,25.43,0.00,0.00,0.27,25.43,"313,551.32"
1582,04/05/2020,VIC,"91,900","91,900","91,800","92,500","90,000","91,886",-100,-0.11,0.26,23.85,0.00,0.00,0.26,23.85,"310,507.13"
1583,29/04/2020,VIC,"92,000","91,900","91,900","93,400","90,500","92,354",-100,-0.11,0.31,29.04,0.00,0.00,0.31,29.04,"310,845.37"
1584,28/04/2020,VIC,"92,000","92,500","92,000","92,900","91,500","91,889",0,0.00,0.22,20.48,0.05,4.59,0.27,25.08,"311,183.61"
1585,27/04/2020,VIC,"93,000","95,000","92,000","95,000","92,000","92,960","-1,000",-1.08,0.45,42.18,0.00,0.00,0.45,42.18,"311,183.61"
1586,24/04/2020,VIC,"93,000","93,000","93,000","93,900","92,400","92,939",0,0.00,0.30,27.90,0.00,0.00,0.30,27.90,"314,566.04"
1587,23/04/2020,VIC,"92,500","93,000","93,000","94,900","92,700","93,291",500,0.54,0.35,32.41,0.00,0.00,0.35,32.41,"314,566.04"
1588,22/04/2020,VIC,"93,000","92,000","92,500","92,800","90,500","92,312",-500,-0.54,0.88,81.61,0.00,0.00,0.88,81.61,"312,874.83"
1589,21/04/2020,VIC,"96,200","95,500","93,000","95,500","92,500","93,487","-3,200",-3.33,0.89,83.42,0.00,0.00,0.89,83.42,"314,566.04"
1590,20/04/2020,VIC,"96,100","96,100","96,200","96,400","94,900","95,730",100,0.10,1.06,101.00,0.00,0.00,1.06,101.00,"325,389.82"
1591,17/04/2020,VIC,"95,900","95,300","96,100","96,100","89,200","95,711",200,0.21,1.19,114.04,0.00,0.00,1.19,114.04,"325,051.58"
1592,16/04/2020,VIC,"96,000","96,000","95,900","96,000","94,700","95,497",-100,-0.10,0.85,80.75,0.00,0.00,0.85,80.75,"324,375.09"
1593,15/04/2020,VIC,"95,600","95,600","96,000","96,000","94,900","95,470",400,0.42,1.18,112.35,1.57,149.81,2.74,262.16,"324,713.34"
1594,14/04/2020,VIC,"96,000","96,500","95,600","96,500","94,500","95,702",-400,-0.42,0.63,60.45,0.10,9.63,0.73,70.08,"323,360.36"
1595,13/04/2020,VIC,"95,000","95,800","96,000","96,000","94,900","95,579","1,000",1.05,1.41,134.91,1.63,154.59,3.04,289.50,"324,713.34"
1596,10/04/2020,VIC,"96,000","96,000","95,000","96,800","93,700","94,741","-1,000",-1.04,0.98,93.14,0.25,23.70,1.23,116.84,"321,330.91"
1597,09/04/2020,VIC,"94,000","94,000","96,000","97,300","93,800","95,236","2,000",2.13,1.56,148.63,0.00,0.00,1.56,148.63,"324,713.34"
1598,08/04/2020,VIC,"97,300","97,000","94,000","97,000","94,000","94,511","-3,300",-3.39,0.76,71.84,0.25,23.61,1.01,95.45,"317,948.48"
1599,07/04/2020,VIC,"97,300","97,600","97,300","100,900","93,000","97,106",0,0.00,2.86,277.31,0.00,0.00,2.86,277.31,"329,110.50"
1600,06/04/2020,VIC,"91,000","92,000","97,300","97,300","91,300","95,133","6,300",6.92,2.70,256.69,0.00,0.00,2.70,256.69,"329,110.50"
1601,03/04/2020,VIC,"86,000","86,000","91,000","91,000","86,000","89,099","5,000",5.81,1.18,105.54,0.10,8.95,1.28,114.49,"307,801.18"
1602,01/04/2020,VIC,"83,400","82,500","86,000","87,000","81,000","86,373","2,600",3.12,0.44,37.82,0.30,25.53,0.73,63.35,"290,889.03"
1603,31/03/2020,VIC,"81,400","81,400","83,400","87,000","80,400","83,165","2,000",2.46,1.30,107.82,0.27,22.26,1.56,130.08,"282,094.71"
1604,30/03/2020,VIC,"86,800","80,800","81,400","82,000","80,800","80,929","-5,400",-6.22,0.88,71.32,0.30,24.53,1.18,95.85,"275,329.85"
1605,27/03/2020,VIC,"81,800","82,000","86,800","87,400","79,500","85,346","5,000",6.11,1.15,98.09,0.06,4.95,1.21,103.04,"293,594.98"
1606,26/03/2020,VIC,"76,500","77,600","81,800","81,800","75,600","80,083","5,300",6.93,1.24,99.48,0.28,21.90,1.52,121.38,"276,682.82"
1607,25/03/2020,VIC,"71,500","71,500","76,500","76,500","68,000","73,338","5,000",6.99,1.40,102.79,4.59,309.67,5.99,412.46,"258,755.94"
1608,24/03/2020,VIC,"76,800","71,800","71,500","75,000","71,500","72,260","-5,300",-6.90,1.47,106.52,1.59,113.90,3.06,220.42,"241,843.79"
1609,23/03/2020,VIC,"82,500","78,000","76,800","78,300","76,800","76,870","-5,700",-6.91,0.68,52.13,0.90,69.31,1.58,121.44,"259,770.67"
1610,20/03/2020,VIC,"88,700","88,700","82,500","88,700","82,500","84,358","-6,200",-6.99,1.08,91.40,0.93,78.62,2.01,170.02,"279,050.52"
1611,19/03/2020,VIC,"89,000","86,900","88,700","88,700","83,100","85,793",-300,-0.34,1.10,94.69,0.88,76.27,1.98,170.96,"300,021.59"
1612,18/03/2020,VIC,"88,500","87,900","89,000","90,000","86,500","87,933",500,0.56,0.79,69.06,0.00,0.00,0.79,69.06,"301,036.32"
1613,17/03/2020,VIC,"92,500","89,500","88,500","92,300","87,600","90,388","-4,000",-4.32,0.68,61.58,0.04,3.53,0.72,65.11,"299,345.11"
1614,16/03/2020,VIC,"92,500","92,000","92,500","92,500","86,600","90,264",0,0.00,0.97,87.68,0.00,0.00,0.97,87.68,"312,874.83"
1615,13/03/2020,VIC,"91,800","86,000","92,500","92,500","85,400","88,088",700,0.76,1.23,108.07,0.04,3.50,1.27,111.58,"312,874.83"
1616,12/03/2020,VIC,"97,000","91,000","91,800","92,300","90,300","90,901","-5,200",-5.36,1.90,172.37,0.00,0.00,1.90,172.37,"310,507.13"
1617,11/03/2020,VIC,"97,700","98,000","97,000","98,000","91,100","95,502",-700,-0.72,1.05,100.24,0.00,0.00,1.05,100.24,"328,095.77"
1618,10/03/2020,VIC,"97,700","93,000","97,700","99,200","91,200","96,314",0,0.00,0.83,79.51,0.00,0.00,0.83,79.51,"330,463.47"
1619,09/03/2020,VIC,"105,000","101,500","97,700","102,000","97,700","98,192","-7,300",-6.95,0.97,94.94,0.15,14.43,1.11,109.37,"330,463.47"
1620,06/03/2020,VIC,"105,600","105,000","105,000","105,000","103,100","103,844",-600,-0.57,0.75,77.97,0.00,0.00,0.75,77.97,"355,155.21"
1621,05/03/2020,VIC,"105,500","105,100","105,600","105,900","103,800","105,325",100,0.09,0.35,37.11,0.00,0.00,0.35,37.11,"357,184.67"
1622,04/03/2020,VIC,"105,500","104,600","105,500","105,500","103,500","105,076",0,0.00,0.44,46.63,0.03,2.82,0.47,49.45,"356,846.43"
1623,03/03/2020,VIC,"105,400","105,100","105,500","105,600","104,500","105,307",100,0.09,0.56,58.76,0.00,0.00,0.56,58.76,"356,846.43"
1624,02/03/2020,VIC,"105,400","104,000","105,400","105,400","102,700","104,715",0,0.00,0.74,77.71,0.00,0.00,0.74,77.71,"356,508.18"
1625,28/02/2020,VIC,"105,600","105,000","105,400","105,400","103,000","104,300",-200,-0.19,0.87,90.83,0.00,0.00,0.87,90.83,"356,508.18"
1626,27/02/2020,VIC,"105,900","105,800","105,600","106,000","104,100","105,416",-300,-0.28,0.74,78.05,0.23,24.90,0.97,102.95,"357,184.67"
1627,26/02/2020,VIC,"107,000","104,000","105,900","106,600","104,000","105,849","-1,100",-1.03,0.63,66.20,0.00,0.00,0.63,66.20,"358,199.40"
1628,25/02/2020,VIC,"107,300","106,700","107,000","107,300","105,900","106,487",-300,-0.28,0.54,57.91,0.00,0.00,0.54,57.91,"361,920.07"
1629,24/02/2020,VIC,"109,900","107,100","107,300","108,000","105,500","106,848","-2,600",-2.37,1.43,152.65,0.02,2.46,1.45,155.10,"362,934.80"
1630,21/02/2020,VIC,"110,000","108,600","109,900","110,000","107,800","109,325",-100,-0.09,0.31,33.79,0.00,0.00,0.31,33.79,"371,729.12"
1631,20/02/2020,VIC,"105,000","106,000","110,000","110,000","105,000","107,057","5,000",4.76,0.35,37.85,0.00,0.00,0.35,37.85,"372,067.36"
1632,19/02/2020,VIC,"104,500","103,500","105,000","107,000","103,500","105,242",500,0.48,0.88,92.12,0.00,0.00,0.88,92.12,"355,155.21"
1633,18/02/2020,VIC,"108,000","107,000","104,500","107,000","104,000","104,568","-3,500",-3.24,0.79,82.80,0.10,10.50,0.89,93.30,"353,464.00"
1634,17/02/2020,VIC,"110,000","110,000","108,000","110,000","105,000","107,220","-2,000",-1.82,0.74,79.58,0.20,21.63,0.94,101.21,"365,302.50"
1635,14/02/2020,VIC,"112,400","112,300","110,000","112,600","110,000","111,197","-2,400",-2.14,0.25,28.07,0.15,16.81,0.40,44.87,"372,067.36"
1636,13/02/2020,VIC,"112,000","111,500","112,400","112,700","111,400","112,206",400,0.36,0.29,32.02,0.00,0.00,0.29,32.02,"380,185.20"
1637,12/02/2020,VIC,"113,400","113,400","112,000","113,400","112,000","112,441","-1,400",-1.23,0.45,50.91,0.00,0.00,0.45,50.91,"378,832.23"
1638,11/02/2020,VIC,"113,700","113,500","113,400","114,200","113,000","113,639",-300,-0.26,0.29,33.03,0.00,0.00,0.29,33.03,"383,567.63"
1639,10/02/2020,VIC,"114,400","113,000","113,700","114,100","113,000","113,664",-700,-0.61,0.19,21.90,0.00,0.00,0.19,21.90,"384,582.36"
1640,07/02/2020,VIC,"114,400","114,000","114,400","114,400","112,000","113,690",0,0.00,1.30,147.29,0.06,7.21,1.36,154.49,"386,950.06"
1641,06/02/2020,VIC,"114,500","114,400","114,400","114,700","112,800","114,013",-100,-0.09,0.68,77.11,0.08,8.64,0.75,85.75,"386,950.06"
1642,05/02/2020,VIC,"114,800","114,800","114,500","114,800","113,000","113,550",-300,-0.26,0.47,53.19,0.38,42.62,0.84,95.81,"387,288.30"
1643,04/02/2020,VIC,"114,800","113,600","114,800","114,800","111,800","113,562",0,0.00,1.49,168.70,0.00,0.00,1.49,168.70,"388,303.03"
1644,03/02/2020,VIC,"114,800","113,800","114,800","114,800","112,300","113,894",0,0.00,0.76,86.61,0.00,0.00,0.76,86.61,"388,303.03"
1645,31/01/2020,VIC,"114,900","114,900","114,800","114,900","113,600","114,667",-100,-0.09,0.83,95.37,0.00,0.00,0.83,95.37,"388,303.03"
1646,30/01/2020,VIC,"114,900","114,100","114,900","114,900","112,100","114,357",0,0.00,0.68,78.07,0.00,0.00,0.68,78.07,"388,641.27"
1647,22/01/2020,VIC,"114,900","114,900","114,900","114,900","114,200","114,654",0,0.00,0.37,42.63,0.00,0.00,0.37,42.63,"388,641.27"
1648,21/01/2020,VIC,"114,900","114,300","114,900","115,000","114,300","114,710",0,0.00,0.18,20.82,0.03,3.20,0.21,24.02,"388,641.27"
1649,20/01/2020,VIC,"114,900","114,900","114,900","114,900","114,300","114,568",0,0.00,0.37,42.47,0.00,0.00,0.37,42.47,"388,641.27"
1650,17/01/2020,VIC,"115,000","114,900","114,900","115,100","114,400","114,926",-100,-0.09,0.17,19.43,0.00,0.00,0.17,19.43,"388,641.27"
1651,16/01/2020,VIC,"115,000","115,000","115,000","115,100","114,300","114,839",0,0.00,0.19,21.45,2.54,292.65,2.73,314.10,"388,979.52"
1652,15/01/2020,VIC,"115,000","115,000","115,000","115,000","114,300","114,640",0,0.00,0.21,23.57,0.03,3.21,0.24,26.78,"388,979.52"
1653,14/01/2020,VIC,"114,900","114,900","115,000","115,100","114,300","114,889",100,0.09,0.10,11.62,2.92,335.51,3.02,347.13,"388,979.52"
1654,13/01/2020,VIC,"114,800","114,700","114,900","115,100","114,500","114,855",100,0.09,0.15,16.85,0.00,0.00,0.15,16.85,"388,641.27"
1655,10/01/2020,VIC,"114,700","115,000","114,800","115,000","114,700","114,844",100,0.09,0.16,18.27,0.00,0.00,0.16,18.27,"388,303.03"
1656,09/01/2020,VIC,"114,300","114,300","114,700","115,100","114,200","114,554",400,0.35,0.27,31.37,0.10,10.68,0.37,42.06,"387,964.79"
1657,08/01/2020,VIC,"114,700","114,500","114,300","114,700","113,600","114,011",-400,-0.35,0.47,53.46,0.00,0.00,0.47,53.46,"386,611.82"
1658,07/01/2020,VIC,"114,500","114,500","114,700","115,000","114,300","114,610",200,0.17,0.18,21.08,0.00,0.00,0.18,21.08,"386,375.62"
1659,06/01/2020,VIC,"115,300","115,000","114,500","115,000","114,400","114,736",-800,-0.69,0.30,34.64,0.00,0.00,0.30,34.64,"385,701.90"
1660,03/01/2020,VIC,"115,000","115,000","115,300","115,300","114,300","115,032",300,0.26,0.25,28.64,0.00,0.00,0.25,28.64,"388,396.76"
1661,02/01/2020,VIC,"115,000","114,900","115,000","115,000","114,000","114,657",0,0.00,0.44,50.48,0.00,0.00,0.44,50.48,"387,386.19"
1662,31/12/2019,VIC,"115,000","115,000","115,000","115,000","114,100","114,632",0,0.00,0.61,70.46,0.00,0.00,0.61,70.46,"387,386.19"
1663,30/12/2019,VIC,"115,200","114,500","115,000","115,000","114,200","114,646",-200,-0.17,0.50,57.79,0.00,0.00,0.50,57.79,"387,386.19"
1664,27/12/2019,VIC,"115,400","115,400","115,200","115,400","114,000","114,566",-200,-0.17,0.56,64.62,0.61,69.64,1.17,134.27,"388,059.90"
1665,26/12/2019,VIC,"115,500","115,300","115,400","115,700","114,400","115,158",-100,-0.09,0.51,58.43,0.00,0.00,0.51,58.43,"388,733.62"
1666,25/12/2019,VIC,"115,500","115,300","115,500","115,500","114,300","115,025",0,0.00,0.35,40.07,0.00,0.00,0.35,40.07,"389,070.48"
1667,24/12/2019,VIC,"115,700","115,600","115,500","115,600","114,300","114,868",-200,-0.17,0.45,51.69,0.00,0.00,0.45,51.69,"389,070.48"
1668,23/12/2019,VIC,"115,800","115,800","115,700","115,800","114,300","114,972",-100,-0.09,0.59,67.99,0.00,0.00,0.59,67.99,"389,744.19"
1669,20/12/2019,VIC,"115,800","115,800","115,800","115,800","114,700","115,618",0,0.00,0.84,97.03,1.10,127.57,1.94,224.60,"390,081.05"
1670,19/12/2019,VIC,"115,800","115,000","115,800","116,000","114,000","115,357",0,0.00,0.97,112.40,0.25,29.12,1.23,141.52,"390,081.05"
1671,18/12/2019,VIC,"115,800","115,000","115,800","115,900","114,500","115,168",0,0.00,0.85,97.56,0.12,13.32,0.96,110.88,"390,081.05"
1672,17/12/2019,VIC,"115,800","115,800","115,800","115,800","114,500","115,460",0,0.00,0.27,31.52,0.15,17.86,0.43,49.39,"390,081.05"
1673,16/12/2019,VIC,"116,000","116,000","115,800","116,000","114,800","115,482",-200,-0.17,0.38,43.54,0.49,56.48,0.86,100.02,"390,081.05"
1674,13/12/2019,VIC,"116,000","115,800","116,000","116,000","114,900","115,526",0,0.00,0.30,34.12,0.00,0.00,0.30,34.12,"390,754.76"
1675,12/12/2019,VIC,"115,900","116,000","116,000","116,000","115,200","115,869",100,0.09,0.33,38.71,0.00,0.00,0.33,38.71,"390,754.76"
1676,11/12/2019,VIC,"115,900","115,900","115,900","115,900","114,500","115,224",0,0.00,0.30,34.73,0.00,0.00,0.30,34.73,"390,417.91"
1677,10/12/2019,VIC,"115,900","115,500","115,900","115,900","113,600","114,729",0,0.00,0.58,66.06,0.00,0.00,0.58,66.06,"390,417.91"
1678,09/12/2019,VIC,"115,900","115,800","115,900","115,900","115,000","115,637",0,0.00,0.19,21.78,0.00,0.00,0.19,21.78,"390,417.91"
1679,06/12/2019,VIC,"115,800","116,000","115,900","116,300","115,400","115,828",100,0.09,0.14,16.77,0.00,0.00,0.14,16.77,"390,417.91"
1680,05/12/2019,VIC,"115,500","116,000","115,800","116,100","115,500","115,916",300,0.26,0.17,19.39,0.20,23.33,0.37,42.72,"390,081.05"
1681,04/12/2019,VIC,"115,000","114,200","115,500","115,500","114,200","115,136",500,0.43,0.18,20.71,0.06,6.91,0.24,27.62,"389,070.48"
1682,03/12/2019,VIC,"115,000","115,000","115,000","116,300","114,200","114,983",0,0.00,0.30,34.51,0.57,66.08,0.88,100.59,"384,782.57"
1683,02/12/2019,VIC,"115,700","115,500","115,000","116,300","113,800","114,648",-700,-0.61,0.30,34.40,0.00,0.00,0.30,34.40,"384,782.57"
1684,29/11/2019,VIC,"115,700","115,700","115,700","116,100","114,500","115,597",0,0.00,0.21,23.70,0.99,115.02,1.19,138.72,"387,124.72"
1685,28/11/2019,VIC,"115,600","115,100","115,700","116,000","114,300","115,203",100,0.09,0.23,26.84,0.10,11.52,0.33,38.36,"387,124.72"
1686,27/11/2019,VIC,"115,200","115,200","115,600","116,300","115,100","115,711",400,0.35,0.30,35.25,0.00,0.00,0.30,35.25,"386,790.13"
1687,26/11/2019,VIC,"116,000","116,000","115,200","116,000","115,100","115,412",-800,-0.69,1.03,118.54,0.00,0.00,1.03,118.54,"385,451.76"
1688,25/11/2019,VIC,"116,200","116,200","116,000","116,200","115,500","115,911",-200,-0.17,0.23,27.14,0.00,0.00,0.23,27.14,"388,128.51"
1689,22/11/2019,VIC,"115,300","116,200","116,200","116,900","115,300","116,006",900,0.78,0.31,35.84,0.00,0.00,0.31,35.84,"388,797.69"
1690,21/11/2019,VIC,"116,000","117,000","115,300","117,000","113,800","114,903",-700,-0.60,1.57,180.17,0.00,0.00,1.57,180.17,"385,786.35"
1691,20/11/2019,VIC,"117,100","117,200","116,000","117,200","116,000","116,175","-1,100",-0.94,0.71,81.95,0.00,0.00,0.71,81.95,"388,128.51"
1692,19/11/2019,VIC,"118,100","118,000","117,100","118,200","116,800","117,320","-1,000",-0.85,0.49,57.66,0.00,0.00,0.49,57.66,"391,809.03"
1693,18/11/2019,VIC,"119,600","119,800","118,100","119,800","117,900","118,583","-1,500",-1.25,0.27,31.76,0.45,54.00,0.72,85.76,"395,154.97"
1694,15/11/2019,VIC,"119,300","119,200","119,600","120,800","118,800","119,865",300,0.25,0.24,28.58,0.02,2.39,0.26,30.97,"400,173.87"
1695,14/11/2019,VIC,"119,000","119,000","119,300","119,800","118,800","119,250",300,0.25,0.25,29.83,0.00,0.00,0.25,29.83,"399,170.09"
1696,13/11/2019,VIC,"119,400","118,900","119,000","119,400","118,400","118,970",-400,-0.34,0.32,38.49,0.57,67.48,0.89,105.96,"398,166.31"
1697,12/11/2019,VIC,"118,900","118,900","119,400","119,900","118,600","119,260",500,0.42,0.16,18.91,0.48,56.99,0.63,75.89,"399,504.69"
1698,11/11/2019,VIC,"120,500","120,500","118,900","120,500","118,900","119,350","-1,600",-1.33,0.28,33.57,0.00,0.00,0.28,33.57,"397,831.72"
1699,08/11/2019,VIC,"120,800","121,600","120,500","121,600","120,000","120,590",-300,-0.25,0.49,59.44,0.02,2.43,0.51,61.87,"403,185.21"
1700,07/11/2019,VIC,"121,900","122,000","120,800","122,300","120,800","121,380","-1,100",-0.90,0.25,29.95,0.00,0.00,0.25,29.95,"404,188.99"
1701,06/11/2019,VIC,"121,500","121,500","121,900","122,500","121,000","121,890",400,0.33,0.52,63.11,0.21,25.24,0.72,88.35,"407,869.52"
1702,05/11/2019,VIC,"121,700","121,000","121,500","122,000","120,900","121,480",-200,-0.16,0.26,31.65,0.02,2.43,0.28,34.08,"406,531.15"
1703,04/11/2019,VIC,"122,500","122,500","121,700","122,500","120,700","121,680",-800,-0.65,0.31,37.68,0.00,0.00,0.31,37.68,"407,200.34"
1704,01/11/2019,VIC,"119,000","120,000","122,500","122,500","119,500","121,290","3,500",2.94,0.75,90.85,0.00,0.00,0.75,90.85,"409,877.09"
1705,31/10/2019,VIC,"119,600","120,000","119,000","120,400","119,000","119,640",-600,-0.50,0.84,100.58,0.00,0.00,0.84,100.58,"398,166.31"
1706,30/10/2019,VIC,"117,800","118,000","119,600","119,900","117,800","119,194","1,800",1.53,0.60,71.63,0.00,0.00,0.60,71.63,"400,173.87"
1707,29/10/2019,VIC,"117,700","117,700","117,800","117,900","117,400","117,677",100,0.08,0.19,22.01,0.05,5.30,0.23,27.31,"394,151.19"
1708,28/10/2019,VIC,"117,200","117,000","117,700","118,100","116,700","117,361",500,0.43,0.27,31.50,0.00,0.00,0.27,31.50,"393,816.60"
1709,25/10/2019,VIC,"117,200","117,000","117,200","117,400","116,700","117,070",0,0.00,0.29,34.39,0.19,21.87,0.48,56.26,"392,143.63"
1710,24/10/2019,VIC,"117,100","117,100","117,200","117,200","116,500","116,976",100,0.09,0.40,46.43,0.54,62.53,0.93,108.96,"392,143.63"
1711,23/10/2019,VIC,"116,800","116,800","117,100","117,500","116,800","117,166",300,0.26,0.13,15.26,0.00,0.00,0.13,15.26,"391,809.03"
1712,22/10/2019,VIC,"116,900","118,000","116,800","118,000","116,800","117,394",-100,-0.09,0.18,20.63,0.00,0.00,0.18,20.63,"390,805.25"
1713,21/10/2019,VIC,"117,000","117,000","116,900","118,300","116,000","117,293",-100,-0.09,0.21,24.11,0.00,0.00,0.21,24.11,"391,139.85"
1714,18/10/2019,VIC,"117,000","117,000","117,000","117,000","116,500","116,760",0,0.00,0.26,30.53,0.11,12.58,0.37,43.11,"391,474.44"
1715,17/10/2019,VIC,"118,000","117,900","117,000","118,500","116,900","117,110","-1,000",-0.85,0.48,56.11,0.00,0.00,0.48,56.11,"391,474.44"
1716,16/10/2019,VIC,"118,400","119,000","118,000","119,000","117,700","118,070",-400,-0.34,0.22,26.53,0.75,88.52,0.97,115.05,"394,820.38"
1717,15/10/2019,VIC,"118,000","118,000","118,400","119,300","118,000","118,780",400,0.34,0.22,26.38,0.80,94.80,1.02,121.18,"396,158.75"
1718,14/10/2019,VIC,"118,000","118,500","118,000","119,800","117,500","118,570",0,0.00,0.36,42.47,0.02,2.35,0.38,44.82,"394,820.38"
1719,11/10/2019,VIC,"116,900","117,500","118,000","118,000","116,700","117,460","1,100",0.94,0.33,38.64,0.60,70.50,0.93,109.14,"394,820.38"
1720,10/10/2019,VIC,"117,000","117,500","116,900","117,700","116,800","117,060",-100,-0.09,0.27,32.01,0.70,82.25,0.97,114.26,"391,139.85"
1721,09/10/2019,VIC,"117,100","116,900","117,000","118,300","116,700","117,250",-100,-0.09,0.22,25.97,0.32,37.55,0.54,63.52,"391,474.44"
1722,08/10/2019,VIC,"117,000","117,200","117,100","117,300","116,400","116,840",100,0.09,0.35,41.33,0.00,0.00,0.35,41.33,"391,809.03"
1723,07/10/2019,VIC,"118,000","118,000","117,000","118,100","116,500","117,210","-1,000",-0.85,0.47,54.75,0.13,14.63,0.59,69.38,"391,474.44"
1724,04/10/2019,VIC,"118,000","118,000","118,000","118,700","117,700","117,940",0,0.00,0.25,29.37,0.04,5.07,0.29,34.44,"394,820.38"
1725,03/10/2019,VIC,"118,000","117,200","118,000","118,000","117,100","117,460",0,0.00,0.65,76.40,0.00,0.00,0.65,76.40,"394,820.38"
1726,02/10/2019,VIC,"119,900","119,900","118,000","120,500","118,000","118,840","-1,900",-1.58,0.55,64.80,0.00,0.00,0.55,64.80,"394,820.38"
1727,01/10/2019,VIC,"119,800","120,500","119,900","120,900","119,700","120,130",100,0.08,0.15,18.26,0.00,0.00,0.15,18.26,"401,177.65"
1728,30/09/2019,VIC,"119,800","120,000","119,800","121,200","119,600","120,390",0,0.00,0.31,37.16,0.00,0.00,0.31,37.16,"400,843.06"
1729,27/09/2019,VIC,"119,000","119,000","119,800","120,300","118,800","119,570",800,0.67,0.26,31.60,0.00,0.00,0.26,31.60,"400,843.06"
1730,26/09/2019,VIC,"119,700","120,000","119,000","120,000","118,800","119,190",-700,-0.58,0.33,39.81,0.00,0.00,0.33,39.81,"398,166.31"
1731,25/09/2019,VIC,"120,100","120,100","119,700","120,300","119,000","119,630",-400,-0.33,0.26,30.70,0.00,0.00,0.26,30.70,"400,508.47"
1732,24/09/2019,VIC,"119,000","119,000","120,100","120,400","119,000","119,830","1,100",0.92,0.26,30.93,0.32,38.94,0.58,69.87,"401,846.84"
1733,23/09/2019,VIC,"119,400","119,500","119,000","120,400","118,900","119,730",-400,-0.34,0.48,57.33,0.00,0.00,0.48,57.33,"398,166.31"
1734,20/09/2019,VIC,"121,500","121,400","119,400","121,900","119,400","119,850","-2,100",-1.73,1.83,218.97,0.00,0.00,1.83,218.97,"399,504.69"
1735,19/09/2019,VIC,"122,200","122,500","121,500","122,800","121,400","121,860",-700,-0.57,0.35,42.07,0.00,0.00,0.35,42.07,"406,531.15"
1736,18/09/2019,VIC,"122,800","122,500","122,200","122,800","122,100","122,360",-600,-0.49,0.18,22.25,0.00,0.00,0.18,22.25,"408,873.30"
1737,17/09/2019,VIC,"122,800","122,100","122,800","123,800","122,000","122,856",0,0.00,0.42,51.21,0.00,0.00,0.42,51.21,"410,880.87"
1738,16/09/2019,VIC,"122,400","122,000","122,800","124,700","122,000","123,259",400,0.33,0.33,40.76,0.00,0.00,0.33,40.76,"410,880.87"
1739,13/09/2019,VIC,"121,500","122,100","122,400","122,900","120,800","121,357",900,0.74,0.28,33.80,1.41,163.31,1.69,197.11,"409,542.49"
1740,12/09/2019,VIC,"121,500","121,500","121,500","122,100","121,300","121,575",0,0.00,0.19,22.88,0.00,0.00,0.19,22.88,"406,531.15"
1741,11/09/2019,VIC,"122,000","122,000","121,500","122,800","121,000","121,781",-500,-0.41,0.18,21.51,0.05,6.09,0.23,27.60,"406,531.15"
1742,10/09/2019,VIC,"122,600","123,000","122,000","123,200","122,000","122,712",-600,-0.49,0.25,30.33,0.00,0.00,0.25,30.33,"408,204.12"
1743,09/09/2019,VIC,"121,100","121,900","122,600","122,800","121,100","122,072","1,500",1.24,0.17,20.23,0.00,0.00,0.17,20.23,"410,211.68"
1744,06/09/2019,VIC,"122,000","122,000","121,100","123,000","121,000","121,728",-900,-0.74,0.28,34.12,0.00,0.00,0.28,34.12,"405,192.78"
1745,05/09/2019,VIC,"122,400","122,900","122,000","123,400","122,000","122,814",-400,-0.33,0.30,37.23,0.00,0.00,0.30,37.23,"408,204.12"
1746,04/09/2019,VIC,"123,000","123,000","122,400","123,500","121,700","122,646",-600,-0.49,0.39,47.28,0.06,7.10,0.44,54.38,"409,542.49"
1747,03/09/2019,VIC,"123,500","123,500","123,000","124,400","122,200","123,492",-500,-0.40,0.17,21.54,0.13,16.55,0.31,38.08,"411,550.05"
1748,30/08/2019,VIC,"122,500","123,500","123,500","123,900","122,000","123,239","1,000",0.82,0.22,27.20,0.00,0.00,0.22,27.20,"413,223.02"
1749,29/08/2019,VIC,"122,000","123,500","122,500","123,500","121,100","121,894",500,0.41,0.35,42.72,0.03,3.15,0.38,45.87,"409,877.09"
1750,28/08/2019,VIC,"122,500","122,200","122,000","123,500","121,900","122,441",-500,-0.41,0.24,29.72,0.00,0.00,0.24,29.72,"408,204.12"
1751,27/08/2019,VIC,"124,800","124,900","122,500","125,700","122,500","123,813","-2,300",-1.84,0.40,49.19,0.03,3.20,0.42,52.39,"409,877.09"
1752,26/08/2019,VIC,"125,000","125,000","124,800","125,000","123,400","123,943",-200,-0.16,0.36,44.12,0.00,0.00,0.36,44.12,"417,572.74"
1753,23/08/2019,VIC,"126,100","126,100","125,000","126,100","124,600","125,500","-1,100",-0.87,0.51,64.41,0.08,9.66,0.59,74.08,"418,241.92"
1754,22/08/2019,VIC,"122,400","123,000","126,100","126,500","122,700","124,550","3,700",3.02,0.67,83.69,0.03,3.22,0.70,86.91,"421,922.45"
1755,21/08/2019,VIC,"121,000","121,000","122,400","122,500","121,000","122,134","1,400",1.16,0.25,30.88,0.00,0.00,0.25,30.88,"409,542.49"
1756,20/08/2019,VIC,"121,900","121,900","121,000","122,500","121,000","121,812",-900,-0.74,0.21,25.16,0.00,0.00,0.21,25.16,"404,858.18"
1757,19/08/2019,VIC,"122,000","122,500","121,900","122,500","121,500","121,911",-100,-0.08,0.21,25.84,8.00,936.00,8.21,961.84,"407,869.52"
1758,16/08/2019,VIC,"121,000","119,600","122,000","122,300","119,600","121,679","1,000",0.83,0.35,42.27,0.08,9.44,0.42,51.71,"408,204.12"
1759,15/08/2019,VIC,"118,600","117,000","121,000","121,000","117,000","119,733","2,400",2.02,0.33,39.17,0.00,0.00,0.33,39.17,"404,858.18"
1760,14/08/2019,VIC,"118,100","119,500","118,600","120,000","118,200","118,710",500,0.42,0.30,35.90,0.04,4.64,0.34,40.54,"396,827.94"
1761,13/08/2019,VIC,"120,000","119,900","118,100","120,000","118,000","118,464","-1,900",-1.58,0.31,36.76,0.00,0.00,0.31,36.76,"395,154.97"
1762,12/08/2019,VIC,"120,200","120,200","120,000","121,200","120,000","120,249",-200,-0.17,0.11,12.92,0.70,84.44,0.81,97.36,"401,512.25"
1763,09/08/2019,VIC,"122,000","122,000","120,200","122,500","120,200","121,487","-1,800",-1.48,0.40,48.72,4.32,526.86,4.72,575.58,"402,181.43"
1764,08/08/2019,VIC,"118,000","118,000","122,000","122,500","118,000","120,291","4,000",3.39,0.55,65.58,5.36,638.13,5.91,703.71,"408,204.12"
1765,07/08/2019,VIC,"119,800","116,000","118,000","120,200","117,600","118,604","-1,800",-1.50,0.35,41.03,2.50,300.00,2.85,341.03,"394,820.38"
1766,06/08/2019,VIC,"118,000","116,000","119,800","119,800","115,500","117,319","1,800",1.53,0.44,51.81,2.97,350.95,3.42,402.76,"400,843.06"
1767,05/08/2019,VIC,"122,500","122,100","118,000","122,100","118,000","120,121","-4,500",-3.67,0.76,91.29,3.03,369.77,3.79,461.07,"394,820.38"
1768,02/08/2019,VIC,"124,400","122,000","122,500","123,100","121,900","122,353","-1,900",-1.53,0.48,59.11,3.05,375.12,3.53,434.23,"409,877.09"
1769,01/08/2019,VIC,"122,000","123,000","124,400","124,500","122,500","123,788","2,400",1.97,0.37,45.29,0.00,0.00,0.37,45.29,"416,234.36"
1770,31/07/2019,VIC,"122,500","122,500","122,000","123,200","120,200","122,096",-500,-0.41,0.41,49.63,2.52,309.11,2.93,358.74,"408,204.12"
1771,30/07/2019,VIC,"124,400","124,400","122,500","125,000","122,000","123,345","-1,900",-1.53,0.37,45.23,0.05,6.18,0.42,51.40,"409,877.09"
1772,29/07/2019,VIC,"122,100","123,000","124,400","124,400","122,100","123,688","2,300",1.88,0.57,70.11,0.11,13.04,0.67,83.15,"416,234.36"
1773,26/07/2019,VIC,"123,200","122,700","122,100","123,300","121,600","122,556","-1,100",-0.89,0.42,51.05,1.97,240.24,2.39,291.29,"408,538.71"
1774,25/07/2019,VIC,"122,000","120,600","123,200","125,100","120,600","124,100","1,200",0.98,0.74,91.89,3.35,416.14,4.09,508.02,"412,219.24"
1775,24/07/2019,VIC,"119,800","120,500","122,000","122,200","120,200","121,713","2,200",1.84,0.66,80.56,0.00,0.00,0.66,80.56,"408,204.12"
1776,23/07/2019,VIC,"116,500","116,500","119,800","120,300","116,500","119,427","3,300",2.83,1.50,179.40,0.15,17.91,1.65,197.31,"400,843.06"
1777,22/07/2019,VIC,"116,000","116,000","116,500","116,500","115,000","116,320",500,0.43,0.40,46.05,0.05,5.70,0.44,51.76,"389,801.47"
1778,19/07/2019,VIC,"114,800","115,000","116,000","116,000","114,800","115,565","1,200",1.05,0.48,55.04,0.07,8.10,0.55,63.14,"388,128.51"
1779,18/07/2019,VIC,"115,500","115,000","114,800","115,900","114,800","115,158",-700,-0.61,0.45,52.35,0.25,28.86,0.71,81.21,"384,113.38"
1780,17/07/2019,VIC,"115,900","116,000","115,500","116,300","115,000","115,564",-400,-0.35,0.21,24.69,0.00,0.00,0.21,24.69,"386,455.54"
1781,16/07/2019,VIC,"114,200","115,000","115,900","116,500","114,200","115,670","1,700",1.49,0.47,54.75,0.50,58.25,0.97,113.00,"387,793.91"
1782,15/07/2019,VIC,"116,000","116,900","114,200","116,200","113,800","114,512","-1,800",-1.55,0.51,58.96,0.00,0.00,0.51,58.96,"382,105.82"
1783,12/07/2019,VIC,"116,500","116,900","116,000","117,000","116,000","116,402",-500,-0.43,0.17,19.78,0.00,0.00,0.17,19.78,"388,128.51"
1784,11/07/2019,VIC,"116,800","117,300","116,500","117,500","115,600","116,250",-300,-0.26,0.36,42.24,0.06,6.98,0.42,49.22,"389,801.47"
1785,10/07/2019,VIC,"116,000","117,000","116,800","117,500","116,500","116,899",800,0.69,0.38,44.08,0.05,5.84,0.43,49.92,"390,805.25"
1786,09/07/2019,VIC,"116,000","116,000","116,000","116,100","115,200","115,822",0,0.00,0.19,21.70,0.18,21.24,0.37,42.94,"388,128.51"
1787,08/07/2019,VIC,"116,700","116,500","116,000","116,700","115,800","116,194",-700,-0.60,0.29,33.21,0.16,18.28,0.44,51.49,"388,128.51"
1788,05/07/2019,VIC,"116,500","116,000","116,700","116,800","115,800","116,405",200,0.17,0.31,35.78,1.09,126.74,1.40,162.52,"390,470.66"
1789,04/07/2019,VIC,"115,400","115,000","116,500","116,500","115,000","115,930","1,100",0.95,0.27,30.75,0.00,0.00,0.27,30.75,"389,801.47"
1790,03/07/2019,VIC,"115,800","115,500","115,400","116,000","114,300","114,913",-400,-0.35,0.26,29.90,0.00,0.00,0.26,29.90,"386,120.94"
1791,02/07/2019,VIC,"117,200","117,100","115,800","117,300","115,800","116,543","-1,400",-1.19,0.27,31.25,0.06,6.41,0.32,37.66,"387,459.32"
1792,01/07/2019,VIC,"115,700","116,700","117,200","117,200","116,100","116,778","1,500",1.30,0.56,65.64,0.00,0.00,0.56,65.64,"392,143.63"
1793,28/06/2019,VIC,"114,900","115,000","115,700","115,900","113,700","114,787",800,0.70,0.47,53.79,0.02,2.37,0.49,56.16,"387,124.72"
1794,27/06/2019,VIC,"116,900","117,000","114,900","117,000","114,900","116,069","-2,000",-1.71,0.40,46.23,0.05,5.99,0.45,52.22,"384,447.98"
1795,26/06/2019,VIC,"116,400","116,300","116,900","117,000","116,000","116,710",500,0.43,0.52,60.11,0.00,0.00,0.52,60.11,"391,139.85"
1796,25/06/2019,VIC,"116,400","116,500","116,400","117,200","116,300","116,765",0,0.00,0.51,59.63,0.09,9.92,0.60,69.56,"389,466.88"
1797,24/06/2019,VIC,"114,500","115,000","116,400","116,600","115,000","116,305","1,900",1.66,0.23,26.56,0.00,0.00,0.23,26.56,"389,466.88"
1798,21/06/2019,VIC,"116,000","114,500","114,500","116,800","114,500","114,879","-1,500",-1.29,0.59,68.26,0.00,0.00,0.59,68.26,"383,109.60"
1799,20/06/2019,VIC,"115,900","116,200","116,000","117,100","115,600","116,536",100,0.09,0.32,37.00,0.09,10.72,0.41,47.72,"388,128.51"
1800,19/06/2019,VIC,"114,000","115,900","115,900","115,900","114,500","115,227","1,900",1.67,0.14,15.58,0.00,0.00,0.14,15.58,"387,793.91"
1801,18/06/2019,VIC,"114,500","114,700","114,000","115,000","113,800","114,240",-500,-0.44,0.43,49.56,0.00,0.00,0.43,49.56,"381,436.63"
1802,17/06/2019,VIC,"115,500","115,900","114,500","116,500","113,800","114,473","-1,000",-0.87,0.42,47.55,0.08,8.65,0.49,56.20,"383,109.60"
1803,14/06/2019,VIC,"115,500","116,000","115,500","116,000","114,300","115,047",0,0.00,0.35,40.29,0.05,6.06,0.40,46.34,"386,455.54"
1804,13/06/2019,VIC,"116,000","115,200","115,500","115,900","115,200","115,578",-500,-0.43,0.27,30.97,0.03,3.04,0.29,34.01,"386,455.54"
1805,12/06/2019,VIC,"117,000","117,000","116,000","117,500","116,000","116,888","-1,000",-0.85,0.26,30.20,0.20,23.38,0.46,53.57,"388,128.51"
1806,11/06/2019,VIC,"117,600","117,600","117,000","117,800","117,000","117,468",-600,-0.51,0.31,36.29,0.07,7.63,0.37,43.92,"391,474.44"
1807,10/06/2019,VIC,"117,000","117,200","117,600","118,700","117,200","117,943",600,0.51,0.96,112.74,0.00,0.00,0.96,112.74,"393,482.00"
1808,07/06/2019,VIC,"115,900","116,600","117,000","117,000","116,100","116,697","1,100",0.95,0.29,33.49,0.73,84.83,1.01,118.31,"391,474.44"
1809,06/06/2019,VIC,"115,900","115,900","115,900","115,900","114,400","115,534",0,0.00,0.17,19.35,0.00,0.00,0.17,19.35,"387,793.91"
1810,05/06/2019,VIC,"114,600","115,000","115,900","115,900","115,000","115,651","1,300",1.13,0.24,28.27,0.00,0.00,0.24,28.27,"387,793.91"
1811,04/06/2019,VIC,"114,500","113,600","114,600","115,400","113,600","114,638",100,0.09,0.26,30.12,0.06,6.30,0.32,36.42,"383,444.20"
1812,03/06/2019,VIC,"114,600","114,000","114,500","115,500","113,000","114,372",-100,-0.09,0.28,32.20,0.00,0.00,0.28,32.20,"383,109.60"
1813,31/05/2019,VIC,"115,000","115,800","114,600","115,800","114,600","115,043",-400,-0.35,0.30,34.12,0.00,0.00,0.30,34.12,"383,444.20"
1814,30/05/2019,VIC,"115,200","115,200","115,000","116,200","115,000","115,749",-200,-0.17,0.57,66.30,0.00,0.00,0.57,66.30,"384,782.57"
1815,29/05/2019,VIC,"114,000","114,900","115,200","115,400","114,000","114,935","1,200",1.05,0.36,41.14,0.00,0.00,0.36,41.14,"385,451.76"
1816,28/05/2019,VIC,"115,000","116,000","114,000","116,000","114,000","114,410","-1,000",-0.87,0.50,57.58,0.10,11.52,0.60,69.09,"381,436.63"
1817,27/05/2019,VIC,"115,000","114,000","115,000","115,900","114,000","115,240",0,0.00,0.17,19.14,0.00,0.00,0.17,19.14,"384,782.57"
1818,24/05/2019,VIC,"117,000","115,500","115,000","116,200","114,300","115,434","-2,000",-1.71,0.63,72.56,0.10,11.50,0.73,84.06,"384,782.57"
1819,23/05/2019,VIC,"117,500","117,000","117,000","117,600","116,200","117,288",-500,-0.43,0.25,29.30,0.00,0.00,0.25,29.30,"391,474.44"
1820,22/05/2019,VIC,"117,500","117,500","117,500","118,100","116,000","117,336",0,0.00,0.38,44.86,0.00,0.00,0.38,44.86,"375,015.49"
1821,21/05/2019,VIC,"117,500","118,700","117,500","118,700","116,300","117,528",0,0.00,0.71,83.28,51.52,"5,821.90",52.23,"5,905.18","375,015.49"
1822,20/05/2019,VIC,"116,900","117,000","117,500","117,500","116,100","116,991",600,0.51,0.41,47.54,0.08,9.34,0.49,56.88,"375,015.49"
1823,17/05/2019,VIC,"116,900","117,000","116,900","118,100","116,100","117,003",0,0.00,0.46,54.32,0.15,17.66,0.62,71.98,"373,100.52"
1824,16/05/2019,VIC,"115,300","115,300","116,900","118,900","115,300","117,075","1,600",1.39,0.77,90.50,0.04,4.68,0.81,95.18,"373,100.52"
1825,15/05/2019,VIC,"113,500","113,500","115,300","116,200","113,400","115,256","1,800",1.59,0.46,52.65,0.03,2.80,0.48,55.45,"367,993.93"
1826,14/05/2019,VIC,"112,900","112,000","113,500","113,500","111,900","112,804",600,0.53,0.54,61.00,0.00,0.00,0.54,61.00,"362,249.01"
1827,13/05/2019,VIC,"112,700","111,900","112,900","112,900","111,700","112,318",200,0.18,0.44,49.33,0.00,0.00,0.44,49.33,"360,334.04"
1828,10/05/2019,VIC,"112,600","112,600","112,700","113,000","112,200","112,668",100,0.09,0.29,32.58,0.00,0.00,0.29,32.58,"359,695.71"
1829,09/05/2019,VIC,"112,600","112,700","112,600","112,700","111,600","112,313",0,0.00,0.31,35.28,0.23,25.29,0.54,60.57,"359,376.55"
1830,08/05/2019,VIC,"112,600","111,500","112,600","112,700","111,400","112,313",0,0.00,0.35,39.14,0.00,0.00,0.35,39.14,"359,376.55"
1831,07/05/2019,VIC,"112,200","112,200","112,600","113,300","111,000","112,225",400,0.36,0.42,47.29,0.00,0.00,0.42,47.29,"359,376.55"
1832,06/05/2019,VIC,"112,500","112,000","112,200","112,300","110,200","111,625",-300,-0.27,0.29,32.44,0.00,0.00,0.29,32.44,"358,099.90"
1833,03/05/2019,VIC,"113,600","113,700","112,500","113,700","112,100","112,710","-1,100",-0.97,0.71,79.52,0.00,0.00,0.71,79.52,"359,057.39"
1834,02/05/2019,VIC,"113,700","113,800","113,600","113,900","113,000","113,484",-100,-0.09,0.19,21.67,0.00,0.00,0.19,21.67,"362,568.17"
1835,26/04/2019,VIC,"113,600","112,000","113,700","113,700","112,000","113,347",100,0.09,0.83,93.63,0.00,0.00,0.83,93.63,"362,887.33"
1836,25/04/2019,VIC,"113,800","113,800","113,600","113,800","112,000","112,763",-200,-0.18,0.50,56.78,0.00,0.00,0.50,56.78,"362,568.17"
1837,24/04/2019,VIC,"113,000","113,000","113,800","114,000","112,100","113,566",800,0.71,0.45,50.86,0.00,0.00,0.45,50.86,"363,206.50"
1838,23/04/2019,VIC,"111,900","111,900","113,000","113,000","111,000","112,423","1,100",0.98,0.53,60.11,0.00,0.00,0.53,60.11,"360,653.20"
1839,22/04/2019,VIC,"110,100","109,000","111,900","111,900","107,000","110,294","1,800",1.63,0.79,87.58,0.06,6.58,0.85,94.16,"357,142.42"
1840,19/04/2019,VIC,"109,000","110,000","110,100","110,600","108,200","109,629","1,100",1.01,0.41,45.39,0.00,0.00,0.41,45.39,"351,397.50"
1841,18/04/2019,VIC,"110,000","109,500","109,000","110,000","105,000","108,354","-1,000",-0.91,0.89,96.57,0.00,0.00,0.89,96.57,"347,886.71"
1842,17/04/2019,VIC,"113,100","111,300","110,000","113,000","110,000","111,326","-3,100",-2.74,0.96,106.90,0.02,2.23,0.98,109.13,"351,078.34"
1843,16/04/2019,VIC,"113,200","109,500","113,100","113,100","108,000","110,487",-100,-0.09,1.23,136.03,0.02,2.22,1.25,138.26,"360,972.36"
1844,12/04/2019,VIC,"115,000","115,000","113,200","115,000","113,000","113,678","-1,800",-1.57,0.55,62.75,0.03,2.98,0.58,65.73,"361,291.52"
1845,11/04/2019,VIC,"111,800","111,800","115,000","115,000","111,800","113,113","3,200",2.86,0.35,39.68,0.00,0.00,0.35,39.68,"367,036.44"
1846,10/04/2019,VIC,"113,000","113,000","111,800","114,000","110,900","112,115","-1,200",-1.06,0.70,78.03,0.00,0.00,0.70,78.03,"356,823.25"
1847,09/04/2019,VIC,"115,500","116,000","113,000","116,000","112,800","113,944","-2,500",-2.16,1.16,131.80,0.00,0.00,1.16,131.80,"360,653.20"
1848,08/04/2019,VIC,"115,100","115,200","115,500","115,800","114,800","115,182",400,0.35,0.44,50.13,0.07,8.00,0.50,58.13,"368,632.25"
1849,05/04/2019,VIC,"115,100","115,300","115,100","115,400","114,600","115,128",0,0.00,0.24,27.15,0.20,22.52,0.43,49.67,"367,355.60"
1850,04/04/2019,VIC,"114,900","115,100","115,100","115,800","114,100","114,854",200,0.17,0.38,44.07,0.04,4.64,0.42,48.71,"367,355.60"
1851,03/04/2019,VIC,"116,300","115,500","114,900","116,000","114,500","115,205","-1,400",-1.20,0.46,53.49,0.00,0.00,0.46,53.49,"366,717.28"
1852,02/04/2019,VIC,"116,500","116,900","116,300","117,200","116,200","116,808",-200,-0.17,1.04,121.05,0.00,0.00,1.04,121.05,"371,185.55"
1853,01/04/2019,VIC,"115,900","116,400","116,500","116,500","115,800","116,093",600,0.52,0.83,96.18,0.00,0.00,0.83,96.18,"371,823.87"
1854,29/03/2019,VIC,"115,900","115,900","115,900","116,800","115,900","116,155",0,0.00,1.10,127.77,0.00,0.00,1.10,127.77,"369,908.90"
1855,28/03/2019,VIC,"113,900","113,900","115,900","115,900","113,900","115,251","2,000",1.76,0.56,64.76,0.10,11.26,0.66,76.02,"369,908.90"
1856,27/03/2019,VIC,"113,700","115,000","113,900","115,900","113,900","114,704",200,0.18,0.77,88.56,0.14,15.63,0.91,104.19,"363,525.66"
1857,26/03/2019,VIC,"115,200","115,500","113,700","116,800","113,000","114,764","-1,500",-1.30,0.85,97.16,0.12,13.74,0.97,110.90,"362,887.33"
1858,25/03/2019,VIC,"118,600","117,000","115,200","117,300","115,000","116,055","-3,400",-2.87,0.89,102.92,0.20,23.62,1.09,126.53,"367,674.77"
1859,22/03/2019,VIC,"117,000","117,000","118,600","118,900","117,000","118,063","1,600",1.37,1.11,131.60,0.00,0.00,1.11,131.60,"378,526.28"
1860,21/03/2019,VIC,"120,200","120,100","117,000","120,300","117,000","118,933","-3,200",-2.66,1.21,143.73,0.00,0.00,1.21,143.73,"373,419.68"
1861,20/03/2019,VIC,"121,000","121,000","120,200","121,000","119,100","120,031",-800,-0.66,0.78,93.65,0.05,5.45,0.83,99.10,"383,632.87"
1862,19/03/2019,VIC,"121,300","121,300","121,000","122,400","120,700","121,436",-300,-0.25,1.19,144.52,0.10,12.13,1.29,156.65,"386,186.17"
1863,18/03/2019,VIC,"118,700","120,000","121,300","121,300","119,100","120,165","2,600",2.19,1.11,133.93,0.00,0.00,1.11,133.93,"387,143.66"
1864,15/03/2019,VIC,"118,800","119,300","118,700","119,300","117,900","118,666",-100,-0.08,1.70,202.28,0.00,0.00,1.70,202.28,"378,845.44"
1865,14/03/2019,VIC,"117,500","116,500","118,800","118,800","115,600","117,629","1,300",1.11,1.16,135.90,0.00,0.00,1.16,135.90,"379,164.60"
1866,13/03/2019,VIC,"118,600","118,500","117,500","120,000","117,000","118,838","-1,100",-0.93,1.26,150.01,0.00,0.00,1.26,150.01,"375,015.49"
1867,12/03/2019,VIC,"118,300","119,000","118,600","119,400","118,200","118,856",300,0.25,0.90,107.23,0.10,11.89,1.00,119.12,"378,526.28"
1868,11/03/2019,VIC,"118,100","117,000","118,300","118,300","117,000","118,005",200,0.17,0.43,50.67,0.27,31.72,0.70,82.39,"377,568.79"
1869,08/03/2019,VIC,"119,200","119,000","118,100","119,600","118,100","118,982","-1,100",-0.92,0.85,100.57,0.02,2.54,0.87,103.11,"376,930.47"
1870,07/03/2019,VIC,"117,700","117,900","119,200","122,500","117,800","120,521","1,500",1.27,1.80,216.70,0.40,48.21,2.20,264.90,"380,441.25"
1871,06/03/2019,VIC,"117,300","117,700","117,700","117,700","117,100","117,464",400,0.34,0.38,44.32,0.10,11.75,0.48,56.06,"375,653.82"
1872,05/03/2019,VIC,"117,400","117,400","117,300","117,800","116,900","117,524",-100,-0.09,0.71,82.98,0.02,2.35,0.73,85.33,"374,377.17"
1873,04/03/2019,VIC,"115,100","116,700","117,400","117,600","115,800","117,033","2,300",2.00,0.66,77.31,0.00,0.00,0.66,77.31,"374,696.33"
1874,01/03/2019,VIC,"114,000","114,000","115,100","117,000","114,000","115,544","1,100",0.96,0.74,85.42,0.02,2.30,0.76,87.72,"367,355.60"
1875,28/02/2019,VIC,"117,400","117,000","114,000","117,400","113,100","115,113","-3,400",-2.90,1.13,130.35,0.11,12.87,1.24,143.23,"363,844.82"
1876,27/02/2019,VIC,"115,500","115,500","117,400","117,900","115,500","117,045","1,900",1.65,0.82,96.52,0.08,9.37,0.90,105.88,"374,696.33"
1877,26/02/2019,VIC,"116,300","116,000","115,500","116,600","113,500","115,537",-800,-0.69,0.79,91.59,0.06,6.57,0.85,98.15,"368,632.25"
1878,25/02/2019,VIC,"117,000","117,000","116,300","117,900","115,900","116,833",-700,-0.60,0.62,73.01,0.00,0.00,0.62,73.01,"371,185.55"
1879,22/02/2019,VIC,"118,400","118,000","117,000","118,400","116,600","117,518","-1,400",-1.18,0.72,84.68,0.00,0.00,0.72,84.68,"373,419.68"
1880,21/02/2019,VIC,"116,500","116,500","118,400","118,400","116,300","118,101","1,900",1.63,1.16,137.32,0.00,0.00,1.16,137.32,"377,887.95"
1881,20/02/2019,VIC,"116,000","115,200","116,500","116,900","115,200","116,391",500,0.43,0.68,79.01,0.14,16.49,0.82,95.49,"371,823.87"
1882,19/02/2019,VIC,"113,700","113,500","116,000","116,600","113,500","115,435","2,300",2.02,1.00,115.67,0.02,2.27,1.02,117.94,"370,228.06"
1883,18/02/2019,VIC,"112,000","112,500","113,700","113,700","111,700","113,125","1,700",1.52,0.83,93.80,0.35,39.77,1.18,133.57,"362,887.33"
1884,15/02/2019,VIC,"112,900","113,000","112,000","113,000","112,000","112,336",-900,-0.80,0.67,75.37,0.00,0.00,0.67,75.37,"357,461.58"
1885,14/02/2019,VIC,"109,000","109,000","112,900","113,000","109,000","112,088","3,900",3.58,1.00,111.56,0.00,0.00,1.00,111.56,"360,334.04"
1886,13/02/2019,VIC,"109,100","108,000","109,000","109,300","107,200","108,574",-100,-0.09,0.82,89.25,0.00,0.00,0.82,89.25,"347,886.71"
1887,12/02/2019,VIC,"104,000","104,900","109,100","109,100","104,000","107,364","5,100",4.90,0.77,82.58,0.10,10.10,0.87,92.68,"348,205.88"
1888,11/02/2019,VIC,"98,800","101,800","104,000","104,000","101,200","102,268","5,200",5.26,0.53,53.93,0.00,0.00,0.53,53.93,"331,928.61"
1889,01/02/2019,VIC,"103,900","103,800","98,800","103,800","98,800","99,947","-5,100",-4.91,2.10,209.47,0.06,5.68,2.15,215.15,"315,332.18"
1890,31/01/2019,VIC,"103,900","104,000","103,900","104,500","102,500","103,240",0,0.00,0.65,67.21,0.26,26.51,0.91,93.72,"331,609.45"
1891,30/01/2019,VIC,"103,900","103,900","103,900","104,000","102,900","103,559",0,0.00,0.37,38.32,0.46,47.31,0.83,85.63,"331,609.45"
1892,29/01/2019,VIC,"103,700","104,900","103,900","104,900","103,000","103,786",200,0.19,0.23,23.38,1.15,119.56,1.38,142.95,"331,609.45"
1893,28/01/2019,VIC,"102,900","102,900","103,700","103,700","102,600","103,446",800,0.78,0.38,39.44,0.00,0.00,0.38,39.44,"330,971.12"
1894,25/01/2019,VIC,"102,800","102,800","102,900","103,500","102,200","102,925",100,0.10,0.31,31.56,0.20,20.58,0.51,52.14,"328,417.82"
1895,24/01/2019,VIC,"102,600","102,500","102,800","102,900","102,200","102,517",200,0.19,0.18,18.94,0.24,24.80,0.43,43.74,"328,098.66"
1896,23/01/2019,VIC,"102,400","102,000","102,600","103,700","102,000","102,918",200,0.20,0.30,30.83,0.00,0.00,0.30,30.83,"327,460.34"
1897,22/01/2019,VIC,"102,400","102,400","102,400","102,400","101,500","102,317",0,0.00,0.26,26.41,0.00,0.00,0.26,26.41,"326,822.01"
1898,21/01/2019,VIC,"102,200","102,200","102,400","102,400","101,300","102,115",200,0.20,0.40,41.28,0.00,0.00,0.40,41.28,"326,822.01"
1899,18/01/2019,VIC,"102,000","101,500","102,200","102,200","100,900","101,834",200,0.20,0.50,50.74,0.03,2.59,0.52,53.33,"326,183.69"
1900,17/01/2019,VIC,"102,000","102,000","102,000","102,200","100,700","101,901",0,0.00,0.33,33.13,0.00,0.00,0.33,33.13,"325,545.37"
1901,16/01/2019,VIC,"101,500","101,500","102,000","102,100","100,800","101,513",500,0.49,0.52,52.60,0.03,2.97,0.55,55.57,"325,545.37"
1902,15/01/2019,VIC,"101,400","101,400","101,500","101,500","100,400","101,247",100,0.10,0.71,72.03,0.04,4.27,0.75,76.30,"323,949.55"
1903,14/01/2019,VIC,"101,400","101,300","101,400","101,900","100,200","100,972",0,0.00,0.56,56.84,0.02,1.99,0.58,58.83,"323,630.39"
1904,11/01/2019,VIC,"101,400","101,000","101,400","101,400","100,100","100,742",0,0.00,0.57,57.33,0.02,1.98,0.59,59.31,"323,630.39"
1905,10/01/2019,VIC,"101,500","101,200","101,400","101,500","100,000","100,822",-100,-0.10,0.55,55.65,0.02,1.99,0.57,57.64,"323,630.39"
1906,09/01/2019,VIC,"101,000","101,000","101,500","101,900","99,000","100,598",500,0.50,0.66,66.32,0.00,0.00,0.66,66.32,"323,949.55"
1907,08/01/2019,VIC,"101,000","102,000","101,000","102,000","99,700","100,382",0,0.00,0.49,49.62,0.00,0.00,0.49,49.62,"322,353.74"
1908,07/01/2019,VIC,"100,600","100,900","101,000","103,000","99,900","100,871",400,0.40,0.59,59.43,0.00,0.00,0.59,59.43,"322,353.74"
1909,04/01/2019,VIC,"100,300","100,000","100,600","100,700","98,000","99,618",300,0.30,0.46,45.63,0.02,2.00,0.48,47.63,"321,077.10"
1910,03/01/2019,VIC,"100,400","100,000","100,300","100,300","98,200","99,099",-100,-0.10,0.50,49.25,0.00,0.00,0.50,49.25,"320,119.61"
1911,02/01/2019,VIC,"95,300","101,200","100,400","101,300","97,500","100,091","5,100",5.35,0.60,60.30,0.00,0.00,0.60,60.30,"320,438.77"
1912,28/12/2018,VIC,"102,400","103,300","95,300","103,400","95,300","96,895","-7,100",-6.93,0.38,36.95,0.00,0.00,0.38,36.95,"304,161.50"
1913,27/12/2018,VIC,"101,900","101,000","102,400","102,900","101,000","102,159",500,0.49,0.69,70.56,0.00,0.00,0.69,70.56,"326,822.01"
1914,26/12/2018,VIC,"101,900","101,000","101,900","101,900","101,000","101,613",0,0.00,0.37,37.37,0.00,0.00,0.37,37.37,"325,226.20"
1915,25/12/2018,VIC,"102,000","100,100","101,900","101,900","100,100","101,202",-100,-0.10,0.29,29.71,0.00,0.00,0.29,29.71,"325,226.20"
1916,24/12/2018,VIC,"102,000","102,000","102,000","102,200","101,300","101,959",0,0.00,0.22,22.12,0.00,0.00,0.22,22.12,"325,545.37"
1917,21/12/2018,VIC,"101,900","100,500","102,000","102,000","100,000","101,758",100,0.10,0.79,80.50,0.00,0.00,0.79,80.50,"325,545.37"
1918,20/12/2018,VIC,"102,000","101,000","101,900","102,000","100,800","101,650",-100,-0.10,0.39,39.38,0.00,0.00,0.39,39.38,"325,226.20"
1919,19/12/2018,VIC,"102,000","102,000","102,000","102,300","100,500","101,729",0,0.00,0.51,51.54,0.00,0.00,0.51,51.54,"325,545.37"
1920,18/12/2018,VIC,"102,500","101,800","102,000","102,000","100,000","101,355",-500,-0.49,0.53,53.87,0.00,0.00,0.53,53.87,"325,545.37"
1921,17/12/2018,VIC,"102,700","102,000","102,500","102,700","101,900","102,326",-200,-0.19,0.21,21.07,0.00,0.00,0.21,21.07,"327,141.18"
1922,14/12/2018,VIC,"102,800","102,200","102,700","103,000","101,600","102,254",-100,-0.10,0.23,24.00,0.00,0.00,0.23,24.00,"327,779.50"
1923,13/12/2018,VIC,"102,200","102,500","102,800","103,900","101,800","102,862",600,0.59,0.49,50.28,0.31,31.96,0.80,82.24,"328,098.66"
1924,12/12/2018,VIC,"102,200","102,200","102,200","102,400","102,000","102,217",0,0.00,0.40,41.23,0.02,2.04,0.42,43.27,"326,183.69"
1925,11/12/2018,VIC,"102,100","102,100","102,200","102,200","101,400","101,998",100,0.10,0.46,46.66,0.00,0.00,0.46,46.66,"326,183.69"
1926,10/12/2018,VIC,"102,200","102,000","102,100","102,200","101,100","101,697",-100,-0.10,0.81,82.04,0.00,0.00,0.81,82.04,"325,864.53"
1927,07/12/2018,VIC,"102,100","102,100","102,200","102,200","101,500","102,048",100,0.10,0.46,47.04,0.00,0.00,0.46,47.04,"326,183.69"
1928,06/12/2018,VIC,"102,100","102,100","102,100","102,200","101,100","101,928",0,0.00,0.25,25.65,0.00,0.00,0.25,25.65,"325,864.53"
1929,05/12/2018,VIC,"102,000","101,900","102,100","102,200","101,000","101,901",100,0.10,0.46,47.00,0.50,50.97,0.96,97.98,"325,864.53"
1930,04/12/2018,VIC,"101,900","102,400","102,000","102,400","101,600","101,913",100,0.10,0.97,98.50,0.45,45.62,1.41,144.12,"325,545.37"
1931,03/12/2018,VIC,"101,700","101,800","101,900","103,000","101,300","101,934",200,0.20,0.26,26.78,0.00,0.00,0.26,26.78,"325,226.20"
1932,30/11/2018,VIC,"102,000","101,000","101,700","102,000","97,500","100,710",-300,-0.29,1.02,103.15,0.00,0.00,1.02,103.15,"324,587.88"
1933,29/11/2018,VIC,"102,000","102,500","102,000","103,000","101,700","102,236",0,0.00,0.37,37.53,0.10,10.20,0.47,47.74,"325,545.37"
1934,28/11/2018,VIC,"101,500","101,500","102,000","102,000","100,800","101,620",500,0.49,0.58,58.70,0.00,0.00,0.58,58.70,"325,545.37"
1935,27/11/2018,VIC,"100,500","100,500","101,500","103,200","100,500","101,819","1,000",1.00,0.47,47.59,0.32,32.60,0.79,80.19,"323,949.55"
1936,26/11/2018,VIC,"99,000","99,000","100,500","100,500","98,000","99,384","1,500",1.52,0.64,63.86,0.40,39.84,1.04,103.69,"320,757.93"
1937,23/11/2018,VIC,"98,000","98,800","99,000","99,000","97,000","98,277","1,000",1.02,1.06,103.77,0.00,0.00,1.06,103.77,"315,970.50"
1938,22/11/2018,VIC,"97,300","97,200","98,000","98,000","96,500","97,400",700,0.72,1.35,131.06,0.00,0.00,1.35,131.06,"312,778.88"
1939,21/11/2018,VIC,"97,200","97,000","97,300","97,300","95,000","96,976",100,0.10,1.61,156.04,0.50,49.50,2.11,205.54,"310,544.75"
1940,20/11/2018,VIC,"96,400","94,700","97,200","97,200","94,700","96,533",800,0.83,1.47,141.92,0.00,0.00,1.47,141.92,"310,225.58"
1941,19/11/2018,VIC,"90,100","90,100","96,400","96,400","90,100","94,573","6,300",6.99,1.55,146.88,0.00,0.00,1.55,146.88,"307,672.29"
1942,16/11/2018,VIC,"91,700","91,700","90,100","92,500","89,800","90,480","-1,600",-1.74,0.90,81.04,0.00,0.00,0.90,81.04,"287,565.07"
1943,15/11/2018,VIC,"94,700","94,700","91,700","94,700","90,900","91,970","-3,000",-3.17,0.69,63.42,3.22,318.78,3.91,382.20,"292,671.67"
1944,14/11/2018,VIC,"93,300","93,600","94,700","95,100","93,400","94,711","1,400",1.50,0.45,42.71,0.00,0.00,0.45,42.71,"302,246.53"
1945,13/11/2018,VIC,"95,900","94,800","93,300","95,000","93,300","94,150","-2,600",-2.71,0.60,56.38,0.00,0.00,0.60,56.38,"297,778.26"
1946,12/11/2018,VIC,"95,900","95,800","95,900","96,000","95,500","95,797",0,0.00,0.72,69.07,2.00,198.00,2.72,267.07,"306,076.48"
1947,09/11/2018,VIC,"96,000","95,000","95,900","96,000","95,000","95,683",-100,-0.10,0.60,57.66,0.00,0.00,0.60,57.66,"306,076.48"
1948,08/11/2018,VIC,"96,000","96,000","96,000","96,600","95,800","96,053",0,0.00,0.38,36.79,0.00,0.00,0.38,36.79,"306,395.64"
1949,07/11/2018,VIC,"95,800","96,300","96,000","96,300","94,300","95,394",200,0.21,0.61,58.02,0.00,0.00,0.61,58.02,"306,395.64"
1950,06/11/2018,VIC,"96,000","96,000","95,800","96,500","95,400","95,916",-200,-0.21,0.60,57.28,0.10,9.50,0.70,66.78,"305,757.31"
1951,05/11/2018,VIC,"96,000","96,000","96,000","96,500","95,100","95,636",0,0.00,0.66,63.52,0.00,0.00,0.66,63.52,"306,395.64"
1952,02/11/2018,VIC,"95,500","95,600","96,000","96,700","95,500","95,892",500,0.52,1.48,142.31,0.09,8.49,1.57,150.80,"306,395.64"
1953,01/11/2018,VIC,"97,200","96,500","95,500","96,800","95,000","95,527","-1,700",-1.75,1.23,117.02,0.00,0.00,1.23,117.02,"304,799.83"
1954,31/10/2018,VIC,"96,600","95,600","97,200","97,200","95,600","96,779",600,0.62,0.58,56.37,1.59,143.37,2.17,199.75,"310,225.58"
1955,30/10/2018,VIC,"97,200","95,500","96,600","97,300","95,500","96,549",-600,-0.62,0.45,43.65,0.00,0.00,0.45,43.65,"308,310.61"
1956,29/10/2018,VIC,"96,400","95,500","97,200","97,700","95,000","96,307",800,0.83,0.64,61.99,0.00,0.00,0.64,61.99,"310,225.58"
1957,26/10/2018,VIC,"96,800","96,200","96,400","98,000","95,700","96,673",-400,-0.41,0.65,63.14,0.00,0.00,0.65,63.14,"307,672.29"
1958,25/10/2018,VIC,"98,800","96,700","96,800","98,200","94,600","96,785","-2,000",-2.02,0.40,39.11,0.02,2.40,0.43,41.51,"308,948.94"
1959,24/10/2018,VIC,"99,000","98,000","98,800","99,500","97,500","98,981",-200,-0.20,0.68,67.44,0.40,39.96,1.08,107.40,"315,332.18"
1960,23/10/2018,VIC,"99,100","98,100","99,000","99,000","96,500","98,267",-100,-0.10,0.61,59.82,0.00,0.00,0.61,59.82,"315,970.50"
1961,22/10/2018,VIC,"99,100","98,100","99,100","99,600","97,100","99,173",0,0.00,0.54,53.25,0.32,31.75,0.86,85.00,"316,289.66"
1962,19/10/2018,VIC,"99,100","96,500","99,100","99,100","96,500","98,453",0,0.00,0.92,90.17,0.00,0.00,0.92,90.17,"316,289.66"
1963,18/10/2018,VIC,"99,000","98,500","99,100","99,200","98,000","98,911",100,0.10,0.90,88.64,0.61,60.06,1.50,148.70,"316,289.66"
1964,17/10/2018,VIC,"98,600","98,600","99,000","99,600","98,200","98,749",400,0.41,1.31,129.40,0.00,0.00,1.31,129.40,"315,970.50"
1965,16/10/2018,VIC,"95,500","95,000","98,600","98,600","94,200","97,294","3,100",3.25,1.29,125.58,3.70,353.38,4.99,478.96,"314,693.85"
1966,15/10/2018,VIC,"96,000","96,000","95,500","96,700","94,000","95,591",-500,-0.52,0.72,68.87,0.00,0.00,0.72,68.87,"304,799.83"
1967,12/10/2018,VIC,"93,000","93,000","96,000","97,500","92,800","94,815","3,000",3.23,1.74,164.57,0.10,9.22,1.83,173.78,"306,395.64"
1968,11/10/2018,VIC,"96,600","92,000","93,000","94,400","89,900","91,928","-3,600",-3.73,3.28,301.17,0.09,8.42,3.37,309.59,"296,820.77"
1969,10/10/2018,VIC,"96,600","96,600","96,600","97,700","96,500","96,807",0,0.00,1.21,117.47,0.00,0.00,1.21,117.47,"308,310.61"
1970,09/10/2018,VIC,"96,600","96,600","96,600","97,300","96,100","96,743",0,0.00,0.94,91.38,0.00,0.00,0.94,91.38,"308,310.61"
1971,08/10/2018,VIC,"98,500","97,600","96,600","98,300","96,400","97,389","-1,900",-1.93,1.77,172.00,0.00,0.00,1.77,172.00,"308,310.61"
1972,05/10/2018,VIC,"100,600","99,900","98,500","100,400","98,300","98,983","-2,100",-2.09,1.87,184.91,9.46,952.05,11.33,"1,136.96","314,374.69"
1973,04/10/2018,VIC,"102,200","102,100","100,600","102,200","100,600","100,997","-1,600",-1.57,0.64,64.15,0.02,2.04,0.66,66.19,"321,077.10"
1974,03/10/2018,VIC,"102,000","103,000","102,200","103,900","101,800","102,981",200,0.20,0.86,88.60,0.00,0.00,0.86,88.60,"326,183.69"
1975,02/10/2018,VIC,"98,500","99,900","102,000","102,000","99,700","101,146","3,500",3.55,1.21,122.07,0.00,0.00,1.21,122.07,"325,545.37"
1976,01/10/2018,VIC,"98,300","99,900","98,500","102,500","98,500","100,483",200,0.20,1.27,127.55,0.03,2.96,1.30,130.52,"314,374.69"
1977,28/09/2018,VIC,"98,600","98,600","98,300","98,600","98,100","98,311",-300,-0.30,0.86,84.34,3.57,352.41,4.43,436.75,"313,736.37"
1978,27/09/2018,VIC,"99,000","99,000","98,600","99,200","98,500","98,744",-400,-0.40,0.50,49.12,1.00,98.53,1.50,147.65,"314,693.85"
1979,26/09/2018,VIC,"99,500","99,200","99,000","99,300","99,000","99,107",-500,-0.50,0.51,50.07,0.00,0.00,0.51,50.07,"315,970.50"
1980,25/09/2018,VIC,"99,600","99,600","99,500","99,600","99,200","99,438",-100,-0.10,0.43,42.43,0.00,0.00,0.43,42.43,"317,566.31"
1981,24/09/2018,VIC,"98,600","98,600","99,600","100,300","98,600","99,527","1,000",1.01,0.32,32.21,1.27,126.65,1.60,158.86,"317,885.47"
1982,21/09/2018,VIC,"98,500","98,500","98,600","99,300","98,400","98,688",100,0.10,1.58,156.42,0.02,1.98,1.60,158.40,"314,693.85"
1983,20/09/2018,VIC,"98,600","98,200","98,500","99,500","98,200","98,458",-100,-0.10,0.45,44.25,3.99,392.14,4.43,436.39,"314,374.69"
1984,19/09/2018,VIC,"99,600","99,600","98,600","100,100","98,500","99,191","-1,000",-1.00,0.42,41.31,0.00,0.00,0.42,41.31,"314,693.85"
1985,18/09/2018,VIC,"99,000","98,000","99,600","99,600","98,000","98,614",600,0.61,0.61,60.47,0.07,6.62,0.68,67.09,"317,885.47"
1986,17/09/2018,VIC,"101,000","100,800","99,000","101,300","98,900","99,873","-2,000",-1.98,0.47,46.51,0.00,0.00,0.47,46.51,"315,970.50"
1987,14/09/2018,VIC,"100,300","100,300","101,000","101,500","99,700","100,553",700,0.70,0.61,61.78,0.07,7.45,0.69,69.23,"322,353.74"
1988,13/09/2018,VIC,"101,400","101,400","100,300","102,000","100,000","100,750","-1,100",-1.08,0.42,42.57,0.25,25.17,0.67,67.74,"320,119.61"
1989,12/09/2018,VIC,"101,200","101,200","101,400","103,000","101,100","102,350",200,0.20,0.63,64.46,0.03,3.21,0.66,67.66,"323,630.39"
1990,11/09/2018,VIC,"99,300","98,500","101,200","102,000","98,500","101,031","1,900",1.91,0.73,73.39,0.22,22.00,0.95,95.39,"322,992.07"
1991,10/09/2018,VIC,"97,200","98,000","99,300","99,900","97,100","98,949","2,100",2.16,0.90,88.70,0.85,82.91,1.74,171.61,"316,927.99"
1992,07/09/2018,VIC,"98,000","96,100","97,200","99,000","96,100","97,158",-800,-0.82,0.70,67.90,0.00,0.00,0.70,67.90,"310,225.58"
1993,06/09/2018,VIC,"101,500","101,100","98,000","101,500","98,000","99,970","-3,500",-3.45,0.92,91.87,0.11,11.70,1.03,103.57,"312,778.88"
1994,05/09/2018,VIC,"102,100","102,100","101,500","102,800","101,500","102,282",-600,-0.59,0.61,62.44,0.00,0.00,0.61,62.44,"323,949.55"
1995,04/09/2018,VIC,"103,400","103,400","102,100","103,400","102,000","102,547","-1,300",-1.26,0.34,35.19,0.03,3.10,0.37,38.30,"325,864.53"
1996,31/08/2018,VIC,"103,400","103,300","103,400","103,400","101,500","102,725",0,0.00,1.81,186.06,0.00,0.00,1.81,186.06,"330,013.64"
1997,30/08/2018,VIC,"103,000","103,000","103,400","103,500","102,500","103,010",400,0.39,1.17,120.79,0.00,0.00,1.17,120.79,"330,013.64"
1998,29/08/2018,VIC,"104,200","104,200","103,000","104,200","103,000","103,545","-1,200",-1.15,0.53,55.26,0.00,0.00,0.53,55.26,"328,736.99"
1999,28/08/2018,VIC,"104,200","103,600","104,200","104,500","103,500","104,025",0,0.00,0.62,64.25,0.00,0.00,0.62,64.25,"332,566.93"
2000,27/08/2018,VIC,"104,000","104,100","104,200","105,000","103,800","104,248",200,0.19,0.84,87.50,0.40,41.66,1.24,129.17,"332,566.93"
2001,24/08/2018,VIC,"104,600","104,600","104,000","105,100","103,800","104,383",-600,-0.57,1.26,131.66,0.42,43.76,1.68,175.42,"331,928.61"
2002,23/08/2018,VIC,"103,600","104,000","104,600","105,900","104,000","104,926","1,000",0.97,1.81,189.75,0.00,0.00,1.81,189.75,"333,843.58"
2003,22/08/2018,VIC,"103,100","103,500","103,600","104,100","103,100","103,639",500,0.48,0.80,82.44,0.00,0.00,0.80,82.44,"330,651.96"
2004,21/08/2018,VIC,"102,600","102,500","103,100","103,100","102,000","102,798",500,0.49,1.04,107.11,0.00,0.00,1.04,107.11,"329,056.15"
2005,20/08/2018,VIC,"102,300","102,000","102,600","103,200","102,000","102,567",300,0.29,1.00,102.57,0.00,0.00,1.00,102.57,"327,460.34"
2006,17/08/2018,VIC,"102,100","102,100","102,300","103,300","102,100","102,605",200,0.20,0.45,46.12,0.15,15.36,0.60,61.49,"326,502.85"
2007,16/08/2018,VIC,"101,900","100,100","102,100","103,100","100,100",0,200,0.20,1.23,124.99,0.00,0.00,1.23,124.99,"325,864.53"
2008,15/08/2018,VIC,"103,300","103,300","101,900","104,300","101,900","102,829","-1,400",-1.36,0.64,66.31,0.00,0.00,0.64,66.31,"325,226.20"
2009,14/08/2018,VIC,"102,800","102,800","103,300","104,600","101,800","102,502",500,0.49,1.17,119.69,0.00,0.00,1.17,119.69,"329,694.47"
2010,13/08/2018,VIC,"104,200","103,500","102,800","104,000","101,400","102,412","-1,400",-1.34,1.73,177.19,0.20,20.57,1.93,197.76,"328,098.66"
2011,10/08/2018,VIC,"104,200","104,000","104,200","105,800","101,000","102,898",0,0.00,1.89,193.99,0.00,0.00,1.89,193.99,"332,566.93"
2012,09/08/2018,VIC,"108,800","107,500","104,200","108,700","104,000","105,699","-4,600",-4.23,2.82,297.99,0.30,31.50,3.12,329.49,"332,566.93"
2013,08/08/2018,VIC,"110,300","109,700","108,800","110,900","108,600","109,614","-1,500",-1.36,1.62,177.32,0.04,3.86,1.65,181.18,"347,248.39"
2014,07/08/2018,VIC,"111,500","111,000","110,300","111,500","109,900","110,387","-1,200",-1.08,1.10,121.84,7.32,761.68,8.42,883.52,"352,035.82"
2015,06/08/2018,VIC,"111,500","112,000","111,500","112,900","109,700","111,030",0,0.00,3.67,407.46,4.27,444.59,7.94,852.05,"355,865.77"
2016,03/08/2018,VIC,"106,700","107,200","111,500","112,700","106,800","111,486","4,800",4.50,2.53,282.18,0.20,22.40,2.73,304.58,"355,865.77"
2017,02/08/2018,VIC,"106,500","106,500","106,700","107,400","106,200","106,779",200,0.19,1.63,173.97,0.00,0.00,1.63,173.97,"340,545.99"
2018,01/08/2018,VIC,"106,400","106,300","106,500","107,500","106,300","106,757",100,0.09,1.27,135.30,2.08,234.48,3.34,369.78,"339,907.66"
2019,31/07/2018,VIC,"106,400","106,000","106,400","107,500","105,100","106,285",0,0.00,1.90,202.25,0.00,0.00,1.90,202.25,"339,588.50"
2020,30/07/2018,VIC,"106,400","106,900","106,400","106,900","105,600","106,296",0,0.00,1.16,123.11,0.00,0.00,1.16,123.11,"339,588.50"
2021,27/07/2018,VIC,"106,000","107,000","106,400","107,600","105,700","106,442",400,0.38,1.19,126.41,0.00,0.00,1.19,126.41,"339,588.50"
2022,26/07/2018,VIC,"104,400","105,300","106,000","106,000","104,400","105,179","1,600",1.53,1.30,136.47,0.00,0.00,1.30,136.47,"338,311.85"
2023,25/07/2018,VIC,"104,500","104,500","104,400","105,400","104,100","104,696",-100,-0.10,0.76,79.11,0.00,0.00,0.76,79.11,"333,205.26"
2024,24/07/2018,VIC,"104,000","104,000","104,500","105,600","104,000","104,529",500,0.48,1.49,156.13,2.22,244.88,3.71,401.01,"333,524.42"
2025,23/07/2018,VIC,"103,600","103,600","104,000","106,500","103,300","104,744",400,0.39,1.26,131.54,0.63,64.82,1.88,196.36,"331,928.61"
2026,20/07/2018,VIC,"105,000","103,500","103,600","105,000","103,500","104,088","-1,400",-1.33,2.19,227.70,2.00,222.00,4.19,449.70,"330,651.96"
2027,19/07/2018,VIC,"105,000","105,000","105,000","105,000","103,000","104,163",0,0.00,2.86,297.62,0.00,0.00,2.86,297.62,"335,120.23"
2028,18/07/2018,VIC,"104,000","102,500","105,000","105,000","102,500","103,652","1,000",0.96,1.92,198.89,0.00,0.00,1.92,198.89,"335,120.23"
2029,17/07/2018,VIC,"102,500","101,000","104,000","104,100","100,000","102,540","1,500",1.46,1.21,123.85,0.00,0.00,1.21,123.85,"331,928.61"
2030,16/07/2018,VIC,"103,000","103,500","102,500","103,500","101,000","102,466",-500,-0.49,1.07,109.98,5.85,576.23,6.92,686.21,"327,141.18"
2031,13/07/2018,VIC,"103,000","104,200","103,000","104,200","102,000","103,337",0,0.00,0.56,58.29,0.00,0.00,0.56,58.29,"328,736.99"
2032,12/07/2018,VIC,"104,500","104,900","103,000","104,900","101,000","103,827","-1,500",-1.44,0.36,37.14,0.00,0.00,0.36,37.14,"328,736.99"
2033,11/07/2018,VIC,"103,000","101,000","104,500","104,500","100,000","102,542","1,500",1.46,0.84,86.15,0.00,0.00,0.84,86.15,"333,524.42"
2034,10/07/2018,VIC,"105,000","105,000","103,000","106,500","102,500","103,663","-2,000",-1.90,0.80,82.42,0.00,0.00,0.80,82.42,"271,683.92"
2035,09/07/2018,VIC,"106,200","106,000","105,000","107,300","104,500","105,815","-1,200",-1.13,0.70,74.28,0.00,0.00,0.70,74.28,"276,959.34"
2036,06/07/2018,VIC,"106,500","104,100","106,200","106,900","101,800","105,355",-300,-0.28,1.43,150.83,0.00,0.00,1.43,150.83,"280,124.58"
2037,05/07/2018,VIC,"105,000","104,000","106,500","107,300","103,000","105,848","1,500",1.43,1.42,150.31,0.00,0.00,1.42,150.31,"280,915.90"
2038,04/07/2018,VIC,"99,700","99,500","105,000","106,200","97,000","103,413","5,300",5.32,1.97,203.83,0.00,0.00,1.97,203.83,"276,959.34"
2039,03/07/2018,VIC,"107,200","106,000","99,700","107,000","99,700","101,548","-7,500",-7.00,3.21,325.80,0.00,0.00,3.21,325.80,"262,979.48"
2040,02/07/2018,VIC,"107,500","106,000","107,200","108,500","106,000","107,249",-300,-0.28,0.95,102.23,0.00,0.00,0.95,102.23,"282,762.29"
2041,29/06/2018,VIC,"107,500","105,100","107,500","107,800","105,100","107,409",0,0.00,2.97,318.77,0.00,0.00,2.97,318.77,"283,553.61"
2042,28/06/2018,VIC,"103,500","105,000","107,500","110,700","105,000","107,188","4,000",3.86,1.19,127.91,0.00,0.00,1.19,127.91,"283,553.61"
2043,27/06/2018,VIC,"123,600","123,600","125,200","125,800","123,000","124,773","1,600",1.29,1.18,146.95,0.00,0.00,1.18,146.95,"330,241.04"
2044,26/06/2018,VIC,"123,700","121,000","123,600","123,900","120,500","122,737",-100,-0.08,0.76,93.57,0.00,0.00,0.76,93.57,"326,020.70"
2045,25/06/2018,VIC,"122,800","125,000","123,700","125,000","123,000","123,919",900,0.73,0.56,69.72,0.00,0.00,0.56,69.72,"326,284.47"
2046,22/06/2018,VIC,"124,000","124,900","122,800","124,900","122,800","123,121","-1,200",-0.97,0.46,56.84,0.00,0.00,0.46,56.84,"323,910.54"
2047,21/06/2018,VIC,"125,000","125,000","124,000","125,500","122,200","124,330","-1,000",-0.80,1.70,211.40,0.00,0.00,1.70,211.40,"327,075.79"
2048,20/06/2018,VIC,"123,000","123,000","125,000","125,000","122,000","123,506","2,000",1.63,0.87,107.71,0.00,0.00,0.87,107.71,"329,713.49"
2049,19/06/2018,VIC,"123,400","121,500","123,000","123,400","117,000","120,786",-400,-0.32,2.02,244.51,0.00,0.00,2.02,244.51,"324,438.08"
2050,18/06/2018,VIC,"123,500","123,500","123,400","125,900","122,500","123,329",-100,-0.08,1.41,174.08,0.00,0.00,1.41,174.08,"325,493.16"
2051,15/06/2018,VIC,"126,000","126,000","123,500","126,800","123,500","123,864","-2,500",-1.98,4.77,590.93,1.50,189.30,6.27,780.23,"325,756.93"
2052,14/06/2018,VIC,"128,000","128,800","126,000","128,800","125,000","126,352","-2,000",-1.56,1.58,199.42,0.14,18.00,1.72,217.41,"332,351.20"
2053,13/06/2018,VIC,"124,400","122,000","128,000","128,000","122,000","126,065","3,600",2.89,1.82,229.85,0.54,66.13,2.36,295.98,"337,626.62"
2054,12/06/2018,VIC,"124,300","120,000","124,400","124,600","120,000","122,822",100,0.08,2.09,256.24,2.00,250.00,4.09,506.24,"328,130.87"
2055,11/06/2018,VIC,"124,200","124,000","124,300","125,100","122,500","124,068",100,0.08,1.43,177.96,18.80,"2,293.61",20.23,"2,471.57","327,867.10"
2056,08/06/2018,VIC,"124,200","123,200","124,200","124,800","122,000","123,618",0,0.00,0.90,111.61,0.00,0.00,0.90,111.61,"327,603.33"
2057,07/06/2018,VIC,"124,100","124,900","124,200","125,400","123,200","124,628",100,0.08,1.48,183.87,0.25,30.95,1.72,214.82,"327,603.33"
2058,06/06/2018,VIC,"121,100","120,000","124,100","124,400","117,700","122,551","3,000",2.48,2.05,251.62,0.00,0.00,2.05,251.62,"327,339.56"
2059,05/06/2018,VIC,"120,000","120,000","121,100","122,500","118,600","120,458","1,100",0.92,1.00,120.07,17.50,"2,082.50",18.50,"2,202.57","319,426.43"
2060,04/06/2018,VIC,"119,000","119,000","120,000","120,100","118,500","119,603","1,000",0.84,0.90,107.83,0.00,0.00,0.90,107.83,"316,524.95"
2061,01/06/2018,VIC,"116,000","115,400","119,000","120,000","114,000","117,338","3,000",2.59,4.23,496.07,0.10,11.73,4.33,507.80,"313,887.25"
2062,31/05/2018,VIC,"111,000","111,800","116,000","117,000","109,000","113,949","5,000",4.50,5.57,634.36,0.00,0.00,5.57,634.36,"305,974.12"
2063,30/05/2018,VIC,"110,000","110,100","111,000","113,500","105,900","109,460","1,000",0.91,1.83,200.04,0.11,11.99,1.94,212.03,"292,785.58"
2064,29/05/2018,VIC,"111,000","106,300","110,000","111,500","106,100","108,626","-1,000",-0.90,1.70,184.52,0.12,13.27,1.82,197.80,"290,147.87"
2065,28/05/2018,VIC,"107,000","102,800","111,000","111,000","102,500","108,081","4,000",3.74,3.15,340.95,0.05,5.26,3.21,346.21,"292,785.58"
2066,25/05/2018,VIC,"104,100","104,100","107,000","110,600","100,000","106,294","2,900",2.79,2.66,282.36,1.00,110.00,3.66,392.36,"282,234.75"
2067,24/05/2018,VIC,"103,000","103,000","104,100","105,000","101,200","102,690","1,100",1.07,3.03,311.39,0.13,12.90,3.16,324.30,"274,585.40"
2068,23/05/2018,VIC,"106,400","101,100","103,000","106,300","99,000","101,454","-3,400",-3.20,2.36,239.48,3.00,330.00,5.36,569.48,"271,683.92"
2069,22/05/2018,VIC,"114,400","110,800","106,400","114,000","106,400","108,675","-8,000",-6.99,2.59,281.52,2.00,230.00,4.59,511.52,"280,652.13"
2070,21/05/2018,VIC,"123,000","123,000","114,400","123,000","114,400","118,384","-8,600",-6.99,2.26,267.06,0.00,0.00,2.26,267.06,"301,753.79"
2071,18/05/2018,VIC,"123,000","122,000","123,000","125,000","120,500","122,555",0,0.00,1.52,186.69,0.00,0.00,1.52,186.69,"324,438.08"
2072,17/05/2018,VIC,"130,000","130,000","123,000","130,000","122,500","125,140","-7,000",-5.38,1.77,221.83,0.02,2.46,1.79,224.29,"324,438.08"
2073,16/05/2018,VIC,"132,000","132,000","130,000","132,000","128,000","130,190","-2,000",-1.52,0.88,114.46,0.00,0.00,0.88,114.46,"342,902.03"
2074,15/05/2018,VIC,"132,000","133,900","132,000","134,800","132,000","134,023",0,0.00,1.71,229.65,0.00,0.00,1.71,229.65,"348,177.45"
2075,14/05/2018,VIC,"124,000","125,000","132,000","132,000","125,000","127,774","8,000",6.45,2.37,302.27,0.02,2.48,2.39,304.75,"348,177.45"
2076,11/05/2018,VIC,"120,500","120,100","124,000","124,000","119,000","121,918","3,500",2.90,1.35,164.51,0.79,94.93,2.14,259.43,"327,075.79"
2077,10/05/2018,VIC,"122,900","122,800","120,500","122,800","120,000","121,449","-2,400",-1.95,1.78,216.58,7.29,885.71,9.08,"1,102.30","317,843.81"
2078,09/05/2018,VIC,"123,900","122,600","122,900","123,200","121,800","122,636","-1,000",-0.81,1.69,206.76,0.00,0.00,1.69,206.76,"324,174.31"
2079,08/05/2018,VIC,"124,600","124,600","123,900","124,900","123,200","123,835",-700,-0.56,1.26,156.47,0.00,0.00,1.26,156.47,"326,812.02"
2080,07/05/2018,VIC,"124,500","123,500","124,600","125,000","123,500","124,381",100,0.08,1.06,131.82,0.00,0.00,1.06,131.82,"328,658.41"
2081,04/05/2018,VIC,"123,000","121,600","124,500","125,100","120,000","123,658","1,500",1.22,3.21,397.46,0.00,0.00,3.21,397.46,"328,394.64"
2082,03/05/2018,VIC,"125,000","123,000","123,000","126,100","122,000","124,145","-2,000",-1.60,4.73,586.99,0.00,0.00,4.73,586.99,"324,438.08"
2083,02/05/2018,VIC,"126,000","126,000","125,000","126,000","120,000","123,639","-1,000",-0.79,5.20,643.44,0.00,0.00,5.20,643.44,"329,713.49"
2084,27/04/2018,VIC,"127,000","122,700","126,000","126,500","122,000","124,787","-1,000",-0.79,3.02,376.34,0.00,0.00,3.02,376.34,"332,351.20"
2085,26/04/2018,VIC,"127,000","126,800","127,000","127,000","122,900","124,840",0,0.00,6.43,803.28,0.12,15.02,6.55,818.30,"334,988.91"
2086,24/04/2018,VIC,"123,200","120,000","127,000","127,600","118,200","125,696","3,800",3.08,8.72,"1,095.94",0.00,0.00,8.72,"1,095.94","334,988.91"
2087,23/04/2018,VIC,"123,000","124,000","123,200","125,800","122,800","123,668",200,0.16,4.83,597.82,0.00,0.00,4.83,597.82,"324,965.62"
2088,20/04/2018,VIC,"120,900","120,900","123,000","124,500","113,900","119,740","2,100",1.74,4.17,498.72,0.00,0.00,4.17,498.72,"324,438.08"
2089,19/04/2018,VIC,"129,900","128,600","120,900","129,000","120,900","122,987","-9,000",-6.93,5.51,677.57,0.00,0.00,5.51,677.57,"318,898.89"
2090,18/04/2018,VIC,"130,000","131,000","129,900","132,000","129,900","130,278",-100,-0.08,2.31,300.47,0.15,19.50,2.46,319.97,"342,638.26"
2091,17/04/2018,VIC,"128,700","130,000","130,000","132,000","127,500","129,959","1,300",1.01,2.30,299.31,0.08,9.79,2.38,309.10,"342,902.03"
2092,16/04/2018,VIC,"127,600","128,000","128,700","129,200","124,500","126,872","1,100",0.86,1.69,213.98,0.00,0.00,1.69,213.98,"339,473.01"
2093,13/04/2018,VIC,"127,000","128,000","127,600","130,600","127,000","128,775",600,0.47,2.09,269.55,0.00,0.00,2.09,269.55,"336,571.53"
2094,12/04/2018,VIC,"126,000","124,000","127,000","127,800","121,400","125,874","1,000",0.79,3.59,452.23,0.79,100.57,4.38,552.80,"334,988.91"
2095,11/04/2018,VIC,"131,000","131,600","126,000","133,500","124,000","129,240","-5,000",-3.82,3.22,415.65,2.43,322.81,5.65,738.46,"332,351.20"
2096,10/04/2018,VIC,"134,900","135,000","131,000","136,800","131,000","134,181","-3,900",-2.89,4.49,602.87,0.07,8.91,4.56,611.78,"345,539.74"
2097,09/04/2018,VIC,"132,400","135,000","134,900","135,500","133,000","134,523","2,500",1.89,3.21,431.75,0.00,0.00,3.21,431.75,"355,826.80"
2098,06/04/2018,VIC,"131,000","130,000","132,400","132,500","129,700","131,778","1,400",1.07,1.95,257.55,0.00,0.00,1.95,257.55,"349,232.53"
2099,05/04/2018,VIC,"127,500","132,000","131,000","133,000","129,700","131,107","3,500",2.75,3.19,418.24,0.07,8.93,3.26,427.17,"345,539.74"
2100,04/04/2018,VIC,"122,300","123,000","127,500","128,900","123,000","126,850","5,200",4.25,1.94,245.97,0.80,102.44,2.74,348.41,"336,307.76"
2101,03/04/2018,VIC,"123,000","122,200","122,300","123,000","120,800","121,755",-700,-0.57,2.41,293.75,0.00,0.00,2.41,293.75,"322,591.68"
2102,02/04/2018,VIC,"117,200","118,700","123,000","124,500","118,000","121,626","5,800",4.95,2.46,299.01,0.00,0.00,2.46,299.01,"324,438.08"
2103,30/03/2018,VIC,"115,000","115,100","117,200","117,200","114,000","115,869","2,200",1.91,1.73,200.91,0.00,0.00,1.73,200.91,"309,139.37"
2104,29/03/2018,VIC,"114,500","114,500","115,000","115,500","113,500","114,801",500,0.44,1.58,181.42,2.16,248.41,3.74,429.83,"303,336.41"
2105,28/03/2018,VIC,"113,000","113,000","114,500","116,000","112,200","114,270","1,500",1.33,1.45,165.95,0.00,0.00,1.45,165.95,"302,017.56"
2106,27/03/2018,VIC,"113,800","117,000","113,000","117,800","112,900","114,799",-800,-0.70,3.15,361.53,1.00,105.90,4.15,467.43,"298,061.00"
2107,26/03/2018,VIC,"109,500","110,000","113,800","117,100","108,500","113,140","4,300",3.93,4.68,529.72,0.04,3.57,4.72,533.29,"300,171.17"
2108,23/03/2018,VIC,"108,000","105,600","109,500","111,200","105,500","108,250","1,500",1.39,3.46,374.01,0.21,21.22,3.66,395.23,"288,829.02"
2109,22/03/2018,VIC,"108,000","109,000","108,000","110,700","108,000","109,302",0,0.00,2.26,247.26,0.00,0.00,2.26,247.26,"284,872.46"
2110,21/03/2018,VIC,"104,200","104,900","108,000","108,600","104,500","107,175","3,800",3.65,3.52,377.28,0.00,0.00,3.52,377.28,"284,872.46"
2111,20/03/2018,VIC,"104,400","103,000","104,200","105,500","103,000","104,375",-200,-0.19,1.05,109.14,0.00,0.00,1.05,109.14,"274,849.17"
2112,19/03/2018,VIC,"99,700","100,200","104,400","105,000","100,200","103,619","4,700",4.71,1.20,124.45,0.00,0.00,1.20,124.45,"275,376.71"
2113,16/03/2018,VIC,"99,500","99,400","99,700","101,000","99,400","99,904",200,0.20,3.09,308.71,1.01,100.61,4.10,409.32,"262,979.48"
2114,15/03/2018,VIC,"102,500","102,900","99,500","102,900","99,500","100,617","-3,000",-2.93,2.78,280.18,0.00,0.00,2.78,280.18,"262,451.94"
2115,14/03/2018,VIC,"102,600","102,500","102,500","104,900","102,500","103,208",-100,-0.10,2.05,211.41,0.00,0.00,2.05,211.41,"270,365.07"
2116,13/03/2018,VIC,"100,000","100,000","102,600","102,900","99,900","101,599","2,600",2.60,1.36,138.63,0.00,0.00,1.36,138.63,"270,628.84"
2117,12/03/2018,VIC,"103,500","103,000","100,000","104,100","99,700","103,681","-3,500",-3.38,4.16,421.15,0.02,2.06,4.18,423.21,"263,770.80"
2118,09/03/2018,VIC,"103,200","103,200","103,500","106,000","100,000","103,681",300,0.29,3.19,331.10,0.20,21.00,3.39,352.10,"273,002.77"
2119,08/03/2018,VIC,"98,600","98,000","103,200","104,400","97,900","100,867","4,600",4.67,2.50,251.93,0.07,6.86,2.56,258.79,"272,211.46"
2120,07/03/2018,VIC,"98,500","98,500","98,600","100,000","96,500","98,432",100,0.10,1.55,153.05,0.00,0.00,1.55,153.05,"260,078.00"
2121,06/03/2018,VIC,"94,000","96,000","98,500","98,500","94,000","96,846","4,500",4.79,1.56,151.43,0.08,7.75,1.64,159.18,"259,814.23"
2122,05/03/2018,VIC,"94,500","95,000","94,000","99,600","94,000","96,920",-500,-0.53,1.96,189.77,0.11,10.66,2.07,200.43,"247,944.55"
2123,02/03/2018,VIC,"94,000","92,000","94,500","95,500","92,000","93,612",500,0.53,0.88,82.03,0.75,70.46,1.63,152.49,"249,263.40"
2124,01/03/2018,VIC,"94,900","94,400","94,000","95,800","93,300","94,354",-900,-0.95,1.23,115.96,0.00,0.00,1.23,115.96,"247,944.55"
2125,28/02/2018,VIC,"93,500","92,300","94,900","95,100","92,300","94,403","1,400",1.50,1.65,155.99,0.02,1.76,1.67,157.75,"250,318.48"
2126,27/02/2018,VIC,"95,000","96,500","93,500","96,900","92,500","94,766","-1,500",-1.58,2.31,219.11,0.00,0.00,2.31,219.11,"246,625.69"
2127,26/02/2018,VIC,"91,600","92,000","95,000","96,500","92,000","94,374","3,400",3.71,2.66,251.38,0.00,0.00,2.66,251.38,"250,582.26"
2128,23/02/2018,VIC,"90,500","91,000","91,600","92,000","91,000","91,576","1,100",1.22,1.32,120.49,0.02,1.92,1.34,122.41,"241,614.05"
2129,22/02/2018,VIC,"90,000","90,000","90,500","92,000","89,100","90,402",500,0.56,2.06,186.20,0.00,0.00,2.06,186.20,"238,712.57"
2130,21/02/2018,VIC,"86,100","87,900","90,000","92,000","87,300","88,992","3,900",4.53,3.03,269.87,0.22,19.65,3.25,289.52,"237,393.72"
2131,13/02/2018,VIC,"83,600","85,000","86,100","87,000","84,000","85,779","2,500",2.99,1.36,116.76,0.05,3.98,1.41,120.73,"227,106.65"
2132,12/02/2018,VIC,"78,200","79,000","83,600","83,600","79,000","81,248","5,400",6.91,1.40,114.04,0.04,3.34,1.44,117.38,"220,512.38"
2133,09/02/2018,VIC,"79,000","76,000","78,200","78,600","74,500","76,597",-800,-1.01,1.51,115.82,0.00,0.00,1.51,115.82,"206,268.76"
2134,08/02/2018,VIC,"81,000","80,000","79,000","81,000","79,000","79,915","-2,000",-2.47,1.04,82.79,0.00,0.00,1.04,82.79,"208,378.93"
2135,07/02/2018,VIC,"81,100","82,000","81,000","82,900","81,000","82,042",-100,-0.12,1.57,128.74,0.00,0.00,1.57,128.74,"213,654.34"
2136,06/02/2018,VIC,"81,100","75,500","81,100","81,100","75,500","76,687",0,0.00,6.42,492.09,2.10,170.13,8.51,662.22,"213,918.12"
2137,05/02/2018,VIC,"87,200","85,400","81,100","86,000","81,100","83,578","-6,100",-7.00,2.59,216.25,0.00,0.00,2.59,216.25,"213,918.12"
2138,02/02/2018,VIC,"86,600","86,500","87,200","88,500","86,500","87,778",600,0.69,4.14,363.51,0.00,0.00,4.14,363.51,"230,008.13"
2139,01/02/2018,VIC,"86,000","87,500","86,600","87,800","85,000","86,383",600,0.70,2.44,211.18,0.04,3.04,2.48,214.21,"228,425.51"
2140,31/01/2018,VIC,"85,000","85,500","86,000","88,400","85,100","86,711","1,000",1.18,5.16,447.77,1.44,120.87,6.60,568.64,"226,842.88"
2141,30/01/2018,VIC,"85,500","85,500","85,000","85,800","83,500","84,654",-500,-0.58,2.53,214.05,0.08,7.37,2.61,221.41,"224,205.18"
2142,29/01/2018,VIC,"85,500","86,000","85,500","87,300","85,200","86,190",0,0.00,1.65,142.08,0.84,72.88,2.49,214.96,"225,524.03"
2143,26/01/2018,VIC,"85,100","86,000","85,500","86,500","84,900","85,644",400,0.47,1.88,161.01,0.00,0.00,1.88,161.01,"225,524.03"
2144,25/01/2018,VIC,"85,000","85,000","85,100","89,500","85,000","86,709",100,0.12,6.50,563.49,0.36,30.66,6.86,594.15,"224,468.95"
2145,22/01/2018,VIC,"84,000","84,500","85,000","85,600","84,000","84,928","1,000",1.19,1.97,167.46,0.00,0.00,1.97,167.46,"224,205.18"
2146,19/01/2018,VIC,"84,400","85,000","84,000","86,200","84,000","84,883",-400,-0.47,4.55,386.01,0.12,9.95,4.67,395.95,"221,567.47"
2147,18/01/2018,VIC,"84,000","83,000","84,400","84,400","80,500","82,575",400,0.48,2.52,207.80,1.36,114.50,3.88,322.30,"222,622.55"
2148,17/01/2018,VIC,"86,000","84,000","84,000","86,800","83,000","85,161","-2,000",-2.33,3.66,312.06,2.09,179.34,5.75,491.40,"221,567.47"
2149,16/01/2018,VIC,"87,200","86,000","86,000","87,500","85,000","85,948","-1,200",-1.38,4.03,346.71,0.42,35.88,4.45,382.59,"226,842.88"
2150,15/01/2018,VIC,"85,400","86,400","87,200","88,800","86,100","87,372","1,800",2.11,3.99,348.81,0.74,64.93,4.73,413.74,"230,008.13"
2151,12/01/2018,VIC,"81,000","85,400","85,400","86,300","81,300","83,705","4,400",5.43,5.64,472.25,0.10,8.15,5.74,480.40,"225,260.26"
2152,11/01/2018,VIC,"80,800","80,800","81,000","82,200","80,100","81,255",200,0.25,3.23,262.82,0.27,22.28,3.51,285.10,"213,654.34"
2153,10/01/2018,VIC,"80,600","81,000","80,800","82,300","80,600","81,187",200,0.25,3.53,286.21,0.17,14.16,3.70,300.36,"213,126.80"
2154,09/01/2018,VIC,"80,300","80,900","80,600","82,500","80,000","80,922",300,0.37,3.28,265.17,0.60,47.62,3.88,312.79,"212,599.26"
2155,08/01/2018,VIC,"80,000","80,000","80,300","81,900","79,100","79,976",300,0.38,3.98,318.22,0.16,11.98,4.14,330.20,"211,807.95"
2156,05/01/2018,VIC,"81,000","81,000","80,000","81,000","79,000","79,934","-1,000",-1.23,2.83,225.83,0.00,0.00,2.83,225.83,"211,016.64"
2157,04/01/2018,VIC,"80,500","81,500","81,000","83,100","80,500","81,551",500,0.62,2.94,239.56,0.00,0.00,2.94,239.56,"213,654.34"
2158,03/01/2018,VIC,"78,200","79,500","80,500","83,200","78,600","80,906","2,300",2.94,5.01,405.69,0.00,0.00,5.01,405.69,"212,335.49"
2159,02/01/2018,VIC,"77,300","77,600","78,200","78,500","77,400","78,070",900,1.16,1.44,112.04,0.00,0.00,1.44,112.04,"206,268.76"
