No,Date,Ticker,Reference,Open_price,Close_price,Highest_price,Lowest_price,Average,Change,Change_percent,Matched_volume,Matched_value,Negotiated_volume,Negotiated_value,Total_volume,Total_value,Market_cap
1,28/08/2026,VNM,"62,500","62,900","62,300","63,000","62,300","62,639",-200,-0.32,2.39,149.35,0.00,0.00,2.39,149.35,"130,204.22"
2,27/08/2026,VNM,"62,800","62,700","62,500","63,200","62,300","62,649",-300,-0.48,2.65,166.08,0.00,0.00,2.65,166.08,"130,622.22"
3,26/08/2026,VNM,"62,600","62,700","62,800","63,500","62,400","62,899",200,0.32,2.40,151.13,0.00,0.00,2.40,151.13,"131,249.20"
4,25/08/2026,VNM,"63,200","63,100","62,600","63,800","62,500","63,010",-600,-0.95,3.34,210.60,0.00,0.00,3.34,210.60,"130,831.21"
5,24/08/2026,VNM,"63,800","64,000","63,200","64,400","63,200","63,659",-600,-0.94,3.33,212.06,0.00,0.00,3.33,212.06,"132,085.18"
6,21/08/2026,VNM,"64,000","64,100","63,800","64,100","63,400","63,793",-200,-0.31,3.58,228.38,0.00,0.00,3.58,228.38,"133,339.16"
7,20/08/2026,VNM,"63,100","63,100","64,000","64,300","62,700","63,882",900,1.43,6.31,402.95,0.50,32.59,6.81,435.54,"133,757.15"
8,19/08/2026,VNM,"62,100","61,900","63,100","63,200","61,600","62,602","1,000",1.61,4.66,292.27,0.00,0.00,4.66,292.27,"131,876.19"
9,18/08/2026,VNM,"62,200","62,200","62,100","62,600","61,800","62,165",-100,-0.16,1.84,114.63,0.50,32.75,2.34,147.38,"129,786.23"
10,17/08/2026,VNM,"61,600","61,700","62,200","63,000","61,700","62,421",600,0.97,2.97,185.07,0.00,0.00,2.97,185.07,"129,995.23"
11,14/08/2026,VNM,"61,600","61,600","61,600","62,600","61,000","61,789",0,0.00,3.66,226.17,0.56,36.48,4.22,262.65,"128,741.26"
12,13/08/2026,VNM,"61,800","61,800","61,600","63,000","61,500","62,342",-200,-0.32,4.26,265.33,0.00,0.00,4.26,265.33,"128,741.26"
13,12/08/2026,VNM,"62,000","61,900","61,800","62,500","61,400","62,057",-200,-0.32,2.76,170.94,0.06,3.73,2.82,174.67,"129,159.25"
14,11/08/2026,VNM,"62,100","62,500","62,000","63,300","61,800","62,563",-100,-0.16,4.48,279.70,0.00,0.00,4.48,279.70,"129,577.24"
15,10/08/2026,VNM,"62,000","61,600","62,100","62,700","61,600","62,225",100,0.16,3.48,216.57,0.00,0.00,3.48,216.57,"129,786.23"
16,07/08/2026,VNM,"59,000","59,000","62,000","63,100","59,000","61,999","3,000",5.08,13.24,821.61,0.50,31.55,13.74,853.16,"129,577.24"
17,06/08/2026,VNM,"58,600","58,700","59,000","59,600","58,600","59,118",400,0.68,3.23,190.99,0.00,0.00,3.23,190.99,"123,307.37"
18,05/08/2026,VNM,"59,500","59,400","58,600","60,100","58,600","58,918",-900,-1.51,5.29,311.81,0.50,31.80,5.79,343.61,"122,471.39"
19,04/08/2026,VNM,"60,300","60,400","59,500","60,400","59,000","59,449",-800,-1.33,5.53,328.98,0.00,0.00,5.53,328.98,"124,352.35"
20,03/08/2026,VNM,"60,900","60,900","60,300","61,000","60,000","60,346",-600,-0.99,6.38,384.78,0.99,59.49,7.36,444.27,"126,024.31"
21,31/07/2026,VNM,"61,200","61,200","60,900","61,300","60,100","60,472",-300,-0.49,4.48,271.02,0.00,0.00,4.48,271.02,"127,278.29"
22,30/07/2026,VNM,"60,000","60,300","61,200","61,400","59,800","60,886","1,200",2.00,6.94,423.12,0.00,0.00,6.94,423.12,"127,905.27"
23,29/07/2026,VNM,"59,600","59,900","60,000","61,000","59,400","60,177",400,0.67,6.20,373.15,0.00,0.00,6.20,373.15,"125,397.33"
24,28/07/2026,VNM,"57,900","57,700","59,600","59,600","57,700","59,034","1,700",2.94,5.26,310.27,0.00,0.00,5.26,310.27,"124,561.34"
25,27/07/2026,VNM,"58,900","59,200","57,900","59,800","57,900","58,881","-1,000",-1.70,3.67,215.99,0.00,0.00,3.67,215.99,"121,008.42"
26,24/07/2026,VNM,"57,800","58,500","58,900","59,500","58,300","58,860","1,100",1.90,4.18,245.96,0.00,0.00,4.18,245.96,"123,098.38"
27,23/07/2026,VNM,"59,100","59,100","57,800","59,100","56,900","57,722","-1,300",-2.20,4.83,278.79,0.00,0.00,4.83,278.79,"120,799.42"
28,22/07/2026,VNM,"58,400","58,700","59,100","60,100","58,400","59,229",700,1.20,10.51,621.81,0.00,0.00,10.51,621.81,"123,516.37"
29,21/07/2026,VNM,"58,500","58,100","58,400","58,800","58,100","58,464",-100,-0.17,3.54,207.12,4.05,236.59,7.59,443.71,"122,053.40"
30,20/07/2026,VNM,"59,000","58,800","58,500","58,800","57,700","58,263",-500,-0.85,4.58,267.10,0.00,0.00,4.58,267.10,"122,262.39"
31,17/07/2026,VNM,"56,200","56,300","59,000","59,400","56,200","58,199","2,800",4.98,12.98,756.33,0.12,7.17,13.11,763.50,"123,307.37"
32,16/07/2026,VNM,"56,200","56,100","56,200","56,300","55,300","55,773",0,0.00,1.99,111.06,0.03,1.56,2.02,112.62,"117,455.50"
33,15/07/2026,VNM,"56,000","56,000","56,200","56,400","55,500","55,989",200,0.36,2.49,139.51,0.00,0.00,2.49,139.51,"117,455.50"
34,14/07/2026,VNM,"55,400","55,500","56,000","56,000","55,200","55,892",600,1.08,1.76,97.78,0.03,1.57,1.78,99.35,"117,037.50"
35,13/07/2026,VNM,"56,600","56,600","55,400","56,600","55,300","55,828","-1,200",-2.12,1.95,108.94,0.00,0.00,1.95,108.94,"115,783.53"
36,10/07/2026,VNM,"55,700","55,900","56,600","56,700","55,800","56,319",900,1.62,5.57,313.91,0.33,18.39,5.90,332.30,"118,291.48"
37,09/07/2026,VNM,"55,700","55,600","55,700","55,900","55,400","55,758",0,0.00,2.47,137.67,0.12,6.86,2.59,144.53,"116,410.52"
38,08/07/2026,VNM,"55,100","55,000","55,700","55,700","55,000","55,391",600,1.09,3.71,205.32,0.00,0.00,3.71,205.32,"116,410.52"
39,07/07/2026,VNM,"55,300","55,200","55,100","55,300","54,900","55,101",-200,-0.36,1.61,88.79,0.20,11.02,1.81,99.81,"115,156.55"
40,06/07/2026,VNM,"54,900","55,000","55,300","55,400","54,600","54,961",400,0.73,3.21,176.68,0.60,33.00,3.81,209.69,"115,574.54"
41,03/07/2026,VNM,"55,500","55,500","54,900","55,700","54,700","55,005",-600,-1.08,4.13,227.34,0.13,6.93,4.26,234.27,"114,738.55"
42,02/07/2026,VNM,"55,200","55,300","55,500","56,000","55,300","55,658",300,0.54,3.67,204.18,0.73,40.69,4.40,244.86,"115,992.53"
43,01/07/2026,VNM,"54,800","55,000","55,200","55,500","54,800","55,130",400,0.73,2.36,129.95,0.47,25.99,2.83,155.94,"115,365.54"
44,30/06/2026,VNM,"56,100","56,100","54,800","56,200","54,700","55,265","-1,300",-2.32,9.32,514.56,0.00,0.00,9.32,514.56,"114,529.56"
45,29/06/2026,VNM,"56,300","56,500","56,100","56,500","56,000","56,171",-200,-0.36,1.47,82.60,0.00,0.00,1.47,82.60,"117,246.50"
46,26/06/2026,VNM,"56,500","56,800","56,300","56,800","55,900","56,243",-200,-0.35,3.17,178.53,0.20,11.29,3.37,189.81,"117,664.49"
47,25/06/2026,VNM,"58,300","58,500","58,300","58,600","58,200","58,365",0,0.00,1.80,105.25,0.00,0.00,1.80,105.25,"121,844.40"
48,24/06/2026,VNM,"58,400","58,600","58,300","58,700","58,100","58,343",-100,-0.17,1.53,89.39,0.43,25.16,1.96,114.55,"121,844.40"
49,23/06/2026,VNM,"58,600","58,700","58,400","59,000","58,400","58,634",-200,-0.34,2.30,134.60,0.53,31.91,2.83,166.52,"122,053.40"
50,22/06/2026,VNM,"59,000","59,500","58,600","59,600","58,600","58,852",-400,-0.68,3.00,176.42,0.60,35.53,3.60,211.94,"122,471.39"
51,19/06/2026,VNM,"59,200","59,200","59,000","59,400","58,900","59,107",-200,-0.34,3.35,197.83,0.44,26.40,3.79,224.23,"123,307.37"
52,18/06/2026,VNM,"59,000","59,500","59,200","59,700","59,100","59,320",200,0.34,2.48,147.30,0.02,1.19,2.50,148.49,"123,725.36"
53,17/06/2026,VNM,"59,100","59,100","59,000","59,700","59,000","59,389",-100,-0.17,2.84,168.41,0.59,34.99,3.43,203.40,"123,307.37"
54,16/06/2026,VNM,"59,700","59,800","59,100","59,800","59,100","59,349",-600,-1.01,2.03,120.39,0.32,18.18,2.35,138.56,"123,516.37"
55,15/06/2026,VNM,"59,000","59,300","59,700","59,800","59,300","59,621",700,1.19,2.02,120.52,0.21,12.60,2.23,133.12,"124,770.34"
56,12/06/2026,VNM,"59,200","59,300","59,000","59,800","59,000","59,482",-200,-0.34,3.49,207.31,0.27,15.61,3.76,222.91,"123,307.37"
57,11/06/2026,VNM,"58,900","58,800","59,200","59,600","58,500","59,173",300,0.51,1.80,106.83,0.00,0.00,1.80,106.83,"123,725.36"
58,10/06/2026,VNM,"58,300","58,400","58,900","58,900","58,200","58,504",600,1.03,2.35,137.67,0.27,15.62,2.62,153.30,"123,098.38"
59,09/06/2026,VNM,"58,000","58,100","58,300","58,500","58,000","58,298",300,0.52,1.23,71.60,0.00,0.00,1.23,71.60,"121,844.40"
60,08/06/2026,VNM,"58,400","58,200","58,000","58,800","57,800","58,235",-400,-0.68,3.18,185.21,0.27,15.60,3.45,200.81,"121,217.42"
61,05/06/2026,VNM,"58,600","58,800","58,400","58,900","58,300","58,447",-200,-0.34,1.87,109.05,0.00,0.00,1.87,109.05,"122,053.40"
62,04/06/2026,VNM,"58,300","58,600","58,600","58,800","58,200","58,483",300,0.51,2.13,124.40,3.32,194.10,5.45,318.49,"122,471.39"
63,03/06/2026,VNM,"58,600","58,600","58,300","58,800","58,100","58,468",-300,-0.51,3.81,223.04,0.00,0.00,3.81,223.04,"121,844.40"
64,02/06/2026,VNM,"59,100","59,100","58,600","59,200","58,600","58,861",-500,-0.85,2.96,174.25,0.00,0.00,2.96,174.25,"122,471.39"
65,01/06/2026,VNM,"59,200","59,200","59,100","59,300","58,800","59,081",-100,-0.17,2.26,133.49,0.00,0.00,2.26,133.49,"123,516.37"
66,29/05/2026,VNM,"59,000","59,000","59,200","59,300","58,900","59,087",200,0.34,1.96,115.88,0.00,0.00,1.96,115.88,"123,725.36"
67,28/05/2026,VNM,"58,800","59,000","59,000","59,800","59,000","59,480",200,0.34,3.80,225.81,0.85,50.52,4.64,276.34,"123,307.37"
68,27/05/2026,VNM,"59,100","59,100","58,800","59,200","58,700","58,910",-300,-0.51,2.98,175.39,0.05,2.89,3.02,178.29,"122,889.38"
69,26/05/2026,VNM,"59,100","59,100","59,100","59,400","59,000","59,170",0,0.00,1.88,111.26,0.00,0.00,1.88,111.26,"123,516.37"
70,25/05/2026,VNM,"59,500","59,500","59,100","59,800","59,100","59,308",-400,-0.67,1.59,94.14,0.00,0.00,1.59,94.14,"123,516.37"
71,22/05/2026,VNM,"59,000","59,100","59,500","59,700","58,700","58,937",500,0.85,6.01,353.89,0.44,25.87,6.45,379.76,"124,352.35"
72,21/05/2026,VNM,"59,100","59,500","59,000","59,600","58,800","59,032",-100,-0.17,3.27,193.18,0.23,13.57,3.50,206.75,"123,307.37"
73,20/05/2026,VNM,"59,800","59,800","59,100","59,900","58,600","59,081",-700,-1.17,5.73,338.18,0.31,18.74,6.04,356.92,"123,516.37"
74,19/05/2026,VNM,"60,500","60,500","59,800","60,700","59,700","60,118",-700,-1.16,2.74,164.71,0.07,4.39,2.81,169.11,"124,979.34"
75,18/05/2026,VNM,"59,800","59,500","60,500","60,700","59,500","60,068",700,1.17,4.85,291.30,0.05,2.99,4.90,294.29,"126,442.30"
76,15/05/2026,VNM,"60,100","60,100","59,800","60,300","59,800","60,018",-300,-0.50,2.01,120.62,0.00,0.00,2.01,120.62,"124,979.34"
77,14/05/2026,VNM,"59,300","59,300","60,100","60,100","59,300","59,750",800,1.35,3.06,182.73,0.06,3.61,3.12,186.34,"125,606.32"
78,13/05/2026,VNM,"60,100","60,100","59,300","60,100","58,700","59,199",-800,-1.33,8.53,505.35,0.00,0.00,8.53,505.35,"123,934.36"
79,12/05/2026,VNM,"60,600","60,600","60,100","60,700","59,900","60,200",-500,-0.83,4.10,246.93,0.11,6.22,4.21,253.15,"125,606.32"
80,11/05/2026,VNM,"60,900","61,100","60,600","61,100","60,500","60,675",-300,-0.49,3.88,235.20,0.00,0.00,3.88,235.20,"126,651.30"
81,08/05/2026,VNM,"61,500","61,800","60,900","61,800","60,900","61,130",-600,-0.98,2.79,170.38,0.00,0.00,2.79,170.38,"127,278.29"
82,07/05/2026,VNM,"61,500","61,600","61,500","61,800","61,100","61,504",0,0.00,4.75,292.32,0.10,5.97,4.86,298.29,"128,532.26"
83,06/05/2026,VNM,"61,100","61,200","61,500","61,700","60,700","61,133",400,0.65,2.59,158.45,0.00,0.00,2.59,158.45,"128,532.26"
84,05/05/2026,VNM,"60,900","61,100","61,100","61,200","60,400","60,640",200,0.33,2.75,167.22,0.00,0.00,2.75,167.22,"127,696.28"
85,04/05/2026,VNM,"60,900","61,100","60,900","61,600","60,700","61,053",0,0.00,1.87,114.35,0.00,0.00,1.87,114.35,"127,278.29"
86,29/04/2026,VNM,"61,200","60,300","60,900","61,300","60,300","60,902",-300,-0.49,2.41,146.49,0.17,10.37,2.58,156.86,"127,278.29"
87,28/04/2026,VNM,"61,400","61,200","61,200","61,300","60,500","60,736",-200,-0.33,3.22,195.76,0.00,0.00,3.22,195.76,"127,905.27"
88,24/04/2026,VNM,"62,000","62,100","61,400","62,100","60,500","60,942",-600,-0.97,5.86,356.98,0.24,14.69,6.10,371.67,"128,323.26"
89,23/04/2026,VNM,"61,800","62,000","62,000","62,500","61,000","61,824",200,0.32,4.23,261.77,0.00,0.00,4.23,261.77,"129,577.24"
90,22/04/2026,VNM,"61,600","61,600","61,800","62,300","61,500","61,925",200,0.32,3.94,244.00,0.00,0.00,3.94,244.00,"129,159.25"
91,21/04/2026,VNM,"61,500","61,900","61,600","62,700","61,500","62,098",100,0.16,5.31,329.54,0.00,0.00,5.31,329.54,"128,741.26"
92,20/04/2026,VNM,"61,300","61,400","61,500","62,400","61,300","61,781",200,0.33,3.25,200.95,0.45,27.71,3.70,228.66,"128,532.26"
93,17/04/2026,VNM,"61,100","61,300","61,300","62,700","61,300","61,744",200,0.33,3.12,192.56,0.00,0.00,3.12,192.56,"128,114.27"
94,16/04/2026,VNM,"61,300","61,500","61,100","61,700","61,100","61,307",-200,-0.33,2.27,139.32,0.27,16.55,2.54,155.87,"127,696.28"
95,15/04/2026,VNM,"62,000","62,100","61,300","62,600","61,200","61,640",-700,-1.13,4.40,271.29,5.86,361.10,10.26,632.39,"128,114.27"
96,14/04/2026,VNM,"62,800","63,400","62,000","63,500","62,000","62,346",-800,-1.27,4.25,264.90,5.78,360.20,10.03,625.10,"129,577.24"
97,13/04/2026,VNM,"62,800","62,400","62,800","62,800","62,200","62,504",0,0.00,3.42,213.69,0.00,0.00,3.42,213.69,"131,249.20"
98,10/04/2026,VNM,"61,800","62,600","62,800","64,000","62,500","63,260","1,000",1.62,6.16,389.48,0.18,11.16,6.34,400.64,"131,249.20"
99,09/04/2026,VNM,"62,600","61,800","61,800","62,100","61,400","61,705",-800,-1.28,2.92,180.19,0.00,0.00,2.92,180.19,"129,159.25"
100,08/04/2026,VNM,"61,000","62,200","62,600","62,700","61,700","62,177","1,600",2.62,5.57,346.35,0.45,27.00,6.02,373.35,"130,831.21"
101,07/04/2026,VNM,"60,900","60,900","61,000","61,200","60,300","60,733",100,0.16,1.83,110.85,0.00,0.00,1.83,110.85,"127,487.28"
102,06/04/2026,VNM,"60,000","60,000","60,900","61,000","60,000","60,650",900,1.50,2.59,156.95,0.45,27.00,3.04,183.95,"127,278.29"
103,03/04/2026,VNM,"60,800","61,000","60,000","61,700","60,000","60,537",-800,-1.32,3.79,229.30,0.00,0.00,3.79,229.30,"125,397.33"
104,02/04/2026,VNM,"61,300","61,500","60,800","61,700","60,800","61,129",-500,-0.82,2.86,174.53,0.00,0.00,2.86,174.53,"127,069.29"
105,01/04/2026,VNM,"60,500","61,300","61,300","62,200","61,000","61,650",800,1.32,5.45,335.86,0.00,0.00,5.45,335.86,"128,114.27"
106,31/03/2026,VNM,"60,600","61,000","60,500","61,500","60,500","60,833",-100,-0.17,5.32,324.04,0.00,0.00,5.32,324.04,"126,442.30"
107,30/03/2026,VNM,"61,500","60,600","60,600","61,500","60,200","60,715",-900,-1.46,4.08,247.55,0.21,12.60,4.28,260.14,"126,651.30"
108,27/03/2026,VNM,"61,000","61,000","61,500","61,900","60,900","61,295",500,0.82,2.14,131.12,0.00,0.00,2.14,131.12,"128,532.26"
109,26/03/2026,VNM,"62,100","62,100","61,000","62,100","61,000","61,389","-1,100",-1.77,2.04,125.43,0.00,0.00,2.04,125.43,"127,487.28"
110,25/03/2026,VNM,"61,200","61,500","62,100","62,200","61,400","61,886",900,1.47,3.45,213.29,0.00,0.00,3.45,213.29,"129,786.23"
111,24/03/2026,VNM,"60,800","61,800","61,200","61,800","60,900","61,213",400,0.66,2.69,164.65,0.00,0.00,2.69,164.65,"127,905.27"
112,23/03/2026,VNM,"60,000","59,200","60,800","61,000","59,200","60,265",800,1.33,5.91,356.32,0.00,0.00,5.91,356.32,"127,069.29"
113,20/03/2026,VNM,"61,000","61,000","60,000","61,500","60,000","60,597","-1,000",-1.64,5.73,346.30,0.03,2.00,5.77,348.30,"125,397.33"
114,19/03/2026,VNM,"61,700","61,400","61,000","62,000","60,800","61,331",-700,-1.13,6.40,392.31,0.00,0.00,6.40,392.31,"127,487.28"
115,18/03/2026,VNM,"61,500","61,800","61,700","62,700","61,600","62,155",200,0.33,2.60,161.24,0.00,0.00,2.60,161.24,"128,950.25"
116,17/03/2026,VNM,"61,800","62,700","61,500","63,000","61,500","62,247",-300,-0.49,3.82,237.54,0.10,6.13,3.92,243.67,"128,532.26"
117,16/03/2026,VNM,"63,100","62,600","61,800","62,900","61,700","62,059","-1,300",-2.06,2.97,183.94,0.00,0.00,2.97,183.94,"129,159.25"
118,13/03/2026,VNM,"61,600","62,000","63,100","63,200","61,600","62,580","1,500",2.44,5.39,337.29,0.00,0.00,5.39,337.29,"131,876.19"
119,12/03/2026,VNM,"63,000","62,000","61,600","62,700","61,300","61,963","-1,400",-2.22,6.30,390.10,1.21,74.56,7.50,464.66,"128,741.26"
120,11/03/2026,VNM,"62,100","61,700","63,000","63,700","61,600","62,820",900,1.45,7.51,471.73,0.00,0.00,7.51,471.73,"131,667.19"
121,10/03/2026,VNM,"58,100","60,000","62,100","62,100","59,500","60,631","4,000",6.88,10.76,652.82,1.97,119.91,12.74,772.73,"129,786.23"
122,09/03/2026,VNM,"62,400","59,000","58,100","59,100","58,100","58,271","-4,300",-6.89,18.05,"1,051.21",0.00,0.00,18.05,"1,051.21","121,426.41"
123,06/03/2026,VNM,"63,200","63,000","62,400","63,000","62,200","62,569",-800,-1.27,6.47,404.72,0.22,14.10,6.70,418.82,"130,413.22"
124,05/03/2026,VNM,"64,900","65,000","63,200","65,200","63,000","63,831","-1,700",-2.62,8.17,520.52,0.98,62.31,9.15,582.83,"132,085.18"
125,04/03/2026,VNM,"63,400","63,400","64,900","64,900","62,000","63,069","1,500",2.37,13.38,844.25,0.70,43.90,14.08,888.15,"135,638.11"
126,03/03/2026,VNM,"66,600","66,600","63,400","67,300","63,400","64,857","-3,200",-4.80,17.82,"1,153.20",0.78,53.70,18.60,"1,206.90","132,503.18"
127,02/03/2026,VNM,"68,200","66,900","66,600","69,800","66,500","67,605","-1,600",-2.35,12.47,842.39,0.24,16.43,12.71,858.82,"139,191.03"
128,27/02/2026,VNM,"70,600","70,200","68,200","70,600","68,000","68,921","-2,400",-3.40,13.37,921.10,0.02,1.35,13.39,922.45,"142,534.96"
129,26/02/2026,VNM,"72,300","71,200","70,600","71,400","69,600","70,192","-1,700",-2.35,14.30,"1,004.43",73.19,"4,925.96",87.49,"5,930.39","147,550.85"
130,25/02/2026,VNM,"70,200","70,400","72,300","73,400","70,400","72,409","2,100",2.99,9.80,709.76,0.00,0.00,9.80,709.76,"151,103.78"
131,24/02/2026,VNM,"70,600","70,600","70,200","71,300","70,200","70,593",-400,-0.57,3.55,250.75,0.08,5.68,3.63,256.43,"146,714.87"
132,23/02/2026,VNM,"69,500","70,000","70,600","71,300","69,800","70,308","1,100",1.58,4.21,296.32,0.00,0.00,4.21,296.32,"147,550.85"
133,13/02/2026,VNM,"69,000","69,000","69,500","69,800","68,600","69,236",500,0.72,3.34,231.40,0.00,0.00,3.34,231.40,"145,251.90"
134,12/02/2026,VNM,"69,100","69,300","69,000","69,800","69,000","69,365",-100,-0.14,1.95,135.33,0.00,0.00,1.95,135.33,"144,206.93"
135,11/02/2026,VNM,"68,400","68,400","69,100","69,900","68,400","69,425",700,1.02,2.67,185.62,0.00,0.00,2.67,185.62,"144,415.92"
136,10/02/2026,VNM,"69,600","69,600","68,400","70,500","68,100","69,015","-1,200",-1.72,5.09,350.95,0.09,6.28,5.18,357.23,"142,952.95"
137,09/02/2026,VNM,"69,100","69,400","69,600","70,400","69,300","69,845",500,0.72,2.57,179.68,0.00,0.00,2.57,179.68,"145,460.90"
138,06/02/2026,VNM,"69,100","68,300","69,100","70,700","68,200","69,286",0,0.00,6.70,463.87,0.00,0.00,6.70,463.87,"144,415.92"
139,05/02/2026,VNM,"72,000","71,900","69,100","72,200","69,100","70,328","-2,900",-4.03,8.06,566.63,0.00,0.00,8.06,566.63,"144,415.92"
140,04/02/2026,VNM,"71,600","71,800","72,000","72,600","70,800","71,770",400,0.56,7.67,550.90,0.00,0.00,7.67,550.90,"150,476.79"
141,03/02/2026,VNM,"72,600","72,900","71,600","73,600","71,300","72,196","-1,000",-1.38,7.26,524.16,0.08,5.73,7.34,529.90,"149,640.81"
142,02/02/2026,VNM,"70,600","70,900","72,600","72,600","70,300","71,488","2,000",2.83,10.78,770.52,0.00,0.00,10.78,770.52,"151,730.77"
143,30/01/2026,VNM,"71,100","71,500","70,600","72,500","70,500","71,312",-500,-0.70,7.84,559.21,0.00,0.00,7.84,559.21,"147,550.85"
144,29/01/2026,VNM,"67,700","68,500","71,100","71,100","67,900","70,015","3,400",5.02,10.04,702.62,0.00,0.00,10.04,702.62,"148,595.83"
145,28/01/2026,VNM,"67,700","67,700","67,700","69,500","67,200","68,080",0,0.00,9.82,668.67,1.59,108.46,11.41,777.14,"141,489.98"
146,27/01/2026,VNM,"68,900","68,400","67,700","68,600","66,100","67,256","-1,200",-1.74,8.36,562.22,0.79,53.14,9.15,615.36,"141,489.98"
147,26/01/2026,VNM,"67,200","67,400","68,900","69,300","67,400","68,558","1,700",2.53,8.86,607.86,0.00,0.00,8.86,607.86,"143,997.93"
148,23/01/2026,VNM,"70,900","69,400","67,200","70,100","67,200","68,441","-3,700",-5.22,16.05,"1,097.31",0.00,0.00,16.05,"1,097.31","140,445.01"
149,22/01/2026,VNM,"70,300","71,100","70,900","72,800","70,000","71,169",600,0.85,8.06,573.37,0.00,0.00,8.06,573.37,"148,177.84"
150,21/01/2026,VNM,"73,400","73,000","70,300","73,000","70,000","71,224","-3,100",-4.22,11.23,800.04,0.05,3.99,11.29,804.04,"146,923.87"
151,20/01/2026,VNM,"70,600","71,500","73,400","75,500","71,100","74,074","2,800",3.97,21.52,"1,596.35",0.06,4.10,21.58,"1,600.45","153,402.73"
152,19/01/2026,VNM,"69,600","69,800","70,600","71,000","68,300","69,467","1,000",1.44,10.39,722.13,0.00,0.00,10.39,722.13,"147,550.85"
153,16/01/2026,VNM,"71,000","71,100","69,600","73,000","69,100","70,627","-1,400",-1.97,13.37,944.44,0.20,13.58,13.57,958.02,"145,460.90"
154,15/01/2026,VNM,"67,700","70,000","71,000","72,400","69,500","71,553","3,300",4.87,19.26,"1,377.96",0.00,0.00,19.26,"1,377.96","148,386.84"
155,14/01/2026,VNM,"63,300","63,600","67,700","67,700","63,400","66,577","4,400",6.95,24.84,"1,662.22",0.20,13.40,25.04,"1,675.63","141,489.98"
156,13/01/2026,VNM,"62,700","62,900","63,300","64,900","62,800","63,552",600,0.96,6.76,430.84,0.00,0.00,6.76,430.84,"132,294.18"
157,12/01/2026,VNM,"61,000","61,100","62,700","62,700","61,100","62,152","1,700",2.79,4.15,257.86,0.00,0.00,4.15,257.86,"131,040.21"
158,09/01/2026,VNM,"62,200","62,400","61,000","62,500","61,000","61,833","-1,200",-1.93,4.18,258.47,0.00,0.00,4.18,258.47,"127,487.28"
159,08/01/2026,VNM,"60,900","61,100","62,200","63,400","61,100","62,361","1,300",2.13,5.64,351.66,0.00,0.00,5.64,351.66,"129,995.23"
160,07/01/2026,VNM,"60,800","60,800","60,900","61,500","60,500","61,029",100,0.16,3.23,196.94,0.00,0.00,3.23,196.94,"127,278.29"
161,06/01/2026,VNM,"60,300","60,500","60,800","60,900","60,300","60,621",500,0.83,2.96,179.69,0.00,0.00,2.96,179.69,"127,069.29"
162,05/01/2026,VNM,"61,200","61,300","60,300","61,500","60,000","60,733",-900,-1.47,2.81,170.87,0.00,0.00,2.81,170.87,"126,024.31"
163,31/12/2025,VNM,"61,800","61,900","61,200","62,000","61,200","61,494",-600,-0.97,1.88,115.57,0.03,1.53,1.90,117.09,"127,905.27"
164,30/12/2025,VNM,"62,100","62,100","61,800","62,300","61,700","61,903",-300,-0.48,1.58,97.86,0.00,0.00,1.58,97.86,"129,159.25"
165,29/12/2025,VNM,"61,500","61,500","62,100","62,200","61,400","61,843",600,0.98,1.94,120.16,0.00,0.00,1.94,120.16,"129,786.23"
166,26/12/2025,VNM,"61,300","61,600","61,500","62,300","61,200","61,680",200,0.33,2.40,148.03,0.05,2.57,2.44,150.60,"128,532.26"
167,25/12/2025,VNM,"61,500","61,600","61,300","62,300","61,300","61,666",-200,-0.33,2.06,127.00,0.31,19.66,2.37,146.67,"128,114.27"
168,24/12/2025,VNM,"62,600","62,800","61,500","62,900","61,500","61,857","-1,100",-1.76,4.87,301.14,0.09,6.01,4.96,307.15,"128,532.26"
169,23/12/2025,VNM,"63,200","63,500","62,600","64,100","62,300","63,079",-600,-0.95,4.39,277.18,0.30,19.38,4.69,296.57,"130,831.21"
170,22/12/2025,VNM,"64,000","63,900","63,200","63,900","63,100","63,391",-800,-1.25,2.65,168.03,96.14,"6,013.88",98.79,"6,181.91","132,085.18"
171,19/12/2025,VNM,"63,900","63,700","64,000","64,000","63,000","63,514",100,0.16,2.69,170.91,0.36,22.60,3.05,193.51,"133,757.15"
172,18/12/2025,VNM,"62,900","63,600","63,900","64,000","62,900","63,630","1,000",1.59,3.07,195.02,0.05,3.37,3.12,198.38,"133,548.15"
173,17/12/2025,VNM,"64,200","64,100","62,900","64,100","62,900","63,370","-1,300",-2.02,2.09,132.26,0.36,24.97,2.45,157.23,"131,458.20"
174,16/12/2025,VNM,"62,000","62,000","64,200","64,400","61,700","63,415","2,200",3.55,6.86,435.83,0.35,21.94,7.21,457.76,"134,175.14"
175,15/12/2025,VNM,"60,200","60,300","62,000","62,600","60,300","61,677","1,800",2.99,4.24,261.94,0.05,2.80,4.29,264.74,"129,577.24"
176,12/12/2025,VNM,"61,500","61,700","60,200","62,000","60,200","61,017","-1,300",-2.11,4.40,267.56,0.05,3.29,4.45,270.85,"125,815.32"
177,11/12/2025,VNM,"63,100","63,000","61,500","63,500","61,500","62,312","-1,600",-2.54,4.85,301.97,0.05,3.38,4.90,305.34,"128,532.26"
178,10/12/2025,VNM,"62,500","62,400","63,100","64,500","62,300","63,531",600,0.96,3.47,220.49,0.03,1.66,3.50,222.14,"131,876.19"
179,09/12/2025,VNM,"63,500","63,500","62,500","64,100","62,500","63,256","-1,000",-1.57,5.39,340.55,0.00,0.00,5.39,340.55,"130,622.22"
180,08/12/2025,VNM,"63,400","63,300","63,500","64,500","63,200","63,914",100,0.16,3.32,212.18,0.00,0.00,3.32,212.18,"132,712.17"
181,05/12/2025,VNM,"63,400","63,600","63,400","64,500","63,400","63,785",0,0.00,3.60,229.41,0.04,2.39,3.64,231.80,"132,503.18"
182,04/12/2025,VNM,"64,600","65,000","63,400","65,100","63,400","64,082","-1,200",-1.86,5.92,378.67,0.00,0.00,5.92,378.67,"132,503.18"
183,03/12/2025,VNM,"65,000","65,100","64,600","65,200","64,000","64,518",-400,-0.62,5.38,347.25,0.07,3.93,5.45,351.19,"135,011.12"
184,02/12/2025,VNM,"64,900","64,800","65,000","65,600","64,500","65,110",100,0.15,6.76,440.32,0.00,0.00,6.76,440.32,"135,847.10"
185,01/12/2025,VNM,"64,000","64,300","64,900","65,900","64,300","65,279",900,1.41,9.11,594.30,0.00,0.00,9.11,594.30,"135,638.11"
186,28/11/2025,VNM,"62,000","62,200","64,000","64,500","62,200","63,973","2,000",3.23,11.90,760.38,0.12,6.87,12.02,767.25,"133,757.15"
187,27/11/2025,VNM,"62,800","63,000","62,000","63,400","62,000","62,801",-800,-1.27,3.96,248.70,0.05,3.14,4.01,251.84,"129,577.24"
188,26/11/2025,VNM,"61,900","62,300","62,800","63,200","62,300","62,668",900,1.45,3.65,228.84,0.25,15.16,3.90,244.00,"131,249.20"
189,25/11/2025,VNM,"63,000","63,000","61,900","63,200","61,900","62,692","-1,100",-1.75,4.91,307.45,0.00,0.00,4.91,307.45,"129,368.24"
190,24/11/2025,VNM,"59,900","60,100","63,000","63,400","60,100","62,414","3,100",5.18,9.90,618.51,0.27,16.50,10.17,635.01,"131,667.19"
191,21/11/2025,VNM,"60,700","60,300","59,900","60,700","59,700","60,155",-800,-1.32,4.19,252.00,0.00,0.00,4.19,252.00,"125,188.33"
192,20/11/2025,VNM,"60,900","61,400","60,700","61,600","60,500","60,941",-200,-0.33,2.66,161.78,0.29,17.83,2.95,179.61,"126,860.30"
193,19/11/2025,VNM,"60,700","60,700","60,900","61,900","60,500","61,169",200,0.33,4.46,272.68,0.00,0.00,4.46,272.68,"127,278.29"
194,18/11/2025,VNM,"62,100","62,000","60,700","62,300","60,500","61,122","-1,400",-2.25,5.56,339.77,0.16,9.63,5.71,349.40,"126,860.30"
195,17/11/2025,VNM,"62,800","62,900","62,100","63,300","61,800","62,331",-700,-1.11,4.20,261.71,0.00,0.00,4.20,261.71,"129,786.23"
196,14/11/2025,VNM,"61,800","61,700","62,800","63,300","61,600","62,680","1,000",1.62,10.15,636.15,0.00,0.00,10.15,636.15,"131,249.20"
197,13/11/2025,VNM,"59,800","59,800","61,800","62,000","59,700","61,078","2,000",3.34,9.74,596.02,0.00,0.00,9.74,596.02,"129,159.25"
198,12/11/2025,VNM,"58,900","58,800","59,800","60,000","58,500","59,623",900,1.53,5.16,308.06,0.00,0.00,5.16,308.06,"124,979.34"
199,11/11/2025,VNM,"57,000","57,000","58,900","59,000","57,000","58,228","1,900",3.33,5.15,300.22,0.00,0.00,5.15,300.22,"123,098.38"
200,10/11/2025,VNM,"57,600","57,700","57,000","57,900","57,000","57,487",-600,-1.04,2.68,153.81,0.00,0.00,2.68,153.81,"119,127.46"
201,07/11/2025,VNM,"58,000","57,600","57,600","58,400","57,500","58,029",-400,-0.69,3.25,188.65,0.00,0.00,3.25,188.65,"120,381.43"
202,06/11/2025,VNM,"58,000","58,000","58,000","58,500","57,600","58,120",0,0.00,2.24,130.30,0.00,0.00,2.24,130.30,"121,217.42"
203,05/11/2025,VNM,"57,300","57,300","58,000","58,500","57,100","57,995",700,1.22,3.83,222.14,0.00,0.00,3.83,222.14,"121,217.42"
204,04/11/2025,VNM,"57,300","57,600","57,300","57,900","56,300","57,020",0,0.00,4.18,238.23,0.16,9.11,4.33,247.35,"119,754.45"
205,03/11/2025,VNM,"57,600","57,700","57,300","58,300","57,300","57,805",-300,-0.52,2.64,152.83,0.00,0.00,2.64,152.83,"119,754.45"
206,31/10/2025,VNM,"57,100","57,400","57,600","57,700","57,100","57,454",500,0.88,2.64,151.84,0.00,0.00,2.64,151.84,"120,381.43"
207,30/10/2025,VNM,"57,500","57,800","57,100","57,900","57,000","57,253",-400,-0.70,1.91,109.06,0.00,0.00,1.91,109.06,"119,336.46"
208,29/10/2025,VNM,"57,400","57,500","57,500","57,900","57,100","57,536",100,0.17,1.97,113.57,0.00,0.00,1.97,113.57,"120,172.44"
209,28/10/2025,VNM,"57,000","57,200","57,400","57,400","56,800","57,053",400,0.70,2.08,118.64,0.00,0.00,2.08,118.64,"119,963.44"
210,27/10/2025,VNM,"58,100","58,400","57,000","58,400","57,000","57,611","-1,100",-1.89,3.00,172.84,0.00,0.00,3.00,172.84,"119,127.46"
211,24/10/2025,VNM,"56,600","56,900","58,100","58,100","56,100","57,143","1,500",2.65,3.96,226.99,0.00,0.00,3.96,226.99,"121,426.41"
212,23/10/2025,VNM,"56,300","56,500","56,600","57,100","56,300","56,708",300,0.53,2.33,132.03,0.00,0.00,2.33,132.03,"118,291.48"
213,22/10/2025,VNM,"56,500","57,100","56,300","57,300","55,700","56,390",-200,-0.35,3.85,216.88,0.00,0.00,3.85,216.88,"117,664.49"
214,21/10/2025,VNM,"55,000","56,100","56,500","58,000","56,100","56,868","1,500",2.73,7.07,401.82,0.00,0.00,7.07,401.82,"118,082.48"
215,20/10/2025,VNM,"58,800","58,900","55,000","59,400","55,000","57,699","-3,800",-6.46,8.74,501.03,0.00,0.00,8.74,501.03,"114,947.55"
216,17/10/2025,VNM,"61,200","61,000","58,800","61,200","58,800","59,892","-2,400",-3.92,6.04,361.34,0.15,8.73,6.19,370.07,"122,889.38"
217,16/10/2025,VNM,"60,800","60,800","61,200","61,200","60,200","60,618",400,0.66,5.16,312.87,0.00,0.00,5.16,312.87,"127,905.27"
218,15/10/2025,VNM,"63,500","63,800","63,600","64,400","63,600","63,896",100,0.16,4.65,296.81,0.00,0.00,4.65,296.81,"132,921.17"
219,14/10/2025,VNM,"64,000","64,400","63,500","64,400","63,300","63,808",-500,-0.78,5.36,341.97,0.00,0.00,5.36,341.97,"132,712.17"
220,13/10/2025,VNM,"62,400","62,200","64,000","64,100","61,800","62,993","1,600",2.56,6.31,397.24,0.00,0.00,6.31,397.24,"133,757.15"
221,10/10/2025,VNM,"62,900","63,400","62,400","63,400","62,400","62,780",-500,-0.79,4.97,311.97,0.00,0.00,4.97,311.97,"130,413.22"
222,09/10/2025,VNM,"63,400","63,400","62,900","63,500","62,600","62,951",-500,-0.79,3.30,207.51,0.00,0.00,3.30,207.51,"131,458.20"
223,08/10/2025,VNM,"61,400","62,300","63,400","63,500","61,700","62,630","2,000",3.26,5.92,370.78,0.00,0.00,5.92,370.78,"132,503.18"
224,07/10/2025,VNM,"62,400","62,700","61,400","62,700","61,400","62,105","-1,000",-1.60,3.72,230.56,0.00,0.00,3.72,230.56,"128,323.26"
225,06/10/2025,VNM,"61,300","62,700","62,400","62,700","61,800","62,108","1,100",1.79,4.05,251.84,0.00,0.00,4.05,251.84,"130,413.22"
226,03/10/2025,VNM,"61,200","61,300","61,300","62,300","61,200","61,785",100,0.16,4.00,246.86,0.00,0.00,4.00,246.86,"128,114.27"
227,02/10/2025,VNM,"62,100","62,500","61,200","62,600","61,200","61,962",-900,-1.45,3.40,210.62,0.00,0.00,3.40,210.62,"127,905.27"
228,01/10/2025,VNM,"60,000","60,700","62,100","62,500","60,200","61,488","2,100",3.50,4.53,278.71,0.00,0.00,4.53,278.71,"129,786.23"
229,30/09/2025,VNM,"60,300","60,400","60,000","60,800","60,000","60,229",-300,-0.50,3.03,182.42,0.08,4.95,3.11,187.36,"125,397.33"
230,29/09/2025,VNM,"61,100","61,100","60,300","61,200","60,200","60,638",-800,-1.31,5.13,311.08,0.00,0.00,5.13,311.08,"126,024.31"
231,26/09/2025,VNM,"61,500","61,500","61,100","61,800","61,100","61,465",-400,-0.65,2.49,153.00,0.00,0.00,2.49,153.00,"127,696.28"
232,25/09/2025,VNM,"62,000","62,300","61,500","62,400","61,500","61,800",-500,-0.81,2.75,170.14,0.00,0.00,2.75,170.14,"128,532.26"
233,24/09/2025,VNM,"61,600","61,900","62,000","62,000","61,000","61,396",400,0.65,3.21,197.52,0.00,0.00,3.21,197.52,"129,577.24"
234,23/09/2025,VNM,"61,400","61,500","61,600","62,500","61,500","62,004",200,0.33,3.43,212.23,0.00,0.00,3.43,212.23,"128,741.26"
235,22/09/2025,VNM,"62,000","62,100","61,400","62,800","61,400","62,158",-600,-0.97,5.29,328.41,0.00,0.00,5.29,328.41,"128,323.26"
236,19/09/2025,VNM,"63,600","63,800","62,000","63,900","62,000","62,996","-1,600",-2.52,5.30,332.98,0.00,0.00,5.30,332.98,"129,577.24"
237,18/09/2025,VNM,"65,100","65,100","63,600","65,300","63,500","64,099","-1,500",-2.30,5.05,323.52,0.00,0.00,5.05,323.52,"132,921.17"
238,17/09/2025,VNM,"64,700","64,800","65,100","66,200","64,800","65,735",400,0.62,9.87,648.46,0.00,0.00,9.87,648.46,"136,056.10"
239,16/09/2025,VNM,"63,100","63,500","64,700","65,400","63,200","64,486","1,600",2.54,12.67,817.44,0.14,8.47,12.81,825.91,"135,220.12"
240,15/09/2025,VNM,"63,200","63,400","63,100","63,500","62,800","63,145",-100,-0.16,3.53,222.76,0.00,0.00,3.53,222.76,"131,876.19"
241,12/09/2025,VNM,"61,200","61,300","63,200","63,500","61,000","62,755","2,000",3.27,13.67,858.10,0.31,18.56,13.98,876.67,"132,085.18"
242,11/09/2025,VNM,"59,800","59,800","61,200","61,200","59,400","60,240","1,400",2.34,5.00,301.25,0.16,9.64,5.16,310.90,"127,905.27"
243,10/09/2025,VNM,"60,300","60,500","59,800","60,600","59,700","60,044",-500,-0.83,3.12,187.35,0.37,22.05,3.49,209.39,"124,979.34"
244,09/09/2025,VNM,"60,600","60,600","60,300","61,000","60,100","60,519",-300,-0.50,3.52,212.79,0.00,0.00,3.52,212.79,"126,024.31"
245,08/09/2025,VNM,"60,900","60,900","60,600","61,900","60,600","61,117",-300,-0.49,6.96,425.23,0.20,12.20,7.16,437.43,"126,651.30"
246,05/09/2025,VNM,"61,800","61,900","60,900","62,000","60,900","61,491",-900,-1.46,5.36,329.10,0.00,0.00,5.36,329.10,"127,278.29"
247,04/09/2025,VNM,"61,500","61,700","61,800","62,500","61,500","61,864",300,0.49,4.23,261.54,0.00,0.00,4.23,261.54,"129,159.25"
248,03/09/2025,VNM,"60,300","60,300","61,500","61,500","60,300","61,065","1,200",1.99,4.77,291.03,0.00,0.00,4.77,291.03,"128,532.26"
249,29/08/2025,VNM,"61,000","61,300","60,300","61,300","60,300","60,857",-700,-1.15,4.17,253.30,0.00,0.00,4.17,253.30,"126,024.31"
250,28/08/2025,VNM,"60,500","61,000","61,000","61,500","60,700","61,121",500,0.83,3.66,223.80,0.62,37.02,4.28,260.82,"127,487.28"
251,27/08/2025,VNM,"59,700","59,700","60,500","61,200","59,500","60,655",800,1.34,4.85,294.20,0.00,0.00,4.85,294.20,"126,442.30"
252,26/08/2025,VNM,"58,700","58,600","59,700","60,100","58,500","59,359","1,000",1.70,2.99,177.65,0.00,0.00,2.99,177.65,"124,770.34"
253,25/08/2025,VNM,"58,700","58,900","58,700","59,600","58,700","59,117",0,0.00,3.36,198.69,0.00,0.00,3.36,198.69,"122,680.38"
254,22/08/2025,VNM,"60,100","59,800","58,700","59,900","58,500","59,128","-1,400",-2.33,7.20,425.73,0.00,0.00,7.20,425.73,"122,680.38"
255,21/08/2025,VNM,"60,000","60,100","60,100","60,900","59,600","59,994",100,0.17,5.81,348.97,0.80,48.20,6.61,397.17,"125,606.32"
256,20/08/2025,VNM,"60,500","60,500","60,000","60,900","59,600","60,065",-500,-0.83,6.34,380.80,0.00,0.00,6.34,380.80,"125,397.33"
257,19/08/2025,VNM,"60,700","60,800","60,500","61,200","60,400","60,654",-200,-0.33,5.26,318.98,0.02,1.20,5.28,320.18,"126,442.30"
258,18/08/2025,VNM,"61,000","61,100","60,700","61,300","60,600","60,926",-300,-0.49,4.78,290.93,0.05,3.10,4.83,294.03,"126,860.30"
259,15/08/2025,VNM,"61,700","62,000","61,000","62,200","61,000","61,392",-700,-1.13,5.66,347.43,0.00,0.00,5.66,347.43,"127,487.28"
260,14/08/2025,VNM,"61,100","61,300","61,700","62,200","61,000","61,647",600,0.98,6.53,402.80,0.00,0.00,6.53,402.80,"128,950.25"
261,13/08/2025,VNM,"61,800","62,000","61,100","62,100","60,800","61,256",-700,-1.13,6.21,380.73,0.00,0.00,6.21,380.73,"127,696.28"
262,12/08/2025,VNM,"61,500","62,100","61,800","62,400","61,400","61,829",300,0.49,5.21,321.97,0.20,11.94,5.41,333.91,"129,159.25"
263,11/08/2025,VNM,"60,800","61,000","61,500","62,100","60,900","61,495",700,1.15,5.79,356.07,0.20,11.94,5.99,368.01,"128,532.26"
264,08/08/2025,VNM,"60,900","61,000","60,800","61,800","60,600","61,063",-100,-0.16,6.50,397.18,0.20,12.00,6.70,409.18,"127,069.29"
265,07/08/2025,VNM,"61,300","61,900","60,900","62,000","60,800","61,167",-400,-0.65,4.74,290.20,0.00,0.00,4.74,290.20,"127,278.29"
266,06/08/2025,VNM,"60,100","60,400","61,300","61,700","60,400","61,173","1,200",2.00,5.38,329.06,0.70,42.34,6.08,371.40,"128,114.27"
267,05/08/2025,VNM,"60,400","60,500","60,100","61,500","60,000","60,654",-300,-0.50,9.56,580.16,0.00,0.00,9.56,580.16,"125,606.32"
268,04/08/2025,VNM,"60,000","59,800","60,400","60,800","59,800","60,240",400,0.67,3.75,225.83,0.62,34.49,4.36,260.32,"126,233.31"
269,01/08/2025,VNM,"61,200","61,400","60,000","61,400","60,000","60,416","-1,200",-1.96,5.33,321.84,0.00,0.00,5.33,321.84,"125,397.33"
270,31/07/2025,VNM,"62,900","63,000","61,200","63,500","60,400","61,417","-1,700",-2.70,10.57,649.44,0.82,53.40,11.39,702.84,"127,905.27"
271,30/07/2025,VNM,"63,200","63,000","62,900","63,500","62,800","63,115",-300,-0.47,6.08,383.58,0.00,0.00,6.08,383.58,"131,458.20"
272,29/07/2025,VNM,"63,300","63,300","63,200","64,200","62,800","63,366",-100,-0.16,10.71,678.54,0.24,14.71,10.96,693.25,"132,085.18"
273,28/07/2025,VNM,"63,200","63,300","63,300","63,900","63,000","63,365",100,0.16,8.46,536.09,0.00,0.00,8.46,536.09,"132,294.18"
274,25/07/2025,VNM,"63,700","63,800","63,200","63,800","63,100","63,426",-500,-0.78,5.12,325.02,0.00,0.00,5.12,325.02,"132,085.18"
275,24/07/2025,VNM,"61,700","62,100","63,700","64,000","62,100","63,222","2,000",3.24,13.42,848.02,0.10,6.20,13.52,854.22,"133,130.16"
276,23/07/2025,VNM,"60,200","60,400","61,700","61,700","60,200","60,821","1,500",2.49,9.23,561.14,0.00,0.00,9.23,561.14,"128,950.25"
277,22/07/2025,VNM,"60,000","60,000","60,200","60,200","59,500","59,810",200,0.33,4.74,283.29,0.03,1.55,4.76,284.84,"125,815.32"
278,21/07/2025,VNM,"60,200","60,300","60,000","60,800","60,000","60,258",-200,-0.33,5.50,331.58,0.00,0.00,5.50,331.58,"125,397.33"
279,18/07/2025,VNM,"60,100","60,100","60,200","61,100","60,000","60,361",100,0.17,5.83,351.86,0.00,0.00,5.83,351.86,"125,815.32"
280,17/07/2025,VNM,"60,100","60,300","60,100","60,600","59,800","60,165",0,0.00,6.36,382.47,0.00,0.00,6.36,382.47,"125,606.32"
281,16/07/2025,VNM,"60,100","60,000","60,100","60,200","59,600","59,866",0,0.00,4.96,296.97,0.00,0.00,4.96,296.97,"125,606.32"
282,15/07/2025,VNM,"60,300","60,600","60,100","61,200","60,100","60,555",-200,-0.33,6.55,396.82,0.00,0.00,6.55,396.82,"125,606.32"
283,14/07/2025,VNM,"59,800","60,000","60,300","60,800","59,300","60,016",500,0.84,6.08,365.18,0.15,8.85,6.23,374.03,"126,024.31"
284,11/07/2025,VNM,"59,700","60,300","59,800","60,800","59,800","60,137",100,0.17,6.23,374.70,0.70,41.86,6.93,416.56,"124,979.34"
285,10/07/2025,VNM,"60,200","60,500","59,700","60,600","59,700","60,014",-500,-0.83,5.25,314.95,0.15,9.00,5.40,323.95,"124,770.34"
286,09/07/2025,VNM,"59,000","59,300","60,200","60,600","59,100","59,873","1,200",2.03,9.64,577.01,0.20,12.00,9.84,589.01,"125,815.32"
287,08/07/2025,VNM,"57,900","58,000","59,000","59,200","57,900","58,547","1,100",1.90,7.16,419.27,0.04,2.29,7.20,421.56,"123,307.37"
288,07/07/2025,VNM,"57,800","58,000","57,900","58,300","57,700","57,930",100,0.17,3.76,217.96,0.00,0.00,3.76,217.96,"121,008.42"
289,04/07/2025,VNM,"57,500","57,500","57,800","57,900","57,300","57,558",300,0.52,2.70,155.20,0.00,0.00,2.70,155.20,"120,799.42"
290,03/07/2025,VNM,"57,700","57,700","57,500","58,400","57,300","57,874",-200,-0.35,5.29,306.38,0.05,2.90,5.34,309.28,"120,172.44"
291,02/07/2025,VNM,"57,500","57,600","57,700","58,000","57,300","57,541",200,0.35,3.78,217.27,0.00,0.00,3.78,217.27,"120,590.43"
292,01/07/2025,VNM,"58,000","58,400","57,500","58,400","57,200","57,614",-500,-0.86,4.01,231.22,0.05,2.90,4.06,234.12,"120,172.44"
293,30/06/2025,VNM,"57,800","58,100","58,000","58,700","57,900","58,214",200,0.35,4.49,261.28,0.00,0.00,4.49,261.28,"121,217.42"
294,27/06/2025,VNM,"56,400","56,800","57,800","58,600","56,300","57,558","1,400",2.48,8.90,512.40,0.00,0.00,8.90,512.40,"120,799.42"
295,26/06/2025,VNM,"56,800","56,800","56,400","57,000","56,300","56,521",-400,-0.70,3.12,176.29,0.00,0.00,3.12,176.29,"117,873.49"
296,25/06/2025,VNM,"56,400","56,500","56,800","57,800","56,400","57,172",400,0.71,6.27,358.38,0.00,0.00,6.27,358.38,"118,709.47"
297,24/06/2025,VNM,"55,900","56,200","56,400","56,500","56,100","56,313",500,0.89,2.80,157.89,0.00,0.00,2.80,157.89,"117,873.49"
298,23/06/2025,VNM,"56,600","56,000","55,900","56,400","55,800","55,980",-700,-1.24,3.02,169.24,0.50,26.41,3.52,195.65,"116,828.51"
299,20/06/2025,VNM,"56,100","56,300","56,600","56,700","55,900","56,308",500,0.89,4.66,263.05,0.00,0.00,4.66,263.05,"118,291.48"
300,19/06/2025,VNM,"56,000","56,000","56,100","56,400","55,700","55,959",100,0.18,2.63,147.13,0.00,0.00,2.63,147.13,"117,246.50"
301,18/06/2025,VNM,"56,200","56,300","56,000","56,800","56,000","56,355",-200,-0.36,4.10,230.73,0.00,0.00,4.10,230.73,"117,037.50"
302,17/06/2025,VNM,"56,300","56,400","56,200","56,700","56,100","56,305",-100,-0.18,3.41,191.82,0.00,0.00,3.41,191.82,"117,455.50"
303,16/06/2025,VNM,"55,500","55,400","56,300","56,600","55,400","56,101",800,1.44,4.73,265.58,0.00,0.00,4.73,265.58,"117,664.49"
304,13/06/2025,VNM,"55,900","55,500","55,500","55,700","55,200","55,361",-400,-0.72,3.55,196.51,0.00,0.00,3.55,196.51,"115,992.53"
305,12/06/2025,VNM,"55,200","55,600","55,900","56,200","55,500","55,971",700,1.27,3.28,183.58,0.00,0.00,3.28,183.58,"116,828.51"
306,11/06/2025,VNM,"55,300","55,300","55,200","55,600","55,100","55,252",-100,-0.18,1.72,95.08,0.00,0.00,1.72,95.08,"115,365.54"
307,10/06/2025,VNM,"55,300","55,500","55,300","56,100","55,100","55,578",0,0.00,3.00,166.60,0.00,0.00,3.00,166.60,"115,574.54"
308,09/06/2025,VNM,"55,300","55,400","55,300","56,300","55,300","55,725",0,0.00,3.04,169.07,0.00,0.00,3.04,169.07,"115,574.54"
309,06/06/2025,VNM,"56,300","56,400","55,300","56,400","55,100","55,673","-1,000",-1.78,4.12,229.51,0.00,0.00,4.12,229.51,"115,574.54"
310,05/06/2025,VNM,"56,900","57,000","56,300","57,100","56,300","56,606",-600,-1.05,2.79,158.15,0.02,1.21,2.81,159.36,"117,664.49"
311,04/06/2025,VNM,"55,500","55,800","56,900","57,800","55,500","57,097","1,400",2.52,8.42,477.66,0.00,0.00,8.42,477.66,"118,918.46"
312,03/06/2025,VNM,"54,600","54,700","55,500","56,000","54,700","55,537",900,1.65,4.31,239.37,0.00,0.00,4.31,239.37,"115,992.53"
313,02/06/2025,VNM,"54,900","54,900","54,600","55,200","54,500","54,740",-300,-0.55,2.64,144.76,0.00,0.00,2.64,144.76,"114,111.57"
314,30/05/2025,VNM,"55,100","55,400","54,900","55,400","54,800","55,032",-200,-0.36,3.27,180.17,0.00,0.00,3.27,180.17,"114,738.55"
315,29/05/2025,VNM,"55,200","55,500","55,100","55,500","55,100","55,184",-100,-0.18,2.18,120.45,0.75,41.39,2.93,161.84,"115,156.55"
316,28/05/2025,VNM,"55,400","55,700","55,200","55,700","55,100","55,315",-200,-0.36,3.90,215.92,0.00,0.00,3.90,215.92,"115,365.54"
317,27/05/2025,VNM,"55,700","55,900","55,400","56,000","55,300","55,587",-300,-0.54,3.68,204.70,0.00,0.00,3.68,204.70,"115,783.53"
318,26/05/2025,VNM,"55,300","55,400","55,700","55,800","55,000","55,396",400,0.72,2.73,151.22,0.00,0.00,2.73,151.22,"116,410.52"
319,23/05/2025,VNM,"55,000","55,200","55,300","55,500","55,100","55,264",300,0.55,1.67,92.12,3.70,204.50,5.37,296.62,"115,574.54"
320,22/05/2025,VNM,"55,400","55,400","55,000","55,600","55,000","55,237",-400,-0.72,2.67,147.19,0.29,15.84,2.95,163.04,"114,947.55"
321,21/05/2025,VNM,"55,900","56,000","55,400","56,000","55,400","55,693",-500,-0.89,4.46,248.68,1.22,68.46,5.69,317.14,"115,783.53"
322,20/05/2025,VNM,"56,000","56,100","55,900","56,300","55,800","55,983",-100,-0.18,3.22,180.53,2.00,111.93,5.22,292.46,"116,828.51"
323,19/05/2025,VNM,"56,200","56,200","56,000","57,000","56,000","56,353",-200,-0.36,2.80,157.45,0.17,9.81,2.96,167.25,"117,037.50"
324,16/05/2025,VNM,"56,800","56,800","56,200","56,800","56,200","56,486",-600,-1.06,3.20,180.70,0.00,0.00,3.20,180.70,"117,455.50"
325,15/05/2025,VNM,"56,200","56,200","56,800","57,000","56,200","56,419",600,1.07,4.09,231.04,0.47,26.86,4.56,257.89,"118,709.47"
326,14/05/2025,VNM,"56,500","57,000","56,200","57,000","56,100","56,330",-300,-0.53,5.03,283.60,0.00,0.00,5.03,283.60,"117,455.50"
327,13/05/2025,VNM,"58,600","58,900","58,500","59,000","58,300","58,599",-100,-0.17,4.35,255.07,0.37,21.95,4.72,277.02,"122,262.39"
328,12/05/2025,VNM,"57,700","58,000","58,600","58,700","58,000","58,333",900,1.56,5.86,341.99,0.47,27.12,6.33,369.12,"122,471.39"
329,09/05/2025,VNM,"57,400","57,700","57,700","58,600","57,700","58,045",300,0.52,3.83,222.39,0.00,0.00,3.83,222.39,"120,590.43"
330,08/05/2025,VNM,"57,200","57,200","57,400","57,800","57,200","57,514",200,0.35,3.26,187.57,0.11,5.96,3.37,193.53,"119,963.44"
331,07/05/2025,VNM,"56,900","56,900","57,200","57,700","56,900","57,162",300,0.53,2.91,166.13,0.00,0.00,2.91,166.13,"119,545.45"
332,06/05/2025,VNM,"56,900","57,000","56,900","57,400","56,900","57,061",0,0.00,2.50,142.80,0.05,2.85,2.55,145.65,"118,918.46"
333,05/05/2025,VNM,"57,600","57,500","56,900","57,600","56,900","57,154",-700,-1.22,4.24,242.39,0.00,0.00,4.24,242.39,"118,918.46"
334,29/04/2025,VNM,"57,500","57,500","57,600","57,900","57,200","57,661",100,0.17,2.56,147.38,2.38,138.68,4.94,286.06,"120,381.43"
335,28/04/2025,VNM,"58,300","58,300","57,500","58,300","57,500","57,736",-800,-1.37,2.66,153.85,0.00,0.00,2.66,153.85,"120,172.44"
336,25/04/2025,VNM,"56,300","56,500","58,300","58,300","56,500","57,636","2,000",3.55,8.12,467.99,0.40,23.24,8.52,491.22,"121,844.40"
337,24/04/2025,VNM,"56,400","56,500","56,300","56,800","56,200","56,450",-100,-0.18,1.96,110.44,0.15,8.16,2.11,118.59,"117,664.49"
338,23/04/2025,VNM,"56,000","56,800","56,400","57,300","56,400","56,817",400,0.71,3.59,203.75,0.00,0.00,3.59,203.75,"117,873.49"
339,22/04/2025,VNM,"56,700","56,600","56,000","56,600","53,900","55,268",-700,-1.23,6.96,384.39,0.25,14.32,7.21,398.70,"117,037.50"
340,21/04/2025,VNM,"56,600","56,800","56,700","57,100","56,500","56,753",100,0.18,3.02,171.48,0.00,0.00,3.02,171.48,"118,500.47"
341,18/04/2025,VNM,"56,000","56,700","56,600","57,300","56,600","56,971",600,1.07,3.04,173.03,0.10,5.99,3.14,179.02,"118,291.48"
342,17/04/2025,VNM,"56,000","55,500","56,000","56,600","54,800","55,558",0,0.00,7.22,401.07,0.00,0.00,7.22,401.07,"117,037.50"
343,16/04/2025,VNM,"56,300","56,400","56,000","57,200","56,000","56,704",-300,-0.53,3.74,211.82,0.00,0.00,3.74,211.82,"117,037.50"
344,15/04/2025,VNM,"56,900","56,700","56,300","57,500","56,300","56,755",-600,-1.05,4.16,236.30,0.00,0.00,4.16,236.30,"117,664.49"
345,14/04/2025,VNM,"57,500","57,900","56,900","57,900","56,500","56,955",-600,-1.04,5.48,312.10,0.20,11.38,5.68,323.48,"118,918.46"
346,11/04/2025,VNM,"55,600","55,600","57,500","58,400","55,600","57,107","1,900",3.42,9.16,523.35,0.00,0.00,9.16,523.35,"120,172.44"
347,10/04/2025,VNM,"52,000","55,600","55,600","55,600","55,600","55,600","3,600",6.92,1.51,84.20,0.40,22.24,1.91,106.44,"116,201.52"
348,09/04/2025,VNM,"54,500","51,400","52,000","55,200","51,400","53,115","-2,500",-4.59,9.88,524.92,0.05,2.92,9.93,527.83,"108,677.68"
349,08/04/2025,VNM,"58,500","56,700","54,500","56,900","54,500","55,014","-4,000",-6.84,13.32,733.01,0.46,25.05,13.78,758.06,"113,902.57"
350,04/04/2025,VNM,"56,500","54,000","58,500","58,800","53,800","56,910","2,000",3.54,9.78,556.38,0.05,2.88,9.83,559.26,"122,262.39"
351,03/04/2025,VNM,"60,500","59,500","56,500","59,600","56,300","57,191","-4,000",-6.61,16.94,968.71,0.00,0.00,16.94,968.71,"118,082.48"
352,02/04/2025,VNM,"60,800","60,700","60,500","61,400","60,500","60,834",-300,-0.49,4.68,284.97,0.00,0.00,4.68,284.97,"126,442.30"
353,01/04/2025,VNM,"60,600","61,200","60,800","61,200","60,300","60,655",200,0.33,3.13,189.81,0.00,0.00,3.13,189.81,"127,069.29"
354,31/03/2025,VNM,"60,300","60,800","60,600","61,600","60,600","60,911",300,0.50,5.30,322.92,0.58,35.29,5.88,358.21,"126,651.30"
355,28/03/2025,VNM,"61,100","61,000","60,300","61,100","60,200","60,530",-800,-1.31,5.43,328.68,0.13,7.85,5.56,336.53,"126,024.31"
356,27/03/2025,VNM,"61,200","61,200","61,100","61,500","61,100","61,195",-100,-0.16,2.23,136.50,0.08,5.15,2.31,141.65,"127,696.28"
357,26/03/2025,VNM,"61,400","61,500","61,200","61,900","61,200","61,417",-200,-0.33,1.85,113.38,0.00,0.00,1.85,113.38,"127,905.27"
358,25/03/2025,VNM,"61,400","61,700","61,400","61,700","61,200","61,394",0,0.00,2.32,142.62,0.18,11.31,2.51,153.93,"128,323.26"
359,24/03/2025,VNM,"61,300","61,400","61,400","62,000","61,100","61,408",100,0.16,2.49,152.84,0.05,3.16,2.54,156.00,"128,323.26"
360,21/03/2025,VNM,"61,800","61,800","61,300","61,800","61,200","61,403",-500,-0.81,3.33,204.22,0.53,32.52,3.86,236.74,"128,114.27"
361,20/03/2025,VNM,"62,300","62,200","61,800","62,200","61,300","61,773",-500,-0.80,3.89,240.19,0.05,3.16,3.94,243.35,"129,159.25"
362,19/03/2025,VNM,"62,500","62,700","62,300","62,800","61,900","62,225",-200,-0.32,3.04,189.06,0.12,7.07,3.15,196.14,"130,204.22"
363,18/03/2025,VNM,"63,000","63,100","62,500","63,100","62,500","62,740",-500,-0.79,3.28,205.91,0.00,0.00,3.28,205.91,"130,622.22"
364,17/03/2025,VNM,"62,100","62,400","63,000","63,400","62,400","62,886",900,1.45,4.06,255.45,0.12,7.07,4.18,262.52,"131,667.19"
365,14/03/2025,VNM,"62,000","62,400","62,100","62,700","62,100","62,374",100,0.16,2.70,168.20,0.00,0.00,2.70,168.20,"129,786.23"
366,13/03/2025,VNM,"62,200","62,300","62,000","62,900","61,900","62,309",-200,-0.32,5.10,317.80,0.00,0.00,5.10,317.80,"129,577.24"
367,12/03/2025,VNM,"62,400","62,500","62,200","62,800","62,200","62,426",-200,-0.32,2.76,172.01,0.00,0.00,2.76,172.01,"129,995.23"
368,11/03/2025,VNM,"62,500","62,300","62,400","62,500","62,100","62,301",-100,-0.16,2.29,142.52,0.00,0.00,2.29,142.52,"130,413.22"
369,10/03/2025,VNM,"62,700","63,000","62,500","63,000","62,500","62,743",-200,-0.32,2.53,158.71,0.05,3.18,2.58,161.88,"130,622.22"
370,07/03/2025,VNM,"62,900","62,900","62,700","63,000","62,400","62,608",-200,-0.32,2.66,166.26,0.00,0.00,2.66,166.26,"131,040.21"
371,06/03/2025,VNM,"62,700","62,700","62,900","62,900","62,200","62,452",200,0.32,3.13,195.20,0.05,3.18,3.18,198.37,"131,458.20"
372,05/03/2025,VNM,"63,500","63,600","62,700","63,600","62,700","63,077",-800,-1.26,2.28,143.53,0.00,0.00,2.28,143.53,"131,040.21"
373,04/03/2025,VNM,"63,200","63,200","63,500","63,800","62,900","63,396",300,0.47,6.04,383.04,0.20,12.68,6.24,395.72,"132,712.17"
374,03/03/2025,VNM,"62,200","62,800","63,200","63,200","62,300","62,798","1,000",1.61,3.61,226.74,0.05,3.10,3.66,229.84,"132,085.18"
375,28/02/2025,VNM,"62,200","62,300","62,200","63,200","62,200","62,727",0,0.00,4.18,261.92,1.29,80.83,5.47,342.75,"129,995.23"
376,27/02/2025,VNM,"63,100","63,200","62,200","63,200","62,200","62,446",-900,-1.43,3.52,219.85,0.05,3.20,3.57,223.05,"129,995.23"
377,26/02/2025,VNM,"62,900","63,000","63,100","63,400","62,900","63,056",200,0.32,3.64,229.31,0.15,9.21,3.78,238.51,"131,876.19"
378,25/02/2025,VNM,"63,800","64,000","62,900","64,000","62,600","63,080",-900,-1.41,3.88,245.01,0.05,3.20,3.93,248.21,"131,458.20"
379,24/02/2025,VNM,"61,400","61,600","63,800","63,900","61,600","62,827","2,400",3.91,11.51,723.32,0.00,0.00,11.51,723.32,"133,339.16"
380,21/02/2025,VNM,"60,700","60,800","61,400","62,100","60,600","61,363",700,1.15,4.72,289.46,0.02,1.22,4.74,290.68,"128,323.26"
381,20/02/2025,VNM,"60,800","60,900","60,700","60,900","60,600","60,766",-100,-0.16,2.63,159.69,1.85,112.20,4.47,271.88,"126,860.30"
382,19/02/2025,VNM,"60,300","60,300","60,800","60,900","60,300","60,654",500,0.83,3.07,186.37,0.00,0.00,3.07,186.37,"127,069.29"
383,18/02/2025,VNM,"60,000","60,400","60,300","60,500","60,000","60,287",300,0.50,2.44,146.91,0.06,3.73,2.50,150.63,"126,024.31"
384,17/02/2025,VNM,"60,300","60,400","60,000","60,600","60,000","60,174",-300,-0.50,3.61,217.37,0.02,1.21,3.63,218.58,"125,397.33"
385,14/02/2025,VNM,"60,700","60,700","60,300","60,700","60,300","60,495",-400,-0.66,6.40,387.27,0.09,5.26,6.49,392.54,"126,024.31"
386,13/02/2025,VNM,"61,000","61,000","60,700","61,000","60,400","60,570",-300,-0.49,2.58,156.08,0.05,2.91,2.62,158.98,"126,860.30"
387,12/02/2025,VNM,"60,400","60,600","61,000","61,000","60,500","60,745",600,0.99,2.76,167.45,0.80,48.51,3.56,215.96,"127,487.28"
388,11/02/2025,VNM,"60,600","60,600","60,400","60,700","60,100","60,299",-200,-0.33,3.43,207.05,0.23,14.43,3.67,221.49,"126,233.31"
389,10/02/2025,VNM,"60,800","61,200","60,600","61,200","60,600","60,692",-200,-0.33,2.59,157.32,0.00,0.00,2.59,157.32,"126,651.30"
390,07/02/2025,VNM,"60,700","60,700","60,800","61,200","60,600","60,860",100,0.16,2.55,155.33,0.46,28.30,3.01,183.63,"127,069.29"
391,06/02/2025,VNM,"61,500","61,500","60,700","61,600","60,500","60,874",-800,-1.30,3.02,184.13,0.20,12.17,3.22,196.31,"126,860.30"
392,05/02/2025,VNM,"60,200","60,400","61,500","61,500","60,400","61,044","1,300",2.16,3.20,195.22,0.61,37.64,3.81,232.86,"128,532.26"
393,04/02/2025,VNM,"60,500","60,600","60,200","60,900","60,000","60,264",-300,-0.50,7.13,429.38,0.86,51.69,7.98,481.08,"125,815.32"
394,03/02/2025,VNM,"62,200","62,200","60,500","62,200","60,500","60,849","-1,700",-2.73,7.28,442.97,0.35,21.53,7.63,464.51,"126,442.30"
395,24/01/2025,VNM,"62,000","61,900","62,200","62,500","61,800","62,222",200,0.32,1.58,98.09,0.08,5.13,1.66,103.22,"129,995.23"
396,23/01/2025,VNM,"61,600","61,600","62,000","62,300","61,600","62,007",400,0.65,1.78,110.45,0.08,4.92,1.86,115.37,"129,577.24"
397,22/01/2025,VNM,"61,800","62,000","61,600","62,000","61,600","61,840",-200,-0.32,1.76,108.89,0.00,0.00,1.76,108.89,"128,741.26"
398,21/01/2025,VNM,"61,900","62,000","61,800","62,100","61,600","61,845",-100,-0.16,1.40,86.82,0.57,35.50,1.98,122.33,"129,159.25"
399,20/01/2025,VNM,"62,000","62,000","61,900","62,200","61,600","61,866",-100,-0.16,1.63,101.06,0.00,0.00,1.63,101.06,"129,368.24"
400,17/01/2025,VNM,"61,900","62,200","62,000","62,200","62,000","62,085",100,0.16,0.89,55.22,1.41,87.70,2.30,142.92,"129,577.24"
401,16/01/2025,VNM,"61,700","62,300","61,900","62,600","61,700","62,129",200,0.32,1.68,104.66,0.00,0.00,1.68,104.66,"129,368.24"
402,15/01/2025,VNM,"61,600","62,100","61,700","62,300","61,700","61,980",100,0.16,1.22,75.39,0.00,0.00,1.22,75.39,"128,950.25"
403,14/01/2025,VNM,"61,400","61,400","61,600","61,800","61,300","61,480",200,0.33,1.15,70.56,0.09,5.38,1.24,75.93,"128,741.26"
404,13/01/2025,VNM,"61,300","61,200","61,400","61,900","61,100","61,520",100,0.16,1.10,67.78,0.50,31.75,1.60,99.53,"128,323.26"
405,10/01/2025,VNM,"61,800","61,700","61,300","61,900","61,300","61,598",-500,-0.81,1.19,73.29,0.53,33.80,1.72,107.09,"128,114.27"
406,09/01/2025,VNM,"61,700","61,800","61,800","61,900","61,300","61,561",100,0.16,1.50,92.34,0.00,0.00,1.50,92.34,"129,159.25"
407,08/01/2025,VNM,"61,700","62,000","61,700","62,100","61,200","61,642",0,0.00,2.05,126.57,0.03,2.05,2.08,128.62,"128,950.25"
408,07/01/2025,VNM,"62,500","62,600","61,700","63,000","61,600","62,174",-800,-1.28,2.80,174.22,0.00,0.00,2.80,174.22,"128,950.25"
409,06/01/2025,VNM,"63,000","63,000","62,500","63,200","62,500","62,801",-500,-0.79,2.10,132.10,0.00,0.00,2.10,132.10,"130,622.22"
410,03/01/2025,VNM,"63,100","63,200","63,000","63,300","62,900","63,049",-100,-0.16,1.78,112.02,0.08,5.05,1.86,117.07,"131,667.19"
411,02/01/2025,VNM,"63,400","63,600","63,100","63,800","63,100","63,269",-300,-0.47,1.34,84.57,1.00,59.40,2.34,143.97,"131,876.19"
412,31/12/2024,VNM,"63,300","63,400","63,400","63,800","63,300","63,553",100,0.16,1.64,104.35,1.71,108.54,3.35,212.89,"132,503.18"
413,30/12/2024,VNM,"63,800","63,600","63,300","63,700","63,300","63,471",-500,-0.78,1.49,94.62,0.00,0.00,1.49,94.62,"132,294.18"
414,27/12/2024,VNM,"63,800","63,900","63,800","64,100","63,700","63,959",0,0.00,2.44,156.30,0.38,24.01,2.82,180.31,"133,339.16"
415,26/12/2024,VNM,"63,900","64,200","63,800","64,200","63,800","63,938",-100,-0.16,1.71,109.26,2.03,125.63,3.74,234.89,"133,339.16"
416,25/12/2024,VNM,"64,300","64,400","64,400","64,900","64,400","64,640",100,0.16,1.30,84.19,0.08,5.14,1.38,89.34,"134,593.13"
417,24/12/2024,VNM,"64,400","64,400","64,300","64,700","64,100","64,288",-100,-0.16,1.29,82.74,3.44,219.71,4.72,302.45,"134,384.14"
418,23/12/2024,VNM,"65,000","64,700","64,400","65,000","64,300","64,581",-600,-0.92,1.35,87.04,0.02,1.30,1.37,88.34,"134,593.13"
419,20/12/2024,VNM,"63,900","64,000","65,000","65,000","64,000","64,836","1,100",1.72,3.80,246.35,0.00,0.00,3.80,246.35,"135,847.10"
420,19/12/2024,VNM,"64,700","64,400","63,900","64,500","63,900","64,147",-800,-1.24,2.63,168.51,0.02,1.29,2.65,169.80,"133,548.15"
421,18/12/2024,VNM,"64,600","65,000","64,700","65,100","64,700","64,921",100,0.15,1.61,104.79,0.00,0.00,1.61,104.79,"135,220.12"
422,17/12/2024,VNM,"65,000","64,900","64,600","65,000","64,500","64,667",-400,-0.62,1.20,77.86,0.00,0.00,1.20,77.86,"135,011.12"
423,16/12/2024,VNM,"64,200","64,200","65,000","65,200","64,200","64,612",800,1.25,2.39,154.27,0.00,0.00,2.39,154.27,"135,847.10"
424,13/12/2024,VNM,"64,600","64,300","64,200","64,500","64,100","64,280",-400,-0.62,1.40,89.78,0.00,0.00,1.40,89.78,"134,175.14"
425,12/12/2024,VNM,"64,200","64,200","64,600","64,900","64,200","64,644",400,0.62,2.25,145.44,0.00,0.00,2.25,145.44,"135,011.12"
426,11/12/2024,VNM,"63,900","63,900","64,200","64,600","63,900","64,328",300,0.47,2.02,130.24,0.00,0.00,2.02,130.24,"134,175.14"
427,10/12/2024,VNM,"64,100","64,100","63,900","64,400","63,900","64,018",-200,-0.31,1.71,109.54,0.00,0.00,1.71,109.54,"133,548.15"
428,09/12/2024,VNM,"64,100","64,500","64,100","64,500","64,000","64,198",0,0.00,1.76,113.16,0.00,0.00,1.76,113.16,"133,966.14"
429,06/12/2024,VNM,"64,300","64,500","64,100","64,800","64,100","64,370",-200,-0.31,1.68,108.01,0.00,0.00,1.68,108.01,"133,966.14"
430,05/12/2024,VNM,"63,300","63,500","64,300","64,700","63,200","63,930","1,000",1.58,2.22,141.82,0.00,0.00,2.22,141.82,"134,384.14"
431,04/12/2024,VNM,"63,900","63,800","63,300","63,900","63,300","63,468",-600,-0.94,2.75,174.27,0.00,0.00,2.75,174.27,"132,294.18"
432,03/12/2024,VNM,"64,500","64,600","63,900","64,600","63,900","64,034",-600,-0.93,2.43,155.30,0.00,0.00,2.43,155.30,"133,548.15"
433,02/12/2024,VNM,"64,600","64,600","64,500","64,800","64,200","64,472",-100,-0.15,1.23,79.24,0.00,0.00,1.23,79.24,"134,802.13"
434,29/11/2024,VNM,"64,500","64,500","64,600","64,800","64,300","64,547",100,0.16,1.11,71.36,0.00,0.00,1.11,71.36,"135,011.12"
435,28/11/2024,VNM,"64,600","65,000","64,500","65,000","64,500","64,703",-100,-0.15,1.27,82.39,0.00,0.00,1.27,82.39,"134,802.13"
436,27/11/2024,VNM,"64,800","64,800","64,600","65,000","64,500","64,691",-200,-0.31,1.59,102.63,0.00,0.00,1.59,102.63,"135,011.12"
437,26/11/2024,VNM,"64,300","64,500","64,800","65,000","64,400","64,836",500,0.78,1.68,108.64,0.00,0.00,1.68,108.64,"135,429.11"
438,25/11/2024,VNM,"64,300","64,300","64,300","64,600","64,200","64,306",0,0.00,2.45,157.33,0.00,0.00,2.45,157.33,"134,384.14"
439,22/11/2024,VNM,"63,900","63,900","64,300","64,800","63,900","64,520",400,0.63,2.18,140.44,0.41,25.11,2.59,165.55,"134,384.14"
440,21/11/2024,VNM,"63,600","63,700","63,900","64,100","63,400","63,817",300,0.47,2.25,143.81,0.00,0.00,2.25,143.81,"133,548.15"
441,20/11/2024,VNM,"63,000","63,000","63,600","63,800","62,900","63,410",600,0.95,2.82,178.69,0.00,0.00,2.82,178.69,"132,921.17"
442,19/11/2024,VNM,"63,200","63,300","63,000","63,500","63,000","63,226",-200,-0.32,2.73,172.84,0.10,6.33,2.83,179.16,"131,667.19"
443,18/11/2024,VNM,"63,700","63,700","63,200","64,200","63,200","63,650",-500,-0.78,3.75,238.50,0.05,3.41,3.80,241.90,"132,085.18"
444,15/11/2024,VNM,"65,000","64,900","63,700","64,900","63,700","64,194","-1,300",-2.00,3.69,236.77,0.00,0.00,3.69,236.77,"133,130.16"
445,14/11/2024,VNM,"65,000","65,000","65,000","65,000","64,700","64,845",0,0.00,1.78,115.42,0.00,0.00,1.78,115.42,"135,847.10"
446,13/11/2024,VNM,"64,900","65,100","65,000","65,600","64,700","65,024",100,0.15,2.77,180.16,0.05,3.30,2.82,183.46,"135,847.10"
447,12/11/2024,VNM,"65,200","65,200","64,900","65,700","64,800","65,130",-300,-0.46,1.73,112.65,0.00,0.00,1.73,112.65,"135,638.11"
448,11/11/2024,VNM,"65,700","65,700","65,200","65,800","64,700","65,102",-500,-0.76,2.74,178.22,0.00,0.00,2.74,178.22,"136,265.10"
449,08/11/2024,VNM,"65,900","66,000","65,700","66,200","65,600","65,932",-200,-0.30,1.59,104.99,0.26,17.14,1.85,122.13,"137,310.07"
450,07/11/2024,VNM,"65,800","66,000","65,900","66,200","65,600","65,846",100,0.15,1.15,75.87,0.00,0.00,1.15,75.87,"137,728.06"
451,06/11/2024,VNM,"65,500","66,000","65,800","66,000","65,300","65,516",300,0.46,2.59,169.99,0.00,0.00,2.59,169.99,"137,519.07"
452,05/11/2024,VNM,"65,600","65,700","65,500","66,000","65,500","65,630",-100,-0.15,1.06,69.63,0.00,0.00,1.06,69.63,"136,892.08"
453,04/11/2024,VNM,"65,800","65,900","65,600","66,600","65,600","66,060",-200,-0.30,2.12,139.97,0.00,0.00,2.12,139.97,"137,101.08"
454,01/11/2024,VNM,"66,100","66,100","65,800","66,300","65,600","65,973",-300,-0.45,2.18,143.69,0.00,0.00,2.18,143.69,"137,519.07"
455,31/10/2024,VNM,"66,300","66,600","66,100","66,600","65,300","65,791",-200,-0.30,5.17,340.19,0.08,5.16,5.25,345.35,"138,146.05"
456,30/10/2024,VNM,"67,000","67,000","66,300","67,300","66,300","66,635",-700,-1.04,3.43,228.67,0.00,0.00,3.43,228.67,"138,564.05"
457,29/10/2024,VNM,"67,200","67,300","67,000","67,300","66,800","67,030",-200,-0.30,2.03,136.11,0.00,0.00,2.03,136.11,"140,027.01"
458,28/10/2024,VNM,"68,000","67,700","67,200","68,000","66,700","67,207",-800,-1.18,2.92,196.47,0.00,0.00,2.92,196.47,"140,445.01"
459,25/10/2024,VNM,"68,400","68,600","68,000","68,600","67,900","68,179",-400,-0.58,2.17,147.96,0.00,0.00,2.17,147.96,"142,116.97"
460,24/10/2024,VNM,"67,300","67,300","68,400","69,000","67,300","68,471","1,100",1.63,4.37,298.88,0.00,0.00,4.37,298.88,"142,952.95"
461,23/10/2024,VNM,"67,300","67,300","67,300","67,600","67,200","67,387",0,0.00,1.64,110.24,0.20,13.48,1.84,123.71,"140,654.00"
462,22/10/2024,VNM,"67,300","67,300","67,300","67,800","67,200","67,441",0,0.00,2.25,151.77,0.00,0.00,2.25,151.77,"140,654.00"
463,21/10/2024,VNM,"67,400","67,400","67,300","67,900","67,200","67,500",-100,-0.15,1.86,125.55,0.00,0.00,1.86,125.55,"140,654.00"
464,18/10/2024,VNM,"67,600","67,600","67,400","68,000","67,400","67,652",-200,-0.30,1.60,108.07,0.14,9.46,1.74,117.53,"140,863.00"
465,17/10/2024,VNM,"67,500","67,600","67,600","67,900","67,300","67,528",100,0.15,1.66,111.76,0.00,0.00,1.66,111.76,"141,280.99"
466,16/10/2024,VNM,"66,800","66,800","67,500","68,100","66,800","67,566",700,1.05,2.00,135.40,0.00,0.00,2.00,135.40,"141,071.99"
467,15/10/2024,VNM,"67,200","67,200","66,800","67,400","66,700","67,031",-400,-0.60,3.07,206.01,0.40,26.79,3.47,232.80,"139,609.02"
468,14/10/2024,VNM,"67,700","68,100","67,200","68,100","67,100","67,553",-500,-0.74,2.82,190.53,0.40,27.02,3.22,217.55,"140,445.01"
469,11/10/2024,VNM,"67,700","68,100","67,700","68,200","67,500","67,750",0,0.00,2.37,160.57,0.32,21.68,2.69,182.25,"141,489.98"
470,10/10/2024,VNM,"67,800","68,300","67,700","68,800","67,700","68,261",-100,-0.15,2.62,179.02,0.50,34.12,3.12,213.14,"141,489.98"
471,09/10/2024,VNM,"68,200","68,300","67,800","68,600","67,800","68,030",-400,-0.59,3.53,240.00,0.30,20.40,3.83,260.40,"141,698.98"
472,08/10/2024,VNM,"67,100","67,200","68,200","68,200","67,200","67,741","1,100",1.64,2.89,195.61,0.30,19.99,3.18,215.60,"142,534.96"
473,07/10/2024,VNM,"68,500","68,700","67,100","69,300","67,100","67,735","-1,400",-2.04,5.99,405.48,0.40,26.70,6.38,432.18,"140,236.01"
474,04/10/2024,VNM,"70,300","70,500","68,500","70,500","68,400","69,187","-1,800",-2.56,6.13,424.39,0.62,43.19,6.75,467.58,"143,161.95"
475,03/10/2024,VNM,"70,100","70,200","70,300","70,500","69,900","70,236",200,0.29,2.95,207.06,0.00,0.00,2.95,207.06,"146,923.87"
476,02/10/2024,VNM,"70,100","70,200","70,100","70,200","69,600","69,910",0,0.00,2.14,149.60,1.14,79.46,3.28,229.06,"146,505.88"
477,01/10/2024,VNM,"70,100","70,200","70,100","70,700","70,100","70,319",0,0.00,2.04,143.47,0.00,0.00,2.04,143.47,"146,505.88"
478,30/09/2024,VNM,"71,000","71,000","70,100","71,000","70,100","70,403",-900,-1.27,2.04,143.87,0.00,0.00,2.04,143.87,"146,505.88"
479,27/09/2024,VNM,"70,700","70,800","71,000","71,200","70,700","70,973",300,0.42,2.97,210.70,0.20,14.19,3.17,224.89,"148,386.84"
480,26/09/2024,VNM,"69,600","69,600","70,700","71,100","69,600","70,617","1,100",1.58,3.98,281.35,0.35,24.71,4.33,306.06,"147,759.85"
481,25/09/2024,VNM,"70,300","70,300","69,600","70,400","69,600","69,804",-700,-1.00,4.52,315.55,0.33,22.85,4.85,338.39,"145,460.90"
482,24/09/2024,VNM,"70,500","71,000","70,300","71,000","70,100","70,439",-200,-0.28,2.08,146.27,0.12,9.02,2.20,155.28,"146,923.87"
483,23/09/2024,VNM,"72,700","73,100","72,900","73,200","72,600","72,823",200,0.28,2.93,213.39,0.07,4.88,3.00,218.27,"152,357.75"
484,20/09/2024,VNM,"73,300","73,500","72,700","74,000","72,700","73,037",-600,-0.82,5.23,382.16,1.32,91.22,6.56,473.37,"151,939.76"
485,19/09/2024,VNM,"73,300","73,300","73,300","73,500","73,000","73,238",0,0.00,1.57,115.18,0.00,0.00,1.57,115.18,"153,193.73"
486,18/09/2024,VNM,"73,400","73,600","73,300","73,900","73,000","73,431",-100,-0.14,2.85,208.93,0.00,0.00,2.85,208.94,"153,193.73"
487,17/09/2024,VNM,"71,900","72,000","73,400","73,400","71,700","72,246","1,500",2.09,2.39,172.69,0.14,9.90,2.53,182.59,"153,402.73"
488,16/09/2024,VNM,"72,900","73,000","71,900","73,000","71,900","72,287","-1,000",-1.37,4.03,291.66,0.00,0.00,4.03,291.66,"150,267.80"
489,13/09/2024,VNM,"74,700","74,800","72,900","74,800","72,900","73,535","-1,800",-2.41,5.35,393.20,0.00,0.00,5.35,393.20,"152,357.75"
490,12/09/2024,VNM,"74,600","75,000","74,700","75,200","74,400","74,752",100,0.13,2.05,153.40,0.00,0.00,2.05,153.40,"156,119.67"
491,11/09/2024,VNM,"74,900","74,800","74,600","75,100","73,900","74,438",-300,-0.40,3.17,235.61,0.00,0.00,3.17,235.61,"155,910.68"
492,10/09/2024,VNM,"74,800","74,800","74,900","75,500","74,300","74,951",100,0.13,3.33,249.77,0.00,0.00,3.33,249.77,"156,537.66"
493,09/09/2024,VNM,"75,400","75,100","74,800","75,100","74,200","74,578",-600,-0.80,2.64,196.80,0.00,0.00,2.64,196.80,"156,328.67"
494,06/09/2024,VNM,"74,700","74,900","75,400","75,500","74,800","75,121",700,0.94,3.64,273.58,0.00,0.00,3.64,273.58,"157,582.64"
495,05/09/2024,VNM,"74,300","74,300","74,700","75,400","74,100","74,998",400,0.54,5.86,439.30,0.00,0.00,5.86,439.30,"156,119.67"
496,04/09/2024,VNM,"73,900","73,300","74,300","74,500","73,100","73,981",400,0.54,2.84,210.04,0.00,0.00,2.84,210.04,"155,283.69"
497,30/08/2024,VNM,"73,500","73,600","73,900","74,800","73,400","74,195",400,0.54,3.68,272.73,0.00,0.00,3.68,272.73,"154,447.71"
498,29/08/2024,VNM,"73,900","73,700","73,500","74,000","73,400","73,627",-400,-0.54,2.04,150.41,0.00,0.01,2.04,150.42,"153,611.73"
499,28/08/2024,VNM,"73,500","73,600","73,900","74,000","73,200","73,601",400,0.54,3.35,246.77,0.00,0.00,3.35,246.77,"154,447.71"
500,27/08/2024,VNM,"73,400","73,400","73,500","73,800","72,600","73,205",100,0.14,4.27,312.28,0.00,0.00,4.27,312.28,"153,611.73"
501,26/08/2024,VNM,"74,900","74,900","73,400","75,000","73,300","73,765","-1,500",-2.00,6.32,466.55,0.00,0.00,6.32,466.55,"153,402.73"
502,23/08/2024,VNM,"74,200","74,900","74,900","75,600","74,400","74,845",700,0.94,3.31,247.56,0.00,0.00,3.31,247.56,"156,537.66"
503,22/08/2024,VNM,"75,300","76,000","74,200","76,000","73,600","74,513","-1,100",-1.46,6.03,449.01,0.00,0.00,6.03,449.01,"155,074.69"
504,21/08/2024,VNM,"75,600","75,200","75,300","76,100","75,100","75,456",-300,-0.40,3.99,301.15,0.00,0.00,3.99,301.15,"157,373.65"
505,20/08/2024,VNM,"76,000","76,000","75,600","76,200","75,300","75,622",-400,-0.53,4.18,315.90,0.00,0.00,4.18,315.90,"158,000.63"
506,19/08/2024,VNM,"73,800","74,000","76,000","76,000","73,800","75,394","2,200",2.98,7.92,596.97,0.00,0.00,7.92,596.97,"158,836.61"
507,16/08/2024,VNM,"73,800","74,000","73,800","74,100","73,200","73,733",0,0.00,7.39,545.10,0.00,0.00,7.39,545.10,"154,238.71"
508,15/08/2024,VNM,"74,000","74,000","73,800","74,600","73,700","74,058",-200,-0.27,4.26,315.17,0.00,0.00,4.26,315.18,"154,238.71"
509,14/08/2024,VNM,"73,800","74,000","74,000","74,100","73,300","73,780",200,0.27,5.46,402.56,0.00,0.00,5.46,402.56,"154,656.70"
510,13/08/2024,VNM,"73,000","72,800","73,800","74,400","72,700","73,752",800,1.10,6.73,496.67,0.10,7.38,6.83,504.05,"154,238.71"
511,12/08/2024,VNM,"73,300","73,300","73,000","74,400","72,800","73,414",-300,-0.41,5.80,426.10,0.00,0.00,5.80,426.10,"152,566.75"
512,09/08/2024,VNM,"72,700","72,800","73,300","73,400","72,500","72,930",600,0.83,4.53,330.19,0.00,0.00,4.53,330.19,"153,193.73"
513,08/08/2024,VNM,"73,800","73,900","72,700","74,400","72,200","73,186","-1,100",-1.49,5.81,425.29,1.80,123.66,7.61,548.95,"151,939.76"
514,07/08/2024,VNM,"72,700","73,200","73,800","73,800","72,400","73,136","1,100",1.51,10.70,782.61,0.04,2.85,10.74,785.46,"154,238.71"
515,06/08/2024,VNM,"69,400","70,300","72,700","73,300","70,000","71,925","3,300",4.76,13.50,970.71,0.45,30.36,13.95,"1,001.07","151,939.76"
516,05/08/2024,VNM,"71,500","71,000","69,400","71,200","68,500","69,969","-2,100",-2.94,12.16,850.51,0.09,6.40,12.25,856.90,"145,042.91"
517,02/08/2024,VNM,"70,300","70,000","71,500","71,900","70,000","71,112","1,200",1.71,10.29,731.75,0.00,0.00,10.29,731.75,"149,431.81"
518,01/08/2024,VNM,"71,600","71,800","70,300","71,900","70,100","71,161","-1,300",-1.82,8.87,630.90,0.09,6.44,8.96,637.33,"146,923.87"
519,31/07/2024,VNM,"67,700","68,500","71,600","72,000","68,500","70,487","3,900",5.76,21.14,"1,490.45",0.42,29.99,21.56,"1,520.44","149,640.81"
520,30/07/2024,VNM,"67,200","67,300","67,700","68,400","66,900","67,833",500,0.74,6.38,432.47,0.09,5.85,6.47,438.32,"141,489.98"
521,29/07/2024,VNM,"65,800","66,200","67,200","67,600","65,900","67,174","1,400",2.13,5.78,388.38,0.00,0.00,5.78,388.38,"140,445.01"
522,26/07/2024,VNM,"65,600","65,400","65,800","66,200","65,400","65,884",200,0.30,2.98,196.03,0.30,19.79,3.28,215.82,"137,519.07"
523,25/07/2024,VNM,"65,600","65,600","65,600","65,700","65,300","65,450",0,0.00,1.96,128.13,0.00,0.00,1.96,128.13,"137,101.08"
524,24/07/2024,VNM,"65,900","65,800","65,600","66,100","65,600","65,821",-300,-0.46,3.61,237.85,0.30,19.75,3.91,257.59,"137,101.08"
525,23/07/2024,VNM,"65,400","65,600","65,900","66,300","65,500","65,961",500,0.76,3.78,249.19,0.00,0.00,3.78,249.19,"137,728.06"
526,22/07/2024,VNM,"65,300","65,300","65,400","66,000","65,200","65,599",100,0.15,2.65,174.15,0.00,0.00,2.65,174.15,"136,683.09"
527,19/07/2024,VNM,"65,900","65,900","65,300","65,900","65,100","65,394",-600,-0.91,3.39,221.86,0.02,1.33,3.41,223.20,"136,474.09"
528,18/07/2024,VNM,"65,700","66,000","65,900","66,000","65,500","65,720",200,0.30,2.28,150.04,0.08,5.33,2.36,155.37,"137,728.06"
529,17/07/2024,VNM,"66,100","66,200","65,700","66,500","65,600","65,995",-400,-0.61,3.46,228.66,0.00,0.00,3.46,228.66,"137,310.07"
530,16/07/2024,VNM,"66,200","66,400","66,100","66,700","66,100","66,366",-100,-0.15,2.24,148.91,0.00,0.00,2.24,148.91,"138,146.05"
531,15/07/2024,VNM,"66,300","66,300","66,200","66,900","66,200","66,434",-100,-0.15,2.16,143.19,0.00,0.00,2.16,143.19,"138,355.05"
532,12/07/2024,VNM,"66,300","66,400","66,300","66,600","66,100","66,296",0,0.00,2.08,137.89,0.11,7.40,2.19,145.29,"138,564.05"
533,11/07/2024,VNM,"66,800","66,900","66,300","67,000","66,300","66,584",-500,-0.75,3.79,252.16,0.00,0.00,3.79,252.16,"138,564.05"
534,10/07/2024,VNM,"67,500","67,500","66,800","67,800","66,800","67,138",-700,-1.04,3.88,260.61,0.11,7.45,3.99,268.06,"139,609.02"
535,09/07/2024,VNM,"67,600","67,600","67,500","67,800","67,200","67,531",-100,-0.15,5.05,340.71,0.00,0.00,5.05,340.71,"141,071.99"
536,08/07/2024,VNM,"67,200","67,300","67,600","67,700","67,000","67,483",400,0.60,4.94,333.53,0.00,0.00,4.94,333.53,"141,280.99"
537,05/07/2024,VNM,"66,400","66,400","67,200","67,500","66,400","67,020",800,1.20,4.18,280.15,0.11,6.93,4.29,287.08,"140,445.01"
538,04/07/2024,VNM,"66,200","66,300","66,400","66,900","66,300","66,548",200,0.30,2.69,178.94,0.00,0.00,2.69,178.94,"138,773.04"
539,03/07/2024,VNM,"66,200","66,200","66,200","66,300","66,000","66,180",0,0.00,1.33,88.19,0.11,6.93,1.44,95.12,"138,355.05"
540,02/07/2024,VNM,"66,000","66,000","66,200","66,300","65,800","66,040",200,0.30,2.04,134.91,0.00,0.00,2.04,134.91,"138,355.05"
541,01/07/2024,VNM,"65,500","65,800","66,000","66,000","65,300","65,578",500,0.76,1.91,125.21,0.00,0.00,1.91,125.21,"137,937.06"
542,28/06/2024,VNM,"65,300","65,500","65,500","66,000","65,300","65,650",200,0.31,2.73,179.34,0.09,5.90,2.82,185.24,"136,892.08"
543,27/06/2024,VNM,"65,200","65,200","65,300","65,600","65,100","65,325",100,0.15,2.71,176.93,0.05,3.20,2.76,180.12,"136,474.09"
544,26/06/2024,VNM,"65,500","65,800","65,200","65,800","65,100","65,386",-300,-0.46,2.49,162.49,0.11,7.54,2.60,170.03,"136,265.10"
545,25/06/2024,VNM,"65,500","65,800","65,500","66,200","65,500","65,819",0,0.00,2.43,160.18,1.25,86.91,3.68,247.09,"136,892.08"
546,24/06/2024,VNM,"66,000","66,100","65,500","66,600","65,300","65,904",-500,-0.76,3.85,253.58,0.02,1.49,3.87,255.06,"136,892.08"
547,21/06/2024,VNM,"66,000","66,500","66,000","67,100","66,000","66,385",0,0.00,3.97,263.39,0.06,3.70,4.02,267.09,"137,937.06"
548,20/06/2024,VNM,"65,300","65,400","66,000","66,800","65,200","66,079",700,1.07,4.40,290.55,0.00,0.00,4.40,290.55,"137,937.06"
549,19/06/2024,VNM,"65,900","66,000","65,300","66,000","65,100","65,461",-600,-0.91,6.16,402.92,0.06,3.70,6.21,406.61,"136,474.09"
550,18/06/2024,VNM,"66,000","66,500","65,900","66,500","65,900","66,046",-100,-0.15,2.75,181.74,0.00,0.00,2.75,181.74,"137,728.06"
551,17/06/2024,VNM,"66,200","66,300","66,000","66,600","66,000","66,155",-200,-0.30,3.62,239.32,0.00,0.00,3.62,239.32,"137,937.06"
552,14/06/2024,VNM,"66,900","67,000","66,200","67,300","66,200","66,798",-700,-1.05,4.12,275.49,0.00,0.00,4.12,275.49,"138,355.05"
553,13/06/2024,VNM,"67,000","67,000","66,900","67,400","66,800","67,042",-100,-0.15,2.80,187.96,1.20,84.00,4.00,271.96,"139,818.02"
554,12/06/2024,VNM,"66,500","66,500","67,000","67,300","66,300","66,662",500,0.75,3.43,228.33,0.10,6.16,3.52,234.48,"140,027.01"
555,11/06/2024,VNM,"67,200","67,400","66,500","67,500","66,400","66,674",-700,-1.04,6.18,411.86,0.00,0.00,6.18,411.86,"138,982.04"
556,10/06/2024,VNM,"67,800","68,400","67,200","68,500","67,200","67,695",-600,-0.88,4.56,308.97,0.02,1.36,4.58,310.33,"140,445.01"
557,07/06/2024,VNM,"67,200","67,600","67,800","68,600","67,500","67,950",600,0.89,4.13,280.47,0.00,0.00,4.13,280.47,"141,698.98"
558,06/06/2024,VNM,"68,500","69,000","67,200","69,000","67,200","67,937","-1,300",-1.90,4.89,332.06,0.02,1.28,4.91,333.34,"140,445.01"
559,05/06/2024,VNM,"66,000","66,200","68,500","69,200","66,200","68,111","2,500",3.79,11.87,808.19,0.00,0.00,11.87,808.19,"143,161.95"
560,04/06/2024,VNM,"66,100","66,100","66,000","66,600","66,000","66,201",-100,-0.15,2.45,161.87,1.31,80.89,3.76,242.77,"137,937.06"
561,03/06/2024,VNM,"65,400","65,800","66,100","66,600","65,700","66,217",700,1.07,3.19,211.27,0.11,7.32,3.30,218.59,"138,146.05"
562,31/05/2024,VNM,"65,700","65,900","65,400","65,900","65,300","65,484",-300,-0.46,4.14,271.33,0.02,1.50,4.17,272.83,"136,683.09"
563,30/05/2024,VNM,"66,300","66,100","65,700","66,200","65,500","65,749",-600,-0.90,4.41,290.12,0.09,5.94,4.50,296.06,"137,310.07"
564,29/05/2024,VNM,"66,800","67,000","66,300","67,300","66,000","66,531",-500,-0.75,3.36,223.41,0.29,19.08,3.64,242.48,"138,564.05"
565,28/05/2024,VNM,"66,100","66,300","66,800","67,300","66,100","66,651",700,1.06,5.35,356.41,0.44,29.41,5.79,385.82,"139,609.02"
566,27/05/2024,VNM,"66,000","66,100","66,100","66,600","65,800","66,134",100,0.15,2.34,154.53,0.09,6.04,2.43,160.56,"138,146.05"
567,24/05/2024,VNM,"67,000","66,700","66,000","66,900","65,700","66,215","-1,000",-1.49,4.10,271.75,0.09,5.90,4.19,277.66,"137,937.06"
568,23/05/2024,VNM,"65,800","66,000","67,000","67,000","65,800","66,360","1,200",1.82,2.99,198.51,0.00,0.00,2.99,198.51,"140,027.01"
569,22/05/2024,VNM,"66,200","66,400","65,800","66,700","65,800","66,053",-400,-0.60,3.62,239.00,0.11,7.27,3.73,246.27,"137,519.07"
570,21/05/2024,VNM,"66,400","66,400","66,200","66,600","65,800","66,169",-200,-0.30,3.80,251.41,0.02,1.44,3.82,252.85,"138,355.05"
571,20/05/2024,VNM,"67,000","67,100","66,400","67,600","66,400","66,694",-600,-0.90,4.92,328.18,0.02,1.41,4.94,329.59,"138,773.04"
572,17/05/2024,VNM,"67,200","67,300","67,000","67,800","66,800","67,289",-200,-0.30,4.17,280.53,0.18,12.11,4.35,292.63,"140,027.01"
573,16/05/2024,VNM,"67,000","67,100","67,200","67,700","67,000","67,339",200,0.30,2.91,196.05,0.24,16.29,3.15,212.34,"140,445.01"
574,15/05/2024,VNM,"66,500","66,900","67,000","67,300","66,700","67,059",500,0.75,3.23,216.93,0.66,43.54,3.90,260.47,"140,027.01"
575,14/05/2024,VNM,"65,800","65,900","66,500","67,000","65,900","66,600",700,1.06,2.43,162.04,0.27,17.44,2.70,179.48,"138,982.04"
576,13/05/2024,VNM,"66,500","66,600","65,800","66,800","65,400","65,894",-700,-1.05,2.73,180.05,0.15,9.98,2.88,190.03,"137,519.07"
577,10/05/2024,VNM,"66,600","66,700","66,500","67,500","66,100","66,686",-100,-0.15,2.42,161.25,0.02,1.37,2.44,162.62,"138,982.04"
578,09/05/2024,VNM,"67,900","67,900","66,600","67,900","66,600","67,009","-1,300",-1.91,3.00,200.89,0.00,0.00,3.00,200.89,"139,191.03"
579,08/05/2024,VNM,"68,000","68,000","67,900","68,000","67,100","67,615",-100,-0.15,2.96,200.44,0.02,1.27,2.98,201.70,"141,907.97"
580,07/05/2024,VNM,"65,800","66,000","68,000","68,500","65,900","67,529","2,200",3.34,8.49,573.04,0.24,15.54,8.72,588.59,"142,116.97"
581,06/05/2024,VNM,"65,600","65,800","65,800","66,400","65,500","65,755",200,0.30,2.26,148.69,0.00,0.00,2.26,148.69,"137,519.07"
582,03/05/2024,VNM,"65,400","65,600","65,600","66,000","65,500","65,717",200,0.31,1.97,129.23,0.24,15.58,2.20,144.81,"137,101.08"
583,02/05/2024,VNM,"65,000","65,400","65,400","65,500","64,900","65,245",400,0.62,2.56,167.25,0.00,0.00,2.56,167.25,"136,683.09"
584,26/04/2024,VNM,"64,700","64,700","65,000","65,800","64,500","65,209",300,0.46,2.94,191.75,0.00,0.00,2.94,191.75,"135,847.10"
585,25/04/2024,VNM,"64,000","64,000","64,700","64,800","63,900","64,384",700,1.09,1.92,123.36,0.09,5.72,2.01,129.08,"135,220.12"
586,24/04/2024,VNM,"63,500","64,000","64,000","64,300","63,500","64,004",500,0.79,2.40,153.69,0.08,4.93,2.48,158.62,"133,757.15"
587,23/04/2024,VNM,"64,000","64,200","63,500","64,300","63,200","63,723",-500,-0.78,2.01,128.36,0.13,7.85,2.14,136.21,"132,712.17"
588,22/04/2024,VNM,"64,200","64,700","64,000","65,300","64,000","64,554",-200,-0.31,2.04,131.38,0.00,0.00,2.04,131.38,"133,757.15"
589,19/04/2024,VNM,"64,200","64,200","64,200","64,400","63,300","63,900",0,0.00,4.52,288.58,0.16,10.29,4.68,298.87,"134,175.14"
590,17/04/2024,VNM,"64,000","64,400","64,200","64,900","64,200","64,610",200,0.31,4.59,296.55,0.55,35.57,5.14,332.11,"134,175.14"
591,16/04/2024,VNM,"64,900","64,900","64,000","65,000","63,000","64,100",-900,-1.39,7.13,456.95,0.00,0.00,7.13,456.95,"133,757.15"
592,15/04/2024,VNM,"66,700","66,700","64,900","66,700","64,900","66,046","-1,800",-2.70,5.76,380.17,0.02,1.24,5.78,381.41,"135,638.11"
593,12/04/2024,VNM,"66,600","66,800","66,700","67,100","66,600","66,814",100,0.15,2.51,167.65,0.00,0.00,2.51,167.65,"139,400.03"
594,11/04/2024,VNM,"66,800","66,700","66,600","66,900","66,500","66,660",-200,-0.30,2.95,196.49,0.00,0.00,2.95,196.49,"139,191.03"
595,10/04/2024,VNM,"67,000","67,100","66,800","67,300","66,800","66,999",-200,-0.30,2.77,185.29,1.70,114.06,4.46,299.35,"139,609.02"
596,09/04/2024,VNM,"67,000","67,100","67,000","67,300","66,800","67,015",0,0.00,2.52,168.61,0.00,0.00,2.52,168.61,"140,027.01"
597,08/04/2024,VNM,"67,900","68,000","67,000","68,000","66,900","67,207",-900,-1.33,3.67,246.38,0.05,3.38,3.72,249.76,"140,027.01"
598,05/04/2024,VNM,"68,200","68,200","67,900","68,200","67,700","67,980",-300,-0.44,4.23,287.81,0.00,0.00,4.23,287.81,"141,907.97"
599,04/04/2024,VNM,"66,700","66,700","68,200","68,400","66,700","67,929","1,500",2.25,7.47,507.62,1.13,76.45,8.60,584.07,"142,534.96"
600,03/04/2024,VNM,"67,300","67,300","66,700","67,300","66,700","66,929",-600,-0.89,5.05,337.73,0.00,0.00,5.05,337.73,"139,400.03"
601,02/04/2024,VNM,"67,000","67,000","67,300","67,400","66,700","67,014",300,0.45,4.32,289.70,0.00,0.00,4.32,289.70,"140,654.00"
602,01/04/2024,VNM,"67,600","67,600","67,000","67,700","67,000","67,238",-600,-0.89,4.99,335.38,0.03,1.69,5.01,337.08,"140,027.01"
603,29/03/2024,VNM,"67,700","68,400","67,600","68,400","67,500","67,688",-100,-0.15,3.48,235.87,0.21,14.07,3.69,249.94,"141,280.99"
604,28/03/2024,VNM,"67,700","67,700","67,700","68,400","67,600","67,894",0,0.00,4.47,303.54,0.02,1.47,4.49,305.00,"141,489.98"
605,27/03/2024,VNM,"67,700","68,000","67,700","68,000","67,500","67,663",0,0.00,2.64,178.47,0.18,12.12,2.82,190.59,"141,489.98"
606,26/03/2024,VNM,"67,300","67,400","67,700","67,900","67,300","67,538",400,0.59,2.50,169.13,0.02,1.28,2.52,170.41,"141,489.98"
607,25/03/2024,VNM,"67,800","67,900","67,300","68,200","67,100","67,690",-500,-0.74,5.45,368.96,0.14,9.19,5.59,378.15,"140,654.00"
608,22/03/2024,VNM,"68,400","68,600","67,800","68,700","67,800","68,019",-600,-0.88,6.07,412.65,0.10,6.81,6.16,419.46,"141,698.98"
609,21/03/2024,VNM,"68,000","68,200","68,400","68,500","67,900","68,210",400,0.59,4.70,320.71,0.16,10.45,4.86,331.15,"142,952.95"
610,20/03/2024,VNM,"67,800","67,800","68,000","68,600","67,500","67,869",200,0.29,3.55,240.72,0.11,7.48,3.66,248.20,"142,116.97"
611,19/03/2024,VNM,"67,900","68,500","67,800","68,500","67,800","68,047",-100,-0.15,3.16,215.34,0.06,3.78,3.22,219.11,"141,698.98"
612,18/03/2024,VNM,"68,800","68,800","67,900","69,100","67,600","68,041",-900,-1.31,6.80,462.43,0.00,0.00,6.80,462.43,"141,907.97"
613,15/03/2024,VNM,"69,600","70,100","68,800","70,100","68,700","69,209",-800,-1.15,4.85,335.74,0.00,0.00,4.85,335.74,"143,788.93"
614,14/03/2024,VNM,"70,800","71,000","70,500","71,300","70,300","70,667",-300,-0.42,5.45,384.81,0.03,2.21,5.48,387.02,"147,341.86"
615,13/03/2024,VNM,"70,000","70,100","70,800","70,900","70,000","70,482",800,1.14,5.65,397.97,0.06,4.24,5.71,402.21,"147,968.85"
616,12/03/2024,VNM,"70,300","70,400","70,000","70,600","70,000","70,221",-300,-0.43,3.84,269.93,0.00,0.00,3.84,269.93,"146,296.88"
617,11/03/2024,VNM,"70,000","70,500","70,300","71,300","70,000","70,658",300,0.43,4.21,297.36,0.06,4.26,4.27,301.62,"146,923.87"
618,08/03/2024,VNM,"72,000","72,100","70,000","72,900","70,000","71,296","-2,000",-2.78,7.36,524.81,0.00,0.00,7.36,524.81,"146,296.88"
619,07/03/2024,VNM,"71,800","71,700","72,000","72,100","71,300","71,650",200,0.28,5.07,363.10,0.15,10.75,5.22,373.85,"150,476.79"
620,06/03/2024,VNM,"73,000","73,300","71,800","73,500","71,800","72,522","-1,200",-1.64,4.83,350.57,0.03,2.12,4.86,352.68,"150,058.80"
621,05/03/2024,VNM,"72,000","72,000","73,000","73,000","71,700","72,200","1,000",1.39,5.44,392.83,0.09,6.44,5.53,399.27,"152,566.75"
622,04/03/2024,VNM,"71,500","71,800","72,000","72,700","71,600","72,093",500,0.70,5.01,361.52,0.00,0.00,5.01,361.52,"150,476.79"
623,01/03/2024,VNM,"72,000","72,100","71,500","72,100","71,200","71,561",-500,-0.69,4.40,314.70,0.09,6.48,4.49,321.18,"149,431.81"
624,29/02/2024,VNM,"72,200","72,600","72,000","73,300","71,600","72,358",-200,-0.28,6.54,473.20,0.03,2.09,6.57,475.30,"150,476.79"
625,28/02/2024,VNM,"72,000","72,400","72,200","72,600","71,500","71,944",200,0.28,3.42,245.98,0.09,6.35,3.51,252.33,"150,894.78"
626,27/02/2024,VNM,"71,000","71,200","72,000","72,400","71,100","71,876","1,000",1.41,5.28,379.68,0.00,0.00,5.28,379.68,"150,476.79"
627,26/02/2024,VNM,"71,000","71,000","71,000","71,700","70,700","71,234",0,0.00,3.05,217.15,0.09,6.39,3.14,223.54,"148,386.84"
628,23/02/2024,VNM,"71,600","71,800","71,000","72,700","71,000","71,753",-600,-0.84,6.14,440.74,0.00,0.00,6.14,440.74,"148,386.84"
629,22/02/2024,VNM,"71,300","71,300","71,600","72,700","71,100","71,935",300,0.42,4.65,334.36,0.05,3.58,4.70,337.94,"149,640.81"
630,21/02/2024,VNM,"71,500","71,500","71,300","71,900","71,000","71,280",-200,-0.28,3.59,255.91,0.00,0.00,3.59,255.91,"149,013.82"
631,20/02/2024,VNM,"71,900","71,700","71,500","72,400","71,300","71,737",-400,-0.56,4.39,314.62,0.05,3.60,4.44,318.21,"149,431.81"
632,19/02/2024,VNM,"70,000","70,900","71,900","72,600","70,700","71,654","1,900",2.71,6.65,476.70,0.49,34.72,7.14,511.42,"150,267.80"
633,16/02/2024,VNM,"67,600","67,800","70,000","70,300","67,500","69,282","2,400",3.55,11.11,770.04,0.00,0.00,11.11,770.04,"146,296.88"
634,15/02/2024,VNM,"67,600","67,600","67,600","68,000","67,200","67,576",0,0.00,3.88,261.96,0.17,11.41,4.05,273.38,"141,280.99"
635,07/02/2024,VNM,"67,600","67,600","67,600","67,900","67,200","67,440",0,0.00,2.74,184.54,0.00,0.00,2.74,184.54,"141,280.99"
636,06/02/2024,VNM,"68,000","68,100","67,600","68,200","67,600","67,770",-400,-0.59,2.39,162.16,0.07,4.83,2.46,166.99,"141,280.99"
637,05/02/2024,VNM,"67,400","67,400","68,000","68,200","67,200","67,780",600,0.89,3.57,241.70,0.00,0.00,3.57,241.70,"142,116.97"
638,02/02/2024,VNM,"67,500","67,500","67,400","67,700","67,000","67,216",-100,-0.15,2.61,175.52,0.07,4.16,2.68,179.68,"140,863.00"
639,01/02/2024,VNM,"67,000","67,200","67,500","67,800","67,200","67,562",500,0.75,2.50,168.86,0.05,3.34,2.55,172.19,"141,071.99"
640,31/01/2024,VNM,"66,900","67,200","67,000","68,200","66,900","67,358",100,0.15,4.02,270.79,0.42,28.16,4.44,298.95,"140,027.01"
641,30/01/2024,VNM,"67,000","67,300","66,900","67,300","66,900","66,980",-100,-0.15,1.79,119.92,0.05,3.35,1.84,123.27,"139,818.02"
642,29/01/2024,VNM,"67,000","67,100","67,000","67,300","66,900","67,050",0,0.00,1.73,116.18,0.42,28.33,2.15,144.52,"140,027.01"
643,26/01/2024,VNM,"66,900","67,000","67,000","67,500","67,000","67,173",100,0.15,1.68,112.57,0.00,0.00,1.68,112.57,"140,027.01"
644,25/01/2024,VNM,"67,300","67,400","66,900","67,500","66,900","67,087",-400,-0.59,2.66,178.48,0.14,9.51,2.80,187.99,"139,818.02"
645,24/01/2024,VNM,"67,700","67,800","67,300","68,000","67,200","67,595",-400,-0.59,2.08,140.84,0.00,0.00,2.08,140.84,"140,654.00"
646,23/01/2024,VNM,"68,300","68,300","67,700","68,300","67,600","67,860",-600,-0.88,2.11,143.32,0.14,9.56,2.25,152.88,"141,489.98"
647,22/01/2024,VNM,"68,000","68,000","68,300","68,700","68,000","68,254",300,0.44,1.96,133.76,0.00,0.00,1.96,133.76,"142,743.96"
648,19/01/2024,VNM,"67,400","67,400","68,000","68,600","67,400","67,956",600,0.89,2.62,178.04,0.19,12.89,2.81,190.93,"142,116.97"
649,18/01/2024,VNM,"67,100","67,300","67,400","67,800","67,300","67,471",300,0.45,1.23,82.88,1.78,120.08,3.01,202.96,"140,863.00"
650,17/01/2024,VNM,"67,400","67,500","67,100","67,900","67,000","67,418",-300,-0.45,1.83,123.13,0.09,6.15,1.92,129.28,"140,236.01"
651,16/01/2024,VNM,"67,000","67,000","67,400","67,400","66,700","66,925",400,0.60,2.07,138.70,0.00,0.00,2.07,138.70,"140,863.00"
652,15/01/2024,VNM,"67,200","67,200","67,000","67,500","67,000","67,086",-200,-0.30,2.23,149.38,0.11,7.37,2.34,156.75,"140,027.01"
653,12/01/2024,VNM,"67,900","67,600","67,200","67,900","67,000","67,312",-700,-1.03,3.28,220.98,0.00,0.00,3.28,220.98,"140,445.01"
654,11/01/2024,VNM,"67,500","67,500","67,900","68,500","67,500","67,951",400,0.59,2.08,141.60,0.00,0.00,2.08,141.60,"141,907.97"
655,10/01/2024,VNM,"68,100","68,100","67,500","68,100","67,400","67,758",-600,-0.88,3.01,203.72,0.00,0.00,3.01,203.72,"141,071.99"
656,09/01/2024,VNM,"68,200","68,200","68,100","68,500","68,000","68,191",-100,-0.15,2.46,167.78,0.12,8.09,2.58,175.86,"142,325.97"
657,08/01/2024,VNM,"68,800","69,000","68,200","69,100","68,200","68,512",-600,-0.87,2.40,164.18,0.00,0.00,2.40,164.18,"142,534.96"
658,05/01/2024,VNM,"69,000","69,300","68,800","69,300","68,500","68,725",-200,-0.29,1.48,101.42,0.30,20.57,1.78,121.99,"143,788.93"
659,04/01/2024,VNM,"69,000","69,100","69,000","69,500","69,000","69,169",0,0.00,3.40,235.28,0.00,0.00,3.40,235.28,"144,206.93"
660,03/01/2024,VNM,"68,300","68,400","69,000","69,000","68,000","68,421",700,1.02,1.89,129.30,0.09,6.11,1.98,135.41,"144,206.93"
661,02/01/2024,VNM,"67,600","68,200","68,300","68,500","67,900","68,155",700,1.04,2.14,146.04,0.00,0.00,2.14,146.04,"142,743.96"
662,29/12/2023,VNM,"68,500","68,700","67,600","68,700","67,600","68,110",-900,-1.31,1.95,133.13,0.30,21.75,2.26,154.88,"141,280.99"
663,28/12/2023,VNM,"67,500","67,500","68,500","68,500","67,500","68,170","1,000",1.48,2.41,164.20,0.47,31.78,2.87,195.98,"143,161.95"
664,27/12/2023,VNM,"67,500","68,000","67,500","68,200","67,500","67,805",0,0.00,1.63,110.28,0.11,7.55,1.74,117.83,"141,071.99"
665,26/12/2023,VNM,"67,900","68,300","68,000","68,500","68,000","68,308",100,0.15,1.98,134.94,0.00,0.00,1.98,134.94,"142,116.97"
666,25/12/2023,VNM,"67,600","67,600","67,900","68,700","67,600","68,404",300,0.44,2.67,182.82,0.46,29.32,3.13,212.15,"141,907.97"
667,22/12/2023,VNM,"67,800","67,800","67,600","68,100","67,500","67,741",-200,-0.29,2.15,145.35,0.48,31.22,2.62,176.57,"141,280.99"
668,21/12/2023,VNM,"68,100","67,900","67,800","68,300","67,800","68,015",-300,-0.44,2.59,175.88,0.29,19.69,2.88,195.57,"141,698.98"
669,20/12/2023,VNM,"67,000","67,000","68,100","68,200","67,000","67,682","1,100",1.64,2.60,176.24,0.02,1.25,2.62,177.48,"142,325.97"
670,19/12/2023,VNM,"67,000","67,100","67,000","67,400","66,300","66,809",0,0.00,3.06,204.56,0.09,6.14,3.15,210.70,"140,027.01"
671,18/12/2023,VNM,"68,100","68,100","67,000","68,200","67,000","67,476","-1,100",-1.62,3.51,237.05,0.00,0.00,3.51,237.05,"140,027.01"
672,15/12/2023,VNM,"68,400","68,500","68,100","68,600","68,100","68,202",-300,-0.44,3.74,255.06,0.38,26.07,4.12,281.12,"142,325.97"
673,14/12/2023,VNM,"68,200","68,400","68,400","68,900","68,200","68,461",200,0.29,1.46,100.09,0.00,0.00,1.46,100.09,"142,952.95"
674,13/12/2023,VNM,"69,400","69,600","68,200","69,700","68,100","68,777","-1,200",-1.73,4.51,310.25,0.09,6.14,4.60,316.39,"142,534.96"
675,12/12/2023,VNM,"70,000","70,000","69,400","70,100","69,000","69,494",-600,-0.86,2.79,193.80,0.00,0.00,2.79,193.80,"145,042.91"
676,11/12/2023,VNM,"69,000","70,500","70,000","70,500","69,900","70,217","1,000",1.45,4.73,332.44,0.03,2.07,4.76,334.51,"146,296.88"
677,08/12/2023,VNM,"68,400","68,400","69,000","69,300","68,000","68,798",600,0.88,3.73,256.58,0.00,0.00,3.73,256.58,"144,206.93"
678,07/12/2023,VNM,"68,500","68,800","68,400","68,800","67,500","68,026",-100,-0.15,3.87,263.56,0.05,3.11,3.92,266.67,"142,952.95"
679,06/12/2023,VNM,"68,100","68,100","68,500","68,600","68,100","68,290",400,0.59,1.61,109.72,0.00,0.00,1.61,109.72,"143,161.95"
680,05/12/2023,VNM,"68,800","68,800","68,100","69,000","68,000","68,364",-700,-1.02,2.30,157.38,0.00,0.00,2.30,157.38,"142,325.97"
681,04/12/2023,VNM,"68,400","68,500","68,800","69,500","68,400","68,964",400,0.58,3.01,207.36,0.00,0.00,3.01,207.36,"143,788.93"
682,01/12/2023,VNM,"67,400","68,000","68,400","68,500","67,700","68,100","1,000",1.48,1.39,94.78,0.17,11.37,1.56,106.16,"142,952.95"
683,30/11/2023,VNM,"68,400","68,400","67,400","68,700","67,400","67,902","-1,000",-1.46,2.58,175.30,0.05,3.24,2.63,178.54,"140,863.00"
684,29/11/2023,VNM,"68,500","68,500","68,400","68,800","68,200","68,480",-100,-0.15,1.26,86.46,0.16,10.14,1.42,96.60,"142,952.95"
685,28/11/2023,VNM,"68,100","68,100","68,500","68,500","67,500","67,915",400,0.59,1.78,120.59,0.18,11.81,1.96,132.40,"143,161.95"
686,27/11/2023,VNM,"68,300","68,300","68,100","68,400","67,900","68,123",-200,-0.29,1.33,90.83,0.00,0.00,1.33,90.83,"142,325.97"
687,24/11/2023,VNM,"68,700","68,600","68,300","68,900","67,600","68,178",-400,-0.58,3.13,213.32,0.00,0.00,3.13,213.32,"142,743.96"
688,23/11/2023,VNM,"69,400","69,800","68,700","69,900","68,700","69,210",-700,-1.01,1.62,112.34,0.03,2.03,1.65,114.37,"143,579.94"
689,22/11/2023,VNM,"69,500","69,500","69,400","70,200","69,000","69,505",-100,-0.14,1.30,90.51,0.23,16.08,1.53,106.59,"145,042.91"
690,21/11/2023,VNM,"69,300","69,400","69,500","69,800","68,900","69,209",200,0.29,2.96,204.84,0.03,2.08,2.99,206.92,"145,251.90"
691,20/11/2023,VNM,"70,000","69,200","69,300","69,900","69,000","69,368",-700,-1.00,1.77,122.78,0.23,16.17,2.00,138.95,"144,833.91"
692,17/11/2023,VNM,"70,300","71,000","70,000","71,100","69,200","70,008",-300,-0.43,2.34,163.53,0.00,0.00,2.34,163.53,"146,296.88"
693,16/11/2023,VNM,"70,700","70,600","70,300","71,300","69,900","70,328",-400,-0.57,2.34,164.44,0.03,2.16,2.37,166.60,"146,923.87"
694,15/11/2023,VNM,"68,900","70,000","70,700","71,800","70,000","71,139","1,800",2.61,3.95,280.96,0.00,0.00,3.95,280.96,"147,759.85"
695,14/11/2023,VNM,"68,700","69,000","68,900","69,400","68,200","68,704",200,0.29,3.00,205.84,0.00,0.00,3.00,205.84,"143,997.93"
696,13/11/2023,VNM,"69,600","69,700","68,700","70,000","68,600","69,344",-900,-1.29,1.73,120.02,0.00,0.00,1.73,120.02,"143,579.94"
697,10/11/2023,VNM,"70,700","70,800","69,600","70,800","69,600","70,136","-1,100",-1.56,2.83,198.70,0.00,0.00,2.83,198.70,"145,460.90"
698,09/11/2023,VNM,"71,400","71,600","70,700","72,100","70,700","71,438",-700,-0.98,3.42,244.32,0.00,0.00,3.42,244.32,"147,759.85"
699,08/11/2023,VNM,"70,800","70,800","71,400","71,500","69,800","70,895",600,0.85,2.34,165.87,0.00,0.00,2.34,165.87,"149,222.82"
700,07/11/2023,VNM,"71,000","70,500","70,800","70,800","69,800","70,241",-200,-0.28,1.47,103.58,0.00,0.00,1.47,103.58,"147,968.85"
701,06/11/2023,VNM,"70,000","70,200","71,000","71,500","70,100","70,882","1,000",1.43,1.14,80.58,0.00,0.00,1.14,80.58,"148,386.84"
702,03/11/2023,VNM,"70,900","70,900","70,000","70,900","69,800","70,132",-900,-1.27,1.69,118.71,0.00,0.00,1.69,118.71,"146,296.88"
703,02/11/2023,VNM,"70,400","70,500","70,900","70,900","69,800","70,393",500,0.71,2.39,168.25,0.00,0.00,2.39,168.25,"148,177.84"
704,01/11/2023,VNM,"68,000","69,000","70,400","70,500","67,900","69,234","2,400",3.53,2.34,161.81,0.00,0.00,2.34,161.81,"147,132.86"
705,31/10/2023,VNM,"67,600","67,900","68,000","69,500","67,600","68,477",400,0.59,2.18,149.53,0.00,0.00,2.18,149.53,"142,116.97"
706,30/10/2023,VNM,"68,000","67,900","67,600","68,000","67,100","67,729",-400,-0.59,1.05,70.91,0.07,4.39,1.11,75.31,"141,280.99"
707,27/10/2023,VNM,"67,000","67,300","68,000","68,000","66,600","67,182","1,000",1.49,1.81,121.67,0.00,0.00,1.81,121.67,"142,116.97"
708,26/10/2023,VNM,"69,000","68,500","67,000","68,600","65,900","66,904","-2,000",-2.90,5.20,348.02,0.00,0.00,5.20,348.02,"140,027.01"
709,25/10/2023,VNM,"70,300","70,300","69,000","70,800","69,000","70,050","-1,300",-1.85,2.42,169.78,0.05,3.76,2.48,173.54,"144,206.93"
710,24/10/2023,VNM,"70,200","70,200","70,300","70,800","70,100","70,417",100,0.14,1.10,77.42,0.00,0.00,1.10,77.42,"146,923.87"
711,23/10/2023,VNM,"72,300","71,700","70,200","72,000","70,100","70,476","-2,100",-2.90,2.73,192.11,0.08,5.60,2.80,197.71,"146,714.87"
712,20/10/2023,VNM,"71,400","71,300","72,300","72,500","70,200","71,228",900,1.26,2.37,168.94,0.00,0.00,2.37,168.94,"151,103.78"
713,19/10/2023,VNM,"73,900","73,400","71,400","73,400","70,900","71,865","-2,500",-3.38,3.90,280.61,0.10,7.75,4.01,288.36,"149,222.82"
714,18/10/2023,VNM,"74,800","74,800","73,900","74,800","72,400","73,567",-900,-1.20,2.57,189.25,0.00,0.00,2.57,189.25,"154,447.71"
715,17/10/2023,VNM,"75,200","75,300","74,800","76,100","74,800","75,447",-400,-0.53,1.42,107.28,0.17,13.22,1.60,120.49,"156,328.67"
716,16/10/2023,VNM,"75,800","75,100","75,200","75,800","74,700","75,257",-600,-0.79,1.34,101.18,0.00,0.00,1.34,101.18,"157,164.65"
717,13/10/2023,VNM,"75,500","75,400","75,800","76,300","75,000","75,810",300,0.40,1.49,112.73,0.07,5.29,1.56,118.02,"158,418.62"
718,12/10/2023,VNM,"74,400","74,500","75,500","75,900","74,500","75,447","1,100",1.48,2.53,191.24,0.00,0.00,2.53,191.24,"157,791.64"
719,11/10/2023,VNM,"74,400","74,600","74,400","74,800","74,000","74,320",0,0.00,1.13,84.31,0.76,56.44,1.90,140.74,"155,492.69"
720,10/10/2023,VNM,"73,700","74,300","74,400","75,000","74,000","74,519",700,0.95,1.02,76.30,0.10,7.38,1.12,83.68,"155,492.69"
721,09/10/2023,VNM,"74,200","74,000","73,700","74,100","73,600","73,869",-500,-0.67,0.83,61.38,0.79,58.54,1.62,119.92,"154,029.72"
722,06/10/2023,VNM,"72,700","72,700","74,200","74,200","72,600","73,676","1,500",2.06,1.23,90.40,0.10,7.38,1.33,97.78,"155,074.69"
723,05/10/2023,VNM,"74,400","74,100","72,700","74,400","72,700","73,456","-1,700",-2.28,2.57,188.89,0.07,5.49,2.65,194.37,"151,939.76"
724,04/10/2023,VNM,"74,000","73,600","74,400","74,600","73,400","74,030",400,0.54,1.08,79.80,0.10,7.50,1.18,87.30,"155,492.69"
725,03/10/2023,VNM,"75,600","74,600","74,000","75,100","73,900","74,216","-1,600",-2.12,1.99,147.96,0.00,0.00,1.99,147.96,"154,656.70"
726,02/10/2023,VNM,"74,200","74,200","75,600","75,600","74,200","74,951","1,400",1.89,1.16,86.94,0.15,10.90,1.30,97.83,"158,000.63"
727,29/09/2023,VNM,"74,800","75,000","74,200","76,400","74,200","75,156",-600,-0.80,1.40,105.51,0.00,0.00,1.40,105.51,"155,074.69"
728,28/09/2023,VNM,"76,600","76,100","74,800","76,400","74,800","75,255","-1,800",-2.35,1.89,142.18,0.14,10.96,2.03,153.14,"156,328.67"
729,27/09/2023,VNM,"76,100","76,300","76,600","76,600","74,800","75,651",500,0.66,2.27,171.98,0.00,0.00,2.27,171.98,"160,090.59"
730,26/09/2023,VNM,"77,600","77,600","76,100","78,000","76,000","76,734","-1,500",-1.93,2.53,194.49,0.10,7.61,2.63,202.10,"159,045.61"
731,25/09/2023,VNM,"77,500","77,200","77,600","78,500","76,700","77,884",100,0.13,2.76,214.61,0.04,3.12,2.80,217.73,"162,180.54"
732,22/09/2023,VNM,"78,000","77,100","77,500","78,300","75,800","77,066",-500,-0.64,4.24,327.14,0.12,9.11,4.36,336.24,"161,971.55"
733,21/09/2023,VNM,"78,300","78,100","78,000","78,300","77,300","77,756",-300,-0.38,2.54,197.34,0.04,3.13,2.58,200.47,"163,016.52"
734,20/09/2023,VNM,"78,900","78,400","78,300","78,800","78,000","78,355",-600,-0.76,1.84,144.39,0.56,43.94,2.40,188.33,"163,643.51"
735,19/09/2023,VNM,"78,900","78,500","78,900","78,900","77,400","78,180",0,0.00,2.57,201.06,0.00,0.00,2.57,201.06,"164,897.48"
736,18/09/2023,VNM,"79,500","79,100","78,900","79,800","78,700","79,055",-600,-0.75,1.32,104.52,0.18,13.95,1.50,118.47,"164,897.48"
737,15/09/2023,VNM,"79,400","79,400","79,500","81,200","79,000","80,111",100,0.13,5.61,449.81,0.00,0.00,5.61,449.81,"166,151.46"
738,14/09/2023,VNM,"79,100","78,500","79,400","80,000","78,400","79,044",300,0.38,2.48,196.23,0.16,12.42,2.64,208.66,"165,942.46"
739,13/09/2023,VNM,"80,300","79,600","79,100","80,300","78,700","79,445","-1,200",-1.49,2.51,199.17,0.00,0.05,2.51,199.22,"165,315.48"
740,12/09/2023,VNM,"79,500","79,000","80,300","80,700","78,300","79,503",800,1.01,2.67,212.16,0.04,3.14,2.71,215.30,"167,823.42"
741,11/09/2023,VNM,"80,000","80,000","79,500","81,100","77,600","79,331",-500,-0.63,4.23,335.96,0.00,0.00,4.23,335.96,"166,151.46"
742,08/09/2023,VNM,"79,500","79,200","80,000","80,100","79,100","79,774",500,0.63,2.77,221.37,0.00,0.00,2.77,221.37,"167,196.44"
743,07/09/2023,VNM,"80,000","79,900","79,500","80,000","78,600","79,424",-500,-0.63,3.53,280.11,0.20,15.92,3.73,296.02,"166,151.46"
744,06/09/2023,VNM,"80,100","80,100","80,000","80,100","79,500","79,848",-100,-0.12,2.28,182.09,0.00,0.00,2.28,182.09,"167,196.44"
745,05/09/2023,VNM,"77,800","78,500","80,100","80,500","78,100","79,601","2,300",2.96,6.84,544.46,0.00,0.00,6.84,544.46,"167,405.43"
746,31/08/2023,VNM,"77,800","77,500","77,800","78,900","77,100","77,929",0,0.00,3.84,298.93,0.55,43.02,4.39,341.95,"162,598.53"
747,30/08/2023,VNM,"77,400","77,000","77,800","78,500","76,500","77,342",400,0.52,2.66,205.71,0.00,0.00,2.66,205.71,"162,598.53"
748,29/08/2023,VNM,"77,900","77,500","77,400","77,600","76,200","76,859",-500,-0.64,4.20,322.80,0.00,0.00,4.20,322.80,"161,762.55"
749,28/08/2023,VNM,"74,900","75,000","77,900","78,100","75,000","76,983","3,000",4.01,5.47,420.85,0.57,44.39,6.04,465.24,"162,807.53"
750,25/08/2023,VNM,"74,700","75,300","74,900","75,300","74,300","74,877",200,0.27,2.75,206.02,0.29,22.08,3.05,228.10,"156,537.66"
751,24/08/2023,VNM,"73,500","73,500","74,700","74,900","73,000","74,406","1,200",1.63,4.42,328.87,0.79,58.67,5.21,387.54,"156,119.67"
752,23/08/2023,VNM,"72,700","72,400","73,500","73,600","71,600","72,655",800,1.10,3.07,223.26,1.10,80.96,4.17,304.22,"153,611.73"
753,22/08/2023,VNM,"72,900","73,200","72,700","73,200","71,100","72,153",-200,-0.27,3.08,221.88,0.00,0.00,3.08,221.88,"151,939.76"
754,21/08/2023,VNM,"73,300","72,700","72,900","73,800","72,700","73,120",-400,-0.55,3.06,223.40,0.56,41.52,3.62,264.92,"152,357.75"
755,18/08/2023,VNM,"73,600","73,500","73,300","74,800","72,100","73,906",-300,-0.41,7.11,525.19,0.00,0.00,7.11,525.19,"153,193.73"
756,17/08/2023,VNM,"73,100","73,100","73,600","74,500","72,900","74,004",500,0.68,4.58,339.01,0.07,5.14,4.65,344.14,"153,820.72"
757,16/08/2023,VNM,"72,800","72,800","73,100","73,500","72,500","73,004",300,0.41,2.08,152.13,0.00,0.00,2.08,152.13,"152,775.74"
758,15/08/2023,VNM,"73,400","72,900","72,800","73,400","72,700","72,941",-600,-0.82,2.22,161.91,0.04,2.93,2.26,164.84,"152,148.76"
759,14/08/2023,VNM,"73,500","73,400","73,400","73,500","72,500","73,174",-100,-0.14,3.07,224.39,0.30,21.95,3.37,246.34,"153,402.73"
760,11/08/2023,VNM,"73,100","73,100","73,500","73,500","72,400","73,034",400,0.55,2.18,159.31,0.02,1.57,2.20,160.88,"153,611.73"
761,10/08/2023,VNM,"73,100","73,100","73,100","74,000","72,900","73,403",0,0.00,2.73,200.62,0.08,5.98,2.81,206.60,"152,775.74"
762,09/08/2023,VNM,"74,500","74,500","73,100","74,500","72,800","73,476","-1,400",-1.88,3.71,272.23,0.02,1.54,3.73,273.76,"152,775.74"
763,08/08/2023,VNM,"74,900","74,700","74,500","74,900","73,900","74,425",-400,-0.53,3.43,255.31,0.08,6.00,3.51,261.32,"155,701.68"
764,07/08/2023,VNM,"73,000","72,900","74,900","74,900","72,300","73,575","1,900",2.60,4.32,317.69,0.77,58.37,5.09,376.06,"156,537.66"
765,04/08/2023,VNM,"72,600","72,500","73,000","73,000","72,000","72,479",400,0.55,3.17,229.41,0.00,0.00,3.17,229.41,"152,566.75"
766,03/08/2023,VNM,"73,700","74,100","72,600","74,100","72,600","73,273","-1,100",-1.49,2.92,213.78,0.00,0.00,2.92,213.78,"151,730.77"
767,02/08/2023,VNM,"76,000","76,000","76,100","76,500","75,300","75,839",100,0.13,2.68,203.17,3.02,229.03,5.70,432.19,"159,045.61"
768,01/08/2023,VNM,"78,000","78,000","76,000","78,000","76,000","77,087","-2,000",-2.56,5.73,441.77,0.00,0.00,5.73,441.77,"158,836.61"
769,31/07/2023,VNM,"77,400","77,300","78,000","78,400","77,200","77,755",600,0.78,3.36,261.64,0.20,15.80,3.56,277.44,"163,016.52"
770,28/07/2023,VNM,"75,700","75,800","77,400","77,700","75,600","76,689","1,700",2.25,5.47,419.77,0.67,49.63,6.14,469.39,"161,762.55"
771,27/07/2023,VNM,"75,000","75,000","75,700","75,800","74,800","75,119",700,0.93,4.18,313.86,2.03,142.12,6.21,455.98,"158,209.63"
772,26/07/2023,VNM,"74,500","74,400","75,000","75,200","74,300","74,839",500,0.67,3.19,238.71,0.00,0.00,3.19,238.72,"156,746.66"
773,25/07/2023,VNM,"73,600","73,600","74,500","74,700","73,100","73,967",900,1.22,4.25,314.06,0.00,0.00,4.25,314.06,"155,701.68"
774,24/07/2023,VNM,"73,500","73,500","73,600","74,000","73,300","73,566",100,0.14,2.54,186.51,0.00,0.00,2.54,186.51,"153,820.72"
775,21/07/2023,VNM,"72,600","72,600","73,500","73,500","72,500","73,175",900,1.24,3.34,244.54,0.48,35.32,3.82,279.86,"153,611.73"
776,20/07/2023,VNM,"72,600","72,600","72,600","72,800","72,300","72,528",0,0.00,2.60,188.62,0.00,0.00,2.60,188.62,"151,730.77"
777,19/07/2023,VNM,"72,400","72,500","72,600","73,000","72,400","72,676",200,0.28,2.95,214.04,0.08,6.00,3.03,220.04,"151,730.77"
778,18/07/2023,VNM,"72,300","72,500","72,400","72,600","72,200","72,394",100,0.14,2.93,212.11,0.42,30.19,3.35,242.30,"151,312.77"
779,17/07/2023,VNM,"73,300","73,000","72,300","73,600","72,200","72,603","-1,000",-1.36,3.92,284.81,1.88,137.14,5.80,421.95,"151,103.78"
780,14/07/2023,VNM,"73,100","73,200","73,300","73,400","72,100","72,623",200,0.27,5.21,378.34,0.00,0.00,5.21,378.34,"153,193.73"
781,13/07/2023,VNM,"73,500","73,400","73,100","73,800","72,900","73,350",-400,-0.54,3.78,277.52,0.06,4.39,3.84,281.90,"152,775.74"
782,12/07/2023,VNM,"72,800","72,900","73,500","73,500","72,600","72,942",700,0.96,4.20,306.05,0.00,0.00,4.20,306.05,"153,611.73"
783,11/07/2023,VNM,"72,100","72,100","72,800","73,400","71,700","72,421",700,0.97,5.70,412.97,0.00,0.00,5.70,412.97,"152,148.76"
784,10/07/2023,VNM,"70,900","71,400","72,100","72,700","71,200","72,143","1,200",1.69,6.17,445.20,0.03,2.10,6.20,447.31,"150,685.79"
785,07/07/2023,VNM,"70,500","70,700","70,900","71,200","70,400","70,728",400,0.57,5.78,408.85,0.00,0.00,5.78,408.85,"148,177.84"
786,06/07/2023,VNM,"69,800","69,900","70,500","70,700","69,800","70,290",700,1.00,7.63,536.38,0.00,0.00,7.63,536.38,"147,341.86"
787,05/07/2023,VNM,"70,600","70,800","69,800","70,800","69,600","70,171",-800,-1.13,6.66,467.28,0.21,15.13,6.87,482.41,"145,878.89"
788,04/07/2023,VNM,"70,700","70,500","70,600","71,200","70,100","70,470",-100,-0.14,4.78,336.96,0.14,10.05,4.92,347.01,"147,550.85"
789,03/07/2023,VNM,"71,000","71,100","70,700","71,400","70,300","70,623",-300,-0.42,3.19,225.02,0.00,0.00,3.19,225.02,"147,759.85"
790,30/06/2023,VNM,"71,900","71,900","71,000","72,000","70,800","71,278",-900,-1.25,3.65,259.81,0.00,0.00,3.65,259.81,"148,386.84"
791,29/06/2023,VNM,"70,600","70,600","71,900","72,400","70,100","71,538","1,300",1.84,7.70,550.73,0.21,15.10,7.91,565.83,"150,267.80"
792,28/06/2023,VNM,"70,500","70,500","70,600","70,900","69,700","70,271",100,0.14,6.15,432.50,0.00,0.00,6.15,432.50,"147,550.85"
793,27/06/2023,VNM,"70,600","70,800","70,500","70,800","69,600","70,051",-100,-0.14,5.98,418.83,0.15,10.20,6.13,429.03,"147,341.86"
794,26/06/2023,VNM,"69,100","69,300","70,600","70,700","68,300","69,803","1,500",2.17,10.74,749.53,0.00,0.00,10.74,749.53,"147,550.85"
795,23/06/2023,VNM,"66,900","67,000","69,100","69,500","67,000","68,254","2,200",3.29,11.96,816.18,0.00,0.00,11.96,816.18,"144,415.92"
796,22/06/2023,VNM,"66,300","66,500","66,900","67,300","66,300","66,827",600,0.90,5.61,374.94,0.00,0.00,5.61,374.94,"139,818.02"
797,21/06/2023,VNM,"65,500","65,600","66,300","66,300","65,500","65,862",800,1.22,3.49,229.92,1.00,65.80,4.49,295.72,"138,564.05"
798,20/06/2023,VNM,"65,800","65,900","65,500","65,900","65,500","65,645",-300,-0.46,2.96,194.51,0.03,2.04,2.99,196.55,"136,892.08"
799,19/06/2023,VNM,"66,100","66,300","65,800","66,600","65,600","65,987",-300,-0.45,3.28,216.40,0.00,0.00,3.28,216.40,"137,519.07"
800,16/06/2023,VNM,"66,300","66,500","66,100","66,600","66,000","66,204",-200,-0.30,5.99,396.76,0.03,1.78,6.02,398.54,"138,146.05"
801,15/06/2023,VNM,"67,100","67,300","66,300","67,400","66,200","66,591",-800,-1.19,4.69,312.17,1.12,74.76,5.81,386.92,"138,564.05"
802,14/06/2023,VNM,"67,600","67,700","67,100","68,200","67,100","67,424",-500,-0.74,4.91,331.07,0.49,33.33,5.40,364.40,"140,236.01"
803,13/06/2023,VNM,"67,900","68,100","67,600","68,300","67,500","67,846",-300,-0.44,4.94,335.39,0.03,1.95,4.97,337.34,"141,280.99"
804,12/06/2023,VNM,"65,800","66,000","67,900","68,000","66,000","67,043","2,100",3.19,5.45,365.40,0.02,1.40,5.47,366.80,"141,907.97"
805,09/06/2023,VNM,"65,500","65,600","65,800","66,500","65,500","65,786",300,0.46,2.08,136.85,0.00,0.00,2.08,136.85,"137,519.07"
806,08/06/2023,VNM,"66,200","66,500","65,500","66,500","65,500","65,909",-700,-1.06,5.04,331.95,0.14,9.51,5.18,341.46,"136,892.08"
807,07/06/2023,VNM,"66,400","66,500","66,200","66,700","66,000","66,289",-200,-0.30,3.72,246.53,0.00,0.00,3.72,246.53,"138,355.05"
808,06/06/2023,VNM,"66,500","66,900","66,400","66,900","66,000","66,417",-100,-0.15,3.42,227.35,0.00,0.00,3.42,227.35,"138,773.04"
809,05/06/2023,VNM,"65,900","66,500","66,500","67,200","66,200","66,675",600,0.91,3.32,221.56,0.00,0.00,3.32,221.56,"138,982.04"
810,02/06/2023,VNM,"66,100","66,200","65,900","66,300","65,500","65,923",-200,-0.30,2.97,195.77,0.17,11.13,3.14,206.90,"137,728.06"
811,01/06/2023,VNM,"66,100","66,100","66,100","66,500","66,000","66,204",0,0.00,1.21,80.41,0.00,0.00,1.21,80.41,"138,146.05"
812,31/05/2023,VNM,"66,500","66,800","66,100","66,800","66,100","66,422",-400,-0.60,1.47,97.41,0.07,4.70,1.54,102.12,"138,146.05"
813,30/05/2023,VNM,"67,100","67,100","66,500","67,400","66,500","66,866",-600,-0.89,1.77,118.39,1.48,98.79,3.25,217.17,"138,982.04"
814,29/05/2023,VNM,"67,100","67,300","67,100","67,700","67,100","67,273",0,0.00,1.04,70.21,1.31,87.82,2.35,158.03,"140,236.01"
815,26/05/2023,VNM,"67,100","67,400","67,100","68,000","67,100","67,505",0,0.00,0.90,61.06,1.21,81.97,2.12,143.02,"140,236.01"
816,25/05/2023,VNM,"66,300","66,200","67,100","67,500","66,000","66,915",800,1.21,1.31,87.36,0.67,44.50,1.97,131.86,"140,236.01"
817,24/05/2023,VNM,"67,000","67,100","66,300","67,400","66,100","66,599",-700,-1.04,2.35,156.51,0.00,0.00,2.35,156.51,"138,564.05"
818,23/05/2023,VNM,"68,200","68,000","67,000","68,400","67,000","67,651","-1,200",-1.76,2.94,198.60,0.00,0.00,2.94,198.60,"140,027.01"
819,22/05/2023,VNM,"68,600","68,700","68,200","69,000","68,200","68,499",-400,-0.58,1.70,116.31,0.00,0.00,1.70,116.31,"142,534.96"
820,19/05/2023,VNM,"69,200","69,400","68,600","69,500","68,600","68,785",-600,-0.87,1.20,82.80,0.13,8.65,1.33,91.45,"143,370.94"
821,18/05/2023,VNM,"69,000","69,000","69,200","70,000","68,500","69,063",200,0.29,2.50,172.41,0.13,8.69,2.62,181.10,"144,624.92"
822,17/05/2023,VNM,"69,700","69,700","69,000","69,700","68,800","69,055",-700,-1.00,1.87,129.08,0.12,8.55,1.99,137.63,"144,206.93"
823,16/05/2023,VNM,"69,000","69,000","69,700","69,700","69,000","69,115",700,1.01,1.38,95.40,0.57,39.19,1.95,134.59,"145,669.89"
824,15/05/2023,VNM,"69,600","69,900","69,000","69,900","69,000","69,321",-600,-0.86,1.54,106.60,0.57,39.36,2.11,145.96,"144,206.93"
825,12/05/2023,VNM,"70,000","70,400","69,600","70,400","69,500","69,661",-400,-0.57,1.21,84.58,0.00,0.00,1.21,84.58,"145,460.90"
826,11/05/2023,VNM,"70,500","70,500","70,000","70,900","70,000","70,170",-500,-0.71,0.45,31.39,0.32,22.46,0.77,53.85,"146,296.88"
827,10/05/2023,VNM,"70,700","70,800","70,500","71,100","70,500","70,832",-200,-0.28,0.95,67.40,0.46,32.54,1.41,99.94,"147,341.86"
828,09/05/2023,VNM,"70,400","70,800","70,700","71,000","70,500","70,762",300,0.43,0.87,61.66,2.11,149.58,2.99,211.23,"147,759.85"
829,08/05/2023,VNM,"68,800","69,000","70,400","70,400","69,000","70,092","1,600",2.33,1.23,86.05,0.67,46.93,1.90,132.98,"147,132.86"
830,05/05/2023,VNM,"68,600","68,600","68,800","69,200","68,600","68,892",200,0.29,0.71,49.07,1.07,73.99,1.79,123.05,"143,788.93"
831,04/05/2023,VNM,"70,000","70,000","68,600","70,000","68,400","68,938","-1,400",-2.00,2.66,183.22,0.52,35.49,3.17,218.71,"143,370.94"
832,28/04/2023,VNM,"69,500","69,800","70,000","70,200","69,700","69,945",500,0.72,1.12,78.11,1.02,71.31,2.14,149.42,"146,296.88"
833,27/04/2023,VNM,"71,000","71,000","69,500","71,000","69,500","69,928","-1,500",-2.11,1.37,95.74,0.00,0.00,1.37,95.74,"145,251.90"
834,26/04/2023,VNM,"69,900","70,000","71,000","71,000","70,000","70,629","1,100",1.57,0.94,66.50,4.20,298.26,5.15,364.76,"148,386.84"
835,25/04/2023,VNM,"70,500","70,500","69,900","71,400","69,800","70,231",-600,-0.85,1.37,96.23,0.00,0.00,1.37,96.23,"146,087.89"
836,24/04/2023,VNM,"70,900","71,000","70,500","71,100","70,200","70,629",-400,-0.56,1.13,80.14,0.72,50.64,1.85,130.78,"147,341.86"
837,21/04/2023,VNM,"71,900","72,000","70,900","72,000","70,800","71,260","-1,000",-1.39,1.11,78.93,0.54,38.19,1.64,117.12,"148,177.84"
838,20/04/2023,VNM,"72,000","72,100","71,900","72,600","71,800","72,037",-100,-0.14,0.82,59.24,0.50,36.02,1.32,95.25,"150,267.80"
839,19/04/2023,VNM,"73,000","73,100","72,000","73,100","72,000","72,254","-1,000",-1.37,0.82,58.98,0.00,0.00,0.82,58.98,"150,476.79"
840,18/04/2023,VNM,"71,700","71,800","73,000","73,000","71,800","72,298","1,300",1.81,0.93,67.37,0.89,64.33,1.82,131.69,"152,566.75"
841,17/04/2023,VNM,"72,800","72,800","71,700","72,900","71,700","71,982","-1,100",-1.51,1.37,98.28,0.00,0.00,1.37,98.28,"149,849.81"
842,14/04/2023,VNM,"73,500","73,600","72,800","73,700","72,800","73,099",-700,-0.95,1.29,94.59,0.00,0.00,1.29,94.59,"152,148.76"
843,13/04/2023,VNM,"74,300","74,300","73,500","74,400","73,500","73,837",-800,-1.08,0.89,65.69,0.86,63.39,1.75,129.08,"153,611.73"
844,12/04/2023,VNM,"74,400","74,400","74,300","74,400","74,000","74,176",-100,-0.13,0.98,72.63,0.00,0.00,0.98,72.63,"155,283.69"
845,11/04/2023,VNM,"74,400","74,300","74,400","74,500","74,100","74,297",0,0.00,0.78,58.16,0.00,0.00,0.78,58.16,"155,492.69"
846,10/04/2023,VNM,"74,700","74,700","74,400","74,700","74,400","74,538",-300,-0.40,0.83,62.07,0.00,0.00,0.83,62.07,"155,492.69"
847,07/04/2023,VNM,"74,300","74,400","74,700","74,700","74,300","74,481",400,0.54,0.79,59.17,0.00,0.00,0.79,59.17,"156,119.67"
848,06/04/2023,VNM,"74,500","74,400","74,300","74,600","74,300","74,390",-200,-0.27,0.91,67.37,0.06,4.59,0.97,71.96,"155,283.69"
849,05/04/2023,VNM,"74,200","74,200","74,500","74,800","74,100","74,383",300,0.40,0.96,71.66,0.00,0.00,0.96,71.66,"155,701.68"
850,04/04/2023,VNM,"74,400","74,400","74,200","74,500","74,200","74,338",-200,-0.27,1.82,135.22,0.00,0.00,1.82,135.22,"155,074.69"
851,03/04/2023,VNM,"74,400","74,600","74,400","74,900","74,200","74,477",0,0.00,0.85,63.35,0.00,0.00,0.85,63.35,"155,492.69"
852,31/03/2023,VNM,"75,000","75,000","74,400","75,400","74,400","74,771",-600,-0.80,1.08,80.46,0.00,0.00,1.08,80.46,"155,492.69"
853,30/03/2023,VNM,"74,900","74,700","75,000","75,400","74,600","75,090",100,0.13,0.84,62.98,0.00,0.00,0.84,62.98,"156,746.66"
854,29/03/2023,VNM,"74,400","74,700","74,900","74,900","74,400","74,526",500,0.67,0.91,67.63,0.00,0.00,0.91,67.63,"156,537.66"
855,28/03/2023,VNM,"74,600","74,500","74,400","75,300","74,400","74,602",-200,-0.27,1.65,123.09,0.00,0.00,1.65,123.09,"155,492.69"
856,27/03/2023,VNM,"75,000","75,000","74,600","75,000","74,300","74,448",-400,-0.53,1.37,102.11,0.09,6.77,1.46,108.87,"155,910.68"
857,24/03/2023,VNM,"75,300","75,000","75,000","75,500","74,800","75,146",-300,-0.40,0.93,70.06,0.00,0.00,0.93,70.06,"156,746.66"
858,23/03/2023,VNM,"74,400","74,300","75,300","75,300","74,000","74,724",900,1.21,1.29,96.02,0.52,38.89,1.81,134.91,"157,373.65"
859,22/03/2023,VNM,"74,400","74,600","74,400","74,700","74,400","74,467",0,0.00,0.90,67.04,0.00,0.00,0.90,67.04,"155,492.69"
860,21/03/2023,VNM,"74,300","74,400","74,400","75,100","74,200","74,498",100,0.13,1.35,100.59,0.00,0.00,1.35,100.59,"155,492.69"
861,20/03/2023,VNM,"74,500","75,000","74,300","75,000","74,100","74,398",-200,-0.27,1.61,119.75,0.00,0.00,1.61,119.75,"155,283.69"
862,17/03/2023,VNM,"76,400","76,400","74,500","76,400","74,500","75,015","-1,900",-2.49,2.43,182.50,0.08,6.13,2.51,188.63,"155,701.68"
863,16/03/2023,VNM,"77,100","77,000","76,400","77,100","75,900","76,246",-700,-0.91,1.53,116.60,0.37,27.89,1.90,144.49,"159,672.60"
864,15/03/2023,VNM,"76,600","76,600","77,100","77,300","76,500","76,892",500,0.65,1.96,150.72,0.08,6.16,2.04,156.88,"161,135.56"
865,14/03/2023,VNM,"76,900","76,300","76,600","76,900","75,600","76,247",-300,-0.39,1.74,132.30,0.00,0.00,1.74,132.30,"160,090.59"
866,13/03/2023,VNM,"76,900","76,800","76,900","77,100","76,600","76,958",0,0.00,1.82,140.41,0.00,0.00,1.82,140.41,"160,717.57"
867,10/03/2023,VNM,"76,500","76,500","76,900","77,200","76,100","76,799",400,0.52,1.43,109.65,0.00,0.00,1.43,109.65,"160,717.57"
868,09/03/2023,VNM,"76,500","76,200","76,500","77,100","76,200","76,776",0,0.00,1.39,106.70,0.10,7.68,1.49,114.37,"159,881.59"
869,08/03/2023,VNM,"75,800","75,200","76,500","76,500","75,000","75,813",700,0.92,1.24,94.34,0.00,0.00,1.24,94.34,"159,881.59"
870,07/03/2023,VNM,"75,000","75,900","75,800","76,200","75,500","75,901",800,1.07,1.17,88.87,0.00,0.00,1.17,88.87,"158,418.62"
871,06/03/2023,VNM,"76,000","76,000","75,000","76,600","75,000","75,821","-1,000",-1.32,0.89,67.62,0.00,0.00,0.89,67.62,"156,746.66"
872,03/03/2023,VNM,"76,500","75,000","76,000","76,800","75,000","76,041",-500,-0.65,0.70,53.55,0.00,0.00,0.70,53.55,"158,836.61"
873,02/03/2023,VNM,"76,900","76,900","76,500","76,900","76,100","76,451",-400,-0.52,1.09,83.24,0.00,0.00,1.09,83.24,"159,881.59"
874,01/03/2023,VNM,"75,500","75,100","76,900","77,000","75,000","76,311","1,400",1.85,1.64,124.81,0.00,0.00,1.64,124.81,"160,717.57"
875,28/02/2023,VNM,"75,200","75,500","75,500","75,900","75,100","75,519",300,0.40,1.03,78.11,0.00,0.00,1.03,78.11,"157,791.64"
876,27/02/2023,VNM,"74,700","74,700","75,200","75,900","74,000","75,044",500,0.67,1.11,83.49,0.00,0.00,1.11,83.49,"157,164.65"
877,24/02/2023,VNM,"75,700","75,700","74,700","76,000","74,500","74,895","-1,000",-1.32,1.68,125.90,0.00,0.00,1.68,125.90,"156,119.67"
878,23/02/2023,VNM,"75,500","75,500","75,700","76,900","74,400","75,226",200,0.26,2.33,175.12,0.00,0.00,2.33,175.12,"158,209.63"
879,22/02/2023,VNM,"77,200","76,300","75,500","76,700","75,500","75,931","-1,700",-2.20,1.30,98.38,0.09,6.67,1.38,105.05,"157,791.64"
880,21/02/2023,VNM,"77,500","77,500","77,200","77,600","76,700","77,101",-300,-0.39,0.89,68.49,0.00,0.00,0.89,68.49,"161,344.56"
881,20/02/2023,VNM,"76,000","76,000","77,500","77,500","75,500","76,852","1,500",1.97,1.39,106.46,0.00,0.00,1.39,106.46,"161,971.55"
882,17/02/2023,VNM,"76,500","76,100","76,000","76,400","75,300","75,955",-500,-0.65,0.78,59.02,0.17,12.66,0.94,71.68,"158,836.61"
883,16/02/2023,VNM,"76,000","76,000","76,500","76,500","75,600","76,061",500,0.66,0.69,52.58,0.00,0.00,0.69,52.58,"159,881.59"
884,15/02/2023,VNM,"74,700","74,700","76,000","76,000","74,400","75,384","1,300",1.74,1.44,108.82,0.00,0.00,1.44,108.82,"158,836.61"
885,14/02/2023,VNM,"75,300","75,300","74,700","75,700","74,400","74,972",-600,-0.80,1.07,80.48,0.12,9.45,1.19,89.93,"156,119.67"
886,13/02/2023,VNM,"75,900","75,900","75,300","75,900","74,100","74,580",-600,-0.79,1.57,117.02,0.07,4.85,1.64,121.86,"157,373.65"
887,10/02/2023,VNM,"75,000","75,000","75,900","75,900","75,000","75,209",900,1.20,1.24,92.97,0.00,0.00,1.24,92.97,"158,627.62"
888,09/02/2023,VNM,"75,800","75,800","75,000","76,000","75,000","75,212",-800,-1.06,1.59,119.86,0.03,2.01,1.62,121.87,"156,746.66"
889,08/02/2023,VNM,"76,100","76,200","75,800","76,600","75,700","76,094",-300,-0.39,1.55,117.95,0.00,0.00,1.55,117.95,"158,418.62"
890,07/02/2023,VNM,"77,400","77,600","76,100","77,600","76,100","76,973","-1,300",-1.68,1.27,98.09,0.00,0.00,1.27,98.09,"159,045.61"
891,06/02/2023,VNM,"76,000","75,900","77,400","77,500","75,900","76,833","1,400",1.84,1.91,146.80,0.00,0.00,1.91,146.80,"161,762.55"
892,03/02/2023,VNM,"76,700","77,000","76,000","77,100","75,900","76,356",-700,-0.91,1.86,141.66,0.11,8.53,1.97,150.18,"158,836.61"
893,02/02/2023,VNM,"77,200","77,400","76,700","77,500","76,700","77,167",-500,-0.65,1.49,115.32,0.03,2.01,1.52,117.33,"160,299.58"
894,01/02/2023,VNM,"77,100","77,700","77,200","77,800","76,900","77,383",100,0.13,1.81,140.09,0.00,0.00,1.81,140.09,"161,344.56"
895,31/01/2023,VNM,"79,400","79,200","77,100","79,500","76,900","77,394","-2,300",-2.90,4.82,372.85,0.13,10.07,4.95,382.92,"161,135.56"
896,30/01/2023,VNM,"80,000","80,000","79,400","80,000","79,400","79,597",-600,-0.75,1.61,128.47,0.00,0.00,1.61,128.47,"165,942.46"
897,27/01/2023,VNM,"81,300","81,400","80,000","81,900","79,600","80,642","-1,300",-1.60,2.33,188.04,0.00,0.00,2.33,188.04,"167,196.44"
898,19/01/2023,VNM,"81,300","80,800","81,300","81,500","80,000","80,974",0,0.00,2.63,212.78,0.16,13.37,2.79,226.15,"169,913.38"
899,18/01/2023,VNM,"80,900","80,900","81,300","81,500","80,700","81,210",400,0.49,1.30,105.40,0.10,8.12,1.40,113.53,"169,913.38"
900,17/01/2023,VNM,"79,400","80,200","80,900","81,000","79,400","80,568","1,500",1.89,1.67,134.66,0.07,5.54,1.74,140.20,"169,077.40"
901,16/01/2023,VNM,"80,600","80,600","79,400","80,800","79,400","79,788","-1,200",-1.49,0.65,52.24,0.20,15.96,0.85,68.19,"165,942.46"
902,13/01/2023,VNM,"80,000","80,200","80,600","81,100","80,100","80,689",600,0.75,1.45,116.92,0.24,19.36,1.69,136.28,"168,450.41"
903,12/01/2023,VNM,"79,400","79,900","80,000","80,200","79,300","79,801",600,0.76,0.68,54.66,0.07,5.61,0.75,60.27,"167,196.44"
904,11/01/2023,VNM,"81,000","81,000","79,400","81,600","79,400","80,306","-1,600",-1.98,1.53,123.25,0.04,3.24,1.57,126.49,"165,942.46"
905,10/01/2023,VNM,"80,700","80,900","81,000","81,500","80,600","81,109",300,0.37,1.20,97.01,0.02,1.59,1.22,98.59,"169,286.39"
906,09/01/2023,VNM,"79,800","79,900","80,700","80,700","79,600","80,090",900,1.13,0.95,75.95,0.00,0.00,0.95,75.95,"168,659.40"
907,06/01/2023,VNM,"81,200","81,000","79,800","81,200","79,600","80,509","-1,400",-1.72,1.27,102.22,0.04,3.21,1.31,105.44,"166,778.44"
908,05/01/2023,VNM,"79,300","79,300","81,200","81,400","79,000","80,482","1,900",2.40,2.47,198.77,0.00,0.00,2.47,198.77,"169,704.38"
909,04/01/2023,VNM,"78,500","78,700","79,300","79,300","78,600","78,942",800,1.02,1.09,86.03,0.06,5.00,1.15,91.03,"165,733.47"
910,03/01/2023,VNM,"76,100","76,500","78,500","78,500","76,200","77,594","2,400",3.15,1.50,116.08,0.00,0.00,1.50,116.08,"164,061.50"
911,30/12/2022,VNM,"77,000","78,000","76,100","78,000","76,100","76,973",-900,-1.17,1.20,92.31,0.00,0.00,1.20,92.31,"159,045.61"
912,29/12/2022,VNM,"77,000","77,400","77,000","78,200","77,000","77,510",0,0.00,1.33,103.07,0.00,0.00,1.33,103.07,"160,926.57"
913,28/12/2022,VNM,"76,600","76,700","77,000","78,000","76,600","77,221",400,0.52,1.19,91.78,0.06,4.60,1.25,96.38,"160,926.57"
914,27/12/2022,VNM,"76,000","76,800","76,600","78,000","76,000","76,894",600,0.79,1.59,122.02,0.00,0.00,1.59,122.02,"160,090.59"
915,26/12/2022,VNM,"76,200","76,400","76,000","77,600","75,900","76,650",-200,-0.26,1.66,127.06,0.00,0.00,1.66,127.06,"158,836.61"
916,23/12/2022,VNM,"77,000","77,100","76,200","78,200","76,200","77,080",-800,-1.04,1.56,120.38,0.00,0.00,1.56,120.38,"159,254.60"
917,22/12/2022,VNM,"78,300","79,300","77,000","79,500","77,000","78,135","-1,300",-1.66,1.59,124.02,0.04,3.44,1.63,127.46,"160,926.57"
918,21/12/2022,VNM,"78,700","79,700","79,700","80,600","79,500","80,046","1,000",1.27,2.31,184.55,0.00,0.00,2.31,184.55,"166,569.45"
919,20/12/2022,VNM,"77,000","77,300","78,700","79,700","76,900","78,135","1,700",2.21,3.03,236.77,0.00,0.00,3.03,236.77,"164,479.49"
920,19/12/2022,VNM,"78,000","78,500","77,000","78,500","77,000","77,682","-1,000",-1.28,2.42,188.20,0.00,0.00,2.42,188.20,"160,926.57"
921,16/12/2022,VNM,"77,600","77,700","78,000","78,800","77,600","78,132",400,0.52,3.00,234.55,0.00,0.00,3.00,234.55,"163,016.52"
922,15/12/2022,VNM,"77,500","77,500","77,600","79,200","77,300","78,210",100,0.13,2.60,202.98,0.00,0.00,2.60,202.98,"162,180.54"
923,14/12/2022,VNM,"78,000","79,400","77,500","79,400","77,500","77,950",-500,-0.64,3.52,274.55,0.34,26.74,3.87,301.29,"161,971.55"
924,13/12/2022,VNM,"78,500","78,600","78,000","79,400","77,200","77,978",-500,-0.64,3.61,281.53,0.44,34.37,4.05,315.90,"163,016.52"
925,12/12/2022,VNM,"80,000","80,300","78,500","81,900","78,400","79,170","-1,500",-1.88,3.14,248.81,0.80,64.00,3.94,312.81,"164,061.50"
926,09/12/2022,VNM,"81,000","81,000","80,000","81,800","80,000","80,692","-1,000",-1.23,2.41,194.35,0.00,0.00,2.41,194.35,"167,196.44"
927,08/12/2022,VNM,"82,500","83,000","81,000","84,000","81,000","82,804","-1,500",-1.82,1.60,132.25,0.08,6.66,1.68,138.91,"169,286.39"
928,07/12/2022,VNM,"82,500","83,000","82,500","84,300","81,800","83,097",0,0.00,1.84,152.87,0.10,8.37,1.94,161.23,"172,421.32"
929,06/12/2022,VNM,"85,000","85,000","82,500","85,100","82,500","83,857","-2,500",-2.94,1.40,117.01,0.00,0.00,1.40,117.01,"172,421.32"
930,05/12/2022,VNM,"84,000","84,100","85,000","85,600","84,100","84,977","1,000",1.19,2.07,175.56,0.00,0.00,2.07,175.56,"177,646.21"
931,02/12/2022,VNM,"82,400","82,300","84,000","84,000","82,000","83,304","1,600",1.94,2.52,210.08,0.08,6.56,2.60,216.63,"175,556.26"
932,01/12/2022,VNM,"82,800","81,600","82,400","82,900","81,600","82,080",-400,-0.48,2.22,181.96,0.00,0.00,2.22,181.96,"172,212.33"
933,30/11/2022,VNM,"83,000","83,000","82,800","83,000","81,500","82,578",-200,-0.24,2.00,164.79,0.00,0.00,2.00,164.79,"173,048.31"
934,29/11/2022,VNM,"81,700","81,300","83,000","83,300","80,500","81,580","1,300",1.59,2.40,196.14,0.00,0.00,2.40,196.14,"173,466.30"
935,28/11/2022,VNM,"82,200","82,000","81,700","83,400","81,700","82,707",-500,-0.61,2.30,190.16,0.00,0.00,2.30,190.16,"170,749.36"
936,25/11/2022,VNM,"81,200","81,300","82,200","82,700","81,000","82,057","1,000",1.23,2.60,213.03,0.00,0.00,2.60,213.03,"171,794.34"
937,24/11/2022,VNM,"79,400","79,000","81,200","81,200","78,900","80,294","1,800",2.27,2.88,231.34,0.38,30.53,3.26,261.87,"169,704.38"
938,23/11/2022,VNM,"79,500","79,500","79,400","79,700","78,300","78,894",-100,-0.13,0.77,60.99,0.00,0.00,0.77,60.99,"165,942.46"
939,22/11/2022,VNM,"77,900","77,500","79,500","80,200","77,400","79,425","1,600",2.05,2.28,181.19,0.00,0.00,2.28,181.19,"166,151.46"
940,21/11/2022,VNM,"77,000","77,000","77,900","77,900","76,900","77,186",900,1.17,1.79,137.96,0.00,0.00,1.79,137.96,"162,807.53"
941,18/11/2022,VNM,"76,000","77,000","77,000","77,800","75,700","76,526","1,000",1.32,2.23,170.60,0.00,0.00,2.23,170.60,"160,926.57"
942,17/11/2022,VNM,"74,500","76,800","76,000","78,300","75,100","76,157","1,500",2.01,2.60,197.97,0.00,0.00,2.60,197.97,"158,836.61"
943,16/11/2022,VNM,"77,000","75,500","74,500","78,800","73,800","75,905","-2,500",-3.25,3.54,268.90,0.58,42.97,4.12,311.87,"155,701.68"
944,15/11/2022,VNM,"79,000","79,000","77,000","79,400","76,500","77,550","-2,000",-2.53,2.09,162.05,0.30,23.27,2.39,185.31,"160,926.57"
945,14/11/2022,VNM,"78,400","78,000","79,000","82,000","76,100","78,002",600,0.77,2.60,202.56,0.17,13.26,2.77,215.82,"165,106.48"
946,11/11/2022,VNM,"78,400","78,900","78,400","80,400","78,400","79,645",0,0.00,1.56,124.60,0.00,0.00,1.56,124.60,"163,852.51"
947,10/11/2022,VNM,"80,900","80,900","78,400","81,000","77,000","78,516","-2,500",-3.09,2.64,207.10,0.00,0.00,2.64,207.10,"163,852.51"
948,09/11/2022,VNM,"82,400","82,000","80,900","82,200","80,000","81,123","-1,500",-1.82,2.70,219.12,0.00,0.00,2.70,219.12,"169,077.40"
949,08/11/2022,VNM,"82,200","82,200","82,400","82,400","79,600","81,422",200,0.24,2.30,187.38,0.20,16.29,2.50,203.67,"172,212.33"
950,07/11/2022,VNM,"80,000","80,100","82,200","82,200","80,000","81,490","2,200",2.75,2.64,214.99,0.00,0.00,2.64,214.99,"171,794.34"
951,04/11/2022,VNM,"80,000","79,900","80,000","81,000","78,000","80,012",0,0.00,2.91,232.77,0.27,21.49,3.18,254.26,"167,196.44"
952,03/11/2022,VNM,"78,300","78,000","80,000","80,700","78,000","79,771","1,700",2.17,1.28,101.97,0.00,0.00,1.28,101.97,"167,196.44"
953,02/11/2022,VNM,"80,200","80,200","78,300","80,300","78,300","79,419","-1,900",-2.37,1.83,145.38,0.00,0.00,1.83,145.38,"163,643.51"
954,01/11/2022,VNM,"78,500","78,500","80,200","82,500","78,500","80,686","1,700",2.17,3.18,256.59,0.00,0.00,3.18,256.59,"167,614.43"
955,31/10/2022,VNM,"78,000","77,700","78,500","78,500","77,300","77,883",500,0.64,1.57,122.45,0.38,29.36,1.95,151.80,"164,061.50"
956,28/10/2022,VNM,"78,500","78,500","78,000","78,600","77,700","78,270",-500,-0.64,1.44,112.62,0.18,13.74,1.61,126.36,"163,016.52"
957,27/10/2022,VNM,"76,000","76,000","78,500","78,500","76,000","77,810","2,500",3.29,2.28,177.69,0.00,0.00,2.28,177.69,"164,061.50"
958,26/10/2022,VNM,"76,000","76,000","76,000","76,400","75,600","75,949",0,0.00,0.82,62.64,0.64,48.88,1.47,111.51,"158,836.61"
959,25/10/2022,VNM,"74,000","74,100","76,000","76,800","74,100","75,621","2,000",2.70,1.66,125.35,0.00,0.00,1.66,125.35,"158,836.61"
960,24/10/2022,VNM,"77,000","77,200","74,000","77,200","74,000","75,699","-3,000",-3.90,1.58,119.50,0.76,58.52,2.34,178.02,"154,656.70"
961,21/10/2022,VNM,"77,500","77,500","77,000","78,400","76,500","77,510",-500,-0.65,2.10,162.59,0.00,0.00,2.10,162.59,"160,926.57"
962,20/10/2022,VNM,"76,600","76,600","77,500","77,500","75,800","76,904",900,1.17,2.29,176.14,0.37,28.98,2.66,205.12,"161,971.55"
963,19/10/2022,VNM,"76,500","76,100","76,600","76,800","76,100","76,500",100,0.13,1.04,79.41,0.43,32.50,1.47,111.91,"160,090.59"
964,18/10/2022,VNM,"74,100","75,000","76,500","77,000","74,700","76,322","2,400",3.24,3.14,239.42,0.04,2.67,3.17,242.09,"159,881.59"
965,17/10/2022,VNM,"74,000","73,800","74,100","75,100","73,700","74,408",100,0.14,1.68,124.98,0.13,9.86,1.81,134.84,"154,865.70"
966,14/10/2022,VNM,"73,800","74,000","74,000","74,500","73,700","74,141",200,0.27,1.44,106.50,0.31,22.95,1.75,129.45,"154,656.70"
967,13/10/2022,VNM,"71,600","71,000","73,800","73,800","70,800","72,502","2,200",3.07,3.17,229.90,0.00,0.00,3.17,229.90,"154,238.71"
968,12/10/2022,VNM,"70,200","70,500","71,600","71,700","70,100","71,223","1,400",1.99,1.27,90.74,0.00,0.00,1.27,90.74,"149,640.81"
969,11/10/2022,VNM,"70,500","70,500","70,200","71,500","69,600","70,392",-300,-0.43,1.72,120.96,0.00,0.00,1.72,120.96,"146,714.87"
970,10/10/2022,VNM,"69,800","68,500","70,500","71,500","67,400","69,994",700,1.00,1.66,116.32,0.00,0.00,1.66,116.32,"147,341.86"
971,07/10/2022,VNM,"70,000","69,300","69,800","71,300","66,500","68,140",-200,-0.29,2.69,182.98,0.00,0.00,2.69,182.98,"145,878.89"
972,06/10/2022,VNM,"71,600","71,300","70,000","71,400","70,000","70,802","-1,600",-2.23,1.50,106.42,0.32,22.41,1.82,128.82,"146,296.88"
973,05/10/2022,VNM,"70,900","71,000","71,600","72,000","71,000","71,591",700,0.99,1.49,106.91,0.00,0.00,1.49,106.91,"149,640.81"
974,04/10/2022,VNM,"71,000","71,800","70,900","71,800","70,000","70,834",-100,-0.14,1.63,115.55,0.12,8.78,1.76,124.33,"148,177.84"
975,03/10/2022,VNM,"72,300","71,900","71,000","72,500","71,000","72,015","-1,300",-1.80,2.04,146.85,0.30,21.60,2.34,168.45,"148,386.84"
976,30/09/2022,VNM,"72,700","71,900","72,300","73,300","71,900","72,446",-400,-0.55,2.35,169.89,0.16,11.91,2.51,181.80,"151,103.78"
977,29/09/2022,VNM,"71,800","72,900","72,700","73,500","72,200","72,975",900,1.25,2.03,148.37,0.34,24.95,2.38,173.32,"151,939.76"
978,28/09/2022,VNM,"72,400","72,000","71,800","73,000","70,900","71,845",-600,-0.83,2.15,154.16,0.35,24.91,2.49,179.06,"150,058.80"
979,27/09/2022,VNM,"74,000","74,500","72,400","74,900","72,300","72,929","-1,600",-2.16,2.42,176.16,0.35,25.52,2.77,201.68,"151,312.77"
980,26/09/2022,VNM,"76,700","75,800","74,000","76,200","73,700","75,196","-2,700",-3.52,3.39,254.61,0.30,22.55,3.69,277.17,"154,656.70"
981,23/09/2022,VNM,"76,900","77,000","76,700","77,300","76,500","76,838",-200,-0.26,1.40,107.47,0.00,0.00,1.40,107.47,"160,299.58"
982,22/09/2022,VNM,"76,900","76,600","76,900","77,100","76,000","76,569",0,0.00,1.03,79.13,0.00,0.00,1.03,79.13,"160,717.57"
983,21/09/2022,VNM,"75,800","75,700","76,900","77,600","75,600","76,706","1,100",1.45,2.48,190.04,0.00,0.00,2.48,190.04,"160,717.57"
984,20/09/2022,VNM,"75,200","75,300","75,800","76,200","75,300","75,678",600,0.80,1.14,86.25,0.00,0.00,1.14,86.25,"158,418.62"
985,19/09/2022,VNM,"76,000","75,600","75,200","75,700","74,900","75,340",-800,-1.05,1.42,106.83,0.00,0.00,1.42,106.83,"157,164.65"
986,16/09/2022,VNM,"74,500","74,700","76,000","76,000","74,400","75,402","1,500",2.01,2.31,174.07,0.00,0.00,2.31,174.07,"158,836.61"
987,15/09/2022,VNM,"74,000","74,100","74,500","75,200","74,100","74,547",500,0.68,1.21,90.02,0.00,0.00,1.21,90.02,"155,701.68"
988,14/09/2022,VNM,"75,700","74,900","74,000","75,000","73,800","74,308","-1,700",-2.25,2.04,151.43,0.00,0.00,2.04,151.43,"154,656.70"
989,13/09/2022,VNM,"75,300","75,200","75,700","76,000","75,200","75,643",400,0.53,1.56,117.74,0.00,0.00,1.56,117.74,"158,209.63"
990,12/09/2022,VNM,"75,900","76,000","75,300","76,200","75,300","75,675",-600,-0.79,1.39,104.89,0.00,0.00,1.39,104.89,"157,373.65"
991,09/09/2022,VNM,"75,700","75,900","75,900","76,500","75,500","76,039",200,0.26,1.19,90.37,0.00,0.00,1.19,90.37,"158,627.62"
992,08/09/2022,VNM,"75,700","76,000","75,700","76,500","75,200","75,835",0,0.00,1.35,102.46,0.00,0.00,1.35,102.46,"158,209.63"
993,07/09/2022,VNM,"77,800","77,800","75,700","77,800","75,700","76,965","-2,100",-2.70,2.92,224.46,0.00,0.00,2.92,224.46,"158,209.63"
994,06/09/2022,VNM,"77,500","77,500","77,800","79,000","77,300","78,144",300,0.39,2.65,207.00,0.02,1.55,2.67,208.56,"162,598.53"
995,05/09/2022,VNM,"75,500","75,500","77,500","77,800","75,500","76,546","2,000",2.65,3.17,242.61,0.00,0.00,3.17,242.61,"161,971.55"
996,31/08/2022,VNM,"76,000","75,900","75,500","76,400","75,500","75,940",-500,-0.66,1.66,125.84,0.02,1.52,1.68,127.36,"157,791.64"
997,30/08/2022,VNM,"75,500","75,500","76,000","76,400","75,500","75,955",500,0.66,2.23,169.75,0.04,3.05,2.28,172.80,"158,836.61"
998,29/08/2022,VNM,"76,900","76,100","75,500","76,300","75,400","75,754","-1,400",-1.82,3.31,250.86,0.02,1.47,3.33,252.33,"157,791.64"
999,26/08/2022,VNM,"77,900","77,800","76,900","78,100","76,200","77,054","-1,000",-1.28,2.46,189.78,0.00,0.00,2.46,189.78,"160,717.57"
1000,25/08/2022,VNM,"77,700","77,900","77,900","78,300","77,000","77,730",200,0.26,2.18,169.61,0.00,0.00,2.18,169.61,"162,807.53"
1001,24/08/2022,VNM,"75,800","75,800","77,700","78,300","75,800","77,386","1,900",2.51,5.44,421.26,0.61,47.51,6.05,468.77,"162,389.54"
1002,23/08/2022,VNM,"73,700","73,700","75,800","75,900","73,600","74,649","2,100",2.85,4.55,339.74,0.00,0.00,4.55,339.74,"158,418.62"
1003,22/08/2022,VNM,"74,100","74,100","73,700","74,800","73,700","74,193",-400,-0.54,2.07,153.71,0.08,5.44,2.15,159.14,"154,029.72"
1004,19/08/2022,VNM,"73,400","73,400","74,100","74,500","72,900","74,170",700,0.95,5.23,387.58,0.13,9.05,5.35,396.63,"154,865.70"
1005,18/08/2022,VNM,"72,600","72,600","73,400","73,600","72,600","73,238",800,1.10,4.23,309.84,0.00,0.00,4.23,309.84,"153,402.73"
1006,17/08/2022,VNM,"71,800","71,800","72,600","72,600","71,700","72,306",800,1.11,1.32,95.18,0.17,12.13,1.48,107.32,"151,730.77"
1007,16/08/2022,VNM,"71,500","71,800","71,800","72,400","71,700","71,854",300,0.42,1.69,121.31,0.67,48.47,2.36,169.78,"150,058.80"
1008,15/08/2022,VNM,"71,900","72,000","71,500","72,000","71,300","71,563",-400,-0.56,2.53,180.75,0.00,0.00,2.53,180.75,"149,431.81"
1009,12/08/2022,VNM,"71,100","71,000","71,900","71,900","71,000","71,654",800,1.13,1.80,128.70,0.38,27.34,2.18,156.03,"150,267.80"
1010,11/08/2022,VNM,"72,500","72,600","71,100","72,600","70,700","71,767","-1,400",-1.93,3.88,278.79,0.20,14.35,4.08,293.14,"148,595.83"
1011,10/08/2022,VNM,"72,000","72,000","72,500","72,600","72,000","72,288",500,0.69,1.54,111.67,0.81,58.84,2.36,170.51,"151,521.77"
1012,09/08/2022,VNM,"72,200","72,200","72,000","72,400","72,000","72,168",-200,-0.28,2.13,153.70,0.17,12.18,2.30,165.88,"150,476.79"
1013,08/08/2022,VNM,"72,600","72,500","72,200","72,500","72,100","72,257",-400,-0.55,2.80,202.02,0.00,0.00,2.80,202.02,"150,894.78"
1014,05/08/2022,VNM,"73,300","73,300","72,600","73,400","72,600","72,845",-700,-0.95,2.14,155.55,0.00,0.00,2.14,155.55,"151,730.77"
1015,04/08/2022,VNM,"73,400","73,400","73,300","73,400","72,800","73,171",-100,-0.14,1.72,125.90,0.17,12.16,1.89,138.06,"153,193.73"
1016,03/08/2022,VNM,"73,400","72,800","73,400","73,500","72,500","72,928",0,0.00,3.13,228.61,0.00,0.00,3.13,228.61,"153,402.73"
1017,02/08/2022,VNM,"73,500","73,400","73,400","74,200","72,700","73,292",-100,-0.14,2.60,190.62,0.39,28.48,2.99,219.10,"153,402.73"
1018,01/08/2022,VNM,"72,800","72,800","73,500","73,500","72,200","72,625",700,0.96,2.53,183.57,0.55,39.98,3.08,223.55,"153,611.73"
1019,29/07/2022,VNM,"72,600","72,700","72,800","73,600","72,400","73,132",200,0.28,2.58,188.89,0.29,21.15,2.87,210.03,"152,148.76"
1020,28/07/2022,VNM,"72,200","72,500","72,600","72,800","72,300","72,559",400,0.55,1.22,88.48,0.31,22.72,1.53,111.19,"151,730.77"
1021,27/07/2022,VNM,"72,000","72,000","72,200","72,600","71,800","72,265",200,0.28,0.79,57.05,0.43,31.33,1.22,88.38,"150,894.78"
1022,26/07/2022,VNM,"72,900","72,900","72,000","73,000","71,800","72,405",-900,-1.23,1.15,83.56,0.52,37.85,1.68,121.41,"150,476.79"
1023,25/07/2022,VNM,"72,000","72,000","72,900","72,900","71,800","72,239",900,1.25,1.24,89.76,0.00,0.00,1.24,89.76,"152,357.75"
1024,22/07/2022,VNM,"73,200","73,200","72,000","73,200","72,000","72,446","-1,200",-1.64,0.71,51.60,0.44,31.96,1.15,83.56,"150,476.79"
1025,21/07/2022,VNM,"73,000","72,500","73,200","73,600","72,200","72,895",200,0.27,1.72,125.42,0.00,0.00,1.72,125.42,"152,984.74"
1026,20/07/2022,VNM,"72,800","73,200","73,000","73,600","72,800","73,201",200,0.27,1.17,85.48,0.00,0.00,1.17,85.48,"152,566.75"
1027,19/07/2022,VNM,"71,700","72,000","72,800","72,900","71,600","72,476","1,100",1.53,1.53,110.90,0.52,37.70,2.05,148.59,"152,148.76"
1028,18/07/2022,VNM,"71,600","72,000","71,700","72,200","71,500","71,769",100,0.14,1.11,79.43,0.00,0.00,1.11,79.43,"149,849.81"
1029,15/07/2022,VNM,"72,400","72,400","71,600","73,000","71,600","72,216",-800,-1.10,1.48,106.52,0.18,13.30,1.66,119.82,"149,640.81"
1030,14/07/2022,VNM,"72,500","72,300","72,400","73,200","72,200","72,595",-100,-0.14,0.98,71.31,0.13,9.45,1.11,80.76,"151,312.77"
1031,13/07/2022,VNM,"73,300","73,200","72,500","73,600","72,400","72,928",-800,-1.09,1.42,103.81,0.06,4.09,1.48,107.91,"151,521.77"
1032,12/07/2022,VNM,"73,000","73,000","73,300","73,900","72,600","73,112",300,0.41,0.98,71.36,0.21,15.37,1.19,86.74,"153,193.73"
1033,11/07/2022,VNM,"73,000","72,200","73,000","74,700","72,000","73,245",0,0.00,2.56,187.28,0.00,0.00,2.56,187.28,"152,566.75"
1034,08/07/2022,VNM,"73,000","73,000","73,000","73,300","72,500","72,848",0,0.00,1.70,124.15,0.15,10.85,1.85,135.00,"152,566.75"
1035,07/07/2022,VNM,"70,700","70,700","73,000","73,000","70,000","72,033","2,300",3.25,3.05,219.67,0.00,0.00,3.05,219.67,"152,566.75"
1036,06/07/2022,VNM,"70,700","71,000","70,700","71,500","69,500","70,330",0,0.00,2.36,165.99,0.00,0.00,2.36,165.99,"147,759.85"
1037,05/07/2022,VNM,"75,100","75,300","73,100","75,400","73,000","74,301","-2,000",-2.66,2.59,192.50,0.00,0.00,2.59,192.50,"152,775.74"
1038,04/07/2022,VNM,"73,700","74,000","75,100","75,800","73,800","75,191","1,400",1.90,3.14,236.05,0.12,9.12,3.26,245.17,"156,955.65"
1039,01/07/2022,VNM,"72,200","72,300","73,700","73,900","72,000","72,927","1,500",2.08,2.86,208.50,0.00,0.00,2.86,208.50,"154,029.72"
1040,30/06/2022,VNM,"72,300","72,300","72,200","74,800","72,200","73,714",-100,-0.14,3.58,264.09,0.23,16.57,3.81,280.65,"150,894.78"
1041,29/06/2022,VNM,"70,800","70,600","72,300","72,700","70,600","71,644","1,500",2.12,1.94,139.06,0.57,41.20,2.52,180.26,"151,103.78"
1042,28/06/2022,VNM,"71,100","70,600","70,800","72,700","70,100","70,977",-300,-0.42,3.04,215.57,0.00,0.00,3.04,215.57,"147,968.85"
1043,27/06/2022,VNM,"71,500","71,800","71,100","72,100","70,300","70,988",-400,-0.56,1.80,128.08,0.00,0.00,1.80,128.08,"148,595.83"
1044,24/06/2022,VNM,"70,700","71,000","71,500","72,900","70,900","71,827",800,1.13,1.68,120.99,0.09,6.13,1.78,127.12,"149,431.81"
1045,23/06/2022,VNM,"70,600","70,600","70,700","72,000","70,000","71,140",100,0.14,1.10,78.47,0.12,8.65,1.22,87.13,"147,759.85"
1046,22/06/2022,VNM,"73,700","73,100","70,600","73,400","70,600","71,832","-3,100",-4.21,2.21,159.04,0.00,0.00,2.21,159.04,"147,550.85"
1047,21/06/2022,VNM,"69,000","69,200","73,700","73,800","68,800","72,037","4,700",6.81,4.84,348.61,0.88,56.44,5.72,405.05,"154,029.72"
1048,20/06/2022,VNM,"66,700","66,400","69,000","69,700","66,400","68,885","2,300",3.45,2.59,178.29,0.00,0.00,2.59,178.29,"144,206.93"
1049,17/06/2022,VNM,"68,000","66,900","66,700","68,600","65,200","67,053","-1,300",-1.91,2.50,167.82,0.08,6.11,2.59,173.93,"139,400.03"
1050,16/06/2022,VNM,"64,500","65,100","68,000","68,300","65,000","66,610","3,500",5.43,2.22,147.57,0.05,3.06,2.26,150.63,"142,116.97"
1051,15/06/2022,VNM,"66,100","66,100","64,500","66,500","64,500","65,617","-1,600",-2.42,2.68,175.89,0.65,42.86,3.33,218.75,"134,802.13"
1052,14/06/2022,VNM,"66,400","65,500","66,100","67,500","65,400","66,354",-300,-0.45,1.39,92.45,0.08,5.96,1.48,98.41,"138,146.05"
1053,13/06/2022,VNM,"69,500","68,400","66,400","68,400","66,200","67,163","-3,100",-4.46,2.38,159.83,0.00,0.00,2.38,159.83,"138,773.04"
1054,10/06/2022,VNM,"70,200","70,000","69,500","70,200","69,500","69,743",-700,-1.00,1.48,103.45,0.17,12.08,1.66,115.53,"145,251.90"
1055,09/06/2022,VNM,"71,000","71,000","70,200","71,100","70,200","70,457",-800,-1.13,1.05,73.64,0.23,16.07,1.27,89.71,"146,714.87"
1056,08/06/2022,VNM,"70,600","70,700","71,000","71,400","70,700","71,146",400,0.57,1.70,120.85,0.12,8.46,1.82,129.31,"148,386.84"
1057,07/06/2022,VNM,"70,800","70,300","70,600","70,700","70,000","70,289",-200,-0.28,1.32,92.94,0.00,0.00,1.32,92.94,"147,550.85"
1058,06/06/2022,VNM,"70,300","70,200","70,800","71,200","70,000","70,716",500,0.71,1.43,101.27,0.00,0.00,1.43,101.27,"147,968.85"
1059,03/06/2022,VNM,"71,100","71,000","70,300","71,300","70,000","70,504",-800,-1.13,1.05,74.23,0.20,14.08,1.25,88.31,"146,923.87"
1060,02/06/2022,VNM,"71,900","72,000","71,100","72,000","70,800","71,331",-800,-1.11,1.49,106.13,0.21,15.16,1.70,121.29,"148,595.83"
1061,01/06/2022,VNM,"71,700","71,500","71,900","72,600","71,300","71,719",200,0.28,1.23,88.19,0.41,29.63,1.64,117.81,"150,267.80"
1062,31/05/2022,VNM,"72,500","72,100","71,700","72,400","71,700","71,989",-800,-1.10,2.06,148.20,0.32,23.31,2.38,171.51,"149,849.81"
1063,30/05/2022,VNM,"73,000","72,900","72,500","72,900","72,000","72,358",-500,-0.68,2.12,153.72,0.10,7.70,2.22,161.42,"151,521.77"
1064,27/05/2022,VNM,"71,300","71,300","73,000","73,300","70,700","72,895","1,700",2.38,3.46,251.99,0.30,21.80,3.76,273.79,"152,566.75"
1065,26/05/2022,VNM,"71,900","71,900","71,300","71,900","70,700","71,378",-600,-0.83,1.53,109.27,0.06,4.32,1.59,113.59,"149,013.82"
1066,25/05/2022,VNM,"68,900","68,900","71,900","72,300","68,900","70,814","3,000",4.35,2.36,167.27,0.10,7.34,2.46,174.61,"150,267.80"
1067,24/05/2022,VNM,"66,300","66,700","68,900","68,900","66,500","68,112","2,600",3.92,2.03,138.47,0.00,0.00,2.03,138.47,"143,997.93"
1068,23/05/2022,VNM,"68,100","68,500","66,300","68,700","66,200","67,351","-1,800",-2.64,2.02,136.20,0.00,0.00,2.02,136.20,"138,564.05"
1069,20/05/2022,VNM,"69,000","69,000","68,100","69,900","68,000","68,905",-900,-1.30,1.30,89.32,0.10,7.00,1.40,96.32,"142,325.97"
1070,19/05/2022,VNM,"70,300","69,500","69,000","70,000","69,000","69,615","-1,300",-1.85,1.45,100.90,0.00,0.00,1.45,100.90,"144,206.93"
1071,18/05/2022,VNM,"70,000","70,000","70,300","70,500","69,500","69,939",300,0.43,1.98,138.70,0.00,0.00,1.98,138.70,"146,923.87"
1072,17/05/2022,VNM,"65,800","65,600","70,000","70,000","65,200","67,335","4,200",6.38,2.11,141.75,0.10,7.00,2.21,148.75,"146,296.88"
1073,16/05/2022,VNM,"66,100","66,600","65,800","67,600","65,700","66,606",-300,-0.45,1.98,131.73,0.71,47.29,2.69,179.03,"137,519.07"
1074,13/05/2022,VNM,"66,500","67,000","66,100","67,800","65,900","66,743",-400,-0.60,4.59,306.39,0.41,27.45,5.00,333.84,"138,146.05"
1075,12/05/2022,VNM,"69,500","69,800","66,500","69,800","66,500","68,092","-3,000",-4.32,3.19,217.15,0.15,10.40,3.34,227.55,"138,982.04"
1076,11/05/2022,VNM,"70,600","70,600","69,500","71,100","69,500","70,084","-1,100",-1.56,1.79,125.71,0.32,22.26,2.11,147.97,"145,251.90"
1077,10/05/2022,VNM,"70,000","70,000","70,600","71,900","70,000","70,982",600,0.86,3.11,220.51,0.00,0.00,3.11,220.51,"147,550.85"
1078,09/05/2022,VNM,"70,200","70,200","70,000","71,500","69,600","70,401",-200,-0.28,2.39,168.41,0.00,0.00,2.39,168.41,"146,296.88"
1079,06/05/2022,VNM,"72,100","71,400","70,200","71,600","69,500","70,628","-1,900",-2.64,2.11,149.01,0.00,0.00,2.11,149.01,"146,714.87"
1080,05/05/2022,VNM,"72,500","73,200","72,100","73,200","71,500","72,297",-400,-0.55,1.55,111.93,0.00,0.00,1.55,111.93,"150,685.79"
1081,04/05/2022,VNM,"74,200","74,200","72,500","74,400","72,500","73,363","-1,700",-2.29,1.76,129.41,0.00,0.00,1.76,129.41,"151,521.77"
1082,29/04/2022,VNM,"74,300","74,400","74,200","75,000","74,000","74,474",-100,-0.13,1.63,121.40,0.43,31.90,2.06,153.30,"155,074.69"
1083,28/04/2022,VNM,"75,000","74,900","74,300","74,900","73,800","74,232",-700,-0.93,1.91,141.86,0.78,58.29,2.69,200.14,"155,283.69"
1084,27/04/2022,VNM,"75,900","75,200","75,000","75,800","73,700","74,818",-900,-1.19,1.83,136.62,0.59,44.40,2.42,181.02,"156,746.66"
1085,26/04/2022,VNM,"73,500","73,500","75,900","76,000","70,900","73,109","2,400",3.27,3.88,283.88,0.03,2.07,3.91,285.96,"158,627.62"
1086,25/04/2022,VNM,"75,900","76,000","73,500","76,300","73,000","74,566","-2,400",-3.16,2.66,198.33,0.82,62.39,3.48,260.72,"153,611.73"
1087,22/04/2022,VNM,"75,000","75,700","75,900","76,500","75,500","75,987",900,1.20,2.80,212.80,0.00,0.00,2.80,212.80,"158,627.62"
1088,21/04/2022,VNM,"75,600","75,300","75,000","76,500","75,000","75,667",-600,-0.79,4.62,349.25,0.05,4.10,4.67,353.35,"156,746.66"
1089,20/04/2022,VNM,"76,000","76,000","75,600","76,700","75,600","76,002",-400,-0.53,1.93,146.77,0.00,0.00,1.93,146.77,"158,000.63"
1090,19/04/2022,VNM,"77,000","77,100","76,000","77,700","76,000","76,752","-1,000",-1.30,1.67,128.19,0.27,20.25,1.94,148.44,"158,836.61"
1091,18/04/2022,VNM,"76,500","76,500","77,000","77,900","76,400","77,226",500,0.65,2.56,198.03,0.03,2.03,2.59,200.06,"160,926.57"
1092,15/04/2022,VNM,"76,300","76,500","76,500","77,600","76,000","76,821",200,0.26,1.36,104.66,0.00,0.00,1.36,104.66,"159,881.59"
1093,14/04/2022,VNM,"77,200","77,500","76,300","78,000","76,300","76,809",-900,-1.17,1.81,139.04,0.00,0.00,1.81,139.04,"159,463.60"
1094,13/04/2022,VNM,"76,800","76,800","77,200","78,500","76,700","77,519",400,0.52,2.12,164.25,0.00,0.00,2.12,164.25,"161,344.56"
1095,12/04/2022,VNM,"77,300","77,300","76,800","77,800","76,500","76,986",-500,-0.65,1.78,136.75,0.00,0.00,1.78,136.75,"160,508.58"
1096,08/04/2022,VNM,"78,500","78,500","77,300","79,100","77,300","78,069","-1,200",-1.53,2.74,213.78,0.00,0.00,2.74,213.78,"161,553.56"
1097,07/04/2022,VNM,"79,300","79,900","78,500","80,000","78,500","79,104",-800,-1.01,1.76,139.25,0.00,0.00,1.76,139.25,"164,061.50"
1098,06/04/2022,VNM,"80,400","80,000","79,300","81,200","79,100","79,793","-1,100",-1.37,4.31,343.65,0.39,31.36,4.70,375.01,"165,733.47"
1099,05/04/2022,VNM,"82,200","81,800","80,400","81,800","80,400","80,912","-1,800",-2.19,2.20,178.18,0.00,0.00,2.20,178.18,"168,032.42"
1100,04/04/2022,VNM,"81,700","82,000","82,200","82,500","81,500","82,013",500,0.61,3.81,312.36,0.00,0.00,3.81,312.36,"171,794.34"
1101,01/04/2022,VNM,"80,900","81,000","81,700","82,700","80,300","81,847",800,0.99,6.11,500.25,0.00,0.00,6.11,500.25,"170,749.36"
1102,31/03/2022,VNM,"76,200","76,200","80,900","81,000","76,000","78,968","4,700",6.17,9.65,761.71,0.00,0.00,9.65,761.71,"169,077.40"
1103,30/03/2022,VNM,"75,500","75,500","76,200","76,600","75,100","76,195",700,0.93,3.41,260.11,0.09,7.07,3.51,267.18,"159,254.60"
1104,29/03/2022,VNM,"73,400","73,500","75,500","75,500","73,500","74,630","2,100",2.86,2.14,159.66,0.65,48.39,2.78,208.05,"157,791.64"
1105,28/03/2022,VNM,"75,200","75,300","73,400","75,600","73,400","74,188","-1,800",-2.39,4.04,299.62,0.00,0.00,4.04,299.62,"153,402.73"
1106,25/03/2022,VNM,"75,600","75,600","75,200","75,800","75,100","75,303",-400,-0.53,2.70,203.28,0.68,51.19,3.38,254.47,"157,164.65"
1107,24/03/2022,VNM,"76,100","76,000","75,600","76,100","75,200","75,496",-500,-0.66,3.39,255.92,0.02,1.51,3.41,257.42,"158,000.63"
1108,23/03/2022,VNM,"76,900","76,800","76,100","77,000","75,900","76,461",-800,-1.04,3.23,246.66,0.00,0.00,3.23,246.66,"159,045.61"
1109,22/03/2022,VNM,"77,600","77,900","76,900","77,900","76,800","77,111",-700,-0.90,2.39,184.31,0.11,8.47,2.50,192.78,"160,717.57"
1110,21/03/2022,VNM,"76,000","76,000","77,600","77,900","76,000","77,201","1,600",2.11,1.88,145.46,0.50,38.63,2.38,184.08,"162,180.54"
1111,18/03/2022,VNM,"76,400","76,600","76,000","77,000","76,000","76,202",-400,-0.52,4.23,322.56,0.53,39.03,4.76,361.59,"158,836.61"
1112,17/03/2022,VNM,"77,300","77,600","76,400","77,800","76,400","77,216",-900,-1.16,1.35,104.58,0.42,32.59,1.78,137.17,"159,672.60"
1113,16/03/2022,VNM,"77,200","77,200","77,300","78,000","77,000","77,437",100,0.13,1.85,143.29,0.60,43.08,2.45,186.37,"161,553.56"
1114,15/03/2022,VNM,"77,200","77,000","77,200","77,500","76,300","76,911",0,0.00,1.48,114.03,0.35,26.46,1.83,140.49,"161,344.56"
1115,14/03/2022,VNM,"78,000","78,000","77,200","78,000","76,900","77,366",-800,-1.03,1.65,128.02,0.02,1.55,1.67,129.57,"161,344.56"
1116,11/03/2022,VNM,"77,100","77,200","78,000","78,500","77,100","77,962",900,1.17,2.32,181.10,0.00,0.00,2.32,181.10,"163,016.52"
1117,10/03/2022,VNM,"75,100","76,000","77,100","77,900","76,000","76,765","2,000",2.66,2.97,228.13,0.00,0.00,2.97,228.13,"161,135.56"
1118,09/03/2022,VNM,"76,100","76,000","75,100","76,800","75,000","75,636","-1,000",-1.31,3.00,227.19,0.19,14.31,3.19,241.50,"156,955.65"
1119,08/03/2022,VNM,"76,800","76,300","76,100","76,500","76,000","76,238",-700,-0.91,2.38,181.67,0.00,0.00,2.38,181.67,"159,045.61"
1120,07/03/2022,VNM,"77,900","77,900","76,800","77,900","76,700","77,049","-1,100",-1.41,3.53,272.04,0.67,51.54,4.20,323.58,"160,508.58"
1121,04/03/2022,VNM,"78,400","78,400","77,900","78,400","77,800","78,033",-500,-0.64,2.51,195.99,0.61,47.50,3.12,243.49,"162,807.53"
1122,03/03/2022,VNM,"78,500","78,700","78,400","79,000","78,200","78,594",-100,-0.13,1.49,116.84,0.45,34.82,1.93,151.66,"163,852.51"
1123,02/03/2022,VNM,"79,200","79,200","78,500","79,200","78,000","78,712",-700,-0.88,2.04,160.35,0.36,27.88,2.39,188.23,"164,061.50"
1124,01/03/2022,VNM,"78,400","78,400","79,200","79,400","78,200","78,891",800,1.02,1.27,100.44,0.03,2.16,1.30,102.60,"165,524.47"
1125,28/02/2022,VNM,"78,900","78,900","78,400","79,000","77,800","78,227",-500,-0.63,2.26,176.71,0.02,1.71,2.28,178.42,"163,852.51"
1126,25/02/2022,VNM,"78,600","79,000","78,900","79,500","78,900","79,052",300,0.38,1.35,106.54,0.00,0.00,1.35,106.54,"164,897.48"
1127,24/02/2022,VNM,"80,000","80,000","78,600","80,000","78,500","79,114","-1,400",-1.75,2.72,215.47,0.00,0.00,2.72,215.47,"164,270.50"
1128,23/02/2022,VNM,"80,000","80,000","80,000","80,500","79,800","79,982",0,0.00,2.20,175.98,0.00,0.00,2.20,175.98,"167,196.44"
1129,22/02/2022,VNM,"81,000","80,900","80,000","81,000","79,700","80,237","-1,000",-1.23,3.20,257.12,0.00,0.00,3.20,257.12,"167,196.44"
1130,21/02/2022,VNM,"80,600","80,900","81,000","81,600","80,900","81,083",400,0.50,1.28,103.84,0.00,0.00,1.28,103.84,"169,286.39"
1131,18/02/2022,VNM,"80,800","80,100","80,600","80,800","80,100","80,428",-200,-0.25,1.81,145.42,0.00,0.00,1.81,145.42,"168,450.41"
1132,17/02/2022,VNM,"80,400","80,500","80,800","81,200","80,400","80,719",400,0.50,1.79,144.30,0.30,24.21,2.09,168.51,"168,868.40"
1133,16/02/2022,VNM,"81,200","81,200","80,400","81,300","80,300","80,613",-800,-0.99,2.83,227.74,0.00,0.00,2.83,227.74,"168,032.42"
1134,15/02/2022,VNM,"81,100","81,100","81,200","81,500","81,000","81,221",100,0.12,1.47,119.01,0.00,0.00,1.47,119.01,"169,704.38"
1135,14/02/2022,VNM,"82,000","81,500","81,100","82,000","81,000","81,309",-900,-1.10,2.97,241.63,0.06,4.92,3.03,246.55,"169,495.39"
1136,11/02/2022,VNM,"82,700","82,500","82,000","82,600","81,900","82,226",-700,-0.85,1.62,133.58,0.60,49.17,2.22,182.75,"171,376.35"
1137,10/02/2022,VNM,"82,800","82,800","82,700","83,300","82,300","82,725",-100,-0.12,1.61,133.39,0.00,0.00,1.61,133.39,"172,839.32"
1138,09/02/2022,VNM,"82,000","82,000","82,800","83,700","82,000","82,921",800,0.98,1.80,149.20,0.12,9.96,1.92,159.16,"173,048.31"
1139,08/02/2022,VNM,"83,500","83,400","82,000","83,500","82,000","82,783","-1,500",-1.80,2.71,224.25,0.93,75.09,3.64,299.35,"171,376.35"
1140,07/02/2022,VNM,"83,100","83,200","83,500","84,000","82,900","83,245",400,0.48,1.32,110.23,0.38,31.54,1.70,141.77,"174,511.28"
1141,28/01/2022,VNM,"83,100","83,000","83,100","84,200","82,800","83,469",0,0.00,2.26,188.42,0.71,59.60,2.97,248.02,"173,675.30"
1142,27/01/2022,VNM,"79,700","80,100","83,100","83,400","80,100","81,752","3,400",4.27,2.04,166.69,0.00,0.00,2.04,166.69,"173,675.30"
1143,26/01/2022,VNM,"79,200","79,300","79,700","80,500","79,300","79,848",500,0.63,1.45,115.95,0.22,18.63,1.67,134.58,"166,569.45"
1144,25/01/2022,VNM,"81,000","80,500","79,200","81,000","79,100","79,696","-1,800",-2.22,3.76,299.54,0.16,13.03,3.92,312.57,"165,524.47"
1145,24/01/2022,VNM,"82,600","82,600","81,000","82,700","81,000","81,581","-1,600",-1.94,2.22,181.29,0.22,17.94,2.44,199.23,"169,286.39"
1146,21/01/2022,VNM,"83,000","83,000","82,600","83,300","82,500","82,846",-400,-0.48,1.58,130.60,0.22,19.14,1.80,149.74,"172,630.32"
1147,20/01/2022,VNM,"83,400","83,000","83,000","83,300","82,900","83,060",-400,-0.48,1.49,123.63,0.00,0.00,1.49,123.63,"173,466.30"
1148,19/01/2022,VNM,"83,400","82,900","83,400","83,500","82,700","83,111",0,0.00,1.76,146.68,0.30,24.93,2.06,171.62,"174,302.28"
1149,18/01/2022,VNM,"82,900","82,900","83,400","83,500","82,600","83,082",500,0.60,2.10,174.51,0.00,0.00,2.10,174.51,"174,302.28"
1150,17/01/2022,VNM,"84,700","85,000","82,900","85,000","82,900","83,807","-1,800",-2.13,2.10,176.03,0.00,0.00,2.10,176.03,"173,257.31"
1151,14/01/2022,VNM,"83,100","83,100","84,700","85,100","82,700","84,212","1,600",1.93,2.52,211.93,0.24,19.57,2.76,231.50,"177,019.23"
1152,13/01/2022,VNM,"83,100","83,400","83,100","83,700","82,900","83,106",0,0.00,1.71,142.24,0.15,11.39,1.86,153.64,"173,675.30"
1153,12/01/2022,VNM,"83,700","83,800","83,100","83,800","82,700","83,101",-600,-0.72,2.18,181.46,0.14,11.52,2.32,192.98,"173,675.30"
1154,11/01/2022,VNM,"83,700","83,600","83,700","84,000","83,500","83,742",0,0.00,1.83,153.17,0.14,12.83,1.97,166.00,"174,929.27"
1155,10/01/2022,VNM,"83,800","84,800","83,700","85,000","83,500","84,278",-100,-0.12,2.15,180.90,0.25,21.60,2.39,202.49,"174,929.27"
1156,07/01/2022,VNM,"85,400","85,300","85,200","85,600","85,000","85,191",-200,-0.23,2.55,217.57,0.04,3.41,2.59,220.98,"178,064.20"
1157,06/01/2022,VNM,"86,200","86,100","85,400","86,100","85,300","85,620",-800,-0.93,2.85,243.86,0.14,11.50,2.99,255.36,"178,482.20"
1158,05/01/2022,VNM,"86,700","86,800","86,200","87,000","86,000","86,413",-500,-0.58,3.12,270.01,0.15,11.90,3.27,281.90,"180,154.16"
1159,04/01/2022,VNM,"86,400","87,200","86,700","87,400","86,700","87,099",300,0.35,1.89,164.23,0.11,9.37,1.99,173.61,"181,199.14"
1160,31/12/2021,VNM,"85,300","85,500","86,400","87,500","85,300","86,295","1,100",1.29,2.33,200.65,0.14,13.08,2.47,213.72,"180,572.15"
1161,30/12/2021,VNM,"85,200","85,300","85,300","85,600","85,100","85,373",100,0.12,0.89,76.25,0.15,13.43,1.04,89.68,"178,273.20"
1162,29/12/2021,VNM,"85,500","85,500","85,200","85,600","85,100","85,237",-300,-0.35,0.95,80.58,0.02,1.75,0.97,82.33,"178,064.20"
1163,28/12/2021,VNM,"86,100","86,200","85,500","86,200","85,200","85,730",-600,-0.70,1.54,132.40,0.39,34.51,1.94,166.91,"178,691.19"
1164,27/12/2021,VNM,"86,000","86,000","86,100","86,400","85,700","86,028",100,0.12,1.14,97.93,0.15,11.79,1.29,109.72,"179,945.16"
1165,24/12/2021,VNM,"84,700","84,700","86,000","86,000","84,700","85,510","1,300",1.53,1.15,98.20,0.28,24.52,1.43,122.72,"179,736.17"
1166,23/12/2021,VNM,"85,400","85,400","84,700","85,400","84,500","84,938",-700,-0.82,2.15,182.43,0.47,39.71,2.62,222.14,"177,019.23"
1167,22/12/2021,VNM,"85,500","85,700","85,400","86,200","85,300","85,611",-100,-0.12,1.84,157.90,0.15,13.47,1.99,171.37,"178,482.20"
1168,21/12/2021,VNM,"85,700","85,800","85,500","86,000","85,500","85,659",-200,-0.23,1.19,102.18,0.64,55.43,1.83,157.61,"178,691.19"
1169,20/12/2021,VNM,"85,700","86,000","85,700","86,300","85,600","85,849",0,0.00,1.81,155.13,0.39,33.77,2.19,188.90,"179,109.18"
1170,17/12/2021,VNM,"86,600","86,600","85,700","86,700","85,700","86,102",-900,-1.04,2.66,229.05,0.29,24.08,2.95,253.13,"179,109.18"
1171,16/12/2021,VNM,"86,300","86,300","86,600","86,600","86,000","86,380",300,0.35,1.61,139.10,0.00,0.00,1.61,139.10,"180,990.14"
1172,15/12/2021,VNM,"86,300","86,400","86,300","86,700","86,300","86,432",0,0.00,1.21,104.94,0.39,33.01,1.60,137.94,"180,363.15"
1173,14/12/2021,VNM,"86,400","86,400","86,300","86,900","86,200","86,523",-100,-0.12,1.67,144.60,0.50,44.51,2.18,189.11,"180,363.15"
1174,13/12/2021,VNM,"86,300","86,300","86,400","86,800","86,000","86,443",100,0.12,1.50,129.29,0.34,28.52,1.83,157.81,"180,572.15"
1175,10/12/2021,VNM,"87,000","86,500","86,300","87,000","85,800","86,217",-700,-0.80,1.49,128.03,0.25,22.76,1.73,150.79,"180,363.15"
1176,09/12/2021,VNM,"86,000","85,900","87,000","87,100","85,700","86,169","1,000",1.16,1.45,124.94,0.68,58.34,2.13,183.28,"181,826.12"
1177,08/12/2021,VNM,"86,500","86,300","86,000","86,500","85,700","86,046",-500,-0.58,1.29,111.39,0.81,69.82,2.11,181.20,"179,736.17"
1178,07/12/2021,VNM,"85,300","85,800","86,500","86,500","85,400","85,834","1,200",1.41,1.53,131.33,0.40,33.05,1.93,164.37,"180,781.15"
1179,06/12/2021,VNM,"85,800","86,000","85,300","86,600","85,300","86,047",-500,-0.58,3.17,272.61,0.00,0.00,3.17,272.61,"178,273.20"
1180,03/12/2021,VNM,"87,400","87,600","85,800","88,000","85,800","86,908","-1,600",-1.83,2.90,252.07,0.68,59.42,3.58,311.49,"179,318.18"
1181,02/12/2021,VNM,"87,500","87,500","87,400","88,000","87,400","87,624",-100,-0.11,1.25,109.89,0.57,49.61,1.82,159.50,"182,662.11"
1182,01/12/2021,VNM,"87,600","88,000","87,500","88,600","87,400","88,003",-100,-0.11,1.89,166.72,0.89,77.67,2.79,244.40,"182,871.10"
1183,30/11/2021,VNM,"87,500","87,600","87,600","88,800","87,600","88,174",100,0.11,3.18,280.14,0.27,23.48,3.44,303.62,"183,080.10"
1184,29/11/2021,VNM,"88,200","87,800","87,500","87,900","87,200","87,600",-700,-0.79,2.84,248.43,0.02,1.78,2.86,250.21,"182,871.10"
1185,26/11/2021,VNM,"87,500","87,600","88,300","88,800","87,500","88,092",800,0.91,3.02,265.66,0.00,0.00,3.02,265.66,"184,543.07"
1186,25/11/2021,VNM,"87,500","87,500","87,500","88,200","87,200","87,470",0,0.00,2.18,190.28,0.17,14.27,2.35,204.55,"182,871.10"
1187,24/11/2021,VNM,"86,300","86,500","87,500","87,500","86,500","87,063","1,200",1.39,2.12,184.97,0.00,0.00,2.12,184.97,"182,871.10"
1188,23/11/2021,VNM,"86,200","86,500","86,300","86,700","86,000","86,263",100,0.12,2.20,189.68,0.24,20.74,2.44,210.41,"180,363.15"
1189,22/11/2021,VNM,"86,100","86,000","86,200","86,500","85,900","86,120",100,0.12,3.50,301.21,0.00,0.00,3.50,301.21,"180,154.16"
1190,19/11/2021,VNM,"88,000","88,000","86,100","88,400","86,000","87,073","-1,900",-2.16,5.15,448.53,0.00,0.00,5.15,448.53,"179,945.16"
1191,18/11/2021,VNM,"88,800","88,800","88,000","88,800","88,000","88,347",-800,-0.90,3.90,344.55,0.00,0.00,3.90,344.55,"183,916.08"
1192,17/11/2021,VNM,"88,600","88,600","88,800","89,600","88,600","88,919",200,0.23,2.51,223.58,0.56,49.80,3.07,273.37,"185,588.04"
1193,16/11/2021,VNM,"89,000","89,000","88,600","89,300","88,500","88,814",-400,-0.45,3.25,288.80,0.00,0.00,3.25,288.80,"185,170.05"
1194,15/11/2021,VNM,"89,300","89,500","89,000","89,600","89,000","89,194",-300,-0.34,3.27,291.49,0.00,0.00,3.27,291.49,"186,006.03"
1195,12/11/2021,VNM,"89,600","90,000","89,300","90,100","89,100","89,517",-300,-0.33,2.12,189.81,0.00,0.00,2.12,189.81,"186,633.02"
1196,11/11/2021,VNM,"89,700","89,800","89,600","90,400","89,300","89,768",-100,-0.11,3.38,303.47,0.08,7.24,3.46,310.71,"187,260.01"
1197,10/11/2021,VNM,"89,800","90,000","89,700","90,100","89,300","89,655",-100,-0.11,2.67,239.03,0.00,0.00,2.67,239.03,"187,469.00"
1198,09/11/2021,VNM,"90,800","91,000","89,800","91,100","89,700","90,290","-1,000",-1.10,3.70,333.62,0.05,4.78,3.75,338.40,"187,678.00"
1199,08/11/2021,VNM,"89,200","89,700","90,800","91,100","89,600","90,563","1,600",1.79,6.17,558.94,0.19,17.55,6.37,576.49,"189,767.95"
1200,05/11/2021,VNM,"88,400","88,600","89,200","89,400","88,500","89,125",800,0.90,2.65,236.59,0.79,70.74,3.45,307.33,"186,424.03"
1201,04/11/2021,VNM,"88,200","88,400","88,400","88,700","88,100","88,217",200,0.23,2.51,221.69,0.00,0.00,2.51,221.69,"184,752.06"
1202,03/11/2021,VNM,"89,200","89,100","88,200","89,500","88,200","88,851","-1,000",-1.12,5.55,492.94,0.76,67.89,6.31,560.83,"184,334.07"
1203,02/11/2021,VNM,"90,000","90,000","89,200","90,000","89,000","89,344",-800,-0.89,4.89,436.79,0.00,0.00,4.89,436.79,"186,424.03"
1204,01/11/2021,VNM,"90,700","90,800","90,000","91,300","89,800","90,446",-700,-0.77,5.08,459.81,0.00,0.00,5.08,459.81,"188,095.99"
1205,29/10/2021,VNM,"90,600","90,600","90,700","91,000","90,300","90,654",100,0.11,3.75,339.82,0.86,77.52,4.60,417.34,"189,558.96"
1206,28/10/2021,VNM,"90,400","90,500","90,600","91,500","90,500","90,981",200,0.22,4.09,372.45,0.87,79.29,4.97,451.74,"189,349.96"
1207,27/10/2021,VNM,"89,600","90,000","90,400","90,600","89,700","90,212",800,0.89,3.55,320.25,0.19,17.06,3.74,337.30,"188,931.97"
1208,26/10/2021,VNM,"90,100","90,000","89,600","90,200","89,400","89,736",-500,-0.55,1.64,147.28,0.00,0.00,1.64,147.28,"187,260.01"
1209,25/10/2021,VNM,"90,500","90,500","90,100","90,600","89,900","90,140",-400,-0.44,2.77,249.64,1.11,99.67,3.87,349.32,"188,304.99"
1210,22/10/2021,VNM,"89,100","89,500","90,500","90,500","89,200","90,008","1,400",1.57,4.49,403.93,0.02,2.01,4.51,405.94,"189,140.97"
1211,21/10/2021,VNM,"90,000","90,000","89,100","90,100","89,100","89,752",-900,-1.00,2.94,263.56,1.10,98.37,4.04,361.93,"186,215.03"
1212,20/10/2021,VNM,"90,300","90,400","90,000","90,600","89,000","90,098",-300,-0.33,3.48,313.58,2.49,225.16,5.98,538.75,"188,095.99"
1213,19/10/2021,VNM,"89,800","89,800","90,300","90,500","89,800","90,121",500,0.56,5.98,539.33,1.03,92.65,7.01,631.98,"188,722.98"
1214,18/10/2021,VNM,"90,000","90,000","89,800","90,100","89,200","89,649",-200,-0.22,2.31,206.71,0.87,77.78,3.17,284.49,"187,678.00"
1215,15/10/2021,VNM,"90,000","90,000","90,000","90,700","89,600","90,239",0,0.00,3.21,289.31,0.62,56.17,3.83,345.48,"188,095.99"
1216,14/10/2021,VNM,"90,100","90,200","90,000","90,500","89,600","89,895",-100,-0.11,2.01,180.37,0.34,30.99,2.35,211.36,"188,095.99"
1217,13/10/2021,VNM,"90,400","91,000","90,100","91,300","90,000","90,785",-300,-0.33,3.79,344.36,0.07,5.97,3.86,350.32,"188,304.99"
1218,12/10/2021,VNM,"90,000","90,400","90,400","91,300","90,100","90,643",400,0.44,3.62,327.79,0.17,15.16,3.78,342.95,"188,931.97"
1219,11/10/2021,VNM,"89,600","90,000","90,000","90,400","89,500","89,887",400,0.45,2.47,222.45,0.15,13.82,2.63,236.27,"188,095.99"
1220,08/10/2021,VNM,"88,800","88,900","89,600","90,000","88,700","89,041",800,0.90,2.62,233.16,0.02,1.99,2.64,235.15,"187,260.01"
1221,07/10/2021,VNM,"89,300","89,300","88,800","89,400","88,800","88,964",-500,-0.56,2.98,265.27,0.14,12.88,3.13,278.15,"185,588.04"
1222,06/10/2021,VNM,"89,600","89,600","89,300","90,100","89,200","89,451",-300,-0.33,2.50,223.49,0.31,26.58,2.81,250.07,"186,633.02"
1223,05/10/2021,VNM,"90,200","90,300","89,600","90,300","89,600","89,819",-600,-0.67,2.27,203.71,0.00,0.00,2.27,203.71,"187,260.01"
1224,04/10/2021,VNM,"89,800","90,500","90,200","91,100","90,100","90,607",400,0.45,3.06,277.27,0.00,0.00,3.06,277.27,"188,513.98"
1225,01/10/2021,VNM,"89,600","89,300","89,800","90,400","89,100","89,699",200,0.22,3.81,341.34,2.05,170.96,5.86,512.30,"187,678.00"
1226,30/09/2021,VNM,"89,600","89,900","89,600","90,700","89,600","90,079",0,0.00,2.80,252.17,1.38,124.46,4.18,376.63,"187,260.01"
1227,29/09/2021,VNM,"89,300","89,300","89,600","90,100","88,700","89,380",300,0.34,2.76,246.99,0.00,0.00,2.76,246.99,"187,260.01"
1228,28/09/2021,VNM,"88,800","88,800","89,300","89,900","88,000","88,852",500,0.56,3.76,333.84,0.08,7.27,3.84,341.11,"186,633.02"
1229,27/09/2021,VNM,"90,700","90,600","88,800","91,400","88,800","90,227","-1,900",-2.09,5.05,456.00,0.00,0.00,5.05,456.00,"185,588.04"
1230,24/09/2021,VNM,"90,800","91,000","90,700","91,400","90,500","90,746",-100,-0.11,2.99,271.33,0.00,0.00,2.99,271.33,"189,558.96"
1231,23/09/2021,VNM,"91,500","91,500","90,800","92,400","90,400","91,298",-700,-0.77,3.94,359.83,1.16,102.60,5.10,462.43,"189,767.95"
1232,22/09/2021,VNM,"88,800","88,500","91,500","91,700","88,500","90,722","2,700",3.04,10.05,911.76,0.26,23.70,10.31,935.46,"191,230.92"
1233,21/09/2021,VNM,"88,700","88,000","88,800","88,900","87,700","88,215",100,0.11,3.10,273.14,0.16,12.79,3.25,285.93,"185,588.04"
1234,20/09/2021,VNM,"86,500","87,600","88,700","89,100","87,300","88,301","2,200",2.54,5.45,481.04,0.34,30.96,5.79,511.99,"185,379.05"
1235,17/09/2021,VNM,"86,400","86,400","86,500","88,400","86,300","87,110",100,0.12,5.29,461.04,0.00,0.00,5.29,461.04,"180,781.15"
1236,16/09/2021,VNM,"86,100","86,500","86,400","86,500","85,900","86,144",300,0.35,1.83,157.25,2.14,183.68,3.97,340.92,"180,572.15"
1237,15/09/2021,VNM,"87,000","86,800","86,100","86,800","86,100","86,326",-900,-1.03,2.42,209.34,1.00,86.17,3.42,295.51,"179,945.16"
1238,14/09/2021,VNM,"87,200","87,200","87,000","87,300","86,600","87,024",-200,-0.23,2.48,216.07,0.53,45.62,3.01,261.70,"181,826.12"
1239,13/09/2021,VNM,"86,500","86,500","87,200","87,400","86,300","87,080",700,0.81,2.96,257.43,0.00,0.00,2.96,257.43,"182,244.11"
1240,10/09/2021,VNM,"85,200","85,200","86,500","87,000","85,000","85,800","1,300",1.53,3.96,339.95,2.33,197.88,6.29,537.83,"180,781.15"
1241,09/09/2021,VNM,"85,400","85,400","85,200","85,500","85,000","85,320",-200,-0.23,2.45,209.24,0.00,0.00,2.45,209.24,"178,064.20"
1242,08/09/2021,VNM,"86,300","86,300","85,400","86,300","85,300","85,550",-900,-1.04,3.68,315.01,0.39,33.01,4.07,348.02,"178,482.20"
1243,07/09/2021,VNM,"86,800","87,800","86,300","87,800","86,300","86,824",-500,-0.58,2.62,227.67,0.19,16.48,2.81,244.15,"180,363.15"
1244,06/09/2021,VNM,"88,100","88,300","88,300","88,800","88,200","88,454",200,0.23,3.21,284.13,0.30,26.54,3.51,310.67,"184,543.07"
1245,01/09/2021,VNM,"87,400","87,400","88,100","88,800","87,200","88,050",700,0.80,3.43,302.02,0.10,8.81,3.53,310.83,"184,125.07"
1246,31/08/2021,VNM,"87,400","87,500","87,400","87,600","87,100","87,302",0,0.00,2.96,258.17,0.90,78.59,3.86,336.76,"182,662.11"
1247,30/08/2021,VNM,"87,000","87,100","87,400","87,600","87,000","87,380",400,0.46,4.31,376.26,0.37,32.45,4.68,408.71,"182,662.11"
1248,27/08/2021,VNM,"87,000","87,400","87,000","87,500","86,700","87,006",0,0.00,2.35,204.20,1.75,151.38,4.10,355.57,"181,826.12"
1249,26/08/2021,VNM,"86,900","86,900","87,000","87,700","86,700","87,264",100,0.12,1.90,165.45,0.08,6.96,1.98,172.41,"181,826.12"
1250,25/08/2021,VNM,"86,300","86,400","86,900","87,100","86,000","86,403",600,0.70,1.68,144.77,0.31,26.58,1.98,171.35,"181,617.13"
1251,24/08/2021,VNM,"86,000","86,100","86,300","87,000","85,700","86,314",300,0.35,2.38,205.06,1.75,150.50,4.13,355.56,"180,363.15"
1252,23/08/2021,VNM,"87,800","87,700","86,000","87,800","86,000","86,783","-1,800",-2.05,4.36,378.07,0.06,5.37,4.42,383.44,"179,736.17"
1253,20/08/2021,VNM,"90,300","90,300","87,800","90,300","87,000","88,908","-2,500",-2.77,4.33,384.69,0.00,0.00,4.33,384.69,"183,498.09"
1254,19/08/2021,VNM,"90,000","90,500","90,300","90,500","89,800","90,147",300,0.33,3.06,275.97,0.20,18.52,3.26,294.49,"188,722.98"
1255,18/08/2021,VNM,"89,300","89,500","90,000","90,900","89,400","90,202",700,0.78,4.71,424.86,0.00,0.00,4.71,424.86,"188,095.99"
1256,17/08/2021,VNM,"89,500","89,600","89,300","90,100","89,100","89,364",-200,-0.22,2.20,196.80,0.41,36.58,2.61,233.38,"186,633.02"
1257,16/08/2021,VNM,"89,900","89,900","89,500","90,600","89,000","89,548",-400,-0.44,3.27,292.89,0.11,9.97,3.38,302.86,"187,051.01"
1258,13/08/2021,VNM,"90,500","90,400","89,900","90,500","89,200","89,942",-600,-0.66,4.11,369.26,0.00,0.00,4.11,369.26,"187,886.99"
1259,12/08/2021,VNM,"90,900","90,800","90,500","91,500","90,300","90,738",-400,-0.44,4.29,389.07,0.29,26.60,4.58,415.67,"189,140.97"
1260,11/08/2021,VNM,"89,400","89,900","90,900","91,400","89,800","90,913","1,500",1.68,5.33,484.61,0.11,10.01,5.44,494.62,"189,976.95"
1261,10/08/2021,VNM,"87,700","88,000","89,400","90,000","88,000","89,231","1,700",1.94,5.97,532.32,0.26,23.01,6.22,555.33,"186,842.02"
1262,09/08/2021,VNM,"87,200","87,200","87,700","87,900","87,000","87,318",500,0.57,2.73,238.49,1.12,97.69,3.85,336.19,"183,289.09"
1263,06/08/2021,VNM,"86,600","86,900","87,200","88,400","86,600","87,373",600,0.69,3.96,346.05,0.30,26.21,4.26,372.26,"182,244.11"
1264,05/08/2021,VNM,"87,100","86,900","86,600","87,100","86,600","86,781",-500,-0.57,2.83,245.90,1.06,90.79,3.90,336.69,"180,990.14"
1265,04/08/2021,VNM,"87,100","87,500","87,100","87,500","87,000","87,196",0,0.00,2.87,250.51,0.21,18.61,3.09,269.12,"182,035.12"
1266,03/08/2021,VNM,"86,500","86,600","87,100","87,500","86,600","87,202",600,0.69,2.71,236.72,0.30,26.12,3.01,262.83,"182,035.12"
1267,02/08/2021,VNM,"86,100","86,200","86,500","86,900","86,000","86,401",400,0.46,2.57,222.42,0.22,19.02,2.79,241.44,"180,781.15"
1268,30/07/2021,VNM,"86,800","86,800","86,100","87,200","85,900","86,238",-700,-0.81,4.41,379.89,0.00,0.00,4.41,379.89,"179,945.16"
1269,29/07/2021,VNM,"86,900","87,000","86,800","87,700","86,000","86,694",-100,-0.12,2.65,229.59,0.00,0.00,2.65,229.59,"181,408.13"
1270,28/07/2021,VNM,"87,500","87,100","86,900","87,400","86,600","86,938",-600,-0.69,1.67,144.79,0.11,10.12,1.78,154.92,"181,617.13"
1271,27/07/2021,VNM,"88,900","88,900","87,500","89,500","87,500","88,450","-1,400",-1.57,2.39,211.24,0.00,0.00,2.39,211.24,"182,871.10"
1272,26/07/2021,VNM,"87,600","88,000","88,900","89,200","87,900","88,737","1,300",1.48,2.79,247.71,0.00,0.00,2.79,247.71,"185,797.04"
1273,23/07/2021,VNM,"86,800","86,800","87,600","89,800","86,100","87,418",800,0.92,4.13,360.75,0.43,38.47,4.56,399.22,"183,080.10"
1274,22/07/2021,VNM,"85,300","85,500","86,800","87,100","85,300","86,366","1,500",1.76,2.15,185.90,0.00,0.00,2.15,185.90,"181,408.13"
1275,21/07/2021,VNM,"85,900","85,400","85,300","85,900","85,200","85,457",-600,-0.70,1.70,144.95,0.30,25.64,2.00,170.59,"178,273.20"
1276,20/07/2021,VNM,"85,000","85,000","85,900","86,000","84,300","84,904",900,1.06,3.21,272.31,0.14,12.37,3.35,284.68,"179,527.17"
1277,19/07/2021,VNM,"85,900","84,400","85,000","85,000","84,000","84,517",-900,-1.05,4.11,347.51,0.00,0.00,4.11,347.51,"177,646.21"
1278,16/07/2021,VNM,"85,200","85,500","85,900","86,200","85,300","85,888",700,0.82,1.45,124.50,0.00,0.00,1.45,124.50,"179,527.17"
1279,15/07/2021,VNM,"85,000","85,000","85,200","86,300","84,500","85,283",200,0.24,3.28,280.08,0.11,9.46,3.39,289.54,"178,064.20"
1280,14/07/2021,VNM,"84,300","85,000","85,000","85,700","84,300","84,870",700,0.83,4.18,354.77,0.23,19.53,4.41,374.30,"177,646.21"
1281,13/07/2021,VNM,"86,300","86,100","84,300","86,500","84,200","84,988","-2,000",-2.32,2.88,245.05,0.00,0.00,2.88,245.05,"176,183.24"
1282,12/07/2021,VNM,"87,000","87,500","86,300","88,000","84,300","86,304",-700,-0.80,4.83,417.12,0.00,0.00,4.83,417.12,"180,363.15"
1283,09/07/2021,VNM,"88,400","88,300","87,000","88,400","86,900","87,480","-1,400",-1.58,3.06,267.52,0.17,14.80,3.22,282.32,"181,826.12"
1284,08/07/2021,VNM,"89,800","88,200","88,400","89,400","88,000","88,490","-1,400",-1.56,1.91,168.92,0.00,0.00,1.91,168.92,"184,752.06"
1285,07/07/2021,VNM,"87,000","87,000","89,800","89,800","86,600","87,900","2,800",3.22,4.74,416.53,0.00,0.00,4.74,416.53,"187,678.00"
1286,06/07/2021,VNM,"89,200","89,400","87,000","89,800","87,000","88,715","-2,200",-2.47,3.99,354.27,0.11,9.90,4.10,364.17,"181,826.12"
1287,05/07/2021,VNM,"90,100","90,100","89,200","90,400","88,600","89,322",-900,-1.00,2.93,261.80,0.06,4.78,2.99,266.58,"186,424.03"
1288,02/07/2021,VNM,"90,900","91,000","90,100","91,000","90,100","90,537",-800,-0.88,2.75,249.06,0.00,0.00,2.75,249.06,"188,304.99"
1289,01/07/2021,VNM,"90,400","90,600","90,900","91,300","90,400","90,876",500,0.55,3.81,346.37,0.03,2.70,3.84,349.07,"189,976.95"
1290,30/06/2021,VNM,"91,000","91,000","90,400","91,100","90,200","90,606",-600,-0.66,2.12,191.69,0.35,31.60,2.47,223.29,"188,931.97"
1291,29/06/2021,VNM,"89,200","89,800","91,000","91,700","89,000","90,690","1,800",2.02,4.37,396.14,0.00,0.00,4.37,396.14,"190,185.95"
1292,28/06/2021,VNM,"89,700","90,000","89,200","90,200","89,000","89,505",-500,-0.56,1.85,165.40,0.09,8.14,1.94,173.53,"186,424.03"
1293,25/06/2021,VNM,"88,700","88,700","89,700","89,900","88,700","89,185","1,000",1.13,2.08,185.44,0.06,5.41,2.14,190.85,"187,469.00"
1294,24/06/2021,VNM,"90,000","89,900","88,700","90,200","88,300","89,046","-1,300",-1.44,4.22,376.22,0.02,1.78,4.25,378.00,"185,379.05"
1295,23/06/2021,VNM,"90,600","90,600","90,000","90,800","89,700","90,125",-600,-0.66,3.36,302.58,0.12,11.03,3.48,313.61,"188,095.99"
1296,22/06/2021,VNM,"90,600","91,000","90,600","91,500","90,600","90,979",0,0.00,2.24,204.05,0.76,68.70,3.00,272.75,"189,349.96"
1297,21/06/2021,VNM,"92,100","92,000","90,600","92,100","90,600","91,328","-1,500",-1.63,4.19,382.99,0.12,11.02,4.31,394.02,"189,349.96"
1298,18/06/2021,VNM,"91,000","91,400","92,100","92,700","91,400","92,132","1,100",1.21,2.97,273.80,2.05,188.98,5.02,462.78,"192,484.90"
1299,17/06/2021,VNM,"91,800","91,000","91,000","92,200","90,800","91,346",-800,-0.87,2.39,217.38,1.87,170.67,4.26,388.05,"190,185.95"
1300,16/06/2021,VNM,"92,900","92,700","91,800","93,000","91,300","92,137","-1,100",-1.18,3.04,280.21,0.50,46.45,3.54,326.66,"191,857.91"
1301,15/06/2021,VNM,"92,500","92,600","92,900","93,200","92,100","92,814",400,0.43,4.53,420.89,0.18,16.40,4.71,437.29,"194,156.86"
1302,14/06/2021,VNM,"92,000","92,500","92,500","93,500","91,500","92,642",500,0.54,4.88,451.64,0.21,20.57,5.08,472.20,"193,320.88"
1303,11/06/2021,VNM,"92,200","92,200","92,000","92,500","91,200","91,860",-200,-0.22,2.94,270.11,0.05,4.81,2.99,274.92,"192,275.90"
1304,10/06/2021,VNM,"89,100","89,400","92,200","93,600","88,600","90,797","3,100",3.48,5.62,510.22,0.50,45.40,6.12,555.61,"192,693.89"
1305,09/06/2021,VNM,"89,700","89,800","89,100","90,100","88,800","89,357",-600,-0.67,3.01,269.28,1.19,106.07,4.20,375.34,"186,215.03"
1306,08/06/2021,VNM,"89,400","89,500","89,700","91,300","89,400","90,443",300,0.34,5.48,495.42,0.36,32.43,5.84,527.85,"187,469.00"
1307,07/06/2021,VNM,"88,400","89,500","89,400","89,600","88,000","88,903","1,000",1.13,3.74,332.20,0.00,0.00,3.74,332.20,"186,842.02"
1308,04/06/2021,VNM,"90,200","90,300","89,500","91,000","89,100","89,883",-700,-0.78,4.56,410.26,0.14,12.59,4.70,422.85,"187,051.01"
1309,03/06/2021,VNM,"89,400","90,000","90,200","90,800","89,800","90,224",800,0.89,3.63,327.42,0.00,0.00,3.63,327.42,"188,513.98"
1310,02/06/2021,VNM,"89,900","89,600","89,400","89,600","89,000","89,245",-500,-0.56,3.67,327.75,0.00,0.00,3.67,327.75,"186,842.02"
1311,01/06/2021,VNM,"90,500","90,500","89,900","90,700","89,900","90,282",-600,-0.66,2.34,211.25,0.00,0.00,2.34,211.25,"187,886.99"
1312,31/05/2021,VNM,"91,100","91,800","90,500","92,000","90,200","90,797",-600,-0.66,3.10,281.10,0.26,23.57,3.36,304.67,"189,140.97"
1313,28/05/2021,VNM,"90,500","91,000","91,100","91,700","90,400","91,006",600,0.66,3.12,284.14,0.00,0.00,3.12,284.14,"190,394.94"
1314,27/05/2021,VNM,"91,000","91,400","90,500","91,600","90,000","91,015",-500,-0.55,2.92,266.15,0.57,51.57,3.49,317.72,"189,140.97"
1315,26/05/2021,VNM,"90,500","90,000","91,000","91,900","89,300","90,318",500,0.55,3.77,340.80,0.16,14.45,3.93,355.25,"190,185.95"
1316,25/05/2021,VNM,"91,200","91,200","90,500","91,200","90,000","90,547",-700,-0.77,2.79,252.73,0.20,18.24,2.99,270.98,"189,140.97"
1317,24/05/2021,VNM,"89,200","90,000","91,200","91,900","89,500","90,798","2,000",2.24,4.35,394.95,0.00,0.00,4.35,394.95,"190,603.94"
1318,21/05/2021,VNM,"88,000","87,900","89,200","90,800","87,100","88,759","1,200",1.36,3.94,349.96,1.35,119.98,5.29,469.94,"186,424.03"
1319,20/05/2021,VNM,"87,500","87,900","88,000","88,100","87,000","87,534",500,0.57,2.80,245.14,0.04,3.87,2.84,249.01,"183,916.08"
1320,19/05/2021,VNM,"87,000","87,800","87,500","89,000","87,100","87,878",500,0.57,3.53,309.87,0.50,43.97,4.03,353.84,"182,871.10"
1321,18/05/2021,VNM,"87,200","87,500","87,000","88,000","86,800","87,212",-200,-0.23,2.97,259.03,0.00,0.00,2.97,259.03,"181,826.12"
1322,17/05/2021,VNM,"89,500","89,500","87,200","90,000","87,200","88,082","-2,300",-2.57,5.00,440.53,0.00,0.00,5.00,440.53,"182,244.11"
1323,14/05/2021,VNM,"90,500","91,100","89,500","91,200","89,500","90,093","-1,000",-1.10,4.39,395.62,0.26,23.38,4.65,418.99,"187,051.01"
1324,13/05/2021,VNM,"91,800","91,000","90,500","91,700","90,500","90,833","-1,300",-1.42,3.12,283.26,0.00,0.00,3.12,283.26,"189,140.97"
1325,12/05/2021,VNM,"91,200","90,100","91,800","92,200","90,000","90,752",600,0.66,3.20,290.34,0.00,0.00,3.20,290.34,"191,857.91"
1326,11/05/2021,VNM,"93,000","93,500","91,200","94,500","91,200","92,875","-1,800",-1.94,4.20,389.80,0.09,7.98,4.28,397.77,"190,603.94"
1327,10/05/2021,VNM,"87,000","87,000","93,000","93,000","86,100","91,243","6,000",6.90,8.18,746.09,0.25,22.81,8.43,768.90,"194,365.86"
1328,07/05/2021,VNM,"89,600","89,000","87,000","89,200","86,800","87,594","-2,600",-2.90,6.74,590.78,0.60,52.61,7.34,643.38,"181,826.12"
1329,06/05/2021,VNM,"92,000","92,000","89,600","92,000","89,600","90,508","-2,400",-2.61,7.45,674.16,0.40,36.08,7.84,710.24,"187,260.01"
1330,05/05/2021,VNM,"91,600","91,600","92,000","93,000","91,600","92,230",400,0.44,3.79,349.77,0.77,71.29,4.56,421.05,"192,275.90"
1331,04/05/2021,VNM,"93,500","93,000","91,600","93,000","91,500","91,906","-1,900",-2.03,4.11,377.99,0.07,6.49,4.18,384.48,"191,439.92"
1332,29/04/2021,VNM,"93,700","93,700","93,500","94,200","91,500","92,670",-200,-0.21,6.50,602.33,0.30,27.81,6.80,630.14,"195,410.83"
1333,28/04/2021,VNM,"95,700","95,700","93,700","95,800","93,500","94,564","-2,000",-2.09,5.03,475.38,1.07,101.42,6.10,576.80,"195,828.83"
1334,27/04/2021,VNM,"96,000","96,000","95,700","96,500","95,000","95,484",-300,-0.31,3.15,300.72,2.47,235.92,5.62,536.64,"200,008.74"
1335,26/04/2021,VNM,"99,500","97,000","96,000","99,000","96,000","97,043","-3,500",-3.52,5.05,489.64,1.23,119.18,6.28,608.83,"200,635.72"
1336,23/04/2021,VNM,"98,000","98,000","99,500","99,900","96,800","98,070","1,500",1.53,3.56,348.81,0.46,45.41,4.02,394.22,"207,950.57"
1337,22/04/2021,VNM,"99,300","99,300","98,000","99,500","97,000","98,332","-1,300",-1.31,3.17,311.35,0.40,39.50,3.57,350.85,"204,815.63"
1338,20/04/2021,VNM,"96,100","97,000","99,300","101,000","96,900","98,723","3,200",3.33,6.99,689.80,0.02,1.96,7.01,691.76,"207,532.58"
1339,19/04/2021,VNM,"96,900","96,900","96,100","97,500","95,100","95,894",-800,-0.83,5.72,548.79,0.79,75.81,6.51,624.59,"200,844.72"
1340,16/04/2021,VNM,"99,100","98,600","96,900","98,700","96,400","97,530","-2,200",-2.22,4.88,475.59,0.11,10.95,4.99,486.54,"202,516.68"
1341,15/04/2021,VNM,"99,300","99,600","99,100","100,500","98,900","99,527",-200,-0.20,3.55,353.26,0.55,54.72,4.10,407.98,"207,114.58"
1342,14/04/2021,VNM,"100,000","100,000","99,300","100,000","98,900","99,247",-700,-0.70,3.50,347.22,0.52,51.50,4.02,398.71,"207,532.58"
1343,13/04/2021,VNM,"100,000","100,800","100,000","101,700","99,700","100,621",0,0.00,3.80,382.27,0.75,75.12,4.55,457.38,"208,995.54"
1344,12/04/2021,VNM,"99,800","100,000","100,000","100,300","99,500","99,892",200,0.20,3.63,362.85,0.25,24.95,3.88,387.80,"208,995.54"
1345,09/04/2021,VNM,"99,900","99,900","99,800","100,000","99,200","99,609",-100,-0.10,2.72,270.61,0.02,2.00,2.74,272.61,"208,577.55"
1346,08/04/2021,VNM,"100,100","100,400","99,900","100,500","99,400","99,852",-200,-0.20,3.60,359.85,0.20,20.19,3.81,380.04,"208,786.55"
1347,07/04/2021,VNM,"101,500","101,000","100,100","101,000","100,000","100,458","-1,400",-1.38,3.50,351.98,0.14,14.12,3.64,366.09,"209,204.54"
1348,06/04/2021,VNM,"102,600","102,600","101,500","102,700","100,800","101,663","-1,100",-1.07,3.45,351.00,0.08,8.49,3.54,359.49,"212,130.48"
1349,05/04/2021,VNM,"102,700","104,500","102,600","104,500","102,200","103,320",-100,-0.10,2.82,291.64,0.00,0.00,2.82,291.64,"214,429.43"
1350,02/04/2021,VNM,"101,000","102,500","102,700","104,000","102,100","103,159","1,700",1.68,3.84,396.13,0.00,0.00,3.84,396.13,"214,638.42"
1351,01/04/2021,VNM,"98,400","98,500","101,000","101,000","98,000","100,053","2,600",2.64,5.59,559.70,0.65,64.64,6.24,624.34,"211,085.50"
1352,31/03/2021,VNM,"99,200","99,100","98,400","99,100","98,000","98,607",-800,-0.81,2.82,277.64,0.05,5.40,2.87,283.04,"205,651.62"
1353,30/03/2021,VNM,"99,000","99,600","99,200","100,100","98,600","99,387",200,0.20,2.59,257.45,1.84,182.36,4.43,439.82,"207,323.58"
1354,29/03/2021,VNM,"97,400","98,100","99,000","99,900","97,800","98,917","1,600",1.64,2.79,276.01,0.21,20.40,3.00,296.40,"206,905.59"
1355,26/03/2021,VNM,"98,500","98,000","97,400","98,500","96,600","97,561","-1,100",-1.12,3.65,356.46,0.27,25.98,3.92,382.44,"203,561.66"
1356,25/03/2021,VNM,"98,700","99,000","98,500","99,700","98,300","98,786",-200,-0.20,3.15,311.44,0.10,10.34,3.26,321.79,"205,860.61"
1357,24/03/2021,VNM,"100,200","99,600","98,700","100,000","98,500","99,328","-1,500",-1.50,3.19,317.07,0.09,9.30,3.29,326.37,"206,278.60"
1358,23/03/2021,VNM,"100,800","100,600","100,200","100,700","99,700","100,153",-600,-0.60,4.55,456.13,0.00,0.00,4.55,456.13,"209,413.54"
1359,22/03/2021,VNM,"101,700","101,700","100,800","101,800","100,600","101,133",-900,-0.88,3.42,345.50,0.10,10.06,3.52,355.55,"210,667.51"
1360,19/03/2021,VNM,"102,500","102,200","101,700","102,200","101,400","101,792",-800,-0.78,2.34,238.13,1.54,157.05,3.88,395.18,"212,548.47"
1361,18/03/2021,VNM,"100,500","101,000","102,500","102,500","101,000","101,762","2,000",1.99,2.55,259.84,0.06,5.66,2.61,265.50,"214,220.43"
1362,17/03/2021,VNM,"101,000","101,000","100,500","101,000","100,100","100,410",-500,-0.50,3.57,358.30,0.02,2.03,3.59,360.33,"210,040.52"
1363,16/03/2021,VNM,"102,200","102,200","101,000","102,300","100,100","101,002","-1,200",-1.17,4.12,416.24,0.19,19.55,4.31,435.79,"211,085.50"
1364,15/03/2021,VNM,"102,200","102,800","102,200","103,000","102,100","102,380",0,0.00,2.38,243.60,0.13,13.73,2.51,257.33,"213,593.45"
1365,12/03/2021,VNM,"102,800","103,000","102,200","103,300","101,700","102,758",-600,-0.58,2.70,277.92,0.04,4.12,2.74,282.04,"213,593.45"
1366,11/03/2021,VNM,"101,100","102,500","102,800","103,800","102,100","102,751","1,700",1.68,2.42,248.35,0.00,0.00,2.42,248.35,"214,847.42"
1367,10/03/2021,VNM,"100,500","100,500","101,100","102,500","99,800","100,714",600,0.60,3.39,341.55,0.00,0.00,3.39,341.55,"211,294.50"
1368,09/03/2021,VNM,"102,200","101,100","100,500","101,500","100,200","100,587","-1,700",-1.66,4.14,416.62,0.00,0.00,4.14,416.62,"210,040.52"
1369,08/03/2021,VNM,"103,000","103,400","102,200","103,600","101,700","102,373",-800,-0.78,3.21,328.43,0.04,4.31,3.25,332.74,"213,593.45"
1370,05/03/2021,VNM,"103,400","103,100","103,000","103,100","101,700","102,199",-400,-0.39,4.19,427.97,0.00,0.00,4.19,427.97,"215,265.41"
1371,04/03/2021,VNM,"104,500","105,200","103,400","105,500","103,000","104,165","-1,100",-1.05,2.76,286.99,0.12,12.32,2.87,299.30,"216,101.39"
1372,03/03/2021,VNM,"104,900","104,800","104,500","104,900","104,000","104,256",-400,-0.38,2.55,265.99,0.35,36.13,2.90,302.12,"218,400.34"
1373,02/03/2021,VNM,"105,600","106,200","104,900","106,500","104,000","105,377",-700,-0.66,3.05,321.41,0.21,22.10,3.26,343.51,"219,236.33"
1374,01/03/2021,VNM,"104,800","105,500","105,600","105,900","105,000","105,410",800,0.76,2.18,229.69,0.22,23.36,2.40,253.05,"220,699.29"
1375,26/02/2021,VNM,"104,600","103,600","104,800","104,900","103,400","103,842",200,0.19,3.36,348.68,0.56,57.91,3.92,406.59,"219,027.33"
1376,25/02/2021,VNM,"105,800","105,900","104,600","106,300","104,200","105,215","-1,200",-1.13,4.28,450.62,0.30,31.02,4.58,481.65,"218,609.34"
1377,24/02/2021,VNM,"107,000","107,000","105,800","107,900","105,500","106,572","-1,200",-1.12,2.80,298.51,0.04,3.76,2.84,302.27,"221,117.29"
1378,23/02/2021,VNM,"107,500","107,500","107,000","108,000","106,200","106,794",-500,-0.47,3.05,325.55,0.80,85.93,3.85,411.48,"223,625.23"
1379,22/02/2021,VNM,"108,000","107,400","107,500","107,800","107,300","107,559",-500,-0.46,3.01,323.34,0.41,43.55,3.41,366.90,"224,670.21"
1380,19/02/2021,VNM,"109,000","107,800","108,000","108,300","107,100","107,756","-1,000",-0.92,2.70,290.57,0.39,41.60,3.08,332.16,"225,715.19"
1381,18/02/2021,VNM,"108,700","108,700","109,000","109,000","107,500","108,232",300,0.28,2.85,308.18,0.05,4.92,2.89,313.10,"227,805.14"
1382,17/02/2021,VNM,"108,000","108,000","108,700","108,900","107,300","107,849",700,0.65,2.87,309.77,0.44,48.02,3.32,357.80,"227,178.16"
1383,09/02/2021,VNM,"105,300","105,300","108,000","108,900","104,900","106,905","2,700",2.56,1.93,206.51,1.64,176.10,3.57,382.61,"225,715.19"
1384,08/02/2021,VNM,"109,600","109,600","105,300","109,600","103,800","105,827","-4,300",-3.92,4.33,458.40,0.95,100.49,5.28,558.89,"220,072.31"
1385,05/02/2021,VNM,"108,800","108,600","109,600","110,000","108,600","109,430",800,0.74,2.23,244.16,0.63,69.04,2.86,313.20,"229,059.12"
1386,04/02/2021,VNM,"109,700","109,700","108,800","109,700","107,000","108,330",-900,-0.82,1.90,205.48,0.03,2.99,1.92,208.47,"227,387.15"
1387,03/02/2021,VNM,"106,400","106,400","109,700","109,700","106,400","108,312","3,300",3.10,3.06,331.06,0.69,69.94,3.75,400.99,"229,268.11"
1388,02/02/2021,VNM,"102,700","102,300","106,400","107,000","102,300","105,306","3,700",3.60,3.35,352.87,1.13,119.36,4.48,472.23,"222,371.26"
1389,01/02/2021,VNM,"102,800","103,000","102,700","105,200","102,000","103,752",-100,-0.10,2.93,304.49,0.90,92.98,3.83,397.47,"214,606.58"
1390,29/01/2021,VNM,"96,100","96,000","102,800","102,800","96,000","100,175","6,700",6.97,4.14,414.77,0.27,27.42,4.41,442.20,"214,815.54"
1391,28/01/2021,VNM,"103,300","100,000","96,100","101,900","96,100","97,907","-7,200",-6.97,4.57,447.00,0.33,31.95,4.90,478.95,"200,814.92"
1392,27/01/2021,VNM,"106,700","106,000","103,300","106,800","102,500","104,747","-3,400",-3.19,3.15,330.35,0.27,29.32,3.43,359.67,"215,860.36"
1393,26/01/2021,VNM,"108,200","108,100","106,700","108,500","105,000","106,724","-1,500",-1.39,2.60,277.15,0.07,7.69,2.67,284.84,"222,965.16"
1394,25/01/2021,VNM,"108,700","108,900","108,200","109,700","108,000","108,656",-500,-0.46,2.55,277.59,0.00,0.00,2.55,277.59,"226,099.63"
1395,22/01/2021,VNM,"110,300","110,200","108,700","110,800","108,700","109,448","-1,600",-1.45,2.43,265.85,0.30,32.83,2.73,298.68,"227,144.45"
1396,21/01/2021,VNM,"109,000","109,900","110,300","110,700","108,800","109,717","1,300",1.19,2.53,277.72,0.50,55.46,3.03,333.18,"230,487.88"
1397,20/01/2021,VNM,"107,700","108,800","109,000","109,500","106,000","108,153","1,300",1.21,3.36,363.79,0.42,45.33,3.78,409.12,"227,771.34"
1398,19/01/2021,VNM,"113,300","113,300","107,700","113,300","107,000","110,216","-5,600",-4.94,3.67,404.31,0.75,85.31,4.42,489.61,"225,054.80"
1399,18/01/2021,VNM,"113,900","114,200","113,300","115,100","113,300","114,476",-600,-0.53,2.62,300.39,0.05,5.80,2.67,306.19,"236,756.82"
1400,15/01/2021,VNM,"113,100","113,500","113,900","115,300","113,100","113,644",800,0.71,2.13,241.57,0.00,0.00,2.13,241.57,"238,010.60"
1401,14/01/2021,VNM,"114,500","114,400","113,100","114,400","112,600","113,293","-1,400",-1.22,3.68,416.96,0.17,18.83,3.85,435.79,"236,338.89"
1402,13/01/2021,VNM,"116,300","116,300","114,500","117,200","114,200","115,979","-1,800",-1.55,2.52,292.45,0.16,18.46,2.69,310.91,"239,264.39"
1403,12/01/2021,VNM,"115,900","116,500","116,300","116,700","115,400","116,264",400,0.35,2.34,272.63,0.20,23.19,2.54,295.82,"243,025.75"
1404,11/01/2021,VNM,"112,000","112,500","115,900","116,000","112,500","114,692","3,900",3.48,4.60,528.03,0.06,6.62,4.66,534.65,"242,189.90"
1405,08/01/2021,VNM,"110,400","111,500","112,000","112,900","110,900","112,076","1,600",1.45,3.32,372.43,0.35,38.98,3.67,411.41,"234,040.28"
1406,07/01/2021,VNM,"109,800","110,000","110,400","110,800","109,800","110,294",600,0.55,2.45,270.55,0.44,48.86,2.90,319.42,"230,696.85"
1407,06/01/2021,VNM,"110,800","111,000","109,800","111,300","109,800","110,845","-1,000",-0.90,2.82,312.93,0.10,11.70,2.92,324.63,"229,443.06"
1408,05/01/2021,VNM,"108,300","108,900","110,800","112,000","108,400","110,009","2,500",2.31,4.01,441.57,0.02,2.02,4.03,443.59,"231,532.70"
1409,04/01/2021,VNM,"108,800","109,700","109,300","109,800","109,000","109,312",500,0.46,2.30,251.37,0.02,2.19,2.32,253.56,"228,398.24"
1410,31/12/2020,VNM,"108,800","109,000","108,800","109,900","108,800","109,192",0,0.00,0.99,108.52,0.20,22.55,1.19,131.07,"227,353.41"
1411,30/12/2020,VNM,"109,200","109,200","108,800","110,200","108,600","109,602",-400,-0.37,1.86,203.49,0.53,57.91,2.39,261.40,"227,353.41"
1412,29/12/2020,VNM,"108,700","109,000","109,200","109,400","108,600","109,006",500,0.46,1.30,141.68,0.00,0.00,1.30,141.68,"228,189.27"
1413,28/12/2020,VNM,"109,000","109,100","108,700","109,700","108,300","108,852",-300,-0.28,2.31,250.94,0.00,0.00,2.31,250.94,"227,144.45"
1414,25/12/2020,VNM,"108,700","108,800","109,000","109,100","108,100","108,691",300,0.28,1.76,190.81,0.05,5.28,1.80,196.09,"227,771.34"
1415,24/12/2020,VNM,"110,200","110,200","108,700","110,500","108,000","108,885","-1,500",-1.36,2.51,273.45,0.00,0.00,2.51,273.45,"227,144.45"
1416,23/12/2020,VNM,"109,900","109,900","110,200","111,400","109,900","110,415",300,0.27,2.43,268.60,0.19,21.18,2.62,289.78,"230,278.92"
1417,22/12/2020,VNM,"111,000","110,900","109,900","110,900","109,800","110,142","-1,100",-0.99,2.27,249.67,0.23,25.40,2.50,275.07,"229,652.02"
1418,21/12/2020,VNM,"110,400","110,400","111,000","111,400","110,200","110,658",600,0.54,2.34,259.06,0.04,4.97,2.39,264.03,"231,950.63"
1419,18/12/2020,VNM,"110,400","110,500","110,400","111,000","110,000","110,410",0,0.00,3.34,369.09,0.16,17.36,3.50,386.45,"230,696.85"
1420,17/12/2020,VNM,"111,600","111,000","110,400","111,000","110,300","110,615","-1,200",-1.08,2.95,326.52,0.03,2.96,2.98,329.49,"230,696.85"
1421,16/12/2020,VNM,"111,200","111,200","111,600","112,300","110,700","111,370",400,0.36,2.11,234.60,0.16,18.21,2.27,252.81,"233,204.42"
1422,15/12/2020,VNM,"113,400","113,000","111,200","113,300","110,800","111,855","-2,200",-1.94,4.57,511.51,0.00,0.00,4.57,511.51,"232,368.56"
1423,14/12/2020,VNM,"112,600","112,800","113,400","113,400","112,400","112,945",800,0.71,2.54,286.35,0.13,14.94,2.67,301.29,"236,965.78"
1424,11/12/2020,VNM,"112,000","112,000","112,600","112,800","111,800","112,285",600,0.54,2.30,258.02,0.49,54.47,2.79,312.50,"235,294.07"
1425,10/12/2020,VNM,"109,700","110,300","112,000","113,900","110,300","112,224","2,300",2.10,6.08,682.07,0.17,18.95,6.25,701.02,"234,040.28"
1426,09/12/2020,VNM,"109,200","110,000","109,700","110,100","109,300","109,739",500,0.46,1.70,186.77,0.00,0.00,1.70,186.77,"229,234.09"
1427,08/12/2020,VNM,"110,000","110,100","109,200","110,300","109,000","109,452",-800,-0.73,1.47,160.71,0.62,67.74,2.09,228.46,"228,189.27"
1428,07/12/2020,VNM,"109,000","110,000","110,000","110,900","108,800","109,784","1,000",0.92,1.97,216.32,0.00,0.00,1.97,216.32,"229,860.99"
1429,04/12/2020,VNM,"109,500","109,500","109,000","109,700","108,800","109,155",-500,-0.46,1.57,171.50,0.19,21.02,1.76,192.52,"227,771.34"
1430,03/12/2020,VNM,"109,000","109,000","109,500","109,900","108,800","109,446",500,0.46,1.11,121.35,0.42,45.82,1.53,167.17,"228,816.17"
1431,02/12/2020,VNM,"109,700","109,600","109,000","109,800","108,700","109,356",-700,-0.64,1.33,145.71,0.00,0.00,1.33,145.71,"227,771.34"
1432,01/12/2020,VNM,"108,200","107,300","109,700","109,800","107,200","108,754","1,500",1.39,2.49,271.15,0.08,8.07,2.57,279.22,"229,234.09"
1433,30/11/2020,VNM,"109,800","109,800","108,200","110,000","108,000","108,753","-1,600",-1.46,2.69,292.22,0.18,19.94,2.87,312.16,"226,099.63"
1434,27/11/2020,VNM,"109,900","109,900","109,800","109,900","108,700","109,137",-100,-0.09,2.82,308.19,0.14,15.47,2.97,323.66,"229,443.06"
1435,26/11/2020,VNM,"110,500","110,900","109,900","110,900","109,300","109,848",-600,-0.54,1.49,163.70,0.00,0.00,1.49,163.70,"229,652.02"
1436,25/11/2020,VNM,"109,600","109,600","110,500","111,000","109,100","110,001",900,0.82,2.19,241.00,0.00,0.00,2.19,241.00,"230,905.81"
1437,24/11/2020,VNM,"110,600","110,600","109,600","110,900","109,000","109,839","-1,000",-0.90,1.94,212.77,0.11,11.76,2.05,224.53,"229,025.13"
1438,23/11/2020,VNM,"110,900","111,000","110,600","111,300","109,800","110,452",-300,-0.27,2.10,232.43,0.06,7.14,2.17,239.57,"231,114.78"
1439,20/11/2020,VNM,"109,700","109,900","110,900","111,500","109,100","110,264","1,200",1.09,2.80,308.90,0.00,0.00,2.80,308.90,"231,741.67"
1440,19/11/2020,VNM,"109,400","109,400","109,700","109,700","109,000","109,440",300,0.27,3.14,343.72,0.00,0.00,3.14,343.72,"229,234.09"
1441,18/11/2020,VNM,"107,600","108,000","109,400","109,500","107,800","108,887","1,800",1.67,3.40,369.86,0.00,0.00,3.40,369.86,"228,607.20"
1442,17/11/2020,VNM,"107,100","107,200","107,600","107,700","107,000","107,233",500,0.47,1.65,176.76,0.36,38.30,2.01,215.06,"224,845.84"
1443,16/11/2020,VNM,"107,400","107,500","107,100","108,700","107,000","107,777",-300,-0.28,2.57,277.11,0.00,0.00,2.57,277.11,"223,801.02"
1444,13/11/2020,VNM,"107,000","107,000","107,400","107,400","107,000","107,244",400,0.37,1.09,116.84,0.50,53.35,1.59,170.19,"224,427.91"
1445,12/11/2020,VNM,"107,500","107,500","107,000","107,500","106,700","106,968",-500,-0.47,1.07,114.95,0.02,2.14,1.09,117.09,"223,592.05"
1446,11/11/2020,VNM,"107,500","107,900","107,500","107,900","106,000","106,959",0,0.00,2.43,259.88,0.21,21.93,2.63,281.80,"224,636.87"
1447,10/11/2020,VNM,"108,800","109,100","107,500","109,200","107,500","108,319","-1,300",-1.19,2.30,248.83,0.02,2.17,2.32,251.00,"224,636.87"
1448,09/11/2020,VNM,"108,800","109,000","108,800","109,400","108,500","108,918",0,0.00,1.07,116.18,0.00,0.00,1.07,116.18,"227,353.41"
1449,06/11/2020,VNM,"108,800","109,200","108,800","109,400","108,000","108,940",0,0.00,1.01,110.14,0.16,17.16,1.17,127.31,"227,353.41"
1450,05/11/2020,VNM,"108,000","108,000","108,800","109,400","108,000","109,044",800,0.74,1.89,206.23,0.03,3.23,1.92,209.46,"227,353.41"
1451,04/11/2020,VNM,"107,700","108,000","108,000","109,400","107,400","108,390",300,0.28,1.34,145.54,0.20,21.69,1.54,167.23,"225,681.70"
1452,03/11/2020,VNM,"107,600","107,600","107,700","108,000","107,000","107,591",100,0.09,0.87,93.63,0.26,27.45,1.13,121.08,"225,054.80"
1453,02/11/2020,VNM,"108,000","107,000","107,600","108,000","107,000","107,535",-400,-0.37,0.87,93.27,0.53,57.00,1.40,150.27,"224,845.84"
1454,30/10/2020,VNM,"106,900","107,000","108,000","108,000","105,300","106,249","1,100",1.03,2.68,285.13,0.00,0.00,2.68,285.13,"225,681.70"
1455,29/10/2020,VNM,"107,400","106,500","106,900","107,200","105,600","106,549",-500,-0.47,1.72,183.61,0.10,10.66,1.82,194.27,"223,383.09"
1456,28/10/2020,VNM,"109,600","109,000","107,400","109,000","106,500","107,834","-2,200",-2.01,2.61,281.36,0.00,0.00,2.61,281.36,"224,427.91"
1457,27/10/2020,VNM,"110,500","110,000","109,600","111,000","109,100","110,010",-900,-0.81,1.72,189.34,0.00,0.00,1.72,189.34,"229,025.13"
1458,26/10/2020,VNM,"110,000","111,000","110,500","112,500","110,000","111,698",500,0.45,2.31,258.42,0.00,0.00,2.31,258.42,"230,905.81"
1459,23/10/2020,VNM,"106,700","107,500","110,000","110,000","107,100","108,451","3,300",3.09,2.95,319.58,0.19,19.78,3.13,339.36,"229,860.99"
1460,22/10/2020,VNM,"106,400","106,800","106,700","106,800","105,100","105,908",300,0.28,2.42,256.57,0.05,5.37,2.47,261.94,"222,965.16"
1461,21/10/2020,VNM,"106,200","106,500","106,400","106,900","106,000","106,478",200,0.19,0.81,85.77,0.00,0.00,0.81,85.77,"222,338.26"
1462,20/10/2020,VNM,"107,700","107,300","106,200","107,600","106,000","106,522","-1,500",-1.39,2.15,229.13,0.00,0.00,2.15,229.13,"221,920.34"
1463,19/10/2020,VNM,"107,400","107,400","107,700","108,300","107,400","107,921",300,0.28,1.62,174.59,0.23,24.37,1.84,198.96,"225,054.80"
1464,16/10/2020,VNM,"107,500","107,500","107,400","108,000","106,900","107,404",-100,-0.09,1.64,175.90,0.11,11.36,1.74,187.26,"187,023.96"
1465,15/10/2020,VNM,"107,400","107,800","107,500","107,900","107,000","107,345",100,0.09,1.85,199.08,0.63,67.45,2.48,266.53,"187,198.10"
1466,14/10/2020,VNM,"107,100","107,100","107,400","107,700","106,800","107,098",300,0.28,1.30,139.14,0.58,62.01,1.88,201.14,"187,023.96"
1467,13/10/2020,VNM,"107,000","107,000","107,100","108,000","106,900","107,323",100,0.09,0.86,92.14,0.72,76.92,1.58,169.06,"186,501.55"
1468,12/10/2020,VNM,"106,700","106,800","107,000","107,800","106,600","107,019",300,0.28,1.21,129.41,0.00,0.00,1.21,129.41,"186,327.41"
1469,09/10/2020,VNM,"106,900","107,000","106,700","107,100","106,600","106,719",-200,-0.19,0.98,104.69,0.08,8.58,1.06,113.26,"185,805.00"
1470,08/10/2020,VNM,"108,000","107,900","106,900","107,900","106,800","107,266","-1,100",-1.02,1.33,142.21,0.29,30.93,1.61,173.14,"186,153.28"
1471,07/10/2020,VNM,"107,000","106,800","108,000","108,000","106,500","107,132","1,000",0.93,2.15,230.73,0.32,33.51,2.47,264.24,"188,068.79"
1472,06/10/2020,VNM,"107,300","107,300","107,000","108,000","106,500","107,033",-300,-0.28,2.04,218.85,0.00,0.00,2.04,218.85,"186,327.41"
1473,05/10/2020,VNM,"108,000","108,000","107,300","109,000","107,000","107,639",-700,-0.65,1.43,153.67,0.04,4.59,1.47,158.26,"186,849.83"
1474,02/10/2020,VNM,"109,300","109,500","108,000","110,100","106,700","108,593","-1,300",-1.19,2.86,311.04,0.00,0.00,2.86,311.04,"188,068.79"
1475,01/10/2020,VNM,"108,900","109,000","109,300","109,400","107,900","108,635",400,0.37,1.70,184.95,0.54,59.24,2.25,244.19,"190,332.58"
1476,30/09/2020,VNM,"109,200","110,000","108,900","111,400","108,500","109,280",-300,-0.27,1.43,156.53,0.00,0.00,1.43,156.53,"189,636.03"
1477,29/09/2020,VNM,"105,300","110,000","109,200","112,600","108,000","110,012","3,900",3.70,5.19,571.15,0.09,9.98,5.28,581.13,"190,158.44"
1478,28/09/2020,VNM,"127,700","128,000","128,300","128,600","127,300","127,893",600,0.47,2.17,277.50,0.00,0.00,2.17,277.50,"223,418.76"
1479,25/09/2020,VNM,"127,300","127,800","127,700","128,000","127,500","127,727",400,0.31,1.01,129.15,0.05,6.50,1.06,135.65,"222,373.93"
1480,24/09/2020,VNM,"129,200","128,200","127,300","128,900","127,300","128,119","-1,900",-1.47,1.51,193.03,0.27,34.78,1.78,227.81,"221,677.38"
1481,23/09/2020,VNM,"129,600","129,900","129,200","130,200","129,100","129,555",-400,-0.31,1.04,135.10,0.00,0.00,1.04,135.10,"224,986.00"
1482,22/09/2020,VNM,"130,100","130,100","129,600","130,200","128,500","129,756",-500,-0.38,1.24,161.50,0.11,14.85,1.36,176.35,"225,682.55"
1483,21/09/2020,VNM,"126,400","126,400","130,100","130,200","126,400","128,805","3,700",2.93,2.61,336.74,0.00,0.00,2.61,336.74,"226,553.24"
1484,18/09/2020,VNM,"124,500","124,600","126,400","126,400","124,200","125,445","1,900",1.53,1.22,153.55,0.14,17.10,1.36,170.65,"220,110.14"
1485,17/09/2020,VNM,"124,200","124,000","124,500","125,800","124,000","124,743",300,0.24,1.38,171.72,0.03,3.12,1.40,174.84,"216,801.52"
1486,16/09/2020,VNM,"124,800","125,000","124,200","125,000","123,900","124,284",-600,-0.48,0.72,90.05,0.00,0.00,0.72,90.05,"216,279.11"
1487,15/09/2020,VNM,"124,200","124,200","124,800","124,900","124,000","124,325",600,0.48,0.88,109.66,0.62,77.07,1.50,186.73,"217,323.94"
1488,14/09/2020,VNM,"123,800","124,400","124,200","125,000","124,000","124,545",400,0.32,1.19,148.73,0.20,24.85,1.39,173.57,"216,279.11"
1489,11/09/2020,VNM,"124,700","124,200","123,800","124,700","123,500","123,947",-900,-0.72,0.96,118.58,0.40,49.57,1.36,168.15,"215,582.56"
1490,10/09/2020,VNM,"123,800","125,000","124,700","125,400","124,400","124,843",900,0.73,0.85,105.91,0.04,4.49,0.88,110.40,"217,149.80"
1491,09/09/2020,VNM,"124,200","122,500","123,800","123,900","121,500","122,859",-400,-0.32,1.62,199.27,0.04,4.92,1.66,204.19,"215,582.56"
1492,08/09/2020,VNM,"126,000","125,900","124,200","127,400","123,900","124,998","-1,800",-1.43,1.81,226.19,1.38,172.45,3.19,398.64,"216,279.11"
1493,07/09/2020,VNM,"125,000","125,000","126,000","128,400","124,900","126,734","1,000",0.80,2.18,276.08,0.82,103.62,3.00,379.70,"219,413.59"
1494,04/09/2020,VNM,"124,700","123,700","125,000","125,000","123,100","124,299",300,0.24,1.71,212.80,0.69,85.95,2.40,298.75,"217,672.21"
1495,03/09/2020,VNM,"123,200","123,500","124,700","124,800","123,500","124,094","1,500",1.22,2.02,250.26,0.50,61.52,2.51,311.77,"217,149.80"
1496,01/09/2020,VNM,"121,000","121,000","123,200","123,200","120,200","122,518","2,200",1.82,1.45,177.41,0.00,0.00,1.45,177.41,"214,537.73"
1497,31/08/2020,VNM,"119,300","120,300","121,000","121,000","119,500","120,329","1,700",1.42,1.63,196.63,0.10,11.81,1.73,208.44,"210,706.70"
1498,28/08/2020,VNM,"117,200","117,800","119,300","120,000","117,200","118,575","2,100",1.79,1.34,159.04,0.60,71.15,1.94,230.19,"207,746.36"
1499,27/08/2020,VNM,"117,100","117,500","117,200","117,900","117,000","117,369",100,0.09,0.80,93.85,0.38,44.49,1.18,138.34,"204,089.47"
1500,26/08/2020,VNM,"117,300","118,000","117,100","118,200","116,900","117,730",-200,-0.17,1.92,226.37,0.05,5.71,1.97,232.08,"203,915.33"
1501,25/08/2020,VNM,"116,500","117,000","117,300","117,900","116,800","117,296",800,0.69,1.69,198.59,0.18,20.38,1.87,218.96,"204,263.60"
1502,24/08/2020,VNM,"115,600","116,500","116,500","117,600","116,000","116,660",900,0.78,1.53,178.12,0.08,9.19,1.61,187.31,"202,870.50"
1503,21/08/2020,VNM,"115,200","115,500","115,600","116,000","115,100","115,491",400,0.35,0.88,102.21,0.03,3.47,0.91,105.67,"201,303.26"
1504,20/08/2020,VNM,"115,300","115,300","115,200","115,800","114,600","115,207",-100,-0.09,1.25,144.50,0.10,10.98,1.35,155.48,"200,606.71"
1505,19/08/2020,VNM,"115,600","116,000","115,300","116,000","114,900","115,500",-300,-0.26,0.98,113.40,0.05,5.70,1.03,119.10,"200,780.85"
1506,18/08/2020,VNM,"117,000","117,000","115,600","117,400","115,600","116,274","-1,400",-1.20,0.60,70.30,0.10,11.63,0.70,81.92,"201,303.26"
1507,17/08/2020,VNM,"116,700","117,000","117,000","117,900","115,300","116,568",300,0.26,0.91,105.71,0.00,0.00,0.91,105.71,"203,741.19"
1508,14/08/2020,VNM,"116,400","116,600","116,700","118,000","116,200","117,307",300,0.26,1.62,190.47,0.24,28.03,1.86,218.50,"203,218.78"
1509,13/08/2020,VNM,"115,600","116,000","116,400","116,600","115,900","116,153",800,0.69,1.24,143.91,0.00,0.00,1.24,143.91,"202,696.36"
1510,12/08/2020,VNM,"114,500","114,500","115,600","115,900","114,500","115,559","1,100",0.96,1.45,167.79,0.00,0.00,1.45,167.79,"201,303.26"
1511,11/08/2020,VNM,"114,500","114,900","114,500","115,000","114,000","114,489",0,0.00,0.85,97.57,0.73,83.02,1.58,180.59,"199,387.75"
1512,10/08/2020,VNM,"115,500","116,000","114,500","116,500","114,500","115,381","-1,000",-0.87,1.41,163.00,0.10,11.54,1.51,174.53,"199,387.75"
1513,07/08/2020,VNM,"114,800","115,000","115,500","116,000","114,800","115,401",700,0.61,1.15,132.50,0.09,10.64,1.24,143.14,"201,129.12"
1514,06/08/2020,VNM,"112,100","112,200","114,800","116,000","112,100","114,199","2,700",2.41,1.36,155.38,0.00,0.00,1.36,155.38,"199,910.16"
1515,05/08/2020,VNM,"111,300","111,500","112,100","113,600","110,000","112,196",800,0.72,0.89,99.64,0.42,46.70,1.31,146.34,"195,208.44"
1516,04/08/2020,VNM,"109,200","111,000","111,300","111,300","109,900","110,447","2,100",1.92,0.77,84.51,0.30,33.64,1.07,118.15,"193,815.34"
1517,03/08/2020,VNM,"107,000","108,000","109,200","110,000","107,700","108,988","2,200",2.06,0.86,93.75,0.00,0.00,0.86,93.75,"190,158.44"
1518,31/07/2020,VNM,"109,000","107,000","107,000","109,200","106,500","107,897","-2,000",-1.83,0.84,90.62,0.32,35.04,1.16,125.66,"186,327.41"
1519,30/07/2020,VNM,"106,000","108,000","109,000","109,500","106,800","108,505","3,000",2.83,1.03,111.61,0.20,21.48,1.23,133.09,"189,810.17"
1520,29/07/2020,VNM,"109,900","108,500","106,000","108,900","105,500","106,445","-3,900",-3.55,1.50,159.40,0.00,0.00,1.50,159.40,"184,586.04"
1521,28/07/2020,VNM,"103,400","104,000","109,900","109,900","104,000","106,685","6,500",6.29,1.39,148.38,0.27,29.02,1.66,177.40,"191,377.41"
1522,27/07/2020,VNM,"111,100","107,100","103,400","107,600","103,400","105,111","-7,700",-6.93,2.55,268.43,0.39,41.52,2.95,309.95,"180,058.45"
1523,24/07/2020,VNM,"114,200","114,200","111,100","114,200","109,000","111,774","-3,100",-2.71,2.31,258.56,0.14,15.96,2.46,274.52,"193,467.06"
1524,23/07/2020,VNM,"114,100","114,200","114,200","114,600","113,500","113,973",100,0.09,0.77,87.36,0.33,37.76,1.10,125.12,"198,865.33"
1525,22/07/2020,VNM,"116,000","115,400","114,100","116,000","114,100","114,956","-1,900",-1.64,1.05,120.86,0.26,30.02,1.31,150.88,"198,691.19"
1526,21/07/2020,VNM,"115,700","115,700","116,000","116,300","114,600","115,131",300,0.26,1.62,186.37,0.35,40.59,1.97,226.96,"201,999.81"
1527,20/07/2020,VNM,"116,800","116,000","115,700","116,700","115,500","115,892","-1,100",-0.94,0.47,55.01,0.35,41.13,0.83,96.15,"201,477.40"
1528,17/07/2020,VNM,"117,500","116,700","116,800","117,400","116,500","116,795",-700,-0.60,0.58,68.15,0.05,5.90,0.63,74.05,"203,392.91"
1529,16/07/2020,VNM,"116,000","116,700","117,500","117,500","116,200","116,845","1,500",1.29,1.11,129.99,0.50,57.99,1.61,187.97,"204,611.88"
1530,15/07/2020,VNM,"115,200","116,000","116,000","117,000","116,000","116,462",800,0.69,1.01,118.21,0.77,89.67,1.79,207.87,"201,999.81"
1531,14/07/2020,VNM,"114,800","114,200","115,200","115,200","113,900","114,307",400,0.35,0.73,83.58,0.11,12.48,0.84,96.05,"200,606.71"
1532,13/07/2020,VNM,"115,300","115,300","114,800","115,800","114,300","115,223",-500,-0.43,0.94,108.75,0.00,0.00,0.94,108.75,"199,910.16"
1533,10/07/2020,VNM,"115,900","116,000","115,300","116,400","115,300","115,799",-600,-0.52,0.68,78.42,1.02,124.01,1.70,202.43,"200,780.85"
1534,09/07/2020,VNM,"115,500","115,500","115,900","116,700","115,500","116,086",400,0.35,1.56,181.14,0.05,5.30,1.61,186.44,"201,825.67"
1535,08/07/2020,VNM,"116,000","116,000","115,500","116,000","115,500","115,735",-500,-0.43,0.55,63.81,0.29,34.13,0.85,97.94,"201,129.12"
1536,07/07/2020,VNM,"116,500","116,500","116,000","117,100","116,000","116,446",-500,-0.43,1.02,119.35,0.00,0.00,1.02,119.35,"201,999.81"
1537,06/07/2020,VNM,"114,100","114,500","116,500","116,600","114,300","115,334","2,400",2.10,1.32,152.24,0.51,59.69,1.83,211.93,"202,870.50"
1538,03/07/2020,VNM,"113,000","113,000","114,100","114,200","112,800","113,966","1,100",0.97,0.73,83.11,0.06,6.84,0.79,89.95,"198,691.19"
1539,02/07/2020,VNM,"114,700","114,800","113,000","114,900","113,000","113,595","-1,700",-1.48,0.72,81.84,0.00,0.00,0.72,81.84,"196,775.68"
1540,01/07/2020,VNM,"112,700","112,700","114,700","115,000","112,000","113,688","2,000",1.77,0.45,51.16,0.00,0.00,0.45,51.16,"199,736.02"
1541,30/06/2020,VNM,"111,900","113,000","112,700","113,500","111,900","112,607",800,0.71,0.80,89.86,0.00,0.00,0.80,89.86,"196,253.27"
1542,29/06/2020,VNM,"114,400","114,000","111,900","114,300","110,100","111,830","-2,500",-2.19,1.52,169.88,0.00,0.00,1.52,169.88,"194,860.16"
1543,26/06/2020,VNM,"116,400","116,600","115,900","117,100","115,400","115,954",-500,-0.43,0.50,57.48,0.05,5.80,0.55,63.28,"201,825.67"
1544,25/06/2020,VNM,"117,100","116,500","116,400","116,500","115,300","115,783",-700,-0.60,0.57,66.32,0.00,0.00,0.57,66.32,"202,696.36"
1545,24/06/2020,VNM,"116,000","116,400","117,100","118,400","116,400","117,462","1,100",0.95,0.75,88.21,0.00,0.00,0.75,88.21,"203,915.33"
1546,23/06/2020,VNM,"115,400","116,000","116,000","116,400","115,600","116,015",600,0.52,1.06,123.38,0.14,16.23,1.20,139.61,"201,999.81"
1547,22/06/2020,VNM,"115,000","115,000","115,400","115,900","114,800","115,279",400,0.35,0.87,100.02,0.00,0.00,0.87,100.02,"200,954.99"
1548,19/06/2020,VNM,"115,200","115,200","115,000","116,500","115,000","115,217",-200,-0.17,1.25,144.21,0.26,30.07,1.51,174.27,"200,258.43"
1549,18/06/2020,VNM,"115,600","115,600","115,200","116,600","114,100","115,414",-400,-0.35,0.52,60.38,0.00,0.00,0.52,60.38,"200,606.71"
1550,17/06/2020,VNM,"117,000","117,000","115,600","117,200","115,400","115,986","-1,400",-1.20,0.51,59.57,0.00,0.00,0.51,59.57,"201,303.26"
1551,16/06/2020,VNM,"112,000","114,600","117,000","117,500","114,000","115,855","5,000",4.46,0.84,97.87,0.82,94.55,1.66,192.42,"203,741.19"
1552,15/06/2020,VNM,"118,000","120,000","112,000","120,900","112,000","115,267","-6,000",-5.08,2.06,237.32,0.10,11.80,2.16,249.11,"195,034.30"
1553,12/06/2020,VNM,"122,300","118,000","118,000","119,800","114,600","117,361","-4,300",-3.52,2.39,281.00,0.25,29.22,2.64,310.22,"205,482.57"
1554,11/06/2020,VNM,"123,000","123,000","122,300","125,000","121,000","123,375",-700,-0.57,1.10,135.50,0.06,7.47,1.16,142.97,"212,970.49"
1555,10/06/2020,VNM,"125,000","126,000","123,000","126,000","122,800","124,414","-2,000",-1.60,1.24,154.54,0.10,12.89,1.35,167.43,"214,189.46"
1556,09/06/2020,VNM,"122,800","123,100","125,000","126,000","123,100","124,986","2,200",1.79,1.70,213.02,0.03,2.95,1.73,215.97,"217,672.21"
1557,08/06/2020,VNM,"119,200","119,200","122,800","123,400","119,100","122,090","3,600",3.02,1.42,173.34,0.13,15.18,1.54,188.52,"213,841.18"
1558,05/06/2020,VNM,"117,800","117,800","119,200","119,200","116,700","118,475","1,400",1.19,1.08,127.54,0.00,0.00,1.08,127.54,"207,572.22"
1559,04/06/2020,VNM,"116,600","117,000","117,800","117,900","117,000","117,745","1,200",1.03,0.74,86.59,0.12,13.66,0.85,100.25,"205,134.29"
1560,03/06/2020,VNM,"116,000","116,200","116,600","118,100","115,600","116,594",600,0.52,1.32,154.15,0.13,14.58,1.45,168.73,"203,044.64"
1561,02/06/2020,VNM,"116,100","116,100","116,000","117,000","115,700","116,413",-100,-0.09,0.89,103.83,0.00,0.00,0.89,103.83,"201,999.81"
1562,01/06/2020,VNM,"115,000","115,100","116,100","117,000","115,100","116,335","1,100",0.96,1.05,121.81,0.10,11.63,1.15,133.44,"202,173.95"
1563,29/05/2020,VNM,"114,800","113,500","115,000","115,200","113,500","114,537",200,0.17,1.20,137.87,0.47,54.29,1.68,192.16,"200,258.43"
1564,28/05/2020,VNM,"115,000","115,000","114,800","116,000","114,800","115,200",-200,-0.17,1.00,115.72,0.08,9.21,1.08,124.93,"199,910.16"
1565,27/05/2020,VNM,"117,600","117,700","115,000","117,800","115,000","116,139","-2,600",-2.21,1.11,128.72,0.00,0.00,1.11,128.72,"200,258.43"
1566,26/05/2020,VNM,"117,600","118,000","117,600","118,000","115,200","117,254",0,0.00,0.98,115.28,0.03,3.08,1.01,118.36,"204,786.02"
1567,25/05/2020,VNM,"114,400","114,500","117,600","117,600","114,100","116,187","3,200",2.80,1.58,183.79,0.16,18.56,1.74,202.35,"204,786.02"
1568,22/05/2020,VNM,"115,000","114,400","114,400","114,800","113,500","114,398",-600,-0.52,1.08,123.90,0.00,0.00,1.08,123.90,"199,213.61"
1569,21/05/2020,VNM,"114,000","114,000","115,000","115,000","113,500","114,504","1,000",0.88,1.58,181.16,0.29,33.18,1.87,214.33,"200,258.43"
1570,20/05/2020,VNM,"112,600","112,500","114,000","114,400","112,500","113,701","1,400",1.24,1.20,136.41,0.25,28.46,1.45,164.87,"198,517.06"
1571,19/05/2020,VNM,"111,100","113,800","112,600","114,400","112,300","113,398","1,500",1.35,1.43,162.43,0.24,26.87,1.67,189.30,"196,079.13"
1572,18/05/2020,VNM,"110,800","110,800","111,100","111,800","109,000","110,890",300,0.27,0.90,99.62,0.33,36.64,1.23,136.26,"193,467.06"
1573,15/05/2020,VNM,"113,000","113,000","110,800","113,500","109,400","111,153","-2,200",-1.95,2.32,257.90,0.97,107.75,3.29,365.66,"192,944.65"
1574,14/05/2020,VNM,"113,700","112,600","113,000","113,900","112,500","113,267",-700,-0.62,1.40,158.32,0.00,0.00,1.40,158.32,"196,775.68"
1575,13/05/2020,VNM,"113,900","113,200","113,700","115,000","110,000","112,943",-200,-0.18,2.51,283.23,1.24,140.43,3.75,423.66,"197,994.64"
1576,12/05/2020,VNM,"108,500","108,500","113,900","114,400","107,400","110,687","5,400",4.98,2.94,325.93,0.04,4.52,2.98,330.45,"198,342.92"
1577,11/05/2020,VNM,"105,000","108,500","108,500","108,500","104,700","106,780","3,500",3.33,1.79,191.37,0.10,10.68,1.89,202.05,"188,939.48"
1578,08/05/2020,VNM,"103,400","104,500","105,000","107,600","104,000","105,391","1,600",1.55,3.18,335.58,0.85,89.32,4.03,424.90,"182,844.66"
1579,07/05/2020,VNM,"101,500","101,600","103,400","103,800","101,500","102,316","1,900",1.87,1.58,161.99,2.01,205.75,3.60,367.74,"180,058.45"
1580,06/05/2020,VNM,"100,500","100,700","101,500","101,500","99,700","100,788","1,000",1.00,1.11,111.37,1.62,163.64,2.73,275.01,"176,749.84"
1581,05/05/2020,VNM,"97,600","98,800","100,500","100,900","98,000","99,741","2,900",2.97,1.16,116.08,1.79,178.49,2.95,294.57,"175,008.46"
1582,04/05/2020,VNM,"99,000","97,000","97,600","99,000","97,000","97,767","-1,400",-1.41,1.24,120.84,0.23,22.80,1.47,143.64,"169,958.46"
1583,29/04/2020,VNM,"100,500","99,000","99,000","99,900","99,000","99,197","-1,500",-1.49,1.77,175.49,0.29,28.37,2.06,203.85,"172,396.39"
1584,28/04/2020,VNM,"102,800","102,800","100,500","103,000","99,700","100,915","-2,300",-2.24,1.40,141.43,0.17,17.47,1.58,158.90,"175,008.46"
1585,27/04/2020,VNM,"102,800","106,500","102,800","106,500","102,800","104,467",0,0.00,1.95,203.77,0.00,0.00,1.95,203.77,"179,013.63"
1586,24/04/2020,VNM,"96,100","99,300","102,800","102,800","97,500","100,873","6,700",6.97,3.62,365.61,0.32,32.68,3.94,398.29,"179,013.63"
1587,23/04/2020,VNM,"97,500","98,600","96,100","98,600","95,900","96,759","-1,400",-1.44,1.44,139.64,0.13,12.56,1.57,152.20,"167,346.40"
1588,22/04/2020,VNM,"96,800","96,100","97,500","97,600","95,800","96,773",700,0.72,1.09,105.09,1.13,109.12,2.21,214.22,"169,784.33"
1589,21/04/2020,VNM,"100,000","100,000","96,800","100,000","95,800","97,689","-3,200",-3.20,2.13,208.01,2.64,257.99,4.77,466.00,"168,565.36"
1590,20/04/2020,VNM,"99,300","100,000","100,000","101,200","100,000","100,313",700,0.70,1.47,147.63,0.47,47.18,1.94,194.81,"174,137.77"
1591,17/04/2020,VNM,"99,300","100,000","99,300","100,100","99,000","99,215",0,0.00,1.77,175.34,0.76,75.87,2.53,251.21,"172,918.81"
1592,16/04/2020,VNM,"99,200","99,300","99,300","99,500","98,900","99,162",100,0.10,1.16,114.60,0.86,84.99,2.01,199.59,"172,918.81"
1593,15/04/2020,VNM,"99,000","99,700","99,200","99,700","99,200","99,500",200,0.20,0.89,88.17,1.12,111.09,2.00,199.26,"172,744.67"
1594,14/04/2020,VNM,"99,100","99,500","99,000","99,700","98,700","99,161",-100,-0.10,1.06,105.07,0.75,74.61,1.81,179.68,"172,396.39"
1595,13/04/2020,VNM,"99,600","99,600","99,100","99,800","98,300","99,213",-500,-0.50,1.13,111.88,0.23,22.93,1.36,134.81,"172,570.53"
1596,10/04/2020,VNM,"100,100","100,000","99,600","100,000","98,100","99,475",-500,-0.50,1.11,110.56,0.28,27.59,1.39,138.15,"173,441.22"
1597,09/04/2020,VNM,"99,000","99,900","100,100","100,900","99,200","100,334","1,100",1.11,1.22,122.46,0.74,74.30,1.96,196.76,"174,311.91"
1598,08/04/2020,VNM,"98,500","98,000","99,000","99,000","96,500","97,848",500,0.51,0.90,88.55,1.44,141.68,2.35,230.23,"172,396.39"
1599,07/04/2020,VNM,"96,200","96,500","98,500","99,000","95,800","97,018","2,300",2.39,2.27,220.53,0.92,89.56,3.20,310.09,"171,525.70"
1600,06/04/2020,VNM,"95,000","96,500","96,200","96,600","95,000","95,805","1,200",1.26,1.84,176.33,0.07,6.23,1.91,182.56,"167,520.53"
1601,03/04/2020,VNM,"94,000","94,500","95,000","95,500","94,000","94,777","1,000",1.06,1.93,183.34,0.02,1.91,1.95,185.25,"165,430.88"
1602,01/04/2020,VNM,"91,000","91,000","94,000","94,000","91,000","93,152","3,000",3.30,1.16,107.66,0.00,0.00,1.16,107.66,"163,689.50"
1603,31/03/2020,VNM,"91,200","92,500","91,000","93,400","90,000","91,715",-200,-0.22,1.29,118.61,0.82,75.10,2.11,193.71,"158,465.37"
1604,30/03/2020,VNM,"94,100","90,000","91,200","92,500","89,000","91,078","-2,900",-3.08,1.56,142.07,0.75,67.87,2.31,209.94,"158,813.65"
1605,27/03/2020,VNM,"94,000","93,000","94,100","95,300","92,000","93,948",100,0.11,2.76,258.92,0.85,80.10,3.61,339.02,"163,863.64"
1606,26/03/2020,VNM,"92,000","92,300","94,000","95,000","88,800","93,653","2,000",2.17,2.56,239.42,2.15,201.74,4.70,441.16,"163,689.50"
1607,25/03/2020,VNM,"86,100","90,600","92,000","92,100","90,100","91,382","5,900",6.85,2.99,273.51,0.16,14.83,3.16,288.34,"160,206.75"
1608,24/03/2020,VNM,"83,700","83,700","86,100","88,300","83,700","86,092","2,400",2.87,1.74,149.76,0.00,0.00,1.74,149.76,"149,932.62"
1609,23/03/2020,VNM,"90,000","89,100","83,700","89,100","83,700","84,763","-6,300",-7.00,2.19,185.44,0.00,0.00,2.19,185.44,"145,753.31"
1610,20/03/2020,VNM,"89,000","89,000","90,000","91,300","89,000","90,284","1,000",1.12,2.32,209.16,0.78,70.94,3.10,280.10,"156,723.99"
1611,19/03/2020,VNM,"95,000","93,000","89,000","94,000","89,000","90,693","-6,000",-6.32,2.77,251.63,0.00,0.00,2.77,251.63,"154,982.61"
1612,18/03/2020,VNM,"96,000","96,200","95,000","97,800","95,000","95,782","-1,000",-1.04,1.32,126.64,0.04,4.13,1.37,130.77,"165,430.88"
1613,17/03/2020,VNM,"97,000","96,000","96,000","96,400","95,000","95,551","-1,000",-1.03,1.79,170.87,0.37,36.00,2.16,206.87,"167,172.26"
1614,16/03/2020,VNM,"99,100","99,100","97,000","99,200","96,500","97,694","-2,100",-2.12,1.09,106.20,0.24,23.77,1.33,129.97,"168,913.64"
1615,13/03/2020,VNM,"100,900","95,200","99,100","100,600","95,200","98,047","-1,800",-1.78,2.16,211.70,0.36,35.00,2.52,246.70,"172,570.53"
1616,12/03/2020,VNM,"101,600","97,200","100,900","101,500","97,000","98,254",-700,-0.69,2.43,238.92,0.71,69.76,3.14,308.67,"175,705.01"
1617,11/03/2020,VNM,"101,700","102,000","101,600","105,000","99,200","102,353",-100,-0.10,2.29,234.63,0.36,37.33,2.66,271.97,"176,923.97"
1618,10/03/2020,VNM,"97,000","96,000","101,700","101,800","96,000","99,881","4,700",4.85,1.76,175.92,0.59,59.42,2.36,235.34,"177,098.11"
1619,09/03/2020,VNM,"104,200","100,000","97,000","102,500","97,000","99,528","-7,200",-6.91,2.36,234.57,0.22,21.93,2.58,256.50,"168,913.64"
1620,06/03/2020,VNM,"104,500","104,500","104,200","104,800","103,600","103,984",-300,-0.29,0.66,69.14,0.45,46.79,1.11,115.93,"181,451.56"
1621,05/03/2020,VNM,"104,800","105,000","104,500","105,900","104,500","105,018",-300,-0.29,0.44,46.00,0.46,47.85,0.90,93.85,"181,973.97"
1622,04/03/2020,VNM,"105,300","105,300","104,800","106,000","104,500","105,106",-500,-0.47,0.61,64.41,0.54,56.59,1.15,120.99,"182,496.38"
1623,03/03/2020,VNM,"104,500","105,500","105,300","106,200","104,600","105,312",800,0.77,0.74,78.08,1.34,140.95,2.08,219.02,"183,367.07"
1624,02/03/2020,VNM,"104,500","104,500","104,500","105,500","103,800","104,861",0,0.00,0.91,95.34,0.83,87.26,1.74,182.61,"181,973.97"
1625,28/02/2020,VNM,"107,400","105,300","104,500","106,100","103,000","104,586","-2,900",-2.70,1.44,150.33,7.00,734.38,8.44,884.71,"181,973.97"
1626,27/02/2020,VNM,"105,000","105,000","107,400","107,400","103,800","105,581","2,400",2.29,0.86,91.21,1.19,125.34,2.05,216.55,"187,023.96"
1627,26/02/2020,VNM,"108,000","106,700","105,000","106,700","105,000","105,932","-3,000",-2.78,1.35,142.65,0.48,50.39,1.82,193.04,"182,844.66"
1628,25/02/2020,VNM,"106,400","106,300","108,000","108,500","106,000","107,534","1,600",1.50,1.20,129.06,0.64,68.95,1.84,198.02,"188,068.79"
1629,24/02/2020,VNM,"108,500","107,000","106,400","107,800","106,000","106,429","-2,100",-1.94,0.95,101.60,0.14,14.41,1.09,116.01,"185,282.59"
1630,21/02/2020,VNM,"106,400","107,500","108,500","109,400","107,500","108,630","2,100",1.97,1.48,161.26,0.00,0.00,1.48,161.26,"188,939.48"
1631,20/02/2020,VNM,"106,400","107,000","106,400","107,500","106,300","106,830",0,0.00,0.62,66.73,0.10,10.65,0.72,77.38,"185,282.59"
1632,19/02/2020,VNM,"105,500","105,000","106,400","106,700","105,000","105,936",900,0.85,0.79,84.16,0.00,0.00,0.79,84.16,"185,282.59"
1633,18/02/2020,VNM,"107,500","107,800","105,500","107,800","105,300","106,366","-2,000",-1.86,1.08,114.72,0.00,0.00,1.08,114.72,"183,715.35"
1634,17/02/2020,VNM,"106,600","106,800","107,500","107,600","106,800","107,301",900,0.84,0.62,66.89,0.45,48.29,1.07,115.17,"187,198.10"
1635,14/02/2020,VNM,"106,900","107,200","106,600","107,400","106,600","106,927",-300,-0.28,0.71,75.71,0.18,18.85,0.88,94.56,"185,630.86"
1636,13/02/2020,VNM,"107,200","107,200","106,900","107,500","106,600","106,913",-300,-0.28,0.71,76.29,0.00,0.00,0.71,76.29,"186,153.28"
1637,12/02/2020,VNM,"107,200","108,000","107,200","108,000","107,200","107,671",0,0.00,0.84,90.25,0.00,0.00,0.84,90.25,"186,675.69"
1638,11/02/2020,VNM,"109,000","109,000","107,200","109,000","107,000","107,840","-1,800",-1.65,0.89,95.54,0.36,38.93,1.25,134.47,"186,675.69"
1639,10/02/2020,VNM,"110,200","109,000","109,000","109,400","107,300","108,441","-1,200",-1.09,0.91,98.74,0.00,0.00,0.91,98.74,"189,810.17"
1640,07/02/2020,VNM,"107,500","107,700","110,200","110,500","107,600","109,178","2,700",2.51,1.52,166.32,1.19,129.42,2.71,295.74,"191,899.82"
1641,06/02/2020,VNM,"106,600","107,500","107,500","108,600","105,900","107,311",900,0.84,2.14,229.33,0.19,20.48,2.33,249.81,"187,198.10"
1642,05/02/2020,VNM,"105,000","106,400","106,600","107,700","103,300","105,205","1,600",1.52,1.55,162.62,0.49,52.89,2.04,215.51,"185,630.86"
1643,04/02/2020,VNM,"108,300","109,900","105,000","110,000","104,100","106,592","-3,300",-3.05,1.87,199.23,0.10,10.66,1.97,209.88,"182,844.66"
1644,03/02/2020,VNM,"108,500","101,500","108,300","110,500","101,000","104,307",-200,-0.18,2.29,238.78,0.34,35.36,2.63,274.13,"188,591.20"
1645,31/01/2020,VNM,"116,600","116,400","108,500","116,600","108,500","111,940","-8,100",-6.95,1.92,214.46,0.73,81.16,2.64,295.61,"188,939.48"
1646,30/01/2020,VNM,"121,300","119,000","116,600","119,800","116,200","117,654","-4,700",-3.87,1.53,180.45,0.95,111.12,2.48,291.57,"203,044.64"
1647,22/01/2020,VNM,"121,000","121,000","121,300","121,900","121,000","121,428",300,0.25,0.79,96.47,2.05,248.52,2.84,344.99,"211,229.11"
1648,21/01/2020,VNM,"119,000","119,000","121,000","121,900","118,600","120,086","2,000",1.68,0.85,102.55,0.90,107.82,1.76,210.37,"210,706.70"
1649,20/01/2020,VNM,"118,600","119,000","119,000","119,200","118,400","118,839",400,0.34,0.49,58.66,1.15,137.27,1.65,195.93,"207,223.95"
1650,17/01/2020,VNM,"118,200","118,200","118,600","118,600","117,800","118,383",400,0.34,0.38,44.40,0.22,26.47,0.60,70.87,"206,527.39"
1651,16/01/2020,VNM,"117,800","117,800","118,200","118,500","117,200","117,869",400,0.34,0.55,64.25,0.14,16.69,0.69,80.94,"205,830.84"
1652,15/01/2020,VNM,"117,800","117,800","117,800","117,900","117,200","117,642",0,0.00,0.68,80.20,0.12,13.52,0.80,93.72,"205,134.29"
1653,14/01/2020,VNM,"117,400","117,400","117,800","118,100","117,100","117,758",400,0.34,0.34,39.47,0.40,47.10,0.74,86.57,"205,134.29"
1654,13/01/2020,VNM,"118,900","119,000","117,400","119,000","117,400","118,306","-1,500",-1.26,0.41,48.85,0.21,24.52,0.62,73.37,"204,437.74"
1655,10/01/2020,VNM,"118,600","118,600","118,900","119,200","118,400","118,855",300,0.25,0.60,70.87,0.39,46.26,0.99,117.13,"207,049.81"
1656,09/01/2020,VNM,"118,800","119,000","118,600","119,500","118,400","119,017",-200,-0.17,0.62,74.28,0.78,92.57,1.40,166.85,"206,527.39"
1657,08/01/2020,VNM,"118,500","118,500","118,800","118,800","117,500","118,148",300,0.25,0.84,98.97,0.00,0.00,0.84,98.97,"206,875.67"
1658,07/01/2020,VNM,"117,400","117,500","118,500","118,800","117,500","118,249","1,100",0.94,0.46,54.34,0.00,0.00,0.46,54.34,"206,353.26"
1659,06/01/2020,VNM,"118,300","118,000","117,400","118,200","116,800","117,622",-900,-0.76,0.50,58.33,0.10,11.76,0.60,70.09,"204,437.74"
1660,03/01/2020,VNM,"117,900","118,200","118,300","119,000","118,200","118,654",400,0.34,0.63,74.21,0.00,0.00,0.63,74.21,"206,004.98"
1661,02/01/2020,VNM,"116,500","117,000","117,900","118,200","116,500","117,533","1,400",1.20,0.35,41.45,0.00,0.00,0.35,41.45,"205,308.43"
1662,31/12/2019,VNM,"116,500","119,000","116,500","119,000","116,400","117,026",0,0.00,0.39,45.36,0.10,10.84,0.49,56.20,"202,870.50"
1663,30/12/2019,VNM,"118,200","117,800","116,500","118,000","116,500","117,014","-1,700",-1.44,0.67,78.65,0.00,0.00,0.67,78.65,"202,870.50"
1664,27/12/2019,VNM,"117,000","117,000","118,200","118,500","116,000","116,933","1,200",1.03,0.38,44.84,0.00,0.00,0.38,44.84,"205,830.84"
1665,26/12/2019,VNM,"117,000","117,800","117,000","118,000","117,000","117,407",0,0.00,0.35,40.52,0.10,12.51,0.45,53.03,"203,741.19"
1666,25/12/2019,VNM,"118,600","119,500","118,000","119,500","117,700","118,225",-600,-0.51,0.54,63.98,0.00,0.00,0.54,63.98,"205,482.57"
1667,24/12/2019,VNM,"118,000","118,000","118,600","118,800","118,000","118,513",600,0.51,0.58,68.38,0.06,7.08,0.64,75.46,"206,527.39"
1668,23/12/2019,VNM,"120,000","120,000","118,000","120,000","118,000","119,101","-2,000",-1.67,0.79,93.63,0.04,4.33,0.82,97.95,"205,482.57"
1669,20/12/2019,VNM,"119,700","120,000","120,000","120,300","119,500","119,987",300,0.25,1.82,218.69,0.05,6.00,1.87,224.68,"208,965.32"
1670,19/12/2019,VNM,"118,600","118,600","119,700","120,000","118,600","119,702","1,100",0.93,1.58,189.43,0.56,66.95,2.14,256.38,"208,442.91"
1671,18/12/2019,VNM,"117,100","117,400","118,600","119,000","117,300","118,398","1,500",1.28,1.40,165.80,0.39,46.17,1.79,211.97,"206,527.39"
1672,17/12/2019,VNM,"118,700","118,800","117,100","118,800","117,100","117,691","-1,600",-1.35,0.83,97.64,0.26,30.85,1.09,128.49,"203,915.33"
1673,16/12/2019,VNM,"118,000","118,500","118,700","118,800","117,700","118,295",700,0.59,0.75,88.87,0.17,20.02,0.92,108.89,"206,701.53"
1674,13/12/2019,VNM,"119,200","119,300","118,000","119,900","118,000","119,135","-1,200",-1.01,0.56,67.27,0.53,63.70,1.10,130.98,"205,482.57"
1675,12/12/2019,VNM,"118,600","119,000","119,200","119,500","118,900","119,242",600,0.51,0.70,83.63,0.43,50.65,1.14,134.28,"207,572.22"
1676,11/12/2019,VNM,"118,200","117,700","118,600","118,600","117,300","118,048",400,0.34,0.79,93.72,0.58,68.24,1.37,161.96,"206,527.39"
1677,10/12/2019,VNM,"118,100","118,100","118,200","118,700","117,500","118,196",100,0.08,0.85,100.48,0.96,112.62,1.81,213.10,"205,830.84"
1678,09/12/2019,VNM,"116,300","116,300","118,100","118,200","116,300","117,421","1,800",1.55,0.77,89.95,0.66,78.06,1.43,168.01,"205,656.71"
1679,06/12/2019,VNM,"117,800","117,900","116,300","117,900","116,300","116,772","-1,500",-1.27,0.94,109.43,0.20,23.14,1.14,132.57,"202,522.23"
1680,05/12/2019,VNM,"118,800","119,700","117,800","119,700","117,800","118,673","-1,000",-0.84,0.69,82.38,1.94,229.25,2.63,311.63,"205,134.29"
1681,04/12/2019,VNM,"116,400","116,400","118,800","118,800","116,400","117,294","2,400",2.06,0.69,81.37,0.08,9.17,0.77,90.54,"206,875.67"
1682,03/12/2019,VNM,"118,300","117,800","116,400","117,800","116,100","116,816","-1,900",-1.61,1.42,166.18,0.32,37.49,1.74,203.67,"202,696.36"
1683,02/12/2019,VNM,"121,500","121,500","118,300","121,500","118,300","119,588","-3,200",-2.63,1.49,178.09,0.21,24.85,1.70,202.94,"206,004.98"
1684,29/11/2019,VNM,"122,100","122,000","121,500","122,400","121,200","121,821",-600,-0.49,0.55,66.98,1.51,183.64,2.06,250.62,"211,577.39"
1685,28/11/2019,VNM,"122,100","122,100","122,100","122,300","120,400","121,105",0,0.00,1.11,134.15,0.14,16.70,1.25,150.85,"212,622.22"
1686,27/11/2019,VNM,"123,000","123,700","122,100","123,700","122,100","122,662",-900,-0.73,0.37,45.01,0.00,0.00,0.37,45.01,"212,622.22"
1687,26/11/2019,VNM,"122,900","122,900","123,000","124,000","122,700","123,423",100,0.08,0.97,119.89,0.80,98.70,1.77,218.59,"214,189.46"
1688,25/11/2019,VNM,"121,500","122,200","122,900","123,300","120,600","122,277","1,400",1.15,0.68,83.24,0.15,18.38,0.83,101.62,"214,015.32"
1689,22/11/2019,VNM,"122,000","121,500","121,500","123,200","121,300","122,129",-500,-0.41,0.72,87.89,6.73,820.02,7.45,907.92,"211,577.39"
1690,21/11/2019,VNM,"124,000","123,500","122,000","123,800","121,700","122,414","-2,000",-1.61,1.40,170.77,0.33,39.86,1.72,210.63,"212,448.08"
1691,20/11/2019,VNM,"124,400","124,500","124,000","124,800","123,300","123,938",-400,-0.32,1.15,142.62,0.30,37.20,1.45,179.82,"215,930.83"
1692,19/11/2019,VNM,"120,800","120,400","124,400","124,400","120,400","122,844","3,600",2.98,1.08,132.50,0.10,12.21,1.18,144.71,"216,627.39"
1693,18/11/2019,VNM,"123,000","123,000","120,800","123,400","120,400","121,078","-2,200",-1.79,1.67,202.38,0.03,3.87,1.70,206.25,"210,358.43"
1694,15/11/2019,VNM,"125,900","126,000","123,000","126,000","120,000","123,354","-2,900",-2.30,2.38,294.12,0.00,0.00,2.38,294.12,"214,189.46"
1695,14/11/2019,VNM,"125,500","126,000","125,900","126,400","125,600","125,950",400,0.32,0.70,87.60,0.06,7.44,0.76,95.04,"219,239.45"
1696,13/11/2019,VNM,"127,500","127,500","125,500","127,500","125,400","126,060","-2,000",-1.57,1.96,246.68,1.89,236.91,3.85,483.59,"218,542.90"
1697,12/11/2019,VNM,"129,300","129,300","127,500","129,300","127,300","127,870","-1,800",-1.39,1.93,247.36,0.15,18.91,2.08,266.28,"222,025.66"
1698,11/11/2019,VNM,"129,200","129,200","129,300","130,200","129,000","129,500",100,0.08,0.65,83.59,0.30,38.84,0.95,122.43,"225,160.14"
1699,08/11/2019,VNM,"129,100","129,100","129,200","130,300","128,900","129,350",100,0.08,1.19,154.33,0.08,10.27,1.27,164.60,"224,986.00"
1700,07/11/2019,VNM,"130,100","129,500","129,100","129,800","128,700","129,160","-1,000",-0.77,0.87,111.88,0.10,12.60,0.97,124.48,"224,811.86"
1701,06/11/2019,VNM,"129,200","129,000","130,100","130,500","128,500","129,740",900,0.70,1.18,153.63,0.40,51.83,1.58,205.46,"226,553.24"
1702,05/11/2019,VNM,"131,300","131,300","129,200","131,300","129,200","129,820","-2,100",-1.60,1.88,243.65,0.22,27.91,2.09,271.56,"224,986.00"
1703,04/11/2019,VNM,"132,400","133,000","131,300","133,000","130,600","131,350","-1,100",-0.83,1.41,184.94,0.85,110.96,2.26,295.90,"228,642.89"
1704,01/11/2019,VNM,"130,000","130,200","132,400","133,000","130,200","131,840","2,400",1.85,0.97,127.80,0.00,0.00,0.97,127.80,"230,558.41"
1705,31/10/2019,VNM,"132,000","132,000","130,000","132,000","128,800","130,034","-2,000",-1.52,2.55,331.65,0.37,47.01,2.92,378.66,"226,379.10"
1706,30/10/2019,VNM,"134,100","134,400","132,000","134,800","131,000","132,829","-2,100",-1.57,1.30,172.90,0.09,11.62,1.39,184.52,"229,861.86"
1707,29/10/2019,VNM,"133,800","133,700","134,100","134,900","133,600","134,097",300,0.22,0.52,69.77,0.14,18.79,0.66,88.56,"233,518.75"
1708,28/10/2019,VNM,"134,500","134,500","133,800","135,400","133,600","134,458",-700,-0.52,0.56,75.08,0.00,0.00,0.56,75.08,"232,996.34"
1709,25/10/2019,VNM,"132,600","132,600","134,500","134,500","132,500","134,080","1,900",1.43,0.82,109.49,0.00,0.00,0.82,109.49,"234,215.30"
1710,24/10/2019,VNM,"132,300","132,200","132,600","133,400","132,200","132,769",300,0.23,0.52,69.16,0.00,0.00,0.52,69.16,"230,906.68"
1711,23/10/2019,VNM,"132,500","132,500","132,300","132,700","131,200","131,901",-200,-0.15,0.85,111.83,0.00,0.00,0.85,111.83,"230,384.27"
1712,22/10/2019,VNM,"133,600","134,000","132,500","134,400","132,300","133,599","-1,100",-0.82,1.40,186.90,0.18,23.80,1.58,210.70,"230,732.54"
1713,21/10/2019,VNM,"132,500","132,500","133,600","135,500","131,900","134,140","1,100",0.83,2.01,269.17,0.00,0.00,2.01,269.17,"232,648.06"
1714,18/10/2019,VNM,"131,000","131,500","132,500","133,000","131,500","132,300","1,500",1.15,1.12,147.77,0.06,7.54,1.17,155.32,"230,732.54"
1715,17/10/2019,VNM,"130,400","130,400","131,000","132,400","130,200","131,690",600,0.46,1.41,185.63,0.02,2.76,1.43,188.39,"228,120.48"
1716,16/10/2019,VNM,"128,300","128,300","130,400","130,900","128,300","130,010","2,100",1.64,1.32,171.81,0.16,20.82,1.48,192.63,"227,075.65"
1717,15/10/2019,VNM,"128,600","128,500","128,300","129,500","127,700","128,390",-300,-0.23,1.17,149.60,0.23,29.30,1.39,178.89,"223,418.76"
1718,14/10/2019,VNM,"128,000","129,000","128,600","129,000","127,900","128,370",600,0.47,0.59,75.23,0.31,39.26,0.89,114.49,"223,941.17"
1719,11/10/2019,VNM,"127,000","127,000","128,000","128,000","126,900","127,500","1,000",0.79,0.63,80.49,0.02,2.54,0.65,83.03,"222,896.34"
1720,10/10/2019,VNM,"127,000","126,700","127,000","128,500","126,700","127,320",0,0.00,0.44,56.30,0.00,0.00,0.44,56.30,"221,154.97"
1721,09/10/2019,VNM,"129,000","128,800","127,000","128,800","126,800","127,770","-2,000",-1.55,0.66,84.73,0.03,4.25,0.70,88.99,"221,154.97"
1722,08/10/2019,VNM,"129,100","128,600","129,000","129,300","128,600","128,920",-100,-0.08,0.54,69.29,0.00,0.00,0.54,69.29,"224,637.72"
1723,07/10/2019,VNM,"128,600","128,400","129,100","130,000","128,200","129,020",500,0.39,0.83,107.57,0.00,0.00,0.83,107.57,"224,811.86"
1724,04/10/2019,VNM,"129,000","129,100","128,600","130,900","128,500","129,560",-400,-0.31,0.64,83.12,0.20,25.91,0.84,109.03,"223,941.17"
1725,03/10/2019,VNM,"127,000","126,000","129,000","129,000","125,500","126,750","2,000",1.57,0.83,104.61,0.00,0.00,0.83,104.61,"224,637.72"
1726,02/10/2019,VNM,"128,000","127,500","127,000","127,800","126,200","126,760","-1,000",-0.78,2.07,262.43,0.11,13.56,2.18,275.99,"221,154.97"
1727,01/10/2019,VNM,"129,700","129,500","128,000","129,700","127,700","128,360","-1,700",-1.31,1.21,154.98,0.00,0.00,1.21,154.98,"222,896.34"
1728,30/09/2019,VNM,"130,100","130,100","129,700","130,700","129,400","129,880",-400,-0.31,0.89,115.01,0.14,17.67,1.02,132.68,"225,856.69"
1729,27/09/2019,VNM,"130,000","130,000","130,100","131,100","129,400","130,100",100,0.08,1.18,153.98,0.00,0.00,1.18,153.98,"226,553.24"
1730,26/09/2019,VNM,"126,400","127,100","130,000","130,100","126,500","128,610","3,600",2.85,1.61,207.53,0.00,0.00,1.61,207.53,"226,379.10"
1731,25/09/2019,VNM,"126,900","126,300","126,400","126,900","125,500","126,250",-500,-0.39,0.62,77.98,0.00,0.00,0.62,77.98,"220,110.14"
1732,24/09/2019,VNM,"124,500","124,500","126,900","127,600","124,300","126,430","2,400",1.93,1.34,169.48,0.13,16.56,1.47,186.04,"220,980.83"
1733,23/09/2019,VNM,"122,100","123,000","124,500","125,100","122,700","124,420","2,400",1.97,1.56,194.12,0.00,0.00,1.56,194.12,"216,801.52"
1734,20/09/2019,VNM,"123,600","123,700","122,100","123,700","122,100","122,440","-1,500",-1.21,1.62,198.76,0.00,0.00,1.62,198.76,"212,622.22"
1735,19/09/2019,VNM,"123,700","123,500","123,600","123,900","122,500","123,290",-100,-0.08,0.73,89.48,0.00,0.00,0.73,89.48,"215,234.28"
1736,18/09/2019,VNM,"122,500","122,000","123,700","123,900","121,700","123,310","1,200",0.98,0.97,119.98,0.00,0.00,0.97,119.98,"215,408.42"
1737,17/09/2019,VNM,"121,500","121,500","122,500","123,000","120,700","122,388","1,000",0.82,0.48,59.06,0.00,0.00,0.48,59.06,"213,318.77"
1738,16/09/2019,VNM,"120,100","121,500","121,500","121,500","120,100","120,719","1,400",1.17,0.60,73.00,0.04,4.35,0.64,77.35,"211,577.39"
1739,13/09/2019,VNM,"122,000","122,200","122,100","122,500","121,500","121,975",100,0.08,0.50,61.42,0.00,0.00,0.50,61.42,"212,622.22"
1740,12/09/2019,VNM,"122,100","122,500","122,000","123,300","121,400","121,953",-100,-0.08,0.60,73.28,0.04,4.87,0.64,78.15,"212,448.08"
1741,11/09/2019,VNM,"123,700","123,800","122,100","124,000","122,100","123,288","-1,600",-1.29,0.40,49.49,0.30,36.67,0.70,86.16,"212,622.22"
1742,10/09/2019,VNM,"124,500","124,300","123,700","124,300","123,300","123,746",-800,-0.64,0.65,80.17,0.41,50.58,1.06,130.75,"215,408.42"
1743,09/09/2019,VNM,"122,800","123,000","124,500","124,500","122,500","123,682","1,700",1.38,0.50,61.70,0.20,24.74,0.70,86.44,"216,801.52"
1744,06/09/2019,VNM,"122,000","122,000","122,800","123,100","122,000","122,694",800,0.66,0.32,38.77,0.08,9.82,0.40,48.58,"213,841.18"
1745,05/09/2019,VNM,"123,800","124,200","122,000","124,200","122,000","122,485","-1,800",-1.45,0.59,71.92,0.26,31.89,0.85,103.81,"212,448.08"
1746,04/09/2019,VNM,"124,000","123,000","123,800","124,000","122,600","123,539",-200,-0.16,0.41,50.13,0.25,30.60,0.65,80.74,"215,582.56"
1747,03/09/2019,VNM,"123,000","123,000","124,000","124,300","123,000","123,908","1,000",0.81,0.74,92.29,0.32,40.17,1.07,132.46,"215,930.83"
1748,30/08/2019,VNM,"123,000","120,000","123,000","124,200","122,700","123,595",0,0.00,0.80,98.52,0.00,0.00,0.80,98.52,"214,189.46"
1749,29/08/2019,VNM,"119,400","120,000","123,000","123,000","119,800","121,539","3,600",3.02,0.56,68.25,0.37,44.29,0.93,112.53,"214,189.46"
1750,28/08/2019,VNM,"119,000","120,000","119,400","120,100","119,200","119,607",400,0.34,0.52,62.40,0.00,0.00,0.52,62.40,"207,920.50"
1751,27/08/2019,VNM,"120,500","121,500","119,000","121,800","119,000","119,856","-1,500",-1.24,0.94,113.04,0.00,0.00,0.94,113.04,"207,223.95"
1752,26/08/2019,VNM,"123,000","122,000","120,500","122,200","120,200","120,725","-2,500",-2.03,0.84,101.39,0.08,9.26,0.92,110.66,"209,836.08"
1753,23/08/2019,VNM,"124,000","124,100","123,000","124,200","123,000","123,450","-1,000",-0.81,0.62,76.77,0.35,44.91,0.97,121.67,"214,189.52"
1754,22/08/2019,VNM,"123,900","123,900","124,000","124,300","123,800","123,961",100,0.08,0.53,65.16,0.02,2.97,0.55,68.13,"215,930.90"
1755,21/08/2019,VNM,"124,400","124,000","123,900","124,300","123,500","123,889",-500,-0.40,0.58,71.96,0.09,10.78,0.67,82.74,"215,756.77"
1756,20/08/2019,VNM,"124,900","124,900","124,400","124,900","124,100","124,613",-500,-0.40,0.79,98.07,0.60,71.86,1.39,169.93,"216,627.45"
1757,19/08/2019,VNM,"124,100","124,500","124,900","125,200","124,400","124,745",800,0.64,0.76,94.58,0.00,0.00,0.76,94.58,"217,498.14"
1758,16/08/2019,VNM,"122,000","121,000","124,100","125,700","120,500","123,426","2,100",1.72,1.07,132.59,0.03,4.10,1.11,136.69,"216,105.04"
1759,15/08/2019,VNM,"118,700","117,300","122,000","122,000","117,300","119,341","3,300",2.78,0.67,80.33,0.12,14.41,0.79,94.75,"212,448.15"
1760,14/08/2019,VNM,"118,000","119,200","118,700","119,900","118,700","119,040",700,0.59,0.68,80.64,0.00,0.00,0.68,80.64,"206,701.60"
1761,13/08/2019,VNM,"120,600","120,000","118,000","120,200","118,000","118,825","-2,600",-2.16,1.18,140.07,0.10,11.88,1.28,151.95,"205,482.63"
1762,12/08/2019,VNM,"121,000","121,000","120,600","121,000","120,400","120,614",-400,-0.33,0.44,53.35,0.11,12.67,0.55,66.02,"210,010.22"
1763,09/08/2019,VNM,"120,900","120,900","121,000","121,700","120,800","121,226",100,0.08,0.73,88.03,0.00,0.00,0.73,88.03,"210,706.77"
1764,08/08/2019,VNM,"121,000","121,000","120,900","121,600","120,200","120,822",-100,-0.08,0.57,68.95,0.10,12.08,0.67,81.03,"210,532.63"
1765,07/08/2019,VNM,"120,200","121,000","121,000","121,800","120,200","121,124",800,0.67,0.73,88.64,0.00,0.00,0.73,88.64,"210,706.77"
1766,06/08/2019,VNM,"122,000","121,000","120,200","121,000","119,200","119,987","-1,800",-1.48,0.94,112.61,0.00,0.00,0.94,112.61,"209,313.67"
1767,05/08/2019,VNM,"124,000","123,500","122,000","124,400","122,000","123,145","-2,000",-1.61,0.88,108.71,0.30,37.03,1.18,145.73,"212,448.15"
1768,02/08/2019,VNM,"124,200","123,500","124,000","124,200","123,300","123,770",-200,-0.16,0.47,58.36,0.48,59.00,0.95,117.36,"215,930.90"
1769,01/08/2019,VNM,"123,200","123,500","124,200","124,500","123,200","123,903","1,000",0.81,0.50,62.30,0.40,49.62,0.90,111.92,"216,279.18"
1770,31/07/2019,VNM,"123,500","123,500","123,200","124,000","122,900","123,389",-300,-0.24,0.82,100.70,9.41,"1,162.60",10.23,"1,263.31","214,537.80"
1771,30/07/2019,VNM,"123,500","125,000","123,500","125,600","123,500","124,646",0,0.00,0.92,114.86,0.00,0.00,0.92,114.86,"215,060.21"
1772,29/07/2019,VNM,"124,500","124,100","123,500","124,400","123,000","123,391","-1,000",-0.80,1.10,135.22,0.07,8.97,1.17,144.19,"215,060.21"
1773,26/07/2019,VNM,"125,100","125,300","124,500","125,900","124,500","125,126",-600,-0.48,0.53,65.83,0.05,6.27,0.58,72.10,"216,801.59"
1774,25/07/2019,VNM,"125,600","125,000","125,100","125,500","125,000","125,160",-500,-0.40,0.69,85.86,0.05,6.26,0.74,92.12,"217,848.10"
1775,24/07/2019,VNM,"125,400","126,000","125,600","126,900","125,200","125,856",200,0.16,0.59,74.73,0.15,18.83,0.74,93.56,"218,718.80"
1776,23/07/2019,VNM,"125,500","125,500","125,400","125,600","124,800","125,091",-100,-0.08,0.76,95.64,0.05,6.30,0.81,101.94,"218,370.52"
1777,22/07/2019,VNM,"126,900","126,500","125,500","126,500","125,500","125,869","-1,400",-1.10,0.72,90.88,0.07,8.83,0.79,99.70,"218,544.66"
1778,19/07/2019,VNM,"124,600","125,000","126,900","127,100","124,600","126,149","2,300",1.85,1.38,174.24,0.00,0.00,1.38,174.24,"220,982.60"
1779,18/07/2019,VNM,"125,400","125,000","124,600","125,400","124,500","124,774",-800,-0.64,0.71,88.31,0.10,12.52,0.81,100.83,"216,977.40"
1780,17/07/2019,VNM,"124,000","124,000","125,400","125,900","123,900","124,979","1,400",1.13,0.97,120.63,0.18,21.90,1.14,142.52,"218,370.52"
1781,16/07/2019,VNM,"123,200","123,800","124,000","124,200","123,500","123,880",800,0.65,0.51,63.49,0.64,79.63,1.15,143.12,"215,932.57"
1782,15/07/2019,VNM,"124,000","125,200","123,200","124,000","123,200","123,597",-800,-0.65,0.70,86.93,0.00,0.00,0.70,86.93,"214,539.46"
1783,12/07/2019,VNM,"125,200","125,200","124,000","125,300","124,000","124,638","-1,200",-0.96,0.37,46.21,0.00,0.00,0.37,46.21,"215,932.57"
1784,11/07/2019,VNM,"125,000","125,500","125,200","125,500","125,000","125,249",200,0.16,0.28,34.72,0.25,31.73,0.53,66.45,"218,022.24"
1785,10/07/2019,VNM,"125,000","125,000","125,000","125,500","124,800","125,094",0,0.00,0.42,52.66,0.00,0.00,0.42,52.66,"217,673.96"
1786,09/07/2019,VNM,"124,200","124,200","125,000","125,000","123,600","124,025",800,0.64,0.95,118.00,6.71,829.94,7.67,947.94,"217,673.96"
1787,08/07/2019,VNM,"126,200","125,700","124,200","125,700","124,000","124,535","-2,000",-1.58,0.97,120.68,0.02,2.98,0.99,123.66,"216,280.85"
1788,05/07/2019,VNM,"126,200","126,200","126,200","126,600","125,700","126,126",0,0.00,0.52,65.62,0.10,12.61,0.62,78.23,"219,763.63"
1789,04/07/2019,VNM,"126,000","126,200","126,200","126,600","126,100","126,230",200,0.16,0.61,77.49,0.21,26.51,0.82,104.00,"219,763.63"
1790,03/07/2019,VNM,"125,100","125,200","126,000","126,300","124,800","125,555",900,0.72,0.66,82.60,0.27,33.89,0.93,116.49,"219,415.35"
1791,02/07/2019,VNM,"125,000","125,000","125,100","126,100","124,600","125,051",100,0.08,0.72,89.64,0.23,29.23,0.95,118.87,"217,848.10"
1792,01/07/2019,VNM,"123,000","123,000","125,000","125,100","123,000","124,594","2,000",1.63,0.99,123.53,1.14,142.41,2.13,265.94,"217,673.96"
1793,28/06/2019,VNM,"123,100","123,000","123,000","123,200","121,500","122,440",-100,-0.08,0.92,112.64,0.11,13.20,1.03,125.84,"214,191.18"
1794,27/06/2019,VNM,"123,500","123,500","123,100","123,800","122,900","123,313",-400,-0.32,0.80,98.92,0.41,50.27,1.21,149.19,"214,365.32"
1795,26/06/2019,VNM,"123,400","123,100","123,500","123,900","123,000","123,487",100,0.08,0.50,61.46,0.34,41.79,0.83,103.26,"215,061.87"
1796,25/06/2019,VNM,"123,100","123,100","123,400","124,200","123,100","123,707",300,0.24,0.70,87.20,0.51,63.31,1.22,150.51,"214,887.73"
1797,24/06/2019,VNM,"125,500","125,900","123,100","125,900","123,100","124,486","-2,400",-1.91,0.62,76.57,0.13,15.96,0.74,92.53,"214,365.32"
1798,21/06/2019,VNM,"123,300","125,500","125,500","125,500","123,300","125,298","2,200",1.78,2.61,327.52,0.29,35.67,2.90,363.19,"218,544.66"
1799,20/06/2019,VNM,"123,400","123,500","123,300","123,500","123,100","123,322",-100,-0.08,1.01,124.58,0.00,0.00,1.01,124.58,"214,713.59"
1800,19/06/2019,VNM,"123,000","123,400","123,400","123,700","123,000","123,320",400,0.33,0.93,114.65,0.08,10.14,1.01,124.79,"214,887.73"
1801,18/06/2019,VNM,"123,700","123,000","123,000","123,700","123,000","123,367",-700,-0.57,1.04,128.19,0.16,19.26,1.20,147.45,"214,191.18"
1802,17/06/2019,VNM,"123,700","123,700","123,700","123,800","122,800","123,351",0,0.00,0.63,78.05,0.56,69.18,1.19,147.23,"215,410.15"
1803,14/06/2019,VNM,"123,200","123,000","123,700","124,200","122,900","123,429",500,0.41,0.67,82.19,0.90,110.98,1.57,193.17,"215,410.15"
1804,13/06/2019,VNM,"125,200","125,200","123,200","125,200","122,800","123,485","-2,000",-1.60,1.13,138.96,0.40,49.94,1.53,188.90,"214,539.46"
1805,12/06/2019,VNM,"125,500","125,200","125,200","125,800","125,100","125,436",-300,-0.24,0.70,87.79,0.50,62.73,1.20,150.51,"218,022.24"
1806,11/06/2019,VNM,"126,900","127,000","125,500","127,000","125,400","126,005","-1,400",-1.10,0.57,71.24,0.29,36.21,0.85,107.45,"218,544.66"
1807,10/06/2019,VNM,"126,600","127,000","126,900","127,800","125,900","126,918",300,0.24,0.56,71.23,0.20,25.27,0.76,96.51,"220,982.60"
1808,07/06/2019,VNM,"126,500","126,300","126,600","127,400","126,300","126,782",100,0.08,0.36,45.90,0.17,22.07,0.54,67.97,"220,460.19"
1809,06/06/2019,VNM,"127,500","127,500","126,500","127,800","125,900","126,501","-1,000",-0.78,0.55,69.41,2.40,303.84,2.95,373.25,"220,286.05"
1810,05/06/2019,VNM,"127,100","128,600","127,500","129,200","127,000","128,137",400,0.31,0.36,45.97,0.10,12.85,0.46,58.82,"222,027.44"
1811,04/06/2019,VNM,"128,000","128,500","128,600","129,000","128,000","128,338",600,0.47,0.47,60.66,0.10,12.69,0.57,73.35,"223,942.97"
1812,03/06/2019,VNM,"129,500","129,500","128,000","130,100","127,100","128,773","-1,500",-1.16,0.72,92.46,0.04,5.48,0.76,97.94,"222,898.14"
1813,31/05/2019,VNM,"131,500","131,400","129,500","131,800","129,500","130,568","-2,000",-1.52,0.71,92.89,0.04,5.73,0.76,98.61,"225,510.22"
1814,30/05/2019,VNM,"132,900","132,800","131,500","133,000","131,500","132,445","-1,400",-1.05,0.54,71.88,0.00,0.00,0.54,71.88,"228,993.01"
1815,29/05/2019,VNM,"132,000","132,400","132,900","133,700","131,800","132,573",900,0.68,0.27,36.02,0.00,0.00,0.27,36.02,"231,430.95"
1816,28/05/2019,VNM,"134,000","134,000","132,000","134,500","131,700","132,359","-2,000",-1.49,0.61,80.58,0.10,13.24,0.71,93.81,"229,863.70"
1817,27/05/2019,VNM,"130,500","131,000","134,000","134,000","129,900","132,663","3,500",2.68,0.32,42.46,0.00,0.00,0.32,42.46,"233,346.49"
1818,24/05/2019,VNM,"132,100","131,000","130,500","133,500","130,400","131,169","-1,600",-1.21,0.77,100.36,0.00,0.00,0.77,100.36,"227,251.61"
1819,23/05/2019,VNM,"132,100","131,200","132,100","133,000","131,200","131,995",0,0.00,0.43,56.66,0.08,10.94,0.51,67.61,"230,037.84"
1820,22/05/2019,VNM,"133,500","132,100","132,100","135,000","131,900","133,013","-1,400",-1.05,0.62,82.38,0.00,0.00,0.62,82.38,"230,037.84"
1821,21/05/2019,VNM,"137,500","137,000","133,500","137,000","133,500","135,303","-4,000",-2.91,0.76,103.14,0.05,6.77,0.81,109.91,"232,477.95"
1822,20/05/2019,VNM,"135,600","135,000","137,500","137,600","134,700","136,378","1,900",1.40,0.45,61.49,0.05,6.82,0.50,68.31,"239,443.58"
1823,17/05/2019,VNM,"136,400","136,500","135,600","136,500","135,500","136,099",-800,-0.59,0.44,59.26,0.08,10.44,0.51,69.70,"236,134.91"
1824,16/05/2019,VNM,"135,600","135,300","136,400","136,400","135,000","135,946",800,0.59,0.70,95.45,0.22,30.32,0.93,125.77,"237,528.03"
1825,15/05/2019,VNM,"135,500","135,500","135,600","136,400","134,400","135,181",100,0.07,0.36,48.10,0.31,41.54,0.66,89.64,"236,134.91"
1826,14/05/2019,VNM,"133,900","132,200","135,500","136,400","132,200","134,138","1,600",1.19,1.10,148.13,0.58,78.13,1.68,226.26,"235,960.76"
1827,13/05/2019,VNM,"130,100","129,800","133,900","133,900","129,800","132,127","3,800",2.92,0.97,128.70,0.32,42.85,1.30,171.55,"233,174.51"
1828,10/05/2019,VNM,"128,200","128,500","130,100","130,100","128,500","129,098","1,900",1.48,0.37,47.34,0.10,12.87,0.47,60.21,"226,557.16"
1829,09/05/2019,VNM,"128,000","128,500","128,200","129,100","128,000","128,539",200,0.16,0.29,36.98,0.07,9.00,0.36,45.98,"223,248.49"
1830,08/05/2019,VNM,"129,500","128,100","128,000","129,100","128,000","128,658","-1,500",-1.16,0.63,80.90,0.04,4.54,0.66,85.45,"222,900.21"
1831,07/05/2019,VNM,"129,100","129,900","129,500","130,000","129,200","129,499",400,0.31,0.72,93.69,0.04,5.70,0.77,99.39,"225,512.32"
1832,06/05/2019,VNM,"131,000","130,300","129,100","130,300","128,000","129,172","-1,900",-1.45,0.37,47.65,0.00,0.00,0.37,47.65,"224,815.75"
1833,03/05/2019,VNM,"130,000","131,000","131,000","131,000","129,900","130,603","1,000",0.77,0.49,63.52,0.00,0.00,0.49,63.52,"228,124.43"
1834,02/05/2019,VNM,"129,800","130,000","130,000","131,100","129,700","130,631",200,0.15,0.74,96.27,0.00,0.00,0.74,96.27,"226,383.02"
1835,26/04/2019,VNM,"129,500","129,800","129,800","130,300","129,300","129,784",300,0.23,0.57,73.36,0.18,23.34,0.75,96.70,"226,034.74"
1836,25/04/2019,VNM,"129,500","129,600","129,500","129,700","128,300","129,303",0,0.00,0.41,53.57,0.08,9.96,0.49,63.53,"225,512.32"
1837,24/04/2019,VNM,"127,000","127,800","129,500","129,500","127,400","128,991","2,500",1.97,0.48,62.24,0.12,15.01,0.60,77.25,"225,512.32"
1838,23/04/2019,VNM,"129,600","128,100","127,000","129,500","126,700","128,123","-2,600",-2.01,0.97,124.91,3.16,406.32,4.13,531.24,"221,158.80"
1839,22/04/2019,VNM,"133,000","131,000","129,600","132,000","129,200","129,785","-3,400",-2.56,1.42,183.94,0.31,40.30,1.73,224.25,"225,686.46"
1840,19/04/2019,VNM,"135,200","135,500","133,000","135,600","132,500","133,823","-2,200",-1.63,0.60,80.20,0.00,0.00,0.60,80.20,"231,607.24"
1841,18/04/2019,VNM,"135,000","135,000","135,200","135,500","134,900","135,132",200,0.15,0.60,81.25,0.10,13.51,0.70,94.76,"235,438.34"
1842,17/04/2019,VNM,"136,000","136,400","135,000","136,900","134,900","135,628","-1,000",-0.74,0.86,117.22,0.24,31.62,1.10,148.84,"235,090.06"
1843,16/04/2019,VNM,"135,700","135,000","136,000","136,400","135,000","135,909",300,0.22,0.51,69.88,0.00,0.00,0.51,69.88,"236,831.47"
1844,12/04/2019,VNM,"135,600","135,600","135,700","136,100","134,900","135,342",100,0.07,0.68,92.64,0.00,0.00,0.68,92.64,"236,309.05"
1845,11/04/2019,VNM,"135,300","135,300","135,600","136,200","135,300","135,699",300,0.22,0.38,52.09,0.17,23.07,0.55,75.16,"236,134.91"
1846,10/04/2019,VNM,"135,400","135,000","135,300","136,500","135,000","135,416",-100,-0.07,0.87,118.23,0.00,0.00,0.87,118.23,"235,612.48"
1847,09/04/2019,VNM,"137,200","137,900","135,400","137,900","135,000","135,733","-1,800",-1.31,1.15,155.83,0.03,3.68,1.18,159.50,"235,786.62"
1848,08/04/2019,VNM,"136,300","137,400","137,200","137,700","136,500","137,148",900,0.66,0.55,74.91,0.12,16.97,0.67,91.87,"238,921.16"
1849,05/04/2019,VNM,"138,000","138,000","136,300","138,000","136,300","136,588","-1,700",-1.23,1.02,139.01,0.17,23.67,1.19,162.67,"237,353.89"
1850,04/04/2019,VNM,"138,500","138,000","138,000","139,800","138,000","138,567",-500,-0.36,0.47,65.09,0.00,0.00,0.47,65.09,"240,314.28"
1851,03/04/2019,VNM,"139,000","139,000","138,500","139,000","137,600","138,056",-500,-0.36,0.68,94.43,0.00,0.00,0.68,94.43,"241,184.99"
1852,02/04/2019,VNM,"138,600","139,900","139,000","139,900","137,300","139,327",400,0.29,1.23,171.84,0.53,73.64,1.76,245.48,"242,055.69"
1853,01/04/2019,VNM,"134,800","135,500","138,600","138,600","135,000","137,486","3,800",2.82,0.80,109.54,0.15,20.79,0.95,130.33,"241,359.13"
1854,29/03/2019,VNM,"135,200","135,200","134,800","136,500","134,800","135,094",-400,-0.30,1.36,183.38,0.00,0.00,1.36,183.38,"234,741.78"
1855,28/03/2019,VNM,"136,500","136,400","135,200","136,500","135,200","135,872","-1,300",-0.95,0.82,110.98,0.09,12.14,0.91,123.12,"235,438.34"
1856,27/03/2019,VNM,"136,500","136,700","136,500","137,200","136,300","136,635",0,0.00,0.68,93.19,0.00,0.00,0.68,93.19,"237,702.17"
1857,26/03/2019,VNM,"136,500","136,500","136,500","137,400","136,000","136,617",0,0.00,0.68,93.51,0.00,0.00,0.68,93.51,"237,702.17"
1858,25/03/2019,VNM,"136,500","134,700","136,500","136,500","134,600","135,200",0,0.00,0.58,78.77,0.00,0.00,0.58,78.77,"237,702.17"
1859,22/03/2019,VNM,"136,000","136,000","136,500","137,000","135,500","136,347",500,0.37,0.53,71.80,0.00,0.00,0.53,71.80,"237,702.17"
1860,21/03/2019,VNM,"138,500","139,000","136,000","139,900","136,000","138,650","-2,500",-1.81,0.89,122.77,0.00,0.00,0.89,122.77,"236,831.47"
1861,20/03/2019,VNM,"136,900","136,500","138,500","138,500","135,200","136,091","1,600",1.17,1.27,172.82,0.12,16.94,1.39,189.76,"241,184.99"
1862,19/03/2019,VNM,"138,000","138,000","136,900","138,000","136,600","137,245","-1,100",-0.80,0.94,128.49,0.41,55.95,1.34,184.45,"238,398.74"
1863,18/03/2019,VNM,"137,000","138,000","138,000","138,600","137,500","138,245","1,000",0.73,0.91,125.90,0.00,0.00,0.91,125.90,"240,314.28"
1864,15/03/2019,VNM,"137,200","137,200","137,000","138,000","136,500","137,136",-200,-0.15,1.25,171.98,0.02,2.78,1.27,174.76,"238,572.88"
1865,14/03/2019,VNM,"138,300","139,000","137,200","139,000","136,700","137,500","-1,100",-0.80,0.92,126.62,0.70,96.30,1.62,222.91,"238,921.16"
1866,13/03/2019,VNM,"139,000","139,500","138,300","140,100","138,200","139,292",-700,-0.50,0.62,85.81,0.00,0.00,0.62,85.81,"240,836.71"
1867,12/03/2019,VNM,"137,600","138,000","139,000","139,500","138,000","138,775","1,400",1.02,0.56,77.76,0.38,52.73,0.94,130.50,"242,055.69"
1868,11/03/2019,VNM,"137,000","136,500","137,600","138,900","136,500","137,776",600,0.44,0.42,58.29,0.40,54.92,0.82,113.21,"239,617.72"
1869,08/03/2019,VNM,"139,700","139,000","137,000","139,500","135,600","137,348","-2,700",-1.93,0.98,134.72,0.35,47.30,1.33,182.02,"238,572.88"
1870,07/03/2019,VNM,"141,000","141,300","139,700","142,000","139,500","140,846","-1,300",-0.92,0.71,99.72,0.43,61.05,1.14,160.77,"243,274.68"
1871,06/03/2019,VNM,"142,000","142,000","141,000","142,800","138,500","140,100","-1,000",-0.70,0.71,99.65,0.28,39.70,0.99,139.34,"245,538.51"
1872,05/03/2019,VNM,"142,900","142,500","142,000","142,800","141,600","142,290",-900,-0.63,0.53,75.77,0.74,104.99,1.27,180.76,"247,279.92"
1873,04/03/2019,VNM,"141,400","141,500","142,900","143,900","141,500","142,489","1,500",1.06,0.88,124.93,0.10,14.53,0.98,139.46,"248,847.18"
1874,01/03/2019,VNM,"141,100","143,900","141,400","143,900","141,400","141,951",300,0.21,0.87,123.32,0.39,55.39,1.26,178.71,"246,235.07"
1875,28/02/2019,VNM,"147,700","148,500","141,100","148,500","141,100","143,318","-6,600",-4.47,0.98,139.94,0.62,90.72,1.60,230.66,"245,712.65"
1876,27/02/2019,VNM,"146,100","146,300","147,700","150,000","146,300","147,797","1,600",1.10,0.48,71.62,0.06,8.30,0.54,79.92,"257,205.94"
1877,26/02/2019,VNM,"151,600","150,000","146,100","152,000","145,000","148,558","-5,500",-3.63,0.81,119.86,1.14,168.85,1.95,288.71,"254,419.69"
1878,25/02/2019,VNM,"148,900","149,000","151,600","152,600","148,700","151,446","2,700",1.81,1.21,183.41,0.11,16.68,1.32,200.08,"263,997.43"
1879,22/02/2019,VNM,"148,500","149,000","148,900","149,500","148,300","149,043",400,0.27,0.81,121.36,0.00,0.00,0.81,121.36,"259,295.63"
1880,21/02/2019,VNM,"143,000","143,500","148,500","149,100","143,000","146,524","5,500",3.85,1.86,272.43,0.08,11.86,1.94,284.28,"258,599.07"
1881,20/02/2019,VNM,"142,600","143,000","143,000","143,500","142,800","143,132",400,0.28,0.98,140.76,0.86,123.62,1.85,264.39,"249,021.32"
1882,19/02/2019,VNM,"142,000","143,000","142,600","143,300","142,400","142,763",600,0.42,1.97,281.84,0.48,68.24,2.45,350.08,"248,324.76"
1883,18/02/2019,VNM,"140,200","140,400","142,000","142,500","140,300","141,301","1,800",1.28,1.08,152.98,0.15,20.84,1.23,173.82,"247,279.92"
1884,15/02/2019,VNM,"139,400","140,000","140,200","140,300","139,500","140,059",800,0.57,0.91,127.48,0.00,0.00,0.91,127.48,"244,145.38"
1885,14/02/2019,VNM,"138,300","138,300","139,400","140,300","138,000","139,325","1,100",0.80,1.34,186.85,0.20,27.93,1.54,214.78,"242,752.25"
1886,13/02/2019,VNM,"138,000","138,000","138,300","138,400","136,200","137,405",300,0.22,0.76,105.04,0.10,13.03,0.86,118.08,"240,836.71"
1887,12/02/2019,VNM,"137,000","138,000","138,000","138,200","137,000","137,905","1,000",0.73,0.96,132.04,1.32,180.64,2.28,312.68,"240,314.28"
1888,11/02/2019,VNM,"135,000","135,000","137,000","137,900","134,900","136,815","2,000",1.48,1.36,185.69,0.08,10.61,1.43,196.30,"238,572.88"
1889,01/02/2019,VNM,"135,000","135,800","135,000","135,800","133,000","134,396",0,0.00,0.73,98.30,0.04,5.04,0.77,103.34,"235,090.06"
1890,31/01/2019,VNM,"135,500","136,500","135,000","136,500","133,500","135,564",-500,-0.37,0.81,110.12,0.35,47.45,1.16,157.56,"235,090.06"
1891,30/01/2019,VNM,"136,500","136,600","135,500","136,600","135,500","135,925","-1,000",-0.73,0.28,37.96,0.11,14.74,0.39,52.70,"235,960.76"
1892,29/01/2019,VNM,"136,500","137,000","136,500","137,000","135,500","136,088",0,0.00,0.37,50.49,0.03,3.67,0.40,54.16,"237,702.17"
1893,28/01/2019,VNM,"135,900","136,500","136,500","136,600","135,900","136,219",600,0.44,0.49,66.43,0.13,17.49,0.62,83.92,"237,702.17"
1894,25/01/2019,VNM,"135,500","136,000","135,900","136,300","135,600","136,059",400,0.30,0.81,110.73,0.16,22.07,0.98,132.80,"236,657.33"
1895,24/01/2019,VNM,"134,500","135,000","135,500","135,500","134,300","135,132","1,000",0.74,1.08,145.62,1.39,188.34,2.47,333.96,"235,960.76"
1896,23/01/2019,VNM,"134,000","134,900","134,500","135,000","133,800","134,470",500,0.37,1.03,138.32,0.90,121.28,1.93,259.61,"234,219.36"
1897,22/01/2019,VNM,"133,800","134,200","134,000","135,000","133,000","133,896",200,0.15,0.40,53.43,0.08,10.05,0.47,63.48,"233,348.65"
1898,21/01/2019,VNM,"134,000","134,100","133,800","134,100","132,300","133,116",-200,-0.15,0.28,37.19,0.45,59.22,0.72,96.41,"233,000.37"
1899,18/01/2019,VNM,"132,200","133,000","134,000","134,900","133,000","134,194","1,800",1.36,0.55,73.22,0.00,0.00,0.55,73.22,"233,349.15"
1900,17/01/2019,VNM,"133,000","133,000","132,200","133,400","131,600","132,406",-800,-0.60,0.51,68.17,0.33,43.13,0.84,111.30,"230,214.61"
1901,16/01/2019,VNM,"134,900","134,000","133,000","134,700","132,000","133,791","-1,900",-1.41,0.56,75.22,0.38,51.35,0.95,126.57,"231,607.74"
1902,15/01/2019,VNM,"135,000","135,000","134,900","135,200","134,000","134,908",-100,-0.07,0.60,80.74,0.00,0.00,0.60,80.74,"234,916.42"
1903,14/01/2019,VNM,"134,000","133,000","135,000","135,000","132,900","134,018","1,000",0.75,0.61,81.94,0.15,19.86,0.76,101.80,"235,090.56"
1904,11/01/2019,VNM,"131,700","131,700","134,000","134,000","131,700","133,696","2,300",1.75,0.95,127.56,0.09,11.38,1.04,138.94,"233,349.15"
1905,10/01/2019,VNM,"131,900","131,900","131,700","132,000","130,900","131,551",-200,-0.15,0.30,39.69,0.04,5.60,0.34,45.29,"229,343.91"
1906,09/01/2019,VNM,"130,000","130,000","131,900","132,500","129,000","131,628","1,900",1.46,0.64,83.72,0.17,22.80,0.81,106.52,"229,692.19"
1907,08/01/2019,VNM,"131,000","131,400","130,000","131,400","128,700","129,704","-1,000",-0.76,0.45,58.15,0.20,26.43,0.65,84.58,"226,383.51"
1908,07/01/2019,VNM,"125,000","127,700","131,000","131,000","125,500","129,572","6,000",4.80,0.90,116.28,0.07,9.14,0.97,125.42,"228,124.92"
1909,04/01/2019,VNM,"122,900","122,500","125,000","125,000","121,000","123,169","2,100",1.71,0.50,61.40,0.00,0.00,0.50,61.40,"217,676.45"
1910,03/01/2019,VNM,"124,000","124,000","122,900","124,000","121,600","122,480","-1,100",-0.89,0.45,55.08,0.50,61.12,0.95,116.20,"214,019.48"
1911,02/01/2019,VNM,"120,000","121,500","124,000","124,000","121,000","122,908","4,000",3.33,0.40,49.60,0.00,0.00,0.40,49.60,"215,935.04"
1912,28/12/2018,VNM,"123,200","124,000","120,000","125,200","120,000","122,317","-3,200",-2.60,1.01,123.98,0.00,0.00,1.01,123.98,"208,969.39"
1913,27/12/2018,VNM,"123,000","124,000","123,200","125,900","123,200","124,776",200,0.16,0.77,96.40,0.00,0.00,0.77,96.40,"214,541.91"
1914,26/12/2018,VNM,"124,600","124,600","124,000","124,600","122,500","124,007",-600,-0.48,0.67,83.15,0.00,0.00,0.67,83.15,"215,935.04"
1915,25/12/2018,VNM,"125,600","124,200","124,600","124,700","123,000","123,884","-1,000",-0.80,0.35,43.31,0.00,0.00,0.35,43.31,"216,979.88"
1916,24/12/2018,VNM,"122,500","123,000","125,600","126,500","123,000","125,419","3,100",2.53,0.46,57.60,0.00,0.00,0.46,57.60,"218,721.29"
1917,21/12/2018,VNM,"126,200","124,600","122,500","125,000","122,100","122,777","-3,700",-2.93,1.90,233.47,0.00,0.00,1.90,233.47,"213,322.92"
1918,20/12/2018,VNM,"129,100","129,000","126,200","129,000","126,200","127,695","-2,900",-2.25,0.54,68.92,0.00,0.00,0.54,68.92,"219,766.14"
1919,19/12/2018,VNM,"131,700","131,100","129,100","131,500","129,000","129,858","-2,600",-1.97,0.48,62.86,0.00,0.00,0.48,62.86,"224,816.24"
1920,18/12/2018,VNM,"133,900","130,500","131,700","132,000","130,500","131,842","-2,200",-1.64,0.81,107.04,0.13,16.97,0.94,124.00,"229,345.08"
1921,17/12/2018,VNM,"135,000","135,000","133,900","135,000","133,900","134,375","-1,100",-0.81,1.04,140.16,0.24,32.65,1.29,172.81,"233,176.20"
1922,14/12/2018,VNM,"135,000","135,000","135,000","135,400","134,400","134,862",0,0.00,0.26,35.09,0.13,17.43,0.39,52.52,"235,091.77"
1923,13/12/2018,VNM,"134,000","134,000","135,000","136,000","134,000","134,997","1,000",0.75,0.64,86.82,1.58,213.18,2.22,300.00,"235,091.77"
1924,12/12/2018,VNM,"134,800","134,100","134,000","134,900","133,000","133,971",-800,-0.59,0.78,104.82,0.80,106.79,1.58,211.61,"233,350.34"
1925,11/12/2018,VNM,"135,000","134,800","134,800","135,500","133,500","134,654",-200,-0.15,0.44,59.66,0.36,48.19,0.80,107.85,"234,743.48"
1926,10/12/2018,VNM,"133,900","133,900","135,000","136,500","133,500","135,501","1,100",0.82,1.00,136.02,0.05,6.95,1.06,142.96,"235,091.77"
1927,07/12/2018,VNM,"131,700","132,100","133,900","134,600","132,100","133,625","2,200",1.67,0.51,68.13,0.41,55.41,0.92,123.53,"233,176.20"
1928,06/12/2018,VNM,"133,000","132,000","131,700","132,800","129,900","131,436","-1,300",-0.98,1.09,143.18,0.31,40.83,1.40,184.01,"229,345.08"
1929,05/12/2018,VNM,"136,500","134,500","133,000","135,200","132,100","134,372","-3,500",-2.56,1.11,148.77,0.00,0.00,1.11,148.77,"231,608.92"
1930,04/12/2018,VNM,"133,600","134,000","136,500","136,500","133,600","135,204","2,900",2.17,1.00,135.45,0.79,106.20,1.79,241.65,"237,703.90"
1931,03/12/2018,VNM,"128,000","128,000","133,600","134,000","128,000","132,027","5,600",4.38,1.28,169.30,0.20,26.41,1.48,195.71,"232,653.78"
1932,30/11/2018,VNM,"126,300","126,000","128,000","128,500","126,000","127,646","1,700",1.35,1.42,180.95,0.60,76.03,2.01,256.98,"222,901.82"
1933,29/11/2018,VNM,"128,000","128,500","126,300","128,500","126,300","127,312","-1,700",-1.33,0.97,123.60,0.47,59.56,1.44,183.15,"219,941.41"
1934,28/11/2018,VNM,"126,500","126,000","128,000","129,000","126,000","127,930","1,500",1.19,1.33,170.24,0.20,25.59,1.53,195.83,"222,901.82"
1935,27/11/2018,VNM,"123,100","124,500","126,500","127,500","123,200","125,443","3,400",2.76,1.88,236.17,1.10,137.91,2.98,374.09,"220,289.69"
1936,26/11/2018,VNM,"118,000","118,200","123,100","123,400","118,000","121,184","5,100",4.32,1.82,220.26,0.19,23.77,2.01,244.03,"214,368.86"
1937,23/11/2018,VNM,"120,100","119,900","118,000","119,900","117,500","118,634","-2,100",-1.75,0.42,49.46,0.15,18.37,0.57,67.83,"205,487.62"
1938,22/11/2018,VNM,"119,200","119,200","120,100","120,300","119,200","119,887",900,0.76,0.93,111.96,0.28,33.12,1.21,145.08,"209,144.60"
1939,21/11/2018,VNM,"116,500","116,000","119,200","119,200","115,700","117,348","2,700",2.32,1.11,130.67,0.00,0.00,1.11,130.67,"207,577.32"
1940,20/11/2018,VNM,"115,400","115,400","116,500","116,600","115,300","116,104","1,100",0.95,0.72,83.03,0.21,23.83,0.92,106.86,"202,875.49"
1941,19/11/2018,VNM,"115,000","116,000","115,400","116,300","114,900","115,402",400,0.35,0.74,85.33,0.00,0.00,0.74,85.33,"200,959.92"
1942,16/11/2018,VNM,"117,000","117,000","115,000","117,500","115,000","116,458","-2,000",-1.71,0.57,65.98,0.00,0.00,0.57,65.98,"200,263.36"
1943,15/11/2018,VNM,"117,500","117,500","117,000","118,000","115,000","116,603",-500,-0.43,0.56,64.87,0.00,0.00,0.56,64.87,"203,746.20"
1944,14/11/2018,VNM,"116,000","116,000","117,500","118,300","115,800","117,527","1,500",1.29,0.67,79.24,0.00,0.00,0.67,79.24,"204,616.91"
1945,13/11/2018,VNM,"117,000","115,200","116,000","116,800","114,800","115,651","-1,000",-0.85,0.48,55.95,0.02,2.71,0.51,58.66,"202,005.49"
1946,12/11/2018,VNM,"117,000","115,300","117,000","117,000","115,100","115,735",0,0.00,0.60,69.09,0.00,0.00,0.60,69.09,"203,746.91"
1947,09/11/2018,VNM,"120,000","118,000","117,000","119,200","116,900","117,996","-3,000",-2.50,0.73,85.92,0.00,0.00,0.73,85.92,"203,746.91"
1948,08/11/2018,VNM,"119,500","120,800","120,000","121,000","119,500","120,464",500,0.42,0.82,98.29,0.00,0.00,0.82,98.29,"208,971.19"
1949,07/11/2018,VNM,"117,700","117,700","119,500","120,500","117,700","119,611","1,800",1.53,1.34,160.20,0.00,0.00,1.34,160.20,"208,100.48"
1950,06/11/2018,VNM,"116,500","116,500","117,700","118,800","115,500","117,573","1,200",1.03,1.60,188.09,0.19,22.68,1.79,210.77,"204,965.91"
1951,05/11/2018,VNM,"118,500","117,100","116,500","118,100","114,900","115,967","-2,000",-1.69,0.84,97.54,0.43,49.75,1.27,147.29,"202,876.20"
1952,02/11/2018,VNM,"114,300","114,300","118,500","118,800","114,300","116,677","4,200",3.67,1.60,186.81,0.31,36.41,1.91,223.22,"206,359.05"
1953,01/11/2018,VNM,"116,100","117,000","114,300","117,000","111,500","114,889","-1,800",-1.55,1.72,198.18,0.00,0.00,1.72,198.18,"199,045.06"
1954,31/10/2018,VNM,"117,300","117,300","116,100","118,000","114,500","116,293","-1,200",-1.02,1.08,125.11,0.00,0.00,1.08,125.11,"202,179.63"
1955,30/10/2018,VNM,"120,000","120,000","117,300","120,000","117,300","118,964","-2,700",-2.25,0.54,63.65,0.00,0.00,0.54,63.65,"204,269.34"
1956,29/10/2018,VNM,"121,500","121,500","120,000","121,500","118,700","119,948","-1,500",-1.23,0.49,58.63,0.00,0.00,0.49,58.63,"208,971.19"
1957,26/10/2018,VNM,"120,000","121,900","121,500","122,000","120,900","121,399","1,500",1.25,0.64,78.06,0.00,0.00,0.64,78.06,"211,583.33"
1958,25/10/2018,VNM,"122,600","120,000","120,000","120,900","117,100","119,016","-2,600",-2.12,1.15,137.43,0.00,0.00,1.15,137.43,"208,971.19"
1959,24/10/2018,VNM,"123,500","123,500","122,600","123,500","121,900","122,712",-900,-0.73,0.74,91.07,0.46,56.64,1.20,147.72,"213,498.90"
1960,23/10/2018,VNM,"125,800","125,700","123,500","125,700","121,700","123,169","-2,300",-1.83,1.20,147.46,0.71,82.76,1.90,230.22,"215,066.19"
1961,22/10/2018,VNM,"126,800","126,000","125,800","126,800","125,800","126,115","-1,000",-0.79,0.32,39.91,0.98,115.05,1.29,154.96,"219,071.47"
1962,19/10/2018,VNM,"126,000","125,100","126,800","126,800","124,100","125,430",800,0.63,1.09,136.46,1.01,118.77,2.10,255.23,"220,812.89"
1963,18/10/2018,VNM,"126,900","126,900","126,000","127,000","125,900","126,293",-900,-0.71,0.35,44.09,0.12,15.04,0.47,59.13,"219,419.75"
1964,17/10/2018,VNM,"126,000","127,500","126,900","127,500","126,300","126,814",900,0.71,0.44,56.34,0.36,45.17,0.80,101.51,"220,987.04"
1965,16/10/2018,VNM,"125,700","126,000","126,000","126,400","125,200","125,981",300,0.24,0.99,124.54,1.90,239.11,2.89,363.65,"219,419.75"
1966,15/10/2018,VNM,"128,500","129,000","125,700","129,000","125,600","126,612","-2,800",-2.18,0.69,87.64,0.00,0.00,0.69,87.64,"218,897.33"
1967,12/10/2018,VNM,"127,000","127,000","128,500","128,700","124,600","126,645","1,500",1.18,0.96,121.30,0.00,0.00,0.96,121.30,"223,773.32"
1968,11/10/2018,VNM,"130,000","123,000","127,000","129,000","123,000","125,467","-3,000",-2.31,1.18,148.35,0.00,0.00,1.18,148.35,"221,161.18"
1969,10/10/2018,VNM,"130,900","130,500","130,000","130,900","129,800","130,241",-900,-0.69,0.64,82.92,0.23,29.30,0.86,112.22,"226,385.46"
1970,09/10/2018,VNM,"133,000","132,200","130,900","133,000","130,800","131,544","-2,100",-1.58,0.66,86.90,0.15,20.00,0.81,106.91,"227,952.74"
1971,08/10/2018,VNM,"135,200","134,100","133,000","134,700","133,000","133,722","-2,200",-1.63,0.57,75.79,0.00,0.00,0.57,75.79,"231,609.74"
1972,05/10/2018,VNM,"136,900","136,000","135,200","136,100","135,000","135,548","-1,700",-1.24,0.52,70.37,0.00,0.00,0.52,70.37,"235,440.88"
1973,04/10/2018,VNM,"136,900","136,900","136,900","137,000","135,900","136,202",0,0.00,0.30,41.49,0.00,0.00,0.30,41.49,"238,401.30"
1974,03/10/2018,VNM,"137,000","137,000","136,900","137,100","136,500","136,932",-100,-0.07,0.70,96.03,0.50,68.50,1.20,164.53,"238,401.30"
1975,02/10/2018,VNM,"136,300","135,000","137,000","137,600","135,000","136,416",700,0.51,0.58,79.30,0.34,46.82,0.92,126.12,"238,575.45"
1976,01/10/2018,VNM,"137,300","136,800","136,300","137,000","136,000","136,248","-1,000",-0.73,0.51,70.14,1.22,166.00,1.73,236.14,"237,356.45"
1977,28/09/2018,VNM,"138,500","138,500","137,300","138,900","137,300","137,681","-1,200",-0.87,0.52,71.60,0.15,21.20,0.67,92.80,"239,099.22"
1978,27/09/2018,VNM,"136,500","137,000","138,500","140,000","136,800","138,216","2,000",1.47,0.98,135.57,0.00,0.00,0.98,135.57,"241,188.95"
1979,26/09/2018,VNM,"136,900","136,900","136,500","136,900","136,300","136,547",-400,-0.29,0.42,57.09,0.00,0.00,0.42,57.09,"237,706.07"
1980,25/09/2018,VNM,"137,000","137,000","136,900","137,100","136,200","136,549",-100,-0.07,0.48,65.56,0.00,0.00,0.48,65.56,"238,402.65"
1981,24/09/2018,VNM,"137,800","137,800","137,000","137,800","136,200","137,166",-800,-0.58,0.64,87.75,0.00,0.00,0.64,87.75,"238,576.79"
1982,21/09/2018,VNM,"136,000","136,000","137,800","137,800","134,900","136,625","1,800",1.32,1.84,251.51,0.10,13.60,1.94,265.11,"239,969.94"
1983,20/09/2018,VNM,"137,800","137,200","136,000","137,300","136,000","136,511","-1,800",-1.31,0.77,105.32,0.00,0.00,0.77,105.32,"236,835.36"
1984,19/09/2018,VNM,"138,000","138,000","137,800","138,200","136,900","137,587",-200,-0.14,0.93,127.91,0.00,0.00,0.93,127.91,"239,969.94"
1985,18/09/2018,VNM,"136,000","136,100","138,000","138,800","135,200","137,571","2,000",1.47,1.31,180.31,0.48,66.52,1.79,246.83,"240,318.23"
1986,17/09/2018,VNM,"133,000","134,000","136,000","136,000","133,300","135,486","3,000",2.26,1.15,155.64,0.02,2.86,1.17,158.50,"236,835.36"
1987,14/09/2018,VNM,"132,100","132,100","133,000","134,000","132,100","133,349",900,0.68,0.97,129.25,0.04,5.21,1.01,134.46,"193,009.88"
1988,13/09/2018,VNM,"132,400","132,000","132,100","132,500","130,800","131,987",-300,-0.23,0.66,86.47,0.20,26.40,0.86,112.87,"191,703.79"
1989,12/09/2018,VNM,"132,000","133,000","132,400","134,800","132,200","133,796",400,0.30,1.34,179.61,0.12,16.34,1.46,195.94,"192,139.15"
1990,11/09/2018,VNM,"127,600","127,500","132,000","132,400","127,500","130,624","4,400",3.45,1.53,200.33,0.63,78.96,2.16,279.29,"191,558.67"
1991,10/09/2018,VNM,"127,100","127,500","127,600","128,400","127,300","127,854",500,0.39,0.60,77.21,0.00,0.00,0.60,77.21,"185,173.38"
1992,07/09/2018,VNM,"122,100","122,000","127,100","127,600","122,000","125,929","5,000",4.10,0.88,111.09,0.00,0.00,0.88,111.09,"184,447.78"
1993,06/09/2018,VNM,"125,500","125,500","122,100","126,400","122,000","124,043","-3,400",-2.71,1.23,153.08,0.00,0.00,1.23,153.08,"177,191.77"
1994,05/09/2018,VNM,"128,900","130,000","125,500","130,000","125,200","127,347","-3,400",-2.64,1.25,159.23,0.30,41.25,1.55,200.48,"182,125.86"
1995,04/09/2018,VNM,"156,700","157,800","156,700","157,800","156,600","157,185",0,0.00,0.69,108.58,0.00,0.00,0.69,108.58,"227,403.36"
1996,31/08/2018,VNM,"156,500","157,000","156,700","158,800","156,700","157,674",200,0.13,0.73,114.49,1.30,205.57,2.03,320.06,"227,403.36"
1997,30/08/2018,VNM,"157,600","157,600","156,500","157,700","155,500","156,452","-1,100",-0.70,0.90,140.66,0.36,55.88,1.26,196.54,"227,113.12"
1998,29/08/2018,VNM,"159,300","159,500","157,600","159,600","156,900","158,037","-1,700",-1.07,1.12,177.65,0.00,0.00,1.12,177.65,"228,709.45"
1999,28/08/2018,VNM,"160,300","160,100","159,300","160,200","159,000","159,500","-1,000",-0.62,1.06,168.63,0.00,0.00,1.06,168.63,"231,176.49"
2000,27/08/2018,VNM,"162,200","163,000","160,300","163,000","160,000","161,297","-1,900",-1.17,1.14,184.07,0.00,0.00,1.14,184.07,"232,627.69"
2001,24/08/2018,VNM,"163,300","163,300","162,200","163,300","162,200","162,800","-1,100",-0.67,0.45,73.75,0.00,0.00,0.45,73.75,"235,384.98"
2002,23/08/2018,VNM,"163,000","163,000","163,300","163,300","162,500","162,855",300,0.18,0.41,66.82,0.00,0.00,0.41,66.82,"236,981.30"
2003,22/08/2018,VNM,"163,000","163,800","163,000","163,900","161,900","162,437",0,0.00,0.64,103.96,0.00,0.00,0.64,103.96,"236,545.94"
2004,21/08/2018,VNM,"160,100","160,700","163,000","163,000","160,300","161,954","2,900",1.81,0.66,107.58,0.20,30.00,0.86,137.58,"236,545.94"
2005,20/08/2018,VNM,"158,500","159,000","160,100","161,900","158,600","159,945","1,600",1.01,1.29,206.36,0.00,0.00,1.29,206.36,"232,337.45"
2006,17/08/2018,VNM,"158,600","159,000","158,500","159,500","158,500","158,641",-100,-0.06,0.41,64.87,0.07,10.78,0.48,75.66,"230,015.53"
2007,16/08/2018,VNM,"158,500","158,000","158,600","158,600","155,600",0,100,0.06,1.04,162.98,0.48,77.02,1.52,240.00,"230,160.65"
2008,15/08/2018,VNM,"158,100","158,500","158,500","160,400","158,200","159,666",400,0.25,1.08,172.61,0.32,50.69,1.40,223.30,"230,015.53"
2009,14/08/2018,VNM,"156,100","159,000","158,100","159,900","157,800","158,531","2,000",1.28,1.00,157.81,0.00,0.00,1.00,157.81,"229,435.05"
2010,13/08/2018,VNM,"157,200","157,000","156,100","157,000","155,400","155,935","-1,100",-0.70,1.25,194.22,0.00,0.00,1.25,194.22,"226,539.62"
2011,10/08/2018,VNM,"157,000","157,000","157,200","157,800","156,000","156,893",200,0.13,0.91,142.53,0.00,0.00,0.91,142.53,"228,135.99"
2012,09/08/2018,VNM,"155,500","158,000","157,000","159,800","156,000","157,884","1,500",0.96,0.77,121.60,0.06,9.38,0.83,130.99,"227,845.74"
2013,08/08/2018,VNM,"153,000","152,000","155,500","156,500","152,000","155,056","2,500",1.63,1.27,196.52,0.15,23.30,1.42,219.82,"225,668.87"
2014,07/08/2018,VNM,"159,900","160,000","153,000","160,000","153,000","155,032","-6,900",-4.32,2.34,362.35,0.10,15.47,2.44,377.82,"222,040.75"
2015,06/08/2018,VNM,"161,600","162,000","159,900","162,000","159,500","160,064","-1,700",-1.05,1.24,198.30,0.15,24.01,1.39,222.31,"232,054.36"
2016,03/08/2018,VNM,"165,000","164,700","161,600","164,700","161,300","161,789","-3,400",-2.06,1.23,199.41,0.00,0.00,1.23,199.41,"234,521.47"
2017,02/08/2018,VNM,"166,900","166,300","165,000","166,900","161,700","163,665","-1,900",-1.14,1.59,260.31,0.15,24.65,1.74,284.96,"239,455.71"
2018,01/08/2018,VNM,"168,200","168,000","166,900","168,200","166,600","166,935","-1,300",-0.77,0.68,114.31,0.05,7.51,0.73,121.82,"242,213.08"
2019,31/07/2018,VNM,"168,500","168,000","168,200","169,000","167,000","167,568",-300,-0.18,0.63,106.28,0.00,0.00,0.63,106.28,"244,099.70"
2020,30/07/2018,VNM,"168,800","169,000","168,500","169,900","167,800","168,633",-300,-0.18,0.45,76.42,0.02,3.44,0.47,79.86,"244,535.08"
2021,27/07/2018,VNM,"171,500","171,000","168,800","171,500","168,600","169,740","-2,700",-1.57,0.29,49.34,0.66,111.89,0.95,161.23,"244,970.45"
2022,26/07/2018,VNM,"169,900","169,900","171,500","171,500","169,000","169,868","1,600",0.94,0.52,88.27,0.27,45.82,0.79,134.09,"248,888.82"
2023,25/07/2018,VNM,"169,900","170,000","169,900","170,400","169,900","170,027",0,0.00,0.43,72.61,0.40,68.00,0.83,140.61,"246,566.82"
2024,24/07/2018,VNM,"170,000","169,800","169,900","171,000","169,300","170,181",-100,-0.06,0.57,96.34,0.20,34.00,0.77,130.34,"246,566.82"
2025,23/07/2018,VNM,"169,500","169,000","170,000","171,800","168,200","169,990",500,0.29,0.69,116.49,0.30,51.04,0.99,167.53,"246,711.95"
2026,20/07/2018,VNM,"170,500","170,800","169,500","170,800","169,200","169,728","-1,000",-0.59,0.62,105.35,0.00,0.00,0.62,105.35,"245,986.32"
2027,19/07/2018,VNM,"169,000","173,000","170,500","173,000","169,000","170,835","1,500",0.89,0.97,165.81,0.00,0.00,0.97,165.81,"247,437.57"
2028,18/07/2018,VNM,"167,900","168,000","169,000","169,000","167,500","168,270","1,100",0.66,0.50,84.79,0.39,65.13,0.89,149.91,"245,260.70"
2029,17/07/2018,VNM,"168,000","166,500","167,900","168,000","166,400","166,871",-100,-0.06,0.59,98.19,0.00,0.00,0.59,98.19,"243,664.33"
2030,16/07/2018,VNM,"166,300","167,200","168,000","168,300","165,800","167,325","1,700",1.02,0.56,93.28,0.72,119.88,1.28,213.15,"243,809.45"
2031,13/07/2018,VNM,"168,300","168,300","166,300","168,800","165,800","166,945","-2,000",-1.19,0.38,64.17,0.02,3.84,0.41,68.01,"241,342.33"
2032,12/07/2018,VNM,"167,000","167,000","168,300","168,800","167,000","168,120","1,300",0.78,0.16,26.65,0.00,0.00,0.16,26.65,"244,244.83"
2033,11/07/2018,VNM,"167,000","167,000","167,000","168,500","166,000","166,960",0,0.00,0.73,121.82,0.35,58.45,1.08,180.27,"242,358.21"
2034,10/07/2018,VNM,"167,000","167,000","167,000","168,900","167,000","167,854",0,0.00,0.70,117.80,0.24,39.63,0.94,157.43,"242,358.21"
2035,09/07/2018,VNM,"166,000","168,900","167,000","169,500","166,800","167,513","1,000",0.60,0.32,53.69,0.08,12.67,0.40,66.37,"242,358.21"
2036,06/07/2018,VNM,"165,000","164,000","166,000","170,000","164,000","167,229","1,000",0.61,0.45,75.09,0.00,0.00,0.45,75.09,"240,906.96"
2037,05/07/2018,VNM,"167,000","167,000","165,000","168,000","164,000","165,251","-2,000",-1.20,0.88,145.54,0.21,34.59,1.09,180.13,"239,455.71"
2038,04/07/2018,VNM,"170,000","170,000","167,000","170,000","167,000","168,010","-3,000",-1.76,0.86,143.88,0.17,29.06,1.03,172.93,"242,358.21"
2039,03/07/2018,VNM,"171,000","170,000","170,000","170,100","169,000","169,840","-1,000",-0.58,1.06,179.26,0.23,38.45,1.28,217.72,"246,711.95"
2040,02/07/2018,VNM,"170,000","170,000","171,000","171,000","169,000","170,196","1,000",0.59,0.97,165.88,0.88,149.08,1.85,314.96,"248,163.19"
2041,29/06/2018,VNM,"170,000","170,000","170,000","172,500","170,000","170,928",0,0.00,1.16,199.08,0.22,37.42,1.38,236.50,"246,711.95"
2042,28/06/2018,VNM,"175,000","174,000","170,000","174,600","169,000","171,419","-5,000",-2.86,0.75,128.25,0.48,81.39,1.22,209.63,"246,711.95"
2043,27/06/2018,VNM,"175,900","174,600","175,000","175,900","174,600","175,095",-900,-0.51,0.32,56.05,0.00,0.00,0.32,56.05,"253,968.18"
2044,26/06/2018,VNM,"179,200","176,500","175,900","178,000","174,000","175,380","-3,300",-1.84,0.25,43.89,0.00,0.00,0.25,43.89,"255,274.30"
2045,25/06/2018,VNM,"178,000","182,000","179,200","182,000","178,500","179,368","1,200",0.67,0.64,114.32,0.00,0.00,0.64,114.32,"260,063.42"
2046,22/06/2018,VNM,"170,000","168,500","178,000","178,500","168,500","176,960","8,000",4.71,1.12,198.84,0.40,70.90,1.52,269.74,"258,321.92"
2047,21/06/2018,VNM,"168,800","168,800","170,000","170,500","168,000","168,890","1,200",0.71,0.38,64.41,0.41,70.08,0.80,134.49,"246,711.95"
2048,20/06/2018,VNM,"166,300","166,000","168,800","169,800","165,800","167,094","2,500",1.50,0.57,95.23,0.00,0.00,0.57,95.23,"244,970.45"
2049,19/06/2018,VNM,"172,700","172,000","166,300","172,000","165,100","168,513","-6,400",-3.71,1.08,181.41,0.00,0.00,1.08,181.41,"241,342.33"
2050,18/06/2018,VNM,"180,000","178,100","172,700","179,800","172,700","176,695","-7,300",-4.06,0.36,62.96,0.00,0.00,0.36,62.96,"250,630.31"
2051,15/06/2018,VNM,"180,000","178,600","180,000","180,500","178,000","179,729",0,0.00,1.11,200.35,0.00,0.00,1.11,200.35,"261,224.41"
2052,14/06/2018,VNM,"181,000","180,100","180,000","181,000","178,700","179,897","-1,000",-0.55,0.77,138.12,0.00,0.00,0.77,138.12,"261,224.41"
2053,13/06/2018,VNM,"181,000","181,000","181,000","181,000","179,400","180,727",0,0.00,0.47,85.39,0.00,0.00,0.47,85.39,"262,675.66"
2054,12/06/2018,VNM,"180,100","179,000","181,000","181,000","178,000","179,937",900,0.50,0.87,157.21,0.10,18.02,0.97,175.23,"262,675.66"
2055,11/06/2018,VNM,"177,000","177,000","180,100","182,000","176,500","180,065","3,100",1.75,0.72,129.84,0.10,18.02,0.82,147.86,"261,369.54"
2056,08/06/2018,VNM,"177,300","175,100","177,000","177,000","175,100","176,042",-300,-0.17,0.51,88.99,0.07,11.44,0.57,100.44,"256,870.67"
2057,07/06/2018,VNM,"175,000","175,800","177,300","177,900","175,700","176,820","2,300",1.31,0.40,71.06,0.20,35.39,0.60,106.46,"257,306.05"
2058,06/06/2018,VNM,"177,000","177,000","175,000","177,000","173,500","174,713","-2,000",-1.13,0.46,81.02,0.06,10.48,0.52,91.50,"253,968.18"
2059,05/06/2018,VNM,"174,000","175,000","177,000","179,900","173,500","177,618","3,000",1.72,0.88,156.16,0.21,37.31,1.08,193.47,"256,870.67"
2060,04/06/2018,VNM,"168,200","170,000","175,000","175,200","169,000","172,702","6,800",4.04,0.97,166.70,0.00,0.00,0.97,166.70,"253,968.18"
2061,01/06/2018,VNM,"164,200","166,000","168,200","169,200","165,500","167,509","4,000",2.44,1.05,176.15,0.09,15.08,1.14,191.24,"244,099.70"
2062,31/05/2018,VNM,"165,500","165,500","164,200","166,000","163,500","164,152","-1,300",-0.79,2.23,366.34,0.00,0.00,2.23,366.34,"238,294.72"
2063,30/05/2018,VNM,"168,600","168,000","165,500","168,100","165,100","166,226","-3,100",-1.84,0.49,81.77,0.10,16.62,0.59,98.39,"240,181.34"
2064,29/05/2018,VNM,"165,000","163,500","168,600","169,500","162,000","165,363","3,600",2.18,0.70,116.27,0.00,0.00,0.70,116.27,"244,680.20"
2065,28/05/2018,VNM,"166,000","165,000","165,000","165,500","162,000","164,415","-1,000",-0.60,0.46,76.43,2.33,382.62,2.79,459.04,"239,455.71"
2066,25/05/2018,VNM,"168,000","167,000","166,000","168,000","166,000","166,675","-2,000",-1.19,0.51,85.48,0.05,8.35,0.56,93.83,"240,906.96"
2067,24/05/2018,VNM,"167,300","169,000","168,000","169,400","166,800","167,735",700,0.42,0.81,135.41,0.00,0.00,0.81,135.41,"243,809.45"
2068,23/05/2018,VNM,"162,000","160,100","167,300","169,500","160,100","166,153","5,300",3.27,0.97,161.38,6.34,"1,041.65",7.31,"1,203.03","242,793.58"
2069,22/05/2018,VNM,"166,000","165,000","162,000","166,000","160,000","162,377","-4,000",-2.41,1.19,192.47,0.00,0.00,1.19,192.47,"235,101.97"
2070,21/05/2018,VNM,"171,100","172,000","166,000","172,000","165,100","167,827","-5,100",-2.98,1.04,174.96,0.00,0.00,1.04,174.96,"240,906.96"
2071,18/05/2018,VNM,"165,000","166,000","171,100","171,100","165,600","167,777","6,100",3.70,1.15,193.58,0.16,26.87,1.31,220.46,"248,308.32"
2072,17/05/2018,VNM,"169,100","169,000","165,000","169,500","165,000","168,108","-4,100",-2.42,1.03,172.88,0.00,0.00,1.03,172.88,"239,455.71"
2073,16/05/2018,VNM,"176,000","176,000","169,100","177,100","169,100","173,319","-6,900",-3.92,1.64,284.94,0.00,0.00,1.64,284.94,"245,405.83"
2074,15/05/2018,VNM,"178,000","180,000","176,000","180,500","176,000","177,808","-2,000",-1.12,1.24,220.61,0.00,0.00,1.24,220.61,"255,419.43"
2075,14/05/2018,VNM,"178,000","179,000","178,000","180,000","176,000","177,450",0,0.00,0.57,102.03,0.00,0.00,0.57,102.03,"258,321.92"
2076,11/05/2018,VNM,"180,000","180,000","178,000","181,000","177,000","179,138","-2,000",-1.11,1.01,180.32,0.05,9.31,1.06,189.64,"258,321.92"
2077,10/05/2018,VNM,"185,000","186,000","180,000","186,000","179,000","183,311","-5,000",-2.70,0.45,82.68,0.15,26.76,0.60,109.44,"261,227.45"
2078,09/05/2018,VNM,"185,100","185,000","185,000","186,000","184,000","185,054",-100,-0.05,0.56,102.75,0.05,8.52,0.60,111.27,"268,483.77"
2079,08/05/2018,VNM,"190,000","190,500","185,100","190,500","185,100","188,089","-4,900",-2.58,0.51,96.72,0.10,18.81,0.61,115.53,"268,628.89"
2080,07/05/2018,VNM,"184,000","185,000","190,000","190,500","184,500","187,479","6,000",3.26,0.77,144.70,0.00,0.00,0.77,144.70,"275,740.09"
2081,04/05/2018,VNM,"185,000","184,800","184,000","185,000","183,700","184,076","-1,000",-0.54,0.74,135.43,0.06,11.04,0.80,146.47,"267,032.50"
2082,03/05/2018,VNM,"184,500","187,000","185,000","187,000","184,000","184,716",500,0.27,0.88,162.24,0.22,40.65,1.10,202.89,"268,483.77"
2083,02/05/2018,VNM,"185,000","186,000","184,500","186,000","184,500","184,920",-500,-0.27,0.62,114.51,0.63,117.03,1.25,231.54,"267,758.14"
2084,27/04/2018,VNM,"181,000","182,400","185,000","189,000","182,000","184,229","4,000",2.21,1.00,183.84,0.18,33.85,1.18,217.69,"268,483.77"
2085,26/04/2018,VNM,"180,000","181,900","181,000","181,900","180,000","180,853","1,000",0.56,0.96,173.53,0.59,108.73,1.55,282.26,"262,678.71"
2086,24/04/2018,VNM,"182,400","179,000","180,000","181,000","176,100","177,887","-2,400",-1.32,1.47,261.45,0.40,71.15,1.87,332.60,"261,227.45"
2087,23/04/2018,VNM,"186,000","185,000","182,400","185,900","182,000","182,953","-3,600",-1.94,0.64,116.53,0.60,108.88,1.23,225.41,"264,710.48"
2088,20/04/2018,VNM,"187,500","187,000","186,000","187,000","185,000","186,019","-1,500",-0.80,0.74,137.60,0.11,20.38,0.85,157.98,"269,935.03"
2089,19/04/2018,VNM,"187,500","187,500","187,500","188,300","186,400","187,576",0,0.00,0.85,158.53,0.16,29.84,1.00,188.38,"272,111.93"
2090,18/04/2018,VNM,"184,500","185,000","187,500","187,500","184,300","186,270","3,000",1.63,0.76,140.91,0.10,18.05,0.85,158.96,"272,111.93"
2091,17/04/2018,VNM,"190,000","187,500","184,500","189,000","181,200","185,126","-5,500",-2.89,1.22,225.40,0.43,78.09,1.65,303.49,"267,758.14"
2092,16/04/2018,VNM,"195,700","195,700","190,000","195,700","190,000","192,588","-5,700",-2.91,0.65,125.83,0.38,73.37,1.03,199.21,"275,740.09"
2093,13/04/2018,VNM,"196,300","197,000","195,700","197,000","195,500","195,947",-600,-0.31,0.73,142.48,0.50,97.97,1.23,240.45,"284,012.29"
2094,12/04/2018,VNM,"196,000","196,500","196,300","196,800","195,400","196,163",300,0.15,0.75,147.35,0.22,42.44,0.97,189.80,"284,883.05"
2095,11/04/2018,VNM,"197,000","196,000","196,000","197,500","195,400","196,491","-1,000",-0.51,0.85,166.42,0.21,41.67,1.06,208.09,"284,447.67"
2096,10/04/2018,VNM,"197,800","197,800","197,000","197,800","195,000","196,444",-800,-0.40,1.09,214.88,0.11,20.75,1.20,235.63,"285,898.93"
2097,09/04/2018,VNM,"198,200","199,000","197,800","199,200","197,000","198,157",-400,-0.20,0.70,138.56,0.20,39.60,0.90,178.16,"287,059.94"
2098,06/04/2018,VNM,"197,300","197,200","198,200","199,700","197,000","198,516",900,0.46,0.62,123.31,0.17,32.76,0.79,156.07,"287,640.45"
2099,05/04/2018,VNM,"200,000","200,000","197,300","200,000","195,800","197,466","-2,700",-1.35,0.45,89.40,0.00,0.00,0.45,89.40,"286,334.31"
2100,04/04/2018,VNM,"193,700","193,700","200,000","200,000","193,700","196,002","6,300",3.25,0.99,194.26,0.00,0.00,0.99,194.26,"290,252.72"
2101,03/04/2018,VNM,"199,700","200,000","193,700","200,500","192,600","196,225","-6,000",-3.00,2.02,395.97,0.26,50.42,2.27,446.39,"281,109.76"
2102,02/04/2018,VNM,"203,000","202,500","199,700","202,900","198,500","199,590","-3,300",-1.63,1.77,352.89,0.14,27.38,1.90,380.27,"289,817.34"
2103,30/03/2018,VNM,"207,000","207,000","203,000","207,000","201,100","203,264","-4,000",-1.93,1.53,310.93,0.00,0.00,1.53,310.93,"294,606.51"
2104,29/03/2018,VNM,"211,000","211,000","207,000","211,300","207,000","208,784","-4,000",-1.90,0.76,158.37,0.25,52.18,1.01,210.54,"300,411.57"
2105,28/03/2018,VNM,"213,000","213,000","211,000","214,000","211,000","212,163","-2,000",-0.94,0.59,124.12,1.08,221.56,1.66,345.69,"306,216.62"
2106,27/03/2018,VNM,"208,500","210,000","213,000","214,700","209,000","212,339","4,500",2.16,1.66,352.57,0.00,0.00,1.66,352.57,"309,119.15"
2107,26/03/2018,VNM,"207,000","207,000","208,500","210,500","206,600","208,656","1,500",0.72,0.64,134.27,0.00,0.00,0.64,134.27,"302,588.46"
2108,23/03/2018,VNM,"209,000","206,100","207,000","208,000","205,100","206,246","-2,000",-0.96,0.69,141.32,0.02,4.59,0.71,145.91,"300,411.57"
2109,22/03/2018,VNM,"209,000","211,900","209,000","211,900","209,000","210,306",0,0.00,0.48,100.66,0.21,44.87,0.69,145.53,"303,314.10"
2110,21/03/2018,VNM,"209,000","209,000","209,000","211,100","209,000","209,852",0,0.00,0.91,190.45,0.20,40.98,1.10,231.43,"303,314.10"
2111,20/03/2018,VNM,"212,000","212,000","209,000","212,000","209,000","210,569","-3,000",-1.42,0.68,144.18,0.26,54.91,0.94,199.10,"303,314.10"
2112,19/03/2018,VNM,"214,000","214,500","212,000","214,500","210,500","212,041","-2,000",-0.93,0.80,169.90,0.10,21.19,0.90,191.10,"307,667.89"
2113,16/03/2018,VNM,"210,200","211,000","214,000","214,000","209,000","213,256","3,800",1.81,1.73,369.04,0.00,0.00,1.73,369.04,"310,570.41"
2114,15/03/2018,VNM,"213,000","213,000","210,200","213,000","209,800","210,745","-2,800",-1.31,0.62,131.31,0.00,0.00,0.62,131.31,"305,055.61"
2115,14/03/2018,VNM,"210,000","210,000","213,000","214,000","209,200","212,294","3,000",1.43,1.13,240.57,0.08,15.92,1.21,256.49,"309,119.15"
2116,13/03/2018,VNM,"206,000","206,000","210,000","211,000","206,000","209,118","4,000",1.94,1.27,264.70,0.35,73.24,1.62,337.94,"304,765.36"
2117,12/03/2018,VNM,"208,000","208,500","206,000","210,700","206,000","209,499","-2,000",-0.96,0.83,173.06,0.30,62.64,1.13,235.70,"298,960.30"
2118,09/03/2018,VNM,"209,000","209,000","208,000","210,600","208,000","209,499","-1,000",-0.48,1.02,213.93,0.86,180.57,1.88,394.50,"301,862.83"
2119,08/03/2018,VNM,"206,100","207,000","209,000","209,300","207,000","208,239","2,900",1.41,0.59,123.36,0.37,77.89,0.97,201.25,"303,314.10"
2120,07/03/2018,VNM,"202,000","201,100","206,100","210,000","201,100","207,061","4,100",2.03,1.98,410.21,0.47,97.22,2.45,507.43,"299,105.43"
2121,06/03/2018,VNM,"202,400","202,400","202,000","203,500","199,200","200,983",-400,-0.20,0.79,158.02,0.48,96.48,1.27,254.51,"293,155.25"
2122,05/03/2018,VNM,"199,300","199,800","202,400","205,000","198,500","201,586","3,100",1.56,0.71,143.54,4.19,833.53,4.90,977.07,"293,735.76"
2123,02/03/2018,VNM,"196,000","196,000","199,300","199,500","195,000","198,714","3,300",1.68,0.41,82.03,0.00,0.00,0.41,82.03,"289,236.84"
2124,01/03/2018,VNM,"196,000","196,000","196,000","199,000","196,000","196,821",0,0.00,0.73,144.25,0.00,0.00,0.73,144.25,"284,447.67"
2125,28/02/2018,VNM,"200,000","199,000","196,000","199,600","196,000","198,120","-4,000",-2.00,0.89,175.69,1.47,291.20,2.36,466.89,"284,447.67"
2126,27/02/2018,VNM,"200,000","202,000","200,000","202,000","198,000","199,797",0,0.00,0.46,91.36,0.09,17.98,0.55,109.34,"290,252.72"
2127,26/02/2018,VNM,"202,000","202,000","200,000","204,000","200,000","202,801","-2,000",-0.99,0.89,180.42,0.00,0.00,0.89,180.42,"290,252.72"
2128,23/02/2018,VNM,"201,000","203,000","202,000","203,500","199,000","202,348","1,000",0.50,0.48,97.49,0.03,5.77,0.51,103.26,"293,155.25"
2129,22/02/2018,VNM,"203,200","203,200","201,000","203,200","199,100","202,410","-2,200",-1.08,0.45,91.05,0.29,58.29,0.74,149.34,"291,703.99"
2130,21/02/2018,VNM,"193,500","197,900","203,200","203,200","194,000","198,891","9,700",5.01,0.65,129.26,0.69,137.77,1.34,267.03,"294,896.77"
2131,13/02/2018,VNM,"192,000","192,000","193,500","195,000","192,000","193,876","1,500",0.78,0.54,105.01,0.00,0.00,0.54,105.01,"280,819.51"
2132,12/02/2018,VNM,"191,000","189,000","192,000","192,000","189,000","191,289","1,000",0.52,0.97,185.60,0.11,21.49,1.08,207.09,"278,642.61"
2133,09/02/2018,VNM,"197,100","190,000","191,000","192,000","187,000","190,171","-6,100",-3.09,0.86,162.89,0.00,0.00,0.86,162.89,"277,191.35"
2134,08/02/2018,VNM,"200,300","200,000","197,100","200,300","196,400","198,621","-3,200",-1.60,0.23,46.52,2.51,497.93,2.74,544.45,"286,044.06"
2135,07/02/2018,VNM,"197,900","203,800","200,300","203,800","200,200","202,084","2,400",1.21,0.51,102.59,0.30,60.09,0.81,162.68,"290,688.10"
2136,06/02/2018,VNM,"203,100","192,000","197,900","202,000","189,500","192,923","-5,200",-2.56,1.48,286.45,1.94,374.25,3.43,660.70,"287,205.07"
2137,05/02/2018,VNM,"207,000","202,500","203,100","205,000","201,700","203,446","-3,900",-1.88,0.50,102.72,0.00,0.00,0.50,102.72,"294,751.64"
2138,02/02/2018,VNM,"203,000","201,500","207,000","207,000","201,500","203,335","4,000",1.97,0.68,137.73,0.12,23.65,0.79,161.37,"300,411.57"
2139,01/02/2018,VNM,"203,500","204,000","203,000","206,600","201,000","203,366",-500,-0.25,0.45,91.77,0.72,148.32,1.17,240.09,"294,606.51"
2140,31/01/2018,VNM,"204,500","202,400","203,500","207,500","201,100","203,198","-1,000",-0.49,1.12,227.64,0.31,62.82,1.43,290.45,"295,332.15"
2141,30/01/2018,VNM,"206,500","204,000","204,500","205,000","202,900","204,069","-2,000",-0.97,0.84,172.07,0.67,136.16,1.51,308.22,"296,783.41"
2142,29/01/2018,VNM,"211,800","211,800","206,500","212,000","206,500","209,734","-5,300",-2.50,0.57,120.23,0.57,117.93,1.14,238.16,"299,685.94"
2143,26/01/2018,VNM,"207,000","207,100","211,800","212,200","207,100","210,651","4,800",2.32,0.67,141.64,0.18,37.92,0.85,179.56,"307,377.63"
2144,25/01/2018,VNM,"211,600","209,000","207,000","211,800","207,000","209,092","-4,600",-2.17,1.06,221.52,0.69,143.46,1.74,364.97,"300,411.57"
2145,22/01/2018,VNM,"205,600","207,000","211,600","211,700","206,000","210,273","6,000",2.92,1.03,216.96,0.00,0.00,1.03,216.96,"307,087.38"
2146,19/01/2018,VNM,"205,600","206,400","205,600","209,400","205,600","207,247",0,0.00,1.09,226.74,0.02,4.09,1.11,230.83,"298,379.80"
2147,18/01/2018,VNM,"201,100","200,000","205,600","205,600","199,500","203,347","4,500",2.24,0.92,187.45,0.00,0.00,0.92,187.45,"298,379.80"
2148,17/01/2018,VNM,"208,300","201,100","201,100","208,000","200,000","205,492","-7,200",-3.46,0.89,183.19,0.00,0.00,0.89,183.19,"291,849.11"
2149,16/01/2018,VNM,"208,500","208,300","208,300","208,500","207,200","208,040",-200,-0.10,0.70,145.93,0.00,0.00,0.70,145.93,"302,298.25"
2150,15/01/2018,VNM,"209,900","209,000","208,500","209,500","208,000","208,503","-1,400",-0.67,0.41,84.48,0.05,10.23,0.46,94.70,"302,591.61"
2151,12/01/2018,VNM,"210,000","209,900","209,900","211,000","209,300","209,834",-100,-0.05,0.59,122.89,0.33,68.71,0.91,191.59,"304,623.40"
2152,11/01/2018,VNM,"211,000","212,000","210,000","212,000","209,100","210,256","-1,000",-0.47,0.79,167.11,0.46,96.03,1.25,263.13,"304,768.53"
2153,10/01/2018,VNM,"207,000","205,200","211,000","211,000","205,200","209,740","4,000",1.93,0.90,189.34,0.10,20.40,1.00,209.75,"306,219.81"
2154,09/01/2018,VNM,"210,000","210,100","207,000","212,000","206,500","208,305","-3,000",-1.43,0.81,168.85,0.25,52.04,1.06,220.89,"300,414.69"
2155,08/01/2018,VNM,"213,500","213,000","210,000","213,000","208,500","209,886","-3,500",-1.64,0.67,141.63,0.00,0.00,0.67,141.63,"304,768.53"
2156,05/01/2018,VNM,"214,800","214,000","213,500","215,000","212,500","213,323","-1,300",-0.61,0.52,110.69,1.14,243.18,1.66,353.87,"309,848.00"
2157,04/01/2018,VNM,"213,900","213,100","214,800","215,000","213,100","214,295",900,0.42,0.70,150.94,0.00,0.00,0.70,150.94,"311,734.66"
2158,03/01/2018,VNM,"211,500","213,500","213,900","215,000","212,100","213,463","2,400",1.13,0.56,118.98,0.00,0.00,0.56,118.98,"310,428.51"
2159,02/01/2018,VNM,"208,600","211,000","211,500","211,900","208,600","210,065","2,900",1.39,0.37,78.30,0.08,16.65,0.45,94.95,"306,945.45"
