No,Date,Ticker,Reference,Open_price,Close_price,Highest_price,Lowest_price,Average,Change,Change_percent,Matched_volume,Matched_value,Negotiated_volume,Negotiated_value,Total_volume,Total_value,Market_cap
1,28/08/2026,VRE,"26,000","26,200","26,100","26,750","25,900","26,443",100,0.38,8.35,220.80,0.00,0.00,8.35,220.80,"59,307.51"
2,27/08/2026,VRE,"25,600","25,600","26,000","26,800","25,600","26,113",400,1.56,8.21,214.50,0.00,0.00,8.21,214.50,"59,080.28"
3,26/08/2026,VRE,"25,200","25,300","25,600","25,600","25,050","25,385",400,1.59,4.29,109.10,0.00,0.00,4.29,109.10,"58,171.35"
4,25/08/2026,VRE,"25,300","25,100","25,200","25,800","25,100","25,466",-100,-0.40,6.94,176.88,0.00,0.00,6.94,176.88,"57,262.42"
5,24/08/2026,VRE,"25,300","25,600","25,300","25,750","25,300","25,455",0,0.00,4.64,118.14,0.00,0.00,4.64,118.14,"57,489.66"
6,21/08/2026,VRE,"24,150","24,000","25,300","25,300","23,900","24,778","1,150",4.76,6.04,149.79,0.00,0.00,6.04,149.79,"57,489.66"
7,20/08/2026,VRE,"24,100","24,100","24,150","24,550","24,100","24,248",50,0.21,3.19,77.41,0.00,0.00,3.19,77.41,"54,876.49"
8,19/08/2026,VRE,"24,400","24,400","24,100","24,400","23,950","24,142",-300,-1.23,1.89,45.57,0.00,0.00,1.89,45.57,"54,762.87"
9,18/08/2026,VRE,"24,400","24,400","24,400","24,950","24,250","24,538",0,0.00,2.96,72.72,0.00,0.00,2.96,72.72,"55,444.57"
10,17/08/2026,VRE,"23,950","24,000","24,400","24,450","24,000","24,202",450,1.88,2.86,69.28,0.00,0.00,2.86,69.28,"55,444.57"
11,14/08/2026,VRE,"24,600","24,500","23,950","24,600","23,650","24,078",-650,-2.64,8.62,207.61,0.00,0.00,8.62,207.61,"54,422.03"
12,13/08/2026,VRE,"25,450","25,500","24,600","25,600","24,600","24,988",-850,-3.34,6.79,169.66,0.00,0.00,6.79,169.66,"55,899.03"
13,12/08/2026,VRE,"25,450","25,400","25,450","26,000","25,350","25,643",0,0.00,4.14,106.15,0.20,5.13,4.34,111.28,"57,830.50"
14,11/08/2026,VRE,"25,550","25,550","25,450","25,850","25,200","25,472",-100,-0.39,5.18,131.94,0.00,0.00,5.18,131.94,"57,830.50"
15,10/08/2026,VRE,"24,950","25,300","25,550","25,550","24,450","25,232",600,2.40,4.84,121.97,0.20,4.94,5.03,126.91,"58,057.74"
16,07/08/2026,VRE,"25,300","25,100","24,950","25,300","24,650","24,875",-350,-1.38,6.14,152.77,0.12,3.25,6.26,156.02,"56,694.34"
17,06/08/2026,VRE,"26,450","26,050","25,300","26,200","25,150","25,503","-1,150",-4.35,8.35,212.89,0.02,0.65,8.38,213.54,"57,489.66"
18,05/08/2026,VRE,"26,400","26,800","26,450","26,800","26,150","26,463",50,0.19,7.22,191.10,0.12,3.36,7.34,194.46,"60,102.82"
19,04/08/2026,VRE,"25,200","25,200","26,400","26,800","25,050","26,183","1,200",4.76,10.11,264.73,0.00,0.00,10.11,264.73,"59,989.21"
20,03/08/2026,VRE,"24,800","24,800","25,200","25,500","24,350","25,027",400,1.61,5.32,133.34,0.36,9.06,5.68,142.40,"57,262.42"
21,31/07/2026,VRE,"24,300","25,200","24,800","25,750","24,400","25,082",500,2.06,11.68,292.14,0.00,0.00,11.68,292.14,"56,353.50"
22,30/07/2026,VRE,"22,750","23,150","24,300","24,300","23,000","24,031","1,550",6.81,8.46,203.71,0.00,0.00,8.46,203.71,"55,217.34"
23,29/07/2026,VRE,"21,300","21,350","22,750","22,750","21,250","22,151","1,450",6.81,8.31,185.53,0.00,0.00,8.31,185.53,"51,695.24"
24,28/07/2026,VRE,"21,350","21,250","21,300","21,650","20,900","21,321",-50,-0.23,3.76,80.20,0.00,0.00,3.76,80.20,"48,400.38"
25,27/07/2026,VRE,"21,900","21,900","21,350","22,300","21,350","21,850",-550,-2.51,3.04,66.49,0.00,0.00,3.04,66.49,"48,514.00"
26,24/07/2026,VRE,"22,000","21,800","21,900","22,000","21,500","21,737",-100,-0.45,3.20,69.70,0.00,0.00,3.20,69.70,"49,763.77"
27,23/07/2026,VRE,"21,750","21,850","22,000","22,400","21,350","21,941",250,1.15,7.08,155.47,0.00,0.00,7.08,155.47,"49,991.01"
28,22/07/2026,VRE,"23,050","23,350","21,750","23,350","21,750","22,430","-1,300",-5.64,8.71,194.62,0.00,0.00,8.71,194.62,"49,422.93"
29,21/07/2026,VRE,"23,250","23,000","23,050","23,700","22,850","23,333",-200,-0.86,6.00,139.92,0.00,0.00,6.00,139.92,"52,376.94"
30,20/07/2026,VRE,"24,550","24,500","23,250","24,550","23,150","23,851","-1,300",-5.30,5.31,126.29,0.00,0.00,5.31,126.29,"52,831.40"
31,17/07/2026,VRE,"25,050","25,200","24,550","25,250","24,550","24,764",-500,-2.00,3.91,96.91,0.00,0.00,3.91,96.91,"55,785.42"
32,16/07/2026,VRE,"24,800","24,800","25,050","25,300","24,550","24,911",250,1.01,6.19,154.12,0.20,5.09,6.39,159.21,"56,921.58"
33,15/07/2026,VRE,"25,600","25,650","24,800","25,700","24,800","25,188",-800,-3.13,4.08,102.52,0.00,0.00,4.08,102.52,"56,353.50"
34,14/07/2026,VRE,"25,900","25,400","25,600","25,850","25,400","25,705",-300,-1.16,3.29,84.24,0.42,10.80,3.71,95.04,"58,171.35"
35,13/07/2026,VRE,"26,350","26,400","25,900","26,450","25,450","25,662",-450,-1.71,5.71,146.51,0.00,0.00,5.71,146.51,"58,853.05"
36,10/07/2026,VRE,"26,900","27,100","26,350","27,150","26,300","26,591",-550,-2.04,4.81,127.89,0.13,3.50,4.94,131.39,"59,875.59"
37,09/07/2026,VRE,"27,050","27,100","26,900","27,400","26,800","26,997",-150,-0.55,2.65,71.60,0.00,0.00,2.65,71.60,"61,125.37"
38,08/07/2026,VRE,"27,350","27,000","27,050","27,500","26,900","27,137",-300,-1.10,4.91,133.11,0.00,0.00,4.91,133.11,"61,466.21"
39,07/07/2026,VRE,"27,700","27,750","27,350","27,800","27,150","27,364",-350,-1.26,2.88,78.78,0.00,0.00,2.88,78.78,"62,147.91"
40,06/07/2026,VRE,"28,150","28,450","27,700","28,900","27,250","28,260",-450,-1.60,5.35,151.13,0.02,0.58,5.37,151.71,"62,943.22"
41,03/07/2026,VRE,"28,150","28,150","28,150","28,600","28,100","28,237",0,0.00,3.08,87.03,0.00,0.00,3.08,87.03,"63,965.76"
42,02/07/2026,VRE,"28,300","28,300","28,150","28,500","28,050","28,260",-150,-0.53,4.01,113.24,0.00,0.00,4.01,113.24,"63,965.76"
43,01/07/2026,VRE,"28,500","28,500","28,300","28,550","28,100","28,321",-200,-0.70,2.66,75.24,0.00,0.00,2.66,75.24,"64,306.61"
44,30/06/2026,VRE,"28,200","28,200","28,500","28,550","28,100","28,311",300,1.06,2.98,84.46,0.00,0.00,2.98,84.46,"64,761.07"
45,29/06/2026,VRE,"30,000","30,000","29,200","30,000","29,150","29,361",-800,-2.67,5.29,155.26,0.00,0.00,5.29,155.26,"66,351.70"
46,26/06/2026,VRE,"29,600","29,600","30,000","30,250","29,500","29,811",400,1.35,4.95,147.63,0.00,0.00,4.95,147.63,"68,169.55"
47,25/06/2026,VRE,"30,300","30,500","29,600","30,500","29,400","29,735",-700,-2.31,4.98,148.01,0.00,0.00,4.98,148.01,"67,260.62"
48,24/06/2026,VRE,"29,800","29,900","30,300","30,800","29,600","30,140",500,1.68,6.05,182.20,0.58,17.49,6.63,199.69,"68,851.25"
49,23/06/2026,VRE,"30,700","30,800","29,800","31,000","29,600","30,221",-900,-2.93,6.07,183.34,0.76,22.82,6.83,206.16,"67,715.09"
50,22/06/2026,VRE,"29,350","29,450","30,700","31,400","29,050","30,550","1,350",4.60,11.48,350.62,0.04,1.24,11.52,351.86,"69,760.18"
51,19/06/2026,VRE,"30,100","30,750","29,350","30,750","29,250","29,724",-750,-2.49,6.31,187.10,0.64,19.59,6.95,206.69,"66,692.55"
52,18/06/2026,VRE,"28,150","28,900","30,100","30,100","28,800","29,699","1,950",6.93,8.61,255.55,1.14,34.34,9.75,289.89,"68,396.78"
53,17/06/2026,VRE,"28,650","28,600","28,150","28,600","27,550","28,038",-500,-1.75,9.50,266.14,0.00,0.00,9.50,266.14,"63,965.76"
54,16/06/2026,VRE,"28,550","28,600","28,650","29,050","28,600","28,762",100,0.35,3.29,94.63,0.00,0.00,3.29,94.63,"65,101.92"
55,15/06/2026,VRE,"28,600","29,000","28,550","29,250","28,200","28,606",-50,-0.17,5.07,145.13,0.00,0.00,5.07,145.13,"64,874.69"
56,12/06/2026,VRE,"29,150","29,450","28,600","29,600","28,600","29,019",-550,-1.89,4.24,122.96,0.19,5.52,4.43,128.49,"64,988.31"
57,11/06/2026,VRE,"29,650","29,450","29,150","29,450","29,100","29,188",-500,-1.69,1.92,55.95,0.00,0.00,1.92,55.95,"66,238.08"
58,10/06/2026,VRE,"29,100","29,300","29,650","29,700","29,100","29,401",550,1.89,2.05,60.41,0.19,5.53,2.24,65.94,"67,374.24"
59,09/06/2026,VRE,"29,600","29,750","29,100","30,100","28,900","29,370",-500,-1.69,3.30,97.05,0.00,0.00,3.30,97.05,"66,124.47"
60,08/06/2026,VRE,"31,200","30,900","29,600","30,900","29,600","30,086","-1,600",-5.13,4.74,142.49,0.19,5.70,4.93,148.19,"67,260.62"
61,05/06/2026,VRE,"31,100","31,150","31,200","31,650","30,850","31,306",100,0.32,4.32,135.35,0.00,0.00,4.32,135.35,"70,896.33"
62,04/06/2026,VRE,"30,050","30,350","31,100","31,550","29,950","30,669","1,050",3.49,3.98,122.14,0.19,5.71,4.17,127.85,"70,669.10"
63,03/06/2026,VRE,"31,000","31,000","30,050","31,100","29,400","30,161",-950,-3.06,6.19,186.73,0.09,2.59,6.28,189.32,"68,283.17"
64,02/06/2026,VRE,"31,200","31,250","31,000","31,850","30,650","31,116",-200,-0.64,4.20,130.48,0.00,0.00,4.20,130.48,"70,441.87"
65,01/06/2026,VRE,"32,250","32,200","31,200","32,200","31,100","31,520","-1,050",-3.26,3.43,107.86,0.00,0.00,3.43,107.86,"70,896.33"
66,29/05/2026,VRE,"32,250","32,250","32,250","32,450","31,700","32,025",0,0.00,3.63,116.24,0.00,0.00,3.63,116.24,"73,282.27"
67,28/05/2026,VRE,"31,250","31,300","32,250","32,800","31,150","31,956","1,000",3.20,6.40,205.15,0.11,3.50,6.51,208.64,"73,282.27"
68,27/05/2026,VRE,"32,700","32,500","31,250","32,600","31,100","31,630","-1,450",-4.43,6.54,206.70,0.09,2.88,6.62,209.58,"71,009.95"
69,26/05/2026,VRE,"32,800","32,800","32,700","32,900","32,200","32,473",-100,-0.30,2.92,94.93,0.00,0.00,2.92,94.93,"74,304.81"
70,25/05/2026,VRE,"31,700","32,000","32,800","33,100","31,950","32,623","1,100",3.47,4.61,150.53,0.08,2.70,4.69,153.22,"74,532.04"
71,22/05/2026,VRE,"32,800","32,800","31,700","32,800","31,350","31,866","-1,100",-3.35,7.36,234.51,0.00,0.00,7.36,234.51,"72,032.49"
72,21/05/2026,VRE,"33,500","33,650","32,800","34,000","32,700","33,045",-700,-2.09,4.96,163.78,0.00,0.00,4.96,163.78,"74,532.04"
73,20/05/2026,VRE,"33,500","33,500","33,500","34,150","32,050","33,448",0,0.00,7.40,247.37,0.00,0.00,7.40,247.37,"76,122.67"
74,19/05/2026,VRE,"33,100","33,150","33,500","34,000","32,550","33,199",400,1.21,8.83,294.01,0.21,7.00,9.04,301.01,"76,122.67"
75,18/05/2026,VRE,"34,000","33,650","33,100","34,200","32,500","33,104",-900,-2.65,8.33,275.83,0.00,0.00,8.33,275.83,"75,213.74"
76,15/05/2026,VRE,"34,150","34,200","34,000","34,500","33,100","33,660",-150,-0.44,5.68,191.34,0.00,0.00,5.68,191.34,"77,258.83"
77,14/05/2026,VRE,"33,000","33,300","34,150","34,600","32,950","33,870","1,150",3.48,7.07,239.39,0.08,2.51,7.15,241.90,"77,599.67"
78,13/05/2026,VRE,"35,450","35,900","33,000","35,900","33,000","33,713","-2,450",-6.91,14.37,482.77,0.00,0.00,14.37,482.77,"74,986.51"
79,12/05/2026,VRE,"33,600","33,300","35,450","35,600","33,200","34,674","1,850",5.51,12.47,432.63,0.11,3.40,12.58,436.02,"80,553.69"
80,11/05/2026,VRE,"35,900","35,950","33,600","37,200","33,600","35,734","-2,300",-6.41,11.67,415.58,0.00,0.00,11.67,415.58,"76,349.90"
81,08/05/2026,VRE,"36,500","36,300","35,900","36,500","35,350","35,917",-600,-1.64,8.12,291.51,0.00,0.00,8.12,291.51,"81,576.23"
82,07/05/2026,VRE,"36,600","36,900","36,500","37,500","35,200","36,452",-100,-0.27,12.84,468.26,0.11,3.86,12.95,472.12,"82,939.62"
83,06/05/2026,VRE,"35,200","35,600","36,600","36,600","34,500","35,805","1,400",3.98,10.45,374.35,0.00,0.00,10.45,374.35,"83,166.85"
84,05/05/2026,VRE,"33,700","33,050","35,200","35,600","32,650","34,494","1,500",4.45,16.00,551.84,0.06,1.89,16.06,553.73,"79,985.61"
85,04/05/2026,VRE,"32,300","32,700","33,700","33,800","32,550","33,464","1,400",4.33,10.35,346.62,0.00,0.00,10.35,346.62,"76,577.13"
86,29/04/2026,VRE,"30,800","31,500","32,300","32,800","31,200","32,236","1,500",4.87,16.94,546.23,0.00,0.00,16.94,546.23,"73,395.88"
87,28/04/2026,VRE,"28,800","28,800","30,800","30,800","28,750","30,193","2,000",6.94,16.46,498.45,0.00,0.00,16.46,498.45,"69,987.41"
88,24/04/2026,VRE,"29,050","29,550","28,800","29,750","28,700","29,150",-250,-0.86,4.96,144.46,0.00,0.00,4.96,144.46,"65,442.77"
89,23/04/2026,VRE,"29,950","30,300","29,050","30,450","29,050","29,762",-900,-3.01,10.08,299.57,0.00,0.00,10.08,299.57,"66,010.85"
90,22/04/2026,VRE,"29,300","29,350","29,950","30,500","28,700","29,535",650,2.22,9.08,269.08,0.45,13.47,9.54,282.55,"68,055.94"
91,21/04/2026,VRE,"29,450","29,600","29,300","30,300","29,200","29,777",-150,-0.51,10.61,315.96,0.50,14.82,11.11,330.78,"66,578.93"
92,20/04/2026,VRE,"28,600","28,600","29,450","29,500","28,150","29,064",850,2.97,6.68,194.34,0.00,0.00,6.68,194.34,"66,919.78"
93,17/04/2026,VRE,"29,600","29,200","28,600","30,000","28,550","28,946","-1,000",-3.38,7.24,209.35,0.00,0.00,7.24,209.35,"64,988.31"
94,16/04/2026,VRE,"29,300","29,500","29,600","30,650","29,000","29,789",300,1.02,16.44,490.31,0.00,0.00,16.44,490.31,"67,260.62"
95,15/04/2026,VRE,"27,900","28,300","29,300","29,700","28,250","28,881","1,400",5.02,14.41,416.52,0.00,0.00,14.41,416.52,"66,578.93"
96,14/04/2026,VRE,"27,550","27,850","27,900","28,050","27,600","27,763",350,1.27,3.85,106.99,0.00,0.00,3.85,106.99,"63,397.68"
97,13/04/2026,VRE,"27,500","27,000","27,550","28,050","26,900","27,434",50,0.18,3.92,107.59,0.00,0.00,3.92,107.59,"62,602.37"
98,10/04/2026,VRE,"27,600","27,850","27,500","28,000","27,050","27,413",-100,-0.36,4.60,126.18,0.00,0.00,4.60,126.18,"62,488.76"
99,09/04/2026,VRE,"27,600","27,500","27,600","28,050","27,200","27,667",0,0.00,5.73,158.60,0.02,0.55,5.75,159.15,"62,715.99"
100,08/04/2026,VRE,"25,800","26,800","27,600","27,600","26,500","27,257","1,800",6.98,7.01,190.98,0.00,0.00,7.01,190.98,"62,715.99"
101,07/04/2026,VRE,"25,750","25,750","25,800","26,350","25,500","25,905",50,0.19,2.82,73.12,0.04,1.08,2.86,74.20,"58,625.81"
102,06/04/2026,VRE,"26,500","26,300","25,750","27,000","25,650","26,310",-750,-2.83,3.94,103.59,0.00,0.00,3.94,103.59,"58,512.20"
103,03/04/2026,VRE,"27,200","27,000","26,500","28,250","26,350","27,137",-700,-2.57,6.43,174.24,0.00,0.00,6.43,174.24,"60,216.44"
104,02/04/2026,VRE,"27,550","28,000","27,200","28,300","27,200","27,745",-350,-1.27,6.53,181.32,0.00,0.00,6.53,181.32,"61,807.06"
105,01/04/2026,VRE,"25,750","26,800","27,550","27,550","26,700","27,103","1,800",6.99,10.21,277.14,0.00,0.00,10.21,277.14,"62,602.37"
106,31/03/2026,VRE,"25,650","25,700","25,750","25,850","25,450","25,618",100,0.39,2.50,64.16,0.00,0.00,2.50,64.16,"58,512.20"
107,30/03/2026,VRE,"25,750","25,000","25,650","25,700","25,000","25,308",-100,-0.39,2.53,64.03,0.00,0.00,2.53,64.03,"58,284.97"
108,27/03/2026,VRE,"25,550","25,550","25,750","26,050","25,300","25,662",200,0.78,3.50,89.91,0.00,0.00,3.50,89.91,"58,512.20"
109,26/03/2026,VRE,"26,350","26,200","25,550","26,300","25,550","25,763",-800,-3.04,2.05,52.87,0.00,0.00,2.05,52.87,"58,057.74"
110,25/03/2026,VRE,"25,300","25,450","26,350","26,450","25,400","25,837","1,050",4.15,5.26,135.97,0.00,0.00,5.26,135.97,"59,875.59"
111,24/03/2026,VRE,"25,350","25,150","25,300","25,650","25,150","25,367",-50,-0.20,2.73,69.18,0.00,0.00,2.73,69.18,"57,489.66"
112,23/03/2026,VRE,"26,150","25,550","25,350","25,550","24,500","24,852",-800,-3.06,5.05,126.20,0.00,0.00,5.05,126.20,"57,603.27"
113,20/03/2026,VRE,"26,050","25,650","26,150","26,150","24,800","25,342",100,0.38,8.42,217.30,0.04,1.00,8.46,218.30,"59,421.13"
114,19/03/2026,VRE,"26,100","26,000","26,050","26,100","25,350","25,699",-50,-0.19,5.19,133.45,0.00,0.00,5.19,133.45,"59,193.89"
115,18/03/2026,VRE,"26,450","26,500","26,100","26,950","26,100","26,639",-350,-1.32,3.49,92.82,0.00,0.00,3.49,92.82,"59,307.51"
116,17/03/2026,VRE,"25,900","26,000","26,450","26,900","25,900","26,541",550,2.12,5.16,136.93,0.00,0.00,5.16,136.93,"60,102.82"
117,16/03/2026,VRE,"25,250","25,250","25,900","25,900","25,100","25,596",650,2.57,4.83,123.57,0.50,12.63,5.33,136.19,"58,853.05"
118,13/03/2026,VRE,"25,900","25,600","25,250","26,000","25,250","25,615",-650,-2.51,3.44,88.10,0.00,0.00,3.44,88.10,"57,376.04"
119,12/03/2026,VRE,"25,600","24,800","25,900","26,100","24,800","25,569",300,1.17,6.62,169.90,0.00,0.00,6.62,169.90,"58,853.05"
120,11/03/2026,VRE,"24,050","24,000","25,600","25,600","23,900","24,928","1,550",6.44,8.11,202.68,0.00,0.00,8.11,202.68,"58,171.35"
121,10/03/2026,VRE,"24,450","25,000","24,050","25,000","23,500","24,301",-400,-1.64,10.41,252.96,0.00,0.00,10.41,252.96,"54,649.26"
122,09/03/2026,VRE,"26,250","24,450","24,450","25,000","24,450","24,457","-1,800",-6.86,3.09,75.63,0.00,0.00,3.09,75.63,"55,558.19"
123,06/03/2026,VRE,"27,000","27,000","26,250","27,000","26,250","26,560",-750,-2.78,3.67,97.44,0.00,0.00,3.67,97.44,"59,648.36"
124,05/03/2026,VRE,"28,000","27,800","27,000","28,600","27,000","27,600","-1,000",-3.57,7.00,193.44,0.00,0.00,7.00,193.44,"61,352.60"
125,04/03/2026,VRE,"26,350","26,300","28,000","28,000","25,350","26,267","1,650",6.26,9.39,247.07,0.00,0.00,9.39,247.07,"63,624.92"
126,03/03/2026,VRE,"27,800","27,800","26,350","28,000","26,050","27,091","-1,450",-5.22,9.57,258.70,0.02,0.52,9.59,259.22,"59,875.59"
127,02/03/2026,VRE,"29,050","28,500","27,800","28,750","27,800","28,190","-1,250",-4.30,8.15,230.07,0.03,0.84,8.18,230.91,"63,170.45"
128,27/02/2026,VRE,"29,750","29,800","29,050","29,800","29,050","29,274",-700,-2.35,3.10,90.66,0.02,0.59,3.12,91.25,"66,010.85"
129,26/02/2026,VRE,"28,550","28,550","29,750","29,850","28,550","29,407","1,200",4.20,5.43,159.79,0.00,0.00,5.43,159.79,"67,601.47"
130,25/02/2026,VRE,"29,500","29,300","28,550","29,500","28,550","28,808",-950,-3.22,9.04,260.43,0.00,0.00,9.04,260.43,"64,874.69"
131,24/02/2026,VRE,"30,000","29,600","29,500","29,700","29,350","29,480",-500,-1.67,5.23,154.13,0.09,2.63,5.32,156.75,"67,033.39"
132,23/02/2026,VRE,"29,800","30,000","30,000","30,100","29,400","29,690",200,0.67,6.28,186.90,0.00,0.00,6.28,186.90,"68,169.55"
133,13/02/2026,VRE,"29,950","30,000","29,800","30,000","29,100","29,527",-150,-0.50,7.06,208.76,0.00,0.00,7.06,208.76,"67,715.09"
134,12/02/2026,VRE,"29,400","29,500","29,950","30,250","29,200","29,721",550,1.87,7.59,225.59,0.00,0.00,7.59,225.59,"68,055.94"
135,11/02/2026,VRE,"28,950","29,000","29,400","29,450","28,800","29,182",450,1.55,6.15,179.48,0.00,0.00,6.15,179.48,"66,806.16"
136,10/02/2026,VRE,"28,200","28,100","28,950","29,550","27,900","28,964",750,2.66,11.25,325.65,0.00,0.00,11.25,325.65,"65,783.62"
137,09/02/2026,VRE,"28,050","28,200","28,200","28,200","27,450","27,818",150,0.53,5.57,155.35,0.00,0.00,5.57,155.35,"64,079.38"
138,06/02/2026,VRE,"28,800","28,300","28,050","29,250","28,000","28,385",-750,-2.60,8.64,245.00,0.00,0.00,8.64,245.00,"63,738.53"
139,05/02/2026,VRE,"28,250","28,050","28,800","29,950","28,050","29,067",550,1.95,13.57,394.84,0.00,0.00,13.57,394.84,"65,442.77"
140,04/02/2026,VRE,"28,400","28,500","28,250","28,600","27,100","27,693",-150,-0.53,11.64,322.65,0.00,0.00,11.64,322.65,"64,193.00"
141,03/02/2026,VRE,"28,100","28,500","28,400","29,100","28,100","28,398",300,1.07,7.76,220.31,0.08,2.39,7.84,222.70,"64,533.84"
142,02/02/2026,VRE,"30,200","29,800","28,100","29,900","28,100","28,564","-2,100",-6.95,13.21,376.99,0.00,0.00,13.21,376.99,"63,852.15"
143,30/01/2026,VRE,"30,000","29,900","30,200","30,200","29,500","29,897",200,0.67,6.96,208.11,0.00,0.00,6.96,208.11,"68,624.02"
144,29/01/2026,VRE,"29,100","29,850","30,000","30,000","29,050","29,450",900,3.09,3.83,113.14,0.00,0.00,3.83,113.14,"68,169.55"
145,28/01/2026,VRE,"30,900","30,450","29,100","30,800","28,750","29,301","-1,800",-5.83,14.01,409.28,0.00,0.00,14.01,409.28,"66,124.47"
146,27/01/2026,VRE,"31,000","31,000","30,900","31,000","29,200","29,936",-100,-0.32,10.75,322.23,0.00,0.00,10.75,322.23,"70,214.64"
147,26/01/2026,VRE,"32,400","32,500","31,000","32,500","30,750","31,392","-1,400",-4.32,6.00,188.41,0.00,0.00,6.00,188.41,"70,441.87"
148,23/01/2026,VRE,"31,850","32,150","32,400","33,000","31,850","32,322",550,1.73,7.92,256.19,0.00,0.00,7.92,256.19,"73,623.12"
149,22/01/2026,VRE,"31,250","31,200","31,850","32,150","31,000","31,467",600,1.92,7.25,228.70,0.00,0.00,7.25,228.70,"72,373.34"
150,21/01/2026,VRE,"31,150","31,100","31,250","31,750","31,000","31,387",100,0.32,6.97,218.70,0.28,8.94,7.25,227.64,"71,009.95"
151,20/01/2026,VRE,"32,000","31,650","31,150","32,000","31,000","31,271",-850,-2.66,10.79,337.36,0.23,7.38,11.02,344.74,"70,782.72"
152,19/01/2026,VRE,"32,000","32,550","32,000","32,600","31,150","31,745",0,0.00,8.57,272.31,0.00,0.00,8.57,272.31,"72,714.19"
153,16/01/2026,VRE,"31,450","31,600","32,000","32,500","31,600","32,186",550,1.75,9.25,297.71,0.42,13.37,9.67,311.07,"72,714.19"
154,15/01/2026,VRE,"31,800","31,500","31,450","31,500","29,800","30,461",-350,-1.10,16.48,502.66,0.00,0.00,16.48,502.66,"71,464.41"
155,14/01/2026,VRE,"33,550","33,550","31,800","33,550","31,450","32,171","-1,750",-5.22,16.10,518.61,0.04,1.42,16.15,520.02,"72,259.73"
156,13/01/2026,VRE,"32,600","32,350","33,550","34,450","32,350","33,973",950,2.91,10.56,356.29,0.00,0.00,10.56,356.29,"76,236.28"
157,12/01/2026,VRE,"35,000","34,500","32,600","35,000","32,550","33,168","-2,400",-6.86,25.32,839.67,0.00,0.00,25.32,839.67,"74,077.58"
158,09/01/2026,VRE,"35,900","35,600","35,000","36,050","34,500","35,092",-900,-2.51,15.58,546.01,0.73,25.70,16.31,571.71,"79,531.14"
159,08/01/2026,VRE,"38,550","38,400","35,900","38,500","35,900","36,854","-2,650",-6.87,16.57,608.78,1.28,46.93,17.85,655.70,"81,576.23"
160,07/01/2026,VRE,"38,050","38,800","38,550","39,500","36,600","38,043",500,1.31,11.86,451.85,1.89,71.96,13.75,523.81,"87,597.87"
161,06/01/2026,VRE,"35,600","36,100","38,050","38,050","35,700","37,109","2,450",6.88,21.29,792.08,0.00,0.00,21.29,792.08,"86,461.72"
162,05/01/2026,VRE,"33,650","33,900","35,600","35,850","33,800","34,803","1,950",5.79,13.72,478.62,0.00,0.00,13.72,478.62,"80,894.54"
163,31/12/2025,VRE,"32,800","32,500","33,650","33,800","32,200","33,209",850,2.59,9.57,318.36,0.40,12.13,9.96,330.49,"76,463.51"
164,30/12/2025,VRE,"33,200","33,500","32,800","33,600","32,000","32,508",-400,-1.20,8.84,287.69,0.54,17.27,9.38,304.95,"74,532.04"
165,29/12/2025,VRE,"32,000","32,000","33,200","33,950","31,300","33,149","1,200",3.75,7.57,250.90,0.64,21.13,8.21,272.03,"75,440.97"
166,26/12/2025,VRE,"32,250","30,000","32,000","32,000","30,000","30,363",-250,-0.78,20.93,635.08,0.07,2.03,21.00,637.11,"72,714.19"
167,25/12/2025,VRE,"34,650","34,700","32,250","37,050","32,250","35,948","-2,400",-6.93,17.09,612.37,0.00,0.00,17.09,612.37,"73,282.27"
168,24/12/2025,VRE,"34,250","34,450","34,650","34,750","33,200","34,099",400,1.17,9.10,310.79,0.00,0.00,9.10,310.79,"78,735.83"
169,23/12/2025,VRE,"33,000","32,700","34,250","35,000","32,400","33,856","1,250",3.79,14.88,505.78,0.00,0.00,14.88,505.78,"77,826.91"
170,22/12/2025,VRE,"31,700","31,900","33,000","33,000","31,000","32,034","1,300",4.10,9.66,310.14,0.28,9.00,9.93,319.14,"74,986.51"
171,19/12/2025,VRE,"30,350","30,350","31,700","31,800","30,200","31,141","1,350",4.45,10.55,329.42,0.34,10.17,10.89,339.60,"72,032.49"
172,18/12/2025,VRE,"29,700","29,950","30,350","30,550","29,550","30,138",650,2.19,6.33,190.83,0.11,2.91,6.43,193.74,"68,964.86"
173,17/12/2025,VRE,"29,600","29,550","29,700","30,800","28,950","30,027",100,0.34,8.62,258.51,0.37,11.66,8.99,270.18,"67,487.86"
174,16/12/2025,VRE,"28,900","29,200","29,600","29,600","28,150","28,875",700,2.42,7.81,226.15,0.00,0.00,7.81,226.15,"67,260.62"
175,15/12/2025,VRE,"27,450","27,450","28,900","29,350","27,450","28,750","1,450",5.28,11.73,337.98,0.00,0.00,11.73,337.98,"65,670.00"
176,12/12/2025,VRE,"29,500","30,000","27,450","30,050","27,450","28,599","-2,050",-6.95,14.30,408.12,0.34,9.62,14.64,417.74,"62,375.14"
177,11/12/2025,VRE,"30,000","30,100","29,500","30,700","29,500","29,897",-500,-1.67,8.03,239.84,0.40,11.92,8.43,251.76,"67,033.39"
178,10/12/2025,VRE,"32,000","31,900","30,000","32,000","30,000","30,926","-2,000",-6.25,13.29,410.12,0.00,0.00,13.29,410.12,"68,169.55"
179,09/12/2025,VRE,"32,950","32,950","32,000","33,400","31,300","32,274",-950,-2.88,11.24,362.70,0.20,6.42,11.44,369.12,"72,714.19"
180,08/12/2025,VRE,"33,800","33,800","32,950","34,050","32,800","33,270",-850,-2.51,7.48,248.58,0.00,0.00,7.48,248.58,"74,872.89"
181,05/12/2025,VRE,"34,400","34,400","33,800","34,900","33,750","34,074",-600,-1.74,7.43,253.03,0.00,0.00,7.43,253.03,"76,804.36"
182,04/12/2025,VRE,"34,500","34,200","34,400","34,450","33,800","34,037",-100,-0.29,6.23,212.31,0.39,13.32,6.62,225.63,"78,167.75"
183,03/12/2025,VRE,"34,900","34,850","34,500","34,850","33,850","34,241",-400,-1.15,7.97,273.35,0.16,5.49,8.13,278.84,"78,394.99"
184,02/12/2025,VRE,"34,900","34,900","34,900","34,900","33,600","34,050",0,0.00,10.04,342.56,0.20,6.80,10.24,349.36,"79,303.91"
185,01/12/2025,VRE,"34,250","34,600","34,900","35,700","34,400","34,897",650,1.90,11.79,411.62,2.10,73.38,13.89,485.00,"79,303.91"
186,28/11/2025,VRE,"33,650","33,650","34,250","34,250","33,150","33,645",600,1.78,9.24,311.48,0.30,10.04,9.54,321.52,"77,826.91"
187,27/11/2025,VRE,"33,850","34,100","33,650","34,900","33,650","34,066",-200,-0.59,7.22,245.91,0.91,30.76,8.13,276.66,"76,463.51"
188,26/11/2025,VRE,"33,400","33,500","33,850","34,400","33,350","33,808",450,1.35,7.89,266.79,0.62,21.07,8.52,287.87,"76,917.98"
189,25/11/2025,VRE,"34,450","35,400","33,400","35,400","33,300","34,519","-1,050",-3.05,12.12,418.17,0.00,0.00,12.12,418.17,"75,895.43"
190,24/11/2025,VRE,"32,200","32,300","34,450","34,450","32,250","33,605","2,250",6.99,26.44,895.07,0.00,0.00,26.44,895.07,"78,281.37"
191,21/11/2025,VRE,"32,000","31,800","32,200","32,300","31,500","31,931",200,0.63,5.86,187.29,0.33,10.54,6.19,197.83,"73,168.65"
192,20/11/2025,VRE,"31,600","31,750","32,000","32,450","31,700","32,085",400,1.27,5.23,167.55,0.17,5.45,5.40,173.00,"72,714.19"
193,19/11/2025,VRE,"32,350","32,300","31,600","32,300","31,550","31,870",-750,-2.32,6.88,219.28,0.00,0.00,6.88,219.28,"71,805.26"
194,18/11/2025,VRE,"32,200","32,200","32,350","32,500","32,050","32,242",150,0.47,5.07,163.44,0.00,0.00,5.07,163.44,"73,509.50"
195,17/11/2025,VRE,"32,100","32,250","32,200","33,050","32,050","32,399",100,0.31,7.53,243.76,0.00,0.00,7.53,243.76,"73,168.65"
196,14/11/2025,VRE,"31,950","31,650","32,100","32,100","31,550","31,858",150,0.47,5.61,178.83,0.00,0.00,5.61,178.83,"72,941.42"
197,13/11/2025,VRE,"32,800","32,700","31,950","32,700","31,800","32,154",-850,-2.59,5.90,189.55,0.00,0.00,5.90,189.55,"72,600.57"
198,12/11/2025,VRE,"31,050","31,250","32,800","32,850","31,100","32,027","1,750",5.64,8.25,264.56,0.00,0.00,8.25,264.56,"74,532.04"
199,11/11/2025,VRE,"29,800","29,800","31,050","31,450","29,750","30,762","1,250",4.19,10.44,321.80,0.00,0.00,10.44,321.80,"70,555.49"
200,10/11/2025,VRE,"31,350","31,300","29,800","31,300","29,800","30,609","-1,550",-4.94,8.91,272.36,0.00,0.00,8.91,272.36,"67,715.09"
201,07/11/2025,VRE,"32,000","31,800","31,350","31,850","30,200","31,243",-650,-2.03,14.43,451.13,0.00,0.00,14.43,451.13,"71,237.18"
202,06/11/2025,VRE,"32,500","32,000","32,000","32,550","31,800","32,076",-500,-1.54,8.06,258.61,0.00,0.00,8.06,258.61,"72,714.19"
203,05/11/2025,VRE,"33,500","33,200","32,500","33,300","32,200","32,590","-1,000",-2.99,8.66,282.25,0.00,0.00,8.66,282.25,"73,850.35"
204,04/11/2025,VRE,"31,350","31,350","33,500","33,500","31,350","32,267","2,150",6.86,11.08,357.74,0.16,5.44,11.24,363.18,"76,122.67"
205,03/11/2025,VRE,"33,300","33,250","31,350","33,800","31,350","32,459","-1,950",-5.86,16.29,526.23,0.22,6.95,16.50,533.18,"71,237.18"
206,31/10/2025,VRE,"34,600","34,100","33,300","34,300","32,900","33,453","-1,300",-3.76,15.11,505.00,1.30,44.20,16.41,549.20,"75,668.20"
207,30/10/2025,VRE,"35,950","35,950","34,600","35,950","34,100","34,689","-1,350",-3.76,9.83,340.68,0.02,0.82,9.86,341.50,"78,622.22"
208,29/10/2025,VRE,"36,800","37,100","35,950","37,100","35,050","35,847",-850,-2.31,8.95,321.63,0.00,0.00,8.95,321.63,"81,689.85"
209,28/10/2025,VRE,"36,100","34,750","36,800","37,000","33,600","34,599",700,1.94,28.53,985.22,0.00,0.00,28.53,985.22,"83,621.32"
210,27/10/2025,VRE,"38,800","39,000","36,100","39,750","36,100","37,597","-2,700",-6.96,12.57,472.00,0.00,0.00,12.57,472.00,"82,030.69"
211,24/10/2025,VRE,"39,400","39,200","38,800","39,800","38,100","38,918",-600,-1.52,9.01,350.86,0.00,0.00,9.01,350.86,"88,165.95"
212,23/10/2025,VRE,"39,000","38,900","39,400","39,950","37,600","38,947",400,1.03,10.63,414.50,0.80,31.37,11.43,445.86,"89,529.35"
213,22/10/2025,VRE,"38,800","39,400","39,000","39,400","36,350","37,538",200,0.52,14.61,549.30,0.18,6.76,14.79,556.06,"88,620.42"
214,21/10/2025,VRE,"38,150","38,050","38,800","39,450","36,550","38,336",650,1.70,17.63,676.24,0.00,0.00,17.63,676.24,"88,165.95"
215,20/10/2025,VRE,"41,000","39,500","38,150","41,300","38,150","39,716","-2,850",-6.95,18.98,752.66,0.00,0.00,18.98,752.66,"86,688.95"
216,17/10/2025,VRE,"43,400","43,500","41,000","43,550","40,800","41,888","-2,400",-5.53,20.87,873.64,0.00,0.00,20.87,873.64,"93,165.05"
217,16/10/2025,VRE,"41,900","42,200","43,400","43,500","41,000","42,628","1,500",3.58,17.98,766.84,0.03,1.34,18.01,768.19,"98,618.62"
218,15/10/2025,VRE,"42,750","42,650","41,900","43,050","41,050","41,894",-850,-1.99,19.68,824.96,1.08,45.33,20.77,870.29,"95,210.14"
219,14/10/2025,VRE,"43,000","44,100","42,750","45,200","42,700","43,701",-250,-0.58,32.09,"1,402.31",0.68,29.26,32.77,"1,431.56","97,141.61"
220,13/10/2025,VRE,"40,350","40,400","43,000","43,000","40,350","41,617","2,650",6.57,27.89,"1,161.97",0.36,15.22,28.26,"1,177.18","97,709.69"
221,10/10/2025,VRE,"38,000","38,000","40,350","40,400","37,500","38,435","2,350",6.18,20.03,772.71,0.00,0.00,20.03,772.71,"91,688.05"
222,09/10/2025,VRE,"36,300","36,500","38,000","38,800","36,100","37,794","1,700",4.68,25.69,975.17,0.52,20.13,26.21,995.30,"86,348.10"
223,08/10/2025,VRE,"35,000","35,300","36,300","36,450","34,150","35,233","1,300",3.71,17.30,611.36,0.15,5.29,17.45,616.64,"82,485.16"
224,07/10/2025,VRE,"35,000","36,000","35,000","36,600","35,000","35,818",0,0.00,12.56,449.44,0.25,8.90,12.81,458.34,"79,531.14"
225,06/10/2025,VRE,"32,750","34,500","35,000","35,000","33,300","34,780","2,250",6.87,16.08,561.06,0.00,0.00,16.08,561.06,"79,531.14"
226,03/10/2025,VRE,"31,750","31,750","32,750","33,900","30,600","31,983","1,000",3.15,11.85,380.47,0.00,0.00,11.85,380.47,"74,418.43"
227,02/10/2025,VRE,"33,150","33,200","31,750","33,500","31,750","32,654","-1,400",-4.22,6.93,224.93,0.00,0.00,6.93,224.93,"72,146.11"
228,01/10/2025,VRE,"32,100","32,500","33,150","34,300","32,500","33,654","1,050",3.27,11.52,388.94,0.00,0.00,11.52,388.94,"75,327.36"
229,30/09/2025,VRE,"30,000","30,400","32,100","32,100","30,300","31,710","2,100",7.00,17.46,555.98,0.71,22.59,18.17,578.57,"72,941.42"
230,29/09/2025,VRE,"29,400","29,100","30,000","30,050","28,800","29,677",600,2.04,4.49,133.80,0.12,3.49,4.61,137.29,"68,169.55"
231,26/09/2025,VRE,"29,400","29,450","29,400","29,450","28,800","29,173",0,0.00,3.37,98.54,0.00,0.00,3.37,98.54,"66,806.16"
232,25/09/2025,VRE,"29,000","29,000","29,400","29,550","28,800","29,177",400,1.38,3.10,90.34,0.50,14.61,3.60,104.95,"66,806.16"
233,24/09/2025,VRE,"28,300","28,300","29,000","29,150","27,850","28,330",700,2.47,3.54,100.63,0.06,1.80,3.60,102.43,"65,897.23"
234,23/09/2025,VRE,"28,800","28,500","28,300","28,800","28,300","28,553",-500,-1.74,3.51,99.91,0.00,0.00,3.51,99.91,"64,306.61"
235,22/09/2025,VRE,"29,450","29,600","28,800","29,800","28,400","29,152",-650,-2.21,6.31,183.34,0.00,0.00,6.31,183.34,"65,442.77"
236,19/09/2025,VRE,"30,200","30,300","29,450","30,600","29,450","29,974",-750,-2.48,7.32,217.52,0.00,0.00,7.32,217.52,"66,919.78"
237,18/09/2025,VRE,"30,200","30,050","30,200","31,500","30,050","30,773",0,0.00,6.79,208.73,0.00,0.00,6.79,208.73,"68,624.02"
238,17/09/2025,VRE,"30,600","30,550","30,200","30,900","30,200","30,626",-400,-1.31,4.13,126.48,0.00,0.00,4.13,126.48,"68,624.02"
239,16/09/2025,VRE,"30,650","30,950","30,600","31,100","30,600","30,777",-50,-0.16,2.80,85.96,0.00,0.00,2.80,85.96,"69,532.94"
240,15/09/2025,VRE,"30,750","30,750","30,650","31,100","30,550","30,707",-100,-0.33,3.04,93.28,0.00,0.00,3.04,93.28,"69,646.56"
241,12/09/2025,VRE,"31,100","31,100","30,750","31,300","30,600","30,875",-350,-1.13,2.64,81.30,0.00,0.00,2.64,81.30,"69,873.79"
242,11/09/2025,VRE,"30,600","30,600","31,100","31,750","30,250","30,971",500,1.63,4.98,154.38,0.00,0.00,4.98,154.38,"70,669.10"
243,10/09/2025,VRE,"30,300","30,450","30,600","30,600","30,050","30,328",300,0.99,2.72,82.65,0.00,0.00,2.72,82.65,"69,532.94"
244,09/09/2025,VRE,"30,300","30,300","30,300","30,550","30,100","30,389",0,0.00,2.92,88.77,0.00,0.00,2.92,88.77,"68,851.25"
245,08/09/2025,VRE,"30,300","30,300","30,300","30,850","30,250","30,463",0,0.00,4.19,127.33,0.00,0.00,4.19,127.33,"68,851.25"
246,05/09/2025,VRE,"30,300","30,300","30,300","31,200","30,150","30,733",0,0.00,7.49,230.27,0.00,0.00,7.49,230.27,"68,851.25"
247,04/09/2025,VRE,"30,150","30,400","30,300","30,400","29,900","30,169",150,0.50,4.32,130.14,0.00,0.00,4.32,130.14,"68,851.25"
248,03/09/2025,VRE,"30,400","30,000","30,150","30,300","29,900","30,029",-250,-0.82,6.89,206.79,0.00,0.00,6.89,206.79,"68,510.40"
249,29/08/2025,VRE,"30,700","30,500","30,400","30,750","30,000","30,316",-300,-0.98,9.89,299.64,0.00,0.00,9.89,299.64,"69,078.48"
250,28/08/2025,VRE,"30,600","30,600","30,700","30,750","30,000","30,450",100,0.33,5.27,160.25,0.00,0.00,5.27,160.25,"69,760.18"
251,27/08/2025,VRE,"31,300","31,250","30,600","31,300","30,550","30,788",-700,-2.24,4.51,138.66,0.00,0.00,4.51,138.66,"69,532.94"
252,26/08/2025,VRE,"30,000","30,200","31,300","31,700","29,850","30,848","1,300",4.33,8.90,274.71,0.00,0.00,8.90,274.71,"71,123.57"
253,25/08/2025,VRE,"30,000","30,100","30,000","30,800","29,400","30,143",0,0.00,6.46,194.25,0.00,0.00,6.46,194.25,"68,169.55"
254,22/08/2025,VRE,"30,400","29,850","30,000","30,100","28,650","29,464",-400,-1.32,10.65,314.10,0.00,0.00,10.65,314.10,"68,169.55"
255,21/08/2025,VRE,"30,000","30,000","30,400","30,500","29,500","30,145",400,1.33,7.60,228.84,0.00,0.00,7.60,228.84,"69,078.48"
256,20/08/2025,VRE,"29,950","29,900","30,000","30,700","29,400","30,019",50,0.17,11.05,331.28,0.00,0.00,11.05,331.28,"68,169.55"
257,19/08/2025,VRE,"29,950","29,500","29,950","29,950","29,200","29,465",0,0.00,8.36,247.08,0.00,0.00,8.36,247.08,"68,055.94"
258,18/08/2025,VRE,"30,300","30,200","29,950","30,200","29,300","29,580",-350,-1.16,4.72,139.92,0.00,0.00,4.72,139.92,"68,055.94"
259,15/08/2025,VRE,"30,150","30,250","30,300","31,400","29,550","30,549",150,0.50,8.62,263.04,0.00,0.00,8.62,263.04,"68,851.25"
260,14/08/2025,VRE,"29,450","29,500","30,150","30,400","29,100","29,871",700,2.38,8.27,247.11,0.00,0.00,8.27,247.11,"68,510.40"
261,13/08/2025,VRE,"29,450","29,450","29,450","29,650","28,650","29,123",0,0.00,7.52,219.14,0.00,0.00,7.52,219.14,"66,919.78"
262,12/08/2025,VRE,"29,350","29,350","29,450","29,750","29,350","29,495",100,0.34,4.35,128.12,0.00,0.00,4.35,128.12,"66,919.78"
263,11/08/2025,VRE,"30,000","29,650","29,350","29,900","29,300","29,542",-650,-2.17,4.09,120.89,0.00,0.00,4.09,120.89,"66,692.55"
264,08/08/2025,VRE,"30,500","29,600","30,000","30,250","29,200","29,506",-500,-1.64,8.29,244.81,0.00,0.00,8.29,244.81,"68,169.55"
265,07/08/2025,VRE,"30,100","30,100","30,500","30,500","29,200","29,602",400,1.33,6.15,182.91,0.00,0.00,6.15,182.91,"69,305.71"
266,06/08/2025,VRE,"30,950","30,800","30,100","30,900","29,850","30,268",-850,-2.75,4.81,145.75,0.00,0.00,4.81,145.75,"68,396.78"
267,05/08/2025,VRE,"29,100","29,350","30,950","31,000","29,000","30,123","1,850",6.36,12.35,372.08,2.20,68.42,14.55,440.50,"70,328.25"
268,04/08/2025,VRE,"28,450","28,400","29,100","29,150","28,300","28,857",650,2.28,4.25,122.69,0.73,21.79,4.98,144.49,"66,124.47"
269,01/08/2025,VRE,"28,100","27,900","28,450","28,500","27,750","28,106",350,1.25,3.12,87.94,0.00,0.00,3.12,87.94,"64,647.46"
270,31/07/2025,VRE,"28,100","27,600","28,100","28,400","27,550","28,037",0,0.00,5.57,156.23,0.00,0.00,5.57,156.23,"63,852.15"
271,30/07/2025,VRE,"28,000","27,850","28,100","28,300","27,000","27,649",100,0.36,6.23,172.61,0.00,0.00,6.23,172.61,"63,852.15"
272,29/07/2025,VRE,"29,350","29,400","28,000","29,500","28,000","28,739","-1,350",-4.60,8.02,230.34,0.00,0.00,8.02,230.34,"63,624.92"
273,28/07/2025,VRE,"29,500","29,800","29,350","29,800","29,100","29,460",-150,-0.51,4.28,126.03,0.00,0.00,4.28,126.03,"66,692.55"
274,25/07/2025,VRE,"29,800","29,300","29,500","29,800","29,100","29,435",-300,-1.01,2.34,68.95,0.00,0.00,2.34,68.95,"67,033.39"
275,24/07/2025,VRE,"29,250","29,300","29,800","29,800","28,450","28,958",550,1.88,4.63,134.33,0.00,0.00,4.63,134.33,"67,715.09"
276,23/07/2025,VRE,"30,000","30,000","29,250","30,000","29,250","29,545",-750,-2.50,4.01,118.42,0.67,19.72,4.68,138.14,"66,465.31"
277,22/07/2025,VRE,"29,000","28,750","30,000","30,000","28,500","29,092","1,000",3.45,5.09,148.13,0.05,1.40,5.14,149.53,"68,169.55"
278,21/07/2025,VRE,"29,450","29,450","29,000","29,450","28,800","29,058",-450,-1.53,5.26,152.69,0.86,24.85,6.11,177.54,"65,897.23"
279,18/07/2025,VRE,"29,750","29,800","29,450","30,300","29,050","29,627",-300,-1.01,3.90,115.51,0.00,0.00,3.90,115.51,"66,919.78"
280,17/07/2025,VRE,"28,800","28,850","29,750","29,950","28,500","29,386",950,3.30,8.81,259.17,0.00,0.00,8.81,259.17,"67,601.47"
281,16/07/2025,VRE,"28,150","28,050","28,800","28,800","27,950","28,474",650,2.31,5.86,166.76,0.61,17.38,6.47,184.14,"65,442.77"
282,15/07/2025,VRE,"28,650","28,500","28,150","28,600","28,050","28,257",-500,-1.75,4.65,131.27,0.00,0.00,4.65,131.27,"63,965.76"
283,14/07/2025,VRE,"28,600","28,900","28,650","29,100","27,950","28,575",50,0.17,6.66,190.29,0.00,0.00,6.66,190.29,"65,101.92"
284,11/07/2025,VRE,"28,450","28,700","28,600","28,900","28,050","28,533",150,0.53,7.70,219.74,0.00,0.00,7.70,219.74,"64,988.31"
285,10/07/2025,VRE,"26,800","27,000","28,450","28,500","27,000","27,895","1,650",6.16,13.96,389.37,0.02,0.57,13.98,389.94,"64,647.46"
286,09/07/2025,VRE,"25,800","26,000","26,800","26,800","25,750","26,259","1,000",3.88,7.76,204.18,0.00,0.00,7.76,204.18,"60,898.13"
287,08/07/2025,VRE,"25,500","25,700","25,800","25,800","25,350","25,588",300,1.18,3.44,88.15,0.00,0.00,3.44,88.15,"58,625.81"
288,07/07/2025,VRE,"25,150","25,200","25,500","25,600","25,100","25,338",350,1.39,3.75,94.95,0.00,0.00,3.75,94.95,"57,944.12"
289,04/07/2025,VRE,"25,050","25,100","25,150","25,500","25,050","25,267",100,0.40,4.59,115.91,0.00,0.00,4.59,115.91,"57,148.81"
290,03/07/2025,VRE,"25,200","25,200","25,050","25,200","24,750","24,986",-150,-0.60,6.86,171.26,0.00,0.00,6.86,171.26,"56,921.58"
291,02/07/2025,VRE,"24,800","24,800","25,200","25,350","24,600","25,035",400,1.61,3.83,96.02,0.00,0.00,3.83,96.02,"57,262.42"
292,01/07/2025,VRE,"24,650","24,650","24,800","24,800","24,450","24,600",150,0.61,2.54,62.48,0.00,0.00,2.54,62.48,"56,353.50"
293,30/06/2025,VRE,"24,800","24,800","24,650","24,950","24,550","24,713",-150,-0.60,3.08,76.19,0.05,1.16,3.13,77.35,"56,012.65"
294,27/06/2025,VRE,"24,500","24,500","24,800","24,800","24,350","24,555",300,1.22,3.69,90.65,0.00,0.00,3.69,90.65,"56,353.50"
295,26/06/2025,VRE,"24,650","24,700","24,500","24,800","24,500","24,610",-150,-0.61,2.34,57.57,0.00,0.00,2.34,57.57,"55,671.80"
296,25/06/2025,VRE,"24,900","24,950","24,650","25,250","24,650","24,887",-250,-1.00,4.19,104.12,0.00,0.00,4.19,104.12,"56,012.65"
297,24/06/2025,VRE,"24,750","25,100","24,900","25,300","24,800","25,085",150,0.61,5.02,125.95,0.00,0.00,5.02,125.95,"56,580.73"
298,23/06/2025,VRE,"24,600","24,300","24,750","25,100","23,800","24,527",150,0.61,6.22,152.79,0.54,12.48,6.77,165.27,"56,239.88"
299,20/06/2025,VRE,"24,700","24,700","24,600","24,700","24,250","24,415",-100,-0.40,3.84,93.77,0.00,0.00,3.84,93.77,"55,899.03"
300,19/06/2025,VRE,"24,650","24,500","24,700","24,900","24,400","24,648",50,0.20,3.16,78.00,0.00,0.00,3.16,78.00,"56,126.26"
301,18/06/2025,VRE,"24,550","24,550","24,650","24,800","24,400","24,578",100,0.41,2.18,53.68,0.00,0.00,2.18,53.68,"56,012.65"
302,17/06/2025,VRE,"24,500","24,500","24,550","25,500","24,450","24,855",50,0.20,4.82,120.08,0.00,0.00,4.82,120.08,"55,785.42"
303,16/06/2025,VRE,"24,550","24,550","24,500","24,650","24,100","24,244",-50,-0.20,4.65,112.93,1.88,45.78,6.53,158.71,"55,671.80"
304,13/06/2025,VRE,"25,200","24,800","24,550","25,000","23,800","24,074",-650,-2.58,8.13,197.61,0.00,0.00,8.13,197.61,"55,785.42"
305,12/06/2025,VRE,"26,100","26,200","25,200","26,300","25,200","25,463",-900,-3.45,4.81,122.94,0.00,0.00,4.81,122.94,"57,262.42"
306,11/06/2025,VRE,"26,500","26,500","26,100","26,500","25,450","25,765",-400,-1.51,5.46,140.99,0.16,3.94,5.62,144.93,"59,307.51"
307,10/06/2025,VRE,"25,550","25,000","26,500","26,500","24,950","25,458",950,3.72,8.42,215.20,0.00,0.00,8.42,215.20,"60,216.44"
308,09/06/2025,VRE,"26,500","26,100","25,550","26,400","25,550","26,067",-950,-3.58,6.91,179.61,0.00,0.00,6.91,179.61,"58,057.74"
309,06/06/2025,VRE,"27,000","26,500","26,500","26,850","26,400","26,606",-500,-1.85,6.87,183.06,0.00,0.00,6.87,183.06,"60,216.44"
310,05/06/2025,VRE,"26,950","26,800","27,000","27,000","26,400","26,743",50,0.19,6.68,178.72,0.11,2.90,6.79,181.62,"61,352.60"
311,04/06/2025,VRE,"26,500","26,200","26,950","27,000","26,200","26,883",450,1.70,8.61,229.46,0.00,0.00,8.61,229.46,"61,238.98"
312,03/06/2025,VRE,"26,700","26,450","26,500","27,000","26,100","26,691",-200,-0.75,8.76,233.66,0.00,0.00,8.76,233.66,"60,216.44"
313,02/06/2025,VRE,"27,500","27,100","26,700","27,350","26,250","26,692",-800,-2.91,9.43,251.75,0.00,0.00,9.43,251.75,"60,670.90"
314,30/05/2025,VRE,"27,650","27,650","27,500","27,700","27,000","27,396",-150,-0.54,9.13,250.11,0.90,24.66,10.03,274.77,"62,488.76"
315,29/05/2025,VRE,"26,700","26,800","27,650","27,700","26,800","27,401",950,3.56,16.07,440.62,0.02,0.54,16.09,441.16,"62,829.60"
316,28/05/2025,VRE,"25,300","25,550","26,700","26,800","25,350","26,336","1,400",5.53,16.72,440.45,0.00,0.00,16.72,440.45,"60,670.90"
317,27/05/2025,VRE,"25,500","25,500","25,300","25,750","25,250","25,432",-200,-0.78,11.53,292.94,0.02,0.57,11.55,293.50,"57,489.66"
318,26/05/2025,VRE,"25,650","25,600","25,500","25,650","24,500","25,278",-150,-0.58,8.73,220.79,0.00,0.00,8.73,220.79,"57,944.12"
319,23/05/2025,VRE,"25,350","25,300","25,650","26,100","25,150","25,699",300,1.18,10.96,281.66,0.00,0.00,10.96,281.66,"58,284.97"
320,22/05/2025,VRE,"25,750","25,650","25,350","26,050","25,100","25,563",-400,-1.55,13.50,344.78,0.40,10.22,13.90,355.00,"57,603.27"
321,21/05/2025,VRE,"25,800","26,200","25,750","26,300","25,350","25,688",-50,-0.19,10.76,276.14,0.00,0.00,10.76,276.14,"58,512.20"
322,20/05/2025,VRE,"24,750","24,750","25,800","25,900","24,700","25,560","1,050",4.24,15.40,394.03,0.08,1.88,15.48,395.91,"58,625.81"
323,19/05/2025,VRE,"24,500","24,500","24,750","25,200","24,250","24,678",250,1.02,10.04,247.34,0.00,0.00,10.04,247.34,"56,239.88"
324,16/05/2025,VRE,"24,150","24,100","24,500","24,550","23,600","24,215",350,1.45,13.25,320.83,0.11,2.85,13.37,323.68,"55,671.80"
325,15/05/2025,VRE,"24,700","24,500","24,150","24,500","23,000","23,699",-550,-2.23,28.93,685.86,0.00,0.00,28.93,685.86,"54,876.49"
326,14/05/2025,VRE,"25,400","24,950","24,700","25,500","24,350","25,013",-700,-2.76,12.16,304.32,0.00,0.00,12.16,304.32,"56,126.26"
327,13/05/2025,VRE,"25,500","25,500","25,400","25,500","24,750","25,086",-100,-0.39,11.59,290.76,0.00,0.00,11.59,290.76,"57,716.89"
328,12/05/2025,VRE,"25,000","25,000","25,500","25,600","24,850","25,265",500,2.00,6.97,175.77,0.00,0.00,6.97,175.77,"57,944.12"
329,09/05/2025,VRE,"25,000","24,800","25,000","25,100","24,700","24,946",0,0.00,8.06,201.04,1.14,29.24,9.20,230.28,"56,807.96"
330,08/05/2025,VRE,"24,900","24,800","25,000","25,600","24,650","25,008",100,0.40,8.07,201.65,0.00,0.00,8.07,201.65,"56,807.96"
331,07/05/2025,VRE,"24,900","24,850","24,900","24,950","24,550","24,810",0,0.00,10.30,255.73,0.00,0.00,10.30,255.73,"56,580.73"
332,06/05/2025,VRE,"24,900","24,950","24,900","24,950","24,400","24,790",0,0.00,14.30,354.53,5.30,130.82,19.60,485.35,"56,580.73"
333,05/05/2025,VRE,"23,650","23,550","24,900","24,900","23,450","24,237","1,250",5.29,13.89,336.38,1.60,39.68,15.49,376.06,"56,580.73"
334,29/04/2025,VRE,"23,100","22,900","23,650","23,950","22,200","23,294",550,2.38,19.41,452.07,4.21,98.74,23.62,550.81,"53,740.33"
335,28/04/2025,VRE,"22,800","22,800","23,100","23,500","22,550","23,174",300,1.32,14.34,332.23,0.00,0.00,14.34,332.23,"52,490.56"
336,25/04/2025,VRE,"22,800","22,800","22,800","22,850","22,300","22,687",0,0.00,18.92,429.15,0.06,1.34,18.97,430.48,"51,808.86"
337,24/04/2025,VRE,"21,950","22,000","22,800","23,100","21,800","22,358",850,3.87,16.54,369.87,0.00,0.00,16.54,369.87,"51,808.86"
338,23/04/2025,VRE,"20,600","20,950","21,950","22,000","20,700","21,436","1,350",6.55,26.86,575.76,0.00,0.00,26.86,575.76,"49,877.39"
339,22/04/2025,VRE,"20,400","20,350","20,600","20,600","19,300","20,194",200,0.98,19.58,395.48,0.00,0.00,19.58,395.48,"46,809.76"
340,21/04/2025,VRE,"20,400","20,050","20,400","20,650","20,050","20,378",0,0.00,13.36,272.23,0.00,0.00,13.36,272.23,"46,355.30"
341,18/04/2025,VRE,"20,400","20,450","20,400","21,000","19,550","20,541",0,0.00,19.00,390.22,0.75,15.40,19.75,405.61,"46,355.30"
342,17/04/2025,VRE,"20,400","20,250","20,400","20,600","20,100","20,386",0,0.00,9.66,196.88,1.00,20.45,10.66,217.32,"46,355.30"
343,16/04/2025,VRE,"20,300","20,200","20,400","21,100","20,150","20,641",100,0.49,19.67,406.03,0.00,0.00,19.67,406.03,"46,355.30"
344,15/04/2025,VRE,"20,300","20,300","20,300","20,700","19,950","20,352",0,0.00,19.24,391.56,0.00,0.00,19.24,391.56,"46,128.06"
345,14/04/2025,VRE,"19,400","19,500","20,300","20,350","19,250","20,024",900,4.64,18.45,369.47,0.00,0.00,18.45,369.47,"46,128.06"
346,11/04/2025,VRE,"19,250","19,100","19,400","19,600","18,850","19,232",150,0.78,16.43,315.88,0.00,0.00,16.43,315.88,"44,082.98"
347,10/04/2025,VRE,"18,000","19,250","19,250","19,250","19,250","19,250","1,250",6.94,1.89,36.40,0.02,0.44,1.91,36.84,"43,742.13"
348,09/04/2025,VRE,"17,500","16,500","18,000","18,350","16,500","17,835",500,2.86,24.61,439.01,0.00,0.00,24.61,439.01,"40,901.73"
349,08/04/2025,VRE,"18,800","18,000","17,500","18,150","17,500","17,589","-1,300",-6.91,20.76,365.21,0.00,0.00,20.76,365.21,"39,765.57"
350,04/04/2025,VRE,"18,750","17,450","18,800","18,800","17,450","18,087",50,0.27,27.12,490.50,0.00,0.00,27.12,490.50,"42,719.59"
351,03/04/2025,VRE,"20,150","19,300","18,750","19,600","18,750","19,020","-1,400",-6.95,18.59,353.56,0.00,0.00,18.59,353.56,"42,605.97"
352,02/04/2025,VRE,"20,000","20,200","20,150","20,550","19,900","20,276",150,0.75,22.99,466.04,0.00,0.00,22.99,466.04,"45,787.22"
353,01/04/2025,VRE,"19,150","19,350","20,000","20,100","19,250","19,858",850,4.44,16.46,326.78,0.00,0.00,16.46,326.78,"45,446.37"
354,31/03/2025,VRE,"19,500","19,300","19,150","19,450","19,050","19,245",-350,-1.79,11.54,222.01,0.12,2.38,11.66,224.39,"43,514.90"
355,28/03/2025,VRE,"19,650","19,600","19,500","19,650","19,350","19,487",-150,-0.76,9.35,182.26,0.36,7.00,9.71,189.26,"44,310.21"
356,27/03/2025,VRE,"19,950","19,950","19,650","20,050","19,600","19,845",-300,-1.50,9.65,191.56,0.00,0.00,9.65,191.56,"44,651.06"
357,26/03/2025,VRE,"19,800","19,950","19,950","20,150","19,750","19,931",150,0.76,22.38,446.01,0.00,0.00,22.38,446.01,"45,332.75"
358,25/03/2025,VRE,"19,150","19,200","19,800","20,300","19,100","19,798",650,3.39,30.91,611.92,0.00,0.00,30.91,611.92,"44,991.90"
359,24/03/2025,VRE,"18,450","18,450","19,150","19,200","18,400","18,921",700,3.79,19.77,374.15,0.00,0.00,19.77,374.15,"43,514.90"
360,21/03/2025,VRE,"18,400","18,400","18,450","18,500","18,150","18,376",50,0.27,9.85,181.08,0.00,0.00,9.85,181.08,"41,924.27"
361,20/03/2025,VRE,"18,450","18,500","18,400","18,750","18,300","18,428",-50,-0.27,3.61,66.61,0.00,0.00,3.61,66.61,"41,810.66"
362,19/03/2025,VRE,"18,450","18,350","18,450","18,500","18,100","18,286",0,0.00,11.51,210.44,0.00,0.00,11.51,210.44,"41,924.27"
363,18/03/2025,VRE,"18,700","18,700","18,450","18,800","18,400","18,591",-250,-1.34,12.49,232.19,0.00,0.00,12.49,232.19,"41,924.27"
364,17/03/2025,VRE,"18,750","18,650","18,700","18,800","18,600","18,696",-50,-0.27,9.39,175.60,0.00,0.00,9.39,175.60,"42,492.35"
365,14/03/2025,VRE,"18,800","18,900","18,750","19,100","18,700","18,874",-50,-0.27,11.42,215.59,0.00,0.00,11.42,215.59,"42,605.97"
366,13/03/2025,VRE,"18,300","18,300","18,800","19,200","18,250","18,848",500,2.73,29.81,561.82,0.00,0.00,29.81,561.82,"42,719.59"
367,12/03/2025,VRE,"18,200","18,200","18,300","18,450","18,150","18,317",100,0.55,11.79,215.96,1.43,27.65,13.21,243.60,"41,583.43"
368,11/03/2025,VRE,"18,250","17,900","18,200","18,250","17,700","18,043",-50,-0.27,8.11,146.35,0.00,0.00,8.11,146.35,"41,356.20"
369,10/03/2025,VRE,"18,200","18,350","18,250","18,450","18,200","18,305",50,0.27,8.70,159.19,0.93,17.90,9.62,177.08,"41,469.81"
370,07/03/2025,VRE,"17,850","17,850","18,200","18,500","17,800","18,198",350,1.96,16.87,306.92,0.00,0.00,16.87,306.92,"41,356.20"
371,06/03/2025,VRE,"17,750","17,750","17,850","17,950","17,650","17,829",100,0.56,7.17,127.87,0.00,0.00,7.17,127.87,"40,560.88"
372,05/03/2025,VRE,"17,700","17,700","17,750","18,050","17,600","17,872",50,0.28,12.71,227.10,0.00,0.00,12.71,227.10,"40,333.65"
373,04/03/2025,VRE,"17,700","17,600","17,700","17,800","17,550","17,675",0,0.00,11.25,198.92,0.19,3.50,11.44,202.42,"40,220.04"
374,03/03/2025,VRE,"17,400","17,350","17,700","17,950","17,350","17,699",300,1.72,12.11,214.31,0.00,0.00,12.11,214.31,"40,220.04"
375,28/02/2025,VRE,"17,200","17,250","17,400","17,650","17,200","17,439",200,1.16,11.42,199.09,0.19,3.50,11.61,202.59,"39,538.34"
376,27/02/2025,VRE,"17,150","17,150","17,200","17,200","16,900","17,074",50,0.29,8.01,136.69,0.00,0.00,8.01,136.69,"39,083.88"
377,26/02/2025,VRE,"17,250","17,250","17,150","17,350","17,000","17,150",-100,-0.58,5.28,90.55,0.00,0.00,5.28,90.55,"38,970.26"
378,25/02/2025,VRE,"17,350","17,400","17,250","17,500","17,250","17,367",-100,-0.58,5.84,101.38,0.00,0.00,5.84,101.38,"39,197.49"
379,24/02/2025,VRE,"17,250","17,200","17,350","17,350","17,100","17,239",100,0.58,7.30,125.79,0.00,0.00,7.30,125.79,"39,424.72"
380,21/02/2025,VRE,"17,350","17,350","17,250","17,400","17,100","17,223",-100,-0.58,8.87,152.72,0.00,0.00,8.87,152.72,"39,197.49"
381,20/02/2025,VRE,"17,200","17,250","17,350","17,450","17,250","17,356",150,0.87,10.81,187.66,0.00,0.00,10.81,187.66,"39,424.72"
382,19/02/2025,VRE,"16,850","16,900","17,200","17,300","16,800","17,075",350,2.08,11.28,192.66,0.00,0.00,11.28,192.66,"39,083.88"
383,18/02/2025,VRE,"16,450","16,500","16,850","17,050","16,450","16,821",400,2.43,10.88,183.05,0.00,0.00,10.88,183.05,"38,288.57"
384,17/02/2025,VRE,"16,600","16,600","16,450","16,700","16,400","16,525",-150,-0.90,6.73,111.26,2.34,36.11,9.07,147.37,"37,379.64"
385,14/02/2025,VRE,"16,650","16,700","16,600","16,800","16,550","16,676",-50,-0.30,5.34,89.01,0.00,0.00,5.34,89.01,"37,720.49"
386,13/02/2025,VRE,"16,400","16,400","16,650","16,700","16,400","16,543",250,1.52,4.32,71.52,0.00,0.00,4.32,71.52,"37,834.10"
387,12/02/2025,VRE,"16,400","16,550","16,400","16,600","16,400","16,462",0,0.00,2.71,44.66,0.00,0.00,2.71,44.66,"37,266.02"
388,11/02/2025,VRE,"16,600","16,600","16,400","16,600","16,300","16,435",-200,-1.20,6.50,106.86,0.00,0.00,6.50,106.86,"37,266.02"
389,10/02/2025,VRE,"16,850","16,700","16,600","16,750","16,550","16,644",-250,-1.48,5.38,89.57,0.00,0.00,5.38,89.57,"37,720.49"
390,07/02/2025,VRE,"16,700","16,650","16,850","16,900","16,600","16,800",150,0.90,6.19,103.91,0.00,0.00,6.19,103.91,"38,288.57"
391,06/02/2025,VRE,"16,850","16,900","16,700","16,900","16,700","16,750",-150,-0.89,3.81,63.73,0.00,0.00,3.81,63.73,"37,947.72"
392,05/02/2025,VRE,"16,300","16,350","16,850","17,100","16,350","16,816",550,3.37,13.55,227.88,0.00,0.00,13.55,227.88,"38,288.57"
393,04/02/2025,VRE,"16,300","16,300","16,300","16,400","16,200","16,298",0,0.00,4.43,72.21,0.35,5.79,4.78,78.00,"37,038.79"
394,03/02/2025,VRE,"16,550","16,500","16,300","16,500","16,150","16,297",-250,-1.51,6.10,99.47,0.00,0.00,6.10,99.47,"37,038.79"
395,24/01/2025,VRE,"16,450","16,450","16,550","16,650","16,300","16,468",100,0.61,5.33,87.69,0.35,6.16,5.68,93.85,"37,606.87"
396,23/01/2025,VRE,"16,300","16,200","16,450","16,500","16,200","16,363",150,0.92,4.63,75.71,0.10,1.74,4.73,77.45,"37,379.64"
397,22/01/2025,VRE,"16,600","16,600","16,300","16,600","16,300","16,401",-300,-1.81,3.21,52.58,0.00,0.00,3.21,52.58,"37,038.79"
398,21/01/2025,VRE,"16,600","16,750","16,600","16,750","16,500","16,589",0,0.00,3.53,58.55,0.51,8.40,4.04,66.95,"37,720.49"
399,20/01/2025,VRE,"16,550","16,500","16,600","16,850","16,500","16,639",50,0.30,6.90,114.82,0.00,0.00,6.90,114.82,"37,720.49"
400,17/01/2025,VRE,"16,550","16,500","16,550","16,600","16,450","16,523",0,0.00,4.43,73.24,1.12,18.47,5.55,91.71,"37,606.87"
401,16/01/2025,VRE,"16,500","16,350","16,550","16,700","16,350","16,536",50,0.30,6.72,111.13,0.02,0.33,6.74,111.46,"37,606.87"
402,15/01/2025,VRE,"16,100","16,200","16,500","16,500","16,100","16,281",400,2.48,8.23,133.95,0.00,0.00,8.23,133.95,"37,493.25"
403,14/01/2025,VRE,"16,700","16,650","16,100","16,650","16,100","16,347",-600,-3.59,6.58,107.62,0.00,0.00,6.58,107.62,"36,584.33"
404,13/01/2025,VRE,"16,850","16,800","16,700","16,850","16,500","16,651",-150,-0.89,4.77,79.49,0.00,0.00,4.77,79.49,"37,947.72"
405,10/01/2025,VRE,"17,000","17,000","16,850","17,050","16,650","16,831",-150,-0.88,8.90,149.75,0.00,0.00,8.90,149.75,"38,288.57"
406,09/01/2025,VRE,"16,950","16,900","17,000","17,150","16,800","16,927",50,0.29,3.34,56.60,0.00,0.00,3.34,56.60,"38,629.41"
407,08/01/2025,VRE,"16,950","16,900","16,950","16,950","16,800","16,864",0,0.00,3.27,55.07,0.31,5.61,3.58,60.68,"38,515.80"
408,07/01/2025,VRE,"17,150","17,050","16,950","17,150","16,800","16,949",-200,-1.17,7.22,122.45,0.00,0.00,7.22,122.45,"38,515.80"
409,06/01/2025,VRE,"17,200","17,200","17,150","17,250","17,000","17,133",-50,-0.29,4.48,76.77,0.10,1.60,4.58,78.37,"38,970.26"
410,03/01/2025,VRE,"17,300","17,350","17,200","17,450","17,150","17,261",-100,-0.58,2.70,46.62,0.31,5.74,3.01,52.36,"39,083.88"
411,02/01/2025,VRE,"17,150","17,200","17,300","17,450","17,200","17,335",150,0.87,6.92,119.88,0.00,0.00,6.92,119.88,"39,311.11"
412,31/12/2024,VRE,"17,150","17,050","17,150","17,300","17,050","17,165",0,0.00,4.65,79.74,0.00,0.00,4.65,79.74,"38,970.26"
413,30/12/2024,VRE,"17,150","17,050","17,150","17,150","17,000","17,085",0,0.00,5.68,97.08,0.02,0.34,5.70,97.42,"38,970.26"
414,27/12/2024,VRE,"17,150","17,200","17,150","17,250","17,000","17,110",0,0.00,5.87,100.35,0.00,0.00,5.87,100.35,"38,970.26"
415,26/12/2024,VRE,"17,300","17,350","17,150","17,450","17,150","17,280",-150,-0.87,3.73,64.40,0.00,0.00,3.73,64.40,"38,970.26"
416,25/12/2024,VRE,"17,050","17,050","17,300","17,500","17,050","17,362",250,1.47,9.44,163.82,0.42,7.14,9.86,170.97,"39,311.11"
417,24/12/2024,VRE,"17,050","17,050","17,050","17,100","16,900","16,983",0,0.00,6.94,117.86,0.00,0.00,6.94,117.86,"38,743.03"
418,23/12/2024,VRE,"17,050","17,150","17,050","17,200","17,000","17,083",0,0.00,4.98,85.01,0.00,0.00,4.98,85.01,"38,743.03"
419,20/12/2024,VRE,"17,050","17,050","17,050","17,150","17,000","17,056",0,0.00,3.57,60.86,1.80,28.98,5.37,89.84,"38,743.03"
420,19/12/2024,VRE,"17,100","17,050","17,050","17,250","16,950","17,066",-50,-0.29,6.41,109.37,0.00,0.00,6.41,109.37,"38,743.03"
421,18/12/2024,VRE,"17,150","17,150","17,100","17,200","17,100","17,136",-50,-0.29,4.50,77.04,1.80,32.67,6.30,109.71,"38,856.64"
422,17/12/2024,VRE,"17,300","17,300","17,150","17,350","17,100","17,175",-150,-0.87,5.73,98.44,0.00,0.00,5.73,98.44,"38,970.26"
423,16/12/2024,VRE,"17,350","17,350","17,300","17,450","17,200","17,298",-50,-0.29,3.47,60.00,1.30,21.13,4.77,81.12,"39,311.11"
424,13/12/2024,VRE,"17,300","17,300","17,350","17,400","17,200","17,307",50,0.29,3.57,61.73,1.30,21.13,4.87,82.86,"39,424.72"
425,12/12/2024,VRE,"17,350","17,500","17,300","17,500","17,300","17,386",-50,-0.29,4.41,76.60,0.02,0.32,4.43,76.93,"39,311.11"
426,11/12/2024,VRE,"17,550","17,600","17,350","17,650","17,350","17,446",-200,-1.14,8.25,143.95,2.60,48.49,10.85,192.44,"39,424.72"
427,10/12/2024,VRE,"17,700","17,700","17,550","17,800","17,500","17,637",-150,-0.85,4.54,80.08,0.00,0.00,4.54,80.08,"39,879.19"
428,09/12/2024,VRE,"17,700","17,700","17,700","17,850","17,700","17,741",0,0.00,4.68,83.06,0.02,0.38,4.70,83.44,"40,220.04"
429,06/12/2024,VRE,"17,850","17,750","17,700","17,900","17,650","17,747",-150,-0.84,6.19,109.84,0.00,0.00,6.19,109.84,"40,220.04"
430,05/12/2024,VRE,"17,300","17,400","17,850","17,900","17,350","17,630",550,3.18,6.62,116.63,0.00,0.00,6.62,116.63,"40,560.88"
431,04/12/2024,VRE,"17,700","17,650","17,300","17,700","17,200","17,432",-400,-2.26,10.72,186.80,0.00,0.00,10.72,186.80,"39,311.11"
432,03/12/2024,VRE,"17,850","17,850","17,700","17,850","17,700","17,744",-150,-0.84,4.71,83.53,0.00,0.00,4.71,83.53,"40,220.04"
433,02/12/2024,VRE,"17,900","17,900","17,850","18,000","17,700","17,801",-50,-0.28,7.00,124.68,0.00,0.00,7.00,124.68,"40,560.88"
434,29/11/2024,VRE,"18,000","17,950","17,900","18,000","17,800","17,863",-100,-0.56,7.80,139.26,0.80,13.44,8.60,152.70,"40,674.50"
435,28/11/2024,VRE,"18,100","18,250","18,000","18,250","17,900","18,064",-100,-0.55,5.08,91.68,0.00,0.00,5.08,91.68,"40,901.73"
436,27/11/2024,VRE,"18,300","18,300","18,100","18,350","18,050","18,147",-200,-1.09,3.68,66.76,0.80,15.56,4.48,82.32,"41,128.96"
437,26/11/2024,VRE,"18,250","18,250","18,300","18,450","18,200","18,342",50,0.27,4.40,80.65,0.00,0.00,4.40,80.65,"41,583.43"
438,25/11/2024,VRE,"18,100","18,100","18,250","18,350","18,100","18,206",150,0.83,4.35,79.11,0.00,0.00,4.35,79.11,"41,469.81"
439,22/11/2024,VRE,"18,200","18,200","18,100","18,300","18,100","18,186",-100,-0.55,5.01,91.13,0.00,0.00,5.01,91.13,"41,128.96"
440,21/11/2024,VRE,"17,900","18,000","18,200","18,200","17,950","18,117",300,1.68,6.40,115.87,0.00,0.00,6.40,115.87,"41,356.20"
441,20/11/2024,VRE,"17,900","17,900","17,900","18,150","17,750","17,947",0,0.00,9.34,167.71,0.00,0.00,9.34,167.71,"40,674.50"
442,19/11/2024,VRE,"18,100","18,100","17,900","18,250","17,900","18,059",-200,-1.10,4.93,89.05,0.00,0.00,4.93,89.05,"40,674.50"
443,18/11/2024,VRE,"18,200","18,200","18,100","18,500","18,100","18,231",-100,-0.55,7.12,129.87,0.00,0.00,7.12,129.87,"41,128.96"
444,15/11/2024,VRE,"18,100","18,150","18,200","18,500","18,050","18,338",100,0.55,10.52,192.83,0.00,0.00,10.52,192.83,"41,356.20"
445,14/11/2024,VRE,"18,100","18,100","18,100","18,650","18,100","18,403",0,0.00,11.40,209.87,0.00,0.00,11.40,209.87,"41,128.96"
446,13/11/2024,VRE,"18,000","18,000","18,100","18,200","17,950","18,088",100,0.56,6.23,112.72,0.00,0.00,6.23,112.72,"41,128.96"
447,12/11/2024,VRE,"18,000","17,850","18,000","18,200","17,850","18,067",0,0.00,4.57,82.58,0.00,0.00,4.57,82.58,"40,901.73"
448,11/11/2024,VRE,"17,950","17,800","18,000","18,000","17,600","17,767",50,0.28,5.98,106.32,0.00,0.00,5.98,106.32,"40,901.73"
449,08/11/2024,VRE,"18,050","18,150","17,950","18,150","17,750","17,921",-100,-0.55,4.49,80.42,0.28,5.05,4.77,85.47,"40,788.12"
450,07/11/2024,VRE,"18,050","18,200","18,050","18,300","18,050","18,118",0,0.00,2.77,50.20,0.00,0.00,2.77,50.20,"41,015.35"
451,06/11/2024,VRE,"17,750","17,900","18,050","18,050","17,800","17,960",300,1.69,2.97,53.36,0.00,0.00,2.97,53.36,"41,015.35"
452,05/11/2024,VRE,"17,700","17,600","17,750","17,850","17,600","17,740",50,0.28,2.63,46.72,0.00,0.00,2.63,46.72,"40,333.65"
453,04/11/2024,VRE,"17,750","17,800","17,700","17,850","17,550","17,689",-50,-0.28,4.92,87.06,0.00,0.00,4.92,87.06,"40,220.04"
454,01/11/2024,VRE,"17,850","17,850","17,750","17,950","17,700","17,776",-100,-0.56,10.57,187.93,0.00,0.00,10.57,187.93,"40,333.65"
455,31/10/2024,VRE,"18,200","18,200","17,850","18,200","17,850","17,940",-350,-1.92,6.93,124.36,0.00,0.00,6.93,124.36,"40,560.88"
456,30/10/2024,VRE,"18,150","18,200","18,200","18,300","18,050","18,162",50,0.28,4.30,78.08,0.00,0.00,4.30,78.08,"41,356.20"
457,29/10/2024,VRE,"18,100","18,150","18,150","18,300","18,100","18,169",50,0.28,3.82,69.33,0.00,0.00,3.82,69.33,"41,242.58"
458,28/10/2024,VRE,"18,150","18,200","18,100","18,250","18,100","18,133",-50,-0.28,3.24,58.80,0.00,0.00,3.24,58.80,"41,128.96"
459,25/10/2024,VRE,"18,150","18,250","18,150","18,300","18,100","18,182",0,0.00,4.77,86.74,0.00,0.00,4.77,86.74,"41,242.58"
460,24/10/2024,VRE,"18,650","18,700","18,150","18,700","18,150","18,322",-500,-2.68,10.65,195.21,0.00,0.00,10.65,195.21,"41,242.58"
461,23/10/2024,VRE,"18,600","18,650","18,650","19,050","18,600","18,752",50,0.27,6.22,116.69,0.00,0.00,6.22,116.69,"42,378.74"
462,22/10/2024,VRE,"19,100","19,100","18,600","19,150","18,550","18,811",-500,-2.62,9.09,170.94,0.00,0.00,9.09,170.94,"42,265.12"
463,21/10/2024,VRE,"18,750","18,800","19,100","19,300","18,750","19,121",350,1.87,11.49,219.68,0.00,0.00,11.49,219.68,"43,401.28"
464,18/10/2024,VRE,"18,750","18,950","18,750","19,100","18,750","18,896",0,0.00,5.08,96.08,0.00,0.00,5.08,96.08,"42,605.97"
465,17/10/2024,VRE,"18,700","18,700","18,750","18,850","18,600","18,726",50,0.27,5.00,93.65,0.00,0.00,5.00,93.65,"42,605.97"
466,16/10/2024,VRE,"18,800","18,800","18,700","18,900","18,650","18,736",-100,-0.53,4.19,78.41,0.04,0.70,4.23,79.11,"42,492.35"
467,15/10/2024,VRE,"19,150","19,150","18,800","19,200","18,800","18,949",-350,-1.83,6.68,126.67,0.00,0.00,6.68,126.67,"42,719.59"
468,14/10/2024,VRE,"19,000","19,400","19,150","19,600","19,050","19,373",150,0.79,11.56,223.97,0.00,0.00,11.56,223.97,"43,514.90"
469,11/10/2024,VRE,"18,450","18,500","19,000","19,100","18,350","18,889",550,2.98,12.92,244.03,0.00,0.00,12.92,244.03,"43,174.05"
470,10/10/2024,VRE,"18,500","18,600","18,450","18,700","18,450","18,587",-50,-0.27,3.63,67.54,0.00,0.00,3.63,67.54,"41,924.27"
471,09/10/2024,VRE,"18,350","18,300","18,500","18,500","18,250","18,424",150,0.82,3.29,60.65,0.02,0.34,3.31,61.00,"42,037.89"
472,08/10/2024,VRE,"18,250","18,300","18,350","18,400","18,150","18,274",100,0.55,3.23,59.05,0.00,0.00,3.23,59.05,"41,697.04"
473,07/10/2024,VRE,"18,300","18,450","18,250","18,500","18,150","18,358",-50,-0.27,4.88,89.53,0.08,1.39,4.95,90.92,"41,469.81"
474,04/10/2024,VRE,"18,650","18,650","18,300","18,650","18,250","18,462",-350,-1.88,9.50,175.47,0.00,0.00,9.50,175.47,"41,583.43"
475,03/10/2024,VRE,"19,150","19,150","18,650","19,250","18,600","18,932",-500,-2.61,14.46,273.68,0.00,0.00,14.46,273.68,"42,378.74"
476,02/10/2024,VRE,"19,400","19,250","19,150","19,350","19,100","19,205",-250,-1.29,5.08,97.65,0.00,0.00,5.08,97.65,"43,514.90"
477,01/10/2024,VRE,"19,100","19,150","19,400","19,550","19,100","19,371",300,1.57,9.87,191.19,0.00,0.00,9.87,191.19,"44,082.98"
478,30/09/2024,VRE,"19,400","19,400","19,100","19,400","19,100","19,188",-300,-1.55,6.83,131.14,0.00,0.00,6.83,131.14,"43,401.28"
479,27/09/2024,VRE,"19,200","19,300","19,400","19,700","19,150","19,411",200,1.04,11.67,226.58,0.00,0.00,11.67,226.58,"44,082.98"
480,26/09/2024,VRE,"19,100","19,250","19,200","19,400","19,150","19,276",100,0.52,6.64,128.00,0.00,0.00,6.64,128.00,"43,628.51"
481,25/09/2024,VRE,"19,050","19,300","19,100","19,300","19,050","19,150",50,0.26,7.60,145.56,0.03,0.45,7.63,146.01,"43,401.28"
482,24/09/2024,VRE,"19,000","19,050","19,050","19,100","18,900","18,995",50,0.26,5.92,112.43,0.07,1.34,5.99,113.77,"43,287.67"
483,23/09/2024,VRE,"19,500","19,500","19,000","19,550","19,000","19,134",-500,-2.56,10.85,207.52,0.08,1.49,10.92,209.01,"43,174.05"
484,20/09/2024,VRE,"19,450","19,650","19,500","19,750","19,400","19,538",50,0.26,12.86,251.26,0.00,0.00,12.86,251.26,"44,310.21"
485,19/09/2024,VRE,"19,150","19,250","19,450","19,450","19,200","19,357",300,1.57,4.72,91.35,0.00,0.00,4.72,91.35,"44,196.59"
486,18/09/2024,VRE,"19,400","19,450","19,150","19,750","19,150","19,451",-250,-1.29,8.58,166.95,0.04,0.77,8.62,167.72,"43,514.90"
487,17/09/2024,VRE,"18,900","19,000","19,400","19,400","18,900","19,221",500,2.65,6.04,116.03,0.00,0.00,6.04,116.03,"44,082.98"
488,16/09/2024,VRE,"19,300","19,300","18,900","19,400","18,900","19,111",-400,-2.07,5.65,107.89,0.04,0.77,5.69,108.66,"42,946.82"
489,13/09/2024,VRE,"19,000","19,100","19,300","19,400","18,850","19,138",300,1.58,4.99,95.44,0.00,0.00,4.99,95.44,"43,855.75"
490,12/09/2024,VRE,"19,100","19,300","19,000","19,350","19,000","19,187",-100,-0.52,3.21,61.64,0.28,5.32,3.49,66.96,"43,174.05"
491,11/09/2024,VRE,"19,200","19,200","19,100","19,350","18,600","19,032",-100,-0.52,8.40,159.80,0.00,0.00,8.40,159.80,"43,401.28"
492,10/09/2024,VRE,"20,100","20,200","19,200","20,300","19,050","19,548",-900,-4.48,19.05,372.39,0.00,0.00,19.05,372.39,"43,628.51"
493,09/09/2024,VRE,"20,100","19,950","20,100","20,250","19,850","20,055",0,0.00,7.30,146.47,0.00,0.00,7.30,146.47,"45,673.60"
494,06/09/2024,VRE,"19,700","19,750","20,100","20,100","19,400","19,820",400,2.03,11.27,223.35,0.00,0.00,11.27,223.35,"45,673.60"
495,05/09/2024,VRE,"19,700","19,800","19,700","20,350","19,650","20,002",0,0.00,12.49,249.73,0.00,0.00,12.49,249.73,"44,764.67"
496,04/09/2024,VRE,"19,200","19,000","19,700","19,700","18,850","19,338",500,2.60,11.53,223.01,0.00,0.00,11.53,223.01,"44,764.67"
497,30/08/2024,VRE,"19,250","19,350","19,200","19,450","19,200","19,272",-50,-0.26,7.66,147.59,0.00,0.00,7.66,147.59,"43,628.51"
498,29/08/2024,VRE,"19,500","19,500","19,250","19,750","19,150","19,346",-250,-1.28,12.57,243.22,0.00,0.00,12.57,243.22,"43,742.13"
499,28/08/2024,VRE,"20,050","20,150","19,500","20,200","19,500","19,711",-550,-2.74,12.58,247.87,0.08,1.57,12.66,249.44,"44,310.21"
500,27/08/2024,VRE,"19,850","19,850","20,050","20,650","19,750","20,254",200,1.01,15.09,305.69,0.00,0.00,15.09,305.69,"45,559.98"
501,26/08/2024,VRE,"19,500","19,700","19,850","20,100","19,600","19,901",350,1.79,10.39,206.69,0.08,1.58,10.47,208.26,"45,105.52"
502,23/08/2024,VRE,"19,700","19,800","19,500","19,850","19,400","19,592",-200,-1.02,7.33,143.65,0.00,0.00,7.33,143.65,"44,310.21"
503,22/08/2024,VRE,"18,900","18,900","19,700","20,150","18,900","19,614",800,4.23,22.03,432.05,0.08,1.55,22.11,433.61,"44,764.67"
504,21/08/2024,VRE,"18,750","18,750","18,900","18,900","18,650","18,769",150,0.80,6.21,116.62,0.00,0.00,6.21,116.62,"42,946.82"
505,20/08/2024,VRE,"18,300","18,250","18,750","19,000","18,250","18,780",450,2.46,13.86,260.33,0.08,1.56,13.94,261.89,"42,605.97"
506,19/08/2024,VRE,"18,300","18,450","18,300","18,450","18,200","18,325",0,0.00,6.79,124.39,0.00,0.00,6.79,124.39,"41,583.43"
507,16/08/2024,VRE,"17,800","17,950","18,300","18,450","17,900","18,238",500,2.81,8.62,157.28,0.00,0.00,8.62,157.28,"41,583.43"
508,15/08/2024,VRE,"18,000","18,050","17,800","18,250","17,800","18,036",-200,-1.11,7.87,141.86,0.00,0.00,7.87,141.86,"40,447.27"
509,14/08/2024,VRE,"17,450","17,500","18,000","18,150","17,500","17,882",550,3.15,12.34,220.62,0.00,0.00,12.34,220.62,"40,901.73"
510,13/08/2024,VRE,"17,400","17,400","17,450","17,700","17,350","17,485",50,0.29,4.21,73.56,0.00,0.00,4.21,73.56,"39,651.96"
511,12/08/2024,VRE,"17,500","17,450","17,400","17,650","17,250","17,435",-100,-0.57,4.95,86.31,0.00,0.00,4.95,86.31,"39,538.34"
512,09/08/2024,VRE,"17,650","17,800","17,500","17,800","17,350","17,520",-150,-0.85,4.71,82.56,0.00,0.00,4.71,82.56,"39,765.57"
513,08/08/2024,VRE,"18,000","17,900","17,650","18,000","17,450","17,624",-350,-1.94,8.49,149.63,0.00,0.00,8.49,149.63,"40,106.42"
514,07/08/2024,VRE,"17,000","17,700","18,000","18,150","17,650","18,062","1,000",5.88,21.45,387.45,0.02,0.34,21.47,387.78,"40,901.73"
515,06/08/2024,VRE,"16,800","17,000","17,000","17,200","16,700","16,963",200,1.19,12.01,203.64,0.07,1.17,12.08,204.81,"38,629.41"
516,05/08/2024,VRE,"17,950","17,750","16,800","17,850","16,800","17,255","-1,150",-6.41,13.63,235.12,0.72,12.16,14.35,247.28,"38,174.95"
517,02/08/2024,VRE,"18,200","17,950","17,950","18,150","17,750","17,915",-250,-1.37,9.31,166.74,0.00,0.00,9.31,166.74,"40,788.12"
518,01/08/2024,VRE,"18,600","18,650","18,200","18,850","17,800","18,269",-400,-2.15,13.06,238.52,0.07,1.31,13.13,239.83,"41,356.20"
519,31/07/2024,VRE,"18,750","18,800","18,600","19,100","18,550","18,787",-150,-0.80,6.99,131.29,0.00,0.00,6.99,131.29,"42,265.12"
520,30/07/2024,VRE,"18,950","18,850","18,750","18,950","18,550","18,734",-200,-1.06,10.13,189.79,0.06,1.17,10.19,190.96,"42,605.97"
521,29/07/2024,VRE,"19,300","19,400","18,950","19,550","18,950","19,146",-350,-1.81,9.49,181.68,0.00,0.00,9.49,181.68,"43,060.43"
522,26/07/2024,VRE,"19,700","19,800","19,300","19,850","19,200","19,478",-400,-2.03,14.28,278.06,0.06,1.18,14.34,279.24,"43,855.75"
523,25/07/2024,VRE,"20,150","20,100","19,700","20,450","19,700","20,071",-450,-2.23,14.31,287.22,0.00,0.00,14.31,287.22,"44,764.67"
524,24/07/2024,VRE,"20,050","20,050","20,150","20,200","19,800","19,999",100,0.50,5.26,105.20,0.00,0.00,5.26,105.20,"45,787.22"
525,23/07/2024,VRE,"20,050","20,250","20,050","20,400","19,950","20,173",0,0.00,8.86,178.71,0.05,0.93,8.91,179.65,"45,559.98"
526,22/07/2024,VRE,"19,900","19,900","20,050","20,150","19,600","19,869",150,0.75,7.59,150.75,0.30,6.00,7.89,156.75,"45,559.98"
527,19/07/2024,VRE,"20,150","20,250","19,900","20,300","19,850","20,043",-250,-1.24,5.27,105.71,0.00,0.00,5.27,105.71,"45,219.14"
528,18/07/2024,VRE,"19,750","19,800","20,150","20,150","19,600","19,828",400,2.03,9.70,192.32,0.00,0.00,9.70,192.32,"45,787.22"
529,17/07/2024,VRE,"20,200","20,300","19,750","20,350","19,750","20,014",-450,-2.23,17.51,350.47,0.00,0.00,17.51,350.47,"44,878.29"
530,16/07/2024,VRE,"20,350","20,400","20,200","20,550","20,150","20,309",-150,-0.74,10.32,209.69,0.00,0.00,10.32,209.69,"45,900.83"
531,15/07/2024,VRE,"20,750","20,900","20,350","20,950","20,350","20,532",-400,-1.93,11.25,230.96,0.00,0.00,11.25,230.96,"46,241.68"
532,12/07/2024,VRE,"20,700","20,750","20,750","21,250","20,650","20,903",50,0.24,8.55,178.62,0.00,0.00,8.55,178.62,"47,150.61"
533,11/07/2024,VRE,"20,550","20,700","20,700","21,050","20,650","20,845",150,0.73,9.05,188.63,0.00,0.00,9.05,188.63,"47,036.99"
534,10/07/2024,VRE,"20,500","20,600","20,550","21,050","20,550","20,765",50,0.24,9.61,199.49,0.00,0.00,9.61,199.49,"46,696.14"
535,09/07/2024,VRE,"20,300","20,300","20,500","20,700","20,200","20,508",200,0.99,10.56,216.66,0.00,0.00,10.56,216.66,"46,582.53"
536,08/07/2024,VRE,"20,800","20,800","20,300","20,800","20,300","20,470",-500,-2.40,18.45,377.62,0.00,0.00,18.45,377.62,"46,128.06"
537,05/07/2024,VRE,"21,250","21,400","20,800","21,400","20,700","20,911",-450,-2.12,19.51,407.95,0.00,0.00,19.51,407.95,"47,264.22"
538,04/07/2024,VRE,"21,300","21,300","21,250","21,700","21,100","21,401",-50,-0.23,11.94,255.47,0.00,0.00,11.94,255.48,"48,286.77"
539,03/07/2024,VRE,"21,700","21,550","21,300","21,600","20,950","21,207",-400,-1.84,34.02,721.43,0.00,0.00,34.02,721.43,"48,400.38"
540,02/07/2024,VRE,"21,850","21,900","21,700","22,000","21,600","21,750",-150,-0.69,8.41,182.97,0.00,0.00,8.41,182.97,"49,309.31"
541,01/07/2024,VRE,"20,450","20,700","21,850","21,850","20,600","21,346","1,400",6.85,13.75,293.46,0.00,0.00,13.75,293.46,"49,650.16"
542,28/06/2024,VRE,"20,400","20,400","20,450","21,200","20,400","20,789",50,0.25,12.79,265.94,0.00,0.00,12.79,265.94,"46,468.91"
543,27/06/2024,VRE,"20,800","20,800","20,400","20,950","20,350","20,568",-400,-1.92,7.61,156.58,0.00,0.00,7.61,156.58,"46,355.30"
544,26/06/2024,VRE,"21,300","21,500","20,800","21,500","20,750","20,989",-500,-2.35,5.89,123.57,0.05,0.95,5.93,124.52,"47,264.22"
545,25/06/2024,VRE,"19,950","20,100","21,300","21,300","20,050","21,091","1,350",6.77,25.46,537.05,0.00,0.00,25.46,537.05,"48,400.38"
546,24/06/2024,VRE,"20,000","19,900","19,950","20,500","19,900","20,098",-50,-0.25,10.15,203.92,0.05,0.95,10.19,204.87,"45,332.75"
547,21/06/2024,VRE,"20,250","20,250","20,000","20,300","19,850","19,993",-250,-1.23,12.27,245.21,0.00,0.00,12.27,245.21,"45,446.37"
548,20/06/2024,VRE,"20,650","20,600","20,250","20,800","20,050","20,329",-400,-1.94,12.66,257.40,0.00,0.00,12.66,257.40,"46,014.45"
549,19/06/2024,VRE,"21,100","21,150","20,650","21,200","20,650","20,807",-450,-2.13,10.53,219.08,0.00,0.00,10.53,219.08,"46,923.38"
550,18/06/2024,VRE,"21,150","21,250","21,100","21,350","21,100","21,182",-50,-0.24,6.16,130.53,0.00,0.00,6.16,130.53,"47,945.92"
551,17/06/2024,VRE,"21,450","21,600","21,150","21,600","21,100","21,247",-300,-1.40,8.66,184.05,0.00,0.00,8.66,184.05,"48,059.53"
552,14/06/2024,VRE,"21,700","21,800","21,450","21,850","21,450","21,617",-250,-1.15,10.38,224.28,0.00,0.00,10.38,224.28,"48,741.23"
553,13/06/2024,VRE,"21,850","21,900","21,700","22,050","21,600","21,757",-150,-0.69,8.89,193.53,0.00,0.00,8.89,193.53,"49,309.31"
554,12/06/2024,VRE,"21,700","21,700","21,850","21,950","21,600","21,742",150,0.69,8.00,173.92,0.00,0.00,8.00,173.92,"49,650.16"
555,11/06/2024,VRE,"22,100","22,150","21,700","22,250","21,650","21,806",-400,-1.81,11.75,256.17,0.00,0.00,11.75,256.17,"49,309.31"
556,10/06/2024,VRE,"22,200","22,300","22,100","22,450","22,050","22,233",-100,-0.45,5.86,130.18,0.00,0.00,5.86,130.18,"50,218.24"
557,07/06/2024,VRE,"22,500","22,500","22,200","22,600","22,200","22,319",-300,-1.33,6.50,145.09,0.00,0.00,6.50,145.09,"50,445.47"
558,06/06/2024,VRE,"22,500","22,700","22,500","22,800","22,200","22,512",0,0.00,6.31,142.03,0.00,0.00,6.31,142.03,"51,127.16"
559,05/06/2024,VRE,"22,100","22,200","22,500","22,800","22,150","22,501",400,1.81,9.51,214.05,0.00,0.00,9.51,214.05,"51,127.16"
560,04/06/2024,VRE,"22,300","22,400","22,100","22,450","22,050","22,203",-200,-0.90,4.85,107.64,0.00,0.00,4.85,107.64,"50,218.24"
561,03/06/2024,VRE,"21,750","21,950","22,300","22,450","21,950","22,210",550,2.53,7.07,157.01,0.05,1.08,7.12,158.09,"50,672.70"
562,31/05/2024,VRE,"21,600","22,100","21,750","22,100","21,650","21,786",150,0.69,5.37,116.91,0.00,0.00,5.37,116.91,"49,422.93"
563,30/05/2024,VRE,"22,150","22,100","21,600","22,100","21,600","21,785",-550,-2.48,11.22,244.51,0.05,1.09,11.27,245.60,"49,082.08"
564,29/05/2024,VRE,"22,450","22,500","22,150","22,500","22,100","22,238",-300,-1.34,7.46,165.98,0.02,0.44,7.48,166.42,"50,331.85"
565,28/05/2024,VRE,"22,300","22,350","22,450","22,550","22,300","22,400",150,0.67,3.62,80.99,0.00,0.00,3.62,80.99,"51,013.55"
566,27/05/2024,VRE,"22,300","22,300","22,300","22,400","22,200","22,281",0,0.00,4.55,101.44,0.07,1.58,4.62,103.02,"50,672.70"
567,24/05/2024,VRE,"23,000","22,900","22,300","22,900","22,050","22,504",-700,-3.04,14.28,321.28,0.05,1.16,14.33,322.45,"50,672.70"
568,23/05/2024,VRE,"23,150","23,000","23,000","23,200","22,750","22,930",-150,-0.65,5.81,133.19,0.05,1.15,5.86,134.34,"52,263.32"
569,22/05/2024,VRE,"23,150","23,100","23,150","23,700","23,100","23,408",0,0.00,13.07,305.96,0.05,1.17,13.12,307.13,"52,604.17"
570,21/05/2024,VRE,"22,850","22,900","23,150","23,250","22,700","23,012",300,1.31,9.30,214.02,0.06,1.35,9.36,215.37,"52,604.17"
571,20/05/2024,VRE,"23,100","23,250","22,850","23,550","22,850","23,096",-250,-1.08,6.02,139.03,0.00,0.00,6.02,139.03,"51,922.48"
572,17/05/2024,VRE,"22,650","22,700","23,100","23,250","22,500","22,966",450,1.99,10.95,251.51,0.11,2.50,11.06,254.01,"52,490.56"
573,16/05/2024,VRE,"22,350","22,500","22,650","22,800","22,450","22,638",300,1.34,6.05,136.95,0.00,0.00,6.05,136.95,"51,468.01"
574,15/05/2024,VRE,"22,250","22,300","22,350","22,400","22,150","22,307",100,0.45,5.43,121.05,0.13,3.04,5.56,124.10,"50,786.32"
575,14/05/2024,VRE,"22,250","22,800","22,250","22,850","22,150","22,429",0,0.00,5.08,113.83,0.00,0.00,5.08,113.83,"50,559.08"
576,13/05/2024,VRE,"22,500","22,500","22,250","22,600","22,100","22,303",-250,-1.11,4.56,101.64,0.00,0.00,4.56,101.64,"50,559.08"
577,10/05/2024,VRE,"22,850","22,900","22,500","23,000","22,300","22,521",-350,-1.53,7.42,167.20,0.00,0.00,7.42,167.20,"51,127.16"
578,09/05/2024,VRE,"23,200","23,150","22,850","23,400","22,850","23,015",-350,-1.51,5.07,116.58,0.02,0.47,5.09,117.05,"51,922.48"
579,08/05/2024,VRE,"23,350","23,300","23,200","23,350","22,850","23,049",-150,-0.64,7.71,177.74,0.05,1.08,7.76,178.82,"52,717.79"
580,07/05/2024,VRE,"23,350","23,350","23,350","23,600","22,850","23,099",0,0.00,6.72,155.29,1.74,40.68,8.47,195.97,"53,058.63"
581,06/05/2024,VRE,"23,400","23,500","23,350","23,500","23,000","23,228",-50,-0.21,8.15,189.27,1.72,40.32,9.87,229.59,"53,058.63"
582,03/05/2024,VRE,"22,750","22,850","23,400","23,650","22,750","23,346",650,2.86,13.04,304.33,0.00,0.00,13.04,304.33,"53,172.25"
583,02/05/2024,VRE,"22,450","22,450","22,750","22,800","22,350","22,585",300,1.34,6.04,136.52,0.00,0.00,6.04,136.52,"51,695.24"
584,26/04/2024,VRE,"22,550","22,200","22,450","22,600","22,000","22,276",-100,-0.44,7.64,170.14,0.00,0.00,7.64,170.14,"51,013.55"
585,25/04/2024,VRE,"22,550","22,350","22,550","22,600","22,100","22,281",0,0.00,4.17,92.96,0.00,0.00,4.17,92.96,"51,240.78"
586,24/04/2024,VRE,"21,900","22,200","22,550","22,650","22,050","22,367",650,2.97,5.63,125.94,0.00,0.00,5.63,125.94,"51,240.78"
587,23/04/2024,VRE,"22,400","22,200","21,900","22,500","21,600","22,031",-500,-2.23,4.86,107.08,0.00,0.00,4.86,107.08,"49,763.77"
588,22/04/2024,VRE,"21,300","21,600","22,400","22,600","21,500","22,144","1,100",5.16,7.08,156.74,0.00,0.00,7.08,156.74,"50,899.93"
589,19/04/2024,VRE,"22,000","21,650","21,300","21,950","21,050","21,542",-700,-3.18,8.59,185.06,0.00,0.00,8.59,185.06,"48,400.38"
590,17/04/2024,VRE,"22,200","22,400","22,000","22,750","21,850","22,201",-200,-0.90,7.30,162.12,0.05,1.07,7.35,163.20,"49,991.01"
591,16/04/2024,VRE,"22,500","22,400","22,200","22,650","21,900","22,256",-300,-1.33,12.88,286.56,0.00,0.00,12.88,286.56,"50,445.47"
592,15/04/2024,VRE,"24,150","23,850","22,500","24,050","22,500","23,241","-1,650",-6.83,13.82,321.27,0.00,0.00,13.82,321.27,"51,127.16"
593,12/04/2024,VRE,"23,900","23,950","24,150","24,400","23,950","24,160",250,1.05,3.56,85.91,0.00,0.00,3.56,85.91,"54,876.49"
594,11/04/2024,VRE,"24,250","23,950","23,900","24,100","23,800","23,976",-350,-1.44,3.36,80.55,0.00,0.00,3.36,80.55,"54,308.41"
595,10/04/2024,VRE,"24,200","24,250","24,250","24,700","24,200","24,413",50,0.21,4.86,118.58,0.00,0.00,4.86,118.58,"55,103.72"
596,09/04/2024,VRE,"23,600","23,650","24,200","24,300","23,650","24,003",600,2.54,6.49,155.71,0.00,0.00,6.49,155.71,"54,990.11"
597,08/04/2024,VRE,"24,700","24,800","23,600","24,850","23,600","24,101","-1,100",-4.45,14.77,355.88,0.00,0.00,14.77,355.88,"53,626.71"
598,05/04/2024,VRE,"25,300","25,100","24,700","25,100","24,700","24,858",-600,-2.37,8.28,205.71,0.35,8.99,8.63,214.71,"56,126.26"
599,04/04/2024,VRE,"25,500","25,800","25,300","25,800","25,250","25,414",-200,-0.78,5.58,141.80,0.00,0.00,5.58,141.80,"57,489.66"
600,03/04/2024,VRE,"25,550","25,550","25,500","26,050","25,500","25,766",-50,-0.20,6.53,168.33,0.00,0.00,6.53,168.33,"57,944.12"
601,02/04/2024,VRE,"25,700","25,700","25,550","25,750","25,350","25,515",-150,-0.58,7.71,196.78,0.10,2.55,7.81,199.33,"58,057.74"
602,01/04/2024,VRE,"25,850","25,900","25,700","26,100","25,650","25,807",-150,-0.58,5.89,151.90,0.00,0.00,5.89,151.90,"58,398.58"
603,29/03/2024,VRE,"25,650","25,950","25,850","25,950","25,500","25,683",200,0.78,5.02,128.90,0.12,3.13,5.14,132.03,"58,739.43"
604,28/03/2024,VRE,"25,950","26,000","25,650","26,400","25,650","25,887",-300,-1.16,14.61,378.25,0.30,8.01,14.91,386.26,"58,284.97"
605,27/03/2024,VRE,"26,400","26,350","25,950","26,400","25,900","26,076",-450,-1.70,5.85,152.51,0.07,2.03,5.92,154.54,"58,966.66"
606,26/03/2024,VRE,"26,050","26,050","26,400","26,450","25,000","25,970",350,1.34,7.34,190.65,0.31,8.28,7.65,198.94,"59,989.21"
607,25/03/2024,VRE,"26,700","26,500","26,050","26,950","25,950","26,345",-650,-2.43,8.94,235.61,0.07,1.91,9.02,237.52,"59,193.89"
608,22/03/2024,VRE,"26,950","27,150","26,700","27,200","26,450","26,678",-250,-0.93,10.06,268.34,0.07,1.89,10.12,270.22,"60,670.90"
609,21/03/2024,VRE,"26,350","26,700","26,950","27,150","26,350","26,775",600,2.28,12.50,334.73,0.48,13.15,12.98,347.88,"61,238.98"
610,20/03/2024,VRE,"26,750","26,900","26,350","26,900","26,100","26,345",-400,-1.50,11.62,306.19,0.07,1.70,11.69,307.89,"59,875.59"
611,19/03/2024,VRE,"27,550","28,500","26,750","28,750","26,700","27,518",-800,-2.90,16.11,443.33,0.04,1.06,16.15,444.39,"60,784.52"
612,18/03/2024,VRE,"25,750","25,850","27,550","27,550","25,000","26,817","1,800",6.99,34.58,927.40,0.44,11.49,35.02,938.89,"62,602.37"
613,15/03/2024,VRE,"25,900","25,700","25,750","25,800","25,100","25,445",-150,-0.58,11.25,286.32,0.03,0.77,11.28,287.09,"58,512.20"
614,14/03/2024,VRE,"25,900","26,050","25,900","26,400","25,550","26,056",0,0.00,12.35,321.72,0.00,0.00,12.35,321.72,"58,853.05"
615,13/03/2024,VRE,"25,200","25,200","25,900","25,900","24,950","25,314",700,2.78,8.04,203.63,0.00,0.00,8.04,203.63,"58,853.05"
616,12/03/2024,VRE,"24,500","24,500","25,200","25,250","24,450","24,925",700,2.86,10.11,252.04,0.00,0.00,10.11,252.04,"57,262.42"
617,11/03/2024,VRE,"25,400","25,400","24,500","25,550","24,500","25,066",-900,-3.54,11.76,294.77,0.00,0.00,11.76,294.77,"55,671.80"
618,08/03/2024,VRE,"26,000","26,350","25,400","26,350","25,400","25,703",-600,-2.31,10.16,261.02,0.00,0.00,10.16,261.02,"57,716.89"
619,07/03/2024,VRE,"25,850","26,000","26,000","26,250","25,750","25,988",150,0.58,7.95,206.57,0.00,0.00,7.95,206.57,"59,080.28"
620,06/03/2024,VRE,"26,700","26,550","25,850","27,000","25,700","26,196",-850,-3.18,15.58,408.05,0.00,0.00,15.58,408.05,"58,739.43"
621,05/03/2024,VRE,"27,000","27,000","26,700","27,200","26,400","26,647",-300,-1.11,11.48,305.85,0.19,5.08,11.67,310.93,"60,670.90"
622,04/03/2024,VRE,"26,650","26,500","27,000","27,300","26,200","26,798",350,1.31,14.02,375.83,0.03,0.79,14.05,376.62,"61,352.60"
623,01/03/2024,VRE,"26,500","26,600","26,650","26,800","25,850","26,395",150,0.57,13.63,359.73,0.10,2.70,13.73,362.43,"60,557.29"
624,29/02/2024,VRE,"27,800","27,650","26,500","27,650","26,400","26,810","-1,300",-4.68,21.52,576.95,0.00,0.00,21.52,576.95,"60,216.44"
625,28/02/2024,VRE,"26,400","26,800","27,800","27,900","26,300","27,149","1,400",5.30,20.53,557.42,0.58,15.77,21.11,573.20,"63,170.45"
626,27/02/2024,VRE,"26,000","26,700","26,400","26,900","25,550","26,492",400,1.54,11.77,311.82,1.08,28.56,12.85,340.39,"59,989.21"
627,26/02/2024,VRE,"25,450","25,450","26,000","26,500","25,350","26,014",550,2.16,14.17,368.69,0.21,5.27,14.38,373.96,"59,080.28"
628,23/02/2024,VRE,"26,400","26,400","25,450","26,600","25,250","25,969",-950,-3.60,17.92,465.25,0.10,2.50,18.02,467.75,"57,830.50"
629,22/02/2024,VRE,"26,000","25,800","26,400","26,650","25,750","26,110",400,1.54,13.52,352.95,0.50,13.07,14.02,366.02,"59,989.21"
630,21/02/2024,VRE,"25,500","25,600","26,000","26,250","25,000","25,577",500,1.96,21.07,538.95,0.65,16.53,21.72,555.48,"59,080.28"
631,20/02/2024,VRE,"24,050","24,750","25,500","25,700","24,700","25,341","1,450",6.03,25.14,637.20,2.47,62.62,27.61,699.82,"57,944.12"
632,19/02/2024,VRE,"22,500","22,700","24,050","24,050","22,600","23,536","1,550",6.89,23.90,562.47,0.26,6.18,24.16,568.65,"54,649.26"
633,16/02/2024,VRE,"22,000","22,100","22,500","22,700","22,050","22,468",500,2.27,8.59,193.04,0.00,0.00,8.59,193.04,"51,127.16"
634,15/02/2024,VRE,"21,900","22,050","22,000","22,200","21,850","21,996",100,0.46,7.12,156.51,0.00,0.00,7.12,156.51,"49,991.01"
635,07/02/2024,VRE,"21,700","21,700","21,900","21,900","21,600","21,730",200,0.92,6.10,132.56,0.00,0.00,6.10,132.56,"49,763.77"
636,06/02/2024,VRE,"21,800","21,850","21,700","22,050","21,600","21,786",-100,-0.46,7.48,163.05,0.52,11.34,8.00,174.39,"49,309.31"
637,05/02/2024,VRE,"22,300","22,350","21,800","22,400","21,700","22,003",-500,-2.24,13.26,291.86,0.00,0.00,13.26,291.86,"49,536.54"
638,02/02/2024,VRE,"22,650","22,600","22,300","22,700","22,300","22,488",-350,-1.55,6.51,146.29,0.00,0.00,6.51,146.29,"50,672.70"
639,01/02/2024,VRE,"22,450","22,500","22,650","22,700","22,450","22,564",200,0.89,6.89,155.35,0.00,0.00,6.89,155.35,"51,468.01"
640,31/01/2024,VRE,"23,400","23,500","22,450","23,650","22,450","22,841",-950,-4.06,18.08,413.00,0.50,11.70,18.58,424.70,"51,013.55"
641,30/01/2024,VRE,"23,300","23,300","23,400","23,600","23,100","23,270",100,0.43,8.15,189.66,0.00,0.00,8.15,189.66,"53,172.25"
642,29/01/2024,VRE,"23,750","23,750","23,300","23,750","23,300","23,437",-450,-1.89,6.63,155.38,0.00,0.00,6.63,155.38,"52,945.02"
643,26/01/2024,VRE,"23,800","23,950","23,750","23,950","23,550","23,711",-50,-0.21,5.33,126.39,1.50,36.95,6.83,163.34,"53,967.56"
644,25/01/2024,VRE,"23,950","23,950","23,800","24,000","23,750","23,839",-150,-0.63,3.44,82.01,3.00,72.75,6.44,154.76,"54,081.18"
645,24/01/2024,VRE,"23,750","23,750","23,950","24,300","23,700","23,957",200,0.84,8.33,199.56,3.00,72.38,11.33,271.94,"54,422.03"
646,23/01/2024,VRE,"23,900","23,950","23,750","23,950","23,550","23,710",-150,-0.63,5.53,131.19,4.35,104.75,9.88,235.94,"53,967.56"
647,22/01/2024,VRE,"23,850","24,000","23,900","24,000","23,700","23,888",50,0.21,5.64,134.70,6.25,150.35,11.89,285.05,"54,308.41"
648,19/01/2024,VRE,"23,550","23,600","23,850","24,200","23,600","23,885",300,1.27,6.54,156.17,4.67,111.48,11.21,267.65,"54,194.79"
649,18/01/2024,VRE,"23,300","23,300","23,550","23,550","23,200","23,412",250,1.07,6.89,161.29,0.50,11.71,7.39,173.00,"53,513.10"
650,17/01/2024,VRE,"23,100","23,100","23,300","23,400","23,050","23,260",200,0.87,4.90,113.99,0.60,13.95,5.50,127.94,"52,945.02"
651,16/01/2024,VRE,"22,950","22,950","23,100","23,100","22,850","22,986",150,0.65,2.67,61.29,0.00,0.00,2.67,61.29,"52,490.56"
652,15/01/2024,VRE,"23,100","23,250","22,950","23,350","22,950","23,110",-150,-0.65,2.40,55.40,0.00,0.00,2.40,55.40,"52,149.71"
653,12/01/2024,VRE,"23,450","23,300","23,100","23,300","22,900","23,089",-350,-1.49,5.98,138.17,0.30,7.05,6.28,145.22,"52,490.56"
654,11/01/2024,VRE,"23,300","23,350","23,450","23,650","23,300","23,453",150,0.64,3.88,90.99,0.50,11.73,4.38,102.72,"53,285.87"
655,10/01/2024,VRE,"23,350","23,350","23,300","23,500","23,200","23,312",-50,-0.21,3.46,80.74,0.30,7.05,3.76,87.79,"52,945.02"
656,09/01/2024,VRE,"23,700","23,700","23,350","23,800","23,350","23,467",-350,-1.48,4.82,113.00,1.00,23.46,5.82,136.46,"53,058.63"
657,08/01/2024,VRE,"23,350","23,350","23,700","24,100","23,350","23,792",350,1.50,7.66,182.28,0.40,9.52,8.06,191.79,"53,853.95"
658,05/01/2024,VRE,"23,400","23,550","23,350","23,550","23,100","23,270",-50,-0.21,3.30,76.81,0.00,0.00,3.30,76.81,"53,058.63"
659,04/01/2024,VRE,"23,250","23,250","23,400","23,600","23,250","23,443",150,0.65,4.79,112.37,0.00,0.00,4.79,112.37,"53,172.25"
660,03/01/2024,VRE,"23,100","23,000","23,250","23,300","22,900","23,133",150,0.65,2.68,61.96,0.00,0.00,2.68,61.96,"52,831.40"
661,02/01/2024,VRE,"23,300","23,500","23,100","23,550","23,050","23,245",-200,-0.86,4.42,102.77,0.00,0.00,4.42,102.77,"52,490.56"
662,29/12/2023,VRE,"23,500","23,650","23,300","23,650","23,300","23,498",-200,-0.85,4.35,102.33,0.75,18.08,5.11,120.41,"52,945.02"
663,28/12/2023,VRE,"23,250","23,250","23,500","23,700","23,250","23,479",250,1.08,6.11,143.34,0.18,4.23,6.29,147.57,"53,399.48"
664,27/12/2023,VRE,"23,300","23,300","23,250","23,450","23,200","23,311",-50,-0.21,3.22,75.07,0.00,0.00,3.22,75.07,"52,831.40"
665,26/12/2023,VRE,"23,400","23,350","23,300","23,500","23,150","23,286",-100,-0.43,2.65,61.73,0.00,0.00,2.65,61.73,"52,945.02"
666,25/12/2023,VRE,"22,950","22,850","23,400","23,400","22,850","23,240",450,1.96,3.42,79.49,0.07,1.72,3.49,81.21,"53,172.25"
667,22/12/2023,VRE,"22,950","22,950","22,950","23,000","22,700","22,813",0,0.00,1.89,43.12,0.00,0.00,1.89,43.12,"52,149.71"
668,21/12/2023,VRE,"23,000","22,900","22,950","23,000","22,700","22,877",-50,-0.22,1.59,36.32,0.00,0.00,1.59,36.32,"52,149.71"
669,20/12/2023,VRE,"22,700","22,900","23,000","23,100","22,700","22,843",300,1.32,2.60,59.29,0.00,0.00,2.60,59.29,"52,263.32"
670,19/12/2023,VRE,"22,600","22,650","22,700","22,850","22,550","22,623",100,0.44,2.63,59.46,0.50,11.31,3.13,70.77,"51,581.63"
671,18/12/2023,VRE,"22,550","22,650","22,600","22,900","22,550","22,673",50,0.22,2.35,53.18,0.06,1.32,2.40,54.50,"51,354.40"
672,15/12/2023,VRE,"22,850","22,850","22,550","23,050","22,550","22,769",-300,-1.31,4.26,96.91,0.00,0.00,4.26,96.91,"51,240.78"
673,14/12/2023,VRE,"23,000","23,250","22,850","23,300","22,700","22,900",-150,-0.65,3.51,80.28,0.00,0.00,3.51,80.28,"51,922.48"
674,13/12/2023,VRE,"23,650","23,650","23,000","23,700","22,950","23,281",-650,-2.75,4.32,100.58,1.79,43.74,6.11,144.32,"52,263.32"
675,12/12/2023,VRE,"23,650","23,700","23,650","23,800","23,400","23,575",0,0.00,3.06,72.09,0.00,0.00,3.06,72.09,"53,740.33"
676,11/12/2023,VRE,"23,350","23,450","23,650","23,750","23,450","23,588",300,1.28,3.77,88.98,0.00,0.00,3.77,88.98,"53,740.33"
677,08/12/2023,VRE,"22,800","22,800","23,350","23,450","22,700","23,234",550,2.41,5.57,129.53,0.00,0.00,5.57,129.53,"53,058.63"
678,07/12/2023,VRE,"22,900","22,950","22,800","23,200","22,650","22,861",-100,-0.44,5.05,115.51,0.00,0.00,5.05,115.51,"51,808.86"
679,06/12/2023,VRE,"22,850","22,850","22,900","23,000","22,700","22,835",50,0.22,3.75,85.62,0.00,0.00,3.75,85.62,"52,036.09"
680,05/12/2023,VRE,"23,000","23,000","22,850","23,100","22,800","22,930",-150,-0.65,2.46,56.49,1.50,34.34,3.96,90.83,"51,922.48"
681,04/12/2023,VRE,"22,800","22,900","23,000","23,250","22,650","23,005",200,0.88,4.69,107.82,0.00,0.00,4.69,107.82,"52,263.32"
682,01/12/2023,VRE,"22,100","22,650","22,800","22,900","22,450","22,661",700,3.17,2.55,57.79,0.00,0.00,2.55,57.79,"51,808.86"
683,30/11/2023,VRE,"23,200","23,100","22,100","23,200","22,100","22,640","-1,100",-4.74,3.94,89.28,0.00,0.00,3.94,89.28,"50,218.24"
684,29/11/2023,VRE,"22,800","22,900","23,200","23,350","22,800","23,093",400,1.75,4.08,94.25,0.00,0.00,4.08,94.25,"52,717.79"
685,28/11/2023,VRE,"22,600","22,600","22,800","22,800","22,350","22,626",200,0.88,1.97,44.60,0.00,0.00,1.97,44.60,"51,808.86"
686,27/11/2023,VRE,"22,600","22,600","22,600","22,950","22,550","22,733",0,0.00,2.22,50.52,0.00,0.00,2.22,50.52,"51,354.40"
687,24/11/2023,VRE,"22,600","22,550","22,600","22,600","22,000","22,321",0,0.00,4.01,89.40,0.00,0.00,4.01,89.40,"51,354.40"
688,23/11/2023,VRE,"22,800","22,900","22,600","23,450","22,600","22,965",-200,-0.88,5.35,122.95,0.00,0.00,5.35,122.95,"51,354.40"
689,22/11/2023,VRE,"22,600","22,700","22,800","22,850","22,500","22,647",200,0.88,3.40,77.02,0.00,0.00,3.40,77.02,"51,808.86"
690,21/11/2023,VRE,"22,550","22,900","22,600","22,950","22,500","22,636",50,0.22,4.60,104.17,0.00,0.00,4.60,104.17,"51,354.40"
691,20/11/2023,VRE,"22,800","22,550","22,550","23,200","22,550","22,794",-250,-1.10,4.06,92.53,0.00,0.00,4.06,92.53,"51,240.78"
692,17/11/2023,VRE,"23,850","24,000","22,800","24,150","22,500","23,204","-1,050",-4.40,8.23,190.95,1.04,24.21,9.27,215.15,"51,808.86"
693,16/11/2023,VRE,"24,100","24,000","23,850","24,050","23,650","23,824",-250,-1.04,4.28,101.88,0.00,0.00,4.28,101.88,"54,194.79"
694,15/11/2023,VRE,"24,000","24,500","24,100","24,750","24,100","24,446",100,0.42,3.94,96.38,0.00,0.00,3.94,96.38,"54,762.87"
695,14/11/2023,VRE,"23,500","23,850","24,000","24,100","23,500","23,835",500,2.13,3.67,87.49,0.00,0.00,3.67,87.49,"54,535.64"
696,13/11/2023,VRE,"23,950","24,000","23,500","24,200","23,450","23,840",-450,-1.88,3.84,91.56,0.00,0.00,3.84,91.56,"53,399.48"
697,10/11/2023,VRE,"24,300","23,850","23,950","24,400","23,850","24,047",-350,-1.44,4.35,104.68,1.94,46.54,6.29,151.21,"54,422.03"
698,09/11/2023,VRE,"23,700","24,000","24,300","24,600","23,950","24,357",600,2.53,5.77,140.61,1.15,28.05,6.92,168.66,"55,217.34"
699,08/11/2023,VRE,"23,150","23,200","23,700","23,850","22,850","23,351",550,2.38,5.85,136.50,0.00,0.00,5.85,136.50,"53,853.95"
700,07/11/2023,VRE,"24,000","23,700","23,150","24,000","23,050","23,380",-850,-3.54,5.32,124.39,8.06,196.41,13.38,320.80,"52,604.17"
701,06/11/2023,VRE,"24,400","24,300","24,000","24,500","23,700","23,981",-400,-1.64,5.41,129.66,0.25,6.10,5.66,135.75,"54,535.64"
702,03/11/2023,VRE,"23,250","23,500","24,400","24,400","23,200","23,968","1,150",4.95,12.59,301.81,0.00,0.00,12.59,301.81,"55,444.57"
703,02/11/2023,VRE,"22,700","23,000","23,250","23,300","22,450","23,006",550,2.42,5.80,133.45,0.97,22.31,6.77,155.76,"52,831.40"
704,01/11/2023,VRE,"22,200","22,300","22,700","22,700","21,600","22,248",500,2.25,6.24,138.76,0.40,8.88,6.64,147.64,"51,581.63"
705,31/10/2023,VRE,"23,100","23,300","22,200","23,700","22,200","23,007",-900,-3.90,5.81,133.72,0.95,21.85,6.76,155.57,"50,445.47"
706,30/10/2023,VRE,"22,900","22,600","23,100","24,100","22,100","23,092",200,0.87,5.40,124.78,0.00,0.00,5.40,124.78,"52,490.56"
707,27/10/2023,VRE,"24,600","24,600","22,900","24,650","22,900","23,179","-1,700",-6.91,12.96,300.30,0.00,0.00,12.96,300.30,"52,036.09"
708,26/10/2023,VRE,"26,450","25,900","24,600","25,900","24,600","24,697","-1,850",-6.99,9.25,228.39,0.00,0.00,9.25,228.39,"55,899.03"
709,25/10/2023,VRE,"26,600","26,800","26,450","27,000","26,450","26,682",-150,-0.56,2.81,74.92,0.00,0.00,2.81,74.92,"60,102.82"
710,24/10/2023,VRE,"26,000","26,000","26,600","26,800","26,000","26,442",600,2.31,2.11,55.66,0.00,0.00,2.11,55.66,"60,443.67"
711,23/10/2023,VRE,"26,600","26,500","26,000","26,500","25,950","26,087",-600,-2.26,2.25,58.73,0.00,0.00,2.25,58.73,"59,080.28"
712,20/10/2023,VRE,"26,400","26,500","26,600","27,050","25,850","26,484",200,0.76,1.94,51.28,0.00,0.00,1.94,51.28,"60,443.67"
713,19/10/2023,VRE,"26,500","26,400","26,400","27,000","25,800","26,391",-100,-0.38,2.84,74.90,0.49,12.97,3.33,87.87,"59,989.21"
714,18/10/2023,VRE,"27,000","27,100","26,500","27,100","25,900","26,512",-500,-1.85,2.94,77.88,0.36,9.53,3.30,87.41,"60,216.44"
715,17/10/2023,VRE,"26,700","26,650","27,000","27,600","26,550","27,155",300,1.12,3.25,88.38,0.00,0.00,3.25,88.38,"61,352.60"
716,16/10/2023,VRE,"27,350","27,100","26,700","27,250","26,700","26,971",-650,-2.38,1.71,46.10,0.00,0.00,1.71,46.10,"60,670.90"
717,13/10/2023,VRE,"27,200","27,100","27,350","27,500","27,000","27,239",150,0.55,1.65,45.00,0.16,4.34,1.81,49.35,"62,147.91"
718,12/10/2023,VRE,"27,000","27,350","27,200","27,450","27,050","27,267",200,0.74,1.74,47.46,0.03,0.81,1.77,48.27,"61,807.06"
719,11/10/2023,VRE,"27,000","27,100","27,000","27,300","26,900","26,980",0,0.00,1.09,29.39,0.70,18.96,1.79,48.35,"61,352.60"
720,10/10/2023,VRE,"27,050","27,100","27,000","27,300","26,950","27,093",-50,-0.18,2.64,71.56,1.00,27.09,3.64,98.65,"61,352.60"
721,09/10/2023,VRE,"27,450","27,200","27,050","27,200","26,850","27,028",-400,-1.46,2.02,54.47,0.50,13.49,2.52,67.96,"61,466.21"
722,06/10/2023,VRE,"26,800","27,000","27,450","27,450","26,750","27,135",650,2.43,1.95,52.97,0.00,0.00,1.95,52.97,"62,375.14"
723,05/10/2023,VRE,"27,000","27,000","26,800","27,400","26,700","27,056",-200,-0.74,1.98,53.51,0.18,4.95,2.16,58.46,"60,898.13"
724,04/10/2023,VRE,"26,300","25,900","27,000","27,100","25,900","26,613",700,2.66,2.34,62.36,1.45,38.58,3.79,100.94,"61,352.60"
725,03/10/2023,VRE,"26,850","26,750","26,300","26,950","26,200","26,553",-550,-2.05,3.30,87.66,0.00,0.00,3.30,87.66,"59,761.97"
726,02/10/2023,VRE,"26,100","26,100","26,850","27,100","25,950","26,814",750,2.87,3.58,95.98,0.00,0.00,3.58,95.98,"61,011.75"
727,29/09/2023,VRE,"25,450","25,600","26,100","27,050","25,600","26,316",650,2.55,4.63,121.74,0.50,13.02,5.12,134.77,"59,307.51"
728,28/09/2023,VRE,"26,100","26,000","25,450","26,000","25,150","25,518",-650,-2.49,4.51,115.19,0.00,0.00,4.51,115.19,"57,830.50"
729,27/09/2023,VRE,"25,800","26,100","26,100","26,450","25,500","25,963",300,1.16,4.13,107.17,1.21,31.37,5.34,138.54,"59,307.51"
730,26/09/2023,VRE,"26,600","26,800","25,800","27,000","25,800","26,422",-800,-3.01,4.91,129.60,0.38,9.99,5.28,139.60,"58,625.81"
731,25/09/2023,VRE,"27,400","27,300","26,600","27,700","26,600","27,273",-800,-2.92,4.48,122.31,0.00,0.00,4.48,122.31,"60,443.67"
732,22/09/2023,VRE,"28,150","27,700","27,400","27,950","27,100","27,447",-750,-2.66,4.72,129.43,0.00,0.00,4.72,129.43,"62,261.52"
733,21/09/2023,VRE,"28,100","28,200","28,150","28,200","27,850","28,006",50,0.18,3.30,92.45,0.83,23.24,4.13,115.69,"63,965.76"
734,20/09/2023,VRE,"27,600","27,600","28,100","28,300","27,500","27,818",500,1.81,3.88,107.82,0.00,0.00,3.88,107.82,"63,852.15"
735,19/09/2023,VRE,"27,700","27,800","27,600","28,150","27,350","27,596",-100,-0.36,5.60,154.55,0.00,0.00,5.60,154.55,"62,715.99"
736,18/09/2023,VRE,"28,400","28,500","27,700","28,600","27,600","28,005",-700,-2.46,6.12,171.42,0.00,0.00,6.12,171.42,"62,943.22"
737,15/09/2023,VRE,"28,900","28,900","28,400","29,150","28,400","28,619",-500,-1.73,4.73,135.30,1.15,32.90,5.88,168.20,"64,533.84"
738,14/09/2023,VRE,"29,000","29,200","28,900","29,250","28,600","28,869",-100,-0.34,4.13,119.30,1.25,36.08,5.38,155.37,"65,670.00"
739,13/09/2023,VRE,"29,500","29,550","29,000","29,600","28,900","29,213",-500,-1.69,6.44,188.10,0.00,0.00,6.44,188.10,"65,897.23"
740,12/09/2023,VRE,"28,700","28,850","29,500","29,600","28,800","29,088",800,2.79,3.97,115.62,0.00,0.00,3.97,115.62,"67,033.39"
741,11/09/2023,VRE,"29,600","29,800","28,700","29,900","28,700","29,290",-900,-3.04,5.69,166.57,0.00,0.00,5.69,166.57,"65,215.54"
742,08/09/2023,VRE,"30,300","30,200","29,600","30,350","29,600","29,964",-700,-2.31,5.89,176.36,0.00,0.00,5.89,176.36,"67,260.62"
743,07/09/2023,VRE,"30,300","30,300","30,300","30,550","30,200","30,368",0,0.00,4.59,139.50,0.00,0.00,4.59,139.50,"68,851.25"
744,06/09/2023,VRE,"30,150","30,300","30,300","30,550","30,000","30,188",150,0.50,4.06,122.55,0.00,0.00,4.06,122.55,"68,851.25"
745,05/09/2023,VRE,"30,300","30,300","30,150","30,750","30,100","30,297",-150,-0.50,4.95,150.08,0.06,1.66,5.01,151.74,"68,510.40"
746,31/08/2023,VRE,"29,700","29,750","30,300","30,500","29,700","30,285",600,2.02,7.23,218.89,0.00,0.00,7.23,218.89,"68,851.25"
747,30/08/2023,VRE,"29,250","29,350","29,700","29,900","29,300","29,656",450,1.54,6.02,178.51,0.00,0.00,6.02,178.51,"67,487.86"
748,29/08/2023,VRE,"29,750","29,750","29,250","29,800","29,200","29,402",-500,-1.68,2.83,83.21,0.00,0.00,2.83,83.21,"66,465.31"
749,28/08/2023,VRE,"28,700","28,950","29,750","29,750","28,850","29,278","1,050",3.66,4.41,129.09,1.56,46.38,5.97,175.47,"67,601.47"
750,25/08/2023,VRE,"29,050","28,950","28,700","29,250","28,700","28,939",-350,-1.20,3.34,96.53,0.00,0.00,3.34,96.53,"65,215.54"
751,24/08/2023,VRE,"28,750","28,850","29,050","29,200","28,700","28,974",300,1.04,3.21,92.92,1.47,44.10,4.68,137.02,"66,010.85"
752,23/08/2023,VRE,"29,300","29,750","28,750","29,900","28,700","29,211",-550,-1.88,4.72,137.91,0.42,12.44,5.14,150.36,"65,329.15"
753,22/08/2023,VRE,"29,500","29,300","29,300","29,450","28,100","28,929",-200,-0.68,4.76,137.59,0.25,7.19,5.00,144.78,"66,578.93"
754,21/08/2023,VRE,"29,100","29,100","29,500","29,850","28,650","29,200",400,1.37,4.81,140.32,0.42,12.57,5.22,152.89,"67,033.39"
755,18/08/2023,VRE,"30,600","30,200","29,100","30,500","28,600","29,626","-1,500",-4.90,13.78,408.20,0.08,2.28,13.86,410.49,"66,124.47"
756,17/08/2023,VRE,"31,500","31,400","30,600","31,400","30,600","30,908",-900,-2.86,9.88,305.44,0.16,4.94,10.04,310.38,"69,532.94"
757,16/08/2023,VRE,"31,300","31,900","31,500","32,000","31,300","31,657",200,0.64,11.80,373.71,0.11,3.53,11.92,377.23,"71,578.03"
758,15/08/2023,VRE,"30,300","30,100","31,300","31,750","29,900","30,501","1,000",3.30,9.34,284.87,0.00,0.00,9.34,284.87,"71,123.57"
759,14/08/2023,VRE,"30,750","30,600","30,300","30,700","30,200","30,421",-450,-1.46,6.38,193.96,0.00,0.00,6.38,193.96,"68,851.25"
760,11/08/2023,VRE,"30,050","30,700","30,750","30,750","29,550","30,115",700,2.33,10.67,321.41,0.00,0.00,10.67,321.41,"69,873.79"
761,10/08/2023,VRE,"30,900","30,900","30,050","30,950","29,950","30,512",-850,-2.75,7.61,232.14,0.10,3.05,7.71,235.19,"68,283.17"
762,09/08/2023,VRE,"31,000","30,850","30,900","31,300","30,700","30,884",-100,-0.32,8.74,269.86,0.08,2.53,8.82,272.39,"70,214.64"
763,08/08/2023,VRE,"29,600","29,900","31,000","31,450","29,700","30,635","1,400",4.73,17.96,550.15,0.00,0.00,17.96,550.15,"70,441.87"
764,07/08/2023,VRE,"28,700","29,000","29,600","29,600","28,800","29,166",900,3.14,8.30,242.14,0.00,0.00,8.30,242.14,"67,260.62"
765,04/08/2023,VRE,"28,400","28,600","28,700","29,100","28,500","28,835",300,1.06,4.93,142.02,0.00,0.00,4.93,142.02,"65,215.54"
766,03/08/2023,VRE,"28,900","28,900","28,400","29,200","28,350","28,732",-500,-1.73,6.53,187.51,0.00,0.00,6.53,187.51,"64,533.84"
767,02/08/2023,VRE,"29,100","29,050","28,900","29,200","28,800","28,958",-200,-0.69,4.97,144.00,0.00,0.00,4.97,144.00,"65,670.00"
768,01/08/2023,VRE,"29,650","29,700","29,100","30,300","29,100","29,776",-550,-1.85,7.96,237.03,0.00,0.00,7.96,237.03,"66,124.47"
769,31/07/2023,VRE,"28,800","29,500","29,650","29,900","29,300","29,545",850,2.95,11.60,342.77,0.00,0.00,11.60,342.77,"67,374.24"
770,28/07/2023,VRE,"28,500","29,000","28,800","29,100","28,550","28,786",300,1.05,6.50,187.12,0.00,0.00,6.50,187.12,"65,442.77"
771,27/07/2023,VRE,"28,900","28,900","28,500","28,950","28,300","28,616",-400,-1.38,6.09,174.21,0.00,0.00,6.09,174.21,"64,761.07"
772,26/07/2023,VRE,"29,000","28,850","28,900","29,150","28,750","28,852",-100,-0.34,2.79,80.36,0.00,0.00,2.79,80.36,"65,670.00"
773,25/07/2023,VRE,"28,400","28,400","29,000","29,350","28,150","28,738",600,2.11,8.78,252.25,0.00,0.00,8.78,252.25,"65,897.23"
774,24/07/2023,VRE,"28,400","28,600","28,400","28,650","28,250","28,442",0,0.00,4.77,135.69,0.00,0.00,4.77,135.69,"64,533.84"
775,21/07/2023,VRE,"28,050","28,000","28,400","28,400","27,950","28,139",350,1.25,5.09,143.31,0.00,0.00,5.09,143.31,"64,533.84"
776,20/07/2023,VRE,"27,950","27,950","28,050","28,100","27,700","27,893",100,0.36,4.27,119.16,0.00,0.00,4.27,119.16,"63,738.53"
777,19/07/2023,VRE,"28,300","28,350","27,950","28,350","27,850","28,009",-350,-1.24,7.74,216.85,0.00,0.00,7.74,216.85,"63,511.30"
778,18/07/2023,VRE,"28,650","28,500","28,300","28,650","28,300","28,428",-350,-1.22,5.73,162.93,0.00,0.00,5.73,162.93,"64,306.61"
779,17/07/2023,VRE,"28,000","28,050","28,650","28,750","28,000","28,393",650,2.32,7.29,206.98,0.07,1.70,7.35,208.68,"65,101.92"
780,14/07/2023,VRE,"28,150","28,300","28,000","28,300","27,600","27,924",-150,-0.53,10.21,285.07,0.00,0.00,10.21,285.07,"63,624.92"
781,13/07/2023,VRE,"28,100","28,300","28,150","28,350","28,050","28,132",50,0.18,7.07,198.98,0.80,22.49,7.87,221.46,"63,965.76"
782,12/07/2023,VRE,"27,300","27,450","28,100","28,300","27,450","28,076",800,2.93,15.36,431.19,0.00,0.00,15.36,431.19,"63,852.15"
783,11/07/2023,VRE,"26,950","27,100","27,300","27,650","27,000","27,362",350,1.30,8.71,238.34,4.79,129.36,13.50,367.70,"62,034.29"
784,10/07/2023,VRE,"27,000","27,100","26,950","27,200","26,850","26,965",-50,-0.19,5.57,150.20,0.00,0.00,5.57,150.20,"61,238.98"
785,07/07/2023,VRE,"26,950","26,950","27,000","27,050","26,800","26,904",50,0.19,4.10,110.37,1.07,28.85,5.17,139.22,"61,352.60"
786,06/07/2023,VRE,"27,500","27,500","26,950","27,600","26,900","27,221",-550,-2.00,5.70,155.14,0.00,0.00,5.70,155.14,"61,238.98"
787,05/07/2023,VRE,"27,200","27,200","27,500","27,700","27,100","27,340",300,1.10,5.71,156.19,0.00,0.00,5.71,156.19,"62,488.76"
788,04/07/2023,VRE,"27,000","27,000","27,200","27,200","26,950","27,065",200,0.74,2.53,68.52,0.00,0.00,2.53,68.52,"61,807.06"
789,03/07/2023,VRE,"26,800","26,950","27,000","27,200","26,850","27,004",200,0.75,3.20,86.43,0.00,0.00,3.20,86.43,"61,352.60"
790,30/06/2023,VRE,"27,000","27,100","26,800","27,200","26,800","26,973",-200,-0.74,2.61,70.45,0.00,0.00,2.61,70.45,"60,898.13"
791,29/06/2023,VRE,"27,300","27,200","27,000","27,600","27,000","27,318",-300,-1.10,5.48,149.58,0.00,0.00,5.48,149.58,"61,352.60"
792,28/06/2023,VRE,"27,450","27,550","27,300","27,650","27,150","27,368",-150,-0.55,4.16,113.90,0.00,0.00,4.16,113.90,"62,034.29"
793,27/06/2023,VRE,"26,700","26,800","27,450","27,550","26,750","27,239",750,2.81,7.67,208.93,0.00,0.00,7.67,208.93,"62,375.14"
794,26/06/2023,VRE,"26,850","27,000","26,700","27,000","26,500","26,653",-150,-0.56,5.16,137.45,0.00,0.00,5.16,137.45,"60,670.90"
795,23/06/2023,VRE,"27,000","27,000","26,850","27,100","26,850","26,935",-150,-0.56,3.44,92.62,0.64,17.15,4.08,109.77,"61,011.75"
796,22/06/2023,VRE,"26,800","26,800","27,000","27,050","26,800","26,937",200,0.75,3.35,90.17,0.00,0.00,3.35,90.17,"61,352.60"
797,21/06/2023,VRE,"26,650","26,650","26,800","26,850","26,650","26,733",150,0.56,2.67,71.25,0.49,13.04,3.15,84.29,"60,898.13"
798,20/06/2023,VRE,"26,550","26,550","26,650","26,750","26,550","26,619",100,0.38,1.91,50.95,0.60,15.90,2.51,66.85,"60,557.29"
799,19/06/2023,VRE,"26,500","26,650","26,550","26,850","26,550","26,645",50,0.19,2.84,75.71,0.00,0.00,2.84,75.71,"60,330.05"
800,16/06/2023,VRE,"26,850","27,000","26,500","27,050","26,500","26,745",-350,-1.30,4.58,122.38,0.00,0.00,4.58,122.38,"60,216.44"
801,15/06/2023,VRE,"27,150","27,200","26,850","27,300","26,850","27,030",-300,-1.10,2.92,78.99,0.13,3.50,3.05,82.49,"61,011.75"
802,14/06/2023,VRE,"27,100","27,150","27,150","27,400","27,150","27,240",50,0.18,2.86,78.00,0.00,0.00,2.86,78.00,"61,693.44"
803,13/06/2023,VRE,"26,700","26,800","27,100","27,150","26,700","26,907",400,1.50,3.19,85.89,0.00,0.00,3.19,85.89,"61,579.83"
804,12/06/2023,VRE,"26,700","26,750","26,700","26,900","26,450","26,653",0,0.00,3.01,80.13,0.00,0.00,3.01,80.13,"60,670.90"
805,09/06/2023,VRE,"26,900","27,050","26,700","27,050","26,600","26,847",-200,-0.74,2.90,77.74,0.00,0.00,2.90,77.74,"60,670.90"
806,08/06/2023,VRE,"27,250","27,200","26,900","27,400","26,900","27,170",-350,-1.28,4.43,120.29,0.00,0.00,4.43,120.29,"61,125.37"
807,07/06/2023,VRE,"27,350","27,400","27,250","27,450","27,200","27,276",-100,-0.37,3.22,87.76,1.00,27.27,4.22,115.03,"61,920.68"
808,06/06/2023,VRE,"27,100","27,150","27,350","27,350","27,100","27,188",250,0.92,2.33,63.34,2.37,64.42,4.70,127.75,"62,147.91"
809,05/06/2023,VRE,"27,100","27,450","27,100","27,450","27,100","27,264",0,0.00,3.29,89.76,1.50,40.89,4.79,130.65,"61,579.83"
810,02/06/2023,VRE,"26,850","27,050","27,100","27,350","26,900","27,095",250,0.93,2.95,79.91,1.87,50.70,4.82,130.61,"61,579.83"
811,01/06/2023,VRE,"27,100","27,100","26,850","27,350","26,750","26,972",-250,-0.92,4.88,131.61,1.00,26.97,5.88,158.58,"61,011.75"
812,31/05/2023,VRE,"27,700","27,750","27,100","27,800","27,100","27,360",-600,-2.17,5.54,151.69,0.00,0.00,5.54,151.69,"61,579.83"
813,30/05/2023,VRE,"27,700","27,750","27,700","27,900","27,650","27,757",0,0.00,3.11,86.46,1.03,28.56,4.14,115.02,"62,943.22"
814,29/05/2023,VRE,"27,700","27,700","27,700","27,850","27,700","27,755",0,0.00,2.74,76.13,0.50,13.88,3.24,90.01,"62,943.22"
815,26/05/2023,VRE,"27,700","27,750","27,700","27,800","27,600","27,689",0,0.00,2.03,56.10,0.00,0.00,2.03,56.10,"62,943.22"
816,25/05/2023,VRE,"27,650","27,600","27,700","27,750","27,500","27,642",50,0.18,1.36,37.59,0.00,0.00,1.36,37.59,"62,943.22"
817,24/05/2023,VRE,"27,700","27,950","27,650","27,950","27,500","27,676",-50,-0.18,1.61,44.58,0.00,0.00,1.61,44.58,"62,829.60"
818,23/05/2023,VRE,"27,900","27,900","27,700","28,100","27,650","27,848",-200,-0.72,3.42,95.35,0.00,0.00,3.42,95.35,"62,943.22"
819,22/05/2023,VRE,"28,000","28,000","27,900","28,150","27,850","27,935",-100,-0.36,4.43,123.81,0.00,0.00,4.43,123.81,"63,397.68"
820,19/05/2023,VRE,"28,100","28,050","28,000","28,300","27,700","27,873",-100,-0.36,2.89,80.52,0.12,3.34,3.01,83.86,"63,624.92"
821,18/05/2023,VRE,"27,900","28,000","28,100","28,300","27,600","27,832",200,0.72,3.97,110.45,0.00,0.00,3.97,110.45,"63,852.15"
822,17/05/2023,VRE,"28,400","28,300","27,900","28,350","27,900","28,061",-500,-1.76,3.18,89.36,0.00,0.00,3.18,89.36,"63,397.68"
823,16/05/2023,VRE,"28,400","28,400","28,400","28,400","28,000","28,192",0,0.00,2.74,77.11,0.00,0.00,2.74,77.11,"64,533.84"
824,15/05/2023,VRE,"28,150","28,450","28,400","28,650","28,300","28,478",250,0.89,3.48,99.03,0.00,0.00,3.48,99.03,"64,533.84"
825,12/05/2023,VRE,"28,050","28,050","28,150","28,300","27,750","27,974",100,0.36,3.29,91.95,0.00,0.00,3.29,91.95,"63,965.76"
826,11/05/2023,VRE,"27,800","28,000","28,050","28,150","27,850","27,964",250,0.90,3.30,92.16,0.00,0.00,3.30,92.16,"63,738.53"
827,10/05/2023,VRE,"27,400","27,550","27,800","27,800","27,450","27,602",400,1.46,3.98,109.81,0.00,0.00,3.98,109.81,"63,170.45"
828,09/05/2023,VRE,"27,450","27,450","27,400","27,650","27,350","27,481",-50,-0.18,2.14,58.68,0.00,0.00,2.14,58.68,"62,261.52"
829,08/05/2023,VRE,"27,150","27,450","27,450","27,450","27,150","27,268",300,1.10,3.01,82.06,0.00,0.00,3.01,82.06,"62,375.14"
830,05/05/2023,VRE,"27,250","27,250","27,150","27,550","27,100","27,291",-100,-0.37,1.52,41.35,0.00,0.00,1.52,41.35,"61,693.44"
831,04/05/2023,VRE,"27,700","27,550","27,250","27,750","27,200","27,508",-450,-1.62,1.44,39.48,0.00,0.00,1.44,39.48,"61,920.68"
832,28/04/2023,VRE,"27,000","27,100","27,700","27,700","27,100","27,382",700,2.59,2.84,77.83,0.00,0.00,2.84,77.83,"62,943.22"
833,27/04/2023,VRE,"27,500","27,450","27,000","27,450","27,000","27,161",-500,-1.82,2.08,56.56,1.00,27.19,3.08,83.75,"61,352.60"
834,26/04/2023,VRE,"27,700","27,800","27,500","27,800","26,850","27,186",-200,-0.72,4.00,108.81,4.23,116.42,8.24,225.23,"62,488.76"
835,25/04/2023,VRE,"28,150","28,200","27,700","28,300","27,400","27,749",-450,-1.60,3.44,95.40,0.00,0.00,3.44,95.40,"62,943.22"
836,24/04/2023,VRE,"27,900","28,750","28,150","28,900","28,000","28,256",250,0.90,3.75,105.99,0.50,14.07,4.25,120.06,"63,965.76"
837,21/04/2023,VRE,"28,300","28,300","27,900","28,300","27,600","27,850",-400,-1.41,2.74,76.27,0.03,0.81,2.77,77.07,"63,397.68"
838,20/04/2023,VRE,"28,300","28,300","28,300","28,350","27,950","28,101",0,0.00,1.69,47.40,0.00,0.00,1.69,47.40,"64,306.61"
839,19/04/2023,VRE,"28,500","28,600","28,300","28,850","27,800","28,332",-200,-0.70,2.46,69.77,0.00,0.00,2.46,69.77,"64,306.61"
840,18/04/2023,VRE,"28,300","28,450","28,500","28,600","28,250","28,340",200,0.71,2.26,64.16,0.00,0.00,2.26,64.16,"64,761.07"
841,17/04/2023,VRE,"28,600","28,600","28,300","29,000","27,900","28,469",-300,-1.05,1.58,44.94,0.00,0.00,1.58,44.94,"64,306.61"
842,14/04/2023,VRE,"28,400","28,650","28,600","28,800","28,450","28,578",200,0.70,2.69,76.97,0.26,7.48,2.96,84.44,"64,988.31"
843,13/04/2023,VRE,"28,700","28,800","28,400","29,050","28,200","28,559",-300,-1.05,1.09,31.11,0.00,0.00,1.09,31.11,"64,533.84"
844,12/04/2023,VRE,"29,050","28,950","28,700","29,050","28,500","28,668",-350,-1.20,2.84,81.32,4.95,144.76,7.79,226.08,"65,215.54"
845,11/04/2023,VRE,"29,100","28,950","29,050","29,150","28,850","28,984",-50,-0.17,1.02,29.48,0.00,0.00,1.02,29.48,"66,010.85"
846,10/04/2023,VRE,"29,200","29,300","29,100","29,300","28,900","29,098",-100,-0.34,1.44,41.77,0.40,11.69,1.84,53.46,"66,124.47"
847,07/04/2023,VRE,"29,500","29,500","29,200","29,550","28,500","29,153",-300,-1.02,1.72,50.26,0.00,0.00,1.72,50.26,"66,351.70"
848,06/04/2023,VRE,"29,450","29,550","29,500","29,550","29,300","29,440",50,0.17,2.71,79.69,0.50,14.74,3.21,94.42,"67,033.39"
849,05/04/2023,VRE,"29,450","29,450","29,450","29,550","29,200","29,349",0,0.00,2.45,71.79,1.50,43.95,3.94,115.74,"66,919.78"
850,04/04/2023,VRE,"29,600","29,600","29,450","29,600","29,050","29,225",-150,-0.51,1.96,57.22,1.33,38.81,3.29,96.03,"66,919.78"
851,03/04/2023,VRE,"29,550","29,900","29,600","30,200","29,500","29,780",50,0.17,3.06,91.06,0.50,14.72,3.55,105.78,"67,260.62"
852,31/03/2023,VRE,"29,900","30,000","29,550","31,000","29,550","30,123",-350,-1.17,5.36,161.41,0.22,6.57,5.58,167.98,"67,147.01"
853,30/03/2023,VRE,"29,250","29,500","29,900","31,250","29,300","30,227",650,2.22,7.15,216.03,0.19,5.47,7.33,221.50,"67,942.32"
854,29/03/2023,VRE,"29,250","29,000","29,250","29,250","28,750","28,995",0,0.00,1.47,42.69,0.49,14.23,1.96,56.91,"66,465.31"
855,28/03/2023,VRE,"29,300","29,050","29,250","29,650","29,050","29,339",-50,-0.17,2.80,82.20,0.10,2.94,2.90,85.14,"66,465.31"
856,27/03/2023,VRE,"29,250","29,250","29,300","29,450","28,650","29,169",50,0.17,1.71,50.00,0.00,0.00,1.71,50.00,"66,578.93"
857,24/03/2023,VRE,"29,300","29,250","29,250","29,450","29,200","29,353",-50,-0.17,1.31,38.53,0.50,14.59,1.81,53.11,"66,465.31"
858,23/03/2023,VRE,"29,700","29,000","29,300","29,450","29,000","29,259",-400,-1.35,1.82,53.18,0.30,8.78,2.12,61.96,"66,578.93"
859,22/03/2023,VRE,"29,450","29,100","29,700","29,800","28,850","29,513",250,0.85,4.23,124.80,0.00,0.00,4.23,124.80,"67,487.86"
860,21/03/2023,VRE,"29,000","28,950","29,450","29,500","28,150","28,910",450,1.55,3.05,88.05,0.00,0.00,3.05,88.05,"66,919.78"
861,20/03/2023,VRE,"29,500","29,500","29,000","29,500","28,050","28,590",-500,-1.69,2.35,67.28,0.00,0.00,2.35,67.28,"65,897.23"
862,17/03/2023,VRE,"28,950","28,950","29,500","29,700","28,950","29,495",550,1.90,6.89,203.27,0.80,23.60,7.69,226.87,"67,033.39"
863,16/03/2023,VRE,"28,500","28,450","28,950","29,050","28,450","28,930",450,1.58,2.65,76.64,0.00,0.00,2.65,76.64,"65,783.62"
864,15/03/2023,VRE,"28,800","28,800","28,500","29,400","28,200","28,781",-300,-1.04,3.58,102.97,11.88,342.12,15.46,445.09,"64,761.07"
865,14/03/2023,VRE,"29,100","28,800","28,800","29,050","28,250","28,590",-300,-1.03,2.12,60.51,0.00,0.00,2.12,60.51,"65,442.77"
866,13/03/2023,VRE,"28,000","27,950","29,100","29,400","27,850","28,900","1,100",3.93,4.12,119.20,0.22,6.50,4.35,125.69,"66,124.47"
867,10/03/2023,VRE,"27,000","26,900","28,000","28,050","26,900","27,549","1,000",3.70,2.30,63.43,0.00,0.00,2.30,63.43,"63,624.92"
868,09/03/2023,VRE,"27,250","27,250","27,000","27,450","26,950","27,048",-250,-0.92,5.05,136.68,3.08,83.61,8.13,220.29,"61,352.60"
869,08/03/2023,VRE,"26,600","26,400","27,250","27,250","26,400","26,827",650,2.44,2.19,58.88,2.50,66.48,4.69,125.35,"61,920.68"
870,07/03/2023,VRE,"26,150","26,700","26,600","27,000","26,400","26,723",450,1.72,2.21,59.10,2.92,77.83,5.13,136.93,"60,443.67"
871,06/03/2023,VRE,"26,000","26,450","26,150","27,100","26,150","26,744",150,0.58,2.74,73.18,0.09,2.30,2.82,75.48,"59,421.13"
872,03/03/2023,VRE,"26,200","26,300","26,000","26,500","25,700","26,072",-200,-0.76,2.08,54.19,0.16,4.18,2.24,58.37,"59,080.28"
873,02/03/2023,VRE,"26,800","26,950","26,200","27,000","26,200","26,575",-600,-2.24,1.98,52.63,0.13,3.34,2.11,55.97,"59,534.74"
874,01/03/2023,VRE,"26,700","26,700","26,800","27,450","26,200","27,024",100,0.37,2.07,55.90,0.00,0.00,2.07,55.90,"60,898.13"
875,28/02/2023,VRE,"25,750","26,200","26,700","27,550","26,100","27,041",950,3.69,3.00,81.07,0.00,0.00,3.00,81.07,"60,670.90"
876,27/02/2023,VRE,"26,500","26,150","25,750","26,600","25,550","25,923",-750,-2.83,1.51,39.23,0.00,0.00,1.51,39.23,"58,512.20"
877,24/02/2023,VRE,"26,500","26,700","26,500","26,900","26,300","26,573",0,0.00,2.24,59.61,0.00,0.00,2.24,59.61,"60,216.44"
878,23/02/2023,VRE,"28,100","28,300","26,500","28,400","26,500","26,990","-1,600",-5.69,4.74,127.87,0.00,0.00,4.74,127.87,"60,216.44"
879,22/02/2023,VRE,"29,600","29,300","28,100","29,350","28,100","28,814","-1,500",-5.07,1.36,39.19,0.07,1.92,1.43,41.11,"63,852.15"
880,21/02/2023,VRE,"29,350","29,350","29,600","29,800","29,150","29,459",250,0.85,1.31,38.58,0.00,0.00,1.31,38.58,"67,260.62"
881,20/02/2023,VRE,"28,400","28,300","29,350","29,350","28,150","28,913",950,3.35,3.13,90.44,0.00,0.00,3.13,90.44,"66,692.55"
882,17/02/2023,VRE,"28,400","28,300","28,400","28,650","28,000","28,394",0,0.00,1.28,36.37,0.00,0.00,1.28,36.37,"64,533.84"
883,16/02/2023,VRE,"28,350","28,350","28,400","28,450","27,700","27,980",50,0.18,0.98,27.38,0.00,0.00,0.98,27.38,"64,533.84"
884,15/02/2023,VRE,"28,000","27,800","28,350","28,400","27,600","28,152",350,1.25,0.97,27.30,0.03,0.84,1.00,28.14,"64,420.23"
885,14/02/2023,VRE,"28,500","28,500","28,000","28,500","27,400","27,788",-500,-1.75,1.44,40.07,0.00,0.00,1.44,40.07,"63,624.92"
886,13/02/2023,VRE,"28,200","28,000","28,500","28,500","27,550","28,017",300,1.06,1.03,28.91,0.00,0.00,1.03,28.91,"64,761.07"
887,10/02/2023,VRE,"28,200","28,200","28,200","28,400","27,800","28,030",0,0.00,0.73,20.35,0.00,0.00,0.73,20.35,"64,079.38"
888,09/02/2023,VRE,"28,500","28,300","28,200","28,950","28,150","28,450",-300,-1.05,1.21,34.30,0.03,0.78,1.23,35.08,"64,079.38"
889,08/02/2023,VRE,"28,550","28,550","28,500","28,950","28,450","28,632",-50,-0.18,1.38,39.38,0.00,0.00,1.38,39.38,"64,761.07"
890,07/02/2023,VRE,"29,500","29,400","28,550","29,500","28,550","28,939",-950,-3.22,1.35,39.00,0.00,0.00,1.35,39.00,"64,874.69"
891,06/02/2023,VRE,"29,200","28,500","29,500","29,500","28,300","28,900",300,1.03,0.94,27.17,0.00,0.00,0.94,27.17,"67,033.39"
892,03/02/2023,VRE,"28,850","28,850","29,200","29,200","28,600","28,959",350,1.21,1.10,31.73,0.00,0.00,1.10,31.73,"66,351.70"
893,02/02/2023,VRE,"28,000","28,050","28,850","28,950","28,050","28,576",850,3.04,1.70,48.56,0.03,0.78,1.73,49.34,"65,556.39"
894,01/02/2023,VRE,"29,700","29,700","28,000","29,700","28,000","29,137","-1,700",-5.72,1.89,55.17,0.00,0.00,1.89,55.17,"63,624.92"
895,31/01/2023,VRE,"29,800","29,750","29,700","30,150","29,250","29,839",-100,-0.34,1.10,32.68,0.00,0.00,1.10,32.68,"67,487.86"
896,30/01/2023,VRE,"30,300","30,200","29,800","30,200","29,300","29,744",-500,-1.65,1.61,47.89,0.00,0.00,1.61,47.89,"67,715.09"
897,27/01/2023,VRE,"29,650","29,700","30,300","30,500","29,700","30,225",650,2.19,1.97,59.69,0.00,0.00,1.97,59.69,"68,851.25"
898,19/01/2023,VRE,"29,300","29,000","29,650","30,300","29,000","29,904",350,1.19,3.04,91.01,0.00,0.00,3.04,91.01,"67,374.24"
899,18/01/2023,VRE,"29,850","29,800","29,300","29,800","29,000","29,341",-550,-1.84,1.47,43.24,0.00,0.00,1.47,43.24,"66,578.93"
900,17/01/2023,VRE,"28,500","28,700","29,850","29,850","27,950","28,842","1,350",4.74,2.14,61.69,0.06,1.60,2.19,63.28,"67,828.70"
901,16/01/2023,VRE,"28,600","28,350","28,500","28,800","27,950","28,200",-100,-0.35,1.01,28.48,2.70,77.22,3.71,105.70,"64,761.07"
902,13/01/2023,VRE,"28,700","28,700","28,600","29,000","28,250","28,612",-100,-0.35,0.77,22.04,0.00,0.00,0.77,22.04,"64,988.31"
903,12/01/2023,VRE,"28,500","28,900","28,700","28,900","28,000","28,433",200,0.70,1.04,29.51,0.00,0.00,1.04,29.51,"65,215.54"
904,11/01/2023,VRE,"29,400","29,450","28,500","29,500","28,500","28,928",-900,-3.06,0.99,28.64,0.00,0.00,0.99,28.64,"64,761.07"
905,10/01/2023,VRE,"29,400","29,400","29,400","29,400","28,450","28,981",0,0.00,0.91,26.50,0.00,0.00,0.91,26.50,"66,806.16"
906,09/01/2023,VRE,"29,250","29,250","29,400","29,600","29,000","29,143",150,0.51,1.19,34.79,1.71,49.87,2.90,84.66,"66,806.16"
907,06/01/2023,VRE,"29,200","29,200","29,250","29,600","28,350","29,273",50,0.17,1.70,49.66,0.00,0.00,1.70,49.66,"66,465.31"
908,05/01/2023,VRE,"28,600","28,400","29,200","29,200","28,000","29,010",600,2.10,4.08,118.25,0.00,0.00,4.08,118.25,"66,351.70"
909,04/01/2023,VRE,"28,100","28,550","28,600","28,750","28,100","28,497",500,1.78,2.62,74.78,0.00,0.00,2.62,74.78,"64,988.31"
910,03/01/2023,VRE,"26,300","27,000","28,100","28,100","26,350","27,981","1,800",6.84,3.88,108.45,0.00,0.00,3.88,108.45,"63,852.15"
911,30/12/2022,VRE,"26,500","26,150","26,300","27,200","26,150","26,817",-200,-0.75,1.79,48.08,0.63,15.76,2.42,63.84,"59,761.97"
912,29/12/2022,VRE,"26,900","26,800","26,500","27,150","26,500","26,770",-400,-1.49,1.55,41.38,0.34,8.99,1.88,50.38,"60,216.44"
913,28/12/2022,VRE,"25,800","25,750","26,900","27,100","25,600","26,468","1,100",4.26,1.81,48.00,0.00,0.00,1.81,48.00,"61,125.37"
914,27/12/2022,VRE,"24,550","25,000","25,800","26,250","24,750","25,592","1,250",5.09,1.90,48.55,0.00,0.00,1.90,48.55,"58,625.81"
915,26/12/2022,VRE,"25,800","26,050","24,550","26,050","24,550","25,193","-1,250",-4.84,2.46,61.98,0.00,0.00,2.46,61.98,"55,785.42"
916,23/12/2022,VRE,"26,000","26,150","25,800","26,150","25,550","25,822",-200,-0.77,1.84,47.40,0.00,0.00,1.84,47.40,"58,625.81"
917,22/12/2022,VRE,"26,000","26,100","26,000","26,450","25,600","26,023",0,0.00,2.05,53.47,0.05,1.22,2.10,54.69,"59,080.28"
918,21/12/2022,VRE,"25,750","26,150","26,000","26,700","25,600","26,159",250,0.97,3.22,84.14,0.00,0.00,3.22,84.14,"59,080.28"
919,20/12/2022,VRE,"27,300","26,750","25,750","27,350","25,650","26,152","-1,550",-5.68,3.32,86.86,0.00,0.00,3.32,86.86,"58,512.20"
920,19/12/2022,VRE,"26,200","27,000","27,300","27,800","26,250","26,977","1,100",4.20,2.64,71.30,0.00,0.00,2.64,71.30,"62,034.29"
921,16/12/2022,VRE,"27,900","27,600","26,200","27,900","26,200","26,550","-1,700",-6.09,9.29,246.58,14.62,407.90,23.91,654.48,"59,534.74"
922,15/12/2022,VRE,"27,950","27,950","27,900","28,050","27,500","27,917",-50,-0.18,2.13,59.51,0.00,0.00,2.13,59.51,"63,397.68"
923,14/12/2022,VRE,"28,000","28,050","27,950","28,100","27,200","27,614",-50,-0.18,2.53,69.96,0.05,1.29,2.58,71.25,"63,511.30"
924,13/12/2022,VRE,"27,050","27,400","28,000","28,000","27,050","27,558",950,3.51,2.18,60.04,2.80,75.60,4.98,135.64,"63,624.92"
925,12/12/2022,VRE,"28,900","29,200","27,050","29,950","27,050","28,181","-1,850",-6.40,3.23,91.06,0.00,0.00,3.23,91.06,"61,466.21"
926,09/12/2022,VRE,"28,750","28,850","28,900","29,500","28,050","28,585",150,0.52,3.69,105.49,0.00,0.00,3.69,105.49,"65,670.00"
927,08/12/2022,VRE,"29,500","29,500","28,750","30,100","28,500","29,552",-750,-2.54,2.50,73.80,0.00,0.00,2.50,73.80,"65,329.15"
928,07/12/2022,VRE,"29,350","29,500","29,500","30,200","28,600","29,573",150,0.51,2.22,65.58,0.00,0.00,2.22,65.58,"67,033.39"
929,06/12/2022,VRE,"31,550","30,500","29,350","30,950","29,350","30,080","-2,200",-6.97,2.88,86.73,0.08,2.50,2.97,89.23,"66,692.55"
930,05/12/2022,VRE,"31,550","31,650","31,550","31,650","31,000","31,324",0,0.00,2.36,73.80,0.00,0.00,2.36,73.80,"71,691.65"
931,02/12/2022,VRE,"30,000","29,100","31,550","31,550","29,000","30,425","1,550",5.17,2.86,87.15,0.20,6.18,3.07,93.32,"71,691.65"
932,01/12/2022,VRE,"30,550","30,050","30,000","30,800","29,550","30,065",-550,-1.80,2.81,84.56,0.00,0.00,2.81,84.56,"68,169.55"
933,30/11/2022,VRE,"30,500","31,000","30,550","31,000","29,800","30,545",50,0.16,2.89,88.41,0.00,0.00,2.89,88.41,"69,419.33"
934,29/11/2022,VRE,"29,300","29,300","30,500","30,500","28,900","29,764","1,200",4.10,3.97,118.22,0.00,0.00,3.97,118.22,"69,305.71"
935,28/11/2022,VRE,"27,400","27,950","29,300","29,300","27,550","29,158","1,900",6.93,4.23,123.38,0.00,0.00,4.23,123.38,"66,578.93"
936,25/11/2022,VRE,"27,100","27,600","27,400","27,700","27,100","27,398",300,1.11,0.90,24.67,0.00,0.00,0.90,24.67,"62,261.52"
937,24/11/2022,VRE,"26,150","26,000","27,100","27,550","26,000","26,748",950,3.63,1.21,32.35,0.00,0.00,1.21,32.35,"61,579.83"
938,23/11/2022,VRE,"26,150","26,050","26,150","26,850","25,900","26,212",0,0.00,0.66,17.33,0.00,0.00,0.66,17.33,"59,421.13"
939,22/11/2022,VRE,"26,300","26,100","26,150","28,000","26,050","26,683",-150,-0.57,1.87,49.91,0.00,0.00,1.87,49.91,"59,421.13"
940,21/11/2022,VRE,"27,600","27,500","26,300","27,500","26,100","26,625","-1,300",-4.71,1.75,46.59,0.17,4.53,1.92,51.12,"59,761.97"
941,18/11/2022,VRE,"28,400","28,000","27,600","28,300","27,300","27,780",-800,-2.82,1.94,53.80,0.00,0.00,1.94,53.80,"62,715.99"
942,17/11/2022,VRE,"26,550","26,550","28,400","28,400","26,000","27,812","1,850",6.97,3.24,90.15,0.00,0.00,3.24,90.15,"64,533.84"
943,16/11/2022,VRE,"24,950","23,850","26,550","26,650","23,300","25,681","1,600",6.41,2.28,58.64,0.00,0.00,2.28,58.64,"60,330.05"
944,15/11/2022,VRE,"25,350","25,350","24,950","25,400","24,500","25,035",-400,-1.58,1.66,41.64,0.00,0.00,1.66,41.64,"56,694.34"
945,14/11/2022,VRE,"25,300","24,500","25,350","25,350","24,100","24,993",50,0.20,1.70,42.53,0.20,5.01,1.90,47.55,"57,603.27"
946,11/11/2022,VRE,"24,800","25,100","25,300","25,400","24,700","25,132",500,2.02,1.94,48.77,0.00,0.00,1.94,48.77,"57,489.66"
947,10/11/2022,VRE,"25,400","25,350","24,800","25,600","24,550","25,097",-600,-2.36,1.45,36.32,0.00,0.00,1.45,36.32,"56,353.50"
948,09/11/2022,VRE,"25,250","25,300","25,400","26,150","24,800","25,559",150,0.59,1.92,48.97,0.00,0.00,1.92,48.97,"57,716.89"
949,08/11/2022,VRE,"25,500","25,500","25,250","25,750","24,800","25,241",-250,-0.98,1.80,45.39,1.95,49.73,3.75,95.12,"57,376.04"
950,07/11/2022,VRE,"26,000","26,000","25,500","26,450","25,250","25,752",-500,-1.92,1.58,40.57,0.00,0.00,1.58,40.57,"57,944.12"
951,04/11/2022,VRE,"26,000","25,500","26,000","26,050","24,550","25,301",0,0.00,1.79,45.19,0.00,0.00,1.79,45.19,"59,080.28"
952,03/11/2022,VRE,"25,800","25,150","26,000","26,000","25,150","25,618",200,0.78,0.52,13.44,0.00,0.00,0.52,13.44,"59,080.28"
953,02/11/2022,VRE,"26,250","26,050","25,800","26,300","25,100","25,655",-450,-1.71,1.21,31.03,0.00,0.00,1.21,31.03,"58,625.81"
954,01/11/2022,VRE,"24,600","24,550","26,250","26,300","24,550","25,820","1,650",6.71,2.02,52.26,0.00,0.00,2.02,52.26,"59,648.36"
955,31/10/2022,VRE,"23,700","24,200","24,600","24,600","23,000","23,536",900,3.80,1.34,31.61,0.00,0.00,1.34,31.61,"55,899.03"
956,28/10/2022,VRE,"23,750","24,000","23,700","24,800","23,550","24,092",-50,-0.21,1.60,38.63,0.00,0.00,1.60,38.63,"53,853.95"
957,27/10/2022,VRE,"22,200","22,900","23,750","23,750","22,500","23,308","1,550",6.98,1.96,45.71,0.42,9.78,2.38,55.48,"53,967.56"
958,26/10/2022,VRE,"23,000","23,050","22,200","23,200","22,200","22,632",-800,-3.48,0.67,15.10,0.00,0.00,0.67,15.10,"50,445.47"
959,25/10/2022,VRE,"22,350","21,600","23,000","23,650","21,400","22,654",650,2.91,1.37,31.02,0.00,0.00,1.37,31.02,"52,263.32"
960,24/10/2022,VRE,"24,000","24,650","22,350","24,650","22,350","22,600","-1,650",-6.88,1.78,40.19,0.00,0.00,1.78,40.19,"50,786.32"
961,21/10/2022,VRE,"25,100","24,900","24,000","25,000","24,000","24,212","-1,100",-4.38,0.72,17.45,0.00,0.00,0.72,17.45,"54,535.64"
962,20/10/2022,VRE,"25,200","25,000","25,100","25,350","24,600","25,067",-100,-0.40,1.37,34.22,0.00,0.00,1.37,34.22,"57,035.19"
963,19/10/2022,VRE,"25,800","25,600","25,200","25,850","24,950","25,195",-600,-2.33,0.66,16.67,0.00,0.00,0.66,16.67,"57,262.42"
964,18/10/2022,VRE,"24,900","25,300","25,800","25,800","24,800","25,360",900,3.61,0.86,21.69,0.00,0.00,0.86,21.69,"58,625.81"
965,17/10/2022,VRE,"25,200","24,300","24,900","24,900","23,900","24,308",-300,-1.19,1.04,25.23,0.00,0.00,1.04,25.23,"56,580.73"
966,14/10/2022,VRE,"25,600","26,000","25,200","26,000","25,050","25,447",-400,-1.56,0.67,17.07,0.00,0.00,0.67,17.07,"57,262.42"
967,13/10/2022,VRE,"24,200","24,200","25,600","25,600","23,800","24,889","1,400",5.79,1.58,39.44,0.00,0.00,1.58,39.44,"58,171.35"
968,12/10/2022,VRE,"23,650","22,300","24,200","24,850","22,000","23,843",550,2.33,2.28,54.40,0.00,0.00,2.28,54.40,"54,990.11"
969,11/10/2022,VRE,"25,400","25,300","23,650","25,600","23,650","24,383","-1,750",-6.89,2.58,62.82,0.00,0.00,2.58,62.82,"53,740.33"
970,10/10/2022,VRE,"26,000","25,300","25,400","27,200","25,000","25,922",-600,-2.31,1.76,45.62,0.00,0.00,1.76,45.62,"57,716.89"
971,07/10/2022,VRE,"26,500","26,200","26,000","27,150","24,900","25,862",-500,-1.89,2.46,63.73,0.00,0.00,2.46,63.73,"59,080.28"
972,06/10/2022,VRE,"27,000","27,050","26,500","27,500","26,500","26,788",-500,-1.85,1.26,33.83,1.47,38.96,2.73,72.79,"60,216.44"
973,05/10/2022,VRE,"26,700","26,750","27,000","27,900","26,550","27,122",300,1.12,0.92,25.03,0.00,0.00,0.92,25.03,"61,352.60"
974,04/10/2022,VRE,"26,100","26,250","26,700","27,000","25,400","26,313",600,2.30,1.74,45.91,5.73,149.55,7.47,195.46,"60,670.90"
975,03/10/2022,VRE,"28,000","27,550","26,100","27,900","26,100","26,823","-1,900",-6.79,1.36,36.59,0.00,0.00,1.36,36.59,"59,307.51"
976,30/09/2022,VRE,"27,200","26,900","28,000","28,000","26,900","27,499",800,2.94,1.80,49.51,0.00,0.00,1.80,49.51,"63,624.92"
977,29/09/2022,VRE,"26,850","27,200","27,200","27,800","26,950","27,371",350,1.30,1.58,43.38,0.70,19.17,2.28,62.54,"61,807.06"
978,28/09/2022,VRE,"26,650","26,500","26,850","27,100","26,500","26,734",200,0.75,1.12,29.89,0.00,0.00,1.12,29.89,"61,011.75"
979,27/09/2022,VRE,"26,650","27,150","26,650","27,400","26,600","26,864",0,0.00,1.27,34.15,0.00,0.00,1.27,34.15,"60,557.29"
980,26/09/2022,VRE,"28,500","27,900","26,650","28,200","26,650","27,423","-1,850",-6.49,1.76,48.39,0.00,0.00,1.76,48.39,"60,557.29"
981,23/09/2022,VRE,"28,650","28,250","28,500","28,650","28,250","28,418",-150,-0.52,0.52,14.64,0.00,0.00,0.52,14.64,"64,761.07"
982,22/09/2022,VRE,"28,600","28,150","28,650","28,650","27,750","28,175",50,0.17,0.78,21.94,0.00,0.00,0.78,21.94,"65,101.92"
983,21/09/2022,VRE,"29,050","28,650","28,600","28,850","28,300","28,498",-450,-1.55,0.49,14.08,0.00,0.00,0.49,14.08,"64,988.31"
984,20/09/2022,VRE,"29,100","29,100","29,050","29,150","28,600","28,901",-50,-0.17,1.48,42.79,0.00,0.00,1.48,42.79,"66,010.85"
985,19/09/2022,VRE,"29,850","29,250","29,100","29,350","28,800","29,043",-750,-2.51,1.60,46.55,0.00,0.00,1.60,46.55,"66,124.47"
986,16/09/2022,VRE,"28,850","28,850","29,850","29,850","28,200","29,478","1,000",3.47,2.87,84.62,0.00,0.00,2.87,84.62,"67,828.70"
987,15/09/2022,VRE,"28,500","28,600","28,850","29,000","28,300","28,730",350,1.23,1.09,31.39,0.24,6.87,1.33,38.26,"65,556.39"
988,14/09/2022,VRE,"28,350","28,350","28,500","28,700","27,950","28,272",150,0.53,1.33,37.67,0.00,0.00,1.33,37.67,"64,761.07"
989,13/09/2022,VRE,"28,750","28,850","28,350","29,200","28,350","28,930",-400,-1.39,1.87,54.17,0.00,0.00,1.87,54.17,"64,420.23"
990,12/09/2022,VRE,"27,500","27,650","28,750","28,800","27,650","28,444","1,250",4.55,1.87,53.24,0.00,0.00,1.87,53.24,"65,329.15"
991,09/09/2022,VRE,"27,400","27,800","27,500","27,800","27,200","27,408",100,0.36,1.27,34.81,0.21,5.79,1.48,40.60,"62,488.76"
992,08/09/2022,VRE,"27,650","27,650","27,400","27,950","27,400","27,610",-250,-0.90,1.03,28.36,0.00,0.00,1.03,28.36,"62,261.52"
993,07/09/2022,VRE,"28,050","27,900","27,650","28,250","27,600","27,978",-400,-1.43,1.88,52.48,0.00,0.00,1.88,52.48,"62,829.60"
994,06/09/2022,VRE,"27,550","27,600","28,050","28,050","27,450","27,758",500,1.81,1.80,50.05,0.00,0.00,1.80,50.05,"63,738.53"
995,05/09/2022,VRE,"27,700","27,750","27,550","28,000","27,550","27,700",-150,-0.54,1.47,40.58,5.39,149.16,6.85,189.75,"62,602.37"
996,31/08/2022,VRE,"28,400","28,100","27,700","28,400","27,700","27,946",-700,-2.46,2.06,57.62,0.00,0.00,2.06,57.62,"62,943.22"
997,30/08/2022,VRE,"28,400","28,400","28,400","28,800","28,300","28,537",0,0.00,0.89,25.28,0.00,0.00,0.89,25.28,"64,533.84"
998,29/08/2022,VRE,"28,850","28,100","28,400","28,600","27,850","28,117",-450,-1.56,1.94,54.58,5.19,149.73,7.13,204.31,"64,533.84"
999,26/08/2022,VRE,"29,200","29,200","28,850","29,350","28,850","29,072",-350,-1.20,0.95,27.74,0.07,1.97,1.02,29.71,"65,556.39"
1000,25/08/2022,VRE,"28,600","28,500","29,200","29,200","28,500","28,859",600,2.10,1.13,32.62,0.00,0.00,1.13,32.62,"66,351.70"
1001,24/08/2022,VRE,"28,850","28,900","28,600","28,900","28,550","28,611",-250,-0.87,1.57,44.89,6.23,179.76,7.80,224.66,"64,988.31"
1002,23/08/2022,VRE,"29,050","28,500","28,850","29,000","28,350","28,624",-200,-0.69,1.85,52.89,0.00,0.00,1.85,52.89,"65,556.39"
1003,22/08/2022,VRE,"29,300","29,150","29,050","29,300","28,450","28,730",-250,-0.85,1.38,39.71,0.00,0.00,1.38,39.71,"66,010.85"
1004,19/08/2022,VRE,"29,600","29,100","29,300","29,600","28,650","29,093",-300,-1.01,2.50,72.85,0.10,2.91,2.60,75.76,"66,578.93"
1005,18/08/2022,VRE,"29,500","29,500","29,600","29,750","29,150","29,532",100,0.34,2.27,67.09,0.00,0.00,2.27,67.09,"67,260.62"
1006,17/08/2022,VRE,"29,300","29,300","29,500","29,650","29,250","29,507",200,0.68,1.63,48.19,0.00,0.00,1.63,48.19,"67,033.39"
1007,16/08/2022,VRE,"29,550","29,400","29,300","29,550","29,100","29,331",-250,-0.85,1.10,32.21,0.00,0.00,1.10,32.21,"66,578.93"
1008,15/08/2022,VRE,"29,350","29,400","29,550","29,700","29,350","29,507",200,0.68,1.21,35.64,0.00,0.00,1.21,35.64,"67,147.01"
1009,12/08/2022,VRE,"28,900","28,550","29,350","29,450","28,550","29,228",450,1.56,0.98,28.62,0.10,2.89,1.08,31.51,"66,692.55"
1010,11/08/2022,VRE,"28,400","28,650","28,900","29,550","28,500","29,192",500,1.76,2.32,67.76,0.00,0.00,2.32,67.76,"65,670.00"
1011,10/08/2022,VRE,"28,550","28,500","28,400","28,900","28,400","28,589",-150,-0.53,0.82,23.56,0.00,0.00,0.82,23.56,"64,533.84"
1012,09/08/2022,VRE,"28,700","28,800","28,550","28,900","28,550","28,702",-150,-0.52,0.77,22.16,0.00,0.00,0.77,22.16,"64,874.69"
1013,08/08/2022,VRE,"28,950","28,700","28,700","28,950","28,700","28,791",-250,-0.86,0.93,26.87,0.00,0.00,0.93,26.87,"65,215.54"
1014,05/08/2022,VRE,"29,000","28,500","28,950","29,100","28,500","28,853",-50,-0.17,1.30,37.47,0.00,0.00,1.30,37.47,"65,783.62"
1015,04/08/2022,VRE,"29,050","28,900","29,000","29,500","28,650","28,987",-50,-0.17,1.21,35.18,0.00,0.00,1.21,35.18,"65,897.23"
1016,03/08/2022,VRE,"29,000","28,500","29,050","29,050","28,300","28,813",50,0.17,1.94,55.91,0.41,11.49,2.35,67.40,"66,010.85"
1017,02/08/2022,VRE,"29,000","28,700","29,000","29,000","28,350","28,722",0,0.00,2.18,62.70,0.02,0.54,2.20,63.24,"65,897.23"
1018,01/08/2022,VRE,"28,000","28,000","29,000","29,000","27,800","28,428","1,000",3.57,2.24,63.64,0.00,0.00,2.24,63.64,"65,897.23"
1019,29/07/2022,VRE,"28,100","28,400","28,000","28,550","27,600","28,080",-100,-0.36,2.02,56.85,1.16,32.64,3.19,89.49,"63,624.92"
1020,28/07/2022,VRE,"26,300","26,400","28,100","28,100","26,350","27,460","1,800",6.84,4.38,120.27,0.00,0.00,4.38,120.27,"63,852.15"
1021,27/07/2022,VRE,"26,050","26,200","26,300","26,300","26,000","26,174",250,0.96,0.68,17.71,0.00,0.00,0.68,17.71,"59,761.97"
1022,26/07/2022,VRE,"26,300","26,100","26,050","26,400","26,000","26,154",-250,-0.95,0.55,14.40,0.00,0.00,0.55,14.40,"59,193.89"
1023,25/07/2022,VRE,"26,000","26,050","26,300","26,300","25,850","26,090",300,1.15,1.17,30.63,0.00,0.00,1.17,30.63,"59,761.97"
1024,22/07/2022,VRE,"26,300","26,350","26,000","26,700","26,000","26,377",-300,-1.14,1.15,30.23,0.07,1.72,1.22,31.94,"59,080.28"
1025,21/07/2022,VRE,"26,050","26,100","26,300","26,450","26,000","26,191",250,0.96,2.01,52.54,0.65,17.33,2.65,69.86,"59,761.97"
1026,20/07/2022,VRE,"26,000","26,100","26,050","26,250","26,000","26,083",50,0.19,1.42,37.14,0.07,1.82,1.49,38.96,"59,193.89"
1027,19/07/2022,VRE,"26,050","25,800","26,000","26,050","25,750","25,875",-50,-0.19,0.94,24.27,0.00,0.00,0.94,24.27,"59,080.28"
1028,18/07/2022,VRE,"26,200","26,300","26,050","26,450","26,000","26,110",-150,-0.57,0.51,13.28,0.17,4.49,0.68,17.77,"59,193.89"
1029,15/07/2022,VRE,"26,050","26,000","26,200","26,300","25,650","26,018",150,0.58,1.22,31.63,0.00,0.00,1.22,31.63,"59,534.74"
1030,14/07/2022,VRE,"26,250","26,500","26,050","26,500","25,900","26,076",-200,-0.76,1.16,30.27,0.00,0.00,1.16,30.27,"59,193.89"
1031,13/07/2022,VRE,"26,200","26,200","26,250","26,600","25,800","26,207",50,0.19,0.81,21.12,0.00,0.00,0.81,21.12,"59,648.36"
1032,12/07/2022,VRE,"26,000","26,100","26,200","26,450","25,600","26,086",200,0.77,1.09,28.37,0.00,0.00,1.09,28.37,"59,534.74"
1033,11/07/2022,VRE,"27,000","26,000","26,000","26,500","25,150","25,804","-1,000",-3.70,3.47,89.51,0.00,0.00,3.47,89.51,"59,080.28"
1034,08/07/2022,VRE,"27,000","27,000","27,000","27,250","26,600","27,028",0,0.00,1.04,28.04,0.37,9.91,1.40,37.95,"61,352.60"
1035,07/07/2022,VRE,"26,000","26,200","27,000","27,000","26,200","26,695","1,000",3.85,2.40,64.14,0.00,0.00,2.40,64.14,"61,352.60"
1036,06/07/2022,VRE,"27,950","27,600","26,000","28,000","26,000","26,811","-1,950",-6.98,3.21,86.09,0.00,0.00,3.21,86.09,"59,080.28"
1037,05/07/2022,VRE,"28,500","28,500","27,950","28,800","27,950","28,240",-550,-1.93,1.08,30.49,0.22,6.14,1.30,36.63,"63,511.30"
1038,04/07/2022,VRE,"28,650","28,950","28,500","28,950","28,350","28,575",-150,-0.52,0.97,27.69,0.00,0.00,0.97,27.69,"64,761.07"
1039,01/07/2022,VRE,"28,550","28,550","28,650","28,650","27,900","28,291",100,0.35,1.81,51.12,0.09,2.65,1.90,53.77,"65,101.92"
1040,30/06/2022,VRE,"28,450","28,500","28,550","28,850","28,000","28,398",100,0.35,1.61,45.58,0.36,10.08,1.96,55.66,"64,874.69"
1041,29/06/2022,VRE,"28,850","28,700","28,450","29,150","28,400","28,695",-400,-1.39,1.10,31.43,0.00,0.00,1.10,31.43,"64,647.46"
1042,28/06/2022,VRE,"28,750","28,400","28,850","29,450","28,400","29,093",100,0.35,1.37,39.77,1.48,40.03,2.85,79.81,"65,556.39"
1043,27/06/2022,VRE,"27,550","27,700","28,750","28,800","27,650","28,268","1,200",4.36,1.27,35.93,0.00,0.00,1.27,35.93,"65,329.15"
1044,24/06/2022,VRE,"28,050","28,100","27,550","28,400","27,550","27,994",-500,-1.78,0.97,27.28,0.00,0.00,0.97,27.28,"62,602.37"
1045,23/06/2022,VRE,"28,500","28,050","28,050","28,450","28,000","28,110",-450,-1.58,0.80,22.53,0.00,0.00,0.80,22.53,"63,738.53"
1046,22/06/2022,VRE,"28,000","28,500","28,500","28,900","28,100","28,489",500,1.79,1.22,34.81,0.00,0.00,1.22,34.81,"64,761.07"
1047,21/06/2022,VRE,"28,700","27,600","28,000","28,350","27,600","28,097",-700,-2.44,2.57,72.29,0.00,0.00,2.57,72.29,"63,624.92"
1048,20/06/2022,VRE,"29,350","29,300","28,700","29,300","28,100","28,643",-650,-2.21,2.18,62.53,0.00,0.00,2.18,62.53,"65,215.54"
1049,17/06/2022,VRE,"29,200","28,800","29,350","29,850","28,500","29,244",150,0.51,2.35,68.73,0.00,0.00,2.35,68.73,"66,692.55"
1050,16/06/2022,VRE,"28,900","28,900","29,200","30,500","28,650","29,685",300,1.04,3.09,91.74,0.00,0.00,3.09,91.74,"66,351.70"
1051,15/06/2022,VRE,"29,150","29,150","28,900","29,150","28,300","28,781",-250,-0.86,2.50,71.90,0.00,0.00,2.50,71.90,"65,670.00"
1052,14/06/2022,VRE,"29,000","27,150","29,150","29,150","27,150","28,705",150,0.52,2.29,65.72,0.00,0.00,2.29,65.72,"66,238.08"
1053,13/06/2022,VRE,"30,500","29,100","29,000","29,400","28,400","28,833","-1,500",-4.92,3.18,91.67,0.00,0.00,3.18,91.67,"65,897.23"
1054,10/06/2022,VRE,"30,900","30,600","30,500","30,600","29,950","30,384",-400,-1.29,1.94,58.84,0.00,0.00,1.94,58.84,"69,305.71"
1055,09/06/2022,VRE,"30,400","30,400","30,900","30,900","30,000","30,462",500,1.64,1.44,43.94,0.00,0.00,1.44,43.94,"70,214.64"
1056,08/06/2022,VRE,"29,900","29,700","30,400","30,500","29,700","30,305",500,1.67,2.17,65.77,0.00,0.00,2.17,65.77,"69,078.48"
1057,07/06/2022,VRE,"29,950","29,650","29,900","29,900","29,150","29,675",-50,-0.17,1.84,54.57,0.00,0.00,1.84,54.57,"67,942.32"
1058,06/06/2022,VRE,"29,950","29,950","29,950","30,000","29,500","29,822",0,0.00,1.39,41.36,0.00,0.00,1.39,41.36,"68,055.94"
1059,03/06/2022,VRE,"29,950","29,500","29,950","29,950","29,300","29,773",0,0.00,1.49,44.40,0.00,0.00,1.49,44.40,"68,055.94"
1060,02/06/2022,VRE,"30,050","29,800","29,950","30,200","29,600","29,939",-100,-0.33,1.95,58.32,0.45,12.54,2.40,70.86,"68,055.94"
1061,01/06/2022,VRE,"30,150","29,900","30,050","30,150","29,550","29,870",-100,-0.33,2.30,68.75,0.00,0.00,2.30,68.75,"68,283.17"
1062,31/05/2022,VRE,"29,950","29,850","30,150","30,300","29,400","29,939",200,0.67,2.50,74.80,0.00,0.00,2.50,74.80,"68,510.40"
1063,30/05/2022,VRE,"29,800","29,800","29,950","29,950","29,200","29,724",150,0.50,2.85,84.69,0.00,0.00,2.85,84.69,"68,055.94"
1064,27/05/2022,VRE,"29,600","29,200","29,800","29,800","29,000","29,463",200,0.68,2.96,87.19,0.00,0.00,2.96,87.19,"67,715.09"
1065,26/05/2022,VRE,"29,450","29,400","29,600","29,750","28,950","29,415",150,0.51,1.98,58.13,0.00,0.00,1.98,58.13,"67,260.62"
1066,25/05/2022,VRE,"28,100","28,050","29,450","29,450","27,650","28,654","1,350",4.80,4.12,118.09,0.00,0.00,4.12,118.09,"66,919.78"
1067,24/05/2022,VRE,"27,350","27,350","28,100","28,100","26,600","27,432",750,2.74,2.61,71.63,0.00,0.00,2.61,71.63,"63,852.15"
1068,23/05/2022,VRE,"27,350","27,100","27,350","27,850","26,400","27,119",0,0.00,2.27,61.49,0.00,0.00,2.27,61.49,"62,147.91"
1069,20/05/2022,VRE,"27,400","27,400","27,350","27,700","26,850","27,271",-50,-0.18,2.13,58.02,0.00,0.00,2.13,58.02,"62,147.91"
1070,19/05/2022,VRE,"27,400","26,500","27,400","27,900","26,500","26,994",0,0.00,2.29,61.93,0.00,0.00,2.29,61.93,"62,261.52"
1071,18/05/2022,VRE,"27,400","27,500","27,400","27,650","26,750","27,147",0,0.00,6.04,163.91,0.02,0.54,6.06,164.45,"62,261.52"
1072,17/05/2022,VRE,"26,250","26,000","27,400","27,500","25,800","26,494","1,150",4.38,4.23,112.15,0.00,0.00,4.23,112.15,"62,261.52"
1073,16/05/2022,VRE,"25,300","25,500","26,250","26,800","25,500","26,234",950,3.75,4.65,121.98,0.00,0.00,4.65,121.98,"59,648.36"
1074,13/05/2022,VRE,"26,900","26,750","25,300","27,300","25,100","26,233","-1,600",-5.95,6.90,181.06,0.00,0.00,6.90,181.06,"57,489.66"
1075,12/05/2022,VRE,"28,900","28,500","26,900","28,900","26,900","27,868","-2,000",-6.92,3.70,103.22,0.00,0.00,3.70,103.22,"61,125.37"
1076,11/05/2022,VRE,"28,100","28,500","28,900","29,700","28,200","29,075",800,2.85,4.34,126.27,1.18,34.37,5.52,160.65,"65,670.00"
1077,10/05/2022,VRE,"28,200","27,900","28,100","28,350","27,800","28,022",-100,-0.35,4.23,118.43,0.09,2.30,4.31,120.73,"63,852.15"
1078,09/05/2022,VRE,"29,600","29,800","28,200","29,900","27,900","28,986","-1,400",-4.73,7.50,217.31,0.04,1.27,7.54,218.58,"64,079.38"
1079,06/05/2022,VRE,"30,300","29,600","29,600","30,500","29,600","30,125",-700,-2.31,7.48,225.44,0.47,14.46,7.95,239.89,"67,260.62"
1080,05/05/2022,VRE,"29,950","30,100","30,300","30,400","29,600","30,044",350,1.17,2.50,75.12,0.00,0.00,2.50,75.12,"68,851.25"
1081,04/05/2022,VRE,"30,900","30,750","29,950","30,750","29,800","30,178",-950,-3.07,2.43,73.43,0.04,1.32,2.47,74.75,"68,055.94"
1082,29/04/2022,VRE,"29,850","30,000","30,900","30,900","29,850","30,345","1,050",3.52,4.19,127.01,0.00,0.00,4.19,127.01,"70,214.64"
1083,28/04/2022,VRE,"30,500","30,500","29,850","30,550","29,850","30,113",-650,-2.13,3.49,105.05,0.00,0.00,3.49,105.05,"67,828.70"
1084,27/04/2022,VRE,"31,050","31,000","30,500","31,000","29,600","30,300",-550,-1.77,4.01,121.52,0.80,24.02,4.81,145.54,"69,305.71"
1085,26/04/2022,VRE,"29,050","29,100","31,050","31,050","28,400","29,601","2,000",6.88,6.14,181.84,0.30,8.87,6.44,190.71,"70,555.49"
1086,25/04/2022,VRE,"30,900","31,350","29,050","31,350","28,750","30,153","-1,850",-5.99,5.63,169.83,0.18,5.58,5.81,175.41,"66,010.85"
1087,22/04/2022,VRE,"30,500","30,750","30,900","31,200","30,500","30,846",400,1.31,3.24,99.89,0.00,0.00,3.24,99.89,"70,214.64"
1088,21/04/2022,VRE,"30,650","30,650","30,500","30,750","28,550","30,163",-150,-0.49,5.57,168.07,0.00,0.00,5.57,168.07,"69,305.71"
1089,20/04/2022,VRE,"30,850","30,850","30,650","31,050","30,450","30,815",-200,-0.65,3.60,111.08,0.18,5.58,3.78,116.66,"69,646.56"
1090,19/04/2022,VRE,"31,350","31,250","30,850","31,850","30,850","31,263",-500,-1.59,3.40,106.42,0.00,0.00,3.40,106.42,"70,101.02"
1091,18/04/2022,VRE,"31,500","31,450","31,350","32,000","31,250","31,514",-150,-0.48,3.52,110.83,0.04,1.34,3.56,112.16,"71,237.18"
1092,15/04/2022,VRE,"31,850","31,850","31,500","32,400","31,500","31,833",-350,-1.10,3.17,100.94,0.00,0.00,3.17,100.94,"71,578.03"
1093,14/04/2022,VRE,"31,850","32,000","31,850","32,100","31,750","31,913",0,0.00,2.22,70.94,0.00,0.00,2.22,70.94,"72,373.34"
1094,13/04/2022,VRE,"31,100","31,250","31,850","31,900","31,200","31,561",750,2.41,2.71,85.65,0.04,1.32,2.75,86.96,"72,373.34"
1095,12/04/2022,VRE,"32,200","32,200","31,100","32,450","31,100","31,645","-1,100",-3.42,4.99,158.01,0.00,0.00,4.99,158.01,"70,669.10"
1096,08/04/2022,VRE,"32,650","32,550","32,200","33,000","32,200","32,623",-450,-1.38,3.25,105.89,0.00,0.00,3.25,105.89,"73,168.65"
1097,07/04/2022,VRE,"33,600","33,650","32,650","33,800","32,650","33,214",-950,-2.83,4.39,145.71,0.00,0.00,4.39,145.71,"74,191.20"
1098,06/04/2022,VRE,"33,650","33,650","33,600","34,150","33,400","33,720",-50,-0.15,5.41,182.48,0.00,0.00,5.41,182.48,"76,349.90"
1099,05/04/2022,VRE,"34,050","33,800","33,650","34,200","33,500","33,826",-400,-1.17,3.10,104.70,0.00,0.00,3.10,104.70,"76,463.51"
1100,04/04/2022,VRE,"34,050","34,600","34,050","34,650","34,050","34,264",0,0.00,4.02,137.70,0.14,4.47,4.16,142.17,"77,372.44"
1101,01/04/2022,VRE,"33,450","33,400","34,050","34,050","33,050","33,722",600,1.79,6.49,218.73,0.00,0.00,6.49,218.73,"77,372.44"
1102,31/03/2022,VRE,"32,500","32,850","33,450","33,750","32,700","33,401",950,2.92,5.66,189.02,0.06,1.93,5.72,190.95,"76,009.05"
1103,30/03/2022,VRE,"32,550","32,550","32,500","33,150","32,400","32,771",-50,-0.15,3.40,111.37,0.00,0.00,3.40,111.37,"73,850.35"
1104,29/03/2022,VRE,"32,000","32,400","32,550","32,750","32,150","32,466",550,1.72,2.71,87.82,0.02,0.65,2.73,88.47,"73,963.96"
1105,28/03/2022,VRE,"32,700","32,500","32,000","32,900","32,000","32,552",-700,-2.14,3.67,119.56,0.06,1.94,3.73,121.50,"72,714.19"
1106,25/03/2022,VRE,"32,800","32,800","32,700","32,950","32,600","32,783",-100,-0.30,2.09,68.44,0.00,0.00,2.09,68.44,"74,304.81"
1107,24/03/2022,VRE,"32,850","32,850","32,800","33,100","32,750","32,919",-50,-0.15,3.31,108.98,0.02,0.66,3.33,109.64,"74,532.04"
1108,23/03/2022,VRE,"33,200","33,100","32,850","33,500","32,850","33,251",-350,-1.05,3.72,123.85,0.02,0.65,3.74,124.50,"74,645.66"
1109,22/03/2022,VRE,"33,200","33,000","33,200","33,350","32,950","33,172",0,0.00,4.01,132.98,0.00,0.00,4.01,132.98,"75,440.97"
1110,21/03/2022,VRE,"33,000","33,000","33,200","33,300","32,800","33,057",200,0.61,3.56,117.56,0.02,0.66,3.58,118.22,"75,440.97"
1111,18/03/2022,VRE,"32,250","32,450","33,000","33,350","32,150","32,873",750,2.33,6.81,223.72,0.02,0.65,6.83,224.37,"74,986.51"
1112,17/03/2022,VRE,"31,750","32,000","32,250","32,250","31,950","32,111",500,1.57,2.49,79.87,0.00,0.00,2.49,79.87,"73,282.27"
1113,16/03/2022,VRE,"31,750","32,000","31,750","32,150","31,750","31,935",0,0.00,3.47,110.86,0.00,0.00,3.47,110.86,"72,146.11"
1114,15/03/2022,VRE,"32,000","32,000","31,750","32,250","31,650","31,930",-250,-0.78,3.27,104.31,0.00,0.00,3.27,104.31,"72,146.11"
1115,14/03/2022,VRE,"31,850","31,650","32,000","32,450","31,000","31,681",150,0.47,5.19,164.46,0.36,11.22,5.55,175.68,"72,714.19"
1116,11/03/2022,VRE,"32,000","31,700","31,850","32,500","31,500","31,832",-150,-0.47,3.61,114.84,0.00,0.00,3.61,114.84,"72,373.34"
1117,10/03/2022,VRE,"31,600","32,100","32,000","32,600","32,000","32,309",400,1.27,14.05,453.80,0.00,0.00,14.05,453.80,"72,714.19"
1118,09/03/2022,VRE,"32,500","32,500","31,600","32,600","31,600","31,983",-900,-2.77,6.56,209.82,0.00,0.00,6.56,209.82,"71,805.26"
1119,08/03/2022,VRE,"32,900","32,750","32,500","33,000","32,500","32,766",-400,-1.22,4.93,161.70,0.03,0.99,4.97,162.69,"73,850.35"
1120,07/03/2022,VRE,"33,750","33,300","32,900","33,300","32,800","32,966",-850,-2.52,10.89,359.10,0.00,0.00,10.89,359.10,"74,759.28"
1121,04/03/2022,VRE,"32,700","32,650","33,750","34,000","32,350","32,861","1,050",3.21,12.25,402.49,0.00,0.00,12.25,402.49,"76,690.75"
1122,03/03/2022,VRE,"32,800","33,000","32,700","33,100","32,500","32,735",-100,-0.30,6.80,222.47,0.00,0.00,6.80,222.47,"74,304.81"
1123,02/03/2022,VRE,"33,500","33,400","32,800","33,500","32,600","32,994",-700,-2.09,7.56,249.57,0.03,1.00,7.59,250.56,"74,532.04"
1124,01/03/2022,VRE,"33,500","33,500","33,500","33,900","33,300","33,550",0,0.00,4.02,134.92,0.00,0.00,4.02,134.92,"76,122.67"
1125,28/02/2022,VRE,"34,000","34,000","33,500","34,200","33,500","33,785",-500,-1.47,5.20,175.79,0.00,0.00,5.20,175.79,"76,122.67"
1126,25/02/2022,VRE,"34,000","34,400","34,000","34,500","34,000","34,224",0,0.00,4.08,139.65,0.00,0.00,4.08,139.65,"77,258.83"
1127,24/02/2022,VRE,"34,900","34,650","34,000","34,900","33,150","34,159",-900,-2.58,12.18,416.15,0.00,0.00,12.18,416.15,"77,258.83"
1128,23/02/2022,VRE,"34,500","34,950","34,900","35,450","34,600","35,037",400,1.16,6.77,237.19,0.00,0.00,6.77,237.19,"79,303.91"
1129,22/02/2022,VRE,"34,100","33,900","34,500","34,800","33,500","34,365",400,1.17,7.45,255.86,0.20,6.87,7.65,262.73,"78,394.99"
1130,21/02/2022,VRE,"33,600","33,550","34,100","34,200","33,450","33,776",500,1.49,5.51,186.10,0.00,0.00,5.51,186.10,"77,486.06"
1131,18/02/2022,VRE,"34,450","34,000","33,600","34,350","33,500","33,878",-850,-2.47,6.18,209.44,0.00,0.00,6.18,209.44,"76,349.90"
1132,17/02/2022,VRE,"34,300","34,300","34,450","34,750","34,000","34,407",150,0.44,3.76,129.53,0.10,3.44,3.86,132.97,"78,281.37"
1133,16/02/2022,VRE,"34,000","34,200","34,300","34,450","33,750","34,072",300,0.88,4.75,161.79,0.00,0.00,4.75,161.79,"77,940.52"
1134,15/02/2022,VRE,"33,000","33,000","34,000","34,000","32,700","33,374","1,000",3.03,8.11,270.57,0.00,0.00,8.11,270.57,"77,258.83"
1135,14/02/2022,VRE,"34,600","33,600","33,000","34,250","33,000","33,714","-1,600",-4.62,9.23,311.32,0.00,0.00,9.23,311.32,"74,986.51"
1136,11/02/2022,VRE,"36,000","35,950","34,600","35,950","34,600","35,218","-1,400",-3.89,7.74,272.65,0.00,0.00,7.74,272.65,"78,622.22"
1137,10/02/2022,VRE,"35,900","36,000","36,000","36,700","35,300","36,137",100,0.28,11.03,398.44,0.00,0.00,11.03,398.44,"81,803.46"
1138,09/02/2022,VRE,"35,500","35,500","35,900","35,900","35,400","35,657",400,1.13,5.34,190.41,0.00,0.00,5.34,190.41,"81,576.23"
1139,08/02/2022,VRE,"35,500","35,500","35,500","35,950","35,000","35,400",0,0.00,5.48,194.00,0.10,3.31,5.58,197.31,"80,667.30"
1140,07/02/2022,VRE,"34,950","35,800","35,500","36,850","35,100","36,064",550,1.57,12.21,440.18,0.00,0.00,12.21,440.18,"80,667.30"
1141,28/01/2022,VRE,"34,200","34,100","34,950","35,800","34,100","35,155",750,2.19,9.72,341.73,0.14,4.78,9.86,346.51,"79,417.53"
1142,27/01/2022,VRE,"33,900","33,800","34,200","34,950","33,600","34,406",300,0.88,6.13,211.04,0.00,0.00,6.13,211.04,"77,713.29"
1143,26/01/2022,VRE,"33,150","33,600","33,900","35,250","33,150","34,196",750,2.26,8.97,306.61,0.00,0.00,8.97,306.61,"77,031.59"
1144,25/01/2022,VRE,"31,000","31,850","33,150","33,150","31,000","32,016","2,150",6.94,6.18,197.77,0.06,1.85,6.23,199.62,"75,327.36"
1145,24/01/2022,VRE,"33,100","33,100","31,000","33,100","31,000","32,097","-2,100",-6.34,6.70,215.19,0.00,0.00,6.70,215.19,"70,441.87"
1146,21/01/2022,VRE,"33,600","33,650","33,100","34,000","33,100","33,476",-500,-1.49,4.57,152.92,0.00,0.00,4.57,152.92,"75,213.74"
1147,20/01/2022,VRE,"33,250","32,900","33,600","34,300","32,700","33,604",350,1.05,5.39,181.03,1.26,39.29,6.65,220.32,"76,349.90"
1148,19/01/2022,VRE,"32,400","32,600","33,250","33,300","32,500","33,004",850,2.62,5.00,164.96,0.00,0.00,5.00,164.96,"75,554.59"
1149,18/01/2022,VRE,"32,000","31,600","32,400","33,200","31,500","32,190",400,1.25,9.21,296.38,0.00,0.00,9.21,296.38,"73,623.12"
1150,17/01/2022,VRE,"34,400","34,200","32,000","34,700","32,000","33,003","-2,400",-6.98,10.93,360.86,0.00,0.00,10.93,360.86,"72,714.19"
1151,14/01/2022,VRE,"33,800","33,000","34,400","34,650","33,000","34,020",600,1.78,5.55,188.79,0.13,4.00,5.68,192.79,"78,167.75"
1152,13/01/2022,VRE,"36,000","36,100","33,800","36,250","33,800","35,000","-2,200",-6.11,10.55,369.24,0.15,5.06,10.70,374.30,"76,804.36"
1153,12/01/2022,VRE,"34,200","33,950","36,000","36,050","32,200","34,070","1,800",5.26,17.91,610.32,0.00,0.00,17.91,610.32,"81,803.46"
1154,11/01/2022,VRE,"35,000","34,800","34,200","35,600","33,950","34,783",-800,-2.29,13.56,471.56,0.13,4.77,13.68,476.33,"77,713.29"
1155,10/01/2022,VRE,"34,750","34,650","35,000","36,500","34,650","35,813",250,0.72,11.06,396.02,0.13,4.87,11.19,400.89,"79,531.14"
1156,07/01/2022,VRE,"35,600","35,950","34,750","37,000","34,750","35,640",-850,-2.39,16.45,586.18,0.00,0.00,16.45,586.18,"78,963.06"
1157,06/01/2022,VRE,"33,300","34,500","35,600","35,600","34,100","35,360","2,300",6.91,24.90,880.39,0.13,3.95,25.03,884.33,"80,894.54"
1158,05/01/2022,VRE,"31,150","31,250","33,300","33,300","31,250","32,791","2,150",6.90,10.79,353.81,0.13,3.80,10.92,357.61,"75,668.20"
1159,04/01/2022,VRE,"30,100","30,300","31,150","31,500","30,300","31,048","1,050",3.49,8.23,255.46,0.00,0.00,8.23,255.46,"70,782.72"
1160,31/12/2021,VRE,"30,500","30,550","30,100","31,050","30,100","30,407",-400,-1.31,6.18,187.83,0.13,4.15,6.30,191.98,"68,396.78"
1161,30/12/2021,VRE,"30,550","30,500","30,500","31,150","30,400","30,709",-50,-0.16,4.06,124.72,0.13,4.28,4.19,128.99,"69,305.71"
1162,29/12/2021,VRE,"30,800","30,800","30,550","31,450","30,450","30,785",-250,-0.81,5.01,154.23,0.21,6.46,5.22,160.69,"69,419.33"
1163,28/12/2021,VRE,"31,300","31,300","30,800","31,350","30,650","30,887",-500,-1.60,5.74,177.31,0.13,3.71,5.87,181.02,"69,987.41"
1164,27/12/2021,VRE,"31,250","31,500","31,300","31,500","30,900","31,237",50,0.16,4.67,145.81,0.71,21.85,5.37,167.66,"71,123.57"
1165,24/12/2021,VRE,"31,000","31,000","31,250","31,500","30,800","31,049",250,0.81,6.39,198.50,1.50,46.46,7.89,244.96,"71,009.95"
1166,23/12/2021,VRE,"31,500","31,750","31,000","31,800","30,900","31,393",-500,-1.59,8.71,273.44,0.13,4.29,8.84,277.73,"70,441.87"
1167,22/12/2021,VRE,"31,400","31,500","31,500","31,900","31,000","31,556",100,0.32,8.61,271.59,0.21,6.65,8.81,278.24,"71,578.03"
1168,21/12/2021,VRE,"31,050","31,050","31,400","31,850","30,800","31,398",350,1.13,10.87,341.20,0.06,1.74,10.93,342.94,"71,350.80"
1169,20/12/2021,VRE,"30,800","30,800","31,050","31,400","30,800","31,076",250,0.81,7.94,246.79,0.13,3.65,8.07,250.44,"70,555.49"
1170,17/12/2021,VRE,"30,100","30,150","30,800","31,550","30,100","30,948",700,2.33,14.70,454.97,0.15,4.23,14.85,459.20,"69,987.41"
1171,16/12/2021,VRE,"30,400","30,500","30,100","30,550","30,100","30,339",-300,-0.99,4.56,138.38,0.14,4.43,4.70,142.81,"68,396.78"
1172,15/12/2021,VRE,"30,200","30,250","30,400","30,400","30,050","30,239",200,0.66,4.18,126.40,0.21,6.67,4.39,133.07,"69,078.48"
1173,14/12/2021,VRE,"30,450","30,350","30,200","30,450","30,100","30,302",-250,-0.82,5.59,169.28,0.13,4.26,5.72,173.54,"68,624.02"
1174,13/12/2021,VRE,"30,350","30,400","30,450","30,550","30,200","30,394",100,0.33,7.98,242.40,0.14,3.87,8.11,246.27,"69,192.10"
1175,10/12/2021,VRE,"30,450","30,200","30,350","30,550","30,100","30,306",-100,-0.33,6.83,207.02,0.20,6.06,7.03,213.08,"68,964.86"
1176,09/12/2021,VRE,"30,100","30,000","30,450","30,500","29,700","30,248",350,1.16,9.70,293.31,0.23,6.76,9.93,300.08,"69,192.10"
1177,08/12/2021,VRE,"29,950","29,950","30,100","30,600","29,900","30,242",150,0.50,9.30,281.28,0.10,3.20,9.40,284.48,"68,396.78"
1178,07/12/2021,VRE,"28,000","28,150","29,950","29,950","28,150","29,170","1,950",6.96,8.99,262.38,0.47,13.66,9.47,276.04,"68,055.94"
1179,06/12/2021,VRE,"28,100","28,100","28,000","28,650","27,900","28,197",-100,-0.36,8.88,250.29,0.09,2.58,8.97,252.87,"63,624.92"
1180,03/12/2021,VRE,"29,650","29,700","28,100","29,900","28,100","29,105","-1,550",-5.23,10.29,299.48,0.15,4.36,10.44,303.84,"63,852.15"
1181,02/12/2021,VRE,"29,700","29,700","29,650","29,900","29,650","29,739",-50,-0.17,3.98,118.48,0.00,0.00,3.98,118.48,"67,374.24"
1182,01/12/2021,VRE,"29,800","29,850","29,700","30,400","29,600","29,983",-100,-0.34,7.20,215.97,0.30,8.99,7.50,224.97,"67,487.86"
1183,30/11/2021,VRE,"30,150","30,350","29,800","30,400","29,600","30,044",-350,-1.16,9.89,297.18,0.00,0.00,9.89,297.18,"67,715.09"
1184,29/11/2021,VRE,"30,400","29,800","30,150","30,700","29,800","30,314",-250,-0.82,9.49,287.62,0.06,1.84,9.55,289.46,"68,510.40"
1185,26/11/2021,VRE,"30,850","30,800","30,400","31,400","30,300","30,759",-450,-1.46,12.70,390.56,0.00,0.00,12.70,390.56,"69,078.48"
1186,25/11/2021,VRE,"31,100","31,500","30,850","31,700","30,800","31,325",-250,-0.80,11.96,374.57,0.13,4.20,12.09,378.76,"70,101.02"
1187,24/11/2021,VRE,"30,150","30,200","31,100","31,400","30,100","30,573",950,3.15,10.22,312.53,0.00,0.00,10.22,312.53,"70,669.10"
1188,23/11/2021,VRE,"29,900","29,650","30,150","30,500","29,350","29,795",250,0.84,7.28,216.79,0.00,0.00,7.28,216.79,"68,510.40"
1189,22/11/2021,VRE,"30,500","30,500","29,900","30,600","29,900","30,151",-600,-1.97,5.64,169.95,0.40,12.02,6.04,181.98,"67,942.32"
1190,19/11/2021,VRE,"31,100","31,100","30,500","31,400","30,000","31,028",-600,-1.93,10.34,320.81,0.00,0.00,10.34,320.81,"69,305.71"
1191,18/11/2021,VRE,"30,450","30,450","31,100","31,200","30,350","30,903",650,2.13,13.00,401.61,0.00,0.00,13.00,401.61,"70,669.10"
1192,17/11/2021,VRE,"30,050","30,100","30,450","30,500","30,050","30,311",400,1.33,6.73,203.93,0.00,0.00,6.73,203.93,"69,192.10"
1193,16/11/2021,VRE,"30,200","30,300","30,050","30,600","30,000","30,289",-150,-0.50,5.66,171.53,1.66,48.31,7.32,219.84,"68,283.17"
1194,15/11/2021,VRE,"30,100","30,300","30,200","30,550","30,100","30,246",100,0.33,7.84,237.06,0.00,0.00,7.84,237.06,"68,624.02"
1195,12/11/2021,VRE,"30,300","30,400","30,100","30,400","30,000","30,152",-200,-0.66,6.54,197.16,0.00,0.00,6.54,197.16,"68,396.78"
1196,11/11/2021,VRE,"30,900","30,950","30,300","31,000","30,300","30,490",-600,-1.94,7.44,226.86,0.00,0.00,7.44,226.86,"68,851.25"
1197,10/11/2021,VRE,"30,400","30,400","30,900","31,050","30,400","30,658",500,1.64,7.36,225.55,0.00,0.00,7.36,225.55,"70,214.64"
1198,09/11/2021,VRE,"30,850","30,800","30,400","30,850","30,350","30,597",-450,-1.46,9.57,292.81,0.07,2.06,9.64,294.87,"69,078.48"
1199,08/11/2021,VRE,"31,200","31,000","30,850","31,200","30,750","30,948",-350,-1.12,8.78,271.81,0.15,4.83,8.93,276.64,"70,101.02"
1200,05/11/2021,VRE,"31,550","31,900","31,200","31,900","31,050","31,325",-350,-1.11,5.91,185.10,0.00,0.00,5.91,185.10,"70,896.33"
1201,04/11/2021,VRE,"31,700","31,750","31,550","31,950","31,200","31,547",-150,-0.47,6.83,215.38,0.82,26.03,7.65,241.41,"71,691.65"
1202,03/11/2021,VRE,"30,850","31,050","31,700","32,500","30,800","31,702",850,2.76,13.73,435.30,0.00,0.00,13.73,435.30,"72,032.49"
1203,02/11/2021,VRE,"31,150","31,200","30,850","31,200","30,700","30,902",-300,-0.96,8.21,253.69,0.00,0.00,8.21,253.69,"70,101.02"
1204,01/11/2021,VRE,"31,200","31,400","31,150","31,400","30,900","31,131",-50,-0.16,10.26,319.46,0.00,0.00,10.26,319.46,"70,782.72"
1205,29/10/2021,VRE,"31,000","31,000","31,200","31,200","30,700","30,926",200,0.65,10.51,325.15,0.00,0.00,10.51,325.15,"70,896.33"
1206,28/10/2021,VRE,"31,200","31,500","31,000","31,500","30,800","31,043",-200,-0.64,7.36,228.34,0.10,3.10,7.46,231.43,"70,441.87"
1207,27/10/2021,VRE,"30,600","30,600","31,200","31,200","30,500","30,845",600,1.96,10.01,308.68,0.36,10.96,10.36,319.64,"70,896.33"
1208,26/10/2021,VRE,"30,400","30,300","30,600","30,600","29,400","30,066",200,0.66,7.93,238.29,0.45,13.38,8.37,251.67,"69,532.94"
1209,25/10/2021,VRE,"30,650","30,750","30,400","30,750","30,400","30,552",-250,-0.82,4.94,150.84,0.00,0.00,4.94,150.84,"69,078.48"
1210,22/10/2021,VRE,"30,600","30,600","30,650","31,000","30,550","30,772",50,0.16,6.22,191.49,0.20,6.20,6.42,197.69,"69,646.56"
1211,21/10/2021,VRE,"30,950","30,850","30,600","31,050","30,600","30,848",-350,-1.13,5.05,155.75,0.00,0.00,5.05,155.75,"69,532.94"
1212,20/10/2021,VRE,"30,300","30,300","30,950","31,100","30,200","30,720",650,2.15,6.91,212.23,0.00,0.00,6.91,212.23,"70,328.25"
1213,19/10/2021,VRE,"30,800","30,800","30,300","30,800","30,300","30,599",-500,-1.62,3.67,112.36,0.22,6.93,3.90,119.29,"68,851.25"
1214,18/10/2021,VRE,"30,500","30,700","30,800","31,200","30,450","30,903",300,0.98,5.58,172.53,1.47,45.39,7.05,217.92,"69,987.41"
1215,15/10/2021,VRE,"30,700","30,700","30,500","30,850","30,400","30,641",-200,-0.65,2.44,74.70,0.25,7.64,2.69,82.35,"69,305.71"
1216,14/10/2021,VRE,"30,400","30,300","30,700","30,900","30,200","30,596",300,0.99,4.09,125.28,5.92,180.76,10.01,306.03,"69,760.18"
1217,13/10/2021,VRE,"30,800","30,800","30,400","30,900","30,350","30,583",-400,-1.30,4.77,146.01,0.00,0.00,4.77,146.01,"69,078.48"
1218,12/10/2021,VRE,"30,450","30,600","30,800","31,000","30,400","30,737",350,1.15,7.71,236.86,0.63,19.49,8.34,256.35,"69,987.41"
1219,11/10/2021,VRE,"29,150","29,300","30,450","30,500","29,300","29,993","1,300",4.46,9.51,285.36,0.24,6.83,9.75,292.19,"69,192.10"
1220,08/10/2021,VRE,"29,300","29,350","29,150","29,450","29,150","29,279",-150,-0.51,3.21,94.04,0.00,0.00,3.21,94.04,"66,238.08"
1221,07/10/2021,VRE,"29,400","29,400","29,300","29,550","29,150","29,362",-100,-0.34,4.08,119.85,0.70,19.27,4.78,139.12,"66,578.93"
1222,06/10/2021,VRE,"28,450","28,550","29,400","29,400","28,500","29,012",950,3.34,5.67,164.61,0.70,20.36,6.37,184.97,"66,806.16"
1223,05/10/2021,VRE,"28,250","28,250","28,450","28,600","28,250","28,424",200,0.71,3.38,96.08,0.02,0.57,3.40,96.65,"64,647.46"
1224,04/10/2021,VRE,"28,200","28,250","28,250","28,600","28,050","28,307",50,0.18,3.50,99.18,0.00,0.00,3.50,99.18,"64,193.00"
1225,01/10/2021,VRE,"29,100","29,100","28,200","29,100","28,200","28,595",-900,-3.09,5.26,150.33,2.32,62.98,7.58,213.32,"64,079.38"
1226,30/09/2021,VRE,"28,300","28,350","29,100","29,100","28,350","28,897",800,2.83,5.66,163.65,1.55,44.70,7.21,208.35,"66,124.47"
1227,29/09/2021,VRE,"28,500","28,500","28,300","28,550","28,000","28,300",-200,-0.70,2.42,68.50,0.00,0.00,2.42,68.50,"64,306.61"
1228,28/09/2021,VRE,"28,250","28,200","28,500","28,600","27,900","28,274",250,0.88,3.40,96.16,0.00,0.00,3.40,96.16,"64,761.07"
1229,27/09/2021,VRE,"28,500","28,500","28,250","28,750","28,100","28,388",-250,-0.88,3.66,103.84,0.90,26.84,4.56,130.68,"64,193.00"
1230,24/09/2021,VRE,"28,900","28,900","28,500","28,950","28,250","28,588",-400,-1.38,3.03,86.51,0.00,0.00,3.03,86.51,"64,761.07"
1231,23/09/2021,VRE,"28,450","28,600","28,900","28,900","28,300","28,640",450,1.58,3.15,90.29,0.00,0.00,3.15,90.29,"65,670.00"
1232,22/09/2021,VRE,"28,400","28,400","28,450","28,800","28,000","28,301",50,0.18,4.08,115.47,0.00,0.00,4.08,115.47,"64,647.46"
1233,21/09/2021,VRE,"29,300","28,500","28,400","29,150","27,350","28,418",-900,-3.07,8.42,239.16,0.00,0.00,8.42,239.16,"64,533.84"
1234,20/09/2021,VRE,"29,200","29,600","29,300","30,150","29,200","29,768",100,0.34,6.02,179.20,0.00,0.00,6.02,179.20,"66,578.93"
1235,17/09/2021,VRE,"30,000","30,200","29,200","30,450","29,200","29,641",-800,-2.67,11.87,351.84,0.00,0.00,11.87,351.84,"66,351.70"
1236,16/09/2021,VRE,"28,550","28,800","30,000","30,300","28,700","29,698","1,450",5.08,14.83,440.46,0.00,0.00,14.83,440.46,"68,169.55"
1237,15/09/2021,VRE,"28,300","28,000","28,550","28,650","28,000","28,431",250,0.88,4.86,138.10,0.00,0.00,4.86,138.10,"64,874.69"
1238,14/09/2021,VRE,"27,900","28,500","28,300","28,800","28,200","28,497",400,1.43,6.60,187.96,0.48,13.46,7.07,201.42,"64,306.61"
1239,13/09/2021,VRE,"28,000","28,100","27,900","28,300","27,850","28,107",-100,-0.36,4.68,131.59,0.00,0.00,4.68,131.59,"63,397.68"
1240,10/09/2021,VRE,"27,450","27,600","28,000","28,350","27,600","28,072",550,2.00,5.82,163.35,0.00,0.00,5.82,163.35,"63,624.92"
1241,09/09/2021,VRE,"27,100","27,100","27,450","27,950","27,050","27,549",350,1.29,3.54,97.45,0.00,0.00,3.54,97.45,"62,375.14"
1242,08/09/2021,VRE,"27,200","27,450","27,100","27,450","27,050","27,208",-100,-0.37,2.29,62.29,0.00,0.00,2.29,62.29,"61,579.83"
1243,07/09/2021,VRE,"28,100","28,000","27,200","28,100","27,200","27,617",-900,-3.20,3.36,92.74,0.04,1.20,3.40,93.94,"61,807.06"
1244,06/09/2021,VRE,"27,900","28,000","28,100","28,200","28,000","28,127",200,0.72,2.87,80.72,0.00,0.00,2.87,80.72,"63,852.15"
1245,01/09/2021,VRE,"27,300","27,100","27,900","27,900","27,000","27,535",600,2.20,3.58,98.63,0.49,13.47,4.07,112.10,"63,397.68"
1246,31/08/2021,VRE,"27,200","27,200","27,300","27,300","26,850","27,143",100,0.37,2.45,66.44,0.30,8.19,2.75,74.63,"62,034.29"
1247,30/08/2021,VRE,"26,800","26,900","27,200","27,250","26,700","26,886",400,1.49,2.37,63.78,0.59,15.79,2.96,79.57,"61,807.06"
1248,27/08/2021,VRE,"26,450","26,450","26,800","26,800","26,300","26,622",350,1.32,2.87,76.51,0.00,0.00,2.87,76.51,"60,898.13"
1249,26/08/2021,VRE,"26,300","26,600","26,450","26,850","26,350","26,557",150,0.57,2.51,66.70,0.00,0.00,2.51,66.70,"60,102.82"
1250,25/08/2021,VRE,"26,150","26,150","26,300","26,600","26,050","26,291",150,0.57,2.55,66.93,0.02,0.53,2.57,67.46,"59,761.97"
1251,24/08/2021,VRE,"26,050","25,950","26,150","26,350","25,900","26,144",100,0.38,4.24,110.80,0.00,0.00,4.24,110.80,"59,421.13"
1252,23/08/2021,VRE,"27,050","26,700","26,050","26,850","26,050","26,426","-1,000",-3.70,5.28,139.64,0.00,0.00,5.28,139.64,"59,193.89"
1253,20/08/2021,VRE,"27,950","27,900","27,050","27,900","26,700","27,345",-900,-3.22,6.75,184.60,0.06,1.64,6.81,186.24,"61,466.21"
1254,19/08/2021,VRE,"27,800","27,800","27,950","28,100","27,550","27,765",150,0.54,3.94,109.49,0.00,0.00,3.94,109.49,"63,511.30"
1255,18/08/2021,VRE,"28,050","28,000","27,800","28,150","27,800","27,958",-250,-0.89,4.64,129.75,0.44,12.22,5.08,141.96,"63,170.45"
1256,17/08/2021,VRE,"28,500","28,500","28,050","28,750","28,000","28,237",-450,-1.58,3.88,109.59,0.10,2.82,3.98,112.41,"63,738.53"
1257,16/08/2021,VRE,"28,000","28,100","28,500","28,900","28,100","28,591",500,1.79,5.97,170.56,0.00,0.00,5.97,170.56,"64,761.07"
1258,13/08/2021,VRE,"28,000","28,000","28,000","28,250","27,800","28,021",0,0.00,4.77,133.79,0.60,16.80,5.37,150.59,"63,624.92"
1259,12/08/2021,VRE,"28,000","27,950","28,000","28,400","27,900","28,072",0,0.00,5.30,148.84,0.00,0.00,5.30,148.84,"63,624.92"
1260,11/08/2021,VRE,"28,350","28,400","28,000","28,500","28,000","28,314",-350,-1.23,5.81,164.38,0.00,0.00,5.81,164.38,"63,624.92"
1261,10/08/2021,VRE,"28,600","28,700","28,350","29,000","28,250","28,482",-250,-0.87,4.43,126.14,0.00,0.00,4.43,126.14,"64,420.23"
1262,09/08/2021,VRE,"27,950","28,000","28,600","28,750","27,950","28,467",650,2.33,6.77,192.82,0.00,0.00,6.77,192.82,"64,988.31"
1263,06/08/2021,VRE,"27,950","28,000","27,950","28,450","27,750","27,997",0,0.00,6.70,187.53,0.00,0.00,6.70,187.53,"63,511.30"
1264,05/08/2021,VRE,"27,900","27,900","27,950","28,050","27,750","27,890",50,0.18,4.30,120.01,0.49,13.57,4.79,133.58,"63,511.30"
1265,04/08/2021,VRE,"28,300","28,400","27,900","28,400","27,900","28,109",-400,-1.41,4.04,113.64,0.38,10.41,4.42,124.05,"63,397.68"
1266,03/08/2021,VRE,"27,500","27,400","28,300","28,450","27,350","28,057",800,2.91,8.86,248.58,0.06,1.67,8.92,250.25,"64,306.61"
1267,02/08/2021,VRE,"27,650","27,400","27,500","27,800","27,300","27,617",-150,-0.54,3.21,88.65,0.00,0.00,3.21,88.65,"62,488.76"
1268,30/07/2021,VRE,"27,350","27,500","27,650","27,700","27,300","27,503",300,1.10,5.04,138.74,0.00,0.00,5.04,138.74,"62,829.60"
1269,29/07/2021,VRE,"27,200","27,300","27,350","27,900","27,100","27,336",150,0.55,4.17,114.05,0.00,0.00,4.17,114.05,"62,147.91"
1270,28/07/2021,VRE,"27,650","27,600","27,200","27,600","27,150","27,365",-450,-1.63,2.23,60.99,0.00,0.00,2.23,60.99,"61,807.06"
1271,27/07/2021,VRE,"26,750","27,500","27,650","27,950","27,300","27,634",900,3.36,6.06,167.47,0.00,0.00,6.06,167.47,"62,829.60"
1272,26/07/2021,VRE,"27,000","26,500","26,750","27,200","26,400","26,773",-250,-0.93,3.12,83.60,0.18,4.84,3.30,88.44,"60,784.52"
1273,23/07/2021,VRE,"28,200","27,800","27,000","28,000","27,000","27,436","-1,200",-4.26,4.95,135.69,0.00,0.00,4.95,135.69,"61,352.60"
1274,22/07/2021,VRE,"27,400","27,000","28,200","28,250","26,750","27,601",800,2.92,4.41,121.68,0.00,0.00,4.41,121.68,"64,079.38"
1275,21/07/2021,VRE,"26,700","26,600","27,400","27,750","26,000","27,264",700,2.62,5.56,151.68,0.00,0.00,5.56,151.68,"62,261.52"
1276,20/07/2021,VRE,"26,800","26,200","26,700","26,900","25,100","25,788",-100,-0.37,6.79,175.18,0.00,0.00,6.79,175.18,"60,670.90"
1277,19/07/2021,VRE,"27,700","27,000","26,800","27,400","25,850","26,428",-900,-3.25,5.38,142.23,0.00,0.00,5.38,142.23,"60,898.13"
1278,16/07/2021,VRE,"28,000","28,150","27,700","28,300","27,700","27,955",-300,-1.07,2.84,79.48,0.00,0.00,2.84,79.48,"62,943.22"
1279,15/07/2021,VRE,"28,250","28,100","28,000","28,250","27,650","27,927",-250,-0.88,3.69,102.95,0.00,0.00,3.69,102.95,"63,624.92"
1280,14/07/2021,VRE,"27,850","27,850","28,250","28,850","27,850","28,260",400,1.44,4.35,123.07,0.00,0.00,4.35,123.07,"64,193.00"
1281,13/07/2021,VRE,"27,000","27,100","27,850","27,850","27,100","27,483",850,3.15,2.82,77.40,0.00,0.00,2.82,77.40,"63,284.07"
1282,12/07/2021,VRE,"28,000","28,000","27,000","28,700","26,100","26,983","-1,000",-3.57,6.54,176.53,0.04,1.20,6.58,177.72,"61,352.60"
1283,09/07/2021,VRE,"29,900","29,450","28,000","29,550","28,000","28,930","-1,900",-6.35,5.02,145.28,0.00,0.00,5.02,145.28,"63,624.92"
1284,08/07/2021,VRE,"30,900","30,300","29,900","30,500","29,400","29,803","-1,000",-3.24,3.60,107.40,0.02,0.65,3.62,108.05,"67,942.32"
1285,07/07/2021,VRE,"29,500","29,500","30,900","30,900","29,150","29,833","1,400",4.75,5.46,162.83,0.00,0.00,5.46,162.83,"70,214.64"
1286,06/07/2021,VRE,"29,500","30,400","29,500","30,400","29,500","30,103",0,0.00,5.40,162.49,0.00,0.00,5.40,162.49,"67,033.39"
1287,05/07/2021,VRE,"31,700","31,700","29,500","31,700","29,500","30,797","-2,200",-6.94,6.66,205.19,0.20,6.26,6.86,211.45,"67,033.39"
1288,02/07/2021,VRE,"31,800","31,850","31,700","31,900","31,700","31,766",-100,-0.31,2.78,88.36,0.00,0.00,2.78,88.36,"72,032.49"
1289,01/07/2021,VRE,"31,750","32,000","31,800","32,200","31,650","31,820",50,0.16,3.09,98.42,0.00,0.00,3.09,98.42,"72,259.73"
1290,30/06/2021,VRE,"31,700","31,850","31,750","32,800","31,750","32,224",50,0.16,6.52,210.15,0.00,0.00,6.52,210.15,"72,146.11"
1291,29/06/2021,VRE,"31,800","31,950","31,700","31,950","31,600","31,740",-100,-0.31,2.42,76.72,0.37,11.73,2.79,88.45,"72,032.49"
1292,28/06/2021,VRE,"31,600","31,950","31,800","31,950","31,500","31,731",200,0.63,2.86,90.65,0.02,0.63,2.88,91.28,"72,259.73"
1293,25/06/2021,VRE,"32,000","32,100","31,600","32,200","31,600","31,759",-400,-1.25,3.58,113.81,0.00,0.00,3.58,113.81,"71,805.26"
1294,24/06/2021,VRE,"31,500","31,500","32,000","32,000","31,450","31,610",500,1.59,3.11,98.40,0.05,1.59,3.16,99.98,"72,714.19"
1295,23/06/2021,VRE,"31,500","31,450","31,500","32,250","31,400","31,778",0,0.00,3.76,119.35,0.00,0.00,3.76,119.35,"71,578.03"
1296,22/06/2021,VRE,"31,800","32,000","31,500","32,300","31,500","31,789",-300,-0.94,3.41,108.44,0.00,0.00,3.41,108.44,"71,578.03"
1297,21/06/2021,VRE,"32,500","32,050","31,800","32,400","31,700","31,954",-700,-2.15,4.19,134.03,0.03,0.96,4.22,134.99,"72,259.73"
1298,18/06/2021,VRE,"32,850","33,250","32,500","33,250","32,050","32,642",-350,-1.07,4.12,134.42,2.23,72.55,6.35,206.96,"73,850.35"
1299,17/06/2021,VRE,"32,800","32,500","32,850","33,150","32,100","32,830",50,0.15,5.67,186.28,1.02,33.58,6.69,219.86,"74,645.66"
1300,16/06/2021,VRE,"32,850","32,850","32,800","33,400","32,500","32,972",-50,-0.15,5.06,166.69,0.00,0.00,5.06,166.69,"74,532.04"
1301,15/06/2021,VRE,"31,950","31,950","32,850","32,900","31,950","32,334",900,2.82,5.44,175.80,0.00,0.00,5.44,175.80,"74,645.66"
1302,14/06/2021,VRE,"31,500","31,600","31,950","32,500","31,500","32,053",450,1.43,6.42,205.71,0.02,0.64,6.44,206.35,"72,600.57"
1303,11/06/2021,VRE,"30,800","31,100","31,500","31,800","31,000","31,456",700,2.27,4.27,134.42,0.00,0.00,4.27,134.42,"71,578.03"
1304,10/06/2021,VRE,"31,700","31,500","30,800","31,900","30,800","31,381",-900,-2.84,5.14,161.27,0.00,0.00,5.14,161.27,"69,987.41"
1305,09/06/2021,VRE,"31,650","31,600","31,700","32,000","30,900","31,468",50,0.16,7.48,235.39,0.00,0.00,7.48,235.39,"72,032.49"
1306,08/06/2021,VRE,"33,350","33,000","31,650","33,500","31,650","32,855","-1,700",-5.10,8.04,264.31,0.17,5.58,8.21,269.88,"71,918.88"
1307,07/06/2021,VRE,"32,200","32,600","33,350","33,700","32,600","33,270","1,150",3.57,9.58,318.89,0.00,0.00,9.58,318.89,"75,781.82"
1308,04/06/2021,VRE,"30,500","30,500","32,200","32,500","30,400","31,786","1,700",5.57,14.24,452.68,0.00,0.00,14.24,452.68,"73,168.65"
1309,03/06/2021,VRE,"30,100","30,100","30,500","30,700","29,700","30,114",400,1.33,8.18,246.46,0.00,0.00,8.18,246.46,"69,305.71"
1310,02/06/2021,VRE,"30,700","30,800","30,100","30,800","30,000","30,468",-600,-1.95,4.44,135.39,0.30,8.97,4.74,144.36,"68,396.78"
1311,01/06/2021,VRE,"29,400","29,200","30,700","30,900","29,100","29,909","1,300",4.42,6.03,180.43,0.04,1.22,6.07,181.65,"69,760.18"
1312,31/05/2021,VRE,"30,550","30,000","29,400","30,100","29,300","29,531","-1,150",-3.76,8.05,237.74,0.07,2.17,8.12,239.91,"66,806.16"
1313,28/05/2021,VRE,"30,750","30,700","30,550","30,700","30,000","30,357",-200,-0.65,6.46,196.00,0.09,2.76,6.55,198.76,"69,419.33"
1314,27/05/2021,VRE,"31,250","31,200","30,750","31,250","30,450","30,882",-500,-1.60,5.00,154.26,0.02,0.63,5.02,154.89,"69,873.79"
1315,26/05/2021,VRE,"31,200","31,000","31,250","31,450","30,700","31,132",50,0.16,5.26,163.79,0.00,0.00,5.26,163.79,"71,009.95"
1316,25/05/2021,VRE,"30,850","30,950","31,200","31,450","30,600","31,146",350,1.13,7.14,222.41,0.70,21.75,7.84,244.16,"70,896.33"
1317,24/05/2021,VRE,"30,350","30,450","30,850","31,150","30,400","30,702",500,1.65,5.06,155.39,1.00,30.72,6.06,186.11,"70,101.02"
1318,21/05/2021,VRE,"29,500","29,500","30,350","30,500","29,000","29,729",850,2.88,6.58,195.61,1.49,44.36,8.06,239.97,"68,964.86"
1319,20/05/2021,VRE,"29,350","29,500","29,500","29,550","28,800","29,159",150,0.51,7.53,219.45,0.00,0.00,7.53,219.45,"67,033.39"
1320,19/05/2021,VRE,"30,000","30,000","29,350","30,400","29,000","29,358",-650,-2.17,12.03,353.12,0.27,7.90,12.30,361.02,"66,692.55"
1321,18/05/2021,VRE,"30,700","30,800","30,000","31,100","30,000","30,560",-700,-2.28,6.24,190.60,0.00,0.00,6.24,190.60,"68,169.55"
1322,17/05/2021,VRE,"30,650","30,700","30,700","31,700","30,700","31,202",50,0.16,5.60,174.60,1.50,46.83,7.10,221.43,"69,760.18"
1323,14/05/2021,VRE,"30,900","31,100","30,650","31,200","30,650","30,883",-250,-0.81,4.72,145.66,0.00,0.00,4.72,145.66,"69,646.56"
1324,13/05/2021,VRE,"31,200","31,200","30,900","31,300","30,900","31,025",-300,-0.96,4.78,148.38,0.04,1.25,4.82,149.63,"70,214.64"
1325,12/05/2021,VRE,"31,000","31,000","31,200","31,500","30,800","31,089",200,0.65,3.75,116.67,0.02,0.62,3.77,117.29,"70,896.33"
1326,11/05/2021,VRE,"31,750","31,900","31,000","31,900","31,000","31,449",-750,-2.36,5.11,160.85,0.00,0.00,5.11,160.85,"70,441.87"
1327,10/05/2021,VRE,"31,000","30,500","31,750","31,950","30,400","31,074",750,2.42,8.66,269.06,0.00,0.00,8.66,269.06,"72,146.11"
1328,07/05/2021,VRE,"31,200","31,300","31,000","31,600","30,800","31,258",-200,-0.64,5.68,177.48,0.02,0.62,5.70,178.11,"70,441.87"
1329,06/05/2021,VRE,"31,600","31,950","31,200","32,350","31,200","31,760",-400,-1.27,5.08,161.49,0.00,0.00,5.08,161.49,"70,896.33"
1330,05/05/2021,VRE,"31,300","31,300","31,600","32,000","31,300","31,559",300,0.96,9.86,311.26,0.00,0.00,9.86,311.26,"71,805.26"
1331,04/05/2021,VRE,"32,000","31,500","31,300","31,650","30,500","31,281",-700,-2.19,7.19,225.02,0.49,15.43,7.69,240.45,"71,123.57"
1332,29/04/2021,VRE,"31,500","31,900","32,000","32,450","31,550","32,033",500,1.59,5.85,187.31,0.00,0.00,5.85,187.31,"72,714.19"
1333,28/04/2021,VRE,"30,600","31,000","31,500","31,750","30,800","31,304",900,2.94,7.56,236.54,0.00,0.00,7.56,236.54,"71,578.03"
1334,27/04/2021,VRE,"31,150","31,150","30,600","31,350","30,550","30,989",-550,-1.77,6.83,211.51,0.08,2.57,6.91,214.08,"69,532.94"
1335,26/04/2021,VRE,"32,800","33,000","31,150","33,000","31,150","32,091","-1,650",-5.03,11.32,363.21,0.00,0.00,11.32,363.21,"70,782.72"
1336,23/04/2021,VRE,"32,200","32,500","32,800","33,000","32,200","32,638",600,1.86,8.77,286.31,0.02,0.69,8.79,287.00,"74,532.04"
1337,22/04/2021,VRE,"34,600","34,600","32,200","35,200","32,200","34,072","-2,400",-6.94,7.98,271.84,0.00,0.00,7.98,271.84,"73,168.65"
1338,20/04/2021,VRE,"33,950","34,200","34,600","36,100","34,150","35,158",650,1.91,13.60,478.01,1.12,38.86,14.71,516.87,"78,622.22"
1339,19/04/2021,VRE,"33,950","33,800","33,950","34,200","33,000","33,636",0,0.00,4.12,138.66,0.94,31.49,5.06,170.15,"77,145.21"
1340,16/04/2021,VRE,"34,000","33,800","33,950","34,450","32,800","33,424",-50,-0.15,6.77,226.35,0.30,10.01,7.07,236.35,"77,145.21"
1341,15/04/2021,VRE,"35,000","35,300","34,000","35,300","34,000","34,565","-1,000",-2.86,6.02,207.97,0.27,9.42,6.29,217.39,"77,258.83"
1342,14/04/2021,VRE,"35,300","35,100","35,000","35,250","34,650","34,944",-300,-0.85,5.80,202.79,0.07,2.40,5.87,205.19,"79,531.14"
1343,13/04/2021,VRE,"35,300","35,800","35,300","36,800","35,300","35,851",0,0.00,11.70,419.37,0.00,0.00,11.70,419.37,"80,212.84"
1344,12/04/2021,VRE,"35,000","35,000","35,300","35,400","34,900","35,069",300,0.86,5.45,191.20,1.25,43.34,6.70,234.53,"80,212.84"
1345,09/04/2021,VRE,"35,300","35,200","35,000","35,400","35,000","35,157",-300,-0.85,5.33,187.38,0.02,0.71,5.35,188.09,"79,531.14"
1346,08/04/2021,VRE,"35,400","35,700","35,300","35,700","35,100","35,378",-100,-0.28,5.97,211.25,0.46,16.41,6.43,227.65,"80,212.84"
1347,07/04/2021,VRE,"35,000","35,100","35,400","35,500","34,800","35,268",400,1.14,6.78,239.10,0.00,0.00,6.78,239.10,"80,440.07"
1348,06/04/2021,VRE,"34,500","34,500","35,000","35,450","34,400","35,011",500,1.45,8.55,299.27,0.32,11.20,8.87,310.47,"79,531.14"
1349,05/04/2021,VRE,"33,850","35,500","34,500","35,500","34,000","34,798",650,1.92,6.89,239.80,0.00,0.00,6.89,239.80,"78,394.99"
1350,02/04/2021,VRE,"33,850","34,200","33,850","34,500","33,750","34,137",0,0.00,4.19,143.11,0.12,3.95,4.31,147.05,"76,917.98"
1351,01/04/2021,VRE,"32,700","32,700","33,850","33,900","32,700","33,340","1,150",3.52,5.49,182.92,0.02,0.69,5.51,183.61,"76,917.98"
1352,31/03/2021,VRE,"32,600","32,600","32,700","33,000","32,600","32,729",100,0.31,4.52,147.96,0.54,17.70,5.06,165.66,"74,304.81"
1353,30/03/2021,VRE,"33,050","33,050","32,600","33,150","32,500","32,791",-450,-1.36,5.26,172.57,0.00,0.00,5.26,172.57,"74,077.58"
1354,29/03/2021,VRE,"32,200","32,500","33,050","33,250","32,200","32,804",850,2.64,4.46,146.32,0.75,24.40,5.21,170.72,"75,100.12"
1355,26/03/2021,VRE,"32,850","32,500","32,200","32,750","31,200","31,974",-650,-1.98,6.72,214.81,0.29,9.41,7.01,224.21,"73,168.65"
1356,25/03/2021,VRE,"33,400","33,400","32,850","33,700","32,700","33,144",-550,-1.65,5.29,175.39,0.00,0.00,5.29,175.39,"74,645.66"
1357,24/03/2021,VRE,"34,150","33,600","33,400","34,000","33,000","33,476",-750,-2.20,5.72,191.39,0.92,30.77,6.64,222.17,"75,895.43"
1358,23/03/2021,VRE,"34,600","34,600","34,150","34,600","34,000","34,285",-450,-1.30,4.29,147.08,0.00,0.00,4.29,147.08,"77,599.67"
1359,22/03/2021,VRE,"34,000","34,700","34,600","35,000","34,500","34,681",600,1.76,4.09,141.88,0.00,0.00,4.09,141.88,"78,622.22"
1360,19/03/2021,VRE,"35,000","34,900","34,000","35,450","34,000","34,690","-1,000",-2.86,9.79,339.49,0.00,0.00,9.79,339.49,"77,258.83"
1361,18/03/2021,VRE,"34,850","35,300","35,000","35,400","34,800","34,934",150,0.43,3.15,110.19,0.02,0.69,3.17,110.88,"79,531.14"
1362,17/03/2021,VRE,"34,800","34,900","34,850","35,400","34,800","35,063",50,0.14,5.56,194.90,0.00,0.00,5.56,194.90,"79,190.30"
1363,16/03/2021,VRE,"34,450","34,600","34,800","35,150","34,500","34,791",350,1.02,5.86,203.89,0.00,0.00,5.86,203.89,"79,076.68"
1364,15/03/2021,VRE,"34,650","34,350","34,450","34,650","34,300","34,474",-200,-0.58,3.03,104.62,0.02,0.69,3.05,105.31,"78,281.37"
1365,12/03/2021,VRE,"34,350","34,350","34,650","34,800","34,350","34,555",300,0.87,3.71,128.30,0.00,0.00,3.71,128.30,"78,735.83"
1366,11/03/2021,VRE,"34,150","34,500","34,350","34,700","34,250","34,414",200,0.59,2.68,92.35,0.00,0.00,2.68,92.35,"78,054.14"
1367,10/03/2021,VRE,"34,100","34,100","34,150","34,500","34,000","34,175",50,0.15,3.11,106.25,1.61,54.91,4.72,161.16,"77,599.67"
1368,09/03/2021,VRE,"34,450","34,100","34,100","34,500","33,600","34,005",-350,-1.02,3.26,110.79,0.00,0.00,3.26,110.79,"77,486.06"
1369,08/03/2021,VRE,"34,550","35,000","34,450","35,200","34,200","34,669",-100,-0.29,4.50,156.06,0.00,0.00,4.50,156.06,"78,281.37"
1370,05/03/2021,VRE,"34,550","34,200","34,550","34,950","33,100","33,916",0,0.00,4.89,165.74,0.40,13.69,5.29,179.43,"78,508.60"
1371,04/03/2021,VRE,"35,500","35,900","34,550","35,900","34,000","34,815",-950,-2.68,3.77,131.41,0.81,28.27,4.59,159.68,"78,508.60"
1372,03/03/2021,VRE,"34,700","34,600","35,500","36,000","34,100","35,054",800,2.31,6.92,242.44,0.13,4.65,7.05,247.09,"80,667.30"
1373,02/03/2021,VRE,"34,250","35,000","34,700","35,200","34,300","34,824",450,1.31,6.29,219.12,0.34,11.75,6.63,230.86,"78,849.45"
1374,01/03/2021,VRE,"33,200","33,700","34,250","34,400","33,400","34,042","1,050",3.16,5.38,183.27,0.00,0.00,5.38,183.27,"77,826.91"
1375,26/02/2021,VRE,"33,750","33,200","33,200","33,600","33,000","33,323",-550,-1.63,5.17,172.22,0.90,29.98,6.07,202.20,"75,440.97"
1376,25/02/2021,VRE,"33,700","34,100","33,750","34,150","33,350","33,769",50,0.15,4.23,142.70,0.00,0.00,4.23,142.70,"76,690.75"
1377,24/02/2021,VRE,"34,400","34,500","33,700","34,800","33,000","33,955",-700,-2.03,5.26,178.70,0.00,0.00,5.26,178.70,"76,577.13"
1378,23/02/2021,VRE,"34,150","34,200","34,400","34,600","34,100","34,393",250,0.73,4.78,164.53,0.50,17.21,5.28,181.74,"78,167.75"
1379,22/02/2021,VRE,"34,500","34,500","34,150","34,900","34,000","34,407",-350,-1.01,4.04,138.96,0.00,0.00,4.04,138.96,"77,599.67"
1380,19/02/2021,VRE,"34,850","34,400","34,500","35,100","34,100","34,669",-350,-1.00,4.60,159.45,0.00,0.00,4.60,159.45,"78,394.99"
1381,18/02/2021,VRE,"33,750","33,900","34,850","34,850","33,000","34,288","1,100",3.26,7.08,242.64,0.88,30.31,7.96,272.95,"79,190.30"
1382,17/02/2021,VRE,"31,550","31,900","33,750","33,750","31,650","33,270","2,200",6.97,5.10,169.58,2.10,67.85,7.20,237.43,"76,690.75"
1383,09/02/2021,VRE,"30,900","31,200","31,550","32,000","30,100","30,947",650,2.10,6.42,198.59,0.43,13.31,6.85,211.91,"71,691.65"
1384,08/02/2021,VRE,"32,700","32,700","30,900","32,700","30,450","31,327","-1,800",-5.50,10.11,316.72,0.00,0.00,10.11,316.72,"70,214.64"
1385,05/02/2021,VRE,"32,600","32,600","32,700","33,000","32,450","32,670",100,0.31,3.75,122.40,0.12,3.83,3.86,126.23,"74,304.81"
1386,04/02/2021,VRE,"33,100","33,100","32,600","33,800","32,500","33,101",-500,-1.51,4.11,136.06,0.00,0.00,4.11,136.06,"74,077.58"
1387,03/02/2021,VRE,"31,950","32,100","33,100","33,850","31,950","32,688","1,150",3.60,5.47,178.90,0.55,18.03,6.02,196.93,"75,213.74"
1388,02/02/2021,VRE,"30,000","29,800","31,950","32,000","28,700","30,285","1,950",6.50,8.55,258.83,0.10,3.05,8.64,261.88,"72,600.57"
1389,01/02/2021,VRE,"32,050","32,000","30,000","32,050","30,000","31,311","-2,050",-6.40,7.50,234.80,4.90,153.62,12.40,388.42,"68,169.55"
1390,29/01/2021,VRE,"32,050","29,850","32,050","33,600","29,850","31,167",0,0.00,13.58,423.23,0.08,2.48,13.66,425.71,"72,827.81"
1391,28/01/2021,VRE,"34,450","32,050","32,050","32,200","32,050","32,051","-2,400",-6.97,3.18,101.96,0.00,0.00,3.18,101.96,"72,827.81"
1392,27/01/2021,VRE,"37,000","36,000","34,450","36,500","34,450","35,115","-2,550",-6.89,6.40,224.80,0.00,0.00,6.40,224.80,"78,281.37"
1393,26/01/2021,VRE,"37,800","37,800","37,000","37,900","35,800","36,901",-800,-2.12,3.66,134.89,0.00,0.00,3.66,134.89,"84,075.78"
1394,25/01/2021,VRE,"36,900","36,900","37,800","38,300","36,600","37,807",900,2.44,6.56,248.01,0.70,26.46,7.26,274.46,"85,893.64"
1395,22/01/2021,VRE,"36,600","36,600","36,900","37,750","36,350","37,082",300,0.82,7.26,269.10,1.58,58.74,8.84,327.84,"83,848.55"
1396,21/01/2021,VRE,"36,800","36,800","36,600","37,000","35,900","36,369",-200,-0.54,6.99,254.19,1.81,65.60,8.79,319.78,"83,166.85"
1397,20/01/2021,VRE,"37,300","36,900","36,800","37,350","35,000","36,339",-500,-1.34,6.87,249.76,0.05,1.90,6.93,251.66,"83,621.32"
1398,19/01/2021,VRE,"37,350","37,050","37,300","37,300","34,750","35,740",-50,-0.13,7.32,261.51,1.11,41.44,8.43,302.95,"84,757.48"
1399,18/01/2021,VRE,"36,700","37,000","37,350","37,950","36,900","37,414",650,1.77,5.15,192.75,0.19,6.94,5.34,199.69,"84,871.09"
1400,15/01/2021,VRE,"36,600","36,700","36,700","37,000","36,400","36,773",100,0.27,3.37,123.80,0.33,12.13,3.70,135.93,"83,394.09"
1401,14/01/2021,VRE,"36,200","36,200","36,600","37,000","35,300","36,104",400,1.10,7.60,274.37,1.00,36.16,8.60,310.53,"83,166.85"
1402,13/01/2021,VRE,"36,700","36,700","36,200","37,150","35,000","36,747",-500,-1.36,7.54,277.09,0.90,33.01,8.44,310.09,"82,257.93"
1403,12/01/2021,VRE,"37,150","37,300","36,700","37,300","36,200","36,616",-450,-1.21,8.63,316.11,0.00,0.00,8.63,316.11,"83,394.09"
1404,11/01/2021,VRE,"35,500","35,500","37,150","37,300","35,400","36,206","1,650",4.65,8.82,319.35,0.30,10.86,9.12,330.21,"84,416.63"
1405,08/01/2021,VRE,"33,900","34,300","35,500","36,250","34,300","35,132","1,600",4.72,11.12,390.76,1.08,37.89,12.20,428.65,"80,667.30"
1406,07/01/2021,VRE,"33,200","33,200","33,900","33,900","33,000","33,548",700,2.11,8.94,299.99,0.36,12.05,9.30,312.04,"77,031.59"
1407,06/01/2021,VRE,"33,300","33,850","33,200","33,900","33,050","33,572",-100,-0.30,9.71,325.88,1.35,45.58,11.06,371.45,"75,440.97"
1408,05/01/2021,VRE,"31,650","31,650","33,300","33,500","31,500","32,696","1,650",5.21,11.97,391.32,0.20,6.54,12.17,397.86,"75,668.20"
1409,04/01/2021,VRE,"31,400","31,500","31,650","32,450","31,400","31,876",250,0.80,9.30,296.43,0.02,0.64,9.32,297.07,"71,918.88"
1410,31/12/2020,VRE,"31,350","31,500","31,400","31,500","31,200","31,356",50,0.16,4.65,145.84,0.00,0.00,4.65,145.84,"71,350.80"
1411,30/12/2020,VRE,"31,650","31,700","31,350","32,050","31,100","31,682",-300,-0.95,5.26,166.78,0.00,0.00,5.26,166.78,"71,237.18"
1412,29/12/2020,VRE,"30,450","30,450","31,650","31,800","30,250","31,192","1,200",3.94,11.63,362.71,0.37,11.63,12.00,374.34,"71,918.88"
1413,28/12/2020,VRE,"30,450","30,700","30,450","30,850","30,050","30,451",0,0.00,8.22,250.19,1.32,39.58,9.54,289.77,"69,192.10"
1414,25/12/2020,VRE,"29,950","29,900","30,450","30,600","29,550","30,140",500,1.67,5.68,171.27,0.03,0.84,5.71,172.11,"69,192.10"
1415,24/12/2020,VRE,"30,600","30,650","29,950","30,800","28,600","29,739",-650,-2.12,8.90,264.59,0.00,0.00,8.90,264.59,"68,055.94"
1416,23/12/2020,VRE,"30,300","30,350","30,600","31,350","30,100","30,594",300,0.99,11.23,343.43,0.31,9.46,11.53,352.89,"69,532.94"
1417,22/12/2020,VRE,"30,400","30,300","30,300","30,350","30,050","30,192",-100,-0.33,6.31,190.56,0.96,29.00,7.27,219.56,"68,851.25"
1418,21/12/2020,VRE,"30,150","30,350","30,400","30,650","29,950","30,344",250,0.83,9.99,303.08,0.96,28.79,10.95,331.88,"69,078.48"
1419,18/12/2020,VRE,"29,750","29,750","30,150","30,350","29,650","29,994",400,1.34,11.95,358.41,0.17,4.76,12.12,363.17,"68,510.40"
1420,17/12/2020,VRE,"30,500","30,050","29,750","30,400","29,300","29,903",-750,-2.46,10.32,308.55,0.87,25.91,11.19,334.46,"67,601.47"
1421,16/12/2020,VRE,"30,100","30,100","30,500","30,500","29,850","30,175",400,1.33,7.47,225.49,0.00,0.00,7.47,225.49,"69,305.71"
1422,15/12/2020,VRE,"30,000","30,200","30,100","30,850","29,800","30,341",100,0.33,13.99,424.34,0.30,9.10,14.29,433.44,"68,396.78"
1423,14/12/2020,VRE,"28,600","29,100","30,000","30,000","29,050","29,540","1,400",4.90,17.93,529.67,1.00,29.73,18.93,559.39,"68,169.55"
1424,11/12/2020,VRE,"28,200","28,200","28,600","28,600","28,100","28,418",400,1.42,4.66,132.50,0.68,18.55,5.35,151.05,"64,988.31"
1425,10/12/2020,VRE,"28,400","28,600","28,200","28,850","28,150","28,569",-200,-0.70,8.05,229.92,0.55,15.32,8.60,245.23,"64,079.38"
1426,09/12/2020,VRE,"28,200","28,250","28,400","28,500","28,000","28,274",200,0.71,6.86,193.92,0.65,17.75,7.51,211.67,"64,533.84"
1427,08/12/2020,VRE,"28,300","28,500","28,200","28,500","28,050","28,213",-100,-0.35,3.90,109.95,0.81,22.95,4.71,132.90,"64,079.38"
1428,07/12/2020,VRE,"28,000","28,300","28,300","28,300","27,850","28,087",300,1.07,3.62,101.61,0.00,0.00,3.62,101.61,"64,306.61"
1429,04/12/2020,VRE,"28,400","28,400","28,000","28,400","28,000","28,143",-400,-1.41,3.86,108.70,0.00,0.00,3.86,108.70,"63,624.92"
1430,03/12/2020,VRE,"28,500","28,650","28,400","28,700","28,400","28,473",-100,-0.35,4.67,132.85,2.03,57.69,6.69,190.53,"64,533.84"
1431,02/12/2020,VRE,"28,250","28,200","28,500","28,650","28,100","28,403",250,0.88,8.75,248.42,0.73,20.79,9.48,269.22,"64,761.07"
1432,01/12/2020,VRE,"28,200","27,800","28,250","28,300","27,600","28,079",50,0.18,5.32,149.47,0.23,6.32,5.55,155.79,"64,193.00"
1433,30/11/2020,VRE,"27,750","27,950","28,200","28,400","27,400","27,886",450,1.62,7.19,200.43,0.45,12.52,7.63,212.95,"64,079.38"
1434,27/11/2020,VRE,"27,900","27,900","27,750","28,000","27,550","27,746",-150,-0.54,5.76,159.94,0.00,0.00,5.76,159.94,"63,056.84"
1435,26/11/2020,VRE,"28,250","28,000","27,900","28,100","27,700","27,919",-350,-1.24,3.16,88.20,0.50,13.53,3.66,101.73,"63,397.68"
1436,25/11/2020,VRE,"27,950","28,200","28,250","28,650","28,100","28,386",300,1.07,7.36,208.92,2.80,79.00,10.16,287.92,"64,193.00"
1437,24/11/2020,VRE,"27,700","27,750","27,950","28,100","27,700","27,890",250,0.90,5.64,157.43,0.00,0.00,5.64,157.43,"63,511.30"
1438,23/11/2020,VRE,"27,650","27,650","27,700","27,850","27,500","27,672",50,0.18,3.11,86.00,0.56,15.42,3.66,101.42,"62,943.22"
1439,20/11/2020,VRE,"27,900","27,900","27,650","28,050","27,550","27,729",-250,-0.90,4.55,126.05,0.85,23.67,5.40,149.71,"62,829.60"
1440,19/11/2020,VRE,"27,500","27,500","27,900","27,900","27,400","27,677",400,1.45,5.85,161.92,0.00,0.00,5.85,161.92,"63,397.68"
1441,18/11/2020,VRE,"27,200","27,200","27,500","27,500","27,100","27,331",300,1.10,4.16,113.62,0.00,0.00,4.16,113.62,"62,488.76"
1442,17/11/2020,VRE,"26,850","27,000","27,200","27,200","26,850","27,004",350,1.30,3.12,84.34,0.00,0.00,3.12,84.34,"61,807.06"
1443,16/11/2020,VRE,"27,200","27,400","26,850","27,450","26,700","26,996",-350,-1.29,7.50,202.44,0.02,0.55,7.52,202.99,"61,011.75"
1444,13/11/2020,VRE,"27,200","27,050","27,200","27,300","27,050","27,181",0,0.00,3.34,90.85,0.00,0.00,3.34,90.85,"61,807.06"
1445,12/11/2020,VRE,"26,500","26,500","27,200","27,200","26,500","26,809",700,2.64,4.05,108.67,0.50,12.50,4.55,121.17,"61,807.06"
1446,11/11/2020,VRE,"26,700","26,700","26,500","26,850","26,500","26,645",-200,-0.75,6.07,161.69,0.38,10.12,6.45,171.81,"60,216.44"
1447,10/11/2020,VRE,"26,100","26,600","26,700","27,050","26,400","26,804",600,2.30,11.45,306.93,0.00,0.00,11.45,306.93,"60,670.90"
1448,09/11/2020,VRE,"25,600","25,950","26,100","26,200","25,600","25,948",500,1.95,3.35,86.90,0.00,0.00,3.35,86.90,"59,307.51"
1449,06/11/2020,VRE,"26,100","26,100","25,600","26,150","25,550","25,745",-500,-1.92,4.22,108.54,0.10,2.57,4.32,111.11,"58,171.35"
1450,05/11/2020,VRE,"25,950","26,100","26,100","26,500","25,950","26,268",150,0.58,3.49,91.60,0.47,12.36,3.96,103.96,"59,307.51"
1451,04/11/2020,VRE,"25,550","25,650","25,950","26,300","25,650","25,956",400,1.57,6.34,164.46,0.00,0.00,6.34,164.46,"58,966.66"
1452,03/11/2020,VRE,"25,500","25,700","25,550","25,800","25,500","25,612",50,0.20,3.82,97.83,0.00,0.00,3.82,97.83,"58,057.74"
1453,02/11/2020,VRE,"25,300","25,450","25,500","25,600","25,300","25,437",200,0.79,2.99,76.09,0.20,5.09,3.19,81.18,"57,944.12"
1454,30/10/2020,VRE,"25,600","26,000","25,300","26,000","25,050","25,333",-300,-1.17,4.96,125.66,0.06,1.41,5.02,127.08,"57,489.66"
1455,29/10/2020,VRE,"25,500","25,500","25,600","25,900","25,050","25,469",100,0.39,6.80,173.21,0.00,0.00,6.80,173.21,"58,171.35"
1456,28/10/2020,VRE,"27,000","26,800","25,500","26,950","25,500","26,278","-1,500",-5.56,10.45,274.56,0.32,8.31,10.77,282.86,"57,944.12"
1457,27/10/2020,VRE,"27,750","27,700","27,000","27,900","27,000","27,598",-750,-2.70,3.87,106.77,0.18,4.91,4.05,111.69,"61,352.60"
1458,26/10/2020,VRE,"28,350","29,000","27,750","29,000","27,750","28,595",-600,-2.12,6.88,196.65,0.90,25.67,7.78,222.32,"63,056.84"
1459,23/10/2020,VRE,"28,100","28,300","28,350","28,350","28,100","28,220",250,0.89,12.35,348.57,0.45,12.80,12.81,361.37,"64,420.23"
1460,22/10/2020,VRE,"27,900","27,800","28,100","28,100","27,550","27,871",200,0.72,3.67,102.28,0.35,9.79,4.02,112.06,"63,852.15"
1461,21/10/2020,VRE,"27,450","27,450","27,900","28,250","27,450","28,028",450,1.64,8.23,230.67,4.20,117.60,12.43,348.27,"63,397.68"
1462,20/10/2020,VRE,"27,350","27,350","27,450","27,600","27,250","27,404",100,0.37,1.88,51.50,0.18,5.18,2.06,56.68,"62,375.14"
1463,19/10/2020,VRE,"27,500","27,500","27,350","27,500","27,200","27,304",-150,-0.55,1.91,52.04,0.00,0.00,1.91,52.04,"62,147.91"
1464,16/10/2020,VRE,"27,600","27,800","27,500","27,900","27,450","27,612",-100,-0.36,3.58,98.95,0.00,0.00,3.58,98.95,"62,488.76"
1465,15/10/2020,VRE,"27,350","27,500","27,600","27,700","27,350","27,514",250,0.91,4.18,115.05,0.56,15.41,4.74,130.46,"62,715.99"
1466,14/10/2020,VRE,"27,200","27,200","27,350","27,450","27,200","27,340",150,0.55,2.10,57.44,0.00,0.00,2.10,57.44,"62,147.91"
1467,13/10/2020,VRE,"27,100","27,300","27,200","27,400","27,150","27,244",100,0.37,3.02,82.16,0.02,0.55,3.04,82.71,"61,807.06"
1468,12/10/2020,VRE,"27,650","27,800","27,100","28,000","27,100","27,638",-550,-1.99,3.88,107.37,0.00,0.00,3.88,107.37,"61,579.83"
1469,09/10/2020,VRE,"27,650","27,650","27,650","27,750","26,500","27,580",0,0.00,2.20,60.67,0.02,0.55,2.22,61.22,"62,829.60"
1470,08/10/2020,VRE,"27,800","28,000","27,650","28,000","27,550","27,711",-150,-0.54,1.43,39.74,0.00,0.00,1.43,39.74,"62,829.60"
1471,07/10/2020,VRE,"27,500","27,500","27,800","27,950","27,500","27,814",300,1.09,3.20,88.95,0.00,0.00,3.20,88.95,"63,170.45"
1472,06/10/2020,VRE,"27,400","27,400","27,500","27,600","27,400","27,510",100,0.36,2.14,58.76,0.00,0.00,2.14,58.76,"62,488.76"
1473,05/10/2020,VRE,"27,300","27,400","27,400","27,800","27,350","27,484",100,0.37,2.02,55.39,0.00,0.00,2.02,55.39,"62,261.52"
1474,02/10/2020,VRE,"27,700","27,800","27,300","27,950","26,500","27,353",-400,-1.44,2.55,69.72,0.00,0.00,2.55,69.72,"62,034.29"
1475,01/10/2020,VRE,"27,600","27,800","27,700","27,900","27,600","27,713",100,0.36,2.15,59.70,0.04,1.18,2.19,60.88,"62,943.22"
1476,30/09/2020,VRE,"27,450","27,450","27,600","27,950","27,250","27,458",150,0.55,1.59,43.72,0.46,12.66,2.05,56.38,"62,715.99"
1477,29/09/2020,VRE,"27,800","27,900","27,450","28,100","27,400","27,700",-350,-1.26,2.62,72.46,0.00,0.00,2.62,72.46,"62,375.14"
1478,28/09/2020,VRE,"28,400","28,400","27,800","28,450","27,550","27,906",-600,-2.11,5.93,165.51,0.00,0.00,5.93,165.51,"63,170.45"
1479,25/09/2020,VRE,"28,600","28,600","28,400","28,650","28,100","28,437",-200,-0.70,1.58,44.81,0.07,2.02,1.65,46.83,"64,533.84"
1480,24/09/2020,VRE,"29,100","29,100","28,600","29,150","28,500","28,870",-500,-1.72,1.52,43.90,0.10,3.02,1.63,46.93,"64,988.31"
1481,23/09/2020,VRE,"28,700","28,700","29,100","29,150","28,700","28,860",400,1.39,3.32,95.86,0.00,0.00,3.32,95.86,"66,124.47"
1482,22/09/2020,VRE,"28,950","28,600","28,700","28,900","28,600","28,703",-250,-0.86,1.85,53.13,0.10,2.87,1.95,55.99,"65,215.54"
1483,21/09/2020,VRE,"28,500","28,850","28,950","29,150","28,600","28,864",450,1.58,3.74,107.88,0.00,0.00,3.74,107.88,"65,783.62"
1484,18/09/2020,VRE,"28,300","28,250","28,500","28,500","28,200","28,321",200,0.71,4.09,115.90,0.80,22.68,4.89,138.58,"64,761.07"
1485,17/09/2020,VRE,"28,900","28,700","28,300","28,900","28,200","28,426",-600,-2.08,2.61,74.26,0.00,0.00,2.61,74.26,"64,306.61"
1486,16/09/2020,VRE,"28,900","28,900","28,900","29,050","28,750","28,927",0,0.00,2.16,62.49,0.37,10.67,2.53,73.16,"65,670.00"
1487,15/09/2020,VRE,"28,600","28,700","28,900","29,100","28,450","28,785",300,1.05,3.08,88.53,0.00,0.00,3.08,88.53,"65,670.00"
1488,14/09/2020,VRE,"28,400","28,500","28,600","28,600","28,350","28,497",200,0.70,2.70,76.90,0.25,7.13,2.95,84.03,"64,988.31"
1489,11/09/2020,VRE,"28,400","28,400","28,400","28,450","28,150","28,347",0,0.00,1.80,51.16,0.10,2.84,1.90,54.00,"64,533.84"
1490,10/09/2020,VRE,"28,400","28,500","28,400","28,750","28,300","28,454",0,0.00,1.69,48.11,0.00,0.00,1.69,48.11,"64,533.84"
1491,09/09/2020,VRE,"28,300","27,900","28,400","28,450","27,900","28,183",100,0.35,2.28,64.22,0.00,0.00,2.28,64.22,"64,533.84"
1492,08/09/2020,VRE,"27,700","27,700","28,300","28,400","27,550","27,966",600,2.17,3.05,85.25,0.83,23.15,3.88,108.40,"64,306.61"
1493,07/09/2020,VRE,"28,500","28,600","27,700","28,600","27,700","28,333",-800,-2.81,3.91,110.76,0.00,0.00,3.91,110.76,"62,943.22"
1494,04/09/2020,VRE,"28,100","27,700","28,500","28,700","27,700","28,418",400,1.42,6.10,173.30,0.00,0.00,6.10,173.30,"64,761.07"
1495,03/09/2020,VRE,"27,250","27,600","28,100","28,500","27,350","28,012",850,3.12,5.27,147.53,0.53,14.90,5.80,162.44,"63,852.15"
1496,01/09/2020,VRE,"27,000","27,000","27,250","27,300","26,800","27,173",250,0.93,1.94,52.84,0.00,0.00,1.94,52.84,"61,920.68"
1497,31/08/2020,VRE,"27,200","27,600","27,000","27,650","26,700","27,157",-200,-0.74,4.26,115.76,0.30,8.10,4.56,123.87,"61,352.60"
1498,28/08/2020,VRE,"27,200","27,200","27,200","27,400","27,100","27,237",0,0.00,2.46,66.94,1.13,30.64,3.58,97.59,"61,807.06"
1499,27/08/2020,VRE,"27,200","27,200","27,200","27,650","27,100","27,341",0,0.00,2.08,56.79,0.40,10.94,2.48,67.72,"61,807.06"
1500,26/08/2020,VRE,"26,950","26,950","27,200","27,350","26,850","27,177",250,0.93,2.20,59.90,0.40,10.87,2.60,70.77,"61,807.06"
1501,25/08/2020,VRE,"26,900","27,000","26,950","27,200","26,900","27,059",50,0.19,2.68,72.53,0.55,14.88,3.23,87.41,"61,238.98"
1502,24/08/2020,VRE,"26,500","26,700","26,900","27,300","26,650","27,032",400,1.51,5.01,135.47,0.60,16.22,5.61,151.69,"61,125.37"
1503,21/08/2020,VRE,"26,350","26,450","26,500","26,650","26,300","26,497",150,0.57,1.80,47.65,0.30,7.96,2.10,55.60,"60,216.44"
1504,20/08/2020,VRE,"26,350","26,350","26,350","26,800","26,200","26,383",0,0.00,2.17,57.37,0.40,10.55,2.57,67.92,"59,875.59"
1505,19/08/2020,VRE,"26,100","26,200","26,350","26,600","26,200","26,385",250,0.96,1.70,44.83,0.15,3.96,1.85,48.79,"59,875.59"
1506,18/08/2020,VRE,"26,500","26,400","26,100","26,700","26,100","26,309",-400,-1.51,1.95,51.22,0.35,9.21,2.30,60.43,"59,307.51"
1507,17/08/2020,VRE,"26,850","26,650","26,500","26,800","26,250","26,486",-350,-1.30,1.72,45.68,0.00,0.00,1.72,45.68,"60,216.44"
1508,14/08/2020,VRE,"26,850","26,850","26,850","27,300","26,650","27,005",0,0.00,3.09,83.42,0.14,3.85,3.23,87.27,"61,011.75"
1509,13/08/2020,VRE,"26,400","26,400","26,850","27,000","26,300","26,654",450,1.70,2.59,69.14,0.02,0.56,2.61,69.71,"61,011.75"
1510,12/08/2020,VRE,"26,300","26,500","26,400","26,550","26,150","26,334",100,0.38,1.76,46.47,1.92,50.49,3.68,96.97,"59,989.21"
1511,11/08/2020,VRE,"26,650","26,700","26,300","26,800","26,300","26,447",-350,-1.31,1.51,40.01,0.02,0.57,1.53,40.58,"59,761.97"
1512,10/08/2020,VRE,"26,400","26,500","26,650","26,950","26,500","26,662",250,0.95,1.68,44.81,0.90,23.99,2.58,68.81,"60,557.29"
1513,07/08/2020,VRE,"26,350","26,400","26,400","26,550","26,100","26,328",50,0.19,1.26,33.10,0.90,23.69,2.16,56.78,"59,989.21"
1514,06/08/2020,VRE,"26,350","26,200","26,350","26,750","26,100","26,466",0,0.00,2.10,55.47,1.34,35.48,3.44,90.95,"59,875.59"
1515,05/08/2020,VRE,"26,300","26,050","26,350","26,700","25,900","26,326",50,0.19,2.15,56.73,0.48,12.50,2.64,69.24,"59,875.59"
1516,04/08/2020,VRE,"25,650","26,200","26,300","26,350","25,900","26,105",650,2.53,1.60,41.83,0.82,21.34,2.42,63.17,"59,761.97"
1517,03/08/2020,VRE,"25,100","25,150","25,650","25,900","25,150","25,654",550,2.19,1.87,48.03,0.00,0.00,1.87,48.03,"58,284.97"
1518,31/07/2020,VRE,"25,950","25,300","25,100","26,050","25,100","25,489",-850,-3.28,2.33,59.48,0.79,20.15,3.12,79.63,"57,035.19"
1519,30/07/2020,VRE,"25,550","25,850","25,950","26,150","25,700","25,961",400,1.57,1.07,27.77,0.29,7.44,1.36,35.20,"58,966.66"
1520,29/07/2020,VRE,"27,200","26,400","25,550","26,400","25,300","25,754","-1,650",-6.07,2.64,67.89,0.82,21.05,3.45,88.94,"58,057.74"
1521,28/07/2020,VRE,"26,800","27,000","27,200","27,300","25,900","26,696",400,1.49,4.48,119.62,0.00,0.00,4.48,119.62,"61,807.06"
1522,27/07/2020,VRE,"27,950","26,100","26,800","27,500","26,100","26,546","-1,150",-4.11,3.21,85.25,0.00,0.00,3.21,85.25,"60,898.13"
1523,24/07/2020,VRE,"28,300","27,900","27,950","28,150","27,000","27,837",-350,-1.24,4.73,131.67,0.00,0.00,4.73,131.67,"63,511.30"
1524,23/07/2020,VRE,"26,950","27,000","28,300","28,300","27,000","27,863","1,350",5.01,7.25,202.01,0.00,0.00,7.25,202.01,"64,306.61"
1525,22/07/2020,VRE,"26,300","26,600","26,950","27,250","26,600","26,979",650,2.47,2.25,60.74,0.37,9.98,2.62,70.72,"61,238.98"
1526,21/07/2020,VRE,"26,200","26,250","26,300","26,550","26,150","26,312",100,0.38,1.73,45.40,2.09,55.05,3.82,100.46,"59,761.97"
1527,20/07/2020,VRE,"26,850","26,700","26,200","26,850","26,200","26,561",-650,-2.42,1.26,33.44,0.00,0.00,1.26,33.44,"59,534.74"
1528,17/07/2020,VRE,"27,300","27,000","26,850","27,200","26,850","26,991",-450,-1.65,0.72,19.46,0.00,0.00,0.72,19.46,"61,011.75"
1529,16/07/2020,VRE,"26,700","26,950","27,300","27,300","26,750","27,039",600,2.25,1.27,34.37,0.00,0.00,1.27,34.37,"62,034.29"
1530,15/07/2020,VRE,"26,400","26,500","26,700","27,000","26,500","26,724",300,1.14,1.50,40.15,0.00,0.00,1.50,40.15,"60,670.90"
1531,14/07/2020,VRE,"26,500","26,400","26,400","26,700","26,050","26,347",-100,-0.38,1.94,51.08,0.03,0.71,1.97,51.79,"59,989.21"
1532,13/07/2020,VRE,"27,050","27,050","26,500","27,350","26,500","26,744",-550,-2.03,2.29,61.29,0.00,0.00,2.29,61.29,"60,216.44"
1533,10/07/2020,VRE,"27,550","27,350","27,050","27,550","26,950","27,241",-500,-1.81,0.95,25.82,1.30,35.41,2.25,61.24,"61,466.21"
1534,09/07/2020,VRE,"27,450","27,550","27,550","27,750","27,250","27,542",100,0.36,1.90,52.42,0.16,4.36,2.06,56.78,"62,602.37"
1535,08/07/2020,VRE,"27,450","27,300","27,450","27,500","27,050","27,304",0,0.00,0.94,25.65,0.00,0.00,0.94,25.65,"62,375.14"
1536,07/07/2020,VRE,"27,100","27,200","27,450","27,800","27,050","27,464",350,1.29,4.35,119.37,0.30,8.24,4.65,127.61,"62,375.14"
1537,06/07/2020,VRE,"26,500","26,500","27,100","27,200","26,450","26,890",600,2.26,3.10,83.39,0.02,0.53,3.12,83.92,"61,579.83"
1538,03/07/2020,VRE,"26,200","26,200","26,500","26,650","26,200","26,499",300,1.15,2.33,61.71,0.00,0.00,2.33,61.71,"60,216.44"
1539,02/07/2020,VRE,"26,450","26,400","26,200","26,400","25,850","26,078",-250,-0.95,0.95,24.82,0.03,0.90,0.99,25.72,"59,534.74"
1540,01/07/2020,VRE,"24,800","24,800","26,450","26,500","24,800","25,871","1,650",6.65,1.47,38.01,0.00,0.00,1.47,38.01,"60,102.82"
1541,30/06/2020,VRE,"25,400","25,650","24,800","26,150","24,800","25,265",-600,-2.36,1.70,42.97,0.02,0.54,1.72,43.50,"56,353.50"
1542,29/06/2020,VRE,"26,200","26,200","25,400","26,200","25,000","25,457",-800,-3.05,2.16,54.91,0.00,0.00,2.16,54.91,"57,716.89"
1543,26/06/2020,VRE,"26,500","26,600","26,200","26,750","26,000","26,326",-300,-1.13,1.87,49.17,0.00,0.00,1.87,49.17,"59,534.74"
1544,25/06/2020,VRE,"26,850","26,500","26,500","26,800","26,300","26,499",-350,-1.30,2.13,56.53,0.00,0.00,2.13,56.53,"60,216.44"
1545,24/06/2020,VRE,"27,200","27,300","26,850","27,700","26,850","27,171",-350,-1.29,1.39,37.81,0.00,0.00,1.39,37.81,"61,011.75"
1546,23/06/2020,VRE,"27,600","27,600","27,200","27,600","27,100","27,309",-400,-1.45,1.02,27.84,0.00,0.00,1.02,27.84,"61,807.06"
1547,22/06/2020,VRE,"27,800","27,800","27,600","28,000","27,400","27,666",-200,-0.72,1.56,43.14,0.00,0.00,1.56,43.14,"62,715.99"
1548,19/06/2020,VRE,"27,550","27,500","27,800","27,800","26,700","27,249",250,0.91,3.68,100.22,0.00,0.00,3.68,100.22,"63,170.45"
1549,18/06/2020,VRE,"27,500","27,500","27,550","27,650","26,350","27,364",50,0.18,1.68,46.01,0.30,8.21,1.98,54.21,"62,602.37"
1550,17/06/2020,VRE,"26,750","27,350","27,500","27,850","27,100","27,551",750,2.80,3.15,86.73,0.24,6.49,3.38,93.22,"62,488.76"
1551,16/06/2020,VRE,"25,000","25,500","26,750","26,750","25,300","26,296","1,750",7.00,3.10,81.45,0.37,9.73,3.47,91.18,"60,784.52"
1552,15/06/2020,VRE,"25,900","26,000","25,000","26,400","25,000","25,786",-900,-3.47,2.06,53.03,0.00,0.00,2.06,53.03,"56,807.96"
1553,12/06/2020,VRE,"26,100","25,300","25,900","25,900","25,000","25,512",-200,-0.77,2.53,64.54,0.29,7.30,2.82,71.84,"58,853.05"
1554,11/06/2020,VRE,"27,950","27,900","26,100","27,950","26,100","27,302","-1,850",-6.62,4.73,129.02,0.10,2.70,4.83,131.72,"59,307.51"
1555,10/06/2020,VRE,"27,900","27,600","27,950","28,000","27,200","27,653",50,0.18,2.12,58.62,0.00,0.00,2.12,58.62,"63,511.30"
1556,09/06/2020,VRE,"28,600","28,350","27,900","28,600","27,800","28,192",-700,-2.45,2.86,80.75,3.49,99.81,6.35,180.56,"63,397.68"
1557,08/06/2020,VRE,"28,450","28,800","28,600","28,900","28,250","28,570",150,0.53,2.83,80.75,0.00,0.00,2.83,80.75,"64,988.31"
1558,05/06/2020,VRE,"28,400","28,400","28,450","28,800","28,000","28,420",50,0.18,2.16,61.46,0.00,0.00,2.16,61.46,"64,647.46"
1559,04/06/2020,VRE,"28,100","28,300","28,400","28,850","28,300","28,605",300,1.07,2.84,81.21,0.40,11.44,3.24,92.66,"64,533.84"
1560,03/06/2020,VRE,"27,600","27,400","28,100","28,100","27,100","27,535",500,1.81,3.34,92.03,0.00,0.00,3.34,92.03,"63,852.15"
1561,02/06/2020,VRE,"27,800","27,550","27,600","28,000","27,300","27,666",-200,-0.72,2.91,80.49,0.00,0.00,2.91,80.49,"62,715.99"
1562,01/06/2020,VRE,"27,500","28,000","27,800","28,050","27,650","27,830",300,1.09,3.99,111.11,0.00,0.00,3.99,111.11,"63,170.45"
1563,29/05/2020,VRE,"26,900","26,900","27,500","28,200","26,550","27,597",600,2.23,7.82,215.88,0.69,19.09,8.51,234.97,"62,488.76"
1564,28/05/2020,VRE,"25,500","25,550","26,900","27,000","25,500","26,358","1,400",5.49,6.48,170.85,0.02,0.51,6.50,171.36,"61,125.37"
1565,27/05/2020,VRE,"26,500","26,600","25,500","26,650","25,500","26,190","-1,000",-3.77,7.07,185.29,1.05,27.51,8.12,212.80,"57,944.12"
1566,26/05/2020,VRE,"26,200","26,600","26,500","26,800","26,250","26,433",300,1.15,3.97,104.92,0.70,18.55,4.67,123.48,"60,216.44"
1567,25/05/2020,VRE,"25,800","25,700","26,200","26,650","25,300","26,110",400,1.55,3.77,98.56,0.34,8.97,4.12,107.54,"59,534.74"
1568,22/05/2020,VRE,"26,300","26,000","25,800","26,100","25,500","25,873",-500,-1.90,5.94,153.64,0.00,0.00,5.94,153.64,"58,625.81"
1569,21/05/2020,VRE,"26,550","26,600","26,300","27,250","26,000","26,408",-250,-0.94,5.05,133.27,0.86,22.68,5.91,155.95,"59,761.97"
1570,20/05/2020,VRE,"24,900","24,800","26,550","26,550","24,800","25,718","1,650",6.63,6.79,174.73,0.30,7.73,7.09,182.46,"60,330.05"
1571,19/05/2020,VRE,"24,550","25,000","24,900","25,800","24,600","25,246",350,1.43,8.31,209.89,0.57,14.32,8.88,224.21,"56,580.73"
1572,18/05/2020,VRE,"24,100","24,200","24,550","24,700","24,050","24,454",450,1.87,2.60,63.51,0.28,6.80,2.88,70.31,"55,785.42"
1573,15/05/2020,VRE,"24,050","24,400","24,100","24,750","24,100","24,309",50,0.21,2.26,55.00,0.00,0.00,2.26,55.00,"54,762.87"
1574,14/05/2020,VRE,"24,500","24,200","24,050","24,350","23,900","24,123",-450,-1.84,3.95,95.34,0.07,1.71,4.02,97.05,"54,649.26"
1575,13/05/2020,VRE,"25,250","25,000","24,500","25,100","24,500","24,802",-750,-2.97,4.04,100.13,0.09,2.34,4.13,102.46,"55,671.80"
1576,12/05/2020,VRE,"25,450","25,000","25,250","25,400","24,950","25,124",-200,-0.79,3.65,91.81,0.00,0.00,3.65,91.81,"57,376.04"
1577,11/05/2020,VRE,"25,300","25,450","25,450","25,650","24,800","25,362",150,0.59,3.52,89.16,0.27,6.85,3.79,96.01,"57,830.50"
1578,08/05/2020,VRE,"24,800","25,000","25,300","25,900","25,000","25,475",500,2.02,4.04,102.88,0.00,0.00,4.04,102.88,"57,489.66"
1579,07/05/2020,VRE,"25,000","25,100","24,800","25,200","24,650","24,820",-200,-0.80,2.52,62.51,0.00,0.00,2.52,62.51,"56,353.50"
1580,06/05/2020,VRE,"23,550","23,800","25,000","25,000","23,550","24,187","1,450",6.16,5.20,125.81,0.00,0.00,5.20,125.81,"56,807.96"
1581,05/05/2020,VRE,"23,450","23,500","23,550","23,850","23,500","23,633",100,0.43,2.48,58.63,0.00,0.00,2.48,58.63,"53,513.10"
1582,04/05/2020,VRE,"23,100","22,800","23,450","23,750","22,800","23,335",350,1.52,1.76,41.02,1.13,26.10,2.89,67.11,"53,285.87"
1583,29/04/2020,VRE,"22,750","23,100","23,100","23,350","22,600","23,103",350,1.54,2.66,61.49,1.57,36.17,4.23,97.66,"52,490.56"
1584,28/04/2020,VRE,"23,500","23,500","22,750","23,750","22,300","22,847",-750,-3.19,3.99,91.12,1.26,28.69,5.25,119.81,"51,695.24"
1585,27/04/2020,VRE,"24,000","24,200","23,500","24,200","23,450","23,632",-500,-2.08,3.42,80.79,0.00,0.00,3.42,80.79,"53,399.48"
1586,24/04/2020,VRE,"24,100","24,400","24,000","24,400","23,500","23,939",-100,-0.41,1.64,39.24,1.16,27.72,2.80,66.96,"54,535.64"
1587,23/04/2020,VRE,"23,550","24,400","24,100","24,650","23,600","23,909",550,2.34,3.10,74.00,0.05,1.10,3.15,75.10,"54,762.87"
1588,22/04/2020,VRE,"24,400","22,800","23,550","25,000","22,800","23,486",-850,-3.48,5.28,124.02,0.00,0.00,5.28,124.02,"53,513.10"
1589,21/04/2020,VRE,"26,200","25,800","24,400","25,900","24,400","24,813","-1,800",-6.87,2.80,69.60,0.63,15.75,3.44,85.35,"55,444.57"
1590,20/04/2020,VRE,"26,500","26,500","26,200","26,500","25,800","26,202",-300,-1.13,2.33,60.95,0.60,15.72,2.93,76.67,"59,534.74"
1591,17/04/2020,VRE,"26,500","26,500","26,500","27,200","26,200","26,481",0,0.00,4.35,115.17,0.53,13.97,4.88,129.14,"60,216.44"
1592,16/04/2020,VRE,"26,100","25,650","26,500","26,500","25,350","25,996",400,1.53,2.92,76.02,2.76,71.73,5.68,147.75,"60,216.44"
1593,15/04/2020,VRE,"26,200","26,300","26,100","26,700","25,650","25,922",-100,-0.38,2.69,69.65,0.00,0.00,2.69,69.65,"59,307.51"
1594,14/04/2020,VRE,"25,450","25,450","26,200","27,200","24,800","25,859",750,2.95,3.05,78.99,0.67,17.28,3.73,96.27,"59,534.74"
1595,13/04/2020,VRE,"23,800","23,700","25,450","25,450","23,700","25,089","1,650",6.93,2.38,59.78,0.00,0.00,2.38,59.78,"57,830.50"
1596,10/04/2020,VRE,"23,700","23,700","23,800","24,000","23,000","23,694",100,0.42,2.03,48.05,0.13,2.96,2.15,51.01,"54,081.18"
1597,09/04/2020,VRE,"22,500","22,300","23,700","24,050","22,300","23,684","1,200",5.33,4.76,112.77,0.46,10.81,5.22,123.58,"53,853.95"
1598,08/04/2020,VRE,"22,300","21,900","22,500","22,500","21,300","21,891",200,0.90,3.36,73.59,0.00,0.00,3.36,73.59,"51,127.16"
1599,07/04/2020,VRE,"20,850","21,500","22,300","22,300","21,100","22,090","1,450",6.95,3.72,82.08,0.09,2.08,3.81,84.16,"50,672.70"
1600,06/04/2020,VRE,"19,500","19,950","20,850","20,850","19,850","20,520","1,350",6.92,4.52,92.67,0.00,0.00,4.52,92.67,"47,377.84"
1601,03/04/2020,VRE,"19,250","19,400","19,500","19,700","18,900","19,282",250,1.30,2.52,48.64,0.52,10.11,3.04,58.75,"44,310.21"
1602,01/04/2020,VRE,"19,150","19,000","19,250","19,700","18,100","19,376",100,0.52,0.93,18.04,1.16,22.34,2.09,40.38,"43,742.13"
1603,31/03/2020,VRE,"19,000","18,700","19,150","20,300","18,550","19,534",150,0.79,3.57,69.66,0.00,0.00,3.57,69.66,"43,514.90"
1604,30/03/2020,VRE,"20,400","19,000","19,000","19,250","19,000","19,006","-1,400",-6.86,2.28,43.25,0.00,0.00,2.28,43.25,"43,174.05"
1605,27/03/2020,VRE,"20,000","19,400","20,400","20,400","18,600","19,560",400,2.00,5.48,107.20,0.80,15.88,6.28,123.08,"46,355.30"
1606,26/03/2020,VRE,"18,900","18,500","20,000","20,200","18,000","19,609","1,100",5.82,4.55,89.28,2.44,45.19,6.99,134.47,"45,446.37"
1607,25/03/2020,VRE,"17,700","18,300","18,900","18,900","16,900","17,974","1,200",6.78,4.75,85.34,0.60,11.00,5.35,96.34,"42,946.82"
1608,24/03/2020,VRE,"19,000","17,700","17,700","18,000","17,700","17,706","-1,300",-6.84,6.89,122.00,0.00,0.00,6.89,122.00,"40,220.04"
1609,23/03/2020,VRE,"20,400","19,200","19,000","19,450","19,000","19,038","-1,400",-6.86,0.40,7.65,0.00,0.00,0.40,7.65,"43,174.05"
1610,20/03/2020,VRE,"21,900","21,900","20,400","21,900","20,400","20,598","-1,500",-6.85,2.76,56.82,0.00,0.00,2.76,56.82,"46,355.30"
1611,19/03/2020,VRE,"22,100","21,000","21,900","22,000","20,700","21,275",-200,-0.90,2.18,46.28,0.00,0.00,2.18,46.28,"49,763.77"
1612,18/03/2020,VRE,"22,100","22,000","22,100","22,300","21,250","21,693",0,0.00,1.94,41.99,1.35,27.98,3.29,69.97,"50,218.24"
1613,17/03/2020,VRE,"23,700","22,500","22,100","22,700","22,050","22,206","-1,600",-6.75,2.07,45.90,0.00,0.00,2.07,45.90,"50,218.24"
1614,16/03/2020,VRE,"24,200","24,500","23,700","24,500","22,550","23,463",-500,-2.07,1.75,41.12,1.17,27.43,2.92,68.55,"53,853.95"
1615,13/03/2020,VRE,"24,200","22,550","24,200","24,300","22,550","23,013",0,0.00,4.74,109.15,0.00,0.00,4.74,109.15,"54,990.11"
1616,12/03/2020,VRE,"26,000","24,200","24,200","24,950","24,200","24,204","-1,800",-6.92,2.98,72.04,0.00,0.00,2.98,72.04,"54,990.11"
1617,11/03/2020,VRE,"26,400","26,400","26,000","26,400","24,600","25,384",-400,-1.52,4.21,106.90,0.00,0.00,4.21,106.90,"59,080.28"
1618,10/03/2020,VRE,"26,550","25,300","26,400","26,950","25,150","26,043",-150,-0.56,3.03,78.95,0.00,0.00,3.03,78.95,"59,989.21"
1619,09/03/2020,VRE,"28,500","26,750","26,550","27,500","26,550","26,608","-1,950",-6.84,2.16,57.60,0.18,4.71,2.34,62.30,"60,330.05"
1620,06/03/2020,VRE,"28,600","28,700","28,500","28,700","28,200","28,369",-100,-0.35,0.81,22.85,0.00,0.00,0.81,22.85,"64,761.07"
1621,05/03/2020,VRE,"28,450","28,650","28,600","29,000","28,600","28,790",150,0.53,0.86,24.76,0.21,5.93,1.07,30.69,"64,988.31"
1622,04/03/2020,VRE,"28,450","28,300","28,450","28,500","28,100","28,400",0,0.00,0.97,27.44,0.00,0.00,0.97,27.44,"64,647.46"
1623,03/03/2020,VRE,"28,550","29,050","28,450","29,050","28,450","28,592",-100,-0.35,1.77,50.54,0.73,20.85,2.50,71.38,"64,647.46"
1624,02/03/2020,VRE,"28,500","28,500","28,550","28,950","28,200","28,542",50,0.18,0.93,26.52,0.11,3.14,1.04,29.66,"64,874.69"
1625,28/02/2020,VRE,"29,000","28,500","28,500","28,800","28,050","28,374",-500,-1.72,1.82,51.78,0.40,10.68,2.22,62.46,"64,761.07"
1626,27/02/2020,VRE,"29,000","28,850","29,000","29,100","28,750","28,916",0,0.00,1.25,36.29,0.02,0.58,1.27,36.87,"65,897.23"
1627,26/02/2020,VRE,"29,200","29,000","29,000","29,500","28,750","29,089",-200,-0.68,1.03,29.93,0.00,0.00,1.03,29.93,"65,897.23"
1628,25/02/2020,VRE,"29,350","29,000","29,200","29,450","28,800","29,124",-150,-0.51,1.01,29.56,0.00,0.00,1.01,29.56,"66,351.70"
1629,24/02/2020,VRE,"30,700","29,100","29,350","30,400","29,100","29,795","-1,350",-4.40,1.39,41.47,0.06,1.73,1.45,43.20,"66,692.55"
1630,21/02/2020,VRE,"30,900","30,700","30,700","30,900","30,700","30,770",-200,-0.65,0.70,21.46,0.00,0.00,0.70,21.46,"69,760.18"
1631,20/02/2020,VRE,"30,150","30,550","30,900","30,900","30,300","30,598",750,2.49,1.63,49.78,0.45,13.65,2.07,63.43,"70,214.64"
1632,19/02/2020,VRE,"30,550","30,500","30,150","30,550","29,800","30,094",-400,-1.31,1.56,47.04,0.32,9.47,1.88,56.50,"68,510.40"
1633,18/02/2020,VRE,"31,400","31,300","30,550","31,500","30,500","30,778",-850,-2.71,1.02,31.39,0.00,0.00,1.02,31.39,"69,419.33"
1634,17/02/2020,VRE,"31,750","31,800","31,400","31,800","31,200","31,437",-350,-1.10,0.56,17.68,0.20,6.25,0.76,23.93,"71,350.80"
1635,14/02/2020,VRE,"31,450","31,450","31,750","32,200","31,300","31,836",300,0.95,1.39,44.19,0.57,18.30,1.96,62.49,"72,146.11"
1636,13/02/2020,VRE,"31,250","31,000","31,450","31,450","31,000","31,327",200,0.64,0.86,27.02,0.00,0.00,0.86,27.02,"71,464.41"
1637,12/02/2020,VRE,"31,400","31,850","31,250","31,850","31,250","31,471",-150,-0.48,0.98,30.93,0.00,0.00,0.98,30.93,"71,009.95"
1638,11/02/2020,VRE,"31,100","31,000","31,400","31,650","30,500","31,246",300,0.96,2.57,80.42,0.00,0.00,2.57,80.42,"71,350.80"
1639,10/02/2020,VRE,"32,000","31,500","31,100","31,500","31,000","31,234",-900,-2.81,0.61,19.10,0.40,12.47,1.01,31.57,"70,669.10"
1640,07/02/2020,VRE,"30,950","31,050","32,000","32,250","30,800","31,773","1,050",3.39,2.42,77.02,0.54,17.22,2.96,94.23,"72,714.19"
1641,06/02/2020,VRE,"28,950","30,950","30,950","30,950","28,800","30,191","2,000",6.91,3.66,110.52,0.62,18.75,4.28,129.27,"70,328.25"
1642,05/02/2020,VRE,"29,250","30,200","28,950","30,200","28,800","29,398",-300,-1.03,2.04,59.86,1.28,37.22,3.32,97.08,"65,783.62"
1643,04/02/2020,VRE,"30,200","29,700","29,250","30,150","28,700","29,507",-950,-3.15,2.24,66.07,0.09,2.66,2.33,68.73,"66,465.31"
1644,03/02/2020,VRE,"30,050","28,000","30,200","30,300","27,950","28,626",150,0.50,1.98,56.61,0.24,7.09,2.21,63.70,"68,624.02"
1645,31/01/2020,VRE,"30,950","30,950","30,050","31,300","30,050","30,462",-900,-2.91,2.32,70.75,0.72,21.72,3.04,92.47,"68,283.17"
1646,30/01/2020,VRE,"32,600","32,000","30,950","32,100","30,700","31,544","-1,650",-5.06,2.00,63.16,0.16,5.11,2.16,68.27,"70,328.25"
1647,22/01/2020,VRE,"32,600","32,500","32,600","32,800","32,300","32,578",0,0.00,0.93,30.38,0.36,11.86,1.29,42.24,"74,077.58"
1648,21/01/2020,VRE,"32,000","32,000","32,600","32,700","32,000","32,527",600,1.88,0.91,29.54,0.52,17.00,1.43,46.53,"74,077.58"
1649,20/01/2020,VRE,"32,600","32,400","32,000","32,450","31,850","32,167",-600,-1.84,1.07,34.45,0.61,19.47,1.68,53.92,"72,714.19"
1650,17/01/2020,VRE,"32,800","33,150","32,600","33,150","32,500","32,726",-200,-0.61,0.87,28.56,0.00,0.00,0.87,28.56,"74,077.58"
1651,16/01/2020,VRE,"33,200","33,700","32,800","33,700","32,750","33,093",-400,-1.20,0.98,32.42,0.42,13.93,1.40,46.35,"74,532.04"
1652,15/01/2020,VRE,"33,750","33,800","33,200","33,800","33,200","33,462",-550,-1.63,0.55,18.39,0.82,27.26,1.37,45.65,"75,440.97"
1653,14/01/2020,VRE,"33,750","33,850","33,750","34,000","33,750","33,871",0,0.00,0.56,19.06,0.00,0.00,0.56,19.06,"76,690.75"
1654,13/01/2020,VRE,"33,950","34,000","33,750","34,000","33,600","33,785",-200,-0.59,0.42,14.10,0.30,10.10,0.72,24.20,"76,690.75"
1655,10/01/2020,VRE,"34,000","34,000","33,950","34,100","33,550","33,865",-50,-0.15,0.54,18.39,0.50,16.96,1.04,35.35,"77,145.21"
1656,09/01/2020,VRE,"32,700","33,350","34,000","34,000","33,300","33,751","1,300",3.98,1.05,35.60,0.10,3.36,1.15,38.96,"77,258.83"
1657,08/01/2020,VRE,"33,950","33,400","32,700","33,500","32,600","33,043","-1,250",-3.68,0.92,30.37,3.31,109.45,4.23,139.83,"74,304.81"
1658,07/01/2020,VRE,"33,650","33,650","33,950","33,950","33,600","33,679",300,0.89,0.36,12.02,0.00,0.00,0.36,12.02,"77,145.21"
1659,06/01/2020,VRE,"34,600","34,500","33,650","34,500","33,500","33,845",-950,-2.75,0.68,23.11,0.00,0.00,0.68,23.11,"76,463.51"
1660,03/01/2020,VRE,"34,350","34,300","34,600","34,650","34,100","34,489",250,0.73,1.27,43.90,0.00,0.00,1.27,43.90,"78,622.22"
1661,02/01/2020,VRE,"34,000","33,800","34,350","34,450","33,800","34,192",350,1.03,0.58,19.87,0.00,0.00,0.58,19.87,"78,054.14"
1662,31/12/2019,VRE,"34,500","34,000","34,000","34,400","33,950","34,030",-500,-1.45,0.41,14.07,0.27,9.26,0.68,23.33,"77,258.83"
1663,30/12/2019,VRE,"33,400","33,600","34,500","34,500","33,100","33,934","1,100",3.29,1.12,38.03,0.00,0.00,1.12,38.03,"78,394.99"
1664,27/12/2019,VRE,"33,300","33,000","33,400","33,550","32,900","33,390",100,0.30,0.96,31.96,3.02,100.25,3.98,132.21,"75,895.43"
1665,26/12/2019,VRE,"32,800","32,750","33,300","33,400","32,750","33,279",500,1.52,0.87,29.02,2.96,97.55,3.83,126.57,"75,668.20"
1666,25/12/2019,VRE,"32,900","32,700","32,800","32,900","32,700","32,769",-100,-0.30,0.43,14.03,0.31,10.12,0.74,24.15,"74,532.04"
1667,24/12/2019,VRE,"32,900","32,800","32,900","33,000","32,500","32,830",0,0.00,1.44,47.39,1.13,37.17,2.57,84.56,"74,759.28"
1668,23/12/2019,VRE,"32,950","33,000","32,900","33,000","32,600","32,857",-50,-0.15,1.52,49.97,0.00,0.00,1.52,49.97,"74,759.28"
1669,20/12/2019,VRE,"32,400","32,700","32,950","33,200","32,400","32,888",550,1.70,1.32,43.26,0.06,2.00,1.38,45.26,"74,872.89"
1670,19/12/2019,VRE,"31,950","31,950","32,400","32,600","31,850","32,315",450,1.41,1.77,57.21,0.57,18.41,2.34,75.62,"75,453.72"
1671,18/12/2019,VRE,"32,900","32,900","31,950","33,050","31,800","32,329",-950,-2.89,3.83,123.95,0.88,28.31,4.72,152.26,"74,405.75"
1672,17/12/2019,VRE,"33,900","33,900","32,900","34,000","32,900","33,425","-1,000",-2.95,1.27,42.50,1.95,64.96,3.22,107.46,"76,618.13"
1673,16/12/2019,VRE,"33,550","33,550","33,900","34,400","33,400","33,925",350,1.04,1.61,54.69,1.53,51.83,3.14,106.52,"78,946.94"
1674,13/12/2019,VRE,"34,750","35,000","33,550","35,000","33,550","34,580","-1,200",-3.45,2.17,74.98,0.23,7.82,2.39,82.79,"78,131.86"
1675,12/12/2019,VRE,"35,000","35,000","34,750","35,150","34,750","34,897",-250,-0.71,2.64,92.11,2.01,69.90,4.65,162.02,"80,926.44"
1676,11/12/2019,VRE,"34,900","34,900","35,000","35,100","34,650","34,970",100,0.29,5.03,176.00,0.00,0.00,5.03,176.00,"81,508.64"
1677,10/12/2019,VRE,"35,200","35,100","34,900","35,350","34,800","35,127",-300,-0.85,4.70,165.21,0.03,0.98,4.73,166.19,"81,275.76"
1678,09/12/2019,VRE,"34,600","34,700","35,200","35,200","34,600","35,018",600,1.73,7.70,269.61,0.75,26.19,8.45,295.79,"81,974.41"
1679,06/12/2019,VRE,"34,500","34,500","34,600","34,650","34,200","34,589",100,0.29,4.74,163.82,0.50,17.29,5.24,181.11,"80,577.12"
1680,05/12/2019,VRE,"34,100","34,350","34,500","34,750","34,150","34,600",400,1.17,6.09,210.61,0.04,1.46,6.13,212.08,"80,344.24"
1681,04/12/2019,VRE,"34,000","33,750","34,100","34,200","33,750","34,061",100,0.29,5.91,201.45,0.87,29.69,6.79,231.14,"79,412.71"
1682,03/12/2019,VRE,"34,000","33,650","34,000","34,200","33,500","34,022",0,0.00,4.60,156.48,1.11,37.62,5.71,194.10,"79,179.83"
1683,02/12/2019,VRE,"34,450","34,300","34,000","34,450","34,000","34,117",-450,-1.31,3.36,114.55,0.73,24.97,4.09,139.52,"79,179.83"
1684,29/11/2019,VRE,"33,500","33,600","34,450","34,450","33,400","33,984",950,2.84,5.48,186.14,0.03,1.18,5.51,187.31,"80,227.79"
1685,28/11/2019,VRE,"33,950","33,950","33,500","34,000","33,400","33,768",-450,-1.33,3.99,134.84,0.00,0.00,3.99,134.84,"78,015.42"
1686,27/11/2019,VRE,"34,100","34,000","33,950","34,200","33,900","34,024",-150,-0.44,3.65,124.06,0.00,0.00,3.65,124.06,"79,063.39"
1687,26/11/2019,VRE,"33,800","33,800","34,100","34,450","33,800","34,231",300,0.89,5.00,171.02,0.33,11.40,5.33,182.42,"79,412.71"
1688,25/11/2019,VRE,"34,800","34,500","33,800","34,700","33,500","34,158","-1,000",-2.87,3.42,116.91,0.00,0.00,3.42,116.91,"78,714.06"
1689,22/11/2019,VRE,"35,000","34,800","34,800","35,150","33,400","34,225",-200,-0.57,7.31,250.19,0.00,0.00,7.31,250.19,"81,042.88"
1690,21/11/2019,VRE,"35,150","35,100","35,000","35,150","34,800","35,019",-150,-0.43,4.13,144.55,8.92,291.82,13.05,436.38,"81,508.64"
1691,20/11/2019,VRE,"35,300","35,300","35,150","35,350","34,700","35,114",-150,-0.42,6.27,220.30,0.00,0.00,6.27,220.30,"81,857.97"
1692,19/11/2019,VRE,"35,200","35,200","35,300","35,550","35,150","35,366",100,0.28,6.52,230.71,2.49,86.85,9.01,317.56,"82,207.29"
1693,18/11/2019,VRE,"35,200","35,300","35,200","35,300","34,900","35,186",0,0.00,5.99,210.85,0.00,0.00,5.99,210.85,"81,974.41"
1694,15/11/2019,VRE,"35,000","35,200","35,200","35,450","34,950","35,166",200,0.57,6.26,220.17,0.59,20.68,6.85,240.85,"81,974.41"
1695,14/11/2019,VRE,"34,700","34,900","35,000","35,150","34,750","34,900",300,0.86,6.50,226.93,0.25,8.41,6.75,235.35,"81,508.64"
1696,13/11/2019,VRE,"34,700","34,700","34,700","34,950","34,450","34,660",0,0.00,5.59,193.70,0.30,10.38,5.89,204.08,"80,810.00"
1697,12/11/2019,VRE,"34,700","34,900","34,700","35,000","34,650","34,790",0,0.00,3.15,109.48,1.62,56.30,4.77,165.78,"80,810.00"
1698,11/11/2019,VRE,"34,650","34,800","34,700","35,200","34,600","34,850",50,0.14,2.28,79.31,1.69,58.80,3.96,138.11,"80,810.00"
1699,08/11/2019,VRE,"35,200","35,500","34,650","35,500","34,650","34,950",-550,-1.56,4.07,142.27,0.46,16.00,4.53,158.27,"80,693.56"
1700,07/11/2019,VRE,"35,150","35,250","35,200","35,750","35,000","35,420",50,0.14,3.74,132.42,0.27,9.17,4.01,141.59,"81,974.41"
1701,06/11/2019,VRE,"35,600","35,300","35,150","35,850","35,150","35,430",-450,-1.26,3.88,137.42,0.89,31.15,4.77,168.56,"81,857.97"
1702,05/11/2019,VRE,"34,900","35,000","35,600","35,800","34,950","35,460",700,2.01,4.24,150.23,0.38,13.36,4.62,163.59,"82,905.94"
1703,04/11/2019,VRE,"35,050","35,000","34,900","35,400","34,600","34,980",-150,-0.43,3.54,123.98,0.12,3.92,3.66,127.90,"81,275.76"
1704,01/11/2019,VRE,"33,200","33,200","35,050","35,300","33,200","34,450","1,850",5.57,9.67,333.19,0.89,30.27,10.56,363.46,"81,625.09"
1705,31/10/2019,VRE,"33,250","33,300","33,200","33,450","33,000","33,181",-50,-0.15,3.55,117.88,0.54,17.65,4.09,135.53,"77,316.77"
1706,30/10/2019,VRE,"32,600","32,700","33,250","33,350","32,650","33,093",650,1.99,3.54,116.99,0.30,9.40,3.84,126.39,"77,433.21"
1707,29/10/2019,VRE,"32,450","32,450","32,600","32,800","32,450","32,646",150,0.46,2.28,74.30,0.32,9.98,2.60,84.29,"75,919.48"
1708,28/10/2019,VRE,"32,550","32,600","32,450","32,650","32,200","32,486",-100,-0.31,1.60,51.92,0.00,0.00,1.60,51.92,"75,570.16"
1709,25/10/2019,VRE,"32,700","32,800","32,550","32,800","32,400","32,580",-150,-0.46,1.70,55.44,0.36,11.46,2.06,66.90,"75,803.04"
1710,24/10/2019,VRE,"32,250","32,400","32,700","32,700","32,300","32,580",450,1.40,2.45,79.94,0.00,0.00,2.45,79.94,"76,152.36"
1711,23/10/2019,VRE,"31,900","31,900","32,250","32,300","31,900","32,166",350,1.10,1.90,61.13,0.83,26.62,2.73,87.75,"75,104.39"
1712,22/10/2019,VRE,"31,900","32,000","31,900","32,150","31,900","31,962",0,0.00,1.50,47.90,1.27,40.47,2.77,88.37,"74,289.31"
1713,21/10/2019,VRE,"31,900","31,900","31,900","32,400","31,900","32,055",0,0.00,2.85,91.51,0.52,16.50,3.37,108.01,"74,289.31"
1714,18/10/2019,VRE,"31,850","31,850","31,900","32,050","31,850","31,920",50,0.16,2.10,67.12,0.13,4.10,2.23,71.22,"74,289.31"
1715,17/10/2019,VRE,"31,850","31,800","31,850","31,900","31,550","31,710",0,0.00,2.08,66.06,0.00,0.00,2.08,66.06,"74,172.87"
1716,16/10/2019,VRE,"31,850","31,850","31,850","32,100","31,800","31,930",0,0.00,1.85,59.16,0.23,7.29,2.08,66.45,"74,172.87"
1717,15/10/2019,VRE,"31,700","31,700","31,850","32,150","31,700","31,920",150,0.47,2.35,75.11,0.60,19.08,2.95,94.19,"74,172.87"
1718,14/10/2019,VRE,"32,350","32,300","31,700","32,350","31,550","31,830",-650,-2.01,3.17,100.93,0.36,11.66,3.53,112.60,"73,823.54"
1719,11/10/2019,VRE,"32,400","32,500","32,350","32,900","32,350","32,650",-50,-0.15,5.12,167.32,0.57,18.52,5.69,185.84,"75,337.28"
1720,10/10/2019,VRE,"32,000","32,100","32,400","32,500","32,100","32,330",400,1.25,3.10,100.37,0.00,0.00,3.10,100.37,"75,453.72"
1721,09/10/2019,VRE,"31,250","31,300","32,000","32,000","31,200","31,820",750,2.40,3.33,105.86,0.00,0.00,3.33,105.86,"74,522.19"
1722,08/10/2019,VRE,"31,500","31,700","31,250","31,700","31,200","31,340",-250,-0.79,2.32,72.77,0.04,1.17,2.36,73.94,"72,775.58"
1723,07/10/2019,VRE,"31,900","32,000","31,500","32,200","31,500","31,880",-400,-1.25,2.03,64.84,0.97,31.04,3.00,95.88,"73,357.78"
1724,04/10/2019,VRE,"32,000","32,100","31,900","32,450","31,850","32,080",-100,-0.31,3.29,105.48,1.23,39.28,4.52,144.75,"74,289.31"
1725,03/10/2019,VRE,"32,000","31,500","32,000","32,000","31,250","31,500",0,0.00,3.70,116.56,0.20,6.36,3.90,122.92,"74,522.19"
1726,02/10/2019,VRE,"32,700","32,500","32,000","32,550","32,000","32,260",-700,-2.14,3.44,110.92,0.59,19.36,4.03,130.28,"74,522.19"
1727,01/10/2019,VRE,"33,100","33,150","32,700","33,150","32,550","32,760",-400,-1.21,3.41,111.66,0.00,0.00,3.41,111.66,"76,152.36"
1728,30/09/2019,VRE,"33,250","33,250","33,100","33,550","33,050","33,260",-150,-0.45,2.16,71.73,0.30,9.97,2.46,81.69,"77,083.89"
1729,27/09/2019,VRE,"32,750","32,800","33,250","33,300","32,500","32,940",500,1.53,5.89,194.15,1.18,38.61,7.07,232.76,"77,433.21"
1730,26/09/2019,VRE,"33,500","33,600","32,750","33,650","32,750","33,020",-750,-2.24,4.77,157.42,0.40,13.35,5.17,170.77,"76,268.80"
1731,25/09/2019,VRE,"33,800","33,800","33,500","34,000","33,500","33,700",-300,-0.89,1.71,57.70,0.23,7.84,1.95,65.54,"78,015.42"
1732,24/09/2019,VRE,"33,700","33,800","33,800","34,150","33,600","33,780",100,0.30,1.43,48.32,0.65,21.91,2.08,70.23,"78,714.06"
1733,23/09/2019,VRE,"33,950","34,200","33,700","34,200","33,650","33,860",-250,-0.74,2.51,85.11,1.32,44.68,3.84,129.79,"78,481.18"
1734,20/09/2019,VRE,"34,100","34,200","33,950","34,400","33,950","34,100",-150,-0.44,3.23,110.10,1.07,36.40,4.30,146.50,"79,063.39"
1735,19/09/2019,VRE,"33,950","34,000","34,100","34,200","33,950","34,070",150,0.44,1.32,44.99,0.65,22.08,1.97,67.07,"79,412.71"
1736,18/09/2019,VRE,"34,200","34,200","33,950","34,600","33,950","34,150",-250,-0.73,2.40,81.93,3.64,123.74,6.04,205.68,"79,063.39"
1737,17/09/2019,VRE,"34,000","34,000","34,200","34,700","34,000","34,365",200,0.59,3.17,108.96,5.73,195.96,8.90,304.93,"79,645.59"
1738,16/09/2019,VRE,"33,950","34,250","34,000","34,300","33,950","34,155",50,0.15,1.69,57.81,0.00,0.00,1.69,57.81,"79,179.83"
1739,13/09/2019,VRE,"33,950","34,100","33,950","34,200","33,750","33,949",0,0.00,1.55,52.70,0.36,12.38,1.92,65.08,"79,063.39"
1740,12/09/2019,VRE,"33,950","34,200","33,950","34,300","33,900","34,125",0,0.00,0.92,31.30,0.37,12.75,1.28,44.05,"79,063.39"
1741,11/09/2019,VRE,"33,700","33,700","33,950","33,950","33,550","33,730",250,0.74,0.97,32.57,0.00,0.00,0.97,32.57,"79,063.39"
1742,10/09/2019,VRE,"34,000","34,000","33,700","34,150","33,700","33,880",-300,-0.88,1.52,51.65,0.16,5.34,1.68,56.99,"78,481.18"
1743,09/09/2019,VRE,"34,100","34,300","34,000","34,300","34,000","34,071",-100,-0.29,0.47,16.15,0.13,4.32,0.60,20.47,"79,179.83"
1744,06/09/2019,VRE,"34,100","34,100","34,100","34,450","33,950","34,197",0,0.00,1.37,46.93,0.40,13.78,1.77,60.71,"79,412.71"
1745,05/09/2019,VRE,"34,000","34,000","34,100","34,450","33,900","34,140",100,0.29,1.00,33.98,0.03,1.02,1.03,35.00,"79,412.71"
1746,04/09/2019,VRE,"34,250","34,250","34,000","34,300","33,850","33,980",-250,-0.73,1.35,46.04,0.31,10.66,1.67,56.70,"79,179.83"
1747,03/09/2019,VRE,"34,450","34,500","34,250","34,800","34,250","34,436",-200,-0.58,0.77,26.51,0.48,16.41,1.25,42.92,"79,762.03"
1748,30/08/2019,VRE,"34,350","34,700","34,450","34,550","34,200","34,323",100,0.29,2.37,81.20,3.09,105.99,5.45,187.19,"80,227.79"
1749,29/08/2019,VRE,"34,700","34,700","34,350","34,700","34,100","34,357",-350,-1.01,1.25,43.11,0.21,7.14,1.46,50.24,"79,994.91"
1750,28/08/2019,VRE,"34,500","34,550","34,700","34,950","34,550","34,709",200,0.58,0.78,27.20,1.78,61.76,2.56,88.96,"80,810.00"
1751,27/08/2019,VRE,"34,900","35,000","34,500","35,200","34,500","34,755",-400,-1.15,1.29,44.83,0.00,0.00,1.29,44.83,"80,344.24"
1752,26/08/2019,VRE,"35,050","34,700","34,900","35,050","34,550","34,851",-150,-0.43,1.28,44.63,0.10,3.49,1.38,48.12,"81,275.76"
1753,23/08/2019,VRE,"35,750","35,750","35,050","35,800","34,900","35,214",-700,-1.96,2.33,82.08,0.20,7.00,2.53,89.08,"81,625.09"
1754,22/08/2019,VRE,"35,900","36,200","35,750","36,250","35,750","35,936",-150,-0.42,1.20,42.97,0.00,0.00,1.20,42.97,"83,255.26"
1755,21/08/2019,VRE,"35,600","35,500","35,900","36,300","35,500","35,960",300,0.84,2.25,80.96,1.20,43.18,3.45,124.13,"83,604.58"
1756,20/08/2019,VRE,"35,300","35,400","35,600","35,850","35,100","35,365",300,0.85,1.96,69.48,0.00,0.00,1.96,69.48,"82,905.94"
1757,19/08/2019,VRE,"35,150","35,500","35,300","35,500","35,250","35,358",150,0.43,0.79,28.09,0.10,3.53,0.89,31.62,"82,207.29"
1758,16/08/2019,VRE,"35,400","35,400","35,150","35,400","35,150","35,236",-250,-0.71,1.35,47.43,0.00,0.00,1.35,47.43,"81,857.97"
1759,15/08/2019,VRE,"34,700","34,250","35,400","35,400","34,250","34,669",700,2.02,1.27,44.12,0.00,0.00,1.27,44.12,"82,440.17"
1760,14/08/2019,VRE,"34,900","35,300","34,700","35,500","34,700","35,030",-200,-0.57,1.31,46.02,2.71,94.98,4.03,141.00,"80,810.00"
1761,13/08/2019,VRE,"35,450","35,450","34,900","35,450","34,850","35,074",-550,-1.55,1.70,59.56,1.60,55.92,3.30,115.48,"81,275.76"
1762,12/08/2019,VRE,"35,500","35,400","35,450","35,600","35,250","35,448",-50,-0.14,0.90,31.90,0.00,0.00,0.90,31.90,"82,556.61"
1763,09/08/2019,VRE,"35,500","34,700","35,500","35,900","35,450","35,616",0,0.00,0.96,34.10,0.12,4.55,1.08,38.65,"82,673.05"
1764,08/08/2019,VRE,"34,700","34,700","35,500","35,800","34,700","35,373",800,2.31,1.61,56.99,25.99,921.32,27.60,978.31,"82,673.05"
1765,07/08/2019,VRE,"34,850","35,100","34,700","35,300","34,400","34,723",-150,-0.43,1.54,53.46,0.03,1.15,1.57,54.62,"80,810.00"
1766,06/08/2019,VRE,"35,000","34,500","34,850","35,350","34,450","34,855",-150,-0.43,1.77,61.62,0.61,21.21,2.38,82.83,"81,159.32"
1767,05/08/2019,VRE,"36,250","36,250","35,000","36,300","35,000","35,409","-1,250",-3.45,2.63,93.12,0.34,12.19,2.97,105.31,"81,508.64"
1768,02/08/2019,VRE,"37,000","36,400","36,250","36,850","36,250","36,446",-750,-2.03,0.83,30.12,3.43,126.22,4.25,156.33,"84,419.67"
1769,01/08/2019,VRE,"36,950","37,000","37,000","37,200","36,800","37,024",50,0.14,0.94,34.83,5.00,184.75,5.94,219.58,"86,166.28"
1770,31/07/2019,VRE,"35,850","35,700","36,950","37,200","35,350","36,275","1,100",3.07,2.28,82.60,5.12,184.18,7.39,266.78,"86,049.84"
1771,30/07/2019,VRE,"36,750","36,750","35,850","36,800","35,850","36,103",-900,-2.45,2.02,72.89,0.20,7.20,2.22,80.10,"83,488.14"
1772,29/07/2019,VRE,"37,400","37,450","36,750","37,450","36,300","36,740",-650,-1.74,1.88,69.16,0.08,2.96,1.96,72.12,"85,584.08"
1773,26/07/2019,VRE,"37,500","37,500","37,400","37,900","37,350","37,578",-100,-0.27,0.93,34.82,0.69,25.77,1.61,60.60,"87,097.81"
1774,25/07/2019,VRE,"37,350","37,400","37,500","37,950","37,300","37,770",150,0.40,1.65,62.24,1.77,66.37,3.42,128.61,"87,330.69"
1775,24/07/2019,VRE,"37,300","37,600","37,350","37,650","36,950","37,368",50,0.13,1.68,62.70,0.60,22.41,2.28,85.11,"86,981.37"
1776,23/07/2019,VRE,"36,700","36,500","37,300","37,400","36,500","36,980",600,1.63,1.39,51.30,7.94,291.23,9.32,342.53,"86,864.93"
1777,22/07/2019,VRE,"37,400","37,400","36,700","37,650","36,600","37,133",-700,-1.87,1.40,52.11,0.00,0.00,1.40,52.11,"85,467.64"
1778,19/07/2019,VRE,"36,600","36,700","37,400","37,400","36,800","37,232",800,2.19,2.26,84.13,0.00,0.00,2.26,84.13,"87,097.81"
1779,18/07/2019,VRE,"37,000","36,700","36,600","37,050","36,500","36,759",-400,-1.08,1.66,60.96,0.00,0.00,1.66,60.96,"85,234.75"
1780,17/07/2019,VRE,"37,000","36,750","37,000","37,400","36,750","37,054",0,0.00,1.39,51.51,0.00,0.00,1.39,51.51,"86,166.28"
1781,16/07/2019,VRE,"36,250","36,300","37,000","37,000","36,300","36,790",750,2.07,3.27,120.13,0.50,18.39,3.77,138.52,"86,166.28"
1782,15/07/2019,VRE,"35,900","36,550","36,250","36,650","35,600","36,283",350,0.97,1.79,64.98,0.45,16.33,2.24,81.31,"84,419.67"
1783,12/07/2019,VRE,"36,450","36,550","35,900","36,750","35,900","36,353",-550,-1.51,1.90,69.02,0.00,0.00,1.90,69.02,"83,604.58"
1784,11/07/2019,VRE,"36,150","36,200","36,450","36,450","36,100","36,294",300,0.83,1.57,56.94,0.50,18.25,2.07,75.19,"84,885.43"
1785,10/07/2019,VRE,"36,400","36,500","36,150","36,500","36,100","36,288",-250,-0.69,1.28,46.61,0.78,28.17,2.06,74.79,"84,186.79"
1786,09/07/2019,VRE,"35,800","35,500","36,400","36,500","35,450","36,132",600,1.68,2.81,101.36,0.00,0.00,2.81,101.36,"84,768.99"
1787,08/07/2019,VRE,"35,750","35,500","35,800","36,200","35,400","35,799",50,0.14,1.69,60.58,1.25,44.93,2.95,105.51,"83,371.70"
1788,05/07/2019,VRE,"34,750","34,800","35,750","35,750","34,800","35,576","1,000",2.88,3.17,112.88,0.00,0.00,3.17,112.88,"83,255.26"
1789,04/07/2019,VRE,"34,300","34,600","34,750","34,750","34,250","34,490",450,1.31,1.72,59.41,0.00,0.00,1.72,59.41,"80,926.44"
1790,03/07/2019,VRE,"34,600","34,400","34,300","34,400","34,100","34,241",-300,-0.87,0.76,26.00,0.85,29.23,1.61,55.23,"79,878.47"
1791,02/07/2019,VRE,"34,250","34,100","34,600","34,700","34,100","34,524",350,1.02,1.52,52.56,0.18,6.18,1.70,58.74,"80,577.12"
1792,01/07/2019,VRE,"33,800","34,150","34,250","34,400","34,100","34,288",450,1.33,0.87,29.93,0.00,0.00,0.87,29.93,"79,762.03"
1793,28/06/2019,VRE,"33,750","33,750","33,800","34,000","33,500","33,752",50,0.15,1.23,41.41,0.00,0.00,1.23,41.41,"78,714.06"
1794,27/06/2019,VRE,"34,350","34,350","33,750","34,350","33,750","33,980",-600,-1.75,1.11,37.77,0.00,0.00,1.11,37.77,"78,597.62"
1795,26/06/2019,VRE,"34,300","34,200","34,350","34,400","34,150","34,309",50,0.15,0.92,31.50,1.29,44.21,2.21,75.71,"79,994.91"
1796,25/06/2019,VRE,"34,500","34,500","34,300","34,700","34,250","34,545",-200,-0.58,0.86,29.84,1.11,38.44,1.98,68.27,"79,878.47"
1797,24/06/2019,VRE,"34,300","34,500","34,500","35,000","34,400","34,760",200,0.58,0.86,29.94,0.00,0.00,0.86,29.94,"80,344.24"
1798,21/06/2019,VRE,"34,900","34,300","34,300","34,900","34,300","34,416",-600,-1.72,1.96,67.51,0.95,33.03,2.91,100.55,"79,878.47"
1799,20/06/2019,VRE,"34,000","34,000","34,900","34,900","34,000","34,626",900,2.65,0.91,31.67,3.08,106.14,4.00,137.81,"81,275.76"
1800,19/06/2019,VRE,"33,500","34,000","34,000","34,000","33,700","33,903",500,1.49,0.66,22.22,7.44,252.71,8.10,274.94,"79,179.83"
1801,18/06/2019,VRE,"34,000","34,000","33,500","34,100","33,350","33,665",-500,-1.47,1.49,50.26,8.76,298.12,10.25,348.38,"78,015.42"
1802,17/06/2019,VRE,"34,900","34,900","34,000","34,900","34,000","34,294",-900,-2.58,1.08,37.03,1.06,36.28,2.14,73.32,"79,179.83"
1803,14/06/2019,VRE,"34,700","34,600","34,900","34,900","34,600","34,782",200,0.58,0.59,20.64,0.22,7.65,0.81,28.30,"81,275.76"
1804,13/06/2019,VRE,"34,950","34,700","34,700","34,900","34,600","34,753",-250,-0.72,0.60,20.79,0.00,0.00,0.60,20.79,"80,810.00"
1805,12/06/2019,VRE,"35,200","35,150","34,950","35,300","34,950","35,118",-250,-0.71,0.90,31.62,0.00,0.00,0.90,31.62,"81,392.20"
1806,11/06/2019,VRE,"35,050","35,150","35,200","35,650","35,050","35,287",150,0.43,1.33,46.98,4.44,155.77,5.77,202.75,"81,974.41"
1807,10/06/2019,VRE,"34,750","34,800","35,050","35,200","34,800","35,049",300,0.86,1.74,60.95,0.10,3.59,1.84,64.53,"81,625.09"
1808,07/06/2019,VRE,"34,450","34,600","34,750","34,800","34,300","34,568",300,0.87,0.84,29.20,0.00,0.00,0.84,29.20,"80,926.44"
1809,06/06/2019,VRE,"34,350","34,350","34,450","34,550","33,900","34,267",100,0.29,0.90,30.71,0.00,0.00,0.90,30.71,"80,227.79"
1810,05/06/2019,VRE,"34,300","34,500","34,350","34,650","34,150","34,406",50,0.15,0.68,23.27,0.10,3.45,0.78,26.72,"79,994.91"
1811,04/06/2019,VRE,"33,800","34,000","34,300","34,400","33,800","34,066",500,1.48,0.97,33.05,0.22,7.50,1.19,40.55,"79,878.47"
1812,03/06/2019,VRE,"34,800","34,250","33,800","34,650","33,800","34,193","-1,000",-2.87,1.80,61.68,0.10,3.43,1.90,65.11,"78,714.06"
1813,31/05/2019,VRE,"35,000","35,000","34,800","35,100","34,500","34,907",-200,-0.57,2.07,72.30,0.00,0.00,2.07,72.30,"81,042.88"
1814,30/05/2019,VRE,"34,800","34,950","35,000","35,300","34,500","35,105",200,0.57,1.09,38.41,9.65,337.84,10.75,376.24,"81,508.64"
1815,29/05/2019,VRE,"34,600","34,400","34,800","35,100","34,200","34,555",200,0.58,2.33,80.53,0.00,0.00,2.33,80.53,"81,042.88"
1816,28/05/2019,VRE,"35,250","35,300","34,600","35,350","34,500","34,781",-650,-1.84,1.92,66.79,0.25,8.72,2.17,75.50,"80,577.12"
1817,27/05/2019,VRE,"35,000","34,850","35,250","35,250","34,850","35,099",250,0.71,1.05,36.83,0.00,0.00,1.05,36.83,"82,090.85"
1818,24/05/2019,VRE,"35,250","35,250","35,000","35,700","34,800","35,125",-250,-0.71,2.77,97.45,0.32,11.39,3.10,108.83,"81,508.64"
1819,23/05/2019,VRE,"35,800","35,500","35,250","35,850","35,200","35,487",-550,-1.54,1.69,59.92,32.62,"1,110.56",34.30,"1,170.48","82,090.85"
1820,22/05/2019,VRE,"36,000","35,800","35,800","36,350","35,750","35,984",-200,-0.56,1.13,40.55,0.00,0.00,1.13,40.55,"83,371.70"
1821,21/05/2019,VRE,"36,150","36,300","36,000","36,300","35,900","36,061",-150,-0.41,1.86,67.18,0.39,13.95,2.25,81.13,"83,837.46"
1822,20/05/2019,VRE,"36,000","36,000","36,150","36,500","35,600","36,199",150,0.42,1.34,48.54,0.12,4.31,1.46,52.85,"84,186.79"
1823,17/05/2019,VRE,"35,550","36,000","36,000","36,550","36,000","36,239",450,1.27,3.88,140.54,1.59,57.65,5.47,198.18,"83,837.46"
1824,16/05/2019,VRE,"36,600","36,700","36,600","37,300","36,600","36,973",0,0.00,4.83,178.76,0.12,4.44,4.95,183.20,"85,234.75"
1825,15/05/2019,VRE,"36,000","36,300","36,600","36,900","36,150","36,595",600,1.67,2.56,93.54,0.00,0.00,2.56,93.54,"85,234.75"
1826,14/05/2019,VRE,"36,000","35,700","36,000","36,300","35,700","35,925",0,0.00,1.45,52.06,1.30,46.71,2.75,98.77,"83,837.46"
1827,13/05/2019,VRE,"35,350","35,250","36,000","36,200","35,250","35,942",650,1.84,1.84,66.25,0.34,12.28,2.18,78.53,"83,837.46"
1828,10/05/2019,VRE,"35,100","35,300","35,350","35,700","34,800","35,258",250,0.71,1.57,55.42,0.20,7.05,1.77,62.47,"82,323.73"
1829,09/05/2019,VRE,"35,100","35,200","35,100","35,400","34,900","35,092",0,0.00,0.91,32.04,0.51,17.82,1.42,49.86,"81,741.53"
1830,08/05/2019,VRE,"35,100","34,700","35,100","35,250","34,600","34,962",0,0.00,1.48,51.63,0.42,14.78,1.90,66.40,"81,741.53"
1831,07/05/2019,VRE,"35,200","35,400","35,100","35,800","35,000","35,395",-100,-0.28,1.14,40.48,1.16,40.83,2.30,81.30,"81,741.53"
1832,06/05/2019,VRE,"36,100","35,100","35,200","35,800","35,000","35,308",-900,-2.49,1.80,63.51,0.23,8.10,2.03,71.61,"81,974.41"
1833,03/05/2019,VRE,"36,450","36,450","36,100","36,900","35,900","36,446",-350,-0.96,5.46,198.82,0.04,1.37,5.49,200.19,"84,070.34"
1834,02/05/2019,VRE,"36,000","36,500","36,450","36,500","35,900","36,245",450,1.25,2.63,95.21,0.00,0.00,2.63,95.21,"84,885.43"
1835,26/04/2019,VRE,"35,150","35,000","36,000","36,000","35,000","35,746",850,2.42,3.07,109.81,0.00,0.00,3.07,109.81,"83,837.46"
1836,25/04/2019,VRE,"35,400","35,600","35,150","35,600","34,900","35,098",-250,-0.71,1.58,55.46,0.00,0.00,1.58,55.46,"81,857.97"
1837,24/04/2019,VRE,"34,700","35,000","35,400","35,400","34,900","35,215",700,2.02,1.58,55.51,0.00,0.00,1.58,55.51,"82,440.17"
1838,23/04/2019,VRE,"33,850","33,850","34,700","35,150","33,800","34,628",850,2.51,2.13,73.71,0.00,0.00,2.13,73.71,"80,810.00"
1839,22/04/2019,VRE,"33,900","33,600","33,850","34,000","33,600","33,818",-50,-0.15,0.97,32.70,0.00,0.00,0.97,32.70,"78,830.50"
1840,19/04/2019,VRE,"33,900","34,150","33,900","34,350","33,850","34,016",0,0.00,0.68,23.25,0.00,0.00,0.68,23.25,"78,946.94"
1841,18/04/2019,VRE,"33,600","33,600","33,900","34,350","33,400","33,919",300,0.89,1.83,62.09,0.00,0.00,1.83,62.09,"78,946.94"
1842,17/04/2019,VRE,"34,000","34,000","33,600","34,250","33,500","33,783",-400,-1.18,1.85,62.65,2.91,98.12,4.77,160.77,"78,248.30"
1843,16/04/2019,VRE,"34,950","34,000","34,000","34,300","33,400","33,889",-950,-2.72,2.63,89.29,0.20,6.82,2.83,96.10,"79,179.83"
1844,12/04/2019,VRE,"34,800","34,300","34,950","35,050","34,300","34,885",150,0.43,1.03,36.02,0.00,0.00,1.03,36.02,"81,392.20"
1845,11/04/2019,VRE,"35,000","35,300","34,800","35,350","34,650","34,904",-200,-0.57,0.65,22.72,0.00,0.00,0.65,22.72,"81,042.88"
1846,10/04/2019,VRE,"34,600","34,500","35,000","35,200","34,150","34,665",400,1.16,2.63,91.27,0.04,1.42,2.67,92.69,"81,508.64"
1847,09/04/2019,VRE,"35,800","36,200","34,600","36,250","34,400","35,165","-1,200",-3.35,3.13,109.98,0.00,0.00,3.13,109.98,"80,577.12"
1848,08/04/2019,VRE,"35,800","35,800","35,800","36,200","35,400","35,759",0,0.00,1.17,41.79,0.43,15.20,1.59,56.99,"83,371.70"
1849,05/04/2019,VRE,"35,500","35,850","35,800","36,250","35,650","35,924",300,0.85,1.47,52.70,0.22,8.06,1.69,60.76,"83,371.70"
1850,04/04/2019,VRE,"35,500","35,500","35,500","36,150","35,300","35,581",0,0.00,1.86,66.13,0.00,0.00,1.86,66.13,"82,673.05"
1851,03/04/2019,VRE,"36,000","35,700","35,500","35,900","35,150","35,500",-500,-1.39,2.60,92.36,0.90,31.95,3.50,124.31,"82,673.05"
1852,02/04/2019,VRE,"36,100","36,400","36,000","37,200","35,900","36,648",-100,-0.28,3.25,119.11,0.20,7.23,3.45,126.34,"83,837.46"
1853,01/04/2019,VRE,"34,600","34,800","36,100","36,150","34,700","35,629","1,500",4.34,3.53,125.77,0.32,11.31,3.85,137.08,"84,070.34"
1854,29/03/2019,VRE,"33,800","34,050","34,600","35,250","33,800","34,541",800,2.37,4.54,156.97,4.10,141.72,8.64,298.69,"80,577.12"
1855,28/03/2019,VRE,"33,950","33,650","33,800","34,250","33,500","33,880",-150,-0.44,1.71,57.82,1.76,59.79,3.47,117.61,"78,714.06"
1856,27/03/2019,VRE,"32,900","33,200","33,950","34,400","32,700","33,629","1,050",3.19,2.34,78.83,3.19,107.54,5.54,186.37,"79,063.39"
1857,26/03/2019,VRE,"33,350","33,900","32,900","33,900","31,950","32,581",-450,-1.35,3.10,100.95,4.54,147.58,7.64,248.52,"76,618.13"
1858,25/03/2019,VRE,"35,000","34,000","33,350","34,300","32,550","33,017","-1,650",-4.71,5.66,186.85,0.84,27.72,6.50,214.57,"77,666.09"
1859,22/03/2019,VRE,"34,500","35,300","35,000","35,500","34,800","35,140",500,1.45,2.96,104.12,0.80,28.08,3.76,132.20,"81,508.64"
1860,21/03/2019,VRE,"36,150","36,150","34,500","36,650","34,500","35,758","-1,650",-4.56,3.61,129.18,0.26,9.09,3.87,138.28,"80,344.24"
1861,20/03/2019,VRE,"37,700","37,100","36,150","37,200","35,700","36,257","-1,550",-4.11,4.86,176.03,66.57,"2,336.70",71.42,"2,512.73","84,186.79"
1862,19/03/2019,VRE,"38,000","38,000","37,700","38,150","37,000","37,723",-300,-0.79,1.90,71.79,0.93,34.98,2.83,106.77,"87,796.45"
1863,18/03/2019,VRE,"37,500","38,000","38,000","38,500","37,600","38,008",500,1.33,1.51,57.49,0.19,7.10,1.70,64.59,"88,495.10"
1864,15/03/2019,VRE,"38,000","37,900","37,500","38,000","37,050","37,463",-500,-1.32,3.00,112.37,0.00,0.00,3.00,112.37,"87,330.69"
1865,14/03/2019,VRE,"37,800","37,800","38,000","39,950","37,700","38,745",200,0.53,4.40,170.50,0.51,19.80,4.91,190.29,"88,495.10"
1866,13/03/2019,VRE,"36,700","36,850","37,800","37,900","36,800","37,543","1,100",3.00,4.92,184.64,0.00,0.00,4.92,184.64,"88,029.34"
1867,12/03/2019,VRE,"35,500","35,600","36,700","36,800","35,600","36,405","1,200",3.38,3.75,136.60,0.00,0.00,3.75,136.60,"85,467.64"
1868,11/03/2019,VRE,"34,700","34,500","35,500","35,500","34,250","34,987",800,2.31,2.25,78.68,0.00,0.00,2.25,78.68,"82,673.05"
1869,08/03/2019,VRE,"35,000","34,550","34,700","35,200","34,500","34,791",-300,-0.86,1.26,43.99,0.00,0.00,1.26,43.99,"80,810.00"
1870,07/03/2019,VRE,"34,500","34,400","35,000","35,450","34,400","35,101",500,1.45,2.79,98.06,0.00,0.00,2.79,98.06,"81,508.64"
1871,06/03/2019,VRE,"34,200","34,200","34,500","34,500","33,800","34,068",300,0.88,1.29,43.94,0.27,9.25,1.56,53.19,"80,344.24"
1872,05/03/2019,VRE,"34,350","34,100","34,200","34,600","33,900","34,408",-150,-0.44,2.07,71.27,2.29,78.77,4.36,150.04,"79,645.59"
1873,04/03/2019,VRE,"34,000","34,000","34,350","34,700","34,000","34,287",350,1.03,1.64,56.22,1.73,59.16,3.37,115.37,"79,994.91"
1874,01/03/2019,VRE,"33,000","33,450","34,000","34,000","33,200","33,632","1,000",3.03,1.24,41.60,0.52,17.53,1.76,59.13,"79,179.83"
1875,28/02/2019,VRE,"34,500","34,050","33,000","34,400","33,000","33,276","-1,500",-4.35,4.83,160.76,0.23,7.57,5.06,168.33,"76,851.01"
1876,27/02/2019,VRE,"34,500","34,900","34,500","35,200","34,450","34,758",0,0.00,1.42,49.30,0.28,9.80,1.70,59.10,"80,344.24"
1877,26/02/2019,VRE,"33,900","33,800","34,500","34,800","33,300","34,077",600,1.77,2.18,74.45,1.61,54.86,3.79,129.31,"80,344.24"
1878,25/02/2019,VRE,"35,000","35,500","33,900","35,800","33,200","34,178","-1,100",-3.14,3.41,116.48,1.07,36.47,4.48,152.94,"78,946.94"
1879,22/02/2019,VRE,"34,000","34,300","35,000","35,950","34,000","35,205","1,000",2.94,4.17,146.71,0.54,18.80,4.71,165.51,"81,508.64"
1880,21/02/2019,VRE,"32,100","32,000","34,000","34,000","31,950","33,311","1,900",5.92,3.82,127.26,0.57,19.29,4.39,146.55,"79,179.83"
1881,20/02/2019,VRE,"31,600","31,600","32,100","32,350","31,600","32,035",500,1.58,1.96,62.81,2.75,87.80,4.71,150.61,"74,755.07"
1882,19/02/2019,VRE,"31,650","31,650","31,600","32,300","31,350","31,864",-50,-0.16,3.16,100.70,3.00,94.50,6.16,195.20,"73,590.66"
1883,18/02/2019,VRE,"30,950","30,900","31,650","31,700","30,900","31,301",700,2.26,1.36,42.72,0.00,0.00,1.36,42.72,"73,707.10"
1884,15/02/2019,VRE,"31,500","31,150","30,950","31,500","30,850","31,121",-550,-1.75,1.85,57.67,3.88,120.55,5.74,178.22,"72,076.93"
1885,14/02/2019,VRE,"30,400","30,700","31,500","31,500","30,450","31,135","1,100",3.62,2.56,79.73,1.68,51.79,4.24,131.51,"73,357.78"
1886,13/02/2019,VRE,"29,700","29,800","30,400","30,500","29,750","29,975",700,2.36,1.99,59.63,0.08,2.40,2.07,62.03,"70,796.08"
1887,12/02/2019,VRE,"29,400","29,700","29,700","30,500","29,300","29,825",300,1.02,2.75,82.07,0.37,11.18,3.13,93.25,"69,165.91"
1888,11/02/2019,VRE,"29,000","29,400","29,400","29,450","29,150","29,362",400,1.38,0.84,24.80,6.25,183.16,7.09,207.96,"68,467.26"
1889,01/02/2019,VRE,"29,200","29,200","29,000","29,300","27,550","28,835",-200,-0.68,1.87,53.91,4.43,126.16,6.30,180.07,"67,535.73"
1890,31/01/2019,VRE,"29,300","29,500","29,200","29,500","28,950","29,189",-100,-0.34,1.65,48.17,1.43,41.73,3.08,89.90,"68,001.50"
1891,30/01/2019,VRE,"29,400","29,450","29,300","29,450","29,150","29,278",-100,-0.34,0.67,19.52,1.32,38.76,1.99,58.28,"68,234.38"
1892,29/01/2019,VRE,"29,250","29,450","29,400","29,450","29,100","29,263",150,0.51,1.01,29.67,0.11,3.22,1.12,32.89,"68,467.26"
1893,28/01/2019,VRE,"29,200","29,200","29,250","29,400","29,200","29,316",50,0.17,0.80,23.31,0.09,2.68,0.89,25.99,"68,117.94"
1894,25/01/2019,VRE,"29,200","29,150","29,200","29,400","29,100","29,217",0,0.00,0.48,13.91,0.00,0.00,0.48,13.91,"68,001.50"
1895,24/01/2019,VRE,"29,100","28,750","29,200","29,700","28,750","29,249",100,0.34,0.81,23.60,2.00,58.84,2.81,82.44,"68,001.50"
1896,23/01/2019,VRE,"28,950","28,800","29,100","29,200","28,450","28,758",150,0.52,0.57,16.53,2.81,81.03,3.38,97.56,"67,768.62"
1897,22/01/2019,VRE,"29,300","29,300","28,950","29,500","28,900","29,055",-350,-1.19,0.64,18.74,0.15,4.44,0.80,23.18,"67,419.29"
1898,21/01/2019,VRE,"29,250","29,350","29,300","29,700","29,000","29,361",50,0.17,0.47,13.81,0.00,0.00,0.47,13.81,"68,234.38"
1899,18/01/2019,VRE,"30,100","30,000","29,250","30,600","29,250","29,639",-850,-2.82,0.66,19.70,19.77,594.77,20.43,614.46,"68,117.94"
1900,17/01/2019,VRE,"31,450","31,400","30,100","31,400","30,100","30,494","-1,350",-4.29,1.08,32.99,2.00,60.98,3.08,93.97,"70,097.43"
1901,16/01/2019,VRE,"31,000","31,000","31,450","31,450","30,700","31,055",450,1.45,1.56,48.44,0.53,17.66,2.09,66.09,"73,241.34"
1902,15/01/2019,VRE,"30,350","30,350","31,000","31,000","30,200","30,794",650,2.14,1.72,53.08,0.00,0.00,1.72,53.08,"72,193.37"
1903,14/01/2019,VRE,"29,900","30,000","30,350","30,350","29,800","29,998",450,1.51,1.38,41.32,0.56,16.67,1.93,57.99,"70,679.64"
1904,11/01/2019,VRE,"29,450","29,450","29,900","30,000","29,450","29,784",450,1.53,1.83,54.64,0.00,0.00,1.83,54.64,"69,631.67"
1905,10/01/2019,VRE,"29,050","29,100","29,450","29,500","29,000","29,314",400,1.38,1.06,30.94,0.65,19.05,1.71,49.99,"68,583.70"
1906,09/01/2019,VRE,"27,600","27,600","29,050","29,150","27,600","28,705","1,450",5.25,2.14,61.42,0.47,13.60,2.61,75.03,"67,652.17"
1907,08/01/2019,VRE,"27,900","27,900","27,600","27,900","27,500","27,643",-300,-1.08,0.69,19.02,0.77,21.25,1.46,40.26,"64,275.39"
1908,07/01/2019,VRE,"27,500","28,000","27,900","28,500","27,850","28,194",400,1.45,0.91,25.54,0.85,23.78,1.75,49.32,"64,974.03"
1909,04/01/2019,VRE,"27,700","27,500","27,500","27,800","26,700","27,298",-200,-0.72,0.98,26.83,0.00,0.00,0.98,26.83,"64,042.51"
1910,03/01/2019,VRE,"28,800","28,950","27,700","28,950","27,500","27,950","-1,100",-3.82,1.25,34.86,1.56,42.94,2.80,77.80,"64,508.27"
1911,02/01/2019,VRE,"27,900","28,450","28,800","29,400","28,400","28,802",900,3.23,2.06,59.37,1.38,39.42,3.44,98.78,"67,069.97"
1912,28/12/2018,VRE,"29,200","29,200","27,900","29,300","27,900","28,593","-1,300",-4.45,2.20,62.92,0.57,17.56,2.77,80.48,"64,974.03"
1913,27/12/2018,VRE,"29,200","29,900","29,200","29,900","29,100","29,275",0,0.00,2.02,59.06,0.13,3.78,2.15,62.84,"68,001.50"
1914,26/12/2018,VRE,"29,800","29,500","29,200","29,900","29,200","29,681",-600,-2.01,1.02,30.13,0.71,20.98,1.72,51.12,"68,001.50"
1915,25/12/2018,VRE,"29,650","29,000","29,800","29,950","28,900","29,312",150,0.51,1.12,32.89,0.00,0.00,1.12,32.89,"69,398.79"
1916,24/12/2018,VRE,"29,300","29,150","29,650","29,700","29,150","29,478",350,1.19,0.56,16.54,0.00,0.00,0.56,16.54,"69,049.47"
1917,21/12/2018,VRE,"30,100","30,100","29,300","30,100","29,300","29,457",-800,-2.66,2.02,59.43,0.00,0.00,2.02,59.43,"68,234.38"
1918,20/12/2018,VRE,"31,100","30,800","30,100","31,200","30,100","30,539","-1,000",-3.22,1.17,35.77,0.50,15.27,1.67,51.04,"70,097.43"
1919,19/12/2018,VRE,"31,600","31,500","31,100","31,700","31,100","31,406",-500,-1.58,0.74,23.09,0.50,15.70,1.24,38.78,"72,426.25"
1920,18/12/2018,VRE,"32,000","31,200","31,600","31,900","31,000","31,422",-400,-1.25,1.24,39.01,0.08,2.62,1.32,41.63,"73,590.66"
1921,17/12/2018,VRE,"32,200","31,900","32,000","32,300","31,800","32,113",-200,-0.62,1.64,52.79,0.60,19.28,2.24,72.07,"74,522.19"
1922,14/12/2018,VRE,"32,700","32,700","32,200","32,700","32,200","32,470",-500,-1.53,1.01,32.95,0.00,0.00,1.01,32.95,"74,987.95"
1923,13/12/2018,VRE,"32,800","32,900","32,700","32,950","32,700","32,811",-100,-0.30,1.26,41.43,0.00,0.00,1.26,41.43,"76,152.36"
1924,12/12/2018,VRE,"32,450","32,500","32,800","32,800","32,450","32,587",350,1.08,1.36,44.17,4.30,139.84,5.65,184.02,"76,385.24"
1925,11/12/2018,VRE,"32,000","31,900","32,450","32,450","31,900","32,313",450,1.41,1.49,48.07,1.46,46.96,2.94,95.04,"75,570.16"
1926,10/12/2018,VRE,"33,000","32,800","32,000","32,800","31,900","32,331","-1,000",-3.03,2.47,79.78,0.16,5.23,2.63,85.00,"74,522.19"
1927,07/12/2018,VRE,"33,000","32,800","33,000","33,200","32,700","32,953",0,0.00,1.47,48.32,0.00,0.00,1.47,48.32,"76,851.01"
1928,06/12/2018,VRE,"32,950","32,900","33,000","33,100","32,500","32,858",50,0.15,1.89,62.17,0.20,6.59,2.09,68.76,"76,851.01"
1929,05/12/2018,VRE,"32,700","32,450","32,950","33,150","32,250","32,849",250,0.76,2.08,68.32,0.00,0.00,2.08,68.32,"76,734.57"
1930,04/12/2018,VRE,"31,350","31,800","32,700","33,200","31,700","32,388","1,350",4.31,3.73,120.78,1.00,32.08,4.73,152.86,"76,152.36"
1931,03/12/2018,VRE,"30,700","30,700","31,350","31,550","30,700","31,391",650,2.12,2.01,63.20,0.20,6.28,2.21,69.48,"73,008.46"
1932,30/11/2018,VRE,"31,200","31,200","30,700","31,600","30,700","31,196",-500,-1.60,1.81,56.44,0.42,13.25,2.23,69.69,"71,494.73"
1933,29/11/2018,VRE,"31,000","31,100","31,200","31,800","31,100","31,439",200,0.65,1.95,61.41,0.18,5.55,2.13,66.95,"72,659.13"
1934,28/11/2018,VRE,"30,800","30,800","31,000","31,000","30,700","30,881",200,0.65,0.64,19.67,0.25,7.67,0.88,27.33,"72,193.37"
1935,27/11/2018,VRE,"30,950","31,100","30,800","31,400","30,800","31,210",-150,-0.48,1.06,33.11,0.00,0.00,1.06,33.11,"71,727.61"
1936,26/11/2018,VRE,"30,800","30,900","30,950","31,200","30,600","30,901",150,0.49,0.72,22.21,0.00,0.00,0.72,22.21,"72,076.93"
1937,23/11/2018,VRE,"31,300","31,450","30,800","31,500","30,800","31,221",-500,-1.60,0.88,27.58,0.00,0.00,0.88,27.58,"71,727.61"
1938,22/11/2018,VRE,"31,600","31,850","31,300","31,950","31,300","31,672",-300,-0.95,0.76,24.18,0.18,5.59,0.94,29.77,"72,892.02"
1939,21/11/2018,VRE,"30,650","30,150","31,600","31,650","30,150","31,077",950,3.10,1.68,52.17,0.00,0.00,1.68,52.17,"73,590.66"
1940,20/11/2018,VRE,"30,150","30,100","30,650","30,650","30,050","30,313",500,1.66,1.45,43.82,0.05,1.55,1.50,45.37,"71,378.28"
1941,19/11/2018,VRE,"30,000","30,000","30,150","30,400","29,950","30,077",150,0.50,0.71,21.29,0.00,0.00,0.71,21.29,"70,213.88"
1942,16/11/2018,VRE,"30,400","30,350","30,000","30,500","29,900","30,056",-400,-1.32,0.95,28.46,0.27,8.08,1.22,36.54,"69,864.55"
1943,15/11/2018,VRE,"30,050","30,000","30,400","30,400","29,950","30,163",350,1.16,0.75,22.59,0.00,0.00,0.75,22.59,"70,796.08"
1944,14/11/2018,VRE,"30,200","30,000","30,050","30,500","30,000","30,146",-150,-0.50,0.95,28.61,0.00,0.00,0.95,28.61,"69,980.99"
1945,13/11/2018,VRE,"30,900","30,300","30,200","30,600","30,150","30,317",-700,-2.27,0.88,26.65,0.00,0.00,0.88,26.65,"70,330.32"
1946,12/11/2018,VRE,"30,850","30,600","30,900","30,900","30,000","30,663",50,0.16,0.59,18.08,0.00,0.00,0.59,18.08,"58,743.33"
1947,09/11/2018,VRE,"31,000","31,000","30,850","31,200","30,700","30,926",-150,-0.48,1.61,49.91,0.00,0.00,1.61,49.91,"58,648.28"
1948,08/11/2018,VRE,"30,400","30,600","31,000","31,400","30,600","30,978",600,1.97,1.76,54.64,0.00,0.00,1.76,54.64,"58,933.44"
1949,07/11/2018,VRE,"30,400","30,500","30,400","30,600","30,050","30,226",0,0.00,0.91,27.64,0.00,0.00,0.91,27.64,"57,792.79"
1950,06/11/2018,VRE,"30,700","31,000","30,400","31,000","30,300","30,613",-300,-0.98,0.92,28.28,0.25,7.74,1.18,36.02,"57,792.79"
1951,05/11/2018,VRE,"29,650","29,500","30,700","30,900","29,300","30,367","1,050",3.54,1.59,48.28,0.51,15.56,2.10,63.83,"58,363.12"
1952,02/11/2018,VRE,"29,250","29,300","29,650","30,050","29,300","29,673",400,1.37,1.68,49.83,0.00,0.00,1.68,49.83,"56,366.98"
1953,01/11/2018,VRE,"29,800","29,950","29,250","30,050","29,250","29,815",-550,-1.85,1.14,34.02,0.36,10.65,1.50,44.67,"55,606.55"
1954,31/10/2018,VRE,"28,150","29,000","29,800","29,800","28,800","29,537","1,650",5.86,3.50,103.27,0.80,23.27,4.30,126.54,"56,652.15"
1955,30/10/2018,VRE,"35,200","35,200","34,500","35,750","34,500","35,171",-700,-1.99,1.24,43.64,0.86,30.22,2.10,73.86,"65,587.22"
1956,29/10/2018,VRE,"35,000","35,000","35,200","37,450","34,800","35,902",200,0.57,1.05,37.69,0.38,13.46,1.43,51.16,"66,917.97"
1957,26/10/2018,VRE,"35,600","36,300","35,000","36,350","35,000","35,446",-600,-1.69,1.46,51.87,0.13,4.44,1.59,56.32,"66,537.76"
1958,25/10/2018,VRE,"36,200","34,200","35,600","36,200","34,200","35,102",-600,-1.66,1.56,54.74,0.13,5.02,1.69,59.76,"67,678.40"
1959,24/10/2018,VRE,"37,000","36,600","36,200","37,300","36,200","36,675",-800,-2.16,1.03,37.86,0.00,0.00,1.03,37.86,"68,819.05"
1960,23/10/2018,VRE,"37,500","37,200","37,000","37,500","36,000","37,038",-500,-1.33,1.45,53.70,0.16,5.77,1.61,59.47,"70,339.91"
1961,22/10/2018,VRE,"37,050","37,600","37,500","38,300","37,500","38,018",450,1.21,1.69,64.19,0.00,0.00,1.69,64.19,"71,290.45"
1962,19/10/2018,VRE,"37,150","36,750","37,050","37,100","36,600","36,818",-100,-0.27,1.83,67.22,0.00,0.00,1.83,67.22,"70,434.97"
1963,18/10/2018,VRE,"37,600","37,600","37,150","37,850","37,000","37,536",-450,-1.20,0.85,31.73,0.00,0.00,0.85,31.73,"70,625.07"
1964,17/10/2018,VRE,"37,200","38,000","37,600","38,000","37,500","37,731",400,1.08,0.69,26.17,0.00,0.00,0.69,26.17,"71,480.56"
1965,16/10/2018,VRE,"36,800","37,200","37,200","37,300","36,800","37,024",400,1.09,0.93,34.31,0.00,0.00,0.93,34.31,"70,720.13"
1966,15/10/2018,VRE,"38,050","38,050","36,800","38,100","36,800","37,319","-1,250",-3.29,1.30,48.55,0.00,0.00,1.30,48.55,"69,959.70"
1967,12/10/2018,VRE,"37,400","37,200","38,050","38,350","36,600","37,471",650,1.74,1.99,74.62,0.00,0.00,1.99,74.62,"72,336.05"
1968,11/10/2018,VRE,"40,000","39,000","37,400","39,000","37,300","37,878","-2,600",-6.50,2.93,111.05,0.00,0.00,2.93,111.05,"71,100.34"
1969,10/10/2018,VRE,"39,300","39,500","40,000","40,000","39,200","39,591",700,1.78,1.20,47.62,1.25,49.62,2.46,97.23,"76,043.15"
1970,09/10/2018,VRE,"39,300","39,500","39,300","39,900","39,300","39,647",0,0.00,1.08,43.00,0.15,6.12,1.24,49.12,"74,712.39"
1971,08/10/2018,VRE,"41,000","40,500","39,300","40,700","39,300","40,060","-1,700",-4.15,1.90,75.99,0.16,6.12,2.05,82.11,"74,712.39"
1972,05/10/2018,VRE,"41,700","41,400","41,000","41,700","40,800","41,212",-700,-1.68,1.85,76.35,0.00,0.00,1.85,76.35,"77,944.23"
1973,04/10/2018,VRE,"41,500","41,500","41,700","41,850","41,400","41,663",200,0.48,0.91,37.94,0.39,16.83,1.30,54.77,"79,274.98"
1974,03/10/2018,VRE,"40,500","40,500","41,500","41,900","40,500","41,213","1,000",2.47,1.25,51.34,0.04,1.42,1.28,52.76,"78,894.77"
1975,02/10/2018,VRE,"40,750","41,000","40,500","41,200","40,500","40,829",-250,-0.61,1.61,65.57,0.00,0.00,1.61,65.57,"76,993.69"
1976,01/10/2018,VRE,"41,900","41,300","40,750","42,400","40,750","41,635","-1,150",-2.74,3.31,137.70,0.20,8.24,3.51,145.95,"77,468.96"
1977,28/09/2018,VRE,"41,000","41,000","41,900","41,900","40,650","41,545",900,2.20,4.33,180.03,0.25,10.55,4.59,190.58,"79,655.20"
1978,27/09/2018,VRE,"40,750","40,800","41,000","41,700","40,750","41,362",250,0.61,3.61,149.49,0.07,2.89,3.68,152.38,"77,944.23"
1979,26/09/2018,VRE,"39,850","39,800","40,750","41,250","39,500","40,499",900,2.26,3.42,138.38,0.00,0.00,3.42,138.38,"77,468.96"
1980,25/09/2018,VRE,"39,500","39,400","39,850","39,950","39,000","39,603",350,0.89,2.17,85.84,0.00,0.00,2.17,85.84,"75,757.99"
1981,24/09/2018,VRE,"37,850","38,200","39,500","39,500","38,100","38,943","1,650",4.36,2.17,84.46,0.16,6.11,2.33,90.57,"75,092.61"
1982,21/09/2018,VRE,"37,550","37,700","37,850","38,300","37,700","37,946",300,0.80,6.78,257.41,0.73,27.65,7.51,285.06,"71,955.83"
1983,20/09/2018,VRE,"37,000","37,000","37,550","37,600","37,000","37,346",550,1.49,0.84,31.32,0.07,2.65,0.91,33.97,"71,385.51"
1984,19/09/2018,VRE,"37,000","37,000","37,000","38,000","36,600","37,185",0,0.00,2.06,76.59,0.00,0.00,2.06,76.59,"70,339.91"
1985,18/09/2018,VRE,"37,200","37,100","37,000","37,100","36,800","36,916",-200,-0.54,1.17,43.22,0.31,11.39,1.48,54.61,"70,339.91"
1986,17/09/2018,VRE,"37,850","37,800","37,200","37,850","37,150","37,425",-650,-1.72,0.84,31.44,0.03,1.27,0.87,32.71,"70,720.13"
1987,14/09/2018,VRE,"37,700","37,700","37,850","38,000","37,400","37,705",150,0.40,0.78,29.42,0.40,15.12,1.18,44.55,"71,955.83"
1988,13/09/2018,VRE,"37,900","37,900","37,700","38,100","37,500","37,704",-200,-0.53,0.61,22.82,0.00,0.00,0.61,22.82,"71,670.67"
1989,12/09/2018,VRE,"38,300","38,300","37,900","38,600","37,750","38,151",-400,-1.04,1.08,41.05,0.23,8.95,1.31,50.00,"72,050.88"
1990,11/09/2018,VRE,"37,750","37,800","38,300","38,500","37,650","38,162",550,1.46,1.34,51.28,0.30,11.31,1.64,62.59,"72,811.32"
1991,10/09/2018,VRE,"37,650","37,700","37,750","37,850","37,000","37,668",100,0.27,1.09,41.18,0.95,35.76,2.04,76.93,"71,765.72"
1992,07/09/2018,VRE,"36,550","36,550","37,650","37,700","36,550","37,240","1,100",3.01,1.61,59.83,0.30,10.22,1.91,70.04,"71,575.61"
1993,06/09/2018,VRE,"36,800","37,000","36,550","37,300","36,550","36,941",-250,-0.68,1.22,45.09,0.42,15.42,1.64,60.51,"69,484.43"
1994,05/09/2018,VRE,"37,900","37,800","36,800","38,000","36,800","37,314","-1,100",-2.90,1.87,69.81,0.02,0.79,1.89,70.59,"69,959.70"
1995,04/09/2018,VRE,"39,350","39,250","37,900","39,450","37,900","38,548","-1,450",-3.68,2.12,81.84,0.00,0.00,2.12,81.84,"72,050.88"
1996,31/08/2018,VRE,"39,950","39,900","39,350","39,900","39,350","39,564",-600,-1.50,1.54,60.75,1.51,59.75,3.04,120.50,"74,807.45"
1997,30/08/2018,VRE,"39,600","39,500","39,950","39,950","39,500","39,662",350,0.88,0.94,37.44,0.00,0.00,0.94,37.44,"75,948.10"
1998,29/08/2018,VRE,"40,050","40,000","39,600","40,000","39,500","39,661",-450,-1.12,1.67,66.11,0.00,0.00,1.67,66.11,"75,282.72"
1999,28/08/2018,VRE,"40,500","40,200","40,050","40,500","40,000","40,169",-450,-1.11,1.34,53.76,0.00,0.00,1.34,53.76,"76,138.20"
2000,27/08/2018,VRE,"40,700","40,950","40,500","41,000","40,400","40,694",-200,-0.49,1.02,41.51,0.00,0.00,1.02,41.51,"76,993.69"
2001,24/08/2018,VRE,"40,600","40,850","40,700","41,400","40,600","40,992",100,0.25,1.52,62.40,0.50,20.40,2.02,82.80,"77,373.90"
2002,23/08/2018,VRE,"39,950","40,000","40,600","41,200","39,900","40,673",650,1.63,1.37,55.85,0.00,0.00,1.37,55.85,"77,183.80"
2003,22/08/2018,VRE,"39,500","40,000","39,950","40,250","39,800","39,990",450,1.14,0.88,35.35,0.00,0.00,0.88,35.35,"75,948.10"
2004,21/08/2018,VRE,"39,500","39,500","39,500","39,700","39,250","39,397",0,0.00,1.03,40.69,0.00,0.00,1.03,40.69,"75,092.61"
2005,20/08/2018,VRE,"39,850","39,750","39,500","40,000","39,500","39,711",-350,-0.88,0.76,30.10,0.00,0.00,0.76,30.10,"75,092.61"
2006,17/08/2018,VRE,"40,000","40,000","39,850","40,450","39,800","39,978",-150,-0.38,0.63,25.27,0.00,0.00,0.63,25.27,"75,757.99"
2007,16/08/2018,VRE,"39,800","39,550","40,000","40,050","39,550",0,200,0.50,1.35,53.68,0.00,0.00,1.35,53.68,"76,043.15"
2008,15/08/2018,VRE,"40,400","40,500","39,800","40,600","39,800","40,148",-600,-1.49,0.87,34.76,0.12,4.66,0.98,39.41,"75,662.93"
2009,14/08/2018,VRE,"40,200","40,500","40,400","40,800","40,150","40,436",200,0.50,1.30,52.56,0.00,0.00,1.30,52.56,"76,803.58"
2010,13/08/2018,VRE,"40,200","40,000","40,200","40,450","39,500","40,078",0,0.00,1.10,44.28,0.17,6.94,1.28,51.22,"76,423.37"
2011,10/08/2018,VRE,"41,000","40,850","40,200","41,200","39,950","40,387",-800,-1.95,1.40,56.64,0.17,6.67,1.57,63.31,"76,423.37"
2012,09/08/2018,VRE,"42,150","42,150","41,000","42,450","40,850","41,633","-1,150",-2.73,1.38,57.63,0.42,17.47,1.80,75.10,"77,944.23"
2013,08/08/2018,VRE,"42,000","42,000","42,150","42,650","41,750","42,201",150,0.36,1.36,57.51,0.27,11.39,1.63,68.91,"80,130.47"
2014,07/08/2018,VRE,"42,000","41,900","42,000","42,500","41,800","42,079",0,0.00,1.03,43.47,0.20,8.41,1.23,51.88,"79,845.31"
2015,06/08/2018,VRE,"41,500","41,700","42,000","42,900","41,600","42,400",500,1.20,1.86,78.80,0.20,8.45,2.06,87.25,"79,845.31"
2016,03/08/2018,VRE,"40,050","40,600","41,500","42,400","40,250","41,595","1,450",3.62,2.37,98.70,0.51,21.11,2.88,119.81,"78,894.77"
2017,02/08/2018,VRE,"40,700","40,950","40,050","40,950","39,950","40,335",-650,-1.60,0.74,29.76,3.35,135.04,4.09,164.79,"76,138.20"
2018,01/08/2018,VRE,"40,600","40,600","40,700","41,000","40,500","40,640",100,0.25,0.86,34.90,1.54,62.48,2.40,97.38,"77,373.90"
2019,31/07/2018,VRE,"39,800","39,800","40,600","41,800","39,700","40,489",800,2.01,1.82,73.59,0.00,0.00,1.82,73.59,"77,183.80"
2020,30/07/2018,VRE,"39,200","40,000","39,800","40,100","39,500","39,861",600,1.53,0.79,31.48,0.10,4.00,0.89,35.48,"75,662.93"
2021,27/07/2018,VRE,"40,100","40,600","39,200","40,800","39,200","40,004",-900,-2.24,0.85,34.17,0.00,0.00,0.85,34.17,"74,522.29"
2022,26/07/2018,VRE,"41,000","41,000","40,100","41,000","39,850","40,068",-900,-2.20,1.82,72.81,0.00,0.00,1.82,72.81,"76,233.26"
2023,25/07/2018,VRE,"41,650","41,650","41,000","41,700","41,000","41,382",-650,-1.56,0.90,37.39,4.26,178.84,5.17,216.23,"77,944.23"
2024,24/07/2018,VRE,"41,850","41,300","41,650","42,000","41,300","41,717",-200,-0.48,0.74,30.94,1.78,74.88,2.52,105.82,"79,179.93"
2025,23/07/2018,VRE,"42,000","41,500","41,850","42,800","41,000","42,098",-150,-0.36,0.82,34.68,1.63,68.37,2.45,103.05,"79,560.14"
2026,20/07/2018,VRE,"43,000","42,000","42,000","42,500","41,200","41,860","-1,000",-2.33,2.97,124.28,1.44,60.16,4.41,184.44,"79,845.31"
2027,19/07/2018,VRE,"43,000","42,900","43,000","43,000","41,200","42,179",0,0.00,1.91,80.70,1.44,60.62,3.35,141.32,"81,746.39"
2028,18/07/2018,VRE,"40,400","41,000","43,000","43,050","41,000","42,675","2,600",6.44,2.65,112.97,3.31,141.51,5.96,254.48,"81,746.39"
2029,17/07/2018,VRE,"37,800","38,100","40,400","40,400","37,700","39,177","2,600",6.88,1.51,59.25,3.63,143.26,5.14,202.51,"76,803.58"
2030,16/07/2018,VRE,"36,500","37,000","37,800","38,100","36,450","37,294","1,300",3.56,1.16,43.44,0.30,11.19,1.46,54.63,"71,860.78"
2031,13/07/2018,VRE,"36,500","36,500","36,500","36,700","36,350","36,505",0,0.00,0.61,22.44,1.55,56.63,2.17,79.07,"69,389.37"
2032,12/07/2018,VRE,"35,700","35,700","36,500","36,800","35,700","36,205",800,2.24,0.87,31.52,0.26,9.31,1.13,40.83,"69,389.37"
2033,11/07/2018,VRE,"36,300","35,850","35,700","36,200","35,000","35,672",-600,-1.65,1.00,35.76,0.00,0.00,1.00,35.76,"67,868.51"
2034,10/07/2018,VRE,"36,900","36,900","36,300","37,450","36,300","36,935",-600,-1.63,0.57,21.13,0.10,3.69,0.67,24.82,"69,009.16"
2035,09/07/2018,VRE,"36,500","36,500","36,900","37,950","36,500","37,471",400,1.10,0.67,24.98,0.00,0.00,0.67,24.98,"70,149.81"
2036,06/07/2018,VRE,"37,650","36,400","36,500","37,800","36,050","36,780","-1,150",-3.05,1.04,38.21,0.00,0.00,1.04,38.21,"69,389.37"
2037,05/07/2018,VRE,"38,600","38,000","37,650","38,500","36,300","37,577",-950,-2.46,0.64,24.08,0.00,0.00,0.64,24.08,"71,575.61"
2038,04/07/2018,VRE,"38,300","37,900","38,600","38,800","37,000","38,069",300,0.78,0.93,35.34,0.00,0.00,0.93,35.34,"73,381.64"
2039,03/07/2018,VRE,"38,700","38,250","38,300","38,700","37,100","38,102",-400,-1.03,1.35,51.34,0.00,0.00,1.35,51.34,"72,811.32"
2040,02/07/2018,VRE,"38,800","39,000","38,700","39,000","37,400","38,107",-100,-0.26,1.15,43.98,0.81,31.26,1.97,75.24,"73,571.75"
2041,29/06/2018,VRE,"38,100","38,500","38,800","39,050","37,800","38,384",700,1.84,1.98,76.10,0.00,0.00,1.98,76.10,"73,761.85"
2042,28/06/2018,VRE,"39,700","39,400","38,100","39,500","38,100","38,529","-1,600",-4.03,0.75,28.90,0.00,0.00,0.75,28.90,"72,431.10"
2043,27/06/2018,VRE,"40,700","40,700","39,700","40,700","39,700","39,880","-1,000",-2.46,0.45,17.78,0.00,0.00,0.45,17.78,"75,472.83"
2044,26/06/2018,VRE,"40,800","40,000","40,700","40,700","39,700","39,950",-100,-0.25,0.83,33.28,0.00,0.00,0.83,33.28,"77,373.90"
2045,25/06/2018,VRE,"40,000","42,000","40,800","42,000","40,800","41,241",800,2.00,0.73,29.93,0.00,0.00,0.73,29.93,"77,564.01"
2046,22/06/2018,VRE,"38,500","38,000","40,000","40,000","38,000","39,413","1,500",3.90,2.03,79.97,0.00,0.00,2.03,79.97,"76,043.15"
2047,21/06/2018,VRE,"40,600","40,600","38,500","40,600","38,500","39,066","-2,100",-5.17,1.56,61.13,0.00,0.00,1.56,61.13,"73,191.53"
2048,20/06/2018,VRE,"39,900","41,000","40,600","41,000","39,900","40,451",700,1.75,1.24,50.32,0.25,10.12,1.49,60.44,"77,183.80"
2049,19/06/2018,VRE,"42,000","41,000","39,900","42,000","39,550","40,516","-2,100",-5.00,2.29,92.84,0.21,8.43,2.50,101.27,"75,853.04"
2050,18/06/2018,VRE,"45,000","44,600","42,000","44,900","42,000","43,592","-3,000",-6.67,0.65,28.50,0.07,3.23,0.72,31.73,"79,845.31"
2051,15/06/2018,VRE,"44,500","44,000","45,000","45,000","43,900","44,880",500,1.12,3.95,177.19,0.00,0.00,3.95,177.19,"85,548.54"
2052,14/06/2018,VRE,"45,000","45,400","44,500","45,400","44,500","44,888",-500,-1.11,0.66,29.58,0.30,14.40,0.96,43.98,"84,598.00"
2053,13/06/2018,VRE,"44,500","44,500","45,000","45,000","44,200","44,643",500,1.12,0.70,31.43,0.06,2.80,0.77,34.23,"85,548.54"
2054,12/06/2018,VRE,"45,100","44,600","44,500","45,150","44,000","44,665",-600,-1.33,1.84,81.98,0.27,12.48,2.10,94.46,"84,598.00"
2055,11/06/2018,VRE,"44,500","44,500","45,100","46,000","44,500","45,309",600,1.35,1.70,77.05,0.09,4.14,1.79,81.19,"85,738.65"
2056,08/06/2018,VRE,"45,000","44,900","44,500","45,200","44,200","44,554",-500,-1.11,1.03,45.87,0.00,0.00,1.03,45.87,"84,598.00"
2057,07/06/2018,VRE,"45,300","45,500","45,000","46,500","45,000","45,674",-300,-0.66,1.58,72.06,0.34,15.73,1.92,87.79,"85,548.54"
2058,06/06/2018,VRE,"45,300","45,600","45,300","45,800","44,850","45,311",0,0.00,0.86,39.07,0.00,0.00,0.86,39.07,"86,118.87"
2059,05/06/2018,VRE,"45,600","45,600","45,300","46,250","45,100","45,684",-300,-0.66,0.77,35.18,1.29,58.55,2.06,93.73,"86,118.87"
2060,04/06/2018,VRE,"45,450","45,500","45,600","45,800","44,700","45,242",150,0.33,1.30,58.89,0.74,33.64,2.05,92.53,"86,689.19"
2061,01/06/2018,VRE,"43,000","43,700","45,450","45,450","43,150","44,802","2,450",5.70,2.67,119.54,0.30,13.50,2.97,133.03,"86,404.03"
2062,31/05/2018,VRE,"42,000","41,300","43,000","43,400","41,300","42,910","1,000",2.38,1.63,70.03,11.00,462.50,12.63,532.53,"81,746.39"
2063,30/05/2018,VRE,"43,000","42,800","42,000","43,000","41,600","42,295","-1,000",-2.33,1.11,47.09,10.00,420.00,11.11,467.09,"79,845.31"
2064,29/05/2018,VRE,"40,300","39,200","43,000","43,100","39,200","42,080","2,700",6.70,1.62,68.00,9.50,399.00,11.12,467.00,"81,746.39"
2065,28/05/2018,VRE,"40,900","39,400","40,300","40,300","38,100","39,388",-600,-1.47,4.71,185.55,0.69,27.34,5.41,212.89,"76,613.47"
2066,25/05/2018,VRE,"43,600","43,800","40,900","43,900","40,550","41,580","-2,700",-6.19,2.87,119.42,0.00,0.00,2.87,119.42,"77,754.12"
2067,24/05/2018,VRE,"43,500","43,900","43,600","44,500","43,400","43,604",100,0.23,2.24,97.77,0.00,0.00,2.24,97.77,"82,887.03"
2068,23/05/2018,VRE,"43,000","43,000","43,500","43,500","41,500","42,718",500,1.16,2.00,85.61,0.00,0.00,2.00,85.61,"82,696.92"
2069,22/05/2018,VRE,"44,600","44,300","43,000","45,000","42,400","43,778","-1,600",-3.59,2.86,125.03,0.09,3.86,2.94,128.89,"81,746.39"
2070,21/05/2018,VRE,"46,700","46,700","44,600","47,000","44,600","45,357","-2,100",-4.50,2.17,98.27,0.00,0.00,2.17,98.27,"84,788.11"
2071,18/05/2018,VRE,"46,000","46,900","46,700","46,900","45,500","46,197",700,1.52,1.74,80.41,0.00,0.00,1.74,80.41,"88,780.38"
2072,17/05/2018,VRE,"46,000","46,000","46,000","47,000","45,800","46,411",0,0.00,1.72,79.99,0.10,4.75,1.82,84.74,"87,449.62"
2073,16/05/2018,VRE,"47,900","47,900","46,000","47,900","46,000","46,782","-1,900",-3.97,1.44,67.27,0.00,0.00,1.44,67.27,"87,449.62"
2074,15/05/2018,VRE,"48,850","49,000","47,900","49,100","47,800","48,460",-950,-1.94,2.18,105.77,0.30,15.23,2.49,121.00,"91,061.67"
2075,14/05/2018,VRE,"45,700","46,100","48,850","48,850","45,800","47,400","3,150",6.89,2.38,112.72,0.10,4.83,2.48,117.55,"92,867.70"
2076,11/05/2018,VRE,"45,100","44,500","45,700","45,900","44,500","45,446",600,1.33,0.86,39.01,0.15,6.69,1.01,45.70,"86,879.30"
2077,10/05/2018,VRE,"45,100","45,100","45,100","45,200","44,300","44,939",0,0.00,1.53,68.87,0.00,0.00,1.53,68.87,"85,738.65"
2078,09/05/2018,VRE,"45,800","46,000","45,100","46,000","45,100","45,569",-700,-1.53,0.80,36.51,0.05,2.06,0.85,38.57,"85,738.65"
2079,08/05/2018,VRE,"46,800","46,800","45,800","46,900","45,800","46,285","-1,000",-2.14,0.99,45.99,0.20,10.07,1.20,56.06,"87,069.41"
2080,07/05/2018,VRE,"46,750","46,950","46,800","46,950","46,600","46,751",50,0.11,1.78,83.21,0.00,0.00,1.78,83.21,"88,970.48"
2081,04/05/2018,VRE,"46,300","46,500","46,750","47,200","45,600","46,603",450,0.97,1.85,86.38,0.00,0.00,1.85,86.38,"88,875.43"
2082,03/05/2018,VRE,"46,300","46,300","46,300","47,500","44,800","45,801",0,0.00,7.40,338.79,0.00,0.00,7.40,338.79,"88,019.95"
2083,02/05/2018,VRE,"46,300","46,900","46,300","47,000","44,800","45,848",0,0.00,5.34,245.00,0.20,9.16,5.54,254.16,"88,019.95"
2084,27/04/2018,VRE,"45,500","46,200","46,300","46,800","45,400","46,195",800,1.76,1.57,72.45,0.12,5.34,1.69,77.79,"88,019.95"
2085,26/04/2018,VRE,"48,000","48,050","45,500","48,050","44,900","45,851","-2,500",-5.21,2.56,117.35,0.04,1.71,2.60,119.07,"86,499.08"
2086,24/04/2018,VRE,"45,500","44,800","48,000","48,300","44,700","46,938","2,500",5.49,1.98,92.85,3.00,144.00,4.98,236.85,"91,251.78"
2087,23/04/2018,VRE,"48,000","48,500","45,500","48,600","45,000","46,400","-2,500",-5.21,1.66,77.07,4.24,203.22,5.91,280.30,"86,499.08"
2088,20/04/2018,VRE,"46,800","46,800","48,000","48,000","46,500","47,114","1,200",2.56,1.43,67.59,0.00,0.00,1.43,67.59,"91,251.78"
2089,19/04/2018,VRE,"48,000","48,200","46,800","48,900","46,800","47,621","-1,200",-2.50,2.47,117.70,0.11,5.43,2.59,123.13,"88,970.48"
2090,18/04/2018,VRE,"50,000","50,200","48,000","50,500","48,000","49,267","-2,000",-4.00,2.06,101.25,0.00,0.00,2.06,101.25,"91,251.78"
2091,17/04/2018,VRE,"50,700","50,700","50,000","51,000","49,950","50,234",-700,-1.38,1.23,61.96,0.00,0.00,1.23,61.96,"95,053.94"
2092,16/04/2018,VRE,"50,800","50,200","50,700","51,200","49,900","50,405",-100,-0.20,0.67,33.57,0.00,0.00,0.67,33.57,"96,384.69"
2093,13/04/2018,VRE,"51,800","52,300","50,800","52,400","50,800","51,314","-1,000",-1.93,0.79,40.49,0.65,33.57,1.44,74.06,"96,574.80"
2094,12/04/2018,VRE,"51,000","51,000","51,800","52,500","50,700","51,892",800,1.57,2.25,116.80,0.00,0.00,2.25,116.80,"98,475.88"
2095,11/04/2018,VRE,"53,000","53,000","51,000","53,000","51,000","52,213","-2,000",-3.77,2.47,128.74,6.55,346.90,9.02,475.64,"96,955.02"
2096,10/04/2018,VRE,"53,500","53,500","53,000","54,000","52,600","53,248",-500,-0.93,2.85,151.95,0.00,0.00,2.85,151.95,"100,757.17"
2097,09/04/2018,VRE,"52,500","53,500","53,500","54,300","53,100","53,777","1,000",1.90,3.92,210.90,2.08,111.33,6.00,322.23,"101,707.71"
2098,06/04/2018,VRE,"49,200","49,000","52,500","52,600","49,000","51,606","3,300",6.71,3.74,193.16,0.10,5.16,3.84,198.32,"99,806.63"
2099,05/04/2018,VRE,"49,500","49,500","49,200","50,000","49,200","49,452",-300,-0.61,1.08,53.17,0.25,12.24,1.32,65.41,"93,533.07"
2100,04/04/2018,VRE,"49,900","50,000","49,500","50,300","49,300","49,663",-400,-0.80,1.13,56.25,4.13,206.46,5.26,262.70,"94,103.40"
2101,03/04/2018,VRE,"49,900","50,000","49,900","50,400","48,900","49,329",0,0.00,2.08,102.51,0.16,7.89,2.24,110.40,"94,863.83"
2102,02/04/2018,VRE,"51,200","51,200","49,900","51,400","49,850","50,377","-1,300",-2.54,2.01,101.10,0.30,15.90,2.31,117.00,"94,863.83"
2103,30/03/2018,VRE,"51,000","50,800","51,200","51,400","50,300","50,977",200,0.39,1.68,85.78,3.00,153.00,4.68,238.78,"97,335.23"
2104,29/03/2018,VRE,"50,800","51,400","51,000","51,400","49,600","50,635",200,0.39,1.55,78.47,1.60,81.03,3.15,159.50,"96,955.02"
2105,28/03/2018,VRE,"50,300","50,700","50,800","51,500","50,300","50,940",500,0.99,0.71,36.21,0.69,33.18,1.40,69.39,"96,574.80"
2106,27/03/2018,VRE,"48,600","50,000","50,300","50,900","49,500","50,261","1,700",3.50,1.63,81.69,0.32,16.22,1.95,97.92,"95,624.26"
2107,26/03/2018,VRE,"49,900","49,500","48,600","50,000","48,500","48,913","-1,300",-2.61,2.40,117.37,0.00,0.00,2.40,117.37,"92,392.43"
2108,23/03/2018,VRE,"51,800","50,200","49,900","50,800","49,200","50,103","-1,900",-3.67,2.52,126.32,0.00,0.00,2.52,126.32,"94,863.83"
2109,22/03/2018,VRE,"51,500","51,500","51,800","52,500","51,500","51,849",300,0.58,1.41,73.22,0.15,7.78,1.56,80.99,"98,475.88"
2110,21/03/2018,VRE,"52,800","52,800","51,500","52,900","50,700","51,765","-1,300",-2.46,3.17,164.28,0.84,42.14,4.02,206.42,"97,905.55"
2111,20/03/2018,VRE,"53,000","53,000","52,800","53,300","52,500","52,891",-200,-0.38,1.24,65.63,0.27,14.34,1.51,79.97,"100,376.96"
2112,19/03/2018,VRE,"52,200","52,200","53,000","53,600","52,200","52,889",800,1.53,1.75,92.34,0.65,34.43,2.40,126.77,"100,757.17"
2113,16/03/2018,VRE,"53,000","53,000","52,200","54,100","52,200","52,286",-800,-1.51,15.64,817.83,17.71,928.33,33.35,"1,746.16","99,236.31"
2114,15/03/2018,VRE,"53,500","53,200","53,000","54,500","51,500","52,881",-500,-0.93,6.27,331.33,0.00,0.00,6.27,331.33,"100,757.17"
2115,14/03/2018,VRE,"55,800","55,900","53,500","56,200","53,300","54,371","-2,300",-4.12,4.67,253.66,0.00,0.00,4.67,253.66,"101,707.71"
2116,13/03/2018,VRE,"55,800","56,000","55,800","56,000","54,900","55,506",0,0.00,5.68,315.18,1.35,75.03,7.02,390.20,"106,080.19"
2117,12/03/2018,VRE,"55,700","57,500","55,800","57,600","55,800","56,052",100,0.18,5.80,326.23,4.66,261.22,10.46,587.45,"106,080.19"
2118,09/03/2018,VRE,"55,700","56,200","55,700","57,000","55,000","56,052",0,0.00,3.88,217.71,0.27,14.94,4.15,232.65,"105,890.09"
2119,08/03/2018,VRE,"54,600","55,000","55,700","56,000","54,500","55,310","1,100",2.01,2.59,143.08,2.00,110.00,4.59,253.08,"105,890.09"
2120,07/03/2018,VRE,"54,900","55,500","54,600","56,100","54,000","54,892",-300,-0.55,2.85,156.32,0.50,27.45,3.35,183.76,"103,798.90"
2121,06/03/2018,VRE,"51,400","52,900","54,900","54,900","52,100","53,804","3,500",6.81,3.85,207.13,0.20,10.76,4.05,217.89,"104,369.22"
2122,05/03/2018,VRE,"55,200","55,900","51,400","56,400","51,400","55,503","-3,800",-6.88,4.69,260.12,0.03,1.54,4.72,261.65,"97,715.45"
2123,02/03/2018,VRE,"55,400","54,400","55,200","55,500","54,400","55,149",-200,-0.36,3.04,167.89,0.00,0.00,3.04,167.89,"104,939.55"
2124,01/03/2018,VRE,"53,800","54,500","55,400","55,500","54,000","54,762","1,600",2.97,3.20,175.03,0.00,0.00,3.20,175.03,"105,319.76"
2125,28/02/2018,VRE,"54,900","54,000","53,800","55,900","53,800","54,500","-1,100",-2.00,5.53,301.46,0.14,7.68,5.67,309.13,"102,278.04"
2126,27/02/2018,VRE,"55,000","55,200","54,900","56,800","53,800","55,147",-100,-0.18,3.10,170.81,2.00,110.00,5.10,280.81,"104,369.22"
2127,26/02/2018,VRE,"51,600","54,000","55,000","55,200","52,700","54,582","3,400",6.59,5.38,293.52,0.55,30.31,5.93,323.83,"104,559.33"
2128,23/02/2018,VRE,"49,900","50,000","51,600","51,600","49,800","50,807","1,700",3.41,3.43,174.27,0.00,0.00,3.43,174.27,"98,095.66"
2129,22/02/2018,VRE,"49,500","49,000","49,900","49,900","49,000","49,546",400,0.81,3.58,177.16,1.00,49.54,4.58,226.70,"94,863.83"
2130,21/02/2018,VRE,"48,050","50,000","49,500","50,000","48,700","49,459","1,450",3.02,2.93,144.82,0.75,37.04,3.67,181.86,"94,103.40"
2131,13/02/2018,VRE,"47,750","47,900","48,050","48,200","47,700","47,951",300,0.63,3.31,158.52,3.46,165.49,6.77,324.01,"91,346.83"
2132,12/02/2018,VRE,"47,750","47,900","47,750","48,450","45,500","46,999",0,0.00,3.85,180.75,0.00,0.00,3.85,180.75,"90,776.51"
2133,09/02/2018,VRE,"49,000","45,800","47,750","47,750","45,600","46,751","-1,250",-2.55,3.22,150.34,10.76,513.79,13.98,664.13,"90,776.51"
2134,08/02/2018,VRE,"51,000","50,000","49,000","51,500","49,000","49,941","-2,000",-3.92,1.06,53.04,0.60,30.16,1.66,83.20,"93,152.86"
2135,07/02/2018,VRE,"47,750","50,400","51,000","51,000","49,100","50,658","3,250",6.81,3.21,162.76,0.00,0.00,3.21,162.76,"96,955.02"
2136,06/02/2018,VRE,"51,300","47,750","47,750","51,000","47,750","47,797","-3,550",-6.92,9.07,433.58,94.50,"4,512.38",103.57,"4,945.95","90,776.51"
2137,05/02/2018,VRE,"55,100","54,000","51,300","54,500","51,300","52,239","-3,800",-6.90,3.14,164.18,0.28,15.01,3.42,179.19,"97,525.34"
2138,02/02/2018,VRE,"55,000","54,900","55,100","55,100","54,400","54,815",100,0.18,1.38,75.42,0.86,47.08,2.23,122.50,"104,749.44"
2139,01/02/2018,VRE,"55,400","55,500","55,000","55,500","53,000","54,058",-400,-0.72,3.91,211.52,0.00,0.00,3.91,211.52,"104,559.33"
2140,31/01/2018,VRE,"55,200","55,900","55,400","58,700","55,400","56,409",200,0.36,6.25,352.64,0.00,0.00,6.25,352.64,"105,319.76"
2141,30/01/2018,VRE,"55,000","55,000","55,200","56,300","54,500","55,192",200,0.36,2.95,162.87,0.12,6.76,3.07,169.63,"104,939.55"
2142,29/01/2018,VRE,"55,000","56,900","55,000","57,900","54,900","55,836",0,0.00,4.39,245.17,0.00,0.00,4.39,245.17,"104,559.33"
2143,26/01/2018,VRE,"56,000","57,000","55,000","58,500","55,000","56,312","-1,000",-1.79,4.62,260.13,2.00,105.00,6.62,365.13,"104,559.33"
2144,25/01/2018,VRE,"59,500","59,000","56,000","61,400","56,000","59,442","-3,500",-5.88,7.11,422.37,0.69,40.95,7.79,463.32,"106,460.41"
2145,22/01/2018,VRE,"61,000","60,100","59,500","61,000","58,500","59,563","1,500",2.46,3.75,223.30,2.54,149.86,6.29,373.16,"113,114.18"
2146,19/01/2018,VRE,"57,500","58,700","61,000","61,500","58,500","60,595","3,500",6.09,3.43,207.62,0.00,0.00,3.43,207.62,"115,965.80"
2147,18/01/2018,VRE,"55,000","54,600","57,500","58,800","54,500","56,395","2,500",4.55,3.00,169.15,0.40,22.56,3.40,191.71,"109,312.03"
2148,17/01/2018,VRE,"53,900","55,000","55,000","57,300","54,000","55,640","1,100",2.04,3.46,192.48,1.62,89.76,5.08,282.24,"104,559.33"
2149,16/01/2018,VRE,"54,600","53,900","53,900","54,900","53,800","54,322",-700,-1.28,2.44,132.57,1.00,54.00,3.44,186.57,"102,468.14"
2150,15/01/2018,VRE,"55,000","55,000","54,600","55,600","53,700","54,962",-400,-0.73,2.87,157.97,2.12,114.02,5.00,271.99,"103,798.90"
2151,12/01/2018,VRE,"51,900","55,000","55,000","55,500","52,100","54,532","3,100",5.97,4.59,250.19,0.02,1.06,4.61,251.25,"104,559.33"
2152,11/01/2018,VRE,"49,800","49,700","51,900","52,200","49,000","51,478","2,100",4.22,2.68,137.76,0.11,5.70,2.79,143.46,"98,665.99"
2153,10/01/2018,VRE,"47,000","47,000","49,800","50,200","47,000","49,019","2,800",5.96,3.02,147.98,0.05,2.38,3.07,150.36,"94,673.72"
2154,09/01/2018,VRE,"46,400","46,500","47,000","47,300","46,400","46,919",600,1.29,1.95,91.26,0.24,11.26,2.19,102.52,"89,350.70"
2155,08/01/2018,VRE,"47,000","47,000","46,400","47,150","46,200","46,509",-600,-1.28,1.71,79.44,0.20,9.30,1.91,88.74,"88,210.05"
2156,05/01/2018,VRE,"47,200","47,200","47,000","47,500","46,950","47,134",-200,-0.42,1.66,78.46,0.50,23.58,2.16,102.03,"89,350.70"
2157,04/01/2018,VRE,"47,400","47,850","47,200","48,000","46,900","47,373",-200,-0.42,0.94,44.31,1.00,47.33,1.94,91.64,"89,730.92"
2158,03/01/2018,VRE,"47,350","47,500","47,400","48,450","47,400","47,970",50,0.11,1.66,79.80,0.25,11.83,1.91,91.63,"90,111.13"
2159,02/01/2018,VRE,"47,150","47,100","47,350","47,700","47,100","47,414",200,0.42,0.60,28.27,0.56,26.56,1.16,54.83,"90,016.08"
